date,time,season_id,season_name,season_year,comp,round,day,venue,result,gf,ga,opponent,poss,attendance,captain,formation,opp_formation,referee,match_report,notes,team,table_side,xg,xga,big_chances,big_chances_allowed,big_chances_scored,big_chances_scored_allowed,big_chances_missed,big_chances_missed_allowed,corner_kicks,corner_kicks_allowed,fouls,fouls_allowed,passes,passes_allowed,accurate_passes,accurate_passes_allowed,tackles,tackles_allowed,free_kicks,free_kicks_allowed,offsides,offsides_allowed,yellow_cards,yellow_cards_allowed,red_cards,red_cards_allowed,goalkeeper_saves,goalkeeper_saves_allowed,blocked_shots,blocked_shots_allowed,shots_off_target,shots_off_target_allowed,shots_inside_box,shots_inside_box_allowed,shots_outside_box,shots_outside_box_allowed,through_balls,through_balls_allowed,touches_in_box,touches_in_box_allowed,accurate_long_balls,accurate_long_balls_allowed,accurate_crosses,accurate_crosses_allowed,duel_win_pct,duel_win_pct_allowed,dispossessed,dispossessed_allowed,ground_duels_won,ground_duels_won_allowed,aerial_duels_won,aerial_duels_won_allowed,successful_dribbles,successful_dribbles_allowed,interceptions,interceptions_allowed,clearances,clearances_allowed,errors_lead_to_shot,errors_lead_to_shot_allowed,high_claims,high_claims_allowed,goal_kicks,goal_kicks_allowed,pass_accuracy_pct,pass_accuracy_pct_allowed,xg_per_sh,xg_per_sh_allowed,sot_per_sh,sot_per_sh_allowed,goals_minus_xg,goals_minus_xg_allowed,save_pct,save_pct_allowed
2025-08-15,16:00,76986,Premier League 25/26,25/26,Premier League,Matchweek 1,Fri,Home,W,4.0,2.0,Bournemouth,61.0,,,,,,https://www.sofascore.com/bournemouth-liverpool/Uskb,Ended,Liverpool FC,for,2.21,1.7,3.0,3.0,1.0,1.0,2.0,2.0,6.0,7.0,7.0,10.0,489.0,299.0,401.0,209.0,16.0,20.0,10.0,7.0,2.0,2.0,1.0,2.0,0.0,0.0,1.0,6.0,2.0,3.0,7.0,4.0,15.0,8.0,4.0,2.0,0.0,0.0,36.0,28.0,29.0,24.0,5.0,5.0,55.0,45.0,11.0,5.0,34.0,34.0,29.0,18.0,8.0,8.0,4.0,11.0,41.0,45.0,0.0,0.0,1.0,2.0,4.0,11.0,82.0,69.9,0.116,0.17,0.526,0.3,1.79,0.3,33.3,60.0
2025-08-15,16:00,76986,Premier League 25/26,25/26,Premier League,Matchweek 1,Fri,Away,L,2.0,4.0,Liverpool FC,39.0,,,,,,https://www.sofascore.com/bournemouth-liverpool/Uskb,Ended,Bournemouth,for,1.7,2.21,3.0,3.0,1.0,1.0,2.0,2.0,7.0,6.0,10.0,7.0,299.0,489.0,209.0,401.0,20.0,16.0,7.0,10.0,2.0,2.0,2.0,1.0,0.0,0.0,6.0,1.0,3.0,2.0,4.0,7.0,8.0,15.0,2.0,4.0,0.0,0.0,28.0,36.0,24.0,29.0,5.0,5.0,45.0,55.0,5.0,11.0,34.0,34.0,18.0,29.0,8.0,8.0,11.0,4.0,45.0,41.0,0.0,0.0,2.0,1.0,11.0,4.0,69.9,82.0,0.17,0.116,0.3,0.526,0.3,1.79,60.0,33.3
2025-08-16,08:30,76986,Premier League 25/26,25/26,Premier League,Matchweek 1,Sat,Home,D,0.0,0.0,Newcastle United,40.0,,,,,,https://www.sofascore.com/aston-villa-newcastle-united/OP,Ended,Aston Villa,for,0.2,1.43,1.0,2.0,0.0,0.0,1.0,2.0,3.0,6.0,13.0,11.0,310.0,451.0,227.0,376.0,11.0,10.0,11.0,13.0,2.0,1.0,1.0,1.0,1.0,0.0,3.0,3.0,0.0,7.0,0.0,6.0,3.0,9.0,0.0,7.0,0.0,1.0,14.0,33.0,17.0,21.0,3.0,6.0,48.0,52.0,4.0,3.0,30.0,23.0,10.0,20.0,9.0,2.0,10.0,12.0,20.0,22.0,0.0,0.0,3.0,3.0,14.0,3.0,73.2,83.4,0.067,0.089,1.0,0.188,-0.2,-1.43,100.0,100.0
2025-08-16,08:30,76986,Premier League 25/26,25/26,Premier League,Matchweek 1,Sat,Away,D,0.0,0.0,Aston Villa,60.0,,,,,,https://www.sofascore.com/aston-villa-newcastle-united/OP,Ended,Newcastle United,for,1.43,0.2,2.0,1.0,0.0,0.0,2.0,1.0,6.0,3.0,11.0,13.0,451.0,310.0,376.0,227.0,10.0,11.0,13.0,11.0,1.0,2.0,1.0,1.0,0.0,1.0,3.0,3.0,7.0,0.0,6.0,0.0,9.0,3.0,7.0,0.0,1.0,0.0,33.0,14.0,21.0,17.0,6.0,3.0,52.0,48.0,3.0,4.0,23.0,30.0,20.0,10.0,2.0,9.0,12.0,10.0,22.0,20.0,0.0,0.0,3.0,3.0,3.0,14.0,83.4,73.2,0.089,0.067,0.188,1.0,-1.43,-0.2,100.0,100.0
2025-08-16,11:00,76986,Premier League 25/26,25/26,Premier League,Matchweek 1,Sat,Home,W,3.0,0.0,Burnley,67.0,,,,,,https://www.sofascore.com/tottenham-hotspur-burnley/gsI,Ended,Tottenham Hotspur,for,2.32,0.94,2.0,0.0,1.0,0.0,1.0,0.0,6.0,5.0,14.0,8.0,511.0,246.0,451.0,181.0,12.0,6.0,8.0,14.0,0.0,4.0,0.0,0.0,0.0,0.0,4.0,3.0,1.0,3.0,9.0,7.0,12.0,7.0,4.0,7.0,1.0,1.0,26.0,25.0,20.0,18.0,8.0,3.0,51.0,49.0,3.0,9.0,30.0,27.0,17.0,18.0,11.0,7.0,1.0,7.0,26.0,25.0,1.0,0.0,0.0,3.0,9.0,13.0,88.3,73.6,0.145,0.067,0.375,0.286,0.68,-0.94,100.0,50.0
2025-08-16,11:00,76986,Premier League 25/26,25/26,Premier League,Matchweek 1,Sat,Away,L,0.0,3.0,Tottenham Hotspur,33.0,,,,,,https://www.sofascore.com/tottenham-hotspur-burnley/gsI,Ended,Burnley,for,0.94,2.32,0.0,2.0,0.0,1.0,0.0,1.0,5.0,6.0,8.0,14.0,246.0,511.0,181.0,451.0,6.0,12.0,14.0,8.0,4.0,0.0,0.0,0.0,0.0,0.0,3.0,4.0,3.0,1.0,7.0,9.0,7.0,12.0,7.0,4.0,1.0,1.0,25.0,26.0,18.0,20.0,3.0,8.0,49.0,51.0,9.0,3.0,27.0,30.0,18.0,17.0,7.0,11.0,7.0,1.0,25.0,26.0,0.0,1.0,3.0,0.0,13.0,9.0,73.6,88.3,0.067,0.145,0.286,0.375,-0.94,0.68,50.0,100.0
2025-08-16,11:00,76986,Premier League 25/26,25/26,Premier League,Matchweek 1,Sat,Home,D,1.0,1.0,Fulham,50.0,,,,,,https://www.sofascore.com/fulham-brighton-and-hove-albion/FsT,Ended,Brighton,for,1.48,0.76,2.0,1.0,1.0,1.0,1.0,0.0,4.0,3.0,16.0,15.0,427.0,423.0,374.0,349.0,19.0,15.0,14.0,16.0,3.0,2.0,3.0,3.0,0.0,0.0,1.0,3.0,1.0,1.0,5.0,4.0,6.0,5.0,4.0,2.0,0.0,0.0,25.0,19.0,28.0,29.0,4.0,3.0,54.0,46.0,8.0,11.0,37.0,34.0,14.0,10.0,4.0,5.0,9.0,2.0,27.0,15.0,0.0,1.0,1.0,2.0,8.0,10.0,87.6,82.5,0.148,0.109,0.4,0.286,-0.48,0.24,50.0,75.0
2025-08-16,11:00,76986,Premier League 25/26,25/26,Premier League,Matchweek 1,Sat,Away,D,1.0,1.0,Brighton,50.0,,,,,,https://www.sofascore.com/fulham-brighton-and-hove-albion/FsT,Ended,Fulham,for,0.76,1.48,1.0,2.0,1.0,1.0,0.0,1.0,3.0,4.0,15.0,16.0,423.0,427.0,349.0,374.0,15.0,19.0,16.0,14.0,2.0,3.0,3.0,3.0,0.0,0.0,3.0,1.0,1.0,1.0,4.0,5.0,5.0,6.0,2.0,4.0,0.0,0.0,19.0,25.0,29.0,28.0,3.0,4.0,46.0,54.0,11.0,8.0,34.0,37.0,10.0,14.0,5.0,4.0,2.0,9.0,15.0,27.0,1.0,0.0,2.0,1.0,10.0,8.0,82.5,87.6,0.109,0.148,0.286,0.4,0.24,-0.48,75.0,50.0
2025-08-16,11:00,76986,Premier League 25/26,25/26,Premier League,Matchweek 1,Sat,Home,W,3.0,0.0,West Ham United,37.0,,,,,,https://www.sofascore.com/sunderland-west-ham-united/MsQ,Ended,Sunderland,for,0.75,0.56,2.0,0.0,0.0,0.0,2.0,0.0,5.0,7.0,8.0,10.0,323.0,550.0,250.0,468.0,14.0,12.0,10.0,8.0,0.0,0.0,0.0,1.0,0.0,0.0,4.0,2.0,1.0,6.0,4.0,2.0,9.0,7.0,1.0,5.0,0.0,0.0,15.0,28.0,18.0,26.0,5.0,5.0,48.0,52.0,6.0,6.0,24.0,27.0,18.0,19.0,1.0,7.0,9.0,4.0,32.0,16.0,1.0,0.0,1.0,1.0,6.0,6.0,77.4,85.1,0.075,0.047,0.5,0.333,2.25,-0.56,100.0,40.0
2025-08-16,11:00,76986,Premier League 25/26,25/26,Premier League,Matchweek 1,Sat,Away,L,0.0,3.0,Sunderland,63.0,,,,,,https://www.sofascore.com/sunderland-west-ham-united/MsQ,Ended,West Ham United,for,0.56,0.75,0.0,2.0,0.0,0.0,0.0,2.0,7.0,5.0,10.0,8.0,550.0,323.0,468.0,250.0,12.0,14.0,8.0,10.0,0.0,0.0,1.0,0.0,0.0,0.0,2.0,4.0,6.0,1.0,2.0,4.0,7.0,9.0,5.0,1.0,0.0,0.0,28.0,15.0,26.0,18.0,5.0,5.0,52.0,48.0,6.0,6.0,27.0,24.0,19.0,18.0,7.0,1.0,4.0,9.0,16.0,32.0,0.0,1.0,1.0,1.0,6.0,6.0,85.1,77.4,0.047,0.075,0.333,0.5,-0.56,2.25,40.0,100.0
2025-08-16,13:30,76986,Premier League 25/26,25/26,Premier League,Matchweek 1,Sat,Home,L,0.0,4.0,Manchester City,42.0,,,,,,https://www.sofascore.com/manchester-city-wolverhampton/dsr,Ended,Wolves,for,0.56,2.47,0.0,3.0,0.0,1.0,0.0,2.0,4.0,5.0,13.0,7.0,394.0,563.0,326.0,510.0,25.0,18.0,7.0,13.0,4.0,0.0,1.0,2.0,0.0,0.0,0.0,3.0,3.0,4.0,3.0,7.0,6.0,8.0,3.0,7.0,1.0,1.0,19.0,28.0,24.0,13.0,4.0,6.0,43.0,57.0,14.0,14.0,37.0,45.0,5.0,10.0,5.0,14.0,6.0,7.0,20.0,22.0,0.0,2.0,1.0,1.0,9.0,3.0,82.7,90.6,0.062,0.165,0.333,0.267,-0.56,1.53,0.0,100.0
2025-08-16,13:30,76986,Premier League 25/26,25/26,Premier League,Matchweek 1,Sat,Away,W,4.0,0.0,Wolves,58.0,,,,,,https://www.sofascore.com/manchester-city-wolverhampton/dsr,Ended,Manchester City,for,2.47,0.56,3.0,0.0,1.0,0.0,2.0,0.0,5.0,4.0,7.0,13.0,563.0,394.0,510.0,326.0,18.0,25.0,13.0,7.0,0.0,4.0,2.0,1.0,0.0,0.0,3.0,0.0,4.0,3.0,7.0,3.0,8.0,6.0,7.0,3.0,1.0,1.0,28.0,19.0,13.0,24.0,6.0,4.0,57.0,43.0,14.0,14.0,45.0,37.0,10.0,5.0,14.0,5.0,7.0,6.0,22.0,20.0,2.0,0.0,1.0,1.0,3.0,9.0,90.6,82.7,0.165,0.062,0.267,0.333,1.53,-0.56,100.0,0.0
2025-08-17,10:00,76986,Premier League 25/26,25/26,Premier League,Matchweek 1,Sun,Home,D,0.0,0.0,Crystal Palace,72.0,,,,,,https://www.sofascore.com/chelsea-crystal-palace/hN,Ended,Chelsea,for,1.6,0.66,2.0,1.0,0.0,0.0,2.0,1.0,11.0,2.0,10.0,12.0,568.0,226.0,510.0,168.0,13.0,16.0,12.0,10.0,0.0,0.0,2.0,3.0,0.0,0.0,4.0,2.0,9.0,4.0,7.0,3.0,11.0,4.0,8.0,7.0,1.0,0.0,31.0,8.0,21.0,18.0,6.0,0.0,53.0,47.0,4.0,11.0,35.0,31.0,17.0,16.0,12.0,5.0,11.0,7.0,19.0,41.0,1.0,1.0,0.0,0.0,7.0,14.0,89.8,74.3,0.084,0.06,0.158,0.364,-1.6,-0.66,100.0,66.7
2025-08-17,10:00,76986,Premier League 25/26,25/26,Premier League,Matchweek 1,Sun,Away,D,0.0,0.0,Chelsea,28.0,,,,,,https://www.sofascore.com/chelsea-crystal-palace/hN,Ended,Crystal Palace,for,0.66,1.6,1.0,2.0,0.0,0.0,1.0,2.0,2.0,11.0,12.0,10.0,226.0,568.0,168.0,510.0,16.0,13.0,10.0,12.0,0.0,0.0,3.0,2.0,0.0,0.0,2.0,4.0,4.0,9.0,3.0,7.0,4.0,11.0,7.0,8.0,0.0,1.0,8.0,31.0,18.0,21.0,0.0,6.0,47.0,53.0,11.0,4.0,31.0,35.0,16.0,17.0,5.0,12.0,7.0,11.0,41.0,19.0,1.0,1.0,0.0,0.0,14.0,7.0,74.3,89.8,0.06,0.084,0.364,0.158,-0.66,-1.6,66.7,100.0
2025-08-17,10:00,76986,Premier League 25/26,25/26,Premier League,Matchweek 1,Sun,Home,W,3.0,1.0,Brentford,54.0,,,,,,https://www.sofascore.com/brentford-nottingham-forest/osab,Ended,Nottingham Forest,for,1.83,1.49,4.0,1.0,2.0,1.0,2.0,0.0,5.0,5.0,7.0,15.0,417.0,346.0,343.0,271.0,12.0,20.0,15.0,6.0,2.0,0.0,1.0,2.0,0.0,0.0,2.0,2.0,2.0,3.0,4.0,4.0,6.0,7.0,5.0,3.0,2.0,0.0,25.0,19.0,18.0,14.0,5.0,3.0,52.0,48.0,14.0,5.0,33.0,32.0,20.0,16.0,9.0,7.0,9.0,5.0,24.0,27.0,2.0,0.0,2.0,0.0,6.0,5.0,82.3,78.3,0.166,0.149,0.455,0.3,1.17,-0.49,66.7,40.0
2025-08-17,10:00,76986,Premier League 25/26,25/26,Premier League,Matchweek 1,Sun,Away,L,1.0,3.0,Nottingham Forest,46.0,,,,,,https://www.sofascore.com/brentford-nottingham-forest/osab,Ended,Brentford,for,1.49,1.83,1.0,4.0,1.0,2.0,0.0,2.0,5.0,5.0,15.0,7.0,346.0,417.0,271.0,343.0,20.0,12.0,6.0,15.0,0.0,2.0,2.0,1.0,0.0,0.0,2.0,2.0,3.0,2.0,4.0,4.0,7.0,6.0,3.0,5.0,0.0,2.0,19.0,25.0,14.0,18.0,3.0,5.0,48.0,52.0,5.0,14.0,32.0,33.0,16.0,20.0,7.0,9.0,5.0,9.0,27.0,24.0,0.0,2.0,0.0,2.0,5.0,6.0,78.3,82.3,0.149,0.166,0.3,0.455,-0.49,1.17,40.0,66.7
2025-08-17,12:30,76986,Premier League 25/26,25/26,Premier League,Matchweek 1,Sun,Home,L,0.0,1.0,Arsenal,61.0,,,,,,https://www.sofascore.com/arsenal-manchester-united/KR,Ended,Manchester Utd,for,1.52,1.31,0.0,1.0,0.0,1.0,0.0,0.0,3.0,4.0,10.0,19.0,475.0,294.0,393.0,219.0,22.0,18.0,19.0,10.0,1.0,2.0,1.0,4.0,0.0,0.0,2.0,7.0,8.0,3.0,7.0,3.0,15.0,5.0,7.0,4.0,2.0,1.0,36.0,20.0,41.0,20.0,3.0,2.0,57.0,43.0,14.0,6.0,47.0,37.0,23.0,16.0,9.0,9.0,4.0,4.0,23.0,30.0,0.0,0.0,1.0,2.0,5.0,9.0,82.7,74.5,0.069,0.146,0.318,0.333,-1.52,-0.31,66.7,100.0
2025-08-17,12:30,76986,Premier League 25/26,25/26,Premier League,Matchweek 1,Sun,Away,W,1.0,0.0,Manchester Utd,39.0,,,,,,https://www.sofascore.com/arsenal-manchester-united/KR,Ended,Arsenal,for,1.31,1.52,1.0,0.0,1.0,0.0,0.0,0.0,4.0,3.0,19.0,10.0,294.0,475.0,219.0,393.0,18.0,22.0,10.0,19.0,2.0,1.0,4.0,1.0,0.0,0.0,7.0,2.0,3.0,8.0,3.0,7.0,5.0,15.0,4.0,7.0,1.0,2.0,20.0,36.0,20.0,41.0,2.0,3.0,43.0,57.0,6.0,14.0,37.0,47.0,16.0,23.0,9.0,9.0,4.0,4.0,30.0,23.0,0.0,0.0,2.0,1.0,9.0,5.0,74.5,82.7,0.146,0.069,0.333,0.318,-0.31,-1.52,100.0,66.7
2025-08-18,16:00,76986,Premier League 25/26,25/26,Premier League,Matchweek 1,Mon,Home,W,1.0,0.0,Everton,54.0,,,,,,https://www.sofascore.com/everton-leeds-united/JsY,Ended,Leeds United,for,2.13,0.8,3.0,1.0,1.0,0.0,2.0,1.0,7.0,2.0,6.0,8.0,481.0,411.0,401.0,324.0,15.0,16.0,7.0,6.0,1.0,2.0,0.0,2.0,0.0,0.0,1.0,2.0,11.0,3.0,7.0,3.0,12.0,5.0,9.0,2.0,0.0,0.0,28.0,14.0,25.0,18.0,7.0,4.0,49.0,51.0,7.0,3.0,27.0,28.0,18.0,19.0,6.0,6.0,9.0,2.0,30.0,31.0,0.0,2.0,1.0,1.0,4.0,13.0,83.4,78.8,0.101,0.114,0.143,0.143,-1.13,-0.8,100.0,66.7
2025-08-18,16:00,76986,Premier League 25/26,25/26,Premier League,Matchweek 1,Mon,Away,L,0.0,1.0,Leeds United,46.0,,,,,,https://www.sofascore.com/everton-leeds-united/JsY,Ended,Everton,for,0.8,2.13,1.0,3.0,0.0,1.0,1.0,2.0,2.0,7.0,8.0,6.0,411.0,481.0,324.0,401.0,16.0,15.0,6.0,7.0,2.0,1.0,2.0,0.0,0.0,0.0,2.0,1.0,3.0,11.0,3.0,7.0,5.0,12.0,2.0,9.0,0.0,0.0,14.0,28.0,18.0,25.0,4.0,7.0,51.0,49.0,3.0,7.0,28.0,27.0,19.0,18.0,6.0,6.0,2.0,9.0,31.0,30.0,2.0,0.0,1.0,1.0,13.0,4.0,78.8,83.4,0.114,0.101,0.143,0.143,-0.8,-1.13,66.7,100.0
2025-08-22,16:00,76986,Premier League 25/26,25/26,Premier League,Matchweek 2,Fri,Home,L,1.0,5.0,Chelsea,41.0,,,,,,https://www.sofascore.com/chelsea-west-ham-united/MsN,Ended,West Ham United,for,0.73,2.74,1.0,7.0,0.0,5.0,1.0,2.0,7.0,5.0,7.0,10.0,392.0,577.0,339.0,505.0,11.0,19.0,10.0,7.0,4.0,2.0,0.0,1.0,0.0,0.0,2.0,3.0,3.0,1.0,5.0,4.0,9.0,10.0,3.0,2.0,0.0,1.0,19.0,26.0,15.0,17.0,7.0,3.0,46.0,54.0,9.0,7.0,25.0,30.0,14.0,15.0,5.0,4.0,7.0,4.0,29.0,17.0,1.0,0.0,1.0,1.0,4.0,7.0,86.5,87.5,0.061,0.228,0.333,0.583,0.27,2.26,28.6,75.0
2025-08-22,16:00,76986,Premier League 25/26,25/26,Premier League,Matchweek 2,Fri,Away,W,5.0,1.0,West Ham United,59.0,,,,,,https://www.sofascore.com/chelsea-west-ham-united/MsN,Ended,Chelsea,for,2.74,0.73,7.0,1.0,5.0,0.0,2.0,1.0,5.0,7.0,10.0,7.0,577.0,392.0,505.0,339.0,19.0,11.0,7.0,10.0,2.0,4.0,1.0,0.0,0.0,0.0,3.0,2.0,1.0,3.0,4.0,5.0,10.0,9.0,2.0,3.0,1.0,0.0,26.0,19.0,17.0,15.0,3.0,7.0,54.0,46.0,7.0,9.0,30.0,25.0,15.0,14.0,4.0,5.0,4.0,7.0,17.0,29.0,0.0,1.0,1.0,1.0,7.0,4.0,87.5,86.5,0.228,0.061,0.583,0.333,2.26,0.27,75.0,28.6
2025-08-23,08:30,76986,Premier League 25/26,25/26,Premier League,Matchweek 2,Sat,Home,L,0.0,2.0,Tottenham Hotspur,61.0,,,,,,https://www.sofascore.com/tottenham-hotspur-manchester-city/rI,Ended,Manchester City,for,1.55,1.11,2.0,3.0,0.0,2.0,2.0,1.0,7.0,2.0,7.0,12.0,525.0,331.0,456.0,259.0,20.0,24.0,12.0,7.0,0.0,1.0,1.0,4.0,0.0,0.0,3.0,4.0,3.0,2.0,3.0,5.0,6.0,10.0,4.0,2.0,1.0,0.0,34.0,26.0,15.0,20.0,5.0,4.0,52.0,48.0,16.0,5.0,39.0,39.0,12.0,8.0,7.0,8.0,6.0,7.0,23.0,25.0,1.0,1.0,0.0,0.0,10.0,11.0,86.9,78.2,0.155,0.093,0.4,0.417,-1.55,0.89,60.0,100.0
2025-08-23,08:30,76986,Premier League 25/26,25/26,Premier League,Matchweek 2,Sat,Away,W,2.0,0.0,Manchester City,39.0,,,,,,https://www.sofascore.com/tottenham-hotspur-manchester-city/rI,Ended,Tottenham Hotspur,for,1.11,1.55,3.0,2.0,2.0,0.0,1.0,2.0,2.0,7.0,12.0,7.0,331.0,525.0,259.0,456.0,24.0,20.0,7.0,12.0,1.0,0.0,4.0,1.0,0.0,0.0,4.0,3.0,2.0,3.0,5.0,3.0,10.0,6.0,2.0,4.0,0.0,1.0,26.0,34.0,20.0,15.0,4.0,5.0,48.0,52.0,5.0,16.0,39.0,39.0,8.0,12.0,8.0,7.0,7.0,6.0,25.0,23.0,1.0,1.0,0.0,0.0,11.0,10.0,78.2,86.9,0.093,0.155,0.417,0.4,0.89,-1.55,100.0,60.0
2025-08-23,11:00,76986,Premier League 25/26,25/26,Premier League,Matchweek 2,Sat,Home,W,1.0,0.0,Aston Villa,24.0,,,,,,https://www.sofascore.com/brentford-aston-villa/Psab,Ended,Brentford,for,1.21,1.19,2.0,1.0,1.0,0.0,1.0,1.0,2.0,9.0,11.0,9.0,178.0,587.0,128.0,514.0,28.0,14.0,9.0,11.0,1.0,0.0,1.0,2.0,0.0,0.0,2.0,1.0,3.0,8.0,4.0,7.0,8.0,12.0,1.0,5.0,1.0,1.0,25.0,43.0,23.0,25.0,5.0,4.0,54.0,46.0,7.0,12.0,45.0,31.0,17.0,21.0,8.0,8.0,11.0,6.0,45.0,12.0,0.0,0.0,1.0,0.0,7.0,10.0,71.9,87.6,0.134,0.07,0.222,0.118,-0.21,-1.19,100.0,50.0
2025-08-23,11:00,76986,Premier League 25/26,25/26,Premier League,Matchweek 2,Sat,Away,L,0.0,1.0,Brentford,76.0,,,,,,https://www.sofascore.com/brentford-aston-villa/Psab,Ended,Aston Villa,for,1.19,1.21,1.0,2.0,0.0,1.0,1.0,1.0,9.0,2.0,9.0,11.0,587.0,178.0,514.0,128.0,14.0,28.0,11.0,9.0,0.0,1.0,2.0,1.0,0.0,0.0,1.0,2.0,8.0,3.0,7.0,4.0,12.0,8.0,5.0,1.0,1.0,1.0,43.0,25.0,25.0,23.0,4.0,5.0,46.0,54.0,12.0,7.0,31.0,45.0,21.0,17.0,8.0,8.0,6.0,11.0,12.0,45.0,0.0,0.0,0.0,1.0,10.0,7.0,87.6,71.9,0.07,0.134,0.118,0.222,-1.19,-0.21,50.0,100.0
2025-08-23,11:00,76986,Premier League 25/26,25/26,Premier League,Matchweek 2,Sat,Home,W,1.0,0.0,Wolves,59.0,,,,,,https://www.sofascore.com/bournemouth-wolverhampton/dskb,Ended,Bournemouth,for,1.29,0.46,2.0,0.0,0.0,0.0,2.0,0.0,8.0,3.0,13.0,16.0,447.0,307.0,387.0,225.0,12.0,21.0,16.0,13.0,2.0,2.0,2.0,4.0,0.0,1.0,1.0,3.0,5.0,2.0,5.0,3.0,8.0,3.0,6.0,3.0,1.0,0.0,30.0,14.0,23.0,29.0,3.0,5.0,41.0,59.0,9.0,9.0,37.0,39.0,8.0,25.0,10.0,5.0,6.0,9.0,32.0,30.0,0.0,0.0,1.0,2.0,7.0,6.0,86.6,73.3,0.092,0.077,0.286,0.167,-0.29,-0.46,100.0,75.0
2025-08-23,11:00,76986,Premier League 25/26,25/26,Premier League,Matchweek 2,Sat,Away,L,0.0,1.0,Bournemouth,41.0,,,,,,https://www.sofascore.com/bournemouth-wolverhampton/dskb,Ended,Wolves,for,0.46,1.29,0.0,2.0,0.0,0.0,0.0,2.0,3.0,8.0,16.0,13.0,307.0,447.0,225.0,387.0,21.0,12.0,13.0,16.0,2.0,2.0,4.0,2.0,1.0,0.0,3.0,1.0,2.0,5.0,3.0,5.0,3.0,8.0,3.0,6.0,0.0,1.0,14.0,30.0,29.0,23.0,5.0,3.0,59.0,41.0,9.0,9.0,39.0,37.0,25.0,8.0,5.0,10.0,9.0,6.0,30.0,32.0,0.0,0.0,2.0,1.0,6.0,7.0,73.3,86.6,0.077,0.092,0.167,0.286,-0.46,-0.29,75.0,100.0
2025-08-23,11:00,76986,Premier League 25/26,25/26,Premier League,Matchweek 2,Sat,Home,W,2.0,0.0,Sunderland,42.0,,,,,,https://www.sofascore.com/sunderland-burnley/gsQ,Ended,Burnley,for,1.0,0.77,2.0,2.0,1.0,0.0,1.0,2.0,4.0,3.0,9.0,5.0,442.0,616.0,356.0,530.0,22.0,18.0,5.0,9.0,0.0,2.0,0.0,1.0,0.0,0.0,1.0,0.0,1.0,5.0,4.0,3.0,4.0,6.0,3.0,3.0,1.0,1.0,17.0,17.0,15.0,16.0,4.0,5.0,48.0,52.0,10.0,15.0,30.0,29.0,15.0,19.0,3.0,2.0,7.0,7.0,29.0,27.0,0.0,0.0,1.0,1.0,10.0,8.0,80.5,86.0,0.143,0.086,0.286,0.111,1.0,-0.77,100.0,0.0
2025-08-23,11:00,76986,Premier League 25/26,25/26,Premier League,Matchweek 2,Sat,Away,L,0.0,2.0,Burnley,58.0,,,,,,https://www.sofascore.com/sunderland-burnley/gsQ,Ended,Sunderland,for,0.77,1.0,2.0,2.0,0.0,1.0,2.0,1.0,3.0,4.0,5.0,9.0,616.0,442.0,530.0,356.0,18.0,22.0,9.0,5.0,2.0,0.0,1.0,0.0,0.0,0.0,0.0,1.0,5.0,1.0,3.0,4.0,6.0,4.0,3.0,3.0,1.0,1.0,17.0,17.0,16.0,15.0,5.0,4.0,52.0,48.0,15.0,10.0,29.0,30.0,19.0,15.0,2.0,3.0,7.0,7.0,27.0,29.0,0.0,0.0,1.0,1.0,8.0,10.0,86.0,80.5,0.086,0.143,0.111,0.286,-0.77,1.0,0.0,100.0
2025-08-23,13:30,76986,Premier League 25/26,25/26,Premier League,Matchweek 2,Sat,Home,W,5.0,0.0,Leeds United,68.0,,,,,,https://www.sofascore.com/arsenal-leeds-united/JsR,Ended,Arsenal,for,2.88,0.17,3.0,0.0,2.0,0.0,1.0,0.0,2.0,2.0,8.0,11.0,599.0,290.0,549.0,219.0,12.0,18.0,10.0,8.0,0.0,0.0,0.0,2.0,0.0,0.0,1.0,0.0,4.0,2.0,9.0,0.0,13.0,2.0,5.0,1.0,1.0,0.0,34.0,6.0,24.0,13.0,8.0,1.0,58.0,42.0,6.0,5.0,34.0,30.0,13.0,4.0,12.0,4.0,5.0,6.0,7.0,20.0,0.0,1.0,0.0,0.0,2.0,12.0,91.7,75.5,0.16,0.057,0.278,0.333,2.12,-0.17,100.0,0.0
2025-08-23,13:30,76986,Premier League 25/26,25/26,Premier League,Matchweek 2,Sat,Away,L,0.0,5.0,Arsenal,32.0,,,,,,https://www.sofascore.com/arsenal-leeds-united/JsR,Ended,Leeds United,for,0.17,2.88,0.0,3.0,0.0,2.0,0.0,1.0,2.0,2.0,11.0,8.0,290.0,599.0,219.0,549.0,18.0,12.0,8.0,10.0,0.0,0.0,2.0,0.0,0.0,0.0,0.0,1.0,2.0,4.0,0.0,9.0,2.0,13.0,1.0,5.0,0.0,1.0,6.0,34.0,13.0,24.0,1.0,8.0,42.0,58.0,5.0,6.0,30.0,34.0,4.0,13.0,4.0,12.0,6.0,5.0,20.0,7.0,1.0,0.0,0.0,0.0,12.0,2.0,75.5,91.7,0.057,0.16,0.333,0.278,-0.17,2.12,0.0,100.0
2025-08-24,10:00,76986,Premier League 25/26,25/26,Premier League,Matchweek 2,Sun,Home,W,2.0,0.0,Brighton,42.0,,,,,,https://www.sofascore.com/everton-brighton-and-hove-albion/FsY,Ended,Everton,for,1.6,2.43,2.0,3.0,1.0,0.0,1.0,3.0,2.0,2.0,7.0,15.0,362.0,490.0,272.0,411.0,15.0,17.0,15.0,6.0,0.0,6.0,4.0,3.0,0.0,0.0,4.0,1.0,1.0,4.0,7.0,5.0,6.0,7.0,5.0,6.0,0.0,0.0,18.0,29.0,31.0,12.0,4.0,3.0,60.0,40.0,10.0,10.0,39.0,31.0,31.0,16.0,9.0,8.0,8.0,5.0,35.0,24.0,2.0,0.0,1.0,0.0,7.0,9.0,75.1,83.9,0.145,0.187,0.273,0.308,0.4,-2.43,100.0,33.3
2025-08-24,10:00,76986,Premier League 25/26,25/26,Premier League,Matchweek 2,Sun,Away,L,0.0,2.0,Everton,58.0,,,,,,https://www.sofascore.com/everton-brighton-and-hove-albion/FsY,Ended,Brighton,for,2.43,1.6,3.0,2.0,0.0,1.0,3.0,1.0,2.0,2.0,15.0,7.0,490.0,362.0,411.0,272.0,17.0,15.0,6.0,15.0,6.0,0.0,3.0,4.0,0.0,0.0,1.0,4.0,4.0,1.0,5.0,7.0,7.0,6.0,6.0,5.0,0.0,0.0,29.0,18.0,12.0,31.0,3.0,4.0,40.0,60.0,10.0,10.0,31.0,39.0,16.0,31.0,8.0,9.0,5.0,8.0,24.0,35.0,0.0,2.0,0.0,1.0,9.0,7.0,83.9,75.1,0.187,0.145,0.308,0.273,-2.43,0.4,33.3,100.0
2025-08-24,10:00,76986,Premier League 25/26,25/26,Premier League,Matchweek 2,Sun,Home,D,1.0,1.0,Nottingham Forest,42.0,,,,,,https://www.sofascore.com/nottingham-forest-crystal-palace/hso,Ended,Crystal Palace,for,1.1,0.93,2.0,2.0,1.0,1.0,1.0,1.0,1.0,3.0,11.0,11.0,377.0,514.0,287.0,442.0,20.0,12.0,11.0,11.0,2.0,2.0,3.0,3.0,0.0,0.0,0.0,3.0,0.0,1.0,4.0,7.0,7.0,8.0,1.0,1.0,0.0,2.0,21.0,20.0,8.0,31.0,6.0,3.0,52.0,48.0,8.0,8.0,33.0,28.0,16.0,17.0,3.0,6.0,7.0,10.0,21.0,15.0,0.0,0.0,1.0,1.0,11.0,10.0,76.1,86.0,0.138,0.103,0.5,0.111,-0.1,0.07,0.0,75.0
2025-08-24,10:00,76986,Premier League 25/26,25/26,Premier League,Matchweek 2,Sun,Away,D,1.0,1.0,Crystal Palace,58.0,,,,,,https://www.sofascore.com/nottingham-forest-crystal-palace/hso,Ended,Nottingham Forest,for,0.93,1.1,2.0,2.0,1.0,1.0,1.0,1.0,3.0,1.0,11.0,11.0,514.0,377.0,442.0,287.0,12.0,20.0,11.0,11.0,2.0,2.0,3.0,3.0,0.0,0.0,3.0,0.0,1.0,0.0,7.0,4.0,8.0,7.0,1.0,1.0,2.0,0.0,20.0,21.0,31.0,8.0,3.0,6.0,48.0,52.0,8.0,8.0,28.0,33.0,17.0,16.0,6.0,3.0,10.0,7.0,15.0,21.0,0.0,0.0,1.0,1.0,10.0,11.0,86.0,76.1,0.103,0.138,0.111,0.5,0.07,-0.1,75.0,0.0
2025-08-24,12:30,76986,Premier League 25/26,25/26,Premier League,Matchweek 2,Sun,Home,D,1.0,1.0,Manchester Utd,52.0,,,,,,https://www.sofascore.com/fulham-manchester-united/KsT,Ended,Fulham,for,1.76,1.76,3.0,2.0,1.0,0.0,2.0,2.0,9.0,6.0,12.0,10.0,419.0,397.0,353.0,328.0,10.0,17.0,10.0,11.0,2.0,1.0,1.0,1.0,0.0,0.0,3.0,2.0,5.0,1.0,4.0,6.0,10.0,8.0,3.0,2.0,2.0,0.0,38.0,25.0,21.0,22.0,10.0,4.0,44.0,56.0,6.0,5.0,21.0,30.0,20.0,23.0,2.0,2.0,8.0,5.0,24.0,27.0,0.0,0.0,0.0,1.0,9.0,9.0,84.2,82.6,0.135,0.176,0.308,0.3,-0.76,-0.76,100.0,50.0
2025-08-24,12:30,76986,Premier League 25/26,25/26,Premier League,Matchweek 2,Sun,Away,D,1.0,1.0,Fulham,48.0,,,,,,https://www.sofascore.com/fulham-manchester-united/KsT,Ended,Manchester Utd,for,1.76,1.76,2.0,3.0,0.0,1.0,2.0,2.0,6.0,9.0,10.0,12.0,397.0,419.0,328.0,353.0,17.0,10.0,11.0,10.0,1.0,2.0,1.0,1.0,0.0,0.0,2.0,3.0,1.0,5.0,6.0,4.0,8.0,10.0,2.0,3.0,0.0,2.0,25.0,38.0,22.0,21.0,4.0,10.0,56.0,44.0,5.0,6.0,30.0,21.0,23.0,20.0,2.0,2.0,5.0,8.0,27.0,24.0,0.0,0.0,1.0,0.0,9.0,9.0,82.6,84.2,0.176,0.135,0.3,0.308,-0.76,-0.76,50.0,100.0
2025-08-25,16:00,76986,Premier League 25/26,25/26,Premier League,Matchweek 2,Mon,Home,L,2.0,3.0,Liverpool FC,38.0,,,,,,https://www.sofascore.com/liverpool-newcastle-united/OU,Ended,Newcastle United,for,0.98,0.69,4.0,2.0,2.0,1.0,2.0,1.0,7.0,1.0,17.0,15.0,247.0,445.0,170.0,370.0,12.0,13.0,15.0,17.0,0.0,0.0,2.0,3.0,1.0,0.0,1.0,1.0,3.0,1.0,4.0,0.0,8.0,3.0,2.0,2.0,0.0,0.0,27.0,17.0,12.0,15.0,6.0,2.0,50.0,50.0,4.0,9.0,35.0,33.0,16.0,18.0,8.0,5.0,8.0,2.0,21.0,43.0,1.0,1.0,0.0,1.0,5.0,6.0,68.8,83.1,0.098,0.138,0.3,0.8,1.02,2.31,25.0,33.3
2025-08-25,16:00,76986,Premier League 25/26,25/26,Premier League,Matchweek 2,Mon,Away,W,3.0,2.0,Newcastle United,62.0,,,,,,https://www.sofascore.com/liverpool-newcastle-united/OU,Ended,Liverpool FC,for,0.69,0.98,2.0,4.0,1.0,2.0,1.0,2.0,1.0,7.0,15.0,17.0,445.0,247.0,370.0,170.0,13.0,12.0,17.0,15.0,0.0,0.0,3.0,2.0,0.0,1.0,1.0,1.0,1.0,3.0,0.0,4.0,3.0,8.0,2.0,2.0,0.0,0.0,17.0,27.0,15.0,12.0,2.0,6.0,50.0,50.0,9.0,4.0,33.0,35.0,18.0,16.0,5.0,8.0,2.0,8.0,43.0,21.0,1.0,1.0,1.0,0.0,6.0,5.0,83.1,68.8,0.138,0.098,0.8,0.3,2.31,1.02,33.3,25.0
2025-08-30,08:30,76986,Premier League 25/26,25/26,Premier League,Matchweek 3,Sat,Home,W,2.0,0.0,Fulham,54.0,,,,,,https://www.sofascore.com/fulham-chelsea/NsT,Ended,Chelsea,for,2.35,1.02,3.0,1.0,2.0,0.0,1.0,1.0,6.0,4.0,11.0,17.0,494.0,415.0,429.0,337.0,19.0,29.0,16.0,11.0,3.0,1.0,2.0,2.0,0.0,0.0,1.0,4.0,6.0,2.0,1.0,6.0,10.0,8.0,3.0,3.0,1.0,0.0,27.0,20.0,17.0,25.0,4.0,5.0,52.0,48.0,18.0,7.0,43.0,43.0,17.0,13.0,8.0,3.0,18.0,6.0,20.0,20.0,1.0,1.0,0.0,1.0,7.0,8.0,86.8,81.2,0.181,0.093,0.462,0.273,-0.35,-1.02,33.3,66.7
2025-08-30,08:30,76986,Premier League 25/26,25/26,Premier League,Matchweek 3,Sat,Away,L,0.0,2.0,Chelsea,46.0,,,,,,https://www.sofascore.com/fulham-chelsea/NsT,Ended,Fulham,for,1.02,2.35,1.0,3.0,0.0,2.0,1.0,1.0,4.0,6.0,17.0,11.0,415.0,494.0,337.0,429.0,29.0,19.0,11.0,16.0,1.0,3.0,2.0,2.0,0.0,0.0,4.0,1.0,2.0,6.0,6.0,1.0,8.0,10.0,3.0,3.0,0.0,1.0,20.0,27.0,25.0,17.0,5.0,4.0,48.0,52.0,7.0,18.0,43.0,43.0,13.0,17.0,3.0,8.0,6.0,18.0,20.0,20.0,1.0,1.0,1.0,0.0,8.0,7.0,81.2,86.8,0.093,0.181,0.273,0.462,-1.02,-0.35,66.7,33.3
2025-08-30,11:00,76986,Premier League 25/26,25/26,Premier League,Matchweek 3,Sat,Home,W,3.0,2.0,Burnley,62.0,,,,,,https://www.sofascore.com/manchester-united-burnley/gK,Ended,Manchester Utd,for,3.63,1.2,4.0,2.0,2.0,2.0,2.0,0.0,7.0,1.0,9.0,9.0,508.0,318.0,418.0,225.0,16.0,20.0,8.0,9.0,1.0,1.0,1.0,5.0,0.0,0.0,1.0,5.0,7.0,2.0,13.0,1.0,19.0,5.0,7.0,1.0,1.0,1.0,38.0,18.0,32.0,24.0,13.0,1.0,49.0,51.0,14.0,14.0,29.0,31.0,21.0,22.0,5.0,3.0,3.0,9.0,17.0,39.0,0.0,0.0,1.0,0.0,4.0,18.0,82.3,70.8,0.14,0.2,0.231,0.5,-0.63,0.8,33.3,83.3
2025-08-30,11:00,76986,Premier League 25/26,25/26,Premier League,Matchweek 3,Sat,Away,L,2.0,3.0,Manchester Utd,38.0,,,,,,https://www.sofascore.com/manchester-united-burnley/gK,Ended,Burnley,for,1.2,3.63,2.0,4.0,2.0,2.0,0.0,2.0,1.0,7.0,9.0,9.0,318.0,508.0,225.0,418.0,20.0,16.0,9.0,8.0,1.0,1.0,5.0,1.0,0.0,0.0,5.0,1.0,2.0,7.0,1.0,13.0,5.0,19.0,1.0,7.0,1.0,1.0,18.0,38.0,24.0,32.0,1.0,13.0,51.0,49.0,14.0,14.0,31.0,29.0,22.0,21.0,3.0,5.0,9.0,3.0,39.0,17.0,0.0,0.0,0.0,1.0,18.0,4.0,70.8,82.3,0.2,0.14,0.5,0.231,0.8,-0.63,83.3,33.3
2025-08-30,11:00,76986,Premier League 25/26,25/26,Premier League,Matchweek 3,Sat,Home,L,0.0,1.0,Bournemouth,61.0,,,,,,https://www.sofascore.com/bournemouth-tottenham-hotspur/Iskb,Ended,Tottenham Hotspur,for,0.19,1.59,0.0,3.0,0.0,0.0,0.0,3.0,0.0,8.0,17.0,13.0,477.0,296.0,394.0,208.0,16.0,28.0,13.0,17.0,2.0,3.0,2.0,4.0,0.0,0.0,5.0,1.0,1.0,5.0,3.0,9.0,3.0,15.0,2.0,5.0,0.0,1.0,18.0,29.0,19.0,19.0,5.0,5.0,45.0,55.0,11.0,8.0,39.0,53.0,17.0,16.0,10.0,8.0,4.0,9.0,33.0,31.0,1.0,0.0,1.0,3.0,10.0,9.0,82.6,70.3,0.038,0.08,0.2,0.3,-0.19,-0.59,83.3,100.0
2025-08-30,11:00,76986,Premier League 25/26,25/26,Premier League,Matchweek 3,Sat,Away,W,1.0,0.0,Tottenham Hotspur,39.0,,,,,,https://www.sofascore.com/bournemouth-tottenham-hotspur/Iskb,Ended,Bournemouth,for,1.59,0.19,3.0,0.0,0.0,0.0,3.0,0.0,8.0,0.0,13.0,17.0,296.0,477.0,208.0,394.0,28.0,16.0,17.0,13.0,3.0,2.0,4.0,2.0,0.0,0.0,1.0,5.0,5.0,1.0,9.0,3.0,15.0,3.0,5.0,2.0,1.0,0.0,29.0,18.0,19.0,19.0,5.0,5.0,55.0,45.0,8.0,11.0,53.0,39.0,16.0,17.0,8.0,10.0,9.0,4.0,31.0,33.0,0.0,1.0,3.0,1.0,9.0,10.0,70.3,82.6,0.08,0.038,0.3,0.2,-0.59,-0.19,100.0,83.3
2025-08-30,11:00,76986,Premier League 25/26,25/26,Premier League,Matchweek 3,Sat,Home,L,2.0,3.0,Everton,59.0,,,,,,https://www.sofascore.com/everton-wolverhampton/dsY,Ended,Wolves,for,1.11,1.93,2.0,3.0,2.0,2.0,0.0,1.0,2.0,2.0,15.0,10.0,524.0,371.0,421.0,275.0,23.0,16.0,10.0,15.0,2.0,1.0,0.0,1.0,0.0,0.0,1.0,2.0,5.0,4.0,3.0,2.0,6.0,7.0,6.0,3.0,0.0,4.0,22.0,23.0,22.0,23.0,8.0,2.0,43.0,57.0,8.0,11.0,35.0,39.0,12.0,24.0,3.0,8.0,10.0,16.0,19.0,28.0,2.0,1.0,1.0,1.0,4.0,10.0,80.3,74.1,0.093,0.193,0.333,0.4,0.89,1.07,25.0,50.0
2025-08-30,11:00,76986,Premier League 25/26,25/26,Premier League,Matchweek 3,Sat,Away,W,3.0,2.0,Wolves,41.0,,,,,,https://www.sofascore.com/everton-wolverhampton/dsY,Ended,Everton,for,1.93,1.11,3.0,2.0,2.0,2.0,1.0,0.0,2.0,2.0,10.0,15.0,371.0,524.0,275.0,421.0,16.0,23.0,15.0,10.0,1.0,2.0,1.0,0.0,0.0,0.0,2.0,1.0,4.0,5.0,2.0,3.0,7.0,6.0,3.0,6.0,4.0,0.0,23.0,22.0,23.0,22.0,2.0,8.0,57.0,43.0,11.0,8.0,39.0,35.0,24.0,12.0,8.0,3.0,16.0,10.0,28.0,19.0,1.0,2.0,1.0,1.0,10.0,4.0,74.1,80.3,0.193,0.093,0.4,0.333,1.07,0.89,50.0,25.0
2025-08-30,11:00,76986,Premier League 25/26,25/26,Premier League,Matchweek 3,Sat,Home,W,2.0,1.0,Brentford,54.0,,,,,,https://www.sofascore.com/brentford-sunderland/Qsab,Ended,Sunderland,for,1.54,1.2,2.0,2.0,2.0,1.0,0.0,1.0,3.0,4.0,11.0,12.0,419.0,354.0,340.0,283.0,28.0,9.0,11.0,10.0,0.0,3.0,3.0,2.0,0.0,0.0,3.0,1.0,3.0,1.0,6.0,2.0,9.0,5.0,3.0,2.0,0.0,0.0,16.0,14.0,23.0,17.0,3.0,6.0,57.0,43.0,6.0,14.0,41.0,27.0,24.0,22.0,4.0,8.0,7.0,4.0,34.0,34.0,0.0,0.0,1.0,0.0,5.0,13.0,81.1,79.9,0.128,0.171,0.25,0.571,0.46,-0.2,75.0,33.3
2025-08-30,11:00,76986,Premier League 25/26,25/26,Premier League,Matchweek 3,Sat,Away,L,1.0,2.0,Sunderland,46.0,,,,,,https://www.sofascore.com/brentford-sunderland/Qsab,Ended,Brentford,for,1.2,1.54,2.0,2.0,1.0,2.0,1.0,0.0,4.0,3.0,12.0,11.0,354.0,419.0,283.0,340.0,9.0,28.0,10.0,11.0,3.0,0.0,2.0,3.0,0.0,0.0,1.0,3.0,1.0,3.0,2.0,6.0,5.0,9.0,2.0,3.0,0.0,0.0,14.0,16.0,17.0,23.0,6.0,3.0,43.0,57.0,14.0,6.0,27.0,41.0,22.0,24.0,8.0,4.0,4.0,7.0,34.0,34.0,0.0,0.0,0.0,1.0,13.0,5.0,79.9,81.1,0.171,0.128,0.571,0.25,-0.2,0.46,33.3,75.0
2025-08-30,13:30,76986,Premier League 25/26,25/26,Premier League,Matchweek 3,Sat,Home,D,0.0,0.0,Newcastle United,43.0,,,,,,https://www.sofascore.com/newcastle-united-leeds-united/JsO,Ended,Leeds United,for,0.69,0.46,1.0,0.0,0.0,0.0,1.0,0.0,5.0,5.0,10.0,15.0,414.0,547.0,328.0,463.0,18.0,10.0,15.0,10.0,1.0,0.0,1.0,1.0,0.0,0.0,2.0,1.0,3.0,3.0,6.0,3.0,4.0,4.0,6.0,4.0,0.0,0.0,19.0,13.0,16.0,30.0,4.0,2.0,56.0,44.0,5.0,10.0,39.0,25.0,8.0,12.0,7.0,5.0,13.0,8.0,18.0,6.0,0.0,1.0,1.0,2.0,11.0,8.0,79.2,84.6,0.069,0.058,0.1,0.25,-0.69,-0.46,100.0,100.0
2025-08-30,13:30,76986,Premier League 25/26,25/26,Premier League,Matchweek 3,Sat,Away,D,0.0,0.0,Leeds United,57.0,,,,,,https://www.sofascore.com/newcastle-united-leeds-united/JsO,Ended,Newcastle United,for,0.46,0.69,0.0,1.0,0.0,0.0,0.0,1.0,5.0,5.0,15.0,10.0,547.0,414.0,463.0,328.0,10.0,18.0,10.0,15.0,0.0,1.0,1.0,1.0,0.0,0.0,1.0,2.0,3.0,3.0,3.0,6.0,4.0,4.0,4.0,6.0,0.0,0.0,13.0,19.0,30.0,16.0,2.0,4.0,44.0,56.0,10.0,5.0,25.0,39.0,12.0,8.0,5.0,7.0,8.0,13.0,6.0,18.0,1.0,0.0,2.0,1.0,8.0,11.0,84.6,79.2,0.058,0.069,0.25,0.1,-0.46,-0.69,100.0,100.0
2025-08-31,10:00,76986,Premier League 25/26,25/26,Premier League,Matchweek 3,Sun,Home,W,2.0,1.0,Manchester City,36.0,,,,,,https://www.sofascore.com/brighton-and-hove-albion-manchester-city/rsF,Ended,Brighton,for,2.3,1.82,3.0,3.0,2.0,1.0,1.0,2.0,3.0,2.0,16.0,14.0,315.0,565.0,235.0,493.0,17.0,15.0,13.0,16.0,1.0,0.0,2.0,2.0,0.0,0.0,2.0,5.0,3.0,1.0,2.0,8.0,10.0,8.0,2.0,4.0,1.0,3.0,22.0,24.0,14.0,19.0,3.0,1.0,45.0,55.0,9.0,8.0,38.0,44.0,9.0,14.0,8.0,14.0,8.0,9.0,10.0,15.0,1.0,0.0,1.0,1.0,11.0,7.0,74.6,87.3,0.192,0.152,0.583,0.25,-0.3,-0.82,66.7,71.4
2025-08-31,10:00,76986,Premier League 25/26,25/26,Premier League,Matchweek 3,Sun,Away,L,1.0,2.0,Brighton,64.0,,,,,,https://www.sofascore.com/brighton-and-hove-albion-manchester-city/rsF,Ended,Manchester City,for,1.82,2.3,3.0,3.0,1.0,2.0,2.0,1.0,2.0,3.0,14.0,16.0,565.0,315.0,493.0,235.0,15.0,17.0,16.0,13.0,0.0,1.0,2.0,2.0,0.0,0.0,5.0,2.0,1.0,3.0,8.0,2.0,8.0,10.0,4.0,2.0,3.0,1.0,24.0,22.0,19.0,14.0,1.0,3.0,55.0,45.0,8.0,9.0,44.0,38.0,14.0,9.0,14.0,8.0,9.0,8.0,15.0,10.0,0.0,1.0,1.0,1.0,7.0,11.0,87.3,74.6,0.152,0.192,0.25,0.583,-0.82,-0.3,71.4,66.7
2025-08-31,10:00,76986,Premier League 25/26,25/26,Premier League,Matchweek 3,Sun,Home,L,0.0,3.0,West Ham United,58.0,,,,,,https://www.sofascore.com/west-ham-united-nottingham-forest/osM,Ended,Nottingham Forest,for,0.73,2.42,1.0,4.0,0.0,2.0,1.0,2.0,9.0,7.0,14.0,6.0,541.0,385.0,470.0,316.0,19.0,16.0,6.0,13.0,0.0,0.0,0.0,0.0,0.0,0.0,5.0,3.0,5.0,0.0,3.0,4.0,9.0,10.0,2.0,2.0,0.0,0.0,29.0,18.0,11.0,13.0,4.0,7.0,48.0,52.0,7.0,8.0,31.0,37.0,12.0,10.0,6.0,8.0,6.0,6.0,16.0,32.0,0.0,0.0,0.0,3.0,5.0,12.0,86.9,82.1,0.066,0.202,0.273,0.667,-0.73,0.58,62.5,100.0
2025-08-31,10:00,76986,Premier League 25/26,25/26,Premier League,Matchweek 3,Sun,Away,W,3.0,0.0,Nottingham Forest,42.0,,,,,,https://www.sofascore.com/west-ham-united-nottingham-forest/osM,Ended,West Ham United,for,2.42,0.73,4.0,1.0,2.0,0.0,2.0,1.0,7.0,9.0,6.0,14.0,385.0,541.0,316.0,470.0,16.0,19.0,13.0,6.0,0.0,0.0,0.0,0.0,0.0,0.0,3.0,5.0,0.0,5.0,4.0,3.0,10.0,9.0,2.0,2.0,0.0,0.0,18.0,29.0,13.0,11.0,7.0,4.0,52.0,48.0,8.0,7.0,37.0,31.0,10.0,12.0,8.0,6.0,6.0,6.0,32.0,16.0,0.0,0.0,3.0,0.0,12.0,5.0,82.1,86.9,0.202,0.066,0.667,0.273,0.58,-0.73,100.0,62.5
2025-08-31,12:30,76986,Premier League 25/26,25/26,Premier League,Matchweek 3,Sun,Home,W,1.0,0.0,Arsenal,53.0,,,,,,https://www.sofascore.com/liverpool-arsenal/HQfh,Ended,Liverpool FC,for,0.52,0.49,0.0,0.0,0.0,0.0,0.0,0.0,3.0,8.0,7.0,10.0,435.0,371.0,368.0,303.0,11.0,14.0,10.0,7.0,1.0,0.0,2.0,2.0,0.0,0.0,1.0,2.0,4.0,7.0,2.0,3.0,4.0,8.0,5.0,3.0,0.0,0.0,16.0,29.0,27.0,25.0,1.0,3.0,54.0,46.0,7.0,6.0,28.0,23.0,10.0,9.0,7.0,3.0,7.0,9.0,29.0,19.0,0.0,1.0,0.0,1.0,7.0,5.0,84.6,81.7,0.058,0.045,0.333,0.091,0.48,-0.49,100.0,66.7
2025-08-31,12:30,76986,Premier League 25/26,25/26,Premier League,Matchweek 3,Sun,Away,L,0.0,1.0,Liverpool FC,47.0,,,,,,https://www.sofascore.com/liverpool-arsenal/HQfh,Ended,Arsenal,for,0.49,0.52,0.0,0.0,0.0,0.0,0.0,0.0,8.0,3.0,10.0,7.0,371.0,435.0,303.0,368.0,14.0,11.0,7.0,10.0,0.0,1.0,2.0,2.0,0.0,0.0,2.0,1.0,7.0,4.0,3.0,2.0,8.0,4.0,3.0,5.0,0.0,0.0,29.0,16.0,25.0,27.0,3.0,1.0,46.0,54.0,6.0,7.0,23.0,28.0,9.0,10.0,3.0,7.0,9.0,7.0,19.0,29.0,1.0,0.0,1.0,0.0,5.0,7.0,81.7,84.6,0.045,0.058,0.091,0.333,-0.49,0.48,66.7,100.0
2025-08-31,15:00,76986,Premier League 25/26,25/26,Premier League,Matchweek 3,Sun,Home,L,0.0,3.0,Crystal Palace,58.0,,,,,,https://www.sofascore.com/aston-villa-crystal-palace/hP,Ended,Aston Villa,for,1.14,2.65,2.0,4.0,0.0,2.0,2.0,2.0,10.0,1.0,7.0,14.0,531.0,386.0,475.0,328.0,11.0,26.0,14.0,6.0,0.0,2.0,2.0,3.0,0.0,0.0,1.0,4.0,1.0,1.0,8.0,1.0,10.0,5.0,3.0,1.0,0.0,2.0,20.0,14.0,29.0,17.0,6.0,2.0,44.0,56.0,18.0,9.0,31.0,39.0,6.0,9.0,7.0,6.0,6.0,10.0,17.0,37.0,0.0,1.0,1.0,4.0,3.0,10.0,89.5,85.0,0.088,0.442,0.308,0.667,-1.14,0.35,25.0,100.0
2025-08-31,15:00,76986,Premier League 25/26,25/26,Premier League,Matchweek 3,Sun,Away,W,3.0,0.0,Aston Villa,42.0,,,,,,https://www.sofascore.com/aston-villa-crystal-palace/hP,Ended,Crystal Palace,for,2.65,1.14,4.0,2.0,2.0,0.0,2.0,2.0,1.0,10.0,14.0,7.0,386.0,531.0,328.0,475.0,26.0,11.0,6.0,14.0,2.0,0.0,3.0,2.0,0.0,0.0,4.0,1.0,1.0,1.0,1.0,8.0,5.0,10.0,1.0,3.0,2.0,0.0,14.0,20.0,17.0,29.0,2.0,6.0,56.0,44.0,9.0,18.0,39.0,31.0,9.0,6.0,6.0,7.0,10.0,6.0,37.0,17.0,1.0,0.0,4.0,1.0,10.0,3.0,85.0,89.5,0.442,0.088,0.667,0.308,0.35,-1.14,100.0,25.0
2025-09-13,08:30,76986,Premier League 25/26,25/26,Premier League,Matchweek 4,Sat,Home,W,3.0,0.0,Nottingham Forest,54.0,,,,,,https://www.sofascore.com/arsenal-nottingham-forest/osR,Ended,Arsenal,for,1.84,0.2,5.0,0.0,1.0,0.0,4.0,0.0,8.0,3.0,8.0,11.0,478.0,409.0,415.0,350.0,13.0,12.0,11.0,8.0,2.0,0.0,1.0,1.0,0.0,0.0,1.0,2.0,5.0,3.0,6.0,1.0,12.0,3.0,4.0,2.0,0.0,0.0,38.0,14.0,15.0,18.0,5.0,2.0,58.0,42.0,2.0,6.0,35.0,23.0,9.0,9.0,11.0,5.0,7.0,11.0,15.0,19.0,0.0,2.0,0.0,0.0,6.0,11.0,86.8,85.6,0.115,0.04,0.312,0.2,1.16,-0.2,100.0,40.0
2025-09-13,08:30,76986,Premier League 25/26,25/26,Premier League,Matchweek 4,Sat,Away,L,0.0,3.0,Arsenal,46.0,,,,,,https://www.sofascore.com/arsenal-nottingham-forest/osR,Ended,Nottingham Forest,for,0.2,1.84,0.0,5.0,0.0,1.0,0.0,4.0,3.0,8.0,11.0,8.0,409.0,478.0,350.0,415.0,12.0,13.0,8.0,11.0,0.0,2.0,1.0,1.0,0.0,0.0,2.0,1.0,3.0,5.0,1.0,6.0,3.0,12.0,2.0,4.0,0.0,0.0,14.0,38.0,18.0,15.0,2.0,5.0,42.0,58.0,6.0,2.0,23.0,35.0,9.0,9.0,5.0,11.0,11.0,7.0,19.0,15.0,2.0,0.0,0.0,0.0,11.0,6.0,85.6,86.8,0.04,0.115,0.2,0.312,-0.2,1.16,40.0,100.0
2025-09-13,11:00,76986,Premier League 25/26,25/26,Premier League,Matchweek 4,Sat,Home,D,0.0,0.0,Aston Villa,48.0,,,,,,https://www.sofascore.com/everton-aston-villa/PY,Ended,Everton,for,2.08,0.54,3.0,0.0,0.0,0.0,3.0,0.0,10.0,3.0,17.0,15.0,343.0,384.0,281.0,313.0,23.0,16.0,15.0,17.0,2.0,2.0,3.0,3.0,0.0,0.0,1.0,2.0,9.0,5.0,9.0,1.0,14.0,3.0,6.0,4.0,0.0,0.0,46.0,8.0,25.0,14.0,8.0,3.0,56.0,44.0,11.0,10.0,46.0,34.0,20.0,17.0,8.0,2.0,5.0,4.0,17.0,19.0,0.0,1.0,1.0,1.0,6.0,16.0,81.9,81.5,0.104,0.077,0.1,0.143,-2.08,-0.54,100.0,100.0
2025-09-13,11:00,76986,Premier League 25/26,25/26,Premier League,Matchweek 4,Sat,Away,D,0.0,0.0,Everton,52.0,,,,,,https://www.sofascore.com/everton-aston-villa/PY,Ended,Aston Villa,for,0.54,2.08,0.0,3.0,0.0,0.0,0.0,3.0,3.0,10.0,15.0,17.0,384.0,343.0,313.0,281.0,16.0,23.0,17.0,15.0,2.0,2.0,3.0,3.0,0.0,0.0,2.0,1.0,5.0,9.0,1.0,9.0,3.0,14.0,4.0,6.0,0.0,0.0,8.0,46.0,14.0,25.0,3.0,8.0,44.0,56.0,10.0,11.0,34.0,46.0,17.0,20.0,2.0,8.0,4.0,5.0,19.0,17.0,1.0,0.0,1.0,1.0,16.0,6.0,81.5,81.9,0.077,0.104,0.143,0.1,-0.54,-2.08,100.0,100.0
2025-09-13,11:00,76986,Premier League 25/26,25/26,Premier League,Matchweek 4,Sat,Home,W,1.0,0.0,Wolves,57.0,,,,,,https://www.sofascore.com/newcastle-united-wolverhampton/dsO,Ended,Newcastle United,for,1.55,0.5,1.0,0.0,0.0,0.0,1.0,0.0,9.0,4.0,10.0,17.0,449.0,343.0,361.0,259.0,10.0,16.0,17.0,10.0,1.0,0.0,1.0,4.0,0.0,0.0,3.0,3.0,5.0,2.0,7.0,3.0,8.0,7.0,8.0,1.0,0.0,2.0,28.0,22.0,21.0,22.0,8.0,3.0,54.0,46.0,7.0,3.0,31.0,33.0,22.0,13.0,5.0,8.0,6.0,14.0,20.0,34.0,0.0,0.0,1.0,0.0,8.0,8.0,80.4,75.5,0.097,0.062,0.25,0.375,-0.55,-0.5,100.0,75.0
2025-09-13,11:00,76986,Premier League 25/26,25/26,Premier League,Matchweek 4,Sat,Away,L,0.0,1.0,Newcastle United,43.0,,,,,,https://www.sofascore.com/newcastle-united-wolverhampton/dsO,Ended,Wolves,for,0.5,1.55,0.0,1.0,0.0,0.0,0.0,1.0,4.0,9.0,17.0,10.0,343.0,449.0,259.0,361.0,16.0,10.0,10.0,17.0,0.0,1.0,4.0,1.0,0.0,0.0,3.0,3.0,2.0,5.0,3.0,7.0,7.0,8.0,1.0,8.0,2.0,0.0,22.0,28.0,22.0,21.0,3.0,8.0,46.0,54.0,3.0,7.0,33.0,31.0,13.0,22.0,8.0,5.0,14.0,6.0,34.0,20.0,0.0,0.0,0.0,1.0,8.0,8.0,75.5,80.4,0.062,0.097,0.375,0.25,-0.5,-0.55,75.0,100.0
2025-09-13,11:00,76986,Premier League 25/26,25/26,Premier League,Matchweek 4,Sat,Home,W,2.0,1.0,Brighton,51.0,,,,,,https://www.sofascore.com/bournemouth-brighton-and-hove-albion/Fskb,Ended,Bournemouth,for,1.45,0.62,1.0,2.0,1.0,1.0,0.0,1.0,4.0,4.0,16.0,10.0,393.0,374.0,309.0,293.0,18.0,20.0,9.0,16.0,1.0,0.0,4.0,4.0,0.0,0.0,1.0,3.0,4.0,2.0,4.0,2.0,7.0,5.0,6.0,1.0,0.0,0.0,28.0,24.0,25.0,24.0,4.0,3.0,48.0,52.0,12.0,9.0,34.0,46.0,17.0,9.0,6.0,10.0,3.0,6.0,35.0,35.0,0.0,0.0,0.0,0.0,12.0,6.0,78.6,78.3,0.112,0.103,0.385,0.333,0.55,0.38,50.0,60.0
2025-09-13,11:00,76986,Premier League 25/26,25/26,Premier League,Matchweek 4,Sat,Away,L,1.0,2.0,Bournemouth,49.0,,,,,,https://www.sofascore.com/bournemouth-brighton-and-hove-albion/Fskb,Ended,Brighton,for,0.62,1.45,2.0,1.0,1.0,1.0,1.0,0.0,4.0,4.0,10.0,16.0,374.0,393.0,293.0,309.0,20.0,18.0,16.0,9.0,0.0,1.0,4.0,4.0,0.0,0.0,3.0,1.0,2.0,4.0,2.0,4.0,5.0,7.0,1.0,6.0,0.0,0.0,24.0,28.0,24.0,25.0,3.0,4.0,52.0,48.0,9.0,12.0,46.0,34.0,9.0,17.0,10.0,6.0,6.0,3.0,35.0,35.0,0.0,0.0,0.0,0.0,6.0,12.0,78.3,78.6,0.103,0.112,0.333,0.385,0.38,0.55,60.0,50.0
2025-09-13,11:00,76986,Premier League 25/26,25/26,Premier League,Matchweek 4,Sat,Home,D,0.0,0.0,Sunderland,56.0,,,,,,https://www.sofascore.com/sunderland-crystal-palace/hQ,Ended,Crystal Palace,for,1.77,0.36,3.0,0.0,0.0,0.0,3.0,0.0,5.0,3.0,10.0,8.0,491.0,386.0,410.0,310.0,10.0,13.0,8.0,10.0,0.0,2.0,1.0,1.0,0.0,0.0,0.0,6.0,4.0,2.0,4.0,4.0,8.0,5.0,6.0,1.0,1.0,0.0,21.0,17.0,27.0,21.0,5.0,4.0,38.0,62.0,5.0,3.0,19.0,32.0,14.0,21.0,2.0,11.0,6.0,10.0,25.0,34.0,1.0,0.0,0.0,2.0,8.0,7.0,83.5,80.3,0.126,0.06,0.429,0.0,-1.77,-0.36,,100.0
2025-09-13,11:00,76986,Premier League 25/26,25/26,Premier League,Matchweek 4,Sat,Away,D,0.0,0.0,Crystal Palace,44.0,,,,,,https://www.sofascore.com/sunderland-crystal-palace/hQ,Ended,Sunderland,for,0.36,1.77,0.0,3.0,0.0,0.0,0.0,3.0,3.0,5.0,8.0,10.0,386.0,491.0,310.0,410.0,13.0,10.0,10.0,8.0,2.0,0.0,1.0,1.0,0.0,0.0,6.0,0.0,2.0,4.0,4.0,4.0,5.0,8.0,1.0,6.0,0.0,1.0,17.0,21.0,21.0,27.0,4.0,5.0,62.0,38.0,3.0,5.0,32.0,19.0,21.0,14.0,11.0,2.0,10.0,6.0,34.0,25.0,0.0,1.0,2.0,0.0,7.0,8.0,80.3,83.5,0.06,0.126,0.0,0.429,-0.36,-1.77,100.0,
2025-09-13,11:00,76986,Premier League 25/26,25/26,Premier League,Matchweek 4,Sat,Home,W,1.0,0.0,Leeds United,54.0,,,,,,https://www.sofascore.com/fulham-leeds-united/JsT,Ended,Fulham,for,0.85,0.79,2.0,1.0,0.0,0.0,2.0,1.0,3.0,3.0,20.0,15.0,451.0,388.0,382.0,313.0,24.0,18.0,15.0,20.0,1.0,3.0,1.0,2.0,0.0,0.0,3.0,3.0,0.0,4.0,2.0,3.0,3.0,7.0,2.0,3.0,0.0,0.0,10.0,21.0,19.0,23.0,3.0,1.0,50.0,50.0,9.0,12.0,45.0,40.0,14.0,20.0,6.0,4.0,6.0,7.0,23.0,30.0,0.0,0.0,0.0,1.0,7.0,6.0,84.7,80.7,0.17,0.079,0.6,0.3,0.15,-0.79,100.0,100.0
2025-09-13,11:00,76986,Premier League 25/26,25/26,Premier League,Matchweek 4,Sat,Away,L,0.0,1.0,Fulham,46.0,,,,,,https://www.sofascore.com/fulham-leeds-united/JsT,Ended,Leeds United,for,0.79,0.85,1.0,2.0,0.0,0.0,1.0,2.0,3.0,3.0,15.0,20.0,388.0,451.0,313.0,382.0,18.0,24.0,20.0,15.0,3.0,1.0,2.0,1.0,0.0,0.0,3.0,3.0,4.0,0.0,3.0,2.0,7.0,3.0,3.0,2.0,0.0,0.0,21.0,10.0,23.0,19.0,1.0,3.0,50.0,50.0,12.0,9.0,40.0,45.0,20.0,14.0,4.0,6.0,7.0,6.0,30.0,23.0,0.0,0.0,1.0,0.0,6.0,7.0,80.7,84.7,0.079,0.17,0.3,0.6,-0.79,0.15,100.0,100.0
2025-09-13,13:30,76986,Premier League 25/26,25/26,Premier League,Matchweek 4,Sat,Home,L,0.0,3.0,Tottenham Hotspur,36.0,,,,,,https://www.sofascore.com/west-ham-united-tottenham-hotspur/IM,Ended,West Ham United,for,0.6,1.29,1.0,2.0,0.0,1.0,1.0,1.0,2.0,13.0,8.0,7.0,310.0,534.0,239.0,465.0,13.0,16.0,7.0,8.0,0.0,4.0,0.0,1.0,1.0,0.0,2.0,4.0,0.0,5.0,3.0,4.0,6.0,10.0,1.0,4.0,0.0,0.0,10.0,37.0,17.0,23.0,3.0,5.0,49.0,51.0,7.0,7.0,25.0,35.0,22.0,13.0,6.0,11.0,5.0,3.0,41.0,10.0,0.0,0.0,0.0,0.0,9.0,6.0,77.1,87.1,0.086,0.092,0.571,0.357,-0.6,1.71,40.0,100.0
2025-09-13,13:30,76986,Premier League 25/26,25/26,Premier League,Matchweek 4,Sat,Away,W,3.0,0.0,West Ham United,64.0,,,,,,https://www.sofascore.com/west-ham-united-tottenham-hotspur/IM,Ended,Tottenham Hotspur,for,1.29,0.6,2.0,1.0,1.0,0.0,1.0,1.0,13.0,2.0,7.0,8.0,534.0,310.0,465.0,239.0,16.0,13.0,8.0,7.0,4.0,0.0,1.0,0.0,0.0,1.0,4.0,2.0,5.0,0.0,4.0,3.0,10.0,6.0,4.0,1.0,0.0,0.0,37.0,10.0,23.0,17.0,5.0,3.0,51.0,49.0,7.0,7.0,35.0,25.0,13.0,22.0,11.0,6.0,3.0,5.0,10.0,41.0,0.0,0.0,0.0,0.0,6.0,9.0,87.1,77.1,0.092,0.086,0.357,0.571,1.71,-0.6,100.0,40.0
2025-09-13,16:00,76986,Premier League 25/26,25/26,Premier League,Matchweek 4,Sat,Home,D,2.0,2.0,Chelsea,34.0,,,,,,https://www.sofascore.com/brentford-chelsea/Nsab,Ended,Brentford,for,1.43,1.25,1.0,2.0,1.0,1.0,0.0,1.0,5.0,6.0,13.0,9.0,284.0,570.0,215.0,516.0,17.0,15.0,9.0,13.0,0.0,4.0,3.0,2.0,0.0,0.0,4.0,3.0,1.0,7.0,2.0,3.0,7.0,10.0,0.0,6.0,0.0,1.0,20.0,38.0,28.0,23.0,6.0,3.0,49.0,51.0,6.0,11.0,37.0,32.0,7.0,14.0,11.0,4.0,6.0,13.0,33.0,33.0,1.0,0.0,0.0,3.0,7.0,2.0,75.7,90.5,0.204,0.078,0.571,0.375,0.57,0.75,66.7,75.0
2025-09-13,16:00,76986,Premier League 25/26,25/26,Premier League,Matchweek 4,Sat,Away,D,2.0,2.0,Brentford,66.0,,,,,,https://www.sofascore.com/brentford-chelsea/Nsab,Ended,Chelsea,for,1.25,1.43,2.0,1.0,1.0,1.0,1.0,0.0,6.0,5.0,9.0,13.0,570.0,284.0,516.0,215.0,15.0,17.0,13.0,9.0,4.0,0.0,2.0,3.0,0.0,0.0,3.0,4.0,7.0,1.0,3.0,2.0,10.0,7.0,6.0,0.0,1.0,0.0,38.0,20.0,23.0,28.0,3.0,6.0,51.0,49.0,11.0,6.0,32.0,37.0,14.0,7.0,4.0,11.0,13.0,6.0,33.0,33.0,0.0,1.0,3.0,0.0,2.0,7.0,90.5,75.7,0.078,0.204,0.375,0.571,0.75,0.57,75.0,66.7
2025-09-14,10:00,76986,Premier League 25/26,25/26,Premier League,Matchweek 4,Sun,Home,L,0.0,1.0,Liverpool FC,19.0,,,,,,https://www.sofascore.com/liverpool-burnley/gsU,Ended,Burnley,for,0.13,2.65,0.0,3.0,0.0,1.0,0.0,2.0,1.0,13.0,9.0,9.0,168.0,697.0,80.0,610.0,16.0,10.0,9.0,8.0,3.0,1.0,2.0,2.0,1.0,0.0,3.0,0.0,0.0,12.0,3.0,11.0,1.0,14.0,2.0,13.0,0.0,0.0,2.0,56.0,15.0,15.0,0.0,10.0,42.0,58.0,4.0,8.0,25.0,30.0,16.0,27.0,2.0,12.0,17.0,7.0,48.0,12.0,0.0,0.0,1.0,0.0,21.0,6.0,47.6,87.5,0.043,0.098,0.0,0.148,-0.13,-1.65,75.0,
2025-09-14,10:00,76986,Premier League 25/26,25/26,Premier League,Matchweek 4,Sun,Away,W,1.0,0.0,Burnley,81.0,,,,,,https://www.sofascore.com/liverpool-burnley/gsU,Ended,Liverpool FC,for,2.65,0.13,3.0,0.0,1.0,0.0,2.0,0.0,13.0,1.0,9.0,9.0,697.0,168.0,610.0,80.0,10.0,16.0,8.0,9.0,1.0,3.0,2.0,2.0,0.0,1.0,0.0,3.0,12.0,0.0,11.0,3.0,14.0,1.0,13.0,2.0,0.0,0.0,56.0,2.0,15.0,15.0,10.0,0.0,58.0,42.0,8.0,4.0,30.0,25.0,27.0,16.0,12.0,2.0,7.0,17.0,12.0,48.0,0.0,0.0,0.0,1.0,6.0,21.0,87.5,47.6,0.098,0.043,0.148,0.0,-1.65,-0.13,,75.0
2025-09-14,12:30,76986,Premier League 25/26,25/26,Premier League,Matchweek 4,Sun,Home,W,3.0,0.0,Manchester Utd,45.0,,,,,,https://www.sofascore.com/manchester-united-manchester-city/rK,Ended,Manchester City,for,2.63,1.52,4.0,2.0,2.0,0.0,2.0,2.0,2.0,4.0,8.0,8.0,430.0,501.0,352.0,420.0,13.0,23.0,8.0,8.0,2.0,3.0,0.0,0.0,0.0,0.0,2.0,3.0,0.0,2.0,7.0,8.0,12.0,7.0,1.0,5.0,5.0,1.0,26.0,29.0,22.0,36.0,1.0,6.0,48.0,52.0,8.0,5.0,27.0,37.0,18.0,11.0,7.0,6.0,10.0,13.0,33.0,10.0,0.0,2.0,0.0,0.0,8.0,5.0,81.9,83.8,0.202,0.127,0.462,0.167,0.37,-1.52,100.0,50.0
2025-09-14,12:30,76986,Premier League 25/26,25/26,Premier League,Matchweek 4,Sun,Away,L,0.0,3.0,Manchester City,55.0,,,,,,https://www.sofascore.com/manchester-united-manchester-city/rK,Ended,Manchester Utd,for,1.52,2.63,2.0,4.0,0.0,2.0,2.0,2.0,4.0,2.0,8.0,8.0,501.0,430.0,420.0,352.0,23.0,13.0,8.0,8.0,3.0,2.0,0.0,0.0,0.0,0.0,3.0,2.0,2.0,0.0,8.0,7.0,7.0,12.0,5.0,1.0,1.0,5.0,29.0,26.0,36.0,22.0,6.0,1.0,52.0,48.0,5.0,8.0,37.0,27.0,11.0,18.0,6.0,7.0,13.0,10.0,10.0,33.0,2.0,0.0,0.0,0.0,5.0,8.0,83.8,81.9,0.127,0.202,0.167,0.462,-1.52,0.37,50.0,100.0
2025-09-20,08:30,76986,Premier League 25/26,25/26,Premier League,Matchweek 5,Sat,Home,W,2.0,1.0,Everton,57.0,,,,,,https://www.sofascore.com/everton-liverpool/UsY,Ended,Liverpool FC,for,0.9,0.7,1.0,0.0,1.0,0.0,0.0,0.0,5.0,4.0,11.0,10.0,475.0,345.0,404.0,263.0,18.0,18.0,10.0,11.0,1.0,1.0,2.0,3.0,0.0,0.0,1.0,1.0,5.0,3.0,3.0,4.0,9.0,6.0,2.0,3.0,3.0,0.0,26.0,21.0,14.0,23.0,2.0,5.0,50.0,50.0,11.0,11.0,37.0,41.0,20.0,15.0,10.0,12.0,12.0,10.0,37.0,23.0,1.0,0.0,0.0,0.0,6.0,9.0,85.1,76.2,0.082,0.078,0.273,0.222,1.1,0.3,50.0,33.3
2025-09-20,08:30,76986,Premier League 25/26,25/26,Premier League,Matchweek 5,Sat,Away,L,1.0,2.0,Liverpool FC,43.0,,,,,,https://www.sofascore.com/everton-liverpool/UsY,Ended,Everton,for,0.7,0.9,0.0,1.0,0.0,1.0,0.0,0.0,4.0,5.0,10.0,11.0,345.0,475.0,263.0,404.0,18.0,18.0,11.0,10.0,1.0,1.0,3.0,2.0,0.0,0.0,1.0,1.0,3.0,5.0,4.0,3.0,6.0,9.0,3.0,2.0,0.0,3.0,21.0,26.0,23.0,14.0,5.0,2.0,50.0,50.0,11.0,11.0,41.0,37.0,15.0,20.0,12.0,10.0,10.0,12.0,23.0,37.0,0.0,1.0,0.0,0.0,9.0,6.0,76.2,85.1,0.078,0.082,0.222,0.273,0.3,1.1,33.3,50.0
2025-09-20,11:00,76986,Premier League 25/26,25/26,Premier League,Matchweek 5,Sat,Home,D,2.0,2.0,Tottenham Hotspur,36.0,,,,,,https://www.sofascore.com/tottenham-hotspur-brighton-and-hove-albion/FsI,Ended,Brighton,for,1.32,1.22,1.0,1.0,1.0,1.0,0.0,0.0,2.0,10.0,10.0,13.0,307.0,523.0,236.0,464.0,25.0,26.0,13.0,10.0,0.0,1.0,1.0,2.0,0.0,0.0,2.0,2.0,1.0,2.0,7.0,6.0,5.0,9.0,7.0,2.0,0.0,0.0,17.0,44.0,22.0,27.0,2.0,3.0,48.0,52.0,16.0,9.0,44.0,49.0,13.0,12.0,6.0,13.0,5.0,9.0,40.0,17.0,0.0,0.0,0.0,1.0,14.0,9.0,76.9,88.7,0.11,0.111,0.333,0.273,0.68,0.78,66.7,50.0
2025-09-20,11:00,76986,Premier League 25/26,25/26,Premier League,Matchweek 5,Sat,Away,D,2.0,2.0,Brighton,64.0,,,,,,https://www.sofascore.com/tottenham-hotspur-brighton-and-hove-albion/FsI,Ended,Tottenham Hotspur,for,1.22,1.32,1.0,1.0,1.0,1.0,0.0,0.0,10.0,2.0,13.0,10.0,523.0,307.0,464.0,236.0,26.0,25.0,10.0,13.0,1.0,0.0,2.0,1.0,0.0,0.0,2.0,2.0,2.0,1.0,6.0,7.0,9.0,5.0,2.0,7.0,0.0,0.0,44.0,17.0,27.0,22.0,3.0,2.0,52.0,48.0,9.0,16.0,49.0,44.0,12.0,13.0,13.0,6.0,9.0,5.0,17.0,40.0,0.0,0.0,1.0,0.0,9.0,14.0,88.7,76.9,0.111,0.11,0.273,0.333,0.78,0.68,50.0,66.7
2025-09-20,11:00,76986,Premier League 25/26,25/26,Premier League,Matchweek 5,Sat,Home,L,1.0,2.0,Crystal Palace,57.0,,,,,,https://www.sofascore.com/west-ham-united-crystal-palace/hsM,Ended,West Ham United,for,0.66,2.31,1.0,4.0,0.0,2.0,1.0,2.0,8.0,8.0,15.0,5.0,450.0,345.0,375.0,284.0,9.0,22.0,5.0,15.0,1.0,2.0,4.0,3.0,0.0,0.0,1.0,2.0,1.0,6.0,4.0,9.0,7.0,14.0,1.0,4.0,2.0,0.0,20.0,27.0,21.0,22.0,7.0,8.0,40.0,60.0,15.0,8.0,28.0,41.0,18.0,29.0,14.0,5.0,7.0,10.0,22.0,35.0,0.0,0.0,1.0,0.0,11.0,10.0,83.3,82.3,0.083,0.128,0.375,0.167,0.34,-0.31,33.3,66.7
2025-09-20,11:00,76986,Premier League 25/26,25/26,Premier League,Matchweek 5,Sat,Away,W,2.0,1.0,West Ham United,43.0,,,,,,https://www.sofascore.com/west-ham-united-crystal-palace/hsM,Ended,Crystal Palace,for,2.31,0.66,4.0,1.0,2.0,0.0,2.0,1.0,8.0,8.0,5.0,15.0,345.0,450.0,284.0,375.0,22.0,9.0,15.0,5.0,2.0,1.0,3.0,4.0,0.0,0.0,2.0,1.0,6.0,1.0,9.0,4.0,14.0,7.0,4.0,1.0,0.0,2.0,27.0,20.0,22.0,21.0,8.0,7.0,60.0,40.0,8.0,15.0,41.0,28.0,29.0,18.0,5.0,14.0,10.0,7.0,35.0,22.0,0.0,0.0,0.0,1.0,10.0,11.0,82.3,83.3,0.128,0.083,0.167,0.375,-0.31,0.34,66.7,33.3
2025-09-20,11:00,76986,Premier League 25/26,25/26,Premier League,Matchweek 5,Sat,Home,D,1.0,1.0,Nottingham Forest,37.0,,,,,,https://www.sofascore.com/nottingham-forest-burnley/gso,Ended,Burnley,for,0.85,1.1,2.0,2.0,1.0,0.0,1.0,2.0,4.0,5.0,12.0,11.0,351.0,631.0,272.0,567.0,11.0,11.0,11.0,12.0,1.0,2.0,1.0,1.0,0.0,0.0,7.0,4.0,3.0,7.0,4.0,2.0,9.0,9.0,3.0,8.0,0.0,0.0,23.0,29.0,16.0,17.0,8.0,5.0,56.0,44.0,5.0,5.0,31.0,25.0,14.0,11.0,11.0,4.0,10.0,7.0,35.0,29.0,0.0,0.0,1.0,1.0,5.0,6.0,77.5,89.9,0.071,0.065,0.417,0.471,0.15,-0.1,87.5,80.0
2025-09-20,11:00,76986,Premier League 25/26,25/26,Premier League,Matchweek 5,Sat,Away,D,1.0,1.0,Burnley,63.0,,,,,,https://www.sofascore.com/nottingham-forest-burnley/gso,Ended,Nottingham Forest,for,1.1,0.85,2.0,2.0,0.0,1.0,2.0,1.0,5.0,4.0,11.0,12.0,631.0,351.0,567.0,272.0,11.0,11.0,12.0,11.0,2.0,1.0,1.0,1.0,0.0,0.0,4.0,7.0,7.0,3.0,2.0,4.0,9.0,9.0,8.0,3.0,0.0,0.0,29.0,23.0,17.0,16.0,5.0,8.0,44.0,56.0,5.0,5.0,25.0,31.0,11.0,14.0,4.0,11.0,7.0,10.0,29.0,35.0,0.0,0.0,1.0,1.0,6.0,5.0,89.9,77.5,0.065,0.071,0.471,0.417,-0.1,0.15,80.0,87.5
2025-09-20,11:00,76986,Premier League 25/26,25/26,Premier League,Matchweek 5,Sat,Home,L,1.0,3.0,Leeds United,56.0,,,,,,https://www.sofascore.com/leeds-united-wolverhampton/dsJ,Ended,Wolves,for,1.78,0.48,1.0,1.0,1.0,1.0,0.0,0.0,4.0,0.0,11.0,9.0,507.0,416.0,425.0,351.0,28.0,20.0,9.0,11.0,0.0,2.0,1.0,1.0,0.0,0.0,1.0,5.0,4.0,0.0,6.0,2.0,13.0,2.0,3.0,4.0,1.0,2.0,39.0,13.0,24.0,16.0,14.0,0.0,57.0,43.0,12.0,15.0,46.0,39.0,29.0,18.0,9.0,8.0,3.0,7.0,16.0,49.0,0.0,0.0,0.0,1.0,5.0,7.0,83.8,84.4,0.111,0.08,0.375,0.667,-0.78,2.52,25.0,83.3
2025-09-20,11:00,76986,Premier League 25/26,25/26,Premier League,Matchweek 5,Sat,Away,W,3.0,1.0,Wolves,44.0,,,,,,https://www.sofascore.com/leeds-united-wolverhampton/dsJ,Ended,Leeds United,for,0.48,1.78,1.0,1.0,1.0,1.0,0.0,0.0,0.0,4.0,9.0,11.0,416.0,507.0,351.0,425.0,20.0,28.0,11.0,9.0,2.0,0.0,1.0,1.0,0.0,0.0,5.0,1.0,0.0,4.0,2.0,6.0,2.0,13.0,4.0,3.0,2.0,1.0,13.0,39.0,16.0,24.0,0.0,14.0,43.0,57.0,15.0,12.0,39.0,46.0,18.0,29.0,8.0,9.0,7.0,3.0,49.0,16.0,0.0,0.0,1.0,0.0,7.0,5.0,84.4,83.8,0.08,0.111,0.667,0.375,2.52,-0.78,83.3,25.0
2025-09-20,13:30,76986,Premier League 25/26,25/26,Premier League,Matchweek 5,Sat,Home,W,2.0,1.0,Chelsea,41.0,,,,,,https://www.sofascore.com/chelsea-manchester-united/mcYb,Ended,Manchester Utd,for,1.84,0.43,3.0,1.0,2.0,1.0,1.0,0.0,5.0,5.0,13.0,14.0,371.0,550.0,292.0,466.0,21.0,16.0,14.0,13.0,3.0,2.0,2.0,5.0,1.0,1.0,0.0,2.0,4.0,2.0,3.0,2.0,6.0,4.0,5.0,1.0,1.0,1.0,21.0,16.0,13.0,21.0,8.0,2.0,49.0,51.0,8.0,11.0,39.0,37.0,12.0,16.0,5.0,8.0,10.0,8.0,19.0,29.0,0.0,1.0,0.0,0.0,2.0,6.0,78.7,84.7,0.167,0.086,0.364,0.2,0.16,0.57,0.0,50.0
2025-09-20,13:30,76986,Premier League 25/26,25/26,Premier League,Matchweek 5,Sat,Away,L,1.0,2.0,Manchester Utd,59.0,,,,,,https://www.sofascore.com/chelsea-manchester-united/mcYb,Ended,Chelsea,for,0.43,1.84,1.0,3.0,1.0,2.0,0.0,1.0,5.0,5.0,14.0,13.0,550.0,371.0,466.0,292.0,16.0,21.0,13.0,14.0,2.0,3.0,5.0,2.0,1.0,1.0,2.0,0.0,2.0,4.0,2.0,3.0,4.0,6.0,1.0,5.0,1.0,1.0,16.0,21.0,21.0,13.0,2.0,8.0,51.0,49.0,11.0,8.0,37.0,39.0,16.0,12.0,8.0,5.0,8.0,10.0,29.0,19.0,1.0,0.0,0.0,0.0,6.0,2.0,84.7,78.7,0.086,0.167,0.2,0.364,0.57,0.16,50.0,0.0
2025-09-20,16:00,76986,Premier League 25/26,25/26,Premier League,Matchweek 5,Sat,Home,W,3.0,1.0,Brentford,53.0,,,,,,https://www.sofascore.com/brentford-fulham/Tsab,Ended,Fulham,for,1.01,0.6,3.0,1.0,2.0,1.0,1.0,0.0,2.0,10.0,11.0,13.0,456.0,398.0,382.0,324.0,19.0,13.0,13.0,11.0,2.0,2.0,4.0,1.0,0.0,0.0,2.0,2.0,6.0,3.0,5.0,2.0,8.0,8.0,6.0,0.0,1.0,0.0,27.0,17.0,22.0,17.0,5.0,2.0,60.0,40.0,9.0,10.0,39.0,26.0,15.0,10.0,8.0,4.0,6.0,5.0,39.0,18.0,1.0,0.0,1.0,0.0,5.0,6.0,83.8,81.4,0.072,0.075,0.214,0.375,1.99,0.4,66.7,66.7
2025-09-20,16:00,76986,Premier League 25/26,25/26,Premier League,Matchweek 5,Sat,Away,L,1.0,3.0,Fulham,47.0,,,,,,https://www.sofascore.com/brentford-fulham/Tsab,Ended,Brentford,for,0.6,1.01,1.0,3.0,1.0,2.0,0.0,1.0,10.0,2.0,13.0,11.0,398.0,456.0,324.0,382.0,13.0,19.0,11.0,13.0,2.0,2.0,1.0,4.0,0.0,0.0,2.0,2.0,3.0,6.0,2.0,5.0,8.0,8.0,0.0,6.0,0.0,1.0,17.0,27.0,17.0,22.0,2.0,5.0,40.0,60.0,10.0,9.0,26.0,39.0,10.0,15.0,4.0,8.0,5.0,6.0,18.0,39.0,0.0,1.0,0.0,1.0,6.0,5.0,81.4,83.8,0.075,0.072,0.375,0.214,0.4,1.99,66.7,66.7
2025-09-21,10:00,76986,Premier League 25/26,25/26,Premier League,Matchweek 5,Sun,Home,D,0.0,0.0,Newcastle United,56.0,,,,,,https://www.sofascore.com/bournemouth-newcastle-united/Okb,Ended,Bournemouth,for,0.46,0.14,0.0,0.0,0.0,0.0,0.0,0.0,5.0,2.0,7.0,10.0,498.0,390.0,409.0,298.0,15.0,19.0,10.0,7.0,3.0,2.0,2.0,1.0,0.0,0.0,1.0,2.0,6.0,1.0,3.0,2.0,4.0,1.0,7.0,3.0,0.0,1.0,16.0,17.0,17.0,21.0,0.0,2.0,47.0,53.0,8.0,8.0,28.0,38.0,19.0,16.0,6.0,12.0,16.0,8.0,28.0,35.0,0.0,0.0,1.0,3.0,5.0,7.0,82.1,76.4,0.042,0.035,0.182,0.25,-0.46,-0.14,100.0,100.0
2025-09-21,10:00,76986,Premier League 25/26,25/26,Premier League,Matchweek 5,Sun,Away,D,0.0,0.0,Bournemouth,44.0,,,,,,https://www.sofascore.com/bournemouth-newcastle-united/Okb,Ended,Newcastle United,for,0.14,0.46,0.0,0.0,0.0,0.0,0.0,0.0,2.0,5.0,10.0,7.0,390.0,498.0,298.0,409.0,19.0,15.0,7.0,10.0,2.0,3.0,1.0,2.0,0.0,0.0,2.0,1.0,1.0,6.0,2.0,3.0,1.0,4.0,3.0,7.0,1.0,0.0,17.0,16.0,21.0,17.0,2.0,0.0,53.0,47.0,8.0,8.0,38.0,28.0,16.0,19.0,12.0,6.0,8.0,16.0,35.0,28.0,0.0,0.0,3.0,1.0,7.0,5.0,76.4,82.1,0.035,0.042,0.25,0.182,-0.14,-0.46,100.0,100.0
2025-09-21,10:00,76986,Premier League 25/26,25/26,Premier League,Matchweek 5,Sun,Home,D,1.0,1.0,Aston Villa,29.0,,,,,,https://www.sofascore.com/sunderland-aston-villa/nrqc,Ended,Sunderland,for,1.04,0.78,1.0,2.0,1.0,0.0,0.0,2.0,6.0,5.0,14.0,8.0,218.0,547.0,151.0,488.0,20.0,11.0,8.0,14.0,0.0,3.0,2.0,1.0,1.0,0.0,1.0,3.0,4.0,6.0,6.0,4.0,10.0,6.0,4.0,6.0,0.0,0.0,16.0,34.0,16.0,15.0,2.0,4.0,54.0,46.0,11.0,12.0,33.0,23.0,14.0,17.0,5.0,0.0,8.0,3.0,34.0,28.0,1.0,0.0,1.0,0.0,13.0,8.0,69.3,89.2,0.074,0.065,0.286,0.167,-0.04,0.22,50.0,75.0
2025-09-21,10:00,76986,Premier League 25/26,25/26,Premier League,Matchweek 5,Sun,Away,D,1.0,1.0,Sunderland,71.0,,,,,,https://www.sofascore.com/sunderland-aston-villa/nrqc,Ended,Aston Villa,for,0.78,1.04,2.0,1.0,0.0,1.0,2.0,0.0,5.0,6.0,8.0,14.0,547.0,218.0,488.0,151.0,11.0,20.0,14.0,8.0,3.0,0.0,1.0,2.0,0.0,1.0,3.0,1.0,6.0,4.0,4.0,6.0,6.0,10.0,6.0,4.0,0.0,0.0,34.0,16.0,15.0,16.0,4.0,2.0,46.0,54.0,12.0,11.0,23.0,33.0,17.0,14.0,0.0,5.0,3.0,8.0,28.0,34.0,0.0,1.0,0.0,1.0,8.0,13.0,89.2,69.3,0.065,0.074,0.167,0.286,0.22,-0.04,75.0,50.0
2025-09-21,12:30,76986,Premier League 25/26,25/26,Premier League,Matchweek 5,Sun,Home,D,1.0,1.0,Manchester City,67.0,,,,,,https://www.sofascore.com/arsenal-manchester-city/rsR,Ended,Arsenal,for,0.89,0.87,2.0,2.0,1.0,1.0,1.0,1.0,11.0,1.0,11.0,10.0,582.0,300.0,517.0,229.0,20.0,13.0,10.0,11.0,4.0,2.0,1.0,2.0,0.0,0.0,2.0,2.0,3.0,0.0,6.0,2.0,11.0,4.0,1.0,1.0,2.0,1.0,39.0,7.0,33.0,19.0,5.0,0.0,50.0,50.0,8.0,12.0,36.0,34.0,15.0,17.0,6.0,10.0,5.0,5.0,18.0,60.0,0.0,1.0,0.0,0.0,1.0,8.0,88.8,76.3,0.074,0.174,0.25,0.6,0.11,0.13,66.7,66.7
2025-09-21,12:30,76986,Premier League 25/26,25/26,Premier League,Matchweek 5,Sun,Away,D,1.0,1.0,Arsenal,33.0,,,,,,https://www.sofascore.com/arsenal-manchester-city/rsR,Ended,Manchester City,for,0.87,0.89,2.0,2.0,1.0,1.0,1.0,1.0,1.0,11.0,10.0,11.0,300.0,582.0,229.0,517.0,13.0,20.0,11.0,10.0,2.0,4.0,2.0,1.0,0.0,0.0,2.0,2.0,0.0,3.0,2.0,6.0,4.0,11.0,1.0,1.0,1.0,2.0,7.0,39.0,19.0,33.0,0.0,5.0,50.0,50.0,12.0,8.0,34.0,36.0,17.0,15.0,10.0,6.0,5.0,5.0,60.0,18.0,1.0,0.0,0.0,0.0,8.0,1.0,76.3,88.8,0.174,0.074,0.6,0.25,0.13,0.11,66.7,66.7
2025-09-27,08:30,76986,Premier League 25/26,25/26,Premier League,Matchweek 6,Sat,Home,W,3.0,1.0,Manchester Utd,44.0,,,,,,https://www.sofascore.com/brentford-manchester-united/Ksab,Ended,Brentford,for,2.02,2.08,6.0,4.0,2.0,1.0,4.0,3.0,4.0,2.0,14.0,10.0,359.0,458.0,274.0,370.0,14.0,16.0,10.0,13.0,2.0,1.0,2.0,2.0,0.0,0.0,5.0,5.0,1.0,4.0,1.0,4.0,7.0,9.0,3.0,5.0,1.0,1.0,23.0,17.0,21.0,18.0,7.0,4.0,50.0,50.0,8.0,6.0,30.0,32.0,22.0,19.0,6.0,2.0,7.0,4.0,24.0,29.0,0.0,0.0,2.0,1.0,9.0,3.0,76.3,80.8,0.202,0.149,0.8,0.429,0.98,-1.08,83.3,62.5
2025-09-27,08:30,76986,Premier League 25/26,25/26,Premier League,Matchweek 6,Sat,Away,L,1.0,3.0,Brentford,56.0,,,,,,https://www.sofascore.com/brentford-manchester-united/Ksab,Ended,Manchester Utd,for,2.08,2.02,4.0,6.0,1.0,2.0,3.0,4.0,2.0,4.0,10.0,14.0,458.0,359.0,370.0,274.0,16.0,14.0,13.0,10.0,1.0,2.0,2.0,2.0,0.0,0.0,5.0,5.0,4.0,1.0,4.0,1.0,9.0,7.0,5.0,3.0,1.0,1.0,17.0,23.0,18.0,21.0,4.0,7.0,50.0,50.0,6.0,8.0,32.0,30.0,19.0,22.0,2.0,6.0,4.0,7.0,29.0,24.0,0.0,0.0,1.0,2.0,3.0,9.0,80.8,76.3,0.149,0.202,0.429,0.8,-1.08,0.98,62.5,83.3
2025-09-27,11:00,76986,Premier League 25/26,25/26,Premier League,Matchweek 6,Sat,Home,W,5.0,1.0,Burnley,69.0,,,,,,https://www.sofascore.com/manchester-city-burnley/gsr,Ended,Manchester City,for,2.03,0.41,5.0,0.0,3.0,0.0,2.0,0.0,10.0,2.0,5.0,7.0,638.0,295.0,566.0,242.0,8.0,20.0,7.0,5.0,1.0,1.0,1.0,3.0,0.0,0.0,1.0,5.0,6.0,5.0,7.0,2.0,13.0,5.0,8.0,4.0,1.0,0.0,64.0,11.0,10.0,31.0,9.0,1.0,49.0,51.0,12.0,4.0,28.0,25.0,11.0,15.0,14.0,1.0,4.0,10.0,19.0,31.0,0.0,1.0,0.0,1.0,4.0,11.0,88.7,82.0,0.097,0.046,0.381,0.222,2.97,0.59,50.0,62.5
2025-09-27,11:00,76986,Premier League 25/26,25/26,Premier League,Matchweek 6,Sat,Away,L,1.0,5.0,Manchester City,31.0,,,,,,https://www.sofascore.com/manchester-city-burnley/gsr,Ended,Burnley,for,0.41,2.03,0.0,5.0,0.0,3.0,0.0,2.0,2.0,10.0,7.0,5.0,295.0,638.0,242.0,566.0,20.0,8.0,5.0,7.0,1.0,1.0,3.0,1.0,0.0,0.0,5.0,1.0,5.0,6.0,2.0,7.0,5.0,13.0,4.0,8.0,0.0,1.0,11.0,64.0,31.0,10.0,1.0,9.0,51.0,49.0,4.0,12.0,25.0,28.0,15.0,11.0,1.0,14.0,10.0,4.0,31.0,19.0,1.0,0.0,1.0,0.0,11.0,4.0,82.0,88.7,0.046,0.097,0.222,0.381,0.59,2.97,62.5,50.0
2025-09-27,11:00,76986,Premier League 25/26,25/26,Premier League,Matchweek 6,Sat,Home,W,2.0,1.0,Liverpool FC,28.0,,,,,,https://www.sofascore.com/liverpool-crystal-palace/hsU,Ended,Crystal Palace,for,2.92,2.14,7.0,6.0,2.0,1.0,5.0,5.0,2.0,6.0,10.0,8.0,270.0,688.0,175.0,609.0,24.0,7.0,8.0,10.0,2.0,1.0,1.0,3.0,0.0,0.0,3.0,5.0,2.0,5.0,7.0,11.0,12.0,13.0,4.0,7.0,1.0,0.0,33.0,28.0,23.0,19.0,2.0,8.0,52.0,48.0,6.0,11.0,36.0,23.0,12.0,22.0,6.0,6.0,9.0,10.0,32.0,36.0,2.0,2.0,1.0,1.0,16.0,8.0,64.8,88.5,0.182,0.107,0.438,0.2,-0.92,-1.14,75.0,71.4
2025-09-27,11:00,76986,Premier League 25/26,25/26,Premier League,Matchweek 6,Sat,Away,L,1.0,2.0,Crystal Palace,72.0,,,,,,https://www.sofascore.com/liverpool-crystal-palace/hsU,Ended,Liverpool FC,for,2.14,2.92,6.0,7.0,1.0,2.0,5.0,5.0,6.0,2.0,8.0,10.0,688.0,270.0,609.0,175.0,7.0,24.0,10.0,8.0,1.0,2.0,3.0,1.0,0.0,0.0,5.0,3.0,5.0,2.0,11.0,7.0,13.0,12.0,7.0,4.0,0.0,1.0,28.0,33.0,19.0,23.0,8.0,2.0,48.0,52.0,11.0,6.0,23.0,36.0,22.0,12.0,6.0,6.0,10.0,9.0,36.0,32.0,2.0,2.0,1.0,1.0,8.0,16.0,88.5,64.8,0.107,0.182,0.2,0.438,-1.14,-0.92,71.4,75.0
2025-09-27,11:00,76986,Premier League 25/26,25/26,Premier League,Matchweek 6,Sat,Home,L,1.0,3.0,Brighton,60.0,,,,,,https://www.sofascore.com/chelsea-brighton-and-hove-albion/FsN,Ended,Chelsea,for,1.81,2.28,2.0,4.0,1.0,3.0,1.0,1.0,5.0,7.0,9.0,16.0,470.0,316.0,396.0,266.0,21.0,21.0,16.0,9.0,2.0,2.0,3.0,5.0,1.0,0.0,0.0,2.0,6.0,2.0,4.0,7.0,7.0,8.0,6.0,4.0,0.0,2.0,17.0,27.0,15.0,16.0,3.0,5.0,53.0,47.0,9.0,10.0,46.0,37.0,8.0,11.0,10.0,7.0,10.0,12.0,8.0,26.0,1.0,0.0,4.0,0.0,11.0,5.0,84.3,84.2,0.139,0.19,0.231,0.25,-0.81,0.72,0.0,66.7
2025-09-27,11:00,76986,Premier League 25/26,25/26,Premier League,Matchweek 6,Sat,Away,W,3.0,1.0,Chelsea,40.0,,,,,,https://www.sofascore.com/chelsea-brighton-and-hove-albion/FsN,Ended,Brighton,for,2.28,1.81,4.0,2.0,3.0,1.0,1.0,1.0,7.0,5.0,16.0,9.0,316.0,470.0,266.0,396.0,21.0,21.0,9.0,16.0,2.0,2.0,5.0,3.0,0.0,1.0,2.0,0.0,2.0,6.0,7.0,4.0,8.0,7.0,4.0,6.0,2.0,0.0,27.0,17.0,16.0,15.0,5.0,3.0,47.0,53.0,10.0,9.0,37.0,46.0,11.0,8.0,7.0,10.0,12.0,10.0,26.0,8.0,0.0,1.0,0.0,4.0,5.0,11.0,84.2,84.3,0.19,0.139,0.25,0.231,0.72,-0.81,66.7,0.0
2025-09-27,11:00,76986,Premier League 25/26,25/26,Premier League,Matchweek 6,Sat,Home,D,2.0,2.0,Bournemouth,41.0,,,,,,https://www.sofascore.com/bournemouth-leeds-united/Jskb,Ended,Leeds United,for,1.84,0.82,3.0,1.0,0.0,1.0,3.0,0.0,7.0,4.0,12.0,13.0,357.0,509.0,280.0,436.0,27.0,23.0,13.0,12.0,0.0,2.0,2.0,2.0,0.0,0.0,3.0,6.0,6.0,3.0,5.0,4.0,16.0,7.0,3.0,5.0,0.0,0.0,35.0,21.0,32.0,24.0,9.0,3.0,51.0,49.0,14.0,13.0,47.0,44.0,18.0,19.0,8.0,11.0,9.0,7.0,25.0,30.0,0.0,0.0,0.0,0.0,11.0,5.0,78.4,85.7,0.097,0.068,0.421,0.417,0.16,1.18,60.0,75.0
2025-09-27,11:00,76986,Premier League 25/26,25/26,Premier League,Matchweek 6,Sat,Away,D,2.0,2.0,Leeds United,59.0,,,,,,https://www.sofascore.com/bournemouth-leeds-united/Jskb,Ended,Bournemouth,for,0.82,1.84,1.0,3.0,1.0,0.0,0.0,3.0,4.0,7.0,13.0,12.0,509.0,357.0,436.0,280.0,23.0,27.0,12.0,13.0,2.0,0.0,2.0,2.0,0.0,0.0,6.0,3.0,3.0,6.0,4.0,5.0,7.0,16.0,5.0,3.0,0.0,0.0,21.0,35.0,24.0,32.0,3.0,9.0,49.0,51.0,13.0,14.0,44.0,47.0,19.0,18.0,11.0,8.0,7.0,9.0,30.0,25.0,0.0,0.0,0.0,0.0,5.0,11.0,85.7,78.4,0.068,0.097,0.417,0.421,1.18,0.16,75.0,60.0
2025-09-27,13:30,76986,Premier League 25/26,25/26,Premier League,Matchweek 6,Sat,Home,L,0.0,1.0,Sunderland,65.0,,,,,,https://www.sofascore.com/sunderland-nottingham-forest/osQ,Ended,Nottingham Forest,for,1.68,1.66,1.0,3.0,0.0,1.0,1.0,2.0,7.0,4.0,11.0,6.0,578.0,318.0,521.0,258.0,16.0,10.0,6.0,11.0,0.0,1.0,4.0,2.0,0.0,0.0,2.0,6.0,6.0,3.0,10.0,5.0,15.0,8.0,7.0,3.0,1.0,1.0,36.0,21.0,23.0,33.0,8.0,3.0,53.0,47.0,3.0,11.0,31.0,27.0,15.0,13.0,9.0,7.0,1.0,6.0,20.0,42.0,2.0,1.0,0.0,4.0,4.0,12.0,90.1,81.1,0.076,0.151,0.273,0.273,-1.68,-0.66,66.7,100.0
2025-09-27,13:30,76986,Premier League 25/26,25/26,Premier League,Matchweek 6,Sat,Away,W,1.0,0.0,Nottingham Forest,35.0,,,,,,https://www.sofascore.com/sunderland-nottingham-forest/osQ,Ended,Sunderland,for,1.66,1.68,3.0,1.0,1.0,0.0,2.0,1.0,4.0,7.0,6.0,11.0,318.0,578.0,258.0,521.0,10.0,16.0,11.0,6.0,1.0,0.0,2.0,4.0,0.0,0.0,6.0,2.0,3.0,6.0,5.0,10.0,8.0,15.0,3.0,7.0,1.0,1.0,21.0,36.0,33.0,23.0,3.0,8.0,47.0,53.0,11.0,3.0,27.0,31.0,13.0,15.0,7.0,9.0,6.0,1.0,42.0,20.0,1.0,2.0,4.0,0.0,12.0,4.0,81.1,90.1,0.151,0.076,0.273,0.273,-0.66,-1.68,100.0,66.7
2025-09-27,16:00,76986,Premier League 25/26,25/26,Premier League,Matchweek 6,Sat,Home,D,1.0,1.0,Wolves,51.0,,,,,,https://www.sofascore.com/tottenham-hotspur-wolverhampton/dsI,Ended,Tottenham Hotspur,for,0.87,1.15,1.0,1.0,0.0,1.0,1.0,0.0,10.0,9.0,9.0,11.0,398.0,394.0,325.0,321.0,17.0,31.0,11.0,9.0,2.0,0.0,3.0,2.0,0.0,0.0,2.0,2.0,2.0,1.0,5.0,5.0,7.0,6.0,3.0,3.0,0.0,0.0,24.0,16.0,26.0,22.0,9.0,4.0,47.0,53.0,17.0,9.0,38.0,48.0,18.0,16.0,11.0,8.0,10.0,10.0,19.0,41.0,0.0,0.0,1.0,1.0,6.0,6.0,81.7,81.5,0.087,0.128,0.3,0.333,0.13,-0.15,66.7,66.7
2025-09-27,16:00,76986,Premier League 25/26,25/26,Premier League,Matchweek 6,Sat,Away,D,1.0,1.0,Tottenham Hotspur,49.0,,,,,,https://www.sofascore.com/tottenham-hotspur-wolverhampton/dsI,Ended,Wolves,for,1.15,0.87,1.0,1.0,1.0,0.0,0.0,1.0,9.0,10.0,11.0,9.0,394.0,398.0,321.0,325.0,31.0,17.0,9.0,11.0,0.0,2.0,2.0,3.0,0.0,0.0,2.0,2.0,1.0,2.0,5.0,5.0,6.0,7.0,3.0,3.0,0.0,0.0,16.0,24.0,22.0,26.0,4.0,9.0,53.0,47.0,9.0,17.0,48.0,38.0,16.0,18.0,8.0,11.0,10.0,10.0,41.0,19.0,0.0,0.0,1.0,1.0,6.0,6.0,81.5,81.7,0.128,0.087,0.333,0.3,-0.15,0.13,66.7,66.7
2025-09-28,10:00,76986,Premier League 25/26,25/26,Premier League,Matchweek 6,Sun,Home,W,3.0,1.0,Fulham,48.0,,,,,,https://www.sofascore.com/fulham-aston-villa/PsT,Ended,Aston Villa,for,1.11,0.92,3.0,1.0,2.0,0.0,1.0,1.0,2.0,8.0,10.0,13.0,403.0,414.0,340.0,357.0,10.0,16.0,13.0,10.0,2.0,4.0,1.0,4.0,0.0,0.0,3.0,1.0,2.0,3.0,3.0,4.0,4.0,9.0,5.0,2.0,2.0,2.0,18.0,27.0,17.0,26.0,1.0,7.0,45.0,55.0,9.0,4.0,24.0,37.0,14.0,9.0,5.0,11.0,7.0,9.0,26.0,23.0,1.0,1.0,1.0,2.0,9.0,4.0,84.4,86.2,0.123,0.084,0.444,0.364,1.89,0.08,75.0,25.0
2025-09-28,10:00,76986,Premier League 25/26,25/26,Premier League,Matchweek 6,Sun,Away,L,1.0,3.0,Aston Villa,52.0,,,,,,https://www.sofascore.com/fulham-aston-villa/PsT,Ended,Fulham,for,0.92,1.11,1.0,3.0,0.0,2.0,1.0,1.0,8.0,2.0,13.0,10.0,414.0,403.0,357.0,340.0,16.0,10.0,10.0,13.0,4.0,2.0,4.0,1.0,0.0,0.0,1.0,3.0,3.0,2.0,4.0,3.0,9.0,4.0,2.0,5.0,2.0,2.0,27.0,18.0,26.0,17.0,7.0,1.0,55.0,45.0,4.0,9.0,37.0,24.0,9.0,14.0,11.0,5.0,9.0,7.0,23.0,26.0,1.0,1.0,2.0,1.0,4.0,9.0,86.2,84.4,0.084,0.123,0.364,0.444,0.08,1.89,25.0,75.0
2025-09-28,12:30,76986,Premier League 25/26,25/26,Premier League,Matchweek 6,Sun,Home,L,1.0,2.0,Arsenal,37.0,,,,,,https://www.sofascore.com/arsenal-newcastle-united/Ardc,Ended,Newcastle United,for,0.61,2.04,1.0,4.0,1.0,1.0,0.0,3.0,7.0,12.0,8.0,9.0,279.0,495.0,194.0,405.0,12.0,13.0,9.0,8.0,1.0,0.0,2.0,1.0,0.0,0.0,5.0,2.0,4.0,6.0,1.0,7.0,7.0,18.0,1.0,2.0,1.0,1.0,17.0,43.0,20.0,22.0,3.0,9.0,48.0,52.0,10.0,6.0,23.0,32.0,26.0,22.0,3.0,11.0,8.0,10.0,41.0,29.0,0.0,0.0,2.0,1.0,7.0,3.0,69.5,81.8,0.076,0.102,0.375,0.35,0.39,-0.04,71.4,66.7
2025-09-28,12:30,76986,Premier League 25/26,25/26,Premier League,Matchweek 6,Sun,Away,W,2.0,1.0,Newcastle United,63.0,,,,,,https://www.sofascore.com/arsenal-newcastle-united/Ardc,Ended,Arsenal,for,2.04,0.61,4.0,1.0,1.0,1.0,3.0,0.0,12.0,7.0,9.0,8.0,495.0,279.0,405.0,194.0,13.0,12.0,8.0,9.0,0.0,1.0,1.0,2.0,0.0,0.0,2.0,5.0,6.0,4.0,7.0,1.0,18.0,7.0,2.0,1.0,1.0,1.0,43.0,17.0,22.0,20.0,9.0,3.0,52.0,48.0,6.0,10.0,32.0,23.0,22.0,26.0,11.0,3.0,10.0,8.0,29.0,41.0,0.0,0.0,1.0,2.0,3.0,7.0,81.8,69.5,0.102,0.076,0.35,0.375,-0.04,0.39,66.7,71.4
2025-09-29,16:00,76986,Premier League 25/26,25/26,Premier League,Matchweek 6,Mon,Home,D,1.0,1.0,West Ham United,52.0,,,,,,https://www.sofascore.com/everton-west-ham-united/MY,Ended,Everton,for,0.73,1.19,0.0,1.0,0.0,0.0,0.0,1.0,3.0,5.0,7.0,16.0,447.0,416.0,380.0,332.0,11.0,16.0,16.0,7.0,0.0,2.0,3.0,4.0,0.0,0.0,2.0,5.0,3.0,6.0,3.0,5.0,9.0,10.0,3.0,4.0,0.0,1.0,30.0,29.0,25.0,19.0,3.0,4.0,51.0,49.0,10.0,5.0,31.0,27.0,21.0,23.0,4.0,4.0,5.0,6.0,37.0,36.0,2.0,0.0,0.0,0.0,7.0,9.0,85.0,79.8,0.061,0.085,0.5,0.214,0.27,-0.19,66.7,83.3
2025-09-29,16:00,76986,Premier League 25/26,25/26,Premier League,Matchweek 6,Mon,Away,D,1.0,1.0,Everton,48.0,,,,,,https://www.sofascore.com/everton-west-ham-united/MY,Ended,West Ham United,for,1.19,0.73,1.0,0.0,0.0,0.0,1.0,0.0,5.0,3.0,16.0,7.0,416.0,447.0,332.0,380.0,16.0,11.0,7.0,16.0,2.0,0.0,4.0,3.0,0.0,0.0,5.0,2.0,6.0,3.0,5.0,3.0,10.0,9.0,4.0,3.0,1.0,0.0,29.0,30.0,19.0,25.0,4.0,3.0,49.0,51.0,5.0,10.0,27.0,31.0,23.0,21.0,4.0,4.0,6.0,5.0,36.0,37.0,0.0,2.0,0.0,0.0,9.0,7.0,79.8,85.0,0.085,0.061,0.214,0.5,-0.19,0.27,83.3,66.7
2025-10-03,16:00,76986,Premier League 25/26,25/26,Premier League,Matchweek 7,Fri,Home,W,3.0,1.0,Fulham,54.0,,,,,,https://www.sofascore.com/bournemouth-fulham/Tskb,Ended,Bournemouth,for,1.12,0.88,1.0,1.0,1.0,1.0,0.0,0.0,4.0,3.0,8.0,10.0,536.0,473.0,460.0,383.0,10.0,11.0,10.0,8.0,2.0,2.0,0.0,1.0,0.0,0.0,3.0,3.0,3.0,4.0,2.0,4.0,6.0,5.0,5.0,7.0,2.0,2.0,30.0,17.0,25.0,22.0,1.0,3.0,55.0,45.0,4.0,7.0,29.0,27.0,11.0,6.0,10.0,9.0,8.0,7.0,23.0,38.0,1.0,1.0,0.0,0.0,6.0,14.0,85.8,81.0,0.102,0.073,0.545,0.333,1.88,0.12,75.0,50.0
2025-10-03,16:00,76986,Premier League 25/26,25/26,Premier League,Matchweek 7,Fri,Away,L,1.0,3.0,Bournemouth,46.0,,,,,,https://www.sofascore.com/bournemouth-fulham/Tskb,Ended,Fulham,for,0.88,1.12,1.0,1.0,1.0,1.0,0.0,0.0,3.0,4.0,10.0,8.0,473.0,536.0,383.0,460.0,11.0,10.0,8.0,10.0,2.0,2.0,1.0,0.0,0.0,0.0,3.0,3.0,4.0,3.0,4.0,2.0,5.0,6.0,7.0,5.0,2.0,2.0,17.0,30.0,22.0,25.0,3.0,1.0,45.0,55.0,7.0,4.0,27.0,29.0,6.0,11.0,9.0,10.0,7.0,8.0,38.0,23.0,1.0,1.0,0.0,0.0,14.0,6.0,81.0,85.8,0.073,0.102,0.333,0.545,0.12,1.88,50.0,75.0
2025-10-04,08:30,76986,Premier League 25/26,25/26,Premier League,Matchweek 7,Sat,Home,L,1.0,2.0,Tottenham Hotspur,57.0,,,,,,https://www.sofascore.com/leeds-united-tottenham-hotspur/IsJ,Ended,Leeds United,for,1.68,0.53,4.0,1.0,1.0,0.0,3.0,1.0,4.0,1.0,10.0,12.0,478.0,374.0,401.0,298.0,19.0,15.0,12.0,10.0,1.0,2.0,2.0,3.0,0.0,0.0,1.0,3.0,2.0,2.0,10.0,4.0,11.0,4.0,5.0,5.0,1.0,1.0,22.0,18.0,16.0,11.0,10.0,1.0,52.0,48.0,8.0,12.0,34.0,34.0,14.0,10.0,3.0,10.0,6.0,6.0,25.0,34.0,1.0,3.0,1.0,0.0,9.0,18.0,83.9,79.7,0.105,0.059,0.25,0.333,-0.68,1.47,33.3,75.0
2025-10-04,08:30,76986,Premier League 25/26,25/26,Premier League,Matchweek 7,Sat,Away,W,2.0,1.0,Leeds United,43.0,,,,,,https://www.sofascore.com/leeds-united-tottenham-hotspur/IsJ,Ended,Tottenham Hotspur,for,0.53,1.68,1.0,4.0,0.0,1.0,1.0,3.0,1.0,4.0,12.0,10.0,374.0,478.0,298.0,401.0,15.0,19.0,10.0,12.0,2.0,1.0,3.0,2.0,0.0,0.0,3.0,1.0,2.0,2.0,4.0,10.0,4.0,11.0,5.0,5.0,1.0,1.0,18.0,22.0,11.0,16.0,1.0,10.0,48.0,52.0,12.0,8.0,34.0,34.0,10.0,14.0,10.0,3.0,6.0,6.0,34.0,25.0,3.0,1.0,0.0,1.0,18.0,9.0,79.7,83.9,0.059,0.105,0.333,0.25,1.47,-0.68,75.0,33.3
2025-10-04,11:00,76986,Premier League 25/26,25/26,Premier League,Matchweek 7,Sat,Home,W,2.0,0.0,Sunderland,50.0,,,,,,https://www.sofascore.com/sunderland-manchester-united/KsQ,Ended,Manchester Utd,for,1.84,0.71,2.0,2.0,1.0,0.0,1.0,2.0,2.0,3.0,10.0,12.0,448.0,428.0,351.0,341.0,17.0,21.0,12.0,10.0,1.0,2.0,1.0,4.0,0.0,0.0,3.0,4.0,2.0,1.0,7.0,4.0,11.0,5.0,4.0,3.0,0.0,0.0,32.0,14.0,19.0,16.0,5.0,4.0,44.0,56.0,5.0,8.0,34.0,41.0,14.0,20.0,7.0,11.0,10.0,10.0,24.0,31.0,0.0,1.0,2.0,0.0,8.0,7.0,78.3,79.7,0.123,0.089,0.4,0.375,0.16,-0.71,100.0,66.7
2025-10-04,11:00,76986,Premier League 25/26,25/26,Premier League,Matchweek 7,Sat,Away,L,0.0,2.0,Manchester Utd,50.0,,,,,,https://www.sofascore.com/sunderland-manchester-united/KsQ,Ended,Sunderland,for,0.71,1.84,2.0,2.0,0.0,1.0,2.0,1.0,3.0,2.0,12.0,10.0,428.0,448.0,341.0,351.0,21.0,17.0,10.0,12.0,2.0,1.0,4.0,1.0,0.0,0.0,4.0,3.0,1.0,2.0,4.0,7.0,5.0,11.0,3.0,4.0,0.0,0.0,14.0,32.0,16.0,19.0,4.0,5.0,56.0,44.0,8.0,5.0,41.0,34.0,20.0,14.0,11.0,7.0,10.0,10.0,31.0,24.0,1.0,0.0,0.0,2.0,7.0,8.0,79.7,78.3,0.089,0.123,0.375,0.4,-0.71,0.16,66.7,100.0
2025-10-04,11:00,76986,Premier League 25/26,25/26,Premier League,Matchweek 7,Sat,Home,W,2.0,0.0,West Ham United,68.0,,,,,,https://www.sofascore.com/arsenal-west-ham-united/MR,Ended,Arsenal,for,2.77,0.49,4.0,2.0,2.0,0.0,2.0,2.0,8.0,3.0,14.0,14.0,566.0,268.0,498.0,210.0,23.0,17.0,13.0,14.0,1.0,1.0,0.0,2.0,0.0,0.0,0.0,3.0,9.0,1.0,7.0,3.0,16.0,4.0,5.0,0.0,2.0,0.0,46.0,8.0,10.0,14.0,3.0,2.0,55.0,45.0,9.0,12.0,42.0,33.0,12.0,12.0,5.0,3.0,7.0,12.0,27.0,50.0,0.0,2.0,0.0,1.0,4.0,7.0,88.0,78.4,0.132,0.122,0.238,0.0,-0.77,-0.49,,60.0
2025-10-04,11:00,76986,Premier League 25/26,25/26,Premier League,Matchweek 7,Sat,Away,L,0.0,2.0,Arsenal,32.0,,,,,,https://www.sofascore.com/arsenal-west-ham-united/MR,Ended,West Ham United,for,0.49,2.77,2.0,4.0,0.0,2.0,2.0,2.0,3.0,8.0,14.0,14.0,268.0,566.0,210.0,498.0,17.0,23.0,14.0,13.0,1.0,1.0,2.0,0.0,0.0,0.0,3.0,0.0,1.0,9.0,3.0,7.0,4.0,16.0,0.0,5.0,0.0,2.0,8.0,46.0,14.0,10.0,2.0,3.0,45.0,55.0,12.0,9.0,33.0,42.0,12.0,12.0,3.0,5.0,12.0,7.0,50.0,27.0,2.0,0.0,1.0,0.0,7.0,4.0,78.4,88.0,0.122,0.132,0.0,0.238,-0.49,-0.77,60.0,
2025-10-04,13:30,76986,Premier League 25/26,25/26,Premier League,Matchweek 7,Sat,Home,W,2.0,1.0,Liverpool FC,53.0,,,,,,https://www.sofascore.com/liverpool-chelsea/NsU,Ended,Chelsea,for,1.0,1.95,2.0,4.0,1.0,1.0,1.0,3.0,7.0,2.0,9.0,8.0,508.0,450.0,422.0,370.0,21.0,16.0,8.0,9.0,2.0,2.0,0.0,2.0,0.0,0.0,1.0,4.0,2.0,5.0,4.0,5.0,6.0,8.0,6.0,4.0,0.0,2.0,22.0,25.0,29.0,16.0,3.0,3.0,56.0,44.0,8.0,5.0,34.0,26.0,7.0,6.0,6.0,2.0,13.0,9.0,12.0,26.0,0.0,0.0,1.0,2.0,12.0,10.0,83.1,82.2,0.083,0.163,0.5,0.167,1.0,-0.95,50.0,66.7
2025-10-04,13:30,76986,Premier League 25/26,25/26,Premier League,Matchweek 7,Sat,Away,L,1.0,2.0,Chelsea,47.0,,,,,,https://www.sofascore.com/liverpool-chelsea/NsU,Ended,Liverpool FC,for,1.95,1.0,4.0,2.0,1.0,1.0,3.0,1.0,2.0,7.0,8.0,9.0,450.0,508.0,370.0,422.0,16.0,21.0,9.0,8.0,2.0,2.0,2.0,0.0,0.0,0.0,4.0,1.0,5.0,2.0,5.0,4.0,8.0,6.0,4.0,6.0,2.0,0.0,25.0,22.0,16.0,29.0,3.0,3.0,44.0,56.0,5.0,8.0,26.0,34.0,6.0,7.0,2.0,6.0,9.0,13.0,26.0,12.0,0.0,0.0,2.0,1.0,10.0,12.0,82.2,83.1,0.163,0.083,0.167,0.5,-0.95,1.0,66.7,50.0
2025-10-05,10:00,76986,Premier League 25/26,25/26,Premier League,Matchweek 7,Sun,Home,W,2.0,0.0,Nottingham Forest,51.0,,,,,,https://www.sofascore.com/newcastle-united-nottingham-forest/osO,Ended,Newcastle United,for,3.45,0.3,6.0,0.0,1.0,0.0,5.0,0.0,8.0,1.0,16.0,15.0,464.0,452.0,387.0,372.0,16.0,13.0,14.0,16.0,0.0,2.0,0.0,4.0,0.0,0.0,4.0,7.0,5.0,0.0,4.0,1.0,13.0,4.0,5.0,1.0,1.0,0.0,33.0,18.0,13.0,20.0,5.0,3.0,47.0,53.0,6.0,11.0,35.0,41.0,12.0,13.0,5.0,13.0,9.0,9.0,16.0,38.0,0.0,1.0,0.0,0.0,4.0,8.0,83.4,82.3,0.192,0.06,0.5,0.8,-1.45,-0.3,100.0,77.8
2025-10-05,10:00,76986,Premier League 25/26,25/26,Premier League,Matchweek 7,Sun,Away,L,0.0,2.0,Newcastle United,49.0,,,,,,https://www.sofascore.com/newcastle-united-nottingham-forest/osO,Ended,Nottingham Forest,for,0.3,3.45,0.0,6.0,0.0,1.0,0.0,5.0,1.0,8.0,15.0,16.0,452.0,464.0,372.0,387.0,13.0,16.0,16.0,14.0,2.0,0.0,4.0,0.0,0.0,0.0,7.0,4.0,0.0,5.0,1.0,4.0,4.0,13.0,1.0,5.0,0.0,1.0,18.0,33.0,20.0,13.0,3.0,5.0,53.0,47.0,11.0,6.0,41.0,35.0,13.0,12.0,13.0,5.0,9.0,9.0,38.0,16.0,1.0,0.0,0.0,0.0,8.0,4.0,82.3,83.4,0.06,0.192,0.8,0.5,-0.3,-1.45,77.8,100.0
2025-10-05,10:00,76986,Premier League 25/26,25/26,Premier League,Matchweek 7,Sun,Home,W,2.0,1.0,Burnley,55.0,,,,,,https://www.sofascore.com/aston-villa-burnley/gsP,Ended,Aston Villa,for,1.16,0.4,2.0,1.0,1.0,1.0,1.0,0.0,6.0,4.0,9.0,15.0,496.0,409.0,434.0,331.0,15.0,27.0,15.0,9.0,3.0,5.0,3.0,1.0,0.0,0.0,1.0,5.0,3.0,2.0,5.0,1.0,12.0,3.0,3.0,2.0,1.0,0.0,23.0,12.0,21.0,23.0,8.0,3.0,56.0,44.0,13.0,8.0,36.0,37.0,20.0,7.0,6.0,2.0,5.0,13.0,23.0,5.0,0.0,0.0,1.0,0.0,4.0,8.0,87.5,80.9,0.077,0.08,0.467,0.4,0.84,0.6,50.0,71.4
2025-10-05,10:00,76986,Premier League 25/26,25/26,Premier League,Matchweek 7,Sun,Away,L,1.0,2.0,Aston Villa,45.0,,,,,,https://www.sofascore.com/aston-villa-burnley/gsP,Ended,Burnley,for,0.4,1.16,1.0,2.0,1.0,1.0,0.0,1.0,4.0,6.0,15.0,9.0,409.0,496.0,331.0,434.0,27.0,15.0,9.0,15.0,5.0,3.0,1.0,3.0,0.0,0.0,5.0,1.0,2.0,3.0,1.0,5.0,3.0,12.0,2.0,3.0,0.0,1.0,12.0,23.0,23.0,21.0,3.0,8.0,44.0,56.0,8.0,13.0,37.0,36.0,7.0,20.0,2.0,6.0,13.0,5.0,5.0,23.0,0.0,0.0,0.0,1.0,8.0,4.0,80.9,87.5,0.08,0.077,0.4,0.467,0.6,0.84,71.4,50.0
2025-10-05,10:00,76986,Premier League 25/26,25/26,Premier League,Matchweek 7,Sun,Home,D,1.0,1.0,Brighton,42.0,,,,,,https://www.sofascore.com/brighton-and-hove-albion-wolverhampton/dsF,Ended,Wolves,for,0.56,0.92,1.0,2.0,0.0,0.0,1.0,2.0,2.0,8.0,13.0,9.0,353.0,492.0,270.0,427.0,26.0,19.0,9.0,13.0,1.0,3.0,2.0,4.0,0.0,0.0,5.0,3.0,0.0,5.0,3.0,6.0,4.0,10.0,2.0,7.0,0.0,0.0,8.0,28.0,31.0,26.0,3.0,13.0,52.0,48.0,11.0,6.0,41.0,40.0,15.0,12.0,6.0,8.0,9.0,9.0,32.0,16.0,1.0,0.0,1.0,1.0,11.0,3.0,76.5,86.8,0.093,0.054,0.5,0.353,0.44,0.08,83.3,100.0
2025-10-05,10:00,76986,Premier League 25/26,25/26,Premier League,Matchweek 7,Sun,Away,D,1.0,1.0,Wolves,58.0,,,,,,https://www.sofascore.com/brighton-and-hove-albion-wolverhampton/dsF,Ended,Brighton,for,0.92,0.56,2.0,1.0,0.0,0.0,2.0,1.0,8.0,2.0,9.0,13.0,492.0,353.0,427.0,270.0,19.0,26.0,13.0,9.0,3.0,1.0,4.0,2.0,0.0,0.0,3.0,5.0,5.0,0.0,6.0,3.0,10.0,4.0,7.0,2.0,0.0,0.0,28.0,8.0,26.0,31.0,13.0,3.0,48.0,52.0,6.0,11.0,40.0,41.0,12.0,15.0,8.0,6.0,9.0,9.0,16.0,32.0,0.0,1.0,1.0,1.0,3.0,11.0,86.8,76.5,0.054,0.093,0.353,0.5,0.08,0.44,100.0,83.3
2025-10-05,10:00,76986,Premier League 25/26,25/26,Premier League,Matchweek 7,Sun,Home,W,2.0,1.0,Crystal Palace,50.0,,,,,,https://www.sofascore.com/everton-crystal-palace/hY,Ended,Everton,for,2.03,1.53,5.0,5.0,2.0,1.0,3.0,4.0,2.0,4.0,13.0,16.0,433.0,432.0,351.0,349.0,19.0,31.0,15.0,13.0,0.0,1.0,2.0,3.0,0.0,0.0,5.0,5.0,2.0,3.0,5.0,4.0,10.0,11.0,4.0,4.0,2.0,3.0,28.0,23.0,24.0,17.0,6.0,3.0,46.0,54.0,17.0,9.0,38.0,46.0,24.0,27.0,6.0,2.0,11.0,14.0,35.0,38.0,1.0,0.0,0.0,1.0,4.0,5.0,81.1,80.8,0.145,0.102,0.5,0.533,-0.03,-0.53,62.5,71.4
2025-10-05,10:00,76986,Premier League 25/26,25/26,Premier League,Matchweek 7,Sun,Away,L,1.0,2.0,Everton,50.0,,,,,,https://www.sofascore.com/everton-crystal-palace/hY,Ended,Crystal Palace,for,1.53,2.03,5.0,5.0,1.0,2.0,4.0,3.0,4.0,2.0,16.0,13.0,432.0,433.0,349.0,351.0,31.0,19.0,13.0,15.0,1.0,0.0,3.0,2.0,0.0,0.0,5.0,5.0,3.0,2.0,4.0,5.0,11.0,10.0,4.0,4.0,3.0,2.0,23.0,28.0,17.0,24.0,3.0,6.0,54.0,46.0,9.0,17.0,46.0,38.0,27.0,24.0,2.0,6.0,14.0,11.0,38.0,35.0,0.0,1.0,1.0,0.0,5.0,4.0,80.8,81.1,0.102,0.145,0.533,0.5,-0.53,-0.03,71.4,62.5
2025-10-05,12:30,76986,Premier League 25/26,25/26,Premier League,Matchweek 7,Sun,Home,L,0.0,1.0,Manchester City,30.0,,,,,,https://www.sofascore.com/brentford-manchester-city/rsab,Ended,Brentford,for,0.7,0.85,1.0,2.0,0.0,1.0,1.0,1.0,3.0,2.0,10.0,6.0,311.0,764.0,249.0,698.0,16.0,14.0,6.0,10.0,1.0,1.0,3.0,2.0,0.0,0.0,3.0,1.0,2.0,4.0,3.0,2.0,4.0,6.0,2.0,4.0,0.0,1.0,8.0,23.0,17.0,18.0,2.0,2.0,38.0,62.0,7.0,7.0,23.0,34.0,8.0,17.0,2.0,10.0,11.0,6.0,14.0,21.0,0.0,1.0,2.0,3.0,3.0,8.0,80.1,91.4,0.117,0.085,0.167,0.4,-0.7,0.15,75.0,100.0
2025-10-05,12:30,76986,Premier League 25/26,25/26,Premier League,Matchweek 7,Sun,Away,W,1.0,0.0,Brentford,70.0,,,,,,https://www.sofascore.com/brentford-manchester-city/rsab,Ended,Manchester City,for,0.85,0.7,2.0,1.0,1.0,0.0,1.0,1.0,2.0,3.0,6.0,10.0,764.0,311.0,698.0,249.0,14.0,16.0,10.0,6.0,1.0,1.0,2.0,3.0,0.0,0.0,1.0,3.0,4.0,2.0,2.0,3.0,6.0,4.0,4.0,2.0,1.0,0.0,23.0,8.0,18.0,17.0,2.0,2.0,62.0,38.0,7.0,7.0,34.0,23.0,17.0,8.0,10.0,2.0,6.0,11.0,21.0,14.0,1.0,0.0,3.0,2.0,8.0,3.0,91.4,80.1,0.085,0.117,0.4,0.167,0.15,-0.7,100.0,75.0
2025-10-18,08:30,76986,Premier League 25/26,25/26,Premier League,Matchweek 8,Sat,Home,L,0.0,3.0,Chelsea,50.0,,,,,,https://www.sofascore.com/chelsea-nottingham-forest/osN,Ended,Nottingham Forest,for,2.35,1.67,4.0,4.0,0.0,2.0,4.0,2.0,5.0,2.0,13.0,16.0,445.0,463.0,367.0,397.0,19.0,15.0,16.0,13.0,1.0,2.0,2.0,4.0,0.0,1.0,3.0,2.0,2.0,5.0,8.0,6.0,8.0,11.0,4.0,6.0,0.0,2.0,23.0,20.0,15.0,28.0,5.0,3.0,47.0,53.0,6.0,11.0,42.0,40.0,5.0,13.0,8.0,12.0,9.0,13.0,15.0,19.0,2.0,3.0,0.0,1.0,9.0,14.0,82.5,85.7,0.196,0.098,0.167,0.353,-2.35,1.33,50.0,100.0
2025-10-18,08:30,76986,Premier League 25/26,25/26,Premier League,Matchweek 8,Sat,Away,W,3.0,0.0,Nottingham Forest,50.0,,,,,,https://www.sofascore.com/chelsea-nottingham-forest/osN,Ended,Chelsea,for,1.67,2.35,4.0,4.0,2.0,0.0,2.0,4.0,2.0,5.0,16.0,13.0,463.0,445.0,397.0,367.0,15.0,19.0,13.0,16.0,2.0,1.0,4.0,2.0,1.0,0.0,2.0,3.0,5.0,2.0,6.0,8.0,11.0,8.0,6.0,4.0,2.0,0.0,20.0,23.0,28.0,15.0,3.0,5.0,53.0,47.0,11.0,6.0,40.0,42.0,13.0,5.0,12.0,8.0,13.0,9.0,19.0,15.0,3.0,2.0,1.0,0.0,14.0,9.0,85.7,82.5,0.098,0.196,0.353,0.167,1.33,-2.35,100.0,50.0
2025-10-18,11:00,76986,Premier League 25/26,25/26,Premier League,Matchweek 8,Sat,Home,W,2.0,0.0,Everton,71.0,,,,,,https://www.sofascore.com/everton-manchester-city/rY,Ended,Manchester City,for,2.38,0.81,6.0,1.0,1.0,0.0,5.0,1.0,11.0,3.0,8.0,14.0,749.0,300.0,685.0,237.0,15.0,18.0,14.0,8.0,0.0,1.0,0.0,2.0,0.0,0.0,1.0,5.0,7.0,2.0,5.0,2.0,16.0,4.0,3.0,1.0,6.0,0.0,46.0,15.0,23.0,25.0,5.0,1.0,55.0,45.0,10.0,5.0,43.0,31.0,17.0,18.0,15.0,5.0,5.0,7.0,26.0,28.0,1.0,0.0,1.0,0.0,3.0,9.0,91.5,79.0,0.125,0.162,0.368,0.2,-0.38,-0.81,100.0,71.4
2025-10-18,11:00,76986,Premier League 25/26,25/26,Premier League,Matchweek 8,Sat,Away,L,0.0,2.0,Manchester City,29.0,,,,,,https://www.sofascore.com/everton-manchester-city/rY,Ended,Everton,for,0.81,2.38,1.0,6.0,0.0,1.0,1.0,5.0,3.0,11.0,14.0,8.0,300.0,749.0,237.0,685.0,18.0,15.0,8.0,14.0,1.0,0.0,2.0,0.0,0.0,0.0,5.0,1.0,2.0,7.0,2.0,5.0,4.0,16.0,1.0,3.0,0.0,6.0,15.0,46.0,25.0,23.0,1.0,5.0,45.0,55.0,5.0,10.0,31.0,43.0,18.0,17.0,5.0,15.0,7.0,5.0,28.0,26.0,0.0,1.0,0.0,1.0,9.0,3.0,79.0,91.5,0.162,0.125,0.2,0.368,-0.81,-0.38,71.4,100.0
2025-10-18,11:00,76986,Premier League 25/26,25/26,Premier League,Matchweek 8,Sat,Home,W,2.0,1.0,Newcastle United,46.0,,,,,,https://www.sofascore.com/newcastle-united-brighton-and-hove-albion/FsO,Ended,Brighton,for,0.91,1.45,1.0,1.0,1.0,0.0,0.0,1.0,8.0,4.0,9.0,9.0,421.0,491.0,341.0,419.0,21.0,17.0,9.0,9.0,3.0,1.0,0.0,1.0,0.0,0.0,2.0,3.0,5.0,5.0,3.0,8.0,6.0,10.0,7.0,6.0,2.0,1.0,30.0,25.0,16.0,17.0,4.0,7.0,54.0,46.0,11.0,7.0,41.0,36.0,16.0,13.0,11.0,10.0,5.0,7.0,30.0,22.0,0.0,1.0,0.0,2.0,12.0,5.0,81.0,85.3,0.07,0.091,0.385,0.188,1.09,-0.45,66.7,60.0
2025-10-18,11:00,76986,Premier League 25/26,25/26,Premier League,Matchweek 8,Sat,Away,L,1.0,2.0,Brighton,54.0,,,,,,https://www.sofascore.com/newcastle-united-brighton-and-hove-albion/FsO,Ended,Newcastle United,for,1.45,0.91,1.0,1.0,0.0,1.0,1.0,0.0,4.0,8.0,9.0,9.0,491.0,421.0,419.0,341.0,17.0,21.0,9.0,9.0,1.0,3.0,1.0,0.0,0.0,0.0,3.0,2.0,5.0,5.0,8.0,3.0,10.0,6.0,6.0,7.0,1.0,2.0,25.0,30.0,17.0,16.0,7.0,4.0,46.0,54.0,7.0,11.0,36.0,41.0,13.0,16.0,10.0,11.0,7.0,5.0,22.0,30.0,1.0,0.0,2.0,0.0,5.0,12.0,85.3,81.0,0.091,0.07,0.188,0.385,-0.45,1.09,60.0,66.7
2025-10-18,11:00,76986,Premier League 25/26,25/26,Premier League,Matchweek 8,Sat,Home,D,3.0,3.0,Bournemouth,52.0,,,,,,https://www.sofascore.com/bournemouth-crystal-palace/hkb,Ended,Crystal Palace,for,4.44,2.03,7.0,3.0,3.0,3.0,4.0,0.0,6.0,5.0,8.0,16.0,404.0,364.0,308.0,280.0,23.0,18.0,15.0,8.0,3.0,3.0,1.0,4.0,0.0,0.0,2.0,4.0,7.0,0.0,6.0,3.0,15.0,5.0,5.0,3.0,2.0,1.0,41.0,19.0,36.0,20.0,6.0,2.0,58.0,42.0,6.0,16.0,41.0,31.0,32.0,22.0,4.0,6.0,6.0,12.0,32.0,47.0,1.0,0.0,0.0,4.0,4.0,11.0,76.2,76.9,0.222,0.254,0.35,0.625,-1.44,0.97,40.0,57.1
2025-10-18,11:00,76986,Premier League 25/26,25/26,Premier League,Matchweek 8,Sat,Away,D,3.0,3.0,Crystal Palace,48.0,,,,,,https://www.sofascore.com/bournemouth-crystal-palace/hkb,Ended,Bournemouth,for,2.03,4.44,3.0,7.0,3.0,3.0,0.0,4.0,5.0,6.0,16.0,8.0,364.0,404.0,280.0,308.0,18.0,23.0,8.0,15.0,3.0,3.0,4.0,1.0,0.0,0.0,4.0,2.0,0.0,7.0,3.0,6.0,5.0,15.0,3.0,5.0,1.0,2.0,19.0,41.0,20.0,36.0,2.0,6.0,42.0,58.0,16.0,6.0,31.0,41.0,22.0,32.0,6.0,4.0,12.0,6.0,47.0,32.0,0.0,1.0,4.0,0.0,11.0,4.0,76.9,76.2,0.254,0.222,0.625,0.35,0.97,-1.44,57.1,40.0
2025-10-18,11:00,76986,Premier League 25/26,25/26,Premier League,Matchweek 8,Sat,Home,W,2.0,0.0,Wolves,41.0,,,,,,https://www.sofascore.com/sunderland-wolverhampton/dsQ,Ended,Sunderland,for,0.65,0.83,2.0,0.0,1.0,0.0,1.0,0.0,2.0,2.0,5.0,12.0,341.0,466.0,248.0,393.0,14.0,15.0,12.0,5.0,2.0,2.0,0.0,0.0,0.0,0.0,3.0,1.0,3.0,5.0,3.0,8.0,5.0,8.0,3.0,8.0,0.0,0.0,17.0,38.0,15.0,29.0,3.0,11.0,50.0,50.0,6.0,5.0,33.0,26.0,27.0,34.0,8.0,7.0,7.0,8.0,36.0,40.0,2.0,0.0,1.0,0.0,16.0,7.0,72.7,84.3,0.081,0.052,0.25,0.188,1.35,-0.83,100.0,50.0
2025-10-18,11:00,76986,Premier League 25/26,25/26,Premier League,Matchweek 8,Sat,Away,L,0.0,2.0,Sunderland,59.0,,,,,,https://www.sofascore.com/sunderland-wolverhampton/dsQ,Ended,Wolves,for,0.83,0.65,0.0,2.0,0.0,1.0,0.0,1.0,2.0,2.0,12.0,5.0,466.0,341.0,393.0,248.0,15.0,14.0,5.0,12.0,2.0,2.0,0.0,0.0,0.0,0.0,1.0,3.0,5.0,3.0,8.0,3.0,8.0,5.0,8.0,3.0,0.0,0.0,38.0,17.0,29.0,15.0,11.0,3.0,50.0,50.0,5.0,6.0,26.0,33.0,34.0,27.0,7.0,8.0,8.0,7.0,40.0,36.0,0.0,2.0,0.0,1.0,7.0,16.0,84.3,72.7,0.052,0.081,0.188,0.25,-0.83,1.35,50.0,100.0
2025-10-18,11:00,76986,Premier League 25/26,25/26,Premier League,Matchweek 8,Sat,Home,W,2.0,0.0,Leeds United,31.0,,,,,,https://www.sofascore.com/leeds-united-burnley/gsJ,Ended,Burnley,for,0.45,2.63,1.0,4.0,1.0,0.0,0.0,4.0,1.0,5.0,10.0,7.0,292.0,615.0,221.0,526.0,14.0,13.0,7.0,10.0,1.0,0.0,2.0,1.0,0.0,0.0,4.0,1.0,0.0,3.0,1.0,12.0,1.0,17.0,3.0,2.0,0.0,0.0,3.0,44.0,23.0,13.0,1.0,18.0,43.0,57.0,6.0,8.0,22.0,29.0,18.0,25.0,2.0,6.0,17.0,12.0,50.0,12.0,1.0,0.0,1.0,1.0,11.0,3.0,75.7,85.5,0.113,0.138,0.75,0.211,1.55,-2.63,100.0,33.3
2025-10-18,11:00,76986,Premier League 25/26,25/26,Premier League,Matchweek 8,Sat,Away,L,0.0,2.0,Burnley,69.0,,,,,,https://www.sofascore.com/leeds-united-burnley/gsJ,Ended,Leeds United,for,2.63,0.45,4.0,1.0,0.0,1.0,4.0,0.0,5.0,1.0,7.0,10.0,615.0,292.0,526.0,221.0,13.0,14.0,10.0,7.0,0.0,1.0,1.0,2.0,0.0,0.0,1.0,4.0,3.0,0.0,12.0,1.0,17.0,1.0,2.0,3.0,0.0,0.0,44.0,3.0,13.0,23.0,18.0,1.0,57.0,43.0,8.0,6.0,29.0,22.0,25.0,18.0,6.0,2.0,12.0,17.0,12.0,50.0,0.0,1.0,1.0,1.0,3.0,11.0,85.5,75.7,0.138,0.113,0.211,0.75,-2.63,1.55,33.3,100.0
2025-10-18,13:30,76986,Premier League 25/26,25/26,Premier League,Matchweek 8,Sat,Home,L,0.0,1.0,Arsenal,37.0,,,,,,https://www.sofascore.com/fulham-arsenal/RsT,Ended,Fulham,for,0.44,1.87,0.0,3.0,0.0,1.0,0.0,2.0,6.0,10.0,11.0,4.0,313.0,546.0,248.0,475.0,20.0,9.0,4.0,11.0,0.0,2.0,0.0,0.0,0.0,0.0,4.0,0.0,3.0,4.0,6.0,7.0,6.0,14.0,3.0,2.0,0.0,2.0,16.0,46.0,19.0,20.0,2.0,5.0,42.0,58.0,5.0,16.0,30.0,30.0,8.0,22.0,6.0,10.0,7.0,1.0,35.0,29.0,0.0,3.0,2.0,0.0,11.0,8.0,79.2,87.0,0.049,0.117,0.0,0.312,-0.44,-0.87,80.0,
2025-10-18,13:30,76986,Premier League 25/26,25/26,Premier League,Matchweek 8,Sat,Away,W,1.0,0.0,Fulham,63.0,,,,,,https://www.sofascore.com/fulham-arsenal/RsT,Ended,Arsenal,for,1.87,0.44,3.0,0.0,1.0,0.0,2.0,0.0,10.0,6.0,4.0,11.0,546.0,313.0,475.0,248.0,9.0,20.0,11.0,4.0,2.0,0.0,0.0,0.0,0.0,0.0,0.0,4.0,4.0,3.0,7.0,6.0,14.0,6.0,2.0,3.0,2.0,0.0,46.0,16.0,20.0,19.0,5.0,2.0,58.0,42.0,16.0,5.0,30.0,30.0,22.0,8.0,10.0,6.0,1.0,7.0,29.0,35.0,3.0,0.0,0.0,2.0,8.0,11.0,87.0,79.2,0.117,0.049,0.312,0.0,-0.87,-0.44,,80.0
2025-10-19,10:00,76986,Premier League 25/26,25/26,Premier League,Matchweek 8,Sun,Home,L,1.0,2.0,Aston Villa,53.0,,,,,,https://www.sofascore.com/aston-villa-tottenham-hotspur/IP,Ended,Tottenham Hotspur,for,0.75,0.32,3.0,0.0,1.0,0.0,2.0,0.0,6.0,6.0,11.0,7.0,382.0,348.0,336.0,292.0,25.0,24.0,7.0,11.0,6.0,1.0,2.0,0.0,0.0,0.0,0.0,2.0,2.0,2.0,5.0,4.0,7.0,2.0,3.0,6.0,0.0,0.0,28.0,7.0,25.0,15.0,5.0,0.0,47.0,53.0,11.0,14.0,37.0,41.0,11.0,14.0,5.0,7.0,6.0,2.0,29.0,29.0,2.0,1.0,0.0,2.0,6.0,7.0,88.0,83.9,0.075,0.04,0.3,0.25,0.25,1.68,0.0,66.7
2025-10-19,10:00,76986,Premier League 25/26,25/26,Premier League,Matchweek 8,Sun,Away,W,2.0,1.0,Tottenham Hotspur,47.0,,,,,,https://www.sofascore.com/aston-villa-tottenham-hotspur/IP,Ended,Aston Villa,for,0.32,0.75,0.0,3.0,0.0,1.0,0.0,2.0,6.0,6.0,7.0,11.0,348.0,382.0,292.0,336.0,24.0,25.0,11.0,7.0,1.0,6.0,0.0,2.0,0.0,0.0,2.0,0.0,2.0,2.0,4.0,5.0,2.0,7.0,6.0,3.0,0.0,0.0,7.0,28.0,15.0,25.0,0.0,5.0,53.0,47.0,14.0,11.0,41.0,37.0,14.0,11.0,7.0,5.0,2.0,6.0,29.0,29.0,1.0,2.0,2.0,0.0,7.0,6.0,83.9,88.0,0.04,0.075,0.25,0.3,1.68,0.25,66.7,0.0
2025-10-19,12:30,76986,Premier League 25/26,25/26,Premier League,Matchweek 8,Sun,Home,L,1.0,2.0,Manchester Utd,64.0,,,,,,https://www.sofascore.com/liverpool-manchester-united/KU,Ended,Liverpool FC,for,2.75,1.34,5.0,5.0,1.0,2.0,4.0,3.0,9.0,4.0,8.0,14.0,480.0,294.0,408.0,200.0,13.0,15.0,14.0,8.0,1.0,1.0,0.0,2.0,0.0,0.0,2.0,5.0,2.0,3.0,11.0,5.0,16.0,10.0,3.0,2.0,1.0,1.0,52.0,16.0,27.0,18.0,9.0,4.0,53.0,47.0,8.0,9.0,30.0,27.0,21.0,18.0,4.0,4.0,5.0,6.0,28.0,46.0,2.0,1.0,0.0,2.0,7.0,18.0,85.0,68.0,0.145,0.112,0.316,0.333,-1.75,0.66,50.0,83.3
2025-10-19,12:30,76986,Premier League 25/26,25/26,Premier League,Matchweek 8,Sun,Away,W,2.0,1.0,Liverpool FC,36.0,,,,,,https://www.sofascore.com/liverpool-manchester-united/KU,Ended,Manchester Utd,for,1.34,2.75,5.0,5.0,2.0,1.0,3.0,4.0,4.0,9.0,14.0,8.0,294.0,480.0,200.0,408.0,15.0,13.0,8.0,14.0,1.0,1.0,2.0,0.0,0.0,0.0,5.0,2.0,3.0,2.0,5.0,11.0,10.0,16.0,2.0,3.0,1.0,1.0,16.0,52.0,18.0,27.0,4.0,9.0,47.0,53.0,9.0,8.0,27.0,30.0,18.0,21.0,4.0,4.0,6.0,5.0,46.0,28.0,1.0,2.0,2.0,0.0,18.0,7.0,68.0,85.0,0.112,0.145,0.333,0.316,0.66,-1.75,83.3,50.0
2025-10-20,16:00,76986,Premier League 25/26,25/26,Premier League,Matchweek 8,Mon,Home,L,0.0,2.0,Brentford,44.0,,,,,,https://www.sofascore.com/brentford-west-ham-united/Msab,Ended,West Ham United,for,0.35,2.37,0.0,5.0,0.0,1.0,0.0,4.0,6.0,10.0,10.0,10.0,344.0,451.0,257.0,372.0,16.0,11.0,10.0,10.0,3.0,2.0,1.0,1.0,0.0,0.0,4.0,1.0,3.0,5.0,3.0,10.0,2.0,20.0,5.0,2.0,0.0,1.0,14.0,42.0,19.0,23.0,2.0,13.0,41.0,59.0,4.0,4.0,28.0,26.0,15.0,36.0,2.0,6.0,2.0,7.0,39.0,26.0,0.0,0.0,2.0,2.0,9.0,8.0,74.7,82.5,0.05,0.108,0.143,0.318,-0.35,-0.37,57.1,100.0
2025-10-20,16:00,76986,Premier League 25/26,25/26,Premier League,Matchweek 8,Mon,Away,W,2.0,0.0,West Ham United,56.0,,,,,,https://www.sofascore.com/brentford-west-ham-united/Msab,Ended,Brentford,for,2.37,0.35,5.0,0.0,1.0,0.0,4.0,0.0,10.0,6.0,10.0,10.0,451.0,344.0,372.0,257.0,11.0,16.0,10.0,10.0,2.0,3.0,1.0,1.0,0.0,0.0,1.0,4.0,5.0,3.0,10.0,3.0,20.0,2.0,2.0,5.0,1.0,0.0,42.0,14.0,23.0,19.0,13.0,2.0,59.0,41.0,4.0,4.0,26.0,28.0,36.0,15.0,6.0,2.0,7.0,2.0,26.0,39.0,0.0,0.0,2.0,2.0,8.0,9.0,82.5,74.7,0.108,0.05,0.318,0.143,-0.37,-0.35,100.0,57.1
2025-10-24,16:00,76986,Premier League 25/26,25/26,Premier League,Matchweek 9,Fri,Home,W,2.0,1.0,West Ham United,41.0,,,,,,https://www.sofascore.com/west-ham-united-leeds-united/JsM,Ended,Leeds United,for,1.49,0.65,3.0,0.0,2.0,0.0,1.0,0.0,3.0,4.0,12.0,11.0,373.0,536.0,302.0,441.0,21.0,13.0,11.0,12.0,1.0,1.0,3.0,3.0,0.0,0.0,2.0,3.0,3.0,3.0,5.0,3.0,8.0,4.0,5.0,5.0,1.0,1.0,10.0,10.0,20.0,19.0,5.0,3.0,48.0,52.0,8.0,10.0,37.0,31.0,15.0,26.0,5.0,6.0,13.0,4.0,39.0,12.0,0.0,0.0,1.0,0.0,8.0,5.0,81.0,82.3,0.115,0.072,0.385,0.333,0.51,0.35,66.7,60.0
2025-10-24,16:00,76986,Premier League 25/26,25/26,Premier League,Matchweek 9,Fri,Away,L,1.0,2.0,Leeds United,59.0,,,,,,https://www.sofascore.com/west-ham-united-leeds-united/JsM,Ended,West Ham United,for,0.65,1.49,0.0,3.0,0.0,2.0,0.0,1.0,4.0,3.0,11.0,12.0,536.0,373.0,441.0,302.0,13.0,21.0,12.0,11.0,1.0,1.0,3.0,3.0,0.0,0.0,3.0,2.0,3.0,3.0,3.0,5.0,4.0,8.0,5.0,5.0,1.0,1.0,10.0,10.0,19.0,20.0,3.0,5.0,52.0,48.0,10.0,8.0,31.0,37.0,26.0,15.0,6.0,5.0,4.0,13.0,12.0,39.0,0.0,0.0,0.0,1.0,5.0,8.0,82.3,81.0,0.072,0.115,0.333,0.385,0.35,0.51,60.0,66.7
2025-10-25,11:00,76986,Premier League 25/26,25/26,Premier League,Matchweek 9,Sat,Home,L,1.0,2.0,Sunderland,68.0,,,,,,https://www.sofascore.com/sunderland-chelsea/NsQ,Ended,Chelsea,for,0.9,1.31,2.0,2.0,1.0,1.0,1.0,1.0,9.0,1.0,15.0,13.0,629.0,293.0,567.0,230.0,8.0,14.0,13.0,15.0,3.0,2.0,1.0,1.0,0.0,0.0,2.0,6.0,4.0,4.0,5.0,2.0,10.0,7.0,6.0,3.0,0.0,1.0,26.0,17.0,19.0,19.0,4.0,1.0,45.0,55.0,8.0,5.0,30.0,31.0,10.0,17.0,9.0,4.0,3.0,8.0,18.0,33.0,0.0,0.0,1.0,3.0,4.0,8.0,90.1,78.5,0.056,0.131,0.438,0.4,0.1,0.69,50.0,85.7
2025-10-25,11:00,76986,Premier League 25/26,25/26,Premier League,Matchweek 9,Sat,Away,W,2.0,1.0,Chelsea,32.0,,,,,,https://www.sofascore.com/sunderland-chelsea/NsQ,Ended,Sunderland,for,1.31,0.9,2.0,2.0,1.0,1.0,1.0,1.0,1.0,9.0,13.0,15.0,293.0,629.0,230.0,567.0,14.0,8.0,15.0,13.0,2.0,3.0,1.0,1.0,0.0,0.0,6.0,2.0,4.0,4.0,2.0,5.0,7.0,10.0,3.0,6.0,1.0,0.0,17.0,26.0,19.0,19.0,1.0,4.0,55.0,45.0,5.0,8.0,31.0,30.0,17.0,10.0,4.0,9.0,8.0,3.0,33.0,18.0,0.0,0.0,3.0,1.0,8.0,4.0,78.5,90.1,0.131,0.056,0.4,0.438,0.69,0.1,85.7,50.0
2025-10-25,11:00,76986,Premier League 25/26,25/26,Premier League,Matchweek 9,Sat,Home,W,2.0,1.0,Fulham,51.0,,,,,,https://www.sofascore.com/fulham-newcastle-united/OsT,Ended,Newcastle United,for,2.14,1.53,4.0,2.0,1.0,1.0,3.0,1.0,4.0,3.0,11.0,18.0,452.0,444.0,381.0,351.0,14.0,19.0,18.0,11.0,0.0,1.0,0.0,2.0,0.0,0.0,4.0,5.0,5.0,5.0,6.0,2.0,10.0,8.0,8.0,4.0,1.0,0.0,35.0,25.0,22.0,22.0,6.0,1.0,53.0,47.0,10.0,7.0,38.0,35.0,14.0,11.0,6.0,5.0,7.0,9.0,20.0,21.0,2.0,1.0,1.0,0.0,5.0,8.0,84.3,79.1,0.119,0.128,0.389,0.417,-0.14,-0.53,80.0,71.4
2025-10-25,11:00,76986,Premier League 25/26,25/26,Premier League,Matchweek 9,Sat,Away,L,1.0,2.0,Newcastle United,49.0,,,,,,https://www.sofascore.com/fulham-newcastle-united/OsT,Ended,Fulham,for,1.53,2.14,2.0,4.0,1.0,1.0,1.0,3.0,3.0,4.0,18.0,11.0,444.0,452.0,351.0,381.0,19.0,14.0,11.0,18.0,1.0,0.0,2.0,0.0,0.0,0.0,5.0,4.0,5.0,5.0,2.0,6.0,8.0,10.0,4.0,8.0,0.0,1.0,25.0,35.0,22.0,22.0,1.0,6.0,47.0,53.0,7.0,10.0,35.0,38.0,11.0,14.0,5.0,6.0,9.0,7.0,21.0,20.0,1.0,2.0,0.0,1.0,8.0,5.0,79.1,84.3,0.128,0.119,0.417,0.389,-0.53,-0.14,71.4,80.0
2025-10-25,13:30,76986,Premier League 25/26,25/26,Premier League,Matchweek 9,Sat,Home,W,4.0,2.0,Brighton,44.0,,,,,,https://www.sofascore.com/manchester-united-brighton-and-hove-albion/FsK,Ended,Manchester Utd,for,1.29,1.12,4.0,1.0,1.0,1.0,3.0,0.0,1.0,6.0,4.0,13.0,442.0,568.0,361.0,485.0,21.0,18.0,13.0,4.0,2.0,2.0,2.0,2.0,0.0,0.0,3.0,5.0,1.0,4.0,3.0,8.0,7.0,10.0,6.0,7.0,3.0,1.0,21.0,20.0,27.0,20.0,1.0,5.0,52.0,48.0,9.0,15.0,46.0,39.0,15.0,18.0,13.0,17.0,14.0,12.0,15.0,18.0,1.0,2.0,1.0,1.0,12.0,7.0,81.7,85.4,0.099,0.066,0.692,0.294,2.71,0.88,60.0,55.6
2025-10-25,13:30,76986,Premier League 25/26,25/26,Premier League,Matchweek 9,Sat,Away,L,2.0,4.0,Manchester Utd,56.0,,,,,,https://www.sofascore.com/manchester-united-brighton-and-hove-albion/FsK,Ended,Brighton,for,1.12,1.29,1.0,4.0,1.0,1.0,0.0,3.0,6.0,1.0,13.0,4.0,568.0,442.0,485.0,361.0,18.0,21.0,4.0,13.0,2.0,2.0,2.0,2.0,0.0,0.0,5.0,3.0,4.0,1.0,8.0,3.0,10.0,7.0,7.0,6.0,1.0,3.0,20.0,21.0,20.0,27.0,5.0,1.0,48.0,52.0,15.0,9.0,39.0,46.0,18.0,15.0,17.0,13.0,12.0,14.0,18.0,15.0,2.0,1.0,1.0,1.0,7.0,12.0,85.4,81.7,0.066,0.099,0.294,0.692,0.88,2.71,55.6,60.0
2025-10-25,16:00,76986,Premier League 25/26,25/26,Premier League,Matchweek 9,Sat,Home,W,3.0,2.0,Liverpool FC,34.0,,,,,,https://www.sofascore.com/brentford-liverpool/Usab,Ended,Brentford,for,2.75,2.3,7.0,3.0,3.0,1.0,4.0,2.0,5.0,4.0,7.0,10.0,288.0,586.0,201.0,490.0,15.0,21.0,9.0,7.0,2.0,0.0,3.0,2.0,0.0,0.0,3.0,5.0,2.0,6.0,7.0,7.0,12.0,12.0,5.0,6.0,1.0,1.0,34.0,37.0,22.0,24.0,6.0,7.0,48.0,52.0,8.0,7.0,32.0,37.0,27.0,26.0,7.0,9.0,14.0,4.0,35.0,41.0,0.0,1.0,0.0,0.0,7.0,10.0,69.8,83.6,0.162,0.128,0.471,0.278,0.25,-0.3,60.0,62.5
2025-10-25,16:00,76986,Premier League 25/26,25/26,Premier League,Matchweek 9,Sat,Away,L,2.0,3.0,Brentford,66.0,,,,,,https://www.sofascore.com/brentford-liverpool/Usab,Ended,Liverpool FC,for,2.3,2.75,3.0,7.0,1.0,3.0,2.0,4.0,4.0,5.0,10.0,7.0,586.0,288.0,490.0,201.0,21.0,15.0,7.0,9.0,0.0,2.0,2.0,3.0,0.0,0.0,5.0,3.0,6.0,2.0,7.0,7.0,12.0,12.0,6.0,5.0,1.0,1.0,37.0,34.0,24.0,22.0,7.0,6.0,52.0,48.0,7.0,8.0,37.0,32.0,26.0,27.0,9.0,7.0,4.0,14.0,41.0,35.0,1.0,0.0,0.0,0.0,10.0,7.0,83.6,69.8,0.128,0.162,0.278,0.471,-0.3,0.25,62.5,60.0
2025-10-26,11:00,76986,Premier League 25/26,25/26,Premier League,Matchweek 9,Sun,Home,W,1.0,0.0,Manchester City,47.0,,,,,,https://www.sofascore.com/aston-villa-manchester-city/rP,Ended,Aston Villa,for,0.81,1.18,2.0,2.0,0.0,0.0,2.0,2.0,5.0,6.0,8.0,16.0,449.0,504.0,388.0,455.0,18.0,14.0,16.0,8.0,1.0,3.0,1.0,4.0,0.0,0.0,3.0,2.0,5.0,9.0,1.0,5.0,8.0,14.0,1.0,4.0,0.0,2.0,26.0,33.0,25.0,10.0,3.0,7.0,51.0,49.0,7.0,7.0,39.0,28.0,3.0,13.0,6.0,6.0,7.0,11.0,19.0,19.0,0.0,0.0,1.0,0.0,7.0,3.0,86.4,90.3,0.09,0.066,0.333,0.222,0.19,-1.18,75.0,66.7
2025-10-26,11:00,76986,Premier League 25/26,25/26,Premier League,Matchweek 9,Sun,Away,L,0.0,1.0,Aston Villa,53.0,,,,,,https://www.sofascore.com/aston-villa-manchester-city/rP,Ended,Manchester City,for,1.18,0.81,2.0,2.0,0.0,0.0,2.0,2.0,6.0,5.0,16.0,8.0,504.0,449.0,455.0,388.0,14.0,18.0,8.0,16.0,3.0,1.0,4.0,1.0,0.0,0.0,2.0,3.0,9.0,5.0,5.0,1.0,14.0,8.0,4.0,1.0,2.0,0.0,33.0,26.0,10.0,25.0,7.0,3.0,49.0,51.0,7.0,7.0,28.0,39.0,13.0,3.0,6.0,6.0,11.0,7.0,19.0,19.0,0.0,0.0,0.0,1.0,3.0,7.0,90.3,86.4,0.066,0.09,0.222,0.333,-1.18,0.19,66.7,75.0
2025-10-26,11:00,76986,Premier League 25/26,25/26,Premier League,Matchweek 9,Sun,Home,W,1.0,0.0,Crystal Palace,60.0,,,,,,https://www.sofascore.com/arsenal-crystal-palace/hsR,Ended,Arsenal,for,0.92,0.45,2.0,0.0,0.0,0.0,2.0,0.0,4.0,3.0,6.0,11.0,540.0,360.0,449.0,265.0,12.0,16.0,11.0,6.0,2.0,1.0,0.0,0.0,0.0,0.0,1.0,2.0,3.0,3.0,4.0,3.0,7.0,5.0,3.0,2.0,2.0,0.0,25.0,15.0,18.0,19.0,4.0,3.0,53.0,47.0,10.0,10.0,27.0,26.0,21.0,16.0,5.0,4.0,6.0,12.0,28.0,44.0,1.0,0.0,0.0,0.0,9.0,6.0,83.1,73.6,0.092,0.064,0.3,0.143,0.08,-0.45,100.0,66.7
2025-10-26,11:00,76986,Premier League 25/26,25/26,Premier League,Matchweek 9,Sun,Away,L,0.0,1.0,Arsenal,40.0,,,,,,https://www.sofascore.com/arsenal-crystal-palace/hsR,Ended,Crystal Palace,for,0.45,0.92,0.0,2.0,0.0,0.0,0.0,2.0,3.0,4.0,11.0,6.0,360.0,540.0,265.0,449.0,16.0,12.0,6.0,11.0,1.0,2.0,0.0,0.0,0.0,0.0,2.0,1.0,3.0,3.0,3.0,4.0,5.0,7.0,2.0,3.0,0.0,2.0,15.0,25.0,19.0,18.0,3.0,4.0,47.0,53.0,10.0,10.0,26.0,27.0,16.0,21.0,4.0,5.0,12.0,6.0,44.0,28.0,0.0,1.0,0.0,0.0,6.0,9.0,73.6,83.1,0.064,0.092,0.143,0.3,-0.45,0.08,66.7,100.0
2025-10-26,11:00,76986,Premier League 25/26,25/26,Premier League,Matchweek 9,Sun,Home,W,2.0,0.0,Nottingham Forest,52.0,,,,,,https://www.sofascore.com/bournemouth-nottingham-forest/oskb,Ended,Bournemouth,for,0.58,0.37,0.0,0.0,0.0,0.0,0.0,0.0,6.0,4.0,17.0,7.0,447.0,409.0,359.0,318.0,9.0,19.0,7.0,17.0,3.0,0.0,3.0,1.0,0.0,0.0,4.0,3.0,4.0,2.0,4.0,2.0,5.0,3.0,8.0,5.0,0.0,0.0,16.0,7.0,17.0,30.0,2.0,3.0,41.0,59.0,10.0,3.0,23.0,37.0,17.0,21.0,7.0,2.0,12.0,9.0,16.0,18.0,0.0,1.0,0.0,1.0,7.0,7.0,80.3,77.8,0.045,0.046,0.385,0.5,1.42,-0.37,100.0,60.0
2025-10-26,11:00,76986,Premier League 25/26,25/26,Premier League,Matchweek 9,Sun,Away,L,0.0,2.0,Bournemouth,48.0,,,,,,https://www.sofascore.com/bournemouth-nottingham-forest/oskb,Ended,Nottingham Forest,for,0.37,0.58,0.0,0.0,0.0,0.0,0.0,0.0,4.0,6.0,7.0,17.0,409.0,447.0,318.0,359.0,19.0,9.0,17.0,7.0,0.0,3.0,1.0,3.0,0.0,0.0,3.0,4.0,2.0,4.0,2.0,4.0,3.0,5.0,5.0,8.0,0.0,0.0,7.0,16.0,30.0,17.0,3.0,2.0,59.0,41.0,3.0,10.0,37.0,23.0,21.0,17.0,2.0,7.0,9.0,12.0,18.0,16.0,1.0,0.0,1.0,0.0,7.0,7.0,77.8,80.3,0.046,0.045,0.5,0.385,-0.37,1.42,60.0,100.0
2025-10-26,11:00,76986,Premier League 25/26,25/26,Premier League,Matchweek 9,Sun,Home,L,2.0,3.0,Burnley,57.0,,,,,,https://www.sofascore.com/burnley-wolverhampton/dsg,Ended,Wolves,for,2.28,1.43,3.0,2.0,2.0,2.0,1.0,0.0,4.0,3.0,12.0,7.0,493.0,391.0,414.0,308.0,14.0,19.0,6.0,12.0,2.0,2.0,1.0,0.0,0.0,0.0,4.0,5.0,2.0,3.0,6.0,1.0,10.0,6.0,5.0,5.0,0.0,1.0,35.0,20.0,28.0,27.0,12.0,1.0,49.0,51.0,11.0,8.0,28.0,34.0,21.0,18.0,7.0,3.0,9.0,5.0,24.0,42.0,0.0,1.0,0.0,0.0,3.0,10.0,84.0,78.8,0.152,0.13,0.467,0.636,-0.28,1.57,57.1,71.4
2025-10-26,11:00,76986,Premier League 25/26,25/26,Premier League,Matchweek 9,Sun,Away,W,3.0,2.0,Wolves,43.0,,,,,,https://www.sofascore.com/burnley-wolverhampton/dsg,Ended,Burnley,for,1.43,2.28,2.0,3.0,2.0,2.0,0.0,1.0,3.0,4.0,7.0,12.0,391.0,493.0,308.0,414.0,19.0,14.0,12.0,6.0,2.0,2.0,0.0,1.0,0.0,0.0,5.0,4.0,3.0,2.0,1.0,6.0,6.0,10.0,5.0,5.0,1.0,0.0,20.0,35.0,27.0,28.0,1.0,12.0,51.0,49.0,8.0,11.0,34.0,28.0,18.0,21.0,3.0,7.0,5.0,9.0,42.0,24.0,1.0,0.0,0.0,0.0,10.0,3.0,78.8,84.0,0.13,0.152,0.636,0.467,1.57,-0.28,71.4,57.1
2025-10-26,13:30,76986,Premier League 25/26,25/26,Premier League,Matchweek 9,Sun,Home,L,0.0,3.0,Tottenham Hotspur,54.0,,,,,,https://www.sofascore.com/everton-tottenham-hotspur/UwXh,Ended,Everton,for,1.74,1.72,3.0,4.0,0.0,3.0,3.0,1.0,9.0,8.0,9.0,8.0,442.0,395.0,374.0,329.0,19.0,20.0,8.0,9.0,2.0,2.0,2.0,0.0,0.0,0.0,1.0,2.0,5.0,1.0,5.0,2.0,8.0,5.0,4.0,2.0,0.0,0.0,31.0,16.0,16.0,14.0,3.0,4.0,53.0,47.0,8.0,11.0,35.0,37.0,19.0,11.0,8.0,8.0,6.0,6.0,27.0,54.0,1.0,1.0,0.0,1.0,3.0,9.0,84.6,83.3,0.145,0.246,0.167,0.571,-1.74,1.28,25.0,100.0
2025-10-26,13:30,76986,Premier League 25/26,25/26,Premier League,Matchweek 9,Sun,Away,W,3.0,0.0,Everton,46.0,,,,,,https://www.sofascore.com/everton-tottenham-hotspur/UwXh,Ended,Tottenham Hotspur,for,1.72,1.74,4.0,3.0,3.0,0.0,1.0,3.0,8.0,9.0,8.0,9.0,395.0,442.0,329.0,374.0,20.0,19.0,9.0,8.0,2.0,2.0,0.0,2.0,0.0,0.0,2.0,1.0,1.0,5.0,2.0,5.0,5.0,8.0,2.0,4.0,0.0,0.0,16.0,31.0,14.0,16.0,4.0,3.0,47.0,53.0,11.0,8.0,37.0,35.0,11.0,19.0,8.0,8.0,6.0,6.0,54.0,27.0,1.0,1.0,1.0,0.0,9.0,3.0,83.3,84.6,0.246,0.145,0.571,0.167,1.28,-1.74,100.0,25.0
2025-11-01,12:00,76986,Premier League 25/26,25/26,Premier League,Matchweek 10,Sat,Home,D,2.0,2.0,Manchester Utd,41.0,,,,,,https://www.sofascore.com/manchester-united-nottingham-forest/osK,Ended,Nottingham Forest,for,1.93,1.12,1.0,0.0,1.0,0.0,0.0,0.0,8.0,5.0,17.0,0.0,350.0,525.0,263.0,442.0,17.0,12.0,7.0,10.0,2.0,1.0,1.0,1.0,0.0,0.0,4.0,1.0,6.0,5.0,8.0,6.0,11.0,8.0,6.0,10.0,0.0,2.0,24.0,17.0,23.0,31.0,5.0,5.0,43.0,57.0,6.0,6.0,28.0,30.0,17.0,29.0,5.0,8.0,11.0,10.0,17.0,22.0,0.0,1.0,1.0,0.0,7.0,9.0,75.1,84.2,0.114,0.062,0.176,0.389,0.07,0.88,57.1,33.3
2025-11-01,12:00,76986,Premier League 25/26,25/26,Premier League,Matchweek 10,Sat,Away,D,2.0,2.0,Nottingham Forest,59.0,,,,,,https://www.sofascore.com/manchester-united-nottingham-forest/osK,Ended,Manchester Utd,for,1.12,1.93,0.0,1.0,0.0,1.0,0.0,0.0,5.0,8.0,0.0,17.0,525.0,350.0,442.0,263.0,12.0,17.0,10.0,7.0,1.0,2.0,1.0,1.0,0.0,0.0,1.0,4.0,5.0,6.0,6.0,8.0,8.0,11.0,10.0,6.0,2.0,0.0,17.0,24.0,31.0,23.0,5.0,5.0,57.0,43.0,6.0,6.0,30.0,28.0,29.0,17.0,8.0,5.0,10.0,11.0,22.0,17.0,1.0,0.0,0.0,1.0,9.0,7.0,84.2,75.1,0.062,0.114,0.389,0.176,0.88,0.07,33.3,57.1
2025-11-01,12:00,76986,Premier League 25/26,25/26,Premier League,Matchweek 10,Sat,Home,L,0.0,2.0,Arsenal,46.0,,,,,,https://www.sofascore.com/arsenal-burnley/gsR,Ended,Burnley,for,0.42,2.42,1.0,4.0,0.0,2.0,1.0,2.0,1.0,6.0,10.0,13.0,427.0,494.0,348.0,426.0,14.0,16.0,13.0,10.0,0.0,1.0,2.0,1.0,0.0,0.0,5.0,0.0,0.0,1.0,3.0,3.0,2.0,9.0,1.0,3.0,0.0,1.0,12.0,23.0,27.0,13.0,1.0,4.0,51.0,49.0,8.0,8.0,31.0,31.0,18.0,16.0,6.0,5.0,7.0,6.0,28.0,28.0,2.0,0.0,0.0,1.0,9.0,2.0,81.5,86.2,0.14,0.202,0.0,0.667,-0.42,-0.42,62.5,
2025-11-01,12:00,76986,Premier League 25/26,25/26,Premier League,Matchweek 10,Sat,Away,W,2.0,0.0,Burnley,54.0,,,,,,https://www.sofascore.com/arsenal-burnley/gsR,Ended,Arsenal,for,2.42,0.42,4.0,1.0,2.0,0.0,2.0,1.0,6.0,1.0,13.0,10.0,494.0,427.0,426.0,348.0,16.0,14.0,10.0,13.0,1.0,0.0,1.0,2.0,0.0,0.0,0.0,5.0,1.0,0.0,3.0,3.0,9.0,2.0,3.0,1.0,1.0,0.0,23.0,12.0,13.0,27.0,4.0,1.0,49.0,51.0,8.0,8.0,31.0,31.0,16.0,18.0,5.0,6.0,6.0,7.0,28.0,28.0,0.0,2.0,1.0,0.0,2.0,9.0,86.2,81.5,0.202,0.14,0.667,0.0,-0.42,-0.42,,62.5
2025-11-01,12:00,76986,Premier League 25/26,25/26,Premier League,Matchweek 10,Sat,Home,W,3.0,0.0,Leeds United,50.0,,,,,,https://www.sofascore.com/leeds-united-brighton-and-hove-albion/FsJ,Ended,Brighton,for,3.07,0.5,3.0,1.0,3.0,0.0,0.0,1.0,4.0,7.0,10.0,7.0,491.0,486.0,431.0,423.0,24.0,12.0,7.0,10.0,3.0,1.0,0.0,1.0,0.0,0.0,2.0,4.0,2.0,1.0,5.0,2.0,8.0,3.0,6.0,2.0,0.0,2.0,26.0,18.0,19.0,22.0,2.0,4.0,53.0,47.0,9.0,11.0,39.0,33.0,10.0,10.0,9.0,11.0,3.0,6.0,14.0,19.0,0.0,1.0,1.0,0.0,6.0,11.0,87.8,87.0,0.219,0.1,0.5,0.4,-0.07,-0.5,100.0,57.1
2025-11-01,12:00,76986,Premier League 25/26,25/26,Premier League,Matchweek 10,Sat,Away,L,0.0,3.0,Brighton,50.0,,,,,,https://www.sofascore.com/leeds-united-brighton-and-hove-albion/FsJ,Ended,Leeds United,for,0.5,3.07,1.0,3.0,0.0,3.0,1.0,0.0,7.0,4.0,7.0,10.0,486.0,491.0,423.0,431.0,12.0,24.0,10.0,7.0,1.0,3.0,1.0,0.0,0.0,0.0,4.0,2.0,1.0,2.0,2.0,5.0,3.0,8.0,2.0,6.0,2.0,0.0,18.0,26.0,22.0,19.0,4.0,2.0,47.0,53.0,11.0,9.0,33.0,39.0,10.0,10.0,11.0,9.0,6.0,3.0,19.0,14.0,1.0,0.0,0.0,1.0,11.0,6.0,87.0,87.8,0.1,0.219,0.4,0.5,-0.5,-0.07,57.1,100.0
2025-11-01,12:00,76986,Premier League 25/26,25/26,Premier League,Matchweek 10,Sat,Home,W,2.0,0.0,Brentford,36.0,,,,,,https://www.sofascore.com/brentford-crystal-palace/hsab,Ended,Crystal Palace,for,0.7,0.54,1.0,1.0,0.0,0.0,1.0,1.0,6.0,5.0,7.0,11.0,268.0,493.0,178.0,392.0,13.0,16.0,11.0,7.0,1.0,3.0,0.0,3.0,0.0,0.0,2.0,2.0,4.0,2.0,3.0,2.0,6.0,2.0,4.0,4.0,0.0,0.0,24.0,16.0,17.0,27.0,2.0,1.0,44.0,56.0,9.0,6.0,26.0,28.0,16.0,25.0,2.0,6.0,12.0,4.0,31.0,38.0,0.0,1.0,3.0,3.0,8.0,5.0,66.4,79.5,0.07,0.09,0.3,0.333,1.3,-0.54,100.0,66.7
2025-11-01,12:00,76986,Premier League 25/26,25/26,Premier League,Matchweek 10,Sat,Away,L,0.0,2.0,Crystal Palace,64.0,,,,,,https://www.sofascore.com/brentford-crystal-palace/hsab,Ended,Brentford,for,0.54,0.7,1.0,1.0,0.0,0.0,1.0,1.0,5.0,6.0,11.0,7.0,493.0,268.0,392.0,178.0,16.0,13.0,7.0,11.0,3.0,1.0,3.0,0.0,0.0,0.0,2.0,2.0,2.0,4.0,2.0,3.0,2.0,6.0,4.0,4.0,0.0,0.0,16.0,24.0,27.0,17.0,1.0,2.0,56.0,44.0,6.0,9.0,28.0,26.0,25.0,16.0,6.0,2.0,4.0,12.0,38.0,31.0,1.0,0.0,3.0,3.0,5.0,8.0,79.5,66.4,0.09,0.07,0.333,0.3,-0.54,1.3,66.7,100.0
2025-11-01,12:00,76986,Premier League 25/26,25/26,Premier League,Matchweek 10,Sat,Home,W,3.0,0.0,Wolves,63.0,,,,,,https://www.sofascore.com/fulham-wolverhampton/dsT,Ended,Fulham,for,1.39,0.24,2.0,1.0,1.0,0.0,1.0,1.0,10.0,1.0,13.0,14.0,549.0,316.0,477.0,243.0,6.0,17.0,14.0,13.0,3.0,0.0,1.0,3.0,0.0,1.0,2.0,4.0,8.0,1.0,5.0,2.0,11.0,3.0,8.0,2.0,1.0,0.0,37.0,17.0,19.0,31.0,6.0,4.0,47.0,53.0,9.0,3.0,26.0,31.0,14.0,15.0,7.0,2.0,4.0,10.0,22.0,31.0,0.0,0.0,1.0,0.0,4.0,12.0,86.9,76.9,0.073,0.048,0.316,0.4,1.61,-0.24,100.0,66.7
2025-11-01,12:00,76986,Premier League 25/26,25/26,Premier League,Matchweek 10,Sat,Away,L,0.0,3.0,Fulham,37.0,,,,,,https://www.sofascore.com/fulham-wolverhampton/dsT,Ended,Wolves,for,0.24,1.39,1.0,2.0,0.0,1.0,1.0,1.0,1.0,10.0,14.0,13.0,316.0,549.0,243.0,477.0,17.0,6.0,13.0,14.0,0.0,3.0,3.0,1.0,1.0,0.0,4.0,2.0,1.0,8.0,2.0,5.0,3.0,11.0,2.0,8.0,0.0,1.0,17.0,37.0,31.0,19.0,4.0,6.0,53.0,47.0,3.0,9.0,31.0,26.0,15.0,14.0,2.0,7.0,10.0,4.0,31.0,22.0,0.0,0.0,0.0,1.0,12.0,4.0,76.9,86.9,0.048,0.073,0.4,0.316,-0.24,1.61,66.7,100.0
2025-11-01,14:30,76986,Premier League 25/26,25/26,Premier League,Matchweek 10,Sat,Home,L,0.0,1.0,Chelsea,48.0,,,,,,https://www.sofascore.com/chelsea-tottenham-hotspur/IN,Ended,Tottenham Hotspur,for,0.1,3.68,0.0,6.0,0.0,1.0,0.0,5.0,6.0,5.0,14.0,12.0,387.0,425.0,294.0,343.0,30.0,20.0,12.0,14.0,1.0,1.0,4.0,2.0,0.0,0.0,8.0,1.0,1.0,1.0,1.0,5.0,2.0,12.0,1.0,3.0,0.0,0.0,15.0,36.0,13.0,26.0,0.0,3.0,52.0,48.0,11.0,11.0,50.0,42.0,19.0,22.0,9.0,8.0,4.0,17.0,20.0,19.0,2.0,1.0,0.0,5.0,9.0,4.0,76.0,80.7,0.033,0.245,0.333,0.6,-0.1,-2.68,88.9,100.0
2025-11-01,14:30,76986,Premier League 25/26,25/26,Premier League,Matchweek 10,Sat,Away,W,1.0,0.0,Tottenham Hotspur,52.0,,,,,,https://www.sofascore.com/chelsea-tottenham-hotspur/IN,Ended,Chelsea,for,3.68,0.1,6.0,0.0,1.0,0.0,5.0,0.0,5.0,6.0,12.0,14.0,425.0,387.0,343.0,294.0,20.0,30.0,14.0,12.0,1.0,1.0,2.0,4.0,0.0,0.0,1.0,8.0,1.0,1.0,5.0,1.0,12.0,2.0,3.0,1.0,0.0,0.0,36.0,15.0,26.0,13.0,3.0,0.0,48.0,52.0,11.0,11.0,42.0,50.0,22.0,19.0,8.0,9.0,17.0,4.0,19.0,20.0,1.0,2.0,5.0,0.0,4.0,9.0,80.7,76.0,0.245,0.033,0.6,0.333,-2.68,-0.1,100.0,88.9
2025-11-01,17:00,76986,Premier League 25/26,25/26,Premier League,Matchweek 10,Sat,Home,W,2.0,0.0,Aston Villa,53.0,,,,,,https://www.sofascore.com/liverpool-aston-villa/PU,Ended,Liverpool FC,for,1.19,0.41,4.0,0.0,1.0,0.0,3.0,0.0,1.0,4.0,13.0,11.0,467.0,398.0,408.0,336.0,12.0,11.0,11.0,13.0,8.0,0.0,2.0,3.0,0.0,0.0,3.0,2.0,5.0,1.0,7.0,6.0,7.0,4.0,9.0,6.0,0.0,1.0,21.0,22.0,19.0,21.0,1.0,1.0,54.0,46.0,6.0,8.0,32.0,30.0,10.0,6.0,9.0,6.0,6.0,6.0,25.0,26.0,1.0,2.0,0.0,0.0,11.0,10.0,87.4,84.4,0.074,0.041,0.25,0.3,0.81,-0.41,100.0,50.0
2025-11-01,17:00,76986,Premier League 25/26,25/26,Premier League,Matchweek 10,Sat,Away,L,0.0,2.0,Liverpool FC,47.0,,,,,,https://www.sofascore.com/liverpool-aston-villa/PU,Ended,Aston Villa,for,0.41,1.19,0.0,4.0,0.0,1.0,0.0,3.0,4.0,1.0,11.0,13.0,398.0,467.0,336.0,408.0,11.0,12.0,13.0,11.0,0.0,8.0,3.0,2.0,0.0,0.0,2.0,3.0,1.0,5.0,6.0,7.0,4.0,7.0,6.0,9.0,1.0,0.0,22.0,21.0,21.0,19.0,1.0,1.0,46.0,54.0,8.0,6.0,30.0,32.0,6.0,10.0,6.0,9.0,6.0,6.0,26.0,25.0,2.0,1.0,0.0,0.0,10.0,11.0,84.4,87.4,0.041,0.074,0.3,0.25,-0.41,0.81,50.0,100.0
2025-11-02,11:00,76986,Premier League 25/26,25/26,Premier League,Matchweek 10,Sun,Home,W,3.0,1.0,Newcastle United,37.0,,,,,,https://www.sofascore.com/newcastle-united-west-ham-united/MO,Ended,West Ham United,for,1.75,0.52,2.0,0.0,0.0,0.0,2.0,0.0,7.0,6.0,5.0,10.0,320.0,545.0,245.0,467.0,21.0,8.0,10.0,5.0,4.0,0.0,1.0,2.0,0.0,0.0,3.0,7.0,3.0,2.0,3.0,6.0,10.0,6.0,5.0,6.0,0.0,0.0,21.0,22.0,20.0,22.0,6.0,2.0,57.0,43.0,5.0,13.0,36.0,20.0,5.0,11.0,7.0,7.0,7.0,9.0,41.0,19.0,0.0,1.0,1.0,1.0,11.0,5.0,76.6,85.7,0.117,0.043,0.6,0.333,1.25,0.48,75.0,77.8
2025-11-02,11:00,76986,Premier League 25/26,25/26,Premier League,Matchweek 10,Sun,Away,L,1.0,3.0,West Ham United,63.0,,,,,,https://www.sofascore.com/newcastle-united-west-ham-united/MO,Ended,Newcastle United,for,0.52,1.75,0.0,2.0,0.0,0.0,0.0,2.0,6.0,7.0,10.0,5.0,545.0,320.0,467.0,245.0,8.0,21.0,5.0,10.0,0.0,4.0,2.0,1.0,0.0,0.0,7.0,3.0,2.0,3.0,6.0,3.0,6.0,10.0,6.0,5.0,0.0,0.0,22.0,21.0,22.0,20.0,2.0,6.0,43.0,57.0,13.0,5.0,20.0,36.0,11.0,5.0,7.0,7.0,9.0,7.0,19.0,41.0,1.0,0.0,1.0,1.0,5.0,11.0,85.7,76.6,0.043,0.117,0.333,0.6,0.48,1.25,77.8,75.0
2025-11-02,13:30,76986,Premier League 25/26,25/26,Premier League,Matchweek 10,Sun,Home,W,3.0,1.0,Bournemouth,48.0,,,,,,https://www.sofascore.com/bournemouth-manchester-city/rkb,Ended,Manchester City,for,2.22,0.72,4.0,1.0,2.0,1.0,2.0,0.0,9.0,4.0,8.0,11.0,493.0,521.0,425.0,461.0,10.0,23.0,11.0,8.0,0.0,3.0,2.0,2.0,0.0,0.0,4.0,4.0,3.0,1.0,4.0,2.0,13.0,4.0,2.0,4.0,1.0,1.0,43.0,17.0,16.0,26.0,4.0,1.0,50.0,50.0,9.0,5.0,34.0,35.0,8.0,7.0,13.0,4.0,9.0,5.0,23.0,27.0,0.0,0.0,0.0,1.0,3.0,4.0,86.2,88.5,0.148,0.09,0.533,0.625,0.78,0.28,80.0,50.0
2025-11-02,13:30,76986,Premier League 25/26,25/26,Premier League,Matchweek 10,Sun,Away,L,1.0,3.0,Manchester City,52.0,,,,,,https://www.sofascore.com/bournemouth-manchester-city/rkb,Ended,Bournemouth,for,0.72,2.22,1.0,4.0,1.0,2.0,0.0,2.0,4.0,9.0,11.0,8.0,521.0,493.0,461.0,425.0,23.0,10.0,8.0,11.0,3.0,0.0,2.0,2.0,0.0,0.0,4.0,4.0,1.0,3.0,2.0,4.0,4.0,13.0,4.0,2.0,1.0,1.0,17.0,43.0,26.0,16.0,1.0,4.0,50.0,50.0,5.0,9.0,35.0,34.0,7.0,8.0,4.0,13.0,5.0,9.0,27.0,23.0,0.0,0.0,1.0,0.0,4.0,3.0,88.5,86.2,0.09,0.148,0.625,0.533,0.28,0.78,50.0,80.0
2025-11-03,17:00,76986,Premier League 25/26,25/26,Premier League,Matchweek 10,Mon,Home,D,1.0,1.0,Everton,61.0,,,,,,https://www.sofascore.com/everton-sunderland/QY,Ended,Sunderland,for,1.22,0.89,1.0,1.0,0.0,0.0,1.0,1.0,4.0,1.0,10.0,12.0,529.0,347.0,449.0,267.0,14.0,14.0,12.0,10.0,2.0,0.0,3.0,2.0,0.0,0.0,1.0,2.0,7.0,3.0,7.0,3.0,12.0,5.0,5.0,3.0,0.0,0.0,29.0,19.0,29.0,13.0,6.0,2.0,51.0,49.0,3.0,6.0,33.0,30.0,19.0,20.0,7.0,6.0,5.0,8.0,21.0,45.0,0.0,0.0,3.0,0.0,5.0,5.0,84.9,76.9,0.072,0.111,0.176,0.25,-0.22,0.11,50.0,66.7
2025-11-03,17:00,76986,Premier League 25/26,25/26,Premier League,Matchweek 10,Mon,Away,D,1.0,1.0,Sunderland,39.0,,,,,,https://www.sofascore.com/everton-sunderland/QY,Ended,Everton,for,0.89,1.22,1.0,1.0,0.0,0.0,1.0,1.0,1.0,4.0,12.0,10.0,347.0,529.0,267.0,449.0,14.0,14.0,10.0,12.0,0.0,2.0,2.0,3.0,0.0,0.0,2.0,1.0,3.0,7.0,3.0,7.0,5.0,12.0,3.0,5.0,0.0,0.0,19.0,29.0,13.0,29.0,2.0,6.0,49.0,51.0,6.0,3.0,30.0,33.0,20.0,19.0,6.0,7.0,8.0,5.0,45.0,21.0,0.0,0.0,0.0,3.0,5.0,5.0,76.9,84.9,0.111,0.072,0.25,0.176,0.11,-0.22,66.7,50.0
2025-11-08,09:30,76986,Premier League 25/26,25/26,Premier League,Matchweek 11,Sat,Home,D,2.0,2.0,Manchester Utd,55.0,,,,,,https://www.sofascore.com/manchester-united-tottenham-hotspur/IsK,Ended,Tottenham Hotspur,for,0.92,0.63,3.0,2.0,1.0,1.0,2.0,1.0,5.0,3.0,10.0,8.0,464.0,396.0,385.0,305.0,26.0,21.0,8.0,10.0,2.0,3.0,5.0,1.0,0.0,0.0,0.0,2.0,3.0,1.0,3.0,2.0,6.0,5.0,4.0,0.0,0.0,2.0,18.0,19.0,14.0,29.0,5.0,4.0,53.0,47.0,11.0,16.0,45.0,34.0,14.0,18.0,12.0,3.0,7.0,6.0,17.0,23.0,0.0,1.0,1.0,0.0,3.0,10.0,83.0,77.0,0.092,0.126,0.4,0.4,1.08,1.37,0.0,50.0
2025-11-08,09:30,76986,Premier League 25/26,25/26,Premier League,Matchweek 11,Sat,Away,D,2.0,2.0,Tottenham Hotspur,45.0,,,,,,https://www.sofascore.com/manchester-united-tottenham-hotspur/IsK,Ended,Manchester Utd,for,0.63,0.92,2.0,3.0,1.0,1.0,1.0,2.0,3.0,5.0,8.0,10.0,396.0,464.0,305.0,385.0,21.0,26.0,10.0,8.0,3.0,2.0,1.0,5.0,0.0,0.0,2.0,0.0,1.0,3.0,2.0,3.0,5.0,6.0,0.0,4.0,2.0,0.0,19.0,18.0,29.0,14.0,4.0,5.0,47.0,53.0,16.0,11.0,34.0,45.0,18.0,14.0,3.0,12.0,6.0,7.0,23.0,17.0,1.0,0.0,0.0,1.0,10.0,3.0,77.0,83.0,0.126,0.092,0.4,0.4,1.37,1.08,50.0,0.0
2025-11-08,12:00,76986,Premier League 25/26,25/26,Premier League,Matchweek 11,Sat,Home,W,3.0,2.0,Burnley,43.0,,,,,,https://www.sofascore.com/west-ham-united-burnley/gsM,Ended,West Ham United,for,3.02,1.06,3.0,4.0,3.0,2.0,0.0,2.0,7.0,4.0,15.0,13.0,374.0,517.0,308.0,440.0,14.0,16.0,13.0,15.0,2.0,1.0,2.0,2.0,0.0,0.0,5.0,3.0,8.0,7.0,1.0,2.0,8.0,9.0,7.0,7.0,0.0,1.0,22.0,25.0,25.0,21.0,4.0,3.0,43.0,57.0,4.0,7.0,32.0,33.0,9.0,21.0,6.0,3.0,13.0,7.0,30.0,28.0,0.0,1.0,1.0,1.0,8.0,3.0,82.4,85.1,0.201,0.066,0.4,0.438,-0.02,0.94,71.4,50.0
2025-11-08,12:00,76986,Premier League 25/26,25/26,Premier League,Matchweek 11,Sat,Away,L,2.0,3.0,West Ham United,57.0,,,,,,https://www.sofascore.com/west-ham-united-burnley/gsM,Ended,Burnley,for,1.06,3.02,4.0,3.0,2.0,3.0,2.0,0.0,4.0,7.0,13.0,15.0,517.0,374.0,440.0,308.0,16.0,14.0,15.0,13.0,1.0,2.0,2.0,2.0,0.0,0.0,3.0,5.0,7.0,8.0,2.0,1.0,9.0,8.0,7.0,7.0,1.0,0.0,25.0,22.0,21.0,25.0,3.0,4.0,57.0,43.0,7.0,4.0,33.0,32.0,21.0,9.0,3.0,6.0,7.0,13.0,28.0,30.0,1.0,0.0,1.0,1.0,3.0,8.0,85.1,82.4,0.066,0.201,0.438,0.4,0.94,-0.02,50.0,71.4
2025-11-08,12:00,76986,Premier League 25/26,25/26,Premier League,Matchweek 11,Sat,Home,W,2.0,0.0,Fulham,50.0,,,,,,https://www.sofascore.com/everton-fulham/TsY,Ended,Everton,for,1.44,0.4,4.0,0.0,2.0,0.0,2.0,0.0,7.0,5.0,11.0,14.0,406.0,411.0,342.0,338.0,15.0,17.0,14.0,11.0,5.0,1.0,2.0,2.0,0.0,0.0,4.0,3.0,4.0,3.0,5.0,1.0,6.0,5.0,8.0,3.0,0.0,0.0,26.0,19.0,16.0,22.0,6.0,2.0,51.0,49.0,4.0,5.0,33.0,37.0,17.0,12.0,6.0,9.0,4.0,13.0,23.0,34.0,0.0,0.0,0.0,0.0,4.0,7.0,84.2,82.2,0.103,0.05,0.357,0.5,0.56,-0.4,100.0,60.0
2025-11-08,12:00,76986,Premier League 25/26,25/26,Premier League,Matchweek 11,Sat,Away,L,0.0,2.0,Everton,50.0,,,,,,https://www.sofascore.com/everton-fulham/TsY,Ended,Fulham,for,0.4,1.44,0.0,4.0,0.0,2.0,0.0,2.0,5.0,7.0,14.0,11.0,411.0,406.0,338.0,342.0,17.0,15.0,11.0,14.0,1.0,5.0,2.0,2.0,0.0,0.0,3.0,4.0,3.0,4.0,1.0,5.0,5.0,6.0,3.0,8.0,0.0,0.0,19.0,26.0,22.0,16.0,2.0,6.0,49.0,51.0,5.0,4.0,37.0,33.0,12.0,17.0,9.0,6.0,13.0,4.0,34.0,23.0,0.0,0.0,0.0,0.0,7.0,4.0,82.2,84.2,0.05,0.103,0.5,0.357,-0.4,0.56,60.0,100.0
2025-11-08,14:30,76986,Premier League 25/26,25/26,Premier League,Matchweek 11,Sat,Home,D,2.0,2.0,Arsenal,35.0,,,,,,https://www.sofascore.com/arsenal-sunderland/QR,Ended,Sunderland,for,0.44,1.91,2.0,4.0,2.0,1.0,0.0,3.0,2.0,2.0,13.0,13.0,287.0,529.0,226.0,460.0,16.0,12.0,13.0,13.0,2.0,0.0,2.0,1.0,0.0,0.0,5.0,0.0,2.0,4.0,2.0,6.0,6.0,12.0,0.0,5.0,0.0,1.0,14.0,32.0,12.0,10.0,0.0,4.0,45.0,55.0,7.0,7.0,29.0,29.0,21.0,31.0,2.0,8.0,6.0,3.0,39.0,25.0,1.0,0.0,0.0,0.0,6.0,3.0,78.7,87.0,0.073,0.112,0.333,0.412,1.56,0.09,71.4,0.0
2025-11-08,14:30,76986,Premier League 25/26,25/26,Premier League,Matchweek 11,Sat,Away,D,2.0,2.0,Sunderland,65.0,,,,,,https://www.sofascore.com/arsenal-sunderland/QR,Ended,Arsenal,for,1.91,0.44,4.0,2.0,1.0,2.0,3.0,0.0,2.0,2.0,13.0,13.0,529.0,287.0,460.0,226.0,12.0,16.0,13.0,13.0,0.0,2.0,1.0,2.0,0.0,0.0,0.0,5.0,4.0,2.0,6.0,2.0,12.0,6.0,5.0,0.0,1.0,0.0,32.0,14.0,10.0,12.0,4.0,0.0,55.0,45.0,7.0,7.0,29.0,29.0,31.0,21.0,8.0,2.0,3.0,6.0,25.0,39.0,0.0,1.0,0.0,0.0,3.0,6.0,87.0,78.7,0.112,0.073,0.412,0.333,0.09,1.56,0.0,71.4
2025-11-08,17:00,76986,Premier League 25/26,25/26,Premier League,Matchweek 11,Sat,Home,W,3.0,0.0,Wolves,64.0,,,,,,https://www.sofascore.com/chelsea-wolverhampton/dsN,Ended,Chelsea,for,3.31,0.17,6.0,0.0,3.0,0.0,3.0,0.0,10.0,1.0,12.0,14.0,614.0,346.0,543.0,279.0,9.0,10.0,14.0,12.0,0.0,0.0,1.0,2.0,0.0,0.0,0.0,5.0,6.0,0.0,6.0,3.0,13.0,1.0,7.0,2.0,3.0,0.0,36.0,8.0,25.0,29.0,4.0,1.0,52.0,48.0,3.0,6.0,31.0,26.0,7.0,9.0,9.0,4.0,7.0,12.0,15.0,30.0,1.0,3.0,1.0,0.0,4.0,8.0,88.4,80.6,0.166,0.057,0.4,0.0,-0.31,-0.17,,62.5
2025-11-08,17:00,76986,Premier League 25/26,25/26,Premier League,Matchweek 11,Sat,Away,L,0.0,3.0,Chelsea,36.0,,,,,,https://www.sofascore.com/chelsea-wolverhampton/dsN,Ended,Wolves,for,0.17,3.31,0.0,6.0,0.0,3.0,0.0,3.0,1.0,10.0,14.0,12.0,346.0,614.0,279.0,543.0,10.0,9.0,12.0,14.0,0.0,0.0,2.0,1.0,0.0,0.0,5.0,0.0,0.0,6.0,3.0,6.0,1.0,13.0,2.0,7.0,0.0,3.0,8.0,36.0,29.0,25.0,1.0,4.0,48.0,52.0,6.0,3.0,26.0,31.0,9.0,7.0,4.0,9.0,12.0,7.0,30.0,15.0,3.0,1.0,0.0,1.0,8.0,4.0,80.6,88.4,0.057,0.166,0.0,0.4,-0.17,-0.31,62.5,
2025-11-09,11:00,76986,Premier League 25/26,25/26,Premier League,Matchweek 11,Sun,Home,W,3.0,1.0,Newcastle United,49.0,,,,,,https://www.sofascore.com/brentford-newcastle-united/Osab,Ended,Brentford,for,2.35,0.44,4.0,1.0,3.0,1.0,1.0,0.0,6.0,2.0,23.0,0.0,423.0,440.0,321.0,362.0,17.0,10.0,12.0,10.0,2.0,0.0,2.0,3.0,0.0,1.0,0.0,4.0,4.0,1.0,4.0,3.0,13.0,2.0,2.0,3.0,0.0,0.0,35.0,16.0,28.0,23.0,5.0,2.0,58.0,42.0,5.0,13.0,34.0,25.0,19.0,14.0,6.0,7.0,10.0,5.0,16.0,56.0,0.0,1.0,0.0,1.0,6.0,7.0,75.9,82.3,0.157,0.088,0.467,0.2,0.65,0.56,0.0,57.1
2025-11-09,11:00,76986,Premier League 25/26,25/26,Premier League,Matchweek 11,Sun,Away,L,1.0,3.0,Brentford,51.0,,,,,,https://www.sofascore.com/brentford-newcastle-united/Osab,Ended,Newcastle United,for,0.44,2.35,1.0,4.0,1.0,3.0,0.0,1.0,2.0,6.0,0.0,23.0,440.0,423.0,362.0,321.0,10.0,17.0,10.0,12.0,0.0,2.0,3.0,2.0,1.0,0.0,4.0,0.0,1.0,4.0,3.0,4.0,2.0,13.0,3.0,2.0,0.0,0.0,16.0,35.0,23.0,28.0,2.0,5.0,42.0,58.0,13.0,5.0,25.0,34.0,14.0,19.0,7.0,6.0,5.0,10.0,56.0,16.0,1.0,0.0,1.0,0.0,7.0,6.0,82.3,75.9,0.088,0.157,0.2,0.467,0.56,0.65,57.1,0.0
2025-11-09,11:00,76986,Premier League 25/26,25/26,Premier League,Matchweek 11,Sun,Home,W,4.0,0.0,Bournemouth,52.0,,,,,,https://www.sofascore.com/bournemouth-aston-villa/Pkb,Ended,Aston Villa,for,1.7,1.61,2.0,2.0,0.0,0.0,2.0,2.0,6.0,9.0,8.0,20.0,346.0,316.0,271.0,253.0,20.0,16.0,20.0,7.0,0.0,2.0,2.0,2.0,0.0,0.0,3.0,4.0,6.0,4.0,2.0,5.0,10.0,6.0,6.0,6.0,1.0,2.0,27.0,12.0,20.0,17.0,3.0,2.0,53.0,47.0,10.0,6.0,46.0,36.0,8.0,11.0,7.0,13.0,6.0,11.0,22.0,35.0,0.0,1.0,2.0,0.0,7.0,4.0,78.3,80.1,0.106,0.134,0.5,0.25,2.3,-1.61,100.0,50.0
2025-11-09,11:00,76986,Premier League 25/26,25/26,Premier League,Matchweek 11,Sun,Away,L,0.0,4.0,Aston Villa,48.0,,,,,,https://www.sofascore.com/bournemouth-aston-villa/Pkb,Ended,Bournemouth,for,1.61,1.7,2.0,2.0,0.0,0.0,2.0,2.0,9.0,6.0,20.0,8.0,316.0,346.0,253.0,271.0,16.0,20.0,7.0,20.0,2.0,0.0,2.0,2.0,0.0,0.0,4.0,3.0,4.0,6.0,5.0,2.0,6.0,10.0,6.0,6.0,2.0,1.0,12.0,27.0,17.0,20.0,2.0,3.0,47.0,53.0,6.0,10.0,36.0,46.0,11.0,8.0,13.0,7.0,11.0,6.0,35.0,22.0,1.0,0.0,0.0,2.0,4.0,7.0,80.1,78.3,0.134,0.106,0.25,0.5,-1.61,2.3,50.0,100.0
2025-11-09,11:00,76986,Premier League 25/26,25/26,Premier League,Matchweek 11,Sun,Home,D,0.0,0.0,Brighton,42.0,,,,,,https://www.sofascore.com/brighton-and-hove-albion-crystal-palace/hsF,Ended,Crystal Palace,for,0.75,0.39,0.0,1.0,0.0,0.0,0.0,1.0,4.0,8.0,10.0,12.0,373.0,503.0,272.0,423.0,21.0,16.0,12.0,10.0,2.0,1.0,1.0,4.0,0.0,0.0,3.0,2.0,1.0,3.0,7.0,1.0,8.0,5.0,2.0,2.0,0.0,0.0,30.0,28.0,17.0,25.0,6.0,4.0,54.0,46.0,10.0,13.0,37.0,29.0,21.0,20.0,5.0,4.0,14.0,4.0,32.0,22.0,0.0,1.0,0.0,2.0,7.0,7.0,72.9,84.1,0.075,0.056,0.2,0.429,-0.75,-0.39,100.0,100.0
2025-11-09,11:00,76986,Premier League 25/26,25/26,Premier League,Matchweek 11,Sun,Away,D,0.0,0.0,Crystal Palace,58.0,,,,,,https://www.sofascore.com/brighton-and-hove-albion-crystal-palace/hsF,Ended,Brighton,for,0.39,0.75,1.0,0.0,0.0,0.0,1.0,0.0,8.0,4.0,12.0,10.0,503.0,373.0,423.0,272.0,16.0,21.0,10.0,12.0,1.0,2.0,4.0,1.0,0.0,0.0,2.0,3.0,3.0,1.0,1.0,7.0,5.0,8.0,2.0,2.0,0.0,0.0,28.0,30.0,25.0,17.0,4.0,6.0,46.0,54.0,13.0,10.0,29.0,37.0,20.0,21.0,4.0,5.0,4.0,14.0,22.0,32.0,1.0,0.0,2.0,0.0,7.0,7.0,84.1,72.9,0.056,0.075,0.429,0.2,-0.39,-0.75,100.0,100.0
2025-11-09,11:00,76986,Premier League 25/26,25/26,Premier League,Matchweek 11,Sun,Home,W,3.0,1.0,Leeds United,46.0,,,,,,https://www.sofascore.com/leeds-united-nottingham-forest/osJ,Ended,Nottingham Forest,for,2.55,0.69,3.0,1.0,3.0,0.0,0.0,1.0,6.0,4.0,10.0,11.0,348.0,435.0,277.0,353.0,27.0,15.0,10.0,10.0,2.0,1.0,2.0,1.0,0.0,0.0,2.0,3.0,6.0,2.0,2.0,5.0,10.0,5.0,4.0,5.0,0.0,0.0,24.0,20.0,23.0,19.0,6.0,2.0,54.0,46.0,5.0,9.0,45.0,30.0,13.0,19.0,7.0,5.0,6.0,9.0,27.0,28.0,0.0,0.0,0.0,1.0,5.0,9.0,79.6,81.1,0.182,0.069,0.429,0.3,0.45,0.31,66.7,50.0
2025-11-09,11:00,76986,Premier League 25/26,25/26,Premier League,Matchweek 11,Sun,Away,L,1.0,3.0,Nottingham Forest,54.0,,,,,,https://www.sofascore.com/leeds-united-nottingham-forest/osJ,Ended,Leeds United,for,0.69,2.55,1.0,3.0,0.0,3.0,1.0,0.0,4.0,6.0,11.0,10.0,435.0,348.0,353.0,277.0,15.0,27.0,10.0,10.0,1.0,2.0,1.0,2.0,0.0,0.0,3.0,2.0,2.0,6.0,5.0,2.0,5.0,10.0,5.0,4.0,0.0,0.0,20.0,24.0,19.0,23.0,2.0,6.0,46.0,54.0,9.0,5.0,30.0,45.0,19.0,13.0,5.0,7.0,9.0,6.0,28.0,27.0,0.0,0.0,1.0,0.0,9.0,5.0,81.1,79.6,0.069,0.182,0.3,0.429,0.31,0.45,50.0,66.7
2025-11-09,13:30,76986,Premier League 25/26,25/26,Premier League,Matchweek 11,Sun,Home,W,3.0,0.0,Liverpool FC,49.0,,,,,,https://www.sofascore.com/liverpool-manchester-city/rU,Ended,Manchester City,for,1.51,0.61,1.0,2.0,0.0,0.0,1.0,2.0,7.0,7.0,14.0,15.0,452.0,471.0,377.0,410.0,17.0,8.0,14.0,14.0,1.0,7.0,2.0,4.0,0.0,0.0,2.0,3.0,5.0,4.0,3.0,2.0,8.0,5.0,6.0,2.0,1.0,1.0,28.0,22.0,14.0,18.0,4.0,1.0,61.0,39.0,4.0,9.0,41.0,26.0,8.0,5.0,9.0,4.0,9.0,9.0,23.0,13.0,2.0,0.0,0.0,0.0,3.0,7.0,83.4,87.0,0.108,0.087,0.429,0.143,1.49,-0.61,200.0,50.0
2025-11-09,13:30,76986,Premier League 25/26,25/26,Premier League,Matchweek 11,Sun,Away,L,0.0,3.0,Manchester City,51.0,,,,,,https://www.sofascore.com/liverpool-manchester-city/rU,Ended,Liverpool FC,for,0.61,1.51,2.0,1.0,0.0,0.0,2.0,1.0,7.0,7.0,15.0,14.0,471.0,452.0,410.0,377.0,8.0,17.0,14.0,14.0,7.0,1.0,4.0,2.0,0.0,0.0,3.0,2.0,4.0,5.0,2.0,3.0,5.0,8.0,2.0,6.0,1.0,1.0,22.0,28.0,18.0,14.0,1.0,4.0,39.0,61.0,9.0,4.0,26.0,41.0,5.0,8.0,4.0,9.0,9.0,9.0,13.0,23.0,0.0,2.0,0.0,0.0,7.0,3.0,87.0,83.4,0.087,0.108,0.143,0.429,-0.61,1.49,50.0,200.0
2025-11-22,09:30,76986,Premier League 25/26,25/26,Premier League,Matchweek 12,Sat,Home,L,0.0,2.0,Chelsea,44.0,,,,,,https://www.sofascore.com/chelsea-burnley/gsN,Ended,Burnley,for,0.44,1.72,1.0,2.0,0.0,2.0,1.0,0.0,1.0,9.0,13.0,8.0,418.0,524.0,329.0,439.0,16.0,15.0,8.0,13.0,0.0,3.0,2.0,3.0,0.0,0.0,3.0,2.0,3.0,5.0,3.0,5.0,6.0,10.0,2.0,5.0,0.0,3.0,17.0,31.0,21.0,18.0,1.0,1.0,43.0,57.0,9.0,9.0,25.0,36.0,14.0,16.0,1.0,9.0,12.0,12.0,28.0,19.0,2.0,0.0,0.0,1.0,9.0,6.0,78.7,83.8,0.055,0.115,0.25,0.333,-0.44,0.28,60.0,100.0
2025-11-22,09:30,76986,Premier League 25/26,25/26,Premier League,Matchweek 12,Sat,Away,W,2.0,0.0,Burnley,56.0,,,,,,https://www.sofascore.com/chelsea-burnley/gsN,Ended,Chelsea,for,1.72,0.44,2.0,1.0,2.0,0.0,0.0,1.0,9.0,1.0,8.0,13.0,524.0,418.0,439.0,329.0,15.0,16.0,13.0,8.0,3.0,0.0,3.0,2.0,0.0,0.0,2.0,3.0,5.0,3.0,5.0,3.0,10.0,6.0,5.0,2.0,3.0,0.0,31.0,17.0,18.0,21.0,1.0,1.0,57.0,43.0,9.0,9.0,36.0,25.0,16.0,14.0,9.0,1.0,12.0,12.0,19.0,28.0,0.0,2.0,1.0,0.0,6.0,9.0,83.8,78.7,0.115,0.055,0.333,0.25,0.28,-0.44,100.0,60.0
2025-11-22,12:00,76986,Premier League 25/26,25/26,Premier League,Matchweek 12,Sat,Home,L,0.0,3.0,Nottingham Forest,75.0,,,,,,https://www.sofascore.com/liverpool-nottingham-forest/osU,Ended,Liverpool FC,for,1.93,1.58,1.0,2.0,0.0,1.0,1.0,1.0,8.0,6.0,11.0,8.0,629.0,215.0,559.0,151.0,15.0,27.0,8.0,11.0,0.0,2.0,2.0,0.0,0.0,0.0,4.0,3.0,9.0,5.0,8.0,3.0,16.0,9.0,5.0,6.0,0.0,0.0,50.0,23.0,19.0,21.0,9.0,3.0,49.0,51.0,9.0,4.0,36.0,44.0,17.0,12.0,14.0,7.0,4.0,7.0,17.0,46.0,1.0,1.0,2.0,2.0,2.0,14.0,88.9,70.2,0.092,0.105,0.19,0.467,-1.93,1.42,57.1,75.0
2025-11-22,12:00,76986,Premier League 25/26,25/26,Premier League,Matchweek 12,Sat,Away,W,3.0,0.0,Liverpool FC,25.0,,,,,,https://www.sofascore.com/liverpool-nottingham-forest/osU,Ended,Nottingham Forest,for,1.58,1.93,2.0,1.0,1.0,0.0,1.0,1.0,6.0,8.0,8.0,11.0,215.0,629.0,151.0,559.0,27.0,15.0,11.0,8.0,2.0,0.0,0.0,2.0,0.0,0.0,3.0,4.0,5.0,9.0,3.0,8.0,9.0,16.0,6.0,5.0,0.0,0.0,23.0,50.0,21.0,19.0,3.0,9.0,51.0,49.0,4.0,9.0,44.0,36.0,12.0,17.0,7.0,14.0,7.0,4.0,46.0,17.0,1.0,1.0,2.0,2.0,14.0,2.0,70.2,88.9,0.105,0.092,0.467,0.19,1.42,-1.93,75.0,57.1
2025-11-22,12:00,76986,Premier League 25/26,25/26,Premier League,Matchweek 12,Sat,Home,D,2.0,2.0,West Ham United,76.0,,,,,,https://www.sofascore.com/bournemouth-west-ham-united/Mkb,Ended,Bournemouth,for,4.05,0.65,4.0,0.0,2.0,0.0,2.0,0.0,9.0,2.0,9.0,10.0,616.0,202.0,527.0,115.0,19.0,13.0,9.0,9.0,2.0,2.0,3.0,2.0,0.0,0.0,0.0,10.0,7.0,1.0,11.0,2.0,22.0,4.0,6.0,1.0,1.0,0.0,57.0,8.0,13.0,24.0,15.0,1.0,52.0,48.0,6.0,14.0,36.0,30.0,9.0,12.0,9.0,8.0,7.0,9.0,11.0,57.0,0.0,1.0,0.0,3.0,2.0,19.0,85.6,56.9,0.145,0.13,0.357,0.4,-2.05,1.35,0.0,100.0
2025-11-22,12:00,76986,Premier League 25/26,25/26,Premier League,Matchweek 12,Sat,Away,D,2.0,2.0,Bournemouth,24.0,,,,,,https://www.sofascore.com/bournemouth-west-ham-united/Mkb,Ended,West Ham United,for,0.65,4.05,0.0,4.0,0.0,2.0,0.0,2.0,2.0,9.0,10.0,9.0,202.0,616.0,115.0,527.0,13.0,19.0,9.0,9.0,2.0,2.0,2.0,3.0,0.0,0.0,10.0,0.0,1.0,7.0,2.0,11.0,4.0,22.0,1.0,6.0,0.0,1.0,8.0,57.0,24.0,13.0,1.0,15.0,48.0,52.0,14.0,6.0,30.0,36.0,12.0,9.0,8.0,9.0,9.0,7.0,57.0,11.0,1.0,0.0,3.0,0.0,19.0,2.0,56.9,85.6,0.13,0.145,0.4,0.357,1.35,-2.05,100.0,0.0
2025-11-22,12:00,76986,Premier League 25/26,25/26,Premier League,Matchweek 12,Sat,Home,W,2.0,1.0,Brentford,64.0,,,,,,https://www.sofascore.com/brentford-brighton-and-hove-albion/Fsab,Ended,Brighton,for,1.22,1.91,1.0,3.0,1.0,1.0,0.0,2.0,7.0,4.0,10.0,9.0,576.0,314.0,479.0,234.0,23.0,20.0,9.0,8.0,0.0,1.0,4.0,2.0,0.0,0.0,3.0,3.0,1.0,1.0,8.0,5.0,8.0,7.0,6.0,3.0,0.0,0.0,35.0,25.0,20.0,18.0,3.0,3.0,53.0,47.0,10.0,11.0,41.0,39.0,14.0,9.0,10.0,9.0,8.0,13.0,19.0,29.0,0.0,0.0,0.0,0.0,7.0,12.0,83.2,74.5,0.087,0.191,0.357,0.4,0.78,-0.91,75.0,60.0
2025-11-22,12:00,76986,Premier League 25/26,25/26,Premier League,Matchweek 12,Sat,Away,L,1.0,2.0,Brighton,36.0,,,,,,https://www.sofascore.com/brentford-brighton-and-hove-albion/Fsab,Ended,Brentford,for,1.91,1.22,3.0,1.0,1.0,1.0,2.0,0.0,4.0,7.0,9.0,10.0,314.0,576.0,234.0,479.0,20.0,23.0,8.0,9.0,1.0,0.0,2.0,4.0,0.0,0.0,3.0,3.0,1.0,1.0,5.0,8.0,7.0,8.0,3.0,6.0,0.0,0.0,25.0,35.0,18.0,20.0,3.0,3.0,47.0,53.0,11.0,10.0,39.0,41.0,9.0,14.0,9.0,10.0,13.0,8.0,29.0,19.0,0.0,0.0,0.0,0.0,12.0,7.0,74.5,83.2,0.191,0.087,0.4,0.357,-0.91,0.78,60.0,75.0
2025-11-22,12:00,76986,Premier League 25/26,25/26,Premier League,Matchweek 12,Sat,Home,L,0.0,2.0,Crystal Palace,48.0,,,,,,https://www.sofascore.com/crystal-palace-wolverhampton/dsh,Ended,Wolves,for,1.79,1.27,2.0,2.0,0.0,1.0,2.0,1.0,1.0,4.0,13.0,9.0,408.0,437.0,330.0,364.0,21.0,19.0,9.0,13.0,2.0,3.0,2.0,3.0,0.0,0.0,2.0,1.0,2.0,3.0,5.0,3.0,5.0,6.0,3.0,4.0,0.0,2.0,24.0,23.0,27.0,24.0,2.0,0.0,48.0,52.0,13.0,11.0,36.0,39.0,12.0,13.0,7.0,7.0,8.0,10.0,44.0,30.0,1.0,1.0,3.0,0.0,7.0,6.0,80.9,83.3,0.224,0.127,0.125,0.4,-1.79,0.73,50.0,100.0
2025-11-22,12:00,76986,Premier League 25/26,25/26,Premier League,Matchweek 12,Sat,Away,W,2.0,0.0,Wolves,52.0,,,,,,https://www.sofascore.com/crystal-palace-wolverhampton/dsh,Ended,Crystal Palace,for,1.27,1.79,2.0,2.0,1.0,0.0,1.0,2.0,4.0,1.0,9.0,13.0,437.0,408.0,364.0,330.0,19.0,21.0,13.0,9.0,3.0,2.0,3.0,2.0,0.0,0.0,1.0,2.0,3.0,2.0,3.0,5.0,6.0,5.0,4.0,3.0,2.0,0.0,23.0,24.0,24.0,27.0,0.0,2.0,52.0,48.0,11.0,13.0,39.0,36.0,13.0,12.0,7.0,7.0,10.0,8.0,30.0,44.0,1.0,1.0,0.0,3.0,6.0,7.0,83.3,80.9,0.127,0.224,0.4,0.125,0.73,-1.79,100.0,50.0
2025-11-22,12:00,76986,Premier League 25/26,25/26,Premier League,Matchweek 12,Sat,Home,W,1.0,0.0,Sunderland,57.0,,,,,,https://www.sofascore.com/fulham-sunderland/QsT,Ended,Fulham,for,2.16,0.17,4.0,0.0,1.0,0.0,3.0,0.0,7.0,4.0,5.0,13.0,485.0,373.0,412.0,299.0,11.0,21.0,13.0,5.0,1.0,3.0,3.0,3.0,0.0,0.0,2.0,4.0,5.0,1.0,13.0,1.0,18.0,4.0,6.0,0.0,0.0,1.0,46.0,22.0,22.0,17.0,8.0,2.0,46.0,54.0,9.0,8.0,24.0,29.0,12.0,14.0,2.0,3.0,6.0,9.0,28.0,25.0,0.0,1.0,1.0,0.0,7.0,11.0,84.9,80.2,0.09,0.043,0.25,0.5,-1.16,-0.17,100.0,66.7
2025-11-22,12:00,76986,Premier League 25/26,25/26,Premier League,Matchweek 12,Sat,Away,L,0.0,1.0,Fulham,43.0,,,,,,https://www.sofascore.com/fulham-sunderland/QsT,Ended,Sunderland,for,0.17,2.16,0.0,4.0,0.0,1.0,0.0,3.0,4.0,7.0,13.0,5.0,373.0,485.0,299.0,412.0,21.0,11.0,5.0,13.0,3.0,1.0,3.0,3.0,0.0,0.0,4.0,2.0,1.0,5.0,1.0,13.0,4.0,18.0,0.0,6.0,1.0,0.0,22.0,46.0,17.0,22.0,2.0,8.0,54.0,46.0,8.0,9.0,29.0,24.0,14.0,12.0,3.0,2.0,9.0,6.0,25.0,28.0,1.0,0.0,0.0,1.0,11.0,7.0,80.2,84.9,0.043,0.09,0.5,0.25,-0.17,-1.16,66.7,100.0
2025-11-22,14:30,76986,Premier League 25/26,25/26,Premier League,Matchweek 12,Sat,Home,W,2.0,1.0,Manchester City,33.0,,,,,,https://www.sofascore.com/newcastle-united-manchester-city/rO,Ended,Newcastle United,for,2.24,2.49,5.0,3.0,1.0,0.0,4.0,3.0,5.0,9.0,13.0,8.0,285.0,584.0,220.0,525.0,17.0,13.0,8.0,13.0,3.0,2.0,1.0,3.0,0.0,0.0,3.0,3.0,1.0,4.0,3.0,9.0,7.0,14.0,2.0,3.0,1.0,3.0,14.0,43.0,25.0,18.0,5.0,6.0,50.0,50.0,8.0,5.0,29.0,34.0,16.0,11.0,4.0,9.0,7.0,10.0,36.0,15.0,1.0,2.0,1.0,1.0,11.0,6.0,77.2,89.9,0.249,0.146,0.556,0.235,-0.24,-1.49,75.0,60.0
2025-11-22,14:30,76986,Premier League 25/26,25/26,Premier League,Matchweek 12,Sat,Away,L,1.0,2.0,Newcastle United,67.0,,,,,,https://www.sofascore.com/newcastle-united-manchester-city/rO,Ended,Manchester City,for,2.49,2.24,3.0,5.0,0.0,1.0,3.0,4.0,9.0,5.0,8.0,13.0,584.0,285.0,525.0,220.0,13.0,17.0,13.0,8.0,2.0,3.0,3.0,1.0,0.0,0.0,3.0,3.0,4.0,1.0,9.0,3.0,14.0,7.0,3.0,2.0,3.0,1.0,43.0,14.0,18.0,25.0,6.0,5.0,50.0,50.0,5.0,8.0,34.0,29.0,11.0,16.0,9.0,4.0,10.0,7.0,15.0,36.0,2.0,1.0,1.0,1.0,6.0,11.0,89.9,77.2,0.146,0.249,0.235,0.556,-1.49,-0.24,60.0,75.0
2025-11-23,11:00,76986,Premier League 25/26,25/26,Premier League,Matchweek 12,Sun,Home,L,1.0,2.0,Aston Villa,48.0,,,,,,https://www.sofascore.com/aston-villa-leeds-united/JsP,Ended,Leeds United,for,1.79,1.58,3.0,1.0,1.0,0.0,2.0,1.0,3.0,3.0,18.0,16.0,400.0,449.0,339.0,358.0,26.0,20.0,16.0,18.0,4.0,2.0,5.0,1.0,0.0,0.0,2.0,3.0,4.0,4.0,5.0,7.0,9.0,8.0,5.0,6.0,0.0,0.0,24.0,23.0,20.0,18.0,4.0,4.0,50.0,50.0,7.0,14.0,51.0,46.0,11.0,15.0,9.0,12.0,12.0,7.0,21.0,18.0,0.0,0.0,0.0,3.0,9.0,6.0,84.8,79.7,0.128,0.113,0.357,0.214,-0.79,0.42,66.7,60.0
2025-11-23,11:00,76986,Premier League 25/26,25/26,Premier League,Matchweek 12,Sun,Away,W,2.0,1.0,Leeds United,52.0,,,,,,https://www.sofascore.com/aston-villa-leeds-united/JsP,Ended,Aston Villa,for,1.58,1.79,1.0,3.0,0.0,1.0,1.0,2.0,3.0,3.0,16.0,18.0,449.0,400.0,358.0,339.0,20.0,26.0,18.0,16.0,2.0,4.0,1.0,5.0,0.0,0.0,3.0,2.0,4.0,4.0,7.0,5.0,8.0,9.0,6.0,5.0,0.0,0.0,23.0,24.0,18.0,20.0,4.0,4.0,50.0,50.0,14.0,7.0,46.0,51.0,15.0,11.0,12.0,9.0,7.0,12.0,18.0,21.0,0.0,0.0,3.0,0.0,6.0,9.0,79.7,84.8,0.113,0.128,0.214,0.357,0.42,-0.79,60.0,66.7
2025-11-23,13:30,76986,Premier League 25/26,25/26,Premier League,Matchweek 12,Sun,Home,W,4.0,1.0,Tottenham Hotspur,57.0,,,,,,https://www.sofascore.com/arsenal-tottenham-hotspur/IsR,Ended,Arsenal,for,1.93,0.07,3.0,0.0,1.0,0.0,2.0,0.0,4.0,1.0,11.0,15.0,448.0,330.0,363.0,250.0,23.0,21.0,15.0,11.0,3.0,1.0,1.0,3.0,0.0,0.0,1.0,4.0,2.0,0.0,7.0,1.0,12.0,0.0,5.0,3.0,2.0,0.0,27.0,4.0,20.0,18.0,4.0,0.0,54.0,46.0,9.0,15.0,43.0,35.0,15.0,14.0,5.0,4.0,11.0,8.0,17.0,34.0,0.0,1.0,2.0,0.0,6.0,8.0,81.0,75.8,0.114,0.023,0.471,0.667,2.07,0.93,50.0,50.0
2025-11-23,13:30,76986,Premier League 25/26,25/26,Premier League,Matchweek 12,Sun,Away,L,1.0,4.0,Arsenal,43.0,,,,,,https://www.sofascore.com/arsenal-tottenham-hotspur/IsR,Ended,Tottenham Hotspur,for,0.07,1.93,0.0,3.0,0.0,1.0,0.0,2.0,1.0,4.0,15.0,11.0,330.0,448.0,250.0,363.0,21.0,23.0,11.0,15.0,1.0,3.0,3.0,1.0,0.0,0.0,4.0,1.0,0.0,2.0,1.0,7.0,0.0,12.0,3.0,5.0,0.0,2.0,4.0,27.0,18.0,20.0,0.0,4.0,46.0,54.0,15.0,9.0,35.0,43.0,14.0,15.0,4.0,5.0,8.0,11.0,34.0,17.0,1.0,0.0,0.0,2.0,8.0,6.0,75.8,81.0,0.023,0.114,0.667,0.471,0.93,2.07,50.0,50.0
2025-11-24,17:00,76986,Premier League 25/26,25/26,Premier League,Matchweek 12,Mon,Home,L,0.0,1.0,Everton,70.0,,,,,,https://www.sofascore.com/everton-manchester-united/KsY,Ended,Manchester Utd,for,1.71,0.21,3.0,0.0,0.0,0.0,3.0,0.0,9.0,1.0,12.0,9.0,635.0,281.0,558.0,190.0,14.0,6.0,9.0,12.0,1.0,2.0,2.0,0.0,0.0,1.0,0.0,6.0,7.0,1.0,12.0,1.0,17.0,2.0,8.0,1.0,4.0,0.0,50.0,10.0,18.0,26.0,7.0,1.0,48.0,52.0,2.0,9.0,26.0,21.0,19.0,28.0,4.0,4.0,8.0,11.0,19.0,46.0,0.0,2.0,1.0,0.0,6.0,20.0,87.9,67.6,0.068,0.07,0.24,0.333,-1.71,0.79,0.0,100.0
2025-11-24,17:00,76986,Premier League 25/26,25/26,Premier League,Matchweek 12,Mon,Away,W,1.0,0.0,Manchester Utd,30.0,,,,,,https://www.sofascore.com/everton-manchester-united/KsY,Ended,Everton,for,0.21,1.71,0.0,3.0,0.0,0.0,0.0,3.0,1.0,9.0,9.0,12.0,281.0,635.0,190.0,558.0,6.0,14.0,12.0,9.0,2.0,1.0,0.0,2.0,1.0,0.0,6.0,0.0,1.0,7.0,1.0,12.0,2.0,17.0,1.0,8.0,0.0,4.0,10.0,50.0,26.0,18.0,1.0,7.0,52.0,48.0,9.0,2.0,21.0,26.0,28.0,19.0,4.0,4.0,11.0,8.0,46.0,19.0,2.0,0.0,0.0,1.0,20.0,6.0,67.6,87.9,0.07,0.068,0.333,0.24,0.79,-1.71,100.0,0.0
2025-11-29,12:00,76986,Premier League 25/26,25/26,Premier League,Matchweek 13,Sat,Home,W,3.0,2.0,Leeds United,62.0,,,,,,https://www.sofascore.com/leeds-united-manchester-city/rsJ,Ended,Manchester City,for,3.1,1.54,6.0,3.0,2.0,2.0,4.0,1.0,8.0,1.0,17.0,11.0,561.0,348.0,495.0,265.0,6.0,26.0,11.0,16.0,2.0,4.0,4.0,1.0,0.0,0.0,1.0,6.0,6.0,2.0,3.0,3.0,14.0,8.0,4.0,1.0,2.0,1.0,45.0,20.0,26.0,20.0,9.0,3.0,41.0,59.0,13.0,3.0,24.0,46.0,20.0,18.0,7.0,4.0,2.0,8.0,25.0,21.0,0.0,0.0,0.0,0.0,4.0,8.0,88.2,76.1,0.172,0.171,0.5,0.444,-0.1,0.46,25.0,66.7
2025-11-29,12:00,76986,Premier League 25/26,25/26,Premier League,Matchweek 13,Sat,Away,L,2.0,3.0,Manchester City,38.0,,,,,,https://www.sofascore.com/leeds-united-manchester-city/rsJ,Ended,Leeds United,for,1.54,3.1,3.0,6.0,2.0,2.0,1.0,4.0,1.0,8.0,11.0,17.0,348.0,561.0,265.0,495.0,26.0,6.0,16.0,11.0,4.0,2.0,1.0,4.0,0.0,0.0,6.0,1.0,2.0,6.0,3.0,3.0,8.0,14.0,1.0,4.0,1.0,2.0,20.0,45.0,20.0,26.0,3.0,9.0,59.0,41.0,3.0,13.0,46.0,24.0,18.0,20.0,4.0,7.0,8.0,2.0,21.0,25.0,0.0,0.0,0.0,0.0,8.0,4.0,76.1,88.2,0.171,0.172,0.444,0.5,0.46,-0.1,66.7,25.0
2025-11-29,12:00,76986,Premier League 25/26,25/26,Premier League,Matchweek 13,Sat,Home,W,3.0,2.0,Bournemouth,43.0,,,,,,https://www.sofascore.com/bournemouth-sunderland/Qkb,Ended,Sunderland,for,1.28,1.7,2.0,2.0,1.0,1.0,1.0,1.0,6.0,3.0,14.0,13.0,334.0,463.0,240.0,376.0,14.0,19.0,12.0,14.0,1.0,2.0,5.0,5.0,0.0,1.0,4.0,3.0,2.0,4.0,4.0,8.0,10.0,13.0,2.0,5.0,1.0,1.0,29.0,36.0,13.0,24.0,6.0,5.0,53.0,47.0,5.0,8.0,35.0,35.0,21.0,15.0,9.0,3.0,8.0,9.0,26.0,21.0,1.0,2.0,2.0,0.0,8.0,10.0,71.9,81.2,0.107,0.094,0.5,0.333,1.72,0.3,66.7,50.0
2025-11-29,12:00,76986,Premier League 25/26,25/26,Premier League,Matchweek 13,Sat,Away,L,2.0,3.0,Sunderland,57.0,,,,,,https://www.sofascore.com/bournemouth-sunderland/Qkb,Ended,Bournemouth,for,1.7,1.28,2.0,2.0,1.0,1.0,1.0,1.0,3.0,6.0,13.0,14.0,463.0,334.0,376.0,240.0,19.0,14.0,14.0,12.0,2.0,1.0,5.0,5.0,1.0,0.0,3.0,4.0,4.0,2.0,8.0,4.0,13.0,10.0,5.0,2.0,1.0,1.0,36.0,29.0,24.0,13.0,5.0,6.0,47.0,53.0,8.0,5.0,35.0,35.0,15.0,21.0,3.0,9.0,9.0,8.0,21.0,26.0,2.0,1.0,0.0,2.0,10.0,8.0,81.2,71.9,0.094,0.107,0.333,0.5,0.3,1.72,50.0,66.7
2025-11-29,12:00,76986,Premier League 25/26,25/26,Premier League,Matchweek 13,Sat,Home,W,3.0,1.0,Burnley,52.0,,,,,,https://www.sofascore.com/brentford-burnley/gsab,Ended,Brentford,for,3.06,0.95,6.0,1.0,3.0,1.0,3.0,0.0,5.0,6.0,7.0,7.0,406.0,379.0,321.0,263.0,9.0,26.0,6.0,6.0,3.0,1.0,0.0,2.0,0.0,0.0,1.0,1.0,1.0,3.0,9.0,1.0,11.0,2.0,3.0,4.0,1.0,0.0,35.0,13.0,19.0,20.0,5.0,1.0,50.0,50.0,16.0,3.0,22.0,35.0,30.0,16.0,7.0,2.0,11.0,7.0,51.0,37.0,0.0,0.0,1.0,1.0,1.0,15.0,79.1,69.4,0.219,0.158,0.286,0.333,-0.06,0.05,50.0,25.0
2025-11-29,12:00,76986,Premier League 25/26,25/26,Premier League,Matchweek 13,Sat,Away,L,1.0,3.0,Brentford,48.0,,,,,,https://www.sofascore.com/brentford-burnley/gsab,Ended,Burnley,for,0.95,3.06,1.0,6.0,1.0,3.0,0.0,3.0,6.0,5.0,7.0,7.0,379.0,406.0,263.0,321.0,26.0,9.0,6.0,6.0,1.0,3.0,2.0,0.0,0.0,0.0,1.0,1.0,3.0,1.0,1.0,9.0,2.0,11.0,4.0,3.0,0.0,1.0,13.0,35.0,20.0,19.0,1.0,5.0,50.0,50.0,3.0,16.0,35.0,22.0,16.0,30.0,2.0,7.0,7.0,11.0,37.0,51.0,0.0,0.0,1.0,1.0,15.0,1.0,69.4,79.1,0.158,0.219,0.333,0.286,0.05,-0.06,25.0,50.0
2025-11-29,14:30,76986,Premier League 25/26,25/26,Premier League,Matchweek 13,Sat,Home,L,1.0,4.0,Newcastle United,49.0,,,,,,https://www.sofascore.com/everton-newcastle-united/OY,Ended,Everton,for,0.99,1.91,1.0,5.0,1.0,3.0,0.0,2.0,8.0,7.0,4.0,6.0,520.0,553.0,458.0,485.0,19.0,16.0,6.0,4.0,0.0,0.0,0.0,0.0,0.0,0.0,3.0,1.0,2.0,4.0,6.0,1.0,7.0,10.0,3.0,3.0,1.0,1.0,31.0,28.0,30.0,20.0,5.0,7.0,53.0,47.0,8.0,9.0,29.0,23.0,17.0,18.0,4.0,5.0,9.0,3.0,19.0,30.0,0.0,0.0,0.0,1.0,3.0,6.0,88.1,87.7,0.099,0.147,0.2,0.615,0.01,2.09,37.5,50.0
2025-11-29,14:30,76986,Premier League 25/26,25/26,Premier League,Matchweek 13,Sat,Away,W,4.0,1.0,Everton,51.0,,,,,,https://www.sofascore.com/everton-newcastle-united/OY,Ended,Newcastle United,for,1.91,0.99,5.0,1.0,3.0,1.0,2.0,0.0,7.0,8.0,6.0,4.0,553.0,520.0,485.0,458.0,16.0,19.0,4.0,6.0,0.0,0.0,0.0,0.0,0.0,0.0,1.0,3.0,4.0,2.0,1.0,6.0,10.0,7.0,3.0,3.0,1.0,1.0,28.0,31.0,20.0,30.0,7.0,5.0,47.0,53.0,9.0,8.0,23.0,29.0,18.0,17.0,5.0,4.0,3.0,9.0,30.0,19.0,0.0,0.0,1.0,0.0,6.0,3.0,87.7,88.1,0.147,0.099,0.615,0.2,2.09,0.01,50.0,37.5
2025-11-29,17:00,76986,Premier League 25/26,25/26,Premier League,Matchweek 13,Sat,Home,L,1.0,2.0,Fulham,63.0,,,,,,https://www.sofascore.com/fulham-tottenham-hotspur/IsT,Ended,Tottenham Hotspur,for,0.86,0.45,3.0,0.0,0.0,0.0,3.0,0.0,8.0,2.0,11.0,7.0,507.0,320.0,439.0,240.0,14.0,29.0,7.0,11.0,3.0,4.0,3.0,2.0,0.0,0.0,1.0,0.0,6.0,3.0,6.0,1.0,10.0,3.0,4.0,4.0,1.0,0.0,27.0,15.0,21.0,21.0,6.0,1.0,45.0,55.0,17.0,9.0,25.0,44.0,24.0,17.0,7.0,5.0,13.0,9.0,18.0,47.0,0.0,1.0,1.0,1.0,2.0,10.0,86.6,75.0,0.061,0.064,0.143,0.429,0.14,1.55,33.3,0.0
2025-11-29,17:00,76986,Premier League 25/26,25/26,Premier League,Matchweek 13,Sat,Away,W,2.0,1.0,Tottenham Hotspur,37.0,,,,,,https://www.sofascore.com/fulham-tottenham-hotspur/IsT,Ended,Fulham,for,0.45,0.86,0.0,3.0,0.0,0.0,0.0,3.0,2.0,8.0,7.0,11.0,320.0,507.0,240.0,439.0,29.0,14.0,11.0,7.0,4.0,3.0,2.0,3.0,0.0,0.0,0.0,1.0,3.0,6.0,1.0,6.0,3.0,10.0,4.0,4.0,0.0,1.0,15.0,27.0,21.0,21.0,1.0,6.0,55.0,45.0,9.0,17.0,44.0,25.0,17.0,24.0,5.0,7.0,9.0,13.0,47.0,18.0,1.0,0.0,1.0,1.0,10.0,2.0,75.0,86.6,0.064,0.061,0.429,0.143,1.55,0.14,0.0,33.3
2025-11-30,09:00,76986,Premier League 25/26,25/26,Premier League,Matchweek 13,Sun,Home,L,1.0,2.0,Manchester Utd,44.0,,,,,,https://www.sofascore.com/manchester-united-crystal-palace/hK,Ended,Crystal Palace,for,1.83,1.19,3.0,2.0,1.0,0.0,2.0,2.0,4.0,4.0,14.0,14.0,339.0,443.0,244.0,352.0,14.0,16.0,13.0,14.0,3.0,0.0,3.0,2.0,0.0,0.0,4.0,2.0,5.0,0.0,6.0,8.0,11.0,8.0,3.0,6.0,0.0,0.0,26.0,18.0,16.0,27.0,4.0,3.0,46.0,54.0,10.0,6.0,30.0,34.0,23.0,27.0,2.0,5.0,7.0,10.0,44.0,31.0,0.0,1.0,0.0,0.0,7.0,8.0,72.0,79.5,0.131,0.085,0.214,0.429,-0.83,0.81,66.7,66.7
2025-11-30,09:00,76986,Premier League 25/26,25/26,Premier League,Matchweek 13,Sun,Away,W,2.0,1.0,Crystal Palace,56.0,,,,,,https://www.sofascore.com/manchester-united-crystal-palace/hK,Ended,Manchester Utd,for,1.19,1.83,2.0,3.0,0.0,1.0,2.0,2.0,4.0,4.0,14.0,14.0,443.0,339.0,352.0,244.0,16.0,14.0,14.0,13.0,0.0,3.0,2.0,3.0,0.0,0.0,2.0,4.0,0.0,5.0,8.0,6.0,8.0,11.0,6.0,3.0,0.0,0.0,18.0,26.0,27.0,16.0,3.0,4.0,54.0,46.0,6.0,10.0,34.0,30.0,27.0,23.0,5.0,2.0,10.0,7.0,31.0,44.0,1.0,0.0,0.0,0.0,8.0,7.0,79.5,72.0,0.085,0.131,0.429,0.214,0.81,-0.83,66.7,66.7
2025-11-30,11:05,76986,Premier League 25/26,25/26,Premier League,Matchweek 13,Sun,Home,L,0.0,2.0,Liverpool FC,44.0,,,,,,https://www.sofascore.com/liverpool-west-ham-united/MU,Ended,West Ham United,for,0.29,1.24,0.0,3.0,0.0,1.0,0.0,2.0,7.0,2.0,12.0,14.0,380.0,515.0,303.0,445.0,13.0,11.0,14.0,12.0,2.0,1.0,3.0,0.0,1.0,0.0,3.0,0.0,5.0,0.0,2.0,4.0,4.0,5.0,3.0,4.0,1.0,0.0,11.0,20.0,16.0,19.0,2.0,2.0,48.0,52.0,7.0,6.0,31.0,28.0,10.0,16.0,5.0,6.0,9.0,4.0,21.0,29.0,0.0,0.0,0.0,0.0,6.0,6.0,79.7,86.4,0.041,0.138,0.0,0.556,-0.29,0.76,60.0,
2025-11-30,11:05,76986,Premier League 25/26,25/26,Premier League,Matchweek 13,Sun,Away,W,2.0,0.0,West Ham United,56.0,,,,,,https://www.sofascore.com/liverpool-west-ham-united/MU,Ended,Liverpool FC,for,1.24,0.29,3.0,0.0,1.0,0.0,2.0,0.0,2.0,7.0,14.0,12.0,515.0,380.0,445.0,303.0,11.0,13.0,12.0,14.0,1.0,2.0,0.0,3.0,0.0,1.0,0.0,3.0,0.0,5.0,4.0,2.0,5.0,4.0,4.0,3.0,0.0,1.0,20.0,11.0,19.0,16.0,2.0,2.0,52.0,48.0,6.0,7.0,28.0,31.0,16.0,10.0,6.0,5.0,4.0,9.0,29.0,21.0,0.0,0.0,0.0,0.0,6.0,6.0,86.4,79.7,0.138,0.041,0.556,0.0,0.76,-0.29,,60.0
2025-11-30,11:05,76986,Premier League 25/26,25/26,Premier League,Matchweek 13,Sun,Home,W,1.0,0.0,Wolves,52.0,,,,,,https://www.sofascore.com/aston-villa-wolverhampton/dsP,Ended,Aston Villa,for,0.94,0.49,0.0,1.0,0.0,0.0,0.0,1.0,7.0,3.0,13.0,21.0,461.0,423.0,401.0,369.0,16.0,22.0,21.0,13.0,0.0,2.0,0.0,4.0,0.0,0.0,4.0,5.0,4.0,3.0,6.0,2.0,9.0,7.0,7.0,2.0,1.0,1.0,28.0,20.0,14.0,22.0,5.0,5.0,52.0,48.0,13.0,7.0,42.0,42.0,17.0,13.0,7.0,7.0,4.0,6.0,26.0,28.0,0.0,2.0,1.0,1.0,2.0,8.0,87.0,87.2,0.059,0.054,0.375,0.444,0.06,-0.49,100.0,83.3
2025-11-30,11:05,76986,Premier League 25/26,25/26,Premier League,Matchweek 13,Sun,Away,L,0.0,1.0,Aston Villa,48.0,,,,,,https://www.sofascore.com/aston-villa-wolverhampton/dsP,Ended,Wolves,for,0.49,0.94,1.0,0.0,0.0,0.0,1.0,0.0,3.0,7.0,21.0,13.0,423.0,461.0,369.0,401.0,22.0,16.0,13.0,21.0,2.0,0.0,4.0,0.0,0.0,0.0,5.0,4.0,3.0,4.0,2.0,6.0,7.0,9.0,2.0,7.0,1.0,1.0,20.0,28.0,22.0,14.0,5.0,5.0,48.0,52.0,7.0,13.0,42.0,42.0,13.0,17.0,7.0,7.0,6.0,4.0,28.0,26.0,2.0,0.0,1.0,1.0,8.0,2.0,87.2,87.0,0.054,0.059,0.444,0.375,-0.49,0.06,83.3,100.0
2025-11-30,11:05,76986,Premier League 25/26,25/26,Premier League,Matchweek 13,Sun,Home,L,0.0,2.0,Brighton,52.0,,,,,,https://www.sofascore.com/brighton-and-hove-albion-nottingham-forest/osF,Ended,Nottingham Forest,for,0.89,2.0,1.0,4.0,0.0,2.0,1.0,2.0,9.0,2.0,11.0,10.0,492.0,476.0,409.0,392.0,22.0,19.0,10.0,11.0,1.0,0.0,0.0,1.0,0.0,0.0,3.0,3.0,10.0,6.0,6.0,5.0,13.0,11.0,6.0,6.0,0.0,0.0,35.0,28.0,29.0,26.0,8.0,3.0,56.0,44.0,8.0,12.0,49.0,35.0,13.0,13.0,17.0,6.0,7.0,13.0,19.0,37.0,0.0,1.0,0.0,1.0,11.0,10.0,83.1,82.4,0.047,0.118,0.158,0.353,-0.89,0.0,50.0,100.0
2025-11-30,11:05,76986,Premier League 25/26,25/26,Premier League,Matchweek 13,Sun,Away,W,2.0,0.0,Nottingham Forest,48.0,,,,,,https://www.sofascore.com/brighton-and-hove-albion-nottingham-forest/osF,Ended,Brighton,for,2.0,0.89,4.0,1.0,2.0,0.0,2.0,1.0,2.0,9.0,10.0,11.0,476.0,492.0,392.0,409.0,19.0,22.0,11.0,10.0,0.0,1.0,1.0,0.0,0.0,0.0,3.0,3.0,6.0,10.0,5.0,6.0,11.0,13.0,6.0,6.0,0.0,0.0,28.0,35.0,26.0,29.0,3.0,8.0,44.0,56.0,12.0,8.0,35.0,49.0,13.0,13.0,6.0,17.0,13.0,7.0,37.0,19.0,1.0,0.0,1.0,0.0,10.0,11.0,82.4,83.1,0.118,0.047,0.353,0.158,0.0,-0.89,100.0,50.0
2025-11-30,13:30,76986,Premier League 25/26,25/26,Premier League,Matchweek 13,Sun,Home,D,1.0,1.0,Arsenal,38.0,,,,,,https://www.sofascore.com/arsenal-chelsea/NR,Ended,Chelsea,for,0.79,1.26,1.0,1.0,0.0,1.0,1.0,0.0,3.0,3.0,12.0,13.0,279.0,463.0,222.0,390.0,13.0,15.0,13.0,12.0,1.0,3.0,1.0,6.0,1.0,0.0,3.0,3.0,2.0,1.0,5.0,3.0,6.0,6.0,5.0,2.0,0.0,0.0,20.0,23.0,26.0,11.0,5.0,4.0,57.0,43.0,4.0,6.0,29.0,32.0,29.0,12.0,5.0,5.0,6.0,10.0,30.0,17.0,0.0,0.0,2.0,0.0,8.0,7.0,79.6,84.2,0.072,0.158,0.364,0.5,0.21,-0.26,75.0,75.0
2025-11-30,13:30,76986,Premier League 25/26,25/26,Premier League,Matchweek 13,Sun,Away,D,1.0,1.0,Chelsea,62.0,,,,,,https://www.sofascore.com/arsenal-chelsea/NR,Ended,Arsenal,for,1.26,0.79,1.0,1.0,1.0,0.0,0.0,1.0,3.0,3.0,13.0,12.0,463.0,279.0,390.0,222.0,15.0,13.0,12.0,13.0,3.0,1.0,6.0,1.0,0.0,1.0,3.0,3.0,1.0,2.0,3.0,5.0,6.0,6.0,2.0,5.0,0.0,0.0,23.0,20.0,11.0,26.0,4.0,5.0,43.0,57.0,6.0,4.0,32.0,29.0,12.0,29.0,5.0,5.0,10.0,6.0,17.0,30.0,0.0,0.0,0.0,2.0,7.0,8.0,84.2,79.6,0.158,0.072,0.5,0.364,-0.26,0.21,75.0,75.0
2025-12-02,16:30,76986,Premier League 25/26,25/26,Premier League,Matchweek 14,Tue,Home,L,4.0,5.0,Manchester City,57.0,,,,,,https://www.sofascore.com/fulham-manchester-city/rsT,Ended,Fulham,for,0.91,2.22,1.0,3.0,0.0,2.0,1.0,1.0,7.0,2.0,9.0,7.0,612.0,467.0,538.0,392.0,18.0,16.0,7.0,9.0,4.0,1.0,0.0,1.0,0.0,0.0,0.0,1.0,3.0,4.0,3.0,3.0,9.0,9.0,3.0,2.0,1.0,4.0,23.0,23.0,25.0,23.0,5.0,4.0,45.0,55.0,12.0,8.0,33.0,33.0,6.0,14.0,8.0,8.0,11.0,16.0,19.0,27.0,0.0,0.0,0.0,0.0,4.0,7.0,87.9,83.9,0.076,0.202,0.5,0.364,3.09,2.78,0.0,16.7
2025-12-02,16:30,76986,Premier League 25/26,25/26,Premier League,Matchweek 14,Tue,Away,W,5.0,4.0,Fulham,43.0,,,,,,https://www.sofascore.com/fulham-manchester-city/rsT,Ended,Manchester City,for,2.22,0.91,3.0,1.0,2.0,0.0,1.0,1.0,2.0,7.0,7.0,9.0,467.0,612.0,392.0,538.0,16.0,18.0,9.0,7.0,1.0,4.0,1.0,0.0,0.0,0.0,1.0,0.0,4.0,3.0,3.0,3.0,9.0,9.0,2.0,3.0,4.0,1.0,23.0,23.0,23.0,25.0,4.0,5.0,55.0,45.0,8.0,12.0,33.0,33.0,14.0,6.0,8.0,8.0,16.0,11.0,27.0,19.0,0.0,0.0,0.0,0.0,7.0,4.0,83.9,87.9,0.202,0.076,0.364,0.5,2.78,3.09,16.7,0.0
2025-12-02,16:30,76986,Premier League 25/26,25/26,Premier League,Matchweek 14,Tue,Home,L,0.0,1.0,Everton,55.0,,,,,,https://www.sofascore.com/bournemouth-everton/Yskb,Ended,Bournemouth,for,0.5,1.44,1.0,2.0,0.0,0.0,1.0,2.0,1.0,6.0,14.0,14.0,476.0,378.0,402.0,281.0,15.0,18.0,14.0,14.0,1.0,1.0,3.0,3.0,0.0,0.0,2.0,2.0,2.0,5.0,1.0,5.0,5.0,9.0,0.0,4.0,1.0,0.0,28.0,33.0,15.0,18.0,3.0,2.0,49.0,51.0,11.0,6.0,36.0,34.0,20.0,24.0,8.0,2.0,3.0,4.0,55.0,24.0,1.0,1.0,1.0,0.0,6.0,5.0,84.5,74.3,0.1,0.111,0.4,0.231,-0.5,-0.44,66.7,100.0
2025-12-02,16:30,76986,Premier League 25/26,25/26,Premier League,Matchweek 14,Tue,Away,W,1.0,0.0,Bournemouth,45.0,,,,,,https://www.sofascore.com/bournemouth-everton/Yskb,Ended,Everton,for,1.44,0.5,2.0,1.0,0.0,0.0,2.0,1.0,6.0,1.0,14.0,14.0,378.0,476.0,281.0,402.0,18.0,15.0,14.0,14.0,1.0,1.0,3.0,3.0,0.0,0.0,2.0,2.0,5.0,2.0,5.0,1.0,9.0,5.0,4.0,0.0,0.0,1.0,33.0,28.0,18.0,15.0,2.0,3.0,51.0,49.0,6.0,11.0,34.0,36.0,24.0,20.0,2.0,8.0,4.0,3.0,24.0,55.0,1.0,1.0,0.0,1.0,5.0,6.0,74.3,84.5,0.111,0.1,0.231,0.4,-0.44,-0.5,100.0,66.7
2025-12-02,17:15,76986,Premier League 25/26,25/26,Premier League,Matchweek 14,Tue,Home,D,2.0,2.0,Tottenham Hotspur,53.0,,,,,,https://www.sofascore.com/newcastle-united-tottenham-hotspur/IO,Ended,Newcastle United,for,2.04,0.75,1.0,1.0,1.0,1.0,0.0,0.0,11.0,8.0,5.0,12.0,440.0,388.0,377.0,313.0,18.0,17.0,11.0,5.0,3.0,1.0,0.0,3.0,0.0,0.0,0.0,4.0,7.0,5.0,5.0,1.0,13.0,7.0,6.0,1.0,1.0,0.0,38.0,22.0,13.0,12.0,10.0,6.0,58.0,42.0,12.0,8.0,38.0,32.0,25.0,14.0,9.0,10.0,9.0,8.0,28.0,37.0,0.0,3.0,1.0,1.0,5.0,11.0,85.7,80.7,0.107,0.094,0.368,0.25,-0.04,1.25,0.0,57.1
2025-12-02,17:15,76986,Premier League 25/26,25/26,Premier League,Matchweek 14,Tue,Away,D,2.0,2.0,Newcastle United,47.0,,,,,,https://www.sofascore.com/newcastle-united-tottenham-hotspur/IO,Ended,Tottenham Hotspur,for,0.75,2.04,1.0,1.0,1.0,1.0,0.0,0.0,8.0,11.0,12.0,5.0,388.0,440.0,313.0,377.0,17.0,18.0,5.0,11.0,1.0,3.0,3.0,0.0,0.0,0.0,4.0,0.0,5.0,7.0,1.0,5.0,7.0,13.0,1.0,6.0,0.0,1.0,22.0,38.0,12.0,13.0,6.0,10.0,42.0,58.0,8.0,12.0,32.0,38.0,14.0,25.0,10.0,9.0,8.0,9.0,37.0,28.0,3.0,0.0,1.0,1.0,11.0,5.0,80.7,85.7,0.094,0.107,0.25,0.368,1.25,-0.04,57.1,0.0
2025-12-03,16:30,76986,Premier League 25/26,25/26,Premier League,Matchweek 14,Wed,Home,W,2.0,0.0,Brentford,62.0,,,,,,https://www.sofascore.com/brentford-arsenal/Rsab,Ended,Arsenal,for,1.77,0.35,4.0,1.0,1.0,0.0,3.0,1.0,4.0,8.0,7.0,9.0,542.0,333.0,456.0,255.0,26.0,19.0,9.0,7.0,0.0,0.0,0.0,1.0,0.0,0.0,1.0,5.0,4.0,3.0,4.0,2.0,10.0,5.0,5.0,1.0,2.0,0.0,28.0,13.0,25.0,28.0,2.0,3.0,53.0,47.0,10.0,13.0,41.0,31.0,16.0,20.0,7.0,5.0,6.0,10.0,25.0,34.0,0.0,0.0,2.0,0.0,5.0,8.0,84.1,76.6,0.118,0.058,0.467,0.167,0.23,-0.35,100.0,71.4
2025-12-03,16:30,76986,Premier League 25/26,25/26,Premier League,Matchweek 14,Wed,Away,L,0.0,2.0,Arsenal,38.0,,,,,,https://www.sofascore.com/brentford-arsenal/Rsab,Ended,Brentford,for,0.35,1.77,1.0,4.0,0.0,1.0,1.0,3.0,8.0,4.0,9.0,7.0,333.0,542.0,255.0,456.0,19.0,26.0,7.0,9.0,0.0,0.0,1.0,0.0,0.0,0.0,5.0,1.0,3.0,4.0,2.0,4.0,5.0,10.0,1.0,5.0,0.0,2.0,13.0,28.0,28.0,25.0,3.0,2.0,47.0,53.0,13.0,10.0,31.0,41.0,20.0,16.0,5.0,7.0,10.0,6.0,34.0,25.0,0.0,0.0,0.0,2.0,8.0,5.0,76.6,84.1,0.058,0.118,0.167,0.467,-0.35,0.23,71.4,100.0
2025-12-03,16:30,76986,Premier League 25/26,25/26,Premier League,Matchweek 14,Wed,Home,L,3.0,4.0,Aston Villa,56.0,,,,,,https://www.sofascore.com/aston-villa-brighton-and-hove-albion/FP,Ended,Brighton,for,2.21,2.41,3.0,6.0,1.0,4.0,2.0,2.0,5.0,6.0,10.0,9.0,473.0,362.0,404.0,300.0,23.0,23.0,9.0,10.0,4.0,1.0,2.0,2.0,0.0,0.0,6.0,4.0,3.0,2.0,6.0,2.0,12.0,12.0,4.0,2.0,1.0,1.0,29.0,25.0,15.0,15.0,4.0,4.0,49.0,51.0,14.0,15.0,45.0,46.0,9.0,10.0,13.0,13.0,9.0,8.0,16.0,25.0,0.0,0.0,0.0,0.0,6.0,10.0,85.4,82.9,0.138,0.172,0.438,0.714,0.79,1.59,60.0,57.1
2025-12-03,16:30,76986,Premier League 25/26,25/26,Premier League,Matchweek 14,Wed,Away,W,4.0,3.0,Brighton,44.0,,,,,,https://www.sofascore.com/aston-villa-brighton-and-hove-albion/FP,Ended,Aston Villa,for,2.41,2.21,6.0,3.0,4.0,1.0,2.0,2.0,6.0,5.0,9.0,10.0,362.0,473.0,300.0,404.0,23.0,23.0,10.0,9.0,1.0,4.0,2.0,2.0,0.0,0.0,4.0,6.0,2.0,3.0,2.0,6.0,12.0,12.0,2.0,4.0,1.0,1.0,25.0,29.0,15.0,15.0,4.0,4.0,51.0,49.0,15.0,14.0,46.0,45.0,10.0,9.0,13.0,13.0,8.0,9.0,25.0,16.0,0.0,0.0,0.0,0.0,10.0,6.0,82.9,85.4,0.172,0.138,0.714,0.438,1.59,0.79,57.1,60.0
2025-12-03,16:30,76986,Premier League 25/26,25/26,Premier League,Matchweek 14,Wed,Home,L,0.0,1.0,Nottingham Forest,50.0,,,,,,https://www.sofascore.com/nottingham-forest-wolverhampton/dso,Ended,Wolves,for,0.91,0.74,1.0,2.0,0.0,1.0,1.0,1.0,3.0,9.0,19.0,11.0,415.0,416.0,329.0,334.0,19.0,17.0,11.0,19.0,2.0,2.0,2.0,2.0,0.0,0.0,2.0,1.0,2.0,4.0,2.0,3.0,4.0,7.0,1.0,3.0,1.0,0.0,10.0,23.0,24.0,28.0,3.0,8.0,50.0,50.0,12.0,11.0,38.0,40.0,17.0,15.0,8.0,4.0,10.0,5.0,19.0,19.0,0.0,0.0,0.0,1.0,7.0,4.0,79.3,80.3,0.182,0.074,0.2,0.3,-0.91,0.26,66.7,100.0
2025-12-03,16:30,76986,Premier League 25/26,25/26,Premier League,Matchweek 14,Wed,Away,W,1.0,0.0,Wolves,50.0,,,,,,https://www.sofascore.com/nottingham-forest-wolverhampton/dso,Ended,Nottingham Forest,for,0.74,0.91,2.0,1.0,1.0,0.0,1.0,1.0,9.0,3.0,11.0,19.0,416.0,415.0,334.0,329.0,17.0,19.0,19.0,11.0,2.0,2.0,2.0,2.0,0.0,0.0,1.0,2.0,4.0,2.0,3.0,2.0,7.0,4.0,3.0,1.0,0.0,1.0,23.0,10.0,28.0,24.0,8.0,3.0,50.0,50.0,11.0,12.0,40.0,38.0,15.0,17.0,4.0,8.0,5.0,10.0,19.0,19.0,0.0,0.0,1.0,0.0,4.0,7.0,80.3,79.3,0.074,0.182,0.3,0.2,0.26,-0.91,100.0,66.7
2025-12-03,16:30,76986,Premier League 25/26,25/26,Premier League,Matchweek 14,Wed,Home,L,0.0,1.0,Crystal Palace,58.0,,,,,,https://www.sofascore.com/crystal-palace-burnley/gsh,Ended,Burnley,for,0.95,0.59,2.0,2.0,0.0,1.0,2.0,1.0,3.0,3.0,9.0,8.0,567.0,417.0,474.0,309.0,13.0,17.0,8.0,9.0,0.0,3.0,0.0,0.0,0.0,0.0,2.0,3.0,6.0,0.0,1.0,0.0,8.0,3.0,3.0,0.0,1.0,0.0,29.0,22.0,23.0,22.0,5.0,5.0,44.0,56.0,12.0,9.0,24.0,27.0,19.0,28.0,3.0,1.0,16.0,11.0,42.0,42.0,0.0,1.0,0.0,1.0,6.0,5.0,83.6,74.1,0.086,0.197,0.364,1.0,-0.95,0.41,66.7,75.0
2025-12-03,16:30,76986,Premier League 25/26,25/26,Premier League,Matchweek 14,Wed,Away,W,1.0,0.0,Burnley,42.0,,,,,,https://www.sofascore.com/crystal-palace-burnley/gsh,Ended,Crystal Palace,for,0.59,0.95,2.0,2.0,1.0,0.0,1.0,2.0,3.0,3.0,8.0,9.0,417.0,567.0,309.0,474.0,17.0,13.0,9.0,8.0,3.0,0.0,0.0,0.0,0.0,0.0,3.0,2.0,0.0,6.0,0.0,1.0,3.0,8.0,0.0,3.0,0.0,1.0,22.0,29.0,22.0,23.0,5.0,5.0,56.0,44.0,9.0,12.0,27.0,24.0,28.0,19.0,1.0,3.0,11.0,16.0,42.0,42.0,1.0,0.0,1.0,0.0,5.0,6.0,74.1,83.6,0.197,0.086,1.0,0.364,0.41,-0.95,75.0,66.7
2025-12-03,17:15,76986,Premier League 25/26,25/26,Premier League,Matchweek 14,Wed,Home,D,1.0,1.0,Sunderland,68.0,,,,,,https://www.sofascore.com/liverpool-sunderland/QU,Ended,Liverpool FC,for,1.64,0.42,1.0,1.0,0.0,0.0,1.0,1.0,7.0,3.0,10.0,5.0,638.0,304.0,554.0,218.0,12.0,15.0,5.0,10.0,2.0,2.0,1.0,1.0,0.0,0.0,4.0,4.0,11.0,1.0,8.0,2.0,13.0,4.0,10.0,5.0,0.0,2.0,33.0,16.0,15.0,24.0,6.0,3.0,47.0,53.0,7.0,6.0,21.0,27.0,18.0,17.0,5.0,3.0,6.0,9.0,26.0,47.0,1.0,2.0,0.0,5.0,5.0,11.0,86.8,71.7,0.071,0.047,0.174,0.667,-0.64,0.58,66.7,100.0
2025-12-03,17:15,76986,Premier League 25/26,25/26,Premier League,Matchweek 14,Wed,Away,D,1.0,1.0,Liverpool FC,32.0,,,,,,https://www.sofascore.com/liverpool-sunderland/QU,Ended,Sunderland,for,0.42,1.64,1.0,1.0,0.0,0.0,1.0,1.0,3.0,7.0,5.0,10.0,304.0,638.0,218.0,554.0,15.0,12.0,10.0,5.0,2.0,2.0,1.0,1.0,0.0,0.0,4.0,4.0,1.0,11.0,2.0,8.0,4.0,13.0,5.0,10.0,2.0,0.0,16.0,33.0,24.0,15.0,3.0,6.0,53.0,47.0,6.0,7.0,27.0,21.0,17.0,18.0,3.0,5.0,9.0,6.0,47.0,26.0,2.0,1.0,5.0,0.0,11.0,5.0,71.7,86.8,0.047,0.071,0.667,0.174,0.58,-0.64,100.0,66.7
2025-12-03,17:15,76986,Premier League 25/26,25/26,Premier League,Matchweek 14,Wed,Home,W,3.0,1.0,Chelsea,29.0,,,,,,https://www.sofascore.com/chelsea-leeds-united/JsN,Ended,Leeds United,for,2.79,0.96,2.0,1.0,1.0,1.0,1.0,0.0,4.0,2.0,10.0,13.0,264.0,682.0,186.0,608.0,21.0,16.0,13.0,10.0,3.0,1.0,1.0,1.0,0.0,0.0,1.0,2.0,2.0,5.0,10.0,7.0,11.0,11.0,6.0,3.0,0.0,3.0,20.0,33.0,20.0,15.0,6.0,5.0,50.0,50.0,8.0,14.0,37.0,33.0,14.0,18.0,4.0,8.0,9.0,3.0,32.0,35.0,0.0,1.0,1.0,1.0,7.0,8.0,70.5,89.1,0.164,0.069,0.294,0.143,0.21,0.04,50.0,40.0
2025-12-03,17:15,76986,Premier League 25/26,25/26,Premier League,Matchweek 14,Wed,Away,L,1.0,3.0,Leeds United,71.0,,,,,,https://www.sofascore.com/chelsea-leeds-united/JsN,Ended,Chelsea,for,0.96,2.79,1.0,2.0,1.0,1.0,0.0,1.0,2.0,4.0,13.0,10.0,682.0,264.0,608.0,186.0,16.0,21.0,10.0,13.0,1.0,3.0,1.0,1.0,0.0,0.0,2.0,1.0,5.0,2.0,7.0,10.0,11.0,11.0,3.0,6.0,3.0,0.0,33.0,20.0,15.0,20.0,5.0,6.0,50.0,50.0,14.0,8.0,33.0,37.0,18.0,14.0,8.0,4.0,3.0,9.0,35.0,32.0,1.0,0.0,1.0,1.0,8.0,7.0,89.1,70.5,0.069,0.164,0.143,0.294,0.04,0.21,40.0,50.0
2025-12-04,17:00,76986,Premier League 25/26,25/26,Premier League,Matchweek 14,Thu,Home,D,1.0,1.0,West Ham United,65.0,,,,,,https://www.sofascore.com/west-ham-united-manchester-united/KM,Ended,Manchester Utd,for,1.8,0.79,3.0,1.0,1.0,1.0,2.0,0.0,6.0,6.0,13.0,9.0,547.0,297.0,446.0,212.0,19.0,15.0,9.0,13.0,3.0,2.0,2.0,2.0,0.0,0.0,1.0,3.0,8.0,5.0,5.0,3.0,13.0,10.0,4.0,1.0,0.0,0.0,43.0,28.0,22.0,27.0,5.0,3.0,42.0,58.0,10.0,12.0,36.0,39.0,11.0,25.0,9.0,11.0,5.0,20.0,17.0,39.0,0.0,2.0,1.0,0.0,5.0,9.0,81.5,71.4,0.106,0.072,0.235,0.273,-0.8,0.21,33.3,75.0
2025-12-04,17:00,76986,Premier League 25/26,25/26,Premier League,Matchweek 14,Thu,Away,D,1.0,1.0,Manchester Utd,35.0,,,,,,https://www.sofascore.com/west-ham-united-manchester-united/KM,Ended,West Ham United,for,0.79,1.8,1.0,3.0,1.0,1.0,0.0,2.0,6.0,6.0,9.0,13.0,297.0,547.0,212.0,446.0,15.0,19.0,13.0,9.0,2.0,3.0,2.0,2.0,0.0,0.0,3.0,1.0,5.0,8.0,3.0,5.0,10.0,13.0,1.0,4.0,0.0,0.0,28.0,43.0,27.0,22.0,3.0,5.0,58.0,42.0,12.0,10.0,39.0,36.0,25.0,11.0,11.0,9.0,20.0,5.0,39.0,17.0,2.0,0.0,0.0,1.0,9.0,5.0,71.4,81.5,0.072,0.106,0.273,0.235,0.21,-0.8,75.0,33.3
2025-12-06,09:30,76986,Premier League 25/26,25/26,Premier League,Matchweek 15,Sat,Home,W,2.0,1.0,Arsenal,47.0,,,,,,https://www.sofascore.com/arsenal-aston-villa/PR,Ended,Aston Villa,for,2.16,1.92,5.0,4.0,1.0,1.0,4.0,3.0,3.0,3.0,10.0,8.0,397.0,443.0,325.0,376.0,15.0,20.0,8.0,10.0,0.0,3.0,0.0,2.0,0.0,0.0,7.0,4.0,7.0,1.0,2.0,5.0,13.0,9.0,2.0,6.0,1.0,0.0,43.0,33.0,31.0,18.0,1.0,4.0,45.0,55.0,13.0,8.0,33.0,36.0,7.0,12.0,10.0,6.0,6.0,11.0,23.0,24.0,4.0,1.0,0.0,0.0,11.0,6.0,81.9,84.9,0.144,0.128,0.4,0.6,-0.16,-0.92,77.8,66.7
2025-12-06,09:30,76986,Premier League 25/26,25/26,Premier League,Matchweek 15,Sat,Away,L,1.0,2.0,Aston Villa,53.0,,,,,,https://www.sofascore.com/arsenal-aston-villa/PR,Ended,Arsenal,for,1.92,2.16,4.0,5.0,1.0,1.0,3.0,4.0,3.0,3.0,8.0,10.0,443.0,397.0,376.0,325.0,20.0,15.0,10.0,8.0,3.0,0.0,2.0,0.0,0.0,0.0,4.0,7.0,1.0,7.0,5.0,2.0,9.0,13.0,6.0,2.0,0.0,1.0,33.0,43.0,18.0,31.0,4.0,1.0,55.0,45.0,8.0,13.0,36.0,33.0,12.0,7.0,6.0,10.0,11.0,6.0,24.0,23.0,1.0,4.0,0.0,0.0,6.0,11.0,84.9,81.9,0.128,0.144,0.6,0.4,-0.92,-0.16,66.7,77.8
2025-12-06,12:00,76986,Premier League 25/26,25/26,Premier League,Matchweek 15,Sat,Home,W,3.0,0.0,Sunderland,64.0,,,,,,https://www.sofascore.com/sunderland-manchester-city/rQ,Ended,Manchester City,for,2.42,0.71,3.0,1.0,1.0,0.0,2.0,1.0,6.0,5.0,9.0,10.0,623.0,347.0,559.0,277.0,8.0,20.0,10.0,9.0,0.0,3.0,1.0,0.0,0.0,1.0,1.0,2.0,5.0,3.0,7.0,4.0,15.0,5.0,3.0,3.0,2.0,1.0,42.0,7.0,15.0,20.0,6.0,1.0,49.0,51.0,9.0,2.0,29.0,32.0,11.0,10.0,11.0,3.0,4.0,8.0,21.0,28.0,1.0,0.0,0.0,2.0,4.0,9.0,89.7,79.8,0.134,0.089,0.333,0.125,0.58,-0.71,100.0,33.3
2025-12-06,12:00,76986,Premier League 25/26,25/26,Premier League,Matchweek 15,Sat,Away,L,0.0,3.0,Manchester City,36.0,,,,,,https://www.sofascore.com/sunderland-manchester-city/rQ,Ended,Sunderland,for,0.71,2.42,1.0,3.0,0.0,1.0,1.0,2.0,5.0,6.0,10.0,9.0,347.0,623.0,277.0,559.0,20.0,8.0,9.0,10.0,3.0,0.0,0.0,1.0,1.0,0.0,2.0,1.0,3.0,5.0,4.0,7.0,5.0,15.0,3.0,3.0,1.0,2.0,7.0,42.0,20.0,15.0,1.0,6.0,51.0,49.0,2.0,9.0,32.0,29.0,10.0,11.0,3.0,11.0,8.0,4.0,28.0,21.0,0.0,1.0,2.0,0.0,9.0,4.0,79.8,89.7,0.089,0.134,0.125,0.333,-0.71,0.58,33.3,100.0
2025-12-06,12:00,76986,Premier League 25/26,25/26,Premier League,Matchweek 15,Sat,Home,D,0.0,0.0,Chelsea,39.0,,,,,,https://www.sofascore.com/bournemouth-chelsea/Nskb,Ended,Bournemouth,for,1.42,0.92,1.0,0.0,0.0,0.0,1.0,0.0,5.0,0.0,15.0,13.0,329.0,519.0,232.0,430.0,17.0,17.0,13.0,15.0,4.0,0.0,0.0,2.0,0.0,0.0,4.0,5.0,2.0,1.0,6.0,6.0,8.0,6.0,5.0,5.0,0.0,0.0,24.0,20.0,26.0,21.0,1.0,5.0,47.0,53.0,7.0,5.0,37.0,38.0,17.0,23.0,7.0,7.0,14.0,10.0,23.0,26.0,0.0,0.0,0.0,2.0,10.0,8.0,70.5,82.9,0.109,0.084,0.385,0.364,-1.42,-0.92,100.0,100.0
2025-12-06,12:00,76986,Premier League 25/26,25/26,Premier League,Matchweek 15,Sat,Away,D,0.0,0.0,Bournemouth,61.0,,,,,,https://www.sofascore.com/bournemouth-chelsea/Nskb,Ended,Chelsea,for,0.92,1.42,0.0,1.0,0.0,0.0,0.0,1.0,0.0,5.0,13.0,15.0,519.0,329.0,430.0,232.0,17.0,17.0,15.0,13.0,0.0,4.0,2.0,0.0,0.0,0.0,5.0,4.0,1.0,2.0,6.0,6.0,6.0,8.0,5.0,5.0,0.0,0.0,20.0,24.0,21.0,26.0,5.0,1.0,53.0,47.0,5.0,7.0,38.0,37.0,23.0,17.0,7.0,7.0,10.0,14.0,26.0,23.0,0.0,0.0,2.0,0.0,8.0,10.0,82.9,70.5,0.084,0.109,0.364,0.385,-0.92,-1.42,100.0,100.0
2025-12-06,12:00,76986,Premier League 25/26,25/26,Premier League,Matchweek 15,Sat,Home,W,2.0,0.0,Brentford,53.0,,,,,,https://www.sofascore.com/brentford-tottenham-hotspur/Isab,Ended,Tottenham Hotspur,for,2.18,0.29,4.0,1.0,1.0,0.0,3.0,1.0,7.0,6.0,8.0,9.0,400.0,355.0,329.0,281.0,17.0,24.0,9.0,8.0,2.0,1.0,3.0,4.0,0.0,0.0,1.0,5.0,3.0,1.0,5.0,2.0,9.0,3.0,6.0,1.0,0.0,1.0,23.0,16.0,24.0,17.0,5.0,2.0,46.0,54.0,13.0,9.0,34.0,40.0,16.0,18.0,8.0,8.0,11.0,7.0,29.0,34.0,0.0,2.0,2.0,0.0,7.0,10.0,82.2,79.2,0.145,0.072,0.467,0.25,-0.18,-0.29,100.0,71.4
2025-12-06,12:00,76986,Premier League 25/26,25/26,Premier League,Matchweek 15,Sat,Away,L,0.0,2.0,Tottenham Hotspur,47.0,,,,,,https://www.sofascore.com/brentford-tottenham-hotspur/Isab,Ended,Brentford,for,0.29,2.18,1.0,4.0,0.0,1.0,1.0,3.0,6.0,7.0,9.0,8.0,355.0,400.0,281.0,329.0,24.0,17.0,8.0,9.0,1.0,2.0,4.0,3.0,0.0,0.0,5.0,1.0,1.0,3.0,2.0,5.0,3.0,9.0,1.0,6.0,1.0,0.0,16.0,23.0,17.0,24.0,2.0,5.0,54.0,46.0,9.0,13.0,40.0,34.0,18.0,16.0,8.0,8.0,7.0,11.0,34.0,29.0,2.0,0.0,0.0,2.0,10.0,7.0,79.2,82.2,0.072,0.145,0.25,0.467,-0.29,-0.18,71.4,100.0
2025-12-06,12:00,76986,Premier League 25/26,25/26,Premier League,Matchweek 15,Sat,Home,W,2.0,1.0,Burnley,70.0,,,,,,https://www.sofascore.com/newcastle-united-burnley/gsO,Ended,Newcastle United,for,1.77,1.61,2.0,3.0,1.0,1.0,1.0,2.0,9.0,9.0,9.0,11.0,611.0,259.0,554.0,188.0,19.0,15.0,10.0,8.0,3.0,2.0,2.0,2.0,0.0,1.0,2.0,6.0,3.0,3.0,7.0,3.0,6.0,5.0,11.0,4.0,1.0,1.0,26.0,19.0,29.0,18.0,1.0,6.0,61.0,39.0,7.0,13.0,38.0,25.0,16.0,9.0,9.0,4.0,1.0,7.0,27.0,28.0,1.0,1.0,0.0,0.0,5.0,17.0,90.7,72.6,0.104,0.179,0.412,0.333,0.23,-0.61,66.7,85.7
2025-12-06,12:00,76986,Premier League 25/26,25/26,Premier League,Matchweek 15,Sat,Away,L,1.0,2.0,Newcastle United,30.0,,,,,,https://www.sofascore.com/newcastle-united-burnley/gsO,Ended,Burnley,for,1.61,1.77,3.0,2.0,1.0,1.0,2.0,1.0,9.0,9.0,11.0,9.0,259.0,611.0,188.0,554.0,15.0,19.0,8.0,10.0,2.0,3.0,2.0,2.0,1.0,0.0,6.0,2.0,3.0,3.0,3.0,7.0,5.0,6.0,4.0,11.0,1.0,1.0,19.0,26.0,18.0,29.0,6.0,1.0,39.0,61.0,13.0,7.0,25.0,38.0,9.0,16.0,4.0,9.0,7.0,1.0,28.0,27.0,1.0,1.0,0.0,0.0,17.0,5.0,72.6,90.7,0.179,0.104,0.333,0.412,-0.61,0.23,85.7,66.7
2025-12-06,12:00,76986,Premier League 25/26,25/26,Premier League,Matchweek 15,Sat,Home,W,3.0,0.0,Nottingham Forest,41.0,,,,,,https://www.sofascore.com/everton-nottingham-forest/osY,Ended,Everton,for,1.12,0.53,1.0,1.0,1.0,0.0,0.0,1.0,6.0,3.0,17.0,15.0,306.0,441.0,238.0,357.0,15.0,24.0,15.0,17.0,3.0,1.0,4.0,3.0,0.0,0.0,2.0,3.0,4.0,2.0,2.0,2.0,7.0,6.0,4.0,1.0,0.0,0.0,27.0,12.0,15.0,14.0,3.0,3.0,42.0,58.0,13.0,12.0,32.0,48.0,21.0,24.0,3.0,8.0,11.0,6.0,42.0,35.0,2.0,2.0,1.0,0.0,3.0,8.0,77.8,81.0,0.102,0.076,0.455,0.429,1.88,-0.53,66.7,60.0
2025-12-06,12:00,76986,Premier League 25/26,25/26,Premier League,Matchweek 15,Sat,Away,L,0.0,3.0,Everton,59.0,,,,,,https://www.sofascore.com/everton-nottingham-forest/osY,Ended,Nottingham Forest,for,0.53,1.12,1.0,1.0,0.0,1.0,1.0,0.0,3.0,6.0,15.0,17.0,441.0,306.0,357.0,238.0,24.0,15.0,17.0,15.0,1.0,3.0,3.0,4.0,0.0,0.0,3.0,2.0,2.0,4.0,2.0,2.0,6.0,7.0,1.0,4.0,0.0,0.0,12.0,27.0,14.0,15.0,3.0,3.0,58.0,42.0,12.0,13.0,48.0,32.0,24.0,21.0,8.0,3.0,6.0,11.0,35.0,42.0,2.0,2.0,0.0,1.0,8.0,3.0,81.0,77.8,0.076,0.102,0.429,0.455,-0.53,1.88,60.0,66.7
2025-12-06,14:30,76986,Premier League 25/26,25/26,Premier League,Matchweek 15,Sat,Home,D,3.0,3.0,Liverpool FC,45.0,,,,,,https://www.sofascore.com/liverpool-leeds-united/JsU,Ended,Leeds United,for,1.51,1.91,2.0,4.0,2.0,2.0,0.0,2.0,5.0,4.0,14.0,14.0,402.0,503.0,321.0,418.0,9.0,17.0,13.0,14.0,2.0,2.0,3.0,3.0,0.0,0.0,4.0,2.0,2.0,4.0,5.0,5.0,9.0,12.0,3.0,4.0,0.0,0.0,19.0,27.0,14.0,16.0,4.0,6.0,44.0,56.0,10.0,4.0,26.0,36.0,17.0,19.0,5.0,6.0,10.0,5.0,19.0,28.0,0.0,0.0,0.0,0.0,5.0,5.0,79.9,83.1,0.126,0.119,0.417,0.438,1.49,1.09,57.1,40.0
2025-12-06,14:30,76986,Premier League 25/26,25/26,Premier League,Matchweek 15,Sat,Away,D,3.0,3.0,Leeds United,55.0,,,,,,https://www.sofascore.com/liverpool-leeds-united/JsU,Ended,Liverpool FC,for,1.91,1.51,4.0,2.0,2.0,2.0,2.0,0.0,4.0,5.0,14.0,14.0,503.0,402.0,418.0,321.0,17.0,9.0,14.0,13.0,2.0,2.0,3.0,3.0,0.0,0.0,2.0,4.0,4.0,2.0,5.0,5.0,12.0,9.0,4.0,3.0,0.0,0.0,27.0,19.0,16.0,14.0,6.0,4.0,56.0,44.0,4.0,10.0,36.0,26.0,19.0,17.0,6.0,5.0,5.0,10.0,28.0,19.0,0.0,0.0,0.0,0.0,5.0,5.0,83.1,79.9,0.119,0.126,0.438,0.417,1.09,1.49,40.0,57.1
2025-12-07,11:00,76986,Premier League 25/26,25/26,Premier League,Matchweek 15,Sun,Home,D,1.0,1.0,West Ham United,68.0,,,,,,https://www.sofascore.com/west-ham-united-brighton-and-hove-albion/FsM,Ended,Brighton,for,1.87,1.14,3.0,3.0,1.0,0.0,2.0,3.0,10.0,6.0,12.0,8.0,586.0,277.0,515.0,203.0,12.0,14.0,8.0,12.0,1.0,1.0,2.0,2.0,0.0,0.0,4.0,4.0,10.0,3.0,8.0,6.0,15.0,12.0,7.0,2.0,0.0,1.0,44.0,24.0,19.0,15.0,13.0,3.0,44.0,56.0,7.0,6.0,26.0,39.0,14.0,12.0,6.0,13.0,9.0,13.0,13.0,41.0,2.0,0.0,0.0,0.0,12.0,18.0,87.9,73.3,0.085,0.081,0.182,0.357,-0.87,-0.14,80.0,100.0
2025-12-07,11:00,76986,Premier League 25/26,25/26,Premier League,Matchweek 15,Sun,Away,D,1.0,1.0,Brighton,32.0,,,,,,https://www.sofascore.com/west-ham-united-brighton-and-hove-albion/FsM,Ended,West Ham United,for,1.14,1.87,3.0,3.0,0.0,1.0,3.0,2.0,6.0,10.0,8.0,12.0,277.0,586.0,203.0,515.0,14.0,12.0,12.0,8.0,1.0,1.0,2.0,2.0,0.0,0.0,4.0,4.0,3.0,10.0,6.0,8.0,12.0,15.0,2.0,7.0,1.0,0.0,24.0,44.0,15.0,19.0,3.0,13.0,56.0,44.0,6.0,7.0,39.0,26.0,12.0,14.0,13.0,6.0,13.0,9.0,41.0,13.0,0.0,2.0,0.0,0.0,18.0,12.0,73.3,87.9,0.081,0.085,0.357,0.182,-0.14,-0.87,100.0,80.0
2025-12-07,13:30,76986,Premier League 25/26,25/26,Premier League,Matchweek 15,Sun,Home,L,1.0,2.0,Crystal Palace,63.0,,,,,,https://www.sofascore.com/fulham-crystal-palace/hsT,Ended,Fulham,for,0.76,1.65,2.0,4.0,0.0,2.0,2.0,2.0,6.0,4.0,5.0,8.0,640.0,367.0,556.0,303.0,12.0,20.0,8.0,5.0,3.0,2.0,0.0,0.0,0.0,0.0,3.0,3.0,3.0,5.0,5.0,1.0,9.0,9.0,3.0,2.0,0.0,1.0,26.0,18.0,23.0,21.0,7.0,3.0,54.0,46.0,10.0,2.0,28.0,31.0,16.0,7.0,9.0,6.0,8.0,9.0,23.0,28.0,0.0,0.0,0.0,0.0,7.0,9.0,86.9,82.6,0.063,0.15,0.333,0.455,0.24,0.35,60.0,75.0
2025-12-07,13:30,76986,Premier League 25/26,25/26,Premier League,Matchweek 15,Sun,Away,W,2.0,1.0,Fulham,37.0,,,,,,https://www.sofascore.com/fulham-crystal-palace/hsT,Ended,Crystal Palace,for,1.65,0.76,4.0,2.0,2.0,0.0,2.0,2.0,4.0,6.0,8.0,5.0,367.0,640.0,303.0,556.0,20.0,12.0,5.0,8.0,2.0,3.0,0.0,0.0,0.0,0.0,3.0,3.0,5.0,3.0,1.0,5.0,9.0,9.0,2.0,3.0,1.0,0.0,18.0,26.0,21.0,23.0,3.0,7.0,46.0,54.0,2.0,10.0,31.0,28.0,7.0,16.0,6.0,9.0,9.0,8.0,28.0,23.0,0.0,0.0,0.0,0.0,9.0,7.0,82.6,86.9,0.15,0.063,0.455,0.333,0.35,0.24,75.0,60.0
2025-12-08,17:00,76986,Premier League 25/26,25/26,Premier League,Matchweek 15,Mon,Home,L,1.0,4.0,Manchester Utd,37.0,,,,,,https://www.sofascore.com/manchester-united-wolverhampton/dsK,Ended,Wolves,for,0.41,4.24,1.0,8.0,1.0,4.0,0.0,4.0,1.0,9.0,17.0,12.0,294.0,541.0,208.0,458.0,26.0,16.0,12.0,16.0,2.0,3.0,3.0,2.0,0.0,0.0,4.0,1.0,3.0,14.0,3.0,3.0,4.0,20.0,4.0,7.0,0.0,5.0,21.0,42.0,26.0,20.0,6.0,3.0,53.0,47.0,11.0,16.0,51.0,41.0,20.0,22.0,13.0,10.0,13.0,7.0,24.0,27.0,0.0,1.0,0.0,0.0,5.0,6.0,70.7,84.7,0.051,0.157,0.25,0.37,0.59,-0.24,40.0,50.0
2025-12-08,17:00,76986,Premier League 25/26,25/26,Premier League,Matchweek 15,Mon,Away,W,4.0,1.0,Wolves,63.0,,,,,,https://www.sofascore.com/manchester-united-wolverhampton/dsK,Ended,Manchester Utd,for,4.24,0.41,8.0,1.0,4.0,1.0,4.0,0.0,9.0,1.0,12.0,17.0,541.0,294.0,458.0,208.0,16.0,26.0,16.0,12.0,3.0,2.0,2.0,3.0,0.0,0.0,1.0,4.0,14.0,3.0,3.0,3.0,20.0,4.0,7.0,4.0,5.0,0.0,42.0,21.0,20.0,26.0,3.0,6.0,47.0,53.0,16.0,11.0,41.0,51.0,22.0,20.0,10.0,13.0,7.0,13.0,27.0,24.0,1.0,0.0,0.0,0.0,6.0,5.0,84.7,70.7,0.157,0.051,0.37,0.25,-0.24,0.59,50.0,40.0
2025-12-13,12:00,76986,Premier League 25/26,25/26,Premier League,Matchweek 16,Sat,Home,W,2.0,0.0,Brighton,49.0,,,,,,https://www.sofascore.com/liverpool-brighton-and-hove-albion/FsU,Ended,Liverpool FC,for,1.89,1.9,3.0,3.0,2.0,0.0,1.0,3.0,2.0,2.0,8.0,15.0,519.0,526.0,448.0,470.0,22.0,13.0,15.0,8.0,2.0,0.0,1.0,2.0,0.0,0.0,1.0,2.0,6.0,6.0,8.0,7.0,10.0,11.0,8.0,3.0,0.0,2.0,38.0,28.0,29.0,28.0,2.0,4.0,66.0,34.0,6.0,8.0,52.0,28.0,18.0,8.0,17.0,7.0,8.0,6.0,31.0,6.0,0.0,0.0,1.0,0.0,13.0,8.0,86.3,89.4,0.105,0.136,0.222,0.071,0.11,-1.9,100.0,50.0
2025-12-13,12:00,76986,Premier League 25/26,25/26,Premier League,Matchweek 16,Sat,Away,L,0.0,2.0,Liverpool FC,51.0,,,,,,https://www.sofascore.com/liverpool-brighton-and-hove-albion/FsU,Ended,Brighton,for,1.9,1.89,3.0,3.0,0.0,2.0,3.0,1.0,2.0,2.0,15.0,8.0,526.0,519.0,470.0,448.0,13.0,22.0,8.0,15.0,0.0,2.0,2.0,1.0,0.0,0.0,2.0,1.0,6.0,6.0,7.0,8.0,11.0,10.0,3.0,8.0,2.0,0.0,28.0,38.0,28.0,29.0,4.0,2.0,34.0,66.0,8.0,6.0,28.0,52.0,8.0,18.0,7.0,17.0,6.0,8.0,6.0,31.0,0.0,0.0,0.0,1.0,8.0,13.0,89.4,86.3,0.136,0.105,0.071,0.222,-1.9,0.11,50.0,100.0
2025-12-13,12:00,76986,Premier League 25/26,25/26,Premier League,Matchweek 16,Sat,Home,W,2.0,0.0,Everton,58.0,,,,,,https://www.sofascore.com/everton-chelsea/BQy,Ended,Chelsea,for,2.2,1.03,5.0,3.0,2.0,0.0,3.0,3.0,4.0,7.0,13.0,11.0,537.0,373.0,473.0,306.0,15.0,22.0,11.0,13.0,0.0,1.0,1.0,0.0,0.0,0.0,2.0,3.0,3.0,4.0,9.0,5.0,11.0,9.0,6.0,2.0,1.0,0.0,24.0,23.0,22.0,25.0,3.0,5.0,45.0,55.0,10.0,8.0,33.0,41.0,12.0,14.0,7.0,6.0,11.0,8.0,32.0,12.0,0.0,1.0,2.0,1.0,8.0,10.0,88.1,82.0,0.129,0.094,0.294,0.182,-0.2,-1.03,100.0,60.0
2025-12-13,12:00,76986,Premier League 25/26,25/26,Premier League,Matchweek 16,Sat,Away,L,0.0,2.0,Chelsea,42.0,,,,,,https://www.sofascore.com/everton-chelsea/BQy,Ended,Everton,for,1.03,2.2,3.0,5.0,0.0,2.0,3.0,3.0,7.0,4.0,11.0,13.0,373.0,537.0,306.0,473.0,22.0,15.0,13.0,11.0,1.0,0.0,0.0,1.0,0.0,0.0,3.0,2.0,4.0,3.0,5.0,9.0,9.0,11.0,2.0,6.0,0.0,1.0,23.0,24.0,25.0,22.0,5.0,3.0,55.0,45.0,8.0,10.0,41.0,33.0,14.0,12.0,6.0,7.0,8.0,11.0,12.0,32.0,1.0,0.0,1.0,2.0,10.0,8.0,82.0,88.1,0.094,0.129,0.182,0.294,-1.03,-0.2,60.0,100.0
2025-12-13,14:30,76986,Premier League 25/26,25/26,Premier League,Matchweek 16,Sat,Home,L,2.0,3.0,Fulham,53.0,,,,,,https://www.sofascore.com/fulham-burnley/gsT,Ended,Burnley,for,2.46,2.23,5.0,2.0,2.0,2.0,3.0,0.0,10.0,4.0,8.0,8.0,536.0,479.0,444.0,393.0,13.0,22.0,8.0,8.0,1.0,0.0,1.0,2.0,0.0,0.0,1.0,6.0,4.0,0.0,4.0,2.0,10.0,6.0,6.0,0.0,1.0,2.0,25.0,15.0,22.0,18.0,3.0,4.0,43.0,57.0,11.0,9.0,26.0,34.0,14.0,18.0,6.0,4.0,9.0,12.0,10.0,38.0,1.0,1.0,1.0,0.0,7.0,10.0,82.8,82.0,0.154,0.372,0.5,0.667,-0.46,0.77,25.0,75.0
2025-12-13,14:30,76986,Premier League 25/26,25/26,Premier League,Matchweek 16,Sat,Away,W,3.0,2.0,Burnley,47.0,,,,,,https://www.sofascore.com/fulham-burnley/gsT,Ended,Fulham,for,2.23,2.46,2.0,5.0,2.0,2.0,0.0,3.0,4.0,10.0,8.0,8.0,479.0,536.0,393.0,444.0,22.0,13.0,8.0,8.0,0.0,1.0,2.0,1.0,0.0,0.0,6.0,1.0,0.0,4.0,2.0,4.0,6.0,10.0,0.0,6.0,2.0,1.0,15.0,25.0,18.0,22.0,4.0,3.0,57.0,43.0,9.0,11.0,34.0,26.0,18.0,14.0,4.0,6.0,12.0,9.0,38.0,10.0,1.0,1.0,0.0,1.0,10.0,7.0,82.0,82.8,0.372,0.154,0.667,0.5,0.77,-0.46,75.0,25.0
2025-12-13,17:00,76986,Premier League 25/26,25/26,Premier League,Matchweek 16,Sat,Home,W,2.0,1.0,Wolves,69.0,,,,,,https://www.sofascore.com/arsenal-wolverhampton/dsR,Ended,Arsenal,for,1.39,0.31,3.0,1.0,0.0,0.0,3.0,1.0,8.0,0.0,7.0,15.0,572.0,261.0,500.0,180.0,5.0,8.0,15.0,7.0,1.0,1.0,0.0,4.0,0.0,0.0,1.0,2.0,3.0,1.0,11.0,0.0,12.0,3.0,4.0,0.0,2.0,0.0,41.0,14.0,11.0,21.0,6.0,4.0,61.0,39.0,3.0,2.0,30.0,18.0,21.0,15.0,10.0,4.0,8.0,5.0,21.0,54.0,0.0,1.0,0.0,1.0,1.0,18.0,87.4,69.0,0.087,0.103,0.125,0.667,0.61,0.69,50.0,100.0
2025-12-13,17:00,76986,Premier League 25/26,25/26,Premier League,Matchweek 16,Sat,Away,L,1.0,2.0,Arsenal,31.0,,,,,,https://www.sofascore.com/arsenal-wolverhampton/dsR,Ended,Wolves,for,0.31,1.39,1.0,3.0,0.0,0.0,1.0,3.0,0.0,8.0,15.0,7.0,261.0,572.0,180.0,500.0,8.0,5.0,7.0,15.0,1.0,1.0,4.0,0.0,0.0,0.0,2.0,1.0,1.0,3.0,0.0,11.0,3.0,12.0,0.0,4.0,0.0,2.0,14.0,41.0,21.0,11.0,4.0,6.0,39.0,61.0,2.0,3.0,18.0,30.0,15.0,21.0,4.0,10.0,5.0,8.0,54.0,21.0,1.0,0.0,1.0,0.0,18.0,1.0,69.0,87.4,0.103,0.087,0.667,0.125,0.69,0.61,100.0,50.0
2025-12-14,11:00,76986,Premier League 25/26,25/26,Premier League,Matchweek 16,Sun,Home,L,0.0,3.0,Manchester City,39.0,,,,,,https://www.sofascore.com/manchester-city-crystal-palace/hr,Ended,Crystal Palace,for,1.88,1.19,1.0,2.0,0.0,2.0,1.0,0.0,2.0,2.0,9.0,6.0,375.0,598.0,284.0,516.0,23.0,14.0,6.0,8.0,3.0,2.0,2.0,0.0,0.0,0.0,3.0,4.0,6.0,0.0,6.0,1.0,12.0,5.0,4.0,2.0,3.0,0.0,33.0,13.0,21.0,20.0,2.0,3.0,46.0,54.0,11.0,14.0,32.0,37.0,13.0,16.0,4.0,14.0,6.0,8.0,20.0,39.0,0.0,2.0,0.0,0.0,5.0,8.0,75.7,86.3,0.117,0.17,0.25,0.857,-1.88,1.81,50.0,100.0
2025-12-14,11:00,76986,Premier League 25/26,25/26,Premier League,Matchweek 16,Sun,Away,W,3.0,0.0,Crystal Palace,61.0,,,,,,https://www.sofascore.com/manchester-city-crystal-palace/hr,Ended,Manchester City,for,1.19,1.88,2.0,1.0,2.0,0.0,0.0,1.0,2.0,2.0,6.0,9.0,598.0,375.0,516.0,284.0,14.0,23.0,8.0,6.0,2.0,3.0,0.0,2.0,0.0,0.0,4.0,3.0,0.0,6.0,1.0,6.0,5.0,12.0,2.0,4.0,0.0,3.0,13.0,33.0,20.0,21.0,3.0,2.0,54.0,46.0,14.0,11.0,37.0,32.0,16.0,13.0,14.0,4.0,8.0,6.0,39.0,20.0,2.0,0.0,0.0,0.0,8.0,5.0,86.3,75.7,0.17,0.117,0.857,0.25,1.81,-1.88,100.0,50.0
2025-12-14,11:00,76986,Premier League 25/26,25/26,Premier League,Matchweek 16,Sun,Home,W,3.0,0.0,Tottenham Hotspur,48.0,,,,,,https://www.sofascore.com/tottenham-hotspur-nottingham-forest/osI,Ended,Nottingham Forest,for,2.32,0.33,4.0,0.0,1.0,0.0,3.0,0.0,3.0,3.0,9.0,13.0,392.0,420.0,320.0,335.0,17.0,30.0,13.0,9.0,4.0,1.0,1.0,3.0,0.0,0.0,1.0,3.0,2.0,4.0,7.0,1.0,10.0,5.0,5.0,1.0,0.0,0.0,24.0,13.0,23.0,18.0,5.0,3.0,44.0,56.0,19.0,8.0,35.0,51.0,13.0,10.0,6.0,12.0,12.0,11.0,23.0,17.0,0.0,0.0,0.0,0.0,6.0,9.0,81.6,79.8,0.155,0.055,0.4,0.167,0.68,-0.33,100.0,50.0
2025-12-14,11:00,76986,Premier League 25/26,25/26,Premier League,Matchweek 16,Sun,Away,L,0.0,3.0,Nottingham Forest,52.0,,,,,,https://www.sofascore.com/tottenham-hotspur-nottingham-forest/osI,Ended,Tottenham Hotspur,for,0.33,2.32,0.0,4.0,0.0,1.0,0.0,3.0,3.0,3.0,13.0,9.0,420.0,392.0,335.0,320.0,30.0,17.0,9.0,13.0,1.0,4.0,3.0,1.0,0.0,0.0,3.0,1.0,4.0,2.0,1.0,7.0,5.0,10.0,1.0,5.0,0.0,0.0,13.0,24.0,18.0,23.0,3.0,5.0,56.0,44.0,8.0,19.0,51.0,35.0,10.0,13.0,12.0,6.0,11.0,12.0,17.0,23.0,0.0,0.0,0.0,0.0,9.0,6.0,79.8,81.6,0.055,0.155,0.167,0.4,-0.33,0.68,50.0,100.0
2025-12-14,11:00,76986,Premier League 25/26,25/26,Premier League,Matchweek 16,Sun,Home,L,2.0,3.0,Aston Villa,41.0,,,,,,https://www.sofascore.com/aston-villa-west-ham-united/MP,Ended,West Ham United,for,1.03,0.63,2.0,1.0,2.0,1.0,0.0,0.0,5.0,3.0,18.0,13.0,386.0,566.0,324.0,503.0,17.0,22.0,13.0,18.0,1.0,1.0,1.0,2.0,0.0,0.0,2.0,1.0,3.0,1.0,4.0,2.0,7.0,4.0,3.0,3.0,0.0,0.0,19.0,12.0,16.0,27.0,0.0,3.0,41.0,59.0,10.0,10.0,36.0,47.0,9.0,19.0,6.0,10.0,9.0,6.0,14.0,13.0,1.0,1.0,0.0,2.0,5.0,7.0,83.9,88.9,0.103,0.09,0.3,0.571,0.97,2.37,50.0,33.3
2025-12-14,11:00,76986,Premier League 25/26,25/26,Premier League,Matchweek 16,Sun,Away,W,3.0,2.0,West Ham United,59.0,,,,,,https://www.sofascore.com/aston-villa-west-ham-united/MP,Ended,Aston Villa,for,0.63,1.03,1.0,2.0,1.0,2.0,0.0,0.0,3.0,5.0,13.0,18.0,566.0,386.0,503.0,324.0,22.0,17.0,18.0,13.0,1.0,1.0,2.0,1.0,0.0,0.0,1.0,2.0,1.0,3.0,2.0,4.0,4.0,7.0,3.0,3.0,0.0,0.0,12.0,19.0,27.0,16.0,3.0,0.0,59.0,41.0,10.0,10.0,47.0,36.0,19.0,9.0,10.0,6.0,6.0,9.0,13.0,14.0,1.0,1.0,2.0,0.0,7.0,5.0,88.9,83.9,0.09,0.103,0.571,0.3,2.37,0.97,33.3,50.0
2025-12-14,11:00,76986,Premier League 25/26,25/26,Premier League,Matchweek 16,Sun,Home,W,1.0,0.0,Newcastle United,47.0,,,,,,https://www.sofascore.com/sunderland-newcastle-united/OQ,Ended,Sunderland,for,0.3,0.24,1.0,0.0,0.0,0.0,1.0,0.0,3.0,6.0,10.0,10.0,394.0,444.0,302.0,377.0,10.0,8.0,10.0,10.0,0.0,0.0,5.0,4.0,0.0,0.0,2.0,1.0,2.0,3.0,2.0,1.0,3.0,2.0,2.0,4.0,0.0,0.0,15.0,14.0,18.0,32.0,2.0,2.0,50.0,50.0,6.0,3.0,27.0,26.0,27.0,27.0,7.0,8.0,11.0,3.0,29.0,53.0,0.0,0.0,3.0,1.0,5.0,7.0,76.6,84.9,0.06,0.04,0.2,0.333,0.7,-0.24,100.0,100.0
2025-12-14,11:00,76986,Premier League 25/26,25/26,Premier League,Matchweek 16,Sun,Away,L,0.0,1.0,Sunderland,53.0,,,,,,https://www.sofascore.com/sunderland-newcastle-united/OQ,Ended,Newcastle United,for,0.24,0.3,0.0,1.0,0.0,0.0,0.0,1.0,6.0,3.0,10.0,10.0,444.0,394.0,377.0,302.0,8.0,10.0,10.0,10.0,0.0,0.0,4.0,5.0,0.0,0.0,1.0,2.0,3.0,2.0,1.0,2.0,2.0,3.0,4.0,2.0,0.0,0.0,14.0,15.0,32.0,18.0,2.0,2.0,50.0,50.0,3.0,6.0,26.0,27.0,27.0,27.0,8.0,7.0,3.0,11.0,53.0,29.0,0.0,0.0,1.0,3.0,7.0,5.0,84.9,76.6,0.04,0.06,0.333,0.2,-0.24,0.7,100.0,100.0
2025-12-14,13:30,76986,Premier League 25/26,25/26,Premier League,Matchweek 16,Sun,Home,D,1.0,1.0,Leeds United,57.0,,,,,,https://www.sofascore.com/brentford-leeds-united/Jsab,Ended,Brentford,for,0.72,1.52,1.0,2.0,1.0,1.0,0.0,1.0,0.0,3.0,8.0,9.0,497.0,361.0,403.0,271.0,12.0,15.0,9.0,8.0,2.0,0.0,0.0,0.0,0.0,0.0,3.0,1.0,1.0,8.0,4.0,6.0,4.0,11.0,3.0,7.0,0.0,0.0,14.0,31.0,33.0,18.0,1.0,6.0,48.0,52.0,4.0,7.0,22.0,31.0,31.0,26.0,4.0,8.0,8.0,7.0,44.0,43.0,0.0,0.0,0.0,1.0,8.0,7.0,81.1,75.1,0.103,0.084,0.286,0.222,0.28,-0.52,75.0,50.0
2025-12-14,13:30,76986,Premier League 25/26,25/26,Premier League,Matchweek 16,Sun,Away,D,1.0,1.0,Brentford,43.0,,,,,,https://www.sofascore.com/brentford-leeds-united/Jsab,Ended,Leeds United,for,1.52,0.72,2.0,1.0,1.0,1.0,1.0,0.0,3.0,0.0,9.0,8.0,361.0,497.0,271.0,403.0,15.0,12.0,8.0,9.0,0.0,2.0,0.0,0.0,0.0,0.0,1.0,3.0,8.0,1.0,6.0,4.0,11.0,4.0,7.0,3.0,0.0,0.0,31.0,14.0,18.0,33.0,6.0,1.0,52.0,48.0,7.0,4.0,31.0,22.0,26.0,31.0,8.0,4.0,7.0,8.0,43.0,44.0,0.0,0.0,1.0,0.0,7.0,8.0,75.1,81.1,0.084,0.103,0.222,0.286,-0.52,0.28,50.0,75.0
2025-12-15,17:00,76986,Premier League 25/26,25/26,Premier League,Matchweek 16,Mon,Home,D,4.0,4.0,Bournemouth,57.0,,,,,,https://www.sofascore.com/bournemouth-manchester-united/Kkb,Ended,Manchester Utd,for,3.4,1.94,2.0,6.0,2.0,2.0,0.0,4.0,5.0,4.0,15.0,12.0,393.0,300.0,310.0,202.0,16.0,14.0,12.0,15.0,0.0,1.0,2.0,3.0,0.0,0.0,5.0,5.0,10.0,0.0,6.0,5.0,18.0,9.0,7.0,5.0,1.0,0.0,49.0,24.0,16.0,15.0,6.0,3.0,48.0,52.0,4.0,7.0,33.0,37.0,24.0,26.0,7.0,9.0,3.0,8.0,47.0,29.0,0.0,0.0,0.0,0.0,4.0,12.0,78.9,67.3,0.136,0.139,0.36,0.643,0.6,2.06,55.6,55.6
2025-12-15,17:00,76986,Premier League 25/26,25/26,Premier League,Matchweek 16,Mon,Away,D,4.0,4.0,Manchester Utd,43.0,,,,,,https://www.sofascore.com/bournemouth-manchester-united/Kkb,Ended,Bournemouth,for,1.94,3.4,6.0,2.0,2.0,2.0,4.0,0.0,4.0,5.0,12.0,15.0,300.0,393.0,202.0,310.0,14.0,16.0,15.0,12.0,1.0,0.0,3.0,2.0,0.0,0.0,5.0,5.0,0.0,10.0,5.0,6.0,9.0,18.0,5.0,7.0,0.0,1.0,24.0,49.0,15.0,16.0,3.0,6.0,52.0,48.0,7.0,4.0,37.0,33.0,26.0,24.0,9.0,7.0,8.0,3.0,29.0,47.0,0.0,0.0,0.0,0.0,12.0,4.0,67.3,78.9,0.139,0.136,0.643,0.36,2.06,0.6,55.6,55.6
2025-12-20,09:30,76986,Premier League 25/26,25/26,Premier League,Matchweek 17,Sat,Home,D,2.0,2.0,Chelsea,47.0,,,,,,https://www.sofascore.com/newcastle-united-chelsea/NO,Ended,Newcastle United,for,2.31,1.22,7.0,1.0,2.0,1.0,5.0,0.0,6.0,4.0,13.0,14.0,361.0,433.0,278.0,351.0,13.0,11.0,14.0,13.0,2.0,0.0,3.0,6.0,0.0,0.0,2.0,3.0,0.0,4.0,6.0,5.0,9.0,10.0,2.0,3.0,1.0,0.0,21.0,26.0,16.0,14.0,8.0,2.0,51.0,49.0,10.0,7.0,31.0,31.0,17.0,15.0,5.0,9.0,14.0,13.0,19.0,24.0,0.0,0.0,2.0,1.0,11.0,11.0,77.0,81.1,0.21,0.094,0.455,0.308,-0.31,0.78,50.0,60.0
2025-12-20,09:30,76986,Premier League 25/26,25/26,Premier League,Matchweek 17,Sat,Away,D,2.0,2.0,Newcastle United,53.0,,,,,,https://www.sofascore.com/newcastle-united-chelsea/NO,Ended,Chelsea,for,1.22,2.31,1.0,7.0,1.0,2.0,0.0,5.0,4.0,6.0,14.0,13.0,433.0,361.0,351.0,278.0,11.0,13.0,13.0,14.0,0.0,2.0,6.0,3.0,0.0,0.0,3.0,2.0,4.0,0.0,5.0,6.0,10.0,9.0,3.0,2.0,0.0,1.0,26.0,21.0,14.0,16.0,2.0,8.0,49.0,51.0,7.0,10.0,31.0,31.0,15.0,17.0,9.0,5.0,13.0,14.0,24.0,19.0,0.0,0.0,1.0,2.0,11.0,11.0,81.1,77.0,0.094,0.21,0.308,0.455,0.78,-0.31,60.0,50.0
2025-12-20,12:00,76986,Premier League 25/26,25/26,Premier League,Matchweek 17,Sat,Home,W,3.0,0.0,West Ham United,66.0,,,,,,https://www.sofascore.com/west-ham-united-manchester-city/rM,Ended,Manchester City,for,2.1,0.98,8.0,2.0,3.0,0.0,5.0,2.0,6.0,0.0,16.0,10.0,750.0,391.0,693.0,314.0,12.0,24.0,10.0,16.0,1.0,2.0,1.0,1.0,0.0,0.0,4.0,5.0,2.0,0.0,7.0,4.0,14.0,5.0,3.0,2.0,3.0,1.0,40.0,12.0,24.0,17.0,6.0,1.0,43.0,57.0,10.0,5.0,29.0,46.0,8.0,4.0,9.0,7.0,9.0,12.0,9.0,13.0,1.0,1.0,0.0,0.0,6.0,10.0,92.4,80.3,0.124,0.14,0.471,0.429,0.9,-0.98,133.3,62.5
2025-12-20,12:00,76986,Premier League 25/26,25/26,Premier League,Matchweek 17,Sat,Away,L,0.0,3.0,Manchester City,34.0,,,,,,https://www.sofascore.com/west-ham-united-manchester-city/rM,Ended,West Ham United,for,0.98,2.1,2.0,8.0,0.0,3.0,2.0,5.0,0.0,6.0,10.0,16.0,391.0,750.0,314.0,693.0,24.0,12.0,16.0,10.0,2.0,1.0,1.0,1.0,0.0,0.0,5.0,4.0,0.0,2.0,4.0,7.0,5.0,14.0,2.0,3.0,1.0,3.0,12.0,40.0,17.0,24.0,1.0,6.0,57.0,43.0,5.0,10.0,46.0,29.0,4.0,8.0,7.0,9.0,12.0,9.0,13.0,9.0,1.0,1.0,0.0,0.0,10.0,6.0,80.3,92.4,0.14,0.124,0.429,0.471,-0.98,0.9,62.5,133.3
2025-12-20,12:00,76986,Premier League 25/26,25/26,Premier League,Matchweek 17,Sat,Home,D,0.0,0.0,Sunderland,57.0,,,,,,https://www.sofascore.com/sunderland-brighton-and-hove-albion/FsQ,Ended,Brighton,for,1.13,1.38,0.0,2.0,0.0,0.0,0.0,2.0,3.0,4.0,11.0,15.0,441.0,334.0,364.0,255.0,12.0,25.0,15.0,11.0,1.0,1.0,2.0,2.0,0.0,0.0,6.0,4.0,5.0,4.0,7.0,4.0,7.0,9.0,9.0,5.0,0.0,1.0,37.0,26.0,17.0,24.0,8.0,5.0,51.0,49.0,7.0,6.0,38.0,37.0,21.0,20.0,13.0,2.0,7.0,9.0,30.0,22.0,1.0,0.0,0.0,1.0,6.0,9.0,82.5,76.3,0.071,0.099,0.25,0.429,-1.13,-1.38,100.0,100.0
2025-12-20,12:00,76986,Premier League 25/26,25/26,Premier League,Matchweek 17,Sat,Away,D,0.0,0.0,Brighton,43.0,,,,,,https://www.sofascore.com/sunderland-brighton-and-hove-albion/FsQ,Ended,Sunderland,for,1.38,1.13,2.0,0.0,0.0,0.0,2.0,0.0,4.0,3.0,15.0,11.0,334.0,441.0,255.0,364.0,25.0,12.0,11.0,15.0,1.0,1.0,2.0,2.0,0.0,0.0,4.0,6.0,4.0,5.0,4.0,7.0,9.0,7.0,5.0,9.0,1.0,0.0,26.0,37.0,24.0,17.0,5.0,8.0,49.0,51.0,6.0,7.0,37.0,38.0,20.0,21.0,2.0,13.0,9.0,7.0,22.0,30.0,0.0,1.0,1.0,0.0,9.0,6.0,76.3,82.5,0.099,0.071,0.429,0.25,-1.38,-1.13,100.0,100.0
2025-12-20,12:00,76986,Premier League 25/26,25/26,Premier League,Matchweek 17,Sat,Home,L,0.0,2.0,Brentford,43.0,,,,,,https://www.sofascore.com/brentford-wolverhampton/dsab,Ended,Wolves,for,1.27,1.28,2.0,4.0,0.0,2.0,2.0,2.0,3.0,4.0,12.0,15.0,358.0,481.0,281.0,400.0,16.0,12.0,14.0,12.0,2.0,2.0,2.0,4.0,0.0,0.0,4.0,2.0,6.0,0.0,1.0,1.0,6.0,7.0,3.0,0.0,0.0,0.0,22.0,28.0,21.0,20.0,4.0,10.0,53.0,47.0,6.0,7.0,37.0,28.0,16.0,19.0,7.0,4.0,9.0,16.0,37.0,36.0,0.0,2.0,0.0,0.0,5.0,5.0,78.5,83.2,0.141,0.183,0.222,0.857,-1.27,0.72,66.7,100.0
2025-12-20,12:00,76986,Premier League 25/26,25/26,Premier League,Matchweek 17,Sat,Away,W,2.0,0.0,Wolves,57.0,,,,,,https://www.sofascore.com/brentford-wolverhampton/dsab,Ended,Brentford,for,1.28,1.27,4.0,2.0,2.0,0.0,2.0,2.0,4.0,3.0,15.0,12.0,481.0,358.0,400.0,281.0,12.0,16.0,12.0,14.0,2.0,2.0,4.0,2.0,0.0,0.0,2.0,4.0,0.0,6.0,1.0,1.0,7.0,6.0,0.0,3.0,0.0,0.0,28.0,22.0,20.0,21.0,10.0,4.0,47.0,53.0,7.0,6.0,28.0,37.0,19.0,16.0,4.0,7.0,16.0,9.0,36.0,37.0,2.0,0.0,0.0,0.0,5.0,5.0,83.2,78.5,0.183,0.141,0.857,0.222,0.72,-1.27,100.0,66.7
2025-12-20,12:00,76986,Premier League 25/26,25/26,Premier League,Matchweek 17,Sat,Home,D,1.0,1.0,Burnley,66.0,,,,,,https://www.sofascore.com/bournemouth-burnley/gskb,Ended,Bournemouth,for,1.41,0.38,3.0,1.0,0.0,1.0,3.0,0.0,5.0,3.0,11.0,11.0,506.0,269.0,404.0,178.0,21.0,15.0,11.0,11.0,2.0,2.0,1.0,1.0,0.0,0.0,0.0,0.0,3.0,2.0,12.0,1.0,11.0,1.0,5.0,3.0,1.0,0.0,37.0,16.0,18.0,30.0,6.0,2.0,53.0,47.0,9.0,9.0,38.0,26.0,16.0,21.0,6.0,2.0,8.0,10.0,31.0,38.0,0.0,1.0,1.0,0.0,6.0,18.0,79.8,66.2,0.088,0.095,0.062,0.25,-0.41,0.62,0.0,0.0
2025-12-20,12:00,76986,Premier League 25/26,25/26,Premier League,Matchweek 17,Sat,Away,D,1.0,1.0,Bournemouth,34.0,,,,,,https://www.sofascore.com/bournemouth-burnley/gskb,Ended,Burnley,for,0.38,1.41,1.0,3.0,1.0,0.0,0.0,3.0,3.0,5.0,11.0,11.0,269.0,506.0,178.0,404.0,15.0,21.0,11.0,11.0,2.0,2.0,1.0,1.0,0.0,0.0,0.0,0.0,2.0,3.0,1.0,12.0,1.0,11.0,3.0,5.0,0.0,1.0,16.0,37.0,30.0,18.0,2.0,6.0,47.0,53.0,9.0,9.0,26.0,38.0,21.0,16.0,2.0,6.0,10.0,8.0,38.0,31.0,1.0,0.0,0.0,1.0,18.0,6.0,66.2,79.8,0.095,0.088,0.25,0.062,0.62,-0.41,0.0,0.0
2025-12-20,14:30,76986,Premier League 25/26,25/26,Premier League,Matchweek 17,Sat,Home,L,1.0,2.0,Liverpool FC,35.0,,,,,,https://www.sofascore.com/liverpool-tottenham-hotspur/IsU,Ended,Tottenham Hotspur,for,1.07,0.66,2.0,2.0,1.0,2.0,1.0,0.0,2.0,6.0,7.0,2.0,322.0,614.0,246.0,542.0,11.0,4.0,7.0,9.0,1.0,6.0,5.0,3.0,2.0,0.0,2.0,4.0,7.0,3.0,4.0,1.0,11.0,7.0,4.0,1.0,0.0,0.0,20.0,30.0,17.0,23.0,4.0,5.0,45.0,55.0,3.0,6.0,22.0,21.0,9.0,17.0,4.0,8.0,7.0,7.0,33.0,22.0,0.0,1.0,0.0,1.0,3.0,5.0,76.4,88.3,0.071,0.083,0.267,0.5,-0.07,1.34,50.0,100.0
2025-12-20,14:30,76986,Premier League 25/26,25/26,Premier League,Matchweek 17,Sat,Away,W,2.0,1.0,Tottenham Hotspur,65.0,,,,,,https://www.sofascore.com/liverpool-tottenham-hotspur/IsU,Ended,Liverpool FC,for,0.66,1.07,2.0,2.0,2.0,1.0,0.0,1.0,6.0,2.0,2.0,7.0,614.0,322.0,542.0,246.0,4.0,11.0,9.0,7.0,6.0,1.0,3.0,5.0,0.0,2.0,4.0,2.0,3.0,7.0,1.0,4.0,7.0,11.0,1.0,4.0,0.0,0.0,30.0,20.0,23.0,17.0,5.0,4.0,55.0,45.0,6.0,3.0,21.0,22.0,17.0,9.0,8.0,4.0,7.0,7.0,22.0,33.0,1.0,0.0,1.0,0.0,5.0,3.0,88.3,76.4,0.083,0.071,0.5,0.267,1.34,-0.07,100.0,50.0
2025-12-20,17:00,76986,Premier League 25/26,25/26,Premier League,Matchweek 17,Sat,Home,L,0.0,1.0,Arsenal,35.0,,,,,,https://www.sofascore.com/everton-arsenal/RY,Ended,Everton,for,0.2,2.0,0.0,3.0,0.0,1.0,0.0,2.0,2.0,3.0,4.0,5.0,339.0,654.0,250.0,573.0,26.0,14.0,5.0,3.0,0.0,1.0,2.0,2.0,0.0,0.0,0.0,1.0,2.0,2.0,2.0,9.0,4.0,12.0,1.0,1.0,0.0,0.0,13.0,43.0,19.0,23.0,2.0,2.0,55.0,45.0,8.0,14.0,35.0,26.0,22.0,21.0,4.0,9.0,8.0,7.0,23.0,32.0,0.0,0.0,0.0,5.0,9.0,5.0,73.7,87.6,0.04,0.154,0.2,0.154,-0.2,-1.0,0.0,100.0
2025-12-20,17:00,76986,Premier League 25/26,25/26,Premier League,Matchweek 17,Sat,Away,W,1.0,0.0,Everton,65.0,,,,,,https://www.sofascore.com/everton-arsenal/RY,Ended,Arsenal,for,2.0,0.2,3.0,0.0,1.0,0.0,2.0,0.0,3.0,2.0,5.0,4.0,654.0,339.0,573.0,250.0,14.0,26.0,3.0,5.0,1.0,0.0,2.0,2.0,0.0,0.0,1.0,0.0,2.0,2.0,9.0,2.0,12.0,4.0,1.0,1.0,0.0,0.0,43.0,13.0,23.0,19.0,2.0,2.0,45.0,55.0,14.0,8.0,26.0,35.0,21.0,22.0,9.0,4.0,7.0,8.0,32.0,23.0,0.0,0.0,5.0,0.0,5.0,9.0,87.6,73.7,0.154,0.04,0.154,0.2,-1.0,-0.2,100.0,0.0
2025-12-20,17:00,76986,Premier League 25/26,25/26,Premier League,Matchweek 17,Sat,Home,W,4.0,1.0,Crystal Palace,53.0,,,,,,https://www.sofascore.com/leeds-united-crystal-palace/hsJ,Ended,Leeds United,for,2.67,1.56,4.0,2.0,3.0,1.0,1.0,1.0,9.0,5.0,5.0,10.0,400.0,362.0,327.0,284.0,15.0,22.0,10.0,4.0,2.0,3.0,1.0,3.0,0.0,0.0,2.0,2.0,5.0,3.0,7.0,3.0,14.0,5.0,6.0,4.0,0.0,1.0,37.0,19.0,19.0,14.0,6.0,2.0,51.0,49.0,13.0,10.0,31.0,32.0,27.0,23.0,6.0,5.0,7.0,6.0,29.0,58.0,0.0,0.0,1.0,0.0,4.0,8.0,81.8,78.5,0.134,0.173,0.4,0.333,1.33,-0.56,66.7,25.0
2025-12-20,17:00,76986,Premier League 25/26,25/26,Premier League,Matchweek 17,Sat,Away,L,1.0,4.0,Leeds United,47.0,,,,,,https://www.sofascore.com/leeds-united-crystal-palace/hsJ,Ended,Crystal Palace,for,1.56,2.67,2.0,4.0,1.0,3.0,1.0,1.0,5.0,9.0,10.0,5.0,362.0,400.0,284.0,327.0,22.0,15.0,4.0,10.0,3.0,2.0,3.0,1.0,0.0,0.0,2.0,2.0,3.0,5.0,3.0,7.0,5.0,14.0,4.0,6.0,1.0,0.0,19.0,37.0,14.0,19.0,2.0,6.0,49.0,51.0,10.0,13.0,32.0,31.0,23.0,27.0,5.0,6.0,6.0,7.0,58.0,29.0,0.0,0.0,0.0,1.0,8.0,4.0,78.5,81.8,0.173,0.134,0.333,0.4,-0.56,1.33,25.0,66.7
2025-12-21,13:30,76986,Premier League 25/26,25/26,Premier League,Matchweek 17,Sun,Home,W,2.0,1.0,Manchester Utd,43.0,,,,,,https://www.sofascore.com/aston-villa-manchester-united/KP,Ended,Aston Villa,for,1.54,1.33,2.0,3.0,0.0,1.0,2.0,2.0,5.0,5.0,11.0,14.0,351.0,460.0,281.0,396.0,18.0,26.0,14.0,11.0,3.0,1.0,1.0,2.0,0.0,0.0,5.0,2.0,5.0,3.0,3.0,6.0,8.0,5.0,4.0,10.0,0.0,2.0,20.0,34.0,16.0,22.0,1.0,4.0,44.0,56.0,16.0,8.0,34.0,45.0,11.0,13.0,3.0,8.0,7.0,9.0,22.0,21.0,1.0,1.0,7.0,1.0,13.0,3.0,80.1,86.1,0.128,0.089,0.333,0.4,0.46,-0.33,83.3,50.0
2025-12-21,13:30,76986,Premier League 25/26,25/26,Premier League,Matchweek 17,Sun,Away,L,1.0,2.0,Aston Villa,57.0,,,,,,https://www.sofascore.com/aston-villa-manchester-united/KP,Ended,Manchester Utd,for,1.33,1.54,3.0,2.0,1.0,0.0,2.0,2.0,5.0,5.0,14.0,11.0,460.0,351.0,396.0,281.0,26.0,18.0,11.0,14.0,1.0,3.0,2.0,1.0,0.0,0.0,2.0,5.0,3.0,5.0,6.0,3.0,5.0,8.0,10.0,4.0,2.0,0.0,34.0,20.0,22.0,16.0,4.0,1.0,56.0,44.0,8.0,16.0,45.0,34.0,13.0,11.0,8.0,3.0,9.0,7.0,21.0,22.0,1.0,1.0,1.0,7.0,3.0,13.0,86.1,80.1,0.089,0.128,0.4,0.333,-0.33,0.46,50.0,83.3
2025-12-22,17:00,76986,Premier League 25/26,25/26,Premier League,Matchweek 17,Mon,Home,W,1.0,0.0,Nottingham Forest,50.0,,,,,,https://www.sofascore.com/fulham-nottingham-forest/osT,Ended,Fulham,for,1.5,0.67,2.0,0.0,1.0,0.0,1.0,0.0,1.0,5.0,5.0,9.0,495.0,490.0,396.0,417.0,21.0,10.0,8.0,5.0,2.0,2.0,5.0,4.0,0.0,0.0,2.0,0.0,6.0,4.0,4.0,6.0,8.0,6.0,3.0,6.0,0.0,0.0,24.0,21.0,27.0,28.0,4.0,2.0,61.0,39.0,6.0,8.0,38.0,18.0,17.0,17.0,8.0,3.0,10.0,8.0,29.0,16.0,1.0,1.0,2.0,0.0,9.0,7.0,80.0,85.1,0.136,0.056,0.091,0.167,-0.5,-0.67,100.0,0.0
2025-12-22,17:00,76986,Premier League 25/26,25/26,Premier League,Matchweek 17,Mon,Away,L,0.0,1.0,Fulham,50.0,,,,,,https://www.sofascore.com/fulham-nottingham-forest/osT,Ended,Nottingham Forest,for,0.67,1.5,0.0,2.0,0.0,1.0,0.0,1.0,5.0,1.0,9.0,5.0,490.0,495.0,417.0,396.0,10.0,21.0,5.0,8.0,2.0,2.0,4.0,5.0,0.0,0.0,0.0,2.0,4.0,6.0,6.0,4.0,6.0,8.0,6.0,3.0,0.0,0.0,21.0,24.0,28.0,27.0,2.0,4.0,39.0,61.0,8.0,6.0,18.0,38.0,17.0,17.0,3.0,8.0,8.0,10.0,16.0,29.0,1.0,1.0,0.0,2.0,7.0,9.0,85.1,80.0,0.056,0.136,0.167,0.091,-0.67,-0.5,0.0,100.0
2025-12-26,17:00,76986,Premier League 25/26,25/26,Premier League,Matchweek 18,Fri,Home,W,1.0,0.0,Newcastle United,33.0,,,,,,https://www.sofascore.com/newcastle-united-manchester-united/DYBe,Ended,Manchester Utd,for,1.27,1.18,1.0,1.0,0.0,0.0,1.0,1.0,2.0,11.0,9.0,5.0,328.0,627.0,252.0,548.0,20.0,14.0,5.0,9.0,0.0,1.0,2.0,1.0,0.0,0.0,3.0,3.0,0.0,7.0,6.0,6.0,8.0,14.0,2.0,2.0,0.0,1.0,15.0,44.0,11.0,18.0,3.0,7.0,46.0,54.0,9.0,8.0,32.0,34.0,13.0,18.0,7.0,11.0,18.0,6.0,45.0,13.0,0.0,2.0,2.0,0.0,8.0,6.0,76.8,87.4,0.127,0.074,0.4,0.188,-0.27,-1.18,100.0,75.0
2025-12-26,17:00,76986,Premier League 25/26,25/26,Premier League,Matchweek 18,Fri,Away,L,0.0,1.0,Manchester Utd,67.0,,,,,,https://www.sofascore.com/newcastle-united-manchester-united/DYBe,Ended,Newcastle United,for,1.18,1.27,1.0,1.0,0.0,0.0,1.0,1.0,11.0,2.0,5.0,9.0,627.0,328.0,548.0,252.0,14.0,20.0,9.0,5.0,1.0,0.0,1.0,2.0,0.0,0.0,3.0,3.0,7.0,0.0,6.0,6.0,14.0,8.0,2.0,2.0,1.0,0.0,44.0,15.0,18.0,11.0,7.0,3.0,54.0,46.0,8.0,9.0,34.0,32.0,18.0,13.0,11.0,7.0,6.0,18.0,13.0,45.0,2.0,0.0,0.0,2.0,6.0,8.0,87.4,76.8,0.074,0.127,0.188,0.4,-1.18,-0.27,75.0,100.0
2025-12-27,09:30,76986,Premier League 25/26,25/26,Premier League,Matchweek 18,Sat,Home,L,1.0,2.0,Manchester City,34.0,,,,,,https://www.sofascore.com/manchester-city-nottingham-forest/osr,Ended,Nottingham Forest,for,0.55,1.45,1.0,1.0,1.0,1.0,0.0,0.0,5.0,5.0,5.0,13.0,293.0,595.0,219.0,536.0,15.0,14.0,13.0,5.0,1.0,1.0,1.0,2.0,0.0,0.0,3.0,1.0,3.0,7.0,2.0,4.0,5.0,9.0,2.0,7.0,0.0,3.0,12.0,33.0,33.0,15.0,4.0,3.0,52.0,48.0,3.0,5.0,34.0,29.0,12.0,13.0,6.0,11.0,8.0,4.0,22.0,37.0,1.0,0.0,0.0,0.0,8.0,7.0,74.7,90.1,0.079,0.091,0.286,0.312,0.45,0.55,60.0,50.0
2025-12-27,09:30,76986,Premier League 25/26,25/26,Premier League,Matchweek 18,Sat,Away,W,2.0,1.0,Nottingham Forest,66.0,,,,,,https://www.sofascore.com/manchester-city-nottingham-forest/osr,Ended,Manchester City,for,1.45,0.55,1.0,1.0,1.0,1.0,0.0,0.0,5.0,5.0,13.0,5.0,595.0,293.0,536.0,219.0,14.0,15.0,5.0,13.0,1.0,1.0,2.0,1.0,0.0,0.0,1.0,3.0,7.0,3.0,4.0,2.0,9.0,5.0,7.0,2.0,3.0,0.0,33.0,12.0,15.0,33.0,3.0,4.0,48.0,52.0,5.0,3.0,29.0,34.0,13.0,12.0,11.0,6.0,4.0,8.0,37.0,22.0,0.0,1.0,0.0,0.0,7.0,8.0,90.1,74.7,0.091,0.079,0.312,0.286,0.55,0.45,50.0,60.0
2025-12-27,12:00,76986,Premier League 25/26,25/26,Premier League,Matchweek 18,Sat,Home,W,2.0,1.0,Wolves,67.0,,,,,,https://www.sofascore.com/liverpool-wolverhampton/dsU,Ended,Liverpool FC,for,1.54,1.07,1.0,1.0,1.0,0.0,0.0,1.0,6.0,4.0,5.0,13.0,660.0,327.0,581.0,252.0,19.0,16.0,13.0,5.0,1.0,0.0,0.0,1.0,0.0,0.0,3.0,2.0,3.0,1.0,7.0,4.0,11.0,4.0,3.0,5.0,2.0,0.0,41.0,13.0,18.0,17.0,8.0,2.0,62.0,38.0,8.0,10.0,45.0,23.0,21.0,18.0,13.0,2.0,9.0,8.0,21.0,24.0,0.0,0.0,2.0,1.0,6.0,12.0,88.0,77.1,0.11,0.119,0.286,0.444,0.46,-0.07,75.0,50.0
2025-12-27,12:00,76986,Premier League 25/26,25/26,Premier League,Matchweek 18,Sat,Away,L,1.0,2.0,Liverpool FC,33.0,,,,,,https://www.sofascore.com/liverpool-wolverhampton/dsU,Ended,Wolves,for,1.07,1.54,1.0,1.0,0.0,1.0,1.0,0.0,4.0,6.0,13.0,5.0,327.0,660.0,252.0,581.0,16.0,19.0,5.0,13.0,0.0,1.0,1.0,0.0,0.0,0.0,2.0,3.0,1.0,3.0,4.0,7.0,4.0,11.0,5.0,3.0,0.0,2.0,13.0,41.0,17.0,18.0,2.0,8.0,38.0,62.0,10.0,8.0,23.0,45.0,18.0,21.0,2.0,13.0,8.0,9.0,24.0,21.0,0.0,0.0,1.0,2.0,12.0,6.0,77.1,88.0,0.119,0.11,0.444,0.286,-0.07,0.46,50.0,75.0
2025-12-27,12:00,76986,Premier League 25/26,25/26,Premier League,Matchweek 18,Sat,Home,W,2.0,1.0,Brighton,53.0,,,,,,https://www.sofascore.com/arsenal-brighton-and-hove-albion/FsR,Ended,Arsenal,for,3.08,0.85,4.0,1.0,0.0,1.0,4.0,0.0,7.0,2.0,7.0,13.0,450.0,407.0,376.0,336.0,14.0,16.0,13.0,7.0,1.0,1.0,2.0,3.0,0.0,0.0,2.0,5.0,10.0,2.0,8.0,3.0,21.0,7.0,3.0,1.0,0.0,0.0,57.0,18.0,16.0,23.0,6.0,3.0,49.0,51.0,10.0,8.0,36.0,29.0,10.0,18.0,10.0,7.0,9.0,5.0,16.0,28.0,0.0,2.0,1.0,1.0,4.0,9.0,83.6,82.6,0.128,0.106,0.25,0.375,-1.08,0.15,66.7,83.3
2025-12-27,12:00,76986,Premier League 25/26,25/26,Premier League,Matchweek 18,Sat,Away,L,1.0,2.0,Arsenal,47.0,,,,,,https://www.sofascore.com/arsenal-brighton-and-hove-albion/FsR,Ended,Brighton,for,0.85,3.08,1.0,4.0,1.0,0.0,0.0,4.0,2.0,7.0,13.0,7.0,407.0,450.0,336.0,376.0,16.0,14.0,7.0,13.0,1.0,1.0,3.0,2.0,0.0,0.0,5.0,2.0,2.0,10.0,3.0,8.0,7.0,21.0,1.0,3.0,0.0,0.0,18.0,57.0,23.0,16.0,3.0,6.0,51.0,49.0,8.0,10.0,29.0,36.0,18.0,10.0,7.0,10.0,5.0,9.0,28.0,16.0,2.0,0.0,1.0,1.0,9.0,4.0,82.6,83.6,0.106,0.128,0.375,0.25,0.15,-1.08,83.3,66.7
2025-12-27,12:00,76986,Premier League 25/26,25/26,Premier League,Matchweek 18,Sat,Home,L,0.0,1.0,Fulham,44.0,,,,,,https://www.sofascore.com/fulham-west-ham-united/MsT,Ended,West Ham United,for,0.91,1.62,1.0,1.0,0.0,1.0,1.0,0.0,5.0,4.0,8.0,8.0,404.0,508.0,330.0,439.0,29.0,16.0,8.0,8.0,7.0,2.0,1.0,3.0,0.0,0.0,4.0,2.0,5.0,6.0,4.0,6.0,7.0,11.0,4.0,6.0,0.0,0.0,27.0,35.0,23.0,22.0,2.0,10.0,57.0,43.0,13.0,16.0,44.0,29.0,17.0,17.0,7.0,7.0,9.0,12.0,25.0,34.0,0.0,0.0,1.0,0.0,9.0,7.0,81.7,86.4,0.083,0.095,0.182,0.294,-0.91,-0.62,80.0,100.0
2025-12-27,12:00,76986,Premier League 25/26,25/26,Premier League,Matchweek 18,Sat,Away,W,1.0,0.0,West Ham United,56.0,,,,,,https://www.sofascore.com/fulham-west-ham-united/MsT,Ended,Fulham,for,1.62,0.91,1.0,1.0,1.0,0.0,0.0,1.0,4.0,5.0,8.0,8.0,508.0,404.0,439.0,330.0,16.0,29.0,8.0,8.0,2.0,7.0,3.0,1.0,0.0,0.0,2.0,4.0,6.0,5.0,6.0,4.0,11.0,7.0,6.0,4.0,0.0,0.0,35.0,27.0,22.0,23.0,10.0,2.0,43.0,57.0,16.0,13.0,29.0,44.0,17.0,17.0,7.0,7.0,12.0,9.0,34.0,25.0,0.0,0.0,0.0,1.0,7.0,9.0,86.4,81.7,0.095,0.083,0.294,0.182,-0.62,-0.91,100.0,80.0
2025-12-27,12:00,76986,Premier League 25/26,25/26,Premier League,Matchweek 18,Sat,Home,W,4.0,1.0,Bournemouth,49.0,,,,,,https://www.sofascore.com/bournemouth-brentford/abskb,Ended,Brentford,for,3.66,2.72,5.0,4.0,3.0,1.0,2.0,3.0,2.0,15.0,9.0,8.0,395.0,376.0,311.0,290.0,12.0,18.0,8.0,9.0,3.0,1.0,2.0,2.0,0.0,0.0,9.0,4.0,4.0,8.0,4.0,2.0,10.0,13.0,5.0,7.0,1.0,1.0,32.0,40.0,35.0,22.0,2.0,3.0,48.0,52.0,12.0,5.0,31.0,41.0,21.0,15.0,12.0,14.0,10.0,7.0,51.0,27.0,0.0,2.0,0.0,1.0,9.0,7.0,78.7,77.1,0.244,0.136,0.467,0.5,0.34,-1.72,90.0,57.1
2025-12-27,12:00,76986,Premier League 25/26,25/26,Premier League,Matchweek 18,Sat,Away,L,1.0,4.0,Brentford,51.0,,,,,,https://www.sofascore.com/bournemouth-brentford/abskb,Ended,Bournemouth,for,2.72,3.66,4.0,5.0,1.0,3.0,3.0,2.0,15.0,2.0,8.0,9.0,376.0,395.0,290.0,311.0,18.0,12.0,9.0,8.0,1.0,3.0,2.0,2.0,0.0,0.0,4.0,9.0,8.0,4.0,2.0,4.0,13.0,10.0,7.0,5.0,1.0,1.0,40.0,32.0,22.0,35.0,3.0,2.0,52.0,48.0,5.0,12.0,41.0,31.0,15.0,21.0,14.0,12.0,7.0,10.0,27.0,51.0,2.0,0.0,1.0,0.0,7.0,9.0,77.1,78.7,0.136,0.244,0.5,0.467,-1.72,0.34,57.1,90.0
2025-12-27,12:00,76986,Premier League 25/26,25/26,Premier League,Matchweek 18,Sat,Home,D,0.0,0.0,Everton,54.0,,,,,,https://www.sofascore.com/everton-burnley/gsY,Ended,Burnley,for,1.41,0.85,1.0,1.0,0.0,0.0,1.0,1.0,6.0,5.0,8.0,8.0,466.0,394.0,359.0,307.0,22.0,25.0,8.0,8.0,2.0,3.0,0.0,2.0,0.0,0.0,6.0,0.0,7.0,3.0,9.0,6.0,9.0,10.0,7.0,5.0,1.0,0.0,28.0,24.0,27.0,22.0,1.0,2.0,50.0,50.0,12.0,4.0,37.0,38.0,32.0,31.0,7.0,6.0,4.0,11.0,39.0,48.0,0.0,1.0,0.0,0.0,10.0,10.0,77.0,77.9,0.088,0.057,0.0,0.4,-1.41,-0.85,100.0,
2025-12-27,12:00,76986,Premier League 25/26,25/26,Premier League,Matchweek 18,Sat,Away,D,0.0,0.0,Burnley,46.0,,,,,,https://www.sofascore.com/everton-burnley/gsY,Ended,Everton,for,0.85,1.41,1.0,1.0,0.0,0.0,1.0,1.0,5.0,6.0,8.0,8.0,394.0,466.0,307.0,359.0,25.0,22.0,8.0,8.0,3.0,2.0,2.0,0.0,0.0,0.0,0.0,6.0,3.0,7.0,6.0,9.0,10.0,9.0,5.0,7.0,0.0,1.0,24.0,28.0,22.0,27.0,2.0,1.0,50.0,50.0,4.0,12.0,38.0,37.0,31.0,32.0,6.0,7.0,11.0,4.0,48.0,39.0,1.0,0.0,0.0,0.0,10.0,10.0,77.9,77.0,0.057,0.088,0.4,0.0,-0.85,-1.41,,100.0
2025-12-27,14:30,76986,Premier League 25/26,25/26,Premier League,Matchweek 18,Sat,Home,L,1.0,2.0,Aston Villa,63.0,,,,,,https://www.sofascore.com/aston-villa-chelsea/NP,Ended,Chelsea,for,2.14,1.19,2.0,5.0,1.0,2.0,1.0,3.0,6.0,7.0,16.0,8.0,528.0,321.0,469.0,257.0,26.0,8.0,8.0,16.0,0.0,0.0,5.0,3.0,0.0,0.0,6.0,2.0,7.0,2.0,4.0,1.0,8.0,7.0,6.0,4.0,0.0,2.0,42.0,19.0,28.0,19.0,4.0,1.0,58.0,42.0,5.0,16.0,40.0,28.0,11.0,9.0,6.0,6.0,9.0,4.0,6.0,28.0,0.0,1.0,1.0,2.0,1.0,11.0,88.8,80.1,0.153,0.108,0.214,0.727,-1.14,0.81,75.0,66.7
2025-12-27,14:30,76986,Premier League 25/26,25/26,Premier League,Matchweek 18,Sat,Away,W,2.0,1.0,Chelsea,37.0,,,,,,https://www.sofascore.com/aston-villa-chelsea/NP,Ended,Aston Villa,for,1.19,2.14,5.0,2.0,2.0,1.0,3.0,1.0,7.0,6.0,8.0,16.0,321.0,528.0,257.0,469.0,8.0,26.0,16.0,8.0,0.0,0.0,3.0,5.0,0.0,0.0,2.0,6.0,2.0,7.0,1.0,4.0,7.0,8.0,4.0,6.0,2.0,0.0,19.0,42.0,19.0,28.0,1.0,4.0,42.0,58.0,16.0,5.0,28.0,40.0,9.0,11.0,6.0,6.0,4.0,9.0,28.0,6.0,1.0,0.0,2.0,1.0,11.0,1.0,80.1,88.8,0.108,0.153,0.727,0.214,0.81,-1.14,66.7,75.0
2025-12-28,11:00,76986,Premier League 25/26,25/26,Premier League,Matchweek 18,Sun,Home,D,1.0,1.0,Leeds United,43.0,,,,,,https://www.sofascore.com/sunderland-leeds-united/JQ,Ended,Sunderland,for,0.7,2.17,2.0,4.0,0.0,1.0,2.0,3.0,3.0,9.0,7.0,9.0,393.0,513.0,322.0,433.0,14.0,14.0,9.0,7.0,4.0,3.0,1.0,0.0,0.0,0.0,4.0,2.0,2.0,6.0,3.0,5.0,8.0,11.0,0.0,6.0,2.0,1.0,21.0,42.0,25.0,21.0,3.0,7.0,47.0,53.0,4.0,4.0,26.0,25.0,20.0,27.0,5.0,4.0,5.0,6.0,42.0,20.0,0.0,0.0,0.0,0.0,9.0,5.0,81.9,84.4,0.087,0.128,0.375,0.353,0.3,-1.17,66.7,66.7
2025-12-28,11:00,76986,Premier League 25/26,25/26,Premier League,Matchweek 18,Sun,Away,D,1.0,1.0,Sunderland,57.0,,,,,,https://www.sofascore.com/sunderland-leeds-united/JQ,Ended,Leeds United,for,2.17,0.7,4.0,2.0,1.0,0.0,3.0,2.0,9.0,3.0,9.0,7.0,513.0,393.0,433.0,322.0,14.0,14.0,7.0,9.0,3.0,4.0,0.0,1.0,0.0,0.0,2.0,4.0,6.0,2.0,5.0,3.0,11.0,8.0,6.0,0.0,1.0,2.0,42.0,21.0,21.0,25.0,7.0,3.0,53.0,47.0,4.0,4.0,25.0,26.0,27.0,20.0,4.0,5.0,6.0,5.0,20.0,42.0,0.0,0.0,0.0,0.0,5.0,9.0,84.4,81.9,0.128,0.087,0.353,0.375,-1.17,0.3,66.7,66.7
2025-12-28,13:30,76986,Premier League 25/26,25/26,Premier League,Matchweek 18,Sun,Home,L,0.0,1.0,Tottenham Hotspur,62.0,,,,,,https://www.sofascore.com/tottenham-hotspur-crystal-palace/hI,Ended,Crystal Palace,for,1.47,0.88,2.0,1.0,0.0,1.0,2.0,0.0,3.0,2.0,7.0,5.0,544.0,340.0,431.0,236.0,16.0,20.0,5.0,7.0,1.0,3.0,3.0,2.0,0.0,0.0,3.0,2.0,5.0,1.0,8.0,3.0,9.0,5.0,6.0,3.0,1.0,0.0,35.0,18.0,26.0,28.0,4.0,3.0,42.0,58.0,9.0,7.0,28.0,34.0,20.0,31.0,7.0,8.0,7.0,6.0,23.0,50.0,1.0,1.0,1.0,3.0,5.0,14.0,79.2,69.4,0.098,0.11,0.133,0.5,-1.47,0.12,75.0,100.0
2025-12-28,13:30,76986,Premier League 25/26,25/26,Premier League,Matchweek 18,Sun,Away,W,1.0,0.0,Crystal Palace,38.0,,,,,,https://www.sofascore.com/tottenham-hotspur-crystal-palace/hI,Ended,Tottenham Hotspur,for,0.88,1.47,1.0,2.0,1.0,0.0,0.0,2.0,2.0,3.0,5.0,7.0,340.0,544.0,236.0,431.0,20.0,16.0,7.0,5.0,3.0,1.0,2.0,3.0,0.0,0.0,2.0,3.0,1.0,5.0,3.0,8.0,5.0,9.0,3.0,6.0,0.0,1.0,18.0,35.0,28.0,26.0,3.0,4.0,58.0,42.0,7.0,9.0,34.0,28.0,31.0,20.0,8.0,7.0,6.0,7.0,50.0,23.0,1.0,1.0,3.0,1.0,14.0,5.0,69.4,79.2,0.11,0.098,0.5,0.133,0.12,-1.47,100.0,75.0
2025-12-30,16:30,76986,Premier League 25/26,25/26,Premier League,Matchweek 19,Tue,Home,D,2.0,2.0,Bournemouth,67.0,,,,,,https://www.sofascore.com/bournemouth-chelsea/Nskb,Ended,Chelsea,for,2.31,3.14,2.0,6.0,1.0,2.0,1.0,4.0,12.0,3.0,5.0,12.0,563.0,269.0,483.0,197.0,17.0,16.0,11.0,5.0,0.0,1.0,1.0,1.0,0.0,0.0,4.0,2.0,8.0,4.0,6.0,7.0,15.0,12.0,2.0,5.0,0.0,0.0,52.0,23.0,21.0,17.0,8.0,3.0,59.0,41.0,4.0,7.0,40.0,30.0,26.0,15.0,11.0,9.0,8.0,17.0,29.0,41.0,0.0,0.0,0.0,1.0,7.0,10.0,85.8,73.2,0.136,0.185,0.176,0.353,-0.31,-1.14,66.7,66.7
2025-12-30,16:30,76986,Premier League 25/26,25/26,Premier League,Matchweek 19,Tue,Away,D,2.0,2.0,Chelsea,33.0,,,,,,https://www.sofascore.com/bournemouth-chelsea/Nskb,Ended,Bournemouth,for,3.14,2.31,6.0,2.0,2.0,1.0,4.0,1.0,3.0,12.0,12.0,5.0,269.0,563.0,197.0,483.0,16.0,17.0,5.0,11.0,1.0,0.0,1.0,1.0,0.0,0.0,2.0,4.0,4.0,8.0,7.0,6.0,12.0,15.0,5.0,2.0,0.0,0.0,23.0,52.0,17.0,21.0,3.0,8.0,41.0,59.0,7.0,4.0,30.0,40.0,15.0,26.0,9.0,11.0,17.0,8.0,41.0,29.0,0.0,0.0,1.0,0.0,10.0,7.0,73.2,85.8,0.185,0.136,0.353,0.176,-1.14,-0.31,66.7,66.7
2025-12-30,16:30,76986,Premier League 25/26,25/26,Premier League,Matchweek 19,Tue,Home,L,1.0,3.0,Newcastle United,48.0,,,,,,https://www.sofascore.com/newcastle-united-burnley/gsO,Ended,Burnley,for,1.09,2.31,2.0,7.0,0.0,1.0,2.0,6.0,3.0,4.0,9.0,3.0,439.0,467.0,349.0,389.0,21.0,19.0,3.0,9.0,1.0,2.0,2.0,1.0,0.0,0.0,4.0,2.0,3.0,6.0,8.0,5.0,8.0,13.0,7.0,7.0,0.0,1.0,27.0,23.0,16.0,19.0,1.0,4.0,47.0,53.0,7.0,11.0,29.0,34.0,22.0,23.0,5.0,6.0,11.0,11.0,27.0,36.0,1.0,2.0,1.0,0.0,7.0,13.0,79.5,83.3,0.073,0.116,0.267,0.45,-0.09,0.69,44.4,50.0
2025-12-30,16:30,76986,Premier League 25/26,25/26,Premier League,Matchweek 19,Tue,Away,W,3.0,1.0,Burnley,52.0,,,,,,https://www.sofascore.com/newcastle-united-burnley/gsO,Ended,Newcastle United,for,2.31,1.09,7.0,2.0,1.0,0.0,6.0,2.0,4.0,3.0,3.0,9.0,467.0,439.0,389.0,349.0,19.0,21.0,9.0,3.0,2.0,1.0,1.0,2.0,0.0,0.0,2.0,4.0,6.0,3.0,5.0,8.0,13.0,8.0,7.0,7.0,1.0,0.0,23.0,27.0,19.0,16.0,4.0,1.0,53.0,47.0,11.0,7.0,34.0,29.0,23.0,22.0,6.0,5.0,11.0,11.0,36.0,27.0,2.0,1.0,0.0,1.0,13.0,7.0,83.3,79.5,0.116,0.073,0.45,0.267,0.69,-0.09,50.0,44.4
2025-12-30,16:30,76986,Premier League 25/26,25/26,Premier League,Matchweek 19,Tue,Home,D,2.0,2.0,Brighton,39.0,,,,,,https://www.sofascore.com/west-ham-united-brighton-and-hove-albion/FsM,Ended,West Ham United,for,2.06,2.94,4.0,4.0,2.0,2.0,2.0,2.0,5.0,5.0,11.0,18.0,335.0,541.0,251.0,466.0,27.0,13.0,17.0,9.0,1.0,1.0,3.0,5.0,0.0,0.0,5.0,2.0,3.0,4.0,3.0,6.0,10.0,8.0,0.0,8.0,1.0,0.0,21.0,31.0,31.0,21.0,2.0,1.0,54.0,46.0,10.0,12.0,46.0,32.0,12.0,18.0,4.0,8.0,9.0,16.0,27.0,24.0,1.0,0.0,2.0,2.0,8.0,3.0,74.9,86.1,0.206,0.184,0.4,0.375,-0.06,-0.94,83.3,50.0
2025-12-30,16:30,76986,Premier League 25/26,25/26,Premier League,Matchweek 19,Tue,Away,D,2.0,2.0,West Ham United,61.0,,,,,,https://www.sofascore.com/west-ham-united-brighton-and-hove-albion/FsM,Ended,Brighton,for,2.94,2.06,4.0,4.0,2.0,2.0,2.0,2.0,5.0,5.0,18.0,11.0,541.0,335.0,466.0,251.0,13.0,27.0,9.0,17.0,1.0,1.0,5.0,3.0,0.0,0.0,2.0,5.0,4.0,3.0,6.0,3.0,8.0,10.0,8.0,0.0,0.0,1.0,31.0,21.0,21.0,31.0,1.0,2.0,46.0,54.0,12.0,10.0,32.0,46.0,18.0,12.0,8.0,4.0,16.0,9.0,24.0,27.0,0.0,1.0,2.0,2.0,3.0,8.0,86.1,74.9,0.184,0.206,0.375,0.4,-0.94,-0.06,50.0,83.3
2025-12-30,16:30,76986,Premier League 25/26,25/26,Premier League,Matchweek 19,Tue,Home,L,0.0,2.0,Everton,70.0,,,,,,https://www.sofascore.com/everton-nottingham-forest/osY,Ended,Nottingham Forest,for,1.55,1.26,1.0,3.0,0.0,2.0,1.0,1.0,9.0,2.0,11.0,9.0,665.0,301.0,600.0,223.0,21.0,23.0,9.0,11.0,0.0,0.0,1.0,0.0,0.0,0.0,1.0,6.0,7.0,4.0,8.0,4.0,12.0,7.0,9.0,4.0,0.0,2.0,42.0,18.0,19.0,26.0,9.0,2.0,48.0,52.0,14.0,13.0,45.0,38.0,13.0,25.0,16.0,7.0,5.0,9.0,12.0,53.0,0.0,0.0,0.0,2.0,5.0,13.0,90.2,74.1,0.074,0.115,0.286,0.273,-1.55,0.74,33.3,100.0
2025-12-30,16:30,76986,Premier League 25/26,25/26,Premier League,Matchweek 19,Tue,Away,W,2.0,0.0,Nottingham Forest,30.0,,,,,,https://www.sofascore.com/everton-nottingham-forest/osY,Ended,Everton,for,1.26,1.55,3.0,1.0,2.0,0.0,1.0,1.0,2.0,9.0,9.0,11.0,301.0,665.0,223.0,600.0,23.0,21.0,11.0,9.0,0.0,0.0,0.0,1.0,0.0,0.0,6.0,1.0,4.0,7.0,4.0,8.0,7.0,12.0,4.0,9.0,2.0,0.0,18.0,42.0,26.0,19.0,2.0,9.0,52.0,48.0,13.0,14.0,38.0,45.0,25.0,13.0,7.0,16.0,9.0,5.0,53.0,12.0,0.0,0.0,2.0,0.0,13.0,5.0,74.1,90.2,0.115,0.074,0.273,0.286,0.74,-1.55,100.0,33.3
2025-12-30,17:15,76986,Premier League 25/26,25/26,Premier League,Matchweek 19,Tue,Home,W,4.0,1.0,Aston Villa,46.0,,,,,,https://www.sofascore.com/arsenal-aston-villa/PR,Ended,Arsenal,for,3.04,2.52,6.0,5.0,2.0,1.0,4.0,4.0,3.0,3.0,18.0,9.0,351.0,416.0,302.0,362.0,17.0,10.0,9.0,18.0,4.0,0.0,2.0,3.0,0.0,0.0,2.0,3.0,7.0,4.0,8.0,4.0,17.0,9.0,5.0,2.0,1.0,0.0,38.0,21.0,17.0,21.0,5.0,1.0,46.0,54.0,6.0,10.0,31.0,35.0,7.0,9.0,5.0,8.0,8.0,3.0,17.0,17.0,1.0,1.0,1.0,0.0,2.0,8.0,86.0,87.0,0.138,0.229,0.318,0.273,0.96,-1.52,66.7,42.9
2025-12-30,17:15,76986,Premier League 25/26,25/26,Premier League,Matchweek 19,Tue,Away,L,1.0,4.0,Arsenal,54.0,,,,,,https://www.sofascore.com/arsenal-aston-villa/PR,Ended,Aston Villa,for,2.52,3.04,5.0,6.0,1.0,2.0,4.0,4.0,3.0,3.0,9.0,18.0,416.0,351.0,362.0,302.0,10.0,17.0,18.0,9.0,0.0,4.0,3.0,2.0,0.0,0.0,3.0,2.0,4.0,7.0,4.0,8.0,9.0,17.0,2.0,5.0,0.0,1.0,21.0,38.0,21.0,17.0,1.0,5.0,54.0,46.0,10.0,6.0,35.0,31.0,9.0,7.0,8.0,5.0,3.0,8.0,17.0,17.0,1.0,1.0,0.0,1.0,8.0,2.0,87.0,86.0,0.229,0.138,0.273,0.318,-1.52,0.96,42.9,66.7
2025-12-30,17:15,76986,Premier League 25/26,25/26,Premier League,Matchweek 19,Tue,Home,D,1.0,1.0,Wolves,56.0,,,,,,https://www.sofascore.com/manchester-united-wolverhampton/dsK,Ended,Manchester Utd,for,0.84,1.16,2.0,2.0,0.0,0.0,2.0,2.0,8.0,4.0,9.0,12.0,506.0,397.0,450.0,335.0,21.0,20.0,12.0,9.0,3.0,1.0,0.0,2.0,0.0,0.0,3.0,5.0,4.0,2.0,5.0,5.0,10.0,8.0,5.0,3.0,0.0,0.0,21.0,23.0,26.0,18.0,6.0,4.0,47.0,53.0,14.0,7.0,38.0,39.0,10.0,16.0,5.0,10.0,4.0,10.0,16.0,28.0,0.0,0.0,0.0,0.0,5.0,10.0,88.9,84.4,0.056,0.105,0.4,0.364,0.16,-0.16,75.0,83.3
2025-12-30,17:15,76986,Premier League 25/26,25/26,Premier League,Matchweek 19,Tue,Away,D,1.0,1.0,Manchester Utd,44.0,,,,,,https://www.sofascore.com/manchester-united-wolverhampton/dsK,Ended,Wolves,for,1.16,0.84,2.0,2.0,0.0,0.0,2.0,2.0,4.0,8.0,12.0,9.0,397.0,506.0,335.0,450.0,20.0,21.0,9.0,12.0,1.0,3.0,2.0,0.0,0.0,0.0,5.0,3.0,2.0,4.0,5.0,5.0,8.0,10.0,3.0,5.0,0.0,0.0,23.0,21.0,18.0,26.0,4.0,6.0,53.0,47.0,7.0,14.0,39.0,38.0,16.0,10.0,10.0,5.0,10.0,4.0,28.0,16.0,0.0,0.0,0.0,0.0,10.0,5.0,84.4,88.9,0.105,0.056,0.364,0.4,-0.16,0.16,83.3,75.0
2026-01-01,14:30,76986,Premier League 25/26,25/26,Premier League,Matchweek 19,Thu,Home,D,0.0,0.0,Leeds United,68.0,,,,,,https://www.sofascore.com/liverpool-leeds-united/JsU,Ended,Liverpool FC,for,2.08,0.69,2.0,1.0,0.0,0.0,2.0,1.0,8.0,3.0,10.0,8.0,636.0,295.0,549.0,194.0,8.0,18.0,8.0,10.0,6.0,1.0,0.0,2.0,0.0,0.0,2.0,4.0,8.0,1.0,7.0,1.0,11.0,3.0,8.0,1.0,2.0,0.0,35.0,11.0,16.0,18.0,4.0,3.0,48.0,52.0,11.0,5.0,27.0,36.0,26.0,22.0,12.0,8.0,6.0,11.0,21.0,37.0,1.0,1.0,0.0,0.0,4.0,9.0,86.3,65.8,0.109,0.172,0.211,0.5,-2.08,-0.69,100.0,100.0
2026-01-01,14:30,76986,Premier League 25/26,25/26,Premier League,Matchweek 19,Thu,Away,D,0.0,0.0,Liverpool FC,32.0,,,,,,https://www.sofascore.com/liverpool-leeds-united/JsU,Ended,Leeds United,for,0.69,2.08,1.0,2.0,0.0,0.0,1.0,2.0,3.0,8.0,8.0,10.0,295.0,636.0,194.0,549.0,18.0,8.0,10.0,8.0,1.0,6.0,2.0,0.0,0.0,0.0,4.0,2.0,1.0,8.0,1.0,7.0,3.0,11.0,1.0,8.0,0.0,2.0,11.0,35.0,18.0,16.0,3.0,4.0,52.0,48.0,5.0,11.0,36.0,27.0,22.0,26.0,8.0,12.0,11.0,6.0,37.0,21.0,1.0,1.0,0.0,0.0,9.0,4.0,65.8,86.3,0.172,0.109,0.5,0.211,-0.69,-2.08,100.0,100.0
2026-01-01,14:30,76986,Premier League 25/26,25/26,Premier League,Matchweek 19,Thu,Home,D,1.0,1.0,Fulham,40.0,,,,,,https://www.sofascore.com/fulham-crystal-palace/hsT,Ended,Crystal Palace,for,1.93,1.76,3.0,3.0,1.0,0.0,2.0,3.0,6.0,3.0,7.0,10.0,388.0,586.0,299.0,502.0,14.0,16.0,10.0,7.0,5.0,1.0,0.0,5.0,0.0,0.0,4.0,1.0,4.0,6.0,5.0,6.0,9.0,12.0,2.0,5.0,0.0,0.0,37.0,31.0,22.0,30.0,1.0,7.0,47.0,53.0,5.0,7.0,31.0,28.0,15.0,23.0,7.0,5.0,9.0,9.0,29.0,35.0,1.0,0.0,0.0,0.0,9.0,8.0,77.1,85.7,0.175,0.104,0.182,0.294,-0.93,-0.76,80.0,50.0
2026-01-01,14:30,76986,Premier League 25/26,25/26,Premier League,Matchweek 19,Thu,Away,D,1.0,1.0,Crystal Palace,60.0,,,,,,https://www.sofascore.com/fulham-crystal-palace/hsT,Ended,Fulham,for,1.76,1.93,3.0,3.0,0.0,1.0,3.0,2.0,3.0,6.0,10.0,7.0,586.0,388.0,502.0,299.0,16.0,14.0,7.0,10.0,1.0,5.0,5.0,0.0,0.0,0.0,1.0,4.0,6.0,4.0,6.0,5.0,12.0,9.0,5.0,2.0,0.0,0.0,31.0,37.0,30.0,22.0,7.0,1.0,53.0,47.0,7.0,5.0,28.0,31.0,23.0,15.0,5.0,7.0,9.0,9.0,35.0,29.0,0.0,1.0,0.0,0.0,8.0,9.0,85.7,77.1,0.104,0.175,0.294,0.182,-0.76,-0.93,50.0,80.0
2026-01-01,17:00,76986,Premier League 25/26,25/26,Premier League,Matchweek 19,Thu,Home,D,0.0,0.0,Manchester City,32.0,,,,,,https://www.sofascore.com/sunderland-manchester-city/rQ,Ended,Sunderland,for,0.88,2.24,2.0,5.0,0.0,0.0,2.0,5.0,3.0,5.0,9.0,6.0,304.0,640.0,221.0,548.0,18.0,23.0,6.0,9.0,0.0,1.0,1.0,1.0,0.0,0.0,4.0,4.0,2.0,5.0,4.0,5.0,7.0,12.0,3.0,2.0,1.0,1.0,22.0,52.0,22.0,21.0,3.0,6.0,45.0,55.0,15.0,8.0,33.0,48.0,14.0,9.0,9.0,16.0,17.0,12.0,31.0,21.0,0.0,1.0,0.0,0.0,10.0,7.0,72.7,85.6,0.088,0.16,0.4,0.286,-0.88,-2.24,100.0,100.0
2026-01-01,17:00,76986,Premier League 25/26,25/26,Premier League,Matchweek 19,Thu,Away,D,0.0,0.0,Sunderland,68.0,,,,,,https://www.sofascore.com/sunderland-manchester-city/rQ,Ended,Manchester City,for,2.24,0.88,5.0,2.0,0.0,0.0,5.0,2.0,5.0,3.0,6.0,9.0,640.0,304.0,548.0,221.0,23.0,18.0,9.0,6.0,1.0,0.0,1.0,1.0,0.0,0.0,4.0,4.0,5.0,2.0,5.0,4.0,12.0,7.0,2.0,3.0,1.0,1.0,52.0,22.0,21.0,22.0,6.0,3.0,55.0,45.0,8.0,15.0,48.0,33.0,9.0,14.0,16.0,9.0,12.0,17.0,21.0,31.0,1.0,0.0,0.0,0.0,7.0,10.0,85.6,72.7,0.16,0.088,0.286,0.4,-2.24,-0.88,100.0,100.0
2026-01-01,17:00,76986,Premier League 25/26,25/26,Premier League,Matchweek 19,Thu,Home,D,0.0,0.0,Tottenham Hotspur,56.0,,,,,,https://www.sofascore.com/brentford-tottenham-hotspur/Isab,Ended,Brentford,for,0.92,0.86,1.0,0.0,0.0,0.0,1.0,0.0,3.0,1.0,8.0,10.0,515.0,412.0,426.0,324.0,18.0,18.0,10.0,8.0,4.0,0.0,1.0,2.0,0.0,0.0,2.0,2.0,2.0,4.0,3.0,2.0,4.0,7.0,3.0,2.0,0.0,0.0,20.0,18.0,24.0,24.0,4.0,1.0,48.0,52.0,10.0,9.0,31.0,35.0,17.0,18.0,3.0,9.0,9.0,10.0,20.0,33.0,0.0,1.0,2.0,2.0,5.0,7.0,82.7,78.6,0.131,0.096,0.286,0.333,-0.92,-0.86,66.7,100.0
2026-01-01,17:00,76986,Premier League 25/26,25/26,Premier League,Matchweek 19,Thu,Away,D,0.0,0.0,Brentford,44.0,,,,,,https://www.sofascore.com/brentford-tottenham-hotspur/Isab,Ended,Tottenham Hotspur,for,0.86,0.92,0.0,1.0,0.0,0.0,0.0,1.0,1.0,3.0,10.0,8.0,412.0,515.0,324.0,426.0,18.0,18.0,8.0,10.0,0.0,4.0,2.0,1.0,0.0,0.0,2.0,2.0,4.0,2.0,2.0,3.0,7.0,4.0,2.0,3.0,0.0,0.0,18.0,20.0,24.0,24.0,1.0,4.0,52.0,48.0,9.0,10.0,35.0,31.0,18.0,17.0,9.0,3.0,10.0,9.0,33.0,20.0,1.0,0.0,2.0,2.0,7.0,5.0,78.6,82.7,0.096,0.131,0.333,0.286,-0.86,-0.92,100.0,66.7
2026-01-03,09:30,76986,Premier League 25/26,25/26,Premier League,Matchweek 20,Sat,Home,W,3.0,1.0,Nottingham Forest,73.0,,,,,,https://www.sofascore.com/aston-villa-nottingham-forest/osP,Ended,Aston Villa,for,1.59,0.89,2.0,2.0,1.0,1.0,1.0,1.0,4.0,4.0,10.0,20.0,645.0,239.0,579.0,170.0,18.0,19.0,20.0,10.0,1.0,4.0,1.0,2.0,0.0,0.0,4.0,1.0,4.0,2.0,3.0,3.0,5.0,6.0,6.0,4.0,0.0,1.0,46.0,13.0,16.0,20.0,2.0,0.0,53.0,47.0,8.0,16.0,39.0,37.0,10.0,6.0,4.0,8.0,11.0,14.0,12.0,28.0,2.0,1.0,1.0,1.0,4.0,11.0,89.8,71.1,0.145,0.089,0.364,0.5,1.41,0.11,80.0,25.0
2026-01-03,09:30,76986,Premier League 25/26,25/26,Premier League,Matchweek 20,Sat,Away,L,1.0,3.0,Aston Villa,27.0,,,,,,https://www.sofascore.com/aston-villa-nottingham-forest/osP,Ended,Nottingham Forest,for,0.89,1.59,2.0,2.0,1.0,1.0,1.0,1.0,4.0,4.0,20.0,10.0,239.0,645.0,170.0,579.0,19.0,18.0,10.0,20.0,4.0,1.0,2.0,1.0,0.0,0.0,1.0,4.0,2.0,4.0,3.0,3.0,6.0,5.0,4.0,6.0,1.0,0.0,13.0,46.0,20.0,16.0,0.0,2.0,47.0,53.0,16.0,8.0,37.0,39.0,6.0,10.0,8.0,4.0,14.0,11.0,28.0,12.0,1.0,2.0,1.0,1.0,11.0,4.0,71.1,89.8,0.089,0.145,0.5,0.364,0.11,1.41,25.0,80.0
2026-01-03,12:00,76986,Premier League 25/26,25/26,Premier League,Matchweek 20,Sat,Home,W,3.0,0.0,West Ham United,33.0,,,,,,https://www.sofascore.com/west-ham-united-wolverhampton/dsM,Ended,Wolves,for,1.87,0.25,3.0,0.0,2.0,0.0,1.0,0.0,6.0,7.0,11.0,10.0,301.0,624.0,234.0,546.0,23.0,27.0,9.0,11.0,1.0,1.0,1.0,0.0,0.0,0.0,0.0,5.0,0.0,0.0,3.0,6.0,8.0,4.0,3.0,2.0,0.0,2.0,14.0,25.0,12.0,26.0,5.0,7.0,48.0,52.0,13.0,13.0,39.0,45.0,15.0,13.0,6.0,8.0,9.0,6.0,34.0,15.0,0.0,0.0,3.0,1.0,8.0,4.0,77.7,87.5,0.17,0.042,0.727,0.0,1.13,-0.25,,62.5
2026-01-03,12:00,76986,Premier League 25/26,25/26,Premier League,Matchweek 20,Sat,Away,L,0.0,3.0,Wolves,67.0,,,,,,https://www.sofascore.com/west-ham-united-wolverhampton/dsM,Ended,West Ham United,for,0.25,1.87,0.0,3.0,0.0,2.0,0.0,1.0,7.0,6.0,10.0,11.0,624.0,301.0,546.0,234.0,27.0,23.0,11.0,9.0,1.0,1.0,0.0,1.0,0.0,0.0,5.0,0.0,0.0,0.0,6.0,3.0,4.0,8.0,2.0,3.0,2.0,0.0,25.0,14.0,26.0,12.0,7.0,5.0,52.0,48.0,13.0,13.0,45.0,39.0,13.0,15.0,8.0,6.0,6.0,9.0,15.0,34.0,0.0,0.0,1.0,3.0,4.0,8.0,87.5,77.7,0.042,0.17,0.0,0.727,-0.25,1.13,62.5,
2026-01-03,12:00,76986,Premier League 25/26,25/26,Premier League,Matchweek 20,Sat,Home,W,2.0,0.0,Burnley,60.0,,,,,,https://www.sofascore.com/brighton-and-hove-albion-burnley/gsF,Ended,Brighton,for,1.45,0.3,2.0,0.0,1.0,0.0,1.0,0.0,4.0,4.0,7.0,17.0,608.0,396.0,546.0,325.0,17.0,25.0,17.0,7.0,3.0,1.0,0.0,4.0,0.0,0.0,2.0,2.0,4.0,0.0,7.0,2.0,9.0,4.0,6.0,1.0,0.0,0.0,26.0,12.0,17.0,21.0,4.0,1.0,53.0,47.0,11.0,9.0,40.0,40.0,19.0,13.0,8.0,8.0,6.0,3.0,25.0,21.0,0.0,1.0,0.0,1.0,4.0,8.0,89.8,82.1,0.097,0.06,0.267,0.6,0.55,-0.3,66.7,50.0
2026-01-03,12:00,76986,Premier League 25/26,25/26,Premier League,Matchweek 20,Sat,Away,L,0.0,2.0,Brighton,40.0,,,,,,https://www.sofascore.com/brighton-and-hove-albion-burnley/gsF,Ended,Burnley,for,0.3,1.45,0.0,2.0,0.0,1.0,0.0,1.0,4.0,4.0,17.0,7.0,396.0,608.0,325.0,546.0,25.0,17.0,7.0,17.0,1.0,3.0,4.0,0.0,0.0,0.0,2.0,2.0,0.0,4.0,2.0,7.0,4.0,9.0,1.0,6.0,0.0,0.0,12.0,26.0,21.0,17.0,1.0,4.0,47.0,53.0,9.0,11.0,40.0,40.0,13.0,19.0,8.0,8.0,3.0,6.0,21.0,25.0,1.0,0.0,1.0,0.0,8.0,4.0,82.1,89.8,0.06,0.097,0.6,0.267,-0.3,0.55,50.0,66.7
2026-01-03,14:30,76986,Premier League 25/26,25/26,Premier League,Matchweek 20,Sat,Home,L,2.0,3.0,Arsenal,43.0,,,,,,https://www.sofascore.com/bournemouth-arsenal/Rkb,Ended,Bournemouth,for,1.43,1.13,1.0,2.0,1.0,2.0,0.0,0.0,7.0,5.0,13.0,8.0,339.0,462.0,259.0,368.0,16.0,25.0,8.0,13.0,1.0,1.0,3.0,1.0,0.0,0.0,2.0,1.0,5.0,4.0,7.0,3.0,5.0,7.0,10.0,5.0,0.0,2.0,13.0,28.0,22.0,18.0,4.0,3.0,42.0,58.0,13.0,6.0,31.0,44.0,17.0,21.0,8.0,7.0,4.0,7.0,37.0,30.0,1.0,1.0,0.0,1.0,10.0,8.0,76.4,79.7,0.095,0.094,0.2,0.417,0.57,1.87,40.0,33.3
2026-01-03,14:30,76986,Premier League 25/26,25/26,Premier League,Matchweek 20,Sat,Away,W,3.0,2.0,Bournemouth,57.0,,,,,,https://www.sofascore.com/bournemouth-arsenal/Rkb,Ended,Arsenal,for,1.13,1.43,2.0,1.0,2.0,1.0,0.0,0.0,5.0,7.0,8.0,13.0,462.0,339.0,368.0,259.0,25.0,16.0,13.0,8.0,1.0,1.0,1.0,3.0,0.0,0.0,1.0,2.0,4.0,5.0,3.0,7.0,7.0,5.0,5.0,10.0,2.0,0.0,28.0,13.0,18.0,22.0,3.0,4.0,58.0,42.0,6.0,13.0,44.0,31.0,21.0,17.0,7.0,8.0,7.0,4.0,30.0,37.0,1.0,1.0,1.0,0.0,8.0,10.0,79.7,76.4,0.094,0.095,0.417,0.2,1.87,0.57,33.3,40.0
2026-01-04,09:30,76986,Premier League 25/26,25/26,Premier League,Matchweek 20,Sun,Home,D,1.0,1.0,Manchester Utd,45.0,,,,,,https://www.sofascore.com/manchester-united-leeds-united/JsK,Ended,Leeds United,for,0.9,1.58,1.0,3.0,1.0,0.0,0.0,3.0,6.0,4.0,9.0,9.0,425.0,529.0,312.0,419.0,18.0,25.0,9.0,9.0,1.0,3.0,0.0,1.0,0.0,0.0,1.0,2.0,2.0,5.0,6.0,8.0,8.0,9.0,3.0,6.0,0.0,1.0,25.0,22.0,21.0,23.0,3.0,2.0,50.0,50.0,13.0,11.0,31.0,39.0,23.0,16.0,4.0,5.0,17.0,8.0,23.0,38.0,0.0,0.0,0.0,0.0,8.0,11.0,73.4,79.2,0.082,0.105,0.273,0.133,0.1,-0.58,50.0,66.7
2026-01-04,09:30,76986,Premier League 25/26,25/26,Premier League,Matchweek 20,Sun,Away,D,1.0,1.0,Leeds United,55.0,,,,,,https://www.sofascore.com/manchester-united-leeds-united/JsK,Ended,Manchester Utd,for,1.58,0.9,3.0,1.0,0.0,1.0,3.0,0.0,4.0,6.0,9.0,9.0,529.0,425.0,419.0,312.0,25.0,18.0,9.0,9.0,3.0,1.0,1.0,0.0,0.0,0.0,2.0,1.0,5.0,2.0,8.0,6.0,9.0,8.0,6.0,3.0,1.0,0.0,22.0,25.0,23.0,21.0,2.0,3.0,50.0,50.0,11.0,13.0,39.0,31.0,16.0,23.0,5.0,4.0,8.0,17.0,38.0,23.0,0.0,0.0,0.0,0.0,11.0,8.0,79.2,73.4,0.105,0.082,0.133,0.273,-0.58,0.1,66.7,50.0
2026-01-04,12:00,76986,Premier League 25/26,25/26,Premier League,Matchweek 20,Sun,Home,D,1.0,1.0,Sunderland,49.0,,,,,,https://www.sofascore.com/sunderland-tottenham-hotspur/IQ,Ended,Tottenham Hotspur,for,1.18,0.44,2.0,0.0,1.0,0.0,1.0,0.0,3.0,5.0,9.0,6.0,361.0,382.0,284.0,294.0,15.0,17.0,6.0,9.0,4.0,2.0,2.0,3.0,0.0,0.0,2.0,3.0,2.0,3.0,6.0,4.0,9.0,9.0,4.0,1.0,0.0,0.0,33.0,20.0,26.0,20.0,7.0,4.0,46.0,54.0,11.0,8.0,31.0,33.0,20.0,27.0,10.0,7.0,8.0,9.0,33.0,27.0,1.0,1.0,0.0,1.0,7.0,10.0,78.7,77.0,0.091,0.044,0.385,0.3,-0.18,0.56,66.7,60.0
2026-01-04,12:00,76986,Premier League 25/26,25/26,Premier League,Matchweek 20,Sun,Away,D,1.0,1.0,Tottenham Hotspur,51.0,,,,,,https://www.sofascore.com/sunderland-tottenham-hotspur/IQ,Ended,Sunderland,for,0.44,1.18,0.0,2.0,0.0,1.0,0.0,1.0,5.0,3.0,6.0,9.0,382.0,361.0,294.0,284.0,17.0,15.0,9.0,6.0,2.0,4.0,3.0,2.0,0.0,0.0,3.0,2.0,3.0,2.0,4.0,6.0,9.0,9.0,1.0,4.0,0.0,0.0,20.0,33.0,20.0,26.0,4.0,7.0,54.0,46.0,8.0,11.0,33.0,31.0,27.0,20.0,7.0,10.0,9.0,8.0,27.0,33.0,1.0,1.0,1.0,0.0,10.0,7.0,77.0,78.7,0.044,0.091,0.3,0.385,0.56,-0.18,60.0,66.7
2026-01-04,12:00,76986,Premier League 25/26,25/26,Premier League,Matchweek 20,Sun,Home,W,2.0,0.0,Crystal Palace,59.0,,,,,,https://www.sofascore.com/newcastle-united-crystal-palace/hO,Ended,Newcastle United,for,2.08,0.7,5.0,1.0,2.0,0.0,3.0,1.0,8.0,6.0,5.0,12.0,494.0,344.0,408.0,239.0,16.0,28.0,12.0,5.0,5.0,2.0,1.0,3.0,0.0,0.0,1.0,5.0,2.0,5.0,3.0,5.0,11.0,9.0,1.0,2.0,2.0,3.0,35.0,26.0,25.0,11.0,7.0,2.0,52.0,48.0,14.0,12.0,42.0,40.0,20.0,17.0,15.0,8.0,7.0,11.0,35.0,45.0,0.0,0.0,1.0,0.0,9.0,4.0,82.6,69.5,0.173,0.064,0.583,0.091,-0.08,-0.7,100.0,71.4
2026-01-04,12:00,76986,Premier League 25/26,25/26,Premier League,Matchweek 20,Sun,Away,L,0.0,2.0,Newcastle United,41.0,,,,,,https://www.sofascore.com/newcastle-united-crystal-palace/hO,Ended,Crystal Palace,for,0.7,2.08,1.0,5.0,0.0,2.0,1.0,3.0,6.0,8.0,12.0,5.0,344.0,494.0,239.0,408.0,28.0,16.0,5.0,12.0,2.0,5.0,3.0,1.0,0.0,0.0,5.0,1.0,5.0,2.0,5.0,3.0,9.0,11.0,2.0,1.0,3.0,2.0,26.0,35.0,11.0,25.0,2.0,7.0,48.0,52.0,12.0,14.0,40.0,42.0,17.0,20.0,8.0,15.0,11.0,7.0,45.0,35.0,0.0,0.0,0.0,1.0,4.0,9.0,69.5,82.6,0.064,0.173,0.091,0.583,-0.7,-0.08,71.4,100.0
2026-01-04,12:00,76986,Premier League 25/26,25/26,Premier League,Matchweek 20,Sun,Home,L,2.0,4.0,Brentford,45.0,,,,,,https://www.sofascore.com/brentford-everton/Ysab,Ended,Everton,for,0.89,2.66,1.0,6.0,1.0,4.0,0.0,2.0,4.0,5.0,9.0,8.0,364.0,455.0,286.0,355.0,24.0,16.0,8.0,9.0,0.0,2.0,0.0,2.0,0.0,0.0,3.0,4.0,5.0,2.0,3.0,2.0,11.0,9.0,3.0,2.0,0.0,4.0,31.0,23.0,24.0,21.0,10.0,6.0,57.0,43.0,11.0,12.0,44.0,30.0,29.0,24.0,13.0,6.0,7.0,10.0,22.0,24.0,1.0,2.0,0.0,0.0,6.0,5.0,78.6,78.0,0.064,0.242,0.429,0.636,1.11,1.34,42.9,66.7
2026-01-04,12:00,76986,Premier League 25/26,25/26,Premier League,Matchweek 20,Sun,Away,W,4.0,2.0,Everton,55.0,,,,,,https://www.sofascore.com/brentford-everton/Ysab,Ended,Brentford,for,2.66,0.89,6.0,1.0,4.0,1.0,2.0,0.0,5.0,4.0,8.0,9.0,455.0,364.0,355.0,286.0,16.0,24.0,9.0,8.0,2.0,0.0,2.0,0.0,0.0,0.0,4.0,3.0,2.0,5.0,2.0,3.0,9.0,11.0,2.0,3.0,4.0,0.0,23.0,31.0,21.0,24.0,6.0,10.0,43.0,57.0,12.0,11.0,30.0,44.0,24.0,29.0,6.0,13.0,10.0,7.0,24.0,22.0,2.0,1.0,0.0,0.0,5.0,6.0,78.0,78.6,0.242,0.064,0.636,0.429,1.34,1.11,66.7,42.9
2026-01-04,12:15,76986,Premier League 25/26,25/26,Premier League,Matchweek 20,Sun,Home,D,2.0,2.0,Liverpool FC,42.0,,,,,,https://www.sofascore.com/liverpool-fulham/TsU,Ended,Fulham,for,0.74,1.37,1.0,3.0,1.0,2.0,0.0,1.0,3.0,8.0,11.0,4.0,462.0,639.0,386.0,563.0,15.0,7.0,4.0,11.0,2.0,4.0,1.0,1.0,0.0,0.0,0.0,0.0,3.0,3.0,3.0,5.0,5.0,7.0,3.0,3.0,0.0,1.0,15.0,33.0,14.0,26.0,1.0,1.0,55.0,45.0,3.0,10.0,24.0,21.0,13.0,9.0,5.0,4.0,10.0,5.0,40.0,24.0,0.0,0.0,0.0,0.0,9.0,4.0,83.5,88.1,0.092,0.137,0.25,0.2,1.26,0.63,0.0,0.0
2026-01-04,12:15,76986,Premier League 25/26,25/26,Premier League,Matchweek 20,Sun,Away,D,2.0,2.0,Fulham,58.0,,,,,,https://www.sofascore.com/liverpool-fulham/TsU,Ended,Liverpool FC,for,1.37,0.74,3.0,1.0,2.0,1.0,1.0,0.0,8.0,3.0,4.0,11.0,639.0,462.0,563.0,386.0,7.0,15.0,11.0,4.0,4.0,2.0,1.0,1.0,0.0,0.0,0.0,0.0,3.0,3.0,5.0,3.0,7.0,5.0,3.0,3.0,1.0,0.0,33.0,15.0,26.0,14.0,1.0,1.0,45.0,55.0,10.0,3.0,21.0,24.0,9.0,13.0,4.0,5.0,5.0,10.0,24.0,40.0,0.0,0.0,0.0,0.0,4.0,9.0,88.1,83.5,0.137,0.092,0.2,0.25,0.63,1.26,0.0,0.0
2026-01-04,14:30,76986,Premier League 25/26,25/26,Premier League,Matchweek 20,Sun,Home,D,1.0,1.0,Chelsea,57.0,,,,,,https://www.sofascore.com/chelsea-manchester-city/rN,Ended,Manchester City,for,1.02,1.85,0.0,3.0,0.0,1.0,0.0,2.0,8.0,2.0,12.0,14.0,580.0,436.0,504.0,363.0,24.0,20.0,14.0,12.0,2.0,2.0,3.0,3.0,0.0,0.0,2.0,2.0,5.0,1.0,6.0,4.0,12.0,8.0,2.0,0.0,1.0,1.0,35.0,16.0,22.0,15.0,5.0,2.0,59.0,41.0,14.0,11.0,47.0,36.0,10.0,3.0,9.0,7.0,9.0,14.0,6.0,23.0,0.0,2.0,0.0,0.0,4.0,7.0,86.9,83.3,0.073,0.231,0.214,0.375,-0.02,-0.85,66.7,66.7
2026-01-04,14:30,76986,Premier League 25/26,25/26,Premier League,Matchweek 20,Sun,Away,D,1.0,1.0,Manchester City,43.0,,,,,,https://www.sofascore.com/chelsea-manchester-city/rN,Ended,Chelsea,for,1.85,1.02,3.0,0.0,1.0,0.0,2.0,0.0,2.0,8.0,14.0,12.0,436.0,580.0,363.0,504.0,20.0,24.0,12.0,14.0,2.0,2.0,3.0,3.0,0.0,0.0,2.0,2.0,1.0,5.0,4.0,6.0,8.0,12.0,0.0,2.0,1.0,1.0,16.0,35.0,15.0,22.0,2.0,5.0,41.0,59.0,11.0,14.0,36.0,47.0,3.0,10.0,7.0,9.0,14.0,9.0,23.0,6.0,2.0,0.0,0.0,0.0,7.0,4.0,83.3,86.9,0.231,0.073,0.375,0.214,-0.85,-0.02,66.7,66.7
2026-01-06,17:00,76986,Premier League 25/26,25/26,Premier League,Matchweek 21,Tue,Home,L,1.0,2.0,Nottingham Forest,47.0,,,,,,https://www.sofascore.com/west-ham-united-nottingham-forest/osM,Ended,West Ham United,for,0.95,1.38,3.0,1.0,0.0,1.0,3.0,0.0,6.0,5.0,15.0,9.0,379.0,418.0,290.0,337.0,28.0,15.0,9.0,14.0,1.0,0.0,3.0,0.0,0.0,0.0,3.0,3.0,5.0,4.0,6.0,4.0,11.0,7.0,3.0,6.0,0.0,0.0,17.0,26.0,19.0,19.0,2.0,5.0,56.0,44.0,9.0,14.0,39.0,31.0,27.0,21.0,2.0,2.0,7.0,6.0,33.0,32.0,0.0,1.0,1.0,1.0,6.0,5.0,76.5,80.6,0.068,0.106,0.214,0.385,0.05,0.62,60.0,100.0
2026-01-06,17:00,76986,Premier League 25/26,25/26,Premier League,Matchweek 21,Tue,Away,W,2.0,1.0,West Ham United,53.0,,,,,,https://www.sofascore.com/west-ham-united-nottingham-forest/osM,Ended,Nottingham Forest,for,1.38,0.95,1.0,3.0,1.0,0.0,0.0,3.0,5.0,6.0,9.0,15.0,418.0,379.0,337.0,290.0,15.0,28.0,14.0,9.0,0.0,1.0,0.0,3.0,0.0,0.0,3.0,3.0,4.0,5.0,4.0,6.0,7.0,11.0,6.0,3.0,0.0,0.0,26.0,17.0,19.0,19.0,5.0,2.0,44.0,56.0,14.0,9.0,31.0,39.0,21.0,27.0,2.0,2.0,6.0,7.0,32.0,33.0,1.0,0.0,1.0,1.0,5.0,6.0,80.6,76.5,0.106,0.068,0.385,0.214,0.62,0.05,100.0,60.0
2026-01-07,16:30,76986,Premier League 25/26,25/26,Premier League,Matchweek 21,Wed,Home,D,1.0,1.0,Brighton,60.0,,,,,,https://www.sofascore.com/brighton-and-hove-albion-manchester-city/rsF,Ended,Manchester City,for,2.55,1.16,7.0,5.0,1.0,0.0,6.0,5.0,6.0,2.0,6.0,16.0,608.0,399.0,530.0,313.0,14.0,22.0,15.0,6.0,2.0,3.0,1.0,6.0,0.0,0.0,2.0,3.0,6.0,0.0,9.0,3.0,16.0,5.0,5.0,1.0,2.0,3.0,53.0,15.0,23.0,18.0,6.0,3.0,61.0,39.0,10.0,10.0,45.0,30.0,14.0,8.0,16.0,2.0,19.0,20.0,7.0,24.0,0.0,3.0,0.0,0.0,5.0,12.0,87.2,78.4,0.121,0.193,0.286,0.5,-1.55,-0.16,66.7,50.0
2026-01-07,16:30,76986,Premier League 25/26,25/26,Premier League,Matchweek 21,Wed,Away,D,1.0,1.0,Manchester City,40.0,,,,,,https://www.sofascore.com/brighton-and-hove-albion-manchester-city/rsF,Ended,Brighton,for,1.16,2.55,5.0,7.0,0.0,1.0,5.0,6.0,2.0,6.0,16.0,6.0,399.0,608.0,313.0,530.0,22.0,14.0,6.0,15.0,3.0,2.0,6.0,1.0,0.0,0.0,3.0,2.0,0.0,6.0,3.0,9.0,5.0,16.0,1.0,5.0,3.0,2.0,15.0,53.0,18.0,23.0,3.0,6.0,39.0,61.0,10.0,10.0,30.0,45.0,8.0,14.0,2.0,16.0,20.0,19.0,24.0,7.0,3.0,0.0,0.0,0.0,12.0,5.0,78.4,87.2,0.193,0.121,0.5,0.286,-0.16,-1.55,50.0,66.7
2026-01-07,16:30,76986,Premier League 25/26,25/26,Premier League,Matchweek 21,Wed,Home,W,2.0,1.0,Chelsea,55.0,,,,,,https://www.sofascore.com/fulham-chelsea/NsT,Ended,Fulham,for,1.2,2.39,0.0,4.0,0.0,1.0,0.0,3.0,2.0,11.0,11.0,6.0,572.0,459.0,503.0,392.0,16.0,13.0,6.0,11.0,1.0,2.0,3.0,3.0,0.0,1.0,4.0,3.0,8.0,3.0,3.0,5.0,9.0,11.0,7.0,3.0,0.0,1.0,34.0,25.0,24.0,27.0,4.0,4.0,56.0,44.0,3.0,12.0,33.0,31.0,19.0,10.0,12.0,7.0,9.0,8.0,28.0,30.0,0.0,0.0,0.0,0.0,8.0,6.0,87.9,85.4,0.075,0.171,0.312,0.429,0.8,-1.39,66.7,60.0
2026-01-07,16:30,76986,Premier League 25/26,25/26,Premier League,Matchweek 21,Wed,Away,L,1.0,2.0,Fulham,45.0,,,,,,https://www.sofascore.com/fulham-chelsea/NsT,Ended,Chelsea,for,2.39,1.2,4.0,0.0,1.0,0.0,3.0,0.0,11.0,2.0,6.0,11.0,459.0,572.0,392.0,503.0,13.0,16.0,11.0,6.0,2.0,1.0,3.0,3.0,1.0,0.0,3.0,4.0,3.0,8.0,5.0,3.0,11.0,9.0,3.0,7.0,1.0,0.0,25.0,34.0,27.0,24.0,4.0,4.0,44.0,56.0,12.0,3.0,31.0,33.0,10.0,19.0,7.0,12.0,8.0,9.0,30.0,28.0,0.0,0.0,0.0,0.0,6.0,8.0,85.4,87.9,0.171,0.075,0.429,0.312,-1.39,0.8,60.0,66.7
2026-01-07,16:30,76986,Premier League 25/26,25/26,Premier League,Matchweek 21,Wed,Home,W,3.0,2.0,Tottenham Hotspur,42.0,,,,,,https://www.sofascore.com/bournemouth-tottenham-hotspur/Iskb,Ended,Bournemouth,for,1.27,1.25,1.0,2.0,1.0,0.0,0.0,2.0,3.0,7.0,19.0,10.0,321.0,434.0,240.0,336.0,17.0,24.0,10.0,19.0,4.0,0.0,3.0,3.0,0.0,0.0,2.0,0.0,5.0,5.0,3.0,7.0,5.0,11.0,6.0,5.0,0.0,1.0,14.0,29.0,9.0,22.0,3.0,5.0,41.0,59.0,10.0,3.0,31.0,57.0,19.0,16.0,4.0,14.0,10.0,5.0,35.0,15.0,0.0,1.0,1.0,1.0,7.0,7.0,74.8,77.4,0.115,0.078,0.273,0.25,1.73,0.75,50.0,0.0
2026-01-07,16:30,76986,Premier League 25/26,25/26,Premier League,Matchweek 21,Wed,Away,L,2.0,3.0,Bournemouth,58.0,,,,,,https://www.sofascore.com/bournemouth-tottenham-hotspur/Iskb,Ended,Tottenham Hotspur,for,1.25,1.27,2.0,1.0,0.0,1.0,2.0,0.0,7.0,3.0,10.0,19.0,434.0,321.0,336.0,240.0,24.0,17.0,19.0,10.0,0.0,4.0,3.0,3.0,0.0,0.0,0.0,2.0,5.0,5.0,7.0,3.0,11.0,5.0,5.0,6.0,1.0,0.0,29.0,14.0,22.0,9.0,5.0,3.0,59.0,41.0,3.0,10.0,57.0,31.0,16.0,19.0,14.0,4.0,5.0,10.0,15.0,35.0,1.0,0.0,1.0,1.0,7.0,7.0,77.4,74.8,0.078,0.115,0.25,0.273,0.75,1.73,0.0,50.0
2026-01-07,16:30,76986,Premier League 25/26,25/26,Premier League,Matchweek 21,Wed,Home,D,0.0,0.0,Aston Villa,41.0,,,,,,https://www.sofascore.com/aston-villa-crystal-palace/hP,Ended,Crystal Palace,for,1.5,1.74,3.0,3.0,0.0,0.0,3.0,3.0,3.0,5.0,8.0,3.0,369.0,537.0,297.0,470.0,20.0,14.0,3.0,8.0,2.0,0.0,2.0,0.0,0.0,0.0,4.0,5.0,4.0,5.0,2.0,7.0,9.0,11.0,2.0,4.0,2.0,1.0,21.0,37.0,12.0,19.0,3.0,4.0,49.0,51.0,9.0,11.0,25.0,28.0,11.0,10.0,2.0,7.0,4.0,9.0,31.0,21.0,0.0,0.0,0.0,0.0,11.0,10.0,80.5,87.5,0.136,0.116,0.455,0.2,-1.5,-1.74,133.3,100.0
2026-01-07,16:30,76986,Premier League 25/26,25/26,Premier League,Matchweek 21,Wed,Away,D,0.0,0.0,Crystal Palace,59.0,,,,,,https://www.sofascore.com/aston-villa-crystal-palace/hP,Ended,Aston Villa,for,1.74,1.5,3.0,3.0,0.0,0.0,3.0,3.0,5.0,3.0,3.0,8.0,537.0,369.0,470.0,297.0,14.0,20.0,8.0,3.0,0.0,2.0,0.0,2.0,0.0,0.0,5.0,4.0,5.0,4.0,7.0,2.0,11.0,9.0,4.0,2.0,1.0,2.0,37.0,21.0,19.0,12.0,4.0,3.0,51.0,49.0,11.0,9.0,28.0,25.0,10.0,11.0,7.0,2.0,9.0,4.0,21.0,31.0,0.0,0.0,0.0,0.0,10.0,11.0,87.5,80.5,0.116,0.136,0.2,0.455,-1.74,-1.5,100.0,133.3
2026-01-07,16:30,76986,Premier League 25/26,25/26,Premier League,Matchweek 21,Wed,Home,D,1.0,1.0,Wolves,45.0,,,,,,https://www.sofascore.com/everton-wolverhampton/dsY,Ended,Everton,for,0.89,0.73,2.0,1.0,1.0,1.0,1.0,0.0,2.0,7.0,13.0,15.0,364.0,434.0,296.0,367.0,17.0,16.0,15.0,13.0,0.0,0.0,3.0,3.0,2.0,0.0,3.0,1.0,3.0,3.0,8.0,6.0,9.0,9.0,4.0,4.0,0.0,0.0,30.0,28.0,12.0,24.0,5.0,7.0,55.0,45.0,8.0,12.0,38.0,33.0,31.0,24.0,8.0,5.0,6.0,5.0,42.0,24.0,1.0,0.0,0.0,2.0,8.0,6.0,81.3,84.6,0.068,0.056,0.154,0.308,0.11,0.27,75.0,50.0
2026-01-07,16:30,76986,Premier League 25/26,25/26,Premier League,Matchweek 21,Wed,Away,D,1.0,1.0,Everton,55.0,,,,,,https://www.sofascore.com/everton-wolverhampton/dsY,Ended,Wolves,for,0.73,0.89,1.0,2.0,1.0,1.0,0.0,1.0,7.0,2.0,15.0,13.0,434.0,364.0,367.0,296.0,16.0,17.0,13.0,15.0,0.0,0.0,3.0,3.0,0.0,2.0,1.0,3.0,3.0,3.0,6.0,8.0,9.0,9.0,4.0,4.0,0.0,0.0,28.0,30.0,24.0,12.0,7.0,5.0,45.0,55.0,12.0,8.0,33.0,38.0,24.0,31.0,5.0,8.0,5.0,6.0,24.0,42.0,0.0,1.0,2.0,0.0,6.0,8.0,84.6,81.3,0.056,0.068,0.308,0.154,0.27,0.11,50.0,75.0
2026-01-07,16:30,76986,Premier League 25/26,25/26,Premier League,Matchweek 21,Wed,Home,W,3.0,0.0,Sunderland,51.0,,,,,,https://www.sofascore.com/brentford-sunderland/Qsab,Ended,Brentford,for,3.24,1.72,5.0,2.0,3.0,0.0,2.0,2.0,7.0,4.0,13.0,13.0,392.0,389.0,328.0,314.0,8.0,7.0,13.0,12.0,1.0,1.0,2.0,1.0,0.0,0.0,3.0,3.0,5.0,4.0,7.0,4.0,14.0,7.0,4.0,4.0,2.0,0.0,42.0,21.0,30.0,21.0,4.0,2.0,51.0,49.0,1.0,5.0,25.0,23.0,17.0,18.0,4.0,3.0,8.0,10.0,22.0,26.0,0.0,3.0,1.0,3.0,5.0,10.0,83.7,80.7,0.18,0.156,0.333,0.273,-0.24,-1.72,100.0,50.0
2026-01-07,16:30,76986,Premier League 25/26,25/26,Premier League,Matchweek 21,Wed,Away,L,0.0,3.0,Brentford,49.0,,,,,,https://www.sofascore.com/brentford-sunderland/Qsab,Ended,Sunderland,for,1.72,3.24,2.0,5.0,0.0,3.0,2.0,2.0,4.0,7.0,13.0,13.0,389.0,392.0,314.0,328.0,7.0,8.0,12.0,13.0,1.0,1.0,1.0,2.0,0.0,0.0,3.0,3.0,4.0,5.0,4.0,7.0,7.0,14.0,4.0,4.0,0.0,2.0,21.0,42.0,21.0,30.0,2.0,4.0,49.0,51.0,5.0,1.0,23.0,25.0,18.0,17.0,3.0,4.0,10.0,8.0,26.0,22.0,3.0,0.0,3.0,1.0,10.0,5.0,80.7,83.7,0.156,0.18,0.273,0.333,-1.72,-0.24,50.0,100.0
2026-01-07,17:15,76986,Premier League 25/26,25/26,Premier League,Matchweek 21,Wed,Home,D,2.0,2.0,Manchester Utd,35.0,,,,,,https://www.sofascore.com/manchester-united-burnley/gK,Ended,Burnley,for,0.24,2.55,0.0,5.0,0.0,2.0,0.0,3.0,2.0,6.0,9.0,8.0,315.0,593.0,240.0,519.0,16.0,19.0,8.0,9.0,3.0,0.0,2.0,0.0,0.0,0.0,6.0,0.0,5.0,7.0,1.0,13.0,6.0,21.0,1.0,9.0,0.0,2.0,9.0,43.0,20.0,17.0,0.0,9.0,39.0,61.0,9.0,10.0,33.0,43.0,9.0,22.0,10.0,16.0,7.0,6.0,25.0,13.0,2.0,0.0,1.0,1.0,18.0,3.0,76.2,87.5,0.034,0.085,0.143,0.333,1.76,-0.55,60.0,0.0
2026-01-07,17:15,76986,Premier League 25/26,25/26,Premier League,Matchweek 21,Wed,Away,D,2.0,2.0,Burnley,65.0,,,,,,https://www.sofascore.com/manchester-united-burnley/gK,Ended,Manchester Utd,for,2.55,0.24,5.0,0.0,2.0,0.0,3.0,0.0,6.0,2.0,8.0,9.0,593.0,315.0,519.0,240.0,19.0,16.0,9.0,8.0,0.0,3.0,0.0,2.0,0.0,0.0,0.0,6.0,7.0,5.0,13.0,1.0,21.0,6.0,9.0,1.0,2.0,0.0,43.0,9.0,17.0,20.0,9.0,0.0,61.0,39.0,10.0,9.0,43.0,33.0,22.0,9.0,16.0,10.0,6.0,7.0,13.0,25.0,0.0,2.0,1.0,1.0,3.0,18.0,87.5,76.2,0.085,0.034,0.333,0.143,-0.55,1.76,0.0,60.0
2026-01-07,17:15,76986,Premier League 25/26,25/26,Premier League,Matchweek 21,Wed,Home,W,4.0,3.0,Leeds United,63.0,,,,,,https://www.sofascore.com/newcastle-united-leeds-united/JsO,Ended,Newcastle United,for,2.44,1.89,3.0,3.0,1.0,1.0,2.0,2.0,8.0,4.0,11.0,10.0,545.0,334.0,471.0,256.0,14.0,17.0,9.0,10.0,1.0,0.0,3.0,2.0,0.0,0.0,3.0,3.0,4.0,3.0,6.0,5.0,15.0,12.0,3.0,2.0,0.0,0.0,37.0,26.0,25.0,24.0,9.0,4.0,50.0,50.0,7.0,8.0,30.0,33.0,23.0,19.0,8.0,8.0,9.0,16.0,32.0,33.0,3.0,0.0,2.0,2.0,11.0,7.0,86.4,76.6,0.136,0.135,0.444,0.429,1.56,1.11,50.0,37.5
2026-01-07,17:15,76986,Premier League 25/26,25/26,Premier League,Matchweek 21,Wed,Away,L,3.0,4.0,Newcastle United,37.0,,,,,,https://www.sofascore.com/newcastle-united-leeds-united/JsO,Ended,Leeds United,for,1.89,2.44,3.0,3.0,1.0,1.0,2.0,2.0,4.0,8.0,10.0,11.0,334.0,545.0,256.0,471.0,17.0,14.0,10.0,9.0,0.0,1.0,2.0,3.0,0.0,0.0,3.0,3.0,3.0,4.0,5.0,6.0,12.0,15.0,2.0,3.0,0.0,0.0,26.0,37.0,24.0,25.0,4.0,9.0,50.0,50.0,8.0,7.0,33.0,30.0,19.0,23.0,8.0,8.0,16.0,9.0,33.0,32.0,0.0,3.0,2.0,2.0,7.0,11.0,76.6,86.4,0.135,0.136,0.429,0.444,1.11,1.56,37.5,50.0
2026-01-08,17:00,76986,Premier League 25/26,25/26,Premier League,Matchweek 21,Thu,Home,D,0.0,0.0,Liverpool FC,48.0,,,,,,https://www.sofascore.com/liverpool-arsenal/HQfh,Ended,Arsenal,for,0.57,0.31,1.0,0.0,0.0,0.0,1.0,0.0,3.0,0.0,10.0,9.0,459.0,509.0,396.0,453.0,11.0,10.0,9.0,10.0,2.0,1.0,2.0,2.0,0.0,0.0,0.0,4.0,4.0,3.0,1.0,5.0,6.0,2.0,3.0,6.0,2.0,1.0,24.0,11.0,12.0,20.0,3.0,0.0,49.0,51.0,2.0,8.0,27.0,30.0,6.0,5.0,8.0,10.0,7.0,8.0,15.0,23.0,2.0,0.0,0.0,2.0,8.0,6.0,86.3,89.0,0.063,0.039,0.444,0.0,-0.57,-0.31,,100.0
2026-01-08,17:00,76986,Premier League 25/26,25/26,Premier League,Matchweek 21,Thu,Away,D,0.0,0.0,Arsenal,52.0,,,,,,https://www.sofascore.com/liverpool-arsenal/HQfh,Ended,Liverpool FC,for,0.31,0.57,0.0,1.0,0.0,0.0,0.0,1.0,0.0,3.0,9.0,10.0,509.0,459.0,453.0,396.0,10.0,11.0,10.0,9.0,1.0,2.0,2.0,2.0,0.0,0.0,4.0,0.0,3.0,4.0,5.0,1.0,2.0,6.0,6.0,3.0,1.0,2.0,11.0,24.0,20.0,12.0,0.0,3.0,51.0,49.0,8.0,2.0,30.0,27.0,5.0,6.0,10.0,8.0,8.0,7.0,23.0,15.0,0.0,2.0,2.0,0.0,6.0,8.0,89.0,86.3,0.039,0.063,0.0,0.444,-0.31,-0.57,100.0,
2026-01-17,09:30,76986,Premier League 25/26,25/26,Premier League,Matchweek 22,Sat,Home,W,2.0,0.0,Manchester City,32.0,,,,,,https://www.sofascore.com/manchester-united-manchester-city/rK,Ended,Manchester Utd,for,2.27,0.45,6.0,0.0,2.0,0.0,4.0,0.0,1.0,6.0,13.0,8.0,302.0,646.0,240.0,581.0,24.0,13.0,8.0,13.0,6.0,1.0,2.0,3.0,0.0,0.0,1.0,5.0,1.0,3.0,4.0,3.0,10.0,5.0,1.0,2.0,1.0,0.0,21.0,35.0,26.0,15.0,4.0,2.0,54.0,46.0,8.0,14.0,37.0,32.0,9.0,7.0,5.0,6.0,12.0,9.0,27.0,19.0,1.0,0.0,1.0,1.0,7.0,7.0,79.5,89.9,0.206,0.064,0.636,0.143,-0.27,-0.45,100.0,71.4
2026-01-17,09:30,76986,Premier League 25/26,25/26,Premier League,Matchweek 22,Sat,Away,L,0.0,2.0,Manchester Utd,68.0,,,,,,https://www.sofascore.com/manchester-united-manchester-city/rK,Ended,Manchester City,for,0.45,2.27,0.0,6.0,0.0,2.0,0.0,4.0,6.0,1.0,8.0,13.0,646.0,302.0,581.0,240.0,13.0,24.0,13.0,8.0,1.0,6.0,3.0,2.0,0.0,0.0,5.0,1.0,3.0,1.0,3.0,4.0,5.0,10.0,2.0,1.0,0.0,1.0,35.0,21.0,15.0,26.0,2.0,4.0,46.0,54.0,14.0,8.0,32.0,37.0,7.0,9.0,6.0,5.0,9.0,12.0,19.0,27.0,0.0,1.0,1.0,1.0,7.0,7.0,89.9,79.5,0.064,0.206,0.143,0.636,-0.45,-0.27,71.4,100.0
2026-01-17,12:00,76986,Premier League 25/26,25/26,Premier League,Matchweek 22,Sat,Home,D,1.0,1.0,Burnley,73.0,,,,,,https://www.sofascore.com/liverpool-burnley/gsU,Ended,Liverpool FC,for,3.18,0.4,3.0,0.0,0.0,0.0,3.0,0.0,9.0,1.0,8.0,10.0,728.0,275.0,635.0,191.0,7.0,19.0,9.0,8.0,1.0,2.0,1.0,2.0,0.0,0.0,1.0,8.0,13.0,2.0,8.0,4.0,20.0,5.0,12.0,2.0,2.0,0.0,78.0,15.0,26.0,12.0,9.0,0.0,53.0,47.0,9.0,6.0,32.0,34.0,20.0,12.0,15.0,7.0,8.0,9.0,13.0,41.0,0.0,0.0,0.0,0.0,7.0,16.0,87.2,69.5,0.099,0.057,0.344,0.143,-2.18,0.6,100.0,72.7
2026-01-17,12:00,76986,Premier League 25/26,25/26,Premier League,Matchweek 22,Sat,Away,D,1.0,1.0,Liverpool FC,27.0,,,,,,https://www.sofascore.com/liverpool-burnley/gsU,Ended,Burnley,for,0.4,3.18,0.0,3.0,0.0,0.0,0.0,3.0,1.0,9.0,10.0,8.0,275.0,728.0,191.0,635.0,19.0,7.0,8.0,9.0,2.0,1.0,2.0,1.0,0.0,0.0,8.0,1.0,2.0,13.0,4.0,8.0,5.0,20.0,2.0,12.0,0.0,2.0,15.0,78.0,12.0,26.0,0.0,9.0,47.0,53.0,6.0,9.0,34.0,32.0,12.0,20.0,7.0,15.0,9.0,8.0,41.0,13.0,0.0,0.0,0.0,0.0,16.0,7.0,69.5,87.2,0.057,0.099,0.143,0.344,0.6,-2.18,72.7,100.0
2026-01-17,12:00,76986,Premier League 25/26,25/26,Premier League,Matchweek 22,Sat,Home,W,2.0,0.0,Brentford,46.0,,,,,,https://www.sofascore.com/brentford-chelsea/Nsab,Ended,Chelsea,for,1.59,1.52,2.0,3.0,1.0,0.0,1.0,3.0,3.0,9.0,7.0,10.0,443.0,513.0,374.0,446.0,17.0,14.0,9.0,7.0,0.0,1.0,3.0,2.0,0.0,0.0,6.0,0.0,2.0,5.0,2.0,5.0,4.0,10.0,2.0,5.0,0.0,1.0,11.0,33.0,27.0,22.0,1.0,7.0,56.0,44.0,4.0,7.0,33.0,24.0,12.0,12.0,7.0,3.0,11.0,8.0,42.0,16.0,1.0,0.0,3.0,0.0,6.0,6.0,84.4,86.9,0.265,0.101,0.333,0.333,0.41,-1.52,120.0,0.0
2026-01-17,12:00,76986,Premier League 25/26,25/26,Premier League,Matchweek 22,Sat,Away,L,0.0,2.0,Chelsea,54.0,,,,,,https://www.sofascore.com/brentford-chelsea/Nsab,Ended,Brentford,for,1.52,1.59,3.0,2.0,0.0,1.0,3.0,1.0,9.0,3.0,10.0,7.0,513.0,443.0,446.0,374.0,14.0,17.0,7.0,9.0,1.0,0.0,2.0,3.0,0.0,0.0,0.0,6.0,5.0,2.0,5.0,2.0,10.0,4.0,5.0,2.0,1.0,0.0,33.0,11.0,22.0,27.0,7.0,1.0,44.0,56.0,7.0,4.0,24.0,33.0,12.0,12.0,3.0,7.0,8.0,11.0,16.0,42.0,0.0,1.0,0.0,3.0,6.0,6.0,86.9,84.4,0.101,0.265,0.333,0.333,-1.52,0.41,0.0,120.0
2026-01-17,12:00,76986,Premier League 25/26,25/26,Premier League,Matchweek 22,Sat,Home,L,1.0,2.0,West Ham United,62.0,,,,,,https://www.sofascore.com/west-ham-united-tottenham-hotspur/IM,Ended,Tottenham Hotspur,for,1.44,2.85,3.0,4.0,1.0,1.0,2.0,3.0,11.0,5.0,12.0,17.0,481.0,306.0,401.0,230.0,19.0,25.0,17.0,12.0,1.0,1.0,5.0,3.0,0.0,0.0,2.0,5.0,4.0,6.0,11.0,7.0,15.0,17.0,6.0,0.0,0.0,0.0,52.0,28.0,21.0,24.0,10.0,6.0,51.0,49.0,9.0,12.0,49.0,41.0,20.0,26.0,13.0,6.0,7.0,19.0,15.0,43.0,0.0,0.0,1.0,0.0,6.0,10.0,83.4,75.2,0.069,0.168,0.286,0.235,-0.44,-0.85,50.0,83.3
2026-01-17,12:00,76986,Premier League 25/26,25/26,Premier League,Matchweek 22,Sat,Away,W,2.0,1.0,Tottenham Hotspur,38.0,,,,,,https://www.sofascore.com/west-ham-united-tottenham-hotspur/IM,Ended,West Ham United,for,2.85,1.44,4.0,3.0,1.0,1.0,3.0,2.0,5.0,11.0,17.0,12.0,306.0,481.0,230.0,401.0,25.0,19.0,12.0,17.0,1.0,1.0,3.0,5.0,0.0,0.0,5.0,2.0,6.0,4.0,7.0,11.0,17.0,15.0,0.0,6.0,0.0,0.0,28.0,52.0,24.0,21.0,6.0,10.0,49.0,51.0,12.0,9.0,41.0,49.0,26.0,20.0,6.0,13.0,19.0,7.0,43.0,15.0,0.0,0.0,0.0,1.0,10.0,6.0,75.2,83.4,0.168,0.069,0.235,0.286,-0.85,-0.44,83.3,50.0
2026-01-17,12:00,76986,Premier League 25/26,25/26,Premier League,Matchweek 22,Sat,Home,W,2.0,1.0,Crystal Palace,57.0,,,,,,https://www.sofascore.com/sunderland-crystal-palace/hQ,Ended,Sunderland,for,1.71,0.61,3.0,2.0,1.0,0.0,2.0,2.0,3.0,4.0,8.0,15.0,456.0,339.0,365.0,255.0,15.0,12.0,15.0,8.0,0.0,2.0,3.0,3.0,0.0,0.0,1.0,5.0,1.0,2.0,5.0,2.0,10.0,5.0,3.0,1.0,0.0,1.0,18.0,16.0,21.0,15.0,7.0,2.0,56.0,44.0,5.0,11.0,32.0,23.0,27.0,24.0,6.0,3.0,11.0,9.0,35.0,36.0,1.0,1.0,1.0,0.0,7.0,12.0,80.0,75.2,0.132,0.102,0.538,0.333,0.29,0.39,50.0,71.4
2026-01-17,12:00,76986,Premier League 25/26,25/26,Premier League,Matchweek 22,Sat,Away,L,1.0,2.0,Sunderland,43.0,,,,,,https://www.sofascore.com/sunderland-crystal-palace/hQ,Ended,Crystal Palace,for,0.61,1.71,2.0,3.0,0.0,1.0,2.0,2.0,4.0,3.0,15.0,8.0,339.0,456.0,255.0,365.0,12.0,15.0,8.0,15.0,2.0,0.0,3.0,3.0,0.0,0.0,5.0,1.0,2.0,1.0,2.0,5.0,5.0,10.0,1.0,3.0,1.0,0.0,16.0,18.0,15.0,21.0,2.0,7.0,44.0,56.0,11.0,5.0,23.0,32.0,24.0,27.0,3.0,6.0,9.0,11.0,36.0,35.0,1.0,1.0,0.0,1.0,12.0,7.0,75.2,80.0,0.102,0.132,0.333,0.538,0.39,0.29,71.4,50.0
2026-01-17,12:00,76986,Premier League 25/26,25/26,Premier League,Matchweek 22,Sat,Home,W,1.0,0.0,Fulham,46.0,,,,,,https://www.sofascore.com/fulham-leeds-united/JsT,Ended,Leeds United,for,1.43,0.39,5.0,0.0,1.0,0.0,4.0,0.0,7.0,3.0,6.0,11.0,402.0,477.0,311.0,388.0,10.0,16.0,11.0,6.0,8.0,3.0,1.0,5.0,0.0,0.0,1.0,4.0,1.0,2.0,8.0,5.0,10.0,5.0,4.0,3.0,1.0,1.0,22.0,7.0,18.0,22.0,5.0,1.0,47.0,53.0,11.0,5.0,24.0,25.0,22.0,27.0,4.0,3.0,7.0,10.0,13.0,31.0,1.0,1.0,0.0,3.0,9.0,13.0,77.4,81.3,0.102,0.049,0.357,0.125,-0.43,-0.39,100.0,80.0
2026-01-17,12:00,76986,Premier League 25/26,25/26,Premier League,Matchweek 22,Sat,Away,L,0.0,1.0,Leeds United,54.0,,,,,,https://www.sofascore.com/fulham-leeds-united/JsT,Ended,Fulham,for,0.39,1.43,0.0,5.0,0.0,1.0,0.0,4.0,3.0,7.0,11.0,6.0,477.0,402.0,388.0,311.0,16.0,10.0,6.0,11.0,3.0,8.0,5.0,1.0,0.0,0.0,4.0,1.0,2.0,1.0,5.0,8.0,5.0,10.0,3.0,4.0,1.0,1.0,7.0,22.0,22.0,18.0,1.0,5.0,53.0,47.0,5.0,11.0,25.0,24.0,27.0,22.0,3.0,4.0,10.0,7.0,31.0,13.0,1.0,1.0,3.0,0.0,13.0,9.0,81.3,77.4,0.049,0.102,0.125,0.357,-0.39,-0.43,80.0,100.0
2026-01-17,14:30,76986,Premier League 25/26,25/26,Premier League,Matchweek 22,Sat,Home,D,0.0,0.0,Arsenal,40.0,,,,,,https://www.sofascore.com/arsenal-nottingham-forest/osR,Ended,Nottingham Forest,for,0.34,2.1,0.0,4.0,0.0,0.0,0.0,4.0,4.0,9.0,8.0,14.0,321.0,494.0,259.0,416.0,12.0,16.0,14.0,8.0,1.0,0.0,1.0,1.0,0.0,0.0,3.0,0.0,3.0,8.0,3.0,4.0,1.0,14.0,5.0,1.0,0.0,0.0,14.0,36.0,18.0,15.0,5.0,11.0,49.0,51.0,6.0,5.0,29.0,30.0,17.0,18.0,4.0,6.0,6.0,4.0,33.0,27.0,2.0,0.0,0.0,2.0,11.0,6.0,80.7,84.2,0.057,0.14,0.0,0.2,-0.34,-2.1,100.0,
2026-01-17,14:30,76986,Premier League 25/26,25/26,Premier League,Matchweek 22,Sat,Away,D,0.0,0.0,Nottingham Forest,60.0,,,,,,https://www.sofascore.com/arsenal-nottingham-forest/osR,Ended,Arsenal,for,2.1,0.34,4.0,0.0,0.0,0.0,4.0,0.0,9.0,4.0,14.0,8.0,494.0,321.0,416.0,259.0,16.0,12.0,8.0,14.0,0.0,1.0,1.0,1.0,0.0,0.0,0.0,3.0,8.0,3.0,4.0,3.0,14.0,1.0,1.0,5.0,0.0,0.0,36.0,14.0,15.0,18.0,11.0,5.0,51.0,49.0,5.0,6.0,30.0,29.0,18.0,17.0,6.0,4.0,4.0,6.0,27.0,33.0,0.0,2.0,2.0,0.0,6.0,11.0,84.2,80.7,0.14,0.057,0.2,0.0,-2.1,-0.34,,100.0
2026-01-18,11:00,76986,Premier League 25/26,25/26,Premier League,Matchweek 22,Sun,Home,D,0.0,0.0,Newcastle United,33.0,,,,,,https://www.sofascore.com/newcastle-united-wolverhampton/dsO,Ended,Wolves,for,0.29,0.94,0.0,0.0,0.0,0.0,0.0,0.0,4.0,7.0,14.0,8.0,303.0,614.0,235.0,563.0,11.0,10.0,8.0,14.0,1.0,3.0,2.0,2.0,0.0,0.0,2.0,2.0,2.0,4.0,2.0,6.0,6.0,9.0,0.0,3.0,1.0,1.0,14.0,24.0,18.0,22.0,3.0,10.0,43.0,57.0,5.0,4.0,26.0,30.0,11.0,19.0,7.0,6.0,8.0,8.0,28.0,20.0,1.0,0.0,1.0,0.0,12.0,7.0,77.6,91.7,0.048,0.078,0.333,0.167,-0.29,-0.94,100.0,100.0
2026-01-18,11:00,76986,Premier League 25/26,25/26,Premier League,Matchweek 22,Sun,Away,D,0.0,0.0,Wolves,67.0,,,,,,https://www.sofascore.com/newcastle-united-wolverhampton/dsO,Ended,Newcastle United,for,0.94,0.29,0.0,0.0,0.0,0.0,0.0,0.0,7.0,4.0,8.0,14.0,614.0,303.0,563.0,235.0,10.0,11.0,14.0,8.0,3.0,1.0,2.0,2.0,0.0,0.0,2.0,2.0,4.0,2.0,6.0,2.0,9.0,6.0,3.0,0.0,1.0,1.0,24.0,14.0,22.0,18.0,10.0,3.0,57.0,43.0,4.0,5.0,30.0,26.0,19.0,11.0,6.0,7.0,8.0,8.0,20.0,28.0,0.0,1.0,0.0,1.0,7.0,12.0,91.7,77.6,0.078,0.048,0.167,0.333,-0.94,-0.29,100.0,100.0
2026-01-18,13:30,76986,Premier League 25/26,25/26,Premier League,Matchweek 22,Sun,Home,L,0.0,1.0,Everton,63.0,,,,,,https://www.sofascore.com/everton-aston-villa/PY,Ended,Aston Villa,for,1.44,0.51,0.0,1.0,0.0,1.0,0.0,0.0,6.0,4.0,15.0,13.0,495.0,292.0,434.0,227.0,14.0,17.0,13.0,15.0,1.0,4.0,1.0,2.0,0.0,0.0,2.0,5.0,6.0,4.0,7.0,2.0,12.0,5.0,6.0,4.0,1.0,0.0,31.0,16.0,22.0,26.0,4.0,2.0,47.0,53.0,10.0,9.0,31.0,34.0,16.0,19.0,5.0,2.0,4.0,13.0,16.0,28.0,0.0,0.0,2.0,1.0,6.0,9.0,87.7,77.7,0.08,0.057,0.278,0.333,-1.44,0.49,66.7,100.0
2026-01-18,13:30,76986,Premier League 25/26,25/26,Premier League,Matchweek 22,Sun,Away,W,1.0,0.0,Aston Villa,37.0,,,,,,https://www.sofascore.com/everton-aston-villa/PY,Ended,Everton,for,0.51,1.44,1.0,0.0,1.0,0.0,0.0,0.0,4.0,6.0,13.0,15.0,292.0,495.0,227.0,434.0,17.0,14.0,15.0,13.0,4.0,1.0,2.0,1.0,0.0,0.0,5.0,2.0,4.0,6.0,2.0,7.0,5.0,12.0,4.0,6.0,0.0,1.0,16.0,31.0,26.0,22.0,2.0,4.0,53.0,47.0,9.0,10.0,34.0,31.0,19.0,16.0,2.0,5.0,13.0,4.0,28.0,16.0,0.0,0.0,1.0,2.0,9.0,6.0,77.7,87.7,0.057,0.08,0.333,0.278,0.49,-1.44,100.0,66.7
2026-01-19,17:00,76986,Premier League 25/26,25/26,Premier League,Matchweek 22,Mon,Home,D,1.0,1.0,Bournemouth,67.0,,,,,,https://www.sofascore.com/bournemouth-brighton-and-hove-albion/Fskb,Ended,Brighton,for,1.02,1.29,1.0,1.0,0.0,1.0,1.0,1.0,11.0,6.0,7.0,6.0,580.0,282.0,490.0,194.0,21.0,18.0,6.0,6.0,1.0,3.0,2.0,3.0,0.0,0.0,1.0,4.0,7.0,5.0,5.0,4.0,12.0,7.0,5.0,4.0,0.0,1.0,45.0,18.0,24.0,27.0,5.0,2.0,54.0,46.0,4.0,12.0,39.0,31.0,22.0,20.0,12.0,6.0,2.0,17.0,24.0,31.0,2.0,0.0,1.0,0.0,6.0,8.0,84.5,68.8,0.06,0.117,0.294,0.182,-0.02,-0.29,50.0,80.0
2026-01-19,17:00,76986,Premier League 25/26,25/26,Premier League,Matchweek 22,Mon,Away,D,1.0,1.0,Brighton,33.0,,,,,,https://www.sofascore.com/bournemouth-brighton-and-hove-albion/Fskb,Ended,Bournemouth,for,1.29,1.02,1.0,1.0,1.0,0.0,1.0,1.0,6.0,11.0,6.0,7.0,282.0,580.0,194.0,490.0,18.0,21.0,6.0,6.0,3.0,1.0,3.0,2.0,0.0,0.0,4.0,1.0,5.0,7.0,4.0,5.0,7.0,12.0,4.0,5.0,1.0,0.0,18.0,45.0,27.0,24.0,2.0,5.0,46.0,54.0,12.0,4.0,31.0,39.0,20.0,22.0,6.0,12.0,17.0,2.0,31.0,24.0,0.0,2.0,0.0,1.0,8.0,6.0,68.8,84.5,0.117,0.06,0.182,0.294,-0.29,-0.02,80.0,50.0
2026-01-24,09:30,76986,Premier League 25/26,25/26,Premier League,Matchweek 23,Sat,Home,W,3.0,1.0,Sunderland,47.0,,,,,,https://www.sofascore.com/sunderland-west-ham-united/MsQ,Ended,West Ham United,for,1.52,0.67,4.0,3.0,2.0,1.0,2.0,2.0,3.0,3.0,9.0,16.0,366.0,406.0,279.0,335.0,25.0,13.0,15.0,9.0,0.0,1.0,2.0,4.0,0.0,0.0,1.0,2.0,3.0,1.0,5.0,4.0,7.0,4.0,6.0,3.0,0.0,0.0,25.0,13.0,26.0,22.0,2.0,4.0,58.0,42.0,3.0,15.0,45.0,23.0,15.0,21.0,4.0,2.0,5.0,3.0,24.0,30.0,0.0,1.0,1.0,1.0,8.0,3.0,76.2,82.5,0.117,0.096,0.385,0.286,1.48,0.33,50.0,40.0
2026-01-24,09:30,76986,Premier League 25/26,25/26,Premier League,Matchweek 23,Sat,Away,L,1.0,3.0,West Ham United,53.0,,,,,,https://www.sofascore.com/sunderland-west-ham-united/MsQ,Ended,Sunderland,for,0.67,1.52,3.0,4.0,1.0,2.0,2.0,2.0,3.0,3.0,16.0,9.0,406.0,366.0,335.0,279.0,13.0,25.0,9.0,15.0,1.0,0.0,4.0,2.0,0.0,0.0,2.0,1.0,1.0,3.0,4.0,5.0,4.0,7.0,3.0,6.0,0.0,0.0,13.0,25.0,22.0,26.0,4.0,2.0,42.0,58.0,15.0,3.0,23.0,45.0,21.0,15.0,2.0,4.0,3.0,5.0,30.0,24.0,1.0,0.0,1.0,1.0,3.0,8.0,82.5,76.2,0.096,0.117,0.286,0.385,0.33,1.48,40.0,50.0
2026-01-24,12:00,76986,Premier League 25/26,25/26,Premier League,Matchweek 23,Sat,Home,W,2.0,0.0,Wolves,64.0,,,,,,https://www.sofascore.com/manchester-city-wolverhampton/dsr,Ended,Manchester City,for,0.86,0.61,1.0,1.0,1.0,0.0,0.0,1.0,4.0,6.0,16.0,14.0,644.0,349.0,581.0,278.0,16.0,19.0,14.0,16.0,0.0,6.0,1.0,3.0,0.0,0.0,1.0,2.0,0.0,5.0,7.0,5.0,8.0,5.0,3.0,6.0,1.0,0.0,24.0,17.0,27.0,12.0,3.0,4.0,44.0,56.0,10.0,8.0,31.0,44.0,10.0,8.0,2.0,9.0,17.0,10.0,11.0,21.0,0.0,0.0,0.0,0.0,6.0,7.0,90.2,79.7,0.078,0.055,0.364,0.091,1.14,-0.61,100.0,50.0
2026-01-24,12:00,76986,Premier League 25/26,25/26,Premier League,Matchweek 23,Sat,Away,L,0.0,2.0,Manchester City,36.0,,,,,,https://www.sofascore.com/manchester-city-wolverhampton/dsr,Ended,Wolves,for,0.61,0.86,1.0,1.0,0.0,1.0,1.0,0.0,6.0,4.0,14.0,16.0,349.0,644.0,278.0,581.0,19.0,16.0,16.0,14.0,6.0,0.0,3.0,1.0,0.0,0.0,2.0,1.0,5.0,0.0,5.0,7.0,5.0,8.0,6.0,3.0,0.0,1.0,17.0,24.0,12.0,27.0,4.0,3.0,56.0,44.0,8.0,10.0,44.0,31.0,8.0,10.0,9.0,2.0,10.0,17.0,21.0,11.0,0.0,0.0,0.0,0.0,7.0,6.0,79.7,90.2,0.055,0.078,0.091,0.364,-0.61,1.14,50.0,100.0
2026-01-24,12:00,76986,Premier League 25/26,25/26,Premier League,Matchweek 23,Sat,Home,D,2.0,2.0,Tottenham Hotspur,38.0,,,,,,https://www.sofascore.com/tottenham-hotspur-burnley/gsI,Ended,Burnley,for,1.44,2.05,3.0,4.0,2.0,0.0,1.0,4.0,1.0,3.0,8.0,9.0,379.0,620.0,292.0,526.0,19.0,26.0,9.0,8.0,3.0,1.0,1.0,0.0,0.0,0.0,9.0,2.0,3.0,0.0,2.0,7.0,6.0,11.0,3.0,7.0,0.0,0.0,15.0,28.0,13.0,23.0,2.0,7.0,41.0,59.0,14.0,11.0,37.0,50.0,9.0,16.0,9.0,17.0,16.0,10.0,20.0,14.0,0.0,0.0,0.0,0.0,8.0,2.0,77.0,84.8,0.16,0.114,0.444,0.611,0.56,-0.05,81.8,50.0
2026-01-24,12:00,76986,Premier League 25/26,25/26,Premier League,Matchweek 23,Sat,Away,D,2.0,2.0,Burnley,62.0,,,,,,https://www.sofascore.com/tottenham-hotspur-burnley/gsI,Ended,Tottenham Hotspur,for,2.05,1.44,4.0,3.0,0.0,2.0,4.0,1.0,3.0,1.0,9.0,8.0,620.0,379.0,526.0,292.0,26.0,19.0,8.0,9.0,1.0,3.0,0.0,1.0,0.0,0.0,2.0,9.0,0.0,3.0,7.0,2.0,11.0,6.0,7.0,3.0,0.0,0.0,28.0,15.0,23.0,13.0,7.0,2.0,59.0,41.0,11.0,14.0,50.0,37.0,16.0,9.0,17.0,9.0,10.0,16.0,14.0,20.0,0.0,0.0,0.0,0.0,2.0,8.0,84.8,77.0,0.114,0.16,0.611,0.444,-0.05,0.56,50.0,81.8
2026-01-24,12:00,76986,Premier League 25/26,25/26,Premier League,Matchweek 23,Sat,Home,W,2.0,1.0,Brighton,49.0,,,,,,https://www.sofascore.com/fulham-brighton-and-hove-albion/FsT,Ended,Fulham,for,1.05,1.59,2.0,4.0,1.0,1.0,1.0,4.0,6.0,6.0,10.0,6.0,502.0,517.0,417.0,432.0,11.0,16.0,6.0,10.0,1.0,3.0,1.0,1.0,0.0,0.0,3.0,2.0,3.0,4.0,5.0,4.0,5.0,10.0,7.0,3.0,0.0,1.0,19.0,28.0,26.0,15.0,2.0,8.0,42.0,58.0,9.0,6.0,21.0,32.0,12.0,13.0,4.0,7.0,7.0,12.0,41.0,23.0,1.0,0.0,1.0,1.0,11.0,8.0,83.1,83.6,0.088,0.122,0.333,0.385,0.95,-0.59,60.0,50.0
2026-01-24,12:00,76986,Premier League 25/26,25/26,Premier League,Matchweek 23,Sat,Away,L,1.0,2.0,Fulham,51.0,,,,,,https://www.sofascore.com/fulham-brighton-and-hove-albion/FsT,Ended,Brighton,for,1.59,1.05,4.0,2.0,1.0,1.0,4.0,1.0,6.0,6.0,6.0,10.0,517.0,502.0,432.0,417.0,16.0,11.0,10.0,6.0,3.0,1.0,1.0,1.0,0.0,0.0,2.0,3.0,4.0,3.0,4.0,5.0,10.0,5.0,3.0,7.0,1.0,0.0,28.0,19.0,15.0,26.0,8.0,2.0,58.0,42.0,6.0,9.0,32.0,21.0,13.0,12.0,7.0,4.0,12.0,7.0,23.0,41.0,0.0,1.0,1.0,1.0,8.0,11.0,83.6,83.1,0.122,0.088,0.385,0.333,-0.59,0.95,50.0,60.0
2026-01-24,14:30,76986,Premier League 25/26,25/26,Premier League,Matchweek 23,Sat,Home,W,3.0,2.0,Liverpool FC,33.0,,,,,,https://www.sofascore.com/bournemouth-liverpool/Uskb,Ended,Bournemouth,for,2.35,0.93,6.0,1.0,3.0,0.0,3.0,1.0,3.0,11.0,7.0,7.0,298.0,616.0,230.0,537.0,20.0,12.0,7.0,7.0,0.0,0.0,1.0,1.0,0.0,0.0,2.0,2.0,3.0,6.0,4.0,4.0,9.0,7.0,3.0,7.0,1.0,0.0,26.0,40.0,22.0,20.0,3.0,4.0,51.0,49.0,3.0,8.0,31.0,26.0,6.0,9.0,4.0,7.0,14.0,4.0,38.0,27.0,0.0,0.0,3.0,0.0,9.0,6.0,77.2,87.2,0.196,0.066,0.417,0.286,0.65,1.07,50.0,40.0
2026-01-24,14:30,76986,Premier League 25/26,25/26,Premier League,Matchweek 23,Sat,Away,L,2.0,3.0,Bournemouth,67.0,,,,,,https://www.sofascore.com/bournemouth-liverpool/Uskb,Ended,Liverpool FC,for,0.93,2.35,1.0,6.0,0.0,3.0,1.0,3.0,11.0,3.0,7.0,7.0,616.0,298.0,537.0,230.0,12.0,20.0,7.0,7.0,0.0,0.0,1.0,1.0,0.0,0.0,2.0,2.0,6.0,3.0,4.0,4.0,7.0,9.0,7.0,3.0,0.0,1.0,40.0,26.0,20.0,22.0,4.0,3.0,49.0,51.0,8.0,3.0,26.0,31.0,9.0,6.0,7.0,4.0,4.0,14.0,27.0,38.0,0.0,0.0,0.0,3.0,6.0,9.0,87.2,77.2,0.066,0.196,0.286,0.417,1.07,0.65,40.0,50.0
2026-01-25,11:00,76986,Premier League 25/26,25/26,Premier League,Matchweek 23,Sun,Home,L,1.0,3.0,Chelsea,43.0,,,,,,https://www.sofascore.com/chelsea-crystal-palace/hN,Ended,Crystal Palace,for,1.77,2.2,6.0,5.0,1.0,3.0,5.0,2.0,4.0,5.0,11.0,10.0,440.0,590.0,342.0,504.0,17.0,15.0,10.0,10.0,2.0,1.0,4.0,2.0,1.0,0.0,2.0,5.0,3.0,1.0,3.0,3.0,12.0,8.0,1.0,2.0,2.0,0.0,27.0,21.0,19.0,31.0,3.0,5.0,58.0,42.0,10.0,9.0,34.0,31.0,29.0,15.0,8.0,6.0,10.0,14.0,23.0,45.0,0.0,2.0,0.0,1.0,4.0,6.0,77.7,85.4,0.136,0.22,0.538,0.6,-0.77,0.8,33.3,71.4
2026-01-25,11:00,76986,Premier League 25/26,25/26,Premier League,Matchweek 23,Sun,Away,W,3.0,1.0,Crystal Palace,57.0,,,,,,https://www.sofascore.com/chelsea-crystal-palace/hN,Ended,Chelsea,for,2.2,1.77,5.0,6.0,3.0,1.0,2.0,5.0,5.0,4.0,10.0,11.0,590.0,440.0,504.0,342.0,15.0,17.0,10.0,10.0,1.0,2.0,2.0,4.0,0.0,1.0,5.0,2.0,1.0,3.0,3.0,3.0,8.0,12.0,2.0,1.0,0.0,2.0,21.0,27.0,31.0,19.0,5.0,3.0,42.0,58.0,9.0,10.0,31.0,34.0,15.0,29.0,6.0,8.0,14.0,10.0,45.0,23.0,2.0,0.0,1.0,0.0,6.0,4.0,85.4,77.7,0.22,0.136,0.6,0.538,0.8,-0.77,71.4,33.3
2026-01-25,11:00,76986,Premier League 25/26,25/26,Premier League,Matchweek 23,Sun,Home,L,0.0,2.0,Aston Villa,61.0,,,,,,https://www.sofascore.com/aston-villa-newcastle-united/OP,Ended,Newcastle United,for,2.18,1.16,3.0,2.0,0.0,1.0,3.0,1.0,6.0,5.0,7.0,12.0,519.0,353.0,447.0,272.0,24.0,21.0,12.0,7.0,2.0,0.0,1.0,2.0,0.0,0.0,6.0,4.0,7.0,2.0,4.0,4.0,9.0,7.0,6.0,7.0,0.0,0.0,24.0,26.0,18.0,16.0,6.0,5.0,57.0,43.0,16.0,9.0,48.0,33.0,18.0,16.0,13.0,6.0,3.0,7.0,22.0,29.0,3.0,0.0,0.0,6.0,8.0,12.0,86.1,77.1,0.145,0.083,0.267,0.571,-2.18,0.84,75.0,100.0
2026-01-25,11:00,76986,Premier League 25/26,25/26,Premier League,Matchweek 23,Sun,Away,W,2.0,0.0,Newcastle United,39.0,,,,,,https://www.sofascore.com/aston-villa-newcastle-united/OP,Ended,Aston Villa,for,1.16,2.18,2.0,3.0,1.0,0.0,1.0,3.0,5.0,6.0,12.0,7.0,353.0,519.0,272.0,447.0,21.0,24.0,7.0,12.0,0.0,2.0,2.0,1.0,0.0,0.0,4.0,6.0,2.0,7.0,4.0,4.0,7.0,9.0,7.0,6.0,0.0,0.0,26.0,24.0,16.0,18.0,5.0,6.0,43.0,57.0,9.0,16.0,33.0,48.0,16.0,18.0,6.0,13.0,7.0,3.0,29.0,22.0,0.0,3.0,6.0,0.0,12.0,8.0,77.1,86.1,0.083,0.145,0.571,0.267,0.84,-2.18,100.0,75.0
2026-01-25,11:00,76986,Premier League 25/26,25/26,Premier League,Matchweek 23,Sun,Home,L,0.0,2.0,Nottingham Forest,66.0,,,,,,https://www.sofascore.com/brentford-nottingham-forest/osab,Ended,Brentford,for,1.81,0.78,3.0,1.0,0.0,1.0,3.0,0.0,6.0,5.0,11.0,10.0,567.0,295.0,490.0,219.0,14.0,18.0,10.0,11.0,1.0,0.0,1.0,0.0,0.0,0.0,0.0,1.0,3.0,3.0,6.0,2.0,9.0,5.0,1.0,2.0,1.0,0.0,42.0,16.0,32.0,19.0,7.0,3.0,51.0,49.0,9.0,8.0,34.0,38.0,23.0,16.0,10.0,9.0,15.0,8.0,22.0,54.0,0.0,0.0,1.0,0.0,5.0,11.0,86.4,74.2,0.181,0.111,0.1,0.286,-1.81,1.22,0.0,100.0
2026-01-25,11:00,76986,Premier League 25/26,25/26,Premier League,Matchweek 23,Sun,Away,W,2.0,0.0,Brentford,34.0,,,,,,https://www.sofascore.com/brentford-nottingham-forest/osab,Ended,Nottingham Forest,for,0.78,1.81,1.0,3.0,1.0,0.0,0.0,3.0,5.0,6.0,10.0,11.0,295.0,567.0,219.0,490.0,18.0,14.0,11.0,10.0,0.0,1.0,0.0,1.0,0.0,0.0,1.0,0.0,3.0,3.0,2.0,6.0,5.0,9.0,2.0,1.0,0.0,1.0,16.0,42.0,19.0,32.0,3.0,7.0,49.0,51.0,8.0,9.0,38.0,34.0,16.0,23.0,9.0,10.0,8.0,15.0,54.0,22.0,0.0,0.0,0.0,1.0,11.0,5.0,74.2,86.4,0.111,0.181,0.286,0.1,1.22,-1.81,100.0,0.0
2026-01-25,13:30,76986,Premier League 25/26,25/26,Premier League,Matchweek 23,Sun,Home,L,2.0,3.0,Manchester Utd,56.0,,,,,,https://www.sofascore.com/arsenal-manchester-united/KR,Ended,Arsenal,for,1.19,0.71,1.0,2.0,1.0,1.0,0.0,1.0,9.0,2.0,11.0,9.0,443.0,364.0,371.0,289.0,11.0,14.0,9.0,11.0,3.0,0.0,2.0,0.0,0.0,0.0,0.0,3.0,6.0,2.0,5.0,5.0,9.0,3.0,6.0,7.0,2.0,1.0,28.0,9.0,14.0,15.0,4.0,1.0,51.0,49.0,8.0,9.0,27.0,28.0,14.0,12.0,7.0,4.0,11.0,6.0,20.0,25.0,2.0,2.0,1.0,3.0,5.0,10.0,83.7,79.4,0.079,0.071,0.267,0.3,0.81,2.29,0.0,75.0
2026-01-25,13:30,76986,Premier League 25/26,25/26,Premier League,Matchweek 23,Sun,Away,W,3.0,2.0,Arsenal,44.0,,,,,,https://www.sofascore.com/arsenal-manchester-united/KR,Ended,Manchester Utd,for,0.71,1.19,2.0,1.0,1.0,1.0,1.0,0.0,2.0,9.0,9.0,11.0,364.0,443.0,289.0,371.0,14.0,11.0,11.0,9.0,0.0,3.0,0.0,2.0,0.0,0.0,3.0,0.0,2.0,6.0,5.0,5.0,3.0,9.0,7.0,6.0,1.0,2.0,9.0,28.0,15.0,14.0,1.0,4.0,49.0,51.0,9.0,8.0,28.0,27.0,12.0,14.0,4.0,7.0,6.0,11.0,25.0,20.0,2.0,2.0,3.0,1.0,10.0,5.0,79.4,83.7,0.071,0.079,0.3,0.267,2.29,0.81,75.0,0.0
2026-01-26,17:00,76986,Premier League 25/26,25/26,Premier League,Matchweek 23,Mon,Home,D,1.0,1.0,Leeds United,58.0,,,,,,https://www.sofascore.com/everton-leeds-united/JsY,Ended,Everton,for,0.7,1.38,1.0,3.0,1.0,1.0,0.0,2.0,4.0,4.0,9.0,13.0,542.0,394.0,450.0,304.0,20.0,31.0,13.0,9.0,1.0,0.0,0.0,3.0,0.0,0.0,3.0,2.0,4.0,3.0,3.0,7.0,6.0,10.0,4.0,4.0,2.0,1.0,25.0,23.0,16.0,27.0,3.0,2.0,54.0,46.0,16.0,7.0,42.0,40.0,31.0,23.0,10.0,1.0,6.0,10.0,32.0,44.0,0.0,2.0,0.0,1.0,8.0,4.0,83.0,77.2,0.07,0.099,0.3,0.286,0.3,-0.38,75.0,66.7
2026-01-26,17:00,76986,Premier League 25/26,25/26,Premier League,Matchweek 23,Mon,Away,D,1.0,1.0,Everton,42.0,,,,,,https://www.sofascore.com/everton-leeds-united/JsY,Ended,Leeds United,for,1.38,0.7,3.0,1.0,1.0,1.0,2.0,0.0,4.0,4.0,13.0,9.0,394.0,542.0,304.0,450.0,31.0,20.0,9.0,13.0,0.0,1.0,3.0,0.0,0.0,0.0,2.0,3.0,3.0,4.0,7.0,3.0,10.0,6.0,4.0,4.0,1.0,2.0,23.0,25.0,27.0,16.0,2.0,3.0,46.0,54.0,7.0,16.0,40.0,42.0,23.0,31.0,1.0,10.0,10.0,6.0,44.0,32.0,2.0,0.0,1.0,0.0,4.0,8.0,77.2,83.0,0.099,0.07,0.286,0.3,-0.38,0.3,66.7,75.0
2026-01-31,12:00,76986,Premier League 25/26,25/26,Premier League,Matchweek 24,Sat,Home,L,0.0,4.0,Arsenal,50.0,,,,,,https://www.sofascore.com/arsenal-leeds-united/JsR,Ended,Leeds United,for,0.15,2.19,0.0,6.0,0.0,1.0,0.0,5.0,4.0,12.0,10.0,7.0,395.0,395.0,316.0,313.0,16.0,14.0,7.0,10.0,0.0,1.0,1.0,1.0,0.0,0.0,4.0,1.0,1.0,2.0,1.0,4.0,2.0,12.0,1.0,3.0,0.0,1.0,21.0,28.0,17.0,23.0,1.0,8.0,47.0,53.0,4.0,7.0,29.0,34.0,18.0,18.0,6.0,10.0,10.0,6.0,36.0,31.0,1.0,0.0,0.0,1.0,6.0,1.0,80.0,79.2,0.05,0.146,0.333,0.6,-0.15,1.81,44.4,100.0
2026-01-31,12:00,76986,Premier League 25/26,25/26,Premier League,Matchweek 24,Sat,Away,W,4.0,0.0,Leeds United,50.0,,,,,,https://www.sofascore.com/arsenal-leeds-united/JsR,Ended,Arsenal,for,2.19,0.15,6.0,0.0,1.0,0.0,5.0,0.0,12.0,4.0,7.0,10.0,395.0,395.0,313.0,316.0,14.0,16.0,10.0,7.0,1.0,0.0,1.0,1.0,0.0,0.0,1.0,4.0,2.0,1.0,4.0,1.0,12.0,2.0,3.0,1.0,1.0,0.0,28.0,21.0,23.0,17.0,8.0,1.0,53.0,47.0,7.0,4.0,34.0,29.0,18.0,18.0,10.0,6.0,6.0,10.0,31.0,36.0,0.0,1.0,1.0,0.0,1.0,6.0,79.2,80.0,0.146,0.05,0.6,0.333,1.81,-0.15,100.0,44.4
2026-01-31,12:00,76986,Premier League 25/26,25/26,Premier League,Matchweek 24,Sat,Home,D,1.0,1.0,Everton,54.0,,,,,,https://www.sofascore.com/everton-brighton-and-hove-albion/FsY,Ended,Brighton,for,1.44,1.2,2.0,2.0,0.0,1.0,2.0,1.0,5.0,2.0,13.0,14.0,492.0,423.0,408.0,333.0,20.0,23.0,14.0,13.0,3.0,0.0,1.0,2.0,0.0,0.0,3.0,1.0,4.0,1.0,5.0,2.0,9.0,7.0,2.0,0.0,0.0,0.0,23.0,26.0,13.0,35.0,4.0,3.0,44.0,56.0,11.0,13.0,36.0,39.0,14.0,25.0,4.0,4.0,9.0,7.0,30.0,20.0,1.0,0.0,0.0,0.0,9.0,9.0,82.9,78.7,0.131,0.171,0.182,0.571,-0.44,-0.2,75.0,50.0
2026-01-31,12:00,76986,Premier League 25/26,25/26,Premier League,Matchweek 24,Sat,Away,D,1.0,1.0,Brighton,46.0,,,,,,https://www.sofascore.com/everton-brighton-and-hove-albion/FsY,Ended,Everton,for,1.2,1.44,2.0,2.0,1.0,0.0,1.0,2.0,2.0,5.0,14.0,13.0,423.0,492.0,333.0,408.0,23.0,20.0,13.0,14.0,0.0,3.0,2.0,1.0,0.0,0.0,1.0,3.0,1.0,4.0,2.0,5.0,7.0,9.0,0.0,2.0,0.0,0.0,26.0,23.0,35.0,13.0,3.0,4.0,56.0,44.0,13.0,11.0,39.0,36.0,25.0,14.0,4.0,4.0,7.0,9.0,20.0,30.0,0.0,1.0,0.0,0.0,9.0,9.0,78.7,82.9,0.171,0.131,0.571,0.182,-0.2,-0.44,50.0,75.0
2026-01-31,12:00,76986,Premier League 25/26,25/26,Premier League,Matchweek 24,Sat,Home,L,0.0,2.0,Bournemouth,51.0,,,,,,https://www.sofascore.com/bournemouth-wolverhampton/dskb,Ended,Wolves,for,1.38,1.36,4.0,2.0,0.0,1.0,4.0,1.0,5.0,6.0,11.0,15.0,476.0,469.0,389.0,397.0,23.0,20.0,15.0,11.0,2.0,2.0,2.0,3.0,0.0,0.0,2.0,7.0,3.0,1.0,7.0,4.0,7.0,7.0,10.0,2.0,0.0,1.0,26.0,15.0,19.0,24.0,7.0,3.0,52.0,48.0,8.0,11.0,43.0,40.0,17.0,16.0,6.0,9.0,3.0,13.0,19.0,32.0,0.0,1.0,2.0,1.0,5.0,9.0,81.7,84.6,0.081,0.151,0.412,0.444,-1.38,0.64,50.0,100.0
2026-01-31,12:00,76986,Premier League 25/26,25/26,Premier League,Matchweek 24,Sat,Away,W,2.0,0.0,Wolves,49.0,,,,,,https://www.sofascore.com/bournemouth-wolverhampton/dskb,Ended,Bournemouth,for,1.36,1.38,2.0,4.0,1.0,0.0,1.0,4.0,6.0,5.0,15.0,11.0,469.0,476.0,397.0,389.0,20.0,23.0,11.0,15.0,2.0,2.0,3.0,2.0,0.0,0.0,7.0,2.0,1.0,3.0,4.0,7.0,7.0,7.0,2.0,10.0,1.0,0.0,15.0,26.0,24.0,19.0,3.0,7.0,48.0,52.0,11.0,8.0,40.0,43.0,16.0,17.0,9.0,6.0,13.0,3.0,32.0,19.0,1.0,0.0,1.0,2.0,9.0,5.0,84.6,81.7,0.151,0.081,0.444,0.412,0.64,-1.38,100.0,50.0
2026-01-31,14:30,76986,Premier League 25/26,25/26,Premier League,Matchweek 24,Sat,Home,W,3.0,2.0,West Ham United,71.0,,,,,,https://www.sofascore.com/chelsea-west-ham-united/MsN,Ended,Chelsea,for,2.7,1.12,4.0,2.0,2.0,0.0,2.0,2.0,9.0,3.0,11.0,13.0,721.0,300.0,644.0,205.0,14.0,15.0,13.0,11.0,0.0,2.0,3.0,2.0,0.0,1.0,4.0,3.0,4.0,3.0,4.0,2.0,11.0,8.0,3.0,3.0,0.0,3.0,35.0,24.0,30.0,24.0,6.0,2.0,47.0,53.0,4.0,8.0,29.0,37.0,17.0,14.0,3.0,11.0,8.0,7.0,23.0,47.0,2.0,1.0,0.0,0.0,5.0,10.0,89.3,68.3,0.193,0.102,0.429,0.545,0.3,0.88,66.7,50.0
2026-01-31,14:30,76986,Premier League 25/26,25/26,Premier League,Matchweek 24,Sat,Away,L,2.0,3.0,Chelsea,29.0,,,,,,https://www.sofascore.com/chelsea-west-ham-united/MsN,Ended,West Ham United,for,1.12,2.7,2.0,4.0,0.0,2.0,2.0,2.0,3.0,9.0,13.0,11.0,300.0,721.0,205.0,644.0,15.0,14.0,11.0,13.0,2.0,0.0,2.0,3.0,1.0,0.0,3.0,4.0,3.0,4.0,2.0,4.0,8.0,11.0,3.0,3.0,3.0,0.0,24.0,35.0,24.0,30.0,2.0,6.0,53.0,47.0,8.0,4.0,37.0,29.0,14.0,17.0,11.0,3.0,7.0,8.0,47.0,23.0,1.0,2.0,0.0,0.0,10.0,5.0,68.3,89.3,0.102,0.193,0.545,0.429,0.88,0.3,50.0,66.7
2026-01-31,17:00,76986,Premier League 25/26,25/26,Premier League,Matchweek 24,Sat,Home,W,4.0,1.0,Newcastle United,54.0,,,,,,https://www.sofascore.com/liverpool-newcastle-united/OU,Ended,Liverpool FC,for,2.28,0.36,7.0,0.0,4.0,0.0,3.0,0.0,7.0,11.0,11.0,7.0,411.0,332.0,345.0,266.0,18.0,13.0,7.0,11.0,1.0,3.0,1.0,3.0,0.0,0.0,1.0,3.0,3.0,3.0,7.0,3.0,11.0,4.0,6.0,4.0,1.0,1.0,41.0,21.0,21.0,14.0,4.0,6.0,57.0,43.0,6.0,8.0,31.0,27.0,15.0,7.0,7.0,3.0,6.0,8.0,38.0,23.0,0.0,1.0,1.0,1.0,6.0,9.0,83.9,80.1,0.134,0.045,0.412,0.25,1.72,0.64,50.0,42.9
2026-01-31,17:00,76986,Premier League 25/26,25/26,Premier League,Matchweek 24,Sat,Away,L,1.0,4.0,Liverpool FC,46.0,,,,,,https://www.sofascore.com/liverpool-newcastle-united/OU,Ended,Newcastle United,for,0.36,2.28,0.0,7.0,0.0,4.0,0.0,3.0,11.0,7.0,7.0,11.0,332.0,411.0,266.0,345.0,13.0,18.0,11.0,7.0,3.0,1.0,3.0,1.0,0.0,0.0,3.0,1.0,3.0,3.0,3.0,7.0,4.0,11.0,4.0,6.0,1.0,1.0,21.0,41.0,14.0,21.0,6.0,4.0,43.0,57.0,8.0,6.0,27.0,31.0,7.0,15.0,3.0,7.0,8.0,6.0,23.0,38.0,1.0,0.0,1.0,1.0,9.0,6.0,80.1,83.9,0.045,0.134,0.25,0.412,0.64,1.72,42.9,50.0
2026-02-01,11:00,76986,Premier League 25/26,25/26,Premier League,Matchweek 24,Sun,Home,W,3.0,2.0,Fulham,42.0,,,,,,https://www.sofascore.com/fulham-manchester-united/KsT,Ended,Manchester Utd,for,1.79,1.94,3.0,2.0,1.0,1.0,2.0,1.0,3.0,7.0,6.0,9.0,428.0,576.0,372.0,517.0,22.0,17.0,9.0,5.0,1.0,2.0,2.0,1.0,0.0,0.0,4.0,3.0,3.0,5.0,4.0,3.0,12.0,8.0,1.0,6.0,3.0,2.0,27.0,26.0,27.0,11.0,6.0,8.0,56.0,44.0,7.0,10.0,36.0,29.0,14.0,10.0,5.0,6.0,10.0,13.0,30.0,10.0,0.0,0.0,0.0,0.0,6.0,5.0,86.9,89.8,0.138,0.139,0.462,0.429,1.21,0.06,66.7,50.0
2026-02-01,11:00,76986,Premier League 25/26,25/26,Premier League,Matchweek 24,Sun,Away,L,2.0,3.0,Manchester Utd,58.0,,,,,,https://www.sofascore.com/fulham-manchester-united/KsT,Ended,Fulham,for,1.94,1.79,2.0,3.0,1.0,1.0,1.0,2.0,7.0,3.0,9.0,6.0,576.0,428.0,517.0,372.0,17.0,22.0,5.0,9.0,2.0,1.0,1.0,2.0,0.0,0.0,3.0,4.0,5.0,3.0,3.0,4.0,8.0,12.0,6.0,1.0,2.0,3.0,26.0,27.0,11.0,27.0,8.0,6.0,44.0,56.0,10.0,7.0,29.0,36.0,10.0,14.0,6.0,5.0,13.0,10.0,10.0,30.0,0.0,0.0,0.0,0.0,5.0,6.0,89.8,86.9,0.139,0.138,0.429,0.462,0.06,1.21,50.0,66.7
2026-02-01,11:00,76986,Premier League 25/26,25/26,Premier League,Matchweek 24,Sun,Home,L,0.0,1.0,Brentford,72.0,,,,,,https://www.sofascore.com/brentford-aston-villa/Psab,Ended,Aston Villa,for,2.4,0.38,3.0,2.0,0.0,1.0,3.0,1.0,12.0,1.0,8.0,8.0,636.0,256.0,558.0,184.0,19.0,7.0,8.0,8.0,1.0,6.0,1.0,3.0,0.0,1.0,0.0,5.0,11.0,1.0,11.0,3.0,17.0,5.0,10.0,1.0,1.0,0.0,77.0,13.0,15.0,26.0,7.0,1.0,58.0,42.0,2.0,7.0,34.0,17.0,15.0,18.0,8.0,2.0,3.0,13.0,19.0,34.0,1.0,1.0,1.0,0.0,4.0,18.0,87.7,71.9,0.089,0.063,0.185,0.333,-2.4,0.62,0.0,100.0
2026-02-01,11:00,76986,Premier League 25/26,25/26,Premier League,Matchweek 24,Sun,Away,W,1.0,0.0,Aston Villa,28.0,,,,,,https://www.sofascore.com/brentford-aston-villa/Psab,Ended,Brentford,for,0.38,2.4,2.0,3.0,1.0,0.0,1.0,3.0,1.0,12.0,8.0,8.0,256.0,636.0,184.0,558.0,7.0,19.0,8.0,8.0,6.0,1.0,3.0,1.0,1.0,0.0,5.0,0.0,1.0,11.0,3.0,11.0,5.0,17.0,1.0,10.0,0.0,1.0,13.0,77.0,26.0,15.0,1.0,7.0,42.0,58.0,7.0,2.0,17.0,34.0,18.0,15.0,2.0,8.0,13.0,3.0,34.0,19.0,1.0,1.0,0.0,1.0,18.0,4.0,71.9,87.7,0.063,0.089,0.333,0.185,0.62,-2.4,100.0,0.0
2026-02-01,11:00,76986,Premier League 25/26,25/26,Premier League,Matchweek 24,Sun,Home,D,1.0,1.0,Crystal Palace,33.0,,,,,,https://www.sofascore.com/nottingham-forest-crystal-palace/hso,Ended,Nottingham Forest,for,0.49,1.9,2.0,1.0,1.0,1.0,1.0,1.0,5.0,7.0,4.0,12.0,282.0,575.0,206.0,489.0,16.0,14.0,12.0,3.0,2.0,0.0,1.0,3.0,1.0,0.0,1.0,0.0,3.0,3.0,5.0,8.0,6.0,9.0,3.0,5.0,0.0,0.0,19.0,28.0,31.0,27.0,2.0,6.0,63.0,37.0,9.0,10.0,43.0,17.0,20.0,20.0,15.0,0.0,10.0,6.0,25.0,24.0,2.0,0.0,1.0,2.0,12.0,6.0,73.0,85.0,0.054,0.136,0.111,0.214,0.51,-0.9,33.3,0.0
2026-02-01,11:00,76986,Premier League 25/26,25/26,Premier League,Matchweek 24,Sun,Away,D,1.0,1.0,Nottingham Forest,67.0,,,,,,https://www.sofascore.com/nottingham-forest-crystal-palace/hso,Ended,Crystal Palace,for,1.9,0.49,1.0,2.0,1.0,1.0,1.0,1.0,7.0,5.0,12.0,4.0,575.0,282.0,489.0,206.0,14.0,16.0,3.0,12.0,0.0,2.0,3.0,1.0,0.0,1.0,0.0,1.0,3.0,3.0,8.0,5.0,9.0,6.0,5.0,3.0,0.0,0.0,28.0,19.0,27.0,31.0,6.0,2.0,37.0,63.0,10.0,9.0,17.0,43.0,20.0,20.0,0.0,15.0,6.0,10.0,24.0,25.0,0.0,2.0,2.0,1.0,6.0,12.0,85.0,73.0,0.136,0.054,0.214,0.111,-0.9,0.51,0.0,33.3
2026-02-01,13:30,76986,Premier League 25/26,25/26,Premier League,Matchweek 24,Sun,Home,D,2.0,2.0,Manchester City,40.0,,,,,,https://www.sofascore.com/tottenham-hotspur-manchester-city/rI,Ended,Tottenham Hotspur,for,1.05,2.08,2.0,2.0,1.0,1.0,1.0,1.0,3.0,4.0,15.0,12.0,385.0,578.0,311.0,522.0,24.0,23.0,12.0,15.0,1.0,2.0,3.0,3.0,0.0,0.0,1.0,4.0,5.0,4.0,1.0,8.0,7.0,14.0,5.0,1.0,1.0,1.0,28.0,30.0,23.0,25.0,5.0,7.0,46.0,54.0,14.0,10.0,46.0,44.0,5.0,17.0,10.0,7.0,6.0,4.0,19.0,25.0,0.0,0.0,0.0,1.0,12.0,3.0,80.8,90.3,0.088,0.139,0.5,0.2,0.95,-0.08,33.3,66.7
2026-02-01,13:30,76986,Premier League 25/26,25/26,Premier League,Matchweek 24,Sun,Away,D,2.0,2.0,Tottenham Hotspur,60.0,,,,,,https://www.sofascore.com/tottenham-hotspur-manchester-city/rI,Ended,Manchester City,for,2.08,1.05,2.0,2.0,1.0,1.0,1.0,1.0,4.0,3.0,12.0,15.0,578.0,385.0,522.0,311.0,23.0,24.0,15.0,12.0,2.0,1.0,3.0,3.0,0.0,0.0,4.0,1.0,4.0,5.0,8.0,1.0,14.0,7.0,1.0,5.0,1.0,1.0,30.0,28.0,25.0,23.0,7.0,5.0,54.0,46.0,10.0,14.0,44.0,46.0,17.0,5.0,7.0,10.0,4.0,6.0,25.0,19.0,0.0,0.0,1.0,0.0,3.0,12.0,90.3,80.8,0.139,0.088,0.2,0.5,-0.08,0.95,66.7,33.3
2026-02-02,17:00,76986,Premier League 25/26,25/26,Premier League,Matchweek 24,Mon,Home,W,3.0,0.0,Burnley,44.0,,,,,,https://www.sofascore.com/sunderland-burnley/gsQ,Ended,Sunderland,for,1.52,0.06,3.0,0.0,1.0,0.0,2.0,0.0,1.0,2.0,12.0,10.0,426.0,529.0,355.0,460.0,9.0,14.0,10.0,12.0,0.0,2.0,1.0,4.0,0.0,0.0,0.0,3.0,2.0,2.0,7.0,3.0,10.0,2.0,4.0,3.0,0.0,0.0,25.0,8.0,27.0,22.0,1.0,2.0,51.0,49.0,9.0,8.0,26.0,25.0,15.0,15.0,9.0,1.0,9.0,5.0,25.0,27.0,0.0,0.0,1.0,0.0,6.0,10.0,83.3,87.0,0.109,0.012,0.357,0.0,1.48,-0.06,,60.0
2026-02-02,17:00,76986,Premier League 25/26,25/26,Premier League,Matchweek 24,Mon,Away,L,0.0,3.0,Sunderland,56.0,,,,,,https://www.sofascore.com/sunderland-burnley/gsQ,Ended,Burnley,for,0.06,1.52,0.0,3.0,0.0,1.0,0.0,2.0,2.0,1.0,10.0,12.0,529.0,426.0,460.0,355.0,14.0,9.0,12.0,10.0,2.0,0.0,4.0,1.0,0.0,0.0,3.0,0.0,2.0,2.0,3.0,7.0,2.0,10.0,3.0,4.0,0.0,0.0,8.0,25.0,22.0,27.0,2.0,1.0,49.0,51.0,8.0,9.0,25.0,26.0,15.0,15.0,1.0,9.0,5.0,9.0,27.0,25.0,0.0,0.0,0.0,1.0,10.0,6.0,87.0,83.3,0.012,0.109,0.0,0.357,-0.06,1.48,60.0,
2026-02-06,17:00,76986,Premier League 25/26,25/26,Premier League,Matchweek 25,Fri,Home,W,3.0,1.0,Nottingham Forest,56.0,,,,,,https://www.sofascore.com/leeds-united-nottingham-forest/osJ,Ended,Leeds United,for,2.5,1.33,7.0,2.0,3.0,1.0,4.0,1.0,5.0,10.0,9.0,12.0,477.0,350.0,398.0,274.0,22.0,14.0,12.0,9.0,1.0,4.0,1.0,1.0,0.0,0.0,5.0,2.0,6.0,4.0,3.0,6.0,13.0,9.0,1.0,7.0,1.0,0.0,30.0,24.0,17.0,24.0,7.0,10.0,55.0,45.0,9.0,10.0,45.0,33.0,18.0,19.0,11.0,10.0,5.0,8.0,36.0,18.0,1.0,0.0,0.0,0.0,11.0,7.0,83.4,78.3,0.179,0.083,0.357,0.375,0.5,-0.33,83.3,40.0
2026-02-06,17:00,76986,Premier League 25/26,25/26,Premier League,Matchweek 25,Fri,Away,L,1.0,3.0,Leeds United,44.0,,,,,,https://www.sofascore.com/leeds-united-nottingham-forest/osJ,Ended,Nottingham Forest,for,1.33,2.5,2.0,7.0,1.0,3.0,1.0,4.0,10.0,5.0,12.0,9.0,350.0,477.0,274.0,398.0,14.0,22.0,9.0,12.0,4.0,1.0,1.0,1.0,0.0,0.0,2.0,5.0,4.0,6.0,6.0,3.0,9.0,13.0,7.0,1.0,0.0,1.0,24.0,30.0,24.0,17.0,10.0,7.0,45.0,55.0,10.0,9.0,33.0,45.0,19.0,18.0,10.0,11.0,8.0,5.0,18.0,36.0,0.0,1.0,0.0,0.0,7.0,11.0,78.3,83.4,0.083,0.179,0.375,0.357,-0.33,0.5,40.0,83.3
2026-02-07,09:30,76986,Premier League 25/26,25/26,Premier League,Matchweek 25,Sat,Home,W,2.0,0.0,Tottenham Hotspur,65.0,,,,,,https://www.sofascore.com/manchester-united-tottenham-hotspur/IsK,Ended,Manchester Utd,for,1.78,0.49,3.0,1.0,1.0,0.0,2.0,1.0,7.0,0.0,12.0,11.0,649.0,342.0,582.0,283.0,18.0,16.0,11.0,12.0,3.0,1.0,1.0,2.0,0.0,1.0,1.0,8.0,6.0,5.0,7.0,1.0,10.0,4.0,13.0,3.0,1.0,0.0,37.0,17.0,12.0,17.0,5.0,4.0,54.0,46.0,7.0,7.0,38.0,34.0,9.0,6.0,9.0,6.0,5.0,9.0,11.0,30.0,1.0,3.0,1.0,3.0,4.0,8.0,89.7,82.7,0.077,0.07,0.435,0.143,0.22,-0.49,100.0,80.0
2026-02-07,09:30,76986,Premier League 25/26,25/26,Premier League,Matchweek 25,Sat,Away,L,0.0,2.0,Manchester Utd,35.0,,,,,,https://www.sofascore.com/manchester-united-tottenham-hotspur/IsK,Ended,Tottenham Hotspur,for,0.49,1.78,1.0,3.0,0.0,1.0,1.0,2.0,0.0,7.0,11.0,12.0,342.0,649.0,283.0,582.0,16.0,18.0,12.0,11.0,1.0,3.0,2.0,1.0,1.0,0.0,8.0,1.0,5.0,6.0,1.0,7.0,4.0,10.0,3.0,13.0,0.0,1.0,17.0,37.0,17.0,12.0,4.0,5.0,46.0,54.0,7.0,7.0,34.0,38.0,6.0,9.0,6.0,9.0,9.0,5.0,30.0,11.0,3.0,1.0,3.0,1.0,8.0,4.0,82.7,89.7,0.07,0.077,0.143,0.435,-0.49,0.22,80.0,100.0
2026-02-07,12:00,76986,Premier League 25/26,25/26,Premier League,Matchweek 25,Sat,Home,W,3.0,0.0,Sunderland,49.0,,,,,,https://www.sofascore.com/arsenal-sunderland/QR,Ended,Arsenal,for,1.49,0.19,1.0,1.0,1.0,0.0,0.0,1.0,5.0,2.0,11.0,8.0,389.0,408.0,325.0,327.0,15.0,13.0,8.0,11.0,3.0,1.0,1.0,2.0,0.0,0.0,2.0,2.0,5.0,1.0,6.0,1.0,10.0,4.0,6.0,1.0,0.0,0.0,34.0,13.0,22.0,19.0,2.0,2.0,51.0,49.0,8.0,9.0,29.0,29.0,17.0,16.0,6.0,5.0,12.0,6.0,22.0,30.0,0.0,0.0,1.0,0.0,4.0,9.0,83.5,80.1,0.093,0.038,0.312,0.6,1.51,-0.19,66.7,40.0
2026-02-07,12:00,76986,Premier League 25/26,25/26,Premier League,Matchweek 25,Sat,Away,L,0.0,3.0,Arsenal,51.0,,,,,,https://www.sofascore.com/arsenal-sunderland/QR,Ended,Sunderland,for,0.19,1.49,1.0,1.0,0.0,1.0,1.0,0.0,2.0,5.0,8.0,11.0,408.0,389.0,327.0,325.0,13.0,15.0,11.0,8.0,1.0,3.0,2.0,1.0,0.0,0.0,2.0,2.0,1.0,5.0,1.0,6.0,4.0,10.0,1.0,6.0,0.0,0.0,13.0,34.0,19.0,22.0,2.0,2.0,49.0,51.0,9.0,8.0,29.0,29.0,16.0,17.0,5.0,6.0,6.0,12.0,30.0,22.0,0.0,0.0,0.0,1.0,9.0,4.0,80.1,83.5,0.038,0.093,0.6,0.312,-0.19,1.51,40.0,66.7
2026-02-07,12:00,76986,Premier League 25/26,25/26,Premier League,Matchweek 25,Sat,Home,L,1.0,3.0,Chelsea,34.0,,,,,,https://www.sofascore.com/chelsea-wolverhampton/dsN,Ended,Wolves,for,1.06,3.44,1.0,6.0,1.0,3.0,0.0,3.0,3.0,4.0,9.0,10.0,365.0,747.0,307.0,694.0,12.0,21.0,10.0,7.0,2.0,1.0,1.0,1.0,0.0,0.0,3.0,2.0,4.0,6.0,4.0,3.0,9.0,11.0,2.0,4.0,1.0,3.0,24.0,28.0,15.0,16.0,6.0,2.0,47.0,53.0,13.0,9.0,34.0,38.0,9.0,10.0,13.0,8.0,8.0,10.0,21.0,28.0,4.0,0.0,0.0,1.0,4.0,6.0,84.1,92.9,0.096,0.229,0.273,0.4,-0.06,-0.44,50.0,66.7
2026-02-07,12:00,76986,Premier League 25/26,25/26,Premier League,Matchweek 25,Sat,Away,W,3.0,1.0,Wolves,66.0,,,,,,https://www.sofascore.com/chelsea-wolverhampton/dsN,Ended,Chelsea,for,3.44,1.06,6.0,1.0,3.0,1.0,3.0,0.0,4.0,3.0,10.0,9.0,747.0,365.0,694.0,307.0,21.0,12.0,7.0,10.0,1.0,2.0,1.0,1.0,0.0,0.0,2.0,3.0,6.0,4.0,3.0,4.0,11.0,9.0,4.0,2.0,3.0,1.0,28.0,24.0,16.0,15.0,2.0,6.0,53.0,47.0,9.0,13.0,38.0,34.0,10.0,9.0,8.0,13.0,10.0,8.0,28.0,21.0,0.0,4.0,1.0,0.0,6.0,4.0,92.9,84.1,0.229,0.096,0.4,0.273,-0.44,-0.06,66.7,50.0
2026-02-07,12:00,76986,Premier League 25/26,25/26,Premier League,Matchweek 25,Sat,Home,D,1.0,1.0,Aston Villa,53.0,,,,,,https://www.sofascore.com/bournemouth-aston-villa/Pkb,Ended,Bournemouth,for,2.06,0.59,3.0,1.0,0.0,1.0,3.0,0.0,11.0,4.0,4.0,11.0,413.0,382.0,343.0,310.0,10.0,18.0,11.0,4.0,3.0,3.0,1.0,1.0,0.0,0.0,3.0,7.0,4.0,3.0,7.0,0.0,12.0,5.0,8.0,2.0,2.0,0.0,26.0,20.0,25.0,21.0,3.0,4.0,45.0,55.0,10.0,7.0,23.0,26.0,17.0,22.0,3.0,5.0,11.0,7.0,25.0,40.0,0.0,1.0,0.0,3.0,2.0,16.0,83.1,81.2,0.103,0.084,0.45,0.571,-1.06,0.41,75.0,77.8
2026-02-07,12:00,76986,Premier League 25/26,25/26,Premier League,Matchweek 25,Sat,Away,D,1.0,1.0,Bournemouth,47.0,,,,,,https://www.sofascore.com/bournemouth-aston-villa/Pkb,Ended,Aston Villa,for,0.59,2.06,1.0,3.0,1.0,0.0,0.0,3.0,4.0,11.0,11.0,4.0,382.0,413.0,310.0,343.0,18.0,10.0,4.0,11.0,3.0,3.0,1.0,1.0,0.0,0.0,7.0,3.0,3.0,4.0,0.0,7.0,5.0,12.0,2.0,8.0,0.0,2.0,20.0,26.0,21.0,25.0,4.0,3.0,55.0,45.0,7.0,10.0,26.0,23.0,22.0,17.0,5.0,3.0,7.0,11.0,40.0,25.0,1.0,0.0,3.0,0.0,16.0,2.0,81.2,83.1,0.084,0.103,0.571,0.45,0.41,-1.06,77.8,75.0
2026-02-07,12:00,76986,Premier League 25/26,25/26,Premier League,Matchweek 25,Sat,Home,L,1.0,2.0,Everton,55.0,,,,,,https://www.sofascore.com/everton-fulham/TsY,Ended,Fulham,for,1.97,1.88,4.0,3.0,0.0,0.0,4.0,3.0,6.0,6.0,11.0,12.0,483.0,392.0,419.0,334.0,20.0,15.0,12.0,11.0,2.0,2.0,1.0,5.0,0.0,0.0,2.0,3.0,2.0,3.0,8.0,10.0,11.0,12.0,2.0,4.0,2.0,0.0,26.0,28.0,16.0,24.0,10.0,6.0,50.0,50.0,7.0,10.0,34.0,30.0,14.0,18.0,3.0,4.0,9.0,8.0,22.0,29.0,0.0,1.0,3.0,0.0,7.0,10.0,86.7,85.2,0.152,0.117,0.231,0.188,-0.97,0.12,66.7,100.0
2026-02-07,12:00,76986,Premier League 25/26,25/26,Premier League,Matchweek 25,Sat,Away,W,2.0,1.0,Fulham,45.0,,,,,,https://www.sofascore.com/everton-fulham/TsY,Ended,Everton,for,1.88,1.97,3.0,4.0,0.0,0.0,3.0,4.0,6.0,6.0,12.0,11.0,392.0,483.0,334.0,419.0,15.0,20.0,11.0,12.0,2.0,2.0,5.0,1.0,0.0,0.0,3.0,2.0,3.0,2.0,10.0,8.0,12.0,11.0,4.0,2.0,0.0,2.0,28.0,26.0,24.0,16.0,6.0,10.0,50.0,50.0,10.0,7.0,30.0,34.0,18.0,14.0,4.0,3.0,8.0,9.0,29.0,22.0,1.0,0.0,0.0,3.0,10.0,7.0,85.2,86.7,0.117,0.152,0.188,0.231,0.12,-0.97,100.0,66.7
2026-02-07,12:00,76986,Premier League 25/26,25/26,Premier League,Matchweek 25,Sat,Home,L,0.0,2.0,West Ham United,54.0,,,,,,https://www.sofascore.com/west-ham-united-burnley/gsM,Ended,Burnley,for,1.34,0.69,2.0,2.0,0.0,2.0,2.0,0.0,5.0,2.0,11.0,10.0,470.0,424.0,400.0,345.0,16.0,14.0,10.0,11.0,0.0,1.0,3.0,1.0,0.0,0.0,2.0,5.0,8.0,0.0,5.0,2.0,11.0,3.0,7.0,3.0,1.0,1.0,24.0,16.0,15.0,18.0,7.0,2.0,52.0,48.0,9.0,6.0,33.0,35.0,11.0,5.0,7.0,11.0,2.0,17.0,23.0,34.0,0.0,2.0,0.0,2.0,5.0,5.0,85.1,81.4,0.074,0.115,0.278,0.667,-1.34,1.31,50.0,100.0
2026-02-07,12:00,76986,Premier League 25/26,25/26,Premier League,Matchweek 25,Sat,Away,W,2.0,0.0,Burnley,46.0,,,,,,https://www.sofascore.com/west-ham-united-burnley/gsM,Ended,West Ham United,for,0.69,1.34,2.0,2.0,2.0,0.0,0.0,2.0,2.0,5.0,10.0,11.0,424.0,470.0,345.0,400.0,14.0,16.0,11.0,10.0,1.0,0.0,1.0,3.0,0.0,0.0,5.0,2.0,0.0,8.0,2.0,5.0,3.0,11.0,3.0,7.0,1.0,1.0,16.0,24.0,18.0,15.0,2.0,7.0,48.0,52.0,6.0,9.0,35.0,33.0,5.0,11.0,11.0,7.0,17.0,2.0,34.0,23.0,2.0,0.0,2.0,0.0,5.0,5.0,81.4,85.1,0.115,0.074,0.667,0.278,1.31,-1.34,100.0,50.0
2026-02-07,14:30,76986,Premier League 25/26,25/26,Premier League,Matchweek 25,Sat,Home,L,2.0,3.0,Brentford,54.0,,,,,,https://www.sofascore.com/brentford-newcastle-united/Osab,Ended,Newcastle United,for,2.24,1.79,4.0,4.0,1.0,2.0,3.0,2.0,9.0,3.0,14.0,18.0,428.0,379.0,351.0,286.0,9.0,15.0,17.0,13.0,1.0,2.0,2.0,2.0,0.0,0.0,3.0,1.0,4.0,4.0,8.0,2.0,10.0,6.0,6.0,5.0,0.0,0.0,24.0,21.0,28.0,20.0,4.0,2.0,55.0,45.0,11.0,5.0,36.0,33.0,23.0,16.0,10.0,6.0,4.0,3.0,31.0,22.0,1.0,0.0,0.0,0.0,4.0,8.0,82.0,75.5,0.14,0.163,0.25,0.455,-0.24,1.21,60.0,25.0
2026-02-07,14:30,76986,Premier League 25/26,25/26,Premier League,Matchweek 25,Sat,Away,W,3.0,2.0,Newcastle United,46.0,,,,,,https://www.sofascore.com/brentford-newcastle-united/Osab,Ended,Brentford,for,1.79,2.24,4.0,4.0,2.0,1.0,2.0,3.0,3.0,9.0,18.0,14.0,379.0,428.0,286.0,351.0,15.0,9.0,13.0,17.0,2.0,1.0,2.0,2.0,0.0,0.0,1.0,3.0,4.0,4.0,2.0,8.0,6.0,10.0,5.0,6.0,0.0,0.0,21.0,24.0,20.0,28.0,2.0,4.0,45.0,55.0,5.0,11.0,33.0,36.0,16.0,23.0,6.0,10.0,3.0,4.0,22.0,31.0,0.0,1.0,0.0,0.0,8.0,4.0,75.5,82.0,0.163,0.14,0.455,0.25,1.21,-0.24,25.0,60.0
2026-02-08,11:00,76986,Premier League 25/26,25/26,Premier League,Matchweek 25,Sun,Home,L,0.0,1.0,Crystal Palace,64.0,,,,,,https://www.sofascore.com/brighton-and-hove-albion-crystal-palace/hsF,Ended,Brighton,for,0.74,1.16,1.0,1.0,0.0,1.0,1.0,0.0,3.0,4.0,12.0,9.0,557.0,311.0,476.0,217.0,17.0,21.0,9.0,12.0,3.0,3.0,1.0,3.0,0.0,0.0,3.0,2.0,3.0,0.0,2.0,3.0,5.0,6.0,2.0,1.0,0.0,0.0,13.0,25.0,32.0,22.0,2.0,3.0,48.0,52.0,11.0,11.0,31.0,40.0,22.0,17.0,5.0,7.0,3.0,10.0,34.0,33.0,2.0,2.0,0.0,0.0,9.0,7.0,85.5,69.8,0.106,0.166,0.286,0.571,-0.74,-0.16,75.0,100.0
2026-02-08,11:00,76986,Premier League 25/26,25/26,Premier League,Matchweek 25,Sun,Away,W,1.0,0.0,Brighton,36.0,,,,,,https://www.sofascore.com/brighton-and-hove-albion-crystal-palace/hsF,Ended,Crystal Palace,for,1.16,0.74,1.0,1.0,1.0,0.0,0.0,1.0,4.0,3.0,9.0,12.0,311.0,557.0,217.0,476.0,21.0,17.0,12.0,9.0,3.0,3.0,3.0,1.0,0.0,0.0,2.0,3.0,0.0,3.0,3.0,2.0,6.0,5.0,1.0,2.0,0.0,0.0,25.0,13.0,22.0,32.0,3.0,2.0,52.0,48.0,11.0,11.0,40.0,31.0,17.0,22.0,7.0,5.0,10.0,3.0,33.0,34.0,2.0,2.0,0.0,0.0,7.0,9.0,69.8,85.5,0.166,0.106,0.571,0.286,-0.16,-0.74,100.0,75.0
2026-02-08,13:30,76986,Premier League 25/26,25/26,Premier League,Matchweek 25,Sun,Home,L,1.0,2.0,Manchester City,47.0,,,,,,https://www.sofascore.com/liverpool-manchester-city/rU,Ended,Liverpool FC,for,1.0,2.75,1.0,3.0,0.0,2.0,1.0,1.0,5.0,4.0,13.0,16.0,390.0,465.0,306.0,393.0,17.0,15.0,16.0,12.0,6.0,2.0,2.0,4.0,1.0,0.0,5.0,3.0,3.0,4.0,8.0,6.0,9.0,9.0,6.0,8.0,1.0,2.0,32.0,25.0,30.0,20.0,6.0,3.0,49.0,51.0,7.0,8.0,41.0,31.0,8.0,20.0,8.0,3.0,7.0,10.0,20.0,31.0,2.0,2.0,0.0,1.0,8.0,10.0,78.5,84.5,0.067,0.162,0.267,0.412,0.0,-0.75,71.4,75.0
2026-02-08,13:30,76986,Premier League 25/26,25/26,Premier League,Matchweek 25,Sun,Away,W,2.0,1.0,Liverpool FC,53.0,,,,,,https://www.sofascore.com/liverpool-manchester-city/rU,Ended,Manchester City,for,2.75,1.0,3.0,1.0,2.0,0.0,1.0,1.0,4.0,5.0,16.0,13.0,465.0,390.0,393.0,306.0,15.0,17.0,12.0,16.0,2.0,6.0,4.0,2.0,0.0,1.0,3.0,5.0,4.0,3.0,6.0,8.0,9.0,9.0,8.0,6.0,2.0,1.0,25.0,32.0,20.0,30.0,3.0,6.0,51.0,49.0,8.0,7.0,31.0,41.0,20.0,8.0,3.0,8.0,10.0,7.0,31.0,20.0,2.0,2.0,1.0,0.0,10.0,8.0,84.5,78.5,0.162,0.067,0.412,0.267,-0.75,0.0,75.0,71.4
2026-02-10,16:30,76986,Premier League 25/26,25/26,Premier League,Matchweek 26,Tue,Home,D,2.0,2.0,Leeds United,66.0,,,,,,https://www.sofascore.com/chelsea-leeds-united/JsN,Ended,Chelsea,for,3.13,1.44,5.0,2.0,2.0,2.0,3.0,0.0,4.0,1.0,9.0,13.0,644.0,336.0,593.0,274.0,14.0,11.0,12.0,8.0,4.0,1.0,4.0,4.0,0.0,0.0,0.0,2.0,7.0,2.0,8.0,0.0,14.0,2.0,5.0,2.0,4.0,0.0,34.0,17.0,18.0,21.0,6.0,1.0,55.0,45.0,5.0,12.0,32.0,21.0,14.0,17.0,5.0,2.0,7.0,9.0,22.0,33.0,0.0,1.0,1.0,0.0,2.0,14.0,92.1,81.5,0.165,0.36,0.211,0.5,-1.13,0.56,0.0,50.0
2026-02-10,16:30,76986,Premier League 25/26,25/26,Premier League,Matchweek 26,Tue,Away,D,2.0,2.0,Chelsea,34.0,,,,,,https://www.sofascore.com/chelsea-leeds-united/JsN,Ended,Leeds United,for,1.44,3.13,2.0,5.0,2.0,2.0,0.0,3.0,1.0,4.0,13.0,9.0,336.0,644.0,274.0,593.0,11.0,14.0,8.0,12.0,1.0,4.0,4.0,4.0,0.0,0.0,2.0,0.0,2.0,7.0,0.0,8.0,2.0,14.0,2.0,5.0,0.0,4.0,17.0,34.0,21.0,18.0,1.0,6.0,45.0,55.0,12.0,5.0,21.0,32.0,17.0,14.0,2.0,5.0,9.0,7.0,33.0,22.0,1.0,0.0,0.0,1.0,14.0,2.0,81.5,92.1,0.36,0.165,0.5,0.211,0.56,-1.13,50.0,0.0
2026-02-10,16:30,76986,Premier League 25/26,25/26,Premier League,Matchweek 26,Tue,Home,L,1.0,2.0,Newcastle United,53.0,,,,,,https://www.sofascore.com/newcastle-united-tottenham-hotspur/IO,Ended,Tottenham Hotspur,for,1.85,2.48,2.0,3.0,1.0,1.0,1.0,2.0,2.0,12.0,15.0,11.0,407.0,339.0,341.0,277.0,16.0,23.0,11.0,15.0,0.0,2.0,3.0,2.0,0.0,0.0,3.0,1.0,8.0,9.0,6.0,7.0,10.0,17.0,6.0,4.0,0.0,0.0,29.0,53.0,23.0,24.0,7.0,8.0,46.0,54.0,14.0,8.0,36.0,39.0,12.0,18.0,9.0,3.0,7.0,3.0,42.0,26.0,0.0,0.0,1.0,2.0,13.0,7.0,83.8,81.7,0.116,0.118,0.125,0.238,-0.85,-0.48,60.0,50.0
2026-02-10,16:30,76986,Premier League 25/26,25/26,Premier League,Matchweek 26,Tue,Away,W,2.0,1.0,Tottenham Hotspur,47.0,,,,,,https://www.sofascore.com/newcastle-united-tottenham-hotspur/IO,Ended,Newcastle United,for,2.48,1.85,3.0,2.0,1.0,1.0,2.0,1.0,12.0,2.0,11.0,15.0,339.0,407.0,277.0,341.0,23.0,16.0,15.0,11.0,2.0,0.0,2.0,3.0,0.0,0.0,1.0,3.0,9.0,8.0,7.0,6.0,17.0,10.0,4.0,6.0,0.0,0.0,53.0,29.0,24.0,23.0,8.0,7.0,54.0,46.0,8.0,14.0,39.0,36.0,18.0,12.0,3.0,9.0,3.0,7.0,26.0,42.0,0.0,0.0,2.0,1.0,7.0,13.0,81.7,83.8,0.118,0.116,0.238,0.125,-0.48,-0.85,50.0,60.0
2026-02-10,16:30,76986,Premier League 25/26,25/26,Premier League,Matchweek 26,Tue,Home,L,1.0,2.0,Bournemouth,53.0,,,,,,https://www.sofascore.com/bournemouth-everton/Yskb,Ended,Everton,for,2.94,1.34,3.0,2.0,1.0,2.0,2.0,0.0,7.0,2.0,14.0,15.0,443.0,403.0,357.0,310.0,11.0,21.0,14.0,14.0,1.0,0.0,1.0,3.0,1.0,0.0,2.0,5.0,5.0,5.0,5.0,2.0,14.0,5.0,2.0,6.0,0.0,1.0,37.0,14.0,22.0,16.0,11.0,2.0,51.0,49.0,9.0,3.0,30.0,35.0,28.0,20.0,5.0,3.0,8.0,8.0,20.0,35.0,2.0,2.0,1.0,0.0,4.0,9.0,80.6,76.9,0.184,0.122,0.375,0.364,-1.94,0.66,50.0,83.3
2026-02-10,16:30,76986,Premier League 25/26,25/26,Premier League,Matchweek 26,Tue,Away,W,2.0,1.0,Everton,47.0,,,,,,https://www.sofascore.com/bournemouth-everton/Yskb,Ended,Bournemouth,for,1.34,2.94,2.0,3.0,2.0,1.0,0.0,2.0,2.0,7.0,15.0,14.0,403.0,443.0,310.0,357.0,21.0,11.0,14.0,14.0,0.0,1.0,3.0,1.0,0.0,1.0,5.0,2.0,5.0,5.0,2.0,5.0,5.0,14.0,6.0,2.0,1.0,0.0,14.0,37.0,16.0,22.0,2.0,11.0,49.0,51.0,3.0,9.0,35.0,30.0,20.0,28.0,3.0,5.0,8.0,8.0,35.0,20.0,2.0,2.0,0.0,1.0,9.0,4.0,76.9,80.6,0.122,0.184,0.364,0.375,0.66,-1.94,83.3,50.0
2026-02-10,17:15,76986,Premier League 25/26,25/26,Premier League,Matchweek 26,Tue,Home,D,1.0,1.0,Manchester Utd,35.0,,,,,,https://www.sofascore.com/west-ham-united-manchester-united/KM,Ended,West Ham United,for,1.11,0.57,2.0,1.0,1.0,1.0,1.0,1.0,5.0,3.0,10.0,4.0,329.0,629.0,261.0,551.0,15.0,19.0,4.0,10.0,1.0,3.0,1.0,1.0,0.0,0.0,2.0,2.0,3.0,2.0,1.0,4.0,4.0,8.0,3.0,1.0,0.0,0.0,9.0,22.0,21.0,21.0,3.0,6.0,40.0,60.0,11.0,7.0,23.0,38.0,10.0,12.0,4.0,10.0,16.0,8.0,24.0,12.0,0.0,0.0,1.0,0.0,11.0,4.0,79.3,87.6,0.159,0.063,0.429,0.333,-0.11,0.43,66.7,66.7
2026-02-10,17:15,76986,Premier League 25/26,25/26,Premier League,Matchweek 26,Tue,Away,D,1.0,1.0,West Ham United,65.0,,,,,,https://www.sofascore.com/west-ham-united-manchester-united/KM,Ended,Manchester Utd,for,0.57,1.11,1.0,2.0,1.0,1.0,1.0,1.0,3.0,5.0,4.0,10.0,629.0,329.0,551.0,261.0,19.0,15.0,10.0,4.0,3.0,1.0,1.0,1.0,0.0,0.0,2.0,2.0,2.0,3.0,4.0,1.0,8.0,4.0,1.0,3.0,0.0,0.0,22.0,9.0,21.0,21.0,6.0,3.0,60.0,40.0,7.0,11.0,38.0,23.0,12.0,10.0,10.0,4.0,8.0,16.0,12.0,24.0,0.0,0.0,0.0,1.0,4.0,11.0,87.6,79.3,0.063,0.159,0.333,0.429,0.43,-0.11,66.7,66.7
2026-02-11,16:30,76986,Premier League 25/26,25/26,Premier League,Matchweek 26,Wed,Home,W,3.0,0.0,Fulham,56.0,,,,,,https://www.sofascore.com/fulham-manchester-city/rsT,Ended,Manchester City,for,1.37,1.42,2.0,1.0,2.0,0.0,0.0,1.0,4.0,4.0,8.0,10.0,634.0,492.0,577.0,418.0,22.0,23.0,10.0,8.0,3.0,1.0,3.0,1.0,0.0,0.0,3.0,2.0,5.0,3.0,3.0,8.0,5.0,12.0,8.0,2.0,1.0,1.0,18.0,21.0,27.0,22.0,1.0,4.0,52.0,48.0,8.0,14.0,36.0,34.0,8.0,7.0,5.0,3.0,7.0,8.0,16.0,11.0,2.0,3.0,0.0,0.0,9.0,6.0,91.0,85.0,0.105,0.101,0.385,0.214,1.63,-1.42,100.0,40.0
2026-02-11,16:30,76986,Premier League 25/26,25/26,Premier League,Matchweek 26,Wed,Away,L,0.0,3.0,Manchester City,44.0,,,,,,https://www.sofascore.com/fulham-manchester-city/rsT,Ended,Fulham,for,1.42,1.37,1.0,2.0,0.0,2.0,1.0,0.0,4.0,4.0,10.0,8.0,492.0,634.0,418.0,577.0,23.0,22.0,8.0,10.0,1.0,3.0,1.0,3.0,0.0,0.0,2.0,3.0,3.0,5.0,8.0,3.0,12.0,5.0,2.0,8.0,1.0,1.0,21.0,18.0,22.0,27.0,4.0,1.0,48.0,52.0,14.0,8.0,34.0,36.0,7.0,8.0,3.0,5.0,8.0,7.0,11.0,16.0,3.0,2.0,0.0,0.0,6.0,9.0,85.0,91.0,0.101,0.105,0.214,0.385,-1.42,1.63,40.0,100.0
2026-02-11,16:30,76986,Premier League 25/26,25/26,Premier League,Matchweek 26,Wed,Home,W,1.0,0.0,Brighton,50.0,,,,,,https://www.sofascore.com/aston-villa-brighton-and-hove-albion/FP,Ended,Aston Villa,for,0.81,0.56,0.0,0.0,0.0,0.0,0.0,0.0,7.0,5.0,9.0,15.0,418.0,418.0,342.0,348.0,11.0,16.0,15.0,9.0,0.0,3.0,2.0,3.0,0.0,0.0,3.0,2.0,4.0,1.0,10.0,5.0,10.0,7.0,5.0,2.0,0.0,1.0,31.0,24.0,25.0,24.0,5.0,5.0,49.0,51.0,6.0,4.0,27.0,30.0,12.0,11.0,2.0,5.0,7.0,13.0,22.0,13.0,1.0,0.0,3.0,0.0,7.0,11.0,81.8,83.3,0.054,0.062,0.067,0.333,0.19,-0.56,100.0,200.0
2026-02-11,16:30,76986,Premier League 25/26,25/26,Premier League,Matchweek 26,Wed,Away,L,0.0,1.0,Aston Villa,50.0,,,,,,https://www.sofascore.com/aston-villa-brighton-and-hove-albion/FP,Ended,Brighton,for,0.56,0.81,0.0,0.0,0.0,0.0,0.0,0.0,5.0,7.0,15.0,9.0,418.0,418.0,348.0,342.0,16.0,11.0,9.0,15.0,3.0,0.0,3.0,2.0,0.0,0.0,2.0,3.0,1.0,4.0,5.0,10.0,7.0,10.0,2.0,5.0,1.0,0.0,24.0,31.0,24.0,25.0,5.0,5.0,51.0,49.0,4.0,6.0,30.0,27.0,11.0,12.0,5.0,2.0,13.0,7.0,13.0,22.0,0.0,1.0,0.0,3.0,11.0,7.0,83.3,81.8,0.062,0.054,0.333,0.067,-0.56,0.19,200.0,100.0
2026-02-11,16:30,76986,Premier League 25/26,25/26,Premier League,Matchweek 26,Wed,Home,D,0.0,0.0,Wolves,63.0,,,,,,https://www.sofascore.com/nottingham-forest-wolverhampton/dso,Ended,Nottingham Forest,for,2.55,0.42,4.0,0.0,0.0,0.0,4.0,0.0,8.0,2.0,12.0,13.0,480.0,287.0,426.0,216.0,18.0,20.0,13.0,12.0,2.0,0.0,0.0,2.0,0.0,0.0,3.0,10.0,9.0,0.0,16.0,4.0,16.0,4.0,19.0,3.0,0.0,0.0,40.0,13.0,27.0,24.0,10.0,1.0,56.0,44.0,10.0,8.0,37.0,35.0,23.0,13.0,6.0,5.0,6.0,6.0,26.0,39.0,0.0,0.0,0.0,3.0,7.0,21.0,88.8,75.3,0.073,0.06,0.286,0.429,-2.55,-0.42,100.0,100.0
2026-02-11,16:30,76986,Premier League 25/26,25/26,Premier League,Matchweek 26,Wed,Away,D,0.0,0.0,Nottingham Forest,37.0,,,,,,https://www.sofascore.com/nottingham-forest-wolverhampton/dso,Ended,Wolves,for,0.42,2.55,0.0,4.0,0.0,0.0,0.0,4.0,2.0,8.0,13.0,12.0,287.0,480.0,216.0,426.0,20.0,18.0,12.0,13.0,0.0,2.0,2.0,0.0,0.0,0.0,10.0,3.0,0.0,9.0,4.0,16.0,4.0,16.0,3.0,19.0,0.0,0.0,13.0,40.0,24.0,27.0,1.0,10.0,44.0,56.0,8.0,10.0,35.0,37.0,13.0,23.0,5.0,6.0,6.0,6.0,39.0,26.0,0.0,0.0,3.0,0.0,21.0,7.0,75.3,88.8,0.06,0.073,0.429,0.286,-0.42,-2.55,100.0,100.0
2026-02-11,16:30,76986,Premier League 25/26,25/26,Premier League,Matchweek 26,Wed,Home,L,2.0,3.0,Burnley,65.0,,,,,,https://www.sofascore.com/crystal-palace-burnley/gsh,Ended,Crystal Palace,for,1.8,0.53,3.0,1.0,2.0,0.0,1.0,1.0,8.0,2.0,11.0,8.0,572.0,316.0,462.0,212.0,14.0,16.0,8.0,11.0,1.0,1.0,2.0,1.0,0.0,0.0,1.0,1.0,11.0,1.0,7.0,4.0,15.0,4.0,6.0,4.0,2.0,0.0,39.0,19.0,21.0,16.0,11.0,3.0,48.0,52.0,11.0,7.0,23.0,32.0,28.0,23.0,2.0,5.0,8.0,7.0,25.0,37.0,1.0,0.0,2.0,0.0,8.0,12.0,80.8,67.1,0.086,0.066,0.143,0.375,0.2,2.47,33.3,33.3
2026-02-11,16:30,76986,Premier League 25/26,25/26,Premier League,Matchweek 26,Wed,Away,W,3.0,2.0,Crystal Palace,35.0,,,,,,https://www.sofascore.com/crystal-palace-burnley/gsh,Ended,Burnley,for,0.53,1.8,1.0,3.0,0.0,2.0,1.0,1.0,2.0,8.0,8.0,11.0,316.0,572.0,212.0,462.0,16.0,14.0,11.0,8.0,1.0,1.0,1.0,2.0,0.0,0.0,1.0,1.0,1.0,11.0,4.0,7.0,4.0,15.0,4.0,6.0,0.0,2.0,19.0,39.0,16.0,21.0,3.0,11.0,52.0,48.0,7.0,11.0,32.0,23.0,23.0,28.0,5.0,2.0,7.0,8.0,37.0,25.0,0.0,1.0,0.0,2.0,12.0,8.0,67.1,80.8,0.066,0.086,0.375,0.143,2.47,0.2,33.3,33.3
2026-02-11,17:15,76986,Premier League 25/26,25/26,Premier League,Matchweek 26,Wed,Home,L,0.0,1.0,Liverpool FC,43.0,,,,,,https://www.sofascore.com/liverpool-sunderland/QU,Ended,Sunderland,for,0.63,2.53,1.0,4.0,0.0,1.0,1.0,3.0,3.0,11.0,8.0,10.0,372.0,501.0,311.0,432.0,14.0,15.0,10.0,8.0,2.0,1.0,1.0,0.0,0.0,0.0,2.0,2.0,4.0,13.0,5.0,7.0,8.0,16.0,3.0,7.0,2.0,0.0,27.0,42.0,18.0,24.0,4.0,3.0,43.0,57.0,3.0,9.0,32.0,33.0,10.0,22.0,8.0,10.0,8.0,4.0,39.0,37.0,1.0,1.0,2.0,2.0,9.0,6.0,83.6,86.2,0.057,0.11,0.182,0.13,-0.63,-1.53,66.7,100.0
2026-02-11,17:15,76986,Premier League 25/26,25/26,Premier League,Matchweek 26,Wed,Away,W,1.0,0.0,Sunderland,57.0,,,,,,https://www.sofascore.com/liverpool-sunderland/QU,Ended,Liverpool FC,for,2.53,0.63,4.0,1.0,1.0,0.0,3.0,1.0,11.0,3.0,10.0,8.0,501.0,372.0,432.0,311.0,15.0,14.0,8.0,10.0,1.0,2.0,0.0,1.0,0.0,0.0,2.0,2.0,13.0,4.0,7.0,5.0,16.0,8.0,7.0,3.0,0.0,2.0,42.0,27.0,24.0,18.0,3.0,4.0,57.0,43.0,9.0,3.0,33.0,32.0,22.0,10.0,10.0,8.0,4.0,8.0,37.0,39.0,1.0,1.0,2.0,2.0,6.0,9.0,86.2,83.6,0.11,0.057,0.13,0.182,-1.53,-0.63,100.0,66.7
2026-02-12,17:00,76986,Premier League 25/26,25/26,Premier League,Matchweek 26,Thu,Home,D,1.0,1.0,Arsenal,41.0,,,,,,https://www.sofascore.com/brentford-arsenal/Rsab,Ended,Brentford,for,1.51,0.6,3.0,1.0,1.0,0.0,2.0,1.0,6.0,4.0,12.0,11.0,314.0,452.0,235.0,384.0,11.0,22.0,11.0,12.0,0.0,0.0,3.0,2.0,0.0,0.0,1.0,2.0,5.0,3.0,4.0,2.0,9.0,6.0,3.0,1.0,1.0,1.0,23.0,32.0,23.0,29.0,5.0,8.0,38.0,62.0,8.0,6.0,28.0,37.0,7.0,21.0,6.0,3.0,12.0,4.0,28.0,37.0,1.0,2.0,0.0,1.0,4.0,8.0,74.8,85.0,0.126,0.086,0.25,0.286,-0.51,0.4,50.0,66.7
2026-02-12,17:00,76986,Premier League 25/26,25/26,Premier League,Matchweek 26,Thu,Away,D,1.0,1.0,Brentford,59.0,,,,,,https://www.sofascore.com/brentford-arsenal/Rsab,Ended,Arsenal,for,0.6,1.51,1.0,3.0,0.0,1.0,1.0,2.0,4.0,6.0,11.0,12.0,452.0,314.0,384.0,235.0,22.0,11.0,12.0,11.0,0.0,0.0,2.0,3.0,0.0,0.0,2.0,1.0,3.0,5.0,2.0,4.0,6.0,9.0,1.0,3.0,1.0,1.0,32.0,23.0,29.0,23.0,8.0,5.0,62.0,38.0,6.0,8.0,37.0,28.0,21.0,7.0,3.0,6.0,4.0,12.0,37.0,28.0,2.0,1.0,1.0,0.0,8.0,4.0,85.0,74.8,0.086,0.126,0.286,0.25,0.4,-0.51,66.7,50.0
2026-02-18,17:00,76986,Premier League 25/26,25/26,Premier League,Matchweek 31,Wed,Home,D,2.0,2.0,Arsenal,43.0,,,,,,https://www.sofascore.com/arsenal-wolverhampton/dsR,Ended,Wolves,for,0.29,1.6,1.0,3.0,1.0,2.0,1.0,1.0,1.0,3.0,6.0,8.0,361.0,486.0,269.0,395.0,26.0,20.0,8.0,6.0,1.0,3.0,2.0,1.0,0.0,0.0,2.0,0.0,0.0,2.0,3.0,4.0,2.0,9.0,3.0,1.0,0.0,2.0,10.0,31.0,24.0,12.0,3.0,6.0,43.0,57.0,13.0,17.0,36.0,39.0,15.0,28.0,2.0,14.0,8.0,13.0,18.0,25.0,1.0,0.0,2.0,0.0,9.0,4.0,74.5,81.3,0.058,0.16,0.4,0.4,1.71,0.4,50.0,0.0
2026-02-18,17:00,76986,Premier League 25/26,25/26,Premier League,Matchweek 31,Wed,Away,D,2.0,2.0,Wolves,57.0,,,,,,https://www.sofascore.com/arsenal-wolverhampton/dsR,Ended,Arsenal,for,1.6,0.29,3.0,1.0,2.0,1.0,1.0,1.0,3.0,1.0,8.0,6.0,486.0,361.0,395.0,269.0,20.0,26.0,6.0,8.0,3.0,1.0,1.0,2.0,0.0,0.0,0.0,2.0,2.0,0.0,4.0,3.0,9.0,2.0,1.0,3.0,2.0,0.0,31.0,10.0,12.0,24.0,6.0,3.0,57.0,43.0,17.0,13.0,39.0,36.0,28.0,15.0,14.0,2.0,13.0,8.0,25.0,18.0,0.0,1.0,0.0,2.0,4.0,9.0,81.3,74.5,0.16,0.058,0.4,0.4,0.4,1.71,0.0,50.0
2026-02-21,12:00,76986,Premier League 25/26,25/26,Premier League,Matchweek 27,Sat,Home,D,1.0,1.0,Burnley,67.0,,,,,,https://www.sofascore.com/chelsea-burnley/gsN,Ended,Chelsea,for,1.99,0.85,3.0,1.0,1.0,1.0,2.0,0.0,9.0,5.0,13.0,11.0,605.0,302.0,533.0,240.0,13.0,9.0,11.0,13.0,2.0,4.0,4.0,2.0,1.0,0.0,3.0,1.0,5.0,2.0,5.0,6.0,6.0,9.0,6.0,3.0,1.0,0.0,25.0,15.0,23.0,17.0,2.0,5.0,54.0,46.0,1.0,5.0,32.0,25.0,11.0,11.0,8.0,4.0,9.0,15.0,13.0,20.0,0.0,3.0,0.0,1.0,4.0,8.0,88.1,79.5,0.166,0.071,0.167,0.333,-0.99,0.15,75.0,50.0
2026-02-21,12:00,76986,Premier League 25/26,25/26,Premier League,Matchweek 27,Sat,Away,D,1.0,1.0,Chelsea,33.0,,,,,,https://www.sofascore.com/chelsea-burnley/gsN,Ended,Burnley,for,0.85,1.99,1.0,3.0,1.0,1.0,0.0,2.0,5.0,9.0,11.0,13.0,302.0,605.0,240.0,533.0,9.0,13.0,13.0,11.0,4.0,2.0,2.0,4.0,0.0,1.0,1.0,3.0,2.0,5.0,6.0,5.0,9.0,6.0,3.0,6.0,0.0,1.0,15.0,25.0,17.0,23.0,5.0,2.0,46.0,54.0,5.0,1.0,25.0,32.0,11.0,11.0,4.0,8.0,15.0,9.0,20.0,13.0,3.0,0.0,1.0,0.0,8.0,4.0,79.5,88.1,0.071,0.166,0.333,0.167,0.15,-0.99,50.0,75.0
2026-02-21,12:00,76986,Premier League 25/26,25/26,Premier League,Matchweek 27,Sat,Home,D,1.0,1.0,Leeds United,67.0,,,,,,https://www.sofascore.com/aston-villa-leeds-united/JsP,Ended,Aston Villa,for,1.46,1.35,1.0,2.0,0.0,0.0,1.0,2.0,7.0,2.0,11.0,16.0,520.0,256.0,443.0,182.0,14.0,22.0,16.0,11.0,4.0,5.0,1.0,4.0,0.0,0.0,3.0,3.0,5.0,4.0,7.0,6.0,6.0,9.0,10.0,5.0,0.0,0.0,30.0,21.0,16.0,17.0,7.0,5.0,54.0,46.0,9.0,9.0,38.0,38.0,23.0,15.0,8.0,5.0,8.0,11.0,20.0,40.0,0.0,0.0,0.0,3.0,6.0,13.0,85.2,71.1,0.091,0.096,0.25,0.286,-0.46,-0.35,75.0,75.0
2026-02-21,12:00,76986,Premier League 25/26,25/26,Premier League,Matchweek 27,Sat,Away,D,1.0,1.0,Aston Villa,33.0,,,,,,https://www.sofascore.com/aston-villa-leeds-united/JsP,Ended,Leeds United,for,1.35,1.46,2.0,1.0,0.0,0.0,2.0,1.0,2.0,7.0,16.0,11.0,256.0,520.0,182.0,443.0,22.0,14.0,11.0,16.0,5.0,4.0,4.0,1.0,0.0,0.0,3.0,3.0,4.0,5.0,6.0,7.0,9.0,6.0,5.0,10.0,0.0,0.0,21.0,30.0,17.0,16.0,5.0,7.0,46.0,54.0,9.0,9.0,38.0,38.0,15.0,23.0,5.0,8.0,11.0,8.0,40.0,20.0,0.0,0.0,3.0,0.0,13.0,6.0,71.1,85.2,0.096,0.091,0.286,0.25,-0.35,-0.46,75.0,75.0
2026-02-21,12:00,76986,Premier League 25/26,25/26,Premier League,Matchweek 27,Sat,Home,L,0.0,2.0,Brighton,52.0,,,,,,https://www.sofascore.com/brentford-brighton-and-hove-albion/Fsab,Ended,Brentford,for,1.6,1.09,3.0,2.0,0.0,1.0,3.0,1.0,6.0,4.0,9.0,14.0,439.0,416.0,343.0,319.0,8.0,16.0,14.0,9.0,1.0,1.0,1.0,2.0,0.0,0.0,5.0,4.0,0.0,1.0,10.0,3.0,9.0,6.0,4.0,5.0,1.0,0.0,24.0,19.0,22.0,18.0,6.0,2.0,46.0,54.0,10.0,5.0,25.0,28.0,21.0,26.0,5.0,3.0,10.0,9.0,21.0,26.0,0.0,1.0,0.0,2.0,5.0,11.0,78.1,76.7,0.123,0.099,0.231,0.636,-1.6,0.91,71.4,133.3
2026-02-21,12:00,76986,Premier League 25/26,25/26,Premier League,Matchweek 27,Sat,Away,W,2.0,0.0,Brentford,48.0,,,,,,https://www.sofascore.com/brentford-brighton-and-hove-albion/Fsab,Ended,Brighton,for,1.09,1.6,2.0,3.0,1.0,0.0,1.0,3.0,4.0,6.0,14.0,9.0,416.0,439.0,319.0,343.0,16.0,8.0,9.0,14.0,1.0,1.0,2.0,1.0,0.0,0.0,4.0,5.0,1.0,0.0,3.0,10.0,6.0,9.0,5.0,4.0,0.0,1.0,19.0,24.0,18.0,22.0,2.0,6.0,54.0,46.0,5.0,10.0,28.0,25.0,26.0,21.0,3.0,5.0,9.0,10.0,26.0,21.0,1.0,0.0,2.0,0.0,11.0,5.0,76.7,78.1,0.099,0.123,0.636,0.231,0.91,-1.6,133.3,71.4
2026-02-21,14:30,76986,Premier League 25/26,25/26,Premier League,Matchweek 27,Sat,Home,D,0.0,0.0,Bournemouth,42.0,,,,,,https://www.sofascore.com/bournemouth-west-ham-united/Mkb,Ended,West Ham United,for,3.27,0.65,3.0,0.0,0.0,0.0,3.0,0.0,9.0,5.0,10.0,11.0,334.0,484.0,242.0,384.0,21.0,17.0,11.0,10.0,2.0,3.0,1.0,1.0,0.0,0.0,5.0,3.0,7.0,4.0,10.0,1.0,16.0,4.0,4.0,6.0,0.0,0.0,35.0,17.0,15.0,17.0,8.0,1.0,59.0,41.0,9.0,9.0,36.0,33.0,27.0,11.0,5.0,7.0,8.0,8.0,30.0,25.0,0.0,2.0,1.0,1.0,2.0,12.0,72.5,79.3,0.164,0.065,0.15,0.5,-3.27,-0.65,100.0,100.0
2026-02-21,14:30,76986,Premier League 25/26,25/26,Premier League,Matchweek 27,Sat,Away,D,0.0,0.0,West Ham United,58.0,,,,,,https://www.sofascore.com/bournemouth-west-ham-united/Mkb,Ended,Bournemouth,for,0.65,3.27,0.0,3.0,0.0,0.0,0.0,3.0,5.0,9.0,11.0,10.0,484.0,334.0,384.0,242.0,17.0,21.0,10.0,11.0,3.0,2.0,1.0,1.0,0.0,0.0,3.0,5.0,4.0,7.0,1.0,10.0,4.0,16.0,6.0,4.0,0.0,0.0,17.0,35.0,17.0,15.0,1.0,8.0,41.0,59.0,9.0,9.0,33.0,36.0,11.0,27.0,7.0,5.0,8.0,8.0,25.0,30.0,2.0,0.0,1.0,1.0,12.0,2.0,79.3,72.5,0.065,0.164,0.5,0.15,-0.65,-3.27,100.0,100.0
2026-02-21,17:00,76986,Premier League 25/26,25/26,Premier League,Matchweek 27,Sat,Home,W,2.0,1.0,Newcastle United,55.0,,,,,,https://www.sofascore.com/newcastle-united-manchester-city/rO,Ended,Manchester City,for,1.35,0.62,5.0,0.0,1.0,0.0,4.0,0.0,5.0,5.0,12.0,13.0,467.0,375.0,393.0,305.0,21.0,18.0,13.0,12.0,1.0,5.0,2.0,5.0,0.0,0.0,6.0,5.0,2.0,3.0,6.0,3.0,10.0,8.0,5.0,5.0,2.0,0.0,31.0,20.0,19.0,27.0,6.0,4.0,55.0,45.0,7.0,11.0,48.0,33.0,13.0,16.0,14.0,3.0,5.0,8.0,23.0,18.0,0.0,0.0,1.0,0.0,5.0,7.0,84.2,81.3,0.09,0.048,0.467,0.538,0.65,0.38,85.7,71.4
2026-02-21,17:00,76986,Premier League 25/26,25/26,Premier League,Matchweek 27,Sat,Away,L,1.0,2.0,Manchester City,45.0,,,,,,https://www.sofascore.com/newcastle-united-manchester-city/rO,Ended,Newcastle United,for,0.62,1.35,0.0,5.0,0.0,1.0,0.0,4.0,5.0,5.0,13.0,12.0,375.0,467.0,305.0,393.0,18.0,21.0,12.0,13.0,5.0,1.0,5.0,2.0,0.0,0.0,5.0,6.0,3.0,2.0,3.0,6.0,8.0,10.0,5.0,5.0,0.0,2.0,20.0,31.0,27.0,19.0,4.0,6.0,45.0,55.0,11.0,7.0,33.0,48.0,16.0,13.0,3.0,14.0,8.0,5.0,18.0,23.0,0.0,0.0,0.0,1.0,7.0,5.0,81.3,84.2,0.048,0.09,0.538,0.467,0.38,0.65,71.4,85.7
2026-02-22,11:00,76986,Premier League 25/26,25/26,Premier League,Matchweek 27,Sun,Home,L,0.0,1.0,Liverpool FC,47.0,,,,,,https://www.sofascore.com/liverpool-nottingham-forest/osU,Ended,Nottingham Forest,for,1.19,1.73,1.0,4.0,0.0,1.0,1.0,3.0,7.0,2.0,13.0,9.0,421.0,489.0,348.0,412.0,18.0,14.0,9.0,13.0,1.0,1.0,2.0,0.0,0.0,0.0,3.0,2.0,8.0,4.0,8.0,2.0,7.0,8.0,11.0,2.0,1.0,0.0,23.0,18.0,24.0,28.0,7.0,4.0,52.0,48.0,11.0,12.0,31.0,34.0,17.0,10.0,6.0,8.0,10.0,9.0,35.0,27.0,1.0,3.0,0.0,0.0,3.0,17.0,82.7,84.3,0.066,0.173,0.111,0.4,-1.19,-0.73,75.0,100.0
2026-02-22,11:00,76986,Premier League 25/26,25/26,Premier League,Matchweek 27,Sun,Away,W,1.0,0.0,Nottingham Forest,53.0,,,,,,https://www.sofascore.com/liverpool-nottingham-forest/osU,Ended,Liverpool FC,for,1.73,1.19,4.0,1.0,1.0,0.0,3.0,1.0,2.0,7.0,9.0,13.0,489.0,421.0,412.0,348.0,14.0,18.0,13.0,9.0,1.0,1.0,0.0,2.0,0.0,0.0,2.0,3.0,4.0,8.0,2.0,8.0,8.0,7.0,2.0,11.0,0.0,1.0,18.0,23.0,28.0,24.0,4.0,7.0,48.0,52.0,12.0,11.0,34.0,31.0,10.0,17.0,8.0,6.0,9.0,10.0,27.0,35.0,3.0,1.0,0.0,0.0,17.0,3.0,84.3,82.7,0.173,0.066,0.4,0.111,-0.73,-1.19,100.0,75.0
2026-02-22,11:00,76986,Premier League 25/26,25/26,Premier League,Matchweek 27,Sun,Home,W,1.0,0.0,Wolves,61.0,,,,,,https://www.sofascore.com/crystal-palace-wolverhampton/dsh,Ended,Crystal Palace,for,2.0,1.63,3.0,2.0,1.0,0.0,2.0,2.0,7.0,3.0,19.0,13.0,425.0,277.0,340.0,210.0,15.0,17.0,13.0,18.0,0.0,1.0,5.0,3.0,0.0,1.0,7.0,2.0,4.0,3.0,7.0,2.0,9.0,7.0,5.0,5.0,0.0,1.0,23.0,16.0,18.0,12.0,5.0,7.0,43.0,57.0,8.0,8.0,28.0,46.0,24.0,23.0,2.0,10.0,7.0,13.0,31.0,48.0,0.0,1.0,0.0,2.0,3.0,6.0,80.0,75.8,0.143,0.136,0.214,0.583,-1.0,-1.63,100.0,66.7
2026-02-22,11:00,76986,Premier League 25/26,25/26,Premier League,Matchweek 27,Sun,Away,L,0.0,1.0,Crystal Palace,39.0,,,,,,https://www.sofascore.com/crystal-palace-wolverhampton/dsh,Ended,Wolves,for,1.63,2.0,2.0,3.0,0.0,1.0,2.0,2.0,3.0,7.0,13.0,19.0,277.0,425.0,210.0,340.0,17.0,15.0,18.0,13.0,1.0,0.0,3.0,5.0,1.0,0.0,2.0,7.0,3.0,4.0,2.0,7.0,7.0,9.0,5.0,5.0,1.0,0.0,16.0,23.0,12.0,18.0,7.0,5.0,57.0,43.0,8.0,8.0,46.0,28.0,23.0,24.0,10.0,2.0,13.0,7.0,48.0,31.0,1.0,0.0,2.0,0.0,6.0,3.0,75.8,80.0,0.136,0.143,0.583,0.214,-1.63,-1.0,66.7,100.0
2026-02-22,11:00,76986,Premier League 25/26,25/26,Premier League,Matchweek 27,Sun,Home,L,1.0,3.0,Fulham,53.0,,,,,,https://www.sofascore.com/fulham-sunderland/QsT,Ended,Sunderland,for,1.85,1.88,3.0,3.0,1.0,3.0,2.0,0.0,6.0,4.0,6.0,13.0,406.0,355.0,334.0,287.0,12.0,22.0,12.0,5.0,1.0,1.0,1.0,1.0,0.0,0.0,1.0,1.0,5.0,3.0,5.0,5.0,8.0,9.0,4.0,3.0,0.0,1.0,34.0,19.0,24.0,19.0,1.0,3.0,47.0,53.0,13.0,5.0,27.0,31.0,14.0,16.0,4.0,3.0,5.0,9.0,25.0,37.0,0.0,3.0,0.0,0.0,4.0,10.0,82.3,80.8,0.154,0.157,0.167,0.333,-0.85,1.12,25.0,50.0
2026-02-22,11:00,76986,Premier League 25/26,25/26,Premier League,Matchweek 27,Sun,Away,W,3.0,1.0,Sunderland,47.0,,,,,,https://www.sofascore.com/fulham-sunderland/QsT,Ended,Fulham,for,1.88,1.85,3.0,3.0,3.0,1.0,0.0,2.0,4.0,6.0,13.0,6.0,355.0,406.0,287.0,334.0,22.0,12.0,5.0,12.0,1.0,1.0,1.0,1.0,0.0,0.0,1.0,1.0,3.0,5.0,5.0,5.0,9.0,8.0,3.0,4.0,1.0,0.0,19.0,34.0,19.0,24.0,3.0,1.0,53.0,47.0,5.0,13.0,31.0,27.0,16.0,14.0,3.0,4.0,9.0,5.0,37.0,25.0,3.0,0.0,0.0,0.0,10.0,4.0,80.8,82.3,0.157,0.154,0.333,0.167,1.12,-0.85,50.0,25.0
2026-02-22,13:30,76986,Premier League 25/26,25/26,Premier League,Matchweek 27,Sun,Home,L,1.0,4.0,Arsenal,40.0,,,,,,https://www.sofascore.com/arsenal-tottenham-hotspur/IsR,Ended,Tottenham Hotspur,for,0.76,2.07,0.0,6.0,0.0,3.0,0.0,3.0,2.0,5.0,17.0,11.0,320.0,480.0,232.0,378.0,24.0,31.0,11.0,17.0,0.0,0.0,2.0,1.0,0.0,0.0,2.0,4.0,1.0,7.0,0.0,6.0,3.0,13.0,3.0,7.0,0.0,2.0,7.0,45.0,10.0,17.0,2.0,3.0,41.0,59.0,17.0,12.0,37.0,51.0,12.0,20.0,2.0,4.0,15.0,8.0,42.0,15.0,3.0,0.0,0.0,3.0,10.0,4.0,72.5,78.8,0.127,0.103,0.833,0.35,0.24,1.93,28.6,80.0
2026-02-22,13:30,76986,Premier League 25/26,25/26,Premier League,Matchweek 27,Sun,Away,W,4.0,1.0,Tottenham Hotspur,60.0,,,,,,https://www.sofascore.com/arsenal-tottenham-hotspur/IsR,Ended,Arsenal,for,2.07,0.76,6.0,0.0,3.0,0.0,3.0,0.0,5.0,2.0,11.0,17.0,480.0,320.0,378.0,232.0,31.0,24.0,17.0,11.0,0.0,0.0,1.0,2.0,0.0,0.0,4.0,2.0,7.0,1.0,6.0,0.0,13.0,3.0,7.0,3.0,2.0,0.0,45.0,7.0,17.0,10.0,3.0,2.0,59.0,41.0,12.0,17.0,51.0,37.0,20.0,12.0,4.0,2.0,8.0,15.0,15.0,42.0,0.0,3.0,3.0,0.0,4.0,10.0,78.8,72.5,0.103,0.127,0.35,0.833,1.93,0.24,80.0,28.6
2026-02-23,17:00,76986,Premier League 25/26,25/26,Premier League,Matchweek 27,Mon,Home,L,0.0,1.0,Manchester Utd,48.0,,,,,,https://www.sofascore.com/everton-manchester-united/KsY,Ended,Everton,for,0.63,1.27,0.0,2.0,0.0,1.0,0.0,1.0,10.0,1.0,12.0,7.0,413.0,483.0,316.0,388.0,18.0,12.0,7.0,12.0,1.0,0.0,2.0,3.0,0.0,0.0,1.0,4.0,6.0,2.0,2.0,6.0,5.0,6.0,7.0,5.0,0.0,0.0,16.0,16.0,21.0,23.0,5.0,1.0,58.0,42.0,3.0,8.0,34.0,28.0,27.0,16.0,10.0,5.0,14.0,8.0,13.0,38.0,0.0,0.0,0.0,2.0,7.0,7.0,76.5,80.3,0.052,0.115,0.333,0.273,-0.63,-0.27,33.3,100.0
2026-02-23,17:00,76986,Premier League 25/26,25/26,Premier League,Matchweek 27,Mon,Away,W,1.0,0.0,Everton,52.0,,,,,,https://www.sofascore.com/everton-manchester-united/KsY,Ended,Manchester Utd,for,1.27,0.63,2.0,0.0,1.0,0.0,1.0,0.0,1.0,10.0,7.0,12.0,483.0,413.0,388.0,316.0,12.0,18.0,12.0,7.0,0.0,1.0,3.0,2.0,0.0,0.0,4.0,1.0,2.0,6.0,6.0,2.0,6.0,5.0,5.0,7.0,0.0,0.0,16.0,16.0,23.0,21.0,1.0,5.0,42.0,58.0,8.0,3.0,28.0,34.0,16.0,27.0,5.0,10.0,8.0,14.0,38.0,13.0,0.0,0.0,2.0,0.0,7.0,7.0,80.3,76.5,0.115,0.052,0.273,0.333,-0.27,-0.63,100.0,33.3
2026-02-27,17:00,76986,Premier League 25/26,25/26,Premier League,Matchweek 28,Fri,Home,W,2.0,0.0,Aston Villa,39.0,,,,,,https://www.sofascore.com/aston-villa-wolverhampton/dsP,Ended,Wolves,for,0.86,1.03,2.0,2.0,2.0,0.0,1.0,2.0,0.0,5.0,13.0,19.0,328.0,502.0,256.0,439.0,16.0,11.0,19.0,13.0,1.0,0.0,3.0,3.0,0.0,0.0,4.0,0.0,3.0,6.0,4.0,3.0,6.0,10.0,3.0,4.0,0.0,0.0,12.0,24.0,14.0,24.0,2.0,7.0,52.0,48.0,6.0,8.0,44.0,29.0,4.0,15.0,9.0,5.0,10.0,11.0,25.0,15.0,0.0,0.0,1.0,0.0,8.0,7.0,78.0,87.5,0.096,0.074,0.222,0.357,1.14,-1.03,80.0,0.0
2026-02-27,17:00,76986,Premier League 25/26,25/26,Premier League,Matchweek 28,Fri,Away,L,0.0,2.0,Wolves,61.0,,,,,,https://www.sofascore.com/aston-villa-wolverhampton/dsP,Ended,Aston Villa,for,1.03,0.86,2.0,2.0,0.0,2.0,2.0,1.0,5.0,0.0,19.0,13.0,502.0,328.0,439.0,256.0,11.0,16.0,13.0,19.0,0.0,1.0,3.0,3.0,0.0,0.0,0.0,4.0,6.0,3.0,3.0,4.0,10.0,6.0,4.0,3.0,0.0,0.0,24.0,12.0,24.0,14.0,7.0,2.0,48.0,52.0,8.0,6.0,29.0,44.0,15.0,4.0,5.0,9.0,11.0,10.0,15.0,25.0,0.0,0.0,0.0,1.0,7.0,8.0,87.5,78.0,0.074,0.096,0.357,0.222,-1.03,1.14,0.0,80.0
2026-02-28,09:30,76986,Premier League 25/26,25/26,Premier League,Matchweek 28,Sat,Home,D,1.0,1.0,Sunderland,62.0,,,,,,https://www.sofascore.com/bournemouth-sunderland/Qkb,Ended,Bournemouth,for,1.71,1.42,2.0,1.0,1.0,1.0,1.0,0.0,7.0,3.0,15.0,12.0,464.0,287.0,358.0,193.0,16.0,26.0,12.0,15.0,1.0,2.0,4.0,2.0,0.0,0.0,3.0,4.0,7.0,2.0,9.0,2.0,10.0,6.0,11.0,2.0,0.0,0.0,28.0,14.0,28.0,18.0,4.0,1.0,52.0,48.0,14.0,5.0,40.0,45.0,25.0,16.0,12.0,4.0,14.0,6.0,27.0,46.0,1.0,3.0,0.0,3.0,10.0,10.0,77.2,67.2,0.081,0.177,0.238,0.5,-0.71,-0.42,75.0,80.0
2026-02-28,09:30,76986,Premier League 25/26,25/26,Premier League,Matchweek 28,Sat,Away,D,1.0,1.0,Bournemouth,38.0,,,,,,https://www.sofascore.com/bournemouth-sunderland/Qkb,Ended,Sunderland,for,1.42,1.71,1.0,2.0,1.0,1.0,0.0,1.0,3.0,7.0,12.0,15.0,287.0,464.0,193.0,358.0,26.0,16.0,15.0,12.0,2.0,1.0,2.0,4.0,0.0,0.0,4.0,3.0,2.0,7.0,2.0,9.0,6.0,10.0,2.0,11.0,0.0,0.0,14.0,28.0,18.0,28.0,1.0,4.0,48.0,52.0,5.0,14.0,45.0,40.0,16.0,25.0,4.0,12.0,6.0,14.0,46.0,27.0,3.0,1.0,3.0,0.0,10.0,10.0,67.2,77.2,0.177,0.081,0.5,0.238,-0.42,-0.71,80.0,75.0
2026-02-28,12:00,76986,Premier League 25/26,25/26,Premier League,Matchweek 28,Sat,Home,W,5.0,2.0,West Ham United,49.0,,,,,,https://www.sofascore.com/liverpool-west-ham-united/MU,Ended,Liverpool FC,for,1.84,1.86,2.0,2.0,0.0,2.0,2.0,0.0,10.0,5.0,12.0,11.0,405.0,422.0,328.0,332.0,21.0,13.0,11.0,12.0,1.0,1.0,2.0,2.0,0.0,0.0,3.0,2.0,7.0,3.0,4.0,4.0,13.0,8.0,5.0,3.0,0.0,0.0,34.0,31.0,17.0,25.0,2.0,4.0,48.0,52.0,8.0,16.0,35.0,31.0,11.0,18.0,4.0,6.0,6.0,13.0,22.0,19.0,2.0,0.0,1.0,1.0,9.0,4.0,81.0,78.7,0.102,0.169,0.389,0.364,3.16,0.14,75.0,28.6
2026-02-28,12:00,76986,Premier League 25/26,25/26,Premier League,Matchweek 28,Sat,Away,L,2.0,5.0,Liverpool FC,51.0,,,,,,https://www.sofascore.com/liverpool-west-ham-united/MU,Ended,West Ham United,for,1.86,1.84,2.0,2.0,2.0,0.0,0.0,2.0,5.0,10.0,11.0,12.0,422.0,405.0,332.0,328.0,13.0,21.0,12.0,11.0,1.0,1.0,2.0,2.0,0.0,0.0,2.0,3.0,3.0,7.0,4.0,4.0,8.0,13.0,3.0,5.0,0.0,0.0,31.0,34.0,25.0,17.0,4.0,2.0,52.0,48.0,16.0,8.0,31.0,35.0,18.0,11.0,6.0,4.0,13.0,6.0,19.0,22.0,0.0,2.0,1.0,1.0,4.0,9.0,78.7,81.0,0.169,0.102,0.364,0.389,0.14,3.16,28.6,75.0
2026-02-28,12:00,76986,Premier League 25/26,25/26,Premier League,Matchweek 28,Sat,Home,L,2.0,3.0,Everton,66.0,,,,,,https://www.sofascore.com/everton-newcastle-united/OY,Ended,Newcastle United,for,1.03,2.13,1.0,3.0,0.0,2.0,1.0,1.0,7.0,2.0,15.0,7.0,587.0,311.0,510.0,231.0,13.0,27.0,7.0,15.0,0.0,4.0,2.0,3.0,0.0,0.0,2.0,4.0,4.0,1.0,6.0,3.0,7.0,5.0,10.0,4.0,0.0,0.0,32.0,11.0,10.0,18.0,4.0,2.0,38.0,62.0,19.0,8.0,32.0,54.0,16.0,26.0,12.0,12.0,5.0,9.0,11.0,41.0,1.0,0.0,0.0,0.0,4.0,8.0,86.9,74.3,0.061,0.237,0.412,0.556,0.97,0.87,40.0,57.1
2026-02-28,12:00,76986,Premier League 25/26,25/26,Premier League,Matchweek 28,Sat,Away,W,3.0,2.0,Newcastle United,34.0,,,,,,https://www.sofascore.com/everton-newcastle-united/OY,Ended,Everton,for,2.13,1.03,3.0,1.0,2.0,0.0,1.0,1.0,2.0,7.0,7.0,15.0,311.0,587.0,231.0,510.0,27.0,13.0,15.0,7.0,4.0,0.0,3.0,2.0,0.0,0.0,4.0,2.0,1.0,4.0,3.0,6.0,5.0,7.0,4.0,10.0,0.0,0.0,11.0,32.0,18.0,10.0,2.0,4.0,62.0,38.0,8.0,19.0,54.0,32.0,26.0,16.0,12.0,12.0,9.0,5.0,41.0,11.0,0.0,1.0,0.0,0.0,8.0,4.0,74.3,86.9,0.237,0.061,0.556,0.412,0.87,0.97,57.1,40.0
2026-02-28,12:00,76986,Premier League 25/26,25/26,Premier League,Matchweek 28,Sat,Home,L,3.0,4.0,Brentford,41.0,,,,,,https://www.sofascore.com/brentford-burnley/gsab,Ended,Burnley,for,0.97,2.25,1.0,5.0,1.0,4.0,0.0,1.0,4.0,8.0,9.0,9.0,326.0,463.0,256.0,376.0,13.0,14.0,9.0,9.0,2.0,0.0,2.0,2.0,0.0,0.0,2.0,1.0,2.0,5.0,7.0,4.0,9.0,13.0,3.0,3.0,1.0,1.0,13.0,44.0,20.0,28.0,5.0,5.0,44.0,56.0,6.0,4.0,36.0,37.0,16.0,29.0,16.0,15.0,4.0,8.0,39.0,28.0,0.0,1.0,1.0,0.0,6.0,8.0,78.5,81.2,0.081,0.141,0.25,0.438,2.03,1.75,28.6,33.3
2026-02-28,12:00,76986,Premier League 25/26,25/26,Premier League,Matchweek 28,Sat,Away,W,4.0,3.0,Burnley,59.0,,,,,,https://www.sofascore.com/brentford-burnley/gsab,Ended,Brentford,for,2.25,0.97,5.0,1.0,4.0,1.0,1.0,0.0,8.0,4.0,9.0,9.0,463.0,326.0,376.0,256.0,14.0,13.0,9.0,9.0,0.0,2.0,2.0,2.0,0.0,0.0,1.0,2.0,5.0,2.0,4.0,7.0,13.0,9.0,3.0,3.0,1.0,1.0,44.0,13.0,28.0,20.0,5.0,5.0,56.0,44.0,4.0,6.0,37.0,36.0,29.0,16.0,15.0,16.0,8.0,4.0,28.0,39.0,1.0,0.0,0.0,1.0,8.0,6.0,81.2,78.5,0.141,0.081,0.438,0.25,1.75,2.03,33.3,28.6
2026-02-28,14:30,76986,Premier League 25/26,25/26,Premier League,Matchweek 28,Sat,Home,L,0.0,1.0,Manchester City,33.0,,,,,,https://www.sofascore.com/leeds-united-manchester-city/rsJ,Ended,Leeds United,for,1.49,2.0,3.0,4.0,0.0,1.0,3.0,3.0,5.0,3.0,10.0,8.0,311.0,655.0,229.0,587.0,14.0,17.0,8.0,10.0,1.0,4.0,0.0,3.0,0.0,0.0,4.0,2.0,5.0,4.0,7.0,5.0,7.0,11.0,7.0,3.0,0.0,1.0,25.0,25.0,18.0,23.0,6.0,5.0,35.0,65.0,7.0,8.0,23.0,43.0,9.0,16.0,1.0,16.0,9.0,0.0,26.0,39.0,1.0,1.0,0.0,1.0,4.0,12.0,73.6,89.6,0.106,0.143,0.143,0.357,-1.49,-1.0,80.0,100.0
2026-02-28,14:30,76986,Premier League 25/26,25/26,Premier League,Matchweek 28,Sat,Away,W,1.0,0.0,Leeds United,67.0,,,,,,https://www.sofascore.com/leeds-united-manchester-city/rsJ,Ended,Manchester City,for,2.0,1.49,4.0,3.0,1.0,0.0,3.0,3.0,3.0,5.0,8.0,10.0,655.0,311.0,587.0,229.0,17.0,14.0,10.0,8.0,4.0,1.0,3.0,0.0,0.0,0.0,2.0,4.0,4.0,5.0,5.0,7.0,11.0,7.0,3.0,7.0,1.0,0.0,25.0,25.0,23.0,18.0,5.0,6.0,65.0,35.0,8.0,7.0,43.0,23.0,16.0,9.0,16.0,1.0,0.0,9.0,39.0,26.0,1.0,1.0,1.0,0.0,12.0,4.0,89.6,73.6,0.143,0.106,0.357,0.143,-1.0,-1.49,100.0,80.0
2026-03-01,11:00,76986,Premier League 25/26,25/26,Premier League,Matchweek 28,Sun,Home,W,2.0,1.0,Crystal Palace,61.0,,,,,,https://www.sofascore.com/manchester-united-crystal-palace/hK,Ended,Manchester Utd,for,2.16,0.38,3.0,0.0,2.0,0.0,1.0,0.0,7.0,1.0,13.0,12.0,612.0,399.0,527.0,308.0,14.0,16.0,11.0,13.0,1.0,2.0,2.0,2.0,0.0,1.0,2.0,9.0,5.0,2.0,4.0,3.0,11.0,5.0,9.0,3.0,1.0,0.0,32.0,13.0,22.0,17.0,11.0,1.0,56.0,44.0,8.0,8.0,33.0,32.0,24.0,13.0,7.0,3.0,4.0,6.0,16.0,29.0,0.0,2.0,1.0,2.0,8.0,8.0,86.1,77.2,0.108,0.048,0.55,0.375,-0.16,0.62,66.7,81.8
2026-03-01,11:00,76986,Premier League 25/26,25/26,Premier League,Matchweek 28,Sun,Away,L,1.0,2.0,Manchester Utd,39.0,,,,,,https://www.sofascore.com/manchester-united-crystal-palace/hK,Ended,Crystal Palace,for,0.38,2.16,0.0,3.0,0.0,2.0,0.0,1.0,1.0,7.0,12.0,13.0,399.0,612.0,308.0,527.0,16.0,14.0,13.0,11.0,2.0,1.0,2.0,2.0,1.0,0.0,9.0,2.0,2.0,5.0,3.0,4.0,5.0,11.0,3.0,9.0,0.0,1.0,13.0,32.0,17.0,22.0,1.0,11.0,44.0,56.0,8.0,8.0,32.0,33.0,13.0,24.0,3.0,7.0,6.0,4.0,29.0,16.0,2.0,0.0,2.0,1.0,8.0,8.0,77.2,86.1,0.048,0.108,0.375,0.55,0.62,-0.16,81.8,66.7
2026-03-01,11:00,76986,Premier League 25/26,25/26,Premier League,Matchweek 28,Sun,Home,W,2.0,1.0,Tottenham Hotspur,54.0,,,,,,https://www.sofascore.com/fulham-tottenham-hotspur/IsT,Ended,Fulham,for,2.28,0.88,3.0,1.0,1.0,1.0,2.0,0.0,5.0,8.0,11.0,14.0,480.0,395.0,384.0,293.0,12.0,16.0,14.0,11.0,1.0,1.0,3.0,3.0,0.0,0.0,0.0,2.0,4.0,7.0,10.0,5.0,15.0,10.0,3.0,3.0,0.0,0.0,34.0,30.0,23.0,21.0,5.0,6.0,54.0,46.0,7.0,9.0,32.0,33.0,23.0,14.0,8.0,6.0,10.0,10.0,34.0,18.0,0.0,1.0,0.0,1.0,12.0,9.0,80.0,74.2,0.127,0.068,0.222,0.077,-0.28,0.12,0.0,50.0
2026-03-01,11:00,76986,Premier League 25/26,25/26,Premier League,Matchweek 28,Sun,Away,L,1.0,2.0,Fulham,46.0,,,,,,https://www.sofascore.com/fulham-tottenham-hotspur/IsT,Ended,Tottenham Hotspur,for,0.88,2.28,1.0,3.0,1.0,1.0,0.0,2.0,8.0,5.0,14.0,11.0,395.0,480.0,293.0,384.0,16.0,12.0,11.0,14.0,1.0,1.0,3.0,3.0,0.0,0.0,2.0,0.0,7.0,4.0,5.0,10.0,10.0,15.0,3.0,3.0,0.0,0.0,30.0,34.0,21.0,23.0,6.0,5.0,46.0,54.0,9.0,7.0,33.0,32.0,14.0,23.0,6.0,8.0,10.0,10.0,18.0,34.0,1.0,0.0,1.0,0.0,9.0,12.0,74.2,80.0,0.068,0.127,0.077,0.222,0.12,-0.28,50.0,0.0
2026-03-01,11:00,76986,Premier League 25/26,25/26,Premier League,Matchweek 28,Sun,Home,W,2.0,1.0,Nottingham Forest,54.0,,,,,,https://www.sofascore.com/brighton-and-hove-albion-nottingham-forest/osF,Ended,Brighton,for,1.32,0.79,2.0,1.0,0.0,0.0,2.0,1.0,4.0,4.0,12.0,13.0,522.0,444.0,453.0,380.0,17.0,9.0,13.0,12.0,0.0,4.0,3.0,1.0,0.0,0.0,3.0,5.0,2.0,6.0,5.0,3.0,7.0,7.0,7.0,6.0,1.0,0.0,28.0,17.0,25.0,29.0,6.0,4.0,54.0,46.0,5.0,9.0,31.0,31.0,17.0,10.0,2.0,11.0,6.0,8.0,20.0,15.0,0.0,0.0,0.0,0.0,5.0,10.0,86.8,85.6,0.094,0.061,0.5,0.308,0.68,0.21,75.0,71.4
2026-03-01,11:00,76986,Premier League 25/26,25/26,Premier League,Matchweek 28,Sun,Away,L,1.0,2.0,Brighton,46.0,,,,,,https://www.sofascore.com/brighton-and-hove-albion-nottingham-forest/osF,Ended,Nottingham Forest,for,0.79,1.32,1.0,2.0,0.0,0.0,1.0,2.0,4.0,4.0,13.0,12.0,444.0,522.0,380.0,453.0,9.0,17.0,12.0,13.0,4.0,0.0,1.0,3.0,0.0,0.0,5.0,3.0,6.0,2.0,3.0,5.0,7.0,7.0,6.0,7.0,0.0,1.0,17.0,28.0,29.0,25.0,4.0,6.0,46.0,54.0,9.0,5.0,31.0,31.0,10.0,17.0,11.0,2.0,8.0,6.0,15.0,20.0,0.0,0.0,0.0,0.0,10.0,5.0,85.6,86.8,0.061,0.094,0.308,0.5,0.21,0.68,71.4,75.0
2026-03-01,13:30,76986,Premier League 25/26,25/26,Premier League,Matchweek 28,Sun,Home,W,2.0,1.0,Chelsea,41.0,,,,,,https://www.sofascore.com/arsenal-chelsea/NR,Ended,Arsenal,for,1.09,1.07,2.0,3.0,2.0,0.0,0.0,3.0,5.0,10.0,11.0,14.0,338.0,482.0,277.0,425.0,17.0,20.0,14.0,11.0,0.0,1.0,1.0,5.0,0.0,1.0,4.0,3.0,4.0,1.0,3.0,5.0,7.0,5.0,5.0,4.0,0.0,1.0,30.0,13.0,21.0,19.0,2.0,4.0,49.0,51.0,12.0,10.0,37.0,33.0,11.0,16.0,7.0,3.0,5.0,13.0,21.0,22.0,1.0,1.0,1.0,0.0,10.0,9.0,82.0,88.2,0.091,0.119,0.417,0.333,0.91,-0.07,133.3,60.0
2026-03-01,13:30,76986,Premier League 25/26,25/26,Premier League,Matchweek 28,Sun,Away,L,1.0,2.0,Arsenal,59.0,,,,,,https://www.sofascore.com/arsenal-chelsea/NR,Ended,Chelsea,for,1.07,1.09,3.0,2.0,0.0,2.0,3.0,0.0,10.0,5.0,14.0,11.0,482.0,338.0,425.0,277.0,20.0,17.0,11.0,14.0,1.0,0.0,5.0,1.0,1.0,0.0,3.0,4.0,1.0,4.0,5.0,3.0,5.0,7.0,4.0,5.0,1.0,0.0,13.0,30.0,19.0,21.0,4.0,2.0,51.0,49.0,10.0,12.0,33.0,37.0,16.0,11.0,3.0,7.0,13.0,5.0,22.0,21.0,1.0,1.0,0.0,1.0,9.0,10.0,88.2,82.0,0.119,0.091,0.333,0.417,-0.07,0.91,60.0,133.3
2026-03-03,16:30,76986,Premier League 25/26,25/26,Premier League,Matchweek 29,Tue,Home,D,0.0,0.0,Brentford,48.0,,,,,,https://www.sofascore.com/bournemouth-brentford/abskb,Ended,Bournemouth,for,1.92,0.4,4.0,2.0,0.0,0.0,4.0,2.0,4.0,3.0,9.0,10.0,413.0,454.0,320.0,348.0,13.0,14.0,10.0,9.0,2.0,0.0,2.0,1.0,0.0,0.0,2.0,2.0,3.0,2.0,8.0,1.0,9.0,3.0,4.0,2.0,4.0,0.0,27.0,15.0,20.0,34.0,3.0,2.0,52.0,48.0,5.0,10.0,30.0,28.0,27.0,24.0,8.0,5.0,12.0,6.0,43.0,30.0,0.0,0.0,1.0,1.0,5.0,15.0,77.5,76.7,0.148,0.08,0.154,0.4,-1.92,-0.4,100.0,100.0
2026-03-03,16:30,76986,Premier League 25/26,25/26,Premier League,Matchweek 29,Tue,Away,D,0.0,0.0,Bournemouth,52.0,,,,,,https://www.sofascore.com/bournemouth-brentford/abskb,Ended,Brentford,for,0.4,1.92,2.0,4.0,0.0,0.0,2.0,4.0,3.0,4.0,10.0,9.0,454.0,413.0,348.0,320.0,14.0,13.0,9.0,10.0,0.0,2.0,1.0,2.0,0.0,0.0,2.0,2.0,2.0,3.0,1.0,8.0,3.0,9.0,2.0,4.0,0.0,4.0,15.0,27.0,34.0,20.0,2.0,3.0,48.0,52.0,10.0,5.0,28.0,30.0,24.0,27.0,5.0,8.0,6.0,12.0,30.0,43.0,0.0,0.0,1.0,1.0,15.0,5.0,76.7,77.5,0.08,0.148,0.4,0.154,-0.4,-1.92,100.0,100.0
2026-03-03,16:30,76986,Premier League 25/26,25/26,Premier League,Matchweek 29,Tue,Home,W,2.0,0.0,Burnley,55.0,,,,,,https://www.sofascore.com/everton-burnley/gsY,Ended,Everton,for,1.3,0.79,2.0,1.0,2.0,0.0,0.0,1.0,6.0,3.0,10.0,12.0,581.0,476.0,509.0,407.0,18.0,17.0,12.0,10.0,1.0,2.0,0.0,1.0,0.0,0.0,2.0,3.0,4.0,1.0,5.0,2.0,9.0,3.0,5.0,2.0,1.0,0.0,24.0,11.0,26.0,23.0,3.0,1.0,56.0,44.0,9.0,9.0,39.0,27.0,10.0,12.0,9.0,1.0,10.0,14.0,25.0,29.0,0.0,0.0,0.0,1.0,5.0,4.0,87.6,85.5,0.093,0.158,0.357,0.4,0.7,-0.79,100.0,60.0
2026-03-03,16:30,76986,Premier League 25/26,25/26,Premier League,Matchweek 29,Tue,Away,L,0.0,2.0,Everton,45.0,,,,,,https://www.sofascore.com/everton-burnley/gsY,Ended,Burnley,for,0.79,1.3,1.0,2.0,0.0,2.0,1.0,0.0,3.0,6.0,12.0,10.0,476.0,581.0,407.0,509.0,17.0,18.0,10.0,12.0,2.0,1.0,1.0,0.0,0.0,0.0,3.0,2.0,1.0,4.0,2.0,5.0,3.0,9.0,2.0,5.0,0.0,1.0,11.0,24.0,23.0,26.0,1.0,3.0,44.0,56.0,9.0,9.0,27.0,39.0,12.0,10.0,1.0,9.0,14.0,10.0,29.0,25.0,0.0,0.0,1.0,0.0,4.0,5.0,85.5,87.6,0.158,0.093,0.4,0.357,-0.79,0.7,60.0,100.0
2026-03-03,16:30,76986,Premier League 25/26,25/26,Premier League,Matchweek 29,Tue,Home,L,0.0,1.0,Sunderland,70.0,,,,,,https://www.sofascore.com/sunderland-leeds-united/JQ,Ended,Leeds United,for,1.15,0.86,0.0,1.0,0.0,1.0,0.0,0.0,9.0,2.0,15.0,19.0,550.0,233.0,455.0,143.0,16.0,16.0,19.0,14.0,2.0,5.0,1.0,3.0,0.0,0.0,0.0,4.0,9.0,2.0,5.0,1.0,12.0,3.0,6.0,0.0,0.0,0.0,25.0,8.0,30.0,17.0,4.0,1.0,53.0,47.0,8.0,8.0,38.0,31.0,24.0,25.0,3.0,2.0,6.0,7.0,20.0,50.0,0.0,1.0,1.0,0.0,1.0,6.0,82.7,61.4,0.064,0.287,0.222,0.333,-1.15,0.14,0.0,100.0
2026-03-03,16:30,76986,Premier League 25/26,25/26,Premier League,Matchweek 29,Tue,Away,W,1.0,0.0,Leeds United,30.0,,,,,,https://www.sofascore.com/sunderland-leeds-united/JQ,Ended,Sunderland,for,0.86,1.15,1.0,0.0,1.0,0.0,0.0,0.0,2.0,9.0,19.0,15.0,233.0,550.0,143.0,455.0,16.0,16.0,14.0,19.0,5.0,2.0,3.0,1.0,0.0,0.0,4.0,0.0,2.0,9.0,1.0,5.0,3.0,12.0,0.0,6.0,0.0,0.0,8.0,25.0,17.0,30.0,1.0,4.0,47.0,53.0,8.0,8.0,31.0,38.0,25.0,24.0,2.0,3.0,7.0,6.0,50.0,20.0,1.0,0.0,0.0,1.0,6.0,1.0,61.4,82.7,0.287,0.064,0.333,0.222,0.14,-1.15,100.0,0.0
2026-03-03,17:15,76986,Premier League 25/26,25/26,Premier League,Matchweek 29,Tue,Home,W,2.0,1.0,Liverpool FC,34.0,,,,,,https://www.sofascore.com/liverpool-wolverhampton/dsU,Ended,Wolves,for,0.44,2.56,1.0,5.0,1.0,1.0,1.0,4.0,2.0,11.0,10.0,13.0,315.0,609.0,249.0,540.0,25.0,16.0,13.0,10.0,1.0,1.0,2.0,1.0,0.0,0.0,5.0,1.0,0.0,3.0,1.0,10.0,2.0,14.0,2.0,6.0,1.0,1.0,11.0,47.0,6.0,21.0,2.0,5.0,55.0,45.0,10.0,10.0,44.0,31.0,8.0,11.0,7.0,6.0,9.0,8.0,35.0,11.0,0.0,0.0,1.0,1.0,9.0,3.0,79.0,88.7,0.11,0.128,0.75,0.35,1.56,-1.56,71.4,33.3
2026-03-03,17:15,76986,Premier League 25/26,25/26,Premier League,Matchweek 29,Tue,Away,L,1.0,2.0,Wolves,66.0,,,,,,https://www.sofascore.com/liverpool-wolverhampton/dsU,Ended,Liverpool FC,for,2.56,0.44,5.0,1.0,1.0,1.0,4.0,1.0,11.0,2.0,13.0,10.0,609.0,315.0,540.0,249.0,16.0,25.0,10.0,13.0,1.0,1.0,1.0,2.0,0.0,0.0,1.0,5.0,3.0,0.0,10.0,1.0,14.0,2.0,6.0,2.0,1.0,1.0,47.0,11.0,21.0,6.0,5.0,2.0,45.0,55.0,10.0,10.0,31.0,44.0,11.0,8.0,6.0,7.0,8.0,9.0,11.0,35.0,0.0,0.0,1.0,1.0,3.0,9.0,88.7,79.0,0.128,0.11,0.35,0.75,-1.56,1.56,33.3,71.4
2026-03-04,16:30,76986,Premier League 25/26,25/26,Premier League,Matchweek 29,Wed,Home,D,2.0,2.0,Nottingham Forest,70.0,,,,,,https://www.sofascore.com/manchester-city-nottingham-forest/osr,Ended,Manchester City,for,2.12,0.97,5.0,2.0,2.0,1.0,3.0,1.0,6.0,1.0,10.0,6.0,774.0,329.0,714.0,269.0,10.0,20.0,6.0,10.0,1.0,3.0,0.0,4.0,0.0,0.0,2.0,3.0,6.0,3.0,8.0,2.0,16.0,6.0,5.0,3.0,2.0,0.0,46.0,13.0,24.0,18.0,4.0,2.0,52.0,48.0,7.0,5.0,30.0,35.0,16.0,7.0,14.0,6.0,6.0,6.0,6.0,27.0,0.0,1.0,0.0,2.0,2.0,13.0,92.2,81.8,0.101,0.108,0.333,0.444,-0.12,1.03,50.0,42.9
2026-03-04,16:30,76986,Premier League 25/26,25/26,Premier League,Matchweek 29,Wed,Away,D,2.0,2.0,Manchester City,30.0,,,,,,https://www.sofascore.com/manchester-city-nottingham-forest/osr,Ended,Nottingham Forest,for,0.97,2.12,2.0,5.0,1.0,2.0,1.0,3.0,1.0,6.0,6.0,10.0,329.0,774.0,269.0,714.0,20.0,10.0,10.0,6.0,3.0,1.0,4.0,0.0,0.0,0.0,3.0,2.0,3.0,6.0,2.0,8.0,6.0,16.0,3.0,5.0,0.0,2.0,13.0,46.0,18.0,24.0,2.0,4.0,48.0,52.0,5.0,7.0,35.0,30.0,7.0,16.0,6.0,14.0,6.0,6.0,27.0,6.0,1.0,0.0,2.0,0.0,13.0,2.0,81.8,92.2,0.108,0.101,0.444,0.333,1.03,-0.12,42.9,50.0
2026-03-04,16:30,76986,Premier League 25/26,25/26,Premier League,Matchweek 29,Wed,Home,L,0.0,1.0,Arsenal,60.0,,,,,,https://www.sofascore.com/arsenal-brighton-and-hove-albion/FsR,Ended,Brighton,for,0.82,0.47,2.0,0.0,0.0,0.0,2.0,0.0,4.0,3.0,14.0,12.0,470.0,322.0,385.0,226.0,23.0,16.0,12.0,14.0,3.0,0.0,4.0,1.0,0.0,0.0,1.0,2.0,5.0,1.0,3.0,4.0,6.0,6.0,5.0,1.0,0.0,2.0,29.0,18.0,23.0,25.0,5.0,1.0,51.0,49.0,8.0,14.0,40.0,35.0,18.0,20.0,5.0,5.0,11.0,8.0,28.0,50.0,1.0,2.0,0.0,2.0,5.0,12.0,81.9,70.2,0.075,0.067,0.273,0.286,-0.82,0.53,50.0,66.7
2026-03-04,16:30,76986,Premier League 25/26,25/26,Premier League,Matchweek 29,Wed,Away,W,1.0,0.0,Brighton,40.0,,,,,,https://www.sofascore.com/arsenal-brighton-and-hove-albion/FsR,Ended,Arsenal,for,0.47,0.82,0.0,2.0,0.0,0.0,0.0,2.0,3.0,4.0,12.0,14.0,322.0,470.0,226.0,385.0,16.0,23.0,14.0,12.0,0.0,3.0,1.0,4.0,0.0,0.0,2.0,1.0,1.0,5.0,4.0,3.0,6.0,6.0,1.0,5.0,2.0,0.0,18.0,29.0,25.0,23.0,1.0,5.0,49.0,51.0,14.0,8.0,35.0,40.0,20.0,18.0,5.0,5.0,8.0,11.0,50.0,28.0,2.0,1.0,2.0,0.0,12.0,5.0,70.2,81.9,0.067,0.075,0.286,0.273,0.53,-0.82,66.7,50.0
2026-03-04,16:30,76986,Premier League 25/26,25/26,Premier League,Matchweek 29,Wed,Home,L,1.0,4.0,Chelsea,43.0,,,,,,https://www.sofascore.com/aston-villa-chelsea/NP,Ended,Aston Villa,for,0.78,3.6,3.0,5.0,1.0,3.0,3.0,2.0,3.0,8.0,10.0,9.0,431.0,565.0,371.0,515.0,11.0,15.0,9.0,10.0,2.0,2.0,3.0,2.0,0.0,0.0,4.0,3.0,1.0,4.0,4.0,3.0,6.0,14.0,3.0,1.0,1.0,2.0,17.0,34.0,18.0,13.0,1.0,3.0,44.0,56.0,9.0,6.0,22.0,31.0,7.0,6.0,2.0,6.0,7.0,9.0,14.0,15.0,0.0,0.0,2.0,3.0,3.0,6.0,86.1,91.2,0.087,0.24,0.444,0.533,0.22,0.4,50.0,75.0
2026-03-04,16:30,76986,Premier League 25/26,25/26,Premier League,Matchweek 29,Wed,Away,W,4.0,1.0,Aston Villa,57.0,,,,,,https://www.sofascore.com/aston-villa-chelsea/NP,Ended,Chelsea,for,3.6,0.78,5.0,3.0,3.0,1.0,2.0,3.0,8.0,3.0,9.0,10.0,565.0,431.0,515.0,371.0,15.0,11.0,10.0,9.0,2.0,2.0,2.0,3.0,0.0,0.0,3.0,4.0,4.0,1.0,3.0,4.0,14.0,6.0,1.0,3.0,2.0,1.0,34.0,17.0,13.0,18.0,3.0,1.0,56.0,44.0,6.0,9.0,31.0,22.0,6.0,7.0,6.0,2.0,9.0,7.0,15.0,14.0,0.0,0.0,3.0,2.0,6.0,3.0,91.2,86.1,0.24,0.087,0.533,0.444,0.4,0.22,75.0,50.0
2026-03-04,16:30,76986,Premier League 25/26,25/26,Premier League,Matchweek 29,Wed,Home,L,0.0,1.0,West Ham United,60.0,,,,,,https://www.sofascore.com/fulham-west-ham-united/MsT,Ended,Fulham,for,0.89,1.09,0.0,3.0,0.0,1.0,0.0,2.0,6.0,5.0,14.0,12.0,563.0,379.0,470.0,302.0,9.0,7.0,12.0,14.0,0.0,7.0,2.0,4.0,0.0,0.0,3.0,5.0,4.0,2.0,4.0,4.0,10.0,6.0,3.0,3.0,0.0,0.0,29.0,13.0,28.0,13.0,9.0,2.0,51.0,49.0,5.0,5.0,25.0,27.0,16.0,13.0,6.0,8.0,3.0,14.0,21.0,31.0,0.0,0.0,1.0,1.0,6.0,7.0,83.5,79.7,0.068,0.121,0.385,0.333,-0.89,-0.09,100.0,100.0
2026-03-04,16:30,76986,Premier League 25/26,25/26,Premier League,Matchweek 29,Wed,Away,W,1.0,0.0,Fulham,40.0,,,,,,https://www.sofascore.com/fulham-west-ham-united/MsT,Ended,West Ham United,for,1.09,0.89,3.0,0.0,1.0,0.0,2.0,0.0,5.0,6.0,12.0,14.0,379.0,563.0,302.0,470.0,7.0,9.0,14.0,12.0,7.0,0.0,4.0,2.0,0.0,0.0,5.0,3.0,2.0,4.0,4.0,4.0,6.0,10.0,3.0,3.0,0.0,0.0,13.0,29.0,13.0,28.0,2.0,9.0,49.0,51.0,5.0,5.0,27.0,25.0,13.0,16.0,8.0,6.0,14.0,3.0,31.0,21.0,0.0,0.0,1.0,1.0,7.0,6.0,79.7,83.5,0.121,0.068,0.333,0.385,-0.09,-0.89,100.0,100.0
2026-03-04,17:15,76986,Premier League 25/26,25/26,Premier League,Matchweek 29,Wed,Home,W,2.0,1.0,Manchester Utd,45.0,,,,,,https://www.sofascore.com/newcastle-united-manchester-united/DYBe,Ended,Newcastle United,for,2.48,1.48,3.0,4.0,1.0,1.0,2.0,3.0,2.0,4.0,15.0,16.0,381.0,469.0,291.0,384.0,18.0,12.0,15.0,15.0,0.0,0.0,4.0,3.0,1.0,0.0,4.0,3.0,1.0,5.0,6.0,4.0,8.0,8.0,4.0,6.0,0.0,2.0,23.0,33.0,32.0,18.0,5.0,2.0,53.0,47.0,6.0,9.0,38.0,33.0,22.0,20.0,4.0,7.0,9.0,9.0,30.0,18.0,1.0,2.0,0.0,2.0,12.0,8.0,76.4,81.9,0.207,0.106,0.417,0.357,-0.48,-0.48,80.0,60.0
2026-03-04,17:15,76986,Premier League 25/26,25/26,Premier League,Matchweek 29,Wed,Away,L,1.0,2.0,Newcastle United,55.0,,,,,,https://www.sofascore.com/newcastle-united-manchester-united/DYBe,Ended,Manchester Utd,for,1.48,2.48,4.0,3.0,1.0,1.0,3.0,2.0,4.0,2.0,16.0,15.0,469.0,381.0,384.0,291.0,12.0,18.0,15.0,15.0,0.0,0.0,3.0,4.0,0.0,1.0,3.0,4.0,5.0,1.0,4.0,6.0,8.0,8.0,6.0,4.0,2.0,0.0,33.0,23.0,18.0,32.0,2.0,5.0,47.0,53.0,9.0,6.0,33.0,38.0,20.0,22.0,7.0,4.0,9.0,9.0,18.0,30.0,2.0,1.0,2.0,0.0,8.0,12.0,81.9,76.4,0.106,0.207,0.357,0.417,-0.48,-0.48,60.0,80.0
2026-03-05,17:00,76986,Premier League 25/26,25/26,Premier League,Matchweek 29,Thu,Home,L,1.0,3.0,Crystal Palace,40.0,,,,,,https://www.sofascore.com/tottenham-hotspur-crystal-palace/hI,Ended,Tottenham Hotspur,for,1.09,1.78,1.0,3.0,1.0,3.0,0.0,0.0,6.0,3.0,14.0,14.0,311.0,463.0,242.0,402.0,17.0,24.0,14.0,13.0,1.0,1.0,3.0,2.0,1.0,0.0,1.0,3.0,5.0,3.0,3.0,2.0,10.0,8.0,2.0,1.0,0.0,2.0,23.0,21.0,19.0,22.0,5.0,2.0,49.0,51.0,14.0,11.0,37.0,41.0,23.0,21.0,7.0,3.0,10.0,6.0,28.0,30.0,0.0,0.0,0.0,1.0,3.0,7.0,77.8,86.8,0.091,0.198,0.333,0.444,-0.09,1.22,25.0,75.0
2026-03-05,17:00,76986,Premier League 25/26,25/26,Premier League,Matchweek 29,Thu,Away,W,3.0,1.0,Tottenham Hotspur,60.0,,,,,,https://www.sofascore.com/tottenham-hotspur-crystal-palace/hI,Ended,Crystal Palace,for,1.78,1.09,3.0,1.0,3.0,1.0,0.0,0.0,3.0,6.0,14.0,14.0,463.0,311.0,402.0,242.0,24.0,17.0,13.0,14.0,1.0,1.0,2.0,3.0,0.0,1.0,3.0,1.0,3.0,5.0,2.0,3.0,8.0,10.0,1.0,2.0,2.0,0.0,21.0,23.0,22.0,19.0,2.0,5.0,51.0,49.0,11.0,14.0,41.0,37.0,21.0,23.0,3.0,7.0,6.0,10.0,30.0,28.0,0.0,0.0,1.0,0.0,7.0,3.0,86.8,77.8,0.198,0.091,0.444,0.333,1.22,-0.09,75.0,25.0
2026-03-14,12:00,76986,Premier League 25/26,25/26,Premier League,Matchweek 30,Sat,Home,L,0.0,1.0,Brighton,48.0,,,,,,https://www.sofascore.com/sunderland-brighton-and-hove-albion/FsQ,Ended,Sunderland,for,0.9,1.68,0.0,1.0,0.0,0.0,0.0,1.0,7.0,3.0,7.0,12.0,422.0,471.0,332.0,371.0,7.0,26.0,12.0,7.0,3.0,1.0,1.0,2.0,0.0,0.0,3.0,3.0,5.0,5.0,5.0,3.0,8.0,9.0,6.0,3.0,2.0,1.0,28.0,31.0,22.0,15.0,1.0,5.0,42.0,58.0,16.0,2.0,27.0,40.0,13.0,16.0,9.0,7.0,5.0,12.0,22.0,43.0,2.0,2.0,0.0,0.0,5.0,12.0,78.7,78.8,0.064,0.14,0.286,0.333,-0.9,-0.68,75.0,75.0
2026-03-14,12:00,76986,Premier League 25/26,25/26,Premier League,Matchweek 30,Sat,Away,W,1.0,0.0,Sunderland,52.0,,,,,,https://www.sofascore.com/sunderland-brighton-and-hove-albion/FsQ,Ended,Brighton,for,1.68,0.9,1.0,0.0,0.0,0.0,1.0,0.0,3.0,7.0,12.0,7.0,471.0,422.0,371.0,332.0,26.0,7.0,7.0,12.0,1.0,3.0,2.0,1.0,0.0,0.0,3.0,3.0,5.0,5.0,3.0,5.0,9.0,8.0,3.0,6.0,1.0,2.0,31.0,28.0,15.0,22.0,5.0,1.0,58.0,42.0,2.0,16.0,40.0,27.0,16.0,13.0,7.0,9.0,12.0,5.0,43.0,22.0,2.0,2.0,0.0,0.0,12.0,5.0,78.8,78.7,0.14,0.064,0.333,0.286,-0.68,-0.9,75.0,75.0
2026-03-14,12:00,76986,Premier League 25/26,25/26,Premier League,Matchweek 30,Sat,Home,D,0.0,0.0,Bournemouth,38.0,,,,,,https://www.sofascore.com/bournemouth-burnley/gskb,Ended,Burnley,for,1.4,2.55,3.0,3.0,0.0,0.0,3.0,3.0,5.0,8.0,11.0,5.0,283.0,471.0,199.0,377.0,13.0,20.0,5.0,11.0,1.0,1.0,1.0,0.0,0.0,0.0,2.0,2.0,8.0,9.0,5.0,10.0,12.0,14.0,3.0,8.0,0.0,1.0,25.0,32.0,23.0,15.0,6.0,7.0,42.0,58.0,12.0,5.0,25.0,41.0,20.0,22.0,7.0,10.0,3.0,11.0,38.0,42.0,1.0,0.0,0.0,1.0,17.0,8.0,70.3,80.0,0.093,0.116,0.133,0.136,-1.4,-2.55,66.7,100.0
2026-03-14,12:00,76986,Premier League 25/26,25/26,Premier League,Matchweek 30,Sat,Away,D,0.0,0.0,Burnley,62.0,,,,,,https://www.sofascore.com/bournemouth-burnley/gskb,Ended,Bournemouth,for,2.55,1.4,3.0,3.0,0.0,0.0,3.0,3.0,8.0,5.0,5.0,11.0,471.0,283.0,377.0,199.0,20.0,13.0,11.0,5.0,1.0,1.0,0.0,1.0,0.0,0.0,2.0,2.0,9.0,8.0,10.0,5.0,14.0,12.0,8.0,3.0,1.0,0.0,32.0,25.0,15.0,23.0,7.0,6.0,58.0,42.0,5.0,12.0,41.0,25.0,22.0,20.0,10.0,7.0,11.0,3.0,42.0,38.0,0.0,1.0,1.0,0.0,8.0,17.0,80.0,70.3,0.116,0.093,0.136,0.133,-2.55,-1.4,100.0,66.7
2026-03-14,14:30,76986,Premier League 25/26,25/26,Premier League,Matchweek 30,Sat,Home,W,2.0,0.0,Everton,65.0,,,,,,https://www.sofascore.com/everton-arsenal/RY,Ended,Arsenal,for,2.7,1.05,2.0,2.0,2.0,0.0,0.0,2.0,8.0,3.0,11.0,12.0,581.0,321.0,503.0,238.0,16.0,15.0,12.0,11.0,2.0,1.0,0.0,0.0,0.0,0.0,3.0,4.0,9.0,4.0,9.0,2.0,12.0,5.0,13.0,4.0,0.0,0.0,40.0,15.0,14.0,14.0,4.0,2.0,54.0,46.0,6.0,11.0,35.0,31.0,21.0,17.0,7.0,5.0,4.0,16.0,29.0,33.0,1.0,0.0,0.0,0.0,3.0,12.0,86.6,74.1,0.108,0.117,0.28,0.333,-0.7,-1.05,100.0,57.1
2026-03-14,14:30,76986,Premier League 25/26,25/26,Premier League,Matchweek 30,Sat,Away,L,0.0,2.0,Arsenal,35.0,,,,,,https://www.sofascore.com/everton-arsenal/RY,Ended,Everton,for,1.05,2.7,2.0,2.0,0.0,2.0,2.0,0.0,3.0,8.0,12.0,11.0,321.0,581.0,238.0,503.0,15.0,16.0,11.0,12.0,1.0,2.0,0.0,0.0,0.0,0.0,4.0,3.0,4.0,9.0,2.0,9.0,5.0,12.0,4.0,13.0,0.0,0.0,15.0,40.0,14.0,14.0,2.0,4.0,46.0,54.0,11.0,6.0,31.0,35.0,17.0,21.0,5.0,7.0,16.0,4.0,33.0,29.0,0.0,1.0,0.0,0.0,12.0,3.0,74.1,86.6,0.117,0.108,0.333,0.28,-1.05,-0.7,57.1,100.0
2026-03-14,14:30,76986,Premier League 25/26,25/26,Premier League,Matchweek 30,Sat,Home,L,0.0,1.0,Newcastle United,67.0,,,,,,https://www.sofascore.com/newcastle-united-chelsea/NO,Ended,Chelsea,for,1.39,1.41,2.0,1.0,0.0,1.0,2.0,0.0,8.0,1.0,9.0,10.0,675.0,331.0,620.0,259.0,11.0,16.0,10.0,9.0,0.0,0.0,2.0,2.0,0.0,0.0,4.0,3.0,9.0,1.0,10.0,1.0,10.0,3.0,12.0,4.0,2.0,2.0,33.0,12.0,17.0,17.0,7.0,2.0,47.0,53.0,6.0,4.0,25.0,31.0,16.0,16.0,5.0,6.0,9.0,7.0,22.0,29.0,1.0,1.0,1.0,4.0,5.0,13.0,91.9,78.2,0.063,0.201,0.136,0.714,-1.39,-0.41,80.0,100.0
2026-03-14,14:30,76986,Premier League 25/26,25/26,Premier League,Matchweek 30,Sat,Away,W,1.0,0.0,Chelsea,33.0,,,,,,https://www.sofascore.com/newcastle-united-chelsea/NO,Ended,Newcastle United,for,1.41,1.39,1.0,2.0,1.0,0.0,0.0,2.0,1.0,8.0,10.0,9.0,331.0,675.0,259.0,620.0,16.0,11.0,9.0,10.0,0.0,0.0,2.0,2.0,0.0,0.0,3.0,4.0,1.0,9.0,1.0,10.0,3.0,10.0,4.0,12.0,2.0,2.0,12.0,33.0,17.0,17.0,2.0,7.0,53.0,47.0,4.0,6.0,31.0,25.0,16.0,16.0,6.0,5.0,7.0,9.0,29.0,22.0,1.0,1.0,4.0,1.0,13.0,5.0,78.2,91.9,0.201,0.063,0.714,0.136,-0.41,-1.39,100.0,80.0
2026-03-14,17:00,76986,Premier League 25/26,25/26,Premier League,Matchweek 30,Sat,Home,D,1.0,1.0,Manchester City,29.0,,,,,,https://www.sofascore.com/west-ham-united-manchester-city/rM,Ended,West Ham United,for,0.54,2.03,1.0,1.0,1.0,0.0,0.0,1.0,1.0,15.0,14.0,5.0,304.0,755.0,224.0,684.0,25.0,8.0,5.0,14.0,3.0,2.0,2.0,2.0,0.0,0.0,5.0,0.0,0.0,7.0,0.0,11.0,1.0,19.0,0.0,5.0,0.0,1.0,6.0,40.0,13.0,21.0,1.0,10.0,45.0,55.0,6.0,12.0,34.0,33.0,7.0,18.0,5.0,12.0,12.0,13.0,34.0,16.0,1.0,0.0,2.0,0.0,10.0,2.0,73.7,90.6,0.54,0.085,1.0,0.25,0.46,-1.03,83.3,0.0
2026-03-14,17:00,76986,Premier League 25/26,25/26,Premier League,Matchweek 30,Sat,Away,D,1.0,1.0,West Ham United,71.0,,,,,,https://www.sofascore.com/west-ham-united-manchester-city/rM,Ended,Manchester City,for,2.03,0.54,1.0,1.0,0.0,1.0,1.0,0.0,15.0,1.0,5.0,14.0,755.0,304.0,684.0,224.0,8.0,25.0,14.0,5.0,2.0,3.0,2.0,2.0,0.0,0.0,0.0,5.0,7.0,0.0,11.0,0.0,19.0,1.0,5.0,0.0,1.0,0.0,40.0,6.0,21.0,13.0,10.0,1.0,55.0,45.0,12.0,6.0,33.0,34.0,18.0,7.0,12.0,5.0,13.0,12.0,16.0,34.0,0.0,1.0,0.0,2.0,2.0,10.0,90.6,73.7,0.085,0.54,0.25,1.0,-1.03,0.46,0.0,83.3
2026-03-15,11:00,76986,Premier League 25/26,25/26,Premier League,Matchweek 30,Sun,Home,W,3.0,1.0,Aston Villa,52.0,,,,,,https://www.sofascore.com/aston-villa-manchester-united/KP,Ended,Manchester Utd,for,1.1,1.0,3.0,3.0,1.0,1.0,2.0,2.0,6.0,6.0,10.0,5.0,479.0,442.0,410.0,376.0,19.0,16.0,5.0,10.0,1.0,1.0,3.0,2.0,0.0,0.0,1.0,3.0,4.0,2.0,6.0,5.0,11.0,6.0,5.0,3.0,3.0,1.0,20.0,31.0,22.0,15.0,2.0,6.0,51.0,49.0,10.0,10.0,27.0,31.0,13.0,8.0,4.0,5.0,12.0,8.0,22.0,31.0,0.0,0.0,0.0,0.0,6.0,7.0,85.6,85.1,0.069,0.111,0.375,0.222,1.9,0.0,50.0,50.0
2026-03-15,11:00,76986,Premier League 25/26,25/26,Premier League,Matchweek 30,Sun,Away,L,1.0,3.0,Manchester Utd,48.0,,,,,,https://www.sofascore.com/aston-villa-manchester-united/KP,Ended,Aston Villa,for,1.0,1.1,3.0,3.0,1.0,1.0,2.0,2.0,6.0,6.0,5.0,10.0,442.0,479.0,376.0,410.0,16.0,19.0,10.0,5.0,1.0,1.0,2.0,3.0,0.0,0.0,3.0,1.0,2.0,4.0,5.0,6.0,6.0,11.0,3.0,5.0,1.0,3.0,31.0,20.0,15.0,22.0,6.0,2.0,49.0,51.0,10.0,10.0,31.0,27.0,8.0,13.0,5.0,4.0,8.0,12.0,31.0,22.0,0.0,0.0,0.0,0.0,7.0,6.0,85.1,85.6,0.111,0.069,0.222,0.375,0.0,1.9,50.0,50.0
2026-03-15,11:00,76986,Premier League 25/26,25/26,Premier League,Matchweek 30,Sun,Home,D,0.0,0.0,Fulham,46.0,,,,,,https://www.sofascore.com/fulham-nottingham-forest/osT,Ended,Nottingham Forest,for,0.95,1.03,1.0,1.0,0.0,0.0,1.0,1.0,5.0,4.0,8.0,11.0,401.0,474.0,321.0,378.0,8.0,16.0,11.0,8.0,3.0,1.0,2.0,3.0,0.0,0.0,1.0,2.0,5.0,2.0,4.0,3.0,5.0,5.0,6.0,1.0,2.0,0.0,18.0,15.0,28.0,26.0,3.0,3.0,48.0,52.0,6.0,7.0,28.0,32.0,14.0,13.0,10.0,8.0,7.0,10.0,22.0,22.0,1.0,0.0,0.0,0.0,5.0,12.0,80.0,79.7,0.086,0.172,0.182,0.167,-0.95,-1.03,100.0,100.0
2026-03-15,11:00,76986,Premier League 25/26,25/26,Premier League,Matchweek 30,Sun,Away,D,0.0,0.0,Nottingham Forest,54.0,,,,,,https://www.sofascore.com/fulham-nottingham-forest/osT,Ended,Fulham,for,1.03,0.95,1.0,1.0,0.0,0.0,1.0,1.0,4.0,5.0,11.0,8.0,474.0,401.0,378.0,321.0,16.0,8.0,8.0,11.0,1.0,3.0,3.0,2.0,0.0,0.0,2.0,1.0,2.0,5.0,3.0,4.0,5.0,5.0,1.0,6.0,0.0,2.0,15.0,18.0,26.0,28.0,3.0,3.0,52.0,48.0,7.0,6.0,32.0,28.0,13.0,14.0,8.0,10.0,10.0,7.0,22.0,22.0,0.0,1.0,0.0,0.0,12.0,5.0,79.7,80.0,0.172,0.086,0.167,0.182,-1.03,-0.95,100.0,100.0
2026-03-15,11:00,76986,Premier League 25/26,25/26,Premier League,Matchweek 30,Sun,Home,D,0.0,0.0,Leeds United,67.0,,,,,,https://www.sofascore.com/leeds-united-crystal-palace/hsJ,Ended,Crystal Palace,for,0.67,1.12,0.0,1.0,0.0,0.0,0.0,1.0,8.0,3.0,12.0,11.0,463.0,228.0,364.0,142.0,9.0,15.0,11.0,11.0,5.0,2.0,2.0,3.0,0.0,1.0,3.0,0.0,7.0,3.0,5.0,4.0,7.0,7.0,5.0,3.0,0.0,0.0,26.0,20.0,27.0,18.0,4.0,4.0,52.0,48.0,8.0,3.0,23.0,29.0,38.0,28.0,5.0,4.0,3.0,6.0,51.0,55.0,1.0,0.0,1.0,1.0,11.0,7.0,78.6,62.3,0.056,0.112,0.0,0.3,-0.67,-1.12,100.0,
2026-03-15,11:00,76986,Premier League 25/26,25/26,Premier League,Matchweek 30,Sun,Away,D,0.0,0.0,Crystal Palace,33.0,,,,,,https://www.sofascore.com/leeds-united-crystal-palace/hsJ,Ended,Leeds United,for,1.12,0.67,1.0,0.0,0.0,0.0,1.0,0.0,3.0,8.0,11.0,12.0,228.0,463.0,142.0,364.0,15.0,9.0,11.0,11.0,2.0,5.0,3.0,2.0,1.0,0.0,0.0,3.0,3.0,7.0,4.0,5.0,7.0,7.0,3.0,5.0,0.0,0.0,20.0,26.0,18.0,27.0,4.0,4.0,48.0,52.0,3.0,8.0,29.0,23.0,28.0,38.0,4.0,5.0,6.0,3.0,55.0,51.0,0.0,1.0,1.0,1.0,7.0,11.0,62.3,78.6,0.112,0.056,0.3,0.0,-1.12,-0.67,,100.0
2026-03-15,13:30,76986,Premier League 25/26,25/26,Premier League,Matchweek 30,Sun,Home,D,1.0,1.0,Tottenham Hotspur,63.0,,,,,,https://www.sofascore.com/liverpool-tottenham-hotspur/IsU,Ended,Liverpool FC,for,1.7,1.18,1.0,2.0,0.0,1.0,1.0,1.0,3.0,4.0,8.0,13.0,553.0,320.0,465.0,233.0,12.0,20.0,13.0,8.0,0.0,1.0,0.0,0.0,0.0,0.0,6.0,3.0,6.0,3.0,7.0,3.0,10.0,7.0,7.0,6.0,0.0,1.0,45.0,18.0,21.0,26.0,3.0,4.0,51.0,49.0,12.0,8.0,35.0,39.0,14.0,8.0,12.0,12.0,11.0,12.0,17.0,36.0,1.0,1.0,0.0,0.0,5.0,15.0,84.1,72.8,0.1,0.091,0.235,0.538,-0.7,-0.18,85.7,75.0
2026-03-15,13:30,76986,Premier League 25/26,25/26,Premier League,Matchweek 30,Sun,Away,D,1.0,1.0,Liverpool FC,37.0,,,,,,https://www.sofascore.com/liverpool-tottenham-hotspur/IsU,Ended,Tottenham Hotspur,for,1.18,1.7,2.0,1.0,1.0,0.0,1.0,1.0,4.0,3.0,13.0,8.0,320.0,553.0,233.0,465.0,20.0,12.0,8.0,13.0,1.0,0.0,0.0,0.0,0.0,0.0,3.0,6.0,3.0,6.0,3.0,7.0,7.0,10.0,6.0,7.0,1.0,0.0,18.0,45.0,26.0,21.0,4.0,3.0,49.0,51.0,8.0,12.0,39.0,35.0,8.0,14.0,12.0,12.0,12.0,11.0,36.0,17.0,1.0,1.0,0.0,0.0,15.0,5.0,72.8,84.1,0.091,0.1,0.538,0.235,-0.18,-0.7,75.0,85.7
2026-03-16,17:00,76986,Premier League 25/26,25/26,Premier League,Matchweek 30,Mon,Home,D,2.0,2.0,Wolves,50.0,,,,,,https://www.sofascore.com/brentford-wolverhampton/dsab,Ended,Brentford,for,2.56,1.33,5.0,3.0,2.0,1.0,3.0,2.0,1.0,5.0,12.0,10.0,438.0,428.0,336.0,346.0,15.0,8.0,10.0,12.0,0.0,2.0,2.0,4.0,0.0,0.0,2.0,1.0,0.0,3.0,7.0,6.0,9.0,9.0,1.0,4.0,2.0,0.0,23.0,28.0,24.0,30.0,7.0,7.0,58.0,42.0,4.0,5.0,28.0,25.0,20.0,10.0,3.0,6.0,11.0,8.0,25.0,27.0,0.0,1.0,1.0,1.0,7.0,13.0,76.7,80.8,0.256,0.102,0.3,0.308,-0.56,0.67,50.0,33.3
2026-03-16,17:00,76986,Premier League 25/26,25/26,Premier League,Matchweek 30,Mon,Away,D,2.0,2.0,Brentford,50.0,,,,,,https://www.sofascore.com/brentford-wolverhampton/dsab,Ended,Wolves,for,1.33,2.56,3.0,5.0,1.0,2.0,2.0,3.0,5.0,1.0,10.0,12.0,428.0,438.0,346.0,336.0,8.0,15.0,12.0,10.0,2.0,0.0,4.0,2.0,0.0,0.0,1.0,2.0,3.0,0.0,6.0,7.0,9.0,9.0,4.0,1.0,0.0,2.0,28.0,23.0,30.0,24.0,7.0,7.0,42.0,58.0,5.0,4.0,25.0,28.0,10.0,20.0,6.0,3.0,8.0,11.0,27.0,25.0,1.0,0.0,1.0,1.0,13.0,7.0,80.8,76.7,0.102,0.256,0.308,0.3,0.67,-0.56,33.3,50.0
2026-03-20,17:00,76986,Premier League 25/26,25/26,Premier League,Matchweek 31,Fri,Home,D,2.0,2.0,Manchester Utd,55.0,,,,,,https://www.sofascore.com/bournemouth-manchester-united/Kkb,Ended,Bournemouth,for,1.8,1.77,2.0,2.0,1.0,1.0,1.0,1.0,6.0,8.0,10.0,9.0,502.0,415.0,426.0,320.0,13.0,16.0,8.0,9.0,2.0,0.0,2.0,2.0,0.0,1.0,4.0,3.0,4.0,7.0,7.0,2.0,6.0,8.0,10.0,6.0,0.0,2.0,23.0,27.0,19.0,20.0,2.0,3.0,47.0,53.0,7.0,8.0,29.0,28.0,13.0,19.0,7.0,3.0,9.0,12.0,24.0,30.0,0.0,0.0,1.0,3.0,4.0,11.0,84.9,77.1,0.113,0.126,0.312,0.357,0.2,0.23,80.0,60.0
2026-03-20,17:00,76986,Premier League 25/26,25/26,Premier League,Matchweek 31,Fri,Away,D,2.0,2.0,Bournemouth,45.0,,,,,,https://www.sofascore.com/bournemouth-manchester-united/Kkb,Ended,Manchester Utd,for,1.77,1.8,2.0,2.0,1.0,1.0,1.0,1.0,8.0,6.0,9.0,10.0,415.0,502.0,320.0,426.0,16.0,13.0,9.0,8.0,0.0,2.0,2.0,2.0,1.0,0.0,3.0,4.0,7.0,4.0,2.0,7.0,8.0,6.0,6.0,10.0,2.0,0.0,27.0,23.0,20.0,19.0,3.0,2.0,53.0,47.0,8.0,7.0,28.0,29.0,19.0,13.0,3.0,7.0,12.0,9.0,30.0,24.0,0.0,0.0,3.0,1.0,11.0,4.0,77.1,84.9,0.126,0.113,0.357,0.312,0.23,0.2,60.0,80.0
2026-03-21,09:45,76986,Premier League 25/26,25/26,Premier League,Matchweek 31,Sat,Home,W,2.0,1.0,Liverpool FC,47.0,,,,,,https://www.sofascore.com/liverpool-brighton-and-hove-albion/FsU,Ended,Brighton,for,2.17,1.03,5.0,1.0,2.0,1.0,3.0,0.0,4.0,8.0,11.0,11.0,380.0,431.0,297.0,346.0,11.0,12.0,11.0,11.0,2.0,1.0,5.0,5.0,0.0,0.0,4.0,4.0,2.0,3.0,7.0,4.0,11.0,10.0,5.0,2.0,1.0,0.0,32.0,29.0,23.0,24.0,6.0,5.0,46.0,54.0,5.0,3.0,28.0,33.0,8.0,10.0,6.0,10.0,7.0,12.0,25.0,30.0,1.0,0.0,1.0,0.0,9.0,11.0,78.2,80.3,0.136,0.086,0.438,0.417,-0.17,-0.03,80.0,57.1
2026-03-21,09:45,76986,Premier League 25/26,25/26,Premier League,Matchweek 31,Sat,Away,L,1.0,2.0,Brighton,53.0,,,,,,https://www.sofascore.com/liverpool-brighton-and-hove-albion/FsU,Ended,Liverpool FC,for,1.03,2.17,1.0,5.0,1.0,2.0,0.0,3.0,8.0,4.0,11.0,11.0,431.0,380.0,346.0,297.0,12.0,11.0,11.0,11.0,1.0,2.0,5.0,5.0,0.0,0.0,4.0,4.0,3.0,2.0,4.0,7.0,10.0,11.0,2.0,5.0,0.0,1.0,29.0,32.0,24.0,23.0,5.0,6.0,54.0,46.0,3.0,5.0,33.0,28.0,10.0,8.0,10.0,6.0,12.0,7.0,30.0,25.0,0.0,1.0,0.0,1.0,11.0,9.0,80.3,78.2,0.086,0.136,0.417,0.438,-0.03,-0.17,57.1,80.0
2026-03-21,12:00,76986,Premier League 25/26,25/26,Premier League,Matchweek 31,Sat,Home,,,,Crystal Palace,,,,,,,https://www.sofascore.com/manchester-city-crystal-palace/hr,Postponed,Manchester City,for,,,,,,,,,,,,,,,,,,,,,,,,,,,,,,,,,,,,,,,,,,,,,,,,,,,,,,,,,,,,,,,,,,,,,,,,,,
2026-03-21,12:00,76986,Premier League 25/26,25/26,Premier League,Matchweek 31,Sat,Away,,,,Manchester City,,,,,,,https://www.sofascore.com/manchester-city-crystal-palace/hr,Postponed,Crystal Palace,for,,,,,,,,,,,,,,,,,,,,,,,,,,,,,,,,,,,,,,,,,,,,,,,,,,,,,,,,,,,,,,,,,,,,,,,,,,
2026-03-21,12:00,76986,Premier League 25/26,25/26,Premier League,Matchweek 31,Sat,Home,W,3.0,1.0,Burnley,56.0,,,,,,https://www.sofascore.com/fulham-burnley/gsT,Ended,Fulham,for,3.15,1.24,4.0,4.0,2.0,1.0,2.0,3.0,6.0,6.0,6.0,9.0,518.0,413.0,442.0,343.0,18.0,13.0,8.0,6.0,1.0,0.0,2.0,2.0,0.0,1.0,4.0,3.0,6.0,3.0,10.0,1.0,17.0,6.0,5.0,3.0,1.0,0.0,42.0,16.0,30.0,36.0,5.0,4.0,59.0,41.0,8.0,13.0,30.0,21.0,19.0,13.0,3.0,3.0,6.0,7.0,25.0,24.0,0.0,0.0,0.0,4.0,4.0,15.0,85.3,83.1,0.143,0.138,0.273,0.556,-0.15,-0.24,80.0,50.0
2026-03-21,12:00,76986,Premier League 25/26,25/26,Premier League,Matchweek 31,Sat,Away,L,1.0,3.0,Fulham,44.0,,,,,,https://www.sofascore.com/fulham-burnley/gsT,Ended,Burnley,for,1.24,3.15,4.0,4.0,1.0,2.0,3.0,2.0,6.0,6.0,9.0,6.0,413.0,518.0,343.0,442.0,13.0,18.0,6.0,8.0,0.0,1.0,2.0,2.0,1.0,0.0,3.0,4.0,3.0,6.0,1.0,10.0,6.0,17.0,3.0,5.0,0.0,1.0,16.0,42.0,36.0,30.0,4.0,5.0,41.0,59.0,13.0,8.0,21.0,30.0,13.0,19.0,3.0,3.0,7.0,6.0,24.0,25.0,0.0,0.0,4.0,0.0,15.0,4.0,83.1,85.3,0.138,0.143,0.556,0.273,-0.24,-0.15,50.0,80.0
2026-03-21,14:30,76986,Premier League 25/26,25/26,Premier League,Matchweek 31,Sat,Home,W,3.0,0.0,Chelsea,36.0,,,,,,https://www.sofascore.com/everton-chelsea/BQy,Ended,Everton,for,1.18,0.93,2.0,2.0,1.0,0.0,1.0,2.0,3.0,9.0,6.0,7.0,392.0,690.0,318.0,617.0,22.0,15.0,7.0,6.0,0.0,0.0,0.0,2.0,0.0,0.0,4.0,5.0,1.0,4.0,0.0,4.0,9.0,9.0,1.0,3.0,1.0,1.0,25.0,32.0,20.0,15.0,6.0,1.0,53.0,47.0,11.0,13.0,36.0,30.0,13.0,14.0,8.0,9.0,7.0,7.0,29.0,22.0,1.0,2.0,0.0,0.0,8.0,1.0,81.1,89.4,0.118,0.077,0.9,0.333,1.82,-0.93,100.0,55.6
2026-03-21,14:30,76986,Premier League 25/26,25/26,Premier League,Matchweek 31,Sat,Away,L,0.0,3.0,Everton,64.0,,,,,,https://www.sofascore.com/everton-chelsea/BQy,Ended,Chelsea,for,0.93,1.18,2.0,2.0,0.0,1.0,2.0,1.0,9.0,3.0,7.0,6.0,690.0,392.0,617.0,318.0,15.0,22.0,6.0,7.0,0.0,0.0,2.0,0.0,0.0,0.0,5.0,4.0,4.0,1.0,4.0,0.0,9.0,9.0,3.0,1.0,1.0,1.0,32.0,25.0,15.0,20.0,1.0,6.0,47.0,53.0,13.0,11.0,30.0,36.0,14.0,13.0,9.0,8.0,7.0,7.0,22.0,29.0,2.0,1.0,0.0,0.0,1.0,8.0,89.4,81.1,0.077,0.118,0.333,0.9,-0.93,1.82,55.6,100.0
2026-03-21,17:00,76986,Premier League 25/26,25/26,Premier League,Matchweek 31,Sat,Home,D,0.0,0.0,Brentford,57.0,,,,,,https://www.sofascore.com/brentford-leeds-united/Jsab,Ended,Leeds United,for,0.52,0.46,0.0,0.0,0.0,0.0,0.0,0.0,6.0,2.0,6.0,9.0,461.0,358.0,369.0,234.0,15.0,11.0,9.0,6.0,1.0,3.0,2.0,0.0,0.0,0.0,2.0,4.0,7.0,1.0,3.0,3.0,6.0,4.0,8.0,2.0,2.0,0.0,33.0,19.0,26.0,16.0,5.0,5.0,52.0,48.0,4.0,7.0,29.0,23.0,39.0,41.0,5.0,7.0,8.0,7.0,38.0,47.0,0.0,1.0,0.0,0.0,9.0,12.0,80.0,65.4,0.037,0.077,0.286,0.333,-0.52,-0.46,100.0,100.0
2026-03-21,17:00,76986,Premier League 25/26,25/26,Premier League,Matchweek 31,Sat,Away,D,0.0,0.0,Leeds United,43.0,,,,,,https://www.sofascore.com/brentford-leeds-united/Jsab,Ended,Brentford,for,0.46,0.52,0.0,0.0,0.0,0.0,0.0,0.0,2.0,6.0,9.0,6.0,358.0,461.0,234.0,369.0,11.0,15.0,6.0,9.0,3.0,1.0,0.0,2.0,0.0,0.0,4.0,2.0,1.0,7.0,3.0,3.0,4.0,6.0,2.0,8.0,0.0,2.0,19.0,33.0,16.0,26.0,5.0,5.0,48.0,52.0,7.0,4.0,23.0,29.0,41.0,39.0,7.0,5.0,7.0,8.0,47.0,38.0,1.0,0.0,0.0,0.0,12.0,9.0,65.4,80.0,0.077,0.037,0.333,0.286,-0.46,-0.52,100.0,100.0
2026-03-22,09:00,76986,Premier League 25/26,25/26,Premier League,Matchweek 31,Sun,Home,L,1.0,2.0,Sunderland,60.0,,,,,,https://www.sofascore.com/sunderland-newcastle-united/OQ,Ended,Newcastle United,for,1.29,2.44,1.0,3.0,1.0,2.0,0.0,1.0,9.0,5.0,8.0,19.0,403.0,262.0,328.0,187.0,13.0,17.0,19.0,8.0,1.0,0.0,1.0,6.0,0.0,0.0,4.0,3.0,4.0,5.0,8.0,5.0,8.0,11.0,8.0,6.0,0.0,0.0,22.0,30.0,19.0,13.0,7.0,6.0,56.0,44.0,7.0,6.0,36.0,28.0,17.0,13.0,4.0,5.0,6.0,4.0,38.0,32.0,0.0,0.0,1.0,0.0,7.0,12.0,81.4,71.4,0.081,0.144,0.25,0.412,-0.29,-0.44,57.1,75.0
2026-03-22,09:00,76986,Premier League 25/26,25/26,Premier League,Matchweek 31,Sun,Away,W,2.0,1.0,Newcastle United,40.0,,,,,,https://www.sofascore.com/sunderland-newcastle-united/OQ,Ended,Sunderland,for,2.44,1.29,3.0,1.0,2.0,1.0,1.0,0.0,5.0,9.0,19.0,8.0,262.0,403.0,187.0,328.0,17.0,13.0,8.0,19.0,0.0,1.0,6.0,1.0,0.0,0.0,3.0,4.0,5.0,4.0,5.0,8.0,11.0,8.0,6.0,8.0,0.0,0.0,30.0,22.0,13.0,19.0,6.0,7.0,44.0,56.0,6.0,7.0,28.0,36.0,13.0,17.0,5.0,4.0,4.0,6.0,32.0,38.0,0.0,0.0,0.0,1.0,12.0,7.0,71.4,81.4,0.144,0.081,0.412,0.25,-0.44,-0.29,75.0,57.1
2026-03-22,11:15,76986,Premier League 25/26,25/26,Premier League,Matchweek 31,Sun,Home,L,0.0,3.0,Nottingham Forest,59.0,,,,,,https://www.sofascore.com/tottenham-hotspur-nottingham-forest/osI,Ended,Tottenham Hotspur,for,1.25,1.34,3.0,3.0,0.0,2.0,3.0,1.0,13.0,3.0,13.0,13.0,459.0,336.0,365.0,252.0,19.0,21.0,13.0,13.0,2.0,0.0,1.0,2.0,0.0,0.0,4.0,3.0,6.0,1.0,5.0,0.0,7.0,6.0,7.0,2.0,0.0,0.0,27.0,16.0,14.0,21.0,6.0,3.0,56.0,44.0,10.0,10.0,44.0,39.0,28.0,18.0,13.0,6.0,7.0,9.0,14.0,40.0,0.0,0.0,0.0,0.0,5.0,11.0,79.5,75.0,0.089,0.168,0.214,0.875,-1.25,1.66,57.1,100.0
2026-03-22,11:15,76986,Premier League 25/26,25/26,Premier League,Matchweek 31,Sun,Away,W,3.0,0.0,Tottenham Hotspur,41.0,,,,,,https://www.sofascore.com/tottenham-hotspur-nottingham-forest/osI,Ended,Nottingham Forest,for,1.34,1.25,3.0,3.0,2.0,0.0,1.0,3.0,3.0,13.0,13.0,13.0,336.0,459.0,252.0,365.0,21.0,19.0,13.0,13.0,0.0,2.0,2.0,1.0,0.0,0.0,3.0,4.0,1.0,6.0,0.0,5.0,6.0,7.0,2.0,7.0,0.0,0.0,16.0,27.0,21.0,14.0,3.0,6.0,44.0,56.0,10.0,10.0,39.0,44.0,18.0,28.0,6.0,13.0,9.0,7.0,40.0,14.0,0.0,0.0,0.0,0.0,11.0,5.0,75.0,79.5,0.168,0.089,0.875,0.214,1.66,-1.25,100.0,57.1
2026-03-22,11:15,76986,Premier League 25/26,25/26,Premier League,Matchweek 31,Sun,Home,W,2.0,0.0,West Ham United,59.0,,,,,,https://www.sofascore.com/aston-villa-west-ham-united/MP,Ended,Aston Villa,for,1.69,0.85,3.0,1.0,1.0,0.0,2.0,1.0,6.0,6.0,3.0,7.0,507.0,342.0,452.0,283.0,18.0,13.0,7.0,3.0,0.0,4.0,0.0,1.0,0.0,0.0,1.0,4.0,7.0,5.0,9.0,3.0,12.0,8.0,11.0,1.0,1.0,0.0,35.0,19.0,22.0,23.0,5.0,6.0,54.0,46.0,8.0,12.0,31.0,25.0,14.0,14.0,6.0,9.0,4.0,10.0,17.0,21.0,1.0,1.0,1.0,1.0,10.0,12.0,89.2,82.7,0.073,0.094,0.304,0.111,0.31,-0.85,100.0,57.1
2026-03-22,11:15,76986,Premier League 25/26,25/26,Premier League,Matchweek 31,Sun,Away,L,0.0,2.0,Aston Villa,41.0,,,,,,https://www.sofascore.com/aston-villa-west-ham-united/MP,Ended,West Ham United,for,0.85,1.69,1.0,3.0,0.0,1.0,1.0,2.0,6.0,6.0,7.0,3.0,342.0,507.0,283.0,452.0,13.0,18.0,3.0,7.0,4.0,0.0,1.0,0.0,0.0,0.0,4.0,1.0,5.0,7.0,3.0,9.0,8.0,12.0,1.0,11.0,0.0,1.0,19.0,35.0,23.0,22.0,6.0,5.0,46.0,54.0,12.0,8.0,25.0,31.0,14.0,14.0,9.0,6.0,10.0,4.0,21.0,17.0,1.0,1.0,1.0,1.0,12.0,10.0,82.7,89.2,0.094,0.073,0.111,0.304,-0.85,0.31,57.1,100.0
2026-04-10,16:00,76986,Premier League 25/26,25/26,Premier League,Matchweek 32,Fri,Home,W,4.0,0.0,Wolves,44.0,,,,,,https://www.sofascore.com/west-ham-united-wolverhampton/dsM,Ended,West Ham United,for,2.35,0.59,6.0,0.0,3.0,0.0,3.0,0.0,5.0,2.0,11.0,7.0,355.0,456.0,288.0,393.0,23.0,17.0,7.0,11.0,0.0,1.0,2.0,2.0,0.0,0.0,4.0,3.0,4.0,3.0,7.0,8.0,14.0,9.0,4.0,5.0,3.0,0.0,24.0,22.0,28.0,8.0,4.0,3.0,50.0,50.0,9.0,13.0,35.0,37.0,14.0,12.0,5.0,10.0,5.0,8.0,21.0,19.0,2.0,3.0,0.0,2.0,10.0,9.0,81.1,86.2,0.131,0.042,0.389,0.214,1.65,-0.59,133.3,42.9
2026-04-10,16:00,76986,Premier League 25/26,25/26,Premier League,Matchweek 32,Fri,Away,L,0.0,4.0,West Ham United,56.0,,,,,,https://www.sofascore.com/west-ham-united-wolverhampton/dsM,Ended,Wolves,for,0.59,2.35,0.0,6.0,0.0,3.0,0.0,3.0,2.0,5.0,7.0,11.0,456.0,355.0,393.0,288.0,17.0,23.0,11.0,7.0,1.0,0.0,2.0,2.0,0.0,0.0,3.0,4.0,3.0,4.0,8.0,7.0,9.0,14.0,5.0,4.0,0.0,3.0,22.0,24.0,8.0,28.0,3.0,4.0,50.0,50.0,13.0,9.0,37.0,35.0,12.0,14.0,10.0,5.0,8.0,5.0,19.0,21.0,3.0,2.0,2.0,0.0,9.0,10.0,86.2,81.1,0.042,0.131,0.214,0.389,-0.59,1.65,42.9,133.3
2026-04-11,08:30,76986,Premier League 25/26,25/26,Premier League,Matchweek 32,Sat,Home,L,1.0,2.0,Bournemouth,52.0,,,,,,https://www.sofascore.com/bournemouth-arsenal/Rkb,Ended,Arsenal,for,2.32,1.19,5.0,2.0,1.0,2.0,4.0,0.0,10.0,1.0,12.0,18.0,389.0,367.0,314.0,292.0,17.0,20.0,17.0,12.0,2.0,0.0,1.0,3.0,0.0,0.0,1.0,2.0,8.0,2.0,4.0,3.0,10.0,5.0,5.0,3.0,0.0,0.0,33.0,18.0,21.0,13.0,5.0,1.0,49.0,51.0,9.0,7.0,43.0,39.0,13.0,19.0,9.0,8.0,7.0,9.0,23.0,28.0,0.0,0.0,2.0,1.0,9.0,11.0,80.7,79.6,0.155,0.149,0.2,0.375,-1.32,0.81,33.3,66.7
2026-04-11,08:30,76986,Premier League 25/26,25/26,Premier League,Matchweek 32,Sat,Away,W,2.0,1.0,Arsenal,48.0,,,,,,https://www.sofascore.com/bournemouth-arsenal/Rkb,Ended,Bournemouth,for,1.19,2.32,2.0,5.0,2.0,1.0,0.0,4.0,1.0,10.0,18.0,12.0,367.0,389.0,292.0,314.0,20.0,17.0,12.0,17.0,0.0,2.0,3.0,1.0,0.0,0.0,2.0,1.0,2.0,8.0,3.0,4.0,5.0,10.0,3.0,5.0,0.0,0.0,18.0,33.0,13.0,21.0,1.0,5.0,51.0,49.0,7.0,9.0,39.0,43.0,19.0,13.0,8.0,9.0,9.0,7.0,28.0,23.0,0.0,0.0,1.0,2.0,11.0,9.0,79.6,80.7,0.149,0.155,0.375,0.2,0.81,-1.32,66.7,33.3
2026-04-11,11:00,76986,Premier League 25/26,25/26,Premier League,Matchweek 32,Sat,Home,D,2.0,2.0,Everton,55.0,,,,,,https://www.sofascore.com/brentford-everton/Ysab,Ended,Brentford,for,2.84,1.53,4.0,2.0,1.0,1.0,3.0,1.0,2.0,3.0,6.0,7.0,457.0,376.0,380.0,304.0,15.0,16.0,6.0,6.0,0.0,1.0,0.0,2.0,0.0,0.0,4.0,2.0,6.0,4.0,7.0,3.0,12.0,9.0,5.0,5.0,1.0,0.0,35.0,22.0,38.0,14.0,9.0,2.0,53.0,47.0,9.0,13.0,30.0,24.0,16.0,17.0,8.0,2.0,8.0,7.0,30.0,44.0,2.0,0.0,1.0,1.0,9.0,10.0,83.2,80.9,0.167,0.109,0.235,0.5,-0.84,0.47,57.1,50.0
2026-04-11,11:00,76986,Premier League 25/26,25/26,Premier League,Matchweek 32,Sat,Away,D,2.0,2.0,Brentford,45.0,,,,,,https://www.sofascore.com/brentford-everton/Ysab,Ended,Everton,for,1.53,2.84,2.0,4.0,1.0,1.0,1.0,3.0,3.0,2.0,7.0,6.0,376.0,457.0,304.0,380.0,16.0,15.0,6.0,6.0,1.0,0.0,2.0,0.0,0.0,0.0,2.0,4.0,4.0,6.0,3.0,7.0,9.0,12.0,5.0,5.0,0.0,1.0,22.0,35.0,14.0,38.0,2.0,9.0,47.0,53.0,13.0,9.0,24.0,30.0,17.0,16.0,2.0,8.0,7.0,8.0,44.0,30.0,0.0,2.0,1.0,1.0,10.0,9.0,80.9,83.2,0.109,0.167,0.5,0.235,0.47,-0.84,50.0,57.1
2026-04-11,11:00,76986,Premier League 25/26,25/26,Premier League,Matchweek 32,Sat,Home,L,0.0,2.0,Brighton,50.0,,,,,,https://www.sofascore.com/brighton-and-hove-albion-burnley/gsF,Ended,Burnley,for,0.88,1.93,1.0,1.0,0.0,0.0,1.0,1.0,8.0,2.0,7.0,11.0,475.0,477.0,387.0,397.0,11.0,29.0,11.0,7.0,2.0,1.0,2.0,1.0,0.0,0.0,3.0,4.0,2.0,4.0,3.0,3.0,8.0,9.0,2.0,4.0,0.0,0.0,15.0,39.0,28.0,19.0,6.0,8.0,46.0,54.0,15.0,7.0,33.0,43.0,12.0,9.0,12.0,7.0,10.0,18.0,25.0,26.0,1.0,0.0,0.0,1.0,9.0,6.0,81.5,83.2,0.088,0.148,0.5,0.462,-0.88,0.07,50.0,80.0
2026-04-11,11:00,76986,Premier League 25/26,25/26,Premier League,Matchweek 32,Sat,Away,W,2.0,0.0,Burnley,50.0,,,,,,https://www.sofascore.com/brighton-and-hove-albion-burnley/gsF,Ended,Brighton,for,1.93,0.88,1.0,1.0,0.0,0.0,1.0,1.0,2.0,8.0,11.0,7.0,477.0,475.0,397.0,387.0,29.0,11.0,7.0,11.0,1.0,2.0,1.0,2.0,0.0,0.0,4.0,3.0,4.0,2.0,3.0,3.0,9.0,8.0,4.0,2.0,0.0,0.0,39.0,15.0,19.0,28.0,8.0,6.0,54.0,46.0,7.0,15.0,43.0,33.0,9.0,12.0,7.0,12.0,18.0,10.0,26.0,25.0,0.0,1.0,1.0,0.0,6.0,9.0,83.2,81.5,0.148,0.088,0.462,0.5,0.07,-0.88,80.0,50.0
2026-04-11,13:30,76986,Premier League 25/26,25/26,Premier League,Matchweek 32,Sat,Home,W,2.0,0.0,Fulham,53.0,,,,,,https://www.sofascore.com/liverpool-fulham/TsU,Ended,Liverpool FC,for,1.59,1.04,4.0,2.0,0.0,0.0,4.0,2.0,6.0,9.0,10.0,4.0,510.0,435.0,447.0,371.0,17.0,20.0,4.0,10.0,4.0,2.0,0.0,0.0,0.0,0.0,4.0,3.0,6.0,8.0,7.0,7.0,14.0,13.0,4.0,6.0,1.0,0.0,47.0,42.0,29.0,24.0,2.0,11.0,41.0,59.0,10.0,9.0,26.0,35.0,8.0,14.0,5.0,6.0,7.0,15.0,26.0,28.0,0.0,0.0,1.0,1.0,8.0,6.0,87.6,85.3,0.088,0.055,0.278,0.211,0.41,-1.04,100.0,60.0
2026-04-11,13:30,76986,Premier League 25/26,25/26,Premier League,Matchweek 32,Sat,Away,L,0.0,2.0,Liverpool FC,47.0,,,,,,https://www.sofascore.com/liverpool-fulham/TsU,Ended,Fulham,for,1.04,1.59,2.0,4.0,0.0,0.0,2.0,4.0,9.0,6.0,4.0,10.0,435.0,510.0,371.0,447.0,20.0,17.0,10.0,4.0,2.0,4.0,0.0,0.0,0.0,0.0,3.0,4.0,8.0,6.0,7.0,7.0,13.0,14.0,6.0,4.0,0.0,1.0,42.0,47.0,24.0,29.0,11.0,2.0,59.0,41.0,9.0,10.0,35.0,26.0,14.0,8.0,6.0,5.0,15.0,7.0,28.0,26.0,0.0,0.0,1.0,1.0,6.0,8.0,85.3,87.6,0.055,0.088,0.211,0.278,-1.04,0.41,60.0,100.0
2026-04-12,10:00,76986,Premier League 25/26,25/26,Premier League,Matchweek 32,Sun,Home,W,1.0,0.0,Tottenham Hotspur,52.0,,,,,,https://www.sofascore.com/sunderland-tottenham-hotspur/IQ,Ended,Sunderland,for,1.33,0.84,3.0,1.0,0.0,0.0,3.0,1.0,2.0,6.0,14.0,15.0,403.0,365.0,318.0,301.0,22.0,10.0,15.0,14.0,0.0,0.0,3.0,3.0,0.0,0.0,7.0,1.0,3.0,1.0,8.0,3.0,8.0,10.0,5.0,1.0,0.0,1.0,20.0,25.0,19.0,22.0,6.0,8.0,54.0,46.0,6.0,11.0,43.0,28.0,7.0,15.0,8.0,5.0,9.0,8.0,22.0,28.0,0.0,0.0,0.0,0.0,9.0,13.0,78.9,82.5,0.102,0.076,0.154,0.636,-0.33,-0.84,100.0,50.0
2026-04-12,10:00,76986,Premier League 25/26,25/26,Premier League,Matchweek 32,Sun,Away,L,0.0,1.0,Sunderland,48.0,,,,,,https://www.sofascore.com/sunderland-tottenham-hotspur/IQ,Ended,Tottenham Hotspur,for,0.84,1.33,1.0,3.0,0.0,0.0,1.0,3.0,6.0,2.0,15.0,14.0,365.0,403.0,301.0,318.0,10.0,22.0,14.0,15.0,0.0,0.0,3.0,3.0,0.0,0.0,1.0,7.0,1.0,3.0,3.0,8.0,10.0,8.0,1.0,5.0,1.0,0.0,25.0,20.0,22.0,19.0,8.0,6.0,46.0,54.0,11.0,6.0,28.0,43.0,15.0,7.0,5.0,8.0,8.0,9.0,28.0,22.0,0.0,0.0,0.0,0.0,13.0,9.0,82.5,78.9,0.076,0.102,0.636,0.154,-0.84,-0.33,50.0,100.0
2026-04-12,10:00,76986,Premier League 25/26,25/26,Premier League,Matchweek 32,Sun,Home,D,1.0,1.0,Aston Villa,41.0,,,,,,https://www.sofascore.com/aston-villa-nottingham-forest/osP,Ended,Nottingham Forest,for,1.15,1.02,1.0,3.0,0.0,0.0,1.0,3.0,7.0,3.0,15.0,10.0,336.0,501.0,278.0,442.0,15.0,15.0,10.0,15.0,1.0,2.0,2.0,2.0,0.0,0.0,5.0,4.0,5.0,1.0,6.0,7.0,9.0,8.0,6.0,4.0,0.0,0.0,35.0,22.0,19.0,21.0,6.0,3.0,47.0,53.0,9.0,9.0,28.0,38.0,15.0,10.0,5.0,10.0,9.0,8.0,21.0,12.0,0.0,0.0,0.0,1.0,8.0,10.0,82.7,88.2,0.077,0.085,0.267,0.417,-0.15,-0.02,100.0,100.0
2026-04-12,10:00,76986,Premier League 25/26,25/26,Premier League,Matchweek 32,Sun,Away,D,1.0,1.0,Nottingham Forest,59.0,,,,,,https://www.sofascore.com/aston-villa-nottingham-forest/osP,Ended,Aston Villa,for,1.02,1.15,3.0,1.0,0.0,0.0,3.0,1.0,3.0,7.0,10.0,15.0,501.0,336.0,442.0,278.0,15.0,15.0,15.0,10.0,2.0,1.0,2.0,2.0,0.0,0.0,4.0,5.0,1.0,5.0,7.0,6.0,8.0,9.0,4.0,6.0,0.0,0.0,22.0,35.0,21.0,19.0,3.0,6.0,53.0,47.0,9.0,9.0,38.0,28.0,10.0,15.0,10.0,5.0,8.0,9.0,12.0,21.0,0.0,0.0,1.0,0.0,10.0,8.0,88.2,82.7,0.085,0.077,0.417,0.267,-0.02,-0.15,100.0,100.0
2026-04-12,10:00,76986,Premier League 25/26,25/26,Premier League,Matchweek 32,Sun,Home,W,2.0,1.0,Newcastle United,41.0,,,,,,https://www.sofascore.com/newcastle-united-crystal-palace/hO,Ended,Crystal Palace,for,2.56,1.13,4.0,2.0,2.0,1.0,2.0,1.0,2.0,4.0,17.0,12.0,380.0,542.0,303.0,437.0,21.0,6.0,11.0,17.0,1.0,0.0,0.0,3.0,0.0,0.0,2.0,3.0,3.0,3.0,3.0,1.0,9.0,5.0,2.0,2.0,1.0,0.0,21.0,14.0,23.0,20.0,5.0,1.0,51.0,49.0,3.0,12.0,33.0,30.0,16.0,18.0,1.0,8.0,12.0,12.0,41.0,16.0,1.0,0.0,0.0,1.0,2.0,8.0,79.7,80.6,0.233,0.161,0.455,0.429,-0.56,-0.13,66.7,60.0
2026-04-12,10:00,76986,Premier League 25/26,25/26,Premier League,Matchweek 32,Sun,Away,L,1.0,2.0,Crystal Palace,59.0,,,,,,https://www.sofascore.com/newcastle-united-crystal-palace/hO,Ended,Newcastle United,for,1.13,2.56,2.0,4.0,1.0,2.0,1.0,2.0,4.0,2.0,12.0,17.0,542.0,380.0,437.0,303.0,6.0,21.0,17.0,11.0,0.0,1.0,3.0,0.0,0.0,0.0,3.0,2.0,3.0,3.0,1.0,3.0,5.0,9.0,2.0,2.0,0.0,1.0,14.0,21.0,20.0,23.0,1.0,5.0,49.0,51.0,12.0,3.0,30.0,33.0,18.0,16.0,8.0,1.0,12.0,12.0,16.0,41.0,0.0,1.0,1.0,0.0,8.0,2.0,80.6,79.7,0.161,0.233,0.429,0.455,-0.13,-0.56,60.0,66.7
2026-04-12,12:30,76986,Premier League 25/26,25/26,Premier League,Matchweek 32,Sun,Home,L,0.0,3.0,Manchester City,37.0,,,,,,https://www.sofascore.com/chelsea-manchester-city/rN,Ended,Chelsea,for,1.14,2.29,1.0,3.0,0.0,3.0,1.0,0.0,4.0,12.0,10.0,15.0,407.0,685.0,342.0,627.0,21.0,20.0,15.0,10.0,6.0,0.0,3.0,1.0,0.0,0.0,5.0,3.0,5.0,6.0,4.0,4.0,7.0,14.0,5.0,4.0,1.0,1.0,15.0,47.0,12.0,20.0,4.0,6.0,47.0,53.0,12.0,7.0,42.0,41.0,3.0,9.0,7.0,11.0,5.0,8.0,21.0,10.0,0.0,0.0,0.0,1.0,7.0,6.0,84.0,91.5,0.095,0.127,0.25,0.444,-1.14,0.71,62.5,100.0
2026-04-12,12:30,76986,Premier League 25/26,25/26,Premier League,Matchweek 32,Sun,Away,W,3.0,0.0,Chelsea,63.0,,,,,,https://www.sofascore.com/chelsea-manchester-city/rN,Ended,Manchester City,for,2.29,1.14,3.0,1.0,3.0,0.0,0.0,1.0,12.0,4.0,15.0,10.0,685.0,407.0,627.0,342.0,20.0,21.0,10.0,15.0,0.0,6.0,1.0,3.0,0.0,0.0,3.0,5.0,6.0,5.0,4.0,4.0,14.0,7.0,4.0,5.0,1.0,1.0,47.0,15.0,20.0,12.0,6.0,4.0,53.0,47.0,7.0,12.0,41.0,42.0,9.0,3.0,11.0,7.0,8.0,5.0,10.0,21.0,0.0,0.0,1.0,0.0,6.0,7.0,91.5,84.0,0.127,0.095,0.444,0.25,0.71,-1.14,100.0,62.5
2026-04-13,16:00,76986,Premier League 25/26,25/26,Premier League,Matchweek 32,Mon,Home,L,1.0,2.0,Leeds United,53.0,,,,,,https://www.sofascore.com/manchester-united-leeds-united/JsK,Ended,Manchester Utd,for,1.27,2.57,1.0,4.0,1.0,0.0,0.0,4.0,11.0,4.0,12.0,15.0,497.0,453.0,420.0,376.0,18.0,12.0,15.0,12.0,1.0,0.0,3.0,2.0,1.0,0.0,3.0,6.0,6.0,5.0,5.0,4.0,15.0,11.0,5.0,4.0,0.0,0.0,36.0,32.0,29.0,31.0,6.0,8.0,58.0,42.0,8.0,10.0,38.0,32.0,24.0,13.0,7.0,9.0,15.0,7.0,25.0,37.0,3.0,0.0,0.0,1.0,8.0,10.0,84.5,83.0,0.064,0.171,0.45,0.4,-0.27,-0.57,50.0,66.7
2026-04-13,16:00,76986,Premier League 25/26,25/26,Premier League,Matchweek 32,Mon,Away,W,2.0,1.0,Manchester Utd,47.0,,,,,,https://www.sofascore.com/manchester-united-leeds-united/JsK,Ended,Leeds United,for,2.57,1.27,4.0,1.0,0.0,1.0,4.0,0.0,4.0,11.0,15.0,12.0,453.0,497.0,376.0,420.0,12.0,18.0,12.0,15.0,0.0,1.0,2.0,3.0,0.0,1.0,6.0,3.0,5.0,6.0,4.0,5.0,11.0,15.0,4.0,5.0,0.0,0.0,32.0,36.0,31.0,29.0,8.0,6.0,42.0,58.0,10.0,8.0,32.0,38.0,13.0,24.0,9.0,7.0,7.0,15.0,37.0,25.0,0.0,3.0,1.0,0.0,10.0,8.0,83.0,84.5,0.171,0.064,0.4,0.45,-0.57,-0.27,66.7,50.0
2026-04-18,08:30,76986,Premier League 25/26,25/26,Premier League,Matchweek 33,Sat,Home,D,0.0,0.0,Fulham,48.0,,,,,,https://www.sofascore.com/brentford-fulham/Tsab,Ended,Brentford,for,1.43,0.77,4.0,1.0,0.0,0.0,4.0,1.0,9.0,3.0,8.0,13.0,391.0,435.0,310.0,355.0,12.0,13.0,13.0,8.0,1.0,1.0,0.0,1.0,0.0,0.0,0.0,4.0,3.0,6.0,6.0,5.0,12.0,8.0,1.0,3.0,0.0,2.0,22.0,20.0,16.0,16.0,8.0,2.0,51.0,49.0,5.0,7.0,30.0,26.0,18.0,20.0,7.0,5.0,3.0,5.0,15.0,22.0,1.0,1.0,2.0,1.0,9.0,14.0,79.3,81.6,0.11,0.07,0.308,0.0,-1.43,-0.77,,100.0
2026-04-18,08:30,76986,Premier League 25/26,25/26,Premier League,Matchweek 33,Sat,Away,D,0.0,0.0,Brentford,52.0,,,,,,https://www.sofascore.com/brentford-fulham/Tsab,Ended,Fulham,for,0.77,1.43,1.0,4.0,0.0,0.0,1.0,4.0,3.0,9.0,13.0,8.0,435.0,391.0,355.0,310.0,13.0,12.0,8.0,13.0,1.0,1.0,1.0,0.0,0.0,0.0,4.0,0.0,6.0,3.0,5.0,6.0,8.0,12.0,3.0,1.0,2.0,0.0,20.0,22.0,16.0,16.0,2.0,8.0,49.0,51.0,7.0,5.0,26.0,30.0,20.0,18.0,5.0,7.0,5.0,3.0,22.0,15.0,1.0,1.0,1.0,2.0,14.0,9.0,81.6,79.3,0.07,0.11,0.0,0.308,-0.77,-1.43,100.0,
2026-04-18,11:00,76986,Premier League 25/26,25/26,Premier League,Matchweek 33,Sat,Home,L,1.0,2.0,Bournemouth,54.0,,,,,,https://www.sofascore.com/bournemouth-newcastle-united/Okb,Ended,Newcastle United,for,1.59,2.99,2.0,4.0,1.0,2.0,1.0,2.0,2.0,3.0,11.0,12.0,436.0,386.0,346.0,288.0,15.0,25.0,12.0,11.0,1.0,1.0,2.0,4.0,0.0,0.0,1.0,2.0,5.0,3.0,4.0,6.0,11.0,7.0,1.0,5.0,0.0,2.0,41.0,23.0,22.0,17.0,5.0,4.0,46.0,54.0,13.0,5.0,34.0,43.0,24.0,24.0,7.0,7.0,2.0,6.0,25.0,27.0,0.0,0.0,0.0,1.0,12.0,11.0,79.4,74.6,0.133,0.249,0.25,0.25,-0.59,-0.99,33.3,66.7
2026-04-18,11:00,76986,Premier League 25/26,25/26,Premier League,Matchweek 33,Sat,Away,W,2.0,1.0,Newcastle United,46.0,,,,,,https://www.sofascore.com/bournemouth-newcastle-united/Okb,Ended,Bournemouth,for,2.99,1.59,4.0,2.0,2.0,1.0,2.0,1.0,3.0,2.0,12.0,11.0,386.0,436.0,288.0,346.0,25.0,15.0,11.0,12.0,1.0,1.0,4.0,2.0,0.0,0.0,2.0,1.0,3.0,5.0,6.0,4.0,7.0,11.0,5.0,1.0,2.0,0.0,23.0,41.0,17.0,22.0,4.0,5.0,54.0,46.0,5.0,13.0,43.0,34.0,24.0,24.0,7.0,7.0,6.0,2.0,27.0,25.0,0.0,0.0,1.0,0.0,11.0,12.0,74.6,79.4,0.249,0.133,0.25,0.25,-0.99,-0.59,66.7,33.3
2026-04-18,11:00,76986,Premier League 25/26,25/26,Premier League,Matchweek 33,Sat,Home,W,3.0,0.0,Wolves,56.0,,,,,,https://www.sofascore.com/leeds-united-wolverhampton/dsJ,Ended,Leeds United,for,2.82,0.57,7.0,2.0,3.0,0.0,4.0,2.0,5.0,6.0,9.0,17.0,465.0,357.0,378.0,264.0,12.0,23.0,16.0,9.0,0.0,1.0,2.0,1.0,0.0,0.0,1.0,3.0,4.0,3.0,7.0,2.0,15.0,7.0,2.0,0.0,0.0,0.0,29.0,19.0,24.0,29.0,4.0,4.0,45.0,55.0,17.0,6.0,32.0,37.0,11.0,16.0,5.0,5.0,15.0,4.0,22.0,35.0,0.0,0.0,1.0,1.0,3.0,9.0,81.3,73.9,0.166,0.081,0.353,0.286,0.18,-0.57,50.0,50.0
2026-04-18,11:00,76986,Premier League 25/26,25/26,Premier League,Matchweek 33,Sat,Away,L,0.0,3.0,Leeds United,44.0,,,,,,https://www.sofascore.com/leeds-united-wolverhampton/dsJ,Ended,Wolves,for,0.57,2.82,2.0,7.0,0.0,3.0,2.0,4.0,6.0,5.0,17.0,9.0,357.0,465.0,264.0,378.0,23.0,12.0,9.0,16.0,1.0,0.0,1.0,2.0,0.0,0.0,3.0,1.0,3.0,4.0,2.0,7.0,7.0,15.0,0.0,2.0,0.0,0.0,19.0,29.0,29.0,24.0,4.0,4.0,55.0,45.0,6.0,17.0,37.0,32.0,16.0,11.0,5.0,5.0,4.0,15.0,35.0,22.0,0.0,0.0,1.0,1.0,9.0,3.0,73.9,81.3,0.081,0.166,0.286,0.353,-0.57,0.18,50.0,50.0
2026-04-18,13:30,76986,Premier League 25/26,25/26,Premier League,Matchweek 33,Sat,Home,D,2.0,2.0,Brighton,42.0,,,,,,https://www.sofascore.com/tottenham-hotspur-brighton-and-hove-albion/FsI,Ended,Tottenham Hotspur,for,1.09,0.82,3.0,2.0,1.0,0.0,2.0,2.0,7.0,5.0,14.0,14.0,328.0,435.0,263.0,364.0,14.0,14.0,14.0,14.0,2.0,0.0,3.0,1.0,0.0,0.0,1.0,4.0,3.0,3.0,4.0,4.0,10.0,8.0,3.0,2.0,0.0,0.0,32.0,30.0,12.0,14.0,3.0,8.0,49.0,51.0,6.0,10.0,40.0,33.0,13.0,23.0,13.0,5.0,11.0,8.0,32.0,28.0,0.0,0.0,0.0,0.0,7.0,6.0,80.2,83.7,0.084,0.082,0.462,0.3,0.91,1.18,33.3,66.7
2026-04-18,13:30,76986,Premier League 25/26,25/26,Premier League,Matchweek 33,Sat,Away,D,2.0,2.0,Tottenham Hotspur,58.0,,,,,,https://www.sofascore.com/tottenham-hotspur-brighton-and-hove-albion/FsI,Ended,Brighton,for,0.82,1.09,2.0,3.0,0.0,1.0,2.0,2.0,5.0,7.0,14.0,14.0,435.0,328.0,364.0,263.0,14.0,14.0,14.0,14.0,0.0,2.0,1.0,3.0,0.0,0.0,4.0,1.0,3.0,3.0,4.0,4.0,8.0,10.0,2.0,3.0,0.0,0.0,30.0,32.0,14.0,12.0,8.0,3.0,51.0,49.0,10.0,6.0,33.0,40.0,23.0,13.0,5.0,13.0,8.0,11.0,28.0,32.0,0.0,0.0,0.0,0.0,6.0,7.0,83.7,80.2,0.082,0.084,0.3,0.462,1.18,0.91,66.7,33.3
2026-04-18,16:00,76986,Premier League 25/26,25/26,Premier League,Matchweek 33,Sat,Home,L,0.0,1.0,Manchester Utd,59.0,,,,,,https://www.sofascore.com/chelsea-manchester-united/mcYb,Ended,Chelsea,for,1.57,0.29,0.0,1.0,0.0,1.0,0.0,0.0,7.0,1.0,12.0,13.0,605.0,431.0,541.0,362.0,10.0,16.0,13.0,12.0,2.0,0.0,1.0,3.0,0.0,0.0,1.0,3.0,13.0,2.0,5.0,1.0,11.0,1.0,10.0,3.0,1.0,0.0,40.0,10.0,30.0,15.0,8.0,1.0,46.0,54.0,9.0,5.0,26.0,29.0,6.0,9.0,5.0,2.0,10.0,6.0,14.0,29.0,1.0,2.0,0.0,0.0,5.0,8.0,89.4,84.0,0.075,0.072,0.143,0.25,-1.57,0.71,100.0,100.0
2026-04-18,16:00,76986,Premier League 25/26,25/26,Premier League,Matchweek 33,Sat,Away,W,1.0,0.0,Chelsea,41.0,,,,,,https://www.sofascore.com/chelsea-manchester-united/mcYb,Ended,Manchester Utd,for,0.29,1.57,1.0,0.0,1.0,0.0,0.0,0.0,1.0,7.0,13.0,12.0,431.0,605.0,362.0,541.0,16.0,10.0,12.0,13.0,0.0,2.0,3.0,1.0,0.0,0.0,3.0,1.0,2.0,13.0,1.0,5.0,1.0,11.0,3.0,10.0,0.0,1.0,10.0,40.0,15.0,30.0,1.0,8.0,54.0,46.0,5.0,9.0,29.0,26.0,9.0,6.0,2.0,5.0,6.0,10.0,29.0,14.0,2.0,1.0,0.0,0.0,8.0,5.0,84.0,89.4,0.072,0.075,0.25,0.143,0.71,-1.57,100.0,100.0
2026-04-19,10:00,76986,Premier League 25/26,25/26,Premier League,Matchweek 33,Sun,Home,L,1.0,2.0,Liverpool FC,44.0,,,,,,https://www.sofascore.com/everton-liverpool/UsY,Ended,Everton,for,0.79,1.45,2.0,2.0,1.0,2.0,1.0,0.0,1.0,6.0,8.0,12.0,377.0,498.0,288.0,413.0,29.0,12.0,12.0,8.0,4.0,0.0,2.0,0.0,0.0,0.0,3.0,3.0,1.0,4.0,5.0,4.0,7.0,7.0,3.0,7.0,0.0,3.0,20.0,18.0,25.0,15.0,4.0,2.0,63.0,37.0,6.0,20.0,44.0,23.0,19.0,14.0,4.0,5.0,10.0,10.0,28.0,25.0,1.0,0.0,0.0,1.0,5.0,7.0,76.4,82.9,0.079,0.104,0.4,0.429,0.21,0.55,50.0,75.0
2026-04-19,10:00,76986,Premier League 25/26,25/26,Premier League,Matchweek 33,Sun,Away,W,2.0,1.0,Everton,56.0,,,,,,https://www.sofascore.com/everton-liverpool/UsY,Ended,Liverpool FC,for,1.45,0.79,2.0,2.0,2.0,1.0,0.0,1.0,6.0,1.0,12.0,8.0,498.0,377.0,413.0,288.0,12.0,29.0,8.0,12.0,0.0,4.0,0.0,2.0,0.0,0.0,3.0,3.0,4.0,1.0,4.0,5.0,7.0,7.0,7.0,3.0,3.0,0.0,18.0,20.0,15.0,25.0,2.0,4.0,37.0,63.0,20.0,6.0,23.0,44.0,14.0,19.0,5.0,4.0,10.0,10.0,25.0,28.0,0.0,1.0,1.0,0.0,7.0,5.0,82.9,76.4,0.104,0.079,0.429,0.4,0.55,0.21,75.0,50.0
2026-04-19,10:00,76986,Premier League 25/26,25/26,Premier League,Matchweek 33,Sun,Home,W,4.0,3.0,Sunderland,50.0,,,,,,https://www.sofascore.com/sunderland-aston-villa/nrqc,Ended,Aston Villa,for,2.84,1.73,7.0,3.0,4.0,2.0,3.0,1.0,4.0,5.0,11.0,11.0,403.0,406.0,341.0,340.0,10.0,14.0,11.0,11.0,0.0,3.0,1.0,3.0,0.0,0.0,4.0,3.0,3.0,1.0,5.0,2.0,10.0,8.0,5.0,2.0,0.0,2.0,26.0,16.0,31.0,13.0,6.0,4.0,49.0,51.0,8.0,6.0,27.0,28.0,11.0,12.0,6.0,5.0,5.0,7.0,20.0,23.0,1.0,1.0,1.0,0.0,8.0,4.0,84.6,83.7,0.189,0.173,0.467,0.7,1.16,1.27,57.1,42.9
2026-04-19,10:00,76986,Premier League 25/26,25/26,Premier League,Matchweek 33,Sun,Away,L,3.0,4.0,Aston Villa,50.0,,,,,,https://www.sofascore.com/sunderland-aston-villa/nrqc,Ended,Sunderland,for,1.73,2.84,3.0,7.0,2.0,4.0,1.0,3.0,5.0,4.0,11.0,11.0,406.0,403.0,340.0,341.0,14.0,10.0,11.0,11.0,3.0,0.0,3.0,1.0,0.0,0.0,3.0,4.0,1.0,3.0,2.0,5.0,8.0,10.0,2.0,5.0,2.0,0.0,16.0,26.0,13.0,31.0,4.0,6.0,51.0,49.0,6.0,8.0,28.0,27.0,12.0,11.0,5.0,6.0,7.0,5.0,23.0,20.0,1.0,1.0,0.0,1.0,4.0,8.0,83.7,84.6,0.173,0.189,0.7,0.467,1.27,1.16,42.9,57.1
2026-04-19,10:00,76986,Premier League 25/26,25/26,Premier League,Matchweek 33,Sun,Home,W,4.0,1.0,Burnley,51.0,,,,,,https://www.sofascore.com/nottingham-forest-burnley/gso,Ended,Nottingham Forest,for,1.19,0.36,2.0,1.0,2.0,1.0,0.0,0.0,4.0,4.0,8.0,12.0,474.0,453.0,389.0,370.0,22.0,22.0,12.0,8.0,2.0,0.0,0.0,2.0,0.0,0.0,2.0,1.0,2.0,1.0,4.0,0.0,8.0,3.0,2.0,1.0,1.0,0.0,24.0,12.0,21.0,23.0,5.0,4.0,55.0,45.0,14.0,13.0,43.0,31.0,11.0,13.0,9.0,2.0,5.0,13.0,17.0,34.0,0.0,0.0,1.0,3.0,1.0,7.0,82.1,81.7,0.119,0.09,0.4,0.75,2.81,0.64,66.7,25.0
2026-04-19,10:00,76986,Premier League 25/26,25/26,Premier League,Matchweek 33,Sun,Away,L,1.0,4.0,Nottingham Forest,49.0,,,,,,https://www.sofascore.com/nottingham-forest-burnley/gso,Ended,Burnley,for,0.36,1.19,1.0,2.0,1.0,2.0,0.0,0.0,4.0,4.0,12.0,8.0,453.0,474.0,370.0,389.0,22.0,22.0,8.0,12.0,0.0,2.0,2.0,0.0,0.0,0.0,1.0,2.0,1.0,2.0,0.0,4.0,3.0,8.0,1.0,2.0,0.0,1.0,12.0,24.0,23.0,21.0,4.0,5.0,45.0,55.0,13.0,14.0,31.0,43.0,13.0,11.0,2.0,9.0,13.0,5.0,34.0,17.0,0.0,0.0,3.0,1.0,7.0,1.0,81.7,82.1,0.09,0.119,0.75,0.4,0.64,2.81,25.0,66.7
2026-04-19,12:30,76986,Premier League 25/26,25/26,Premier League,Matchweek 33,Sun,Home,W,2.0,1.0,Arsenal,59.0,,,,,,https://www.sofascore.com/arsenal-manchester-city/rsR,Ended,Manchester City,for,1.36,1.62,5.0,5.0,2.0,1.0,3.0,4.0,8.0,5.0,5.0,12.0,498.0,348.0,424.0,262.0,12.0,22.0,12.0,5.0,0.0,4.0,2.0,2.0,0.0,0.0,1.0,2.0,5.0,3.0,5.0,3.0,13.0,8.0,2.0,1.0,1.0,2.0,40.0,14.0,24.0,22.0,3.0,2.0,54.0,46.0,11.0,7.0,32.0,30.0,19.0,13.0,9.0,3.0,9.0,9.0,27.0,26.0,0.0,2.0,0.0,0.0,9.0,13.0,85.1,75.3,0.091,0.18,0.333,0.333,0.64,-0.62,33.3,40.0
2026-04-19,12:30,76986,Premier League 25/26,25/26,Premier League,Matchweek 33,Sun,Away,L,1.0,2.0,Manchester City,41.0,,,,,,https://www.sofascore.com/arsenal-manchester-city/rsR,Ended,Arsenal,for,1.62,1.36,5.0,5.0,1.0,2.0,4.0,3.0,5.0,8.0,12.0,5.0,348.0,498.0,262.0,424.0,22.0,12.0,5.0,12.0,4.0,0.0,2.0,2.0,0.0,0.0,2.0,1.0,3.0,5.0,3.0,5.0,8.0,13.0,1.0,2.0,2.0,1.0,14.0,40.0,22.0,24.0,2.0,3.0,46.0,54.0,7.0,11.0,30.0,32.0,13.0,19.0,3.0,9.0,9.0,9.0,26.0,27.0,2.0,0.0,0.0,0.0,13.0,9.0,75.3,85.1,0.18,0.091,0.333,0.333,-0.62,0.64,40.0,33.3
2026-04-20,16:00,76986,Premier League 25/26,25/26,Premier League,Matchweek 33,Mon,Home,D,0.0,0.0,West Ham United,54.0,,,,,,https://www.sofascore.com/west-ham-united-crystal-palace/hsM,Ended,Crystal Palace,for,0.73,0.61,1.0,1.0,0.0,0.0,1.0,1.0,4.0,6.0,13.0,12.0,454.0,366.0,370.0,271.0,13.0,16.0,12.0,13.0,0.0,2.0,2.0,1.0,0.0,0.0,3.0,1.0,1.0,2.0,7.0,3.0,5.0,7.0,4.0,2.0,0.0,0.0,18.0,28.0,16.0,19.0,4.0,4.0,44.0,56.0,10.0,6.0,27.0,38.0,17.0,17.0,4.0,10.0,5.0,6.0,41.0,30.0,0.0,0.0,1.0,1.0,7.0,10.0,81.5,74.0,0.081,0.068,0.111,0.444,-0.73,-0.61,75.0,100.0
2026-04-20,16:00,76986,Premier League 25/26,25/26,Premier League,Matchweek 33,Mon,Away,D,0.0,0.0,Crystal Palace,46.0,,,,,,https://www.sofascore.com/west-ham-united-crystal-palace/hsM,Ended,West Ham United,for,0.61,0.73,1.0,1.0,0.0,0.0,1.0,1.0,6.0,4.0,12.0,13.0,366.0,454.0,271.0,370.0,16.0,13.0,13.0,12.0,2.0,0.0,1.0,2.0,0.0,0.0,1.0,3.0,2.0,1.0,3.0,7.0,7.0,5.0,2.0,4.0,0.0,0.0,28.0,18.0,19.0,16.0,4.0,4.0,56.0,44.0,6.0,10.0,38.0,27.0,17.0,17.0,10.0,4.0,6.0,5.0,30.0,41.0,0.0,0.0,1.0,1.0,10.0,7.0,74.0,81.5,0.068,0.081,0.444,0.111,-0.61,-0.73,100.0,75.0
2026-04-21,16:00,76986,Premier League 25/26,25/26,Premier League,Matchweek 34,Tue,Home,W,3.0,0.0,Chelsea,53.0,,,,,,https://www.sofascore.com/chelsea-brighton-and-hove-albion/FsN,Ended,Brighton,for,2.14,0.37,5.0,0.0,3.0,0.0,2.0,0.0,6.0,5.0,15.0,6.0,532.0,475.0,456.0,400.0,14.0,7.0,6.0,15.0,0.0,4.0,1.0,1.0,0.0,0.0,0.0,4.0,2.0,4.0,4.0,2.0,13.0,3.0,2.0,3.0,0.0,1.0,31.0,15.0,21.0,15.0,3.0,2.0,49.0,51.0,3.0,7.0,25.0,30.0,15.0,11.0,5.0,8.0,8.0,8.0,20.0,25.0,0.0,1.0,2.0,2.0,3.0,9.0,85.7,84.2,0.143,0.062,0.6,0.0,0.86,-0.37,,44.4
2026-04-21,16:00,76986,Premier League 25/26,25/26,Premier League,Matchweek 34,Tue,Away,L,0.0,3.0,Brighton,47.0,,,,,,https://www.sofascore.com/chelsea-brighton-and-hove-albion/FsN,Ended,Chelsea,for,0.37,2.14,0.0,5.0,0.0,3.0,0.0,2.0,5.0,6.0,6.0,15.0,475.0,532.0,400.0,456.0,7.0,14.0,15.0,6.0,4.0,0.0,1.0,1.0,0.0,0.0,4.0,0.0,4.0,2.0,2.0,4.0,3.0,13.0,3.0,2.0,1.0,0.0,15.0,31.0,15.0,21.0,2.0,3.0,51.0,49.0,7.0,3.0,30.0,25.0,11.0,15.0,8.0,5.0,8.0,8.0,25.0,20.0,1.0,0.0,2.0,2.0,9.0,3.0,84.2,85.7,0.062,0.143,0.0,0.6,-0.37,0.86,44.4,
2026-04-22,16:00,76986,Premier League 25/26,25/26,Premier League,Matchweek 34,Wed,Home,L,0.0,1.0,Manchester City,35.0,,,,,,https://www.sofascore.com/manchester-city-burnley/gsr,Ended,Burnley,for,0.63,3.36,1.0,4.0,0.0,1.0,1.0,3.0,3.0,11.0,10.0,12.0,356.0,689.0,281.0,620.0,24.0,11.0,12.0,10.0,4.0,1.0,0.0,0.0,0.0,0.0,8.0,1.0,4.0,10.0,4.0,9.0,6.0,19.0,3.0,9.0,0.0,2.0,21.0,73.0,18.0,9.0,2.0,1.0,54.0,46.0,8.0,8.0,41.0,32.0,8.0,10.0,6.0,11.0,12.0,13.0,29.0,17.0,0.0,1.0,0.0,0.0,10.0,3.0,78.9,90.0,0.07,0.12,0.111,0.321,-0.63,-2.36,88.9,100.0
2026-04-22,16:00,76986,Premier League 25/26,25/26,Premier League,Matchweek 34,Wed,Away,W,1.0,0.0,Burnley,65.0,,,,,,https://www.sofascore.com/manchester-city-burnley/gsr,Ended,Manchester City,for,3.36,0.63,4.0,1.0,1.0,0.0,3.0,1.0,11.0,3.0,12.0,10.0,689.0,356.0,620.0,281.0,11.0,24.0,10.0,12.0,1.0,4.0,0.0,0.0,0.0,0.0,1.0,8.0,10.0,4.0,9.0,4.0,19.0,6.0,9.0,3.0,2.0,0.0,73.0,21.0,9.0,18.0,1.0,2.0,46.0,54.0,8.0,8.0,32.0,41.0,10.0,8.0,11.0,6.0,13.0,12.0,17.0,29.0,1.0,0.0,0.0,0.0,3.0,10.0,90.0,78.9,0.12,0.07,0.321,0.111,-2.36,-0.63,100.0,88.9
2026-04-22,16:00,76986,Premier League 25/26,25/26,Premier League,Matchweek 34,Wed,Home,D,2.0,2.0,Leeds United,60.0,,,,,,https://www.sofascore.com/bournemouth-leeds-united/Jskb,Ended,Bournemouth,for,1.65,0.81,4.0,1.0,2.0,0.0,2.0,1.0,12.0,1.0,6.0,10.0,473.0,315.0,378.0,236.0,10.0,22.0,10.0,6.0,1.0,1.0,3.0,0.0,0.0,0.0,2.0,5.0,5.0,2.0,5.0,5.0,12.0,10.0,5.0,0.0,1.0,0.0,45.0,27.0,26.0,23.0,11.0,3.0,46.0,54.0,13.0,4.0,30.0,36.0,24.0,28.0,11.0,8.0,13.0,6.0,24.0,62.0,1.0,1.0,1.0,1.0,7.0,7.0,79.9,74.9,0.097,0.081,0.412,0.3,0.35,1.19,66.7,71.4
2026-04-22,16:00,76986,Premier League 25/26,25/26,Premier League,Matchweek 34,Wed,Away,D,2.0,2.0,Bournemouth,40.0,,,,,,https://www.sofascore.com/bournemouth-leeds-united/Jskb,Ended,Leeds United,for,0.81,1.65,1.0,4.0,0.0,2.0,1.0,2.0,1.0,12.0,10.0,6.0,315.0,473.0,236.0,378.0,22.0,10.0,6.0,10.0,1.0,1.0,0.0,3.0,0.0,0.0,5.0,2.0,2.0,5.0,5.0,5.0,10.0,12.0,0.0,5.0,0.0,1.0,27.0,45.0,23.0,26.0,3.0,11.0,54.0,46.0,4.0,13.0,36.0,30.0,28.0,24.0,8.0,11.0,6.0,13.0,62.0,24.0,1.0,1.0,1.0,1.0,7.0,7.0,74.9,79.9,0.081,0.097,0.3,0.412,1.19,0.35,71.4,66.7
2026-04-24,16:00,76986,Premier League 25/26,25/26,Premier League,Matchweek 34,Fri,Home,L,0.0,5.0,Nottingham Forest,61.0,,,,,,https://www.sofascore.com/sunderland-nottingham-forest/osQ,Ended,Sunderland,for,0.7,1.1,1.0,3.0,1.0,3.0,0.0,0.0,3.0,6.0,13.0,15.0,436.0,273.0,358.0,199.0,9.0,15.0,15.0,13.0,1.0,1.0,2.0,5.0,0.0,0.0,2.0,4.0,7.0,2.0,3.0,2.0,7.0,6.0,7.0,4.0,0.0,0.0,34.0,17.0,20.0,21.0,4.0,4.0,50.0,50.0,5.0,6.0,33.0,31.0,17.0,19.0,9.0,3.0,8.0,7.0,20.0,53.0,2.0,0.0,1.0,1.0,3.0,7.0,82.1,72.9,0.05,0.11,0.286,0.6,-0.7,3.9,33.3,100.0
2026-04-24,16:00,76986,Premier League 25/26,25/26,Premier League,Matchweek 34,Fri,Away,W,5.0,0.0,Sunderland,39.0,,,,,,https://www.sofascore.com/sunderland-nottingham-forest/osQ,Ended,Nottingham Forest,for,1.1,0.7,3.0,1.0,3.0,1.0,0.0,0.0,6.0,3.0,15.0,13.0,273.0,436.0,199.0,358.0,15.0,9.0,13.0,15.0,1.0,1.0,5.0,2.0,0.0,0.0,4.0,2.0,2.0,7.0,2.0,3.0,6.0,7.0,4.0,7.0,0.0,0.0,17.0,34.0,21.0,20.0,4.0,4.0,50.0,50.0,6.0,5.0,31.0,33.0,19.0,17.0,3.0,9.0,7.0,8.0,53.0,20.0,0.0,2.0,1.0,1.0,7.0,3.0,72.9,82.1,0.11,0.05,0.6,0.286,3.9,-0.7,100.0,33.3
2026-04-25,08:30,76986,Premier League 25/26,25/26,Premier League,Matchweek 34,Sat,Home,W,1.0,0.0,Aston Villa,39.0,,,,,,https://www.sofascore.com/fulham-aston-villa/PsT,Ended,Fulham,for,1.18,0.93,2.0,1.0,1.0,0.0,1.0,1.0,2.0,5.0,14.0,12.0,337.0,529.0,276.0,456.0,18.0,13.0,12.0,14.0,7.0,0.0,2.0,2.0,0.0,0.0,1.0,5.0,5.0,1.0,2.0,8.0,6.0,6.0,7.0,4.0,0.0,0.0,19.0,16.0,16.0,24.0,4.0,1.0,58.0,42.0,4.0,14.0,36.0,31.0,20.0,10.0,7.0,6.0,16.0,6.0,25.0,9.0,0.0,2.0,1.0,0.0,17.0,7.0,81.9,86.2,0.091,0.093,0.462,0.1,-0.18,-0.93,100.0,83.3
2026-04-25,08:30,76986,Premier League 25/26,25/26,Premier League,Matchweek 34,Sat,Away,L,0.0,1.0,Fulham,61.0,,,,,,https://www.sofascore.com/fulham-aston-villa/PsT,Ended,Aston Villa,for,0.93,1.18,1.0,2.0,0.0,1.0,1.0,1.0,5.0,2.0,12.0,14.0,529.0,337.0,456.0,276.0,13.0,18.0,14.0,12.0,0.0,7.0,2.0,2.0,0.0,0.0,5.0,1.0,1.0,5.0,8.0,2.0,6.0,6.0,4.0,7.0,0.0,0.0,16.0,19.0,24.0,16.0,1.0,4.0,42.0,58.0,14.0,4.0,31.0,36.0,10.0,20.0,6.0,7.0,6.0,16.0,9.0,25.0,2.0,0.0,0.0,1.0,7.0,17.0,86.2,81.9,0.093,0.091,0.1,0.462,-0.93,-0.18,83.3,100.0
2026-04-25,11:00,76986,Premier League 25/26,25/26,Premier League,Matchweek 34,Sat,Home,W,3.0,1.0,Crystal Palace,53.0,,,,,,https://www.sofascore.com/liverpool-crystal-palace/hsU,Ended,Liverpool FC,for,1.15,2.26,3.0,5.0,3.0,0.0,0.0,5.0,5.0,8.0,10.0,10.0,465.0,400.0,378.0,326.0,9.0,13.0,10.0,10.0,1.0,4.0,1.0,3.0,0.0,0.0,5.0,0.0,4.0,1.0,2.0,6.0,6.0,11.0,3.0,3.0,1.0,1.0,32.0,25.0,27.0,24.0,4.0,6.0,52.0,48.0,8.0,5.0,23.0,28.0,22.0,14.0,4.0,6.0,4.0,9.0,36.0,29.0,2.0,1.0,0.0,0.0,8.0,8.0,81.3,81.5,0.128,0.161,0.333,0.5,1.85,-1.26,71.4,0.0
2026-04-25,11:00,76986,Premier League 25/26,25/26,Premier League,Matchweek 34,Sat,Away,L,1.0,3.0,Liverpool FC,47.0,,,,,,https://www.sofascore.com/liverpool-crystal-palace/hsU,Ended,Crystal Palace,for,2.26,1.15,5.0,3.0,0.0,3.0,5.0,0.0,8.0,5.0,10.0,10.0,400.0,465.0,326.0,378.0,13.0,9.0,10.0,10.0,4.0,1.0,3.0,1.0,0.0,0.0,0.0,5.0,1.0,4.0,6.0,2.0,11.0,6.0,3.0,3.0,1.0,1.0,25.0,32.0,24.0,27.0,6.0,4.0,48.0,52.0,5.0,8.0,28.0,23.0,14.0,22.0,6.0,4.0,9.0,4.0,29.0,36.0,1.0,2.0,0.0,0.0,8.0,8.0,81.5,81.3,0.161,0.128,0.5,0.333,-1.26,1.85,0.0,71.4
2026-04-25,11:00,76986,Premier League 25/26,25/26,Premier League,Matchweek 34,Sat,Home,L,0.0,1.0,Tottenham Hotspur,41.0,,,,,,https://www.sofascore.com/tottenham-hotspur-wolverhampton/dsI,Ended,Wolves,for,0.7,0.92,1.0,2.0,0.0,1.0,1.0,1.0,5.0,5.0,8.0,14.0,309.0,468.0,234.0,401.0,32.0,29.0,14.0,8.0,1.0,2.0,3.0,4.0,0.0,0.0,1.0,2.0,4.0,2.0,5.0,7.0,6.0,6.0,5.0,5.0,0.0,0.0,14.0,24.0,18.0,36.0,9.0,1.0,50.0,50.0,15.0,16.0,56.0,48.0,13.0,21.0,10.0,12.0,6.0,15.0,22.0,23.0,2.0,1.0,1.0,1.0,11.0,8.0,75.7,85.7,0.064,0.084,0.182,0.182,-0.7,0.08,50.0,100.0
2026-04-25,11:00,76986,Premier League 25/26,25/26,Premier League,Matchweek 34,Sat,Away,W,1.0,0.0,Wolves,59.0,,,,,,https://www.sofascore.com/tottenham-hotspur-wolverhampton/dsI,Ended,Tottenham Hotspur,for,0.92,0.7,2.0,1.0,1.0,0.0,1.0,1.0,5.0,5.0,14.0,8.0,468.0,309.0,401.0,234.0,29.0,32.0,8.0,14.0,2.0,1.0,4.0,3.0,0.0,0.0,2.0,1.0,2.0,4.0,7.0,5.0,6.0,6.0,5.0,5.0,0.0,0.0,24.0,14.0,36.0,18.0,1.0,9.0,50.0,50.0,16.0,15.0,48.0,56.0,21.0,13.0,12.0,10.0,15.0,6.0,23.0,22.0,1.0,2.0,1.0,1.0,8.0,11.0,85.7,75.7,0.084,0.064,0.182,0.182,0.08,-0.7,100.0,50.0
2026-04-25,11:00,76986,Premier League 25/26,25/26,Premier League,Matchweek 34,Sat,Home,W,2.0,1.0,Everton,44.0,,,,,,https://www.sofascore.com/everton-west-ham-united/MY,Ended,West Ham United,for,1.17,1.45,3.0,1.0,2.0,0.0,1.0,1.0,3.0,4.0,9.0,11.0,374.0,477.0,301.0,397.0,22.0,17.0,11.0,9.0,1.0,2.0,3.0,4.0,0.0,0.0,1.0,1.0,3.0,5.0,4.0,3.0,9.0,8.0,1.0,3.0,0.0,2.0,23.0,28.0,18.0,24.0,4.0,1.0,50.0,50.0,6.0,15.0,44.0,36.0,15.0,22.0,12.0,10.0,10.0,6.0,27.0,21.0,0.0,0.0,1.0,2.0,8.0,9.0,80.5,83.2,0.117,0.132,0.3,0.273,0.83,-0.45,33.3,33.3
2026-04-25,11:00,76986,Premier League 25/26,25/26,Premier League,Matchweek 34,Sat,Away,L,1.0,2.0,West Ham United,56.0,,,,,,https://www.sofascore.com/everton-west-ham-united/MY,Ended,Everton,for,1.45,1.17,1.0,3.0,0.0,2.0,1.0,1.0,4.0,3.0,11.0,9.0,477.0,374.0,397.0,301.0,17.0,22.0,9.0,11.0,2.0,1.0,4.0,3.0,0.0,0.0,1.0,1.0,5.0,3.0,3.0,4.0,8.0,9.0,3.0,1.0,2.0,0.0,28.0,23.0,24.0,18.0,1.0,4.0,50.0,50.0,15.0,6.0,36.0,44.0,22.0,15.0,10.0,12.0,6.0,10.0,21.0,27.0,0.0,0.0,2.0,1.0,9.0,8.0,83.2,80.5,0.132,0.117,0.273,0.3,-0.45,0.83,33.3,33.3
2026-04-25,13:30,76986,Premier League 25/26,25/26,Premier League,Matchweek 34,Sat,Home,W,1.0,0.0,Newcastle United,45.0,,,,,,https://www.sofascore.com/arsenal-newcastle-united/Ardc,Ended,Arsenal,for,0.49,1.0,0.0,2.0,0.0,0.0,0.0,2.0,7.0,2.0,13.0,10.0,400.0,486.0,323.0,415.0,15.0,14.0,10.0,13.0,2.0,1.0,2.0,2.0,0.0,0.0,3.0,3.0,5.0,5.0,2.0,5.0,6.0,6.0,5.0,7.0,0.0,1.0,27.0,20.0,13.0,18.0,2.0,4.0,45.0,55.0,7.0,7.0,28.0,29.0,10.0,18.0,5.0,3.0,10.0,12.0,24.0,21.0,1.0,0.0,2.0,1.0,6.0,8.0,80.8,85.4,0.045,0.077,0.364,0.231,0.51,-1.0,100.0,75.0
2026-04-25,13:30,76986,Premier League 25/26,25/26,Premier League,Matchweek 34,Sat,Away,L,0.0,1.0,Arsenal,55.0,,,,,,https://www.sofascore.com/arsenal-newcastle-united/Ardc,Ended,Newcastle United,for,1.0,0.49,2.0,0.0,0.0,0.0,2.0,0.0,2.0,7.0,10.0,13.0,486.0,400.0,415.0,323.0,14.0,15.0,13.0,10.0,1.0,2.0,2.0,2.0,0.0,0.0,3.0,3.0,5.0,5.0,5.0,2.0,6.0,6.0,7.0,5.0,1.0,0.0,20.0,27.0,18.0,13.0,4.0,2.0,55.0,45.0,7.0,7.0,29.0,28.0,18.0,10.0,3.0,5.0,12.0,10.0,21.0,24.0,0.0,1.0,1.0,2.0,8.0,6.0,85.4,80.8,0.077,0.045,0.231,0.364,-1.0,0.51,75.0,100.0
2026-04-27,16:00,76986,Premier League 25/26,25/26,Premier League,Matchweek 34,Mon,Home,W,2.0,1.0,Brentford,45.0,,,,,,https://www.sofascore.com/brentford-manchester-united/Ksab,Ended,Manchester Utd,for,1.36,1.17,4.0,2.0,2.0,0.0,2.0,2.0,7.0,8.0,6.0,9.0,414.0,497.0,340.0,433.0,29.0,9.0,9.0,6.0,1.0,2.0,2.0,4.0,0.0,0.0,5.0,3.0,0.0,4.0,5.0,4.0,7.0,9.0,4.0,3.0,1.0,2.0,21.0,42.0,29.0,24.0,3.0,8.0,68.0,32.0,7.0,13.0,45.0,23.0,23.0,9.0,7.0,8.0,8.0,15.0,45.0,21.0,1.0,0.0,2.0,0.0,8.0,5.0,82.1,87.1,0.124,0.097,0.545,0.333,0.64,-0.17,125.0,50.0
2026-04-27,16:00,76986,Premier League 25/26,25/26,Premier League,Matchweek 34,Mon,Away,L,1.0,2.0,Manchester Utd,55.0,,,,,,https://www.sofascore.com/brentford-manchester-united/Ksab,Ended,Brentford,for,1.17,1.36,2.0,4.0,0.0,2.0,2.0,2.0,8.0,7.0,9.0,6.0,497.0,414.0,433.0,340.0,9.0,29.0,6.0,9.0,2.0,1.0,4.0,2.0,0.0,0.0,3.0,5.0,4.0,0.0,4.0,5.0,9.0,7.0,3.0,4.0,2.0,1.0,42.0,21.0,24.0,29.0,8.0,3.0,32.0,68.0,13.0,7.0,23.0,45.0,9.0,23.0,8.0,7.0,15.0,8.0,21.0,45.0,0.0,1.0,0.0,2.0,5.0,8.0,87.1,82.1,0.097,0.124,0.333,0.545,-0.17,0.64,50.0,125.0
2026-05-01,16:00,76986,Premier League 25/26,25/26,Premier League,Matchweek 35,Fri,Home,W,3.0,1.0,Burnley,48.0,,,,,,https://www.sofascore.com/leeds-united-burnley/gsJ,Ended,Leeds United,for,1.64,0.57,2.0,0.0,2.0,0.0,0.0,0.0,5.0,0.0,12.0,12.0,452.0,508.0,359.0,421.0,10.0,13.0,12.0,12.0,0.0,1.0,4.0,3.0,0.0,0.0,2.0,5.0,5.0,4.0,5.0,2.0,11.0,5.0,7.0,4.0,0.0,1.0,26.0,17.0,25.0,20.0,6.0,5.0,46.0,54.0,8.0,4.0,22.0,32.0,23.0,21.0,2.0,7.0,12.0,8.0,13.0,33.0,0.0,1.0,0.0,0.0,4.0,7.0,79.4,82.9,0.091,0.063,0.444,0.333,1.36,0.43,66.7,62.5
2026-05-01,16:00,76986,Premier League 25/26,25/26,Premier League,Matchweek 35,Fri,Away,L,1.0,3.0,Leeds United,52.0,,,,,,https://www.sofascore.com/leeds-united-burnley/gsJ,Ended,Burnley,for,0.57,1.64,0.0,2.0,0.0,2.0,0.0,0.0,0.0,5.0,12.0,12.0,508.0,452.0,421.0,359.0,13.0,10.0,12.0,12.0,1.0,0.0,3.0,4.0,0.0,0.0,5.0,2.0,4.0,5.0,2.0,5.0,5.0,11.0,4.0,7.0,1.0,0.0,17.0,26.0,20.0,25.0,5.0,6.0,54.0,46.0,4.0,8.0,32.0,22.0,21.0,23.0,7.0,2.0,8.0,12.0,33.0,13.0,1.0,0.0,0.0,0.0,7.0,4.0,82.9,79.4,0.063,0.091,0.333,0.444,0.43,1.36,62.5,66.7
2026-05-02,11:00,76986,Premier League 25/26,25/26,Premier League,Matchweek 35,Sat,Home,W,3.0,1.0,Brighton,32.0,,,,,,https://www.sofascore.com/newcastle-united-brighton-and-hove-albion/FsO,Ended,Newcastle United,for,3.16,1.53,5.0,4.0,2.0,1.0,3.0,3.0,2.0,10.0,10.0,12.0,237.0,506.0,164.0,426.0,11.0,11.0,12.0,10.0,1.0,1.0,3.0,3.0,0.0,0.0,3.0,4.0,1.0,3.0,6.0,6.0,12.0,10.0,1.0,3.0,1.0,0.0,24.0,28.0,18.0,23.0,5.0,6.0,60.0,40.0,6.0,4.0,31.0,25.0,22.0,10.0,9.0,6.0,6.0,3.0,44.0,18.0,0.0,0.0,1.0,2.0,14.0,9.0,69.2,84.2,0.243,0.118,0.462,0.308,-0.16,-0.53,75.0,66.7
2026-05-02,11:00,76986,Premier League 25/26,25/26,Premier League,Matchweek 35,Sat,Away,L,1.0,3.0,Newcastle United,68.0,,,,,,https://www.sofascore.com/newcastle-united-brighton-and-hove-albion/FsO,Ended,Brighton,for,1.53,3.16,4.0,5.0,1.0,2.0,3.0,3.0,10.0,2.0,12.0,10.0,506.0,237.0,426.0,164.0,11.0,11.0,10.0,12.0,1.0,1.0,3.0,3.0,0.0,0.0,4.0,3.0,3.0,1.0,6.0,6.0,10.0,12.0,3.0,1.0,0.0,1.0,28.0,24.0,23.0,18.0,6.0,5.0,40.0,60.0,4.0,6.0,25.0,31.0,10.0,22.0,6.0,9.0,3.0,6.0,18.0,44.0,0.0,0.0,2.0,1.0,9.0,14.0,84.2,69.2,0.118,0.243,0.308,0.462,-0.53,-0.16,66.7,75.0
2026-05-02,11:00,76986,Premier League 25/26,25/26,Premier League,Matchweek 35,Sat,Home,W,3.0,0.0,West Ham United,48.0,,,,,,https://www.sofascore.com/brentford-west-ham-united/Msab,Ended,Brentford,for,2.27,0.92,4.0,1.0,1.0,0.0,3.0,1.0,2.0,6.0,8.0,12.0,333.0,348.0,263.0,269.0,19.0,25.0,11.0,8.0,0.0,1.0,1.0,3.0,0.0,0.0,4.0,4.0,3.0,0.0,5.0,9.0,7.0,8.0,7.0,5.0,0.0,0.0,23.0,23.0,22.0,26.0,5.0,7.0,50.0,50.0,7.0,9.0,37.0,36.0,19.0,20.0,7.0,5.0,5.0,8.0,20.0,19.0,1.0,1.0,0.0,1.0,11.0,11.0,79.0,77.3,0.162,0.071,0.429,0.308,0.73,-0.92,100.0,66.7
2026-05-02,11:00,76986,Premier League 25/26,25/26,Premier League,Matchweek 35,Sat,Away,L,0.0,3.0,Brentford,52.0,,,,,,https://www.sofascore.com/brentford-west-ham-united/Msab,Ended,West Ham United,for,0.92,2.27,1.0,4.0,0.0,1.0,1.0,3.0,6.0,2.0,12.0,8.0,348.0,333.0,269.0,263.0,25.0,19.0,8.0,11.0,1.0,0.0,3.0,1.0,0.0,0.0,4.0,4.0,0.0,3.0,9.0,5.0,8.0,7.0,5.0,7.0,0.0,0.0,23.0,23.0,26.0,22.0,7.0,5.0,50.0,50.0,9.0,7.0,36.0,37.0,20.0,19.0,5.0,7.0,8.0,5.0,19.0,20.0,1.0,1.0,1.0,0.0,11.0,11.0,77.3,79.0,0.071,0.162,0.308,0.429,-0.92,0.73,66.7,100.0
2026-05-02,11:00,76986,Premier League 25/26,25/26,Premier League,Matchweek 35,Sat,Home,D,1.0,1.0,Sunderland,58.0,,,,,,https://www.sofascore.com/sunderland-wolverhampton/dsQ,Ended,Wolves,for,1.72,0.66,3.0,1.0,1.0,1.0,2.0,0.0,6.0,3.0,11.0,11.0,438.0,327.0,377.0,249.0,12.0,17.0,11.0,11.0,1.0,0.0,0.0,4.0,0.0,1.0,1.0,6.0,5.0,5.0,8.0,3.0,13.0,8.0,7.0,2.0,0.0,0.0,42.0,18.0,23.0,30.0,12.0,3.0,51.0,49.0,13.0,6.0,29.0,33.0,24.0,17.0,6.0,5.0,6.0,9.0,28.0,23.0,2.0,1.0,1.0,1.0,5.0,13.0,86.1,76.1,0.086,0.066,0.35,0.2,-0.72,0.34,50.0,85.7
2026-05-02,11:00,76986,Premier League 25/26,25/26,Premier League,Matchweek 35,Sat,Away,D,1.0,1.0,Wolves,42.0,,,,,,https://www.sofascore.com/sunderland-wolverhampton/dsQ,Ended,Sunderland,for,0.66,1.72,1.0,3.0,1.0,1.0,0.0,2.0,3.0,6.0,11.0,11.0,327.0,438.0,249.0,377.0,17.0,12.0,11.0,11.0,0.0,1.0,4.0,0.0,1.0,0.0,6.0,1.0,5.0,5.0,3.0,8.0,8.0,13.0,2.0,7.0,0.0,0.0,18.0,42.0,30.0,23.0,3.0,12.0,49.0,51.0,6.0,13.0,33.0,29.0,17.0,24.0,5.0,6.0,9.0,6.0,23.0,28.0,1.0,2.0,1.0,1.0,13.0,5.0,76.1,86.1,0.066,0.086,0.2,0.35,0.34,-0.72,85.7,50.0
2026-05-02,13:30,76986,Premier League 25/26,25/26,Premier League,Matchweek 35,Sat,Home,W,3.0,0.0,Fulham,54.0,,,,,,https://www.sofascore.com/fulham-arsenal/RsT,Ended,Arsenal,for,3.23,0.37,6.0,1.0,2.0,0.0,4.0,1.0,3.0,4.0,7.0,12.0,511.0,433.0,453.0,359.0,6.0,22.0,12.0,7.0,7.0,0.0,0.0,1.0,0.0,0.0,1.0,6.0,3.0,6.0,6.0,3.0,14.0,5.0,4.0,5.0,3.0,1.0,36.0,12.0,23.0,13.0,3.0,1.0,49.0,51.0,15.0,5.0,30.0,31.0,14.0,14.0,12.0,3.0,11.0,5.0,15.0,20.0,0.0,2.0,0.0,1.0,8.0,7.0,88.6,82.9,0.179,0.037,0.5,0.1,-0.23,-0.37,100.0,66.7
2026-05-02,13:30,76986,Premier League 25/26,25/26,Premier League,Matchweek 35,Sat,Away,L,0.0,3.0,Arsenal,46.0,,,,,,https://www.sofascore.com/fulham-arsenal/RsT,Ended,Fulham,for,0.37,3.23,1.0,6.0,0.0,2.0,1.0,4.0,4.0,3.0,12.0,7.0,433.0,511.0,359.0,453.0,22.0,6.0,7.0,12.0,0.0,7.0,1.0,0.0,0.0,0.0,6.0,1.0,6.0,3.0,3.0,6.0,5.0,14.0,5.0,4.0,1.0,3.0,12.0,36.0,13.0,23.0,1.0,3.0,51.0,49.0,5.0,15.0,31.0,30.0,14.0,14.0,3.0,12.0,5.0,11.0,20.0,15.0,2.0,0.0,1.0,0.0,7.0,8.0,82.9,88.6,0.037,0.179,0.1,0.5,-0.37,-0.23,66.7,100.0
2026-05-03,10:00,76986,Premier League 25/26,25/26,Premier League,Matchweek 35,Sun,Home,W,3.0,0.0,Crystal Palace,50.0,,,,,,https://www.sofascore.com/bournemouth-crystal-palace/hkb,Ended,Bournemouth,for,2.08,0.89,2.0,1.0,2.0,0.0,0.0,1.0,7.0,1.0,10.0,11.0,391.0,405.0,320.0,314.0,17.0,22.0,10.0,10.0,3.0,0.0,0.0,2.0,0.0,0.0,1.0,3.0,6.0,1.0,5.0,5.0,10.0,6.0,6.0,1.0,5.0,1.0,32.0,21.0,13.0,24.0,5.0,3.0,54.0,46.0,11.0,10.0,44.0,38.0,19.0,16.0,15.0,6.0,9.0,4.0,26.0,31.0,1.0,2.0,2.0,1.0,8.0,9.0,81.8,77.5,0.13,0.127,0.312,0.143,0.92,-0.89,100.0,60.0
2026-05-03,10:00,76986,Premier League 25/26,25/26,Premier League,Matchweek 35,Sun,Away,L,0.0,3.0,Bournemouth,50.0,,,,,,https://www.sofascore.com/bournemouth-crystal-palace/hkb,Ended,Crystal Palace,for,0.89,2.08,1.0,2.0,0.0,2.0,1.0,0.0,1.0,7.0,11.0,10.0,405.0,391.0,314.0,320.0,22.0,17.0,10.0,10.0,0.0,3.0,2.0,0.0,0.0,0.0,3.0,1.0,1.0,6.0,5.0,5.0,6.0,10.0,1.0,6.0,1.0,5.0,21.0,32.0,24.0,13.0,3.0,5.0,46.0,54.0,10.0,11.0,38.0,44.0,16.0,19.0,6.0,15.0,4.0,9.0,31.0,26.0,2.0,1.0,1.0,2.0,9.0,8.0,77.5,81.8,0.127,0.13,0.143,0.312,-0.89,0.92,60.0,100.0
2026-05-03,11:30,76986,Premier League 25/26,25/26,Premier League,Matchweek 35,Sun,Home,W,3.0,2.0,Liverpool FC,37.0,,,,,,https://www.sofascore.com/liverpool-manchester-united/KU,Ended,Manchester Utd,for,2.34,0.89,3.0,1.0,1.0,1.0,2.0,0.0,3.0,2.0,12.0,11.0,362.0,613.0,287.0,541.0,19.0,8.0,11.0,12.0,3.0,3.0,2.0,2.0,0.0,0.0,3.0,3.0,6.0,3.0,6.0,5.0,14.0,7.0,4.0,6.0,0.0,0.0,30.0,21.0,19.0,13.0,7.0,4.0,55.0,45.0,2.0,4.0,36.0,30.0,13.0,10.0,7.0,10.0,16.0,10.0,22.0,14.0,0.0,1.0,0.0,0.0,8.0,11.0,79.3,88.3,0.13,0.068,0.333,0.385,0.66,1.11,60.0,50.0
2026-05-03,11:30,76986,Premier League 25/26,25/26,Premier League,Matchweek 35,Sun,Away,L,2.0,3.0,Manchester Utd,63.0,,,,,,https://www.sofascore.com/liverpool-manchester-united/KU,Ended,Liverpool FC,for,0.89,2.34,1.0,3.0,1.0,1.0,0.0,2.0,2.0,3.0,11.0,12.0,613.0,362.0,541.0,287.0,8.0,19.0,12.0,11.0,3.0,3.0,2.0,2.0,0.0,0.0,3.0,3.0,3.0,6.0,5.0,6.0,7.0,14.0,6.0,4.0,0.0,0.0,21.0,30.0,13.0,19.0,4.0,7.0,45.0,55.0,4.0,2.0,30.0,36.0,10.0,13.0,10.0,7.0,10.0,16.0,14.0,22.0,1.0,0.0,0.0,0.0,11.0,8.0,88.3,79.3,0.068,0.13,0.385,0.333,1.11,0.66,50.0,60.0
2026-05-03,15:00,76986,Premier League 25/26,25/26,Premier League,Matchweek 35,Sun,Home,L,1.0,2.0,Tottenham Hotspur,45.0,,,,,,https://www.sofascore.com/aston-villa-tottenham-hotspur/IP,Ended,Aston Villa,for,0.32,0.99,1.0,2.0,0.0,1.0,1.0,1.0,5.0,5.0,12.0,12.0,374.0,466.0,312.0,400.0,19.0,23.0,12.0,12.0,2.0,4.0,2.0,5.0,0.0,0.0,3.0,0.0,3.0,2.0,1.0,3.0,2.0,6.0,3.0,4.0,0.0,0.0,9.0,18.0,9.0,14.0,2.0,8.0,49.0,51.0,15.0,6.0,37.0,41.0,8.0,5.0,6.0,7.0,5.0,10.0,14.0,16.0,0.0,0.0,0.0,0.0,6.0,7.0,83.4,85.8,0.064,0.099,0.2,0.5,0.68,1.01,60.0,0.0
2026-05-03,15:00,76986,Premier League 25/26,25/26,Premier League,Matchweek 35,Sun,Away,W,2.0,1.0,Aston Villa,55.0,,,,,,https://www.sofascore.com/aston-villa-tottenham-hotspur/IP,Ended,Tottenham Hotspur,for,0.99,0.32,2.0,1.0,1.0,0.0,1.0,1.0,5.0,5.0,12.0,12.0,466.0,374.0,400.0,312.0,23.0,19.0,12.0,12.0,4.0,2.0,5.0,2.0,0.0,0.0,0.0,3.0,2.0,3.0,3.0,1.0,6.0,2.0,4.0,3.0,0.0,0.0,18.0,9.0,14.0,9.0,8.0,2.0,51.0,49.0,6.0,15.0,41.0,37.0,5.0,8.0,7.0,6.0,10.0,5.0,16.0,14.0,0.0,0.0,0.0,0.0,7.0,6.0,85.8,83.4,0.099,0.064,0.5,0.2,1.01,0.68,0.0,60.0
2026-05-04,11:00,76986,Premier League 25/26,25/26,Premier League,Matchweek 35,Mon,Home,L,1.0,3.0,Nottingham Forest,67.0,,,,,,https://www.sofascore.com/chelsea-nottingham-forest/osN,Ended,Chelsea,for,2.15,2.05,2.0,3.0,1.0,3.0,1.0,0.0,10.0,1.0,12.0,10.0,659.0,334.0,597.0,267.0,14.0,22.0,9.0,11.0,1.0,2.0,3.0,1.0,0.0,0.0,1.0,4.0,8.0,1.0,8.0,1.0,12.0,6.0,9.0,1.0,1.0,0.0,37.0,17.0,18.0,16.0,10.0,1.0,47.0,53.0,11.0,10.0,28.0,38.0,15.0,11.0,6.0,4.0,7.0,10.0,9.0,25.0,0.0,0.0,0.0,0.0,1.0,16.0,90.6,79.9,0.102,0.342,0.238,0.667,-1.15,0.95,25.0,80.0
2026-05-04,11:00,76986,Premier League 25/26,25/26,Premier League,Matchweek 35,Mon,Away,W,3.0,1.0,Chelsea,33.0,,,,,,https://www.sofascore.com/chelsea-nottingham-forest/osN,Ended,Nottingham Forest,for,2.05,2.15,3.0,2.0,3.0,1.0,0.0,1.0,1.0,10.0,10.0,12.0,334.0,659.0,267.0,597.0,22.0,14.0,11.0,9.0,2.0,1.0,1.0,3.0,0.0,0.0,4.0,1.0,1.0,8.0,1.0,8.0,6.0,12.0,1.0,9.0,0.0,1.0,17.0,37.0,16.0,18.0,1.0,10.0,53.0,47.0,10.0,11.0,38.0,28.0,11.0,15.0,4.0,6.0,10.0,7.0,25.0,9.0,0.0,0.0,0.0,0.0,16.0,1.0,79.9,90.6,0.342,0.102,0.667,0.238,0.95,-1.15,80.0,25.0
2026-05-04,16:00,76986,Premier League 25/26,25/26,Premier League,Matchweek 35,Mon,Home,D,3.0,3.0,Manchester City,25.0,,,,,,https://www.sofascore.com/everton-manchester-city/rY,Ended,Everton,for,2.72,1.54,4.0,1.0,3.0,1.0,1.0,0.0,5.0,9.0,15.0,5.0,201.0,629.0,138.0,568.0,26.0,18.0,5.0,15.0,4.0,0.0,4.0,1.0,0.0,0.0,1.0,3.0,6.0,9.0,2.0,8.0,10.0,13.0,4.0,8.0,0.0,1.0,16.0,48.0,18.0,16.0,3.0,5.0,45.0,55.0,11.0,9.0,34.0,49.0,18.0,15.0,3.0,16.0,4.0,2.0,22.0,20.0,0.0,3.0,0.0,0.0,12.0,2.0,68.7,90.3,0.194,0.073,0.429,0.19,0.28,1.46,25.0,50.0
2026-05-04,16:00,76986,Premier League 25/26,25/26,Premier League,Matchweek 35,Mon,Away,D,3.0,3.0,Everton,75.0,,,,,,https://www.sofascore.com/everton-manchester-city/rY,Ended,Manchester City,for,1.54,2.72,1.0,4.0,1.0,3.0,0.0,1.0,9.0,5.0,5.0,15.0,629.0,201.0,568.0,138.0,18.0,26.0,15.0,5.0,0.0,4.0,1.0,4.0,0.0,0.0,3.0,1.0,9.0,6.0,8.0,2.0,13.0,10.0,8.0,4.0,1.0,0.0,48.0,16.0,16.0,18.0,5.0,3.0,55.0,45.0,9.0,11.0,49.0,34.0,15.0,18.0,16.0,3.0,2.0,4.0,20.0,22.0,3.0,0.0,0.0,0.0,2.0,12.0,90.3,68.7,0.073,0.194,0.19,0.429,1.46,0.28,50.0,25.0
