date,time,local_team,away_team,event_id,custom_id,h2h_all_matches,h2h_all_local_win_pct,h2h_all_draw_pct,h2h_all_away_win_pct,h2h_all_local_goals_avg,h2h_all_away_goals_avg,h2h_all_total_goals_avg,h2h_all_btts_pct,h2h_all_over25_pct,h2h_all_local_points_avg,h2h_all_away_points_avg,h2h_last10_matches,h2h_last10_local_win_pct,h2h_last10_draw_pct,h2h_last10_away_win_pct,h2h_last10_local_goals_avg,h2h_last10_away_goals_avg,h2h_last10_total_goals_avg,h2h_last10_btts_pct,h2h_last10_over25_pct,h2h_last10_local_points_avg,h2h_last10_away_points_avg,h2h_last5_matches,h2h_last5_local_win_pct,h2h_last5_draw_pct,h2h_last5_away_win_pct,h2h_last5_local_goals_avg,h2h_last5_away_goals_avg,h2h_last5_total_goals_avg,h2h_last5_btts_pct,h2h_last5_over25_pct,h2h_last5_local_points_avg,h2h_last5_away_points_avg,season_id,season_name
2025-08-22,15:30,FC Bayern München,RB Leipzig,14056037,xdbskCo,18,0.5,0.3888888888888889,0.1111111111111111,2.111111111111111,1.3333333333333333,3.4444444444444446,0.6666666666666666,0.6111111111111112,1.8888888888888888,0.7222222222222222,10,0.5,0.4,0.1,2.5,1.7,4.2,0.9,0.8,1.9,0.7,5,0.4,0.4,0.2,2.6,2.0,4.6,1.0,1.0,1.6,1.0,77333,Bundesliga 25/26
2025-08-23,10:30,Bayer 04 Leverkusen,TSG Hoffenheim,14062009,ubbsGdb,34,0.6470588235294118,0.14705882352941177,0.20588235294117646,2.088235294117647,1.2647058823529411,3.3529411764705883,0.6470588235294118,0.7352941176470589,2.088235294117647,0.7647058823529411,10,0.7,0.2,0.1,2.5,1.4,3.9,0.8,0.9,2.3,0.5,5,1.0,0.0,0.0,3.0,1.2,4.2,1.0,1.0,3.0,0.0,77333,Bundesliga 25/26
2025-08-23,10:30,1. FC Union Berlin,VfB Stuttgart,14062006,XabsCdb,12,0.25,0.5,0.25,1.5,1.5833333333333333,3.0833333333333335,0.5833333333333334,0.5833333333333334,1.25,1.25,10,0.3,0.4,0.3,1.6,1.7,3.3,0.6,0.6,1.3,1.3,5,0.2,0.2,0.6,1.8,2.4,4.2,0.4,0.8,0.8,2.0,77333,Bundesliga 25/26
2025-08-23,10:30,Eintracht Frankfurt,SV Werder Bremen,14057744,Jabszdb,94,0.32978723404255317,0.2872340425531915,0.3829787234042553,1.3829787234042554,1.4893617021276595,2.872340425531915,0.5319148936170213,0.5425531914893617,1.2765957446808511,1.4361702127659575,10,0.4,0.4,0.2,1.7,1.3,3.0,0.6,0.5,1.6,1.0,5,0.4,0.4,0.2,1.2,1.0,2.2,0.4,0.2,1.6,1.0,77333,Bundesliga 25/26
2025-08-23,10:30,SC Freiburg,FC Augsburg,14062012,Nabsacb,26,0.5,0.3076923076923077,0.19230769230769232,1.8461538461538463,1.1153846153846154,2.9615384615384617,0.6153846153846154,0.5,1.8076923076923077,0.8846153846153846,10,0.7,0.2,0.1,2.1,0.6,2.7,0.5,0.6,2.3,0.5,5,0.6,0.2,0.2,1.8,0.8,2.6,0.6,0.6,2.0,0.8,77333,Bundesliga 25/26
2025-08-23,10:30,1. FC Heidenheim,VfL Wolfsburg,14062011,zabsKrc,4,0.25,0.25,0.5,0.75,1.5,2.25,0.5,0.25,1.0,1.75,4,0.25,0.25,0.5,0.75,1.5,2.25,0.5,0.25,1.0,1.75,4,0.25,0.25,0.5,0.75,1.5,2.25,0.5,0.25,1.0,1.75,77333,Bundesliga 25/26
2025-08-23,13:30,FC St. Pauli,Borussia Dortmund,14062008,Babsydb,18,0.16666666666666666,0.1111111111111111,0.7222222222222222,0.7777777777777778,2.0,2.7777777777777777,0.5,0.5,0.6111111111111112,2.2777777777777777,10,0.1,0.0,0.9,0.5,1.8,2.3,0.4,0.5,0.3,2.7,5,0.2,0.0,0.8,0.6,1.8,2.4,0.4,0.4,0.6,2.4,77333,Bundesliga 25/26
2025-08-24,10:30,1. FSV Mainz 05,1. FC Köln,14062010,gbbswdb,26,0.34615384615384615,0.4230769230769231,0.23076923076923078,1.4615384615384615,1.0,2.4615384615384617,0.46153846153846156,0.34615384615384615,1.4615384615384615,1.1153846153846154,10,0.3,0.5,0.2,1.8,1.2,3.0,0.7,0.5,1.4,1.1,5,0.2,0.6,0.2,1.8,1.0,2.8,0.6,0.4,1.2,1.2,77333,Bundesliga 25/26
2025-08-24,12:30,Borussia M'gladbach,Hamburger SV,14062007,CabsBdb,90,0.34444444444444444,0.25555555555555554,0.4,1.4444444444444444,1.4333333333333333,2.8777777777777778,0.5666666666666667,0.5666666666666667,1.288888888888889,1.4555555555555555,10,0.4,0.2,0.4,1.4,1.3,2.7,0.6,0.6,1.4,1.4,5,0.2,0.2,0.6,1.4,1.6,3.0,0.8,0.8,0.8,2.0,77333,Bundesliga 25/26
2025-08-29,15:30,Hamburger SV,FC St. Pauli,14065074,BabsBdb,16,0.4375,0.4375,0.125,1.75,0.8125,2.5625,0.4375,0.4375,1.75,0.8125,10,0.5,0.4,0.1,2.2,0.7,2.9,0.4,0.5,1.9,0.7,5,0.4,0.4,0.2,2.2,1.2,3.4,0.6,0.6,1.6,1.0,77333,Bundesliga 25/26
2025-08-30,10:30,SV Werder Bremen,Bayer 04 Leverkusen,14065063,JabsGdb,88,0.3181818181818182,0.38636363636363635,0.29545454545454547,1.4545454545454546,1.6136363636363635,3.0681818181818183,0.6704545454545454,0.625,1.3409090909090908,1.2727272727272727,10,0.1,0.5,0.4,1.1,2.1,3.2,0.6,0.6,0.8,1.7,5,0.2,0.2,0.6,1.2,2.6,3.8,0.4,0.8,0.8,2.0,77333,Bundesliga 25/26
2025-08-30,10:30,RB Leipzig,1. FC Heidenheim,14065064,KrcskCo,4,0.75,0.25,0.0,1.75,1.0,2.75,0.75,0.75,2.5,0.25,4,0.75,0.25,0.0,1.75,1.0,2.75,0.75,0.75,2.5,0.25,4,0.75,0.25,0.0,1.75,1.0,2.75,0.75,0.75,2.5,0.25,77333,Bundesliga 25/26
2025-08-30,10:30,TSG Hoffenheim,Eintracht Frankfurt,14065071,ubbszdb,32,0.3125,0.28125,0.40625,1.375,1.59375,2.96875,0.71875,0.65625,1.21875,1.5,10,0.2,0.2,0.6,1.7,2.5,4.2,1.0,1.0,0.8,2.0,5,0.2,0.2,0.6,1.6,2.4,4.0,1.0,1.0,0.8,2.0,77333,Bundesliga 25/26
2025-08-30,10:30,VfB Stuttgart,Borussia M'gladbach,14065065,CabsCdb,96,0.4270833333333333,0.2916666666666667,0.28125,1.65625,1.25,2.90625,0.5416666666666666,0.5416666666666666,1.5729166666666667,1.1354166666666667,10,0.5,0.2,0.3,2.0,1.6,3.6,0.9,0.9,1.7,1.1,5,0.6,0.0,0.4,2.2,1.4,3.6,0.8,1.0,1.8,1.2,77333,Bundesliga 25/26
2025-08-30,13:30,FC Augsburg,FC Bayern München,14065075,acbsxdb,28,0.14285714285714285,0.07142857142857142,0.7857142857142857,0.8928571428571429,2.5,3.392857142857143,0.5357142857142857,0.7142857142857143,0.5,2.4285714285714284,10,0.2,0.0,0.8,1.2,2.5,3.7,0.6,0.7,0.6,2.4,5,0.0,0.0,1.0,1.4,3.4,4.8,0.8,1.0,0.0,3.0,77333,Bundesliga 25/26
2025-08-31,10:30,VfL Wolfsburg,1. FSV Mainz 05,14065067,zabsgbb,38,0.42105263157894735,0.34210526315789475,0.23684210526315788,1.736842105263158,1.3157894736842106,3.0526315789473686,0.47368421052631576,0.5263157894736842,1.605263157894737,1.0526315789473684,10,0.5,0.2,0.3,2.3,1.5,3.8,0.5,0.8,1.7,1.1,5,0.4,0.4,0.2,2.2,1.8,4.0,0.8,0.8,1.6,1.0,77333,Bundesliga 25/26
2025-08-31,12:30,Borussia Dortmund,1. FC Union Berlin,14065066,Xabsydb,12,0.6666666666666666,0.0,0.3333333333333333,2.5833333333333335,1.1666666666666667,3.75,0.5,0.75,2.0,1.0,10,0.7,0.0,0.3,2.5,1.1,3.6,0.5,0.7,2.1,0.9,5,0.8,0.0,0.2,3.0,1.0,4.0,0.6,0.8,2.4,0.6,77333,Bundesliga 25/26
2025-08-31,14:30,1. FC Köln,SC Freiburg,14065073,Nabswdb,36,0.3611111111111111,0.19444444444444445,0.4444444444444444,1.25,1.3611111111111112,2.611111111111111,0.3333333333333333,0.4444444444444444,1.2777777777777777,1.5277777777777777,10,0.3,0.2,0.5,0.9,1.6,2.5,0.3,0.4,1.1,1.7,5,0.2,0.2,0.6,0.2,1.0,1.2,0.0,0.0,0.8,2.0,77333,Bundesliga 25/26
2025-09-12,15:30,Bayer 04 Leverkusen,Eintracht Frankfurt,14065076,zdbsGdb,80,0.4625,0.1875,0.35,1.8375,1.425,3.2625,0.6375,0.675,1.575,1.2375,10,0.7,0.0,0.3,2.6,1.7,4.3,0.8,0.9,2.1,0.9,5,1.0,0.0,0.0,3.4,0.8,4.2,0.8,1.0,3.0,0.0,77333,Bundesliga 25/26
2025-09-13,10:30,1. FC Heidenheim,Borussia Dortmund,14065082,ydbsKrc,4,0.0,0.5,0.5,1.25,2.0,3.25,0.75,0.75,0.5,2.0,4,0.0,0.5,0.5,1.25,2.0,3.25,0.75,0.75,0.5,2.0,4,0.0,0.5,0.5,1.25,2.0,3.25,0.75,0.75,0.5,2.0,77333,Bundesliga 25/26
2025-09-13,10:30,1. FSV Mainz 05,RB Leipzig,14065078,gbbskCo,18,0.3333333333333333,0.2222222222222222,0.4444444444444444,1.4444444444444444,2.2777777777777777,3.7222222222222223,0.5555555555555556,0.7222222222222222,1.2222222222222223,1.5555555555555556,10,0.5,0.2,0.3,1.4,1.3,2.7,0.5,0.5,1.7,1.1,5,0.6,0.2,0.2,1.4,0.6,2.0,0.2,0.4,2.0,0.8,77333,Bundesliga 25/26
2025-09-13,10:30,SC Freiburg,VfB Stuttgart,14065079,NabsCdb,46,0.3695652173913043,0.10869565217391304,0.5217391304347826,1.326086956521739,1.7826086956521738,3.108695652173913,0.5217391304347826,0.6521739130434783,1.2173913043478262,1.673913043478261,10,0.7,0.0,0.3,1.7,1.9,3.6,0.6,0.8,2.1,0.9,5,0.4,0.0,0.6,1.2,2.8,4.0,0.6,1.0,1.2,1.8,77333,Bundesliga 25/26
2025-09-13,10:30,1. FC Union Berlin,TSG Hoffenheim,14065081,Xabsubb,12,0.5,0.16666666666666666,0.3333333333333333,1.6666666666666667,1.5833333333333333,3.25,0.5833333333333334,0.6666666666666666,1.6666666666666667,1.1666666666666667,10,0.6,0.2,0.2,2.0,1.3,3.3,0.7,0.7,2.0,0.8,5,0.6,0.0,0.4,1.8,1.4,3.2,0.4,0.6,1.8,1.2,77333,Bundesliga 25/26
2025-09-13,10:30,VfL Wolfsburg,1. FC Köln,14065077,zabswdb,36,0.4722222222222222,0.3055555555555556,0.2222222222222222,1.8611111111111112,1.2222222222222223,3.0833333333333335,0.6388888888888888,0.5555555555555556,1.7222222222222223,0.9722222222222222,10,0.5,0.2,0.3,1.6,1.5,3.1,0.7,0.6,1.7,1.1,5,0.6,0.2,0.2,1.6,1.2,2.8,0.6,0.4,2.0,0.8,77333,Bundesliga 25/26
2025-09-13,13:30,FC Bayern München,Hamburger SV,14057801,xdbsBdb,96,0.6041666666666666,0.20833333333333334,0.1875,2.2708333333333335,0.9270833333333334,3.1979166666666665,0.4791666666666667,0.5833333333333334,2.0208333333333335,0.7708333333333334,10,0.9,0.1,0.0,3.8,0.3,4.1,0.3,0.7,2.8,0.1,5,1.0,0.0,0.0,3.6,0.2,3.8,0.2,0.6,3.0,0.0,77333,Bundesliga 25/26
2025-09-14,10:30,FC St. Pauli,FC Augsburg,14065083,Babsacb,2,0.0,0.5,0.5,1.0,2.0,3.0,1.0,0.5,0.5,2.0,2,0.0,0.5,0.5,1.0,2.0,3.0,1.0,0.5,0.5,2.0,2,0.0,0.5,0.5,1.0,2.0,3.0,1.0,0.5,0.5,2.0,77333,Bundesliga 25/26
2025-09-14,12:30,Borussia M'gladbach,SV Werder Bremen,14065080,CabsJab,100,0.4,0.26,0.34,1.73,1.46,3.19,0.61,0.56,1.46,1.28,10,0.5,0.4,0.1,2.3,1.7,4.0,0.8,0.8,1.9,0.7,5,0.4,0.6,0.0,2.8,1.8,4.6,1.0,1.0,1.8,0.6,77333,Bundesliga 25/26
2025-09-19,15:30,VfB Stuttgart,FC St. Pauli,14065089,BabsCdb,18,0.6111111111111112,0.2222222222222222,0.16666666666666666,1.6666666666666667,0.7777777777777778,2.4444444444444446,0.5555555555555556,0.5555555555555556,2.0555555555555554,0.7222222222222222,10,0.7,0.1,0.2,1.7,0.7,2.4,0.5,0.5,2.2,0.7,5,0.8,0.0,0.2,1.4,0.6,2.0,0.4,0.4,2.4,0.6,77333,Bundesliga 25/26
2025-09-20,10:30,TSG Hoffenheim,FC Bayern München,14065096,ubbsxdb,34,0.14705882352941177,0.20588235294117646,0.6470588235294118,0.9411764705882353,2.4705882352941178,3.411764705882353,0.5294117647058824,0.6176470588235294,0.6470588235294118,2.1470588235294117,10,0.2,0.2,0.6,1.1,2.7,3.8,0.5,0.7,0.8,2.0,5,0.2,0.2,0.6,1.0,3.0,4.0,0.4,0.8,0.8,2.0,77333,Bundesliga 25/26
2025-09-20,10:30,SV Werder Bremen,SC Freiburg,14065086,JabsNab,48,0.4583333333333333,0.25,0.2916666666666667,1.8541666666666667,1.2708333333333333,3.125,0.5625,0.6041666666666666,1.625,1.125,10,0.2,0.3,0.5,0.8,1.5,2.3,0.4,0.4,0.9,1.8,5,0.2,0.0,0.8,0.8,2.0,2.8,0.4,0.6,0.6,2.4,77333,Bundesliga 25/26
2025-09-20,10:30,FC Augsburg,1. FSV Mainz 05,14065093,gbbsacb,28,0.39285714285714285,0.14285714285714285,0.4642857142857143,1.3214285714285714,1.5714285714285714,2.892857142857143,0.6071428571428571,0.6428571428571429,1.3214285714285714,1.5357142857142858,10,0.4,0.1,0.5,1.3,1.6,2.9,0.7,0.7,1.3,1.6,5,0.2,0.2,0.6,1.0,1.6,2.6,0.6,0.6,0.8,2.0,77333,Bundesliga 25/26
2025-09-20,10:30,Hamburger SV,1. FC Heidenheim,14065090,BdbsKrc,0,0.0,0.0,0.0,0.0,0.0,0.0,0.0,0.0,0.0,0.0,0,0.0,0.0,0.0,0.0,0.0,0.0,0.0,0.0,0.0,0.0,0,0.0,0.0,0.0,0.0,0.0,0.0,0.0,0.0,0.0,0.0,77333,Bundesliga 25/26
2025-09-20,13:30,RB Leipzig,1. FC Köln,14065091,wdbskCo,14,0.5,0.35714285714285715,0.14285714285714285,2.357142857142857,1.0714285714285714,3.4285714285714284,0.7857142857142857,0.7142857142857143,1.8571428571428572,0.7857142857142857,10,0.5,0.4,0.1,2.6,1.0,3.6,0.7,0.7,1.9,0.7,5,0.6,0.4,0.0,3.2,0.8,4.0,0.6,0.8,2.2,0.4,77333,Bundesliga 25/26
2025-09-21,10:30,Eintracht Frankfurt,1. FC Union Berlin,14065087,Xabszdb,12,0.4166666666666667,0.25,0.3333333333333333,1.6666666666666667,1.3333333333333333,3.0,0.5833333333333334,0.5833333333333334,1.5,1.25,10,0.4,0.3,0.3,1.7,1.3,3.0,0.5,0.5,1.5,1.2,5,0.2,0.4,0.4,1.0,1.0,2.0,0.4,0.4,1.0,1.6,77333,Bundesliga 25/26
2025-09-21,12:30,Bayer 04 Leverkusen,Borussia M'gladbach,14065084,CabsGdb,86,0.4186046511627907,0.32558139534883723,0.2558139534883721,1.9069767441860466,1.3953488372093024,3.302325581395349,0.6511627906976745,0.6395348837209303,1.5813953488372092,1.0930232558139534,10,0.8,0.2,0.0,2.5,1.1,3.6,0.6,0.8,2.6,0.2,5,0.6,0.4,0.0,2.2,1.0,3.2,0.6,0.8,2.2,0.4,77333,Bundesliga 25/26
2025-09-21,14:30,Borussia Dortmund,VfL Wolfsburg,14065085,zabsydb,56,0.6071428571428571,0.21428571428571427,0.17857142857142858,2.1607142857142856,1.0178571428571428,3.1785714285714284,0.5357142857142857,0.625,2.0357142857142856,0.75,10,0.8,0.1,0.1,2.8,0.6,3.4,0.4,0.5,2.5,0.4,5,0.8,0.2,0.0,3.0,0.4,3.4,0.4,0.6,2.6,0.2,77333,Bundesliga 25/26
2025-09-26,15:30,FC Bayern München,SV Werder Bremen,14065088,Jabsxdb,106,0.5754716981132075,0.22641509433962265,0.19811320754716982,2.0849056603773586,1.0377358490566038,3.1226415094339623,0.5188679245283019,0.5566037735849056,1.9528301886792452,0.8207547169811321,10,0.8,0.1,0.1,3.1,0.6,3.7,0.5,0.7,2.5,0.4,5,0.8,0.0,0.2,2.8,0.4,3.2,0.2,0.8,2.4,0.6,77333,Bundesliga 25/26
2025-09-27,10:30,1. FSV Mainz 05,Borussia Dortmund,14065094,gbbsydb,38,0.15789473684210525,0.2894736842105263,0.5526315789473685,1.0,1.6842105263157894,2.6842105263157894,0.631578947368421,0.5,0.7631578947368421,1.9473684210526316,10,0.2,0.3,0.5,1.4,1.7,3.1,0.8,0.7,0.9,1.8,5,0.4,0.4,0.2,2.0,1.4,3.4,0.8,0.8,1.6,1.0,77333,Bundesliga 25/26
2025-09-27,10:30,FC St. Pauli,Bayer 04 Leverkusen,14065095,BabsGdb,16,0.25,0.3125,0.4375,1.1875,1.4375,2.625,0.625,0.625,1.0625,1.625,10,0.2,0.2,0.6,1.1,1.7,2.8,0.8,0.7,0.8,2.0,5,0.0,0.2,0.8,0.8,1.6,2.4,0.8,0.6,0.2,2.6,77333,Bundesliga 25/26
2025-09-27,10:30,VfL Wolfsburg,RB Leipzig,14065103,zabskCo,18,0.2777777777777778,0.2777777777777778,0.4444444444444444,1.0555555555555556,1.5555555555555556,2.611111111111111,0.4444444444444444,0.4444444444444444,1.1111111111111112,1.6111111111111112,10,0.3,0.2,0.5,1.4,1.9,3.3,0.5,0.7,1.1,1.7,5,0.4,0.0,0.6,1.8,2.2,4.0,0.6,1.0,1.2,1.8,77333,Bundesliga 25/26
2025-09-27,10:30,1. FC Heidenheim,FC Augsburg,14065102,acbsKrc,4,0.25,0.0,0.75,1.75,2.0,3.75,0.5,0.75,0.75,2.25,4,0.25,0.0,0.75,1.75,2.0,3.75,0.5,0.75,0.75,2.25,4,0.25,0.0,0.75,1.75,2.0,3.75,0.5,0.75,0.75,2.25,77333,Bundesliga 25/26
2025-09-27,13:30,Borussia M'gladbach,Eintracht Frankfurt,14065092,Cabszdb,92,0.34782608695652173,0.30434782608695654,0.34782608695652173,1.5217391304347827,1.5,3.0217391304347827,0.5760869565217391,0.5217391304347826,1.3478260869565217,1.3478260869565217,10,0.1,0.5,0.4,1.5,1.7,3.2,0.8,0.5,0.8,1.7,5,0.0,0.6,0.4,0.8,1.4,2.2,0.8,0.2,0.6,1.8,77333,Bundesliga 25/26
2025-09-28,10:30,SC Freiburg,TSG Hoffenheim,14065097,Nabsubb,30,0.4,0.4,0.2,1.7666666666666666,1.5,3.2666666666666666,0.8,0.5666666666666667,1.6,1.0,10,0.6,0.3,0.1,2.0,1.4,3.4,0.9,0.7,2.1,0.6,5,0.8,0.2,0.0,2.2,1.4,3.6,1.0,0.8,2.6,0.2,77333,Bundesliga 25/26
2025-09-28,12:30,1. FC Köln,VfB Stuttgart,14065099,wdbsCdb,82,0.32926829268292684,0.2926829268292683,0.3780487804878049,1.4146341463414633,1.6341463414634145,3.048780487804878,0.6097560975609756,0.6219512195121951,1.2804878048780488,1.4268292682926829,10,0.1,0.3,0.6,0.7,1.5,2.2,0.5,0.4,0.6,2.1,5,0.0,0.4,0.6,0.4,1.6,2.0,0.4,0.4,0.4,2.2,77333,Bundesliga 25/26
2025-09-28,14:30,1. FC Union Berlin,Hamburger SV,14065101,XabsBdb,0,0.0,0.0,0.0,0.0,0.0,0.0,0.0,0.0,0.0,0.0,0,0.0,0.0,0.0,0.0,0.0,0.0,0.0,0.0,0.0,0.0,0,0.0,0.0,0.0,0.0,0.0,0.0,0.0,0.0,0.0,0.0,77333,Bundesliga 25/26
2025-10-03,15:30,TSG Hoffenheim,1. FC Köln,14065113,ubbswdb,26,0.5,0.3076923076923077,0.19230769230769232,2.076923076923077,1.0384615384615385,3.1153846153846154,0.5769230769230769,0.5384615384615384,1.8076923076923077,0.8846153846153846,10,0.7,0.2,0.1,2.3,1.0,3.3,0.7,0.7,2.3,0.5,5,0.4,0.4,0.2,1.4,1.2,2.6,0.8,0.4,1.6,1.0,77333,Bundesliga 25/26
2025-10-04,10:30,Borussia Dortmund,RB Leipzig,14065098,ydbskCo,18,0.4444444444444444,0.1111111111111111,0.4444444444444444,1.6111111111111112,1.7777777777777777,3.388888888888889,0.6666666666666666,0.6666666666666666,1.4444444444444444,1.4444444444444444,10,0.4,0.0,0.6,1.5,2.3,3.8,0.8,0.9,1.2,1.8,5,0.4,0.0,0.6,1.4,2.2,3.6,0.8,0.8,1.2,1.8,77333,Bundesliga 25/26
2025-10-04,10:30,Bayer 04 Leverkusen,1. FC Union Berlin,14065104,XabsGdb,12,0.5,0.4166666666666667,0.08333333333333333,1.75,0.6666666666666666,2.4166666666666665,0.4166666666666667,0.4166666666666667,1.9166666666666667,0.6666666666666666,10,0.4,0.5,0.1,1.6,0.6,2.2,0.4,0.4,1.7,0.8,5,0.6,0.4,0.0,1.4,0.2,1.6,0.2,0.4,2.2,0.4,77333,Bundesliga 25/26
2025-10-04,10:30,FC Augsburg,VfL Wolfsburg,14065107,zabsacb,28,0.35714285714285715,0.35714285714285715,0.2857142857142857,1.1428571428571428,1.1785714285714286,2.3214285714285716,0.5,0.39285714285714285,1.4285714285714286,1.2142857142857142,10,0.4,0.4,0.2,1.4,1.0,2.4,0.5,0.4,1.6,1.0,5,0.6,0.4,0.0,2.0,1.2,3.2,0.8,0.6,2.2,0.4,77333,Bundesliga 25/26
2025-10-04,10:30,SV Werder Bremen,FC St. Pauli,14065106,BabsJab,18,0.6666666666666666,0.2777777777777778,0.05555555555555555,1.7777777777777777,0.6111111111111112,2.388888888888889,0.4444444444444444,0.6111111111111112,2.2777777777777777,0.4444444444444444,10,0.8,0.2,0.0,2.2,0.6,2.8,0.5,0.7,2.6,0.2,5,0.8,0.2,0.0,2.2,0.6,2.8,0.4,0.6,2.6,0.2,77333,Bundesliga 25/26
2025-10-04,13:30,Eintracht Frankfurt,FC Bayern München,14065100,xdbszdb,98,0.23469387755102042,0.21428571428571427,0.5510204081632653,1.2755102040816326,2.1122448979591835,3.3877551020408165,0.5816326530612245,0.6632653061224489,0.9183673469387755,1.8673469387755102,10,0.3,0.2,0.5,1.5,2.5,4.0,0.7,0.8,1.1,1.7,5,0.2,0.4,0.4,2.0,2.2,4.2,0.8,0.8,1.0,1.6,77333,Bundesliga 25/26
2025-10-05,12:30,Hamburger SV,1. FSV Mainz 05,14065108,gbbsBdb,24,0.3333333333333333,0.3333333333333333,0.3333333333333333,1.1666666666666667,1.25,2.4166666666666665,0.5833333333333334,0.5416666666666666,1.3333333333333333,1.3333333333333333,10,0.2,0.3,0.5,1.2,1.7,2.9,0.7,0.7,0.9,1.8,5,0.0,0.6,0.4,0.6,1.2,1.8,0.4,0.4,0.6,1.8,77333,Bundesliga 25/26
2025-10-05,14:30,Borussia M'gladbach,SC Freiburg,14065110,CabsNab,46,0.2608695652173913,0.3695652173913043,0.3695652173913043,1.2608695652173914,1.6304347826086956,2.891304347826087,0.5652173913043478,0.5434782608695652,1.1521739130434783,1.4782608695652173,10,0.1,0.5,0.4,1.2,2.3,3.5,0.6,0.8,0.8,1.7,5,0.0,0.4,0.6,1.0,2.2,3.2,0.6,0.8,0.4,2.2,77333,Bundesliga 25/26
2025-10-17,15:30,1. FC Union Berlin,Borussia M'gladbach,14065117,CabsXab,12,0.5,0.25,0.25,1.3333333333333333,1.0833333333333333,2.4166666666666665,0.6666666666666666,0.5,1.75,1.0,10,0.5,0.3,0.2,1.3,0.9,2.2,0.7,0.5,1.8,0.9,5,0.4,0.2,0.4,1.0,0.8,1.8,0.4,0.4,1.4,1.4,77333,Bundesliga 25/26
2025-10-18,10:30,1. FSV Mainz 05,Bayer 04 Leverkusen,14065112,gbbsGdb,38,0.3157894736842105,0.15789473684210525,0.5263157894736842,1.236842105263158,1.631578947368421,2.8684210526315788,0.5,0.5263157894736842,1.105263157894737,1.736842105263158,10,0.2,0.2,0.6,1.1,1.9,3.0,0.5,0.7,0.8,2.0,5,0.2,0.2,0.6,1.2,2.0,3.2,0.6,0.8,0.8,2.0,77333,Bundesliga 25/26
2025-10-18,10:30,RB Leipzig,Hamburger SV,14065114,BdbskCo,4,0.5,0.25,0.25,1.75,1.0,2.75,0.25,0.5,1.75,1.0,4,0.5,0.25,0.25,1.75,1.0,2.75,0.25,0.5,1.75,1.0,4,0.5,0.25,0.25,1.75,1.0,2.75,0.25,0.5,1.75,1.0,77333,Bundesliga 25/26
2025-10-18,10:30,VfL Wolfsburg,VfB Stuttgart,14065115,zabsCdb,52,0.4423076923076923,0.15384615384615385,0.40384615384615385,1.5192307692307692,1.3653846153846154,2.8846153846153846,0.5576923076923077,0.5576923076923077,1.4807692307692308,1.3653846153846154,10,0.5,0.2,0.3,1.6,1.5,3.1,0.7,0.6,1.7,1.1,5,0.4,0.2,0.4,1.6,1.8,3.4,0.8,0.8,1.4,1.4,77333,Bundesliga 25/26
2025-10-18,10:30,1. FC Heidenheim,SV Werder Bremen,14065118,JabsKrc,6,0.3333333333333333,0.5,0.16666666666666666,2.0,2.0,4.0,0.8333333333333334,0.8333333333333334,1.5,1.0,6,0.3333333333333333,0.5,0.16666666666666666,2.0,2.0,4.0,0.8333333333333334,0.8333333333333334,1.5,1.0,5,0.4,0.4,0.2,2.4,2.4,4.8,1.0,1.0,1.6,1.0,77333,Bundesliga 25/26
2025-10-18,10:30,1. FC Köln,FC Augsburg,14065119,acbswdb,20,0.25,0.4,0.35,1.15,1.15,2.3,0.55,0.4,1.15,1.45,10,0.4,0.4,0.2,1.7,1.3,3.0,0.8,0.4,1.6,1.0,5,0.6,0.4,0.0,2.4,1.2,3.6,1.0,0.6,2.2,0.4,77333,Bundesliga 25/26
2025-10-18,13:30,FC Bayern München,Borussia Dortmund,14065109,xdbsydb,102,0.47058823529411764,0.3137254901960784,0.21568627450980393,2.0392156862745097,1.1764705882352942,3.215686274509804,0.5588235294117647,0.5784313725490197,1.7254901960784315,0.9607843137254902,10,0.6,0.3,0.1,2.6,1.6,4.2,0.8,0.8,2.1,0.6,5,0.4,0.4,0.2,2.2,1.4,3.6,0.6,0.6,1.6,1.0,77333,Bundesliga 25/26
2025-10-19,10:30,SC Freiburg,Eintracht Frankfurt,14065111,Nabszdb,42,0.3333333333333333,0.23809523809523808,0.42857142857142855,1.2142857142857142,1.5238095238095237,2.738095238095238,0.5238095238095238,0.5238095238095238,1.2380952380952381,1.5238095238095237,10,0.1,0.4,0.5,1.2,2.1,3.3,0.8,0.7,0.7,1.9,5,0.0,0.4,0.6,1.2,2.4,3.6,0.8,0.8,0.4,2.2,77333,Bundesliga 25/26
2025-10-19,12:30,FC St. Pauli,TSG Hoffenheim,14065116,Babsubb,4,0.5,0.25,0.25,1.25,0.75,2.0,0.25,0.25,1.75,1.0,4,0.5,0.25,0.25,1.25,0.75,2.0,0.25,0.25,1.75,1.0,4,0.5,0.25,0.25,1.25,0.75,2.0,0.25,0.25,1.75,1.0,77333,Bundesliga 25/26
2025-10-24,15:30,SV Werder Bremen,1. FC Union Berlin,14065124,JabsXab,10,0.3,0.1,0.6,1.3,1.6,2.9,0.6,0.6,1.0,1.9,10,0.3,0.1,0.6,1.3,1.6,2.9,0.6,0.6,1.0,1.9,5,0.4,0.2,0.4,1.8,1.2,3.0,0.6,0.6,1.4,1.4,77333,Bundesliga 25/26
2025-10-25,10:30,FC Augsburg,RB Leipzig,14065127,acbskCo,18,0.05555555555555555,0.3888888888888889,0.5555555555555556,0.8333333333333334,1.9444444444444444,2.7777777777777777,0.5,0.6111111111111112,0.5555555555555556,2.0555555555555554,10,0.0,0.4,0.6,0.9,2.4,3.3,0.5,0.7,0.4,2.2,5,0.0,0.4,0.6,0.8,2.4,3.2,0.4,0.8,0.4,2.2,77333,Bundesliga 25/26
2025-10-25,10:30,Eintracht Frankfurt,FC St. Pauli,14065120,Babszdb,14,0.35714285714285715,0.42857142857142855,0.21428571428571427,1.8571428571428572,1.5714285714285714,3.4285714285714284,0.7857142857142857,0.6428571428571429,1.5,1.0714285714285714,10,0.4,0.5,0.1,1.8,1.3,3.1,0.9,0.7,1.7,0.8,5,0.6,0.2,0.2,1.8,1.2,3.0,0.8,0.8,2.0,0.8,77333,Bundesliga 25/26
2025-10-25,10:30,Hamburger SV,VfL Wolfsburg,14065129,zabsBdb,42,0.23809523809523808,0.38095238095238093,0.38095238095238093,1.2380952380952381,1.5476190476190477,2.7857142857142856,0.6428571428571429,0.42857142857142855,1.0952380952380953,1.5238095238095237,10,0.2,0.3,0.5,0.8,1.3,2.1,0.5,0.3,0.9,1.8,5,0.4,0.2,0.4,1.0,0.8,1.8,0.4,0.4,1.4,1.4,77333,Bundesliga 25/26
2025-10-25,10:30,TSG Hoffenheim,1. FC Heidenheim,14065126,ubbsKrc,4,0.25,0.75,0.0,1.25,1.0,2.25,0.75,0.25,1.5,0.75,4,0.25,0.75,0.0,1.25,1.0,2.25,0.75,0.25,1.5,0.75,4,0.25,0.75,0.0,1.25,1.0,2.25,0.75,0.25,1.5,0.75,77333,Bundesliga 25/26
2025-10-25,10:45,Borussia M'gladbach,FC Bayern München,14065125,Cabsxdb,104,0.2692307692307692,0.25,0.4807692307692308,1.2403846153846154,1.8653846153846154,3.105769230769231,0.5673076923076923,0.625,1.0576923076923077,1.6923076923076923,10,0.3,0.2,0.5,1.2,2.1,3.3,0.7,0.6,1.1,1.7,5,0.2,0.0,0.8,1.0,2.0,3.0,0.6,0.6,0.6,2.4,77333,Bundesliga 25/26
2025-10-25,13:30,Borussia Dortmund,1. FC Köln,14065122,wdbsydb,82,0.45121951219512196,0.25609756097560976,0.2926829268292683,1.670731707317073,1.2560975609756098,2.926829268292683,0.5365853658536586,0.5487804878048781,1.6097560975609757,1.1341463414634145,10,0.6,0.2,0.2,2.7,1.1,3.8,0.7,0.7,2.0,0.8,5,0.6,0.2,0.2,2.8,1.0,3.8,0.6,0.6,2.0,0.8,77333,Bundesliga 25/26
2025-10-26,11:30,Bayer 04 Leverkusen,SC Freiburg,14065121,NabsGdb,50,0.48,0.28,0.24,1.76,1.12,2.88,0.62,0.54,1.72,1.0,10,0.5,0.2,0.3,2.3,1.7,4.0,1.0,0.9,1.7,1.1,5,0.6,0.4,0.0,2.6,1.4,4.0,1.0,0.8,2.2,0.4,77333,Bundesliga 25/26
2025-10-26,13:30,VfB Stuttgart,1. FSV Mainz 05,14065123,gbbsCdb,34,0.47058823529411764,0.23529411764705882,0.29411764705882354,1.7352941176470589,1.3529411764705883,3.088235294117647,0.6470588235294118,0.5882352941176471,1.6470588235294117,1.1176470588235294,10,0.6,0.3,0.1,2.2,1.1,3.3,0.7,0.6,2.1,0.6,5,0.6,0.2,0.2,2.6,1.6,4.2,0.8,0.8,2.0,0.8,77333,Bundesliga 25/26
2025-10-31,16:30,FC Augsburg,Borussia Dortmund,14065133,acbsydb,28,0.17857142857142858,0.25,0.5714285714285714,1.2857142857142858,2.4285714285714284,3.7142857142857144,0.75,0.6785714285714286,0.7857142857142857,1.9642857142857142,10,0.3,0.2,0.5,1.3,2.0,3.3,0.7,0.6,1.1,1.7,5,0.4,0.2,0.4,1.0,2.0,3.0,0.6,0.6,1.4,1.4,77333,Bundesliga 25/26
2025-11-01,11:30,RB Leipzig,VfB Stuttgart,14065132,CdbskCo,14,0.6428571428571429,0.14285714285714285,0.21428571428571427,2.0,1.0,3.0,0.5,0.5,2.0714285714285716,0.7857142857142857,10,0.6,0.1,0.3,2.2,1.3,3.5,0.6,0.6,1.9,1.0,5,0.4,0.0,0.6,2.4,2.4,4.8,1.0,1.0,1.2,1.8,77333,Bundesliga 25/26
2025-11-01,11:30,1. FC Heidenheim,Eintracht Frankfurt,14065136,zdbsKrc,4,0.0,0.0,1.0,0.25,2.75,3.0,0.25,0.75,0.0,3.0,4,0.0,0.0,1.0,0.25,2.75,3.0,0.25,0.75,0.0,3.0,4,0.0,0.0,1.0,0.25,2.75,3.0,0.25,0.75,0.0,3.0,77333,Bundesliga 25/26
2025-11-01,11:30,1. FC Union Berlin,SC Freiburg,14065134,NabsXab,12,0.5,0.3333333333333333,0.16666666666666666,1.5,1.0833333333333333,2.5833333333333335,0.5833333333333334,0.5,1.8333333333333333,0.8333333333333334,10,0.5,0.4,0.1,1.5,1.0,2.5,0.6,0.5,1.9,0.7,5,0.6,0.4,0.0,1.6,0.8,2.4,0.6,0.6,2.2,0.4,77333,Bundesliga 25/26
2025-11-01,11:30,FC St. Pauli,Borussia M'gladbach,14065135,BabsCab,18,0.16666666666666666,0.5,0.3333333333333333,1.2222222222222223,1.5555555555555556,2.7777777777777777,0.7777777777777778,0.4444444444444444,1.0,1.5,10,0.2,0.5,0.3,1.3,1.5,2.8,0.7,0.4,1.1,1.4,5,0.2,0.6,0.2,1.2,1.2,2.4,0.8,0.2,1.2,1.2,77333,Bundesliga 25/26
2025-11-01,11:30,1. FSV Mainz 05,SV Werder Bremen,14065130,Jabsgbb,36,0.3055555555555556,0.19444444444444445,0.5,1.2777777777777777,1.6111111111111112,2.888888888888889,0.5555555555555556,0.6111111111111112,1.1111111111111112,1.6944444444444444,10,0.4,0.1,0.5,1.4,1.2,2.6,0.3,0.5,1.3,1.6,5,0.0,0.2,0.8,0.6,2.0,2.6,0.4,0.6,0.2,2.6,77333,Bundesliga 25/26
2025-11-01,14:30,FC Bayern München,Bayer 04 Leverkusen,14065128,xdbsGdb,92,0.5543478260869565,0.22826086956521738,0.21739130434782608,1.8478260869565217,1.1521739130434783,3.0,0.5760869565217391,0.5978260869565217,1.891304347826087,0.8804347826086957,10,0.4,0.4,0.2,1.8,1.1,2.9,0.6,0.6,1.6,1.0,5,0.0,0.6,0.4,0.8,1.6,2.4,0.6,0.6,0.6,1.8,77333,Bundesliga 25/26
2025-11-02,11:30,1. FC Köln,Hamburger SV,14065139,wdbsBdb,80,0.3,0.25,0.45,1.3875,1.5875,2.975,0.55,0.6125,1.15,1.6,10,0.5,0.2,0.3,1.6,1.1,2.7,0.5,0.5,1.7,1.1,5,0.4,0.2,0.4,1.6,1.2,2.8,0.6,0.6,1.4,1.4,77333,Bundesliga 25/26
2025-11-02,13:30,VfL Wolfsburg,TSG Hoffenheim,14065131,zabsubb,34,0.4411764705882353,0.2647058823529412,0.29411764705882354,1.8529411764705883,1.588235294117647,3.4411764705882355,0.7941176470588235,0.8235294117647058,1.588235294117647,1.1470588235294117,10,0.4,0.2,0.4,1.5,1.7,3.2,0.9,0.9,1.4,1.4,5,0.4,0.4,0.2,1.6,1.6,3.2,0.8,0.8,1.6,1.0,77333,Bundesliga 25/26
2025-11-07,16:30,SV Werder Bremen,VfL Wolfsburg,14065138,zabsJab,54,0.3888888888888889,0.2037037037037037,0.4074074074074074,1.7777777777777777,1.7962962962962963,3.574074074074074,0.7037037037037037,0.6481481481481481,1.3703703703703705,1.4259259259259258,10,0.3,0.2,0.5,1.8,2.1,3.9,0.8,0.8,1.1,1.7,5,0.4,0.2,0.4,1.8,1.8,3.6,0.8,0.8,1.4,1.4,77333,Bundesliga 25/26
2025-11-08,11:30,1. FC Union Berlin,FC Bayern München,14065143,Xabsxdb,12,0.0,0.3333333333333333,0.6666666666666666,0.6666666666666666,2.4166666666666665,3.0833333333333335,0.5833333333333334,0.5,0.3333333333333333,2.3333333333333335,10,0.0,0.4,0.6,0.7,2.5,3.2,0.6,0.5,0.4,2.2,5,0.0,0.2,0.8,0.4,2.6,3.0,0.4,0.6,0.2,2.6,77333,Bundesliga 25/26
2025-11-08,11:30,Hamburger SV,Borussia Dortmund,14065146,ydbsBdb,88,0.36363636363636365,0.2727272727272727,0.36363636363636365,1.7272727272727273,1.6477272727272727,3.375,0.6363636363636364,0.625,1.3636363636363635,1.3636363636363635,10,0.3,0.1,0.6,1.1,2.3,3.4,0.3,0.7,1.0,1.9,5,0.0,0.0,1.0,0.4,3.2,3.6,0.2,0.8,0.0,3.0,77333,Bundesliga 25/26
2025-11-08,11:30,Bayer 04 Leverkusen,1. FC Heidenheim,14065137,GdbsKrc,4,1.0,0.0,0.0,3.0,1.0,4.0,0.75,0.75,3.0,0.0,4,1.0,0.0,0.0,3.0,1.0,4.0,0.75,0.75,3.0,0.0,4,1.0,0.0,0.0,3.0,1.0,4.0,0.75,0.75,3.0,0.0,77333,Bundesliga 25/26
2025-11-08,11:30,TSG Hoffenheim,RB Leipzig,14065145,ubbskCo,18,0.2222222222222222,0.2222222222222222,0.5555555555555556,1.3888888888888888,1.7777777777777777,3.1666666666666665,0.6111111111111112,0.6111111111111112,0.8888888888888888,1.8888888888888888,10,0.2,0.2,0.6,1.0,1.8,2.8,0.5,0.5,0.8,2.0,5,0.2,0.2,0.6,1.4,2.2,3.6,0.8,0.6,0.8,2.0,77333,Bundesliga 25/26
2025-11-08,14:30,Borussia M'gladbach,1. FC Köln,14065144,Cabswdb,88,0.5,0.18181818181818182,0.3181818181818182,1.875,1.4090909090909092,3.284090909090909,0.6022727272727273,0.6477272727272727,1.6818181818181819,1.1363636363636365,10,0.4,0.2,0.4,1.8,1.9,3.7,0.8,0.8,1.4,1.4,5,0.2,0.4,0.4,2.0,2.2,4.2,0.8,0.8,1.0,1.6,77333,Bundesliga 25/26
2025-11-09,11:30,SC Freiburg,FC St. Pauli,14065142,BabsNab,10,0.2,0.3,0.5,1.1,1.6,2.7,0.4,0.5,0.9,1.8,10,0.2,0.3,0.5,1.1,1.6,2.7,0.4,0.5,0.9,1.8,5,0.2,0.2,0.6,0.8,1.8,2.6,0.4,0.6,0.8,2.0,77333,Bundesliga 25/26
2025-11-09,13:30,VfB Stuttgart,FC Augsburg,14065141,acbsCdb,24,0.5416666666666666,0.08333333333333333,0.375,1.4166666666666667,1.5,2.9166666666666665,0.5,0.6666666666666666,1.7083333333333333,1.2083333333333333,10,0.8,0.1,0.1,2.2,1.0,3.2,0.6,0.7,2.5,0.4,5,0.8,0.2,0.0,2.0,0.2,2.2,0.2,0.4,2.6,0.2,77333,Bundesliga 25/26
2025-11-09,15:30,Eintracht Frankfurt,1. FSV Mainz 05,14065140,gbbszdb,34,0.29411764705882354,0.4117647058823529,0.29411764705882354,1.2941176470588236,1.2647058823529411,2.5588235294117645,0.5294117647058824,0.47058823529411764,1.2941176470588236,1.2941176470588236,10,0.4,0.5,0.1,1.4,0.9,2.3,0.6,0.3,1.7,0.8,5,0.4,0.4,0.2,1.4,1.0,2.4,0.6,0.4,1.6,1.0,77333,Bundesliga 25/26
2025-11-21,16:30,1. FSV Mainz 05,TSG Hoffenheim,14065149,gbbsubb,32,0.46875,0.25,0.28125,1.78125,1.53125,3.3125,0.59375,0.5625,1.65625,1.09375,10,0.6,0.2,0.2,1.6,1.0,2.6,0.5,0.3,2.0,0.8,5,0.6,0.2,0.2,1.6,0.8,2.4,0.4,0.2,2.0,0.8,77333,Bundesliga 25/26
2025-11-22,11:30,FC Bayern München,SC Freiburg,14065148,Nabsxdb,50,0.68,0.24,0.08,2.24,0.8,3.04,0.54,0.56,2.28,0.48,10,0.8,0.2,0.0,2.5,0.8,3.3,0.6,0.8,2.6,0.2,5,0.8,0.2,0.0,2.0,0.6,2.6,0.4,0.6,2.6,0.2,77333,Bundesliga 25/26
2025-11-22,11:30,Borussia Dortmund,VfB Stuttgart,14065147,ydbsCdb,96,0.375,0.21875,0.40625,1.6875,1.71875,3.40625,0.59375,0.6875,1.34375,1.4375,10,0.4,0.1,0.5,1.9,2.1,4.0,0.7,0.8,1.3,1.6,5,0.0,0.2,0.8,1.2,2.6,3.8,0.8,0.8,0.2,2.6,77333,Bundesliga 25/26
2025-11-22,11:30,VfL Wolfsburg,Bayer 04 Leverkusen,14065150,zabsGdb,56,0.3392857142857143,0.19642857142857142,0.4642857142857143,1.4642857142857142,1.75,3.2142857142857144,0.6428571428571429,0.6785714285714286,1.2142857142857142,1.5892857142857142,10,0.2,0.4,0.4,0.9,1.2,2.1,0.3,0.3,1.0,1.6,5,0.0,0.4,0.6,0.8,1.6,2.4,0.4,0.4,0.4,2.2,77333,Bundesliga 25/26
2025-11-22,11:30,1. FC Heidenheim,Borussia M'gladbach,14065153,CabsKrc,4,0.0,0.25,0.75,1.0,2.25,3.25,0.75,0.75,0.25,2.5,4,0.0,0.25,0.75,1.0,2.25,3.25,0.75,0.75,0.25,2.5,4,0.0,0.25,0.75,1.0,2.25,3.25,0.75,0.75,0.25,2.5,77333,Bundesliga 25/26
2025-11-22,11:30,FC Augsburg,Hamburger SV,14065152,acbsBdb,14,0.5714285714285714,0.07142857142857142,0.35714285714285715,1.3571428571428572,0.9285714285714286,2.2857142857142856,0.35714285714285715,0.35714285714285715,1.7857142857142858,1.1428571428571428,10,0.6,0.0,0.4,1.6,1.0,2.6,0.4,0.5,1.8,1.2,5,0.4,0.0,0.6,1.2,1.0,2.2,0.2,0.4,1.2,1.8,77333,Bundesliga 25/26
2025-11-22,14:30,1. FC Köln,Eintracht Frankfurt,14065155,wdbszdb,82,0.36585365853658536,0.2804878048780488,0.35365853658536583,1.548780487804878,1.4146341463414633,2.9634146341463414,0.524390243902439,0.524390243902439,1.3780487804878048,1.3414634146341464,10,0.4,0.5,0.1,1.5,0.9,2.4,0.6,0.2,1.7,0.8,5,0.6,0.4,0.0,1.6,0.4,2.0,0.4,0.2,2.2,0.4,77333,Bundesliga 25/26
2025-11-23,11:30,RB Leipzig,SV Werder Bremen,14065151,JabskCo,16,0.625,0.25,0.125,2.0,1.0,3.0,0.625,0.625,2.125,0.625,10,0.7,0.3,0.0,2.2,0.7,2.9,0.6,0.6,2.4,0.3,5,0.4,0.6,0.0,1.6,1.0,2.6,0.8,0.4,1.8,0.6,77333,Bundesliga 25/26
2025-11-23,13:30,FC St. Pauli,1. FC Union Berlin,14065154,BabsXab,2,0.5,0.0,0.5,1.5,0.5,2.0,0.0,0.5,1.5,1.5,2,0.5,0.0,0.5,1.5,0.5,2.0,0.0,0.5,1.5,1.5,2,0.5,0.0,0.5,1.5,0.5,2.0,0.0,0.5,1.5,1.5,77333,Bundesliga 25/26
2025-11-28,16:30,Borussia M'gladbach,RB Leipzig,14065166,CabskCo,18,0.2222222222222222,0.2222222222222222,0.5555555555555556,1.0555555555555556,1.6111111111111112,2.6666666666666665,0.5,0.5555555555555556,0.8888888888888888,1.8888888888888888,10,0.4,0.1,0.5,1.1,1.4,2.5,0.3,0.5,1.3,1.6,5,0.2,0.2,0.6,0.2,1.2,1.4,0.0,0.2,0.8,2.0,77333,Bundesliga 25/26
2025-11-29,11:30,FC Bayern München,FC St. Pauli,14065156,Babsxdb,18,0.6666666666666666,0.2222222222222222,0.1111111111111111,1.8888888888888888,0.6111111111111112,2.5,0.3888888888888889,0.4444444444444444,2.2222222222222223,0.5555555555555556,10,0.8,0.1,0.1,2.5,0.7,3.2,0.5,0.6,2.5,0.4,5,0.8,0.0,0.2,3.2,1.0,4.2,0.6,0.8,2.4,0.6,77333,Bundesliga 25/26
2025-11-29,11:30,1. FC Union Berlin,1. FC Heidenheim,14065164,XabsKrc,4,0.0,0.25,0.75,0.5,2.0,2.5,0.25,0.5,0.25,2.5,4,0.0,0.25,0.75,0.5,2.0,2.5,0.25,0.5,0.25,2.5,4,0.0,0.25,0.75,0.5,2.0,2.5,0.25,0.5,0.25,2.5,77333,Bundesliga 25/26
2025-11-29,11:30,SV Werder Bremen,1. FC Köln,14065159,Jabswdb,86,0.3488372093023256,0.29069767441860467,0.36046511627906974,1.5232558139534884,1.6046511627906976,3.127906976744186,0.6046511627906976,0.5232558139534884,1.3372093023255813,1.372093023255814,10,0.4,0.4,0.2,1.6,1.4,3.0,0.7,0.4,1.6,1.0,5,0.4,0.4,0.2,1.2,2.0,3.2,0.8,0.4,1.6,1.0,77333,Bundesliga 25/26
2025-11-29,11:30,TSG Hoffenheim,FC Augsburg,14065163,ubbsacb,28,0.5357142857142857,0.25,0.21428571428571427,1.7142857142857142,0.9642857142857143,2.6785714285714284,0.5357142857142857,0.5357142857142857,1.8571428571428572,0.8928571428571429,10,0.5,0.3,0.2,1.7,0.8,2.5,0.6,0.5,1.8,0.9,5,0.2,0.6,0.2,1.0,0.8,1.8,0.6,0.2,1.2,1.2,77333,Bundesliga 25/26
2025-11-29,14:30,Bayer 04 Leverkusen,Borussia Dortmund,14065158,ydbsGdb,92,0.3695652173913043,0.21739130434782608,0.41304347826086957,1.4891304347826086,1.6195652173913044,3.108695652173913,0.6195652173913043,0.5978260869565217,1.326086956521739,1.4565217391304348,10,0.3,0.2,0.5,1.8,2.1,3.9,0.8,0.6,1.1,1.7,5,0.2,0.4,0.4,1.4,2.0,3.4,0.8,0.4,1.0,1.6,77333,Bundesliga 25/26
2025-11-30,11:30,Hamburger SV,VfB Stuttgart,14065162,BdbsCdb,92,0.391304347826087,0.1956521739130435,0.41304347826086957,1.358695652173913,1.5434782608695652,2.902173913043478,0.532608695652174,0.5543478260869565,1.3695652173913044,1.434782608695652,10,0.2,0.2,0.6,1.3,1.9,3.2,0.7,0.7,0.8,2.0,5,0.2,0.2,0.6,1.2,2.0,3.2,0.8,0.8,0.8,2.0,77333,Bundesliga 25/26
2025-11-30,13:30,Eintracht Frankfurt,VfL Wolfsburg,14065157,zabszdb,46,0.1956521739130435,0.32608695652173914,0.4782608695652174,1.2391304347826086,1.5434782608695652,2.782608695652174,0.6304347826086957,0.5217391304347826,0.9130434782608695,1.7608695652173914,10,0.2,0.4,0.4,1.3,1.7,3.0,0.7,0.5,1.0,1.6,5,0.2,0.6,0.2,1.4,1.6,3.0,0.8,0.6,1.2,1.2,77333,Bundesliga 25/26
2025-11-30,15:30,SC Freiburg,1. FSV Mainz 05,14065160,Nabsgbb,32,0.21875,0.34375,0.4375,0.96875,1.625,2.59375,0.5625,0.53125,1.0,1.65625,10,0.2,0.6,0.2,0.9,1.0,1.9,0.6,0.3,1.2,1.2,5,0.2,0.8,0.0,1.0,0.8,1.8,0.6,0.2,1.4,0.8,77333,Bundesliga 25/26
2025-12-05,16:30,1. FSV Mainz 05,Borussia M'gladbach,14065165,Cabsgbb,38,0.2894736842105263,0.34210526315789475,0.3684210526315789,1.1842105263157894,1.3421052631578947,2.526315789473684,0.5526315789473685,0.4473684210526316,1.2105263157894737,1.4473684210526316,10,0.4,0.5,0.1,1.8,1.1,2.9,0.8,0.5,1.7,0.8,5,0.4,0.6,0.0,2.2,1.0,3.2,0.8,0.6,1.8,0.6,77333,Bundesliga 25/26
2025-12-06,11:30,VfB Stuttgart,FC Bayern München,14065168,xdbsCdb,102,0.13725490196078433,0.21568627450980393,0.6470588235294118,1.0588235294117647,2.1470588235294117,3.2058823529411766,0.5784313725490197,0.6568627450980392,0.6274509803921569,2.156862745098039,10,0.1,0.2,0.7,1.0,2.9,3.9,0.6,1.0,0.5,2.3,5,0.2,0.0,0.8,1.0,2.6,3.6,0.6,1.0,0.6,2.4,77333,Bundesliga 25/26
2025-12-06,11:30,FC Augsburg,Bayer 04 Leverkusen,14065169,acbsGdb,28,0.07142857142857142,0.25,0.6785714285714286,0.8214285714285714,2.142857142857143,2.9642857142857144,0.6428571428571429,0.5714285714285714,0.4642857142857143,2.2857142857142856,10,0.2,0.1,0.7,0.8,2.1,2.9,0.6,0.5,0.7,2.2,5,0.2,0.0,0.8,0.4,1.4,1.8,0.2,0.2,0.6,2.4,77333,Bundesliga 25/26
2025-12-06,11:30,VfL Wolfsburg,1. FC Union Berlin,14065170,zabsXab,12,0.4166666666666667,0.25,0.3333333333333333,1.0833333333333333,1.0,2.0833333333333335,0.3333333333333333,0.3333333333333333,1.5,1.25,10,0.4,0.2,0.4,1.0,1.0,2.0,0.3,0.3,1.4,1.4,5,0.4,0.2,0.4,0.8,0.8,1.6,0.4,0.2,1.4,1.4,77333,Bundesliga 25/26
2025-12-06,11:30,1. FC Heidenheim,SC Freiburg,14065173,NabsKrc,4,0.25,0.25,0.5,1.0,1.75,2.75,0.5,0.5,1.0,1.75,4,0.25,0.25,0.5,1.0,1.75,2.75,0.5,0.5,1.0,1.75,4,0.25,0.25,0.5,1.0,1.75,2.75,0.5,0.5,1.0,1.75,77333,Bundesliga 25/26
2025-12-06,11:30,1. FC Köln,FC St. Pauli,14065171,Babswdb,16,0.625,0.1875,0.1875,1.6875,0.875,2.5625,0.375,0.375,2.0625,0.75,10,0.5,0.2,0.3,1.1,1.0,2.1,0.3,0.3,1.7,1.1,5,0.6,0.0,0.4,1.0,1.0,2.0,0.4,0.4,1.8,1.2,77333,Bundesliga 25/26
2025-12-06,14:30,RB Leipzig,Eintracht Frankfurt,14065167,zdbskCo,18,0.2777777777777778,0.4444444444444444,0.2777777777777778,1.1111111111111112,1.3888888888888888,2.5,0.6111111111111112,0.5555555555555556,1.2777777777777777,1.2777777777777777,10,0.2,0.5,0.3,0.9,1.6,2.5,0.6,0.5,1.1,1.4,5,0.4,0.2,0.4,1.2,1.8,3.0,0.6,0.8,1.4,1.4,77333,Bundesliga 25/26
2025-12-07,11:30,Hamburger SV,SV Werder Bremen,14065172,JabsBdb,94,0.32978723404255317,0.30851063829787234,0.3617021276595745,1.4361702127659575,1.3617021276595744,2.797872340425532,0.5638297872340425,0.5212765957446809,1.297872340425532,1.3936170212765957,10,0.3,0.2,0.5,1.0,1.1,2.1,0.4,0.4,1.1,1.7,5,0.2,0.4,0.4,1.0,1.2,2.2,0.6,0.6,1.0,1.6,77333,Bundesliga 25/26
2025-12-07,13:30,Borussia Dortmund,TSG Hoffenheim,14065161,ubbsydb,34,0.4117647058823529,0.35294117647058826,0.23529411764705882,1.588235294117647,1.4705882352941178,3.0588235294117645,0.7647058823529411,0.5882352941176471,1.588235294117647,1.0588235294117647,10,0.7,0.2,0.1,2.0,1.3,3.3,0.7,0.6,2.3,0.5,5,0.6,0.2,0.2,2.0,1.4,3.4,0.8,0.6,2.0,0.8,77333,Bundesliga 25/26
2025-12-12,16:30,1. FC Union Berlin,RB Leipzig,14062138,XabskCo,12,0.4166666666666667,0.16666666666666666,0.4166666666666667,0.9166666666666666,1.5,2.4166666666666665,0.5,0.6666666666666666,1.4166666666666667,1.4166666666666667,10,0.5,0.2,0.3,1.0,1.1,2.1,0.5,0.6,1.7,1.1,5,0.2,0.4,0.4,0.4,1.2,1.6,0.2,0.4,1.0,1.6,77333,Bundesliga 25/26
2025-12-13,11:30,Eintracht Frankfurt,FC Augsburg,14065176,acbszdb,26,0.3076923076923077,0.38461538461538464,0.3076923076923077,1.4615384615384615,1.2307692307692308,2.6923076923076925,0.6538461538461539,0.5384615384615384,1.3076923076923077,1.3076923076923077,10,0.4,0.5,0.1,1.4,0.8,2.2,0.6,0.4,1.7,0.8,5,0.2,0.6,0.2,1.4,1.2,2.6,0.8,0.6,1.2,1.2,77333,Bundesliga 25/26
2025-12-13,11:30,Borussia M'gladbach,VfL Wolfsburg,14062146,zabsCab,50,0.32,0.2,0.48,1.32,1.56,2.88,0.5,0.54,1.16,1.64,10,0.4,0.4,0.2,1.8,1.3,3.1,0.6,0.6,1.6,1.0,5,0.6,0.0,0.4,2.0,1.4,3.4,0.4,0.6,1.8,1.2,77333,Bundesliga 25/26
2025-12-13,11:30,TSG Hoffenheim,Hamburger SV,14062139,ubbsBdb,20,0.4,0.2,0.4,1.7,1.15,2.85,0.4,0.6,1.4,1.4,10,0.5,0.2,0.3,2.0,1.1,3.1,0.5,0.7,1.7,1.1,5,0.4,0.2,0.4,1.6,1.6,3.2,0.6,0.8,1.4,1.4,77333,Bundesliga 25/26
2025-12-13,11:30,FC St. Pauli,1. FC Heidenheim,14062155,BabsKrc,2,0.5,0.0,0.5,1.0,1.0,2.0,0.0,0.0,1.5,1.5,2,0.5,0.0,0.5,1.0,1.0,2.0,0.0,0.0,1.5,1.5,2,0.5,0.0,0.5,1.0,1.0,2.0,0.0,0.0,1.5,1.5,77333,Bundesliga 25/26
2025-12-13,14:30,Bayer 04 Leverkusen,1. FC Köln,14065175,wdbsGdb,72,0.4027777777777778,0.3333333333333333,0.2638888888888889,1.5277777777777777,1.2361111111111112,2.763888888888889,0.5277777777777778,0.4861111111111111,1.5416666666666667,1.125,10,0.6,0.1,0.3,2.0,0.9,2.9,0.4,0.7,1.9,1.0,5,0.6,0.0,0.4,1.6,0.8,2.4,0.4,0.6,1.8,1.2,77333,Bundesliga 25/26
2025-12-14,11:30,SC Freiburg,Borussia Dortmund,14065177,Nabsydb,50,0.1,0.22,0.68,0.94,2.4,3.34,0.6,0.68,0.52,2.26,10,0.2,0.0,0.8,1.0,3.4,4.4,0.7,1.0,0.6,2.4,5,0.0,0.0,1.0,0.8,4.0,4.8,0.6,1.0,0.0,3.0,77333,Bundesliga 25/26
2025-12-14,13:30,FC Bayern München,1. FSV Mainz 05,14065174,gbbsxdb,38,0.7105263157894737,0.05263157894736842,0.23684210526315788,2.8684210526315788,1.1842105263157894,4.052631578947368,0.7105263157894737,0.8947368421052632,2.1842105263157894,0.7631578947368421,10,0.6,0.0,0.4,3.1,1.7,4.8,0.9,1.0,1.8,1.2,5,0.6,0.0,0.4,3.2,1.4,4.6,0.8,1.0,1.8,1.2,77333,Bundesliga 25/26
2025-12-14,15:30,SV Werder Bremen,VfB Stuttgart,14062137,JabsCdb,98,0.32653061224489793,0.2857142857142857,0.3877551020408163,1.663265306122449,1.5918367346938775,3.2551020408163267,0.6326530612244898,0.6224489795918368,1.2653061224489797,1.4489795918367347,10,0.3,0.3,0.4,1.3,1.4,2.7,0.7,0.6,1.2,1.5,5,0.6,0.2,0.2,1.6,1.2,2.8,0.6,0.6,2.0,0.8,77333,Bundesliga 25/26
2025-12-19,16:30,Borussia Dortmund,Borussia M'gladbach,14062163,Cabsydb,96,0.4375,0.2708333333333333,0.2916666666666667,1.7916666666666667,1.46875,3.2604166666666665,0.6145833333333334,0.5833333333333334,1.5833333333333333,1.1458333333333333,10,0.6,0.1,0.3,2.8,1.7,4.5,0.7,0.8,1.9,1.0,5,0.8,0.2,0.0,3.0,1.6,4.6,1.0,0.8,2.6,0.2,77333,Bundesliga 25/26
2025-12-20,11:30,Hamburger SV,Eintracht Frankfurt,14062140,zdbsBdb,84,0.44047619047619047,0.23809523809523808,0.32142857142857145,1.630952380952381,1.1904761904761905,2.8214285714285716,0.5238095238095238,0.5833333333333334,1.5595238095238095,1.2023809523809523,10,0.0,0.5,0.5,0.6,1.5,2.1,0.5,0.6,0.5,2.0,5,0.0,0.4,0.6,0.2,1.6,1.8,0.2,0.6,0.4,2.2,77333,Bundesliga 25/26
2025-12-20,11:30,VfB Stuttgart,TSG Hoffenheim,14062160,ubbsCdb,30,0.3333333333333333,0.4,0.26666666666666666,1.6666666666666667,1.4333333333333333,3.1,0.6333333333333333,0.5,1.4,1.2,10,0.3,0.5,0.2,1.9,1.4,3.3,0.8,0.6,1.4,1.1,5,0.2,0.6,0.2,1.6,1.2,2.8,0.8,0.4,1.2,1.2,77333,Bundesliga 25/26
2025-12-20,11:30,VfL Wolfsburg,SC Freiburg,14062162,zabsNab,42,0.3333333333333333,0.23809523809523808,0.42857142857142855,1.5714285714285714,1.380952380952381,2.9523809523809526,0.5238095238095238,0.5952380952380952,1.2380952380952381,1.5238095238095237,10,0.3,0.1,0.6,1.6,1.4,3.0,0.4,0.5,1.0,1.9,5,0.2,0.0,0.8,0.8,1.6,2.4,0.4,0.4,0.6,2.4,77333,Bundesliga 25/26
2025-12-20,11:30,1. FC Köln,1. FC Union Berlin,14062142,Xabswdb,10,0.1,0.2,0.7,0.8,1.6,2.4,0.5,0.5,0.5,2.3,10,0.1,0.2,0.7,0.8,1.6,2.4,0.5,0.5,0.5,2.3,5,0.2,0.2,0.6,0.6,1.2,1.8,0.2,0.2,0.8,2.0,77333,Bundesliga 25/26
2025-12-20,11:30,FC Augsburg,SV Werder Bremen,14062151,Jabsacb,26,0.5,0.11538461538461539,0.38461538461538464,1.6153846153846154,1.5384615384615385,3.1538461538461537,0.6153846153846154,0.6538461538461539,1.6153846153846154,1.2692307692307692,10,0.5,0.1,0.4,1.3,1.4,2.7,0.4,0.5,1.6,1.3,5,0.4,0.2,0.4,1.2,1.6,2.8,0.4,0.6,1.4,1.4,77333,Bundesliga 25/26
2025-12-20,14:30,RB Leipzig,Bayer 04 Leverkusen,14062143,GdbskCo,18,0.4444444444444444,0.2777777777777778,0.2777777777777778,1.7222222222222223,1.5555555555555556,3.2777777777777777,0.6666666666666666,0.5555555555555556,1.6111111111111112,1.1111111111111112,10,0.4,0.2,0.4,1.5,1.6,3.1,0.6,0.5,1.4,1.4,5,0.2,0.2,0.6,1.8,2.4,4.2,0.8,0.8,0.8,2.0,77333,Bundesliga 25/26
2025-12-21,11:30,1. FSV Mainz 05,FC St. Pauli,14062159,Babsgbb,4,1.0,0.0,0.0,2.75,0.75,3.5,0.5,0.75,3.0,0.0,4,1.0,0.0,0.0,2.75,0.75,3.5,0.5,0.75,3.0,0.0,4,1.0,0.0,0.0,2.75,0.75,3.5,0.5,0.75,3.0,0.0,77333,Bundesliga 25/26
2025-12-21,13:30,1. FC Heidenheim,FC Bayern München,14062150,xdbsKrc,4,0.25,0.0,0.75,1.75,3.5,5.25,0.75,1.0,0.75,2.25,4,0.25,0.0,0.75,1.75,3.5,5.25,0.75,1.0,0.75,2.25,4,0.25,0.0,0.75,1.75,3.5,5.25,0.75,1.0,0.75,2.25,77333,Bundesliga 25/26
2026-01-09,16:30,Eintracht Frankfurt,Borussia Dortmund,14062141,ydbszdb,90,0.28888888888888886,0.2111111111111111,0.5,1.2666666666666666,1.9777777777777779,3.2444444444444445,0.5777777777777777,0.6,1.0777777777777777,1.711111111111111,10,0.2,0.2,0.6,1.4,2.4,3.8,0.7,0.7,0.8,2.0,5,0.2,0.2,0.6,1.2,2.4,3.6,0.4,0.6,0.8,2.0,77333,Bundesliga 25/26
2026-01-10,11:30,FC St. Pauli,RB Leipzig,14062153,BabskCo,2,0.0,0.5,0.5,0.0,1.0,1.0,0.0,0.0,0.5,2.0,2,0.0,0.5,0.5,0.0,1.0,1.0,0.0,0.0,0.5,2.0,2,0.0,0.5,0.5,0.0,1.0,1.0,0.0,0.0,0.5,2.0,77333,Bundesliga 25/26
2026-01-10,11:30,1. FC Union Berlin,1. FSV Mainz 05,14062152,Xabsgbb,12,0.5833333333333334,0.3333333333333333,0.08333333333333333,1.9166666666666667,0.9166666666666666,2.8333333333333335,0.75,0.5833333333333334,2.0833333333333335,0.5833333333333334,10,0.6,0.3,0.1,1.9,0.8,2.7,0.7,0.6,2.1,0.6,5,0.6,0.4,0.0,2.0,1.0,3.0,1.0,0.6,2.2,0.4,77333,Bundesliga 25/26
2026-01-10,11:30,SC Freiburg,Hamburger SV,14062148,NabsBdb,36,0.2222222222222222,0.3888888888888889,0.3888888888888889,0.7777777777777778,1.4444444444444444,2.2222222222222223,0.3611111111111111,0.3888888888888889,1.0555555555555556,1.5555555555555556,10,0.2,0.6,0.2,0.6,0.8,1.4,0.3,0.2,1.2,1.2,5,0.2,0.6,0.2,0.8,0.8,1.6,0.4,0.2,1.2,1.2,77333,Bundesliga 25/26
2026-01-10,11:30,SV Werder Bremen,TSG Hoffenheim,14062144,Jabsubb,32,0.375,0.3125,0.3125,1.71875,1.78125,3.5,0.78125,0.625,1.4375,1.25,10,0.2,0.1,0.7,1.4,2.5,3.9,0.8,0.9,0.7,2.2,5,0.2,0.0,0.8,1.8,2.6,4.4,1.0,1.0,0.6,2.4,77333,Bundesliga 25/26
2026-01-10,11:30,1. FC Heidenheim,1. FC Köln,14062157,wdbsKrc,2,0.5,0.5,0.0,2.5,1.0,3.5,1.0,0.5,2.0,0.5,2,0.5,0.5,0.0,2.5,1.0,3.5,1.0,0.5,2.0,0.5,2,0.5,0.5,0.0,2.5,1.0,3.5,1.0,0.5,2.0,0.5,77333,Bundesliga 25/26
2026-01-11,11:30,Borussia M'gladbach,FC Augsburg,14062158,Cabsacb,28,0.2857142857142857,0.32142857142857145,0.39285714285714285,1.5,1.5,3.0,0.6428571428571429,0.5357142857142857,1.1785714285714286,1.5,10,0.2,0.2,0.6,1.3,1.9,3.2,0.6,0.6,0.8,2.0,5,0.2,0.2,0.6,1.6,2.2,3.8,0.6,0.8,0.8,2.0,77333,Bundesliga 25/26
2026-01-11,13:30,FC Bayern München,VfL Wolfsburg,14062145,zabsxdb,56,0.8035714285714286,0.125,0.07142857142857142,2.517857142857143,0.875,3.392857142857143,0.5,0.625,2.5357142857142856,0.3392857142857143,10,0.9,0.1,0.0,2.7,1.2,3.9,0.7,0.8,2.8,0.1,5,1.0,0.0,0.0,2.8,1.4,4.2,0.8,0.8,3.0,0.0,77333,Bundesliga 25/26
2026-01-13,14:30,VfB Stuttgart,Eintracht Frankfurt,14062161,zdbsCdb,90,0.45555555555555555,0.2111111111111111,0.3333333333333333,1.8444444444444446,1.6222222222222222,3.466666666666667,0.6777777777777778,0.6555555555555556,1.5777777777777777,1.211111111111111,10,0.2,0.4,0.4,1.5,1.6,3.1,0.8,0.6,1.0,1.6,5,0.4,0.2,0.4,1.6,1.2,2.8,0.6,0.6,1.4,1.4,77333,Bundesliga 25/26
2026-01-13,16:30,Borussia Dortmund,SV Werder Bremen,14062154,Jabsydb,98,0.42857142857142855,0.20408163265306123,0.3673469387755102,1.5612244897959184,1.5510204081632653,3.1122448979591835,0.5816326530612245,0.6020408163265306,1.489795918367347,1.3061224489795917,10,0.6,0.3,0.1,1.9,1.0,2.9,0.6,0.6,2.1,0.6,5,0.6,0.4,0.0,1.4,0.6,2.0,0.4,0.4,2.2,0.4,77333,Bundesliga 25/26
2026-01-13,16:30,Hamburger SV,Bayer 04 Leverkusen,14062169,BdbsGdb,78,0.34615384615384615,0.2692307692307692,0.38461538461538464,1.1666666666666667,1.435897435897436,2.6025641025641026,0.5128205128205128,0.5128205128205128,1.3076923076923077,1.4230769230769231,10,0.3,0.1,0.6,0.9,1.9,2.8,0.4,0.6,1.0,1.9,5,0.2,0.0,0.8,0.6,1.8,2.4,0.4,0.6,0.6,2.4,77333,Bundesliga 25/26
2026-01-13,16:30,1. FSV Mainz 05,1. FC Heidenheim,14062156,gbbsKrc,4,0.25,0.25,0.5,0.75,1.0,1.75,0.25,0.0,1.0,1.75,4,0.25,0.25,0.5,0.75,1.0,1.75,0.25,0.0,1.0,1.75,4,0.25,0.25,0.5,0.75,1.0,1.75,0.25,0.0,1.0,1.75,77333,Bundesliga 25/26
2026-01-14,14:30,VfL Wolfsburg,FC St. Pauli,14062164,zabsBab,6,0.0,0.8333333333333334,0.16666666666666666,1.0,1.3333333333333333,2.3333333333333335,0.8333333333333334,0.3333333333333333,0.8333333333333334,1.3333333333333333,6,0.0,0.8333333333333334,0.16666666666666666,1.0,1.3333333333333333,2.3333333333333335,0.8333333333333334,0.3333333333333333,0.8333333333333334,1.3333333333333333,5,0.0,0.8,0.2,1.0,1.4,2.4,0.8,0.4,0.8,1.4,77333,Bundesliga 25/26
2026-01-14,16:30,1. FC Köln,FC Bayern München,14062167,wdbsxdb,90,0.18888888888888888,0.26666666666666666,0.5444444444444444,1.1111111111111112,2.066666666666667,3.1777777777777776,0.5777777777777777,0.6222222222222222,0.8333333333333334,1.9,10,0.0,0.1,0.9,0.7,2.8,3.5,0.6,0.7,0.1,2.8,5,0.0,0.2,0.8,0.4,2.0,2.4,0.4,0.4,0.2,2.6,77333,Bundesliga 25/26
2026-01-14,16:30,RB Leipzig,SC Freiburg,14062149,NabskCo,18,0.6111111111111112,0.2222222222222222,0.16666666666666666,2.1666666666666665,0.9444444444444444,3.111111111111111,0.6666666666666666,0.7222222222222222,2.0555555555555554,0.7222222222222222,10,0.7,0.3,0.0,2.2,0.6,2.8,0.6,0.6,2.4,0.3,5,0.8,0.2,0.0,2.2,0.6,2.8,0.6,0.6,2.6,0.2,77333,Bundesliga 25/26
2026-01-14,16:30,TSG Hoffenheim,Borussia M'gladbach,14062166,Cabsubb,34,0.29411764705882354,0.3235294117647059,0.38235294117647056,1.6470588235294117,2.088235294117647,3.735294117647059,0.8235294117647058,0.7352941176470589,1.2058823529411764,1.4705882352941178,10,0.3,0.2,0.5,1.9,2.7,4.6,1.0,0.9,1.1,1.7,5,0.2,0.2,0.6,2.2,3.0,5.2,1.0,1.0,0.8,2.0,77333,Bundesliga 25/26
2026-01-15,16:30,FC Augsburg,1. FC Union Berlin,14062165,Xabsacb,12,0.5,0.3333333333333333,0.16666666666666666,1.4166666666666667,0.8333333333333334,2.25,0.5,0.3333333333333333,1.8333333333333333,0.8333333333333334,10,0.6,0.3,0.1,1.6,0.7,2.3,0.5,0.4,2.1,0.6,5,0.6,0.2,0.2,1.4,0.6,2.0,0.4,0.2,2.0,0.8,77333,Bundesliga 25/26
2026-01-16,16:30,SV Werder Bremen,Eintracht Frankfurt,14062174,Jabszdb,95,0.37894736842105264,0.28421052631578947,0.3368421052631579,1.4842105263157894,1.4105263157894736,2.8947368421052633,0.5368421052631579,0.5473684210526316,1.4210526315789473,1.2947368421052632,10,0.2,0.3,0.5,1.2,1.9,3.1,0.6,0.5,0.9,1.8,5,0.2,0.4,0.4,1.2,1.6,2.8,0.6,0.4,1.0,1.6,77333,Bundesliga 25/26
2026-01-17,11:30,Borussia Dortmund,FC St. Pauli,14062168,Babsydb,19,0.6842105263157895,0.15789473684210525,0.15789473684210525,2.0526315789473686,0.8947368421052632,2.9473684210526314,0.5263157894736842,0.5263157894736842,2.210526315789474,0.631578947368421,10,0.8,0.1,0.1,1.8,0.8,2.6,0.5,0.5,2.5,0.4,5,0.8,0.2,0.0,2.4,1.0,3.4,0.6,0.6,2.6,0.2,77333,Bundesliga 25/26
2026-01-17,11:30,TSG Hoffenheim,Bayer 04 Leverkusen,14062175,ubbsGdb,35,0.22857142857142856,0.14285714285714285,0.6285714285714286,1.2857142857142858,2.057142857142857,3.342857142857143,0.6571428571428571,0.7428571428571429,0.8285714285714286,2.0285714285714285,10,0.2,0.2,0.6,1.5,2.2,3.7,0.8,0.9,0.8,2.0,5,0.2,0.0,0.8,1.4,2.6,4.0,1.0,1.0,0.6,2.4,77333,Bundesliga 25/26
2026-01-17,11:30,Hamburger SV,Borussia M'gladbach,14062177,CabsBdb,91,0.3956043956043956,0.26373626373626374,0.34065934065934067,1.4175824175824177,1.4285714285714286,2.8461538461538463,0.5604395604395604,0.5604395604395604,1.4505494505494505,1.2857142857142858,10,0.4,0.3,0.3,1.3,1.2,2.5,0.6,0.6,1.5,1.2,5,0.4,0.4,0.2,1.0,1.0,2.0,0.6,0.6,1.6,1.0,77333,Bundesliga 25/26
2026-01-17,11:30,VfL Wolfsburg,1. FC Heidenheim,14062173,zabsKrc,5,0.6,0.2,0.2,1.8,0.8,2.6,0.6,0.4,2.0,0.8,5,0.6,0.2,0.2,1.8,0.8,2.6,0.6,0.4,2.0,0.8,5,0.6,0.2,0.2,1.8,0.8,2.6,0.6,0.4,2.0,0.8,77333,Bundesliga 25/26
2026-01-17,11:30,1. FC Köln,1. FSV Mainz 05,14062176,gbbswdb,27,0.25925925925925924,0.4074074074074074,0.3333333333333333,1.0,1.4074074074074074,2.4074074074074074,0.4444444444444444,0.3333333333333333,1.1851851851851851,1.4074074074074074,10,0.3,0.5,0.2,1.2,1.5,2.7,0.6,0.4,1.4,1.1,5,0.2,0.6,0.2,0.6,1.4,2.0,0.4,0.2,1.2,1.2,77333,Bundesliga 25/26
2026-01-17,14:30,RB Leipzig,FC Bayern München,14062170,xdbskCo,19,0.10526315789473684,0.3684210526315789,0.5263157894736842,1.263157894736842,2.3157894736842106,3.5789473684210527,0.631578947368421,0.631578947368421,0.6842105263157895,1.9473684210526316,10,0.1,0.3,0.6,1.4,2.8,4.2,0.8,0.8,0.6,2.1,5,0.0,0.4,0.6,1.4,3.6,5.0,0.8,1.0,0.4,2.2,77333,Bundesliga 25/26
2026-01-18,11:30,VfB Stuttgart,1. FC Union Berlin,14062171,XabsCdb,13,0.23076923076923078,0.46153846153846156,0.3076923076923077,1.5384615384615385,1.5384615384615385,3.076923076923077,0.6153846153846154,0.6153846153846154,1.1538461538461537,1.3846153846153846,10,0.3,0.3,0.4,1.6,1.6,3.2,0.6,0.6,1.2,1.5,5,0.6,0.2,0.2,2.6,1.6,4.2,0.6,0.8,2.0,0.8,77333,Bundesliga 25/26
2026-01-18,13:30,FC Augsburg,SC Freiburg,14062172,Nabsacb,27,0.2222222222222222,0.2962962962962963,0.48148148148148145,1.1851851851851851,1.8148148148148149,3.0,0.6296296296296297,0.5185185185185185,0.9629629629629629,1.7407407407407407,10,0.2,0.1,0.7,0.8,2.1,2.9,0.5,0.7,0.7,2.2,5,0.4,0.2,0.4,1.2,1.4,2.6,0.6,0.6,1.4,1.4,77333,Bundesliga 25/26
2026-01-23,16:30,FC St. Pauli,Hamburger SV,14062185,BabsBdb,17,0.17647058823529413,0.4117647058823529,0.4117647058823529,0.8823529411764706,1.6470588235294117,2.5294117647058822,0.4117647058823529,0.4117647058823529,0.9411764705882353,1.6470588235294117,10,0.2,0.4,0.4,0.9,2.0,2.9,0.4,0.5,1.0,1.6,5,0.4,0.2,0.4,1.2,1.8,3.0,0.4,0.4,1.4,1.4,77333,Bundesliga 25/26
2026-01-24,11:30,FC Bayern München,FC Augsburg,14062179,acbsxdb,29,0.7931034482758621,0.06896551724137931,0.13793103448275862,2.5172413793103448,0.9310344827586207,3.4482758620689653,0.5517241379310345,0.7241379310344828,2.4482758620689653,0.4827586206896552,10,0.8,0.0,0.2,2.7,1.4,4.1,0.7,0.8,2.4,0.6,5,1.0,0.0,0.0,3.0,1.2,4.2,0.8,1.0,3.0,0.0,77333,Bundesliga 25/26
2026-01-24,11:30,Bayer 04 Leverkusen,SV Werder Bremen,14062178,JabsGdb,89,0.29213483146067415,0.39325842696629215,0.3146067415730337,1.6292134831460674,1.4719101123595506,3.101123595505618,0.6741573033707865,0.6292134831460674,1.2696629213483146,1.3370786516853932,10,0.4,0.5,0.1,2.2,1.2,3.4,0.6,0.6,1.7,0.8,5,0.4,0.4,0.2,2.6,1.4,4.0,0.4,0.8,1.6,1.0,77333,Bundesliga 25/26
2026-01-24,11:30,1. FC Heidenheim,RB Leipzig,14062186,KrcskCo,5,0.0,0.2,0.8,0.8,1.8,2.6,0.6,0.6,0.2,2.6,5,0.0,0.2,0.8,0.8,1.8,2.6,0.6,0.6,0.2,2.6,5,0.0,0.2,0.8,0.8,1.8,2.6,0.6,0.6,0.2,2.6,77333,Bundesliga 25/26
2026-01-24,11:30,Eintracht Frankfurt,TSG Hoffenheim,14062180,ubbszdb,33,0.42424242424242425,0.2727272727272727,0.30303030303030304,1.6363636363636365,1.3636363636363635,3.0,0.7272727272727273,0.6666666666666666,1.5454545454545454,1.1818181818181819,10,0.6,0.2,0.2,2.6,1.7,4.3,1.0,1.0,2.0,0.8,5,0.8,0.2,0.0,2.8,1.2,4.0,1.0,1.0,2.6,0.2,77333,Bundesliga 25/26
2026-01-24,11:30,1. FSV Mainz 05,VfL Wolfsburg,14062182,zabsgbb,39,0.23076923076923078,0.358974358974359,0.41025641025641024,1.3076923076923077,1.7179487179487178,3.0256410256410255,0.48717948717948717,0.5128205128205128,1.0512820512820513,1.5897435897435896,10,0.3,0.3,0.4,1.6,2.2,3.8,0.6,0.8,1.2,1.5,5,0.2,0.6,0.2,2.0,1.8,3.8,1.0,0.6,1.2,1.2,77333,Bundesliga 25/26
2026-01-24,14:30,1. FC Union Berlin,Borussia Dortmund,14062184,Xabsydb,13,0.3076923076923077,0.0,0.6923076923076923,1.0769230769230769,2.6153846153846154,3.6923076923076925,0.46153846153846156,0.7692307692307693,0.9230769230769231,2.076923076923077,10,0.2,0.0,0.8,0.9,2.7,3.6,0.4,0.7,0.6,2.4,5,0.2,0.0,0.8,0.8,3.2,4.0,0.4,0.8,0.6,2.4,77333,Bundesliga 25/26
2026-01-25,11:30,Borussia M'gladbach,VfB Stuttgart,14062183,CabsCdb,97,0.27835051546391754,0.28865979381443296,0.4329896907216495,1.2371134020618557,1.6494845360824741,2.88659793814433,0.5360824742268041,0.5360824742268041,1.1237113402061856,1.5876288659793814,10,0.3,0.1,0.6,1.4,1.9,3.3,0.8,0.8,1.0,1.9,5,0.4,0.0,0.6,1.2,2.0,3.2,0.6,0.8,1.2,1.8,77333,Bundesliga 25/26
2026-01-25,13:30,SC Freiburg,1. FC Köln,14062181,Nabswdb,37,0.43243243243243246,0.1891891891891892,0.3783783783783784,1.3513513513513513,1.3243243243243243,2.675675675675676,0.35135135135135137,0.4594594594594595,1.4864864864864864,1.3243243243243243,10,0.5,0.2,0.3,1.6,1.1,2.7,0.3,0.4,1.7,1.1,5,0.6,0.2,0.2,1.2,0.8,2.0,0.2,0.2,2.0,0.8,77333,Bundesliga 25/26
2026-01-27,16:30,FC St. Pauli,RB Leipzig,15362429,BabskCo,2,0.0,0.5,0.5,0.0,1.0,1.0,0.0,0.0,0.5,2.0,2,0.0,0.5,0.5,0.0,1.0,1.0,0.0,0.0,0.5,2.0,2,0.0,0.5,0.5,0.0,1.0,1.0,0.0,0.0,0.5,2.0,77333,Bundesliga 25/26
2026-01-27,16:30,SV Werder Bremen,TSG Hoffenheim,15362425,Jabsubb,32,0.375,0.3125,0.3125,1.71875,1.78125,3.5,0.78125,0.625,1.4375,1.25,10,0.2,0.1,0.7,1.4,2.5,3.9,0.8,0.9,0.7,2.2,5,0.2,0.0,0.8,1.8,2.6,4.4,1.0,1.0,0.6,2.4,77333,Bundesliga 25/26
2026-01-30,16:30,1. FC Köln,VfL Wolfsburg,14062196,zabswdb,37,0.21621621621621623,0.32432432432432434,0.4594594594594595,1.2702702702702702,1.8918918918918919,3.1621621621621623,0.6486486486486487,0.5675675675675675,0.972972972972973,1.7027027027027026,10,0.3,0.3,0.4,1.7,1.7,3.4,0.7,0.6,1.2,1.5,5,0.2,0.4,0.4,1.8,2.0,3.8,0.8,0.6,1.0,1.6,77333,Bundesliga 25/26
2026-01-31,11:30,Eintracht Frankfurt,Bayer 04 Leverkusen,14062190,zdbsGdb,81,0.345679012345679,0.18518518518518517,0.4691358024691358,1.4197530864197532,1.8518518518518519,3.271604938271605,0.6419753086419753,0.6790123456790124,1.2222222222222223,1.5925925925925926,10,0.2,0.0,0.8,1.6,2.8,4.4,0.8,0.9,0.6,2.4,5,0.0,0.0,1.0,0.8,3.4,4.2,0.8,1.0,0.0,3.0,77333,Bundesliga 25/26
2026-01-31,11:30,RB Leipzig,1. FSV Mainz 05,14062189,gbbskCo,19,0.47368421052631576,0.21052631578947367,0.3157894736842105,2.210526315789474,1.368421052631579,3.5789473684210527,0.5263157894736842,0.6842105263157895,1.631578947368421,1.1578947368421053,10,0.3,0.2,0.5,1.1,1.3,2.4,0.4,0.4,1.1,1.7,5,0.4,0.2,0.4,0.8,0.8,1.6,0.2,0.2,1.4,1.4,77333,Bundesliga 25/26
2026-01-31,11:30,TSG Hoffenheim,1. FC Union Berlin,14062197,Xabsubb,13,0.38461538461538464,0.15384615384615385,0.46153846153846156,1.7692307692307692,1.6923076923076923,3.4615384615384617,0.6153846153846154,0.6923076923076923,1.3076923076923077,1.5384615384615385,10,0.3,0.2,0.5,1.6,1.9,3.5,0.7,0.7,1.1,1.7,5,0.4,0.0,0.6,1.4,1.8,3.2,0.4,0.6,1.2,1.8,77333,Bundesliga 25/26
2026-01-31,11:30,SV Werder Bremen,Borussia M'gladbach,14062194,CabsJab,101,0.3465346534653465,0.25742574257425743,0.39603960396039606,1.4851485148514851,1.7128712871287128,3.198019801980198,0.6039603960396039,0.5643564356435643,1.297029702970297,1.4455445544554455,10,0.2,0.4,0.4,2.0,2.0,4.0,0.7,0.8,1.0,1.6,5,0.2,0.4,0.4,2.2,2.4,4.6,0.8,1.0,1.0,1.6,77333,Bundesliga 25/26
2026-01-31,11:30,FC Augsburg,FC St. Pauli,14062195,Babsacb,3,0.3333333333333333,0.3333333333333333,0.3333333333333333,1.6666666666666667,1.3333333333333333,3.0,1.0,0.6666666666666666,1.3333333333333333,1.3333333333333333,3,0.3333333333333333,0.3333333333333333,0.3333333333333333,1.6666666666666667,1.3333333333333333,3.0,1.0,0.6666666666666666,1.3333333333333333,1.3333333333333333,3,0.3333333333333333,0.3333333333333333,0.3333333333333333,1.6666666666666667,1.3333333333333333,3.0,1.0,0.6666666666666666,1.3333333333333333,1.3333333333333333,77333,Bundesliga 25/26
2026-01-31,14:30,Hamburger SV,FC Bayern München,14062191,xdbsBdb,97,0.18556701030927836,0.20618556701030927,0.6082474226804123,0.9175257731958762,2.2989690721649483,3.216494845360825,0.4742268041237113,0.5876288659793815,0.7628865979381443,2.0309278350515463,10,0.0,0.1,0.9,0.2,4.0,4.2,0.2,0.7,0.1,2.8,5,0.0,0.0,1.0,0.0,4.2,4.2,0.0,0.6,0.0,3.0,77333,Bundesliga 25/26
2026-02-01,11:30,VfB Stuttgart,SC Freiburg,14062192,NabsCdb,47,0.5106382978723404,0.10638297872340426,0.3829787234042553,1.7659574468085106,1.3617021276595744,3.127659574468085,0.5319148936170213,0.6595744680851063,1.6382978723404256,1.2553191489361701,10,0.3,0.0,0.7,1.8,1.7,3.5,0.6,0.8,0.9,2.1,5,0.6,0.0,0.4,2.8,1.4,4.2,0.6,1.0,1.8,1.2,77333,Bundesliga 25/26
2026-02-01,13:30,Borussia Dortmund,1. FC Heidenheim,14062187,ydbsKrc,5,0.6,0.4,0.0,2.0,1.0,3.0,0.6,0.6,2.2,0.4,5,0.6,0.4,0.0,2.0,1.0,3.0,0.6,0.6,2.2,0.4,5,0.6,0.4,0.0,2.0,1.0,3.0,0.6,0.6,2.2,0.4,77333,Bundesliga 25/26
2026-02-06,16:30,1. FC Union Berlin,Eintracht Frankfurt,14062202,Xabszdb,13,0.38461538461538464,0.23076923076923078,0.38461538461538464,1.5384615384615385,1.7692307692307692,3.3076923076923075,0.6153846153846154,0.6153846153846154,1.3846153846153846,1.3846153846153846,10,0.4,0.2,0.4,1.4,1.7,3.1,0.5,0.5,1.4,1.4,5,0.4,0.4,0.2,1.4,1.6,3.0,0.6,0.6,1.6,1.0,77333,Bundesliga 25/26
2026-02-07,11:30,VfL Wolfsburg,Borussia Dortmund,14062200,zabsydb,57,0.17543859649122806,0.21052631578947367,0.6140350877192983,1.0,2.1403508771929824,3.1403508771929824,0.5263157894736842,0.6140350877192983,0.7368421052631579,2.0526315789473686,10,0.1,0.1,0.8,0.6,2.7,3.3,0.4,0.5,0.4,2.5,5,0.0,0.2,0.8,0.4,2.0,2.4,0.4,0.4,0.2,2.6,77333,Bundesliga 25/26
2026-02-07,11:30,FC St. Pauli,VfB Stuttgart,14062201,BabsCdb,19,0.15789473684210525,0.21052631578947367,0.631578947368421,0.7368421052631579,1.6842105263157894,2.4210526315789473,0.5263157894736842,0.5263157894736842,0.6842105263157895,2.1052631578947367,10,0.2,0.1,0.7,0.6,1.6,2.2,0.4,0.4,0.7,2.2,5,0.2,0.0,0.8,0.4,1.4,1.8,0.2,0.2,0.6,2.4,77333,Bundesliga 25/26
2026-02-07,11:30,SC Freiburg,SV Werder Bremen,14062193,JabsNab,49,0.30612244897959184,0.24489795918367346,0.4489795918367347,1.3061224489795917,1.816326530612245,3.122448979591837,0.5510204081632653,0.6122448979591837,1.163265306122449,1.5918367346938775,10,0.6,0.2,0.2,1.6,0.6,2.2,0.3,0.4,2.0,0.8,5,0.8,0.0,0.2,2.2,0.6,2.8,0.2,0.6,2.4,0.6,77333,Bundesliga 25/26
2026-02-07,11:30,1. FSV Mainz 05,FC Augsburg,14062198,gbbsacb,29,0.4827586206896552,0.13793103448275862,0.3793103448275862,1.6551724137931034,1.3103448275862069,2.9655172413793105,0.6206896551724138,0.6551724137931034,1.5862068965517242,1.2758620689655173,10,0.6,0.1,0.3,1.9,1.1,3.0,0.7,0.7,1.9,1.0,5,0.6,0.2,0.2,1.8,1.0,2.8,0.6,0.6,2.0,0.8,77333,Bundesliga 25/26
2026-02-07,11:30,1. FC Heidenheim,Hamburger SV,14062203,BdbsKrc,1,0.0,0.0,1.0,1.0,2.0,3.0,1.0,1.0,0.0,3.0,1,0.0,0.0,1.0,1.0,2.0,3.0,1.0,1.0,0.0,3.0,1,0.0,0.0,1.0,1.0,2.0,3.0,1.0,1.0,0.0,3.0,77333,Bundesliga 25/26
2026-02-07,14:30,Borussia M'gladbach,Bayer 04 Leverkusen,14062199,CabsGdb,87,0.25287356321839083,0.3333333333333333,0.41379310344827586,1.3908045977011494,1.896551724137931,3.2873563218390807,0.6551724137931034,0.632183908045977,1.0919540229885059,1.5747126436781609,10,0.0,0.3,0.7,0.9,2.2,3.1,0.6,0.7,0.3,2.4,5,0.0,0.4,0.6,0.8,2.0,2.8,0.6,0.6,0.4,2.2,77333,Bundesliga 25/26
2026-02-08,11:30,1. FC Köln,RB Leipzig,14062205,wdbskCo,15,0.13333333333333333,0.3333333333333333,0.5333333333333333,1.0666666666666667,2.4,3.466666666666667,0.8,0.7333333333333333,0.7333333333333333,1.9333333333333333,10,0.1,0.4,0.5,1.0,2.5,3.5,0.7,0.7,0.7,1.9,5,0.0,0.4,0.6,0.8,3.2,4.0,0.6,0.8,0.4,2.2,77333,Bundesliga 25/26
2026-02-08,13:30,FC Bayern München,TSG Hoffenheim,14062188,ubbsxdb,35,0.6571428571428571,0.2,0.14285714285714285,2.5142857142857142,0.9428571428571428,3.4571428571428573,0.5428571428571428,0.6285714285714286,2.1714285714285713,0.6285714285714286,10,0.7,0.2,0.1,3.0,0.8,3.8,0.5,0.7,2.3,0.5,5,0.8,0.0,0.2,3.6,1.0,4.6,0.4,1.0,2.4,0.6,77333,Bundesliga 25/26
2026-02-13,16:30,Borussia Dortmund,1. FSV Mainz 05,14062212,gbbsydb,39,0.5641025641025641,0.28205128205128205,0.15384615384615385,1.6923076923076923,0.9743589743589743,2.6666666666666665,0.6153846153846154,0.48717948717948717,1.9743589743589745,0.7435897435897436,10,0.6,0.2,0.2,1.8,1.3,3.1,0.7,0.7,2.0,0.8,5,0.4,0.2,0.4,1.4,1.6,3.0,0.6,0.6,1.4,1.4,77333,Bundesliga 25/26
2026-02-14,11:30,SV Werder Bremen,FC Bayern München,14062207,Jabsxdb,107,0.19626168224299065,0.22429906542056074,0.5794392523364486,1.02803738317757,2.102803738317757,3.130841121495327,0.514018691588785,0.5607476635514018,0.8130841121495327,1.9626168224299065,10,0.1,0.1,0.8,0.5,2.9,3.4,0.4,0.7,0.4,2.5,5,0.2,0.0,0.8,0.2,3.2,3.4,0.0,0.8,0.6,2.4,77333,Bundesliga 25/26
2026-02-14,11:30,Bayer 04 Leverkusen,FC St. Pauli,14062206,BabsGdb,17,0.47058823529411764,0.29411764705882354,0.23529411764705882,1.4705882352941178,1.1764705882352942,2.6470588235294117,0.6470588235294118,0.6470588235294118,1.7058823529411764,1.0,10,0.7,0.1,0.2,1.8,1.1,2.9,0.8,0.8,2.2,0.7,5,0.8,0.2,0.0,1.6,0.8,2.4,0.8,0.6,2.6,0.2,77333,Bundesliga 25/26
2026-02-14,11:30,Eintracht Frankfurt,Borussia M'gladbach,14062208,Cabszdb,93,0.3548387096774194,0.3010752688172043,0.34408602150537637,1.5483870967741935,1.5483870967741935,3.096774193548387,0.5806451612903226,0.5268817204301075,1.3655913978494623,1.3333333333333333,10,0.5,0.4,0.1,2.0,1.6,3.6,0.8,0.5,1.9,0.7,5,0.6,0.4,0.0,2.4,1.4,3.8,0.8,0.4,2.2,0.4,77333,Bundesliga 25/26
2026-02-14,11:30,TSG Hoffenheim,SC Freiburg,14062214,Nabsubb,31,0.1935483870967742,0.41935483870967744,0.3870967741935484,1.4838709677419355,1.7419354838709677,3.225806451612903,0.8064516129032258,0.5483870967741935,1.0,1.5806451612903225,10,0.1,0.4,0.5,1.4,1.8,3.2,0.9,0.6,0.7,1.9,5,0.0,0.4,0.6,1.4,2.0,3.4,1.0,0.6,0.4,2.2,77333,Bundesliga 25/26
2026-02-14,11:30,Hamburger SV,1. FC Union Berlin,14062213,XabsBdb,1,0.0,1.0,0.0,0.0,0.0,0.0,0.0,0.0,1.0,1.0,1,0.0,1.0,0.0,0.0,0.0,0.0,0.0,0.0,1.0,1.0,1,0.0,1.0,0.0,0.0,0.0,0.0,0.0,0.0,1.0,1.0,77333,Bundesliga 25/26
2026-02-14,14:30,VfB Stuttgart,1. FC Köln,14062209,wdbsCdb,83,0.3855421686746988,0.2891566265060241,0.3253012048192771,1.6385542168674698,1.4096385542168675,3.0481927710843375,0.6144578313253012,0.6265060240963856,1.4457831325301205,1.2650602409638554,10,0.6,0.3,0.1,1.5,0.7,2.2,0.5,0.4,2.1,0.6,5,0.6,0.4,0.0,1.6,0.4,2.0,0.4,0.4,2.2,0.4,77333,Bundesliga 25/26
2026-02-15,11:30,FC Augsburg,1. FC Heidenheim,14062211,acbsKrc,5,0.6,0.0,0.4,1.8,1.8,3.6,0.6,0.8,1.8,1.2,5,0.6,0.0,0.4,1.8,1.8,3.6,0.6,0.8,1.8,1.2,5,0.6,0.0,0.4,1.8,1.8,3.6,0.6,0.8,1.8,1.2,77333,Bundesliga 25/26
2026-02-15,13:30,RB Leipzig,VfL Wolfsburg,14062210,zabskCo,19,0.47368421052631576,0.2631578947368421,0.2631578947368421,1.5263157894736843,1.0,2.526315789473684,0.42105263157894735,0.42105263157894735,1.6842105263157894,1.0526315789473684,10,0.6,0.1,0.3,1.8,1.2,3.0,0.4,0.6,1.9,1.0,5,0.6,0.0,0.4,1.8,1.8,3.6,0.6,0.8,1.8,1.2,77333,Bundesliga 25/26
2026-02-20,16:30,1. FSV Mainz 05,Hamburger SV,14062216,gbbsBdb,25,0.32,0.32,0.36,1.2,1.28,2.48,0.56,0.56,1.28,1.4,10,0.4,0.3,0.3,1.4,1.4,2.8,0.6,0.7,1.5,1.2,5,0.4,0.4,0.2,1.2,1.4,2.6,0.4,0.6,1.6,1.0,77333,Bundesliga 25/26
2026-02-21,11:30,FC Bayern München,Eintracht Frankfurt,14062215,xdbszdb,99,0.5555555555555556,0.21212121212121213,0.23232323232323232,2.121212121212121,1.2626262626262625,3.3838383838383836,0.5757575757575758,0.6666666666666666,1.878787878787879,0.9090909090909091,10,0.5,0.2,0.3,2.3,1.5,3.8,0.7,0.8,1.7,1.1,5,0.6,0.2,0.2,2.6,1.8,4.4,0.6,1.0,2.0,0.8,77333,Bundesliga 25/26
2026-02-21,11:30,1. FC Union Berlin,Bayer 04 Leverkusen,14062219,XabsGdb,13,0.07692307692307693,0.38461538461538464,0.5384615384615384,0.6153846153846154,1.7692307692307692,2.3846153846153846,0.38461538461538464,0.38461538461538464,0.6153846153846154,2.0,10,0.0,0.5,0.5,0.5,1.8,2.3,0.4,0.4,0.5,2.0,5,0.0,0.2,0.8,0.2,1.8,2.0,0.2,0.4,0.2,2.6,77333,Bundesliga 25/26
2026-02-21,11:30,1. FC Köln,TSG Hoffenheim,14062223,ubbswdb,27,0.2222222222222222,0.2962962962962963,0.48148148148148145,1.037037037037037,2.0,3.037037037037037,0.5555555555555556,0.5185185185185185,0.9629629629629629,1.7407407407407407,10,0.2,0.2,0.6,1.0,2.1,3.1,0.6,0.6,0.8,2.0,5,0.4,0.4,0.2,1.4,1.2,2.6,0.8,0.4,1.6,1.0,77333,Bundesliga 25/26
2026-02-21,11:30,VfL Wolfsburg,FC Augsburg,14062220,zabsacb,29,0.27586206896551724,0.3448275862068966,0.3793103448275862,1.1724137931034482,1.206896551724138,2.3793103448275863,0.5172413793103449,0.41379310344827586,1.1724137931034482,1.4827586206896552,10,0.2,0.3,0.5,1.1,1.7,2.8,0.6,0.5,0.9,1.8,5,0.0,0.2,0.8,1.0,2.2,3.2,0.8,0.6,0.2,2.6,77333,Bundesliga 25/26
2026-02-21,14:30,RB Leipzig,Borussia Dortmund,14062218,ydbskCo,19,0.42105263157894735,0.15789473684210525,0.42105263157894735,1.736842105263158,1.5789473684210527,3.3157894736842106,0.6842105263157895,0.631578947368421,1.4210526315789473,1.4210526315789473,10,0.6,0.1,0.3,2.3,1.3,3.6,0.8,0.8,1.9,1.0,5,0.6,0.2,0.2,2.2,1.2,3.4,0.8,0.6,2.0,0.8,77333,Bundesliga 25/26
2026-02-22,11:30,SC Freiburg,Borussia M'gladbach,14062217,CabsNab,47,0.3617021276595745,0.3829787234042553,0.2553191489361702,1.5957446808510638,1.2340425531914894,2.8297872340425534,0.5531914893617021,0.5319148936170213,1.4680851063829787,1.148936170212766,10,0.4,0.5,0.1,2.1,1.0,3.1,0.5,0.7,1.7,0.8,5,0.6,0.4,0.0,2.2,1.0,3.2,0.6,0.8,2.2,0.4,77333,Bundesliga 25/26
2026-02-22,13:30,FC St. Pauli,SV Werder Bremen,14062221,BabsJab,19,0.05263157894736842,0.2631578947368421,0.6842105263157895,0.5789473684210527,1.736842105263158,2.3157894736842106,0.42105263157894735,0.5789473684210527,0.42105263157894735,2.3157894736842106,10,0.0,0.1,0.9,0.5,2.2,2.7,0.4,0.7,0.1,2.8,5,0.0,0.2,0.8,0.2,1.8,2.0,0.2,0.4,0.2,2.6,77333,Bundesliga 25/26
2026-02-22,15:30,1. FC Heidenheim,VfB Stuttgart,14062222,CdbsKrc,5,0.4,0.2,0.4,1.4,1.4,2.8,0.4,0.4,1.4,1.4,5,0.4,0.2,0.4,1.4,1.4,2.8,0.4,0.4,1.4,1.4,5,0.4,0.2,0.4,1.4,1.4,2.8,0.4,0.4,1.4,1.4,77333,Bundesliga 25/26
2026-02-27,16:30,FC Augsburg,1. FC Köln,14062232,acbswdb,21,0.3333333333333333,0.42857142857142855,0.23809523809523808,1.1428571428571428,1.1428571428571428,2.2857142857142856,0.5714285714285714,0.38095238095238093,1.4285714285714286,1.1428571428571428,10,0.2,0.4,0.4,1.3,1.7,3.0,0.8,0.4,1.0,1.6,5,0.0,0.6,0.4,1.2,1.8,3.0,1.0,0.4,0.6,1.8,77333,Bundesliga 25/26
2026-02-28,11:30,Bayer 04 Leverkusen,1. FSV Mainz 05,14062227,gbbsGdb,39,0.5384615384615384,0.15384615384615385,0.3076923076923077,1.6923076923076923,1.2820512820512822,2.9743589743589745,0.5128205128205128,0.5384615384615384,1.7692307692307692,1.0769230769230769,10,0.6,0.2,0.2,2.2,1.4,3.6,0.6,0.8,2.0,0.8,5,0.8,0.2,0.0,2.4,1.2,3.6,0.6,0.8,2.6,0.2,77333,Bundesliga 25/26
2026-02-28,11:30,Borussia M'gladbach,1. FC Union Berlin,14062226,CabsXab,13,0.23076923076923078,0.23076923076923078,0.5384615384615384,1.0769230769230769,1.4615384615384615,2.5384615384615383,0.6923076923076923,0.5384615384615384,0.9230769230769231,1.8461538461538463,10,0.2,0.2,0.6,0.9,1.5,2.4,0.7,0.6,0.8,2.0,5,0.4,0.2,0.4,1.0,1.4,2.4,0.6,0.6,1.4,1.4,77333,Bundesliga 25/26
2026-02-28,11:30,TSG Hoffenheim,FC St. Pauli,14062231,Babsubb,5,0.4,0.2,0.4,1.2,1.0,2.2,0.2,0.4,1.4,1.4,5,0.4,0.2,0.4,1.2,1.0,2.2,0.2,0.4,1.4,1.4,5,0.4,0.2,0.4,1.2,1.0,2.2,0.2,0.4,1.4,1.4,77333,Bundesliga 25/26
2026-02-28,11:30,SV Werder Bremen,1. FC Heidenheim,14062230,JabsKrc,7,0.14285714285714285,0.5714285714285714,0.2857142857142857,2.0,2.0,4.0,0.8571428571428571,0.8571428571428571,1.0,1.4285714285714286,7,0.14285714285714285,0.5714285714285714,0.2857142857142857,2.0,2.0,4.0,0.8571428571428571,0.8571428571428571,1.0,1.4285714285714286,5,0.2,0.4,0.4,2.4,2.4,4.8,1.0,1.0,1.0,1.6,77333,Bundesliga 25/26
2026-02-28,14:30,Borussia Dortmund,FC Bayern München,14062225,xdbsydb,103,0.21359223300970873,0.3106796116504854,0.47572815533980584,1.174757281553398,2.0388349514563107,3.2135922330097086,0.5631067961165048,0.5825242718446602,0.9514563106796117,1.7378640776699028,10,0.1,0.3,0.6,1.5,2.5,4.0,0.8,0.8,0.6,2.1,5,0.2,0.4,0.4,1.2,1.8,3.0,0.6,0.6,1.0,1.6,77333,Bundesliga 25/26
2026-03-01,11:30,VfB Stuttgart,VfL Wolfsburg,14062234,zabsCdb,53,0.41509433962264153,0.1509433962264151,0.4339622641509434,1.3962264150943395,1.490566037735849,2.8867924528301887,0.5471698113207547,0.5660377358490566,1.3962264150943395,1.4528301886792452,10,0.4,0.2,0.4,1.8,1.5,3.3,0.7,0.7,1.4,1.4,5,0.6,0.2,0.2,2.4,1.4,3.8,0.8,1.0,2.0,0.8,77333,Bundesliga 25/26
2026-03-01,13:30,Eintracht Frankfurt,SC Freiburg,14062224,Nabszdb,43,0.4186046511627907,0.2558139534883721,0.32558139534883723,1.5348837209302326,1.2325581395348837,2.7674418604651163,0.5348837209302325,0.5348837209302325,1.5116279069767442,1.2325581395348837,10,0.5,0.4,0.1,2.1,1.2,3.3,0.8,0.7,1.9,0.7,5,0.4,0.6,0.0,2.4,1.4,3.8,0.8,0.8,1.8,0.6,77333,Bundesliga 25/26
2026-03-01,15:30,Hamburger SV,RB Leipzig,14062229,BdbskCo,5,0.2,0.2,0.6,1.0,1.8,2.8,0.4,0.6,0.8,2.0,5,0.2,0.2,0.6,1.0,1.8,2.8,0.4,0.6,0.8,2.0,5,0.2,0.2,0.6,1.0,1.8,2.8,0.4,0.6,0.8,2.0,77333,Bundesliga 25/26
2026-03-04,16:30,Hamburger SV,Bayer 04 Leverkusen,15380505,BdbsGdb,78,0.34615384615384615,0.2692307692307692,0.38461538461538464,1.1666666666666667,1.435897435897436,2.6025641025641026,0.5128205128205128,0.5128205128205128,1.3076923076923077,1.4230769230769231,10,0.3,0.1,0.6,0.9,1.9,2.8,0.4,0.6,1.0,1.9,5,0.2,0.0,0.8,0.6,1.8,2.4,0.4,0.6,0.6,2.4,77333,Bundesliga 25/26
2026-03-06,16:30,FC Bayern München,Borussia M'gladbach,14062228,Cabsxdb,105,0.4857142857142857,0.24761904761904763,0.26666666666666666,1.8761904761904762,1.2285714285714286,3.104761904761905,0.5619047619047619,0.6285714285714286,1.7047619047619047,1.0476190476190477,10,0.6,0.2,0.2,2.2,0.9,3.1,0.6,0.6,2.0,0.8,5,1.0,0.0,0.0,2.2,0.4,2.6,0.4,0.6,3.0,0.0,77333,Bundesliga 25/26
2026-03-07,11:30,SC Freiburg,Bayer 04 Leverkusen,14062233,NabsGdb,51,0.23529411764705882,0.27450980392156865,0.49019607843137253,1.0980392156862746,1.7647058823529411,2.8627450980392157,0.6078431372549019,0.5294117647058824,0.9803921568627451,1.7450980392156863,10,0.3,0.2,0.5,1.5,2.1,3.6,0.9,0.8,1.1,1.7,5,0.0,0.2,0.8,1.2,2.8,4.0,0.8,0.8,0.2,2.6,77333,Bundesliga 25/26
2026-03-07,11:30,RB Leipzig,FC Augsburg,14065180,acbskCo,19,0.5789473684210527,0.3684210526315789,0.05263157894736842,2.1578947368421053,0.7894736842105263,2.9473684210526314,0.47368421052631576,0.631578947368421,2.1052631578947367,0.5263157894736842,10,0.6,0.4,0.0,2.8,0.9,3.7,0.5,0.8,2.2,0.4,5,0.6,0.4,0.0,3.0,0.4,3.4,0.2,0.8,2.2,0.4,77333,Bundesliga 25/26
2026-03-07,11:30,1. FSV Mainz 05,VfB Stuttgart,14065179,gbbsCdb,35,0.2857142857142857,0.22857142857142856,0.4857142857142857,1.3428571428571427,1.7428571428571429,3.085714285714286,0.6571428571428571,0.6,1.0857142857142856,1.6857142857142857,10,0.1,0.3,0.6,1.1,2.0,3.1,0.7,0.6,0.6,2.1,5,0.2,0.2,0.6,1.6,2.2,3.8,0.8,0.8,0.8,2.0,77333,Bundesliga 25/26
2026-03-07,11:30,VfL Wolfsburg,Hamburger SV,14065178,zabsBdb,43,0.3953488372093023,0.37209302325581395,0.23255813953488372,1.5348837209302326,1.2093023255813953,2.744186046511628,0.627906976744186,0.4186046511627907,1.558139534883721,1.069767441860465,10,0.6,0.2,0.2,1.3,0.7,2.0,0.4,0.3,2.0,0.8,5,0.4,0.2,0.4,0.8,1.0,1.8,0.4,0.4,1.4,1.4,77333,Bundesliga 25/26
2026-03-07,11:30,1. FC Heidenheim,TSG Hoffenheim,14065186,ubbsKrc,5,0.0,0.6,0.4,1.0,1.6,2.6,0.8,0.4,0.6,1.8,5,0.0,0.6,0.4,1.0,1.6,2.6,0.8,0.4,0.6,1.8,5,0.0,0.6,0.4,1.0,1.6,2.6,0.8,0.4,0.6,1.8,77333,Bundesliga 25/26
2026-03-07,14:30,1. FC Köln,Borussia Dortmund,14065185,wdbsydb,83,0.2891566265060241,0.25301204819277107,0.4578313253012048,1.2409638554216869,1.6626506024096386,2.9036144578313254,0.5301204819277109,0.5421686746987951,1.1204819277108433,1.6265060240963856,10,0.2,0.2,0.6,1.0,2.5,3.5,0.6,0.6,0.8,2.0,5,0.2,0.0,0.8,0.8,2.8,3.6,0.4,0.6,0.6,2.4,77333,Bundesliga 25/26
2026-03-08,11:30,FC St. Pauli,Eintracht Frankfurt,14065181,Babszdb,15,0.2,0.4,0.4,1.4666666666666666,1.8666666666666667,3.3333333333333335,0.7333333333333333,0.6,1.0,1.6,10,0.1,0.5,0.4,1.2,1.7,2.9,0.8,0.6,0.8,1.7,5,0.0,0.2,0.8,0.8,2.0,2.8,0.6,0.6,0.2,2.6,77333,Bundesliga 25/26
2026-03-08,13:30,1. FC Union Berlin,SV Werder Bremen,14065182,JabsXab,11,0.5454545454545454,0.09090909090909091,0.36363636363636365,1.4545454545454546,1.2727272727272727,2.727272727272727,0.5454545454545454,0.5454545454545454,1.7272727272727273,1.1818181818181819,10,0.6,0.1,0.3,1.5,1.2,2.7,0.5,0.5,1.9,1.0,5,0.2,0.2,0.6,1.0,2.0,3.0,0.6,0.6,0.8,2.0,77333,Bundesliga 25/26
2026-03-13,16:30,Borussia M'gladbach,FC St. Pauli,14065187,BabsCab,19,0.3684210526315789,0.47368421052631576,0.15789473684210525,1.6842105263157894,1.1578947368421053,2.8421052631578947,0.7368421052631579,0.47368421052631576,1.5789473684210527,0.9473684210526315,10,0.4,0.5,0.1,1.7,0.9,2.6,0.6,0.4,1.7,0.8,5,0.4,0.4,0.2,1.8,1.0,2.8,0.6,0.4,1.6,1.0,77333,Bundesliga 25/26
2026-03-14,11:30,Bayer 04 Leverkusen,FC Bayern München,14065183,xdbsGdb,93,0.21505376344086022,0.22580645161290322,0.5591397849462365,1.1397849462365592,1.8602150537634408,3.0,0.5698924731182796,0.6021505376344086,0.8709677419354839,1.903225806451613,10,0.2,0.4,0.4,1.0,1.9,2.9,0.5,0.6,1.0,1.6,5,0.2,0.6,0.2,1.2,1.2,2.4,0.4,0.6,1.2,1.2,77333,Bundesliga 25/26
2026-03-14,11:30,Borussia Dortmund,FC Augsburg,14065184,acbsydb,29,0.5862068965517241,0.2413793103448276,0.1724137931034483,2.3793103448275863,1.2413793103448276,3.6206896551724137,0.7241379310344828,0.6551724137931034,2.0,0.7586206896551724,10,0.6,0.2,0.2,2.1,1.1,3.2,0.7,0.6,2.0,0.8,5,0.4,0.2,0.4,1.6,1.0,2.6,0.6,0.4,1.4,1.4,77333,Bundesliga 25/26
2026-03-14,11:30,Eintracht Frankfurt,1. FC Heidenheim,14065190,zdbsKrc,5,0.8,0.2,0.0,2.4,0.4,2.8,0.4,0.6,2.6,0.2,5,0.8,0.2,0.0,2.4,0.4,2.8,0.4,0.6,2.6,0.2,5,0.8,0.2,0.0,2.4,0.4,2.8,0.4,0.6,2.6,0.2,77333,Bundesliga 25/26
2026-03-14,11:30,TSG Hoffenheim,VfL Wolfsburg,14065191,zabsubb,35,0.3142857142857143,0.2571428571428571,0.42857142857142855,1.6285714285714286,1.8571428571428572,3.4857142857142858,0.8,0.8285714285714286,1.2,1.542857142857143,10,0.5,0.2,0.3,1.9,1.5,3.4,0.9,0.9,1.7,1.1,5,0.4,0.4,0.2,2.0,1.6,3.6,0.8,0.8,1.6,1.0,77333,Bundesliga 25/26
2026-03-14,14:30,Hamburger SV,1. FC Köln,14065192,wdbsBdb,81,0.4444444444444444,0.24691358024691357,0.30864197530864196,1.5802469135802468,1.4197530864197532,3.0,0.5555555555555556,0.6172839506172839,1.5802469135802468,1.1728395061728396,10,0.3,0.2,0.5,0.9,1.6,2.5,0.5,0.5,1.1,1.7,5,0.4,0.0,0.6,1.2,2.2,3.4,0.6,0.8,1.2,1.8,77333,Bundesliga 25/26
2026-03-15,11:30,SV Werder Bremen,1. FSV Mainz 05,14065189,Jabsgbb,37,0.4864864864864865,0.21621621621621623,0.2972972972972973,1.5945945945945945,1.2702702702702702,2.864864864864865,0.5675675675675675,0.5945945945945946,1.6756756756756757,1.1081081081081081,10,0.5,0.2,0.3,1.3,1.0,2.3,0.4,0.4,1.7,1.1,5,0.8,0.2,0.0,1.8,0.4,2.2,0.4,0.4,2.6,0.2,77333,Bundesliga 25/26
2026-03-15,13:30,SC Freiburg,1. FC Union Berlin,14065188,NabsXab,13,0.15384615384615385,0.38461538461538464,0.46153846153846156,1.0,1.3846153846153846,2.3846153846153846,0.5384615384615384,0.46153846153846156,0.8461538461538461,1.7692307692307692,10,0.1,0.4,0.5,0.9,1.4,2.3,0.5,0.5,0.7,1.9,5,0.0,0.6,0.4,0.4,0.8,1.2,0.4,0.4,0.6,1.8,77333,Bundesliga 25/26
2026-03-15,15:30,VfB Stuttgart,RB Leipzig,14065195,CdbskCo,15,0.2,0.13333333333333333,0.6666666666666666,1.0,2.066666666666667,3.066666666666667,0.5333333333333333,0.5333333333333333,0.7333333333333333,2.1333333333333333,10,0.3,0.1,0.6,1.4,2.4,3.8,0.7,0.7,1.0,1.9,5,0.6,0.0,0.4,2.4,2.6,5.0,1.0,1.0,1.8,1.2,77333,Bundesliga 25/26
2026-03-20,16:30,RB Leipzig,TSG Hoffenheim,14065198,ubbskCo,19,0.5263157894736842,0.21052631578947367,0.2631578947368421,1.736842105263158,1.4736842105263157,3.210526315789474,0.631578947368421,0.631578947368421,1.7894736842105263,1.0,10,0.5,0.2,0.3,1.8,1.3,3.1,0.6,0.6,1.7,1.1,5,0.4,0.2,0.4,2.2,2.0,4.2,1.0,0.8,1.4,1.4,77333,Bundesliga 25/26
2026-03-21,11:30,FC Bayern München,1. FC Union Berlin,14065193,Xabsxdb,13,0.6153846153846154,0.38461538461538464,0.0,2.3846153846153846,0.7692307692307693,3.1538461538461537,0.6153846153846154,0.5384615384615384,2.230769230769231,0.38461538461538464,10,0.6,0.4,0.0,2.6,0.8,3.4,0.6,0.6,2.2,0.4,5,0.6,0.4,0.0,2.4,0.8,3.2,0.6,0.6,2.2,0.4,77333,Bundesliga 25/26
2026-03-21,11:30,1. FC Heidenheim,Bayer 04 Leverkusen,14065200,GdbsKrc,5,0.0,0.0,1.0,0.8,3.6,4.4,0.6,0.8,0.0,3.0,5,0.0,0.0,1.0,0.8,3.6,4.4,0.6,0.8,0.0,3.0,5,0.0,0.0,1.0,0.8,3.6,4.4,0.6,0.8,0.0,3.0,77333,Bundesliga 25/26
2026-03-21,11:30,1. FC Köln,Borussia M'gladbach,14065202,Cabswdb,89,0.3146067415730337,0.1797752808988764,0.5056179775280899,1.404494382022472,1.8876404494382022,3.292134831460674,0.6067415730337079,0.651685393258427,1.1235955056179776,1.696629213483146,10,0.4,0.2,0.4,2.0,2.0,4.0,0.9,0.9,1.4,1.4,5,0.2,0.4,0.4,1.8,2.4,4.2,0.8,0.8,1.0,1.6,77333,Bundesliga 25/26
2026-03-21,11:30,VfL Wolfsburg,SV Werder Bremen,14065199,zabsJab,55,0.4,0.2,0.4,1.7818181818181817,1.7818181818181817,3.5636363636363635,0.7090909090909091,0.6545454545454545,1.4,1.4,10,0.5,0.2,0.3,2.0,1.7,3.7,0.8,0.8,1.7,1.1,5,0.4,0.2,0.4,1.8,1.8,3.6,0.8,0.8,1.4,1.4,77333,Bundesliga 25/26
2026-03-21,14:30,Borussia Dortmund,Hamburger SV,14065197,ydbsBdb,89,0.3595505617977528,0.2808988764044944,0.3595505617977528,1.6404494382022472,1.7191011235955056,3.359550561797753,0.6404494382022472,0.6179775280898876,1.3595505617977528,1.3595505617977528,10,0.5,0.2,0.3,1.8,1.0,2.8,0.3,0.6,1.7,1.1,5,0.8,0.2,0.0,2.8,0.6,3.4,0.4,0.6,2.6,0.2,77333,Bundesliga 25/26
2026-03-22,11:30,1. FSV Mainz 05,Eintracht Frankfurt,14065194,gbbszdb,35,0.2857142857142857,0.4,0.3142857142857143,1.2285714285714286,1.2857142857142858,2.5142857142857142,0.5142857142857142,0.45714285714285713,1.2571428571428571,1.3428571428571427,10,0.1,0.5,0.4,0.9,1.3,2.2,0.6,0.3,0.8,1.7,5,0.2,0.4,0.4,1.0,1.0,2.0,0.6,0.2,1.0,1.6,77333,Bundesliga 25/26
2026-03-22,13:30,FC St. Pauli,SC Freiburg,14065201,BabsNab,11,0.45454545454545453,0.2727272727272727,0.2727272727272727,1.5454545454545454,1.1818181818181819,2.727272727272727,0.45454545454545453,0.5454545454545454,1.6363636363636365,1.0909090909090908,10,0.4,0.3,0.3,1.5,1.3,2.8,0.5,0.6,1.5,1.2,5,0.4,0.2,0.4,1.8,1.2,3.0,0.6,0.8,1.4,1.4,77333,Bundesliga 25/26
2026-03-22,15:30,FC Augsburg,VfB Stuttgart,14065196,acbsCdb,25,0.36,0.08,0.56,1.52,1.48,3.0,0.52,0.68,1.16,1.76,10,0.1,0.1,0.8,1.1,2.1,3.2,0.6,0.7,0.4,2.5,5,0.0,0.0,1.0,0.4,2.4,2.8,0.2,0.6,0.0,3.0,77333,Bundesliga 25/26
2026-04-04,10:30,SC Freiburg,FC Bayern München,14065206,Nabsxdb,51,0.0784313725490196,0.23529411764705882,0.6862745098039216,0.8235294117647058,2.3137254901960786,3.1372549019607843,0.5490196078431373,0.5686274509803921,0.47058823529411764,2.2941176470588234,10,0.0,0.2,0.8,0.9,2.9,3.8,0.6,0.8,0.2,2.6,5,0.0,0.2,0.8,1.0,3.0,4.0,0.6,0.8,0.2,2.6,77333,Bundesliga 25/26
2026-04-04,10:30,Bayer 04 Leverkusen,VfL Wolfsburg,14065203,zabsGdb,57,0.47368421052631576,0.19298245614035087,0.3333333333333333,1.7719298245614035,1.456140350877193,3.2280701754385963,0.6491228070175439,0.6842105263157895,1.6140350877192982,1.1929824561403508,10,0.5,0.3,0.2,1.5,1.0,2.5,0.4,0.4,1.8,0.9,5,0.8,0.2,0.0,2.2,1.0,3.2,0.6,0.6,2.6,0.2,77333,Bundesliga 25/26
2026-04-04,10:30,SV Werder Bremen,RB Leipzig,14065205,JabskCo,17,0.11764705882352941,0.23529411764705882,0.6470588235294118,0.9411764705882353,2.0,2.9411764705882355,0.5882352941176471,0.5882352941176471,0.5882352941176471,2.176470588235294,10,0.0,0.3,0.7,0.7,2.1,2.8,0.6,0.5,0.3,2.4,5,0.0,0.6,0.4,0.8,1.6,2.4,0.6,0.2,0.6,1.8,77333,Bundesliga 25/26
2026-04-04,10:30,TSG Hoffenheim,1. FSV Mainz 05,14065210,gbbsubb,33,0.2727272727272727,0.2727272727272727,0.45454545454545453,1.5151515151515151,1.7575757575757576,3.272727272727273,0.6060606060606061,0.5454545454545454,1.0909090909090908,1.6363636363636365,10,0.2,0.2,0.6,1.0,1.6,2.6,0.5,0.3,0.8,2.0,5,0.2,0.4,0.4,1.0,1.6,2.6,0.6,0.2,1.0,1.6,77333,Bundesliga 25/26
2026-04-04,10:30,Borussia M'gladbach,1. FC Heidenheim,14065208,CabsKrc,5,0.8,0.2,0.0,2.4,0.8,3.2,0.6,0.8,2.6,0.2,5,0.8,0.2,0.0,2.4,0.8,3.2,0.6,0.8,2.6,0.2,5,0.8,0.2,0.0,2.4,0.8,3.2,0.6,0.8,2.6,0.2,77333,Bundesliga 25/26
2026-04-04,10:30,Hamburger SV,FC Augsburg,14065211,acbsBdb,15,0.3333333333333333,0.06666666666666667,0.6,0.8666666666666667,1.3333333333333333,2.2,0.3333333333333333,0.3333333333333333,1.0666666666666667,1.8666666666666667,10,0.4,0.0,0.6,1.0,1.6,2.6,0.4,0.5,1.2,1.8,5,0.4,0.0,0.6,0.4,1.2,1.6,0.0,0.2,1.2,1.8,77333,Bundesliga 25/26
2026-04-04,13:30,VfB Stuttgart,Borussia Dortmund,14065207,ydbsCdb,97,0.4020618556701031,0.2268041237113402,0.3711340206185567,1.731958762886598,1.7010309278350515,3.4329896907216493,0.5979381443298969,0.6907216494845361,1.4329896907216495,1.3402061855670102,10,0.4,0.2,0.4,1.9,2.1,4.0,0.7,0.8,1.4,1.4,5,0.8,0.2,0.0,2.6,1.2,3.8,0.8,0.8,2.6,0.2,77333,Bundesliga 25/26
2026-04-05,10:30,1. FC Union Berlin,FC St. Pauli,14065209,BabsXab,3,0.6666666666666666,0.0,0.3333333333333333,0.6666666666666666,1.0,1.6666666666666667,0.0,0.3333333333333333,2.0,1.0,3,0.6666666666666666,0.0,0.3333333333333333,0.6666666666666666,1.0,1.6666666666666667,0.0,0.3333333333333333,2.0,1.0,3,0.6666666666666666,0.0,0.3333333333333333,0.6666666666666666,1.0,1.6666666666666667,0.0,0.3333333333333333,2.0,1.0,77333,Bundesliga 25/26
2026-04-05,12:30,Eintracht Frankfurt,1. FC Köln,14065204,wdbszdb,83,0.3614457831325301,0.27710843373493976,0.3614457831325301,1.4457831325301205,1.5662650602409638,3.0120481927710845,0.5301204819277109,0.5301204819277109,1.3614457831325302,1.3614457831325302,10,0.2,0.5,0.3,1.1,1.4,2.5,0.6,0.2,1.1,1.4,5,0.2,0.4,0.4,1.2,2.0,3.2,0.6,0.4,1.0,1.6,77333,Bundesliga 25/26
2026-04-10,15:30,FC Augsburg,TSG Hoffenheim,14065217,ubbsacb,29,0.20689655172413793,0.2413793103448276,0.5517241379310345,0.9310344827586207,1.7586206896551724,2.689655172413793,0.5172413793103449,0.5517241379310345,0.8620689655172413,1.896551724137931,10,0.2,0.3,0.5,0.7,1.7,2.4,0.5,0.5,0.9,1.8,5,0.0,0.6,0.4,0.6,1.6,2.2,0.6,0.4,0.6,1.8,77333,Bundesliga 25/26
2026-04-11,10:30,Borussia Dortmund,Bayer 04 Leverkusen,14065215,ydbsGdb,93,0.41935483870967744,0.21505376344086022,0.3655913978494624,1.6236559139784945,1.4838709677419355,3.10752688172043,0.6236559139784946,0.6021505376344086,1.4731182795698925,1.3118279569892473,10,0.6,0.2,0.2,2.2,1.7,3.9,0.8,0.6,2.0,0.8,5,0.4,0.4,0.2,2.0,1.6,3.6,1.0,0.6,1.6,1.0,77333,Bundesliga 25/26
2026-04-11,10:30,RB Leipzig,Borussia M'gladbach,14065212,CabskCo,19,0.5263157894736842,0.2631578947368421,0.21052631578947367,1.5263157894736843,1.0,2.526315789473684,0.47368421052631576,0.5263157894736842,1.8421052631578947,0.8947368421052632,10,0.5,0.2,0.3,1.4,1.0,2.4,0.3,0.5,1.7,1.1,5,0.4,0.4,0.2,0.6,0.2,0.8,0.0,0.0,1.6,1.0,77333,Bundesliga 25/26
2026-04-11,10:30,VfL Wolfsburg,Eintracht Frankfurt,14065216,zabszdb,47,0.46808510638297873,0.3404255319148936,0.19148936170212766,1.5319148936170213,1.2340425531914894,2.765957446808511,0.6382978723404256,0.5106382978723404,1.7446808510638299,0.9148936170212766,10,0.3,0.5,0.2,1.6,1.3,2.9,0.7,0.4,1.4,1.1,5,0.2,0.6,0.2,1.4,1.2,2.6,0.8,0.4,1.2,1.2,77333,Bundesliga 25/26
2026-04-11,10:30,1. FC Heidenheim,1. FC Union Berlin,14065220,XabsKrc,5,0.8,0.2,0.0,2.0,0.6,2.6,0.4,0.6,2.6,0.2,5,0.8,0.2,0.0,2.0,0.6,2.6,0.4,0.6,2.6,0.2,5,0.8,0.2,0.0,2.0,0.6,2.6,0.4,0.6,2.6,0.2,77333,Bundesliga 25/26
2026-04-11,13:30,FC St. Pauli,FC Bayern München,14065219,Babsxdb,19,0.10526315789473684,0.21052631578947367,0.6842105263157895,0.631578947368421,1.9473684210526316,2.5789473684210527,0.42105263157894735,0.47368421052631576,0.5263157894736842,2.263157894736842,10,0.1,0.1,0.8,0.8,2.7,3.5,0.6,0.7,0.4,2.5,5,0.0,0.0,1.0,0.8,3.6,4.4,0.6,0.8,0.0,3.0,77333,Bundesliga 25/26
2026-04-12,10:30,1. FC Köln,SV Werder Bremen,14065218,Jabswdb,87,0.3563218390804598,0.2988505747126437,0.3448275862068966,1.5977011494252873,1.5172413793103448,3.1149425287356323,0.6091954022988506,0.5172413793103449,1.367816091954023,1.3333333333333333,10,0.2,0.4,0.4,1.5,1.7,3.2,0.8,0.4,1.0,1.6,5,0.2,0.4,0.4,2.0,1.2,3.2,0.8,0.4,1.0,1.6,77333,Bundesliga 25/26
2026-04-12,12:30,VfB Stuttgart,Hamburger SV,14065213,BdbsCdb,93,0.40860215053763443,0.1935483870967742,0.3978494623655914,1.5376344086021505,1.3655913978494623,2.903225806451613,0.5376344086021505,0.5591397849462365,1.4193548387096775,1.3870967741935485,10,0.6,0.1,0.3,1.7,1.2,2.9,0.7,0.7,1.9,1.0,5,0.4,0.2,0.4,1.8,1.4,3.2,0.8,0.8,1.4,1.4,77333,Bundesliga 25/26
2026-04-12,14:30,1. FSV Mainz 05,SC Freiburg,14065214,Nabsgbb,33,0.42424242424242425,0.3333333333333333,0.24242424242424243,1.5757575757575757,1.0606060606060606,2.6363636363636362,0.5454545454545454,0.5454545454545454,1.606060606060606,1.0606060606060606,10,0.1,0.6,0.3,0.7,1.2,1.9,0.5,0.3,0.9,1.5,5,0.0,0.6,0.4,0.6,1.6,2.2,0.4,0.4,0.6,1.8,77333,Bundesliga 25/26
2026-04-17,15:30,FC St. Pauli,1. FC Köln,14065229,Babswdb,17,0.17647058823529413,0.23529411764705882,0.5882352941176471,0.8823529411764706,1.6470588235294117,2.5294117647058822,0.4117647058823529,0.35294117647058826,0.7647058823529411,2.0,10,0.3,0.3,0.4,1.1,1.0,2.1,0.4,0.3,1.2,1.5,5,0.2,0.2,0.6,1.0,1.2,2.2,0.6,0.4,0.8,2.0,77333,Bundesliga 25/26
2026-04-18,10:30,TSG Hoffenheim,Borussia Dortmund,14065230,ubbsydb,35,0.22857142857142856,0.34285714285714286,0.42857142857142855,1.4285714285714286,1.6,3.0285714285714285,0.7428571428571429,0.5714285714285714,1.0285714285714285,1.6285714285714286,10,0.1,0.2,0.7,1.3,2.1,3.4,0.7,0.6,0.5,2.3,5,0.2,0.2,0.6,1.4,2.2,3.6,0.8,0.6,0.8,2.0,77333,Bundesliga 25/26
2026-04-18,10:30,Bayer 04 Leverkusen,FC Augsburg,14065221,acbsGdb,29,0.6551724137931034,0.2413793103448276,0.10344827586206896,2.0689655172413794,0.8620689655172413,2.9310344827586206,0.6206896551724138,0.5517241379310345,2.206896551724138,0.5517241379310345,10,0.6,0.1,0.3,1.8,0.9,2.7,0.5,0.4,1.9,1.0,5,0.8,0.0,0.2,1.4,0.6,2.0,0.2,0.2,2.4,0.6,77333,Bundesliga 25/26
2026-04-18,10:30,1. FC Union Berlin,VfL Wolfsburg,14065225,zabsXab,13,0.3076923076923077,0.23076923076923078,0.46153846153846156,1.0,1.2307692307692308,2.230769230769231,0.38461538461538464,0.38461538461538464,1.1538461538461537,1.6153846153846154,10,0.4,0.1,0.5,0.9,1.1,2.0,0.3,0.3,1.3,1.6,5,0.4,0.0,0.6,0.8,1.2,2.0,0.4,0.4,1.2,1.8,77333,Bundesliga 25/26
2026-04-18,10:30,SV Werder Bremen,Hamburger SV,14065224,JabsBdb,95,0.35789473684210527,0.30526315789473685,0.3368421052631579,1.368421052631579,1.4526315789473685,2.8210526315789473,0.5684210526315789,0.5263157894736842,1.3789473684210527,1.3157894736842106,10,0.4,0.2,0.4,1.1,1.3,2.4,0.5,0.5,1.4,1.4,5,0.4,0.4,0.2,1.4,1.2,2.6,0.6,0.6,1.6,1.0,77333,Bundesliga 25/26
2026-04-18,13:30,Eintracht Frankfurt,RB Leipzig,14065223,zdbskCo,19,0.2631578947368421,0.42105263157894735,0.3157894736842105,1.3157894736842106,1.368421052631579,2.6842105263157894,0.5789473684210527,0.5789473684210527,1.2105263157894737,1.368421052631579,10,0.3,0.4,0.3,1.5,1.4,2.9,0.5,0.6,1.3,1.3,5,0.4,0.2,0.4,1.6,2.0,3.6,0.4,0.8,1.4,1.4,77333,Bundesliga 25/26
2026-04-19,10:30,SC Freiburg,1. FC Heidenheim,14065226,NabsKrc,5,0.4,0.2,0.4,1.6,1.2,2.8,0.6,0.6,1.4,1.4,5,0.4,0.2,0.4,1.6,1.2,2.8,0.6,0.6,1.4,1.4,5,0.4,0.2,0.4,1.6,1.2,2.8,0.6,0.6,1.4,1.4,77333,Bundesliga 25/26
2026-04-19,12:30,FC Bayern München,VfB Stuttgart,14065222,xdbsCdb,103,0.6504854368932039,0.21359223300970873,0.13592233009708737,2.174757281553398,1.0485436893203883,3.2233009708737863,0.5728155339805825,0.6601941747572816,2.1650485436893203,0.6213592233009708,10,0.7,0.2,0.1,3.1,0.9,4.0,0.5,1.0,2.3,0.5,5,0.8,0.0,0.2,3.2,0.8,4.0,0.4,1.0,2.4,0.6,77333,Bundesliga 25/26
2026-04-19,14:30,Borussia M'gladbach,1. FSV Mainz 05,14065227,Cabsgbb,39,0.38461538461538464,0.3333333333333333,0.28205128205128205,1.3333333333333333,1.1538461538461537,2.4871794871794872,0.5384615384615384,0.4358974358974359,1.4871794871794872,1.1794871794871795,10,0.1,0.5,0.4,0.9,1.6,2.5,0.7,0.4,0.8,1.7,5,0.2,0.6,0.2,1.2,1.4,2.6,0.8,0.4,1.2,1.2,77333,Bundesliga 25/26
2026-04-24,15:30,RB Leipzig,1. FC Union Berlin,14065257,XabskCo,13,0.38461538461538464,0.15384615384615385,0.46153846153846156,1.4615384615384615,1.0769230769230769,2.5384615384615383,0.5384615384615384,0.6923076923076923,1.3076923076923077,1.5384615384615385,10,0.2,0.2,0.6,1.1,1.3,2.4,0.6,0.7,0.8,2.0,5,0.4,0.4,0.2,1.2,0.6,1.8,0.2,0.4,1.6,1.0,77333,Bundesliga 25/26
2026-04-25,10:30,1. FSV Mainz 05,FC Bayern München,14065235,gbbsxdb,39,0.23076923076923078,0.07692307692307693,0.6923076923076923,1.205128205128205,2.8461538461538463,4.051282051282051,0.717948717948718,0.8974358974358975,0.7692307692307693,2.1538461538461537,10,0.4,0.1,0.5,1.7,2.8,4.5,0.9,1.0,1.3,1.6,5,0.2,0.2,0.6,1.2,3.4,4.6,0.8,1.0,0.8,2.0,77333,Bundesliga 25/26
2026-04-25,10:30,1. FC Köln,Bayer 04 Leverkusen,14065238,wdbsGdb,73,0.2602739726027397,0.3287671232876712,0.410958904109589,1.2191780821917808,1.5342465753424657,2.7534246575342465,0.5205479452054794,0.4794520547945205,1.1095890410958904,1.5616438356164384,10,0.2,0.1,0.7,0.7,2.2,2.9,0.4,0.7,0.7,2.2,5,0.2,0.0,0.8,0.6,2.0,2.6,0.4,0.6,0.6,2.4,77333,Bundesliga 25/26
2026-04-25,10:30,FC Augsburg,Eintracht Frankfurt,14065231,acbszdb,27,0.2962962962962963,0.37037037037037035,0.3333333333333333,1.1851851851851851,1.4444444444444444,2.6296296296296298,0.6296296296296297,0.5185185185185185,1.2592592592592593,1.3703703703703705,10,0.1,0.5,0.4,0.8,1.3,2.1,0.6,0.4,0.8,1.7,5,0.2,0.4,0.4,1.0,1.4,2.4,0.6,0.6,1.0,1.6,77333,Bundesliga 25/26
2026-04-25,10:30,VfL Wolfsburg,Borussia M'gladbach,14065233,zabsCab,51,0.49019607843137253,0.19607843137254902,0.3137254901960784,1.588235294117647,1.3137254901960784,2.9019607843137254,0.5098039215686274,0.5490196078431373,1.6666666666666667,1.1372549019607843,10,0.3,0.3,0.4,1.5,1.8,3.3,0.6,0.7,1.2,1.5,5,0.6,0.0,0.4,2.0,1.8,3.8,0.6,0.8,1.8,1.2,77333,Bundesliga 25/26
2026-04-25,10:30,1. FC Heidenheim,FC St. Pauli,14065234,BabsKrc,3,0.3333333333333333,0.0,0.6666666666666666,1.0,1.3333333333333333,2.3333333333333335,0.3333333333333333,0.3333333333333333,1.0,2.0,3,0.3333333333333333,0.0,0.6666666666666666,1.0,1.3333333333333333,2.3333333333333335,0.3333333333333333,0.3333333333333333,1.0,2.0,3,0.3333333333333333,0.0,0.6666666666666666,1.0,1.3333333333333333,2.3333333333333335,0.3333333333333333,0.3333333333333333,1.0,2.0,77333,Bundesliga 25/26
2026-04-25,13:30,Hamburger SV,TSG Hoffenheim,14065237,ubbsBdb,21,0.38095238095238093,0.19047619047619047,0.42857142857142855,1.1428571428571428,1.8095238095238095,2.9523809523809526,0.42857142857142855,0.6190476190476191,1.3333333333333333,1.4761904761904763,10,0.3,0.2,0.5,1.1,1.9,3.0,0.5,0.7,1.1,1.7,5,0.4,0.2,0.4,1.6,1.8,3.4,0.6,0.8,1.4,1.4,77333,Bundesliga 25/26
2026-04-26,10:30,VfB Stuttgart,SV Werder Bremen,14065256,JabsCdb,99,0.3939393939393939,0.2828282828282828,0.32323232323232326,1.6161616161616161,1.6464646464646464,3.2626262626262625,0.6262626262626263,0.6262626262626263,1.4646464646464648,1.2525252525252526,10,0.4,0.3,0.3,1.6,1.2,2.8,0.6,0.6,1.5,1.2,5,0.4,0.2,0.4,2.0,1.2,3.2,0.6,0.8,1.4,1.4,77333,Bundesliga 25/26
2026-04-26,12:30,Borussia Dortmund,SC Freiburg,14065228,Nabsydb,51,0.6666666666666666,0.23529411764705882,0.09803921568627451,2.372549019607843,0.9411764705882353,3.3137254901960786,0.6078431372549019,0.6666666666666666,2.235294117647059,0.5294117647058824,10,0.7,0.1,0.2,3.1,1.1,4.2,0.8,0.9,2.2,0.7,5,0.8,0.2,0.0,3.2,0.8,4.0,0.6,0.8,2.6,0.2,77333,Bundesliga 25/26
2026-05-02,10:30,FC Bayern München,1. FC Heidenheim,14065232,xdbsKrc,5,0.8,0.0,0.2,3.6,1.4,5.0,0.6,1.0,2.4,0.6,5,0.8,0.0,0.2,3.6,1.4,5.0,0.6,1.0,2.4,0.6,5,0.8,0.0,0.2,3.6,1.4,5.0,0.6,1.0,2.4,0.6,77333,Bundesliga 25/26
2026-05-02,10:30,Eintracht Frankfurt,Hamburger SV,14065239,zdbsBdb,85,0.3176470588235294,0.24705882352941178,0.43529411764705883,1.188235294117647,1.6235294117647059,2.8117647058823527,0.5294117647058824,0.5764705882352941,1.2,1.5529411764705883,10,0.5,0.5,0.0,1.4,0.5,1.9,0.5,0.5,2.0,0.5,5,0.6,0.4,0.0,1.8,0.4,2.2,0.4,0.6,2.2,0.4,77333,Bundesliga 25/26
2026-05-02,10:30,TSG Hoffenheim,VfB Stuttgart,14065244,ubbsCdb,31,0.25806451612903225,0.41935483870967744,0.3225806451612903,1.3870967741935485,1.6129032258064515,3.0,0.6129032258064516,0.4838709677419355,1.1935483870967742,1.3870967741935485,10,0.2,0.5,0.3,1.1,1.6,2.7,0.7,0.5,1.1,1.4,5,0.2,0.6,0.2,1.0,1.4,2.4,0.6,0.4,1.2,1.2,77333,Bundesliga 25/26
2026-05-02,10:30,1. FC Union Berlin,1. FC Köln,14065242,Xabswdb,11,0.7272727272727273,0.18181818181818182,0.09090909090909091,1.5454545454545454,0.7272727272727273,2.272727272727273,0.45454545454545453,0.45454545454545453,2.3636363636363638,0.45454545454545453,10,0.7,0.2,0.1,1.5,0.8,2.3,0.5,0.5,2.3,0.5,5,0.6,0.2,0.2,1.2,0.6,1.8,0.2,0.2,2.0,0.8,77333,Bundesliga 25/26
2026-05-02,10:30,SV Werder Bremen,FC Augsburg,14065241,Jabsacb,27,0.37037037037037035,0.14814814814814814,0.48148148148148145,1.4814814814814814,1.5555555555555556,3.037037037037037,0.5925925925925926,0.6296296296296297,1.2592592592592593,1.5925925925925926,10,0.3,0.2,0.5,1.1,1.1,2.2,0.3,0.4,1.1,1.7,5,0.4,0.4,0.2,1.4,0.8,2.2,0.2,0.4,1.6,1.0,77333,Bundesliga 25/26
2026-05-02,13:30,Bayer 04 Leverkusen,RB Leipzig,14065236,GdbskCo,19,0.3157894736842105,0.2631578947368421,0.42105263157894735,1.631578947368421,1.6842105263157894,3.3157894736842106,0.6842105263157895,0.5789473684210527,1.2105263157894737,1.5263157894736843,10,0.5,0.1,0.4,1.8,1.5,3.3,0.6,0.6,1.6,1.3,5,0.6,0.2,0.2,2.6,2.0,4.6,1.0,1.0,2.0,0.8,77333,Bundesliga 25/26
2026-05-03,10:30,FC St. Pauli,1. FSV Mainz 05,14065246,Babsgbb,5,0.0,0.2,0.8,0.6,2.2,2.8,0.4,0.6,0.2,2.6,5,0.0,0.2,0.8,0.6,2.2,2.8,0.4,0.6,0.2,2.6,5,0.0,0.2,0.8,0.6,2.2,2.8,0.4,0.6,0.2,2.6,77333,Bundesliga 25/26
2026-05-03,12:30,Borussia M'gladbach,Borussia Dortmund,14065243,Cabsydb,97,0.28865979381443296,0.26804123711340205,0.44329896907216493,1.4536082474226804,1.7938144329896908,3.247422680412371,0.6082474226804123,0.5773195876288659,1.134020618556701,1.597938144329897,10,0.3,0.1,0.6,1.7,2.7,4.4,0.7,0.7,1.0,1.9,5,0.0,0.2,0.8,1.2,2.4,3.6,0.8,0.6,0.2,2.6,77333,Bundesliga 25/26
2026-05-03,14:30,SC Freiburg,VfL Wolfsburg,14065240,zabsNab,43,0.4418604651162791,0.23255813953488372,0.32558139534883723,1.441860465116279,1.6046511627906976,3.046511627906977,0.5348837209302325,0.6046511627906976,1.558139534883721,1.2093023255813953,10,0.7,0.0,0.3,1.7,1.8,3.5,0.4,0.6,2.1,0.9,5,0.8,0.0,0.2,2.0,1.4,3.4,0.6,0.6,2.4,0.6,77333,Bundesliga 25/26
2026-05-08,15:30,Borussia Dortmund,Eintracht Frankfurt,14065245,ydbszdb,91,0.4945054945054945,0.21978021978021978,0.2857142857142857,1.989010989010989,1.2857142857142858,3.2747252747252746,0.5824175824175825,0.6043956043956044,1.7032967032967032,1.0769230769230769,10,0.6,0.2,0.2,2.6,1.6,4.2,0.7,0.8,2.0,0.8,5,0.4,0.4,0.2,2.2,1.8,4.0,0.6,0.6,1.6,1.0,77333,Bundesliga 25/26
2026-05-09,10:30,VfB Stuttgart,Bayer 04 Leverkusen,14065248,CdbsGdb,89,0.29213483146067415,0.2247191011235955,0.48314606741573035,1.2584269662921348,1.7078651685393258,2.966292134831461,0.5056179775280899,0.550561797752809,1.101123595505618,1.6741573033707866,10,0.1,0.4,0.5,1.6,2.3,3.9,0.8,0.6,0.7,1.9,5,0.2,0.6,0.2,2.0,1.6,3.6,0.8,0.6,1.2,1.2,77333,Bundesliga 25/26
2026-05-09,10:30,RB Leipzig,FC St. Pauli,14065250,BabskCo,3,0.3333333333333333,0.6666666666666666,0.0,1.0,0.3333333333333333,1.3333333333333333,0.3333333333333333,0.0,1.6666666666666667,0.6666666666666666,3,0.3333333333333333,0.6666666666666666,0.0,1.0,0.3333333333333333,1.3333333333333333,0.3333333333333333,0.0,1.6666666666666667,0.6666666666666666,3,0.3333333333333333,0.6666666666666666,0.0,1.0,0.3333333333333333,1.3333333333333333,0.3333333333333333,0.0,1.6666666666666667,0.6666666666666666,77333,Bundesliga 25/26
2026-05-09,10:30,TSG Hoffenheim,SV Werder Bremen,14065252,Jabsubb,33,0.3333333333333333,0.30303030303030304,0.36363636363636365,1.7878787878787878,1.6666666666666667,3.4545454545454546,0.7575757575757576,0.6060606060606061,1.303030303030303,1.393939393939394,10,0.7,0.1,0.2,2.4,1.2,3.6,0.7,0.8,2.2,0.7,5,0.8,0.0,0.2,2.6,1.6,4.2,0.8,0.8,2.4,0.6,77333,Bundesliga 25/26
2026-05-09,10:30,FC Augsburg,Borussia M'gladbach,14065249,Cabsacb,29,0.3793103448275862,0.3103448275862069,0.3103448275862069,1.4482758620689655,1.5862068965517242,3.0344827586206895,0.6206896551724138,0.5517241379310345,1.4482758620689655,1.2413793103448276,10,0.6,0.1,0.3,1.8,1.6,3.4,0.5,0.7,1.9,1.0,5,0.6,0.2,0.2,2.2,2.0,4.2,0.6,1.0,2.0,0.8,77333,Bundesliga 25/26
2026-05-09,13:30,VfL Wolfsburg,FC Bayern München,14065251,zabsxdb,57,0.07017543859649122,0.12280701754385964,0.8070175438596491,0.8771929824561403,2.6140350877192984,3.491228070175439,0.5087719298245614,0.631578947368421,0.3333333333333333,2.543859649122807,10,0.0,0.1,0.9,1.2,3.3,4.5,0.7,0.8,0.1,2.8,5,0.0,0.0,1.0,1.2,3.6,4.8,0.8,0.8,0.0,3.0,77333,Bundesliga 25/26
2026-05-10,10:30,Hamburger SV,SC Freiburg,14065255,NabsBdb,37,0.3783783783783784,0.3783783783783784,0.24324324324324326,1.4324324324324325,0.8108108108108109,2.2432432432432434,0.3783783783783784,0.40540540540540543,1.5135135135135136,1.1081081081081081,10,0.2,0.5,0.3,0.9,0.8,1.7,0.4,0.3,1.1,1.4,5,0.2,0.4,0.4,0.8,1.0,1.8,0.4,0.4,1.0,1.6,77333,Bundesliga 25/26
2026-05-10,12:30,1. FC Köln,1. FC Heidenheim,14065253,wdbsKrc,3,0.0,0.6666666666666666,0.3333333333333333,1.3333333333333333,2.3333333333333335,3.6666666666666665,1.0,0.6666666666666666,0.6666666666666666,1.6666666666666667,3,0.0,0.6666666666666666,0.3333333333333333,1.3333333333333333,2.3333333333333335,3.6666666666666665,1.0,0.6666666666666666,0.6666666666666666,1.6666666666666667,3,0.0,0.6666666666666666,0.3333333333333333,1.3333333333333333,2.3333333333333335,3.6666666666666665,1.0,0.6666666666666666,0.6666666666666666,1.6666666666666667,77333,Bundesliga 25/26
2026-05-10,14:30,1. FSV Mainz 05,1. FC Union Berlin,14065247,Xabsgbb,13,0.07692307692307693,0.38461538461538464,0.5384615384615384,1.0,1.9230769230769231,2.923076923076923,0.7692307692307693,0.6153846153846154,0.6153846153846154,2.0,10,0.1,0.4,0.5,1.0,1.7,2.7,0.8,0.6,0.7,1.9,5,0.0,0.6,0.4,1.2,2.0,3.2,1.0,0.6,0.6,1.8,77333,Bundesliga 25/26
2026-05-16,10:30,FC Bayern München,1. FC Köln,14065556,wdbsxdb,91,0.5494505494505495,0.26373626373626374,0.18681318681318682,2.076923076923077,1.10989010989011,3.1868131868131866,0.5824175824175825,0.6263736263736264,1.9120879120879122,0.8241758241758241,10,0.9,0.1,0.0,2.7,0.8,3.5,0.7,0.7,2.8,0.1,5,0.8,0.2,0.0,1.8,0.6,2.4,0.6,0.4,2.6,0.2,77333,Bundesliga 25/26
2026-05-16,10:30,SV Werder Bremen,Borussia Dortmund,14065561,Jabsydb,99,0.36363636363636365,0.20202020202020202,0.43434343434343436,1.5353535353535352,1.5757575757575757,3.111111111111111,0.5757575757575758,0.6060606060606061,1.292929292929293,1.505050505050505,10,0.1,0.2,0.7,0.8,2.0,2.8,0.5,0.6,0.5,2.3,5,0.0,0.4,0.6,0.6,1.6,2.2,0.4,0.6,0.4,2.2,77333,Bundesliga 25/26
2026-05-16,10:30,Bayer 04 Leverkusen,Hamburger SV,14065557,BdbsGdb,79,0.3924050632911392,0.26582278481012656,0.34177215189873417,1.4303797468354431,1.1518987341772151,2.5822784810126582,0.5063291139240507,0.5063291139240507,1.4430379746835442,1.2911392405063291,10,0.6,0.1,0.3,1.5,0.6,2.1,0.3,0.5,1.9,1.0,5,0.8,0.0,0.2,1.8,0.6,2.4,0.4,0.6,2.4,0.6,77333,Bundesliga 25/26
2026-05-16,10:30,SC Freiburg,RB Leipzig,14065555,NabskCo,19,0.15789473684210525,0.21052631578947367,0.631578947368421,0.8947368421052632,2.1578947368421053,3.0526315789473686,0.631578947368421,0.6842105263157895,0.6842105263157895,2.1052631578947367,10,0.0,0.3,0.7,0.6,2.1,2.7,0.6,0.5,0.3,2.4,5,0.0,0.2,0.8,0.6,2.4,3.0,0.6,0.6,0.2,2.6,77333,Bundesliga 25/26
2026-05-16,10:30,Eintracht Frankfurt,VfB Stuttgart,14065560,zdbsCdb,91,0.32967032967032966,0.2087912087912088,0.46153846153846156,1.6263736263736264,1.8571428571428572,3.4835164835164836,0.6813186813186813,0.6593406593406593,1.1978021978021978,1.5934065934065933,10,0.4,0.3,0.3,1.6,1.6,3.2,0.8,0.6,1.5,1.2,5,0.4,0.0,0.6,1.4,2.0,3.4,0.6,0.8,1.2,1.8,77333,Bundesliga 25/26
2026-05-16,10:30,Borussia M'gladbach,TSG Hoffenheim,14065559,Cabsubb,35,0.37142857142857144,0.3142857142857143,0.3142857142857143,2.057142857142857,1.7428571428571429,3.8,0.8285714285714286,0.7428571428571429,1.4285714285714286,1.2571428571428571,10,0.5,0.2,0.3,2.7,2.2,4.9,1.0,0.9,1.7,1.1,5,0.4,0.2,0.4,2.4,3.0,5.4,1.0,1.0,1.4,1.4,77333,Bundesliga 25/26
2026-05-16,10:30,1. FC Union Berlin,FC Augsburg,14065558,Xabsacb,13,0.15384615384615385,0.38461538461538464,0.46153846153846156,0.8461538461538461,1.3846153846153846,2.230769230769231,0.5384615384615384,0.3076923076923077,0.8461538461538461,1.7692307692307692,10,0.1,0.4,0.5,0.7,1.4,2.1,0.5,0.3,0.7,1.9,5,0.2,0.4,0.4,0.8,1.4,2.2,0.6,0.2,1.0,1.6,77333,Bundesliga 25/26
2026-05-16,10:30,FC St. Pauli,VfL Wolfsburg,14065563,zabsBab,7,0.14285714285714285,0.7142857142857143,0.14285714285714285,1.2857142857142858,1.1428571428571428,2.4285714285714284,0.8571428571428571,0.42857142857142855,1.1428571428571428,1.1428571428571428,7,0.14285714285714285,0.7142857142857143,0.14285714285714285,1.2857142857142858,1.1428571428571428,2.4285714285714284,0.8571428571428571,0.42857142857142855,1.1428571428571428,1.1428571428571428,5,0.0,0.8,0.2,1.0,1.2,2.2,0.8,0.4,0.8,1.4,77333,Bundesliga 25/26
2026-05-16,10:30,1. FC Heidenheim,1. FSV Mainz 05,14065562,gbbsKrc,5,0.4,0.2,0.4,1.0,1.0,2.0,0.4,0.2,1.4,1.4,5,0.4,0.2,0.4,1.0,1.0,2.0,0.4,0.2,1.4,1.4,5,0.4,0.2,0.4,1.0,1.0,2.0,0.4,0.2,1.4,1.4,77333,Bundesliga 25/26
