date,time,local_team,away_team,event_id,custom_id,h2h_all_matches,h2h_all_local_win_pct,h2h_all_draw_pct,h2h_all_away_win_pct,h2h_all_local_goals_avg,h2h_all_away_goals_avg,h2h_all_total_goals_avg,h2h_all_btts_pct,h2h_all_over25_pct,h2h_all_local_points_avg,h2h_all_away_points_avg,h2h_last10_matches,h2h_last10_local_win_pct,h2h_last10_draw_pct,h2h_last10_away_win_pct,h2h_last10_local_goals_avg,h2h_last10_away_goals_avg,h2h_last10_total_goals_avg,h2h_last10_btts_pct,h2h_last10_over25_pct,h2h_last10_local_points_avg,h2h_last10_away_points_avg,h2h_last5_matches,h2h_last5_local_win_pct,h2h_last5_draw_pct,h2h_last5_away_win_pct,h2h_last5_local_goals_avg,h2h_last5_away_goals_avg,h2h_last5_total_goals_avg,h2h_last5_btts_pct,h2h_last5_over25_pct,h2h_last5_local_points_avg,h2h_last5_away_points_avg,season_id,season_name
2025-08-15,14:00,Girona FC,Rayo Vallecano,14082854,tgbsoKj,8,0.5,0.375,0.125,1.75,1.0,2.75,0.625,0.75,1.875,0.75,8,0.5,0.375,0.125,1.75,1.0,2.75,0.625,0.75,1.875,0.75,5,0.4,0.4,0.2,1.6,1.0,2.6,0.6,0.8,1.6,1.0,77559,LaLiga 25/26
2025-08-15,16:30,Villarreal,Real Oviedo,14082858,ugbsbhb,4,0.5,0.5,0.0,1.0,0.25,1.25,0.25,0.25,2.0,0.5,4,0.5,0.5,0.0,1.0,0.25,1.25,0.25,0.25,2.0,0.5,4,0.5,0.5,0.0,1.0,0.25,1.25,0.25,0.25,2.0,0.5,77559,LaLiga 25/26
2025-08-16,14:30,Mallorca,FC Barcelona,14082855,rgbsBgb,58,0.15517241379310345,0.1724137931034483,0.6724137931034483,0.8103448275862069,2.086206896551724,2.896551724137931,0.4482758620689655,0.5517241379310345,0.6379310344827587,2.189655172413793,10,0.0,0.1,0.9,0.6,2.5,3.1,0.4,0.6,0.1,2.8,5,0.0,0.2,0.8,0.6,2.4,3.0,0.4,0.6,0.2,2.6,77559,LaLiga 25/26
2025-08-16,16:30,Valencia,Real Sociedad,14082857,zgbsDgb,104,0.38461538461538464,0.25,0.36538461538461536,1.1826923076923077,1.1826923076923077,2.3653846153846154,0.4326923076923077,0.4423076923076923,1.4038461538461537,1.3461538461538463,10,0.3,0.4,0.3,0.6,0.8,1.4,0.2,0.2,1.3,1.3,5,0.4,0.0,0.6,0.4,1.0,1.4,0.0,0.2,1.2,1.8,77559,LaLiga 25/26
2025-08-16,16:30,Deportivo Alavés,Levante UD,14082849,ZgbsKhb,10,0.6,0.2,0.2,1.4,0.9,2.3,0.5,0.4,2.0,0.8,10,0.6,0.2,0.2,1.4,0.9,2.3,0.5,0.4,2.0,0.8,5,0.4,0.4,0.2,1.4,1.4,2.8,0.8,0.6,1.6,1.0,77559,LaLiga 25/26
2025-08-17,12:00,Celta Vigo,Getafe,14082851,wgbsjhb,28,0.32142857142857145,0.32142857142857145,0.35714285714285715,1.0357142857142858,1.1785714285714286,2.2142857142857144,0.5357142857142857,0.39285714285714285,1.2857142857142858,1.3928571428571428,10,0.4,0.3,0.3,1.3,1.1,2.4,0.5,0.4,1.5,1.2,5,0.4,0.2,0.4,1.4,1.4,2.8,0.6,0.6,1.4,1.4,77559,LaLiga 25/26
2025-08-17,14:30,Athletic Club,Sevilla,14082850,AgbsIgb,100,0.35,0.23,0.42,1.16,1.27,2.43,0.46,0.43,1.28,1.49,10,0.5,0.2,0.3,1.0,0.6,1.6,0.3,0.1,1.7,1.1,5,0.6,0.2,0.2,1.2,0.4,1.6,0.2,0.0,2.0,0.8,77559,LaLiga 25/26
2025-08-17,16:30,Espanyol,Atlético Madrid,14082853,ogbsLgb,98,0.2653061224489796,0.25510204081632654,0.47959183673469385,1.0612244897959184,1.4795918367346939,2.5408163265306123,0.5510204081632653,0.5,1.0510204081632653,1.6938775510204083,10,0.1,0.5,0.4,1.2,1.4,2.6,0.7,0.5,0.8,1.7,5,0.0,0.8,0.2,1.2,1.4,2.6,0.8,0.4,0.8,1.4,77559,LaLiga 25/26
2025-08-18,16:00,Elche,Real Betis,14082852,qgbsWgb,20,0.3,0.2,0.5,0.95,1.55,2.5,0.45,0.5,1.1,1.7,10,0.2,0.3,0.5,0.8,1.7,2.5,0.5,0.6,0.9,1.8,5,0.2,0.2,0.6,0.8,2.0,2.8,0.4,0.6,0.8,2.0,77559,LaLiga 25/26
2025-08-19,16:00,Real Madrid,Osasuna,14082856,vgbsEgb,70,0.5714285714285714,0.2714285714285714,0.15714285714285714,1.9857142857142858,0.9428571428571428,2.9285714285714284,0.5428571428571428,0.5285714285714286,1.9857142857142858,0.7428571428571429,10,0.6,0.4,0.0,2.1,0.5,2.6,0.4,0.4,2.2,0.4,5,0.8,0.2,0.0,3.0,0.6,3.6,0.4,0.6,2.6,0.2,77559,LaLiga 25/26
2025-08-22,16:30,Real Betis,Deportivo Alavés,14082864,qgbsKhb,26,0.38461538461538464,0.38461538461538464,0.23076923076923078,1.0769230769230769,0.8076923076923077,1.8846153846153846,0.34615384615384615,0.3076923076923077,1.5384615384615385,1.0769230769230769,10,0.4,0.4,0.2,1.3,0.9,2.2,0.5,0.4,1.6,1.0,5,0.2,0.6,0.2,1.2,0.8,2.0,0.4,0.4,1.2,1.2,77559,LaLiga 25/26
2025-08-23,12:00,Mallorca,Celta Vigo,14082866,wgbsBgb,36,0.3888888888888889,0.25,0.3611111111111111,1.3055555555555556,1.25,2.5555555555555554,0.4444444444444444,0.3888888888888889,1.4166666666666667,1.3333333333333333,10,0.4,0.3,0.3,1.5,1.2,2.7,0.5,0.4,1.5,1.2,5,0.4,0.2,0.4,0.8,1.0,1.8,0.4,0.2,1.4,1.4,77559,LaLiga 25/26
2025-08-23,14:30,Atlético Madrid,Elche,14082860,LgbsWgb,28,0.75,0.10714285714285714,0.14285714285714285,2.0357142857142856,0.6785714285714286,2.7142857142857144,0.39285714285714285,0.5,2.357142857142857,0.5357142857142857,10,0.9,0.0,0.1,1.8,0.2,2.0,0.1,0.2,2.7,0.3,5,0.8,0.0,0.2,1.2,0.2,1.4,0.0,0.0,2.4,0.6,77559,LaLiga 25/26
2025-08-23,16:30,Levante UD,FC Barcelona,14082865,rgbsZgb,28,0.07142857142857142,0.21428571428571427,0.7142857142857143,0.8214285714285714,2.7857142857142856,3.607142857142857,0.5,0.6428571428571429,0.42857142857142855,2.357142857142857,10,0.2,0.1,0.7,1.4,2.6,4.0,0.5,0.8,0.7,2.2,5,0.0,0.2,0.8,1.2,2.4,3.6,0.6,0.8,0.2,2.6,77559,LaLiga 25/26
2025-08-24,12:00,Osasuna,Valencia,14082861,vgbsDgb,68,0.25,0.27941176470588236,0.47058823529411764,0.9411764705882353,1.4705882352941178,2.411764705882353,0.45588235294117646,0.4117647058823529,1.0294117647058822,1.6911764705882353,10,0.3,0.3,0.4,1.3,1.5,2.8,0.7,0.6,1.2,1.5,5,0.2,0.4,0.4,1.0,1.2,2.2,0.4,0.4,1.0,1.6,77559,LaLiga 25/26
2025-08-24,14:30,Villarreal,Girona FC,14083100,ugbsoKj,10,0.6,0.1,0.3,1.1,0.9,2.0,0.4,0.4,1.9,1.0,10,0.6,0.1,0.3,1.1,0.9,2.0,0.4,0.4,1.9,1.0,5,0.6,0.2,0.2,1.4,1.0,2.4,0.6,0.6,2.0,0.8,77559,LaLiga 25/26
2025-08-24,14:30,Real Sociedad,Espanyol,14082867,ogbszgb,96,0.4583333333333333,0.3020833333333333,0.23958333333333334,1.3229166666666667,0.9791666666666666,2.3020833333333335,0.4583333333333333,0.4166666666666667,1.6770833333333333,1.0208333333333333,10,0.8,0.0,0.2,1.7,1.1,2.8,0.6,0.6,2.4,0.6,5,1.0,0.0,0.0,1.8,0.8,2.6,0.6,0.6,3.0,0.0,77559,LaLiga 25/26
2025-08-24,16:30,Real Oviedo,Real Madrid,14082862,Egbsbhb,32,0.15625,0.28125,0.5625,0.875,1.9375,2.8125,0.53125,0.46875,0.75,1.96875,10,0.1,0.4,0.5,1.1,2.5,3.6,0.8,0.6,0.7,1.9,5,0.0,0.6,0.4,1.0,2.0,3.0,0.8,0.6,0.6,1.8,77559,LaLiga 25/26
2025-08-25,14:30,Athletic Club,Rayo Vallecano,14082859,tgbsAgb,44,0.5454545454545454,0.2727272727272727,0.18181818181818182,1.9090909090909092,1.0909090909090908,3.0,0.6363636363636364,0.5909090909090909,1.9090909090909092,0.8181818181818182,10,0.7,0.2,0.1,1.9,0.9,2.8,0.6,0.6,2.3,0.5,5,0.8,0.2,0.0,2.0,0.4,2.4,0.4,0.6,2.6,0.2,77559,LaLiga 25/26
2025-08-25,16:30,Sevilla,Getafe,14083092,Igbsjhb,40,0.475,0.2,0.325,1.325,0.95,2.275,0.3,0.425,1.625,1.175,10,0.7,0.1,0.2,1.0,0.6,1.6,0.1,0.3,2.2,0.7,5,0.4,0.2,0.4,0.4,1.0,1.4,0.0,0.2,1.4,1.4,77559,LaLiga 25/26
2025-08-27,16:00,Celta Vigo,Real Betis,14083498,qgbswgb,62,0.3548387096774194,0.25806451612903225,0.3870967741935484,1.3064516129032258,1.1612903225806452,2.467741935483871,0.4838709677419355,0.41935483870967744,1.3225806451612903,1.4193548387096775,10,0.5,0.2,0.3,1.8,1.5,3.3,0.7,0.7,1.7,1.1,5,0.6,0.2,0.2,2.4,2.0,4.4,1.0,1.0,2.0,0.8,77559,LaLiga 25/26
2025-08-29,14:30,Elche,Levante UD,14083129,WgbsZgb,8,0.25,0.5,0.25,0.75,1.0,1.75,0.5,0.25,1.25,1.25,8,0.25,0.5,0.25,0.75,1.0,1.75,0.5,0.25,1.25,1.25,5,0.2,0.6,0.2,0.6,1.0,1.6,0.4,0.2,1.2,1.2,77559,LaLiga 25/26
2025-08-29,16:30,Valencia,Getafe,14083187,Dgbsjhb,40,0.475,0.225,0.3,1.5,1.175,2.675,0.475,0.575,1.65,1.125,10,0.4,0.3,0.3,1.3,0.9,2.2,0.3,0.4,1.5,1.2,5,0.4,0.2,0.4,1.0,0.6,1.6,0.2,0.2,1.4,1.4,77559,LaLiga 25/26
2025-08-30,12:00,Deportivo Alavés,Atlético Madrid,14083109,LgbsKhb,24,0.25,0.20833333333333334,0.5416666666666666,0.75,1.25,2.0,0.3333333333333333,0.3333333333333333,0.9583333333333334,1.8333333333333333,10,0.2,0.2,0.6,0.9,1.4,2.3,0.6,0.5,0.8,2.0,5,0.2,0.2,0.6,1.0,1.6,2.6,0.6,0.6,0.8,2.0,77559,LaLiga 25/26
2025-08-30,14:00,Real Oviedo,Real Sociedad,14083157,zgbsbhb,32,0.34375,0.34375,0.3125,1.25,1.21875,2.46875,0.4375,0.5,1.375,1.28125,10,0.2,0.4,0.4,0.8,1.6,2.4,0.3,0.5,1.0,1.6,5,0.4,0.2,0.4,0.6,1.0,1.6,0.2,0.4,1.4,1.4,77559,LaLiga 25/26
2025-08-30,14:30,Girona FC,Sevilla,14083148,IgbsoKj,10,0.6,0.0,0.4,1.5,0.9,2.4,0.4,0.4,1.8,1.2,10,0.6,0.0,0.4,1.5,0.9,2.4,0.4,0.4,1.8,1.2,5,0.8,0.0,0.2,2.4,0.8,3.2,0.6,0.6,2.4,0.6,77559,LaLiga 25/26
2025-08-30,16:30,Real Madrid,Mallorca,14083197,BgbsEgb,58,0.6379310344827587,0.1896551724137931,0.1724137931034483,1.9482758620689655,0.8103448275862069,2.7586206896551726,0.4827586206896552,0.5172413793103449,2.103448275862069,0.7068965517241379,10,0.7,0.1,0.2,2.0,0.6,2.6,0.4,0.4,2.2,0.7,5,0.6,0.2,0.2,1.0,0.6,1.6,0.4,0.2,2.0,0.8,77559,LaLiga 25/26
2025-08-31,12:00,Celta Vigo,Villarreal,14083119,ugbswgb,38,0.34210526315789475,0.2631578947368421,0.39473684210526316,1.368421052631579,1.6578947368421053,3.026315789473684,0.6052631578947368,0.5526315789473685,1.2894736842105263,1.4473684210526316,10,0.3,0.2,0.5,1.8,2.1,3.9,0.7,0.7,1.1,1.7,5,0.4,0.0,0.6,2.4,2.4,4.8,0.8,1.0,1.2,1.8,77559,LaLiga 25/26
2025-08-31,14:00,Real Betis,Athletic Club,14083167,qgbsAgb,88,0.3068181818181818,0.375,0.3181818181818182,1.0681818181818181,1.1704545454545454,2.2386363636363638,0.4318181818181818,0.375,1.2954545454545454,1.3295454545454546,10,0.3,0.4,0.3,1.2,1.5,2.7,0.5,0.5,1.3,1.3,5,0.4,0.4,0.2,1.8,1.6,3.4,0.8,0.6,1.6,1.0,77559,LaLiga 25/26
2025-08-31,14:30,Espanyol,Osasuna,14083138,ogbsvgb,62,0.3064516129032258,0.25806451612903225,0.43548387096774194,0.8387096774193549,1.1290322580645162,1.967741935483871,0.3064516129032258,0.3064516129032258,1.1774193548387097,1.564516129032258,10,0.2,0.4,0.4,0.9,1.1,2.0,0.4,0.3,1.0,1.6,5,0.0,0.6,0.4,0.4,1.0,1.4,0.4,0.0,0.6,1.8,77559,LaLiga 25/26
2025-08-31,16:30,Rayo Vallecano,FC Barcelona,14083178,rgbstgb,44,0.1590909090909091,0.18181818181818182,0.6590909090909091,0.7954545454545454,2.727272727272727,3.522727272727273,0.5227272727272727,0.6363636363636364,0.6590909090909091,2.159090909090909,10,0.3,0.2,0.5,0.9,1.4,2.3,0.5,0.5,1.1,1.7,5,0.2,0.2,0.6,0.8,1.6,2.4,0.6,0.6,0.8,2.0,77559,LaLiga 25/26
2025-09-03,16:00,Osasuna,Getafe,14083640,vgbsjhb,32,0.1875,0.375,0.4375,0.78125,1.25,2.03125,0.375,0.34375,0.9375,1.6875,10,0.1,0.3,0.6,0.9,1.5,2.4,0.6,0.4,0.6,2.1,5,0.2,0.2,0.6,1.6,2.0,3.6,1.0,0.8,0.8,2.0,77559,LaLiga 25/26
2025-09-12,16:00,Sevilla,Elche,14083253,IgbsWgb,24,0.4583333333333333,0.2916666666666667,0.25,1.5,1.1666666666666667,2.6666666666666665,0.5416666666666666,0.5416666666666666,1.6666666666666667,1.0416666666666667,10,0.6,0.3,0.1,1.9,0.6,2.5,0.5,0.4,2.1,0.6,5,0.6,0.4,0.0,1.8,0.4,2.2,0.4,0.2,2.2,0.4,77559,LaLiga 25/26
2025-09-13,09:00,Getafe,Real Oviedo,14083240,bhbsjhb,0,0.0,0.0,0.0,0.0,0.0,0.0,0.0,0.0,0.0,0.0,0,0.0,0.0,0.0,0.0,0.0,0.0,0.0,0.0,0.0,0.0,0,0.0,0.0,0.0,0.0,0.0,0.0,0.0,0.0,0.0,0.0,77559,LaLiga 25/26
2025-09-13,11:15,Real Sociedad,Real Madrid,14083256,zgbsEgb,106,0.1792452830188679,0.3113207547169811,0.5094339622641509,1.1320754716981132,1.9245283018867925,3.056603773584906,0.5943396226415094,0.5566037735849056,0.8490566037735849,1.8396226415094339,10,0.1,0.3,0.6,0.5,1.4,1.9,0.3,0.2,0.6,2.1,5,0.2,0.0,0.8,0.6,1.4,2.0,0.2,0.2,0.6,2.4,77559,LaLiga 25/26
2025-09-13,13:30,Athletic Club,Deportivo Alavés,14083246,AgbsKhb,28,0.4642857142857143,0.35714285714285715,0.17857142857142858,1.3214285714285714,0.7142857142857143,2.0357142857142856,0.39285714285714285,0.2857142857142857,1.75,0.8928571428571429,10,0.5,0.3,0.2,1.0,0.4,1.4,0.2,0.1,1.8,0.9,5,0.6,0.4,0.0,1.2,0.2,1.4,0.2,0.0,2.2,0.4,77559,LaLiga 25/26
2025-09-13,16:00,Atlético Madrid,Villarreal,14083206,ugbsLgb,46,0.34782608695652173,0.34782608695652173,0.30434782608695654,1.4130434782608696,1.326086956521739,2.739130434782609,0.5652173913043478,0.5,1.391304347826087,1.2608695652173914,10,0.3,0.6,0.1,1.6,1.3,2.9,0.7,0.6,1.5,0.9,5,0.4,0.6,0.0,2.0,1.4,3.4,1.0,0.8,1.8,0.6,77559,LaLiga 25/26
2025-09-14,09:00,Celta Vigo,Girona FC,14083225,wgbsoKj,10,0.2,0.4,0.4,1.2,1.4,2.6,0.6,0.4,1.0,1.6,10,0.2,0.4,0.4,1.2,1.4,2.6,0.6,0.4,1.0,1.6,5,0.0,0.6,0.4,0.8,1.2,2.0,0.6,0.2,0.6,1.8,77559,LaLiga 25/26
2025-09-14,11:15,Levante UD,Real Betis,14083249,qgbsZgb,24,0.3333333333333333,0.16666666666666666,0.5,1.4583333333333333,1.75,3.2083333333333335,0.5416666666666666,0.5833333333333334,1.1666666666666667,1.6666666666666667,10,0.4,0.0,0.6,1.9,2.3,4.2,0.5,0.8,1.2,1.8,5,0.4,0.0,0.6,2.2,2.8,5.0,0.8,0.8,1.2,1.8,77559,LaLiga 25/26
2025-09-14,13:30,Osasuna,Rayo Vallecano,14083243,tgbsvgb,26,0.38461538461538464,0.2692307692307692,0.34615384615384615,1.0,1.0769230769230769,2.076923076923077,0.4230769230769231,0.4230769230769231,1.4230769230769231,1.3076923076923077,10,0.5,0.1,0.4,1.4,1.1,2.5,0.6,0.6,1.6,1.3,5,0.2,0.2,0.6,1.0,1.6,2.6,0.8,0.6,0.8,2.0,77559,LaLiga 25/26
2025-09-14,16:00,FC Barcelona,Valencia,14083216,rgbsDgb,110,0.509090909090909,0.2636363636363636,0.22727272727272727,1.8636363636363635,1.1727272727272726,3.036363636363636,0.5818181818181818,0.5545454545454546,1.790909090909091,0.9454545454545454,10,0.8,0.2,0.0,2.8,1.1,3.9,0.8,0.7,2.6,0.2,5,0.8,0.2,0.0,3.0,1.0,4.0,0.8,0.6,2.6,0.2,77559,LaLiga 25/26
2025-09-15,16:00,Espanyol,Mallorca,14083234,ogbsBgb,52,0.4423076923076923,0.15384615384615385,0.40384615384615385,1.3461538461538463,1.2692307692307692,2.6153846153846154,0.4807692307692308,0.5384615384615384,1.4807692307692308,1.3653846153846154,10,0.5,0.1,0.4,1.2,1.2,2.4,0.6,0.5,1.6,1.3,5,0.6,0.2,0.2,1.4,1.0,2.4,0.8,0.6,2.0,0.8,77559,LaLiga 25/26
2025-09-19,16:00,Real Betis,Real Sociedad,14083266,qgbszgb,86,0.29069767441860467,0.313953488372093,0.3953488372093023,1.1046511627906976,1.2325581395348837,2.3372093023255816,0.3953488372093023,0.4069767441860465,1.186046511627907,1.5,10,0.3,0.4,0.3,1.1,0.9,2.0,0.1,0.4,1.3,1.3,5,0.2,0.4,0.4,0.6,0.8,1.4,0.0,0.2,1.0,1.6,77559,LaLiga 25/26
2025-09-20,09:00,Girona FC,Levante UD,14083285,ZgbsoKj,4,0.25,0.5,0.25,1.5,1.5,3.0,1.0,0.75,1.25,1.25,4,0.25,0.5,0.25,1.5,1.5,3.0,1.0,0.75,1.25,1.25,4,0.25,0.5,0.25,1.5,1.5,3.0,1.0,0.75,1.25,1.25,77559,LaLiga 25/26
2025-09-20,11:15,Real Madrid,Espanyol,14083333,ogbsEgb,104,0.6730769230769231,0.1346153846153846,0.19230769230769232,2.076923076923077,0.7788461538461539,2.855769230769231,0.4519230769230769,0.5576923076923077,2.1538461538461537,0.7115384615384616,10,0.8,0.0,0.2,2.3,0.8,3.1,0.5,0.6,2.4,0.6,5,0.8,0.0,0.2,2.8,0.8,3.6,0.6,0.8,2.4,0.6,77559,LaLiga 25/26
2025-09-20,13:30,Villarreal,Osasuna,14083351,ugbsvgb,40,0.45,0.2,0.35,1.75,1.225,2.975,0.6,0.6,1.55,1.25,10,0.5,0.2,0.3,2.0,1.2,3.2,0.7,0.7,1.7,1.1,5,0.6,0.4,0.0,2.6,1.2,3.8,0.8,0.8,2.2,0.4,77559,LaLiga 25/26
2025-09-20,13:30,Deportivo Alavés,Sevilla,14083259,IgbsKhb,24,0.25,0.3333333333333333,0.4166666666666667,1.0416666666666667,1.2916666666666667,2.3333333333333335,0.5416666666666666,0.375,1.0833333333333333,1.5833333333333333,10,0.3,0.4,0.3,1.4,1.4,2.8,0.7,0.5,1.3,1.3,5,0.6,0.4,0.0,2.0,1.4,3.4,0.8,0.6,2.2,0.4,77559,LaLiga 25/26
2025-09-20,16:00,Valencia,Athletic Club,14083298,AgbsDgb,110,0.39090909090909093,0.3,0.3090909090909091,1.3545454545454545,1.1636363636363636,2.518181818181818,0.5272727272727272,0.44545454545454544,1.4727272727272727,1.2272727272727273,10,0.1,0.5,0.4,0.8,1.1,1.9,0.5,0.3,0.8,1.7,5,0.2,0.2,0.6,0.8,1.2,2.0,0.4,0.4,0.8,2.0,77559,LaLiga 25/26
2025-09-21,09:00,Rayo Vallecano,Celta Vigo,14083322,tgbswgb,38,0.47368421052631576,0.34210526315789475,0.18421052631578946,1.1578947368421053,0.868421052631579,2.026315789473684,0.23684210526315788,0.3684210526315789,1.763157894736842,0.8947368421052632,10,0.3,0.5,0.2,1.0,1.1,2.1,0.4,0.5,1.4,1.1,5,0.4,0.4,0.2,0.8,1.0,1.8,0.4,0.6,1.6,1.0,77559,LaLiga 25/26
2025-09-21,11:15,Mallorca,Atlético Madrid,14083310,BgbsLgb,52,0.3076923076923077,0.25,0.4423076923076923,0.9615384615384616,1.5192307692307692,2.480769230769231,0.4230769230769231,0.4423076923076923,1.1730769230769231,1.5769230769230769,10,0.3,0.0,0.7,0.5,1.4,1.9,0.2,0.3,0.9,2.1,5,0.0,0.0,1.0,0.2,1.6,1.8,0.2,0.2,0.0,3.0,77559,LaLiga 25/26
2025-09-21,13:30,Elche,Real Oviedo,14083275,Wgbsbhb,6,0.16666666666666666,0.16666666666666666,0.6666666666666666,0.3333333333333333,1.3333333333333333,1.6666666666666667,0.16666666666666666,0.3333333333333333,0.6666666666666666,2.1666666666666665,6,0.16666666666666666,0.16666666666666666,0.6666666666666666,0.3333333333333333,1.3333333333333333,1.6666666666666667,0.16666666666666666,0.3333333333333333,0.6666666666666666,2.1666666666666665,5,0.2,0.2,0.6,0.4,1.4,1.8,0.2,0.4,0.8,2.0,77559,LaLiga 25/26
2025-09-21,16:00,FC Barcelona,Getafe,14083262,rgbsjhb,40,0.675,0.25,0.075,2.05,0.575,2.625,0.4,0.45,2.275,0.475,10,0.5,0.4,0.1,1.4,0.5,1.9,0.3,0.3,1.9,0.7,5,0.4,0.6,0.0,1.2,0.2,1.4,0.2,0.2,1.8,0.6,77559,LaLiga 25/26
2025-09-23,14:00,Athletic Club,Girona FC,14083369,AgbsoKj,10,0.5,0.1,0.4,1.6,1.3,2.9,0.6,0.6,1.6,1.3,10,0.5,0.1,0.4,1.6,1.3,2.9,0.6,0.6,1.6,1.3,5,0.4,0.2,0.4,2.0,1.6,3.6,0.8,0.8,1.4,1.4,77559,LaLiga 25/26
2025-09-23,14:00,Espanyol,Valencia,14083407,ogbsDgb,100,0.3,0.27,0.43,1.24,1.42,2.66,0.55,0.54,1.17,1.56,10,0.2,0.6,0.2,1.2,1.1,2.3,0.7,0.4,1.2,1.2,5,0.0,1.0,0.0,1.4,1.4,2.8,1.0,0.4,1.0,1.0,77559,LaLiga 25/26
2025-09-23,16:30,Levante UD,Real Madrid,14083426,EgbsZgb,28,0.14285714285714285,0.17857142857142858,0.6785714285714286,0.8928571428571429,2.5357142857142856,3.4285714285714284,0.5,0.6428571428571429,0.6071428571428571,2.2142857142857144,10,0.3,0.3,0.4,1.4,2.1,3.5,0.7,0.7,1.2,1.5,5,0.4,0.2,0.4,1.2,2.4,3.6,0.4,0.6,1.4,1.4,77559,LaLiga 25/26
2025-09-23,16:30,Sevilla,Villarreal,14083443,ugbsIgb,46,0.391304347826087,0.34782608695652173,0.2608695652173913,1.326086956521739,1.1956521739130435,2.5217391304347827,0.5,0.4782608695652174,1.5217391304347827,1.1304347826086956,10,0.3,0.3,0.4,1.3,1.7,3.0,0.7,0.5,1.2,1.5,5,0.2,0.2,0.6,1.6,2.2,3.8,1.0,0.8,0.8,2.0,77559,LaLiga 25/26
2025-09-24,14:00,Getafe,Deportivo Alavés,14083462,jhbsKhb,16,0.375,0.5,0.125,1.4375,0.8125,2.25,0.4375,0.3125,1.625,0.875,10,0.3,0.6,0.1,0.8,0.5,1.3,0.3,0.1,1.5,0.9,5,0.6,0.2,0.2,1.2,0.6,1.8,0.2,0.2,2.0,0.8,77559,LaLiga 25/26
2025-09-24,16:30,Atlético Madrid,Rayo Vallecano,14083386,tgbsLgb,40,0.625,0.2,0.175,1.775,0.875,2.65,0.4,0.425,2.075,0.725,10,0.8,0.2,0.0,2.1,0.4,2.5,0.4,0.4,2.6,0.2,5,0.8,0.2,0.0,3.0,0.6,3.6,0.6,0.8,2.6,0.2,77559,LaLiga 25/26
2025-09-24,16:30,Real Sociedad,Mallorca,14083528,zgbsBgb,50,0.5,0.16,0.34,1.28,0.9,2.18,0.42,0.38,1.66,1.18,10,0.7,0.1,0.2,1.2,0.5,1.7,0.2,0.2,2.2,0.7,5,0.4,0.2,0.4,0.8,1.0,1.8,0.4,0.2,1.4,1.4,77559,LaLiga 25/26
2025-09-25,14:30,Osasuna,Elche,14083516,vgbsWgb,12,0.3333333333333333,0.6666666666666666,0.0,1.25,0.8333333333333334,2.0833333333333335,0.6666666666666666,0.3333333333333333,1.6666666666666667,0.6666666666666666,10,0.4,0.6,0.0,1.3,0.8,2.1,0.7,0.3,1.8,0.6,5,0.4,0.6,0.0,1.4,0.8,2.2,0.8,0.2,1.8,0.6,77559,LaLiga 25/26
2025-09-25,16:30,Real Oviedo,FC Barcelona,14083481,rgbsbhb,32,0.21875,0.25,0.53125,1.0,1.75,2.75,0.53125,0.5,0.90625,1.84375,10,0.3,0.3,0.4,1.6,1.6,3.2,0.7,0.7,1.2,1.5,5,0.4,0.2,0.4,1.8,1.4,3.2,0.6,0.6,1.4,1.4,77559,LaLiga 25/26
2025-09-26,16:00,Girona FC,Espanyol,14083595,ogbsoKj,8,0.5,0.25,0.25,1.75,1.25,3.0,0.75,0.625,1.75,1.0,8,0.5,0.25,0.25,1.75,1.25,3.0,0.75,0.625,1.75,1.0,5,0.4,0.4,0.2,2.0,1.4,3.4,1.0,0.8,1.6,1.0,77559,LaLiga 25/26
2025-09-27,09:00,Getafe,Levante UD,14083569,Zgbsjhb,28,0.32142857142857145,0.35714285714285715,0.32142857142857145,0.9285714285714286,0.8214285714285714,1.75,0.25,0.32142857142857145,1.3214285714285714,1.3214285714285714,10,0.3,0.3,0.4,1.0,0.8,1.8,0.2,0.4,1.2,1.5,5,0.4,0.2,0.4,1.0,1.0,2.0,0.2,0.6,1.4,1.4,77559,LaLiga 25/26
2025-09-27,11:15,Atlético Madrid,Real Madrid,14083541,EgbsLgb,108,0.16666666666666666,0.3148148148148148,0.5185185185185185,1.0462962962962963,1.6203703703703705,2.6666666666666665,0.5555555555555556,0.48148148148148145,0.8148148148148148,1.8703703703703705,10,0.2,0.5,0.3,1.0,1.2,2.2,0.7,0.2,1.1,1.4,5,0.2,0.8,0.0,1.4,1.0,2.4,1.0,0.2,1.4,0.8,77559,LaLiga 25/26
2025-09-27,13:30,Mallorca,Deportivo Alavés,14083580,BgbsKhb,20,0.5,0.35,0.15,1.45,0.8,2.25,0.35,0.35,1.85,0.8,10,0.4,0.4,0.2,0.9,0.6,1.5,0.3,0.2,1.6,1.0,5,0.2,0.6,0.2,0.8,0.8,1.6,0.6,0.2,1.2,1.2,77559,LaLiga 25/26
2025-09-27,16:00,Villarreal,Athletic Club,14083586,ugbsAgb,50,0.36,0.34,0.3,1.36,1.08,2.44,0.56,0.38,1.42,1.24,10,0.1,0.5,0.4,1.2,1.3,2.5,0.7,0.3,0.8,1.7,5,0.2,0.4,0.4,1.6,1.4,3.0,0.6,0.4,1.0,1.6,77559,LaLiga 25/26
2025-09-28,09:00,Rayo Vallecano,Sevilla,14083574,tgbsIgb,42,0.21428571428571427,0.2619047619047619,0.5238095238095238,1.0476190476190477,1.6904761904761905,2.738095238095238,0.5238095238095238,0.47619047619047616,0.9047619047619048,1.8333333333333333,10,0.1,0.4,0.5,0.8,2.0,2.8,0.6,0.5,0.7,1.9,5,0.0,0.6,0.4,1.0,1.4,2.4,0.8,0.4,0.6,1.8,77559,LaLiga 25/26
2025-09-28,11:15,Elche,Celta Vigo,14083589,wgbsWgb,22,0.36363636363636365,0.18181818181818182,0.45454545454545453,0.7727272727272727,1.1363636363636365,1.9090909090909092,0.3181818181818182,0.2727272727272727,1.2727272727272727,1.5454545454545454,10,0.3,0.2,0.5,0.6,0.9,1.5,0.3,0.1,1.1,1.7,5,0.2,0.0,0.8,0.4,1.2,1.6,0.2,0.2,0.6,2.4,77559,LaLiga 25/26
2025-09-28,13:30,FC Barcelona,Real Sociedad,14083553,rgbszgb,106,0.5566037735849056,0.22641509433962265,0.2169811320754717,1.8113207547169812,0.9433962264150944,2.7547169811320753,0.4811320754716981,0.49056603773584906,1.8962264150943395,0.8773584905660378,10,0.8,0.0,0.2,2.5,0.8,3.3,0.5,0.6,2.4,0.6,5,0.6,0.0,0.4,1.6,0.6,2.2,0.2,0.4,1.8,1.2,77559,LaLiga 25/26
2025-09-28,16:00,Real Betis,Osasuna,14083564,qgbsvgb,56,0.5,0.21428571428571427,0.2857142857142857,1.2142857142857142,1.0178571428571428,2.232142857142857,0.42857142857142855,0.42857142857142855,1.7142857142857142,1.0714285714285714,10,0.8,0.1,0.1,2.0,0.8,2.8,0.6,0.5,2.5,0.4,5,0.6,0.2,0.2,1.8,1.2,3.0,0.8,0.6,2.0,0.8,77559,LaLiga 25/26
2025-09-30,15:00,Valencia,Real Oviedo,14083601,Dgbsbhb,32,0.4375,0.375,0.1875,1.59375,0.96875,2.5625,0.46875,0.53125,1.6875,0.9375,10,0.4,0.5,0.1,1.5,0.9,2.4,0.4,0.4,1.7,0.8,5,0.6,0.4,0.0,2.0,0.4,2.4,0.2,0.2,2.2,0.4,77559,LaLiga 25/26
2025-10-03,16:00,Osasuna,Getafe,14652471,vgbsjhb,32,0.1875,0.375,0.4375,0.78125,1.25,2.03125,0.375,0.34375,0.9375,1.6875,10,0.1,0.3,0.6,0.9,1.5,2.4,0.6,0.4,0.6,2.1,5,0.2,0.2,0.6,1.6,2.0,3.6,1.0,0.8,0.8,2.0,77559,LaLiga 25/26
2025-10-04,09:00,Real Oviedo,Levante UD,14083645,Zgbsbhb,0,0.0,0.0,0.0,0.0,0.0,0.0,0.0,0.0,0.0,0.0,0,0.0,0.0,0.0,0.0,0.0,0.0,0.0,0.0,0.0,0.0,0,0.0,0.0,0.0,0.0,0.0,0.0,0.0,0.0,0.0,0.0,77559,LaLiga 25/26
2025-10-04,13:30,Athletic Club,Mallorca,14083610,AgbsBgb,56,0.42857142857142855,0.3392857142857143,0.23214285714285715,1.3214285714285714,0.9821428571428571,2.3035714285714284,0.42857142857142855,0.4107142857142857,1.625,1.0357142857142858,10,0.3,0.6,0.1,1.3,0.6,1.9,0.4,0.3,1.5,0.9,5,0.2,0.8,0.0,1.2,0.4,1.6,0.4,0.2,1.4,0.8,77559,LaLiga 25/26
2025-10-04,16:00,Real Madrid,Villarreal,14083620,ugbsEgb,50,0.56,0.32,0.12,2.0,1.06,3.06,0.58,0.58,2.0,0.68,10,0.4,0.4,0.2,1.8,1.3,3.1,0.7,0.6,1.6,1.0,5,0.6,0.2,0.2,2.8,1.8,4.6,0.8,0.8,2.0,0.8,77559,LaLiga 25/26
2025-10-05,09:00,Deportivo Alavés,Elche,14083605,WgbsKhb,4,0.5,0.0,0.5,1.0,1.25,2.25,0.25,0.25,1.5,1.5,4,0.5,0.0,0.5,1.0,1.25,2.25,0.25,0.25,1.5,1.5,4,0.5,0.0,0.5,1.0,1.25,2.25,0.25,0.25,1.5,1.5,77559,LaLiga 25/26
2025-10-05,11:15,Sevilla,FC Barcelona,14083630,rgbsIgb,100,0.15,0.25,0.6,0.92,1.89,2.81,0.53,0.54,0.7,2.05,10,0.0,0.2,0.8,0.5,2.3,2.8,0.5,0.5,0.2,2.6,5,0.0,0.0,1.0,0.6,3.0,3.6,0.6,0.8,0.0,3.0,77559,LaLiga 25/26
2025-10-05,13:30,Espanyol,Real Betis,14083635,ogbsqgb,84,0.34523809523809523,0.2857142857142857,0.36904761904761907,1.2976190476190477,1.3333333333333333,2.630952380952381,0.5357142857142857,0.5,1.3214285714285714,1.3928571428571428,10,0.1,0.3,0.6,1.0,1.9,2.9,0.7,0.6,0.6,2.1,5,0.2,0.0,0.8,0.8,2.0,2.8,0.6,0.6,0.6,2.4,77559,LaLiga 25/26
2025-10-05,13:30,Real Sociedad,Rayo Vallecano,14083650,tgbszgb,44,0.4318181818181818,0.2727272727272727,0.29545454545454547,1.75,1.2045454545454546,2.9545454545454546,0.5454545454545454,0.6136363636363636,1.5681818181818181,1.1590909090909092,10,0.3,0.6,0.1,1.5,1.2,2.7,0.7,0.6,1.5,0.9,5,0.2,0.6,0.2,1.4,1.4,2.8,0.8,0.8,1.2,1.2,77559,LaLiga 25/26
2025-10-05,16:00,Celta Vigo,Atlético Madrid,14083625,wgbsLgb,76,0.19736842105263158,0.21052631578947367,0.5921052631578947,0.868421052631579,1.7105263157894737,2.5789473684210527,0.42105263157894735,0.47368421052631576,0.8026315789473685,1.986842105263158,10,0.0,0.2,0.8,0.5,1.9,2.4,0.4,0.4,0.2,2.6,5,0.0,0.2,0.8,0.2,1.4,1.6,0.2,0.2,0.2,2.6,77559,LaLiga 25/26
2025-10-17,16:00,Real Oviedo,Espanyol,14083694,ogbsbhb,28,0.2857142857142857,0.21428571428571427,0.5,1.0,1.6785714285714286,2.6785714285714284,0.4642857142857143,0.5357142857142857,1.0714285714285714,1.7142857142857142,10,0.2,0.5,0.3,0.9,1.2,2.1,0.6,0.3,1.1,1.4,5,0.2,0.4,0.4,1.0,1.4,2.4,0.6,0.4,1.0,1.6,77559,LaLiga 25/26
2025-10-18,09:00,Sevilla,Mallorca,14083699,BgbsIgb,50,0.46,0.36,0.18,1.4,0.82,2.22,0.5,0.44,1.74,0.9,10,0.5,0.4,0.1,1.1,0.4,1.5,0.3,0.1,1.9,0.7,5,0.4,0.4,0.2,1.0,0.6,1.6,0.4,0.2,1.6,1.0,77559,LaLiga 25/26
2025-10-18,11:15,FC Barcelona,Girona FC,14083664,rgbsoKj,10,0.6,0.2,0.2,2.6,1.3,3.9,0.6,0.7,2.0,0.8,10,0.6,0.2,0.2,2.6,1.3,3.9,0.6,0.7,2.0,0.8,5,0.4,0.2,0.4,2.4,2.0,4.4,0.8,0.8,1.4,1.4,77559,LaLiga 25/26
2025-10-18,13:30,Villarreal,Real Betis,14083690,qgbsugb,42,0.38095238095238093,0.2619047619047619,0.35714285714285715,1.4523809523809523,1.3571428571428572,2.8095238095238093,0.6666666666666666,0.5476190476190477,1.4047619047619047,1.3333333333333333,10,0.4,0.2,0.4,1.4,1.2,2.6,0.7,0.5,1.4,1.4,5,0.4,0.2,0.4,1.6,1.6,3.2,1.0,0.8,1.4,1.4,77559,LaLiga 25/26
2025-10-18,16:00,Atlético Madrid,Osasuna,14083659,vgbsLgb,66,0.5454545454545454,0.19696969696969696,0.25757575757575757,1.4545454545454546,0.8484848484848485,2.303030303030303,0.36363636363636365,0.45454545454545453,1.8333333333333333,0.9696969696969697,10,0.8,0.0,0.2,1.7,0.8,2.5,0.3,0.5,2.4,0.6,5,0.6,0.0,0.4,1.4,1.2,2.6,0.2,0.4,1.8,1.2,77559,LaLiga 25/26
2025-10-19,09:00,Elche,Athletic Club,14083685,AgbsWgb,28,0.2857142857142857,0.35714285714285715,0.35714285714285715,0.8214285714285714,1.1428571428571428,1.9642857142857142,0.39285714285714285,0.35714285714285715,1.2142857142857142,1.4285714285714286,10,0.3,0.3,0.4,1.1,1.3,2.4,0.5,0.5,1.2,1.5,5,0.4,0.2,0.4,1.0,1.2,2.2,0.4,0.4,1.4,1.4,77559,LaLiga 25/26
2025-10-19,11:15,Celta Vigo,Real Sociedad,14083670,wgbszgb,80,0.3125,0.3125,0.375,1.275,1.3375,2.6125,0.5875,0.4875,1.25,1.4375,10,0.2,0.2,0.6,0.8,1.4,2.2,0.5,0.3,0.8,2.0,5,0.4,0.4,0.2,1.0,0.6,1.6,0.4,0.0,1.6,1.0,77559,LaLiga 25/26
2025-10-19,13:30,Levante UD,Rayo Vallecano,14083680,tgbsZgb,14,0.35714285714285715,0.14285714285714285,0.5,1.6428571428571428,2.0,3.642857142857143,0.7142857142857143,0.7142857142857143,1.2142857142857142,1.6428571428571428,10,0.4,0.2,0.4,1.7,1.7,3.4,0.8,0.7,1.4,1.4,5,0.4,0.2,0.4,2.2,1.8,4.0,1.0,0.8,1.4,1.4,77559,LaLiga 25/26
2025-10-19,16:00,Getafe,Real Madrid,14083675,Egbsjhb,40,0.175,0.075,0.75,0.725,2.05,2.775,0.375,0.475,0.6,2.325,10,0.1,0.1,0.8,0.2,1.3,1.5,0.1,0.1,0.4,2.5,5,0.0,0.0,1.0,0.2,1.6,1.8,0.2,0.2,0.0,3.0,77559,LaLiga 25/26
2025-10-20,16:00,Deportivo Alavés,Valencia,14083655,DgbsKhb,28,0.2857142857142857,0.2857142857142857,0.42857142857142855,0.9285714285714286,1.4285714285714286,2.357142857142857,0.5357142857142857,0.5357142857142857,1.1428571428571428,1.5714285714285714,10,0.4,0.4,0.2,1.2,1.2,2.4,0.6,0.5,1.6,1.0,5,0.8,0.2,0.0,1.4,0.6,2.0,0.4,0.4,2.6,0.2,77559,LaLiga 25/26
2025-10-24,16:00,Real Sociedad,Sevilla,14083712,zgbsIgb,96,0.3854166666666667,0.2708333333333333,0.34375,1.2083333333333333,1.09375,2.3020833333333335,0.4895833333333333,0.4270833333333333,1.4270833333333333,1.3020833333333333,10,0.4,0.2,0.4,1.3,1.2,2.5,0.6,0.6,1.4,1.4,5,0.6,0.0,0.4,1.6,1.2,2.8,0.6,0.6,1.8,1.2,77559,LaLiga 25/26
2025-10-25,09:00,Girona FC,Real Oviedo,14083708,bhbsoKj,0,0.0,0.0,0.0,0.0,0.0,0.0,0.0,0.0,0.0,0.0,0,0.0,0.0,0.0,0.0,0.0,0.0,0.0,0.0,0.0,0.0,0,0.0,0.0,0.0,0.0,0.0,0.0,0.0,0.0,0.0,0.0,77559,LaLiga 25/26
2025-10-25,11:15,Espanyol,Elche,14083737,ogbsWgb,24,0.4166666666666667,0.3333333333333333,0.25,1.5416666666666667,1.1666666666666667,2.7083333333333335,0.6666666666666666,0.5,1.5833333333333333,1.0833333333333333,10,0.2,0.5,0.3,1.4,1.4,2.8,0.9,0.6,1.1,1.4,5,0.2,0.6,0.2,1.4,1.4,2.8,0.8,0.6,1.2,1.2,77559,LaLiga 25/26
2025-10-25,13:30,Athletic Club,Getafe,14083704,Agbsjhb,40,0.3,0.475,0.225,1.175,0.875,2.05,0.45,0.325,1.375,1.15,10,0.3,0.7,0.0,1.6,0.8,2.4,0.6,0.3,1.6,0.7,5,0.4,0.6,0.0,1.4,0.6,2.0,0.4,0.2,1.8,0.6,77559,LaLiga 25/26
2025-10-25,16:00,Valencia,Villarreal,14083717,ugbsDgb,50,0.38,0.2,0.42,1.26,1.28,2.54,0.5,0.44,1.34,1.46,10,0.3,0.3,0.4,1.2,1.2,2.4,0.7,0.4,1.2,1.5,5,0.2,0.6,0.2,1.2,1.0,2.2,0.8,0.2,1.2,1.2,77559,LaLiga 25/26
2025-10-26,10:00,Mallorca,Levante UD,14083742,BgbsZgb,16,0.4375,0.25,0.3125,1.1875,1.125,2.3125,0.4375,0.4375,1.5625,1.1875,10,0.4,0.3,0.3,0.9,1.1,2.0,0.4,0.3,1.5,1.2,5,0.4,0.2,0.4,1.0,1.0,2.0,0.4,0.2,1.4,1.4,77559,LaLiga 25/26
2025-10-26,12:15,Real Madrid,FC Barcelona,14083729,rgbsEgb,114,0.32456140350877194,0.21929824561403508,0.45614035087719296,1.280701754385965,1.631578947368421,2.912280701754386,0.5350877192982456,0.5877192982456141,1.1929824561403508,1.587719298245614,10,0.6,0.0,0.4,1.9,2.1,4.0,0.8,1.0,1.8,1.2,5,0.4,0.0,0.6,1.8,2.6,4.4,0.8,1.0,1.2,1.8,77559,LaLiga 25/26
2025-10-26,14:30,Osasuna,Celta Vigo,14083733,vgbswgb,44,0.3409090909090909,0.18181818181818182,0.4772727272727273,0.8636363636363636,1.1363636363636365,2.0,0.25,0.3181818181818182,1.2045454545454546,1.6136363636363635,10,0.4,0.2,0.4,1.0,1.1,2.1,0.3,0.4,1.4,1.4,5,0.4,0.2,0.4,1.0,1.2,2.2,0.2,0.4,1.4,1.4,77559,LaLiga 25/26
2025-10-26,17:00,Rayo Vallecano,Deportivo Alavés,14083721,tgbsKhb,16,0.5,0.125,0.375,1.125,1.0,2.125,0.25,0.1875,1.625,1.25,10,0.5,0.2,0.3,1.2,1.0,2.2,0.3,0.2,1.7,1.1,5,0.6,0.0,0.4,1.0,0.4,1.4,0.0,0.0,1.8,1.2,77559,LaLiga 25/26
2025-10-27,17:00,Real Betis,Atlético Madrid,14083725,qgbsLgb,88,0.23863636363636365,0.25,0.5113636363636364,0.9545454545454546,1.5568181818181819,2.5113636363636362,0.4772727272727273,0.4659090909090909,0.9659090909090909,1.7840909090909092,10,0.1,0.2,0.7,0.6,1.8,2.4,0.5,0.5,0.5,2.3,5,0.2,0.2,0.6,0.6,1.4,2.0,0.4,0.4,0.8,2.0,77559,LaLiga 25/26
2025-10-31,17:00,Getafe,Girona FC,14083098,jhbsoKj,10,0.4,0.2,0.4,1.1,1.3,2.4,0.5,0.4,1.4,1.4,10,0.4,0.2,0.4,1.1,1.3,2.4,0.5,0.4,1.4,1.4,5,0.6,0.0,0.4,1.2,1.4,2.6,0.4,0.6,1.8,1.2,77559,LaLiga 25/26
2025-11-01,10:00,Villarreal,Rayo Vallecano,14083105,tgbsugb,24,0.625,0.16666666666666666,0.20833333333333334,2.0,1.125,3.125,0.625,0.5833333333333334,2.0416666666666665,0.7916666666666666,10,0.5,0.3,0.2,1.9,0.9,2.8,0.6,0.5,1.8,0.9,5,0.4,0.4,0.2,1.4,0.8,2.2,0.6,0.4,1.6,1.0,77559,LaLiga 25/26
2025-11-01,12:15,Atlético Madrid,Sevilla,14083094,IgbsLgb,100,0.4,0.31,0.29,1.4,1.12,2.52,0.51,0.44,1.51,1.18,10,0.6,0.1,0.3,1.9,1.0,2.9,0.5,0.4,1.9,1.0,5,0.8,0.0,0.2,2.6,1.2,3.8,0.6,0.6,2.4,0.6,77559,LaLiga 25/26
2025-11-01,14:30,Real Sociedad,Athletic Club,14083101,zgbsAgb,106,0.39622641509433965,0.2830188679245283,0.32075471698113206,1.2924528301886793,1.1037735849056605,2.3962264150943398,0.5094339622641509,0.44339622641509435,1.471698113207547,1.2452830188679245,10,0.3,0.3,0.4,1.0,1.2,2.2,0.4,0.4,1.2,1.5,5,0.2,0.2,0.6,0.8,1.0,1.8,0.2,0.4,0.8,2.0,77559,LaLiga 25/26
2025-11-01,17:00,Real Madrid,Valencia,14083099,DgbsEgb,110,0.5636363636363636,0.2,0.23636363636363636,1.8181818181818181,1.0272727272727273,2.8454545454545452,0.5454545454545454,0.5363636363636364,1.8909090909090909,0.9090909090909091,10,0.6,0.1,0.3,2.1,1.3,3.4,0.7,0.7,1.9,1.0,5,0.4,0.2,0.4,2.0,1.4,3.4,0.8,0.8,1.4,1.4,77559,LaLiga 25/26
2025-11-02,10:00,Levante UD,Celta Vigo,14083103,wgbsZgb,20,0.25,0.2,0.55,1.2,1.6,2.8,0.6,0.45,0.95,1.85,10,0.3,0.2,0.5,1.5,1.7,3.2,0.7,0.5,1.1,1.7,5,0.2,0.4,0.4,1.0,1.6,2.6,0.6,0.2,1.0,1.6,77559,LaLiga 25/26
2025-11-02,12:15,Deportivo Alavés,Espanyol,14083093,ogbsKhb,24,0.3333333333333333,0.25,0.4166666666666667,0.8333333333333334,1.0833333333333333,1.9166666666666667,0.4166666666666667,0.4166666666666667,1.25,1.5,10,0.3,0.2,0.5,0.8,1.1,1.9,0.4,0.4,1.1,1.7,5,0.2,0.0,0.8,0.8,1.6,2.4,0.4,0.4,0.6,2.4,77559,LaLiga 25/26
2025-11-02,14:30,FC Barcelona,Elche,14083095,rgbsWgb,28,0.6785714285714286,0.21428571428571427,0.10714285714285714,2.107142857142857,0.42857142857142855,2.5357142857142856,0.25,0.5,2.25,0.5357142857142857,10,0.9,0.1,0.0,3.0,0.3,3.3,0.2,0.8,2.8,0.1,5,1.0,0.0,0.0,3.0,0.6,3.6,0.4,1.0,3.0,0.0,77559,LaLiga 25/26
2025-11-02,17:00,Real Betis,Mallorca,14083097,qgbsBgb,44,0.4318181818181818,0.20454545454545456,0.36363636363636365,1.2045454545454546,1.1136363636363635,2.3181818181818183,0.4772727272727273,0.45454545454545453,1.5,1.2954545454545454,10,0.7,0.2,0.1,1.6,0.9,2.5,0.6,0.5,2.3,0.5,5,0.8,0.0,0.2,1.2,0.4,1.6,0.2,0.2,2.4,0.6,77559,LaLiga 25/26
2025-11-03,17:00,Real Oviedo,Osasuna,14083104,vgbsbhb,14,0.2857142857142857,0.21428571428571427,0.5,1.0,1.4285714285714286,2.4285714285714284,0.42857142857142855,0.5,1.0714285714285714,1.7142857142857142,10,0.2,0.3,0.5,0.8,1.1,1.9,0.4,0.4,0.9,1.8,5,0.2,0.2,0.6,0.8,1.4,2.2,0.4,0.4,0.8,2.0,77559,LaLiga 25/26
2025-11-07,17:00,Elche,Real Sociedad,14083110,zgbsWgb,28,0.14285714285714285,0.21428571428571427,0.6428571428571429,0.7142857142857143,1.6428571428571428,2.357142857142857,0.39285714285714285,0.4642857142857143,0.6428571428571429,2.142857142857143,10,0.1,0.1,0.8,0.3,1.9,2.2,0.2,0.4,0.4,2.5,5,0.0,0.0,1.0,0.2,1.6,1.8,0.2,0.2,0.0,3.0,77559,LaLiga 25/26
2025-11-08,10:00,Girona FC,Deportivo Alavés,14083114,KhbsoKj,8,0.375,0.25,0.375,1.5,1.25,2.75,0.625,0.625,1.375,1.375,8,0.375,0.25,0.375,1.5,1.25,2.75,0.625,0.625,1.375,1.375,5,0.4,0.2,0.4,1.4,1.0,2.4,0.4,0.6,1.4,1.4,77559,LaLiga 25/26
2025-11-08,12:15,Sevilla,Osasuna,14083120,vgbsIgb,68,0.39705882352941174,0.29411764705882354,0.3088235294117647,1.0735294117647058,0.9264705882352942,2.0,0.39705882352941174,0.29411764705882354,1.4852941176470589,1.2205882352941178,10,0.3,0.4,0.3,1.0,0.8,1.8,0.4,0.2,1.3,1.3,5,0.0,0.6,0.4,0.8,1.2,2.0,0.6,0.2,0.6,1.8,77559,LaLiga 25/26
2025-11-08,14:30,Atlético Madrid,Levante UD,14083108,LgbsZgb,28,0.5357142857142857,0.25,0.21428571428571427,1.6071428571428572,0.9285714285714286,2.5357142857142856,0.39285714285714285,0.4642857142857143,1.8571428571428572,0.8928571428571429,10,0.5,0.3,0.2,1.7,0.9,2.6,0.4,0.5,1.8,0.9,5,0.2,0.4,0.4,0.8,1.2,2.0,0.4,0.2,1.0,1.6,77559,LaLiga 25/26
2025-11-08,17:00,Espanyol,Villarreal,14083111,ogbsugb,46,0.15217391304347827,0.45652173913043476,0.391304347826087,0.8695652173913043,1.3695652173913044,2.239130434782609,0.4782608695652174,0.45652173913043476,0.9130434782608695,1.6304347826086956,10,0.2,0.2,0.6,1.1,1.8,2.9,0.6,0.6,0.8,2.0,5,0.0,0.0,1.0,0.8,2.6,3.4,0.6,0.6,0.0,3.0,77559,LaLiga 25/26
2025-11-09,10:00,Athletic Club,Real Oviedo,14083106,Agbsbhb,32,0.375,0.28125,0.34375,1.09375,1.125,2.21875,0.3125,0.34375,1.40625,1.3125,10,0.4,0.2,0.4,1.6,1.6,3.2,0.4,0.6,1.4,1.4,5,0.2,0.4,0.4,1.0,1.4,2.4,0.2,0.4,1.0,1.6,77559,LaLiga 25/26
2025-11-09,12:15,Rayo Vallecano,Real Madrid,14083112,tgbsEgb,44,0.13636363636363635,0.13636363636363635,0.7272727272727273,1.0681818181818181,2.590909090909091,3.659090909090909,0.6136363636363636,0.6136363636363636,0.5454545454545454,2.3181818181818183,10,0.2,0.3,0.5,1.1,1.4,2.5,0.6,0.5,0.9,1.8,5,0.0,0.6,0.4,1.2,1.6,2.8,0.8,0.6,0.6,1.8,77559,LaLiga 25/26
2025-11-09,14:30,Valencia,Real Betis,14083116,qgbsDgb,86,0.45348837209302323,0.2441860465116279,0.3023255813953488,1.5232558139534884,1.1511627906976745,2.6744186046511627,0.5232558139534884,0.5,1.6046511627906976,1.1511627906976745,10,0.2,0.3,0.5,1.3,2.0,3.3,0.6,0.7,0.9,1.8,5,0.2,0.4,0.4,1.4,1.8,3.2,0.8,0.6,1.0,1.6,77559,LaLiga 25/26
2025-11-09,14:30,Mallorca,Getafe,14083118,Bgbsjhb,28,0.39285714285714285,0.17857142857142858,0.42857142857142855,1.3571428571428572,1.4285714285714286,2.7857142857142856,0.5714285714285714,0.5357142857142857,1.3571428571428572,1.4642857142857142,10,0.3,0.2,0.5,0.9,1.2,2.1,0.4,0.4,1.1,1.7,5,0.6,0.2,0.2,1.4,0.8,2.2,0.6,0.6,2.0,0.8,77559,LaLiga 25/26
2025-11-09,17:00,Celta Vigo,FC Barcelona,14083115,rgbswgb,80,0.2,0.2375,0.5625,1.125,2.125,3.25,0.55,0.65,0.8375,1.925,10,0.2,0.2,0.6,1.6,2.3,3.9,0.8,0.9,0.8,2.0,5,0.2,0.2,0.6,2.0,2.4,4.4,1.0,1.0,0.8,2.0,77559,LaLiga 25/26
2025-11-21,17:00,Valencia,Levante UD,14083133,DgbsZgb,28,0.4642857142857143,0.32142857142857145,0.21428571428571427,1.7857142857142858,1.0714285714285714,2.857142857142857,0.5357142857142857,0.5,1.7142857142857142,0.9642857142857143,10,0.5,0.4,0.1,2.3,1.5,3.8,0.9,0.6,1.9,0.7,5,0.4,0.4,0.2,2.0,1.6,3.6,0.8,0.4,1.6,1.0,77559,LaLiga 25/26
2025-11-22,10:00,Deportivo Alavés,Celta Vigo,14083121,wgbsKhb,28,0.2857142857142857,0.32142857142857145,0.39285714285714285,0.9642857142857143,1.2857142857142858,2.25,0.4642857142857143,0.39285714285714285,1.1785714285714286,1.5,10,0.2,0.2,0.6,1.0,2.1,3.1,0.5,0.6,0.8,2.0,5,0.2,0.4,0.4,1.2,1.6,2.8,0.6,0.6,1.0,1.6,77559,LaLiga 25/26
2025-11-22,12:15,FC Barcelona,Athletic Club,14083130,rgbsAgb,112,0.5625,0.20535714285714285,0.23214285714285715,1.8482142857142858,0.9017857142857143,2.75,0.4732142857142857,0.5267857142857143,1.8928571428571428,0.9017857142857143,10,0.8,0.2,0.0,2.1,0.5,2.6,0.4,0.6,2.6,0.2,5,0.8,0.2,0.0,1.4,0.2,1.6,0.2,0.4,2.6,0.2,77559,LaLiga 25/26
2025-11-22,14:30,Osasuna,Real Sociedad,14083126,vgbszgb,64,0.265625,0.265625,0.46875,0.828125,1.171875,2.0,0.359375,0.25,1.0625,1.671875,10,0.3,0.2,0.5,0.7,1.1,1.8,0.3,0.1,1.1,1.7,5,0.6,0.2,0.2,1.2,0.8,2.0,0.4,0.2,2.0,0.8,77559,LaLiga 25/26
2025-11-22,17:00,Villarreal,Mallorca,14083134,ugbsBgb,36,0.4722222222222222,0.3055555555555556,0.2222222222222222,1.3055555555555556,1.0277777777777777,2.3333333333333335,0.5,0.4444444444444444,1.7222222222222223,0.9722222222222222,10,0.5,0.2,0.3,1.5,1.1,2.6,0.4,0.5,1.7,1.1,5,0.6,0.2,0.2,2.0,1.2,3.2,0.6,0.6,2.0,0.8,77559,LaLiga 25/26
2025-11-23,10:00,Real Oviedo,Rayo Vallecano,14083128,tgbsbhb,14,0.5714285714285714,0.35714285714285715,0.07142857142857142,2.0,0.9285714285714286,2.9285714285714284,0.5714285714285714,0.5,2.0714285714285716,0.5714285714285714,10,0.7,0.2,0.1,2.1,0.7,2.8,0.4,0.5,2.3,0.5,5,0.8,0.0,0.2,2.0,0.8,2.8,0.4,0.4,2.4,0.6,77559,LaLiga 25/26
2025-11-23,12:15,Real Betis,Girona FC,14083122,qgbsoKj,10,0.6,0.3,0.1,1.8,1.2,3.0,0.8,0.6,2.1,0.6,10,0.6,0.3,0.1,1.8,1.2,3.0,0.8,0.6,2.1,0.6,5,0.4,0.4,0.2,1.8,1.4,3.2,1.0,0.6,1.6,1.0,77559,LaLiga 25/26
2025-11-23,14:30,Getafe,Atlético Madrid,14083131,Lgbsjhb,40,0.1,0.25,0.65,0.625,1.725,2.35,0.325,0.35,0.55,2.2,10,0.1,0.3,0.6,1.0,1.9,2.9,0.5,0.6,0.6,2.1,5,0.2,0.4,0.4,1.2,1.8,3.0,0.6,0.6,1.0,1.6,77559,LaLiga 25/26
2025-11-23,17:00,Elche,Real Madrid,14083124,EgbsWgb,28,0.10714285714285714,0.21428571428571427,0.6785714285714286,0.9285714285714286,2.392857142857143,3.3214285714285716,0.6428571428571429,0.6071428571428571,0.5357142857142857,2.25,10,0.0,0.2,0.8,0.7,2.6,3.3,0.6,0.8,0.2,2.6,5,0.0,0.2,0.8,0.8,2.6,3.4,0.6,1.0,0.2,2.6,77559,LaLiga 25/26
2025-11-24,17:00,Espanyol,Sevilla,14083125,ogbsIgb,90,0.25555555555555554,0.28888888888888886,0.45555555555555555,1.1888888888888889,1.5,2.688888888888889,0.5444444444444444,0.4777777777777778,1.0555555555555556,1.6555555555555554,10,0.0,0.3,0.7,0.9,1.9,2.8,0.6,0.4,0.3,2.4,5,0.0,0.4,0.6,1.2,2.0,3.2,0.8,0.4,0.4,2.2,77559,LaLiga 25/26
2025-11-28,17:00,Getafe,Elche,14083149,Wgbsjhb,10,0.3,0.4,0.3,0.9,0.9,1.8,0.5,0.2,1.3,1.3,10,0.3,0.4,0.3,0.9,0.9,1.8,0.5,0.2,1.3,1.3,5,0.2,0.4,0.4,0.8,1.2,2.0,0.6,0.2,1.0,1.6,77559,LaLiga 25/26
2025-11-29,10:00,Mallorca,Osasuna,14083140,vgbsBgb,48,0.22916666666666666,0.4166666666666667,0.3541666666666667,1.0416666666666667,1.1666666666666667,2.2083333333333335,0.5208333333333334,0.3125,1.1041666666666667,1.4791666666666667,10,0.2,0.5,0.3,1.3,1.3,2.6,0.6,0.4,1.1,1.4,5,0.2,0.6,0.2,1.0,1.0,2.0,0.6,0.2,1.2,1.2,77559,LaLiga 25/26
2025-11-29,12:15,FC Barcelona,Deportivo Alavés,14083144,rgbsKhb,28,0.7142857142857143,0.14285714285714285,0.14285714285714285,2.4642857142857144,0.75,3.2142857142857144,0.5,0.5714285714285714,2.2857142857142856,0.5714285714285714,10,0.8,0.2,0.0,2.6,0.6,3.2,0.6,0.6,2.6,0.2,5,1.0,0.0,0.0,2.0,0.4,2.4,0.4,0.6,3.0,0.0,77559,LaLiga 25/26
2025-11-29,14:30,Levante UD,Athletic Club,14083145,AgbsZgb,28,0.21428571428571427,0.14285714285714285,0.6428571428571429,1.0357142857142858,1.6428571428571428,2.6785714285714284,0.5357142857142857,0.6071428571428571,0.7857142857142857,2.0714285714285716,10,0.2,0.2,0.6,1.3,1.6,2.9,0.7,0.7,0.8,2.0,5,0.0,0.4,0.6,0.6,1.6,2.2,0.6,0.4,0.4,2.2,77559,LaLiga 25/26
2025-11-29,17:00,Atlético Madrid,Real Oviedo,14083135,Lgbsbhb,30,0.4666666666666667,0.2,0.3333333333333333,1.5333333333333334,1.3333333333333333,2.8666666666666667,0.43333333333333335,0.5666666666666667,1.6,1.2,10,0.5,0.3,0.2,2.0,1.1,3.1,0.4,0.6,1.8,0.9,5,0.4,0.4,0.2,2.2,1.2,3.4,0.4,0.8,1.6,1.0,77559,LaLiga 25/26
2025-11-30,10:00,Real Sociedad,Villarreal,14083143,ugbszgb,44,0.2727272727272727,0.29545454545454547,0.4318181818181818,1.0454545454545454,1.4545454545454546,2.5,0.5454545454545454,0.4772727272727273,1.1136363636363635,1.5909090909090908,10,0.4,0.3,0.3,1.3,1.3,2.6,0.6,0.5,1.5,1.2,5,0.4,0.2,0.4,1.4,1.4,2.8,0.4,0.6,1.4,1.4,77559,LaLiga 25/26
2025-11-30,12:15,Sevilla,Real Betis,14083147,qgbsIgb,82,0.4634146341463415,0.3170731707317073,0.21951219512195122,1.3414634146341464,0.975609756097561,2.317073170731707,0.5,0.43902439024390244,1.7073170731707317,0.975609756097561,10,0.4,0.5,0.1,1.1,0.7,1.8,0.6,0.2,1.7,0.8,5,0.2,0.6,0.2,0.8,0.8,1.6,0.6,0.2,1.2,1.2,77559,LaLiga 25/26
2025-11-30,14:30,Celta Vigo,Espanyol,14083137,ogbswgb,70,0.34285714285714286,0.3,0.35714285714285715,1.1142857142857143,1.1428571428571428,2.257142857142857,0.42857142857142855,0.35714285714285715,1.3285714285714285,1.3714285714285714,10,0.2,0.5,0.3,1.2,1.3,2.5,0.7,0.4,1.1,1.4,5,0.2,0.2,0.6,1.2,1.8,3.0,0.6,0.6,0.8,2.0,77559,LaLiga 25/26
2025-11-30,17:00,Girona FC,Real Madrid,14083139,EgbsoKj,10,0.3,0.1,0.6,1.3,2.7,4.0,0.6,0.8,1.0,1.9,10,0.3,0.1,0.6,1.3,2.7,4.0,0.6,0.8,1.0,1.9,5,0.2,0.0,0.8,0.8,2.8,3.6,0.2,0.8,0.6,2.4,77559,LaLiga 25/26
2025-12-01,17:00,Rayo Vallecano,Valencia,14083141,tgbsDgb,44,0.22727272727272727,0.29545454545454547,0.4772727272727273,0.9318181818181818,1.75,2.6818181818181817,0.5227272727272727,0.5454545454545454,0.9772727272727273,1.7272727272727273,10,0.3,0.5,0.2,0.9,0.9,1.8,0.5,0.2,1.4,1.1,5,0.2,0.6,0.2,0.6,0.6,1.2,0.4,0.0,1.2,1.2,77559,LaLiga 25/26
2025-12-02,17:00,FC Barcelona,Atlético Madrid,14083215,rgbsLgb,108,0.4722222222222222,0.25925925925925924,0.26851851851851855,1.7314814814814814,1.2592592592592593,2.990740740740741,0.6111111111111112,0.5648148148148148,1.6759259259259258,1.0648148148148149,10,0.6,0.1,0.3,1.5,0.9,2.4,0.3,0.4,1.9,1.0,5,0.8,0.0,0.2,2.0,0.8,2.8,0.4,0.6,2.4,0.6,77559,LaLiga 25/26
2025-12-03,15:00,Athletic Club,Real Madrid,14083210,AgbsEgb,112,0.24107142857142858,0.21428571428571427,0.5446428571428571,1.0267857142857142,1.875,2.9017857142857144,0.5,0.5178571428571429,0.9375,1.8482142857142858,10,0.1,0.1,0.8,0.5,1.6,2.1,0.4,0.3,0.4,2.5,5,0.2,0.2,0.6,0.6,1.4,2.0,0.4,0.2,0.8,2.0,77559,LaLiga 25/26
2025-12-05,17:00,Real Oviedo,Mallorca,14083162,Bgbsbhb,14,0.07142857142857142,0.5714285714285714,0.35714285714285715,0.7857142857142857,1.2857142857142858,2.0714285714285716,0.5714285714285714,0.2857142857142857,0.7857142857142857,1.6428571428571428,10,0.0,0.6,0.4,0.7,1.3,2.0,0.6,0.3,0.6,1.8,5,0.0,0.6,0.4,1.0,1.8,2.8,0.8,0.4,0.6,1.8,77559,LaLiga 25/26
2025-12-06,10:00,Villarreal,Getafe,14083159,ugbsjhb,38,0.5526315789473685,0.23684210526315788,0.21052631578947367,1.394736842105263,1.0526315789473684,2.4473684210526314,0.5,0.5,1.894736842105263,0.868421052631579,10,0.6,0.4,0.0,1.3,0.6,1.9,0.6,0.4,2.2,0.4,5,0.4,0.6,0.0,1.2,0.8,2.0,0.8,0.4,1.8,0.6,77559,LaLiga 25/26
2025-12-06,12:15,Deportivo Alavés,Real Sociedad,14083150,zgbsKhb,28,0.35714285714285715,0.21428571428571427,0.42857142857142855,0.9285714285714286,1.2857142857142858,2.2142857142857144,0.4642857142857143,0.4642857142857143,1.2857142857142858,1.5,10,0.3,0.3,0.4,0.7,1.2,1.9,0.3,0.3,1.2,1.5,5,0.4,0.2,0.4,0.8,0.8,1.6,0.4,0.2,1.4,1.4,77559,LaLiga 25/26
2025-12-06,14:30,Real Betis,FC Barcelona,14083155,qgbsrgb,88,0.18181818181818182,0.2159090909090909,0.6022727272727273,1.0795454545454546,2.3181818181818183,3.397727272727273,0.625,0.6704545454545454,0.7613636363636364,2.022727272727273,10,0.1,0.2,0.7,1.2,2.8,4.0,0.7,0.8,0.5,2.3,5,0.0,0.4,0.6,1.0,3.2,4.2,0.6,0.8,0.4,2.2,77559,LaLiga 25/26
2025-12-06,17:00,Athletic Club,Atlético Madrid,14083151,AgbsLgb,108,0.32407407407407407,0.18518518518518517,0.49074074074074076,1.1574074074074074,1.3981481481481481,2.5555555555555554,0.48148148148148145,0.48148148148148145,1.1574074074074074,1.6574074074074074,10,0.3,0.1,0.6,0.8,1.0,1.8,0.3,0.3,1.0,1.9,5,0.2,0.0,0.8,0.6,1.2,1.8,0.2,0.2,0.6,2.4,77559,LaLiga 25/26
2025-12-07,10:00,Elche,Girona FC,14083153,WgbsoKj,2,0.0,0.0,1.0,0.5,2.0,2.5,0.5,0.5,0.0,3.0,2,0.0,0.0,1.0,0.5,2.0,2.5,0.5,0.5,0.0,3.0,2,0.0,0.0,1.0,0.5,2.0,2.5,0.5,0.5,0.0,3.0,77559,LaLiga 25/26
2025-12-07,12:15,Valencia,Sevilla,14083163,DgbsIgb,98,0.40816326530612246,0.23469387755102042,0.35714285714285715,1.2244897959183674,1.030612244897959,2.2551020408163267,0.3979591836734694,0.3673469387755102,1.4591836734693877,1.3061224489795917,10,0.2,0.4,0.4,0.7,1.1,1.8,0.5,0.2,1.0,1.6,5,0.4,0.4,0.2,0.8,0.8,1.6,0.4,0.2,1.6,1.0,77559,LaLiga 25/26
2025-12-07,14:30,Espanyol,Rayo Vallecano,14083154,ogbstgb,38,0.5,0.2894736842105263,0.21052631578947367,1.736842105263158,1.131578947368421,2.8684210526315788,0.631578947368421,0.5789473684210527,1.7894736842105263,0.9210526315789473,10,0.5,0.1,0.4,1.4,1.3,2.7,0.5,0.7,1.6,1.3,5,0.6,0.0,0.4,1.6,1.0,2.6,0.4,0.6,1.8,1.2,77559,LaLiga 25/26
2025-12-07,17:00,Real Madrid,Celta Vigo,14083158,wgbsEgb,80,0.65,0.1625,0.1875,2.2,1.0,3.2,0.4875,0.625,2.1125,0.725,10,1.0,0.0,0.0,2.8,0.8,3.6,0.6,0.7,3.0,0.0,5,1.0,0.0,0.0,2.4,0.6,3.0,0.4,0.6,3.0,0.0,77559,LaLiga 25/26
2025-12-08,17:00,Osasuna,Levante UD,14083160,vgbsZgb,20,0.5,0.15,0.35,1.55,1.05,2.6,0.45,0.45,1.65,1.2,10,0.5,0.2,0.3,1.4,0.8,2.2,0.3,0.3,1.7,1.1,5,0.6,0.2,0.2,1.4,0.8,2.2,0.4,0.4,2.0,0.8,77559,LaLiga 25/26
2025-12-12,17:00,Real Sociedad,Girona FC,14083177,zgbsoKj,10,0.4,0.6,0.0,1.8,0.9,2.7,0.5,0.4,1.8,0.6,10,0.4,0.6,0.0,1.8,0.9,2.7,0.5,0.4,1.8,0.6,5,0.4,0.6,0.0,1.4,1.0,2.4,0.6,0.4,1.8,0.6,77559,LaLiga 25/26
2025-12-13,10:00,Atlético Madrid,Valencia,14083165,DgbsLgb,106,0.4339622641509434,0.24528301886792453,0.32075471698113206,1.4056603773584906,1.1886792452830188,2.5943396226415096,0.5283018867924528,0.4811320754716981,1.5471698113207548,1.2075471698113207,10,0.8,0.1,0.1,2.2,0.9,3.1,0.3,0.7,2.5,0.4,5,0.8,0.0,0.2,2.2,0.6,2.8,0.0,0.8,2.4,0.6,77559,LaLiga 25/26
2025-12-13,12:15,Mallorca,Elche,14083174,BgbsWgb,6,0.0,0.6666666666666666,0.3333333333333333,0.6666666666666666,1.3333333333333333,2.0,0.5,0.3333333333333333,0.6666666666666666,1.6666666666666667,6,0.0,0.6666666666666666,0.3333333333333333,0.6666666666666666,1.3333333333333333,2.0,0.5,0.3333333333333333,0.6666666666666666,1.6666666666666667,5,0.0,0.6,0.4,0.6,1.4,2.0,0.4,0.4,0.6,1.8,77559,LaLiga 25/26
2025-12-13,14:30,FC Barcelona,Osasuna,14083168,rgbsvgb,70,0.5857142857142857,0.22857142857142856,0.18571428571428572,2.057142857142857,0.8,2.857142857142857,0.4,0.5428571428571428,1.9857142857142858,0.7857142857142857,10,0.8,0.1,0.1,2.3,0.8,3.1,0.4,0.7,2.5,0.4,5,0.8,0.0,0.2,1.8,1.0,2.8,0.4,0.6,2.4,0.6,77559,LaLiga 25/26
2025-12-13,17:00,Getafe,Espanyol,14083175,ogbsjhb,36,0.3611111111111111,0.19444444444444445,0.4444444444444444,1.0833333333333333,0.9166666666666666,2.0,0.3333333333333333,0.25,1.2777777777777777,1.5277777777777777,10,0.3,0.3,0.4,0.9,0.9,1.8,0.4,0.3,1.2,1.5,5,0.2,0.0,0.8,0.4,1.2,1.6,0.2,0.2,0.6,2.4,77559,LaLiga 25/26
2025-12-14,10:00,Sevilla,Real Oviedo,14083179,Igbsbhb,22,0.36363636363636365,0.3181818181818182,0.3181818181818182,1.3181818181818181,1.0454545454545454,2.3636363636363638,0.45454545454545453,0.4090909090909091,1.4090909090909092,1.2727272727272727,10,0.4,0.2,0.4,1.5,1.4,2.9,0.6,0.4,1.4,1.4,5,0.4,0.0,0.6,1.8,2.2,4.0,0.8,0.8,1.2,1.8,77559,LaLiga 25/26
2025-12-14,12:15,Celta Vigo,Athletic Club,14083171,wgbsAgb,80,0.2375,0.275,0.4875,0.95,1.3375,2.2875,0.5125,0.4375,0.9875,1.7375,10,0.4,0.1,0.5,1.3,1.3,2.6,0.5,0.5,1.3,1.6,5,0.2,0.0,0.8,1.6,2.4,4.0,1.0,1.0,0.6,2.4,77559,LaLiga 25/26
2025-12-14,14:30,Levante UD,Villarreal,14083169,ugbsZgb,26,0.2692307692307692,0.07692307692307693,0.6538461538461539,0.8461538461538461,1.8461538461538463,2.6923076923076925,0.4230769230769231,0.5384615384615384,0.8846153846153846,2.0384615384615383,10,0.3,0.1,0.6,1.0,2.0,3.0,0.6,0.6,1.0,1.9,5,0.2,0.0,0.8,1.0,2.8,3.8,0.6,0.8,0.6,2.4,77559,LaLiga 25/26
2025-12-14,17:00,Deportivo Alavés,Real Madrid,14083164,EgbsKhb,28,0.10714285714285714,0.07142857142857142,0.8214285714285714,0.7142857142857143,2.6785714285714284,3.392857142857143,0.5,0.75,0.39285714285714285,2.5357142857142856,10,0.1,0.0,0.9,0.7,2.6,3.3,0.5,0.7,0.3,2.7,5,0.0,0.0,1.0,0.4,2.6,3.0,0.2,0.6,0.0,3.0,77559,LaLiga 25/26
2025-12-15,17:00,Rayo Vallecano,Real Betis,14083173,qgbstgb,32,0.28125,0.3125,0.40625,1.1875,1.375,2.5625,0.53125,0.5,1.15625,1.53125,10,0.1,0.4,0.5,1.1,1.6,2.7,0.7,0.4,0.7,1.9,5,0.2,0.4,0.4,1.2,1.4,2.6,0.6,0.4,1.0,1.6,77559,LaLiga 25/26
2025-12-20,10:00,Real Oviedo,Celta Vigo,14083192,wgbsbhb,26,0.38461538461538464,0.23076923076923078,0.38461538461538464,1.3461538461538463,1.5384615384615385,2.8846153846153846,0.5,0.5384615384615384,1.3846153846153846,1.3846153846153846,10,0.4,0.0,0.6,1.6,2.4,4.0,0.7,0.8,1.2,1.8,5,0.4,0.0,0.6,1.6,2.0,3.6,0.6,0.6,1.2,1.8,77559,LaLiga 25/26
2025-12-20,12:15,Levante UD,Real Sociedad,14083184,zgbsZgb,26,0.38461538461538464,0.34615384615384615,0.2692307692307692,1.1923076923076923,1.2307692307692308,2.423076923076923,0.6153846153846154,0.5,1.5,1.1538461538461537,10,0.4,0.2,0.4,1.2,1.3,2.5,0.6,0.6,1.4,1.4,5,0.4,0.2,0.4,1.0,1.0,2.0,0.6,0.4,1.4,1.4,77559,LaLiga 25/26
2025-12-20,14:30,Osasuna,Deportivo Alavés,14083188,vgbsKhb,20,0.6,0.2,0.2,1.45,0.85,2.3,0.4,0.25,2.0,0.8,10,0.7,0.3,0.0,1.6,0.6,2.2,0.4,0.2,2.4,0.3,5,0.6,0.4,0.0,1.4,0.6,2.0,0.4,0.2,2.2,0.4,77559,LaLiga 25/26
2025-12-20,17:00,Real Madrid,Sevilla,14083185,EgbsIgb,100,0.58,0.17,0.25,2.13,1.23,3.36,0.62,0.64,1.91,0.92,10,0.8,0.2,0.0,2.1,1.0,3.1,0.7,0.6,2.6,0.2,5,0.8,0.2,0.0,2.0,0.8,2.8,0.6,0.4,2.6,0.2,77559,LaLiga 25/26
2025-12-21,10:00,Girona FC,Atlético Madrid,14083189,LgbsoKj,10,0.1,0.3,0.6,1.0,2.2,3.2,0.6,0.6,0.6,2.1,10,0.1,0.3,0.6,1.0,2.2,3.2,0.6,0.6,0.6,2.1,5,0.2,0.0,0.8,1.0,2.8,3.8,0.4,0.8,0.6,2.4,77559,LaLiga 25/26
2025-12-21,12:15,Villarreal,FC Barcelona,14083190,rgbsugb,50,0.2,0.22,0.58,1.3,2.22,3.52,0.6,0.68,0.82,1.96,10,0.3,0.0,0.7,1.6,2.7,4.3,0.6,0.8,0.9,2.1,5,0.4,0.0,0.6,2.4,3.0,5.4,0.8,0.8,1.2,1.8,77559,LaLiga 25/26
2025-12-21,14:30,Elche,Rayo Vallecano,14083183,tgbsWgb,10,0.7,0.0,0.3,1.9,1.0,2.9,0.4,0.7,2.1,0.9,10,0.7,0.0,0.3,1.9,1.0,2.9,0.4,0.7,2.1,0.9,5,0.6,0.0,0.4,2.0,1.0,3.0,0.6,0.8,1.8,1.2,77559,LaLiga 25/26
2025-12-21,17:00,Real Betis,Getafe,14083181,qgbsjhb,34,0.3235294117647059,0.38235294117647056,0.29411764705882354,1.0588235294117647,1.0588235294117647,2.1176470588235294,0.47058823529411764,0.3235294117647059,1.3529411764705883,1.2647058823529411,10,0.5,0.3,0.2,1.0,0.8,1.8,0.4,0.3,1.8,0.9,5,0.4,0.4,0.2,1.2,1.0,2.2,0.8,0.4,1.6,1.0,77559,LaLiga 25/26
2025-12-22,17:00,Athletic Club,Espanyol,14083180,ogbsAgb,102,0.3431372549019608,0.28431372549019607,0.37254901960784315,1.2156862745098038,1.2058823529411764,2.4215686274509802,0.5294117647058824,0.4117647058823529,1.3137254901960784,1.4019607843137254,10,0.4,0.4,0.2,1.5,0.9,2.4,0.7,0.4,1.6,1.0,5,0.6,0.2,0.2,1.8,1.0,2.8,0.8,0.6,2.0,0.8,77559,LaLiga 25/26
2026-01-02,17:00,Rayo Vallecano,Getafe,14083205,tgbsjhb,20,0.55,0.3,0.15,1.3,0.55,1.85,0.4,0.35,1.95,0.75,10,0.3,0.5,0.2,0.9,0.5,1.4,0.3,0.3,1.4,1.1,5,0.4,0.6,0.0,0.8,0.2,1.0,0.2,0.0,1.8,0.6,77559,LaLiga 25/26
2026-01-03,10:00,Celta Vigo,Valencia,14083196,wgbsDgb,80,0.2,0.325,0.475,0.8,1.3875,2.1875,0.4625,0.375,0.925,1.75,10,0.2,0.2,0.6,1.0,1.7,2.7,0.6,0.7,0.8,2.0,5,0.2,0.4,0.4,1.4,1.4,2.8,0.8,0.8,1.0,1.6,77559,LaLiga 25/26
2026-01-03,12:15,Osasuna,Athletic Club,14083200,vgbsAgb,72,0.2222222222222222,0.3055555555555556,0.4722222222222222,0.9027777777777778,1.4444444444444444,2.3472222222222223,0.4861111111111111,0.3888888888888889,0.9722222222222222,1.7222222222222223,10,0.2,0.4,0.4,0.9,1.3,2.2,0.4,0.4,1.0,1.6,5,0.2,0.4,0.4,1.0,1.2,2.2,0.4,0.4,1.0,1.6,77559,LaLiga 25/26
2026-01-03,14:30,Elche,Villarreal,14083198,ugbsWgb,10,0.2,0.4,0.4,1.0,1.6,2.6,0.5,0.5,1.0,1.6,10,0.2,0.4,0.4,1.0,1.6,2.6,0.5,0.5,1.0,1.6,5,0.4,0.2,0.4,1.4,2.2,3.6,0.6,0.8,1.4,1.4,77559,LaLiga 25/26
2026-01-03,17:00,Espanyol,FC Barcelona,14083203,ogbsrgb,104,0.11538461538461539,0.2980769230769231,0.5865384615384616,0.8173076923076923,1.9326923076923077,2.75,0.4326923076923077,0.4807692307692308,0.6442307692307693,2.0576923076923075,10,0.0,0.3,0.7,0.8,2.2,3.0,0.5,0.5,0.3,2.4,5,0.0,0.4,0.6,1.2,2.4,3.6,0.8,0.6,0.4,2.2,77559,LaLiga 25/26
2026-01-04,10:00,Sevilla,Levante UD,14083209,IgbsZgb,28,0.6071428571428571,0.25,0.14285714285714285,2.107142857142857,0.8928571428571429,3.0,0.5357142857142857,0.5357142857142857,2.0714285714285716,0.6785714285714286,10,0.7,0.2,0.1,2.4,1.0,3.4,0.5,0.5,2.3,0.5,5,0.8,0.2,0.0,2.2,1.2,3.4,0.6,0.4,2.6,0.2,77559,LaLiga 25/26
2026-01-04,12:15,Real Madrid,Real Betis,14083204,qgbsEgb,88,0.5227272727272727,0.2727272727272727,0.20454545454545456,1.9318181818181819,1.0113636363636365,2.9431818181818183,0.5454545454545454,0.5340909090909091,1.8409090909090908,0.8863636363636364,10,0.4,0.5,0.1,1.0,0.6,1.6,0.4,0.3,1.7,0.8,5,0.2,0.6,0.2,0.8,0.6,1.4,0.4,0.2,1.2,1.2,77559,LaLiga 25/26
2026-01-04,14:30,Mallorca,Girona FC,14083208,BgbsoKj,6,0.3333333333333333,0.16666666666666666,0.5,1.3333333333333333,1.6666666666666667,3.0,0.6666666666666666,0.5,1.1666666666666667,1.6666666666666667,6,0.3333333333333333,0.16666666666666666,0.5,1.3333333333333333,1.6666666666666667,3.0,0.6666666666666666,0.5,1.1666666666666667,1.6666666666666667,5,0.4,0.0,0.6,1.4,1.8,3.2,0.6,0.6,1.2,1.8,77559,LaLiga 25/26
2026-01-04,14:30,Deportivo Alavés,Real Oviedo,14083194,bhbsKhb,6,0.3333333333333333,0.16666666666666666,0.5,1.5,1.1666666666666667,2.6666666666666665,0.3333333333333333,0.5,1.1666666666666667,1.6666666666666667,6,0.3333333333333333,0.16666666666666666,0.5,1.5,1.1666666666666667,2.6666666666666665,0.3333333333333333,0.5,1.1666666666666667,1.6666666666666667,5,0.4,0.2,0.4,1.8,1.2,3.0,0.4,0.6,1.4,1.4,77559,LaLiga 25/26
2026-01-04,17:00,Real Sociedad,Atlético Madrid,14083201,zgbsLgb,104,0.25,0.25,0.5,0.9711538461538461,1.625,2.5961538461538463,0.4807692307692308,0.5,1.0,1.75,10,0.0,0.3,0.7,0.8,2.0,2.8,0.7,0.6,0.3,2.4,5,0.0,0.2,0.8,0.6,2.2,2.8,0.6,0.6,0.2,2.6,77559,LaLiga 25/26
2026-01-09,17:00,Getafe,Real Sociedad,14083212,zgbsjhb,34,0.4117647058823529,0.29411764705882354,0.29411764705882354,1.088235294117647,1.1176470588235294,2.2058823529411766,0.5,0.4411764705882353,1.5294117647058822,1.1764705882352942,10,0.2,0.4,0.4,1.0,1.3,2.3,0.4,0.4,1.0,1.6,5,0.2,0.4,0.4,1.4,1.4,2.8,0.4,0.4,1.0,1.6,77559,LaLiga 25/26
2026-01-10,10:00,Real Oviedo,Real Betis,14083218,qgbsbhb,20,0.1,0.5,0.4,0.5,1.15,1.65,0.3,0.25,0.8,1.7,10,0.0,0.5,0.5,0.4,1.6,2.0,0.4,0.2,0.5,2.0,5,0.0,0.4,0.6,0.2,1.6,1.8,0.2,0.2,0.4,2.2,77559,LaLiga 25/26
2026-01-10,12:15,Villarreal,Deportivo Alavés,14083214,ugbsKhb,26,0.4230769230769231,0.11538461538461539,0.46153846153846156,1.5384615384615385,1.1923076923076923,2.730769230769231,0.6153846153846154,0.5769230769230769,1.3846153846153846,1.5,10,0.5,0.2,0.3,2.1,1.2,3.3,0.8,0.7,1.7,1.1,5,0.2,0.4,0.4,1.2,1.0,2.2,0.6,0.4,1.0,1.6,77559,LaLiga 25/26
2026-01-10,14:30,Girona FC,Osasuna,14083213,vgbsoKj,6,0.5,0.16666666666666666,0.3333333333333333,2.1666666666666665,1.1666666666666667,3.3333333333333335,0.6666666666666666,0.6666666666666666,1.6666666666666667,1.1666666666666667,6,0.5,0.16666666666666666,0.3333333333333333,2.1666666666666665,1.1666666666666667,3.3333333333333335,0.6666666666666666,0.6666666666666666,1.6666666666666667,1.1666666666666667,5,0.6,0.0,0.4,2.4,1.2,3.6,0.6,0.8,1.8,1.2,77559,LaLiga 25/26
2026-01-10,17:00,Valencia,Elche,14083220,DgbsWgb,28,0.6785714285714286,0.17857142857142858,0.14285714285714285,1.7142857142857142,0.6428571428571429,2.357142857142857,0.39285714285714285,0.4642857142857143,2.2142857142857144,0.6071428571428571,10,0.7,0.1,0.2,1.9,0.9,2.8,0.6,0.7,2.2,0.7,5,0.8,0.2,0.0,1.6,0.6,2.2,0.4,0.4,2.6,0.2,77559,LaLiga 25/26
2026-01-11,10:00,Rayo Vallecano,Mallorca,14083223,tgbsBgb,22,0.18181818181818182,0.2727272727272727,0.5454545454545454,0.7727272727272727,1.4545454545454546,2.227272727272727,0.4090909090909091,0.45454545454545453,0.8181818181818182,1.9090909090909092,10,0.2,0.3,0.5,1.0,1.4,2.4,0.5,0.5,0.9,1.8,5,0.0,0.4,0.6,0.6,1.6,2.2,0.4,0.6,0.4,2.2,77559,LaLiga 25/26
2026-01-11,12:15,Levante UD,Espanyol,14083222,ogbsZgb,26,0.3076923076923077,0.34615384615384615,0.34615384615384615,1.3076923076923077,1.2307692307692308,2.5384615384615383,0.6153846153846154,0.5,1.2692307692307692,1.3846153846153846,10,0.2,0.5,0.3,1.3,1.3,2.6,0.7,0.4,1.1,1.4,5,0.2,0.4,0.4,1.8,1.8,3.6,0.8,0.6,1.0,1.6,77559,LaLiga 25/26
2026-01-12,17:00,Sevilla,Celta Vigo,14083219,wgbsIgb,68,0.4117647058823529,0.22058823529411764,0.36764705882352944,1.2205882352941178,1.2058823529411764,2.426470588235294,0.47058823529411764,0.4411764705882353,1.4558823529411764,1.3235294117647058,10,0.4,0.4,0.2,1.9,1.6,3.5,0.8,0.6,1.6,1.0,5,0.2,0.4,0.4,1.4,1.6,3.0,0.8,0.6,1.0,1.6,77559,LaLiga 25/26
2026-01-16,17:00,Espanyol,Girona FC,14083229,ogbsoKj,9,0.2222222222222222,0.3333333333333333,0.4444444444444444,1.1111111111111112,1.5555555555555556,2.6666666666666665,0.6666666666666666,0.5555555555555556,1.0,1.6666666666666667,9,0.2222222222222222,0.3333333333333333,0.4444444444444444,1.1111111111111112,1.5555555555555556,2.6666666666666665,0.6666666666666666,0.5555555555555556,1.0,1.6666666666666667,5,0.0,0.6,0.4,1.0,1.8,2.8,0.8,0.6,0.6,1.8,77559,LaLiga 25/26
2026-01-17,10:00,Real Madrid,Levante UD,14083238,EgbsZgb,29,0.6896551724137931,0.1724137931034483,0.13793103448275862,2.586206896551724,0.896551724137931,3.4827586206896552,0.5172413793103449,0.6551724137931034,2.2413793103448274,0.5862068965517241,10,0.5,0.2,0.3,2.4,1.4,3.8,0.7,0.8,1.7,1.1,5,0.6,0.2,0.2,3.2,1.2,4.4,0.6,0.8,2.0,0.8,77559,LaLiga 25/26
2026-01-17,12:15,Mallorca,Athletic Club,14083235,AgbsBgb,57,0.22807017543859648,0.3333333333333333,0.43859649122807015,0.9824561403508771,1.3333333333333333,2.3157894736842106,0.43859649122807015,0.42105263157894735,1.0175438596491229,1.6491228070175439,10,0.1,0.5,0.4,0.7,1.5,2.2,0.5,0.4,0.8,1.7,5,0.0,0.6,0.4,0.4,1.4,1.8,0.4,0.4,0.6,1.8,77559,LaLiga 25/26
2026-01-17,14:30,Osasuna,Real Oviedo,14083232,vgbsbhb,15,0.4666666666666667,0.26666666666666666,0.26666666666666666,1.3333333333333333,0.9333333333333333,2.2666666666666666,0.4,0.4666666666666667,1.6666666666666667,1.0666666666666667,10,0.5,0.3,0.2,1.1,0.8,1.9,0.4,0.4,1.8,0.9,5,0.4,0.4,0.2,1.0,0.6,1.6,0.2,0.2,1.6,1.0,77559,LaLiga 25/26
2026-01-17,17:00,Real Betis,Villarreal,14083224,qgbsugb,43,0.3488372093023256,0.27906976744186046,0.37209302325581395,1.372093023255814,1.4651162790697674,2.8372093023255816,0.6744186046511628,0.5581395348837209,1.3255813953488371,1.3953488372093024,10,0.4,0.2,0.4,1.3,1.5,2.8,0.7,0.6,1.4,1.4,5,0.4,0.2,0.4,1.8,1.8,3.6,1.0,1.0,1.4,1.4,77559,LaLiga 25/26
2026-01-18,10:00,Getafe,Valencia,14083230,Dgbsjhb,41,0.2926829268292683,0.21951219512195122,0.4878048780487805,1.146341463414634,1.5365853658536586,2.682926829268293,0.4634146341463415,0.5853658536585366,1.0975609756097562,1.6829268292682926,10,0.3,0.2,0.5,0.7,1.4,2.1,0.2,0.4,1.1,1.7,5,0.2,0.2,0.6,0.4,1.6,2.0,0.2,0.4,0.8,2.0,77559,LaLiga 25/26
2026-01-18,12:15,Atlético Madrid,Deportivo Alavés,14083233,LgbsKhb,25,0.52,0.24,0.24,1.24,0.76,2.0,0.36,0.32,1.8,0.96,10,0.6,0.2,0.2,1.4,0.9,2.3,0.6,0.5,2.0,0.8,5,0.4,0.4,0.2,1.0,1.0,2.0,0.6,0.4,1.6,1.0,77559,LaLiga 25/26
2026-01-18,14:30,Celta Vigo,Rayo Vallecano,14083226,tgbswgb,39,0.1794871794871795,0.358974358974359,0.46153846153846156,0.8717948717948718,1.1538461538461537,2.0256410256410255,0.2564102564102564,0.358974358974359,0.8974358974358975,1.7435897435897436,10,0.2,0.6,0.2,1.0,0.7,1.7,0.4,0.4,1.2,1.2,5,0.0,0.6,0.4,0.6,1.0,1.6,0.6,0.4,0.6,1.8,77559,LaLiga 25/26
2026-01-18,17:00,Real Sociedad,FC Barcelona,14083237,rgbszgb,107,0.21495327102803738,0.22429906542056074,0.5607476635514018,0.9439252336448598,1.8130841121495327,2.7570093457943927,0.48598130841121495,0.4953271028037383,0.8691588785046729,1.9065420560747663,10,0.2,0.0,0.8,0.8,2.5,3.3,0.5,0.6,0.6,2.4,5,0.2,0.0,0.8,0.4,1.8,2.2,0.2,0.4,0.6,2.4,77559,LaLiga 25/26
2026-01-19,17:00,Elche,Sevilla,14083228,IgbsWgb,25,0.24,0.32,0.44,1.2,1.52,2.72,0.56,0.56,1.04,1.64,10,0.1,0.3,0.6,0.7,2.0,2.7,0.5,0.5,0.6,2.1,5,0.0,0.6,0.4,0.8,1.8,2.6,0.6,0.4,0.6,1.8,77559,LaLiga 25/26
2026-01-23,17:00,Levante UD,Elche,14083146,WgbsZgb,9,0.2222222222222222,0.4444444444444444,0.3333333333333333,0.8888888888888888,0.8888888888888888,1.7777777777777777,0.4444444444444444,0.2222222222222222,1.1111111111111112,1.4444444444444444,9,0.2222222222222222,0.4444444444444444,0.3333333333333333,0.8888888888888888,0.8888888888888888,1.7777777777777777,0.4444444444444444,0.2222222222222222,1.1111111111111112,1.4444444444444444,5,0.2,0.4,0.4,1.0,1.0,2.0,0.4,0.2,1.0,1.6,77559,LaLiga 25/26
2026-01-24,10:00,Rayo Vallecano,Osasuna,14083176,tgbsvgb,27,0.3333333333333333,0.25925925925925924,0.4074074074074074,1.037037037037037,1.037037037037037,2.074074074074074,0.4074074074074074,0.4074074074074074,1.2592592592592593,1.4814814814814814,10,0.4,0.1,0.5,1.0,1.3,2.3,0.5,0.5,1.3,1.6,5,0.4,0.2,0.4,1.2,1.2,2.4,0.6,0.4,1.4,1.4,77559,LaLiga 25/26
2026-01-24,12:15,Valencia,Espanyol,14083156,ogbsDgb,101,0.42574257425742573,0.27722772277227725,0.297029702970297,1.4257425742574257,1.2475247524752475,2.6732673267326734,0.5544554455445545,0.5445544554455446,1.5544554455445545,1.1683168316831682,10,0.2,0.7,0.1,1.3,1.2,2.5,0.8,0.5,1.3,1.0,5,0.0,1.0,0.0,1.6,1.6,3.2,1.0,0.6,1.0,1.0,77559,LaLiga 25/26
2026-01-24,14:30,Sevilla,Athletic Club,14083127,AgbsIgb,101,0.4158415841584158,0.22772277227722773,0.3564356435643564,1.2772277227722773,1.1782178217821782,2.4554455445544554,0.46534653465346537,0.43564356435643564,1.4752475247524752,1.297029702970297,10,0.3,0.2,0.5,0.7,1.1,1.8,0.3,0.1,1.1,1.7,5,0.0,0.2,0.8,0.6,1.8,2.4,0.4,0.2,0.2,2.6,77559,LaLiga 25/26
2026-01-24,17:00,Villarreal,Real Madrid,14083186,ugbsEgb,51,0.11764705882352941,0.3137254901960784,0.5686274509803921,1.0588235294117647,2.019607843137255,3.0784313725490198,0.5882352941176471,0.5882352941176471,0.6666666666666666,2.019607843137255,10,0.2,0.3,0.5,1.3,2.0,3.3,0.7,0.7,0.9,1.8,5,0.0,0.2,0.8,1.4,3.0,4.4,0.8,0.8,0.2,2.6,77559,LaLiga 25/26
2026-01-25,10:00,Atlético Madrid,Mallorca,14083107,BgbsLgb,53,0.4339622641509434,0.2641509433962264,0.3018867924528302,1.509433962264151,0.9622641509433962,2.4716981132075473,0.4339622641509434,0.4339622641509434,1.5660377358490567,1.169811320754717,10,0.6,0.1,0.3,1.3,0.6,1.9,0.3,0.3,1.9,1.0,5,0.8,0.2,0.0,1.2,0.2,1.4,0.2,0.0,2.6,0.2,77559,LaLiga 25/26
2026-01-25,12:15,FC Barcelona,Real Oviedo,14083117,rgbsbhb,33,0.5454545454545454,0.24242424242424243,0.21212121212121213,1.7878787878787878,1.0,2.787878787878788,0.5454545454545454,0.5151515151515151,1.878787878787879,0.8787878787878788,10,0.4,0.3,0.3,1.5,1.5,3.0,0.7,0.7,1.5,1.2,5,0.6,0.0,0.4,1.8,1.8,3.6,0.6,0.8,1.8,1.2,77559,LaLiga 25/26
2026-01-25,14:30,Real Sociedad,Celta Vigo,14083136,wgbszgb,81,0.37037037037037035,0.32098765432098764,0.30864197530864196,1.3333333333333333,1.271604938271605,2.6049382716049383,0.5925925925925926,0.48148148148148145,1.4320987654320987,1.2469135802469136,10,0.5,0.3,0.2,1.1,0.8,1.9,0.5,0.2,1.8,0.9,5,0.2,0.4,0.4,0.6,1.0,1.6,0.4,0.0,1.0,1.6,77559,LaLiga 25/26
2026-01-25,17:00,Deportivo Alavés,Real Betis,14083096,qgbsKhb,27,0.2222222222222222,0.37037037037037035,0.4074074074074074,0.7777777777777778,1.0740740740740742,1.8518518518518519,0.3333333333333333,0.2962962962962963,1.037037037037037,1.5925925925925926,10,0.2,0.3,0.5,0.8,1.3,2.1,0.4,0.4,0.9,1.8,5,0.2,0.6,0.2,0.8,0.6,1.4,0.4,0.2,1.2,1.2,77559,LaLiga 25/26
2026-01-26,17:00,Girona FC,Getafe,14083166,jhbsoKj,11,0.36363636363636365,0.18181818181818182,0.45454545454545453,1.2727272727272727,1.1818181818181819,2.4545454545454546,0.5454545454545454,0.45454545454545453,1.2727272727272727,1.5454545454545454,10,0.3,0.2,0.5,1.3,1.3,2.6,0.6,0.5,1.1,1.7,5,0.4,0.0,0.6,1.2,1.0,2.2,0.4,0.6,1.2,1.8,77559,LaLiga 25/26
2026-01-30,17:00,Espanyol,Deportivo Alavés,14083236,ogbsKhb,25,0.4,0.24,0.36,1.08,0.88,1.96,0.44,0.44,1.44,1.32,10,0.5,0.2,0.3,1.2,0.9,2.1,0.5,0.5,1.7,1.1,5,0.6,0.0,0.4,1.4,1.2,2.6,0.6,0.6,1.8,1.2,77559,LaLiga 25/26
2026-01-31,10:00,Real Oviedo,Girona FC,14083251,bhbsoKj,1,0.0,1.0,0.0,3.0,3.0,6.0,1.0,1.0,1.0,1.0,1,0.0,1.0,0.0,3.0,3.0,6.0,1.0,1.0,1.0,1.0,1,0.0,1.0,0.0,3.0,3.0,6.0,1.0,1.0,1.0,1.0,77559,LaLiga 25/26
2026-01-31,12:15,Osasuna,Villarreal,14083227,ugbsvgb,41,0.34146341463414637,0.1951219512195122,0.4634146341463415,1.2195121951219512,1.7560975609756098,2.975609756097561,0.6097560975609756,0.6097560975609756,1.2195121951219512,1.5853658536585367,10,0.3,0.2,0.5,1.2,1.9,3.1,0.7,0.7,1.1,1.7,5,0.0,0.4,0.6,1.4,2.4,3.8,1.0,0.8,0.4,2.2,77559,LaLiga 25/26
2026-01-31,14:30,Levante UD,Atlético Madrid,14083241,LgbsZgb,29,0.20689655172413793,0.2413793103448276,0.5517241379310345,0.9310344827586207,1.6551724137931034,2.586206896551724,0.41379310344827586,0.4827586206896552,0.8620689655172413,1.896551724137931,10,0.2,0.3,0.5,1.0,1.5,2.5,0.5,0.5,0.9,1.8,5,0.4,0.4,0.2,1.4,1.2,2.6,0.6,0.4,1.6,1.0,77559,LaLiga 25/26
2026-01-31,17:00,Elche,FC Barcelona,14083244,rgbsWgb,29,0.10344827586206896,0.20689655172413793,0.6896551724137931,0.4482758620689655,2.1379310344827585,2.586206896551724,0.27586206896551724,0.5172413793103449,0.5172413793103449,2.2758620689655173,10,0.0,0.1,0.9,0.4,2.9,3.3,0.3,0.8,0.1,2.8,5,0.0,0.0,1.0,0.8,3.0,3.8,0.6,1.0,0.0,3.0,77559,LaLiga 25/26
2026-02-01,10:00,Real Madrid,Rayo Vallecano,14083254,tgbsEgb,45,0.7111111111111111,0.15555555555555556,0.13333333333333333,2.533333333333333,1.0444444444444445,3.577777777777778,0.6,0.6,2.2888888888888888,0.5555555555555556,10,0.4,0.4,0.2,1.3,1.1,2.4,0.6,0.5,1.6,1.0,5,0.2,0.8,0.0,1.2,1.0,2.2,0.6,0.4,1.4,0.8,77559,LaLiga 25/26
2026-02-01,12:15,Real Betis,Valencia,14083207,qgbsDgb,87,0.2988505747126437,0.25287356321839083,0.4482758620689655,1.1494252873563218,1.5172413793103448,2.6666666666666665,0.5287356321839081,0.4942528735632184,1.1494252873563218,1.5977011494252873,10,0.4,0.4,0.2,1.9,1.4,3.3,0.7,0.7,1.6,1.0,5,0.4,0.4,0.2,1.8,1.4,3.2,0.8,0.6,1.6,1.0,77559,LaLiga 25/26
2026-02-01,14:30,Getafe,Celta Vigo,14083247,wgbsjhb,29,0.3793103448275862,0.3103448275862069,0.3103448275862069,1.206896551724138,1.0,2.206896551724138,0.5172413793103449,0.3793103448275862,1.4482758620689655,1.2413793103448276,10,0.4,0.2,0.4,1.2,1.2,2.4,0.4,0.4,1.4,1.4,5,0.4,0.2,0.4,1.6,1.4,3.0,0.6,0.6,1.4,1.4,77559,LaLiga 25/26
2026-02-01,17:00,Athletic Club,Real Sociedad,14083195,zgbsAgb,107,0.3177570093457944,0.2803738317757009,0.40186915887850466,1.1121495327102804,1.308411214953271,2.4205607476635516,0.514018691588785,0.4485981308411215,1.233644859813084,1.485981308411215,10,0.4,0.3,0.3,1.4,1.2,2.6,0.5,0.5,1.5,1.2,5,0.4,0.2,0.4,1.0,1.4,2.4,0.4,0.6,1.4,1.4,77559,LaLiga 25/26
2026-02-02,17:00,Mallorca,Sevilla,14083217,BgbsIgb,51,0.19607843137254902,0.35294117647058826,0.45098039215686275,0.8627450980392157,1.392156862745098,2.2549019607843137,0.5098039215686274,0.45098039215686275,0.9411764705882353,1.7058823529411764,10,0.2,0.4,0.4,0.7,1.0,1.7,0.4,0.2,1.0,1.6,5,0.4,0.4,0.2,1.2,0.8,2.0,0.6,0.4,1.6,1.0,77559,LaLiga 25/26
2026-02-06,17:00,Celta Vigo,Osasuna,14083279,vgbswgb,45,0.4888888888888889,0.17777777777777778,0.3333333333333333,1.1777777777777778,0.8888888888888888,2.066666666666667,0.26666666666666666,0.3333333333333333,1.6444444444444444,1.1777777777777778,10,0.5,0.2,0.3,1.4,1.0,2.4,0.4,0.5,1.7,1.1,5,0.6,0.0,0.4,1.8,1.4,3.2,0.4,0.6,1.8,1.2,77559,LaLiga 25/26
2026-02-07,10:00,Rayo Vallecano,Real Oviedo,14083341,tgbsbhb,15,0.06666666666666667,0.4,0.5333333333333333,0.8666666666666667,1.8666666666666667,2.7333333333333334,0.5333333333333333,0.4666666666666667,0.6,2.0,10,0.1,0.3,0.6,0.7,1.6,2.3,0.4,0.4,0.6,2.1,5,0.0,0.2,0.8,0.4,2.0,2.4,0.4,0.4,0.2,2.6,77559,LaLiga 25/26
2026-02-07,12:15,FC Barcelona,Mallorca,14083269,rgbsBgb,59,0.6779661016949152,0.1694915254237288,0.15254237288135594,2.1016949152542375,0.7966101694915254,2.8983050847457625,0.4406779661016949,0.559322033898305,2.2033898305084745,0.6271186440677966,10,0.9,0.1,0.0,2.3,0.4,2.7,0.3,0.6,2.8,0.1,5,0.8,0.2,0.0,2.4,0.6,3.0,0.4,0.6,2.6,0.2,77559,LaLiga 25/26
2026-02-07,17:00,Real Sociedad,Elche,14083292,zgbsWgb,29,0.6206896551724138,0.2413793103448276,0.13793103448275862,1.6206896551724137,0.7241379310344828,2.3448275862068964,0.41379310344827586,0.4482758620689655,2.103448275862069,0.6551724137931034,10,0.8,0.1,0.1,1.9,0.3,2.2,0.2,0.4,2.5,0.4,5,0.8,0.2,0.0,1.4,0.4,1.8,0.4,0.2,2.6,0.2,77559,LaLiga 25/26
2026-02-08,10:00,Deportivo Alavés,Getafe,14083257,jhbsKhb,17,0.11764705882352941,0.5294117647058824,0.35294117647058826,0.8235294117647058,1.411764705882353,2.235294117647059,0.47058823529411764,0.29411764705882354,0.8823529411764706,1.588235294117647,10,0.1,0.6,0.3,0.5,0.8,1.3,0.3,0.1,0.9,1.5,5,0.2,0.2,0.6,0.4,1.0,1.4,0.2,0.0,0.8,2.0,77559,LaLiga 25/26
2026-02-08,12:15,Sevilla,Girona FC,14083315,IgbsoKj,11,0.45454545454545453,0.0,0.5454545454545454,1.0,1.3636363636363635,2.3636363636363638,0.36363636363636365,0.36363636363636365,1.3636363636363635,1.6363636363636365,10,0.4,0.0,0.6,1.0,1.5,2.5,0.4,0.4,1.2,1.8,5,0.4,0.0,0.6,1.2,2.0,3.2,0.6,0.6,1.2,1.8,77559,LaLiga 25/26
2026-02-08,12:15,Athletic Club,Levante UD,14083260,AgbsZgb,29,0.6551724137931034,0.13793103448275862,0.20689655172413793,1.6551724137931034,1.0,2.6551724137931036,0.5172413793103449,0.5862068965517241,2.103448275862069,0.7586206896551724,10,0.6,0.2,0.2,1.6,1.2,2.8,0.6,0.6,2.0,0.8,5,0.6,0.4,0.0,1.6,0.4,2.0,0.4,0.2,2.2,0.4,77559,LaLiga 25/26
2026-02-08,14:30,Atlético Madrid,Real Betis,14083263,qgbsLgb,89,0.5168539325842697,0.24719101123595505,0.23595505617977527,1.5617977528089888,0.9438202247191011,2.50561797752809,0.47191011235955055,0.4606741573033708,1.797752808988764,0.9550561797752809,10,0.7,0.2,0.1,1.8,0.6,2.4,0.5,0.5,2.3,0.5,5,0.6,0.2,0.2,1.6,0.6,2.2,0.4,0.4,2.0,0.8,77559,LaLiga 25/26
2026-02-08,17:00,Valencia,Real Madrid,14083327,DgbsEgb,111,0.23423423423423423,0.1981981981981982,0.5675675675675675,1.018018018018018,1.837837837837838,2.855855855855856,0.5405405405405406,0.5405405405405406,0.9009009009009009,1.9009009009009008,10,0.2,0.1,0.7,0.9,2.4,3.3,0.6,0.7,0.7,2.2,5,0.2,0.2,0.6,1.2,2.8,4.0,0.8,1.0,0.8,2.0,77559,LaLiga 25/26
2026-02-09,17:00,Villarreal,Espanyol,14083303,ogbsugb,47,0.40425531914893614,0.44680851063829785,0.14893617021276595,1.3829787234042554,0.851063829787234,2.234042553191489,0.46808510638297873,0.44680851063829785,1.6595744680851063,0.8936170212765957,10,0.7,0.2,0.1,1.9,0.8,2.7,0.5,0.5,2.3,0.5,5,1.0,0.0,0.0,2.0,0.6,2.6,0.4,0.4,3.0,0.0,77559,LaLiga 25/26
2026-02-13,17:00,Elche,Osasuna,14083360,vgbsWgb,13,0.0,0.6923076923076923,0.3076923076923077,0.8461538461538461,1.2307692307692308,2.076923076923077,0.6923076923076923,0.3076923076923077,0.6923076923076923,1.6153846153846154,10,0.0,0.6,0.4,0.8,1.3,2.1,0.7,0.3,0.6,1.8,5,0.0,0.8,0.2,1.0,1.2,2.2,1.0,0.2,0.8,1.4,77559,LaLiga 25/26
2026-02-14,10:00,Espanyol,Celta Vigo,14083524,ogbswgb,71,0.36619718309859156,0.29577464788732394,0.3380281690140845,1.1408450704225352,1.0985915492957747,2.23943661971831,0.4225352112676056,0.352112676056338,1.3943661971830985,1.3098591549295775,10,0.4,0.4,0.2,1.3,1.1,2.4,0.6,0.4,1.6,1.0,5,0.6,0.2,0.2,1.8,1.2,3.0,0.6,0.6,2.0,0.8,77559,LaLiga 25/26
2026-02-14,12:15,Getafe,Villarreal,14083378,ugbsjhb,39,0.20512820512820512,0.23076923076923078,0.5641025641025641,1.0256410256410255,1.4102564102564104,2.4358974358974357,0.48717948717948717,0.48717948717948717,0.8461538461538461,1.9230769230769231,10,0.0,0.4,0.6,0.5,1.2,1.7,0.5,0.3,0.4,2.2,5,0.0,0.6,0.4,0.6,1.2,1.8,0.6,0.2,0.6,1.8,77559,LaLiga 25/26
2026-02-14,14:30,Sevilla,Deportivo Alavés,14083436,IgbsKhb,25,0.44,0.32,0.24,1.32,1.04,2.36,0.56,0.4,1.64,1.04,10,0.3,0.4,0.3,1.5,1.5,3.0,0.8,0.6,1.3,1.3,5,0.2,0.2,0.6,1.8,2.2,4.0,1.0,0.8,0.8,2.0,77559,LaLiga 25/26
2026-02-14,17:00,Real Madrid,Real Sociedad,14083418,zgbsEgb,107,0.514018691588785,0.308411214953271,0.17757009345794392,1.925233644859813,1.1308411214953271,3.05607476635514,0.5981308411214953,0.5607476635514018,1.8504672897196262,0.8411214953271028,10,0.7,0.2,0.1,1.6,0.6,2.2,0.4,0.3,2.3,0.5,5,1.0,0.0,0.0,1.8,0.4,2.2,0.4,0.4,3.0,0.0,77559,LaLiga 25/26
2026-02-15,10:00,Real Oviedo,Athletic Club,14083454,Agbsbhb,33,0.3333333333333333,0.2727272727272727,0.3939393939393939,1.0909090909090908,1.0909090909090908,2.1818181818181817,0.30303030303030304,0.3333333333333333,1.2727272727272727,1.4545454545454546,10,0.3,0.2,0.5,1.4,1.7,3.1,0.4,0.6,1.1,1.7,5,0.4,0.2,0.4,1.4,1.2,2.6,0.2,0.4,1.4,1.4,77559,LaLiga 25/26
2026-02-15,12:15,Rayo Vallecano,Atlético Madrid,14083472,tgbsLgb,41,0.17073170731707318,0.1951219512195122,0.6341463414634146,0.9024390243902439,1.8048780487804879,2.707317073170732,0.4146341463414634,0.43902439024390244,0.7073170731707317,2.097560975609756,10,0.0,0.2,0.8,0.6,2.3,2.9,0.5,0.5,0.2,2.6,5,0.0,0.2,0.8,0.8,3.2,4.0,0.6,0.8,0.2,2.6,77559,LaLiga 25/26
2026-02-15,14:30,Levante UD,Valencia,14083396,DgbsZgb,29,0.20689655172413793,0.3103448275862069,0.4827586206896552,1.0344827586206897,1.7586206896551724,2.793103448275862,0.5172413793103449,0.4827586206896552,0.9310344827586207,1.7586206896551724,10,0.1,0.3,0.6,1.4,2.3,3.7,0.8,0.6,0.6,2.1,5,0.2,0.2,0.6,1.4,2.0,3.4,0.6,0.4,0.8,2.0,77559,LaLiga 25/26
2026-02-15,17:00,Mallorca,Real Betis,14083509,qgbsBgb,45,0.35555555555555557,0.2,0.4444444444444444,1.0888888888888888,1.2444444444444445,2.3333333333333335,0.4666666666666667,0.4666666666666667,1.2666666666666666,1.5333333333333334,10,0.1,0.2,0.7,0.8,1.7,2.5,0.5,0.5,0.5,2.3,5,0.2,0.0,0.8,0.4,1.6,2.0,0.2,0.4,0.6,2.4,77559,LaLiga 25/26
2026-02-16,17:00,Girona FC,FC Barcelona,14083491,rgbsoKj,11,0.18181818181818182,0.18181818181818182,0.6363636363636364,1.2727272727272727,2.5454545454545454,3.8181818181818183,0.6363636363636364,0.7272727272727273,0.7272727272727273,2.090909090909091,10,0.2,0.2,0.6,1.4,2.5,3.9,0.7,0.7,0.8,2.0,5,0.4,0.0,0.6,2.2,2.8,5.0,1.0,1.0,1.2,1.8,77559,LaLiga 25/26
2026-02-18,16:00,Levante UD,Villarreal,15398993,ugbsZgb,26,0.2692307692307692,0.07692307692307693,0.6538461538461539,0.8461538461538461,1.8461538461538463,2.6923076923076925,0.4230769230769231,0.5384615384615384,0.8846153846153846,2.0384615384615383,10,0.3,0.1,0.6,1.0,2.0,3.0,0.6,0.6,1.0,1.9,5,0.2,0.0,0.8,1.0,2.8,3.8,0.6,0.8,0.6,2.4,77559,LaLiga 25/26
2026-02-20,17:00,Athletic Club,Elche,14083549,AgbsWgb,29,0.3448275862068966,0.3793103448275862,0.27586206896551724,1.103448275862069,0.7931034482758621,1.896551724137931,0.3793103448275862,0.3448275862068966,1.4137931034482758,1.206896551724138,10,0.4,0.3,0.3,1.1,0.9,2.0,0.4,0.4,1.5,1.2,5,0.4,0.4,0.2,1.2,0.6,1.8,0.4,0.4,1.6,1.0,77559,LaLiga 25/26
2026-02-21,10:00,Real Sociedad,Real Oviedo,14081792,zgbsbhb,33,0.30303030303030304,0.3333333333333333,0.36363636363636365,1.1818181818181819,1.2424242424242424,2.4242424242424243,0.42424242424242425,0.48484848484848486,1.2424242424242424,1.4242424242424243,10,0.4,0.3,0.3,1.6,0.9,2.5,0.3,0.5,1.5,1.2,5,0.4,0.2,0.4,0.8,0.4,1.2,0.0,0.2,1.4,1.4,77559,LaLiga 25/26
2026-02-21,12:15,Real Betis,Rayo Vallecano,14083572,qgbstgb,33,0.3939393939393939,0.3333333333333333,0.2727272727272727,1.3333333333333333,1.1515151515151516,2.484848484848485,0.5151515151515151,0.48484848484848486,1.5151515151515151,1.1515151515151516,10,0.4,0.5,0.1,1.4,1.1,2.5,0.7,0.4,1.7,0.8,5,0.2,0.6,0.2,0.8,1.0,1.8,0.4,0.2,1.2,1.2,77559,LaLiga 25/26
2026-02-21,14:30,Osasuna,Real Madrid,14081794,vgbsEgb,71,0.15492957746478872,0.2676056338028169,0.5774647887323944,0.9295774647887324,1.971830985915493,2.9014084507042255,0.5352112676056338,0.5211267605633803,0.7323943661971831,2.0,10,0.0,0.3,0.7,0.5,2.2,2.7,0.4,0.4,0.3,2.4,5,0.0,0.2,0.8,0.6,2.8,3.4,0.4,0.6,0.2,2.6,77559,LaLiga 25/26
2026-02-21,17:00,Atlético Madrid,Espanyol,14083561,ogbsLgb,99,0.47474747474747475,0.25252525252525254,0.2727272727272727,1.4747474747474747,1.0707070707070707,2.5454545454545454,0.5555555555555556,0.5050505050505051,1.6767676767676767,1.0707070707070707,10,0.3,0.5,0.2,1.4,1.4,2.8,0.8,0.6,1.4,1.1,5,0.0,0.8,0.2,1.2,1.4,2.6,0.8,0.4,0.8,1.4,77559,LaLiga 25/26
2026-02-22,10:00,Getafe,Sevilla,14083582,Igbsjhb,41,0.34146341463414637,0.1951219512195122,0.4634146341463415,0.975609756097561,1.3170731707317074,2.292682926829268,0.3170731707317073,0.43902439024390244,1.2195121951219512,1.5853658536585367,10,0.3,0.1,0.6,0.8,1.0,1.8,0.2,0.4,1.0,1.9,5,0.4,0.2,0.4,1.0,0.6,1.6,0.2,0.4,1.4,1.4,77559,LaLiga 25/26
2026-02-22,12:15,FC Barcelona,Levante UD,14083567,rgbsZgb,29,0.7241379310344828,0.20689655172413793,0.06896551724137931,2.793103448275862,0.8620689655172413,3.6551724137931036,0.5172413793103449,0.6551724137931034,2.3793103448275863,0.41379310344827586,10,0.7,0.1,0.2,2.6,1.6,4.2,0.6,0.8,2.2,0.7,5,0.8,0.2,0.0,2.6,1.4,4.0,0.6,0.8,2.6,0.2,77559,LaLiga 25/26
2026-02-22,14:30,Celta Vigo,Mallorca,14083577,wgbsBgb,37,0.35135135135135137,0.2702702702702703,0.3783783783783784,1.2432432432432432,1.2972972972972974,2.5405405405405403,0.4594594594594595,0.3783783783783784,1.3243243243243243,1.4054054054054055,10,0.3,0.3,0.4,1.1,1.4,2.5,0.5,0.3,1.2,1.5,5,0.4,0.4,0.2,1.2,0.8,2.0,0.6,0.2,1.6,1.0,77559,LaLiga 25/26
2026-02-22,17:00,Villarreal,Valencia,14081796,ugbsDgb,51,0.43137254901960786,0.19607843137254902,0.37254901960784315,1.2941176470588236,1.2352941176470589,2.5294117647058822,0.49019607843137253,0.43137254901960786,1.4901960784313726,1.3137254901960784,10,0.4,0.3,0.3,1.2,1.1,2.3,0.6,0.3,1.5,1.2,5,0.4,0.4,0.2,1.2,1.0,2.2,0.6,0.2,1.6,1.0,77559,LaLiga 25/26
2026-02-23,17:00,Deportivo Alavés,Girona FC,14083537,KhbsoKj,9,0.3333333333333333,0.2222222222222222,0.4444444444444444,1.1111111111111112,1.4444444444444444,2.5555555555555554,0.5555555555555556,0.5555555555555556,1.2222222222222223,1.5555555555555556,9,0.3333333333333333,0.2222222222222222,0.4444444444444444,1.1111111111111112,1.4444444444444444,2.5555555555555554,0.5555555555555556,0.5555555555555556,1.2222222222222223,1.5555555555555556,5,0.2,0.2,0.6,0.6,1.4,2.0,0.2,0.4,0.8,2.0,77559,LaLiga 25/26
2026-02-27,17:00,Levante UD,Deportivo Alavés,14081793,ZgbsKhb,11,0.18181818181818182,0.18181818181818182,0.6363636363636364,0.9090909090909091,1.4545454545454546,2.3636363636363638,0.5454545454545454,0.45454545454545453,0.7272727272727273,2.090909090909091,10,0.2,0.2,0.6,1.0,1.4,2.4,0.6,0.5,0.8,2.0,5,0.2,0.4,0.4,1.6,1.6,3.2,1.0,0.8,1.0,1.6,77559,LaLiga 25/26
2026-02-28,12:15,FC Barcelona,Villarreal,14081789,rgbsugb,51,0.5882352941176471,0.21568627450980393,0.19607843137254902,2.215686274509804,1.2745098039215685,3.4901960784313726,0.5882352941176471,0.6666666666666666,1.9803921568627452,0.803921568627451,10,0.7,0.0,0.3,2.5,1.6,4.1,0.6,0.7,2.1,0.9,5,0.6,0.0,0.4,3.2,2.4,5.6,0.8,0.8,1.8,1.2,77559,LaLiga 25/26
2026-02-28,14:30,Mallorca,Real Sociedad,14081818,zgbsBgb,51,0.3333333333333333,0.1568627450980392,0.5098039215686274,0.8823529411764706,1.2745098039215685,2.156862745098039,0.4117647058823529,0.37254901960784315,1.1568627450980393,1.6862745098039216,10,0.2,0.1,0.7,0.5,1.2,1.7,0.2,0.2,0.7,2.2,5,0.4,0.0,0.6,0.8,0.8,1.6,0.2,0.2,1.2,1.8,77559,LaLiga 25/26
2026-02-28,17:00,Real Oviedo,Atlético Madrid,14081795,Lgbsbhb,31,0.3225806451612903,0.1935483870967742,0.4838709677419355,1.2903225806451613,1.5483870967741935,2.838709677419355,0.41935483870967744,0.5483870967741935,1.1612903225806452,1.6451612903225807,10,0.2,0.3,0.5,1.1,1.9,3.0,0.4,0.5,0.9,1.8,5,0.2,0.4,0.4,1.0,1.8,2.8,0.2,0.6,1.0,1.6,77559,LaLiga 25/26
2026-03-01,10:00,Elche,Espanyol,14081819,ogbsWgb,25,0.24,0.32,0.44,1.12,1.52,2.64,0.64,0.48,1.04,1.64,10,0.3,0.4,0.3,1.3,1.4,2.7,0.8,0.6,1.3,1.3,5,0.2,0.4,0.4,1.2,1.4,2.6,0.6,0.6,1.0,1.6,77559,LaLiga 25/26
2026-03-01,12:15,Valencia,Osasuna,14083591,vgbsDgb,69,0.463768115942029,0.2753623188405797,0.2608695652173913,1.4492753623188406,0.9420289855072463,2.391304347826087,0.4492753623188406,0.4057971014492754,1.6666666666666667,1.0579710144927537,10,0.4,0.2,0.4,1.4,1.3,2.7,0.6,0.6,1.4,1.4,5,0.2,0.4,0.4,1.0,1.2,2.2,0.4,0.4,1.0,1.6,77559,LaLiga 25/26
2026-03-01,14:30,Real Betis,Sevilla,14081791,qgbsIgb,83,0.2289156626506024,0.3132530120481928,0.4578313253012048,0.9879518072289156,1.3253012048192772,2.3132530120481927,0.4939759036144578,0.43373493975903615,1.0,1.6867469879518073,10,0.2,0.4,0.4,0.8,1.0,1.8,0.5,0.2,1.0,1.6,5,0.4,0.4,0.2,1.2,0.8,2.0,0.6,0.2,1.6,1.0,77559,LaLiga 25/26
2026-03-01,17:00,Girona FC,Celta Vigo,14081797,wgbsoKj,11,0.36363636363636365,0.45454545454545453,0.18181818181818182,1.3636363636363635,1.1818181818181819,2.5454545454545454,0.6363636363636364,0.36363636363636365,1.5454545454545454,1.0,10,0.4,0.4,0.2,1.2,1.0,2.2,0.6,0.3,1.6,1.0,5,0.4,0.6,0.0,1.2,0.8,2.0,0.6,0.2,1.8,0.6,77559,LaLiga 25/26
2026-03-02,17:00,Real Madrid,Getafe,14081798,Egbsjhb,41,0.7560975609756098,0.07317073170731707,0.17073170731707318,2.024390243902439,0.7073170731707317,2.731707317073171,0.36585365853658536,0.4634146341463415,2.341463414634146,0.5853658536585366,10,0.8,0.1,0.1,1.2,0.2,1.4,0.1,0.1,2.5,0.4,5,1.0,0.0,0.0,1.6,0.2,1.8,0.2,0.2,3.0,0.0,77559,LaLiga 25/26
2026-03-04,15:00,Rayo Vallecano,Real Oviedo,15534915,tgbsbhb,15,0.06666666666666667,0.4,0.5333333333333333,0.8666666666666667,1.8666666666666667,2.7333333333333334,0.5333333333333333,0.4666666666666667,0.6,2.0,10,0.1,0.3,0.6,0.7,1.6,2.3,0.4,0.4,0.6,2.1,5,0.0,0.2,0.8,0.4,2.0,2.4,0.4,0.4,0.2,2.6,77559,LaLiga 25/26
2026-03-06,17:00,Celta Vigo,Real Madrid,14083607,wgbsEgb,81,0.19753086419753085,0.16049382716049382,0.6419753086419753,1.0123456790123457,2.1728395061728394,3.185185185185185,0.48148148148148145,0.6172839506172839,0.7530864197530864,2.0864197530864197,10,0.1,0.0,0.9,1.0,2.6,3.6,0.6,0.7,0.3,2.7,5,0.2,0.0,0.8,1.0,2.0,3.0,0.4,0.6,0.6,2.4,77559,LaLiga 25/26
2026-03-07,10:00,Osasuna,Mallorca,14081805,vgbsBgb,49,0.3469387755102041,0.42857142857142855,0.22448979591836735,1.183673469387755,1.0612244897959184,2.2448979591836733,0.5306122448979592,0.32653061224489793,1.469387755102041,1.1020408163265305,10,0.3,0.5,0.2,1.3,1.3,2.6,0.6,0.4,1.4,1.1,5,0.2,0.6,0.2,1.4,1.4,2.8,0.8,0.4,1.2,1.2,77559,LaLiga 25/26
2026-03-07,12:15,Levante UD,Girona FC,14081802,ZgbsoKj,5,0.4,0.4,0.2,2.0,1.2,3.2,0.8,0.8,1.6,1.0,5,0.4,0.4,0.2,2.0,1.2,3.2,0.8,0.8,1.6,1.0,5,0.4,0.4,0.2,2.0,1.2,3.2,0.8,0.8,1.6,1.0,77559,LaLiga 25/26
2026-03-07,14:30,Atlético Madrid,Real Sociedad,14083602,zgbsLgb,105,0.49523809523809526,0.2571428571428571,0.24761904761904763,1.619047619047619,0.9714285714285714,2.5904761904761906,0.4857142857142857,0.49523809523809526,1.7428571428571429,1.0,10,0.6,0.4,0.0,1.9,0.9,2.8,0.8,0.6,2.2,0.4,5,0.6,0.4,0.0,2.0,0.6,2.6,0.6,0.4,2.2,0.4,77559,LaLiga 25/26
2026-03-07,17:00,Athletic Club,FC Barcelona,14083597,rgbsAgb,113,0.23008849557522124,0.20353982300884957,0.5663716814159292,0.8938053097345132,1.8672566371681416,2.7610619469026547,0.4690265486725664,0.5309734513274337,0.8938053097345132,1.9026548672566372,10,0.0,0.2,0.8,0.3,2.2,2.5,0.3,0.6,0.2,2.6,5,0.0,0.2,0.8,0.2,2.0,2.2,0.2,0.6,0.2,2.6,77559,LaLiga 25/26
2026-03-08,10:00,Villarreal,Elche,14081803,ugbsWgb,11,0.45454545454545453,0.36363636363636365,0.18181818181818182,1.7272727272727273,1.0,2.727272727272727,0.5454545454545454,0.5454545454545454,1.7272727272727273,0.9090909090909091,10,0.4,0.4,0.2,1.8,1.1,2.9,0.6,0.6,1.6,1.0,5,0.6,0.0,0.4,2.4,1.2,3.6,0.6,0.8,1.8,1.2,77559,LaLiga 25/26
2026-03-08,12:15,Getafe,Real Betis,14081801,qgbsjhb,35,0.2857142857142857,0.37142857142857144,0.34285714285714286,1.0285714285714285,1.1428571428571428,2.1714285714285713,0.45714285714285713,0.34285714285714286,1.2285714285714286,1.4,10,0.1,0.3,0.6,0.5,1.4,1.9,0.4,0.3,0.6,2.1,5,0.0,0.4,0.6,0.8,2.0,2.8,0.8,0.6,0.4,2.2,77559,LaLiga 25/26
2026-03-08,14:30,Sevilla,Rayo Vallecano,14081804,tgbsIgb,43,0.5348837209302325,0.2558139534883721,0.20930232558139536,1.6744186046511629,1.0232558139534884,2.697674418604651,0.5116279069767442,0.46511627906976744,1.8604651162790697,0.8837209302325582,10,0.5,0.4,0.1,1.7,0.7,2.4,0.5,0.4,1.9,0.7,5,0.6,0.4,0.0,1.4,0.8,2.2,0.6,0.4,2.2,0.4,77559,LaLiga 25/26
2026-03-08,17:00,Valencia,Deportivo Alavés,14081799,DgbsKhb,29,0.41379310344827586,0.3103448275862069,0.27586206896551724,1.3793103448275863,0.896551724137931,2.2758620689655173,0.5172413793103449,0.5172413793103449,1.5517241379310345,1.1379310344827587,10,0.1,0.5,0.4,1.0,1.1,2.1,0.5,0.4,0.8,1.7,5,0.0,0.4,0.6,0.4,1.0,1.4,0.2,0.2,0.4,2.2,77559,LaLiga 25/26
2026-03-09,17:00,Espanyol,Real Oviedo,14081800,ogbsbhb,29,0.5172413793103449,0.20689655172413793,0.27586206896551724,1.6896551724137931,0.9655172413793104,2.6551724137931036,0.4482758620689655,0.5172413793103449,1.7586206896551724,1.0344827586206897,10,0.4,0.5,0.1,1.3,0.7,2.0,0.5,0.2,1.7,0.8,5,0.6,0.2,0.2,1.6,0.8,2.4,0.4,0.4,2.0,0.8,77559,LaLiga 25/26
2026-03-13,17:00,Deportivo Alavés,Villarreal,14081806,ugbsKhb,27,0.4444444444444444,0.1111111111111111,0.4444444444444444,1.1851851851851851,1.5925925925925926,2.7777777777777777,0.6296296296296297,0.5925925925925926,1.4444444444444444,1.4444444444444444,10,0.3,0.2,0.5,1.2,2.0,3.2,0.8,0.7,1.1,1.7,5,0.2,0.4,0.4,0.8,1.6,2.4,0.6,0.4,1.0,1.6,77559,LaLiga 25/26
2026-03-14,10:00,Girona FC,Athletic Club,14083632,AgbsoKj,11,0.36363636363636365,0.18181818181818182,0.45454545454545453,1.2727272727272727,1.5454545454545454,2.8181818181818183,0.6363636363636364,0.5454545454545454,1.2727272727272727,1.5454545454545454,10,0.4,0.2,0.4,1.4,1.5,2.9,0.7,0.6,1.4,1.4,5,0.2,0.4,0.4,1.2,1.8,3.0,0.8,0.6,1.0,1.6,77559,LaLiga 25/26
2026-03-14,12:15,Atlético Madrid,Getafe,14083612,Lgbsjhb,41,0.6585365853658537,0.24390243902439024,0.0975609756097561,1.7073170731707317,0.6097560975609756,2.317073170731707,0.3170731707317073,0.34146341463414637,2.2195121951219514,0.5365853658536586,10,0.6,0.3,0.1,1.9,1.0,2.9,0.5,0.6,2.1,0.6,5,0.6,0.2,0.2,1.8,1.0,2.8,0.4,0.6,2.0,0.8,77559,LaLiga 25/26
2026-03-14,14:30,Real Oviedo,Valencia,14083627,Dgbsbhb,33,0.21212121212121213,0.36363636363636365,0.42424242424242425,1.0,1.5757575757575757,2.5757575757575757,0.48484848484848486,0.5454545454545454,1.0,1.6363636363636365,10,0.1,0.5,0.4,0.8,1.6,2.4,0.5,0.4,0.8,1.7,5,0.2,0.4,0.4,0.8,1.8,2.6,0.4,0.4,1.0,1.6,77559,LaLiga 25/26
2026-03-14,17:00,Real Madrid,Elche,14083637,EgbsWgb,29,0.6551724137931034,0.2413793103448276,0.10344827586206896,2.3793103448275863,0.9655172413793104,3.3448275862068964,0.6551724137931034,0.6206896551724138,2.206896551724138,0.5517241379310345,10,0.7,0.3,0.0,2.6,0.8,3.4,0.6,0.8,2.4,0.3,5,0.6,0.4,0.0,2.6,1.0,3.6,0.6,1.0,2.2,0.4,77559,LaLiga 25/26
2026-03-15,10:00,Mallorca,Espanyol,14083642,ogbsBgb,53,0.39622641509433965,0.1509433962264151,0.4528301886792453,1.2830188679245282,1.3773584905660377,2.660377358490566,0.49056603773584906,0.5471698113207547,1.3396226415094339,1.509433962264151,10,0.3,0.1,0.6,1.2,1.4,2.6,0.6,0.5,1.0,1.9,5,0.2,0.2,0.6,1.4,1.8,3.2,1.0,0.8,0.8,2.0,77559,LaLiga 25/26
2026-03-15,12:15,FC Barcelona,Sevilla,14083617,rgbsIgb,101,0.594059405940594,0.24752475247524752,0.15841584158415842,1.881188118811881,0.9504950495049505,2.8316831683168315,0.5346534653465347,0.5445544554455446,2.0297029702970297,0.7227722772277227,10,0.8,0.1,0.1,2.3,0.8,3.1,0.5,0.6,2.5,0.4,5,0.8,0.0,0.2,2.6,1.4,4.0,0.8,0.8,2.4,0.6,77559,LaLiga 25/26
2026-03-15,14:30,Real Betis,Celta Vigo,14083622,qgbswgb,63,0.38095238095238093,0.2698412698412698,0.3492063492063492,1.1587301587301588,1.3015873015873016,2.4603174603174605,0.49206349206349204,0.4126984126984127,1.4126984126984128,1.3174603174603174,10,0.2,0.3,0.5,1.4,1.8,3.2,0.7,0.6,0.9,1.8,5,0.2,0.4,0.4,1.6,1.8,3.4,1.0,0.8,1.0,1.6,77559,LaLiga 25/26
2026-03-15,17:00,Real Sociedad,Osasuna,14083652,vgbszgb,65,0.47692307692307695,0.26153846153846155,0.26153846153846155,1.2,0.8307692307692308,2.0307692307692307,0.36923076923076925,0.26153846153846155,1.6923076923076923,1.0461538461538462,10,0.6,0.1,0.3,1.3,0.7,2.0,0.3,0.2,1.9,1.0,5,0.2,0.2,0.6,1.0,1.4,2.4,0.6,0.4,0.8,2.0,77559,LaLiga 25/26
2026-03-16,17:00,Rayo Vallecano,Levante UD,14083647,tgbsZgb,15,0.5333333333333333,0.13333333333333333,0.3333333333333333,2.066666666666667,1.5333333333333334,3.6,0.6666666666666666,0.7333333333333333,1.7333333333333334,1.1333333333333333,10,0.5,0.2,0.3,1.9,1.5,3.4,0.7,0.7,1.7,1.1,5,0.4,0.2,0.4,1.8,2.0,3.8,0.8,0.8,1.4,1.4,77559,LaLiga 25/26
2026-03-20,17:00,Villarreal,Real Sociedad,14081808,ugbszgb,45,0.4444444444444444,0.28888888888888886,0.26666666666666666,1.488888888888889,1.0666666666666667,2.5555555555555554,0.5555555555555556,0.4888888888888889,1.6222222222222222,1.0888888888888888,10,0.4,0.2,0.4,1.5,1.4,2.9,0.6,0.6,1.4,1.4,5,0.4,0.2,0.4,1.6,1.8,3.4,0.6,0.8,1.4,1.4,77559,LaLiga 25/26
2026-03-21,10:00,Elche,Mallorca,14083668,BgbsWgb,7,0.2857142857142857,0.5714285714285714,0.14285714285714285,1.2857142857142858,1.0,2.2857142857142856,0.5714285714285714,0.42857142857142855,1.4285714285714286,1.0,7,0.2857142857142857,0.5714285714285714,0.14285714285714285,1.2857142857142858,1.0,2.2857142857142856,0.5714285714285714,0.42857142857142855,1.4285714285714286,1.0,5,0.4,0.4,0.2,1.6,1.2,2.8,0.6,0.6,1.6,1.0,77559,LaLiga 25/26
2026-03-21,12:15,Espanyol,Getafe,14083673,ogbsjhb,37,0.4594594594594595,0.1891891891891892,0.35135135135135137,0.918918918918919,1.054054054054054,1.972972972972973,0.32432432432432434,0.24324324324324326,1.5675675675675675,1.2432432432432432,10,0.5,0.3,0.2,1.0,0.6,1.6,0.4,0.2,1.8,0.9,5,0.8,0.0,0.2,1.0,0.4,1.4,0.2,0.2,2.4,0.6,77559,LaLiga 25/26
2026-03-21,14:30,Osasuna,Girona FC,14081815,vgbsoKj,7,0.2857142857142857,0.14285714285714285,0.5714285714285714,1.0,2.0,3.0,0.5714285714285714,0.5714285714285714,1.0,1.8571428571428572,7,0.2857142857142857,0.14285714285714285,0.5714285714285714,1.0,2.0,3.0,0.5714285714285714,0.5714285714285714,1.0,1.8571428571428572,5,0.2,0.0,0.8,0.8,2.4,3.2,0.4,0.6,0.6,2.4,77559,LaLiga 25/26
2026-03-21,14:30,Levante UD,Real Oviedo,14083678,Zgbsbhb,1,1.0,0.0,0.0,2.0,0.0,2.0,0.0,0.0,3.0,0.0,1,1.0,0.0,0.0,2.0,0.0,2.0,0.0,0.0,3.0,0.0,1,1.0,0.0,0.0,2.0,0.0,2.0,0.0,0.0,3.0,0.0,77559,LaLiga 25/26
2026-03-21,17:00,Sevilla,Valencia,14083684,DgbsIgb,99,0.35353535353535354,0.24242424242424243,0.40404040404040403,1.0303030303030303,1.2222222222222223,2.2525252525252526,0.40404040404040403,0.36363636363636365,1.303030303030303,1.4545454545454546,10,0.3,0.5,0.2,1.1,0.8,1.9,0.6,0.2,1.4,1.1,5,0.0,0.6,0.4,0.6,1.0,1.6,0.6,0.2,0.6,1.8,77559,LaLiga 25/26
2026-03-22,10:00,FC Barcelona,Rayo Vallecano,14083662,rgbstgb,45,0.6444444444444445,0.2,0.15555555555555556,2.688888888888889,0.8,3.488888888888889,0.5333333333333333,0.6222222222222222,2.1333333333333333,0.6666666666666666,10,0.4,0.3,0.3,1.2,0.8,2.0,0.5,0.4,1.5,1.2,5,0.6,0.4,0.0,1.6,0.6,2.2,0.6,0.4,2.2,0.4,77559,LaLiga 25/26
2026-03-22,12:15,Celta Vigo,Deportivo Alavés,14083689,wgbsKhb,29,0.41379310344827586,0.3103448275862069,0.27586206896551724,1.2758620689655173,0.9310344827586207,2.206896551724138,0.4482758620689655,0.3793103448275862,1.5517241379310345,1.1379310344827587,10,0.7,0.2,0.1,2.2,0.8,3.0,0.5,0.6,2.3,0.5,5,0.4,0.4,0.2,1.0,1.2,2.2,0.6,0.4,1.6,1.0,77559,LaLiga 25/26
2026-03-22,14:30,Athletic Club,Real Betis,14083657,qgbsAgb,89,0.3258426966292135,0.3707865168539326,0.30337078651685395,1.1797752808988764,1.0674157303370786,2.247191011235955,0.43820224719101125,0.38202247191011235,1.348314606741573,1.2808988764044944,10,0.3,0.4,0.3,1.3,1.3,2.6,0.6,0.5,1.3,1.3,5,0.4,0.4,0.2,2.0,1.8,3.8,1.0,0.8,1.6,1.0,77559,LaLiga 25/26
2026-03-22,17:00,Real Madrid,Atlético Madrid,14081807,EgbsLgb,109,0.5137614678899083,0.3119266055045872,0.1743119266055046,1.6238532110091743,1.0825688073394495,2.706422018348624,0.5596330275229358,0.48623853211009177,1.853211009174312,0.8348623853211009,10,0.2,0.5,0.3,1.2,1.5,2.7,0.8,0.3,1.1,1.4,5,0.0,0.6,0.4,1.2,2.2,3.4,1.0,0.4,0.6,1.8,77559,LaLiga 25/26
2026-04-03,16:00,Rayo Vallecano,Elche,14083697,tgbsWgb,11,0.2727272727272727,0.0,0.7272727272727273,0.9090909090909091,2.090909090909091,3.0,0.36363636363636365,0.7272727272727273,0.8181818181818182,2.1818181818181817,10,0.3,0.0,0.7,1.0,2.0,3.0,0.4,0.7,0.9,2.1,5,0.4,0.0,0.6,1.0,2.4,3.4,0.6,1.0,1.2,1.8,77559,LaLiga 25/26
2026-04-04,09:00,Real Sociedad,Levante UD,14083701,zgbsZgb,27,0.25925925925925924,0.37037037037037035,0.37037037037037035,1.2222222222222223,1.1851851851851851,2.4074074074074074,0.6296296296296297,0.48148148148148145,1.1481481481481481,1.4814814814814814,10,0.4,0.3,0.3,1.4,1.0,2.4,0.7,0.5,1.5,1.2,5,0.4,0.2,0.4,1.0,1.0,2.0,0.6,0.4,1.4,1.4,77559,LaLiga 25/26
2026-04-04,11:15,Mallorca,Real Madrid,14081816,BgbsEgb,59,0.1694915254237288,0.1864406779661017,0.6440677966101694,0.8135593220338984,1.9491525423728813,2.76271186440678,0.4915254237288136,0.5254237288135594,0.6949152542372882,2.1186440677966103,10,0.1,0.1,0.8,0.6,2.2,2.8,0.5,0.5,0.4,2.5,5,0.0,0.2,0.8,0.6,1.4,2.0,0.6,0.4,0.2,2.6,77559,LaLiga 25/26
2026-04-04,13:30,Real Betis,Espanyol,14081811,ogbsqgb,85,0.3764705882352941,0.2823529411764706,0.3411764705882353,1.3411764705882352,1.2941176470588236,2.635294117647059,0.5411764705882353,0.5058823529411764,1.411764705882353,1.3058823529411765,10,0.6,0.3,0.1,1.8,1.0,2.8,0.7,0.6,2.1,0.6,5,0.8,0.0,0.2,1.6,0.8,2.4,0.6,0.6,2.4,0.6,77559,LaLiga 25/26
2026-04-04,16:00,Atlético Madrid,FC Barcelona,14081810,rgbsLgb,109,0.26605504587155965,0.25688073394495414,0.47706422018348627,1.2568807339449541,1.7431192660550459,3.0,0.6146788990825688,0.5688073394495413,1.055045871559633,1.688073394495413,10,0.2,0.1,0.7,0.9,1.8,2.7,0.4,0.5,0.7,2.2,5,0.2,0.0,0.8,1.0,2.4,3.4,0.6,0.8,0.6,2.4,77559,LaLiga 25/26
2026-04-05,09:00,Getafe,Athletic Club,14081813,Agbsjhb,41,0.24390243902439024,0.4634146341463415,0.2926829268292683,0.8780487804878049,1.146341463414634,2.024390243902439,0.43902439024390244,0.3170731707317073,1.1951219512195121,1.3414634146341464,10,0.1,0.6,0.3,0.8,1.5,2.3,0.5,0.3,0.9,1.5,5,0.2,0.4,0.4,0.8,1.4,2.2,0.4,0.2,1.0,1.6,77559,LaLiga 25/26
2026-04-05,11:15,Valencia,Celta Vigo,14081817,wgbsDgb,81,0.4691358024691358,0.32098765432098764,0.20987654320987653,1.382716049382716,0.8395061728395061,2.2222222222222223,0.4691358024691358,0.38271604938271603,1.728395061728395,0.9506172839506173,10,0.6,0.2,0.2,1.7,1.2,2.9,0.6,0.7,2.0,0.8,5,0.2,0.4,0.4,1.2,2.0,3.2,0.8,0.8,1.0,1.6,77559,LaLiga 25/26
2026-04-05,13:30,Real Oviedo,Sevilla,14081814,Igbsbhb,23,0.30434782608695654,0.30434782608695654,0.391304347826087,1.0,1.434782608695652,2.4347826086956523,0.43478260869565216,0.43478260869565216,1.2173913043478262,1.4782608695652173,10,0.4,0.2,0.4,1.4,1.7,3.1,0.6,0.5,1.4,1.4,5,0.6,0.0,0.4,1.8,2.0,3.8,0.6,0.8,1.8,1.2,77559,LaLiga 25/26
2026-04-05,16:00,Deportivo Alavés,Osasuna,14081809,vgbsKhb,21,0.19047619047619047,0.19047619047619047,0.6190476190476191,0.8095238095238095,1.5238095238095237,2.3333333333333335,0.38095238095238093,0.2857142857142857,0.7619047619047619,2.0476190476190474,10,0.0,0.3,0.7,0.4,1.5,1.9,0.3,0.2,0.3,2.4,5,0.0,0.4,0.6,0.6,1.8,2.4,0.4,0.4,0.4,2.2,77559,LaLiga 25/26
2026-04-06,16:00,Girona FC,Villarreal,14081812,ugbsoKj,11,0.2727272727272727,0.09090909090909091,0.6363636363636364,0.8181818181818182,1.4545454545454546,2.272727272727273,0.36363636363636365,0.45454545454545453,0.9090909090909091,2.0,10,0.3,0.1,0.6,0.8,1.4,2.2,0.3,0.4,1.0,1.9,5,0.2,0.2,0.6,0.8,2.0,2.8,0.4,0.6,0.8,2.0,77559,LaLiga 25/26
2026-04-10,16:00,Real Madrid,Girona FC,14083191,EgbsoKj,11,0.5454545454545454,0.18181818181818182,0.2727272727272727,2.5454545454545454,1.2727272727272727,3.8181818181818183,0.6363636363636364,0.7272727272727273,1.8181818181818181,1.0,10,0.6,0.2,0.2,2.7,1.2,3.9,0.6,0.7,2.0,0.8,5,0.8,0.2,0.0,2.6,0.2,2.8,0.2,0.6,2.6,0.2,77559,LaLiga 25/26
2026-04-11,09:00,Real Sociedad,Deportivo Alavés,14083152,zgbsKhb,29,0.41379310344827586,0.20689655172413793,0.3793103448275862,1.2413793103448276,0.9310344827586207,2.1724137931034484,0.4482758620689655,0.4482758620689655,1.4482758620689655,1.3448275862068966,10,0.3,0.3,0.4,0.9,0.8,1.7,0.3,0.2,1.2,1.5,5,0.2,0.2,0.6,0.6,1.0,1.6,0.4,0.2,0.8,2.0,77559,LaLiga 25/26
2026-04-11,11:15,Elche,Valencia,14083132,DgbsWgb,29,0.13793103448275862,0.20689655172413793,0.6551724137931034,0.6551724137931034,1.6896551724137931,2.3448275862068964,0.41379310344827586,0.4482758620689655,0.6206896551724138,2.1724137931034484,10,0.1,0.2,0.7,0.8,1.9,2.7,0.6,0.6,0.5,2.3,5,0.0,0.4,0.6,0.8,1.6,2.4,0.6,0.4,0.4,2.2,77559,LaLiga 25/26
2026-04-11,13:30,FC Barcelona,Espanyol,14083113,ogbsrgb,105,0.5904761904761905,0.29523809523809524,0.11428571428571428,1.9333333333333333,0.8095238095238095,2.742857142857143,0.42857142857142855,0.47619047619047616,2.066666666666667,0.638095238095238,10,0.7,0.3,0.0,2.0,0.8,2.8,0.5,0.4,2.4,0.3,5,0.8,0.2,0.0,2.4,0.8,3.2,0.6,0.4,2.6,0.2,77559,LaLiga 25/26
2026-04-11,16:00,Sevilla,Atlético Madrid,14083161,IgbsLgb,101,0.2871287128712871,0.3069306930693069,0.40594059405940597,1.108910891089109,1.4158415841584158,2.5247524752475248,0.504950495049505,0.44554455445544555,1.1683168316831682,1.5247524752475248,10,0.3,0.1,0.6,1.0,2.0,3.0,0.5,0.5,1.0,1.9,5,0.2,0.0,0.8,1.0,2.0,3.0,0.4,0.6,0.6,2.4,77559,LaLiga 25/26
2026-04-12,09:00,Osasuna,Real Betis,14083172,qgbsvgb,57,0.2807017543859649,0.21052631578947367,0.5087719298245614,1.0,1.2280701754385965,2.2280701754385963,0.42105263157894735,0.42105263157894735,1.0526315789473684,1.736842105263158,10,0.1,0.1,0.8,0.8,2.0,2.8,0.6,0.5,0.4,2.5,5,0.0,0.2,0.8,0.6,1.8,2.4,0.6,0.4,0.2,2.6,77559,LaLiga 25/26
2026-04-12,11:15,Mallorca,Rayo Vallecano,14083142,tgbsBgb,23,0.5217391304347826,0.2608695652173913,0.21739130434782608,1.434782608695652,0.8260869565217391,2.260869565217391,0.43478260869565216,0.4782608695652174,1.826086956521739,0.9130434782608695,10,0.5,0.3,0.2,1.5,1.0,2.5,0.6,0.6,1.8,0.9,5,0.4,0.4,0.2,1.2,1.0,2.2,0.6,0.6,1.6,1.0,77559,LaLiga 25/26
2026-04-12,13:30,Celta Vigo,Real Oviedo,14083123,wgbsbhb,27,0.37037037037037035,0.25925925925925924,0.37037037037037035,1.4814814814814814,1.2962962962962963,2.7777777777777777,0.48148148148148145,0.5185185185185185,1.3703703703703705,1.3703703703703705,10,0.5,0.1,0.4,2.1,1.5,3.6,0.6,0.7,1.6,1.3,5,0.4,0.2,0.4,1.4,1.4,2.8,0.4,0.4,1.4,1.4,77559,LaLiga 25/26
2026-04-12,16:00,Athletic Club,Villarreal,14083102,ugbsAgb,51,0.29411764705882354,0.3333333333333333,0.37254901960784315,1.0588235294117647,1.3529411764705883,2.411764705882353,0.5490196078431373,0.37254901960784315,1.2156862745098038,1.4509803921568627,10,0.4,0.4,0.2,1.2,1.2,2.4,0.6,0.3,1.6,1.0,5,0.4,0.4,0.2,1.2,0.8,2.0,0.4,0.2,1.6,1.0,77559,LaLiga 25/26
2026-04-13,16:00,Levante UD,Getafe,14083182,Zgbsjhb,29,0.3103448275862069,0.3793103448275862,0.3103448275862069,0.8275862068965517,0.9310344827586207,1.7586206896551724,0.27586206896551724,0.3103448275862069,1.3103448275862069,1.3103448275862069,10,0.4,0.3,0.3,0.8,1.0,1.8,0.2,0.4,1.5,1.2,5,0.2,0.4,0.4,1.0,1.2,2.2,0.4,0.6,1.0,1.6,77559,LaLiga 25/26
2026-04-21,14:00,Athletic Club,Osasuna,14083258,vgbsAgb,73,0.4657534246575342,0.3150684931506849,0.2191780821917808,1.4383561643835616,0.9041095890410958,2.3424657534246576,0.4931506849315068,0.3835616438356164,1.7123287671232876,0.9726027397260274,10,0.4,0.5,0.1,1.4,0.9,2.3,0.5,0.4,1.7,0.8,5,0.4,0.6,0.0,1.4,0.8,2.2,0.6,0.4,1.8,0.6,77559,LaLiga 25/26
2026-04-21,14:00,Mallorca,Valencia,14083270,BgbsDgb,55,0.21818181818181817,0.23636363636363636,0.5454545454545454,0.8181818181818182,1.5272727272727273,2.3454545454545452,0.36363636363636365,0.43636363636363634,0.8909090909090909,1.8727272727272728,10,0.4,0.4,0.2,1.3,0.9,2.2,0.6,0.4,1.6,1.0,5,0.2,0.6,0.2,0.8,0.8,1.6,0.6,0.2,1.2,1.2,77559,LaLiga 25/26
2026-04-21,16:30,Real Madrid,Deportivo Alavés,14083295,EgbsKhb,29,0.8275862068965517,0.06896551724137931,0.10344827586206896,2.6551724137931036,0.7241379310344828,3.3793103448275863,0.5172413793103449,0.7586206896551724,2.5517241379310347,0.3793103448275862,10,0.9,0.0,0.1,2.6,0.7,3.3,0.5,0.7,2.7,0.3,5,1.0,0.0,0.0,2.4,0.6,3.0,0.4,0.6,3.0,0.0,77559,LaLiga 25/26
2026-04-21,16:30,Girona FC,Real Betis,14083318,qgbsoKj,11,0.09090909090909091,0.36363636363636365,0.5454545454545454,1.1818181818181819,1.7272727272727273,2.909090909090909,0.8181818181818182,0.5454545454545454,0.6363636363636364,2.0,10,0.1,0.3,0.6,1.1,1.7,2.8,0.8,0.5,0.6,2.1,5,0.2,0.6,0.2,1.4,1.6,3.0,1.0,0.4,1.2,1.2,77559,LaLiga 25/26
2026-04-22,14:00,Elche,Atlético Madrid,14083306,LgbsWgb,29,0.13793103448275862,0.13793103448275862,0.7241379310344828,0.6896551724137931,2.0,2.689655172413793,0.41379310344827586,0.4827586206896552,0.5517241379310345,2.310344827586207,10,0.1,0.1,0.8,0.3,1.7,2.0,0.2,0.2,0.4,2.5,5,0.2,0.2,0.6,0.4,1.2,1.6,0.2,0.0,0.8,2.0,77559,LaLiga 25/26
2026-04-22,15:00,Real Sociedad,Getafe,14083346,zgbsjhb,35,0.3142857142857143,0.2857142857142857,0.4,1.1428571428571428,1.0857142857142856,2.2285714285714286,0.5142857142857142,0.45714285714285713,1.2285714285714286,1.4857142857142858,10,0.4,0.4,0.2,1.2,1.1,2.3,0.5,0.4,1.6,1.0,5,0.4,0.4,0.2,1.4,1.6,3.0,0.6,0.6,1.6,1.0,77559,LaLiga 25/26
2026-04-22,16:30,FC Barcelona,Celta Vigo,14083261,rgbswgb,81,0.5679012345679012,0.2345679012345679,0.19753086419753085,2.1481481481481484,1.1358024691358024,3.2839506172839505,0.5555555555555556,0.654320987654321,1.9382716049382716,0.8271604938271605,10,0.6,0.2,0.2,2.4,1.8,4.2,0.9,0.9,2.0,0.8,5,0.8,0.2,0.0,3.0,2.0,5.0,1.0,1.0,2.6,0.2,77559,LaLiga 25/26
2026-04-23,14:00,Levante UD,Sevilla,14083265,IgbsZgb,29,0.1724137931034483,0.2413793103448276,0.5862068965517241,0.9655172413793104,2.0344827586206895,3.0,0.5172413793103449,0.5517241379310345,0.7586206896551724,2.0,10,0.2,0.1,0.7,1.3,2.4,3.7,0.5,0.6,0.7,2.2,5,0.2,0.0,0.8,1.6,2.0,3.6,0.4,0.6,0.6,2.4,77559,LaLiga 25/26
2026-04-23,15:00,Rayo Vallecano,Espanyol,14083330,ogbstgb,39,0.20512820512820512,0.28205128205128205,0.5128205128205128,1.1025641025641026,1.7179487179487178,2.8205128205128207,0.6153846153846154,0.5641025641025641,0.8974358974358975,1.8205128205128205,10,0.3,0.1,0.6,1.0,1.5,2.5,0.5,0.6,1.0,1.9,5,0.2,0.0,0.8,0.8,1.8,2.6,0.4,0.6,0.6,2.4,77559,LaLiga 25/26
2026-04-23,16:30,Real Oviedo,Villarreal,14083282,ugbsbhb,5,0.0,0.4,0.6,0.2,1.2,1.4,0.2,0.2,0.4,2.2,5,0.0,0.4,0.6,0.2,1.2,1.4,0.2,0.2,0.4,2.2,5,0.0,0.4,0.6,0.2,1.2,1.4,0.2,0.2,0.4,2.2,77559,LaLiga 25/26
2026-04-24,16:00,Real Betis,Real Madrid,14083211,qgbsEgb,89,0.20224719101123595,0.2696629213483146,0.5280898876404494,1.0112359550561798,1.9662921348314606,2.9775280898876404,0.550561797752809,0.5393258426966292,0.8764044943820225,1.853932584269663,10,0.1,0.5,0.4,0.5,1.2,1.7,0.4,0.3,0.8,1.7,5,0.2,0.4,0.4,0.8,1.8,2.6,0.6,0.4,1.0,1.6,77559,LaLiga 25/26
2026-04-25,09:00,Deportivo Alavés,Mallorca,14083202,BgbsKhb,21,0.14285714285714285,0.3333333333333333,0.5238095238095238,0.7619047619047619,1.4285714285714286,2.1904761904761907,0.3333333333333333,0.3333333333333333,0.7619047619047619,1.9047619047619047,10,0.2,0.4,0.4,0.6,0.7,1.3,0.3,0.1,1.0,1.6,5,0.2,0.6,0.2,0.6,0.6,1.2,0.4,0.0,1.2,1.2,77559,LaLiga 25/26
2026-04-25,11:15,Getafe,FC Barcelona,14083245,rgbsjhb,41,0.07317073170731707,0.24390243902439024,0.6829268292682927,0.5609756097560976,2.073170731707317,2.6341463414634148,0.3902439024390244,0.4634146341463415,0.4634146341463415,2.292682926829268,10,0.0,0.4,0.6,0.4,1.7,2.1,0.3,0.4,0.4,2.2,5,0.0,0.4,0.6,0.2,1.8,2.0,0.2,0.4,0.4,2.2,77559,LaLiga 25/26
2026-04-25,13:30,Valencia,Girona FC,14083255,DgbsoKj,11,0.45454545454545453,0.09090909090909091,0.45454545454545453,1.1818181818181819,1.1818181818181819,2.3636363636363638,0.5454545454545454,0.45454545454545453,1.4545454545454546,1.4545454545454546,10,0.4,0.1,0.5,1.1,1.2,2.3,0.5,0.4,1.3,1.6,5,0.2,0.2,0.6,1.2,1.6,2.8,0.8,0.6,0.8,2.0,77559,LaLiga 25/26
2026-04-25,16:00,Atlético Madrid,Athletic Club,14083242,AgbsLgb,109,0.48623853211009177,0.1834862385321101,0.3302752293577982,1.385321100917431,1.1559633027522935,2.541284403669725,0.47706422018348627,0.47706422018348627,1.6422018348623852,1.1743119266055047,10,0.5,0.1,0.4,0.8,0.8,1.6,0.2,0.2,1.6,1.3,5,0.6,0.0,0.4,1.0,0.8,1.8,0.2,0.2,1.8,1.2,77559,LaLiga 25/26
2026-04-26,09:00,Rayo Vallecano,Real Sociedad,14083239,tgbszgb,45,0.3111111111111111,0.26666666666666666,0.4222222222222222,1.2,1.711111111111111,2.911111111111111,0.5333333333333333,0.6,1.2,1.5333333333333334,10,0.2,0.5,0.3,1.1,1.3,2.4,0.6,0.5,1.1,1.4,5,0.4,0.6,0.0,1.4,1.0,2.4,0.6,0.6,1.8,0.6,77559,LaLiga 25/26
2026-04-26,11:15,Real Oviedo,Elche,14083252,Wgbsbhb,7,0.5714285714285714,0.14285714285714285,0.2857142857142857,1.1428571428571428,0.42857142857142855,1.5714285714285714,0.14285714285714285,0.2857142857142857,1.8571428571428572,1.0,7,0.5714285714285714,0.14285714285714285,0.2857142857142857,1.1428571428571428,0.42857142857142855,1.5714285714285714,0.14285714285714285,0.2857142857142857,1.8571428571428572,1.0,5,0.4,0.2,0.4,1.2,0.6,1.8,0.2,0.4,1.4,1.4,77559,LaLiga 25/26
2026-04-26,13:30,Osasuna,Sevilla,14083231,vgbsIgb,69,0.30434782608695654,0.2898550724637681,0.4057971014492754,0.9130434782608695,1.0724637681159421,1.9855072463768115,0.391304347826087,0.2898550724637681,1.2028985507246377,1.5072463768115942,10,0.3,0.4,0.3,0.8,1.0,1.8,0.4,0.2,1.3,1.3,5,0.2,0.6,0.2,0.6,0.6,1.2,0.4,0.0,1.2,1.2,77559,LaLiga 25/26
2026-04-26,16:00,Villarreal,Celta Vigo,14083248,ugbswgb,39,0.38461538461538464,0.28205128205128205,0.3333333333333333,1.641025641025641,1.358974358974359,3.0,0.6153846153846154,0.5384615384615384,1.435897435897436,1.2820512820512822,10,0.4,0.3,0.3,1.8,1.9,3.7,0.8,0.6,1.5,1.2,5,0.4,0.2,0.4,2.0,2.4,4.4,0.8,0.8,1.4,1.4,77559,LaLiga 25/26
2026-04-27,16:00,Espanyol,Levante UD,14083221,ogbsZgb,27,0.3333333333333333,0.37037037037037035,0.2962962962962963,1.2222222222222223,1.2962962962962963,2.5185185185185186,0.6296296296296297,0.48148148148148145,1.3703703703703705,1.2592592592592593,10,0.3,0.5,0.2,1.3,1.3,2.6,0.7,0.4,1.4,1.1,5,0.4,0.4,0.2,1.6,1.6,3.2,0.8,0.4,1.6,1.0,77559,LaLiga 25/26
2026-05-01,16:00,Girona FC,Mallorca,14083457,BgbsoKj,7,0.5714285714285714,0.14285714285714285,0.2857142857142857,1.7142857142857142,1.2857142857142858,3.0,0.7142857142857143,0.5714285714285714,1.8571428571428572,1.0,7,0.5714285714285714,0.14285714285714285,0.2857142857142857,1.7142857142857142,1.2857142857142858,3.0,0.7142857142857143,0.5714285714285714,1.8571428571428572,1.0,5,0.6,0.0,0.4,1.8,1.4,3.2,0.6,0.6,1.8,1.2,77559,LaLiga 25/26
2026-05-02,09:00,Villarreal,Levante UD,14083512,ugbsZgb,27,0.6666666666666666,0.07407407407407407,0.25925925925925924,1.8148148148148149,0.8148148148148148,2.6296296296296298,0.4074074074074074,0.5185185185185185,2.074074074074074,0.8518518518518519,10,0.7,0.1,0.2,2.1,0.9,3.0,0.6,0.6,2.2,0.7,5,0.8,0.0,0.2,2.6,0.8,3.4,0.4,0.6,2.4,0.6,77559,LaLiga 25/26
2026-05-02,11:15,Valencia,Atlético Madrid,14083476,DgbsLgb,107,0.3177570093457944,0.24299065420560748,0.4392523364485981,1.1869158878504673,1.411214953271028,2.5981308411214954,0.5327102803738317,0.48598130841121495,1.1962616822429906,1.560747663551402,10,0.1,0.1,0.8,1.0,2.3,3.3,0.4,0.8,0.4,2.5,5,0.2,0.0,0.8,0.8,2.0,2.8,0.2,0.8,0.6,2.4,77559,LaLiga 25/26
2026-05-02,13:30,Deportivo Alavés,Athletic Club,14083364,AgbsKhb,29,0.20689655172413793,0.3448275862068966,0.4482758620689655,0.7241379310344828,1.2758620689655173,2.0,0.3793103448275862,0.27586206896551724,0.9655172413793104,1.6896551724137931,10,0.3,0.3,0.4,0.5,0.8,1.3,0.2,0.1,1.2,1.5,5,0.2,0.2,0.6,0.4,1.2,1.6,0.2,0.0,0.8,2.0,77559,LaLiga 25/26
2026-05-02,16:00,Osasuna,FC Barcelona,14083495,rgbsvgb,71,0.18309859154929578,0.22535211267605634,0.5915492957746479,0.7887323943661971,2.056338028169014,2.8450704225352115,0.39436619718309857,0.5352112676056338,0.7746478873239436,2.0,10,0.1,0.1,0.8,0.8,2.1,2.9,0.4,0.6,0.4,2.5,5,0.2,0.0,0.8,1.0,2.0,3.0,0.4,0.6,0.6,2.4,77559,LaLiga 25/26
2026-05-03,09:00,Celta Vigo,Elche,14083401,wgbsWgb,23,0.43478260869565216,0.17391304347826086,0.391304347826087,1.1304347826086956,0.8260869565217391,1.9565217391304348,0.34782608695652173,0.30434782608695654,1.4782608695652173,1.3478260869565217,10,0.5,0.2,0.3,1.0,0.7,1.7,0.4,0.2,1.7,1.1,5,0.6,0.0,0.4,0.8,0.6,1.4,0.2,0.2,1.8,1.2,77559,LaLiga 25/26
2026-05-03,11:15,Getafe,Rayo Vallecano,14083440,tgbsjhb,21,0.14285714285714285,0.3333333333333333,0.5238095238095238,0.5714285714285714,1.2857142857142858,1.8571428571428572,0.42857142857142855,0.3333333333333333,0.7619047619047619,1.9047619047619047,10,0.1,0.6,0.3,0.4,0.9,1.3,0.3,0.2,0.9,1.5,5,0.0,0.6,0.4,0.2,0.8,1.0,0.2,0.0,0.6,1.8,77559,LaLiga 25/26
2026-05-03,13:30,Real Betis,Real Oviedo,14083381,qgbsbhb,21,0.38095238095238093,0.5238095238095238,0.09523809523809523,1.1428571428571428,0.5238095238095238,1.6666666666666667,0.3333333333333333,0.23809523809523808,1.6666666666666667,0.8095238095238095,10,0.4,0.6,0.0,1.6,0.5,2.1,0.5,0.2,1.8,0.6,5,0.6,0.4,0.0,1.8,0.4,2.2,0.4,0.2,2.2,0.4,77559,LaLiga 25/26
2026-05-03,16:00,Espanyol,Real Madrid,14083422,ogbsEgb,105,0.19047619047619047,0.13333333333333333,0.6761904761904762,0.7714285714285715,2.0761904761904764,2.8476190476190477,0.44761904761904764,0.5523809523809524,0.7047619047619048,2.1619047619047618,10,0.2,0.0,0.8,0.8,2.4,3.2,0.5,0.6,0.6,2.4,5,0.2,0.0,0.8,0.8,2.4,3.2,0.6,0.6,0.6,2.4,77559,LaLiga 25/26
2026-05-04,16:00,Sevilla,Real Sociedad,14083526,zgbsIgb,97,0.3402061855670103,0.26804123711340205,0.3917525773195876,1.092783505154639,1.2164948453608246,2.3092783505154637,0.4948453608247423,0.4329896907216495,1.288659793814433,1.443298969072165,10,0.3,0.2,0.5,1.0,1.3,2.3,0.6,0.6,1.1,1.7,5,0.4,0.0,0.6,1.2,1.6,2.8,0.6,0.6,1.2,1.8,77559,LaLiga 25/26
2026-05-08,16:00,Levante UD,Osasuna,14083568,vgbsZgb,21,0.3333333333333333,0.14285714285714285,0.5238095238095238,1.0,1.5714285714285714,2.5714285714285716,0.42857142857142855,0.42857142857142855,1.1428571428571428,1.7142857142857142,10,0.3,0.2,0.5,0.8,1.2,2.0,0.3,0.2,1.1,1.7,5,0.2,0.2,0.6,0.8,1.4,2.2,0.4,0.4,0.8,2.0,77559,LaLiga 25/26
2026-05-09,09:00,Elche,Deportivo Alavés,14083578,WgbsKhb,5,0.4,0.0,0.6,1.2,1.4,2.6,0.4,0.4,1.2,1.8,5,0.4,0.0,0.6,1.2,1.4,2.6,0.4,0.4,1.2,1.8,5,0.4,0.0,0.6,1.2,1.4,2.6,0.4,0.4,1.2,1.8,77559,LaLiga 25/26
2026-05-09,11:15,Sevilla,Espanyol,14083587,ogbsIgb,91,0.45054945054945056,0.2857142857142857,0.26373626373626374,1.4945054945054945,1.1978021978021978,2.6923076923076925,0.5494505494505495,0.4835164835164835,1.6373626373626373,1.0769230769230769,10,0.6,0.3,0.1,1.8,1.0,2.8,0.6,0.4,2.1,0.6,5,0.6,0.2,0.2,2.0,1.4,3.4,0.8,0.6,2.0,0.8,77559,LaLiga 25/26
2026-05-09,13:30,Atlético Madrid,Celta Vigo,14083551,wgbsLgb,77,0.5844155844155844,0.22077922077922077,0.19480519480519481,1.7012987012987013,0.8701298701298701,2.5714285714285716,0.42857142857142855,0.4675324675324675,1.974025974025974,0.8051948051948052,10,0.7,0.3,0.0,1.8,0.6,2.4,0.5,0.4,2.4,0.3,5,0.6,0.4,0.0,1.4,0.4,1.8,0.4,0.2,2.2,0.4,77559,LaLiga 25/26
2026-05-09,16:00,Real Sociedad,Real Betis,14083583,qgbszgb,87,0.39080459770114945,0.3103448275862069,0.2988505747126437,1.2298850574712643,1.1264367816091954,2.3563218390804597,0.40229885057471265,0.41379310344827586,1.4827586206896552,1.206896551724138,10,0.2,0.4,0.4,0.7,1.4,2.1,0.2,0.4,1.0,1.6,5,0.4,0.2,0.4,1.0,1.2,2.2,0.2,0.4,1.4,1.4,77559,LaLiga 25/26
2026-05-10,09:00,Mallorca,Villarreal,14083573,ugbsBgb,37,0.21621621621621623,0.2972972972972973,0.4864864864864865,1.027027027027027,1.3243243243243243,2.3513513513513513,0.5135135135135135,0.4594594594594595,0.9459459459459459,1.7567567567567568,10,0.2,0.2,0.6,0.9,1.6,2.5,0.4,0.5,0.8,2.0,5,0.0,0.2,0.8,0.6,2.0,2.6,0.6,0.6,0.2,2.6,77559,LaLiga 25/26
2026-05-10,11:15,Athletic Club,Valencia,14083539,AgbsDgb,111,0.3063063063063063,0.2972972972972973,0.3963963963963964,1.1531531531531531,1.3603603603603605,2.5135135135135136,0.5225225225225225,0.44144144144144143,1.2162162162162162,1.4864864864864864,10,0.4,0.4,0.2,0.9,0.8,1.7,0.4,0.2,1.6,1.0,5,0.4,0.2,0.4,0.8,1.0,1.8,0.2,0.2,1.4,1.4,77559,LaLiga 25/26
2026-05-10,13:30,Real Oviedo,Getafe,14083592,bhbsjhb,1,0.0,0.0,1.0,0.0,2.0,2.0,0.0,0.0,0.0,3.0,1,0.0,0.0,1.0,0.0,2.0,2.0,0.0,0.0,0.0,3.0,1,0.0,0.0,1.0,0.0,2.0,2.0,0.0,0.0,0.0,3.0,77559,LaLiga 25/26
2026-05-10,16:00,FC Barcelona,Real Madrid,14083562,rgbsEgb,115,0.45217391304347826,0.21739130434782608,0.33043478260869563,1.626086956521739,1.2869565217391303,2.9130434782608696,0.5391304347826087,0.591304347826087,1.5739130434782609,1.208695652173913,10,0.4,0.0,0.6,2.1,1.8,3.9,0.8,1.0,1.2,1.8,5,0.4,0.0,0.6,2.4,2.0,4.4,0.8,1.0,1.2,1.8,77559,LaLiga 25/26
2026-05-11,16:00,Rayo Vallecano,Girona FC,14083598,tgbsoKj,9,0.2222222222222222,0.3333333333333333,0.4444444444444444,1.2222222222222223,1.6666666666666667,2.888888888888889,0.6666666666666666,0.7777777777777778,1.0,1.6666666666666667,9,0.2222222222222222,0.3333333333333333,0.4444444444444444,1.2222222222222223,1.6666666666666667,2.888888888888889,0.6666666666666666,0.7777777777777778,1.0,1.6666666666666667,5,0.4,0.2,0.4,1.2,1.4,2.6,0.6,0.8,1.4,1.4,77559,LaLiga 25/26
2026-05-12,14:00,Celta Vigo,Levante UD,14083613,wgbsZgb,21,0.5714285714285714,0.19047619047619047,0.23809523809523808,1.619047619047619,1.1904761904761905,2.8095238095238093,0.6190476190476191,0.47619047619047616,1.9047619047619047,0.9047619047619048,10,0.5,0.2,0.3,1.8,1.6,3.4,0.8,0.6,1.7,1.1,5,0.6,0.4,0.0,1.6,0.6,2.2,0.6,0.2,2.2,0.4,77559,LaLiga 25/26
2026-05-12,15:00,Real Betis,Elche,14083608,qgbsWgb,21,0.47619047619047616,0.23809523809523808,0.2857142857142857,1.5238095238095237,0.9523809523809523,2.4761904761904763,0.47619047619047616,0.47619047619047616,1.6666666666666667,1.0952380952380953,10,0.5,0.3,0.2,1.8,0.9,2.7,0.6,0.6,1.8,0.9,5,0.6,0.2,0.2,2.0,0.8,2.8,0.4,0.6,2.0,0.8,77559,LaLiga 25/26
2026-05-12,16:30,Osasuna,Atlético Madrid,14083634,vgbsLgb,67,0.2537313432835821,0.19402985074626866,0.5522388059701493,0.835820895522388,1.4477611940298507,2.283582089552239,0.3582089552238806,0.44776119402985076,0.9552238805970149,1.8507462686567164,10,0.2,0.0,0.8,0.7,1.5,2.2,0.2,0.4,0.6,2.4,5,0.4,0.0,0.6,1.2,1.0,2.2,0.2,0.2,1.2,1.8,77559,LaLiga 25/26
2026-05-13,14:00,Villarreal,Sevilla,14083644,ugbsIgb,47,0.2765957446808511,0.3404255319148936,0.3829787234042553,1.2127659574468086,1.3191489361702127,2.5319148936170213,0.5106382978723404,0.48936170212765956,1.1702127659574468,1.4893617021276595,10,0.5,0.3,0.2,1.9,1.2,3.1,0.8,0.6,1.8,0.9,5,0.8,0.2,0.0,2.4,1.4,3.8,1.0,0.8,2.6,0.2,77559,LaLiga 25/26
2026-05-13,14:00,Espanyol,Athletic Club,14083629,ogbsAgb,103,0.3786407766990291,0.2815533980582524,0.33980582524271846,1.2135922330097086,1.2135922330097086,2.4271844660194173,0.5339805825242718,0.4174757281553398,1.4174757281553398,1.3009708737864079,10,0.2,0.4,0.4,1.0,1.6,2.6,0.8,0.5,1.0,1.6,5,0.4,0.2,0.4,1.2,1.6,2.8,0.8,0.6,1.4,1.4,77559,LaLiga 25/26
2026-05-13,16:30,Deportivo Alavés,FC Barcelona,14083603,rgbsKhb,29,0.13793103448275862,0.13793103448275862,0.7241379310344828,0.7586206896551724,2.4827586206896552,3.2413793103448274,0.5172413793103449,0.5862068965517241,0.5517241379310345,2.310344827586207,10,0.0,0.2,0.8,0.6,2.5,3.1,0.6,0.6,0.2,2.6,5,0.0,0.0,1.0,0.6,2.4,3.0,0.6,0.8,0.0,3.0,77559,LaLiga 25/26
2026-05-13,16:30,Getafe,Mallorca,14083618,Bgbsjhb,29,0.41379310344827586,0.1724137931034483,0.41379310344827586,1.3793103448275863,1.3448275862068966,2.7241379310344827,0.5517241379310345,0.5172413793103449,1.4137931034482758,1.4137931034482758,10,0.4,0.2,0.4,0.8,0.8,1.6,0.3,0.3,1.4,1.4,5,0.2,0.2,0.6,0.6,1.0,1.6,0.4,0.4,0.8,2.0,77559,LaLiga 25/26
2026-05-14,14:00,Valencia,Rayo Vallecano,14083639,tgbsDgb,45,0.4666666666666667,0.3111111111111111,0.2222222222222222,1.7333333333333334,0.9333333333333333,2.6666666666666665,0.5333333333333333,0.5333333333333333,1.711111111111111,0.9777777777777777,10,0.1,0.6,0.3,0.7,1.0,1.7,0.6,0.1,0.9,1.5,5,0.2,0.6,0.2,0.6,0.6,1.2,0.4,0.0,1.2,1.2,77559,LaLiga 25/26
2026-05-14,15:00,Girona FC,Real Sociedad,14083624,zgbsoKj,11,0.09090909090909091,0.5454545454545454,0.36363636363636365,1.0,1.7272727272727273,2.727272727272727,0.5454545454545454,0.45454545454545453,0.8181818181818182,1.6363636363636365,10,0.1,0.5,0.4,1.0,1.8,2.8,0.5,0.5,0.8,1.7,5,0.2,0.4,0.4,1.0,1.2,2.2,0.6,0.4,1.0,1.6,77559,LaLiga 25/26
2026-05-14,16:30,Real Madrid,Real Oviedo,14083649,Egbsbhb,33,0.5757575757575758,0.2727272727272727,0.15151515151515152,1.9696969696969697,0.8484848484848485,2.8181818181818183,0.5151515151515151,0.48484848484848486,2.0,0.7272727272727273,10,0.5,0.4,0.1,2.5,0.9,3.4,0.7,0.6,1.9,0.7,5,0.4,0.6,0.0,2.2,0.8,3.0,0.6,0.6,1.8,0.6,77559,LaLiga 25/26
2026-05-17,14:00,Sevilla,Real Madrid,14083702,EgbsIgb,101,0.24752475247524752,0.16831683168316833,0.5841584158415841,1.2178217821782178,2.128712871287129,3.3465346534653464,0.6138613861386139,0.6336633663366337,0.9108910891089109,1.9207920792079207,10,0.0,0.2,0.8,1.0,2.2,3.2,0.7,0.6,0.2,2.6,5,0.0,0.2,0.8,0.6,2.0,2.6,0.4,0.2,0.2,2.6,77559,LaLiga 25/26
2026-05-17,14:00,FC Barcelona,Real Betis,14083666,qgbsrgb,89,0.6067415730337079,0.21348314606741572,0.1797752808988764,2.348314606741573,1.101123595505618,3.449438202247191,0.6292134831460674,0.6741573033707865,2.033707865168539,0.7528089887640449,10,0.7,0.2,0.1,2.8,1.3,4.1,0.7,0.8,2.3,0.5,5,0.6,0.4,0.0,3.4,1.6,5.0,0.8,0.8,2.2,0.4,77559,LaLiga 25/26
2026-05-17,14:00,Atlético Madrid,Girona FC,14083661,LgbsoKj,11,0.6363636363636364,0.2727272727272727,0.09090909090909091,2.272727272727273,0.9090909090909091,3.1818181818181817,0.5454545454545454,0.6363636363636364,2.1818181818181817,0.5454545454545454,10,0.7,0.2,0.1,2.3,0.8,3.1,0.5,0.6,2.3,0.5,5,0.8,0.0,0.2,3.2,1.0,4.2,0.4,1.0,2.4,0.6,77559,LaLiga 25/26
2026-05-17,14:00,Athletic Club,Celta Vigo,14083656,wgbsAgb,81,0.48148148148148145,0.2716049382716049,0.24691358024691357,1.3209876543209877,0.9629629629629629,2.2839506172839505,0.5061728395061729,0.43209876543209874,1.7160493827160495,1.0123456790123457,10,0.5,0.1,0.4,1.3,1.3,2.6,0.5,0.5,1.6,1.3,5,0.6,0.0,0.4,2.0,1.8,3.8,0.8,0.8,1.8,1.2,77559,LaLiga 25/26
2026-05-17,14:00,Rayo Vallecano,Villarreal,14083682,tgbsugb,25,0.2,0.16,0.64,1.08,2.08,3.16,0.6,0.6,0.76,2.08,10,0.2,0.2,0.6,0.7,2.1,2.8,0.5,0.5,0.8,2.0,5,0.0,0.4,0.6,0.4,2.0,2.4,0.4,0.4,0.4,2.2,77559,LaLiga 25/26
2026-05-17,14:00,Real Sociedad,Valencia,14083687,zgbsDgb,105,0.3619047619047619,0.2571428571428571,0.38095238095238093,1.180952380952381,1.180952380952381,2.361904761904762,0.4380952380952381,0.4380952380952381,1.3428571428571427,1.4,10,0.3,0.5,0.2,0.9,0.6,1.5,0.3,0.2,1.4,1.1,5,0.6,0.2,0.2,1.2,0.4,1.6,0.2,0.2,2.0,0.8,77559,LaLiga 25/26
2026-05-17,14:00,Osasuna,Espanyol,14083696,ogbsvgb,63,0.42857142857142855,0.25396825396825395,0.31746031746031744,1.1111111111111112,0.8412698412698413,1.9523809523809523,0.30158730158730157,0.30158730158730157,1.5396825396825398,1.2063492063492063,10,0.4,0.4,0.2,1.0,0.8,1.8,0.3,0.2,1.6,1.0,5,0.4,0.4,0.2,0.8,0.4,1.2,0.2,0.0,1.6,1.0,77559,LaLiga 25/26
2026-05-17,14:00,Elche,Getafe,14083671,Wgbsjhb,11,0.2727272727272727,0.36363636363636365,0.36363636363636365,0.8181818181818182,0.9090909090909091,1.7272727272727273,0.45454545454545453,0.18181818181818182,1.1818181818181819,1.4545454545454546,10,0.3,0.3,0.4,0.8,0.9,1.7,0.4,0.2,1.2,1.5,5,0.4,0.2,0.4,1.0,0.8,1.8,0.4,0.2,1.4,1.4,77559,LaLiga 25/26
2026-05-17,14:00,Levante UD,Mallorca,14083676,BgbsZgb,17,0.29411764705882354,0.29411764705882354,0.4117647058823529,1.1176470588235294,1.1764705882352942,2.2941176470588234,0.47058823529411764,0.4117647058823529,1.1764705882352942,1.5294117647058822,10,0.3,0.4,0.3,1.1,0.8,1.9,0.4,0.2,1.3,1.3,5,0.4,0.2,0.4,1.0,1.0,2.0,0.4,0.2,1.4,1.4,77559,LaLiga 25/26
2026-05-17,14:00,Real Oviedo,Deportivo Alavés,14083692,bhbsKhb,7,0.42857142857142855,0.2857142857142857,0.2857142857142857,1.1428571428571428,1.4285714285714286,2.5714285714285716,0.42857142857142855,0.42857142857142855,1.5714285714285714,1.1428571428571428,7,0.42857142857142855,0.2857142857142857,0.2857142857142857,1.1428571428571428,1.4285714285714286,2.5714285714285716,0.42857142857142855,0.42857142857142855,1.5714285714285714,1.1428571428571428,5,0.4,0.2,0.4,1.0,1.6,2.6,0.4,0.4,1.4,1.4,77559,LaLiga 25/26
2026-05-24,16:00,Real Madrid,Athletic Club,14083731,AgbsEgb,113,0.5486725663716814,0.21238938053097345,0.23893805309734514,1.8849557522123894,1.0176991150442478,2.9026548672566372,0.49557522123893805,0.5221238938053098,1.8584070796460177,0.9292035398230089,10,0.8,0.1,0.1,1.6,0.4,2.0,0.3,0.3,2.5,0.4,5,0.8,0.0,0.2,1.8,0.4,2.2,0.2,0.4,2.4,0.6,77559,LaLiga 25/26
2026-05-24,16:00,Valencia,FC Barcelona,14083739,rgbsDgb,111,0.22522522522522523,0.26126126126126126,0.5135135135135135,1.162162162162162,1.9009009009009008,3.063063063063063,0.5765765765765766,0.5585585585585585,0.9369369369369369,1.8018018018018018,10,0.0,0.1,0.9,0.9,3.2,4.1,0.7,0.7,0.1,2.8,5,0.0,0.2,0.8,1.0,4.0,5.0,0.8,0.8,0.2,2.6,77559,LaLiga 25/26
2026-05-24,16:00,Villarreal,Atlético Madrid,14083735,ugbsLgb,47,0.2978723404255319,0.3404255319148936,0.3617021276595745,1.297872340425532,1.425531914893617,2.723404255319149,0.5531914893617021,0.48936170212765956,1.2340425531914894,1.425531914893617,10,0.1,0.5,0.4,1.3,1.8,3.1,0.7,0.6,0.8,1.7,5,0.0,0.4,0.6,1.0,2.0,3.0,0.8,0.6,0.4,2.2,77559,LaLiga 25/26
2026-05-24,16:00,Real Betis,Levante UD,14083710,qgbsZgb,25,0.48,0.2,0.32,1.76,1.48,3.24,0.56,0.6,1.64,1.16,10,0.5,0.1,0.4,2.1,2.1,4.2,0.6,0.8,1.6,1.3,5,0.6,0.2,0.2,2.8,1.8,4.6,0.8,0.8,2.0,0.8,77559,LaLiga 25/26
2026-05-24,16:00,Celta Vigo,Sevilla,14083715,wgbsIgb,69,0.37681159420289856,0.21739130434782608,0.4057971014492754,1.2028985507246377,1.2028985507246377,2.4057971014492754,0.463768115942029,0.43478260869565216,1.3478260869565217,1.434782608695652,10,0.3,0.4,0.3,1.5,1.5,3.0,0.7,0.5,1.3,1.3,5,0.6,0.2,0.2,1.4,1.0,2.4,0.6,0.4,2.0,0.8,77559,LaLiga 25/26
2026-05-24,16:00,Espanyol,Real Sociedad,14083719,ogbszgb,97,0.23711340206185566,0.30927835051546393,0.4536082474226804,0.9896907216494846,1.3298969072164948,2.3195876288659796,0.4639175257731959,0.422680412371134,1.0206185567010309,1.6701030927835052,10,0.2,0.1,0.7,1.1,1.6,2.7,0.6,0.6,0.7,2.2,5,0.0,0.2,0.8,1.2,2.0,3.2,0.8,0.8,0.2,2.6,77559,LaLiga 25/26
2026-05-24,16:00,Girona FC,Elche,14083743,WgbsoKj,3,0.6666666666666666,0.0,0.3333333333333333,1.3333333333333333,1.3333333333333333,2.6666666666666665,0.3333333333333333,0.6666666666666666,2.0,1.0,3,0.6666666666666666,0.0,0.3333333333333333,1.3333333333333333,1.3333333333333333,2.6666666666666665,0.3333333333333333,0.6666666666666666,2.0,1.0,3,0.6666666666666666,0.0,0.3333333333333333,1.3333333333333333,1.3333333333333333,2.6666666666666665,0.3333333333333333,0.6666666666666666,2.0,1.0,77559,LaLiga 25/26
2026-05-24,16:00,Getafe,Osasuna,14083723,vgbsjhb,33,0.42424242424242425,0.36363636363636365,0.21212121212121213,1.2424242424242424,0.8181818181818182,2.0606060606060606,0.3939393939393939,0.36363636363636365,1.6363636363636365,1.0,10,0.5,0.3,0.2,1.5,1.1,2.6,0.7,0.5,1.8,0.9,5,0.4,0.2,0.4,1.8,1.8,3.6,1.0,0.8,1.4,1.4,77559,LaLiga 25/26
2026-05-24,16:00,Deportivo Alavés,Rayo Vallecano,14083706,tgbsKhb,17,0.35294117647058826,0.11764705882352941,0.5294117647058824,0.9411764705882353,1.1176470588235294,2.0588235294117645,0.23529411764705882,0.17647058823529413,1.1764705882352942,1.7058823529411764,10,0.3,0.1,0.6,0.8,1.1,1.9,0.2,0.1,1.0,1.9,5,0.2,0.0,0.8,0.2,1.2,1.4,0.0,0.0,0.6,2.4,77559,LaLiga 25/26
2026-05-24,16:00,Mallorca,Real Oviedo,14083727,Bgbsbhb,15,0.3333333333333333,0.6,0.06666666666666667,1.2,0.7333333333333333,1.9333333333333333,0.5333333333333333,0.26666666666666666,1.6,0.8,10,0.4,0.6,0.0,1.3,0.7,2.0,0.6,0.3,1.8,0.6,5,0.2,0.8,0.0,1.2,0.8,2.0,0.6,0.2,1.4,0.8,77559,LaLiga 25/26
