date,time,season_id,season_name,season_year,comp,round,day,venue,result,gf,ga,opponent,poss,attendance,captain,formation,opp_formation,referee,match_report,notes,team,table_side,xg,xga,big_chances,big_chances_allowed,big_chances_scored,big_chances_scored_allowed,big_chances_missed,big_chances_missed_allowed,corner_kicks,corner_kicks_allowed,fouls,fouls_allowed,passes,passes_allowed,accurate_passes,accurate_passes_allowed,tackles,tackles_allowed,free_kicks,free_kicks_allowed,offsides,offsides_allowed,yellow_cards,yellow_cards_allowed,red_cards,red_cards_allowed,goalkeeper_saves,goalkeeper_saves_allowed,blocked_shots,blocked_shots_allowed,shots_off_target,shots_off_target_allowed,shots_inside_box,shots_inside_box_allowed,shots_outside_box,shots_outside_box_allowed,through_balls,through_balls_allowed,touches_in_box,touches_in_box_allowed,accurate_long_balls,accurate_long_balls_allowed,accurate_crosses,accurate_crosses_allowed,duel_win_pct,duel_win_pct_allowed,dispossessed,dispossessed_allowed,ground_duels_won,ground_duels_won_allowed,aerial_duels_won,aerial_duels_won_allowed,successful_dribbles,successful_dribbles_allowed,interceptions,interceptions_allowed,clearances,clearances_allowed,errors_lead_to_shot,errors_lead_to_shot_allowed,high_claims,high_claims_allowed,goal_kicks,goal_kicks_allowed,pass_accuracy_pct,pass_accuracy_pct_allowed,xg_per_sh,xg_per_sh_allowed,sot_per_sh,sot_per_sh_allowed,goals_minus_xg,goals_minus_xg_allowed,save_pct,save_pct_allowed
2025-08-15,14:00,77559,LaLiga 25/26,25/26,La Liga,Matchweek 1,Fri,Home,L,1.0,3.0,Rayo Vallecano,44.0,,,,,,https://www.sofascore.com/girona-fc-rayo-vallecano/tgbsoKj,Ended,Girona FC,for,0.56,3.43,1.0,4.0,1.0,3.0,0.0,1.0,2.0,4.0,8.0,17.0,382.0,481.0,296.0,415.0,13.0,27.0,17.0,7.0,1.0,1.0,0.0,1.0,1.0,0.0,2.0,1.0,3.0,1.0,2.0,10.0,3.0,12.0,4.0,4.0,0.0,1.0,9.0,26.0,20.0,21.0,2.0,9.0,48.0,52.0,16.0,8.0,38.0,42.0,15.0,16.0,9.0,7.0,3.0,8.0,18.0,18.0,2.0,1.0,0.0,0.0,10.0,7.0,77.5,86.3,0.08,0.214,0.286,0.312,0.44,-0.43,40.0,50.0
2025-08-15,14:00,77559,LaLiga 25/26,25/26,La Liga,Matchweek 1,Fri,Away,W,3.0,1.0,Girona FC,56.0,,,,,,https://www.sofascore.com/girona-fc-rayo-vallecano/tgbsoKj,Ended,Rayo Vallecano,for,3.43,0.56,4.0,1.0,3.0,1.0,1.0,0.0,4.0,2.0,17.0,8.0,481.0,382.0,415.0,296.0,27.0,13.0,7.0,17.0,1.0,1.0,1.0,0.0,0.0,1.0,1.0,2.0,1.0,3.0,10.0,2.0,12.0,3.0,4.0,4.0,1.0,0.0,26.0,9.0,21.0,20.0,9.0,2.0,52.0,48.0,8.0,16.0,42.0,38.0,16.0,15.0,7.0,9.0,8.0,3.0,18.0,18.0,1.0,2.0,0.0,0.0,7.0,10.0,86.3,77.5,0.214,0.08,0.312,0.286,-0.43,0.44,50.0,40.0
2025-08-15,16:30,77559,LaLiga 25/26,25/26,La Liga,Matchweek 1,Fri,Home,W,2.0,0.0,Real Oviedo,68.0,,,,,,https://www.sofascore.com/real-oviedo-villarreal/ugbsbhb,Ended,Villarreal,for,2.44,0.93,3.0,1.0,0.0,0.0,3.0,1.0,10.0,1.0,10.0,8.0,668.0,326.0,612.0,267.0,11.0,11.0,8.0,9.0,0.0,1.0,1.0,2.0,0.0,1.0,4.0,8.0,4.0,0.0,11.0,1.0,17.0,3.0,8.0,2.0,0.0,0.0,53.0,7.0,23.0,33.0,10.0,2.0,44.0,56.0,3.0,2.0,23.0,26.0,7.0,12.0,4.0,8.0,14.0,5.0,6.0,29.0,1.0,2.0,0.0,0.0,2.0,14.0,91.6,81.9,0.098,0.186,0.4,0.8,-0.44,-0.93,100.0,80.0
2025-08-15,16:30,77559,LaLiga 25/26,25/26,La Liga,Matchweek 1,Fri,Away,L,0.0,2.0,Villarreal,32.0,,,,,,https://www.sofascore.com/real-oviedo-villarreal/ugbsbhb,Ended,Real Oviedo,for,0.93,2.44,1.0,3.0,0.0,0.0,1.0,3.0,1.0,10.0,8.0,10.0,326.0,668.0,267.0,612.0,11.0,11.0,9.0,8.0,1.0,0.0,2.0,1.0,1.0,0.0,8.0,4.0,0.0,4.0,1.0,11.0,3.0,17.0,2.0,8.0,0.0,0.0,7.0,53.0,33.0,23.0,2.0,10.0,56.0,44.0,2.0,3.0,26.0,23.0,12.0,7.0,8.0,4.0,5.0,14.0,29.0,6.0,2.0,1.0,0.0,0.0,14.0,2.0,81.9,91.6,0.186,0.098,0.8,0.4,-0.93,-0.44,80.0,100.0
2025-08-16,14:30,77559,LaLiga 25/26,25/26,La Liga,Matchweek 1,Sat,Home,L,0.0,3.0,FC Barcelona,29.0,,,,,,https://www.sofascore.com/mallorca-barcelona/rgbsBgb,Ended,Mallorca,for,0.21,2.13,1.0,1.0,0.0,1.0,1.0,0.0,3.0,6.0,8.0,17.0,225.0,569.0,154.0,505.0,12.0,15.0,17.0,8.0,2.0,3.0,4.0,1.0,2.0,0.0,5.0,1.0,1.0,7.0,2.0,9.0,3.0,11.0,1.0,13.0,0.0,0.0,11.0,43.0,17.0,21.0,1.0,3.0,46.0,54.0,8.0,4.0,30.0,31.0,6.0,12.0,2.0,8.0,5.0,7.0,18.0,14.0,0.0,0.0,1.0,1.0,9.0,4.0,68.4,88.8,0.052,0.089,0.25,0.333,-0.21,0.87,62.5,100.0
2025-08-16,14:30,77559,LaLiga 25/26,25/26,La Liga,Matchweek 1,Sat,Away,W,3.0,0.0,Mallorca,71.0,,,,,,https://www.sofascore.com/mallorca-barcelona/rgbsBgb,Ended,FC Barcelona,for,2.13,0.21,1.0,1.0,1.0,0.0,0.0,1.0,6.0,3.0,17.0,8.0,569.0,225.0,505.0,154.0,15.0,12.0,8.0,17.0,3.0,2.0,1.0,4.0,0.0,2.0,1.0,5.0,7.0,1.0,9.0,2.0,11.0,3.0,13.0,1.0,0.0,0.0,43.0,11.0,21.0,17.0,3.0,1.0,54.0,46.0,4.0,8.0,31.0,30.0,12.0,6.0,8.0,2.0,7.0,5.0,14.0,18.0,0.0,0.0,1.0,1.0,4.0,9.0,88.8,68.4,0.089,0.052,0.333,0.25,0.87,-0.21,100.0,62.5
2025-08-16,16:30,77559,LaLiga 25/26,25/26,La Liga,Matchweek 1,Sat,Home,D,1.0,1.0,Real Sociedad,54.0,,,,,,https://www.sofascore.com/valencia-real-sociedad/zgbsDgb,Ended,Valencia,for,2.04,0.81,2.0,1.0,1.0,0.0,1.0,1.0,8.0,7.0,5.0,11.0,395.0,340.0,341.0,294.0,12.0,19.0,11.0,5.0,1.0,2.0,1.0,2.0,0.0,0.0,2.0,1.0,9.0,3.0,7.0,7.0,11.0,6.0,7.0,7.0,2.0,2.0,31.0,24.0,31.0,22.0,5.0,2.0,51.0,49.0,5.0,3.0,29.0,29.0,9.0,8.0,7.0,5.0,5.0,4.0,26.0,36.0,0.0,0.0,1.0,0.0,12.0,5.0,86.3,86.5,0.113,0.062,0.111,0.231,-1.04,0.19,66.7,50.0
2025-08-16,16:30,77559,LaLiga 25/26,25/26,La Liga,Matchweek 1,Sat,Away,D,1.0,1.0,Valencia,46.0,,,,,,https://www.sofascore.com/valencia-real-sociedad/zgbsDgb,Ended,Real Sociedad,for,0.81,2.04,1.0,2.0,0.0,1.0,1.0,1.0,7.0,8.0,11.0,5.0,340.0,395.0,294.0,341.0,19.0,12.0,5.0,11.0,2.0,1.0,2.0,1.0,0.0,0.0,1.0,2.0,3.0,9.0,7.0,7.0,6.0,11.0,7.0,7.0,2.0,2.0,24.0,31.0,22.0,31.0,2.0,5.0,49.0,51.0,3.0,5.0,29.0,29.0,8.0,9.0,5.0,7.0,4.0,5.0,36.0,26.0,0.0,0.0,0.0,1.0,5.0,12.0,86.5,86.3,0.062,0.113,0.231,0.111,0.19,-1.04,50.0,66.7
2025-08-16,16:30,77559,LaLiga 25/26,25/26,La Liga,Matchweek 1,Sat,Home,W,2.0,1.0,Levante UD,62.0,,,,,,https://www.sofascore.com/deportivo-alaves-levante-ud/ZgbsKhb,Ended,Deportivo Alavés,for,1.29,0.87,2.0,1.0,2.0,1.0,0.0,0.0,10.0,1.0,15.0,13.0,471.0,296.0,382.0,199.0,15.0,16.0,13.0,15.0,1.0,3.0,0.0,1.0,0.0,0.0,2.0,2.0,4.0,3.0,7.0,1.0,10.0,4.0,5.0,3.0,0.0,0.0,24.0,9.0,31.0,23.0,9.0,4.0,50.0,50.0,6.0,10.0,30.0,33.0,23.0,21.0,3.0,3.0,10.0,4.0,22.0,33.0,0.0,0.0,0.0,2.0,5.0,16.0,81.1,67.2,0.086,0.124,0.267,0.429,0.71,0.13,66.7,50.0
2025-08-16,16:30,77559,LaLiga 25/26,25/26,La Liga,Matchweek 1,Sat,Away,L,1.0,2.0,Deportivo Alavés,38.0,,,,,,https://www.sofascore.com/deportivo-alaves-levante-ud/ZgbsKhb,Ended,Levante UD,for,0.87,1.29,1.0,2.0,1.0,2.0,0.0,0.0,1.0,10.0,13.0,15.0,296.0,471.0,199.0,382.0,16.0,15.0,15.0,13.0,3.0,1.0,1.0,0.0,0.0,0.0,2.0,2.0,3.0,4.0,1.0,7.0,4.0,10.0,3.0,5.0,0.0,0.0,9.0,24.0,23.0,31.0,4.0,9.0,50.0,50.0,10.0,6.0,33.0,30.0,21.0,23.0,3.0,3.0,4.0,10.0,33.0,22.0,0.0,0.0,2.0,0.0,16.0,5.0,67.2,81.1,0.124,0.086,0.429,0.267,0.13,0.71,50.0,66.7
2025-08-17,12:00,77559,LaLiga 25/26,25/26,La Liga,Matchweek 1,Sun,Home,L,0.0,2.0,Getafe,69.0,,,,,,https://www.sofascore.com/getafe-celta-vigo/wgbsjhb,Ended,Celta Vigo,for,0.73,1.43,1.0,2.0,0.0,2.0,1.0,0.0,9.0,3.0,15.0,17.0,571.0,257.0,501.0,187.0,23.0,21.0,17.0,15.0,2.0,0.0,3.0,2.0,0.0,0.0,1.0,4.0,5.0,4.0,3.0,3.0,6.0,6.0,5.0,4.0,3.0,0.0,28.0,19.0,26.0,26.0,5.0,0.0,49.0,51.0,10.0,11.0,42.0,47.0,9.0,7.0,4.0,11.0,2.0,10.0,22.0,24.0,1.0,1.0,0.0,0.0,5.0,11.0,87.7,72.8,0.066,0.143,0.273,0.3,-0.73,0.57,33.3,133.3
2025-08-17,12:00,77559,LaLiga 25/26,25/26,La Liga,Matchweek 1,Sun,Away,W,2.0,0.0,Celta Vigo,31.0,,,,,,https://www.sofascore.com/getafe-celta-vigo/wgbsjhb,Ended,Getafe,for,1.43,0.73,2.0,1.0,2.0,0.0,0.0,1.0,3.0,9.0,17.0,15.0,257.0,571.0,187.0,501.0,21.0,23.0,15.0,17.0,0.0,2.0,2.0,3.0,0.0,0.0,4.0,1.0,4.0,5.0,3.0,3.0,6.0,6.0,4.0,5.0,0.0,3.0,19.0,28.0,26.0,26.0,0.0,5.0,51.0,49.0,11.0,10.0,47.0,42.0,7.0,9.0,11.0,4.0,10.0,2.0,24.0,22.0,1.0,1.0,0.0,0.0,11.0,5.0,72.8,87.7,0.143,0.066,0.3,0.273,0.57,-0.73,133.3,33.3
2025-08-17,14:30,77559,LaLiga 25/26,25/26,La Liga,Matchweek 1,Sun,Home,W,3.0,2.0,Sevilla,46.0,,,,,,https://www.sofascore.com/sevilla-athletic-club/AgbsIgb,Ended,Athletic Club,for,2.89,1.01,3.0,0.0,2.0,0.0,1.0,0.0,10.0,1.0,8.0,12.0,387.0,477.0,302.0,396.0,11.0,18.0,11.0,8.0,0.0,8.0,0.0,2.0,0.0,0.0,4.0,0.0,8.0,2.0,3.0,4.0,11.0,10.0,3.0,2.0,0.0,0.0,29.0,22.0,18.0,21.0,4.0,2.0,49.0,51.0,6.0,5.0,34.0,32.0,6.0,9.0,12.0,6.0,6.0,12.0,12.0,31.0,0.0,1.0,2.0,0.0,5.0,4.0,78.0,83.0,0.206,0.084,0.214,0.5,0.11,0.99,66.7,0.0
2025-08-17,14:30,77559,LaLiga 25/26,25/26,La Liga,Matchweek 1,Sun,Away,L,2.0,3.0,Athletic Club,54.0,,,,,,https://www.sofascore.com/sevilla-athletic-club/AgbsIgb,Ended,Sevilla,for,1.01,2.89,0.0,3.0,0.0,2.0,0.0,1.0,1.0,10.0,12.0,8.0,477.0,387.0,396.0,302.0,18.0,11.0,8.0,11.0,8.0,0.0,2.0,0.0,0.0,0.0,0.0,4.0,2.0,8.0,4.0,3.0,10.0,11.0,2.0,3.0,0.0,0.0,22.0,29.0,21.0,18.0,2.0,4.0,51.0,49.0,5.0,6.0,32.0,34.0,9.0,6.0,6.0,12.0,12.0,6.0,31.0,12.0,1.0,0.0,0.0,2.0,4.0,5.0,83.0,78.0,0.084,0.206,0.5,0.214,0.99,0.11,0.0,66.7
2025-08-17,16:30,77559,LaLiga 25/26,25/26,La Liga,Matchweek 1,Sun,Home,W,2.0,1.0,Atlético Madrid,40.0,,,,,,https://www.sofascore.com/atletico-madrid-espanyol/ogbsLgb,Ended,Espanyol,for,1.26,1.1,2.0,1.0,1.0,0.0,1.0,1.0,1.0,3.0,14.0,11.0,394.0,618.0,323.0,551.0,10.0,11.0,11.0,14.0,0.0,1.0,3.0,3.0,0.0,0.0,3.0,3.0,0.0,4.0,4.0,7.0,6.0,9.0,3.0,6.0,0.0,2.0,16.0,25.0,22.0,36.0,8.0,4.0,49.0,51.0,6.0,4.0,26.0,34.0,21.0,14.0,7.0,10.0,5.0,5.0,21.0,22.0,0.0,0.0,0.0,0.0,8.0,6.0,82.0,89.2,0.14,0.073,0.556,0.267,0.74,-0.1,75.0,60.0
2025-08-17,16:30,77559,LaLiga 25/26,25/26,La Liga,Matchweek 1,Sun,Away,L,1.0,2.0,Espanyol,60.0,,,,,,https://www.sofascore.com/atletico-madrid-espanyol/ogbsLgb,Ended,Atlético Madrid,for,1.1,1.26,1.0,2.0,0.0,1.0,1.0,1.0,3.0,1.0,11.0,14.0,618.0,394.0,551.0,323.0,11.0,10.0,14.0,11.0,1.0,0.0,3.0,3.0,0.0,0.0,3.0,3.0,4.0,0.0,7.0,4.0,9.0,6.0,6.0,3.0,2.0,0.0,25.0,16.0,36.0,22.0,4.0,8.0,51.0,49.0,4.0,6.0,34.0,26.0,14.0,21.0,10.0,7.0,5.0,5.0,22.0,21.0,0.0,0.0,0.0,0.0,6.0,8.0,89.2,82.0,0.073,0.14,0.267,0.556,-0.1,0.74,60.0,75.0
2025-08-18,16:00,77559,LaLiga 25/26,25/26,La Liga,Matchweek 1,Mon,Home,D,1.0,1.0,Real Betis,68.0,,,,,,https://www.sofascore.com/elche-real-betis/qgbsWgb,Ended,Elche,for,0.64,1.86,2.0,2.0,1.0,1.0,1.0,1.0,1.0,3.0,14.0,13.0,683.0,323.0,617.0,262.0,13.0,18.0,13.0,14.0,4.0,0.0,0.0,1.0,0.0,0.0,3.0,1.0,1.0,4.0,3.0,4.0,3.0,6.0,3.0,6.0,0.0,3.0,17.0,15.0,24.0,13.0,4.0,3.0,45.0,55.0,15.0,9.0,31.0,38.0,8.0,10.0,8.0,6.0,6.0,7.0,15.0,34.0,1.0,0.0,0.0,0.0,5.0,7.0,90.3,81.1,0.107,0.155,0.333,0.333,0.36,-0.86,75.0,50.0
2025-08-18,16:00,77559,LaLiga 25/26,25/26,La Liga,Matchweek 1,Mon,Away,D,1.0,1.0,Elche,32.0,,,,,,https://www.sofascore.com/elche-real-betis/qgbsWgb,Ended,Real Betis,for,1.86,0.64,2.0,2.0,1.0,1.0,1.0,1.0,3.0,1.0,13.0,14.0,323.0,683.0,262.0,617.0,18.0,13.0,14.0,13.0,0.0,4.0,1.0,0.0,0.0,0.0,1.0,3.0,4.0,1.0,4.0,3.0,6.0,3.0,6.0,3.0,3.0,0.0,15.0,17.0,13.0,24.0,3.0,4.0,55.0,45.0,9.0,15.0,38.0,31.0,10.0,8.0,6.0,8.0,7.0,6.0,34.0,15.0,0.0,1.0,0.0,0.0,7.0,5.0,81.1,90.3,0.155,0.107,0.333,0.333,-0.86,0.36,50.0,75.0
2025-08-19,16:00,77559,LaLiga 25/26,25/26,La Liga,Matchweek 1,Tue,Home,W,1.0,0.0,Osasuna,71.0,,,,,,https://www.sofascore.com/real-madrid-osasuna/vgbsEgb,Ended,Real Madrid,for,1.64,0.36,1.0,0.0,1.0,0.0,0.0,0.0,7.0,0.0,10.0,12.0,721.0,299.0,659.0,228.0,16.0,20.0,11.0,10.0,0.0,0.0,1.0,0.0,0.0,1.0,0.0,4.0,6.0,0.0,7.0,2.0,11.0,2.0,7.0,0.0,0.0,0.0,35.0,8.0,32.0,24.0,8.0,2.0,51.0,49.0,7.0,10.0,38.0,33.0,12.0,15.0,10.0,4.0,6.0,7.0,17.0,40.0,1.0,0.0,0.0,0.0,3.0,11.0,91.4,76.3,0.091,0.18,0.278,0.0,-0.64,-0.36,,80.0
2025-08-19,16:00,77559,LaLiga 25/26,25/26,La Liga,Matchweek 1,Tue,Away,L,0.0,1.0,Real Madrid,29.0,,,,,,https://www.sofascore.com/real-madrid-osasuna/vgbsEgb,Ended,Osasuna,for,0.36,1.64,0.0,1.0,0.0,1.0,0.0,0.0,0.0,7.0,12.0,10.0,299.0,721.0,228.0,659.0,20.0,16.0,10.0,11.0,0.0,0.0,0.0,1.0,1.0,0.0,4.0,0.0,0.0,6.0,2.0,7.0,2.0,11.0,0.0,7.0,0.0,0.0,8.0,35.0,24.0,32.0,2.0,8.0,49.0,51.0,10.0,7.0,33.0,38.0,15.0,12.0,4.0,10.0,7.0,6.0,40.0,17.0,0.0,1.0,0.0,0.0,11.0,3.0,76.3,91.4,0.18,0.091,0.0,0.278,-0.36,-0.64,80.0,
2025-08-22,16:30,77559,LaLiga 25/26,25/26,La Liga,Matchweek 2,Fri,Home,W,1.0,0.0,Deportivo Alavés,49.0,,,,,,https://www.sofascore.com/deportivo-alaves-real-betis/qgbsKhb,Ended,Real Betis,for,1.95,1.12,3.0,3.0,1.0,0.0,2.0,3.0,5.0,2.0,10.0,17.0,470.0,485.0,406.0,400.0,11.0,23.0,17.0,10.0,2.0,3.0,2.0,3.0,0.0,0.0,5.0,5.0,4.0,1.0,7.0,5.0,10.0,6.0,6.0,5.0,0.0,0.0,30.0,11.0,34.0,20.0,6.0,4.0,45.0,55.0,15.0,6.0,33.0,41.0,18.0,22.0,8.0,8.0,11.0,7.0,31.0,27.0,1.0,1.0,0.0,0.0,8.0,9.0,86.4,82.5,0.122,0.102,0.312,0.455,-0.95,-1.12,100.0,100.0
2025-08-22,16:30,77559,LaLiga 25/26,25/26,La Liga,Matchweek 2,Fri,Away,L,0.0,1.0,Real Betis,51.0,,,,,,https://www.sofascore.com/deportivo-alaves-real-betis/qgbsKhb,Ended,Deportivo Alavés,for,1.12,1.95,3.0,3.0,0.0,1.0,3.0,2.0,2.0,5.0,17.0,10.0,485.0,470.0,400.0,406.0,23.0,11.0,10.0,17.0,3.0,2.0,3.0,2.0,0.0,0.0,5.0,5.0,1.0,4.0,5.0,7.0,6.0,10.0,5.0,6.0,0.0,0.0,11.0,30.0,20.0,34.0,4.0,6.0,55.0,45.0,6.0,15.0,41.0,33.0,22.0,18.0,8.0,8.0,7.0,11.0,27.0,31.0,1.0,1.0,0.0,0.0,9.0,8.0,82.5,86.4,0.102,0.122,0.455,0.312,-1.12,-0.95,100.0,100.0
2025-08-23,12:00,77559,LaLiga 25/26,25/26,La Liga,Matchweek 2,Sat,Home,D,1.0,1.0,Celta Vigo,50.0,,,,,,https://www.sofascore.com/mallorca-celta-vigo/wgbsBgb,Ended,Mallorca,for,0.68,0.74,1.0,2.0,0.0,1.0,1.0,1.0,3.0,4.0,12.0,12.0,433.0,445.0,372.0,385.0,9.0,11.0,12.0,12.0,1.0,1.0,3.0,3.0,0.0,0.0,1.0,3.0,1.0,2.0,7.0,4.0,8.0,3.0,4.0,5.0,0.0,3.0,19.0,9.0,27.0,23.0,7.0,1.0,47.0,53.0,6.0,3.0,24.0,27.0,7.0,8.0,5.0,5.0,3.0,7.0,8.0,25.0,0.0,1.0,0.0,0.0,6.0,9.0,85.9,86.5,0.057,0.092,0.333,0.25,0.32,0.26,50.0,75.0
2025-08-23,12:00,77559,LaLiga 25/26,25/26,La Liga,Matchweek 2,Sat,Away,D,1.0,1.0,Mallorca,50.0,,,,,,https://www.sofascore.com/mallorca-celta-vigo/wgbsBgb,Ended,Celta Vigo,for,0.74,0.68,2.0,1.0,1.0,0.0,1.0,1.0,4.0,3.0,12.0,12.0,445.0,433.0,385.0,372.0,11.0,9.0,12.0,12.0,1.0,1.0,3.0,3.0,0.0,0.0,3.0,1.0,2.0,1.0,4.0,7.0,3.0,8.0,5.0,4.0,3.0,0.0,9.0,19.0,23.0,27.0,1.0,7.0,53.0,47.0,3.0,6.0,27.0,24.0,8.0,7.0,5.0,5.0,7.0,3.0,25.0,8.0,1.0,0.0,0.0,0.0,9.0,6.0,86.5,85.9,0.092,0.057,0.25,0.333,0.26,0.32,75.0,50.0
2025-08-23,14:30,77559,LaLiga 25/26,25/26,La Liga,Matchweek 2,Sat,Home,D,1.0,1.0,Elche,58.0,,,,,,https://www.sofascore.com/elche-atletico-madrid/LgbsWgb,Ended,Atlético Madrid,for,1.74,0.57,3.0,1.0,1.0,1.0,2.0,0.0,10.0,2.0,14.0,7.0,545.0,413.0,465.0,335.0,20.0,19.0,7.0,14.0,3.0,0.0,0.0,3.0,0.0,0.0,1.0,5.0,3.0,1.0,4.0,3.0,7.0,5.0,6.0,1.0,0.0,0.0,38.0,11.0,26.0,21.0,9.0,1.0,47.0,53.0,6.0,8.0,33.0,39.0,13.0,13.0,6.0,8.0,9.0,12.0,11.0,28.0,0.0,0.0,0.0,3.0,5.0,10.0,85.3,81.1,0.134,0.095,0.462,0.333,-0.74,0.43,50.0,83.3
2025-08-23,14:30,77559,LaLiga 25/26,25/26,La Liga,Matchweek 2,Sat,Away,D,1.0,1.0,Atlético Madrid,42.0,,,,,,https://www.sofascore.com/elche-atletico-madrid/LgbsWgb,Ended,Elche,for,0.57,1.74,1.0,3.0,1.0,1.0,0.0,2.0,2.0,10.0,7.0,14.0,413.0,545.0,335.0,465.0,19.0,20.0,14.0,7.0,0.0,3.0,3.0,0.0,0.0,0.0,5.0,1.0,1.0,3.0,3.0,4.0,5.0,7.0,1.0,6.0,0.0,0.0,11.0,38.0,21.0,26.0,1.0,9.0,53.0,47.0,8.0,6.0,39.0,33.0,13.0,13.0,8.0,6.0,12.0,9.0,28.0,11.0,0.0,0.0,3.0,0.0,10.0,5.0,81.1,85.3,0.095,0.134,0.333,0.462,0.43,-0.74,83.3,50.0
2025-08-23,16:30,77559,LaLiga 25/26,25/26,La Liga,Matchweek 2,Sat,Home,L,2.0,3.0,FC Barcelona,18.0,,,,,,https://www.sofascore.com/levante-ud-barcelona/rgbsZgb,Ended,Levante UD,for,2.14,1.93,6.0,3.0,2.0,1.0,4.0,2.0,0.0,11.0,10.0,8.0,160.0,761.0,93.0,699.0,31.0,11.0,7.0,10.0,6.0,0.0,3.0,1.0,0.0,0.0,9.0,3.0,2.0,8.0,1.0,8.0,8.0,16.0,0.0,10.0,1.0,1.0,17.0,60.0,18.0,10.0,1.0,8.0,54.0,46.0,5.0,14.0,45.0,33.0,8.0,13.0,8.0,12.0,8.0,5.0,44.0,12.0,0.0,0.0,0.0,0.0,10.0,2.0,58.1,91.9,0.268,0.074,0.625,0.385,-0.14,1.07,90.0,60.0
2025-08-23,16:30,77559,LaLiga 25/26,25/26,La Liga,Matchweek 2,Sat,Away,W,3.0,2.0,Levante UD,82.0,,,,,,https://www.sofascore.com/levante-ud-barcelona/rgbsZgb,Ended,FC Barcelona,for,1.93,2.14,3.0,6.0,1.0,2.0,2.0,4.0,11.0,0.0,8.0,10.0,761.0,160.0,699.0,93.0,11.0,31.0,10.0,7.0,0.0,6.0,1.0,3.0,0.0,0.0,3.0,9.0,8.0,2.0,8.0,1.0,16.0,8.0,10.0,0.0,1.0,1.0,60.0,17.0,10.0,18.0,8.0,1.0,46.0,54.0,14.0,5.0,33.0,45.0,13.0,8.0,12.0,8.0,5.0,8.0,12.0,44.0,0.0,0.0,0.0,0.0,2.0,10.0,91.9,58.1,0.074,0.268,0.385,0.625,1.07,-0.14,60.0,90.0
2025-08-24,12:00,77559,LaLiga 25/26,25/26,La Liga,Matchweek 2,Sun,Home,W,1.0,0.0,Valencia,56.0,,,,,,https://www.sofascore.com/valencia-osasuna/vgbsDgb,Ended,Osasuna,for,0.83,0.41,1.0,1.0,1.0,0.0,0.0,1.0,3.0,4.0,14.0,13.0,464.0,370.0,382.0,296.0,13.0,12.0,13.0,14.0,2.0,1.0,2.0,1.0,0.0,1.0,1.0,3.0,6.0,1.0,6.0,2.0,9.0,1.0,7.0,3.0,0.0,0.0,25.0,7.0,38.0,21.0,2.0,0.0,60.0,40.0,7.0,7.0,29.0,26.0,19.0,6.0,3.0,2.0,8.0,5.0,18.0,32.0,0.0,0.0,2.0,0.0,6.0,11.0,82.3,80.0,0.052,0.102,0.25,0.25,0.17,-0.41,100.0,75.0
2025-08-24,12:00,77559,LaLiga 25/26,25/26,La Liga,Matchweek 2,Sun,Away,L,0.0,1.0,Osasuna,44.0,,,,,,https://www.sofascore.com/valencia-osasuna/vgbsDgb,Ended,Valencia,for,0.41,0.83,1.0,1.0,0.0,1.0,1.0,0.0,4.0,3.0,13.0,14.0,370.0,464.0,296.0,382.0,12.0,13.0,14.0,13.0,1.0,2.0,1.0,2.0,1.0,0.0,3.0,1.0,1.0,6.0,2.0,6.0,1.0,9.0,3.0,7.0,0.0,0.0,7.0,25.0,21.0,38.0,0.0,2.0,40.0,60.0,7.0,7.0,26.0,29.0,6.0,19.0,2.0,3.0,5.0,8.0,32.0,18.0,0.0,0.0,0.0,2.0,11.0,6.0,80.0,82.3,0.102,0.052,0.25,0.25,-0.41,0.17,75.0,100.0
2025-08-24,14:30,77559,LaLiga 25/26,25/26,La Liga,Matchweek 2,Sun,Home,W,5.0,0.0,Girona FC,53.0,,,,,,https://www.sofascore.com/girona-fc-villarreal/ugbsoKj,Ended,Villarreal,for,2.3,0.14,4.0,0.0,3.0,0.0,1.0,0.0,8.0,1.0,8.0,9.0,517.0,470.0,467.0,426.0,22.0,18.0,9.0,8.0,3.0,0.0,1.0,2.0,0.0,0.0,2.0,2.0,5.0,2.0,7.0,1.0,13.0,3.0,6.0,2.0,1.0,0.0,39.0,16.0,16.0,20.0,4.0,1.0,60.0,40.0,9.0,10.0,44.0,34.0,11.0,3.0,13.0,8.0,5.0,6.0,13.0,26.0,0.0,0.0,1.0,0.0,6.0,10.0,90.3,90.6,0.121,0.028,0.368,0.4,2.7,-0.14,100.0,28.6
2025-08-24,14:30,77559,LaLiga 25/26,25/26,La Liga,Matchweek 2,Sun,Away,L,0.0,5.0,Villarreal,47.0,,,,,,https://www.sofascore.com/girona-fc-villarreal/ugbsoKj,Ended,Girona FC,for,0.14,2.3,0.0,4.0,0.0,3.0,0.0,1.0,1.0,8.0,9.0,8.0,470.0,517.0,426.0,467.0,18.0,22.0,8.0,9.0,0.0,3.0,2.0,1.0,0.0,0.0,2.0,2.0,2.0,5.0,1.0,7.0,3.0,13.0,2.0,6.0,0.0,1.0,16.0,39.0,20.0,16.0,1.0,4.0,40.0,60.0,10.0,9.0,34.0,44.0,3.0,11.0,8.0,13.0,6.0,5.0,26.0,13.0,0.0,0.0,0.0,1.0,10.0,6.0,90.6,90.3,0.028,0.121,0.4,0.368,-0.14,2.7,28.6,100.0
2025-08-24,14:30,77559,LaLiga 25/26,25/26,La Liga,Matchweek 2,Sun,Home,D,2.0,2.0,Espanyol,62.0,,,,,,https://www.sofascore.com/real-sociedad-espanyol/ogbszgb,Ended,Real Sociedad,for,1.09,1.81,3.0,2.0,1.0,2.0,2.0,0.0,5.0,2.0,16.0,18.0,498.0,305.0,433.0,215.0,16.0,21.0,18.0,15.0,1.0,1.0,2.0,2.0,0.0,0.0,1.0,5.0,4.0,4.0,4.0,7.0,11.0,5.0,4.0,9.0,3.0,0.0,26.0,14.0,25.0,14.0,6.0,3.0,52.0,48.0,9.0,8.0,34.0,45.0,26.0,11.0,3.0,10.0,5.0,6.0,27.0,19.0,0.0,0.0,0.0,1.0,9.0,10.0,86.9,70.5,0.073,0.129,0.467,0.214,0.91,0.19,33.3,71.4
2025-08-24,14:30,77559,LaLiga 25/26,25/26,La Liga,Matchweek 2,Sun,Away,D,2.0,2.0,Real Sociedad,38.0,,,,,,https://www.sofascore.com/real-sociedad-espanyol/ogbszgb,Ended,Espanyol,for,1.81,1.09,2.0,3.0,2.0,1.0,0.0,2.0,2.0,5.0,18.0,16.0,305.0,498.0,215.0,433.0,21.0,16.0,15.0,18.0,1.0,1.0,2.0,2.0,0.0,0.0,5.0,1.0,4.0,4.0,7.0,4.0,5.0,11.0,9.0,4.0,0.0,3.0,14.0,26.0,14.0,25.0,3.0,6.0,48.0,52.0,8.0,9.0,45.0,34.0,11.0,26.0,10.0,3.0,6.0,5.0,19.0,27.0,0.0,0.0,1.0,0.0,10.0,9.0,70.5,86.9,0.129,0.073,0.214,0.467,0.19,0.91,71.4,33.3
2025-08-24,16:30,77559,LaLiga 25/26,25/26,La Liga,Matchweek 2,Sun,Home,L,0.0,3.0,Real Madrid,35.0,,,,,,https://www.sofascore.com/real-oviedo-real-madrid/Egbsbhb,Ended,Real Oviedo,for,0.5,2.68,0.0,4.0,0.0,1.0,0.0,3.0,1.0,9.0,8.0,7.0,376.0,699.0,314.0,644.0,20.0,23.0,7.0,8.0,2.0,2.0,2.0,1.0,0.0,0.0,8.0,3.0,0.0,10.0,3.0,6.0,3.0,14.0,3.0,12.0,1.0,2.0,16.0,34.0,22.0,16.0,2.0,1.0,45.0,55.0,7.0,2.0,30.0,37.0,8.0,10.0,5.0,7.0,10.0,9.0,25.0,12.0,0.0,0.0,0.0,0.0,12.0,4.0,83.5,92.1,0.083,0.103,0.5,0.385,-0.5,0.32,80.0,100.0
2025-08-24,16:30,77559,LaLiga 25/26,25/26,La Liga,Matchweek 2,Sun,Away,W,3.0,0.0,Real Oviedo,65.0,,,,,,https://www.sofascore.com/real-oviedo-real-madrid/Egbsbhb,Ended,Real Madrid,for,2.68,0.5,4.0,0.0,1.0,0.0,3.0,0.0,9.0,1.0,7.0,8.0,699.0,376.0,644.0,314.0,23.0,20.0,8.0,7.0,2.0,2.0,1.0,2.0,0.0,0.0,3.0,8.0,10.0,0.0,6.0,3.0,14.0,3.0,12.0,3.0,2.0,1.0,34.0,16.0,16.0,22.0,1.0,2.0,55.0,45.0,2.0,7.0,37.0,30.0,10.0,8.0,7.0,5.0,9.0,10.0,12.0,25.0,0.0,0.0,0.0,0.0,4.0,12.0,92.1,83.5,0.103,0.083,0.385,0.5,0.32,-0.5,100.0,80.0
2025-08-25,14:30,77559,LaLiga 25/26,25/26,La Liga,Matchweek 2,Mon,Home,W,1.0,0.0,Rayo Vallecano,41.0,,,,,,https://www.sofascore.com/athletic-club-rayo-vallecano/tgbsAgb,Ended,Athletic Club,for,1.51,0.29,2.0,1.0,1.0,0.0,1.0,1.0,3.0,6.0,13.0,13.0,334.0,498.0,253.0,413.0,14.0,16.0,12.0,13.0,0.0,7.0,0.0,4.0,0.0,0.0,1.0,3.0,4.0,3.0,3.0,2.0,5.0,2.0,6.0,4.0,2.0,0.0,29.0,12.0,20.0,33.0,4.0,3.0,54.0,46.0,9.0,6.0,34.0,33.0,17.0,10.0,9.0,7.0,5.0,13.0,25.0,20.0,1.0,0.0,1.0,1.0,6.0,11.0,75.7,82.9,0.137,0.048,0.364,0.167,-0.51,-0.29,100.0,75.0
2025-08-25,14:30,77559,LaLiga 25/26,25/26,La Liga,Matchweek 2,Mon,Away,L,0.0,1.0,Athletic Club,59.0,,,,,,https://www.sofascore.com/athletic-club-rayo-vallecano/tgbsAgb,Ended,Rayo Vallecano,for,0.29,1.51,1.0,2.0,0.0,1.0,1.0,1.0,6.0,3.0,13.0,13.0,498.0,334.0,413.0,253.0,16.0,14.0,13.0,12.0,7.0,0.0,4.0,0.0,0.0,0.0,3.0,1.0,3.0,4.0,2.0,3.0,2.0,5.0,4.0,6.0,0.0,2.0,12.0,29.0,33.0,20.0,3.0,4.0,46.0,54.0,6.0,9.0,33.0,34.0,10.0,17.0,7.0,9.0,13.0,5.0,20.0,25.0,0.0,1.0,1.0,1.0,11.0,6.0,82.9,75.7,0.048,0.137,0.167,0.364,-0.29,-0.51,75.0,100.0
2025-08-25,16:30,77559,LaLiga 25/26,25/26,La Liga,Matchweek 2,Mon,Home,L,1.0,2.0,Getafe,71.0,,,,,,https://www.sofascore.com/getafe-sevilla/Igbsjhb,Ended,Sevilla,for,0.51,0.71,1.0,3.0,0.0,1.0,1.0,2.0,5.0,3.0,10.0,24.0,533.0,221.0,453.0,132.0,24.0,16.0,24.0,10.0,4.0,1.0,2.0,2.0,0.0,0.0,4.0,3.0,1.0,2.0,8.0,1.0,8.0,3.0,4.0,6.0,1.0,1.0,26.0,17.0,30.0,12.0,7.0,2.0,61.0,39.0,6.0,13.0,52.0,34.0,23.0,13.0,5.0,8.0,5.0,2.0,22.0,31.0,1.0,0.0,0.0,1.0,1.0,11.0,85.0,59.7,0.043,0.079,0.25,0.667,0.49,1.29,66.7,100.0
2025-08-25,16:30,77559,LaLiga 25/26,25/26,La Liga,Matchweek 2,Mon,Away,W,2.0,1.0,Sevilla,29.0,,,,,,https://www.sofascore.com/getafe-sevilla/Igbsjhb,Ended,Getafe,for,0.71,0.51,3.0,1.0,1.0,0.0,2.0,1.0,3.0,5.0,24.0,10.0,221.0,533.0,132.0,453.0,16.0,24.0,10.0,24.0,1.0,4.0,2.0,2.0,0.0,0.0,3.0,4.0,2.0,1.0,1.0,8.0,3.0,8.0,6.0,4.0,1.0,1.0,17.0,26.0,12.0,30.0,2.0,7.0,39.0,61.0,13.0,6.0,34.0,52.0,13.0,23.0,8.0,5.0,2.0,5.0,31.0,22.0,0.0,1.0,1.0,0.0,11.0,1.0,59.7,85.0,0.079,0.043,0.667,0.25,1.29,0.49,100.0,66.7
2025-08-27,16:00,77559,LaLiga 25/26,25/26,La Liga,Matchweek 6,Wed,Home,D,1.0,1.0,Real Betis,47.0,,,,,,https://www.sofascore.com/celta-vigo-real-betis/qgbswgb,Ended,Celta Vigo,for,0.83,0.33,2.0,2.0,0.0,1.0,2.0,1.0,10.0,4.0,13.0,11.0,496.0,568.0,441.0,513.0,17.0,15.0,11.0,13.0,5.0,2.0,1.0,2.0,0.0,0.0,0.0,4.0,3.0,3.0,6.0,2.0,10.0,3.0,4.0,4.0,1.0,1.0,32.0,11.0,17.0,31.0,4.0,4.0,48.0,52.0,8.0,11.0,33.0,32.0,4.0,8.0,6.0,4.0,7.0,4.0,23.0,35.0,1.0,0.0,1.0,0.0,5.0,6.0,88.9,90.3,0.059,0.047,0.357,0.286,0.17,0.67,0.0,80.0
2025-08-27,16:00,77559,LaLiga 25/26,25/26,La Liga,Matchweek 6,Wed,Away,D,1.0,1.0,Celta Vigo,53.0,,,,,,https://www.sofascore.com/celta-vigo-real-betis/qgbswgb,Ended,Real Betis,for,0.33,0.83,2.0,2.0,1.0,0.0,1.0,2.0,4.0,10.0,11.0,13.0,568.0,496.0,513.0,441.0,15.0,17.0,13.0,11.0,2.0,5.0,2.0,1.0,0.0,0.0,4.0,0.0,3.0,3.0,2.0,6.0,3.0,10.0,4.0,4.0,1.0,1.0,11.0,32.0,31.0,17.0,4.0,4.0,52.0,48.0,11.0,8.0,32.0,33.0,8.0,4.0,4.0,6.0,4.0,7.0,35.0,23.0,0.0,1.0,0.0,1.0,6.0,5.0,90.3,88.9,0.047,0.059,0.286,0.357,0.67,0.17,80.0,0.0
2025-08-29,14:30,77559,LaLiga 25/26,25/26,La Liga,Matchweek 3,Fri,Home,W,2.0,0.0,Levante UD,67.0,,,,,,https://www.sofascore.com/levante-ud-elche/WgbsZgb,Ended,Elche,for,1.12,0.71,1.0,1.0,1.0,0.0,0.0,1.0,4.0,2.0,14.0,17.0,569.0,272.0,504.0,217.0,13.0,13.0,17.0,14.0,1.0,1.0,1.0,2.0,0.0,0.0,1.0,3.0,4.0,2.0,7.0,8.0,13.0,5.0,3.0,6.0,0.0,1.0,19.0,14.0,39.0,17.0,6.0,4.0,56.0,44.0,9.0,8.0,34.0,29.0,11.0,7.0,6.0,2.0,10.0,5.0,17.0,24.0,1.0,0.0,0.0,0.0,8.0,10.0,88.6,79.8,0.07,0.065,0.312,0.091,0.88,-0.71,100.0,60.0
2025-08-29,14:30,77559,LaLiga 25/26,25/26,La Liga,Matchweek 3,Fri,Away,L,0.0,2.0,Elche,33.0,,,,,,https://www.sofascore.com/levante-ud-elche/WgbsZgb,Ended,Levante UD,for,0.71,1.12,1.0,1.0,0.0,1.0,1.0,0.0,2.0,4.0,17.0,14.0,272.0,569.0,217.0,504.0,13.0,13.0,14.0,17.0,1.0,1.0,2.0,1.0,0.0,0.0,3.0,1.0,2.0,4.0,8.0,7.0,5.0,13.0,6.0,3.0,1.0,0.0,14.0,19.0,17.0,39.0,4.0,6.0,44.0,56.0,8.0,9.0,29.0,34.0,7.0,11.0,2.0,6.0,5.0,10.0,24.0,17.0,0.0,1.0,0.0,0.0,10.0,8.0,79.8,88.6,0.065,0.07,0.091,0.312,-0.71,0.88,60.0,100.0
2025-08-29,16:30,77559,LaLiga 25/26,25/26,La Liga,Matchweek 3,Fri,Home,W,3.0,0.0,Getafe,58.0,,,,,,https://www.sofascore.com/getafe-valencia/Dgbsjhb,Ended,Valencia,for,1.08,0.74,3.0,1.0,2.0,0.0,1.0,1.0,8.0,6.0,18.0,7.0,408.0,296.0,331.0,239.0,12.0,16.0,7.0,18.0,0.0,5.0,2.0,0.0,0.0,0.0,1.0,1.0,2.0,4.0,1.0,6.0,5.0,7.0,2.0,4.0,0.0,0.0,11.0,19.0,19.0,22.0,4.0,7.0,51.0,49.0,9.0,7.0,27.0,37.0,17.0,6.0,8.0,6.0,3.0,5.0,33.0,27.0,0.0,0.0,0.0,0.0,8.0,3.0,81.1,80.7,0.154,0.067,0.571,0.091,1.92,-0.74,100.0,25.0
2025-08-29,16:30,77559,LaLiga 25/26,25/26,La Liga,Matchweek 3,Fri,Away,L,0.0,3.0,Valencia,42.0,,,,,,https://www.sofascore.com/getafe-valencia/Dgbsjhb,Ended,Getafe,for,0.74,1.08,1.0,3.0,0.0,2.0,1.0,1.0,6.0,8.0,7.0,18.0,296.0,408.0,239.0,331.0,16.0,12.0,18.0,7.0,5.0,0.0,0.0,2.0,0.0,0.0,1.0,1.0,4.0,2.0,6.0,1.0,7.0,5.0,4.0,2.0,0.0,0.0,19.0,11.0,22.0,19.0,7.0,4.0,49.0,51.0,7.0,9.0,37.0,27.0,6.0,17.0,6.0,8.0,5.0,3.0,27.0,33.0,0.0,0.0,0.0,0.0,3.0,8.0,80.7,81.1,0.067,0.154,0.091,0.571,-0.74,1.92,25.0,100.0
2025-08-30,12:00,77559,LaLiga 25/26,25/26,La Liga,Matchweek 3,Sat,Home,D,1.0,1.0,Atlético Madrid,40.0,,,,,,https://www.sofascore.com/deportivo-alaves-atletico-madrid/LgbsKhb,Ended,Deportivo Alavés,for,0.91,1.06,1.0,1.0,1.0,0.0,0.0,1.0,1.0,6.0,10.0,17.0,377.0,550.0,299.0,464.0,14.0,19.0,16.0,10.0,0.0,1.0,2.0,3.0,0.0,0.0,5.0,1.0,1.0,3.0,2.0,6.0,3.0,11.0,2.0,4.0,0.0,1.0,12.0,35.0,20.0,28.0,4.0,7.0,49.0,51.0,9.0,6.0,36.0,38.0,21.0,22.0,6.0,10.0,5.0,7.0,35.0,9.0,1.0,1.0,0.0,1.0,14.0,9.0,79.3,84.4,0.182,0.071,0.4,0.4,0.09,-0.06,83.3,50.0
2025-08-30,12:00,77559,LaLiga 25/26,25/26,La Liga,Matchweek 3,Sat,Away,D,1.0,1.0,Deportivo Alavés,60.0,,,,,,https://www.sofascore.com/deportivo-alaves-atletico-madrid/LgbsKhb,Ended,Atlético Madrid,for,1.06,0.91,1.0,1.0,0.0,1.0,1.0,0.0,6.0,1.0,17.0,10.0,550.0,377.0,464.0,299.0,19.0,14.0,10.0,16.0,1.0,0.0,3.0,2.0,0.0,0.0,1.0,5.0,3.0,1.0,6.0,2.0,11.0,3.0,4.0,2.0,1.0,0.0,35.0,12.0,28.0,20.0,7.0,4.0,51.0,49.0,6.0,9.0,38.0,36.0,22.0,21.0,10.0,6.0,7.0,5.0,9.0,35.0,1.0,1.0,1.0,0.0,9.0,14.0,84.4,79.3,0.071,0.182,0.4,0.4,-0.06,0.09,50.0,83.3
2025-08-30,14:00,77559,LaLiga 25/26,25/26,La Liga,Matchweek 3,Sat,Home,W,1.0,0.0,Real Sociedad,43.0,,,,,,https://www.sofascore.com/real-oviedo-real-sociedad/zgbsbhb,Ended,Real Oviedo,for,0.5,1.07,0.0,0.0,0.0,0.0,0.0,0.0,1.0,10.0,7.0,18.0,409.0,528.0,337.0,449.0,14.0,15.0,18.0,7.0,2.0,1.0,2.0,1.0,0.0,0.0,6.0,0.0,0.0,3.0,7.0,9.0,4.0,9.0,4.0,9.0,0.0,0.0,12.0,24.0,28.0,17.0,3.0,5.0,54.0,46.0,6.0,5.0,37.0,29.0,20.0,20.0,6.0,10.0,7.0,4.0,43.0,12.0,3.0,2.0,1.0,0.0,10.0,7.0,82.4,85.0,0.062,0.059,0.125,0.333,0.5,-1.07,100.0,0.0
2025-08-30,14:00,77559,LaLiga 25/26,25/26,La Liga,Matchweek 3,Sat,Away,L,0.0,1.0,Real Oviedo,57.0,,,,,,https://www.sofascore.com/real-oviedo-real-sociedad/zgbsbhb,Ended,Real Sociedad,for,1.07,0.5,0.0,0.0,0.0,0.0,0.0,0.0,10.0,1.0,18.0,7.0,528.0,409.0,449.0,337.0,15.0,14.0,7.0,18.0,1.0,2.0,1.0,2.0,0.0,0.0,0.0,6.0,3.0,0.0,9.0,7.0,9.0,4.0,9.0,4.0,0.0,0.0,24.0,12.0,17.0,28.0,5.0,3.0,46.0,54.0,5.0,6.0,29.0,37.0,20.0,20.0,10.0,6.0,4.0,7.0,12.0,43.0,2.0,3.0,0.0,1.0,7.0,10.0,85.0,82.4,0.059,0.062,0.333,0.125,-1.07,0.5,0.0,100.0
2025-08-30,14:30,77559,LaLiga 25/26,25/26,La Liga,Matchweek 3,Sat,Home,L,0.0,2.0,Sevilla,59.0,,,,,,https://www.sofascore.com/girona-fc-sevilla/IgbsoKj,Ended,Girona FC,for,2.13,1.32,3.0,2.0,0.0,1.0,3.0,1.0,11.0,3.0,5.0,14.0,427.0,322.0,358.0,254.0,15.0,17.0,14.0,5.0,2.0,0.0,0.0,2.0,0.0,0.0,2.0,5.0,9.0,3.0,6.0,6.0,12.0,10.0,8.0,3.0,0.0,1.0,43.0,24.0,19.0,27.0,6.0,3.0,61.0,39.0,6.0,10.0,39.0,26.0,14.0,8.0,11.0,4.0,2.0,3.0,16.0,47.0,2.0,0.0,0.0,0.0,6.0,7.0,83.8,78.9,0.106,0.102,0.25,0.308,-2.13,0.68,50.0,100.0
2025-08-30,14:30,77559,LaLiga 25/26,25/26,La Liga,Matchweek 3,Sat,Away,W,2.0,0.0,Girona FC,41.0,,,,,,https://www.sofascore.com/girona-fc-sevilla/IgbsoKj,Ended,Sevilla,for,1.32,2.13,2.0,3.0,1.0,0.0,1.0,3.0,3.0,11.0,14.0,5.0,322.0,427.0,254.0,358.0,17.0,15.0,5.0,14.0,0.0,2.0,2.0,0.0,0.0,0.0,5.0,2.0,3.0,9.0,6.0,6.0,10.0,12.0,3.0,8.0,1.0,0.0,24.0,43.0,27.0,19.0,3.0,6.0,39.0,61.0,10.0,6.0,26.0,39.0,8.0,14.0,4.0,11.0,3.0,2.0,47.0,16.0,0.0,2.0,0.0,0.0,7.0,6.0,78.9,83.8,0.102,0.106,0.308,0.25,0.68,-2.13,100.0,50.0
2025-08-30,16:30,77559,LaLiga 25/26,25/26,La Liga,Matchweek 3,Sat,Home,W,2.0,1.0,Mallorca,58.0,,,,,,https://www.sofascore.com/real-madrid-mallorca/BgbsEgb,Ended,Real Madrid,for,1.82,0.72,2.0,1.0,1.0,0.0,1.0,1.0,4.0,5.0,12.0,7.0,538.0,382.0,481.0,302.0,13.0,14.0,7.0,12.0,3.0,1.0,2.0,0.0,0.0,0.0,2.0,5.0,4.0,2.0,6.0,2.0,7.0,8.0,10.0,1.0,1.0,0.0,46.0,14.0,24.0,29.0,1.0,3.0,50.0,50.0,7.0,8.0,25.0,27.0,13.0,11.0,6.0,3.0,7.0,7.0,19.0,24.0,0.0,0.0,0.0,0.0,6.0,14.0,89.4,79.1,0.107,0.08,0.412,0.556,0.18,0.28,40.0,71.4
2025-08-30,16:30,77559,LaLiga 25/26,25/26,La Liga,Matchweek 3,Sat,Away,L,1.0,2.0,Real Madrid,42.0,,,,,,https://www.sofascore.com/real-madrid-mallorca/BgbsEgb,Ended,Mallorca,for,0.72,1.82,1.0,2.0,0.0,1.0,1.0,1.0,5.0,4.0,7.0,12.0,382.0,538.0,302.0,481.0,14.0,13.0,12.0,7.0,1.0,3.0,0.0,2.0,0.0,0.0,5.0,2.0,2.0,4.0,2.0,6.0,8.0,7.0,1.0,10.0,0.0,1.0,14.0,46.0,29.0,24.0,3.0,1.0,50.0,50.0,8.0,7.0,27.0,25.0,11.0,13.0,3.0,6.0,7.0,7.0,24.0,19.0,0.0,0.0,0.0,0.0,14.0,6.0,79.1,89.4,0.08,0.107,0.556,0.412,0.28,0.18,71.4,40.0
2025-08-31,12:00,77559,LaLiga 25/26,25/26,La Liga,Matchweek 3,Sun,Home,D,1.0,1.0,Villarreal,65.0,,,,,,https://www.sofascore.com/celta-vigo-villarreal/ugbswgb,Ended,Celta Vigo,for,0.96,1.04,2.0,1.0,1.0,1.0,1.0,0.0,1.0,5.0,11.0,8.0,742.0,394.0,656.0,320.0,19.0,28.0,8.0,11.0,0.0,0.0,1.0,1.0,0.0,0.0,2.0,2.0,4.0,1.0,4.0,4.0,6.0,5.0,4.0,3.0,1.0,0.0,25.0,20.0,25.0,16.0,1.0,3.0,46.0,54.0,9.0,11.0,33.0,37.0,4.0,6.0,9.0,1.0,7.0,13.0,14.0,22.0,0.0,2.0,2.0,0.0,8.0,11.0,88.4,81.2,0.096,0.13,0.2,0.375,0.04,-0.04,66.7,100.0
2025-08-31,12:00,77559,LaLiga 25/26,25/26,La Liga,Matchweek 3,Sun,Away,D,1.0,1.0,Celta Vigo,35.0,,,,,,https://www.sofascore.com/celta-vigo-villarreal/ugbswgb,Ended,Villarreal,for,1.04,0.96,1.0,2.0,1.0,1.0,0.0,1.0,5.0,1.0,8.0,11.0,394.0,742.0,320.0,656.0,28.0,19.0,11.0,8.0,0.0,0.0,1.0,1.0,0.0,0.0,2.0,2.0,1.0,4.0,4.0,4.0,5.0,6.0,3.0,4.0,0.0,1.0,20.0,25.0,16.0,25.0,3.0,1.0,54.0,46.0,11.0,9.0,37.0,33.0,6.0,4.0,1.0,9.0,13.0,7.0,22.0,14.0,2.0,0.0,0.0,2.0,11.0,8.0,81.2,88.4,0.13,0.096,0.375,0.2,-0.04,0.04,100.0,66.7
2025-08-31,14:00,77559,LaLiga 25/26,25/26,La Liga,Matchweek 3,Sun,Home,L,1.0,2.0,Athletic Club,50.0,,,,,,https://www.sofascore.com/athletic-club-real-betis/qgbsAgb,Ended,Real Betis,for,0.62,1.11,1.0,2.0,1.0,1.0,0.0,1.0,4.0,10.0,9.0,16.0,454.0,440.0,373.0,376.0,25.0,15.0,16.0,9.0,3.0,2.0,1.0,4.0,0.0,1.0,5.0,1.0,3.0,4.0,4.0,5.0,6.0,9.0,3.0,6.0,0.0,1.0,18.0,24.0,23.0,19.0,3.0,5.0,60.0,40.0,7.0,13.0,49.0,34.0,16.0,9.0,10.0,11.0,12.0,11.0,20.0,18.0,0.0,1.0,0.0,1.0,6.0,7.0,82.2,85.5,0.069,0.074,0.222,0.4,0.38,0.89,83.3,50.0
2025-08-31,14:00,77559,LaLiga 25/26,25/26,La Liga,Matchweek 3,Sun,Away,W,2.0,1.0,Real Betis,50.0,,,,,,https://www.sofascore.com/athletic-club-real-betis/qgbsAgb,Ended,Athletic Club,for,1.11,0.62,2.0,1.0,1.0,1.0,1.0,0.0,10.0,4.0,16.0,9.0,440.0,454.0,376.0,373.0,15.0,25.0,9.0,16.0,2.0,3.0,4.0,1.0,1.0,0.0,1.0,5.0,4.0,3.0,5.0,4.0,9.0,6.0,6.0,3.0,1.0,0.0,24.0,18.0,19.0,23.0,5.0,3.0,40.0,60.0,13.0,7.0,34.0,49.0,9.0,16.0,11.0,10.0,11.0,12.0,18.0,20.0,1.0,0.0,1.0,0.0,7.0,6.0,85.5,82.2,0.074,0.069,0.4,0.222,0.89,0.38,50.0,83.3
2025-08-31,14:30,77559,LaLiga 25/26,25/26,La Liga,Matchweek 3,Sun,Home,W,1.0,0.0,Osasuna,45.0,,,,,,https://www.sofascore.com/osasuna-espanyol/ogbsvgb,Ended,Espanyol,for,1.21,1.37,2.0,3.0,0.0,0.0,2.0,3.0,2.0,3.0,13.0,14.0,408.0,493.0,320.0,404.0,16.0,14.0,14.0,13.0,2.0,1.0,2.0,3.0,0.0,0.0,3.0,3.0,1.0,2.0,5.0,5.0,7.0,6.0,3.0,4.0,0.0,1.0,14.0,24.0,11.0,30.0,4.0,6.0,45.0,55.0,12.0,10.0,31.0,34.0,15.0,22.0,2.0,8.0,2.0,10.0,34.0,15.0,0.0,0.0,0.0,1.0,8.0,8.0,78.4,81.9,0.121,0.137,0.4,0.3,-0.21,-1.37,100.0,75.0
2025-08-31,14:30,77559,LaLiga 25/26,25/26,La Liga,Matchweek 3,Sun,Away,L,0.0,1.0,Espanyol,55.0,,,,,,https://www.sofascore.com/osasuna-espanyol/ogbsvgb,Ended,Osasuna,for,1.37,1.21,3.0,2.0,0.0,0.0,3.0,2.0,3.0,2.0,14.0,13.0,493.0,408.0,404.0,320.0,14.0,16.0,13.0,14.0,1.0,2.0,3.0,2.0,0.0,0.0,3.0,3.0,2.0,1.0,5.0,5.0,6.0,7.0,4.0,3.0,1.0,0.0,24.0,14.0,30.0,11.0,6.0,4.0,55.0,45.0,10.0,12.0,34.0,31.0,22.0,15.0,8.0,2.0,10.0,2.0,15.0,34.0,0.0,0.0,1.0,0.0,8.0,8.0,81.9,78.4,0.137,0.121,0.3,0.4,-1.37,-0.21,75.0,100.0
2025-08-31,16:30,77559,LaLiga 25/26,25/26,La Liga,Matchweek 3,Sun,Home,D,1.0,1.0,FC Barcelona,43.0,,,,,,https://www.sofascore.com/rayo-vallecano-barcelona/rgbstgb,Ended,Rayo Vallecano,for,1.85,1.83,5.0,4.0,1.0,1.0,4.0,3.0,9.0,4.0,16.0,8.0,338.0,444.0,252.0,364.0,17.0,18.0,8.0,15.0,7.0,2.0,4.0,1.0,0.0,0.0,2.0,5.0,3.0,3.0,3.0,6.0,9.0,8.0,3.0,4.0,2.0,1.0,13.0,23.0,34.0,12.0,4.0,4.0,38.0,62.0,11.0,6.0,31.0,45.0,6.0,16.0,6.0,11.0,8.0,8.0,12.0,24.0,1.0,0.0,0.0,0.0,11.0,5.0,74.6,82.0,0.154,0.152,0.5,0.25,-0.85,-0.83,66.7,83.3
2025-08-31,16:30,77559,LaLiga 25/26,25/26,La Liga,Matchweek 3,Sun,Away,D,1.0,1.0,Rayo Vallecano,57.0,,,,,,https://www.sofascore.com/rayo-vallecano-barcelona/rgbstgb,Ended,FC Barcelona,for,1.83,1.85,4.0,5.0,1.0,1.0,3.0,4.0,4.0,9.0,8.0,16.0,444.0,338.0,364.0,252.0,18.0,17.0,15.0,8.0,2.0,7.0,1.0,4.0,0.0,0.0,5.0,2.0,3.0,3.0,6.0,3.0,8.0,9.0,4.0,3.0,1.0,2.0,23.0,13.0,12.0,34.0,4.0,4.0,62.0,38.0,6.0,11.0,45.0,31.0,16.0,6.0,11.0,6.0,8.0,8.0,24.0,12.0,0.0,1.0,0.0,0.0,5.0,11.0,82.0,74.6,0.152,0.154,0.25,0.5,-0.83,-0.85,83.3,66.7
2025-09-03,16:00,77559,LaLiga 25/26,25/26,La Liga,Matchweek 8,Wed,Home,,,,Getafe,,,,,,,https://www.sofascore.com/getafe-osasuna/vgbsjhb,Postponed,Osasuna,for,,,,,,,,,,,,,,,,,,,,,,,,,,,,,,,,,,,,,,,,,,,,,,,,,,,,,,,,,,,,,,,,,,,,,,,,,,
2025-09-03,16:00,77559,LaLiga 25/26,25/26,La Liga,Matchweek 8,Wed,Away,,,,Osasuna,,,,,,,https://www.sofascore.com/getafe-osasuna/vgbsjhb,Postponed,Getafe,for,,,,,,,,,,,,,,,,,,,,,,,,,,,,,,,,,,,,,,,,,,,,,,,,,,,,,,,,,,,,,,,,,,,,,,,,,,
2025-09-12,16:00,77559,LaLiga 25/26,25/26,La Liga,Matchweek 4,Fri,Home,D,2.0,2.0,Elche,53.0,,,,,,https://www.sofascore.com/elche-sevilla/IgbsWgb,Ended,Sevilla,for,0.4,0.95,0.0,3.0,0.0,1.0,0.0,2.0,2.0,2.0,23.0,19.0,392.0,362.0,339.0,296.0,22.0,25.0,19.0,23.0,1.0,0.0,4.0,3.0,0.0,0.0,0.0,1.0,2.0,0.0,2.0,3.0,4.0,2.0,3.0,3.0,0.0,0.0,16.0,15.0,14.0,21.0,6.0,3.0,51.0,49.0,15.0,12.0,45.0,52.0,18.0,8.0,4.0,4.0,9.0,9.0,25.0,26.0,0.0,1.0,0.0,1.0,4.0,3.0,86.5,81.8,0.057,0.19,0.429,0.4,1.6,1.05,0.0,33.3
2025-09-12,16:00,77559,LaLiga 25/26,25/26,La Liga,Matchweek 4,Fri,Away,D,2.0,2.0,Sevilla,47.0,,,,,,https://www.sofascore.com/elche-sevilla/IgbsWgb,Ended,Elche,for,0.95,0.4,3.0,0.0,1.0,0.0,2.0,0.0,2.0,2.0,19.0,23.0,362.0,392.0,296.0,339.0,25.0,22.0,23.0,19.0,0.0,1.0,3.0,4.0,0.0,0.0,1.0,0.0,0.0,2.0,3.0,2.0,2.0,4.0,3.0,3.0,0.0,0.0,15.0,16.0,21.0,14.0,3.0,6.0,49.0,51.0,12.0,15.0,52.0,45.0,8.0,18.0,4.0,4.0,9.0,9.0,26.0,25.0,1.0,0.0,1.0,0.0,3.0,4.0,81.8,86.5,0.19,0.057,0.4,0.429,1.05,1.6,33.3,0.0
2025-09-13,09:00,77559,LaLiga 25/26,25/26,La Liga,Matchweek 4,Sat,Home,W,2.0,0.0,Real Oviedo,48.0,,,,,,https://www.sofascore.com/getafe-real-oviedo/bhbsjhb,Ended,Getafe,for,0.75,0.46,2.0,1.0,2.0,0.0,0.0,1.0,4.0,3.0,12.0,18.0,342.0,373.0,268.0,303.0,16.0,20.0,18.0,12.0,1.0,1.0,2.0,5.0,0.0,1.0,1.0,1.0,3.0,2.0,4.0,2.0,6.0,1.0,4.0,4.0,0.0,0.0,16.0,7.0,21.0,27.0,6.0,1.0,46.0,54.0,13.0,2.0,35.0,40.0,11.0,13.0,2.0,8.0,8.0,5.0,25.0,44.0,0.0,1.0,1.0,1.0,3.0,7.0,78.4,81.2,0.075,0.092,0.3,0.2,1.25,-0.46,100.0,33.3
2025-09-13,09:00,77559,LaLiga 25/26,25/26,La Liga,Matchweek 4,Sat,Away,L,0.0,2.0,Getafe,52.0,,,,,,https://www.sofascore.com/getafe-real-oviedo/bhbsjhb,Ended,Real Oviedo,for,0.46,0.75,1.0,2.0,0.0,2.0,1.0,0.0,3.0,4.0,18.0,12.0,373.0,342.0,303.0,268.0,20.0,16.0,12.0,18.0,1.0,1.0,5.0,2.0,1.0,0.0,1.0,1.0,2.0,3.0,2.0,4.0,1.0,6.0,4.0,4.0,0.0,0.0,7.0,16.0,27.0,21.0,1.0,6.0,54.0,46.0,2.0,13.0,40.0,35.0,13.0,11.0,8.0,2.0,5.0,8.0,44.0,25.0,1.0,0.0,1.0,1.0,7.0,3.0,81.2,78.4,0.092,0.075,0.2,0.3,-0.46,1.25,33.3,100.0
2025-09-13,11:15,77559,LaLiga 25/26,25/26,La Liga,Matchweek 4,Sat,Home,L,1.0,2.0,Real Madrid,64.0,,,,,,https://www.sofascore.com/real-madrid-real-sociedad/zgbsEgb,Ended,Real Sociedad,for,2.23,2.42,5.0,3.0,1.0,2.0,4.0,1.0,12.0,4.0,17.0,7.0,521.0,314.0,447.0,241.0,13.0,9.0,6.0,17.0,0.0,2.0,2.0,1.0,0.0,1.0,4.0,3.0,12.0,3.0,7.0,7.0,15.0,14.0,8.0,2.0,2.0,1.0,37.0,29.0,16.0,35.0,14.0,4.0,40.0,60.0,6.0,7.0,27.0,39.0,13.0,21.0,9.0,14.0,6.0,10.0,13.0,35.0,0.0,0.0,1.0,1.0,8.0,15.0,85.8,76.8,0.097,0.151,0.174,0.375,-1.23,-0.42,66.7,75.0
2025-09-13,11:15,77559,LaLiga 25/26,25/26,La Liga,Matchweek 4,Sat,Away,W,2.0,1.0,Real Sociedad,36.0,,,,,,https://www.sofascore.com/real-madrid-real-sociedad/zgbsEgb,Ended,Real Madrid,for,2.42,2.23,3.0,5.0,2.0,1.0,1.0,4.0,4.0,12.0,7.0,17.0,314.0,521.0,241.0,447.0,9.0,13.0,17.0,6.0,2.0,0.0,1.0,2.0,1.0,0.0,3.0,4.0,3.0,12.0,7.0,7.0,14.0,15.0,2.0,8.0,1.0,2.0,29.0,37.0,35.0,16.0,4.0,14.0,60.0,40.0,7.0,6.0,39.0,27.0,21.0,13.0,14.0,9.0,10.0,6.0,35.0,13.0,0.0,0.0,1.0,1.0,15.0,8.0,76.8,85.8,0.151,0.097,0.375,0.174,-0.42,-1.23,75.0,66.7
2025-09-13,13:30,77559,LaLiga 25/26,25/26,La Liga,Matchweek 4,Sat,Home,L,0.0,1.0,Deportivo Alavés,58.0,,,,,,https://www.sofascore.com/deportivo-alaves-athletic-club/AgbsKhb,Ended,Athletic Club,for,1.08,0.09,1.0,0.0,0.0,0.0,1.0,0.0,6.0,6.0,17.0,21.0,461.0,350.0,372.0,252.0,20.0,20.0,21.0,17.0,2.0,1.0,2.0,4.0,0.0,0.0,2.0,3.0,5.0,0.0,4.0,2.0,7.0,0.0,5.0,4.0,1.0,0.0,27.0,6.0,23.0,22.0,8.0,0.0,47.0,53.0,10.0,9.0,50.0,47.0,16.0,26.0,10.0,10.0,10.0,12.0,17.0,39.0,1.0,1.0,1.0,1.0,1.0,12.0,80.7,72.0,0.09,0.022,0.25,0.5,-1.08,0.91,100.0,100.0
2025-09-13,13:30,77559,LaLiga 25/26,25/26,La Liga,Matchweek 4,Sat,Away,W,1.0,0.0,Athletic Club,42.0,,,,,,https://www.sofascore.com/deportivo-alaves-athletic-club/AgbsKhb,Ended,Deportivo Alavés,for,0.09,1.08,0.0,1.0,0.0,0.0,0.0,1.0,6.0,6.0,21.0,17.0,350.0,461.0,252.0,372.0,20.0,20.0,17.0,21.0,1.0,2.0,4.0,2.0,0.0,0.0,3.0,2.0,0.0,5.0,2.0,4.0,0.0,7.0,4.0,5.0,0.0,1.0,6.0,27.0,22.0,23.0,0.0,8.0,53.0,47.0,9.0,10.0,47.0,50.0,26.0,16.0,10.0,10.0,12.0,10.0,39.0,17.0,1.0,1.0,1.0,1.0,12.0,1.0,72.0,80.7,0.022,0.09,0.5,0.25,0.91,-1.08,100.0,100.0
2025-09-13,16:00,77559,LaLiga 25/26,25/26,La Liga,Matchweek 4,Sat,Home,W,2.0,0.0,Villarreal,61.0,,,,,,https://www.sofascore.com/atletico-madrid-villarreal/ugbsLgb,Ended,Atlético Madrid,for,1.01,1.03,3.0,1.0,2.0,0.0,1.0,1.0,8.0,3.0,12.0,15.0,623.0,395.0,559.0,340.0,11.0,12.0,15.0,12.0,1.0,0.0,2.0,4.0,0.0,0.0,1.0,1.0,2.0,3.0,3.0,4.0,5.0,5.0,3.0,3.0,0.0,0.0,16.0,16.0,34.0,22.0,4.0,4.0,49.0,51.0,3.0,4.0,30.0,31.0,11.0,11.0,5.0,7.0,5.0,9.0,17.0,15.0,1.0,0.0,0.0,0.0,10.0,5.0,89.7,86.1,0.126,0.129,0.375,0.125,0.99,-1.03,100.0,33.3
2025-09-13,16:00,77559,LaLiga 25/26,25/26,La Liga,Matchweek 4,Sat,Away,L,0.0,2.0,Atlético Madrid,39.0,,,,,,https://www.sofascore.com/atletico-madrid-villarreal/ugbsLgb,Ended,Villarreal,for,1.03,1.01,1.0,3.0,0.0,2.0,1.0,1.0,3.0,8.0,15.0,12.0,395.0,623.0,340.0,559.0,12.0,11.0,12.0,15.0,0.0,1.0,4.0,2.0,0.0,0.0,1.0,1.0,3.0,2.0,4.0,3.0,5.0,5.0,3.0,3.0,0.0,0.0,16.0,16.0,22.0,34.0,4.0,4.0,51.0,49.0,4.0,3.0,31.0,30.0,11.0,11.0,7.0,5.0,9.0,5.0,15.0,17.0,0.0,1.0,0.0,0.0,5.0,10.0,86.1,89.7,0.129,0.126,0.125,0.375,-1.03,0.99,33.3,100.0
2025-09-14,09:00,77559,LaLiga 25/26,25/26,La Liga,Matchweek 4,Sun,Home,D,1.0,1.0,Girona FC,60.0,,,,,,https://www.sofascore.com/girona-fc-celta-vigo/wgbsoKj,Ended,Celta Vigo,for,2.5,0.64,2.0,2.0,1.0,0.0,1.0,2.0,10.0,3.0,7.0,9.0,630.0,439.0,556.0,362.0,15.0,16.0,8.0,7.0,0.0,3.0,0.0,3.0,0.0,0.0,7.0,6.0,5.0,3.0,9.0,2.0,14.0,10.0,7.0,3.0,0.0,1.0,40.0,29.0,25.0,13.0,11.0,2.0,49.0,51.0,11.0,7.0,28.0,33.0,12.0,9.0,4.0,10.0,8.0,17.0,12.0,23.0,0.0,0.0,0.0,0.0,4.0,16.0,88.3,82.5,0.119,0.049,0.333,0.615,-1.5,0.36,87.5,85.7
2025-09-14,09:00,77559,LaLiga 25/26,25/26,La Liga,Matchweek 4,Sun,Away,D,1.0,1.0,Celta Vigo,40.0,,,,,,https://www.sofascore.com/girona-fc-celta-vigo/wgbsoKj,Ended,Girona FC,for,0.64,2.5,2.0,2.0,0.0,1.0,2.0,1.0,3.0,10.0,9.0,7.0,439.0,630.0,362.0,556.0,16.0,15.0,7.0,8.0,3.0,0.0,3.0,0.0,0.0,0.0,6.0,7.0,3.0,5.0,2.0,9.0,10.0,14.0,3.0,7.0,1.0,0.0,29.0,40.0,13.0,25.0,2.0,11.0,51.0,49.0,7.0,11.0,33.0,28.0,9.0,12.0,10.0,4.0,17.0,8.0,23.0,12.0,0.0,0.0,0.0,0.0,16.0,4.0,82.5,88.3,0.049,0.119,0.615,0.333,0.36,-1.5,85.7,87.5
2025-09-14,11:15,77559,LaLiga 25/26,25/26,La Liga,Matchweek 4,Sun,Home,D,2.0,2.0,Real Betis,33.0,,,,,,https://www.sofascore.com/levante-ud-real-betis/qgbsZgb,Ended,Levante UD,for,0.73,2.12,2.0,3.0,2.0,1.0,0.0,2.0,4.0,12.0,16.0,11.0,268.0,544.0,196.0,482.0,13.0,17.0,11.0,16.0,2.0,1.0,4.0,2.0,0.0,0.0,7.0,0.0,1.0,11.0,2.0,8.0,4.0,21.0,1.0,7.0,3.0,0.0,17.0,51.0,17.0,25.0,2.0,11.0,43.0,57.0,9.0,7.0,34.0,46.0,16.0,19.0,11.0,12.0,9.0,6.0,37.0,27.0,0.0,0.0,2.0,1.0,12.0,8.0,73.1,88.6,0.146,0.076,0.4,0.321,1.27,-0.12,77.8,0.0
2025-09-14,11:15,77559,LaLiga 25/26,25/26,La Liga,Matchweek 4,Sun,Away,D,2.0,2.0,Levante UD,67.0,,,,,,https://www.sofascore.com/levante-ud-real-betis/qgbsZgb,Ended,Real Betis,for,2.12,0.73,3.0,2.0,1.0,2.0,2.0,0.0,12.0,4.0,11.0,16.0,544.0,268.0,482.0,196.0,17.0,13.0,16.0,11.0,1.0,2.0,2.0,4.0,0.0,0.0,0.0,7.0,11.0,1.0,8.0,2.0,21.0,4.0,7.0,1.0,0.0,3.0,51.0,17.0,25.0,17.0,11.0,2.0,57.0,43.0,7.0,9.0,46.0,34.0,19.0,16.0,12.0,11.0,6.0,9.0,27.0,37.0,0.0,0.0,1.0,2.0,8.0,12.0,88.6,73.1,0.076,0.146,0.321,0.4,-0.12,1.27,0.0,77.8
2025-09-14,13:30,77559,LaLiga 25/26,25/26,La Liga,Matchweek 4,Sun,Home,W,2.0,0.0,Rayo Vallecano,36.0,,,,,,https://www.sofascore.com/osasuna-rayo-vallecano/tgbsvgb,Ended,Osasuna,for,1.59,1.09,3.0,0.0,2.0,0.0,1.0,0.0,3.0,6.0,13.0,7.0,306.0,539.0,231.0,471.0,9.0,13.0,7.0,13.0,0.0,1.0,3.0,2.0,0.0,0.0,6.0,4.0,1.0,6.0,1.0,7.0,6.0,12.0,3.0,7.0,1.0,2.0,14.0,32.0,28.0,35.0,2.0,7.0,51.0,49.0,10.0,2.0,22.0,28.0,13.0,5.0,6.0,4.0,12.0,11.0,30.0,18.0,0.0,1.0,1.0,2.0,15.0,8.0,75.5,87.4,0.177,0.057,0.778,0.316,0.41,-1.09,100.0,57.1
2025-09-14,13:30,77559,LaLiga 25/26,25/26,La Liga,Matchweek 4,Sun,Away,L,0.0,2.0,Osasuna,64.0,,,,,,https://www.sofascore.com/osasuna-rayo-vallecano/tgbsvgb,Ended,Rayo Vallecano,for,1.09,1.59,0.0,3.0,0.0,2.0,0.0,1.0,6.0,3.0,7.0,13.0,539.0,306.0,471.0,231.0,13.0,9.0,13.0,7.0,1.0,0.0,2.0,3.0,0.0,0.0,4.0,6.0,6.0,1.0,7.0,1.0,12.0,6.0,7.0,3.0,2.0,1.0,32.0,14.0,35.0,28.0,7.0,2.0,49.0,51.0,2.0,10.0,28.0,22.0,5.0,13.0,4.0,6.0,11.0,12.0,18.0,30.0,1.0,0.0,2.0,1.0,8.0,15.0,87.4,75.5,0.057,0.177,0.316,0.778,-1.09,0.41,57.1,100.0
2025-09-14,16:00,77559,LaLiga 25/26,25/26,La Liga,Matchweek 4,Sun,Home,W,6.0,0.0,Valencia,72.0,,,,,,https://www.sofascore.com/valencia-barcelona/rgbsDgb,Ended,FC Barcelona,for,4.02,0.18,6.0,0.0,3.0,0.0,3.0,0.0,5.0,4.0,9.0,8.0,677.0,248.0,616.0,168.0,17.0,19.0,8.0,9.0,4.0,4.0,0.0,1.0,0.0,0.0,1.0,5.0,4.0,0.0,10.0,1.0,16.0,2.0,8.0,0.0,3.0,1.0,40.0,7.0,22.0,19.0,3.0,2.0,53.0,47.0,6.0,7.0,32.0,30.0,15.0,11.0,7.0,2.0,8.0,4.0,22.0,21.0,0.0,1.0,0.0,1.0,2.0,12.0,91.0,67.7,0.167,0.09,0.417,0.5,1.98,-0.18,100.0,50.0
2025-09-14,16:00,77559,LaLiga 25/26,25/26,La Liga,Matchweek 4,Sun,Away,L,0.0,6.0,FC Barcelona,28.0,,,,,,https://www.sofascore.com/valencia-barcelona/rgbsDgb,Ended,Valencia,for,0.18,4.02,0.0,6.0,0.0,3.0,0.0,3.0,4.0,5.0,8.0,9.0,248.0,677.0,168.0,616.0,19.0,17.0,9.0,8.0,4.0,4.0,1.0,0.0,0.0,0.0,5.0,1.0,0.0,4.0,1.0,10.0,2.0,16.0,0.0,8.0,1.0,3.0,7.0,40.0,19.0,22.0,2.0,3.0,47.0,53.0,7.0,6.0,30.0,32.0,11.0,15.0,2.0,7.0,4.0,8.0,21.0,22.0,1.0,0.0,1.0,0.0,12.0,2.0,67.7,91.0,0.09,0.167,0.5,0.417,-0.18,1.98,50.0,100.0
2025-09-15,16:00,77559,LaLiga 25/26,25/26,La Liga,Matchweek 4,Mon,Home,W,3.0,2.0,Mallorca,38.0,,,,,,https://www.sofascore.com/mallorca-espanyol/ogbsBgb,Ended,Espanyol,for,2.46,2.23,4.0,2.0,3.0,2.0,1.0,0.0,3.0,9.0,9.0,16.0,303.0,493.0,241.0,424.0,11.0,20.0,15.0,8.0,0.0,2.0,2.0,1.0,1.0,0.0,8.0,0.0,1.0,8.0,5.0,6.0,6.0,14.0,3.0,10.0,0.0,0.0,11.0,26.0,19.0,28.0,3.0,11.0,41.0,59.0,9.0,5.0,28.0,35.0,13.0,23.0,3.0,8.0,4.0,6.0,34.0,8.0,0.0,0.0,1.0,1.0,7.0,6.0,79.5,86.0,0.273,0.093,0.333,0.417,0.54,-0.23,80.0,0.0
2025-09-15,16:00,77559,LaLiga 25/26,25/26,La Liga,Matchweek 4,Mon,Away,L,2.0,3.0,Espanyol,62.0,,,,,,https://www.sofascore.com/mallorca-espanyol/ogbsBgb,Ended,Mallorca,for,2.23,2.46,2.0,4.0,2.0,3.0,0.0,1.0,9.0,3.0,16.0,9.0,493.0,303.0,424.0,241.0,20.0,11.0,8.0,15.0,2.0,0.0,1.0,2.0,0.0,1.0,0.0,8.0,8.0,1.0,6.0,5.0,14.0,6.0,10.0,3.0,0.0,0.0,26.0,11.0,28.0,19.0,11.0,3.0,59.0,41.0,5.0,9.0,35.0,28.0,23.0,13.0,8.0,3.0,6.0,4.0,8.0,34.0,0.0,0.0,1.0,1.0,6.0,7.0,86.0,79.5,0.093,0.273,0.417,0.333,-0.23,0.54,0.0,80.0
2025-09-19,16:00,77559,LaLiga 25/26,25/26,La Liga,Matchweek 5,Fri,Home,W,3.0,1.0,Real Sociedad,50.0,,,,,,https://www.sofascore.com/real-sociedad-real-betis/qgbszgb,Ended,Real Betis,for,2.47,0.84,3.0,1.0,1.0,0.0,2.0,1.0,3.0,5.0,7.0,20.0,491.0,481.0,400.0,385.0,26.0,25.0,20.0,7.0,0.0,3.0,3.0,6.0,0.0,0.0,4.0,4.0,7.0,4.0,8.0,2.0,12.0,8.0,9.0,3.0,1.0,1.0,30.0,21.0,31.0,13.0,1.0,4.0,55.0,45.0,10.0,8.0,55.0,42.0,10.0,12.0,9.0,11.0,17.0,14.0,30.0,7.0,1.0,1.0,0.0,0.0,5.0,8.0,81.5,80.0,0.118,0.076,0.286,0.455,0.53,0.16,80.0,66.7
2025-09-19,16:00,77559,LaLiga 25/26,25/26,La Liga,Matchweek 5,Fri,Away,L,1.0,3.0,Real Betis,50.0,,,,,,https://www.sofascore.com/real-sociedad-real-betis/qgbszgb,Ended,Real Sociedad,for,0.84,2.47,1.0,3.0,0.0,1.0,1.0,2.0,5.0,3.0,20.0,7.0,481.0,491.0,385.0,400.0,25.0,26.0,7.0,20.0,3.0,0.0,6.0,3.0,0.0,0.0,4.0,4.0,4.0,7.0,2.0,8.0,8.0,12.0,3.0,9.0,1.0,1.0,21.0,30.0,13.0,31.0,4.0,1.0,45.0,55.0,8.0,10.0,42.0,55.0,12.0,10.0,11.0,9.0,14.0,17.0,7.0,30.0,1.0,1.0,0.0,0.0,8.0,5.0,80.0,81.5,0.076,0.118,0.455,0.286,0.16,0.53,66.7,80.0
2025-09-20,09:00,77559,LaLiga 25/26,25/26,La Liga,Matchweek 5,Sat,Home,L,0.0,4.0,Levante UD,35.0,,,,,,https://www.sofascore.com/girona-fc-levante-ud/ZgbsoKj,Ended,Girona FC,for,0.5,2.88,0.0,8.0,0.0,3.0,0.0,5.0,5.0,4.0,11.0,17.0,295.0,575.0,248.0,529.0,16.0,15.0,17.0,11.0,0.0,1.0,4.0,3.0,2.0,0.0,2.0,1.0,3.0,1.0,3.0,6.0,5.0,11.0,2.0,3.0,0.0,2.0,10.0,31.0,17.0,23.0,3.0,7.0,49.0,51.0,7.0,8.0,37.0,32.0,2.0,8.0,5.0,7.0,8.0,1.0,20.0,16.0,0.0,0.0,0.0,0.0,4.0,5.0,84.1,92.0,0.071,0.206,0.143,0.5,-0.5,1.12,28.6,100.0
2025-09-20,09:00,77559,LaLiga 25/26,25/26,La Liga,Matchweek 5,Sat,Away,W,4.0,0.0,Girona FC,65.0,,,,,,https://www.sofascore.com/girona-fc-levante-ud/ZgbsoKj,Ended,Levante UD,for,2.88,0.5,8.0,0.0,3.0,0.0,5.0,0.0,4.0,5.0,17.0,11.0,575.0,295.0,529.0,248.0,15.0,16.0,11.0,17.0,1.0,0.0,3.0,4.0,0.0,2.0,1.0,2.0,1.0,3.0,6.0,3.0,11.0,5.0,3.0,2.0,2.0,0.0,31.0,10.0,23.0,17.0,7.0,3.0,51.0,49.0,8.0,7.0,32.0,37.0,8.0,2.0,7.0,5.0,1.0,8.0,16.0,20.0,0.0,0.0,0.0,0.0,5.0,4.0,92.0,84.1,0.206,0.071,0.5,0.143,1.12,-0.5,100.0,28.6
2025-09-20,11:15,77559,LaLiga 25/26,25/26,La Liga,Matchweek 5,Sat,Home,W,2.0,0.0,Espanyol,72.0,,,,,,https://www.sofascore.com/real-madrid-espanyol/ogbsEgb,Ended,Real Madrid,for,1.18,0.96,3.0,1.0,0.0,0.0,3.0,1.0,5.0,3.0,10.0,20.0,753.0,274.0,700.0,229.0,18.0,21.0,20.0,10.0,2.0,0.0,2.0,0.0,0.0,0.0,1.0,3.0,5.0,5.0,6.0,2.0,11.0,5.0,5.0,3.0,1.0,1.0,37.0,13.0,26.0,16.0,2.0,4.0,59.0,41.0,7.0,7.0,51.0,37.0,7.0,4.0,13.0,7.0,4.0,9.0,11.0,11.0,0.0,0.0,2.0,0.0,3.0,7.0,93.0,83.6,0.074,0.12,0.312,0.125,0.82,-0.96,100.0,60.0
2025-09-20,11:15,77559,LaLiga 25/26,25/26,La Liga,Matchweek 5,Sat,Away,L,0.0,2.0,Real Madrid,28.0,,,,,,https://www.sofascore.com/real-madrid-espanyol/ogbsEgb,Ended,Espanyol,for,0.96,1.18,1.0,3.0,0.0,0.0,1.0,3.0,3.0,5.0,20.0,10.0,274.0,753.0,229.0,700.0,21.0,18.0,10.0,20.0,0.0,2.0,0.0,2.0,0.0,0.0,3.0,1.0,5.0,5.0,2.0,6.0,5.0,11.0,3.0,5.0,1.0,1.0,13.0,37.0,16.0,26.0,4.0,2.0,41.0,59.0,7.0,7.0,37.0,51.0,4.0,7.0,7.0,13.0,9.0,4.0,11.0,11.0,0.0,0.0,0.0,2.0,7.0,3.0,83.6,93.0,0.12,0.074,0.125,0.312,-0.96,0.82,60.0,100.0
2025-09-20,13:30,77559,LaLiga 25/26,25/26,La Liga,Matchweek 5,Sat,Home,W,2.0,1.0,Osasuna,66.0,,,,,,https://www.sofascore.com/osasuna-villarreal/ugbsvgb,Ended,Villarreal,for,2.55,1.8,6.0,4.0,1.0,1.0,5.0,3.0,7.0,0.0,10.0,11.0,504.0,273.0,444.0,212.0,14.0,21.0,11.0,9.0,2.0,1.0,2.0,3.0,0.0,1.0,2.0,6.0,6.0,0.0,12.0,3.0,14.0,6.0,12.0,0.0,1.0,0.0,41.0,16.0,17.0,27.0,9.0,3.0,46.0,54.0,8.0,3.0,36.0,32.0,11.0,23.0,11.0,3.0,4.0,10.0,13.0,50.0,0.0,0.0,0.0,0.0,8.0,20.0,88.1,77.7,0.098,0.3,0.308,0.5,-0.55,-0.8,66.7,75.0
2025-09-20,13:30,77559,LaLiga 25/26,25/26,La Liga,Matchweek 5,Sat,Away,L,1.0,2.0,Villarreal,34.0,,,,,,https://www.sofascore.com/osasuna-villarreal/ugbsvgb,Ended,Osasuna,for,1.8,2.55,4.0,6.0,1.0,1.0,3.0,5.0,0.0,7.0,11.0,10.0,273.0,504.0,212.0,444.0,21.0,14.0,9.0,11.0,1.0,2.0,3.0,2.0,1.0,0.0,6.0,2.0,0.0,6.0,3.0,12.0,6.0,14.0,0.0,12.0,0.0,1.0,16.0,41.0,27.0,17.0,3.0,9.0,54.0,46.0,3.0,8.0,32.0,36.0,23.0,11.0,3.0,11.0,10.0,4.0,50.0,13.0,0.0,0.0,0.0,0.0,20.0,8.0,77.7,88.1,0.3,0.098,0.5,0.308,-0.8,-0.55,75.0,66.7
2025-09-20,13:30,77559,LaLiga 25/26,25/26,La Liga,Matchweek 5,Sat,Home,L,1.0,2.0,Sevilla,48.0,,,,,,https://www.sofascore.com/deportivo-alaves-sevilla/IgbsKhb,Ended,Deportivo Alavés,for,0.95,0.48,1.0,2.0,1.0,0.0,0.0,2.0,4.0,4.0,20.0,19.0,394.0,423.0,307.0,340.0,21.0,20.0,18.0,20.0,3.0,4.0,1.0,7.0,0.0,0.0,1.0,4.0,1.0,2.0,2.0,4.0,4.0,5.0,4.0,4.0,0.0,1.0,13.0,20.0,25.0,29.0,4.0,5.0,47.0,53.0,6.0,13.0,46.0,47.0,15.0,22.0,8.0,9.0,7.0,8.0,17.0,19.0,0.0,0.0,1.0,0.0,6.0,4.0,77.9,80.4,0.119,0.053,0.625,0.333,0.05,1.52,33.3,80.0
2025-09-20,13:30,77559,LaLiga 25/26,25/26,La Liga,Matchweek 5,Sat,Away,W,2.0,1.0,Deportivo Alavés,52.0,,,,,,https://www.sofascore.com/deportivo-alaves-sevilla/IgbsKhb,Ended,Sevilla,for,0.48,0.95,2.0,1.0,0.0,1.0,2.0,0.0,4.0,4.0,19.0,20.0,423.0,394.0,340.0,307.0,20.0,21.0,20.0,18.0,4.0,3.0,7.0,1.0,0.0,0.0,4.0,1.0,2.0,1.0,4.0,2.0,5.0,4.0,4.0,4.0,1.0,0.0,20.0,13.0,29.0,25.0,5.0,4.0,53.0,47.0,13.0,6.0,47.0,46.0,22.0,15.0,9.0,8.0,8.0,7.0,19.0,17.0,0.0,0.0,0.0,1.0,4.0,6.0,80.4,77.9,0.053,0.119,0.333,0.625,1.52,0.05,80.0,33.3
2025-09-20,16:00,77559,LaLiga 25/26,25/26,La Liga,Matchweek 5,Sat,Home,W,2.0,0.0,Athletic Club,44.0,,,,,,https://www.sofascore.com/valencia-athletic-club/AgbsDgb,Ended,Valencia,for,1.88,0.49,4.0,0.0,2.0,0.0,2.0,0.0,5.0,6.0,13.0,6.0,378.0,486.0,296.0,404.0,20.0,14.0,6.0,13.0,0.0,1.0,1.0,1.0,0.0,1.0,6.0,3.0,2.0,4.0,6.0,2.0,10.0,7.0,3.0,4.0,0.0,0.0,21.0,25.0,23.0,29.0,5.0,5.0,53.0,47.0,7.0,10.0,35.0,28.0,11.0,13.0,9.0,3.0,16.0,8.0,26.0,15.0,0.0,0.0,0.0,0.0,6.0,7.0,78.3,83.1,0.145,0.045,0.385,0.455,0.12,-0.49,120.0,60.0
2025-09-20,16:00,77559,LaLiga 25/26,25/26,La Liga,Matchweek 5,Sat,Away,L,0.0,2.0,Valencia,56.0,,,,,,https://www.sofascore.com/valencia-athletic-club/AgbsDgb,Ended,Athletic Club,for,0.49,1.88,0.0,4.0,0.0,2.0,0.0,2.0,6.0,5.0,6.0,13.0,486.0,378.0,404.0,296.0,14.0,20.0,13.0,6.0,1.0,0.0,1.0,1.0,1.0,0.0,3.0,6.0,4.0,2.0,2.0,6.0,7.0,10.0,4.0,3.0,0.0,0.0,25.0,21.0,29.0,23.0,5.0,5.0,47.0,53.0,10.0,7.0,28.0,35.0,13.0,11.0,3.0,9.0,8.0,16.0,15.0,26.0,0.0,0.0,0.0,0.0,7.0,6.0,83.1,78.3,0.045,0.145,0.455,0.385,-0.49,0.12,60.0,120.0
2025-09-21,09:00,77559,LaLiga 25/26,25/26,La Liga,Matchweek 5,Sun,Home,D,1.0,1.0,Celta Vigo,59.0,,,,,,https://www.sofascore.com/celta-vigo-rayo-vallecano/tgbswgb,Ended,Rayo Vallecano,for,1.08,0.81,3.0,3.0,1.0,1.0,2.0,2.0,5.0,7.0,8.0,10.0,533.0,370.0,461.0,295.0,11.0,13.0,10.0,8.0,1.0,0.0,1.0,1.0,0.0,0.0,4.0,4.0,2.0,3.0,8.0,1.0,8.0,6.0,7.0,3.0,0.0,0.0,23.0,21.0,33.0,24.0,2.0,2.0,51.0,49.0,6.0,5.0,25.0,27.0,11.0,7.0,5.0,7.0,8.0,9.0,22.0,29.0,0.0,1.0,1.0,0.0,6.0,13.0,86.5,79.7,0.072,0.09,0.333,0.556,-0.08,0.19,80.0,80.0
2025-09-21,09:00,77559,LaLiga 25/26,25/26,La Liga,Matchweek 5,Sun,Away,D,1.0,1.0,Rayo Vallecano,41.0,,,,,,https://www.sofascore.com/celta-vigo-rayo-vallecano/tgbswgb,Ended,Celta Vigo,for,0.81,1.08,3.0,3.0,1.0,1.0,2.0,2.0,7.0,5.0,10.0,8.0,370.0,533.0,295.0,461.0,13.0,11.0,8.0,10.0,0.0,1.0,1.0,1.0,0.0,0.0,4.0,4.0,3.0,2.0,1.0,8.0,6.0,8.0,3.0,7.0,0.0,0.0,21.0,23.0,24.0,33.0,2.0,2.0,49.0,51.0,5.0,6.0,27.0,25.0,7.0,11.0,7.0,5.0,9.0,8.0,29.0,22.0,1.0,0.0,0.0,1.0,13.0,6.0,79.7,86.5,0.09,0.072,0.556,0.333,0.19,-0.08,80.0,80.0
2025-09-21,11:15,77559,LaLiga 25/26,25/26,La Liga,Matchweek 5,Sun,Home,D,1.0,1.0,Atlético Madrid,43.0,,,,,,https://www.sofascore.com/atletico-madrid-mallorca/BgbsLgb,Ended,Mallorca,for,0.6,2.26,1.0,4.0,1.0,1.0,0.0,3.0,3.0,6.0,14.0,6.0,396.0,550.0,328.0,485.0,13.0,10.0,6.0,13.0,0.0,1.0,0.0,0.0,0.0,1.0,6.0,2.0,2.0,1.0,3.0,4.0,3.0,9.0,5.0,3.0,0.0,0.0,15.0,31.0,25.0,22.0,5.0,4.0,53.0,47.0,6.0,5.0,25.0,28.0,21.0,12.0,8.0,7.0,11.0,8.0,29.0,19.0,0.0,0.0,1.0,0.0,10.0,6.0,82.8,88.2,0.075,0.188,0.375,0.583,0.4,-1.26,85.7,66.7
2025-09-21,11:15,77559,LaLiga 25/26,25/26,La Liga,Matchweek 5,Sun,Away,D,1.0,1.0,Mallorca,57.0,,,,,,https://www.sofascore.com/atletico-madrid-mallorca/BgbsLgb,Ended,Atlético Madrid,for,2.26,0.6,4.0,1.0,1.0,1.0,3.0,0.0,6.0,3.0,6.0,14.0,550.0,396.0,485.0,328.0,10.0,13.0,13.0,6.0,1.0,0.0,0.0,0.0,1.0,0.0,2.0,6.0,1.0,2.0,4.0,3.0,9.0,3.0,3.0,5.0,0.0,0.0,31.0,15.0,22.0,25.0,4.0,5.0,47.0,53.0,5.0,6.0,28.0,25.0,12.0,21.0,7.0,8.0,8.0,11.0,19.0,29.0,0.0,0.0,0.0,1.0,6.0,10.0,88.2,82.8,0.188,0.075,0.583,0.375,-1.26,0.4,66.7,85.7
2025-09-21,13:30,77559,LaLiga 25/26,25/26,La Liga,Matchweek 5,Sun,Home,W,1.0,0.0,Real Oviedo,61.0,,,,,,https://www.sofascore.com/real-oviedo-elche/Wgbsbhb,Ended,Elche,for,1.55,1.09,1.0,2.0,1.0,0.0,0.0,2.0,3.0,3.0,9.0,18.0,601.0,372.0,538.0,306.0,18.0,16.0,18.0,9.0,1.0,1.0,2.0,2.0,0.0,0.0,4.0,4.0,6.0,3.0,4.0,5.0,10.0,8.0,5.0,4.0,0.0,0.0,28.0,18.0,25.0,27.0,3.0,3.0,51.0,49.0,9.0,10.0,42.0,34.0,6.0,12.0,7.0,10.0,11.0,5.0,17.0,19.0,2.0,1.0,2.0,0.0,6.0,7.0,89.5,82.3,0.103,0.091,0.333,0.333,-0.55,-1.09,100.0,80.0
2025-09-21,13:30,77559,LaLiga 25/26,25/26,La Liga,Matchweek 5,Sun,Away,L,0.0,1.0,Elche,39.0,,,,,,https://www.sofascore.com/real-oviedo-elche/Wgbsbhb,Ended,Real Oviedo,for,1.09,1.55,2.0,1.0,0.0,1.0,2.0,0.0,3.0,3.0,18.0,9.0,372.0,601.0,306.0,538.0,16.0,18.0,9.0,18.0,1.0,1.0,2.0,2.0,0.0,0.0,4.0,4.0,3.0,6.0,5.0,4.0,8.0,10.0,4.0,5.0,0.0,0.0,18.0,28.0,27.0,25.0,3.0,3.0,49.0,51.0,10.0,9.0,34.0,42.0,12.0,6.0,10.0,7.0,5.0,11.0,19.0,17.0,1.0,2.0,0.0,2.0,7.0,6.0,82.3,89.5,0.091,0.103,0.333,0.333,-1.09,-0.55,80.0,100.0
2025-09-21,16:00,77559,LaLiga 25/26,25/26,La Liga,Matchweek 5,Sun,Home,W,3.0,0.0,Getafe,71.0,,,,,,https://www.sofascore.com/getafe-barcelona/rgbsjhb,Ended,FC Barcelona,for,1.97,0.27,5.0,0.0,3.0,0.0,2.0,0.0,3.0,2.0,9.0,16.0,738.0,300.0,664.0,205.0,12.0,22.0,16.0,9.0,3.0,1.0,2.0,4.0,0.0,0.0,2.0,4.0,2.0,0.0,7.0,1.0,10.0,3.0,6.0,0.0,4.0,0.0,22.0,9.0,31.0,25.0,1.0,1.0,52.0,48.0,6.0,8.0,37.0,37.0,13.0,9.0,11.0,6.0,7.0,13.0,21.0,18.0,0.0,0.0,1.0,0.0,4.0,8.0,90.0,68.3,0.123,0.09,0.438,0.667,1.03,-0.27,100.0,57.1
2025-09-21,16:00,77559,LaLiga 25/26,25/26,La Liga,Matchweek 5,Sun,Away,L,0.0,3.0,FC Barcelona,29.0,,,,,,https://www.sofascore.com/getafe-barcelona/rgbsjhb,Ended,Getafe,for,0.27,1.97,0.0,5.0,0.0,3.0,0.0,2.0,2.0,3.0,16.0,9.0,300.0,738.0,205.0,664.0,22.0,12.0,9.0,16.0,1.0,3.0,4.0,2.0,0.0,0.0,4.0,2.0,0.0,2.0,1.0,7.0,3.0,10.0,0.0,6.0,0.0,4.0,9.0,22.0,25.0,31.0,1.0,1.0,48.0,52.0,8.0,6.0,37.0,37.0,9.0,13.0,6.0,11.0,13.0,7.0,18.0,21.0,0.0,0.0,0.0,1.0,8.0,4.0,68.3,90.0,0.09,0.123,0.667,0.438,-0.27,1.03,57.1,100.0
2025-09-23,14:00,77559,LaLiga 25/26,25/26,La Liga,Matchweek 6,Tue,Home,D,1.0,1.0,Girona FC,67.0,,,,,,https://www.sofascore.com/girona-fc-athletic-club/AgbsoKj,Ended,Athletic Club,for,1.46,0.78,4.0,2.0,0.0,1.0,4.0,1.0,8.0,1.0,19.0,15.0,600.0,305.0,524.0,225.0,18.0,10.0,15.0,19.0,0.0,5.0,0.0,2.0,0.0,0.0,2.0,4.0,5.0,1.0,7.0,2.0,14.0,4.0,3.0,2.0,0.0,2.0,35.0,9.0,23.0,20.0,8.0,2.0,57.0,43.0,5.0,6.0,40.0,36.0,18.0,7.0,8.0,9.0,10.0,11.0,10.0,39.0,1.0,1.0,0.0,2.0,3.0,13.0,87.3,73.8,0.086,0.13,0.294,0.5,-0.46,0.22,66.7,80.0
2025-09-23,14:00,77559,LaLiga 25/26,25/26,La Liga,Matchweek 6,Tue,Away,D,1.0,1.0,Athletic Club,33.0,,,,,,https://www.sofascore.com/girona-fc-athletic-club/AgbsoKj,Ended,Girona FC,for,0.78,1.46,2.0,4.0,1.0,0.0,1.0,4.0,1.0,8.0,15.0,19.0,305.0,600.0,225.0,524.0,10.0,18.0,19.0,15.0,5.0,0.0,2.0,0.0,0.0,0.0,4.0,2.0,1.0,5.0,2.0,7.0,4.0,14.0,2.0,3.0,2.0,0.0,9.0,35.0,20.0,23.0,2.0,8.0,43.0,57.0,6.0,5.0,36.0,40.0,7.0,18.0,9.0,8.0,11.0,10.0,39.0,10.0,1.0,1.0,2.0,0.0,13.0,3.0,73.8,87.3,0.13,0.086,0.5,0.294,0.22,-0.46,80.0,66.7
2025-09-23,14:00,77559,LaLiga 25/26,25/26,La Liga,Matchweek 6,Tue,Home,D,2.0,2.0,Valencia,56.0,,,,,,https://www.sofascore.com/valencia-espanyol/ogbsDgb,Ended,Espanyol,for,2.57,0.74,7.0,2.0,1.0,2.0,6.0,0.0,8.0,3.0,9.0,9.0,440.0,369.0,356.0,281.0,7.0,25.0,9.0,9.0,5.0,2.0,1.0,4.0,0.0,0.0,0.0,6.0,4.0,1.0,7.0,2.0,15.0,4.0,6.0,1.0,2.0,0.0,39.0,13.0,28.0,30.0,10.0,6.0,43.0,57.0,17.0,1.0,21.0,36.0,24.0,24.0,6.0,3.0,11.0,9.0,25.0,52.0,0.0,0.0,0.0,6.0,3.0,9.0,80.9,76.2,0.122,0.148,0.476,0.4,-0.57,1.26,0.0,60.0
2025-09-23,14:00,77559,LaLiga 25/26,25/26,La Liga,Matchweek 6,Tue,Away,D,2.0,2.0,Espanyol,44.0,,,,,,https://www.sofascore.com/valencia-espanyol/ogbsDgb,Ended,Valencia,for,0.74,2.57,2.0,7.0,2.0,1.0,0.0,6.0,3.0,8.0,9.0,9.0,369.0,440.0,281.0,356.0,25.0,7.0,9.0,9.0,2.0,5.0,4.0,1.0,0.0,0.0,6.0,0.0,1.0,4.0,2.0,7.0,4.0,15.0,1.0,6.0,0.0,2.0,13.0,39.0,30.0,28.0,6.0,10.0,57.0,43.0,1.0,17.0,36.0,21.0,24.0,24.0,3.0,6.0,9.0,11.0,52.0,25.0,0.0,0.0,6.0,0.0,9.0,3.0,76.2,80.9,0.148,0.122,0.4,0.476,1.26,-0.57,60.0,0.0
2025-09-23,16:30,77559,LaLiga 25/26,25/26,La Liga,Matchweek 6,Tue,Home,L,1.0,4.0,Real Madrid,37.0,,,,,,https://www.sofascore.com/levante-ud-real-madrid/EgbsZgb,Ended,Levante UD,for,1.6,3.94,3.0,6.0,1.0,2.0,2.0,4.0,1.0,7.0,17.0,9.0,416.0,696.0,365.0,636.0,19.0,22.0,9.0,16.0,0.0,1.0,1.0,1.0,0.0,0.0,6.0,1.0,6.0,3.0,3.0,11.0,8.0,16.0,3.0,8.0,0.0,2.0,17.0,45.0,33.0,21.0,3.0,2.0,43.0,57.0,16.0,5.0,30.0,50.0,9.0,2.0,3.0,11.0,8.0,6.0,17.0,8.0,3.0,1.0,0.0,0.0,9.0,3.0,87.7,91.4,0.145,0.164,0.182,0.417,-0.6,0.06,60.0,50.0
2025-09-23,16:30,77559,LaLiga 25/26,25/26,La Liga,Matchweek 6,Tue,Away,W,4.0,1.0,Levante UD,63.0,,,,,,https://www.sofascore.com/levante-ud-real-madrid/EgbsZgb,Ended,Real Madrid,for,3.94,1.6,6.0,3.0,2.0,1.0,4.0,2.0,7.0,1.0,9.0,17.0,696.0,416.0,636.0,365.0,22.0,19.0,16.0,9.0,1.0,0.0,1.0,1.0,0.0,0.0,1.0,6.0,3.0,6.0,11.0,3.0,16.0,8.0,8.0,3.0,2.0,0.0,45.0,17.0,21.0,33.0,2.0,3.0,57.0,43.0,5.0,16.0,50.0,30.0,2.0,9.0,11.0,3.0,6.0,8.0,8.0,17.0,1.0,3.0,0.0,0.0,3.0,9.0,91.4,87.7,0.164,0.145,0.417,0.182,0.06,-0.6,50.0,60.0
2025-09-23,16:30,77559,LaLiga 25/26,25/26,La Liga,Matchweek 6,Tue,Home,L,1.0,2.0,Villarreal,65.0,,,,,,https://www.sofascore.com/sevilla-villarreal/ugbsIgb,Ended,Sevilla,for,0.97,1.95,1.0,6.0,0.0,2.0,1.0,4.0,3.0,3.0,17.0,14.0,599.0,324.0,523.0,264.0,23.0,18.0,14.0,17.0,0.0,3.0,2.0,3.0,0.0,0.0,3.0,1.0,8.0,3.0,6.0,4.0,10.0,11.0,6.0,1.0,0.0,0.0,33.0,26.0,19.0,19.0,9.0,1.0,56.0,44.0,5.0,10.0,49.0,45.0,16.0,7.0,14.0,10.0,10.0,10.0,22.0,28.0,0.0,0.0,0.0,1.0,5.0,9.0,87.3,81.5,0.061,0.163,0.125,0.417,0.03,0.05,60.0,50.0
2025-09-23,16:30,77559,LaLiga 25/26,25/26,La Liga,Matchweek 6,Tue,Away,W,2.0,1.0,Sevilla,35.0,,,,,,https://www.sofascore.com/sevilla-villarreal/ugbsIgb,Ended,Villarreal,for,1.95,0.97,6.0,1.0,2.0,0.0,4.0,1.0,3.0,3.0,14.0,17.0,324.0,599.0,264.0,523.0,18.0,23.0,17.0,14.0,3.0,0.0,3.0,2.0,0.0,0.0,1.0,3.0,3.0,8.0,4.0,6.0,11.0,10.0,1.0,6.0,0.0,0.0,26.0,33.0,19.0,19.0,1.0,9.0,44.0,56.0,10.0,5.0,45.0,49.0,7.0,16.0,10.0,14.0,10.0,10.0,28.0,22.0,0.0,0.0,1.0,0.0,9.0,5.0,81.5,87.3,0.163,0.061,0.417,0.125,0.05,0.03,50.0,60.0
2025-09-24,14:00,77559,LaLiga 25/26,25/26,La Liga,Matchweek 6,Wed,Home,D,1.0,1.0,Deportivo Alavés,46.0,,,,,,https://www.sofascore.com/deportivo-alaves-getafe/jhbsKhb,Ended,Getafe,for,0.24,0.57,1.0,2.0,1.0,1.0,0.0,1.0,2.0,7.0,14.0,20.0,304.0,352.0,217.0,259.0,25.0,15.0,20.0,14.0,5.0,6.0,2.0,3.0,0.0,0.0,4.0,0.0,5.0,3.0,1.0,3.0,3.0,6.0,4.0,4.0,0.0,0.0,10.0,15.0,38.0,21.0,3.0,3.0,52.0,48.0,9.0,14.0,50.0,38.0,21.0,27.0,6.0,10.0,10.0,9.0,27.0,28.0,2.0,0.0,0.0,0.0,4.0,6.0,71.4,73.6,0.034,0.057,0.143,0.4,0.76,0.43,100.0,0.0
2025-09-24,14:00,77559,LaLiga 25/26,25/26,La Liga,Matchweek 6,Wed,Away,D,1.0,1.0,Getafe,54.0,,,,,,https://www.sofascore.com/deportivo-alaves-getafe/jhbsKhb,Ended,Deportivo Alavés,for,0.57,0.24,2.0,1.0,1.0,1.0,1.0,0.0,7.0,2.0,20.0,14.0,352.0,304.0,259.0,217.0,15.0,25.0,14.0,20.0,6.0,5.0,3.0,2.0,0.0,0.0,0.0,4.0,3.0,5.0,3.0,1.0,6.0,3.0,4.0,4.0,0.0,0.0,15.0,10.0,21.0,38.0,3.0,3.0,48.0,52.0,14.0,9.0,38.0,50.0,27.0,21.0,10.0,6.0,9.0,10.0,28.0,27.0,0.0,2.0,0.0,0.0,6.0,4.0,73.6,71.4,0.057,0.034,0.4,0.143,0.43,0.76,0.0,100.0
2025-09-24,16:30,77559,LaLiga 25/26,25/26,La Liga,Matchweek 6,Wed,Home,W,3.0,2.0,Rayo Vallecano,61.0,,,,,,https://www.sofascore.com/atletico-madrid-rayo-vallecano/tgbsLgb,Ended,Atlético Madrid,for,3.61,1.6,7.0,3.0,2.0,1.0,5.0,2.0,8.0,6.0,6.0,12.0,579.0,370.0,506.0,299.0,12.0,21.0,12.0,6.0,3.0,2.0,3.0,5.0,0.0,0.0,1.0,5.0,4.0,0.0,8.0,6.0,17.0,5.0,3.0,4.0,2.0,3.0,46.0,15.0,19.0,27.0,12.0,1.0,52.0,48.0,10.0,6.0,34.0,35.0,10.0,5.0,10.0,8.0,12.0,7.0,15.0,20.0,1.0,0.0,0.0,0.0,9.0,11.0,87.4,80.8,0.18,0.178,0.4,0.333,-0.61,0.4,33.3,62.5
2025-09-24,16:30,77559,LaLiga 25/26,25/26,La Liga,Matchweek 6,Wed,Away,L,2.0,3.0,Atlético Madrid,39.0,,,,,,https://www.sofascore.com/atletico-madrid-rayo-vallecano/tgbsLgb,Ended,Rayo Vallecano,for,1.6,3.61,3.0,7.0,1.0,2.0,2.0,5.0,6.0,8.0,12.0,6.0,370.0,579.0,299.0,506.0,21.0,12.0,6.0,12.0,2.0,3.0,5.0,3.0,0.0,0.0,5.0,1.0,0.0,4.0,6.0,8.0,5.0,17.0,4.0,3.0,3.0,2.0,15.0,46.0,27.0,19.0,1.0,12.0,48.0,52.0,6.0,10.0,35.0,34.0,5.0,10.0,8.0,10.0,7.0,12.0,20.0,15.0,0.0,1.0,0.0,0.0,11.0,9.0,80.8,87.4,0.178,0.18,0.333,0.4,0.4,-0.61,62.5,33.3
2025-09-24,16:30,77559,LaLiga 25/26,25/26,La Liga,Matchweek 6,Wed,Home,W,1.0,0.0,Mallorca,64.0,,,,,,https://www.sofascore.com/mallorca-real-sociedad/zgbsBgb,Ended,Real Sociedad,for,2.76,0.76,4.0,1.0,1.0,0.0,3.0,1.0,11.0,2.0,13.0,15.0,548.0,310.0,449.0,224.0,13.0,15.0,15.0,13.0,2.0,0.0,2.0,2.0,0.0,0.0,3.0,3.0,3.0,1.0,10.0,3.0,12.0,6.0,5.0,1.0,0.0,0.0,30.0,9.0,34.0,31.0,6.0,4.0,50.0,50.0,8.0,10.0,36.0,34.0,16.0,18.0,10.0,6.0,2.0,8.0,26.0,49.0,0.0,1.0,0.0,0.0,5.0,10.0,81.9,72.3,0.162,0.109,0.235,0.429,-1.76,-0.76,100.0,75.0
2025-09-24,16:30,77559,LaLiga 25/26,25/26,La Liga,Matchweek 6,Wed,Away,L,0.0,1.0,Real Sociedad,36.0,,,,,,https://www.sofascore.com/mallorca-real-sociedad/zgbsBgb,Ended,Mallorca,for,0.76,2.76,1.0,4.0,0.0,1.0,1.0,3.0,2.0,11.0,15.0,13.0,310.0,548.0,224.0,449.0,15.0,13.0,13.0,15.0,0.0,2.0,2.0,2.0,0.0,0.0,3.0,3.0,1.0,3.0,3.0,10.0,6.0,12.0,1.0,5.0,0.0,0.0,9.0,30.0,31.0,34.0,4.0,6.0,50.0,50.0,10.0,8.0,34.0,36.0,18.0,16.0,6.0,10.0,8.0,2.0,49.0,26.0,1.0,0.0,0.0,0.0,10.0,5.0,72.3,81.9,0.109,0.162,0.429,0.235,-0.76,-1.76,75.0,100.0
2025-09-25,14:30,77559,LaLiga 25/26,25/26,La Liga,Matchweek 6,Thu,Home,D,1.0,1.0,Elche,40.0,,,,,,https://www.sofascore.com/elche-osasuna/vgbsWgb,Ended,Osasuna,for,0.9,0.82,1.0,3.0,0.0,1.0,1.0,2.0,2.0,3.0,19.0,13.0,375.0,588.0,290.0,504.0,21.0,15.0,13.0,19.0,0.0,0.0,2.0,2.0,0.0,0.0,3.0,1.0,3.0,6.0,4.0,2.0,7.0,7.0,2.0,5.0,0.0,0.0,18.0,15.0,31.0,26.0,5.0,2.0,53.0,47.0,5.0,7.0,36.0,45.0,26.0,10.0,4.0,12.0,7.0,7.0,26.0,25.0,0.0,0.0,1.0,0.0,5.0,5.0,77.3,85.7,0.1,0.068,0.222,0.333,0.1,0.18,75.0,50.0
2025-09-25,14:30,77559,LaLiga 25/26,25/26,La Liga,Matchweek 6,Thu,Away,D,1.0,1.0,Osasuna,60.0,,,,,,https://www.sofascore.com/elche-osasuna/vgbsWgb,Ended,Elche,for,0.82,0.9,3.0,1.0,1.0,0.0,2.0,1.0,3.0,2.0,13.0,19.0,588.0,375.0,504.0,290.0,15.0,21.0,19.0,13.0,0.0,0.0,2.0,2.0,0.0,0.0,1.0,3.0,6.0,3.0,2.0,4.0,7.0,7.0,5.0,2.0,0.0,0.0,15.0,18.0,26.0,31.0,2.0,5.0,47.0,53.0,7.0,5.0,45.0,36.0,10.0,26.0,12.0,4.0,7.0,7.0,25.0,26.0,0.0,0.0,0.0,1.0,5.0,5.0,85.7,77.3,0.068,0.1,0.333,0.222,0.18,0.1,50.0,75.0
2025-09-25,16:30,77559,LaLiga 25/26,25/26,La Liga,Matchweek 6,Thu,Home,L,1.0,3.0,FC Barcelona,21.0,,,,,,https://www.sofascore.com/real-oviedo-barcelona/rgbsbhb,Ended,Real Oviedo,for,1.04,2.07,2.0,2.0,0.0,2.0,2.0,0.0,6.0,9.0,10.0,6.0,194.0,787.0,124.0,717.0,21.0,18.0,6.0,10.0,7.0,1.0,1.0,0.0,0.0,0.0,7.0,2.0,3.0,8.0,1.0,4.0,5.0,13.0,2.0,9.0,1.0,0.0,17.0,43.0,20.0,17.0,3.0,3.0,48.0,52.0,12.0,11.0,31.0,35.0,14.0,14.0,5.0,8.0,4.0,6.0,32.0,15.0,0.0,0.0,0.0,1.0,5.0,2.0,63.9,91.1,0.149,0.094,0.429,0.455,-0.04,0.93,70.0,66.7
2025-09-25,16:30,77559,LaLiga 25/26,25/26,La Liga,Matchweek 6,Thu,Away,W,3.0,1.0,Real Oviedo,79.0,,,,,,https://www.sofascore.com/real-oviedo-barcelona/rgbsbhb,Ended,FC Barcelona,for,2.07,1.04,2.0,2.0,2.0,0.0,0.0,2.0,9.0,6.0,6.0,10.0,787.0,194.0,717.0,124.0,18.0,21.0,10.0,6.0,1.0,7.0,0.0,1.0,0.0,0.0,2.0,7.0,8.0,3.0,4.0,1.0,13.0,5.0,9.0,2.0,0.0,1.0,43.0,17.0,17.0,20.0,3.0,3.0,52.0,48.0,11.0,12.0,35.0,31.0,14.0,14.0,8.0,5.0,6.0,4.0,15.0,32.0,0.0,0.0,1.0,0.0,2.0,5.0,91.1,63.9,0.094,0.149,0.455,0.429,0.93,-0.04,66.7,70.0
2025-09-26,16:00,77559,LaLiga 25/26,25/26,La Liga,Matchweek 7,Fri,Home,D,0.0,0.0,Espanyol,60.0,,,,,,https://www.sofascore.com/girona-fc-espanyol/ogbsoKj,Ended,Girona FC,for,1.08,1.08,1.0,0.0,0.0,0.0,1.0,0.0,8.0,4.0,9.0,11.0,522.0,338.0,455.0,279.0,6.0,20.0,11.0,9.0,1.0,1.0,0.0,1.0,0.0,0.0,5.0,3.0,5.0,5.0,4.0,10.0,7.0,11.0,5.0,9.0,1.0,0.0,27.0,18.0,16.0,22.0,5.0,8.0,48.0,52.0,12.0,3.0,30.0,33.0,13.0,13.0,14.0,4.0,8.0,11.0,24.0,27.0,1.0,1.0,0.0,2.0,10.0,4.0,87.2,82.5,0.09,0.054,0.25,0.25,-1.08,-1.08,100.0,100.0
2025-09-26,16:00,77559,LaLiga 25/26,25/26,La Liga,Matchweek 7,Fri,Away,D,0.0,0.0,Girona FC,40.0,,,,,,https://www.sofascore.com/girona-fc-espanyol/ogbsoKj,Ended,Espanyol,for,1.08,1.08,0.0,1.0,0.0,0.0,0.0,1.0,4.0,8.0,11.0,9.0,338.0,522.0,279.0,455.0,20.0,6.0,9.0,11.0,1.0,1.0,1.0,0.0,0.0,0.0,3.0,5.0,5.0,5.0,10.0,4.0,11.0,7.0,9.0,5.0,0.0,1.0,18.0,27.0,22.0,16.0,8.0,5.0,52.0,48.0,3.0,12.0,33.0,30.0,13.0,13.0,4.0,14.0,11.0,8.0,27.0,24.0,1.0,1.0,2.0,0.0,4.0,10.0,82.5,87.2,0.054,0.09,0.25,0.25,-1.08,-1.08,100.0,100.0
2025-09-27,09:00,77559,LaLiga 25/26,25/26,La Liga,Matchweek 7,Sat,Home,D,1.0,1.0,Levante UD,54.0,,,,,,https://www.sofascore.com/getafe-levante-ud/Zgbsjhb,Ended,Getafe,for,0.55,1.24,2.0,3.0,1.0,1.0,1.0,2.0,6.0,2.0,15.0,16.0,328.0,288.0,211.0,169.0,19.0,18.0,16.0,15.0,2.0,2.0,4.0,3.0,0.0,0.0,2.0,3.0,1.0,2.0,6.0,6.0,3.0,7.0,8.0,4.0,0.0,1.0,15.0,15.0,32.0,20.0,7.0,7.0,54.0,46.0,10.0,12.0,43.0,33.0,24.0,23.0,10.0,3.0,5.0,5.0,51.0,39.0,1.0,0.0,1.0,0.0,15.0,11.0,64.3,58.7,0.05,0.113,0.364,0.273,0.45,-0.24,66.7,75.0
2025-09-27,09:00,77559,LaLiga 25/26,25/26,La Liga,Matchweek 7,Sat,Away,D,1.0,1.0,Getafe,46.0,,,,,,https://www.sofascore.com/getafe-levante-ud/Zgbsjhb,Ended,Levante UD,for,1.24,0.55,3.0,2.0,1.0,1.0,2.0,1.0,2.0,6.0,16.0,15.0,288.0,328.0,169.0,211.0,18.0,19.0,15.0,16.0,2.0,2.0,3.0,4.0,0.0,0.0,3.0,2.0,2.0,1.0,6.0,6.0,7.0,3.0,4.0,8.0,1.0,0.0,15.0,15.0,20.0,32.0,7.0,7.0,46.0,54.0,12.0,10.0,33.0,43.0,23.0,24.0,3.0,10.0,5.0,5.0,39.0,51.0,0.0,1.0,0.0,1.0,11.0,15.0,58.7,64.3,0.113,0.05,0.273,0.364,-0.24,0.45,75.0,66.7
2025-09-27,11:15,77559,LaLiga 25/26,25/26,La Liga,Matchweek 7,Sat,Home,W,5.0,2.0,Real Madrid,37.0,,,,,,https://www.sofascore.com/atletico-madrid-real-madrid/EgbsLgb,Ended,Atlético Madrid,for,2.34,0.66,6.0,2.0,4.0,2.0,2.0,0.0,7.0,2.0,17.0,14.0,306.0,538.0,241.0,471.0,14.0,11.0,13.0,17.0,1.0,1.0,5.0,4.0,0.0,0.0,0.0,2.0,2.0,2.0,4.0,2.0,8.0,3.0,5.0,3.0,0.0,1.0,21.0,13.0,18.0,25.0,6.0,4.0,46.0,54.0,6.0,4.0,32.0,35.0,10.0,14.0,5.0,8.0,7.0,7.0,23.0,22.0,0.0,1.0,2.0,1.0,7.0,8.0,78.8,87.5,0.18,0.11,0.538,0.333,2.66,1.34,0.0,28.6
2025-09-27,11:15,77559,LaLiga 25/26,25/26,La Liga,Matchweek 7,Sat,Away,L,2.0,5.0,Atlético Madrid,63.0,,,,,,https://www.sofascore.com/atletico-madrid-real-madrid/EgbsLgb,Ended,Real Madrid,for,0.66,2.34,2.0,6.0,2.0,4.0,0.0,2.0,2.0,7.0,14.0,17.0,538.0,306.0,471.0,241.0,11.0,14.0,17.0,13.0,1.0,1.0,4.0,5.0,0.0,0.0,2.0,0.0,2.0,2.0,2.0,4.0,3.0,8.0,3.0,5.0,1.0,0.0,13.0,21.0,25.0,18.0,4.0,6.0,54.0,46.0,4.0,6.0,35.0,32.0,14.0,10.0,8.0,5.0,7.0,7.0,22.0,23.0,1.0,0.0,1.0,2.0,8.0,7.0,87.5,78.8,0.11,0.18,0.333,0.538,1.34,2.66,28.6,0.0
2025-09-27,13:30,77559,LaLiga 25/26,25/26,La Liga,Matchweek 7,Sat,Home,W,1.0,0.0,Deportivo Alavés,39.0,,,,,,https://www.sofascore.com/deportivo-alaves-mallorca/BgbsKhb,Ended,Mallorca,for,0.74,0.78,1.0,0.0,1.0,0.0,0.0,0.0,4.0,8.0,14.0,18.0,327.0,518.0,248.0,444.0,23.0,25.0,18.0,14.0,0.0,2.0,2.0,3.0,0.0,0.0,3.0,1.0,5.0,3.0,4.0,6.0,6.0,9.0,6.0,3.0,0.0,0.0,20.0,26.0,32.0,28.0,4.0,5.0,56.0,44.0,10.0,15.0,53.0,39.0,19.0,18.0,13.0,2.0,3.0,4.0,32.0,23.0,1.0,0.0,0.0,0.0,8.0,7.0,75.8,85.7,0.062,0.065,0.25,0.25,0.26,-0.78,100.0,33.3
2025-09-27,13:30,77559,LaLiga 25/26,25/26,La Liga,Matchweek 7,Sat,Away,L,0.0,1.0,Mallorca,61.0,,,,,,https://www.sofascore.com/deportivo-alaves-mallorca/BgbsKhb,Ended,Deportivo Alavés,for,0.78,0.74,0.0,1.0,0.0,1.0,0.0,0.0,8.0,4.0,18.0,14.0,518.0,327.0,444.0,248.0,25.0,23.0,14.0,18.0,2.0,0.0,3.0,2.0,0.0,0.0,1.0,3.0,3.0,5.0,6.0,4.0,9.0,6.0,3.0,6.0,0.0,0.0,26.0,20.0,28.0,32.0,5.0,4.0,44.0,56.0,15.0,10.0,39.0,53.0,18.0,19.0,2.0,13.0,4.0,3.0,23.0,32.0,0.0,1.0,0.0,0.0,7.0,8.0,85.7,75.8,0.065,0.062,0.25,0.25,-0.78,0.26,33.3,100.0
2025-09-27,16:00,77559,LaLiga 25/26,25/26,La Liga,Matchweek 7,Sat,Home,W,1.0,0.0,Athletic Club,42.0,,,,,,https://www.sofascore.com/athletic-club-villarreal/ugbsAgb,Ended,Villarreal,for,1.22,1.44,3.0,2.0,0.0,0.0,3.0,2.0,6.0,5.0,13.0,11.0,373.0,506.0,302.0,435.0,23.0,12.0,11.0,13.0,7.0,0.0,2.0,0.0,0.0,0.0,4.0,4.0,3.0,7.0,6.0,5.0,10.0,10.0,4.0,6.0,0.0,0.0,23.0,19.0,19.0,21.0,5.0,3.0,58.0,42.0,8.0,13.0,41.0,29.0,11.0,8.0,7.0,4.0,7.0,6.0,35.0,25.0,2.0,2.0,1.0,0.0,4.0,9.0,81.0,86.0,0.087,0.09,0.357,0.25,-0.22,-1.44,100.0,80.0
2025-09-27,16:00,77559,LaLiga 25/26,25/26,La Liga,Matchweek 7,Sat,Away,L,0.0,1.0,Villarreal,58.0,,,,,,https://www.sofascore.com/athletic-club-villarreal/ugbsAgb,Ended,Athletic Club,for,1.44,1.22,2.0,3.0,0.0,0.0,2.0,3.0,5.0,6.0,11.0,13.0,506.0,373.0,435.0,302.0,12.0,23.0,13.0,11.0,0.0,7.0,0.0,2.0,0.0,0.0,4.0,4.0,7.0,3.0,5.0,6.0,10.0,10.0,6.0,4.0,0.0,0.0,19.0,23.0,21.0,19.0,3.0,5.0,42.0,58.0,13.0,8.0,29.0,41.0,8.0,11.0,4.0,7.0,6.0,7.0,25.0,35.0,2.0,2.0,0.0,1.0,9.0,4.0,86.0,81.0,0.09,0.087,0.25,0.357,-1.44,-0.22,80.0,100.0
2025-09-28,09:00,77559,LaLiga 25/26,25/26,La Liga,Matchweek 7,Sun,Home,L,0.0,1.0,Sevilla,64.0,,,,,,https://www.sofascore.com/sevilla-rayo-vallecano/tgbsIgb,Ended,Rayo Vallecano,for,1.89,0.63,2.0,1.0,0.0,1.0,2.0,0.0,12.0,4.0,11.0,15.0,486.0,280.0,401.0,193.0,14.0,15.0,15.0,12.0,0.0,1.0,3.0,2.0,1.0,0.0,0.0,6.0,5.0,2.0,7.0,1.0,13.0,2.0,5.0,2.0,0.0,0.0,26.0,15.0,30.0,22.0,6.0,0.0,54.0,46.0,7.0,7.0,35.0,26.0,10.0,13.0,7.0,2.0,6.0,8.0,20.0,35.0,1.0,1.0,0.0,2.0,6.0,10.0,82.5,68.9,0.105,0.158,0.333,0.25,-1.89,0.37,0.0,100.0
2025-09-28,09:00,77559,LaLiga 25/26,25/26,La Liga,Matchweek 7,Sun,Away,W,1.0,0.0,Rayo Vallecano,36.0,,,,,,https://www.sofascore.com/sevilla-rayo-vallecano/tgbsIgb,Ended,Sevilla,for,0.63,1.89,1.0,2.0,1.0,0.0,0.0,2.0,4.0,12.0,15.0,11.0,280.0,486.0,193.0,401.0,15.0,14.0,12.0,15.0,1.0,0.0,2.0,3.0,0.0,1.0,6.0,0.0,2.0,5.0,1.0,7.0,2.0,13.0,2.0,5.0,0.0,0.0,15.0,26.0,22.0,30.0,0.0,6.0,46.0,54.0,7.0,7.0,26.0,35.0,13.0,10.0,2.0,7.0,8.0,6.0,35.0,20.0,1.0,1.0,2.0,0.0,10.0,6.0,68.9,82.5,0.158,0.105,0.25,0.333,0.37,-1.89,100.0,0.0
2025-09-28,11:15,77559,LaLiga 25/26,25/26,La Liga,Matchweek 7,Sun,Home,W,2.0,1.0,Celta Vigo,62.0,,,,,,https://www.sofascore.com/elche-celta-vigo/wgbsWgb,Ended,Elche,for,3.58,0.77,7.0,2.0,2.0,1.0,5.0,1.0,7.0,2.0,12.0,20.0,574.0,358.0,523.0,298.0,16.0,23.0,19.0,12.0,3.0,3.0,3.0,3.0,0.0,0.0,1.0,6.0,5.0,3.0,4.0,3.0,15.0,7.0,2.0,1.0,1.0,1.0,36.0,11.0,22.0,13.0,7.0,2.0,51.0,49.0,12.0,4.0,43.0,37.0,3.0,8.0,9.0,3.0,6.0,1.0,20.0,31.0,1.0,0.0,1.0,0.0,4.0,6.0,91.1,83.2,0.211,0.096,0.471,0.25,-1.58,0.23,50.0,75.0
2025-09-28,11:15,77559,LaLiga 25/26,25/26,La Liga,Matchweek 7,Sun,Away,L,1.0,2.0,Elche,38.0,,,,,,https://www.sofascore.com/elche-celta-vigo/wgbsWgb,Ended,Celta Vigo,for,0.77,3.58,2.0,7.0,1.0,2.0,1.0,5.0,2.0,7.0,20.0,12.0,358.0,574.0,298.0,523.0,23.0,16.0,12.0,19.0,3.0,3.0,3.0,3.0,0.0,0.0,6.0,1.0,3.0,5.0,3.0,4.0,7.0,15.0,1.0,2.0,1.0,1.0,11.0,36.0,13.0,22.0,2.0,7.0,49.0,51.0,4.0,12.0,37.0,43.0,8.0,3.0,3.0,9.0,1.0,6.0,31.0,20.0,0.0,1.0,0.0,1.0,6.0,4.0,83.2,91.1,0.096,0.211,0.25,0.471,0.23,-1.58,75.0,50.0
2025-09-28,13:30,77559,LaLiga 25/26,25/26,La Liga,Matchweek 7,Sun,Home,W,2.0,1.0,Real Sociedad,75.0,,,,,,https://www.sofascore.com/real-sociedad-barcelona/rgbszgb,Ended,FC Barcelona,for,2.22,0.97,5.0,2.0,1.0,1.0,4.0,1.0,12.0,1.0,6.0,12.0,744.0,250.0,684.0,195.0,12.0,25.0,12.0,6.0,3.0,5.0,1.0,2.0,0.0,0.0,1.0,8.0,5.0,2.0,5.0,3.0,14.0,5.0,8.0,2.0,1.0,2.0,47.0,14.0,15.0,17.0,5.0,3.0,59.0,41.0,12.0,8.0,44.0,38.0,15.0,3.0,20.0,7.0,2.0,3.0,15.0,41.0,1.0,0.0,0.0,0.0,4.0,11.0,91.9,78.0,0.101,0.139,0.545,0.286,-0.22,0.03,50.0,66.7
2025-09-28,13:30,77559,LaLiga 25/26,25/26,La Liga,Matchweek 7,Sun,Away,L,1.0,2.0,FC Barcelona,25.0,,,,,,https://www.sofascore.com/real-sociedad-barcelona/rgbszgb,Ended,Real Sociedad,for,0.97,2.22,2.0,5.0,1.0,1.0,1.0,4.0,1.0,12.0,12.0,6.0,250.0,744.0,195.0,684.0,25.0,12.0,6.0,12.0,5.0,3.0,2.0,1.0,0.0,0.0,8.0,1.0,2.0,5.0,3.0,5.0,5.0,14.0,2.0,8.0,2.0,1.0,14.0,47.0,17.0,15.0,3.0,5.0,41.0,59.0,8.0,12.0,38.0,44.0,3.0,15.0,7.0,20.0,3.0,2.0,41.0,15.0,0.0,1.0,0.0,0.0,11.0,4.0,78.0,91.9,0.139,0.101,0.286,0.545,0.03,-0.22,66.7,50.0
2025-09-28,16:00,77559,LaLiga 25/26,25/26,La Liga,Matchweek 7,Sun,Home,W,2.0,0.0,Osasuna,51.0,,,,,,https://www.sofascore.com/osasuna-real-betis/qgbsvgb,Ended,Real Betis,for,0.76,0.7,1.0,0.0,1.0,0.0,0.0,0.0,5.0,5.0,6.0,7.0,519.0,493.0,435.0,420.0,13.0,12.0,7.0,6.0,2.0,2.0,0.0,1.0,0.0,0.0,1.0,4.0,3.0,3.0,3.0,8.0,6.0,9.0,6.0,3.0,0.0,0.0,22.0,25.0,25.0,22.0,2.0,5.0,48.0,52.0,9.0,7.0,25.0,29.0,16.0,15.0,5.0,12.0,4.0,12.0,38.0,27.0,0.0,1.0,2.0,1.0,10.0,6.0,83.8,85.2,0.063,0.058,0.5,0.083,1.24,-0.7,100.0,66.7
2025-09-28,16:00,77559,LaLiga 25/26,25/26,La Liga,Matchweek 7,Sun,Away,L,0.0,2.0,Real Betis,49.0,,,,,,https://www.sofascore.com/osasuna-real-betis/qgbsvgb,Ended,Osasuna,for,0.7,0.76,0.0,1.0,0.0,1.0,0.0,0.0,5.0,5.0,7.0,6.0,493.0,519.0,420.0,435.0,12.0,13.0,6.0,7.0,2.0,2.0,1.0,0.0,0.0,0.0,4.0,1.0,3.0,3.0,8.0,3.0,9.0,6.0,3.0,6.0,0.0,0.0,25.0,22.0,22.0,25.0,5.0,2.0,52.0,48.0,7.0,9.0,29.0,25.0,15.0,16.0,12.0,5.0,12.0,4.0,27.0,38.0,1.0,0.0,1.0,2.0,6.0,10.0,85.2,83.8,0.058,0.063,0.083,0.5,-0.7,1.24,66.7,100.0
2025-09-30,15:00,77559,LaLiga 25/26,25/26,La Liga,Matchweek 7,Tue,Home,L,1.0,2.0,Real Oviedo,57.0,,,,,,https://www.sofascore.com/real-oviedo-valencia/Dgbsbhb,Ended,Valencia,for,1.51,0.77,3.0,1.0,0.0,1.0,3.0,0.0,5.0,4.0,14.0,12.0,541.0,414.0,473.0,338.0,10.0,17.0,11.0,14.0,1.0,4.0,1.0,4.0,0.0,1.0,2.0,4.0,3.0,3.0,8.0,3.0,12.0,5.0,4.0,5.0,0.0,2.0,28.0,23.0,21.0,26.0,6.0,3.0,46.0,54.0,6.0,6.0,30.0,37.0,8.0,8.0,9.0,7.0,10.0,8.0,18.0,31.0,0.0,1.0,0.0,1.0,4.0,8.0,87.4,81.6,0.094,0.077,0.312,0.4,-0.51,1.23,50.0,80.0
2025-09-30,15:00,77559,LaLiga 25/26,25/26,La Liga,Matchweek 7,Tue,Away,W,2.0,1.0,Valencia,43.0,,,,,,https://www.sofascore.com/real-oviedo-valencia/Dgbsbhb,Ended,Real Oviedo,for,0.77,1.51,1.0,3.0,1.0,0.0,0.0,3.0,4.0,5.0,12.0,14.0,414.0,541.0,338.0,473.0,17.0,10.0,14.0,11.0,4.0,1.0,4.0,1.0,1.0,0.0,4.0,2.0,3.0,3.0,3.0,8.0,5.0,12.0,5.0,4.0,2.0,0.0,23.0,28.0,26.0,21.0,3.0,6.0,54.0,46.0,6.0,6.0,37.0,30.0,8.0,8.0,7.0,9.0,8.0,10.0,31.0,18.0,1.0,0.0,1.0,0.0,8.0,4.0,81.6,87.4,0.077,0.094,0.4,0.312,1.23,-0.51,80.0,50.0
2025-10-03,16:00,77559,LaLiga 25/26,25/26,La Liga,Matchweek 8,Fri,Home,W,2.0,1.0,Getafe,58.0,,,,,,https://www.sofascore.com/getafe-osasuna/vgbsjhb,Ended,Osasuna,for,0.43,0.82,1.0,2.0,1.0,1.0,0.0,1.0,1.0,6.0,11.0,14.0,435.0,319.0,316.0,226.0,10.0,16.0,14.0,11.0,3.0,6.0,1.0,4.0,0.0,0.0,1.0,2.0,0.0,1.0,4.0,3.0,6.0,5.0,1.0,1.0,0.0,0.0,16.0,16.0,10.0,29.0,5.0,6.0,56.0,44.0,8.0,5.0,31.0,30.0,26.0,15.0,9.0,5.0,1.0,9.0,34.0,35.0,0.0,0.0,0.0,1.0,5.0,8.0,72.6,70.8,0.061,0.137,0.429,0.333,1.57,0.18,50.0,66.7
2025-10-03,16:00,77559,LaLiga 25/26,25/26,La Liga,Matchweek 8,Fri,Away,L,1.0,2.0,Osasuna,42.0,,,,,,https://www.sofascore.com/getafe-osasuna/vgbsjhb,Ended,Getafe,for,0.82,0.43,2.0,1.0,1.0,1.0,1.0,0.0,6.0,1.0,14.0,11.0,319.0,435.0,226.0,316.0,16.0,10.0,11.0,14.0,6.0,3.0,4.0,1.0,0.0,0.0,2.0,1.0,1.0,0.0,3.0,4.0,5.0,6.0,1.0,1.0,0.0,0.0,16.0,16.0,29.0,10.0,6.0,5.0,44.0,56.0,5.0,8.0,30.0,31.0,15.0,26.0,5.0,9.0,9.0,1.0,35.0,34.0,0.0,0.0,1.0,0.0,8.0,5.0,70.8,72.6,0.137,0.061,0.333,0.429,0.18,1.57,66.7,50.0
2025-10-04,09:00,77559,LaLiga 25/26,25/26,La Liga,Matchweek 8,Sat,Home,L,0.0,2.0,Levante UD,57.0,,,,,,https://www.sofascore.com/real-oviedo-levante-ud/Zgbsbhb,Ended,Real Oviedo,for,1.31,1.94,3.0,1.0,0.0,1.0,3.0,0.0,9.0,3.0,10.0,10.0,484.0,370.0,418.0,298.0,15.0,14.0,10.0,10.0,1.0,2.0,2.0,2.0,0.0,0.0,3.0,2.0,5.0,8.0,6.0,1.0,9.0,9.0,4.0,5.0,0.0,0.0,23.0,25.0,31.0,32.0,6.0,3.0,59.0,41.0,5.0,7.0,31.0,26.0,25.0,13.0,6.0,3.0,7.0,11.0,26.0,36.0,1.0,0.0,0.0,0.0,5.0,10.0,86.4,80.5,0.101,0.139,0.154,0.357,-1.31,0.06,60.0,100.0
2025-10-04,09:00,77559,LaLiga 25/26,25/26,La Liga,Matchweek 8,Sat,Away,W,2.0,0.0,Real Oviedo,43.0,,,,,,https://www.sofascore.com/real-oviedo-levante-ud/Zgbsbhb,Ended,Levante UD,for,1.94,1.31,1.0,3.0,1.0,0.0,0.0,3.0,3.0,9.0,10.0,10.0,370.0,484.0,298.0,418.0,14.0,15.0,10.0,10.0,2.0,1.0,2.0,2.0,0.0,0.0,2.0,3.0,8.0,5.0,1.0,6.0,9.0,9.0,5.0,4.0,0.0,0.0,25.0,23.0,32.0,31.0,3.0,6.0,41.0,59.0,7.0,5.0,26.0,31.0,13.0,25.0,3.0,6.0,11.0,7.0,36.0,26.0,0.0,1.0,0.0,0.0,10.0,5.0,80.5,86.4,0.139,0.101,0.357,0.154,0.06,-1.31,100.0,60.0
2025-10-04,13:30,77559,LaLiga 25/26,25/26,La Liga,Matchweek 8,Sat,Home,W,2.0,1.0,Mallorca,52.0,,,,,,https://www.sofascore.com/mallorca-athletic-club/AgbsBgb,Ended,Athletic Club,for,2.05,0.32,2.0,1.0,2.0,0.0,0.0,1.0,7.0,2.0,16.0,13.0,442.0,416.0,380.0,343.0,8.0,18.0,12.0,16.0,0.0,5.0,4.0,6.0,0.0,1.0,1.0,3.0,7.0,0.0,6.0,4.0,10.0,2.0,8.0,4.0,0.0,0.0,28.0,7.0,36.0,28.0,6.0,4.0,42.0,58.0,8.0,6.0,27.0,40.0,14.0,16.0,8.0,8.0,4.0,8.0,21.0,39.0,0.0,0.0,0.0,2.0,5.0,7.0,86.0,82.5,0.114,0.053,0.278,0.333,-0.05,0.68,50.0,60.0
2025-10-04,13:30,77559,LaLiga 25/26,25/26,La Liga,Matchweek 8,Sat,Away,L,1.0,2.0,Athletic Club,48.0,,,,,,https://www.sofascore.com/mallorca-athletic-club/AgbsBgb,Ended,Mallorca,for,0.32,2.05,1.0,2.0,0.0,2.0,1.0,0.0,2.0,7.0,13.0,16.0,416.0,442.0,343.0,380.0,18.0,8.0,16.0,12.0,5.0,0.0,6.0,4.0,1.0,0.0,3.0,1.0,0.0,7.0,4.0,6.0,2.0,10.0,4.0,8.0,0.0,0.0,7.0,28.0,28.0,36.0,4.0,6.0,58.0,42.0,6.0,8.0,40.0,27.0,16.0,14.0,8.0,8.0,8.0,4.0,39.0,21.0,0.0,0.0,2.0,0.0,7.0,5.0,82.5,86.0,0.053,0.114,0.333,0.278,0.68,-0.05,60.0,50.0
2025-10-04,16:00,77559,LaLiga 25/26,25/26,La Liga,Matchweek 8,Sat,Home,W,3.0,1.0,Villarreal,70.0,,,,,,https://www.sofascore.com/real-madrid-villarreal/ugbsEgb,Ended,Real Madrid,for,3.52,1.0,7.0,2.0,2.0,0.0,5.0,2.0,4.0,0.0,9.0,14.0,711.0,317.0,653.0,256.0,26.0,29.0,13.0,9.0,0.0,0.0,2.0,4.0,0.0,1.0,1.0,4.0,9.0,4.0,10.0,3.0,16.0,3.0,10.0,6.0,1.0,3.0,57.0,11.0,17.0,16.0,8.0,0.0,56.0,44.0,10.0,16.0,52.0,46.0,10.0,2.0,13.0,8.0,4.0,6.0,16.0,18.0,1.0,1.0,0.0,0.0,5.0,13.0,91.8,80.8,0.135,0.111,0.269,0.222,-0.52,0.0,50.0,57.1
2025-10-04,16:00,77559,LaLiga 25/26,25/26,La Liga,Matchweek 8,Sat,Away,L,1.0,3.0,Real Madrid,30.0,,,,,,https://www.sofascore.com/real-madrid-villarreal/ugbsEgb,Ended,Villarreal,for,1.0,3.52,2.0,7.0,0.0,2.0,2.0,5.0,0.0,4.0,14.0,9.0,317.0,711.0,256.0,653.0,29.0,26.0,9.0,13.0,0.0,0.0,4.0,2.0,1.0,0.0,4.0,1.0,4.0,9.0,3.0,10.0,3.0,16.0,6.0,10.0,3.0,1.0,11.0,57.0,16.0,17.0,0.0,8.0,44.0,56.0,16.0,10.0,46.0,52.0,2.0,10.0,8.0,13.0,6.0,4.0,18.0,16.0,1.0,1.0,0.0,0.0,13.0,5.0,80.8,91.8,0.111,0.135,0.222,0.269,0.0,-0.52,57.1,50.0
2025-10-05,09:00,77559,LaLiga 25/26,25/26,La Liga,Matchweek 8,Sun,Home,W,3.0,1.0,Elche,47.0,,,,,,https://www.sofascore.com/deportivo-alaves-elche/WgbsKhb,Ended,Deportivo Alavés,for,2.42,0.38,3.0,2.0,2.0,1.0,1.0,1.0,14.0,4.0,13.0,9.0,395.0,461.0,328.0,399.0,20.0,18.0,8.0,13.0,2.0,1.0,3.0,1.0,0.0,1.0,2.0,2.0,12.0,2.0,8.0,1.0,14.0,3.0,11.0,3.0,0.0,0.0,47.0,10.0,17.0,21.0,8.0,1.0,44.0,56.0,10.0,15.0,36.0,42.0,8.0,13.0,8.0,11.0,12.0,8.0,16.0,48.0,0.0,0.0,0.0,0.0,0.0,10.0,83.0,86.6,0.097,0.063,0.2,0.5,0.58,0.62,66.7,40.0
2025-10-05,09:00,77559,LaLiga 25/26,25/26,La Liga,Matchweek 8,Sun,Away,L,1.0,3.0,Deportivo Alavés,53.0,,,,,,https://www.sofascore.com/deportivo-alaves-elche/WgbsKhb,Ended,Elche,for,0.38,2.42,2.0,3.0,1.0,2.0,1.0,1.0,4.0,14.0,9.0,13.0,461.0,395.0,399.0,328.0,18.0,20.0,13.0,8.0,1.0,2.0,1.0,3.0,1.0,0.0,2.0,2.0,2.0,12.0,1.0,8.0,3.0,14.0,3.0,11.0,0.0,0.0,10.0,47.0,21.0,17.0,1.0,8.0,56.0,44.0,15.0,10.0,42.0,36.0,13.0,8.0,11.0,8.0,8.0,12.0,48.0,16.0,0.0,0.0,0.0,0.0,10.0,0.0,86.6,83.0,0.063,0.097,0.5,0.2,0.62,0.58,40.0,66.7
2025-10-05,11:15,77559,LaLiga 25/26,25/26,La Liga,Matchweek 8,Sun,Home,W,4.0,1.0,FC Barcelona,39.0,,,,,,https://www.sofascore.com/sevilla-barcelona/rgbsIgb,Ended,Sevilla,for,2.8,2.25,5.0,5.0,3.0,1.0,2.0,4.0,7.0,6.0,18.0,9.0,266.0,427.0,205.0,363.0,18.0,19.0,8.0,17.0,10.0,0.0,7.0,5.0,0.0,0.0,7.0,1.0,2.0,5.0,6.0,4.0,12.0,14.0,1.0,3.0,0.0,1.0,34.0,30.0,27.0,7.0,6.0,5.0,42.0,58.0,11.0,12.0,30.0,45.0,11.0,11.0,3.0,9.0,8.0,4.0,20.0,15.0,0.0,0.0,0.0,0.0,8.0,6.0,77.1,85.0,0.215,0.132,0.385,0.471,1.2,-1.25,87.5,20.0
2025-10-05,11:15,77559,LaLiga 25/26,25/26,La Liga,Matchweek 8,Sun,Away,L,1.0,4.0,Sevilla,61.0,,,,,,https://www.sofascore.com/sevilla-barcelona/rgbsIgb,Ended,FC Barcelona,for,2.25,2.8,5.0,5.0,1.0,3.0,4.0,2.0,6.0,7.0,9.0,18.0,427.0,266.0,363.0,205.0,19.0,18.0,17.0,8.0,0.0,10.0,5.0,7.0,0.0,0.0,1.0,7.0,5.0,2.0,4.0,6.0,14.0,12.0,3.0,1.0,1.0,0.0,30.0,34.0,7.0,27.0,5.0,6.0,58.0,42.0,12.0,11.0,45.0,30.0,11.0,11.0,9.0,3.0,4.0,8.0,15.0,20.0,0.0,0.0,0.0,0.0,6.0,8.0,85.0,77.1,0.132,0.215,0.471,0.385,-1.25,1.2,20.0,87.5
2025-10-05,13:30,77559,LaLiga 25/26,25/26,La Liga,Matchweek 8,Sun,Home,L,1.0,2.0,Real Betis,50.0,,,,,,https://www.sofascore.com/real-betis-espanyol/ogbsqgb,Ended,Espanyol,for,2.28,1.4,3.0,2.0,0.0,1.0,3.0,1.0,10.0,5.0,16.0,4.0,449.0,467.0,374.0,386.0,14.0,16.0,3.0,16.0,2.0,1.0,2.0,6.0,0.0,0.0,1.0,4.0,1.0,3.0,8.0,6.0,9.0,7.0,5.0,5.0,0.0,2.0,22.0,22.0,20.0,37.0,7.0,6.0,43.0,57.0,9.0,9.0,27.0,32.0,14.0,23.0,9.0,4.0,6.0,6.0,14.0,48.0,0.0,0.0,2.0,0.0,6.0,13.0,83.3,82.7,0.163,0.117,0.357,0.25,-1.28,0.6,33.3,80.0
2025-10-05,13:30,77559,LaLiga 25/26,25/26,La Liga,Matchweek 8,Sun,Away,W,2.0,1.0,Espanyol,50.0,,,,,,https://www.sofascore.com/real-betis-espanyol/ogbsqgb,Ended,Real Betis,for,1.4,2.28,2.0,3.0,1.0,0.0,1.0,3.0,5.0,10.0,4.0,16.0,467.0,449.0,386.0,374.0,16.0,14.0,16.0,3.0,1.0,2.0,6.0,2.0,0.0,0.0,4.0,1.0,3.0,1.0,6.0,8.0,7.0,9.0,5.0,5.0,2.0,0.0,22.0,22.0,37.0,20.0,6.0,7.0,57.0,43.0,9.0,9.0,32.0,27.0,23.0,14.0,4.0,9.0,6.0,6.0,48.0,14.0,0.0,0.0,0.0,2.0,13.0,6.0,82.7,83.3,0.117,0.163,0.25,0.357,0.6,-1.28,80.0,33.3
2025-10-05,13:30,77559,LaLiga 25/26,25/26,La Liga,Matchweek 8,Sun,Home,L,0.0,1.0,Rayo Vallecano,51.0,,,,,,https://www.sofascore.com/real-sociedad-rayo-vallecano/tgbszgb,Ended,Real Sociedad,for,0.79,0.8,1.0,3.0,0.0,1.0,1.0,2.0,7.0,5.0,13.0,21.0,421.0,414.0,338.0,328.0,11.0,13.0,21.0,13.0,0.0,1.0,1.0,2.0,0.0,0.0,1.0,3.0,6.0,2.0,1.0,3.0,7.0,5.0,3.0,2.0,0.0,0.0,23.0,10.0,35.0,26.0,0.0,2.0,60.0,40.0,5.0,7.0,42.0,28.0,19.0,12.0,13.0,5.0,8.0,11.0,13.0,28.0,1.0,0.0,1.0,4.0,4.0,10.0,80.3,79.2,0.079,0.114,0.3,0.286,-0.79,0.2,50.0,100.0
2025-10-05,13:30,77559,LaLiga 25/26,25/26,La Liga,Matchweek 8,Sun,Away,W,1.0,0.0,Real Sociedad,49.0,,,,,,https://www.sofascore.com/real-sociedad-rayo-vallecano/tgbszgb,Ended,Rayo Vallecano,for,0.8,0.79,3.0,1.0,1.0,0.0,2.0,1.0,5.0,7.0,21.0,13.0,414.0,421.0,328.0,338.0,13.0,11.0,13.0,21.0,1.0,0.0,2.0,1.0,0.0,0.0,3.0,1.0,2.0,6.0,3.0,1.0,5.0,7.0,2.0,3.0,0.0,0.0,10.0,23.0,26.0,35.0,2.0,0.0,40.0,60.0,7.0,5.0,28.0,42.0,12.0,19.0,5.0,13.0,11.0,8.0,28.0,13.0,0.0,1.0,4.0,1.0,10.0,4.0,79.2,80.3,0.114,0.079,0.286,0.3,0.2,-0.79,100.0,50.0
2025-10-05,16:00,77559,LaLiga 25/26,25/26,La Liga,Matchweek 8,Sun,Home,D,1.0,1.0,Atlético Madrid,59.0,,,,,,https://www.sofascore.com/atletico-madrid-celta-vigo/wgbsLgb,Ended,Celta Vigo,for,1.92,0.3,3.0,1.0,1.0,0.0,2.0,1.0,6.0,3.0,7.0,10.0,726.0,501.0,659.0,436.0,18.0,14.0,10.0,7.0,2.0,0.0,1.0,3.0,0.0,1.0,1.0,3.0,3.0,1.0,11.0,4.0,9.0,4.0,9.0,2.0,1.0,3.0,29.0,17.0,18.0,29.0,6.0,1.0,47.0,53.0,5.0,11.0,29.0,25.0,5.0,13.0,5.0,4.0,7.0,11.0,15.0,24.0,0.0,1.0,0.0,1.0,5.0,14.0,90.8,87.0,0.107,0.05,0.222,0.167,-0.92,0.7,100.0,75.0
2025-10-05,16:00,77559,LaLiga 25/26,25/26,La Liga,Matchweek 8,Sun,Away,D,1.0,1.0,Celta Vigo,41.0,,,,,,https://www.sofascore.com/atletico-madrid-celta-vigo/wgbsLgb,Ended,Atlético Madrid,for,0.3,1.92,1.0,3.0,0.0,1.0,1.0,2.0,3.0,6.0,10.0,7.0,501.0,726.0,436.0,659.0,14.0,18.0,7.0,10.0,0.0,2.0,3.0,1.0,1.0,0.0,3.0,1.0,1.0,3.0,4.0,11.0,4.0,9.0,2.0,9.0,3.0,1.0,17.0,29.0,29.0,18.0,1.0,6.0,53.0,47.0,11.0,5.0,25.0,29.0,13.0,5.0,4.0,5.0,11.0,7.0,24.0,15.0,1.0,0.0,1.0,0.0,14.0,5.0,87.0,90.8,0.05,0.107,0.167,0.222,0.7,-0.92,75.0,100.0
2025-10-17,16:00,77559,LaLiga 25/26,25/26,La Liga,Matchweek 9,Fri,Home,L,0.0,2.0,Espanyol,61.0,,,,,,https://www.sofascore.com/real-oviedo-espanyol/ogbsbhb,Ended,Real Oviedo,for,0.77,3.74,1.0,6.0,0.0,2.0,1.0,4.0,3.0,5.0,9.0,8.0,528.0,321.0,467.0,263.0,13.0,11.0,8.0,9.0,0.0,2.0,2.0,1.0,0.0,0.0,8.0,4.0,4.0,4.0,5.0,5.0,7.0,15.0,6.0,4.0,2.0,1.0,27.0,34.0,25.0,18.0,4.0,9.0,51.0,49.0,7.0,8.0,29.0,28.0,18.0,18.0,10.0,9.0,11.0,7.0,26.0,25.0,0.0,1.0,1.0,1.0,7.0,8.0,88.4,81.9,0.059,0.197,0.308,0.526,-0.77,-1.74,80.0,100.0
2025-10-17,16:00,77559,LaLiga 25/26,25/26,La Liga,Matchweek 9,Fri,Away,W,2.0,0.0,Real Oviedo,39.0,,,,,,https://www.sofascore.com/real-oviedo-espanyol/ogbsbhb,Ended,Espanyol,for,3.74,0.77,6.0,1.0,2.0,0.0,4.0,1.0,5.0,3.0,8.0,9.0,321.0,528.0,263.0,467.0,11.0,13.0,9.0,8.0,2.0,0.0,1.0,2.0,0.0,0.0,4.0,8.0,4.0,4.0,5.0,5.0,15.0,7.0,4.0,6.0,1.0,2.0,34.0,27.0,18.0,25.0,9.0,4.0,49.0,51.0,8.0,7.0,28.0,29.0,18.0,18.0,9.0,10.0,7.0,11.0,25.0,26.0,1.0,0.0,1.0,1.0,8.0,7.0,81.9,88.4,0.197,0.059,0.526,0.308,-1.74,-0.77,100.0,80.0
2025-10-18,09:00,77559,LaLiga 25/26,25/26,La Liga,Matchweek 9,Sat,Home,L,1.0,3.0,Mallorca,58.0,,,,,,https://www.sofascore.com/sevilla-mallorca/BgbsIgb,Ended,Sevilla,for,1.26,1.85,1.0,3.0,1.0,3.0,0.0,0.0,9.0,2.0,16.0,13.0,413.0,299.0,341.0,226.0,15.0,16.0,13.0,16.0,3.0,0.0,2.0,1.0,0.0,0.0,3.0,3.0,7.0,0.0,2.0,1.0,11.0,6.0,2.0,1.0,0.0,0.0,28.0,12.0,32.0,22.0,11.0,2.0,52.0,48.0,6.0,7.0,37.0,40.0,20.0,12.0,9.0,9.0,9.0,5.0,21.0,33.0,0.0,1.0,0.0,1.0,2.0,6.0,82.6,75.6,0.097,0.264,0.308,0.857,-0.26,1.15,50.0,75.0
2025-10-18,09:00,77559,LaLiga 25/26,25/26,La Liga,Matchweek 9,Sat,Away,W,3.0,1.0,Sevilla,42.0,,,,,,https://www.sofascore.com/sevilla-mallorca/BgbsIgb,Ended,Mallorca,for,1.85,1.26,3.0,1.0,3.0,1.0,0.0,0.0,2.0,9.0,13.0,16.0,299.0,413.0,226.0,341.0,16.0,15.0,16.0,13.0,0.0,3.0,1.0,2.0,0.0,0.0,3.0,3.0,0.0,7.0,1.0,2.0,6.0,11.0,1.0,2.0,0.0,0.0,12.0,28.0,22.0,32.0,2.0,11.0,48.0,52.0,7.0,6.0,40.0,37.0,12.0,20.0,9.0,9.0,5.0,9.0,33.0,21.0,1.0,0.0,1.0,0.0,6.0,2.0,75.6,82.6,0.264,0.097,0.857,0.308,1.15,-0.26,75.0,50.0
2025-10-18,11:15,77559,LaLiga 25/26,25/26,La Liga,Matchweek 9,Sat,Home,W,2.0,1.0,Girona FC,68.0,,,,,,https://www.sofascore.com/girona-fc-barcelona/rgbsoKj,Ended,FC Barcelona,for,1.61,1.55,2.0,3.0,1.0,0.0,1.0,3.0,11.0,5.0,10.0,7.0,670.0,309.0,615.0,261.0,20.0,11.0,7.0,10.0,1.0,2.0,2.0,2.0,0.0,0.0,3.0,7.0,6.0,3.0,12.0,4.0,15.0,10.0,12.0,1.0,0.0,3.0,42.0,22.0,13.0,19.0,4.0,3.0,56.0,44.0,4.0,11.0,39.0,24.0,10.0,15.0,12.0,4.0,5.0,7.0,15.0,40.0,1.0,2.0,0.0,1.0,6.0,20.0,91.8,84.5,0.06,0.141,0.333,0.364,0.39,-0.55,75.0,77.8
2025-10-18,11:15,77559,LaLiga 25/26,25/26,La Liga,Matchweek 9,Sat,Away,L,1.0,2.0,FC Barcelona,32.0,,,,,,https://www.sofascore.com/girona-fc-barcelona/rgbsoKj,Ended,Girona FC,for,1.55,1.61,3.0,2.0,0.0,1.0,3.0,1.0,5.0,11.0,7.0,10.0,309.0,670.0,261.0,615.0,11.0,20.0,10.0,7.0,2.0,1.0,2.0,2.0,0.0,0.0,7.0,3.0,3.0,6.0,4.0,12.0,10.0,15.0,1.0,12.0,3.0,0.0,22.0,42.0,19.0,13.0,3.0,4.0,44.0,56.0,11.0,4.0,24.0,39.0,15.0,10.0,4.0,12.0,7.0,5.0,40.0,15.0,2.0,1.0,1.0,0.0,20.0,6.0,84.5,91.8,0.141,0.06,0.364,0.333,-0.55,0.39,77.8,75.0
2025-10-18,13:30,77559,LaLiga 25/26,25/26,La Liga,Matchweek 9,Sat,Home,D,2.0,2.0,Real Betis,40.0,,,,,,https://www.sofascore.com/villarreal-real-betis/qgbsugb,Ended,Villarreal,for,0.66,1.18,2.0,0.0,1.0,0.0,1.0,0.0,5.0,6.0,13.0,10.0,372.0,561.0,293.0,493.0,11.0,12.0,10.0,13.0,3.0,1.0,1.0,1.0,0.0,0.0,1.0,2.0,0.0,6.0,4.0,7.0,5.0,11.0,2.0,5.0,0.0,0.0,21.0,31.0,15.0,33.0,6.0,5.0,50.0,50.0,7.0,5.0,24.0,27.0,13.0,10.0,4.0,3.0,5.0,9.0,28.0,25.0,0.0,0.0,2.0,0.0,13.0,9.0,78.8,87.9,0.094,0.074,0.429,0.188,1.34,0.82,33.3,66.7
2025-10-18,13:30,77559,LaLiga 25/26,25/26,La Liga,Matchweek 9,Sat,Away,D,2.0,2.0,Villarreal,60.0,,,,,,https://www.sofascore.com/villarreal-real-betis/qgbsugb,Ended,Real Betis,for,1.18,0.66,0.0,2.0,0.0,1.0,0.0,1.0,6.0,5.0,10.0,13.0,561.0,372.0,493.0,293.0,12.0,11.0,13.0,10.0,1.0,3.0,1.0,1.0,0.0,0.0,2.0,1.0,6.0,0.0,7.0,4.0,11.0,5.0,5.0,2.0,0.0,0.0,31.0,21.0,33.0,15.0,5.0,6.0,50.0,50.0,5.0,7.0,27.0,24.0,10.0,13.0,3.0,4.0,9.0,5.0,25.0,28.0,0.0,0.0,0.0,2.0,9.0,13.0,87.9,78.8,0.074,0.094,0.188,0.429,0.82,1.34,66.7,33.3
2025-10-18,16:00,77559,LaLiga 25/26,25/26,La Liga,Matchweek 9,Sat,Home,W,1.0,0.0,Osasuna,59.0,,,,,,https://www.sofascore.com/atletico-madrid-osasuna/vgbsLgb,Ended,Atlético Madrid,for,2.58,1.14,5.0,1.0,1.0,0.0,4.0,1.0,4.0,2.0,10.0,11.0,529.0,366.0,465.0,296.0,16.0,18.0,11.0,10.0,6.0,1.0,1.0,3.0,0.0,0.0,2.0,8.0,0.0,2.0,9.0,5.0,11.0,6.0,7.0,3.0,3.0,0.0,29.0,20.0,35.0,29.0,2.0,1.0,49.0,51.0,8.0,7.0,30.0,35.0,20.0,17.0,5.0,8.0,10.0,7.0,22.0,32.0,0.0,0.0,1.0,0.0,5.0,13.0,87.9,80.9,0.143,0.127,0.5,0.222,-1.58,-1.14,100.0,88.9
2025-10-18,16:00,77559,LaLiga 25/26,25/26,La Liga,Matchweek 9,Sat,Away,L,0.0,1.0,Atlético Madrid,41.0,,,,,,https://www.sofascore.com/atletico-madrid-osasuna/vgbsLgb,Ended,Osasuna,for,1.14,2.58,1.0,5.0,0.0,1.0,1.0,4.0,2.0,4.0,11.0,10.0,366.0,529.0,296.0,465.0,18.0,16.0,10.0,11.0,1.0,6.0,3.0,1.0,0.0,0.0,8.0,2.0,2.0,0.0,5.0,9.0,6.0,11.0,3.0,7.0,0.0,3.0,20.0,29.0,29.0,35.0,1.0,2.0,51.0,49.0,7.0,8.0,35.0,30.0,17.0,20.0,8.0,5.0,7.0,10.0,32.0,22.0,0.0,0.0,0.0,1.0,13.0,5.0,80.9,87.9,0.127,0.143,0.222,0.5,-1.14,-1.58,88.9,100.0
2025-10-19,09:00,77559,LaLiga 25/26,25/26,La Liga,Matchweek 9,Sun,Home,D,0.0,0.0,Athletic Club,69.0,,,,,,https://www.sofascore.com/elche-athletic-club/AgbsWgb,Ended,Elche,for,1.08,0.25,0.0,0.0,0.0,0.0,0.0,0.0,6.0,2.0,14.0,20.0,596.0,271.0,518.0,199.0,12.0,13.0,20.0,14.0,3.0,3.0,2.0,3.0,0.0,0.0,1.0,5.0,6.0,1.0,4.0,2.0,11.0,4.0,4.0,0.0,0.0,0.0,30.0,14.0,16.0,21.0,5.0,0.0,53.0,47.0,6.0,8.0,39.0,29.0,12.0,17.0,7.0,5.0,8.0,6.0,12.0,29.0,0.0,2.0,2.0,2.0,9.0,6.0,86.9,73.4,0.072,0.062,0.333,0.25,-1.08,-0.25,100.0,100.0
2025-10-19,09:00,77559,LaLiga 25/26,25/26,La Liga,Matchweek 9,Sun,Away,D,0.0,0.0,Elche,31.0,,,,,,https://www.sofascore.com/elche-athletic-club/AgbsWgb,Ended,Athletic Club,for,0.25,1.08,0.0,0.0,0.0,0.0,0.0,0.0,2.0,6.0,20.0,14.0,271.0,596.0,199.0,518.0,13.0,12.0,14.0,20.0,3.0,3.0,3.0,2.0,0.0,0.0,5.0,1.0,1.0,6.0,2.0,4.0,4.0,11.0,0.0,4.0,0.0,0.0,14.0,30.0,21.0,16.0,0.0,5.0,47.0,53.0,8.0,6.0,29.0,39.0,17.0,12.0,5.0,7.0,6.0,8.0,29.0,12.0,2.0,0.0,2.0,2.0,6.0,9.0,73.4,86.9,0.062,0.072,0.25,0.333,-0.25,-1.08,100.0,100.0
2025-10-19,11:15,77559,LaLiga 25/26,25/26,La Liga,Matchweek 9,Sun,Home,D,1.0,1.0,Real Sociedad,41.0,,,,,,https://www.sofascore.com/real-sociedad-celta-vigo/wgbszgb,Ended,Celta Vigo,for,0.95,1.55,2.0,4.0,1.0,0.0,1.0,4.0,1.0,10.0,10.0,20.0,380.0,518.0,290.0,455.0,15.0,8.0,20.0,10.0,1.0,8.0,4.0,3.0,1.0,0.0,6.0,0.0,0.0,6.0,3.0,4.0,2.0,10.0,2.0,7.0,2.0,3.0,8.0,32.0,25.0,20.0,0.0,8.0,62.0,38.0,4.0,3.0,42.0,25.0,16.0,11.0,7.0,8.0,8.0,9.0,29.0,16.0,1.0,0.0,1.0,0.0,11.0,4.0,76.3,87.8,0.237,0.091,0.25,0.412,0.05,-0.55,85.7,0.0
2025-10-19,11:15,77559,LaLiga 25/26,25/26,La Liga,Matchweek 9,Sun,Away,D,1.0,1.0,Celta Vigo,59.0,,,,,,https://www.sofascore.com/real-sociedad-celta-vigo/wgbszgb,Ended,Real Sociedad,for,1.55,0.95,4.0,2.0,0.0,1.0,4.0,1.0,10.0,1.0,20.0,10.0,518.0,380.0,455.0,290.0,8.0,15.0,10.0,20.0,8.0,1.0,3.0,4.0,0.0,1.0,0.0,6.0,6.0,0.0,4.0,3.0,10.0,2.0,7.0,2.0,3.0,2.0,32.0,8.0,20.0,25.0,8.0,0.0,38.0,62.0,3.0,4.0,25.0,42.0,11.0,16.0,8.0,7.0,9.0,8.0,16.0,29.0,0.0,1.0,0.0,1.0,4.0,11.0,87.8,76.3,0.091,0.237,0.412,0.25,-0.55,0.05,0.0,85.7
2025-10-19,13:30,77559,LaLiga 25/26,25/26,La Liga,Matchweek 9,Sun,Home,L,0.0,3.0,Rayo Vallecano,54.0,,,,,,https://www.sofascore.com/levante-ud-rayo-vallecano/tgbsZgb,Ended,Levante UD,for,0.91,1.55,1.0,5.0,0.0,3.0,1.0,2.0,11.0,4.0,6.0,18.0,419.0,365.0,340.0,300.0,16.0,27.0,18.0,6.0,1.0,0.0,0.0,1.0,0.0,0.0,1.0,4.0,8.0,2.0,5.0,3.0,9.0,7.0,8.0,3.0,1.0,3.0,41.0,10.0,19.0,21.0,7.0,2.0,56.0,44.0,13.0,9.0,45.0,37.0,9.0,5.0,12.0,4.0,6.0,9.0,12.0,59.0,0.0,1.0,0.0,1.0,5.0,7.0,81.1,82.2,0.054,0.155,0.235,0.5,-0.91,1.45,20.0,100.0
2025-10-19,13:30,77559,LaLiga 25/26,25/26,La Liga,Matchweek 9,Sun,Away,W,3.0,0.0,Levante UD,46.0,,,,,,https://www.sofascore.com/levante-ud-rayo-vallecano/tgbsZgb,Ended,Rayo Vallecano,for,1.55,0.91,5.0,1.0,3.0,0.0,2.0,1.0,4.0,11.0,18.0,6.0,365.0,419.0,300.0,340.0,27.0,16.0,6.0,18.0,0.0,1.0,1.0,0.0,0.0,0.0,4.0,1.0,2.0,8.0,3.0,5.0,7.0,9.0,3.0,8.0,3.0,1.0,10.0,41.0,21.0,19.0,2.0,7.0,44.0,56.0,9.0,13.0,37.0,45.0,5.0,9.0,4.0,12.0,9.0,6.0,59.0,12.0,1.0,0.0,1.0,0.0,7.0,5.0,82.2,81.1,0.155,0.054,0.5,0.235,1.45,-0.91,100.0,20.0
2025-10-19,16:00,77559,LaLiga 25/26,25/26,La Liga,Matchweek 9,Sun,Home,L,0.0,1.0,Real Madrid,24.0,,,,,,https://www.sofascore.com/getafe-real-madrid/Egbsjhb,Ended,Getafe,for,0.52,2.3,1.0,3.0,0.0,1.0,1.0,2.0,1.0,4.0,27.0,11.0,194.0,636.0,103.0,552.0,19.0,17.0,11.0,27.0,2.0,3.0,4.0,1.0,2.0,0.0,9.0,1.0,1.0,4.0,5.0,9.0,2.0,12.0,5.0,11.0,0.0,2.0,5.0,35.0,13.0,38.0,2.0,2.0,36.0,64.0,7.0,8.0,30.0,53.0,13.0,22.0,2.0,11.0,15.0,6.0,25.0,19.0,0.0,0.0,0.0,1.0,10.0,7.0,53.1,86.8,0.074,0.1,0.143,0.435,-0.52,-1.3,90.0,100.0
2025-10-19,16:00,77559,LaLiga 25/26,25/26,La Liga,Matchweek 9,Sun,Away,W,1.0,0.0,Getafe,76.0,,,,,,https://www.sofascore.com/getafe-real-madrid/Egbsjhb,Ended,Real Madrid,for,2.3,0.52,3.0,1.0,1.0,0.0,2.0,1.0,4.0,1.0,11.0,27.0,636.0,194.0,552.0,103.0,17.0,19.0,27.0,11.0,3.0,2.0,1.0,4.0,0.0,2.0,1.0,9.0,4.0,1.0,9.0,5.0,12.0,2.0,11.0,5.0,2.0,0.0,35.0,5.0,38.0,13.0,2.0,2.0,64.0,36.0,8.0,7.0,53.0,30.0,22.0,13.0,11.0,2.0,6.0,15.0,19.0,25.0,0.0,0.0,1.0,0.0,7.0,10.0,86.8,53.1,0.1,0.074,0.435,0.143,-1.3,-0.52,100.0,90.0
2025-10-20,16:00,77559,LaLiga 25/26,25/26,La Liga,Matchweek 9,Mon,Home,D,0.0,0.0,Valencia,63.0,,,,,,https://www.sofascore.com/deportivo-alaves-valencia/DgbsKhb,Ended,Deportivo Alavés,for,0.74,0.45,1.0,1.0,0.0,0.0,1.0,1.0,7.0,0.0,13.0,20.0,512.0,309.0,430.0,216.0,10.0,18.0,20.0,13.0,3.0,0.0,1.0,2.0,0.0,0.0,2.0,3.0,3.0,0.0,7.0,3.0,10.0,3.0,3.0,2.0,2.0,0.0,31.0,9.0,25.0,24.0,4.0,0.0,51.0,49.0,11.0,7.0,37.0,33.0,20.0,21.0,7.0,4.0,11.0,4.0,10.0,34.0,0.0,0.0,0.0,2.0,4.0,11.0,84.0,69.9,0.057,0.09,0.231,0.4,-0.74,-0.45,100.0,100.0
2025-10-20,16:00,77559,LaLiga 25/26,25/26,La Liga,Matchweek 9,Mon,Away,D,0.0,0.0,Deportivo Alavés,37.0,,,,,,https://www.sofascore.com/deportivo-alaves-valencia/DgbsKhb,Ended,Valencia,for,0.45,0.74,1.0,1.0,0.0,0.0,1.0,1.0,0.0,7.0,20.0,13.0,309.0,512.0,216.0,430.0,18.0,10.0,13.0,20.0,0.0,3.0,2.0,1.0,0.0,0.0,3.0,2.0,0.0,3.0,3.0,7.0,3.0,10.0,2.0,3.0,0.0,2.0,9.0,31.0,24.0,25.0,0.0,4.0,49.0,51.0,7.0,11.0,33.0,37.0,21.0,20.0,4.0,7.0,4.0,11.0,34.0,10.0,0.0,0.0,2.0,0.0,11.0,4.0,69.9,84.0,0.09,0.057,0.4,0.231,-0.45,-0.74,100.0,100.0
2025-10-24,16:00,77559,LaLiga 25/26,25/26,La Liga,Matchweek 10,Fri,Home,W,2.0,1.0,Sevilla,40.0,,,,,,https://www.sofascore.com/sevilla-real-sociedad/zgbsIgb,Ended,Real Sociedad,for,1.61,0.23,3.0,0.0,1.0,0.0,2.0,0.0,1.0,9.0,19.0,14.0,303.0,464.0,209.0,358.0,22.0,13.0,13.0,19.0,2.0,1.0,1.0,3.0,0.0,0.0,0.0,1.0,0.0,2.0,2.0,3.0,4.0,2.0,1.0,4.0,0.0,0.0,19.0,16.0,17.0,34.0,4.0,2.0,52.0,48.0,8.0,12.0,38.0,42.0,21.0,13.0,3.0,10.0,12.0,8.0,28.0,19.0,0.0,1.0,2.0,1.0,4.0,6.0,69.0,77.2,0.322,0.038,0.6,0.167,0.39,0.77,0.0,33.3
2025-10-24,16:00,77559,LaLiga 25/26,25/26,La Liga,Matchweek 10,Fri,Away,L,1.0,2.0,Real Sociedad,60.0,,,,,,https://www.sofascore.com/sevilla-real-sociedad/zgbsIgb,Ended,Sevilla,for,0.23,1.61,0.0,3.0,0.0,1.0,0.0,2.0,9.0,1.0,14.0,19.0,464.0,303.0,358.0,209.0,13.0,22.0,19.0,13.0,1.0,2.0,3.0,1.0,0.0,0.0,1.0,0.0,2.0,0.0,3.0,2.0,2.0,4.0,4.0,1.0,0.0,0.0,16.0,19.0,34.0,17.0,2.0,4.0,48.0,52.0,12.0,8.0,42.0,38.0,13.0,21.0,10.0,3.0,8.0,12.0,19.0,28.0,1.0,0.0,1.0,2.0,6.0,4.0,77.2,69.0,0.038,0.322,0.167,0.6,0.77,0.39,33.3,0.0
2025-10-25,09:00,77559,LaLiga 25/26,25/26,La Liga,Matchweek 10,Sat,Home,D,3.0,3.0,Real Oviedo,65.0,,,,,,https://www.sofascore.com/girona-fc-real-oviedo/bhbsoKj,Ended,Girona FC,for,2.03,1.79,4.0,4.0,2.0,3.0,2.0,1.0,11.0,4.0,13.0,16.0,551.0,296.0,489.0,234.0,12.0,20.0,14.0,12.0,2.0,2.0,4.0,3.0,0.0,0.0,2.0,3.0,1.0,2.0,1.0,3.0,4.0,8.0,4.0,2.0,2.0,0.0,24.0,15.0,24.0,22.0,4.0,8.0,53.0,47.0,11.0,6.0,42.0,39.0,16.0,12.0,14.0,7.0,4.0,5.0,19.0,42.0,0.0,0.0,0.0,1.0,4.0,4.0,88.7,79.1,0.254,0.179,0.75,0.5,0.97,1.21,40.0,50.0
2025-10-25,09:00,77559,LaLiga 25/26,25/26,La Liga,Matchweek 10,Sat,Away,D,3.0,3.0,Girona FC,35.0,,,,,,https://www.sofascore.com/girona-fc-real-oviedo/bhbsoKj,Ended,Real Oviedo,for,1.79,2.03,4.0,4.0,3.0,2.0,1.0,2.0,4.0,11.0,16.0,13.0,296.0,551.0,234.0,489.0,20.0,12.0,12.0,14.0,2.0,2.0,3.0,4.0,0.0,0.0,3.0,2.0,2.0,1.0,3.0,1.0,8.0,4.0,2.0,4.0,0.0,2.0,15.0,24.0,22.0,24.0,8.0,4.0,47.0,53.0,6.0,11.0,39.0,42.0,12.0,16.0,7.0,14.0,5.0,4.0,42.0,19.0,0.0,0.0,1.0,0.0,4.0,4.0,79.1,88.7,0.179,0.254,0.5,0.75,1.21,0.97,50.0,40.0
2025-10-25,11:15,77559,LaLiga 25/26,25/26,La Liga,Matchweek 10,Sat,Home,W,1.0,0.0,Elche,32.0,,,,,,https://www.sofascore.com/elche-espanyol/ogbsWgb,Ended,Espanyol,for,1.93,0.86,3.0,2.0,1.0,0.0,2.0,2.0,4.0,2.0,14.0,15.0,266.0,598.0,201.0,519.0,16.0,14.0,15.0,14.0,0.0,1.0,4.0,2.0,0.0,0.0,4.0,6.0,1.0,5.0,8.0,4.0,10.0,7.0,6.0,6.0,0.0,0.0,20.0,20.0,20.0,18.0,7.0,2.0,49.0,51.0,10.0,8.0,34.0,36.0,14.0,13.0,5.0,11.0,11.0,4.0,23.0,18.0,0.0,1.0,2.0,0.0,5.0,8.0,75.6,86.8,0.121,0.066,0.438,0.308,-0.93,-0.86,100.0,85.7
2025-10-25,11:15,77559,LaLiga 25/26,25/26,La Liga,Matchweek 10,Sat,Away,L,0.0,1.0,Espanyol,68.0,,,,,,https://www.sofascore.com/elche-espanyol/ogbsWgb,Ended,Elche,for,0.86,1.93,2.0,3.0,0.0,1.0,2.0,2.0,2.0,4.0,15.0,14.0,598.0,266.0,519.0,201.0,14.0,16.0,14.0,15.0,1.0,0.0,2.0,4.0,0.0,0.0,6.0,4.0,5.0,1.0,4.0,8.0,7.0,10.0,6.0,6.0,0.0,0.0,20.0,20.0,18.0,20.0,2.0,7.0,51.0,49.0,8.0,10.0,36.0,34.0,13.0,14.0,11.0,5.0,4.0,11.0,18.0,23.0,1.0,0.0,0.0,2.0,8.0,5.0,86.8,75.6,0.066,0.121,0.308,0.438,-0.86,-0.93,85.7,100.0
2025-10-25,13:30,77559,LaLiga 25/26,25/26,La Liga,Matchweek 10,Sat,Home,L,0.0,1.0,Getafe,57.0,,,,,,https://www.sofascore.com/getafe-athletic-club/Agbsjhb,Ended,Athletic Club,for,0.39,0.93,0.0,2.0,0.0,1.0,0.0,1.0,1.0,5.0,15.0,14.0,435.0,323.0,336.0,203.0,13.0,23.0,14.0,15.0,3.0,4.0,1.0,3.0,1.0,0.0,3.0,4.0,2.0,4.0,1.0,1.0,4.0,5.0,3.0,3.0,0.0,0.0,10.0,21.0,31.0,24.0,1.0,5.0,51.0,49.0,15.0,5.0,37.0,44.0,28.0,19.0,11.0,6.0,5.0,5.0,53.0,28.0,1.0,0.0,1.0,0.0,3.0,5.0,77.2,62.8,0.056,0.116,0.571,0.375,-0.39,0.07,100.0,100.0
2025-10-25,13:30,77559,LaLiga 25/26,25/26,La Liga,Matchweek 10,Sat,Away,W,1.0,0.0,Athletic Club,43.0,,,,,,https://www.sofascore.com/getafe-athletic-club/Agbsjhb,Ended,Getafe,for,0.93,0.39,2.0,0.0,1.0,0.0,1.0,0.0,5.0,1.0,14.0,15.0,323.0,435.0,203.0,336.0,23.0,13.0,15.0,14.0,4.0,3.0,3.0,1.0,0.0,1.0,4.0,3.0,4.0,2.0,1.0,1.0,5.0,4.0,3.0,3.0,0.0,0.0,21.0,10.0,24.0,31.0,5.0,1.0,49.0,51.0,5.0,15.0,44.0,37.0,19.0,28.0,6.0,11.0,5.0,5.0,28.0,53.0,0.0,1.0,0.0,1.0,5.0,3.0,62.8,77.2,0.116,0.056,0.375,0.571,0.07,-0.39,100.0,100.0
2025-10-25,16:00,77559,LaLiga 25/26,25/26,La Liga,Matchweek 10,Sat,Home,L,0.0,2.0,Villarreal,57.0,,,,,,https://www.sofascore.com/valencia-villarreal/ugbsDgb,Ended,Valencia,for,0.8,2.18,0.0,4.0,0.0,2.0,0.0,2.0,7.0,5.0,13.0,14.0,540.0,416.0,461.0,359.0,23.0,12.0,14.0,12.0,2.0,3.0,2.0,4.0,0.0,0.0,3.0,3.0,6.0,3.0,6.0,4.0,7.0,11.0,8.0,1.0,0.0,2.0,21.0,34.0,18.0,17.0,7.0,4.0,61.0,39.0,5.0,8.0,47.0,30.0,6.0,4.0,10.0,5.0,8.0,12.0,16.0,33.0,0.0,3.0,1.0,2.0,6.0,4.0,85.4,86.3,0.053,0.182,0.2,0.417,-0.8,-0.18,60.0,100.0
2025-10-25,16:00,77559,LaLiga 25/26,25/26,La Liga,Matchweek 10,Sat,Away,W,2.0,0.0,Valencia,43.0,,,,,,https://www.sofascore.com/valencia-villarreal/ugbsDgb,Ended,Villarreal,for,2.18,0.8,4.0,0.0,2.0,0.0,2.0,0.0,5.0,7.0,14.0,13.0,416.0,540.0,359.0,461.0,12.0,23.0,12.0,14.0,3.0,2.0,4.0,2.0,0.0,0.0,3.0,3.0,3.0,6.0,4.0,6.0,11.0,7.0,1.0,8.0,2.0,0.0,34.0,21.0,17.0,18.0,4.0,7.0,39.0,61.0,8.0,5.0,30.0,47.0,4.0,6.0,5.0,10.0,12.0,8.0,33.0,16.0,3.0,0.0,2.0,1.0,4.0,6.0,86.3,85.4,0.182,0.053,0.417,0.2,-0.18,-0.8,100.0,60.0
2025-10-26,10:00,77559,LaLiga 25/26,25/26,La Liga,Matchweek 10,Sun,Home,D,1.0,1.0,Levante UD,63.0,,,,,,https://www.sofascore.com/levante-ud-mallorca/BgbsZgb,Ended,Mallorca,for,1.58,2.08,5.0,4.0,0.0,1.0,5.0,3.0,5.0,4.0,8.0,13.0,551.0,331.0,470.0,233.0,10.0,22.0,13.0,8.0,3.0,3.0,3.0,2.0,0.0,0.0,4.0,4.0,5.0,5.0,11.0,3.0,13.0,10.0,7.0,3.0,2.0,3.0,28.0,29.0,24.0,23.0,12.0,5.0,47.0,53.0,13.0,4.0,32.0,43.0,18.0,13.0,11.0,14.0,13.0,12.0,20.0,26.0,1.0,1.0,0.0,1.0,4.0,13.0,85.3,70.4,0.079,0.16,0.2,0.385,-0.58,-1.08,80.0,100.0
2025-10-26,10:00,77559,LaLiga 25/26,25/26,La Liga,Matchweek 10,Sun,Away,D,1.0,1.0,Mallorca,37.0,,,,,,https://www.sofascore.com/levante-ud-mallorca/BgbsZgb,Ended,Levante UD,for,2.08,1.58,4.0,5.0,1.0,0.0,3.0,5.0,4.0,5.0,13.0,8.0,331.0,551.0,233.0,470.0,22.0,10.0,8.0,13.0,3.0,3.0,2.0,3.0,0.0,0.0,4.0,4.0,5.0,5.0,3.0,11.0,10.0,13.0,3.0,7.0,3.0,2.0,29.0,28.0,23.0,24.0,5.0,12.0,53.0,47.0,4.0,13.0,43.0,32.0,13.0,18.0,14.0,11.0,12.0,13.0,26.0,20.0,1.0,1.0,1.0,0.0,13.0,4.0,70.4,85.3,0.16,0.079,0.385,0.2,-1.08,-0.58,100.0,80.0
2025-10-26,12:15,77559,LaLiga 25/26,25/26,La Liga,Matchweek 10,Sun,Home,W,2.0,1.0,FC Barcelona,32.0,,,,,,https://www.sofascore.com/real-madrid-barcelona/rgbsEgb,Ended,Real Madrid,for,3.63,1.03,4.0,2.0,2.0,1.0,2.0,1.0,12.0,4.0,12.0,9.0,275.0,640.0,223.0,574.0,24.0,20.0,8.0,12.0,5.0,2.0,5.0,5.0,1.0,1.0,4.0,9.0,7.0,4.0,6.0,5.0,17.0,6.0,6.0,9.0,2.0,1.0,34.0,17.0,21.0,13.0,4.0,3.0,53.0,47.0,10.0,12.0,45.0,40.0,7.0,6.0,13.0,9.0,6.0,7.0,17.0,12.0,1.0,1.0,1.0,0.0,6.0,8.0,81.1,89.7,0.158,0.069,0.435,0.4,-1.63,-0.03,66.7,90.0
2025-10-26,12:15,77559,LaLiga 25/26,25/26,La Liga,Matchweek 10,Sun,Away,L,1.0,2.0,Real Madrid,68.0,,,,,,https://www.sofascore.com/real-madrid-barcelona/rgbsEgb,Ended,FC Barcelona,for,1.03,3.63,2.0,4.0,1.0,2.0,1.0,2.0,4.0,12.0,9.0,12.0,640.0,275.0,574.0,223.0,20.0,24.0,12.0,8.0,2.0,5.0,5.0,5.0,1.0,1.0,9.0,4.0,4.0,7.0,5.0,6.0,6.0,17.0,9.0,6.0,1.0,2.0,17.0,34.0,13.0,21.0,3.0,4.0,47.0,53.0,12.0,10.0,40.0,45.0,6.0,7.0,9.0,13.0,7.0,6.0,12.0,17.0,1.0,1.0,0.0,1.0,8.0,6.0,89.7,81.1,0.069,0.158,0.4,0.435,-0.03,-1.63,90.0,66.7
2025-10-26,14:30,77559,LaLiga 25/26,25/26,La Liga,Matchweek 10,Sun,Home,L,2.0,3.0,Celta Vigo,61.0,,,,,,https://www.sofascore.com/celta-vigo-osasuna/vgbswgb,Ended,Osasuna,for,2.31,1.96,3.0,2.0,1.0,2.0,2.0,0.0,5.0,2.0,10.0,13.0,555.0,357.0,469.0,291.0,14.0,9.0,11.0,10.0,0.0,5.0,3.0,4.0,0.0,0.0,2.0,5.0,3.0,2.0,7.0,4.0,10.0,5.0,7.0,6.0,0.0,2.0,42.0,8.0,22.0,19.0,6.0,1.0,52.0,48.0,4.0,7.0,32.0,26.0,13.0,15.0,5.0,8.0,5.0,14.0,5.0,48.0,1.0,4.0,0.0,4.0,4.0,11.0,84.5,81.5,0.136,0.178,0.412,0.455,-0.31,1.04,40.0,71.4
2025-10-26,14:30,77559,LaLiga 25/26,25/26,La Liga,Matchweek 10,Sun,Away,W,3.0,2.0,Osasuna,39.0,,,,,,https://www.sofascore.com/celta-vigo-osasuna/vgbswgb,Ended,Celta Vigo,for,1.96,2.31,2.0,3.0,2.0,1.0,0.0,2.0,2.0,5.0,13.0,10.0,357.0,555.0,291.0,469.0,9.0,14.0,10.0,11.0,5.0,0.0,4.0,3.0,0.0,0.0,5.0,2.0,2.0,3.0,4.0,7.0,5.0,10.0,6.0,7.0,2.0,0.0,8.0,42.0,19.0,22.0,1.0,6.0,48.0,52.0,7.0,4.0,26.0,32.0,15.0,13.0,8.0,5.0,14.0,5.0,48.0,5.0,4.0,1.0,4.0,0.0,11.0,4.0,81.5,84.5,0.178,0.136,0.455,0.412,1.04,-0.31,71.4,40.0
2025-10-26,17:00,77559,LaLiga 25/26,25/26,La Liga,Matchweek 10,Sun,Home,W,1.0,0.0,Deportivo Alavés,54.0,,,,,,https://www.sofascore.com/deportivo-alaves-rayo-vallecano/tgbsKhb,Ended,Rayo Vallecano,for,1.18,0.84,2.0,1.0,1.0,0.0,1.0,1.0,7.0,5.0,13.0,11.0,419.0,358.0,340.0,266.0,18.0,27.0,11.0,13.0,2.0,0.0,1.0,3.0,0.0,0.0,2.0,4.0,2.0,7.0,8.0,3.0,8.0,6.0,7.0,6.0,0.0,0.0,26.0,20.0,27.0,20.0,7.0,4.0,44.0,56.0,8.0,13.0,37.0,49.0,13.0,15.0,9.0,9.0,8.0,1.0,30.0,24.0,1.0,0.0,1.0,1.0,11.0,11.0,81.1,74.3,0.079,0.07,0.333,0.167,-0.18,-0.84,100.0,80.0
2025-10-26,17:00,77559,LaLiga 25/26,25/26,La Liga,Matchweek 10,Sun,Away,L,0.0,1.0,Rayo Vallecano,46.0,,,,,,https://www.sofascore.com/deportivo-alaves-rayo-vallecano/tgbsKhb,Ended,Deportivo Alavés,for,0.84,1.18,1.0,2.0,0.0,1.0,1.0,1.0,5.0,7.0,11.0,13.0,358.0,419.0,266.0,340.0,27.0,18.0,13.0,11.0,0.0,2.0,3.0,1.0,0.0,0.0,4.0,2.0,7.0,2.0,3.0,8.0,6.0,8.0,6.0,7.0,0.0,0.0,20.0,26.0,20.0,27.0,4.0,7.0,56.0,44.0,13.0,8.0,49.0,37.0,15.0,13.0,9.0,9.0,1.0,8.0,24.0,30.0,0.0,1.0,1.0,1.0,11.0,11.0,74.3,81.1,0.07,0.079,0.167,0.333,-0.84,-0.18,80.0,100.0
2025-10-27,17:00,77559,LaLiga 25/26,25/26,La Liga,Matchweek 10,Mon,Home,L,0.0,2.0,Atlético Madrid,57.0,,,,,,https://www.sofascore.com/atletico-madrid-real-betis/qgbsLgb,Ended,Real Betis,for,1.07,0.6,2.0,1.0,0.0,0.0,2.0,1.0,2.0,5.0,9.0,18.0,545.0,421.0,474.0,341.0,20.0,29.0,18.0,9.0,4.0,4.0,2.0,1.0,0.0,0.0,2.0,5.0,5.0,1.0,7.0,4.0,7.0,5.0,10.0,4.0,2.0,1.0,22.0,23.0,23.0,19.0,4.0,1.0,54.0,46.0,18.0,13.0,51.0,45.0,12.0,9.0,14.0,8.0,3.0,6.0,23.0,32.0,0.0,0.0,0.0,1.0,5.0,12.0,87.0,81.0,0.063,0.067,0.294,0.444,-1.07,1.4,50.0,100.0
2025-10-27,17:00,77559,LaLiga 25/26,25/26,La Liga,Matchweek 10,Mon,Away,W,2.0,0.0,Real Betis,43.0,,,,,,https://www.sofascore.com/atletico-madrid-real-betis/qgbsLgb,Ended,Atlético Madrid,for,0.6,1.07,1.0,2.0,0.0,0.0,1.0,2.0,5.0,2.0,18.0,9.0,421.0,545.0,341.0,474.0,29.0,20.0,9.0,18.0,4.0,4.0,1.0,2.0,0.0,0.0,5.0,2.0,1.0,5.0,4.0,7.0,5.0,7.0,4.0,10.0,1.0,2.0,23.0,22.0,19.0,23.0,1.0,4.0,46.0,54.0,13.0,18.0,45.0,51.0,9.0,12.0,8.0,14.0,6.0,3.0,32.0,23.0,0.0,0.0,1.0,0.0,12.0,5.0,81.0,87.0,0.067,0.063,0.444,0.294,1.4,-1.07,100.0,50.0
2025-10-31,17:00,77559,LaLiga 25/26,25/26,La Liga,Matchweek 11,Fri,Home,W,2.0,1.0,Girona FC,40.0,,,,,,https://www.sofascore.com/girona-fc-getafe/jhbsoKj,Ended,Getafe,for,0.88,1.43,2.0,2.0,2.0,1.0,0.0,1.0,8.0,3.0,17.0,15.0,247.0,403.0,164.0,302.0,19.0,17.0,15.0,16.0,3.0,0.0,1.0,2.0,0.0,0.0,3.0,2.0,1.0,2.0,7.0,2.0,7.0,4.0,5.0,4.0,1.0,1.0,13.0,10.0,20.0,14.0,7.0,1.0,48.0,52.0,8.0,10.0,40.0,46.0,24.0,23.0,7.0,13.0,9.0,9.0,17.0,47.0,1.0,0.0,0.0,1.0,5.0,8.0,66.4,74.9,0.073,0.179,0.333,0.5,1.12,-0.43,75.0,50.0
2025-10-31,17:00,77559,LaLiga 25/26,25/26,La Liga,Matchweek 11,Fri,Away,L,1.0,2.0,Getafe,60.0,,,,,,https://www.sofascore.com/girona-fc-getafe/jhbsoKj,Ended,Girona FC,for,1.43,0.88,2.0,2.0,1.0,2.0,1.0,0.0,3.0,8.0,15.0,17.0,403.0,247.0,302.0,164.0,17.0,19.0,16.0,15.0,0.0,3.0,2.0,1.0,0.0,0.0,2.0,3.0,2.0,1.0,2.0,7.0,4.0,7.0,4.0,5.0,1.0,1.0,10.0,13.0,14.0,20.0,1.0,7.0,52.0,48.0,10.0,8.0,46.0,40.0,23.0,24.0,13.0,7.0,9.0,9.0,47.0,17.0,0.0,1.0,1.0,0.0,8.0,5.0,74.9,66.4,0.179,0.073,0.5,0.333,-0.43,1.12,50.0,75.0
2025-11-01,10:00,77559,LaLiga 25/26,25/26,La Liga,Matchweek 11,Sat,Home,W,4.0,0.0,Rayo Vallecano,47.0,,,,,,https://www.sofascore.com/villarreal-rayo-vallecano/tgbsugb,Ended,Villarreal,for,3.02,1.02,3.0,1.0,2.0,0.0,1.0,1.0,3.0,5.0,7.0,11.0,426.0,459.0,371.0,396.0,10.0,17.0,11.0,7.0,1.0,0.0,1.0,1.0,0.0,0.0,3.0,3.0,3.0,3.0,6.0,7.0,11.0,7.0,5.0,6.0,1.0,0.0,36.0,21.0,27.0,28.0,1.0,2.0,54.0,46.0,10.0,3.0,38.0,33.0,3.0,2.0,17.0,9.0,10.0,7.0,30.0,10.0,1.0,0.0,2.0,1.0,9.0,8.0,87.1,86.3,0.189,0.078,0.438,0.231,0.98,-1.02,100.0,42.9
2025-11-01,10:00,77559,LaLiga 25/26,25/26,La Liga,Matchweek 11,Sat,Away,L,0.0,4.0,Villarreal,53.0,,,,,,https://www.sofascore.com/villarreal-rayo-vallecano/tgbsugb,Ended,Rayo Vallecano,for,1.02,3.02,1.0,3.0,0.0,2.0,1.0,1.0,5.0,3.0,11.0,7.0,459.0,426.0,396.0,371.0,17.0,10.0,7.0,11.0,0.0,1.0,1.0,1.0,0.0,0.0,3.0,3.0,3.0,3.0,7.0,6.0,7.0,11.0,6.0,5.0,0.0,1.0,21.0,36.0,28.0,27.0,2.0,1.0,46.0,54.0,3.0,10.0,33.0,38.0,2.0,3.0,9.0,17.0,7.0,10.0,10.0,30.0,0.0,1.0,1.0,2.0,8.0,9.0,86.3,87.1,0.078,0.189,0.231,0.438,-1.02,0.98,42.9,100.0
2025-11-01,12:15,77559,LaLiga 25/26,25/26,La Liga,Matchweek 11,Sat,Home,W,3.0,0.0,Sevilla,47.0,,,,,,https://www.sofascore.com/atletico-madrid-sevilla/IgbsLgb,Ended,Atlético Madrid,for,3.53,0.46,6.0,0.0,2.0,0.0,4.0,0.0,9.0,4.0,9.0,12.0,459.0,531.0,392.0,453.0,15.0,24.0,11.0,9.0,0.0,0.0,0.0,3.0,0.0,0.0,2.0,3.0,3.0,1.0,6.0,7.0,12.0,5.0,3.0,5.0,2.0,0.0,27.0,10.0,30.0,21.0,4.0,4.0,49.0,51.0,14.0,9.0,34.0,40.0,20.0,16.0,7.0,7.0,10.0,4.0,10.0,29.0,1.0,1.0,0.0,0.0,6.0,7.0,85.4,85.3,0.235,0.046,0.4,0.2,-0.53,-0.46,100.0,50.0
2025-11-01,12:15,77559,LaLiga 25/26,25/26,La Liga,Matchweek 11,Sat,Away,L,0.0,3.0,Atlético Madrid,53.0,,,,,,https://www.sofascore.com/atletico-madrid-sevilla/IgbsLgb,Ended,Sevilla,for,0.46,3.53,0.0,6.0,0.0,2.0,0.0,4.0,4.0,9.0,12.0,9.0,531.0,459.0,453.0,392.0,24.0,15.0,9.0,11.0,0.0,0.0,3.0,0.0,0.0,0.0,3.0,2.0,1.0,3.0,7.0,6.0,5.0,12.0,5.0,3.0,0.0,2.0,10.0,27.0,21.0,30.0,4.0,4.0,51.0,49.0,9.0,14.0,40.0,34.0,16.0,20.0,7.0,7.0,4.0,10.0,29.0,10.0,1.0,1.0,0.0,0.0,7.0,6.0,85.3,85.4,0.046,0.235,0.2,0.4,-0.46,-0.53,50.0,100.0
2025-11-01,14:30,77559,LaLiga 25/26,25/26,La Liga,Matchweek 11,Sat,Home,W,3.0,2.0,Athletic Club,51.0,,,,,,https://www.sofascore.com/athletic-club-real-sociedad/zgbsAgb,Ended,Real Sociedad,for,1.52,0.83,4.0,2.0,3.0,1.0,1.0,1.0,6.0,2.0,20.0,8.0,363.0,357.0,267.0,276.0,20.0,20.0,8.0,20.0,3.0,1.0,2.0,3.0,0.0,0.0,2.0,2.0,1.0,2.0,3.0,5.0,7.0,8.0,2.0,3.0,2.0,2.0,16.0,21.0,23.0,23.0,4.0,3.0,45.0,55.0,7.0,15.0,34.0,44.0,22.0,24.0,6.0,4.0,5.0,4.0,27.0,31.0,0.0,0.0,1.0,0.0,10.0,5.0,73.6,77.3,0.169,0.075,0.556,0.364,1.48,1.17,50.0,40.0
2025-11-01,14:30,77559,LaLiga 25/26,25/26,La Liga,Matchweek 11,Sat,Away,L,2.0,3.0,Real Sociedad,49.0,,,,,,https://www.sofascore.com/athletic-club-real-sociedad/zgbsAgb,Ended,Athletic Club,for,0.83,1.52,2.0,4.0,1.0,3.0,1.0,1.0,2.0,6.0,8.0,20.0,357.0,363.0,276.0,267.0,20.0,20.0,20.0,8.0,1.0,3.0,3.0,2.0,0.0,0.0,2.0,2.0,2.0,1.0,5.0,3.0,8.0,7.0,3.0,2.0,2.0,2.0,21.0,16.0,23.0,23.0,3.0,4.0,55.0,45.0,15.0,7.0,44.0,34.0,24.0,22.0,4.0,6.0,4.0,5.0,31.0,27.0,0.0,0.0,0.0,1.0,5.0,10.0,77.3,73.6,0.075,0.169,0.364,0.556,1.17,1.48,40.0,50.0
2025-11-01,17:00,77559,LaLiga 25/26,25/26,La Liga,Matchweek 11,Sat,Home,W,4.0,0.0,Valencia,65.0,,,,,,https://www.sofascore.com/real-madrid-valencia/DgbsEgb,Ended,Real Madrid,for,2.71,0.49,4.0,1.0,2.0,0.0,2.0,1.0,7.0,1.0,14.0,7.0,715.0,381.0,647.0,317.0,21.0,23.0,5.0,14.0,2.0,0.0,1.0,1.0,0.0,0.0,1.0,7.0,6.0,1.0,4.0,2.0,12.0,3.0,9.0,1.0,0.0,0.0,59.0,10.0,33.0,24.0,3.0,2.0,45.0,55.0,10.0,11.0,35.0,44.0,6.0,6.0,8.0,8.0,7.0,12.0,11.0,42.0,0.0,2.0,0.0,2.0,2.0,8.0,90.5,83.2,0.129,0.122,0.524,0.25,1.29,-0.49,100.0,63.6
2025-11-01,17:00,77559,LaLiga 25/26,25/26,La Liga,Matchweek 11,Sat,Away,L,0.0,4.0,Real Madrid,35.0,,,,,,https://www.sofascore.com/real-madrid-valencia/DgbsEgb,Ended,Valencia,for,0.49,2.71,1.0,4.0,0.0,2.0,1.0,2.0,1.0,7.0,7.0,14.0,381.0,715.0,317.0,647.0,23.0,21.0,14.0,5.0,0.0,2.0,1.0,1.0,0.0,0.0,7.0,1.0,1.0,6.0,2.0,4.0,3.0,12.0,1.0,9.0,0.0,0.0,10.0,59.0,24.0,33.0,2.0,3.0,55.0,45.0,11.0,10.0,44.0,35.0,6.0,6.0,8.0,8.0,12.0,7.0,42.0,11.0,2.0,0.0,2.0,0.0,8.0,2.0,83.2,90.5,0.122,0.129,0.25,0.524,-0.49,1.29,63.6,100.0
2025-11-02,10:00,77559,LaLiga 25/26,25/26,La Liga,Matchweek 11,Sun,Home,L,1.0,2.0,Celta Vigo,36.0,,,,,,https://www.sofascore.com/levante-ud-celta-vigo/wgbsZgb,Ended,Levante UD,for,1.2,2.0,2.0,1.0,0.0,0.0,2.0,1.0,4.0,4.0,10.0,12.0,328.0,609.0,256.0,544.0,17.0,15.0,11.0,10.0,0.0,0.0,2.0,3.0,1.0,0.0,5.0,2.0,1.0,5.0,5.0,9.0,8.0,15.0,1.0,5.0,0.0,0.0,14.0,43.0,25.0,25.0,3.0,3.0,52.0,48.0,10.0,3.0,32.0,29.0,12.0,11.0,4.0,5.0,12.0,10.0,26.0,24.0,1.0,0.0,0.0,0.0,12.0,8.0,78.0,89.3,0.133,0.1,0.333,0.3,-0.2,0.0,83.3,66.7
2025-11-02,10:00,77559,LaLiga 25/26,25/26,La Liga,Matchweek 11,Sun,Away,W,2.0,1.0,Levante UD,64.0,,,,,,https://www.sofascore.com/levante-ud-celta-vigo/wgbsZgb,Ended,Celta Vigo,for,2.0,1.2,1.0,2.0,0.0,0.0,1.0,2.0,4.0,4.0,12.0,10.0,609.0,328.0,544.0,256.0,15.0,17.0,10.0,11.0,0.0,0.0,3.0,2.0,0.0,1.0,2.0,5.0,5.0,1.0,9.0,5.0,15.0,8.0,5.0,1.0,0.0,0.0,43.0,14.0,25.0,25.0,3.0,3.0,48.0,52.0,3.0,10.0,29.0,32.0,11.0,12.0,5.0,4.0,10.0,12.0,24.0,26.0,0.0,1.0,0.0,0.0,8.0,12.0,89.3,78.0,0.1,0.133,0.3,0.333,0.0,-0.2,66.7,83.3
2025-11-02,12:15,77559,LaLiga 25/26,25/26,La Liga,Matchweek 11,Sun,Home,W,2.0,1.0,Espanyol,54.0,,,,,,https://www.sofascore.com/deportivo-alaves-espanyol/ogbsKhb,Ended,Deportivo Alavés,for,1.22,1.06,4.0,1.0,1.0,0.0,3.0,1.0,1.0,6.0,14.0,12.0,474.0,374.0,394.0,303.0,19.0,22.0,12.0,14.0,0.0,0.0,4.0,2.0,1.0,0.0,1.0,2.0,3.0,10.0,6.0,6.0,9.0,12.0,4.0,6.0,0.0,0.0,19.0,28.0,29.0,28.0,2.0,7.0,51.0,49.0,7.0,11.0,43.0,42.0,19.0,17.0,14.0,6.0,9.0,13.0,33.0,12.0,0.0,0.0,1.0,0.0,9.0,7.0,83.1,81.0,0.094,0.059,0.308,0.111,0.78,-0.06,50.0,50.0
2025-11-02,12:15,77559,LaLiga 25/26,25/26,La Liga,Matchweek 11,Sun,Away,L,1.0,2.0,Deportivo Alavés,46.0,,,,,,https://www.sofascore.com/deportivo-alaves-espanyol/ogbsKhb,Ended,Espanyol,for,1.06,1.22,1.0,4.0,0.0,1.0,1.0,3.0,6.0,1.0,12.0,14.0,374.0,474.0,303.0,394.0,22.0,19.0,14.0,12.0,0.0,0.0,2.0,4.0,0.0,1.0,2.0,1.0,10.0,3.0,6.0,6.0,12.0,9.0,6.0,4.0,0.0,0.0,28.0,19.0,28.0,29.0,7.0,2.0,49.0,51.0,11.0,7.0,42.0,43.0,17.0,19.0,6.0,14.0,13.0,9.0,12.0,33.0,0.0,0.0,0.0,1.0,7.0,9.0,81.0,83.1,0.059,0.094,0.111,0.308,-0.06,0.78,50.0,50.0
2025-11-02,14:30,77559,LaLiga 25/26,25/26,La Liga,Matchweek 11,Sun,Home,W,3.0,1.0,Elche,49.0,,,,,,https://www.sofascore.com/elche-barcelona/rgbsWgb,Ended,FC Barcelona,for,1.88,0.66,5.0,1.0,2.0,0.0,3.0,1.0,6.0,3.0,12.0,16.0,413.0,435.0,342.0,367.0,17.0,16.0,16.0,12.0,5.0,5.0,0.0,1.0,0.0,0.0,2.0,2.0,6.0,2.0,6.0,4.0,11.0,7.0,6.0,2.0,3.0,0.0,34.0,18.0,24.0,29.0,4.0,3.0,53.0,47.0,7.0,7.0,40.0,40.0,11.0,5.0,8.0,12.0,12.0,17.0,7.0,13.0,0.0,1.0,1.0,1.0,6.0,7.0,82.8,84.4,0.111,0.073,0.294,0.333,1.12,0.34,66.7,40.0
2025-11-02,14:30,77559,LaLiga 25/26,25/26,La Liga,Matchweek 11,Sun,Away,L,1.0,3.0,FC Barcelona,51.0,,,,,,https://www.sofascore.com/elche-barcelona/rgbsWgb,Ended,Elche,for,0.66,1.88,1.0,5.0,0.0,2.0,1.0,3.0,3.0,6.0,16.0,12.0,435.0,413.0,367.0,342.0,16.0,17.0,12.0,16.0,5.0,5.0,1.0,0.0,0.0,0.0,2.0,2.0,2.0,6.0,4.0,6.0,7.0,11.0,2.0,6.0,0.0,3.0,18.0,34.0,29.0,24.0,3.0,4.0,47.0,53.0,7.0,7.0,40.0,40.0,5.0,11.0,12.0,8.0,17.0,12.0,13.0,7.0,1.0,0.0,1.0,1.0,7.0,6.0,84.4,82.8,0.073,0.111,0.333,0.294,0.34,1.12,40.0,66.7
2025-11-02,17:00,77559,LaLiga 25/26,25/26,La Liga,Matchweek 11,Sun,Home,W,3.0,0.0,Mallorca,52.0,,,,,,https://www.sofascore.com/mallorca-real-betis/qgbsBgb,Ended,Real Betis,for,2.36,0.62,5.0,1.0,1.0,0.0,4.0,1.0,4.0,5.0,9.0,8.0,553.0,483.0,483.0,420.0,22.0,16.0,8.0,9.0,1.0,4.0,0.0,3.0,0.0,0.0,1.0,5.0,3.0,3.0,4.0,10.0,9.0,6.0,6.0,8.0,0.0,0.0,16.0,19.0,24.0,27.0,1.0,6.0,45.0,55.0,10.0,9.0,36.0,40.0,7.0,13.0,6.0,15.0,8.0,8.0,28.0,23.0,1.0,1.0,1.0,0.0,12.0,3.0,87.3,87.0,0.157,0.044,0.533,0.071,0.64,-0.62,100.0,62.5
2025-11-02,17:00,77559,LaLiga 25/26,25/26,La Liga,Matchweek 11,Sun,Away,L,0.0,3.0,Real Betis,48.0,,,,,,https://www.sofascore.com/mallorca-real-betis/qgbsBgb,Ended,Mallorca,for,0.62,2.36,1.0,5.0,0.0,1.0,1.0,4.0,5.0,4.0,8.0,9.0,483.0,553.0,420.0,483.0,16.0,22.0,9.0,8.0,4.0,1.0,3.0,0.0,0.0,0.0,5.0,1.0,3.0,3.0,10.0,4.0,6.0,9.0,8.0,6.0,0.0,0.0,19.0,16.0,27.0,24.0,6.0,1.0,55.0,45.0,9.0,10.0,40.0,36.0,13.0,7.0,15.0,6.0,8.0,8.0,23.0,28.0,1.0,1.0,0.0,1.0,3.0,12.0,87.0,87.3,0.044,0.157,0.071,0.533,-0.62,0.64,62.5,100.0
2025-11-03,17:00,77559,LaLiga 25/26,25/26,La Liga,Matchweek 11,Mon,Home,D,0.0,0.0,Osasuna,53.0,,,,,,https://www.sofascore.com/real-oviedo-osasuna/vgbsbhb,Ended,Real Oviedo,for,0.96,0.82,2.0,0.0,0.0,0.0,2.0,0.0,4.0,2.0,17.0,17.0,408.0,364.0,340.0,312.0,22.0,18.0,17.0,17.0,3.0,0.0,3.0,1.0,0.0,0.0,5.0,2.0,2.0,1.0,4.0,5.0,6.0,8.0,2.0,3.0,2.0,0.0,23.0,17.0,32.0,21.0,5.0,8.0,56.0,44.0,10.0,8.0,45.0,37.0,20.0,15.0,9.0,4.0,6.0,3.0,19.0,28.0,0.0,0.0,1.0,2.0,4.0,7.0,83.3,85.7,0.12,0.075,0.25,0.455,-0.96,-0.82,100.0,100.0
2025-11-03,17:00,77559,LaLiga 25/26,25/26,La Liga,Matchweek 11,Mon,Away,D,0.0,0.0,Real Oviedo,47.0,,,,,,https://www.sofascore.com/real-oviedo-osasuna/vgbsbhb,Ended,Osasuna,for,0.82,0.96,0.0,2.0,0.0,0.0,0.0,2.0,2.0,4.0,17.0,17.0,364.0,408.0,312.0,340.0,18.0,22.0,17.0,17.0,0.0,3.0,1.0,3.0,0.0,0.0,2.0,5.0,1.0,2.0,5.0,4.0,8.0,6.0,3.0,2.0,0.0,2.0,17.0,23.0,21.0,32.0,8.0,5.0,44.0,56.0,8.0,10.0,37.0,45.0,15.0,20.0,4.0,9.0,3.0,6.0,28.0,19.0,0.0,0.0,2.0,1.0,7.0,4.0,85.7,83.3,0.075,0.12,0.455,0.25,-0.82,-0.96,100.0,100.0
2025-11-07,17:00,77559,LaLiga 25/26,25/26,La Liga,Matchweek 12,Fri,Home,D,1.0,1.0,Real Sociedad,63.0,,,,,,https://www.sofascore.com/elche-real-sociedad/zgbsWgb,Ended,Elche,for,0.8,1.36,1.0,2.0,1.0,1.0,0.0,1.0,1.0,3.0,14.0,15.0,579.0,335.0,506.0,254.0,16.0,18.0,15.0,13.0,1.0,2.0,1.0,3.0,0.0,0.0,4.0,2.0,1.0,4.0,8.0,4.0,6.0,9.0,6.0,4.0,0.0,0.0,22.0,25.0,33.0,24.0,6.0,3.0,53.0,47.0,8.0,9.0,41.0,36.0,18.0,16.0,10.0,6.0,5.0,6.0,29.0,24.0,1.0,0.0,1.0,1.0,8.0,12.0,87.4,75.8,0.067,0.105,0.25,0.385,0.2,-0.36,80.0,66.7
2025-11-07,17:00,77559,LaLiga 25/26,25/26,La Liga,Matchweek 12,Fri,Away,D,1.0,1.0,Elche,37.0,,,,,,https://www.sofascore.com/elche-real-sociedad/zgbsWgb,Ended,Real Sociedad,for,1.36,0.8,2.0,1.0,1.0,1.0,1.0,0.0,3.0,1.0,15.0,14.0,335.0,579.0,254.0,506.0,18.0,16.0,13.0,15.0,2.0,1.0,3.0,1.0,0.0,0.0,2.0,4.0,4.0,1.0,4.0,8.0,9.0,6.0,4.0,6.0,0.0,0.0,25.0,22.0,24.0,33.0,3.0,6.0,47.0,53.0,9.0,8.0,36.0,41.0,16.0,18.0,6.0,10.0,6.0,5.0,24.0,29.0,0.0,1.0,1.0,1.0,12.0,8.0,75.8,87.4,0.105,0.067,0.385,0.25,-0.36,0.2,66.7,80.0
2025-11-08,10:00,77559,LaLiga 25/26,25/26,La Liga,Matchweek 12,Sat,Home,W,1.0,0.0,Deportivo Alavés,52.0,,,,,,https://www.sofascore.com/girona-fc-deportivo-alaves/KhbsoKj,Ended,Girona FC,for,0.85,1.84,2.0,3.0,1.0,0.0,1.0,3.0,6.0,1.0,9.0,15.0,507.0,463.0,445.0,391.0,21.0,16.0,15.0,9.0,1.0,3.0,0.0,3.0,0.0,0.0,5.0,1.0,4.0,2.0,4.0,7.0,6.0,10.0,4.0,4.0,0.0,0.0,27.0,18.0,32.0,16.0,3.0,6.0,59.0,41.0,9.0,12.0,46.0,28.0,14.0,14.0,10.0,3.0,11.0,6.0,16.0,24.0,0.0,0.0,1.0,1.0,6.0,8.0,87.8,84.4,0.085,0.131,0.2,0.357,0.15,-1.84,100.0,50.0
2025-11-08,10:00,77559,LaLiga 25/26,25/26,La Liga,Matchweek 12,Sat,Away,L,0.0,1.0,Girona FC,48.0,,,,,,https://www.sofascore.com/girona-fc-deportivo-alaves/KhbsoKj,Ended,Deportivo Alavés,for,1.84,0.85,3.0,2.0,0.0,1.0,3.0,1.0,1.0,6.0,15.0,9.0,463.0,507.0,391.0,445.0,16.0,21.0,9.0,15.0,3.0,1.0,3.0,0.0,0.0,0.0,1.0,5.0,2.0,4.0,7.0,4.0,10.0,6.0,4.0,4.0,0.0,0.0,18.0,27.0,16.0,32.0,6.0,3.0,41.0,59.0,12.0,9.0,28.0,46.0,14.0,14.0,3.0,10.0,6.0,11.0,24.0,16.0,0.0,0.0,1.0,1.0,8.0,6.0,84.4,87.8,0.131,0.085,0.357,0.2,-1.84,0.15,50.0,100.0
2025-11-08,12:15,77559,LaLiga 25/26,25/26,La Liga,Matchweek 12,Sat,Home,W,1.0,0.0,Osasuna,47.0,,,,,,https://www.sofascore.com/sevilla-osasuna/vgbsIgb,Ended,Sevilla,for,1.7,1.29,3.0,1.0,1.0,0.0,2.0,1.0,5.0,6.0,21.0,13.0,323.0,359.0,255.0,287.0,24.0,19.0,12.0,21.0,6.0,0.0,5.0,3.0,0.0,0.0,3.0,3.0,4.0,5.0,2.0,1.0,6.0,6.0,4.0,3.0,0.0,0.0,20.0,19.0,24.0,14.0,3.0,4.0,52.0,48.0,4.0,14.0,45.0,44.0,16.0,13.0,8.0,6.0,5.0,8.0,26.0,23.0,0.0,0.0,1.0,1.0,5.0,5.0,78.9,79.9,0.17,0.143,0.4,0.333,-0.7,-1.29,100.0,75.0
2025-11-08,12:15,77559,LaLiga 25/26,25/26,La Liga,Matchweek 12,Sat,Away,L,0.0,1.0,Sevilla,53.0,,,,,,https://www.sofascore.com/sevilla-osasuna/vgbsIgb,Ended,Osasuna,for,1.29,1.7,1.0,3.0,0.0,1.0,1.0,2.0,6.0,5.0,13.0,21.0,359.0,323.0,287.0,255.0,19.0,24.0,21.0,12.0,0.0,6.0,3.0,5.0,0.0,0.0,3.0,3.0,5.0,4.0,1.0,2.0,6.0,6.0,3.0,4.0,0.0,0.0,19.0,20.0,14.0,24.0,4.0,3.0,48.0,52.0,14.0,4.0,44.0,45.0,13.0,16.0,6.0,8.0,8.0,5.0,23.0,26.0,0.0,0.0,1.0,1.0,5.0,5.0,79.9,78.9,0.143,0.17,0.333,0.4,-1.29,-0.7,75.0,100.0
2025-11-08,14:30,77559,LaLiga 25/26,25/26,La Liga,Matchweek 12,Sat,Home,W,3.0,1.0,Levante UD,74.0,,,,,,https://www.sofascore.com/levante-ud-atletico-madrid/LgbsZgb,Ended,Atlético Madrid,for,2.92,1.19,4.0,3.0,2.0,1.0,2.0,2.0,21.0,4.0,5.0,6.0,630.0,212.0,559.0,151.0,19.0,17.0,6.0,5.0,1.0,4.0,3.0,1.0,0.0,0.0,2.0,8.0,6.0,1.0,9.0,2.0,16.0,5.0,9.0,1.0,2.0,2.0,60.0,13.0,28.0,21.0,12.0,3.0,50.0,50.0,4.0,10.0,29.0,27.0,11.0,13.0,4.0,6.0,3.0,9.0,17.0,46.0,0.0,0.0,0.0,5.0,4.0,13.0,88.7,71.2,0.117,0.198,0.4,0.5,0.08,-0.19,66.7,80.0
2025-11-08,14:30,77559,LaLiga 25/26,25/26,La Liga,Matchweek 12,Sat,Away,L,1.0,3.0,Atlético Madrid,26.0,,,,,,https://www.sofascore.com/levante-ud-atletico-madrid/LgbsZgb,Ended,Levante UD,for,1.19,2.92,3.0,4.0,1.0,2.0,2.0,2.0,4.0,21.0,6.0,5.0,212.0,630.0,151.0,559.0,17.0,19.0,5.0,6.0,4.0,1.0,1.0,3.0,0.0,0.0,8.0,2.0,1.0,6.0,2.0,9.0,5.0,16.0,1.0,9.0,2.0,2.0,13.0,60.0,21.0,28.0,3.0,12.0,50.0,50.0,10.0,4.0,27.0,29.0,13.0,11.0,6.0,4.0,9.0,3.0,46.0,17.0,0.0,0.0,5.0,0.0,13.0,4.0,71.2,88.7,0.198,0.117,0.5,0.4,-0.19,0.08,80.0,66.7
2025-11-08,17:00,77559,LaLiga 25/26,25/26,La Liga,Matchweek 12,Sat,Home,L,0.0,2.0,Villarreal,55.0,,,,,,https://www.sofascore.com/villarreal-espanyol/ogbsugb,Ended,Espanyol,for,0.5,1.61,0.0,1.0,0.0,1.0,0.0,0.0,4.0,2.0,9.0,9.0,563.0,483.0,499.0,418.0,13.0,18.0,9.0,9.0,2.0,3.0,0.0,2.0,0.0,0.0,2.0,3.0,7.0,3.0,4.0,3.0,8.0,7.0,6.0,2.0,1.0,0.0,31.0,16.0,17.0,22.0,6.0,1.0,44.0,56.0,8.0,6.0,29.0,37.0,12.0,15.0,7.0,11.0,9.0,6.0,17.0,43.0,0.0,1.0,0.0,2.0,6.0,4.0,88.6,86.5,0.036,0.179,0.214,0.333,-0.5,0.39,66.7,100.0
2025-11-08,17:00,77559,LaLiga 25/26,25/26,La Liga,Matchweek 12,Sat,Away,W,2.0,0.0,Espanyol,45.0,,,,,,https://www.sofascore.com/villarreal-espanyol/ogbsugb,Ended,Villarreal,for,1.61,0.5,1.0,0.0,1.0,0.0,0.0,0.0,2.0,4.0,9.0,9.0,483.0,563.0,418.0,499.0,18.0,13.0,9.0,9.0,3.0,2.0,2.0,0.0,0.0,0.0,3.0,2.0,3.0,7.0,3.0,4.0,7.0,8.0,2.0,6.0,0.0,1.0,16.0,31.0,22.0,17.0,1.0,6.0,56.0,44.0,6.0,8.0,37.0,29.0,15.0,12.0,11.0,7.0,6.0,9.0,43.0,17.0,1.0,0.0,2.0,0.0,4.0,6.0,86.5,88.6,0.179,0.036,0.333,0.214,0.39,-0.5,100.0,66.7
2025-11-09,10:00,77559,LaLiga 25/26,25/26,La Liga,Matchweek 12,Sun,Home,W,1.0,0.0,Real Oviedo,48.0,,,,,,https://www.sofascore.com/real-oviedo-athletic-club/Agbsbhb,Ended,Athletic Club,for,1.7,0.22,5.0,1.0,1.0,0.0,4.0,1.0,7.0,4.0,12.0,8.0,417.0,472.0,352.0,386.0,15.0,15.0,8.0,12.0,0.0,4.0,1.0,1.0,0.0,0.0,2.0,7.0,2.0,0.0,12.0,2.0,14.0,3.0,7.0,1.0,1.0,0.0,38.0,8.0,18.0,29.0,8.0,1.0,51.0,49.0,8.0,10.0,34.0,37.0,19.0,13.0,12.0,10.0,8.0,11.0,25.0,31.0,0.0,3.0,1.0,0.0,6.0,17.0,84.4,81.8,0.081,0.055,0.333,0.5,-0.7,-0.22,100.0,100.0
2025-11-09,10:00,77559,LaLiga 25/26,25/26,La Liga,Matchweek 12,Sun,Away,L,0.0,1.0,Athletic Club,52.0,,,,,,https://www.sofascore.com/real-oviedo-athletic-club/Agbsbhb,Ended,Real Oviedo,for,0.22,1.7,1.0,5.0,0.0,1.0,1.0,4.0,4.0,7.0,8.0,12.0,472.0,417.0,386.0,352.0,15.0,15.0,12.0,8.0,4.0,0.0,1.0,1.0,0.0,0.0,7.0,2.0,0.0,2.0,2.0,12.0,3.0,14.0,1.0,7.0,0.0,1.0,8.0,38.0,29.0,18.0,1.0,8.0,49.0,51.0,10.0,8.0,37.0,34.0,13.0,19.0,10.0,12.0,11.0,8.0,31.0,25.0,3.0,0.0,0.0,1.0,17.0,6.0,81.8,84.4,0.055,0.081,0.5,0.333,-0.22,-0.7,100.0,100.0
2025-11-09,12:15,77559,LaLiga 25/26,25/26,La Liga,Matchweek 12,Sun,Home,D,0.0,0.0,Real Madrid,46.0,,,,,,https://www.sofascore.com/real-madrid-rayo-vallecano/tgbsEgb,Ended,Rayo Vallecano,for,1.2,0.98,2.0,1.0,0.0,0.0,2.0,1.0,5.0,8.0,17.0,7.0,368.0,445.0,311.0,376.0,20.0,10.0,7.0,17.0,1.0,1.0,3.0,2.0,0.0,0.0,5.0,2.0,3.0,6.0,8.0,10.0,7.0,10.0,6.0,11.0,0.0,0.0,22.0,42.0,19.0,23.0,3.0,6.0,43.0,57.0,6.0,9.0,36.0,45.0,7.0,13.0,9.0,18.0,3.0,10.0,31.0,23.0,0.0,0.0,1.0,1.0,9.0,17.0,84.5,84.5,0.092,0.047,0.154,0.238,-1.2,-0.98,100.0,100.0
2025-11-09,12:15,77559,LaLiga 25/26,25/26,La Liga,Matchweek 12,Sun,Away,D,0.0,0.0,Rayo Vallecano,54.0,,,,,,https://www.sofascore.com/real-madrid-rayo-vallecano/tgbsEgb,Ended,Real Madrid,for,0.98,1.2,1.0,2.0,0.0,0.0,1.0,2.0,8.0,5.0,7.0,17.0,445.0,368.0,376.0,311.0,10.0,20.0,17.0,7.0,1.0,1.0,2.0,3.0,0.0,0.0,2.0,5.0,6.0,3.0,10.0,8.0,10.0,7.0,11.0,6.0,0.0,0.0,42.0,22.0,23.0,19.0,6.0,3.0,57.0,43.0,9.0,6.0,45.0,36.0,13.0,7.0,18.0,9.0,10.0,3.0,23.0,31.0,0.0,0.0,1.0,1.0,17.0,9.0,84.5,84.5,0.047,0.092,0.238,0.154,-0.98,-1.2,100.0,100.0
2025-11-09,14:30,77559,LaLiga 25/26,25/26,La Liga,Matchweek 12,Sun,Home,D,1.0,1.0,Real Betis,43.0,,,,,,https://www.sofascore.com/valencia-real-betis/qgbsDgb,Ended,Valencia,for,1.94,1.6,3.0,3.0,0.0,1.0,3.0,2.0,7.0,2.0,13.0,10.0,420.0,566.0,354.0,491.0,10.0,11.0,10.0,13.0,4.0,1.0,4.0,4.0,0.0,0.0,1.0,3.0,7.0,2.0,6.0,5.0,12.0,7.0,5.0,2.0,1.0,0.0,25.0,25.0,27.0,16.0,4.0,1.0,46.0,54.0,7.0,3.0,32.0,28.0,6.0,16.0,13.0,4.0,10.0,12.0,27.0,22.0,0.0,0.0,1.0,0.0,6.0,6.0,84.3,86.7,0.114,0.178,0.235,0.222,-0.94,-0.6,50.0,75.0
2025-11-09,14:30,77559,LaLiga 25/26,25/26,La Liga,Matchweek 12,Sun,Away,D,1.0,1.0,Valencia,57.0,,,,,,https://www.sofascore.com/valencia-real-betis/qgbsDgb,Ended,Real Betis,for,1.6,1.94,3.0,3.0,1.0,0.0,2.0,3.0,2.0,7.0,10.0,13.0,566.0,420.0,491.0,354.0,11.0,10.0,13.0,10.0,1.0,4.0,4.0,4.0,0.0,0.0,3.0,1.0,2.0,7.0,5.0,6.0,7.0,12.0,2.0,5.0,0.0,1.0,25.0,25.0,16.0,27.0,1.0,4.0,54.0,46.0,3.0,7.0,28.0,32.0,16.0,6.0,4.0,13.0,12.0,10.0,22.0,27.0,0.0,0.0,0.0,1.0,6.0,6.0,86.7,84.3,0.178,0.114,0.222,0.235,-0.6,-0.94,75.0,50.0
2025-11-09,14:30,77559,LaLiga 25/26,25/26,La Liga,Matchweek 12,Sun,Home,W,1.0,0.0,Getafe,39.0,,,,,,https://www.sofascore.com/getafe-mallorca/Bgbsjhb,Ended,Mallorca,for,1.11,0.75,3.0,2.0,1.0,0.0,2.0,2.0,1.0,14.0,15.0,8.0,263.0,390.0,161.0,298.0,14.0,24.0,8.0,15.0,0.0,1.0,0.0,2.0,0.0,0.0,2.0,2.0,1.0,6.0,1.0,5.0,5.0,6.0,1.0,8.0,0.0,0.0,15.0,28.0,26.0,31.0,4.0,6.0,48.0,52.0,9.0,8.0,31.0,45.0,30.0,20.0,9.0,6.0,11.0,3.0,51.0,27.0,0.0,1.0,2.0,0.0,6.0,2.0,61.2,76.4,0.185,0.054,0.667,0.214,-0.11,-0.75,66.7,50.0
2025-11-09,14:30,77559,LaLiga 25/26,25/26,La Liga,Matchweek 12,Sun,Away,L,0.0,1.0,Mallorca,61.0,,,,,,https://www.sofascore.com/getafe-mallorca/Bgbsjhb,Ended,Getafe,for,0.75,1.11,2.0,3.0,0.0,1.0,2.0,2.0,14.0,1.0,8.0,15.0,390.0,263.0,298.0,161.0,24.0,14.0,15.0,8.0,1.0,0.0,2.0,0.0,0.0,0.0,2.0,2.0,6.0,1.0,5.0,1.0,6.0,5.0,8.0,1.0,0.0,0.0,28.0,15.0,31.0,26.0,6.0,4.0,52.0,48.0,8.0,9.0,45.0,31.0,20.0,30.0,6.0,9.0,3.0,11.0,27.0,51.0,1.0,0.0,0.0,2.0,2.0,6.0,76.4,61.2,0.054,0.185,0.214,0.667,-0.75,-0.11,50.0,66.7
2025-11-09,17:00,77559,LaLiga 25/26,25/26,La Liga,Matchweek 12,Sun,Home,L,2.0,4.0,FC Barcelona,39.0,,,,,,https://www.sofascore.com/celta-vigo-barcelona/rgbswgb,Ended,Celta Vigo,for,0.58,3.31,1.0,6.0,1.0,2.0,0.0,4.0,2.0,5.0,13.0,10.0,450.0,720.0,377.0,652.0,21.0,15.0,10.0,12.0,5.0,2.0,1.0,5.0,0.0,1.0,5.0,1.0,1.0,8.0,1.0,4.0,1.0,14.0,4.0,7.0,1.0,1.0,6.0,37.0,30.0,15.0,1.0,4.0,48.0,52.0,8.0,6.0,38.0,34.0,2.0,9.0,7.0,7.0,11.0,12.0,16.0,15.0,3.0,1.0,0.0,0.0,3.0,2.0,83.8,90.6,0.116,0.158,0.6,0.429,1.42,0.69,55.6,33.3
2025-11-09,17:00,77559,LaLiga 25/26,25/26,La Liga,Matchweek 12,Sun,Away,W,4.0,2.0,Celta Vigo,61.0,,,,,,https://www.sofascore.com/celta-vigo-barcelona/rgbswgb,Ended,FC Barcelona,for,3.31,0.58,6.0,1.0,2.0,1.0,4.0,0.0,5.0,2.0,10.0,13.0,720.0,450.0,652.0,377.0,15.0,21.0,12.0,10.0,2.0,5.0,5.0,1.0,1.0,0.0,1.0,5.0,8.0,1.0,4.0,1.0,14.0,1.0,7.0,4.0,1.0,1.0,37.0,6.0,15.0,30.0,4.0,1.0,52.0,48.0,6.0,8.0,34.0,38.0,9.0,2.0,7.0,7.0,12.0,11.0,15.0,16.0,1.0,3.0,0.0,0.0,2.0,3.0,90.6,83.8,0.158,0.116,0.429,0.6,0.69,1.42,33.3,55.6
2025-11-21,17:00,77559,LaLiga 25/26,25/26,La Liga,Matchweek 13,Fri,Home,W,1.0,0.0,Levante UD,59.0,,,,,,https://www.sofascore.com/levante-ud-valencia/DgbsZgb,Ended,Valencia,for,1.49,0.72,3.0,2.0,1.0,0.0,2.0,2.0,7.0,0.0,16.0,15.0,525.0,372.0,456.0,294.0,17.0,14.0,15.0,16.0,2.0,0.0,4.0,4.0,0.0,0.0,0.0,2.0,6.0,1.0,5.0,6.0,10.0,4.0,4.0,3.0,0.0,0.0,31.0,16.0,30.0,19.0,6.0,2.0,50.0,50.0,9.0,9.0,39.0,35.0,12.0,17.0,7.0,5.0,12.0,8.0,18.0,36.0,1.0,1.0,3.0,1.0,6.0,7.0,86.9,79.0,0.106,0.103,0.214,0.0,-0.49,-0.72,,66.7
2025-11-21,17:00,77559,LaLiga 25/26,25/26,La Liga,Matchweek 13,Fri,Away,L,0.0,1.0,Valencia,41.0,,,,,,https://www.sofascore.com/levante-ud-valencia/DgbsZgb,Ended,Levante UD,for,0.72,1.49,2.0,3.0,0.0,1.0,2.0,2.0,0.0,7.0,15.0,16.0,372.0,525.0,294.0,456.0,14.0,17.0,16.0,15.0,0.0,2.0,4.0,4.0,0.0,0.0,2.0,0.0,1.0,6.0,6.0,5.0,4.0,10.0,3.0,4.0,0.0,0.0,16.0,31.0,19.0,30.0,2.0,6.0,50.0,50.0,9.0,9.0,35.0,39.0,17.0,12.0,5.0,7.0,8.0,12.0,36.0,18.0,1.0,1.0,1.0,3.0,7.0,6.0,79.0,86.9,0.103,0.106,0.0,0.214,-0.72,-0.49,66.7,
2025-11-22,10:00,77559,LaLiga 25/26,25/26,La Liga,Matchweek 13,Sat,Home,L,0.0,1.0,Celta Vigo,52.0,,,,,,https://www.sofascore.com/deportivo-alaves-celta-vigo/wgbsKhb,Ended,Deportivo Alavés,for,0.67,1.37,0.0,2.0,0.0,1.0,0.0,1.0,4.0,2.0,21.0,15.0,510.0,499.0,432.0,413.0,12.0,24.0,15.0,20.0,4.0,2.0,2.0,2.0,0.0,0.0,3.0,2.0,0.0,1.0,3.0,2.0,4.0,4.0,1.0,3.0,0.0,1.0,13.0,10.0,23.0,36.0,4.0,0.0,48.0,52.0,14.0,5.0,37.0,49.0,16.0,8.0,11.0,6.0,12.0,9.0,12.0,22.0,2.0,0.0,0.0,0.0,4.0,11.0,84.7,82.8,0.134,0.196,0.4,0.571,-0.67,-0.37,75.0,100.0
2025-11-22,10:00,77559,LaLiga 25/26,25/26,La Liga,Matchweek 13,Sat,Away,W,1.0,0.0,Deportivo Alavés,48.0,,,,,,https://www.sofascore.com/deportivo-alaves-celta-vigo/wgbsKhb,Ended,Celta Vigo,for,1.37,0.67,2.0,0.0,1.0,0.0,1.0,0.0,2.0,4.0,15.0,21.0,499.0,510.0,413.0,432.0,24.0,12.0,20.0,15.0,2.0,4.0,2.0,2.0,0.0,0.0,2.0,3.0,1.0,0.0,2.0,3.0,4.0,4.0,3.0,1.0,1.0,0.0,10.0,13.0,36.0,23.0,0.0,4.0,52.0,48.0,5.0,14.0,49.0,37.0,8.0,16.0,6.0,11.0,9.0,12.0,22.0,12.0,0.0,2.0,0.0,0.0,11.0,4.0,82.8,84.7,0.196,0.134,0.571,0.4,-0.37,-0.67,100.0,75.0
2025-11-22,12:15,77559,LaLiga 25/26,25/26,La Liga,Matchweek 13,Sat,Home,W,4.0,0.0,Athletic Club,68.0,,,,,,https://www.sofascore.com/athletic-club-barcelona/rgbsAgb,Ended,FC Barcelona,for,2.0,0.8,4.0,2.0,3.0,0.0,1.0,2.0,5.0,7.0,9.0,9.0,698.0,317.0,619.0,256.0,15.0,18.0,9.0,9.0,7.0,3.0,0.0,2.0,0.0,1.0,2.0,3.0,7.0,3.0,5.0,8.0,14.0,13.0,5.0,0.0,1.0,0.0,39.0,23.0,17.0,15.0,1.0,6.0,55.0,45.0,8.0,8.0,35.0,32.0,12.0,6.0,12.0,5.0,5.0,9.0,17.0,18.0,1.0,0.0,1.0,0.0,8.0,7.0,88.7,80.8,0.105,0.062,0.368,0.154,2.0,-0.8,100.0,42.9
2025-11-22,12:15,77559,LaLiga 25/26,25/26,La Liga,Matchweek 13,Sat,Away,L,0.0,4.0,FC Barcelona,32.0,,,,,,https://www.sofascore.com/athletic-club-barcelona/rgbsAgb,Ended,Athletic Club,for,0.8,2.0,2.0,4.0,0.0,3.0,2.0,1.0,7.0,5.0,9.0,9.0,317.0,698.0,256.0,619.0,18.0,15.0,9.0,9.0,3.0,7.0,2.0,0.0,1.0,0.0,3.0,2.0,3.0,7.0,8.0,5.0,13.0,14.0,0.0,5.0,0.0,1.0,23.0,39.0,15.0,17.0,6.0,1.0,45.0,55.0,8.0,8.0,32.0,35.0,6.0,12.0,5.0,12.0,9.0,5.0,18.0,17.0,0.0,1.0,0.0,1.0,7.0,8.0,80.8,88.7,0.062,0.105,0.154,0.368,-0.8,2.0,42.9,100.0
2025-11-22,14:30,77559,LaLiga 25/26,25/26,La Liga,Matchweek 13,Sat,Home,L,1.0,3.0,Real Sociedad,46.0,,,,,,https://www.sofascore.com/real-sociedad-osasuna/vgbszgb,Ended,Osasuna,for,1.34,1.63,1.0,3.0,1.0,1.0,0.0,2.0,3.0,3.0,13.0,7.0,387.0,466.0,304.0,390.0,12.0,21.0,7.0,13.0,1.0,3.0,3.0,2.0,1.0,0.0,6.0,4.0,2.0,5.0,8.0,5.0,10.0,8.0,4.0,11.0,1.0,0.0,25.0,25.0,26.0,26.0,3.0,6.0,41.0,59.0,8.0,5.0,23.0,38.0,18.0,21.0,6.0,6.0,4.0,10.0,24.0,34.0,0.0,0.0,1.0,0.0,8.0,12.0,78.6,83.7,0.096,0.086,0.286,0.474,-0.34,1.37,66.7,100.0
2025-11-22,14:30,77559,LaLiga 25/26,25/26,La Liga,Matchweek 13,Sat,Away,W,3.0,1.0,Osasuna,54.0,,,,,,https://www.sofascore.com/real-sociedad-osasuna/vgbszgb,Ended,Real Sociedad,for,1.63,1.34,3.0,1.0,1.0,1.0,2.0,0.0,3.0,3.0,7.0,13.0,466.0,387.0,390.0,304.0,21.0,12.0,13.0,7.0,3.0,1.0,2.0,3.0,0.0,1.0,4.0,6.0,5.0,2.0,5.0,8.0,8.0,10.0,11.0,4.0,0.0,1.0,25.0,25.0,26.0,26.0,6.0,3.0,59.0,41.0,5.0,8.0,38.0,23.0,21.0,18.0,6.0,6.0,10.0,4.0,34.0,24.0,0.0,0.0,0.0,1.0,12.0,8.0,83.7,78.6,0.086,0.096,0.474,0.286,1.37,-0.34,100.0,66.7
2025-11-22,17:00,77559,LaLiga 25/26,25/26,La Liga,Matchweek 13,Sat,Home,W,2.0,1.0,Mallorca,58.0,,,,,,https://www.sofascore.com/mallorca-villarreal/ugbsBgb,Ended,Villarreal,for,2.23,1.02,4.0,3.0,2.0,0.0,2.0,3.0,3.0,1.0,17.0,8.0,516.0,372.0,430.0,281.0,17.0,11.0,8.0,17.0,3.0,1.0,2.0,2.0,0.0,0.0,2.0,5.0,3.0,2.0,4.0,4.0,10.0,4.0,4.0,5.0,0.0,0.0,33.0,11.0,23.0,29.0,4.0,2.0,45.0,55.0,5.0,10.0,31.0,33.0,11.0,18.0,6.0,7.0,10.0,4.0,18.0,26.0,1.0,0.0,0.0,1.0,5.0,12.0,83.3,75.5,0.159,0.113,0.5,0.333,-0.23,-0.02,66.7,71.4
2025-11-22,17:00,77559,LaLiga 25/26,25/26,La Liga,Matchweek 13,Sat,Away,L,1.0,2.0,Villarreal,42.0,,,,,,https://www.sofascore.com/mallorca-villarreal/ugbsBgb,Ended,Mallorca,for,1.02,2.23,3.0,4.0,0.0,2.0,3.0,2.0,1.0,3.0,8.0,17.0,372.0,516.0,281.0,430.0,11.0,17.0,17.0,8.0,1.0,3.0,2.0,2.0,0.0,0.0,5.0,2.0,2.0,3.0,4.0,4.0,4.0,10.0,5.0,4.0,0.0,0.0,11.0,33.0,29.0,23.0,2.0,4.0,55.0,45.0,10.0,5.0,33.0,31.0,18.0,11.0,7.0,6.0,4.0,10.0,26.0,18.0,0.0,1.0,1.0,0.0,12.0,5.0,75.5,83.3,0.113,0.159,0.333,0.5,-0.02,-0.23,71.4,66.7
2025-11-23,10:00,77559,LaLiga 25/26,25/26,La Liga,Matchweek 13,Sun,Home,D,0.0,0.0,Rayo Vallecano,39.0,,,,,,https://www.sofascore.com/real-oviedo-rayo-vallecano/tgbsbhb,Ended,Real Oviedo,for,0.43,1.74,1.0,2.0,0.0,0.0,1.0,2.0,5.0,6.0,11.0,13.0,326.0,515.0,262.0,457.0,19.0,10.0,13.0,10.0,2.0,1.0,1.0,2.0,1.0,1.0,4.0,2.0,1.0,2.0,4.0,6.0,5.0,6.0,3.0,6.0,0.0,0.0,19.0,17.0,22.0,14.0,4.0,4.0,56.0,44.0,4.0,10.0,38.0,31.0,8.0,5.0,7.0,10.0,7.0,9.0,22.0,25.0,1.0,1.0,2.0,0.0,7.0,5.0,80.4,88.7,0.054,0.145,0.375,0.333,-0.43,-1.74,100.0,66.7
2025-11-23,10:00,77559,LaLiga 25/26,25/26,La Liga,Matchweek 13,Sun,Away,D,0.0,0.0,Real Oviedo,61.0,,,,,,https://www.sofascore.com/real-oviedo-rayo-vallecano/tgbsbhb,Ended,Rayo Vallecano,for,1.74,0.43,2.0,1.0,0.0,0.0,2.0,1.0,6.0,5.0,13.0,11.0,515.0,326.0,457.0,262.0,10.0,19.0,10.0,13.0,1.0,2.0,2.0,1.0,1.0,1.0,2.0,4.0,2.0,1.0,6.0,4.0,6.0,5.0,6.0,3.0,0.0,0.0,17.0,19.0,14.0,22.0,4.0,4.0,44.0,56.0,10.0,4.0,31.0,38.0,5.0,8.0,10.0,7.0,9.0,7.0,25.0,22.0,1.0,1.0,0.0,2.0,5.0,7.0,88.7,80.4,0.145,0.054,0.333,0.375,-1.74,-0.43,66.7,100.0
2025-11-23,12:15,77559,LaLiga 25/26,25/26,La Liga,Matchweek 13,Sun,Home,D,1.0,1.0,Girona FC,54.0,,,,,,https://www.sofascore.com/girona-fc-real-betis/qgbsoKj,Ended,Real Betis,for,1.42,1.46,2.0,2.0,1.0,1.0,1.0,1.0,8.0,0.0,10.0,16.0,541.0,464.0,454.0,399.0,17.0,11.0,16.0,10.0,1.0,4.0,3.0,4.0,1.0,0.0,3.0,6.0,4.0,5.0,12.0,2.0,13.0,6.0,10.0,5.0,2.0,2.0,32.0,17.0,18.0,21.0,8.0,1.0,51.0,49.0,6.0,7.0,43.0,29.0,6.0,18.0,10.0,8.0,11.0,14.0,14.0,32.0,0.0,1.0,1.0,0.0,3.0,14.0,83.9,86.0,0.062,0.133,0.304,0.364,-0.42,-0.46,75.0,85.7
2025-11-23,12:15,77559,LaLiga 25/26,25/26,La Liga,Matchweek 13,Sun,Away,D,1.0,1.0,Real Betis,46.0,,,,,,https://www.sofascore.com/girona-fc-real-betis/qgbsoKj,Ended,Girona FC,for,1.46,1.42,2.0,2.0,1.0,1.0,1.0,1.0,0.0,8.0,16.0,10.0,464.0,541.0,399.0,454.0,11.0,17.0,10.0,16.0,4.0,1.0,4.0,3.0,0.0,1.0,6.0,3.0,5.0,4.0,2.0,12.0,6.0,13.0,5.0,10.0,2.0,2.0,17.0,32.0,21.0,18.0,1.0,8.0,49.0,51.0,7.0,6.0,29.0,43.0,18.0,6.0,8.0,10.0,14.0,11.0,32.0,14.0,1.0,0.0,0.0,1.0,14.0,3.0,86.0,83.9,0.133,0.062,0.364,0.304,-0.46,-0.42,85.7,75.0
2025-11-23,14:30,77559,LaLiga 25/26,25/26,La Liga,Matchweek 13,Sun,Home,L,0.0,1.0,Atlético Madrid,41.0,,,,,,https://www.sofascore.com/getafe-atletico-madrid/Lgbsjhb,Ended,Getafe,for,0.7,0.99,1.0,2.0,0.0,0.0,1.0,2.0,6.0,7.0,9.0,17.0,300.0,445.0,208.0,360.0,10.0,17.0,17.0,9.0,2.0,5.0,2.0,3.0,0.0,0.0,6.0,1.0,4.0,5.0,4.0,2.0,5.0,10.0,4.0,3.0,0.0,0.0,19.0,23.0,28.0,30.0,6.0,8.0,48.0,52.0,10.0,4.0,31.0,38.0,23.0,21.0,4.0,13.0,7.0,6.0,26.0,29.0,0.0,1.0,0.0,2.0,5.0,8.0,69.3,80.9,0.078,0.076,0.111,0.462,-0.7,0.01,100.0,100.0
2025-11-23,14:30,77559,LaLiga 25/26,25/26,La Liga,Matchweek 13,Sun,Away,W,1.0,0.0,Getafe,59.0,,,,,,https://www.sofascore.com/getafe-atletico-madrid/Lgbsjhb,Ended,Atlético Madrid,for,0.99,0.7,2.0,1.0,0.0,0.0,2.0,1.0,7.0,6.0,17.0,9.0,445.0,300.0,360.0,208.0,17.0,10.0,9.0,17.0,5.0,2.0,3.0,2.0,0.0,0.0,1.0,6.0,5.0,4.0,2.0,4.0,10.0,5.0,3.0,4.0,0.0,0.0,23.0,19.0,30.0,28.0,8.0,6.0,52.0,48.0,4.0,10.0,38.0,31.0,21.0,23.0,13.0,4.0,6.0,7.0,29.0,26.0,1.0,0.0,2.0,0.0,8.0,5.0,80.9,69.3,0.076,0.078,0.462,0.111,0.01,-0.7,100.0,100.0
2025-11-23,17:00,77559,LaLiga 25/26,25/26,La Liga,Matchweek 13,Sun,Home,D,2.0,2.0,Real Madrid,49.0,,,,,,https://www.sofascore.com/elche-real-madrid/EgbsWgb,Ended,Elche,for,1.44,3.49,2.0,6.0,1.0,2.0,1.0,4.0,2.0,8.0,10.0,8.0,474.0,489.0,406.0,440.0,19.0,17.0,8.0,10.0,1.0,2.0,4.0,1.0,1.0,0.0,5.0,4.0,5.0,3.0,4.0,10.0,8.0,17.0,7.0,3.0,2.0,1.0,27.0,35.0,12.0,17.0,4.0,8.0,49.0,51.0,8.0,4.0,35.0,37.0,9.0,8.0,8.0,10.0,5.0,12.0,26.0,23.0,1.0,1.0,1.0,0.0,12.0,8.0,85.7,90.0,0.096,0.175,0.4,0.35,0.56,-1.49,71.4,66.7
2025-11-23,17:00,77559,LaLiga 25/26,25/26,La Liga,Matchweek 13,Sun,Away,D,2.0,2.0,Elche,51.0,,,,,,https://www.sofascore.com/elche-real-madrid/EgbsWgb,Ended,Real Madrid,for,3.49,1.44,6.0,2.0,2.0,1.0,4.0,1.0,8.0,2.0,8.0,10.0,489.0,474.0,440.0,406.0,17.0,19.0,10.0,8.0,2.0,1.0,1.0,4.0,0.0,1.0,4.0,5.0,3.0,5.0,10.0,4.0,17.0,8.0,3.0,7.0,1.0,2.0,35.0,27.0,17.0,12.0,8.0,4.0,51.0,49.0,4.0,8.0,37.0,35.0,8.0,9.0,10.0,8.0,12.0,5.0,23.0,26.0,1.0,1.0,0.0,1.0,8.0,12.0,90.0,85.7,0.175,0.096,0.35,0.4,-1.49,0.56,66.7,71.4
2025-11-24,17:00,77559,LaLiga 25/26,25/26,La Liga,Matchweek 13,Mon,Home,W,2.0,1.0,Sevilla,33.0,,,,,,https://www.sofascore.com/sevilla-espanyol/ogbsIgb,Ended,Espanyol,for,1.09,1.82,2.0,1.0,1.0,0.0,1.0,1.0,4.0,13.0,18.0,7.0,242.0,493.0,169.0,415.0,20.0,18.0,7.0,18.0,0.0,1.0,4.0,1.0,0.0,0.0,5.0,3.0,1.0,8.0,2.0,8.0,7.0,16.0,1.0,6.0,0.0,0.0,19.0,41.0,18.0,35.0,3.0,6.0,42.0,58.0,11.0,13.0,33.0,42.0,9.0,16.0,6.0,8.0,7.0,2.0,27.0,17.0,0.0,1.0,2.0,0.0,10.0,3.0,69.8,84.2,0.136,0.083,0.625,0.273,0.91,-0.82,83.3,60.0
2025-11-24,17:00,77559,LaLiga 25/26,25/26,La Liga,Matchweek 13,Mon,Away,L,1.0,2.0,Espanyol,67.0,,,,,,https://www.sofascore.com/sevilla-espanyol/ogbsIgb,Ended,Sevilla,for,1.82,1.09,1.0,2.0,0.0,1.0,1.0,1.0,13.0,4.0,7.0,18.0,493.0,242.0,415.0,169.0,18.0,20.0,18.0,7.0,1.0,0.0,1.0,4.0,0.0,0.0,3.0,5.0,8.0,1.0,8.0,2.0,16.0,7.0,6.0,1.0,0.0,0.0,41.0,19.0,35.0,18.0,6.0,3.0,58.0,42.0,13.0,11.0,42.0,33.0,16.0,9.0,8.0,6.0,2.0,7.0,17.0,27.0,1.0,0.0,0.0,2.0,3.0,10.0,84.2,69.8,0.083,0.136,0.273,0.625,-0.82,0.91,60.0,83.3
2025-11-28,17:00,77559,LaLiga 25/26,25/26,La Liga,Matchweek 14,Fri,Home,W,1.0,0.0,Elche,34.0,,,,,,https://www.sofascore.com/getafe-elche/Wgbsjhb,Ended,Getafe,for,1.06,0.51,1.0,0.0,1.0,0.0,0.0,0.0,3.0,5.0,18.0,11.0,258.0,530.0,179.0,451.0,13.0,10.0,11.0,18.0,2.0,3.0,2.0,2.0,0.0,0.0,4.0,4.0,4.0,2.0,5.0,3.0,8.0,6.0,7.0,3.0,2.0,1.0,19.0,15.0,21.0,31.0,7.0,6.0,47.0,53.0,6.0,10.0,28.0,33.0,14.0,14.0,4.0,6.0,4.0,9.0,20.0,18.0,0.0,0.0,0.0,0.0,6.0,8.0,69.4,85.1,0.071,0.057,0.4,0.444,-0.06,-0.51,100.0,66.7
2025-11-28,17:00,77559,LaLiga 25/26,25/26,La Liga,Matchweek 14,Fri,Away,L,0.0,1.0,Getafe,66.0,,,,,,https://www.sofascore.com/getafe-elche/Wgbsjhb,Ended,Elche,for,0.51,1.06,0.0,1.0,0.0,1.0,0.0,0.0,5.0,3.0,11.0,18.0,530.0,258.0,451.0,179.0,10.0,13.0,18.0,11.0,3.0,2.0,2.0,2.0,0.0,0.0,4.0,4.0,2.0,4.0,3.0,5.0,6.0,8.0,3.0,7.0,1.0,2.0,15.0,19.0,31.0,21.0,6.0,7.0,53.0,47.0,10.0,6.0,33.0,28.0,14.0,14.0,6.0,4.0,9.0,4.0,18.0,20.0,0.0,0.0,0.0,0.0,8.0,6.0,85.1,69.4,0.057,0.071,0.444,0.4,-0.51,-0.06,66.7,100.0
2025-11-29,10:00,77559,LaLiga 25/26,25/26,La Liga,Matchweek 14,Sat,Home,D,2.0,2.0,Osasuna,52.0,,,,,,https://www.sofascore.com/mallorca-osasuna/vgbsBgb,Ended,Mallorca,for,1.49,1.09,2.0,2.0,1.0,1.0,1.0,1.0,2.0,8.0,10.0,15.0,419.0,350.0,321.0,273.0,18.0,15.0,14.0,10.0,0.0,0.0,3.0,4.0,0.0,0.0,0.0,2.0,0.0,6.0,3.0,6.0,5.0,5.0,2.0,9.0,0.0,0.0,20.0,21.0,29.0,25.0,2.0,5.0,56.0,44.0,7.0,10.0,35.0,30.0,22.0,15.0,3.0,5.0,6.0,4.0,41.0,37.0,0.0,0.0,0.0,1.0,10.0,6.0,76.6,78.0,0.213,0.078,0.571,0.143,0.51,0.91,0.0,50.0
2025-11-29,10:00,77559,LaLiga 25/26,25/26,La Liga,Matchweek 14,Sat,Away,D,2.0,2.0,Mallorca,48.0,,,,,,https://www.sofascore.com/mallorca-osasuna/vgbsBgb,Ended,Osasuna,for,1.09,1.49,2.0,2.0,1.0,1.0,1.0,1.0,8.0,2.0,15.0,10.0,350.0,419.0,273.0,321.0,15.0,18.0,10.0,14.0,0.0,0.0,4.0,3.0,0.0,0.0,2.0,0.0,6.0,0.0,6.0,3.0,5.0,5.0,9.0,2.0,0.0,0.0,21.0,20.0,25.0,29.0,5.0,2.0,44.0,56.0,10.0,7.0,30.0,35.0,15.0,22.0,5.0,3.0,4.0,6.0,37.0,41.0,0.0,0.0,1.0,0.0,6.0,10.0,78.0,76.6,0.078,0.213,0.143,0.571,0.91,0.51,50.0,0.0
2025-11-29,12:15,77559,LaLiga 25/26,25/26,La Liga,Matchweek 14,Sat,Home,W,3.0,1.0,Deportivo Alavés,69.0,,,,,,https://www.sofascore.com/deportivo-alaves-barcelona/rgbsKhb,Ended,FC Barcelona,for,2.24,1.59,4.0,2.0,3.0,1.0,1.0,1.0,5.0,4.0,10.0,17.0,697.0,307.0,622.0,231.0,25.0,20.0,17.0,10.0,0.0,8.0,2.0,3.0,0.0,0.0,1.0,3.0,6.0,2.0,6.0,5.0,11.0,8.0,7.0,1.0,0.0,0.0,34.0,20.0,17.0,19.0,3.0,4.0,60.0,40.0,10.0,15.0,61.0,40.0,9.0,7.0,20.0,10.0,5.0,9.0,15.0,20.0,0.0,0.0,1.0,0.0,3.0,9.0,89.2,75.2,0.124,0.177,0.333,0.222,0.76,-0.59,50.0,50.0
2025-11-29,12:15,77559,LaLiga 25/26,25/26,La Liga,Matchweek 14,Sat,Away,L,1.0,3.0,FC Barcelona,31.0,,,,,,https://www.sofascore.com/deportivo-alaves-barcelona/rgbsKhb,Ended,Deportivo Alavés,for,1.59,2.24,2.0,4.0,1.0,3.0,1.0,1.0,4.0,5.0,17.0,10.0,307.0,697.0,231.0,622.0,20.0,25.0,10.0,17.0,8.0,0.0,3.0,2.0,0.0,0.0,3.0,1.0,2.0,6.0,5.0,6.0,8.0,11.0,1.0,7.0,0.0,0.0,20.0,34.0,19.0,17.0,4.0,3.0,40.0,60.0,15.0,10.0,40.0,61.0,7.0,9.0,10.0,20.0,9.0,5.0,20.0,15.0,0.0,0.0,0.0,1.0,9.0,3.0,75.2,89.2,0.177,0.124,0.222,0.333,-0.59,0.76,50.0,50.0
2025-11-29,14:30,77559,LaLiga 25/26,25/26,La Liga,Matchweek 14,Sat,Home,L,0.0,2.0,Athletic Club,56.0,,,,,,https://www.sofascore.com/levante-ud-athletic-club/AgbsZgb,Ended,Levante UD,for,1.3,2.9,1.0,4.0,0.0,2.0,1.0,2.0,4.0,2.0,11.0,19.0,413.0,319.0,311.0,227.0,17.0,24.0,19.0,11.0,4.0,2.0,3.0,2.0,0.0,0.0,1.0,4.0,2.0,2.0,5.0,8.0,8.0,10.0,3.0,4.0,2.0,0.0,13.0,29.0,26.0,24.0,8.0,4.0,54.0,46.0,13.0,2.0,39.0,41.0,19.0,9.0,5.0,6.0,14.0,11.0,24.0,34.0,0.0,0.0,3.0,0.0,9.0,9.0,75.3,71.2,0.118,0.207,0.364,0.286,-1.3,-0.9,25.0,100.0
2025-11-29,14:30,77559,LaLiga 25/26,25/26,La Liga,Matchweek 14,Sat,Away,W,2.0,0.0,Levante UD,44.0,,,,,,https://www.sofascore.com/levante-ud-athletic-club/AgbsZgb,Ended,Athletic Club,for,2.9,1.3,4.0,1.0,2.0,0.0,2.0,1.0,2.0,4.0,19.0,11.0,319.0,413.0,227.0,311.0,24.0,17.0,11.0,19.0,2.0,4.0,2.0,3.0,0.0,0.0,4.0,1.0,2.0,2.0,8.0,5.0,10.0,8.0,4.0,3.0,0.0,2.0,29.0,13.0,24.0,26.0,4.0,8.0,46.0,54.0,2.0,13.0,41.0,39.0,9.0,19.0,6.0,5.0,11.0,14.0,34.0,24.0,0.0,0.0,0.0,3.0,9.0,9.0,71.2,75.3,0.207,0.118,0.286,0.364,-0.9,-1.3,100.0,25.0
2025-11-29,17:00,77559,LaLiga 25/26,25/26,La Liga,Matchweek 14,Sat,Home,W,2.0,0.0,Real Oviedo,52.0,,,,,,https://www.sofascore.com/real-oviedo-atletico-madrid/Lgbsbhb,Ended,Atlético Madrid,for,1.93,0.93,4.0,1.0,2.0,0.0,2.0,1.0,7.0,2.0,5.0,8.0,533.0,496.0,476.0,439.0,13.0,21.0,8.0,5.0,2.0,1.0,0.0,1.0,0.0,0.0,1.0,6.0,1.0,3.0,5.0,8.0,10.0,8.0,4.0,4.0,0.0,2.0,30.0,16.0,19.0,30.0,3.0,4.0,43.0,57.0,16.0,6.0,32.0,46.0,9.0,9.0,11.0,20.0,6.0,8.0,17.0,24.0,1.0,0.0,2.0,0.0,10.0,6.0,89.3,88.5,0.138,0.077,0.571,0.083,0.07,-0.93,100.0,75.0
2025-11-29,17:00,77559,LaLiga 25/26,25/26,La Liga,Matchweek 14,Sat,Away,L,0.0,2.0,Atlético Madrid,48.0,,,,,,https://www.sofascore.com/real-oviedo-atletico-madrid/Lgbsbhb,Ended,Real Oviedo,for,0.93,1.93,1.0,4.0,0.0,2.0,1.0,2.0,2.0,7.0,8.0,5.0,496.0,533.0,439.0,476.0,21.0,13.0,5.0,8.0,1.0,2.0,1.0,0.0,0.0,0.0,6.0,1.0,3.0,1.0,8.0,5.0,8.0,10.0,4.0,4.0,2.0,0.0,16.0,30.0,30.0,19.0,4.0,3.0,57.0,43.0,6.0,16.0,46.0,32.0,9.0,9.0,20.0,11.0,8.0,6.0,24.0,17.0,0.0,1.0,0.0,2.0,6.0,10.0,88.5,89.3,0.077,0.138,0.083,0.571,-0.93,0.07,75.0,100.0
2025-11-30,10:00,77559,LaLiga 25/26,25/26,La Liga,Matchweek 14,Sun,Home,L,2.0,3.0,Villarreal,60.0,,,,,,https://www.sofascore.com/real-sociedad-villarreal/ugbszgb,Ended,Real Sociedad,for,1.02,1.51,1.0,2.0,0.0,1.0,1.0,1.0,8.0,2.0,15.0,18.0,530.0,358.0,456.0,277.0,16.0,23.0,18.0,15.0,1.0,0.0,4.0,8.0,0.0,0.0,1.0,5.0,5.0,1.0,6.0,4.0,9.0,6.0,9.0,4.0,1.0,0.0,23.0,23.0,24.0,30.0,3.0,2.0,46.0,54.0,12.0,10.0,37.0,45.0,12.0,12.0,6.0,8.0,12.0,14.0,20.0,35.0,0.0,3.0,1.0,1.0,6.0,7.0,86.0,77.4,0.057,0.151,0.389,0.5,0.98,1.49,20.0,71.4
2025-11-30,10:00,77559,LaLiga 25/26,25/26,La Liga,Matchweek 14,Sun,Away,W,3.0,2.0,Real Sociedad,40.0,,,,,,https://www.sofascore.com/real-sociedad-villarreal/ugbszgb,Ended,Villarreal,for,1.51,1.02,2.0,1.0,1.0,0.0,1.0,1.0,2.0,8.0,18.0,15.0,358.0,530.0,277.0,456.0,23.0,16.0,15.0,18.0,0.0,1.0,8.0,4.0,0.0,0.0,5.0,1.0,1.0,5.0,4.0,6.0,6.0,9.0,4.0,9.0,0.0,1.0,23.0,23.0,30.0,24.0,2.0,3.0,54.0,46.0,10.0,12.0,45.0,37.0,12.0,12.0,8.0,6.0,14.0,12.0,35.0,20.0,3.0,0.0,1.0,1.0,7.0,6.0,77.4,86.0,0.151,0.057,0.5,0.389,1.49,0.98,71.4,20.0
2025-11-30,12:15,77559,LaLiga 25/26,25/26,La Liga,Matchweek 14,Sun,Home,L,0.0,2.0,Real Betis,65.0,,,,,,https://www.sofascore.com/sevilla-real-betis/qgbsIgb,Ended,Sevilla,for,0.35,1.1,1.0,2.0,0.0,2.0,1.0,0.0,6.0,4.0,14.0,22.0,419.0,217.0,326.0,143.0,15.0,18.0,22.0,14.0,2.0,0.0,2.0,3.0,1.0,0.0,2.0,2.0,2.0,2.0,4.0,3.0,4.0,8.0,5.0,1.0,0.0,0.0,17.0,24.0,29.0,13.0,2.0,3.0,53.0,47.0,9.0,8.0,46.0,39.0,20.0,20.0,13.0,10.0,10.0,11.0,20.0,41.0,1.0,0.0,0.0,0.0,9.0,7.0,77.8,65.9,0.039,0.122,0.333,0.444,-0.35,0.9,50.0,66.7
2025-11-30,12:15,77559,LaLiga 25/26,25/26,La Liga,Matchweek 14,Sun,Away,W,2.0,0.0,Sevilla,35.0,,,,,,https://www.sofascore.com/sevilla-real-betis/qgbsIgb,Ended,Real Betis,for,1.1,0.35,2.0,1.0,2.0,0.0,0.0,1.0,4.0,6.0,22.0,14.0,217.0,419.0,143.0,326.0,18.0,15.0,14.0,22.0,0.0,2.0,3.0,2.0,0.0,1.0,2.0,2.0,2.0,2.0,3.0,4.0,8.0,4.0,1.0,5.0,0.0,0.0,24.0,17.0,13.0,29.0,3.0,2.0,47.0,53.0,8.0,9.0,39.0,46.0,20.0,20.0,10.0,13.0,11.0,10.0,41.0,20.0,0.0,1.0,0.0,0.0,7.0,9.0,65.9,77.8,0.122,0.039,0.444,0.333,0.9,-0.35,66.7,50.0
2025-11-30,14:30,77559,LaLiga 25/26,25/26,La Liga,Matchweek 14,Sun,Home,L,0.0,1.0,Espanyol,61.0,,,,,,https://www.sofascore.com/celta-vigo-espanyol/ogbswgb,Ended,Celta Vigo,for,0.63,0.38,1.0,1.0,0.0,0.0,1.0,1.0,4.0,3.0,12.0,15.0,555.0,354.0,483.0,281.0,10.0,16.0,15.0,12.0,1.0,3.0,1.0,2.0,0.0,0.0,1.0,4.0,5.0,3.0,2.0,4.0,7.0,4.0,4.0,5.0,0.0,0.0,11.0,10.0,25.0,20.0,1.0,4.0,49.0,51.0,7.0,4.0,29.0,34.0,14.0,11.0,5.0,7.0,9.0,12.0,26.0,21.0,1.0,0.0,0.0,1.0,5.0,6.0,87.0,79.4,0.057,0.042,0.364,0.222,-0.63,0.62,50.0,100.0
2025-11-30,14:30,77559,LaLiga 25/26,25/26,La Liga,Matchweek 14,Sun,Away,W,1.0,0.0,Celta Vigo,39.0,,,,,,https://www.sofascore.com/celta-vigo-espanyol/ogbswgb,Ended,Espanyol,for,0.38,0.63,1.0,1.0,0.0,0.0,1.0,1.0,3.0,4.0,15.0,12.0,354.0,555.0,281.0,483.0,16.0,10.0,12.0,15.0,3.0,1.0,2.0,1.0,0.0,0.0,4.0,1.0,3.0,5.0,4.0,2.0,4.0,7.0,5.0,4.0,0.0,0.0,10.0,11.0,20.0,25.0,4.0,1.0,51.0,49.0,4.0,7.0,34.0,29.0,11.0,14.0,7.0,5.0,12.0,9.0,21.0,26.0,0.0,1.0,1.0,0.0,6.0,5.0,79.4,87.0,0.042,0.057,0.222,0.364,0.62,-0.63,100.0,50.0
2025-11-30,17:00,77559,LaLiga 25/26,25/26,La Liga,Matchweek 14,Sun,Home,D,1.0,1.0,Real Madrid,40.0,,,,,,https://www.sofascore.com/girona-fc-real-madrid/EgbsoKj,Ended,Girona FC,for,0.79,2.53,2.0,2.0,0.0,1.0,2.0,1.0,2.0,5.0,9.0,13.0,426.0,611.0,359.0,553.0,15.0,20.0,13.0,8.0,1.0,2.0,3.0,0.0,0.0,0.0,4.0,3.0,2.0,9.0,4.0,12.0,6.0,15.0,4.0,10.0,0.0,0.0,15.0,50.0,23.0,24.0,2.0,3.0,47.0,53.0,6.0,9.0,29.0,35.0,10.0,9.0,3.0,7.0,10.0,8.0,36.0,9.0,1.0,0.0,2.0,0.0,11.0,7.0,84.3,90.5,0.079,0.101,0.4,0.16,0.21,-1.53,100.0,75.0
2025-11-30,17:00,77559,LaLiga 25/26,25/26,La Liga,Matchweek 14,Sun,Away,D,1.0,1.0,Girona FC,60.0,,,,,,https://www.sofascore.com/girona-fc-real-madrid/EgbsoKj,Ended,Real Madrid,for,2.53,0.79,2.0,2.0,1.0,0.0,1.0,2.0,5.0,2.0,13.0,9.0,611.0,426.0,553.0,359.0,20.0,15.0,8.0,13.0,2.0,1.0,0.0,3.0,0.0,0.0,3.0,4.0,9.0,2.0,12.0,4.0,15.0,6.0,10.0,4.0,0.0,0.0,50.0,15.0,24.0,23.0,3.0,2.0,53.0,47.0,9.0,6.0,35.0,29.0,9.0,10.0,7.0,3.0,8.0,10.0,9.0,36.0,0.0,1.0,0.0,2.0,7.0,11.0,90.5,84.3,0.101,0.079,0.16,0.4,-1.53,0.21,75.0,100.0
2025-12-01,17:00,77559,LaLiga 25/26,25/26,La Liga,Matchweek 14,Mon,Home,D,1.0,1.0,Valencia,56.0,,,,,,https://www.sofascore.com/valencia-rayo-vallecano/tgbsDgb,Ended,Rayo Vallecano,for,1.57,0.63,3.0,1.0,0.0,0.0,3.0,1.0,10.0,5.0,11.0,9.0,441.0,350.0,373.0,285.0,15.0,10.0,9.0,11.0,1.0,0.0,1.0,1.0,0.0,0.0,0.0,5.0,3.0,4.0,9.0,4.0,9.0,6.0,10.0,4.0,1.0,0.0,16.0,18.0,39.0,31.0,5.0,2.0,51.0,49.0,5.0,5.0,27.0,25.0,10.0,11.0,4.0,5.0,8.0,5.0,27.0,43.0,3.0,0.0,0.0,2.0,6.0,9.0,84.6,81.4,0.083,0.063,0.368,0.2,-0.57,0.37,0.0,71.4
2025-12-01,17:00,77559,LaLiga 25/26,25/26,La Liga,Matchweek 14,Mon,Away,D,1.0,1.0,Rayo Vallecano,44.0,,,,,,https://www.sofascore.com/valencia-rayo-vallecano/tgbsDgb,Ended,Valencia,for,0.63,1.57,1.0,3.0,0.0,0.0,1.0,3.0,5.0,10.0,9.0,11.0,350.0,441.0,285.0,373.0,10.0,15.0,11.0,9.0,0.0,1.0,1.0,1.0,0.0,0.0,5.0,0.0,4.0,3.0,4.0,9.0,6.0,9.0,4.0,10.0,0.0,1.0,18.0,16.0,31.0,39.0,2.0,5.0,49.0,51.0,5.0,5.0,25.0,27.0,11.0,10.0,5.0,4.0,5.0,8.0,43.0,27.0,0.0,3.0,2.0,0.0,9.0,6.0,81.4,84.6,0.063,0.083,0.2,0.368,0.37,-0.57,71.4,0.0
2025-12-02,17:00,77559,LaLiga 25/26,25/26,La Liga,Matchweek 19,Tue,Home,W,3.0,1.0,Atlético Madrid,58.0,,,,,,https://www.sofascore.com/atletico-madrid-barcelona/rgbsLgb,Ended,FC Barcelona,for,3.6,0.98,6.0,4.0,3.0,1.0,3.0,3.0,5.0,4.0,12.0,9.0,560.0,391.0,480.0,308.0,18.0,18.0,8.0,12.0,1.0,4.0,1.0,1.0,0.0,0.0,1.0,3.0,4.0,1.0,9.0,4.0,12.0,6.0,7.0,1.0,2.0,0.0,36.0,21.0,25.0,37.0,2.0,5.0,55.0,45.0,8.0,6.0,46.0,36.0,8.0,8.0,19.0,6.0,9.0,10.0,29.0,13.0,0.0,1.0,1.0,1.0,4.0,14.0,85.7,78.8,0.189,0.14,0.316,0.286,-0.6,0.02,50.0,50.0
2025-12-02,17:00,77559,LaLiga 25/26,25/26,La Liga,Matchweek 19,Tue,Away,L,1.0,3.0,FC Barcelona,42.0,,,,,,https://www.sofascore.com/atletico-madrid-barcelona/rgbsLgb,Ended,Atlético Madrid,for,0.98,3.6,4.0,6.0,1.0,3.0,3.0,3.0,4.0,5.0,9.0,12.0,391.0,560.0,308.0,480.0,18.0,18.0,12.0,8.0,4.0,1.0,1.0,1.0,0.0,0.0,3.0,1.0,1.0,4.0,4.0,9.0,6.0,12.0,1.0,7.0,0.0,2.0,21.0,36.0,37.0,25.0,5.0,2.0,45.0,55.0,6.0,8.0,36.0,46.0,8.0,8.0,6.0,19.0,10.0,9.0,13.0,29.0,1.0,0.0,1.0,1.0,14.0,4.0,78.8,85.7,0.14,0.189,0.286,0.316,0.02,-0.6,50.0,50.0
2025-12-03,15:00,77559,LaLiga 25/26,25/26,La Liga,Matchweek 19,Wed,Home,L,0.0,3.0,Real Madrid,38.0,,,,,,https://www.sofascore.com/real-madrid-athletic-club/AgbsEgb,Ended,Athletic Club,for,0.84,2.21,2.0,6.0,0.0,2.0,2.0,4.0,5.0,7.0,15.0,4.0,375.0,641.0,298.0,567.0,16.0,24.0,4.0,15.0,1.0,1.0,2.0,0.0,0.0,0.0,5.0,4.0,1.0,1.0,4.0,4.0,7.0,5.0,2.0,8.0,0.0,1.0,21.0,24.0,13.0,32.0,3.0,3.0,34.0,66.0,10.0,6.0,26.0,52.0,9.0,15.0,7.0,13.0,15.0,8.0,19.0,36.0,3.0,1.0,0.0,0.0,2.0,10.0,79.5,88.5,0.093,0.17,0.444,0.615,-0.84,0.79,62.5,100.0
2025-12-03,15:00,77559,LaLiga 25/26,25/26,La Liga,Matchweek 19,Wed,Away,W,3.0,0.0,Athletic Club,62.0,,,,,,https://www.sofascore.com/real-madrid-athletic-club/AgbsEgb,Ended,Real Madrid,for,2.21,0.84,6.0,2.0,2.0,0.0,4.0,2.0,7.0,5.0,4.0,15.0,641.0,375.0,567.0,298.0,24.0,16.0,15.0,4.0,1.0,1.0,0.0,2.0,0.0,0.0,4.0,5.0,1.0,1.0,4.0,4.0,5.0,7.0,8.0,2.0,1.0,0.0,24.0,21.0,32.0,13.0,3.0,3.0,66.0,34.0,6.0,10.0,52.0,26.0,15.0,9.0,13.0,7.0,8.0,15.0,36.0,19.0,1.0,3.0,0.0,0.0,10.0,2.0,88.5,79.5,0.17,0.093,0.615,0.444,0.79,-0.84,100.0,62.5
2025-12-05,17:00,77559,LaLiga 25/26,25/26,La Liga,Matchweek 15,Fri,Home,D,0.0,0.0,Mallorca,62.0,,,,,,https://www.sofascore.com/real-oviedo-mallorca/Bgbsbhb,Ended,Real Oviedo,for,1.18,0.68,2.0,0.0,0.0,0.0,2.0,0.0,8.0,5.0,14.0,12.0,464.0,284.0,408.0,217.0,14.0,4.0,12.0,14.0,2.0,0.0,2.0,1.0,2.0,0.0,5.0,3.0,4.0,2.0,8.0,5.0,9.0,5.0,6.0,8.0,0.0,1.0,28.0,15.0,34.0,21.0,10.0,5.0,55.0,45.0,2.0,8.0,27.0,20.0,20.0,19.0,3.0,4.0,11.0,3.0,24.0,31.0,0.0,0.0,0.0,0.0,7.0,8.0,87.9,76.4,0.079,0.052,0.2,0.462,-1.18,-0.68,83.3,100.0
2025-12-05,17:00,77559,LaLiga 25/26,25/26,La Liga,Matchweek 15,Fri,Away,D,0.0,0.0,Real Oviedo,38.0,,,,,,https://www.sofascore.com/real-oviedo-mallorca/Bgbsbhb,Ended,Mallorca,for,0.68,1.18,0.0,2.0,0.0,0.0,0.0,2.0,5.0,8.0,12.0,14.0,284.0,464.0,217.0,408.0,4.0,14.0,14.0,12.0,0.0,2.0,1.0,2.0,0.0,2.0,3.0,5.0,2.0,4.0,5.0,8.0,5.0,9.0,8.0,6.0,1.0,0.0,15.0,28.0,21.0,34.0,5.0,10.0,45.0,55.0,8.0,2.0,20.0,27.0,19.0,20.0,4.0,3.0,3.0,11.0,31.0,24.0,0.0,0.0,0.0,0.0,8.0,7.0,76.4,87.9,0.052,0.079,0.462,0.2,-0.68,-1.18,100.0,83.3
2025-12-06,10:00,77559,LaLiga 25/26,25/26,La Liga,Matchweek 15,Sat,Home,W,2.0,0.0,Getafe,61.0,,,,,,https://www.sofascore.com/getafe-villarreal/ugbsjhb,Ended,Villarreal,for,0.61,0.22,1.0,0.0,1.0,0.0,0.0,0.0,5.0,3.0,19.0,15.0,491.0,313.0,398.0,215.0,18.0,18.0,15.0,19.0,6.0,0.0,2.0,4.0,0.0,1.0,0.0,3.0,3.0,3.0,2.0,3.0,7.0,4.0,3.0,2.0,0.0,0.0,28.0,10.0,23.0,35.0,7.0,2.0,51.0,49.0,7.0,7.0,42.0,41.0,22.0,20.0,10.0,4.0,8.0,13.0,25.0,25.0,0.0,0.0,2.0,0.0,3.0,5.0,81.1,68.7,0.061,0.037,0.5,0.0,1.39,-0.22,,60.0
2025-12-06,10:00,77559,LaLiga 25/26,25/26,La Liga,Matchweek 15,Sat,Away,L,0.0,2.0,Villarreal,39.0,,,,,,https://www.sofascore.com/getafe-villarreal/ugbsjhb,Ended,Getafe,for,0.22,0.61,0.0,1.0,0.0,1.0,0.0,0.0,3.0,5.0,15.0,19.0,313.0,491.0,215.0,398.0,18.0,18.0,19.0,15.0,0.0,6.0,4.0,2.0,1.0,0.0,3.0,0.0,3.0,3.0,3.0,2.0,4.0,7.0,2.0,3.0,0.0,0.0,10.0,28.0,35.0,23.0,2.0,7.0,49.0,51.0,7.0,7.0,41.0,42.0,20.0,22.0,4.0,10.0,13.0,8.0,25.0,25.0,0.0,0.0,0.0,2.0,5.0,3.0,68.7,81.1,0.037,0.061,0.0,0.5,-0.22,1.39,60.0,
2025-12-06,12:15,77559,LaLiga 25/26,25/26,La Liga,Matchweek 15,Sat,Home,W,1.0,0.0,Real Sociedad,38.0,,,,,,https://www.sofascore.com/deportivo-alaves-real-sociedad/zgbsKhb,Ended,Deportivo Alavés,for,1.39,1.17,3.0,2.0,1.0,0.0,2.0,2.0,5.0,8.0,20.0,16.0,323.0,550.0,260.0,466.0,14.0,22.0,15.0,20.0,1.0,0.0,2.0,2.0,0.0,0.0,1.0,2.0,4.0,2.0,7.0,7.0,8.0,8.0,6.0,2.0,0.0,0.0,22.0,17.0,25.0,25.0,3.0,7.0,37.0,63.0,13.0,4.0,34.0,53.0,6.0,15.0,6.0,12.0,11.0,9.0,24.0,27.0,0.0,0.0,0.0,2.0,10.0,13.0,80.5,84.7,0.099,0.117,0.214,0.1,-0.39,-1.17,100.0,66.7
2025-12-06,12:15,77559,LaLiga 25/26,25/26,La Liga,Matchweek 15,Sat,Away,L,0.0,1.0,Deportivo Alavés,62.0,,,,,,https://www.sofascore.com/deportivo-alaves-real-sociedad/zgbsKhb,Ended,Real Sociedad,for,1.17,1.39,2.0,3.0,0.0,1.0,2.0,2.0,8.0,5.0,16.0,20.0,550.0,323.0,466.0,260.0,22.0,14.0,20.0,15.0,0.0,1.0,2.0,2.0,0.0,0.0,2.0,1.0,2.0,4.0,7.0,7.0,8.0,8.0,2.0,6.0,0.0,0.0,17.0,22.0,25.0,25.0,7.0,3.0,63.0,37.0,4.0,13.0,53.0,34.0,15.0,6.0,12.0,6.0,9.0,11.0,27.0,24.0,0.0,0.0,2.0,0.0,13.0,10.0,84.7,80.5,0.117,0.099,0.1,0.214,-1.17,-0.39,66.7,100.0
2025-12-06,14:30,77559,LaLiga 25/26,25/26,La Liga,Matchweek 15,Sat,Home,L,3.0,5.0,FC Barcelona,38.0,,,,,,https://www.sofascore.com/barcelona-real-betis/qgbsrgb,Ended,Real Betis,for,2.51,2.83,3.0,6.0,3.0,3.0,0.0,3.0,7.0,7.0,14.0,9.0,342.0,575.0,268.0,512.0,23.0,17.0,8.0,13.0,6.0,1.0,4.0,2.0,0.0,0.0,3.0,2.0,5.0,2.0,7.0,6.0,13.0,13.0,4.0,3.0,0.0,4.0,35.0,28.0,15.0,12.0,3.0,3.0,44.0,56.0,11.0,13.0,32.0,39.0,7.0,10.0,1.0,9.0,12.0,2.0,20.0,28.0,1.0,0.0,1.0,1.0,4.0,7.0,78.4,89.0,0.148,0.177,0.294,0.5,0.49,2.17,37.5,40.0
2025-12-06,14:30,77559,LaLiga 25/26,25/26,La Liga,Matchweek 15,Sat,Away,W,5.0,3.0,Real Betis,62.0,,,,,,https://www.sofascore.com/barcelona-real-betis/qgbsrgb,Ended,FC Barcelona,for,2.83,2.51,6.0,3.0,3.0,3.0,3.0,0.0,7.0,7.0,9.0,14.0,575.0,342.0,512.0,268.0,17.0,23.0,13.0,8.0,1.0,6.0,2.0,4.0,0.0,0.0,2.0,3.0,2.0,5.0,6.0,7.0,13.0,13.0,3.0,4.0,4.0,0.0,28.0,35.0,12.0,15.0,3.0,3.0,56.0,44.0,13.0,11.0,39.0,32.0,10.0,7.0,9.0,1.0,2.0,12.0,28.0,20.0,0.0,1.0,1.0,1.0,7.0,4.0,89.0,78.4,0.177,0.148,0.5,0.294,2.17,0.49,40.0,37.5
2025-12-06,17:00,77559,LaLiga 25/26,25/26,La Liga,Matchweek 15,Sat,Home,W,1.0,0.0,Atlético Madrid,44.0,,,,,,https://www.sofascore.com/atletico-madrid-athletic-club/AgbsLgb,Ended,Athletic Club,for,1.15,0.69,2.0,2.0,0.0,0.0,2.0,2.0,5.0,6.0,9.0,12.0,386.0,487.0,287.0,384.0,11.0,15.0,12.0,9.0,1.0,2.0,3.0,2.0,0.0,0.0,3.0,2.0,3.0,1.0,8.0,3.0,10.0,3.0,4.0,4.0,0.0,0.0,25.0,14.0,21.0,32.0,6.0,6.0,45.0,55.0,7.0,2.0,30.0,35.0,20.0,25.0,9.0,11.0,17.0,12.0,29.0,27.0,0.0,0.0,1.0,4.0,8.0,12.0,74.4,78.9,0.082,0.099,0.214,0.429,-0.15,-0.69,100.0,66.7
2025-12-06,17:00,77559,LaLiga 25/26,25/26,La Liga,Matchweek 15,Sat,Away,L,0.0,1.0,Athletic Club,56.0,,,,,,https://www.sofascore.com/atletico-madrid-athletic-club/AgbsLgb,Ended,Atlético Madrid,for,0.69,1.15,2.0,2.0,0.0,0.0,2.0,2.0,6.0,5.0,12.0,9.0,487.0,386.0,384.0,287.0,15.0,11.0,9.0,12.0,2.0,1.0,2.0,3.0,0.0,0.0,2.0,3.0,1.0,3.0,3.0,8.0,3.0,10.0,4.0,4.0,0.0,0.0,14.0,25.0,32.0,21.0,6.0,6.0,55.0,45.0,2.0,7.0,35.0,30.0,25.0,20.0,11.0,9.0,12.0,17.0,27.0,29.0,0.0,0.0,4.0,1.0,12.0,8.0,78.9,74.4,0.099,0.082,0.429,0.214,-0.69,-0.15,66.7,100.0
2025-12-07,10:00,77559,LaLiga 25/26,25/26,La Liga,Matchweek 15,Sun,Home,W,3.0,0.0,Girona FC,58.0,,,,,,https://www.sofascore.com/girona-fc-elche/WgbsoKj,Ended,Elche,for,2.03,0.94,2.0,2.0,1.0,0.0,1.0,2.0,2.0,2.0,18.0,13.0,544.0,400.0,492.0,334.0,24.0,11.0,13.0,18.0,2.0,1.0,0.0,3.0,0.0,0.0,4.0,3.0,2.0,2.0,3.0,2.0,8.0,6.0,3.0,2.0,0.0,0.0,21.0,17.0,17.0,19.0,3.0,5.0,51.0,49.0,9.0,11.0,39.0,36.0,4.0,5.0,4.0,7.0,8.0,3.0,11.0,14.0,0.0,1.0,0.0,2.0,4.0,6.0,90.4,83.5,0.185,0.117,0.545,0.5,0.97,-0.94,100.0,50.0
2025-12-07,10:00,77559,LaLiga 25/26,25/26,La Liga,Matchweek 15,Sun,Away,L,0.0,3.0,Elche,42.0,,,,,,https://www.sofascore.com/girona-fc-elche/WgbsoKj,Ended,Girona FC,for,0.94,2.03,2.0,2.0,0.0,1.0,2.0,1.0,2.0,2.0,13.0,18.0,400.0,544.0,334.0,492.0,11.0,24.0,18.0,13.0,1.0,2.0,3.0,0.0,0.0,0.0,3.0,4.0,2.0,2.0,2.0,3.0,6.0,8.0,2.0,3.0,0.0,0.0,17.0,21.0,19.0,17.0,5.0,3.0,49.0,51.0,11.0,9.0,36.0,39.0,5.0,4.0,7.0,4.0,3.0,8.0,14.0,11.0,1.0,0.0,2.0,0.0,6.0,4.0,83.5,90.4,0.117,0.185,0.5,0.545,-0.94,0.97,50.0,100.0
2025-12-07,12:15,77559,LaLiga 25/26,25/26,La Liga,Matchweek 15,Sun,Home,D,1.0,1.0,Sevilla,48.0,,,,,,https://www.sofascore.com/sevilla-valencia/DgbsIgb,Ended,Valencia,for,1.19,0.32,2.0,1.0,1.0,0.0,1.0,1.0,2.0,2.0,12.0,18.0,409.0,446.0,321.0,345.0,10.0,24.0,18.0,12.0,3.0,3.0,3.0,6.0,0.0,0.0,1.0,2.0,3.0,0.0,5.0,3.0,8.0,3.0,3.0,1.0,0.0,0.0,21.0,7.0,16.0,22.0,2.0,2.0,47.0,53.0,9.0,3.0,35.0,41.0,15.0,15.0,8.0,5.0,7.0,8.0,12.0,35.0,0.0,0.0,0.0,0.0,4.0,9.0,78.5,77.4,0.108,0.08,0.273,0.25,-0.19,0.68,100.0,66.7
2025-12-07,12:15,77559,LaLiga 25/26,25/26,La Liga,Matchweek 15,Sun,Away,D,1.0,1.0,Valencia,52.0,,,,,,https://www.sofascore.com/sevilla-valencia/DgbsIgb,Ended,Sevilla,for,0.32,1.19,1.0,2.0,0.0,1.0,1.0,1.0,2.0,2.0,18.0,12.0,446.0,409.0,345.0,321.0,24.0,10.0,12.0,18.0,3.0,3.0,6.0,3.0,0.0,0.0,2.0,1.0,0.0,3.0,3.0,5.0,3.0,8.0,1.0,3.0,0.0,0.0,7.0,21.0,22.0,16.0,2.0,2.0,53.0,47.0,3.0,9.0,41.0,35.0,15.0,15.0,5.0,8.0,8.0,7.0,35.0,12.0,0.0,0.0,0.0,0.0,9.0,4.0,77.4,78.5,0.08,0.108,0.25,0.273,0.68,-0.19,66.7,100.0
2025-12-07,14:30,77559,LaLiga 25/26,25/26,La Liga,Matchweek 15,Sun,Home,W,1.0,0.0,Rayo Vallecano,36.0,,,,,,https://www.sofascore.com/rayo-vallecano-espanyol/ogbstgb,Ended,Espanyol,for,1.33,0.25,2.0,0.0,1.0,0.0,1.0,0.0,6.0,2.0,19.0,22.0,234.0,427.0,171.0,355.0,16.0,7.0,21.0,19.0,1.0,1.0,4.0,8.0,1.0,1.0,2.0,1.0,2.0,3.0,5.0,1.0,6.0,2.0,3.0,4.0,1.0,0.0,18.0,18.0,15.0,37.0,2.0,3.0,52.0,48.0,6.0,12.0,40.0,33.0,16.0,18.0,4.0,9.0,12.0,6.0,26.0,24.0,1.0,2.0,2.0,0.0,4.0,7.0,73.1,83.1,0.148,0.042,0.222,0.333,-0.33,-0.25,100.0,50.0
2025-12-07,14:30,77559,LaLiga 25/26,25/26,La Liga,Matchweek 15,Sun,Away,L,0.0,1.0,Espanyol,64.0,,,,,,https://www.sofascore.com/rayo-vallecano-espanyol/ogbstgb,Ended,Rayo Vallecano,for,0.25,1.33,0.0,2.0,0.0,1.0,0.0,1.0,2.0,6.0,22.0,19.0,427.0,234.0,355.0,171.0,7.0,16.0,19.0,21.0,1.0,1.0,8.0,4.0,1.0,1.0,1.0,2.0,3.0,2.0,1.0,5.0,2.0,6.0,4.0,3.0,0.0,1.0,18.0,18.0,37.0,15.0,3.0,2.0,48.0,52.0,12.0,6.0,33.0,40.0,18.0,16.0,9.0,4.0,6.0,12.0,24.0,26.0,2.0,1.0,0.0,2.0,7.0,4.0,83.1,73.1,0.042,0.148,0.333,0.222,-0.25,-0.33,50.0,100.0
2025-12-07,17:00,77559,LaLiga 25/26,25/26,La Liga,Matchweek 15,Sun,Home,L,0.0,2.0,Celta Vigo,58.0,,,,,,https://www.sofascore.com/real-madrid-celta-vigo/wgbsEgb,Ended,Real Madrid,for,2.46,1.55,4.0,2.0,0.0,1.0,4.0,1.0,8.0,1.0,6.0,12.0,585.0,447.0,532.0,384.0,10.0,14.0,12.0,6.0,2.0,1.0,6.0,1.0,3.0,0.0,3.0,7.0,4.0,1.0,12.0,1.0,12.0,4.0,11.0,3.0,2.0,4.0,43.0,16.0,18.0,19.0,6.0,1.0,54.0,46.0,4.0,7.0,29.0,28.0,10.0,5.0,8.0,10.0,9.0,12.0,3.0,32.0,0.0,0.0,0.0,0.0,3.0,14.0,90.9,85.9,0.107,0.221,0.304,0.714,-2.46,0.45,60.0,100.0
2025-12-07,17:00,77559,LaLiga 25/26,25/26,La Liga,Matchweek 15,Sun,Away,W,2.0,0.0,Real Madrid,42.0,,,,,,https://www.sofascore.com/real-madrid-celta-vigo/wgbsEgb,Ended,Celta Vigo,for,1.55,2.46,2.0,4.0,1.0,0.0,1.0,4.0,1.0,8.0,12.0,6.0,447.0,585.0,384.0,532.0,14.0,10.0,6.0,12.0,1.0,2.0,1.0,6.0,0.0,3.0,7.0,3.0,1.0,4.0,1.0,12.0,4.0,12.0,3.0,11.0,4.0,2.0,16.0,43.0,19.0,18.0,1.0,6.0,46.0,54.0,7.0,4.0,28.0,29.0,5.0,10.0,10.0,8.0,12.0,9.0,32.0,3.0,0.0,0.0,0.0,0.0,14.0,3.0,85.9,90.9,0.221,0.107,0.714,0.304,0.45,-2.46,100.0,60.0
2025-12-08,17:00,77559,LaLiga 25/26,25/26,La Liga,Matchweek 15,Mon,Home,W,2.0,0.0,Levante UD,41.0,,,,,,https://www.sofascore.com/levante-ud-osasuna/vgbsZgb,Ended,Osasuna,for,1.05,0.48,1.0,0.0,1.0,0.0,0.0,0.0,3.0,3.0,15.0,7.0,370.0,535.0,268.0,448.0,17.0,9.0,7.0,15.0,0.0,1.0,2.0,2.0,0.0,0.0,4.0,4.0,6.0,4.0,2.0,2.0,12.0,4.0,2.0,7.0,0.0,0.0,24.0,15.0,30.0,31.0,3.0,2.0,53.0,47.0,3.0,11.0,35.0,33.0,22.0,17.0,11.0,9.0,10.0,9.0,28.0,32.0,0.0,2.0,0.0,0.0,10.0,3.0,72.4,83.7,0.075,0.044,0.429,0.455,0.95,-0.48,80.0,66.7
2025-12-08,17:00,77559,LaLiga 25/26,25/26,La Liga,Matchweek 15,Mon,Away,L,0.0,2.0,Osasuna,59.0,,,,,,https://www.sofascore.com/levante-ud-osasuna/vgbsZgb,Ended,Levante UD,for,0.48,1.05,0.0,1.0,0.0,1.0,0.0,0.0,3.0,3.0,7.0,15.0,535.0,370.0,448.0,268.0,9.0,17.0,15.0,7.0,1.0,0.0,2.0,2.0,0.0,0.0,4.0,4.0,4.0,6.0,2.0,2.0,4.0,12.0,7.0,2.0,0.0,0.0,15.0,24.0,31.0,30.0,2.0,3.0,47.0,53.0,11.0,3.0,33.0,35.0,17.0,22.0,9.0,11.0,9.0,10.0,32.0,28.0,2.0,0.0,0.0,0.0,3.0,10.0,83.7,72.4,0.044,0.075,0.455,0.429,-0.48,0.95,66.7,80.0
2025-12-12,17:00,77559,LaLiga 25/26,25/26,La Liga,Matchweek 16,Fri,Home,L,1.0,2.0,Girona FC,47.0,,,,,,https://www.sofascore.com/girona-fc-real-sociedad/zgbsoKj,Ended,Real Sociedad,for,0.92,1.44,2.0,1.0,1.0,1.0,1.0,0.0,4.0,3.0,20.0,5.0,495.0,558.0,427.0,493.0,25.0,17.0,5.0,20.0,2.0,4.0,1.0,2.0,0.0,0.0,1.0,3.0,2.0,5.0,3.0,6.0,6.0,10.0,3.0,4.0,1.0,0.0,22.0,23.0,24.0,33.0,2.0,3.0,46.0,54.0,10.0,13.0,39.0,51.0,11.0,8.0,9.0,14.0,13.0,10.0,19.0,21.0,0.0,0.0,0.0,0.0,7.0,4.0,86.3,88.4,0.102,0.103,0.444,0.214,0.08,0.56,33.3,75.0
2025-12-12,17:00,77559,LaLiga 25/26,25/26,La Liga,Matchweek 16,Fri,Away,W,2.0,1.0,Real Sociedad,53.0,,,,,,https://www.sofascore.com/girona-fc-real-sociedad/zgbsoKj,Ended,Girona FC,for,1.44,0.92,1.0,2.0,1.0,1.0,0.0,1.0,3.0,4.0,5.0,20.0,558.0,495.0,493.0,427.0,17.0,25.0,20.0,5.0,4.0,2.0,2.0,1.0,0.0,0.0,3.0,1.0,5.0,2.0,6.0,3.0,10.0,6.0,4.0,3.0,0.0,1.0,23.0,22.0,33.0,24.0,3.0,2.0,54.0,46.0,13.0,10.0,51.0,39.0,8.0,11.0,14.0,9.0,10.0,13.0,21.0,19.0,0.0,0.0,0.0,0.0,4.0,7.0,88.4,86.3,0.103,0.102,0.214,0.444,0.56,0.08,75.0,33.3
2025-12-13,10:00,77559,LaLiga 25/26,25/26,La Liga,Matchweek 16,Sat,Home,W,2.0,1.0,Valencia,46.0,,,,,,https://www.sofascore.com/atletico-madrid-valencia/DgbsLgb,Ended,Atlético Madrid,for,1.01,1.17,4.0,2.0,2.0,0.0,2.0,2.0,5.0,7.0,13.0,11.0,447.0,516.0,373.0,438.0,18.0,14.0,11.0,13.0,2.0,1.0,3.0,1.0,0.0,0.0,1.0,4.0,2.0,4.0,2.0,7.0,8.0,8.0,2.0,5.0,3.0,0.0,22.0,21.0,25.0,20.0,5.0,4.0,53.0,47.0,7.0,9.0,33.0,42.0,22.0,6.0,5.0,15.0,9.0,8.0,30.0,17.0,1.0,1.0,1.0,1.0,5.0,7.0,83.4,84.9,0.101,0.09,0.6,0.154,0.99,-0.17,50.0,66.7
2025-12-13,10:00,77559,LaLiga 25/26,25/26,La Liga,Matchweek 16,Sat,Away,L,1.0,2.0,Atlético Madrid,54.0,,,,,,https://www.sofascore.com/atletico-madrid-valencia/DgbsLgb,Ended,Valencia,for,1.17,1.01,2.0,4.0,0.0,2.0,2.0,2.0,7.0,5.0,11.0,13.0,516.0,447.0,438.0,373.0,14.0,18.0,13.0,11.0,1.0,2.0,1.0,3.0,0.0,0.0,4.0,1.0,4.0,2.0,7.0,2.0,8.0,8.0,5.0,2.0,0.0,3.0,21.0,22.0,20.0,25.0,4.0,5.0,47.0,53.0,9.0,7.0,42.0,33.0,6.0,22.0,15.0,5.0,8.0,9.0,17.0,30.0,1.0,1.0,1.0,1.0,7.0,5.0,84.9,83.4,0.09,0.101,0.154,0.6,-0.17,0.99,66.7,50.0
2025-12-13,12:15,77559,LaLiga 25/26,25/26,La Liga,Matchweek 16,Sat,Home,W,3.0,1.0,Elche,42.0,,,,,,https://www.sofascore.com/elche-mallorca/BgbsWgb,Ended,Mallorca,for,2.44,0.29,7.0,0.0,3.0,0.0,4.0,0.0,1.0,1.0,13.0,13.0,391.0,541.0,339.0,482.0,10.0,21.0,13.0,13.0,1.0,0.0,3.0,0.0,0.0,0.0,0.0,5.0,2.0,3.0,5.0,6.0,12.0,5.0,3.0,4.0,0.0,0.0,22.0,18.0,19.0,14.0,5.0,2.0,40.0,60.0,9.0,5.0,30.0,46.0,9.0,12.0,8.0,13.0,6.0,4.0,9.0,25.0,0.0,0.0,0.0,0.0,6.0,7.0,86.7,89.1,0.163,0.032,0.533,0.0,0.56,0.71,,62.5
2025-12-13,12:15,77559,LaLiga 25/26,25/26,La Liga,Matchweek 16,Sat,Away,L,1.0,3.0,Mallorca,58.0,,,,,,https://www.sofascore.com/elche-mallorca/BgbsWgb,Ended,Elche,for,0.29,2.44,0.0,7.0,0.0,3.0,0.0,4.0,1.0,1.0,13.0,13.0,541.0,391.0,482.0,339.0,21.0,10.0,13.0,13.0,0.0,1.0,0.0,3.0,0.0,0.0,5.0,0.0,3.0,2.0,6.0,5.0,5.0,12.0,4.0,3.0,0.0,0.0,18.0,22.0,14.0,19.0,2.0,5.0,60.0,40.0,5.0,9.0,46.0,30.0,12.0,9.0,13.0,8.0,4.0,6.0,25.0,9.0,0.0,0.0,0.0,0.0,7.0,6.0,89.1,86.7,0.032,0.163,0.0,0.533,0.71,0.56,62.5,
2025-12-13,14:30,77559,LaLiga 25/26,25/26,La Liga,Matchweek 16,Sat,Home,W,2.0,0.0,Osasuna,80.0,,,,,,https://www.sofascore.com/osasuna-barcelona/rgbsvgb,Ended,FC Barcelona,for,2.41,0.37,3.0,0.0,1.0,0.0,2.0,0.0,14.0,1.0,5.0,8.0,734.0,186.0,669.0,110.0,12.0,14.0,8.0,5.0,2.0,6.0,0.0,3.0,0.0,0.0,2.0,5.0,7.0,0.0,10.0,1.0,10.0,2.0,14.0,1.0,0.0,0.0,49.0,7.0,18.0,21.0,2.0,1.0,50.0,50.0,6.0,6.0,29.0,22.0,6.0,13.0,9.0,5.0,12.0,13.0,5.0,46.0,1.0,0.0,0.0,0.0,2.0,16.0,91.1,59.1,0.1,0.123,0.292,0.667,-0.41,-0.37,100.0,71.4
2025-12-13,14:30,77559,LaLiga 25/26,25/26,La Liga,Matchweek 16,Sat,Away,L,0.0,2.0,FC Barcelona,20.0,,,,,,https://www.sofascore.com/osasuna-barcelona/rgbsvgb,Ended,Osasuna,for,0.37,2.41,0.0,3.0,0.0,1.0,0.0,2.0,1.0,14.0,8.0,5.0,186.0,734.0,110.0,669.0,14.0,12.0,5.0,8.0,6.0,2.0,3.0,0.0,0.0,0.0,5.0,2.0,0.0,7.0,1.0,10.0,2.0,10.0,1.0,14.0,0.0,0.0,7.0,49.0,21.0,18.0,1.0,2.0,50.0,50.0,6.0,6.0,22.0,29.0,13.0,6.0,5.0,9.0,13.0,12.0,46.0,5.0,0.0,1.0,0.0,0.0,16.0,2.0,59.1,91.1,0.123,0.1,0.667,0.292,-0.37,-0.41,71.4,100.0
2025-12-13,17:00,77559,LaLiga 25/26,25/26,La Liga,Matchweek 16,Sat,Home,L,0.0,1.0,Espanyol,56.0,,,,,,https://www.sofascore.com/getafe-espanyol/ogbsjhb,Ended,Getafe,for,0.23,0.5,0.0,1.0,0.0,0.0,0.0,1.0,6.0,4.0,18.0,17.0,384.0,314.0,283.0,197.0,9.0,16.0,17.0,18.0,2.0,3.0,5.0,1.0,0.0,0.0,3.0,1.0,4.0,0.0,6.0,2.0,3.0,5.0,8.0,1.0,0.0,0.0,10.0,16.0,41.0,20.0,2.0,3.0,48.0,52.0,8.0,5.0,34.0,34.0,17.0,22.0,8.0,3.0,4.0,6.0,19.0,34.0,0.0,0.0,0.0,4.0,3.0,8.0,73.7,62.7,0.021,0.083,0.091,0.667,-0.23,0.5,75.0,100.0
2025-12-13,17:00,77559,LaLiga 25/26,25/26,La Liga,Matchweek 16,Sat,Away,W,1.0,0.0,Getafe,44.0,,,,,,https://www.sofascore.com/getafe-espanyol/ogbsjhb,Ended,Espanyol,for,0.5,0.23,1.0,0.0,0.0,0.0,1.0,0.0,4.0,6.0,17.0,18.0,314.0,384.0,197.0,283.0,16.0,9.0,18.0,17.0,3.0,2.0,1.0,5.0,0.0,0.0,1.0,3.0,0.0,4.0,2.0,6.0,5.0,3.0,1.0,8.0,0.0,0.0,16.0,10.0,20.0,41.0,3.0,2.0,52.0,48.0,5.0,8.0,34.0,34.0,22.0,17.0,3.0,8.0,6.0,4.0,34.0,19.0,0.0,0.0,4.0,0.0,8.0,3.0,62.7,73.7,0.083,0.021,0.667,0.091,0.5,-0.23,100.0,75.0
2025-12-14,10:00,77559,LaLiga 25/26,25/26,La Liga,Matchweek 16,Sun,Home,W,4.0,0.0,Real Oviedo,56.0,,,,,,https://www.sofascore.com/real-oviedo-sevilla/Igbsbhb,Ended,Sevilla,for,2.03,0.64,3.0,1.0,3.0,0.0,0.0,1.0,5.0,3.0,11.0,12.0,430.0,329.0,360.0,260.0,14.0,14.0,12.0,11.0,3.0,1.0,1.0,2.0,0.0,1.0,1.0,3.0,4.0,0.0,2.0,3.0,11.0,3.0,2.0,1.0,2.0,0.0,25.0,13.0,26.0,21.0,4.0,3.0,52.0,48.0,5.0,5.0,32.0,29.0,12.0,11.0,7.0,4.0,7.0,11.0,26.0,16.0,0.0,1.0,0.0,0.0,10.0,4.0,83.7,79.0,0.156,0.16,0.538,0.25,1.97,-0.64,100.0,42.9
2025-12-14,10:00,77559,LaLiga 25/26,25/26,La Liga,Matchweek 16,Sun,Away,L,0.0,4.0,Sevilla,44.0,,,,,,https://www.sofascore.com/real-oviedo-sevilla/Igbsbhb,Ended,Real Oviedo,for,0.64,2.03,1.0,3.0,0.0,3.0,1.0,0.0,3.0,5.0,12.0,11.0,329.0,430.0,260.0,360.0,14.0,14.0,11.0,12.0,1.0,3.0,2.0,1.0,1.0,0.0,3.0,1.0,0.0,4.0,3.0,2.0,3.0,11.0,1.0,2.0,0.0,2.0,13.0,25.0,21.0,26.0,3.0,4.0,48.0,52.0,5.0,5.0,29.0,32.0,11.0,12.0,4.0,7.0,11.0,7.0,16.0,26.0,1.0,0.0,0.0,0.0,4.0,10.0,79.0,83.7,0.16,0.156,0.25,0.538,-0.64,1.97,42.9,100.0
2025-12-14,12:15,77559,LaLiga 25/26,25/26,La Liga,Matchweek 16,Sun,Home,W,2.0,0.0,Athletic Club,50.0,,,,,,https://www.sofascore.com/athletic-club-celta-vigo/wgbsAgb,Ended,Celta Vigo,for,1.35,1.61,5.0,2.0,2.0,0.0,3.0,2.0,1.0,4.0,11.0,13.0,507.0,492.0,415.0,427.0,16.0,17.0,13.0,10.0,2.0,3.0,3.0,2.0,0.0,0.0,2.0,0.0,1.0,6.0,2.0,6.0,4.0,8.0,1.0,6.0,3.0,0.0,11.0,21.0,34.0,23.0,0.0,4.0,51.0,49.0,10.0,7.0,36.0,33.0,7.0,8.0,7.0,5.0,6.0,10.0,20.0,8.0,0.0,0.0,0.0,0.0,10.0,3.0,81.9,86.8,0.27,0.115,0.4,0.143,0.65,-1.61,100.0,0.0
2025-12-14,12:15,77559,LaLiga 25/26,25/26,La Liga,Matchweek 16,Sun,Away,L,0.0,2.0,Celta Vigo,50.0,,,,,,https://www.sofascore.com/athletic-club-celta-vigo/wgbsAgb,Ended,Athletic Club,for,1.61,1.35,2.0,5.0,0.0,2.0,2.0,3.0,4.0,1.0,13.0,11.0,492.0,507.0,427.0,415.0,17.0,16.0,10.0,13.0,3.0,2.0,2.0,3.0,0.0,0.0,0.0,2.0,6.0,1.0,6.0,2.0,8.0,4.0,6.0,1.0,0.0,3.0,21.0,11.0,23.0,34.0,4.0,0.0,49.0,51.0,7.0,10.0,33.0,36.0,8.0,7.0,5.0,7.0,10.0,6.0,8.0,20.0,0.0,0.0,0.0,0.0,3.0,10.0,86.8,81.9,0.115,0.27,0.143,0.4,-1.61,0.65,0.0,100.0
2025-12-14,14:30,77559,LaLiga 25/26,25/26,La Liga,Matchweek 16,Sun,Home,,,,Villarreal,,,,,,,https://www.sofascore.com/levante-ud-villarreal/ugbsZgb,Postponed,Levante UD,for,,,,,,,,,,,,,,,,,,,,,,,,,,,,,,,,,,,,,,,,,,,,,,,,,,,,,,,,,,,,,,,,,,,,,,,,,,
2025-12-14,14:30,77559,LaLiga 25/26,25/26,La Liga,Matchweek 16,Sun,Away,,,,Levante UD,,,,,,,https://www.sofascore.com/levante-ud-villarreal/ugbsZgb,Postponed,Villarreal,for,,,,,,,,,,,,,,,,,,,,,,,,,,,,,,,,,,,,,,,,,,,,,,,,,,,,,,,,,,,,,,,,,,,,,,,,,,
2025-12-14,17:00,77559,LaLiga 25/26,25/26,La Liga,Matchweek 16,Sun,Home,L,1.0,2.0,Real Madrid,52.0,,,,,,https://www.sofascore.com/deportivo-alaves-real-madrid/EgbsKhb,Ended,Deportivo Alavés,for,1.36,1.83,3.0,2.0,1.0,1.0,2.0,1.0,5.0,7.0,12.0,13.0,488.0,462.0,421.0,397.0,23.0,24.0,13.0,12.0,2.0,0.0,3.0,1.0,0.0,0.0,4.0,1.0,2.0,2.0,2.0,5.0,4.0,10.0,2.0,3.0,2.0,1.0,18.0,31.0,29.0,29.0,2.0,2.0,47.0,53.0,13.0,10.0,45.0,48.0,5.0,8.0,10.0,12.0,14.0,6.0,10.0,20.0,0.0,0.0,1.0,1.0,11.0,7.0,86.3,85.9,0.227,0.141,0.333,0.462,-0.36,0.17,66.7,50.0
2025-12-14,17:00,77559,LaLiga 25/26,25/26,La Liga,Matchweek 16,Sun,Away,W,2.0,1.0,Deportivo Alavés,48.0,,,,,,https://www.sofascore.com/deportivo-alaves-real-madrid/EgbsKhb,Ended,Real Madrid,for,1.83,1.36,2.0,3.0,1.0,1.0,1.0,2.0,7.0,5.0,13.0,12.0,462.0,488.0,397.0,421.0,24.0,23.0,12.0,13.0,0.0,2.0,1.0,3.0,0.0,0.0,1.0,4.0,2.0,2.0,5.0,2.0,10.0,4.0,3.0,2.0,1.0,2.0,31.0,18.0,29.0,29.0,2.0,2.0,53.0,47.0,10.0,13.0,48.0,45.0,8.0,5.0,12.0,10.0,6.0,14.0,20.0,10.0,0.0,0.0,1.0,1.0,7.0,11.0,85.9,86.3,0.141,0.227,0.462,0.333,0.17,-0.36,50.0,66.7
2025-12-15,17:00,77559,LaLiga 25/26,25/26,La Liga,Matchweek 16,Mon,Home,D,0.0,0.0,Real Betis,59.0,,,,,,https://www.sofascore.com/rayo-vallecano-real-betis/qgbstgb,Ended,Rayo Vallecano,for,1.86,0.81,4.0,1.0,0.0,0.0,4.0,1.0,8.0,3.0,10.0,7.0,434.0,304.0,352.0,225.0,17.0,12.0,7.0,10.0,4.0,0.0,4.0,1.0,0.0,0.0,6.0,7.0,7.0,3.0,9.0,4.0,9.0,5.0,14.0,8.0,0.0,0.0,18.0,14.0,22.0,19.0,6.0,3.0,51.0,49.0,8.0,10.0,31.0,27.0,7.0,10.0,7.0,5.0,3.0,11.0,19.0,49.0,1.0,0.0,0.0,0.0,9.0,11.0,81.1,74.0,0.081,0.062,0.304,0.462,-1.86,-0.81,100.0,100.0
2025-12-15,17:00,77559,LaLiga 25/26,25/26,La Liga,Matchweek 16,Mon,Away,D,0.0,0.0,Rayo Vallecano,41.0,,,,,,https://www.sofascore.com/rayo-vallecano-real-betis/qgbstgb,Ended,Real Betis,for,0.81,1.86,1.0,4.0,0.0,0.0,1.0,4.0,3.0,8.0,7.0,10.0,304.0,434.0,225.0,352.0,12.0,17.0,10.0,7.0,0.0,4.0,1.0,4.0,0.0,0.0,7.0,6.0,3.0,7.0,4.0,9.0,5.0,9.0,8.0,14.0,0.0,0.0,14.0,18.0,19.0,22.0,3.0,6.0,49.0,51.0,10.0,8.0,27.0,31.0,10.0,7.0,5.0,7.0,11.0,3.0,49.0,19.0,0.0,1.0,0.0,0.0,11.0,9.0,74.0,81.1,0.062,0.081,0.462,0.304,-0.81,-1.86,100.0,100.0
2025-12-20,10:00,77559,LaLiga 25/26,25/26,La Liga,Matchweek 17,Sat,Home,D,0.0,0.0,Celta Vigo,56.0,,,,,,https://www.sofascore.com/real-oviedo-celta-vigo/wgbsbhb,Ended,Real Oviedo,for,0.63,0.66,0.0,1.0,0.0,0.0,0.0,1.0,4.0,3.0,14.0,7.0,485.0,398.0,410.0,327.0,16.0,9.0,7.0,14.0,6.0,3.0,2.0,1.0,0.0,0.0,2.0,3.0,2.0,1.0,5.0,3.0,5.0,5.0,5.0,1.0,0.0,0.0,24.0,11.0,30.0,20.0,6.0,2.0,54.0,46.0,2.0,7.0,27.0,26.0,15.0,10.0,5.0,3.0,7.0,8.0,15.0,39.0,1.0,0.0,0.0,2.0,5.0,7.0,84.5,82.2,0.063,0.11,0.3,0.333,-0.63,-0.66,100.0,100.0
2025-12-20,10:00,77559,LaLiga 25/26,25/26,La Liga,Matchweek 17,Sat,Away,D,0.0,0.0,Real Oviedo,44.0,,,,,,https://www.sofascore.com/real-oviedo-celta-vigo/wgbsbhb,Ended,Celta Vigo,for,0.66,0.63,1.0,0.0,0.0,0.0,1.0,0.0,3.0,4.0,7.0,14.0,398.0,485.0,327.0,410.0,9.0,16.0,14.0,7.0,3.0,6.0,1.0,2.0,0.0,0.0,3.0,2.0,1.0,2.0,3.0,5.0,5.0,5.0,1.0,5.0,0.0,0.0,11.0,24.0,20.0,30.0,2.0,6.0,46.0,54.0,7.0,2.0,26.0,27.0,10.0,15.0,3.0,5.0,8.0,7.0,39.0,15.0,0.0,1.0,2.0,0.0,7.0,5.0,82.2,84.5,0.11,0.063,0.333,0.3,-0.66,-0.63,100.0,100.0
2025-12-20,12:15,77559,LaLiga 25/26,25/26,La Liga,Matchweek 17,Sat,Home,D,1.0,1.0,Real Sociedad,44.0,,,,,,https://www.sofascore.com/levante-ud-real-sociedad/zgbsZgb,Ended,Levante UD,for,1.29,1.38,1.0,4.0,1.0,1.0,0.0,3.0,7.0,10.0,16.0,13.0,349.0,455.0,277.0,388.0,14.0,18.0,12.0,16.0,3.0,3.0,6.0,2.0,0.0,0.0,5.0,2.0,5.0,5.0,5.0,7.0,9.0,9.0,4.0,9.0,0.0,1.0,24.0,19.0,26.0,21.0,4.0,5.0,47.0,53.0,10.0,9.0,32.0,42.0,14.0,10.0,5.0,8.0,12.0,4.0,27.0,47.0,0.0,0.0,0.0,3.0,8.0,4.0,79.4,85.3,0.099,0.077,0.231,0.333,-0.29,-0.38,83.3,66.7
2025-12-20,12:15,77559,LaLiga 25/26,25/26,La Liga,Matchweek 17,Sat,Away,D,1.0,1.0,Levante UD,56.0,,,,,,https://www.sofascore.com/levante-ud-real-sociedad/zgbsZgb,Ended,Real Sociedad,for,1.38,1.29,4.0,1.0,1.0,1.0,3.0,0.0,10.0,7.0,13.0,16.0,455.0,349.0,388.0,277.0,18.0,14.0,16.0,12.0,3.0,3.0,2.0,6.0,0.0,0.0,2.0,5.0,5.0,5.0,7.0,5.0,9.0,9.0,9.0,4.0,1.0,0.0,19.0,24.0,21.0,26.0,5.0,4.0,53.0,47.0,9.0,10.0,42.0,32.0,10.0,14.0,8.0,5.0,4.0,12.0,47.0,27.0,0.0,0.0,3.0,0.0,4.0,8.0,85.3,79.4,0.077,0.099,0.333,0.231,-0.38,-0.29,66.7,83.3
2025-12-20,14:30,77559,LaLiga 25/26,25/26,La Liga,Matchweek 17,Sat,Home,W,3.0,0.0,Deportivo Alavés,47.0,,,,,,https://www.sofascore.com/deportivo-alaves-osasuna/vgbsKhb,Ended,Osasuna,for,2.01,0.57,3.0,2.0,2.0,0.0,1.0,2.0,9.0,0.0,16.0,11.0,375.0,437.0,288.0,345.0,20.0,18.0,10.0,16.0,1.0,2.0,2.0,2.0,0.0,0.0,3.0,4.0,2.0,1.0,7.0,3.0,13.0,6.0,3.0,1.0,0.0,1.0,23.0,10.0,23.0,17.0,6.0,3.0,55.0,45.0,10.0,10.0,36.0,38.0,24.0,12.0,6.0,4.0,3.0,6.0,18.0,37.0,0.0,1.0,0.0,4.0,8.0,12.0,76.8,78.9,0.126,0.081,0.438,0.429,0.99,-0.57,100.0,57.1
2025-12-20,14:30,77559,LaLiga 25/26,25/26,La Liga,Matchweek 17,Sat,Away,L,0.0,3.0,Osasuna,53.0,,,,,,https://www.sofascore.com/deportivo-alaves-osasuna/vgbsKhb,Ended,Deportivo Alavés,for,0.57,2.01,2.0,3.0,0.0,2.0,2.0,1.0,0.0,9.0,11.0,16.0,437.0,375.0,345.0,288.0,18.0,20.0,16.0,10.0,2.0,1.0,2.0,2.0,0.0,0.0,4.0,3.0,1.0,2.0,3.0,7.0,6.0,13.0,1.0,3.0,1.0,0.0,10.0,23.0,17.0,23.0,3.0,6.0,45.0,55.0,10.0,10.0,38.0,36.0,12.0,24.0,4.0,6.0,6.0,3.0,37.0,18.0,1.0,0.0,4.0,0.0,12.0,8.0,78.9,76.8,0.081,0.126,0.429,0.438,-0.57,0.99,57.1,100.0
2025-12-20,17:00,77559,LaLiga 25/26,25/26,La Liga,Matchweek 17,Sat,Home,W,2.0,0.0,Sevilla,53.0,,,,,,https://www.sofascore.com/sevilla-real-madrid/EgbsIgb,Ended,Real Madrid,for,2.33,1.56,6.0,3.0,2.0,0.0,4.0,3.0,6.0,5.0,13.0,19.0,496.0,437.0,445.0,386.0,13.0,16.0,18.0,13.0,1.0,0.0,2.0,6.0,0.0,1.0,5.0,6.0,3.0,4.0,7.0,5.0,15.0,10.0,3.0,4.0,1.0,3.0,36.0,25.0,25.0,18.0,5.0,4.0,63.0,37.0,8.0,6.0,48.0,33.0,16.0,5.0,17.0,5.0,4.0,8.0,13.0,22.0,1.0,2.0,0.0,0.0,6.0,6.0,89.7,88.3,0.129,0.111,0.444,0.357,-0.33,-1.56,100.0,75.0
2025-12-20,17:00,77559,LaLiga 25/26,25/26,La Liga,Matchweek 17,Sat,Away,L,0.0,2.0,Real Madrid,47.0,,,,,,https://www.sofascore.com/sevilla-real-madrid/EgbsIgb,Ended,Sevilla,for,1.56,2.33,3.0,6.0,0.0,2.0,3.0,4.0,5.0,6.0,19.0,13.0,437.0,496.0,386.0,445.0,16.0,13.0,13.0,18.0,0.0,1.0,6.0,2.0,1.0,0.0,6.0,5.0,4.0,3.0,5.0,7.0,10.0,15.0,4.0,3.0,3.0,1.0,25.0,36.0,18.0,25.0,4.0,5.0,37.0,63.0,6.0,8.0,33.0,48.0,5.0,16.0,5.0,17.0,8.0,4.0,22.0,13.0,2.0,1.0,0.0,0.0,6.0,6.0,88.3,89.7,0.111,0.129,0.357,0.444,-1.56,-0.33,75.0,100.0
2025-12-21,10:00,77559,LaLiga 25/26,25/26,La Liga,Matchweek 17,Sun,Home,L,0.0,3.0,Atlético Madrid,51.0,,,,,,https://www.sofascore.com/girona-fc-atletico-madrid/LgbsoKj,Ended,Girona FC,for,1.06,0.9,2.0,2.0,0.0,1.0,2.0,1.0,3.0,4.0,7.0,14.0,521.0,509.0,476.0,454.0,17.0,21.0,14.0,7.0,4.0,3.0,2.0,0.0,0.0,0.0,3.0,2.0,5.0,3.0,2.0,5.0,5.0,9.0,4.0,5.0,2.0,2.0,14.0,28.0,26.0,27.0,0.0,3.0,51.0,49.0,11.0,9.0,36.0,31.0,5.0,8.0,8.0,4.0,11.0,5.0,24.0,17.0,1.0,0.0,1.0,0.0,6.0,6.0,91.4,89.2,0.118,0.064,0.222,0.429,-1.06,2.1,50.0,100.0
2025-12-21,10:00,77559,LaLiga 25/26,25/26,La Liga,Matchweek 17,Sun,Away,W,3.0,0.0,Girona FC,49.0,,,,,,https://www.sofascore.com/girona-fc-atletico-madrid/LgbsoKj,Ended,Atlético Madrid,for,0.9,1.06,2.0,2.0,1.0,0.0,1.0,2.0,4.0,3.0,14.0,7.0,509.0,521.0,454.0,476.0,21.0,17.0,7.0,14.0,3.0,4.0,0.0,2.0,0.0,0.0,2.0,3.0,3.0,5.0,5.0,2.0,9.0,5.0,5.0,4.0,2.0,2.0,28.0,14.0,27.0,26.0,3.0,0.0,49.0,51.0,9.0,11.0,31.0,36.0,8.0,5.0,4.0,8.0,5.0,11.0,17.0,24.0,0.0,1.0,0.0,1.0,6.0,6.0,89.2,91.4,0.064,0.118,0.429,0.222,2.1,-1.06,100.0,50.0
2025-12-21,12:15,77559,LaLiga 25/26,25/26,La Liga,Matchweek 17,Sun,Home,L,0.0,2.0,FC Barcelona,21.0,,,,,,https://www.sofascore.com/villarreal-barcelona/rgbsugb,Ended,Villarreal,for,1.66,2.72,3.0,3.0,0.0,1.0,3.0,2.0,5.0,10.0,10.0,8.0,197.0,798.0,135.0,730.0,14.0,13.0,8.0,9.0,6.0,1.0,1.0,1.0,1.0,0.0,2.0,5.0,3.0,5.0,6.0,9.0,11.0,12.0,3.0,7.0,1.0,1.0,23.0,51.0,17.0,26.0,3.0,5.0,40.0,60.0,6.0,5.0,28.0,39.0,8.0,15.0,6.0,16.0,9.0,6.0,22.0,23.0,0.0,2.0,1.0,0.0,12.0,3.0,68.5,91.5,0.119,0.143,0.357,0.263,-1.66,-0.72,40.0,100.0
2025-12-21,12:15,77559,LaLiga 25/26,25/26,La Liga,Matchweek 17,Sun,Away,W,2.0,0.0,Villarreal,79.0,,,,,,https://www.sofascore.com/villarreal-barcelona/rgbsugb,Ended,FC Barcelona,for,2.72,1.66,3.0,3.0,1.0,0.0,2.0,3.0,10.0,5.0,8.0,10.0,798.0,197.0,730.0,135.0,13.0,14.0,9.0,8.0,1.0,6.0,1.0,1.0,0.0,1.0,5.0,2.0,5.0,3.0,9.0,6.0,12.0,11.0,7.0,3.0,1.0,1.0,51.0,23.0,26.0,17.0,5.0,3.0,60.0,40.0,5.0,6.0,39.0,28.0,15.0,8.0,16.0,6.0,6.0,9.0,23.0,22.0,2.0,0.0,0.0,1.0,3.0,12.0,91.5,68.5,0.143,0.119,0.263,0.357,-0.72,-1.66,100.0,40.0
2025-12-21,14:30,77559,LaLiga 25/26,25/26,La Liga,Matchweek 17,Sun,Home,W,4.0,0.0,Rayo Vallecano,46.0,,,,,,https://www.sofascore.com/elche-rayo-vallecano/tgbsWgb,Ended,Elche,for,2.51,0.95,7.0,3.0,4.0,0.0,3.0,3.0,4.0,5.0,15.0,11.0,343.0,401.0,273.0,327.0,12.0,15.0,11.0,15.0,1.0,4.0,2.0,2.0,1.0,0.0,8.0,2.0,3.0,4.0,9.0,6.0,16.0,8.0,2.0,10.0,0.0,0.0,25.0,20.0,25.0,27.0,8.0,2.0,52.0,48.0,6.0,10.0,34.0,33.0,14.0,11.0,11.0,4.0,6.0,8.0,19.0,16.0,0.0,1.0,0.0,0.0,8.0,7.0,79.6,81.5,0.139,0.053,0.333,0.444,1.49,-0.95,100.0,33.3
2025-12-21,14:30,77559,LaLiga 25/26,25/26,La Liga,Matchweek 17,Sun,Away,L,0.0,4.0,Elche,54.0,,,,,,https://www.sofascore.com/elche-rayo-vallecano/tgbsWgb,Ended,Rayo Vallecano,for,0.95,2.51,3.0,7.0,0.0,4.0,3.0,3.0,5.0,4.0,11.0,15.0,401.0,343.0,327.0,273.0,15.0,12.0,15.0,11.0,4.0,1.0,2.0,2.0,0.0,1.0,2.0,8.0,4.0,3.0,6.0,9.0,8.0,16.0,10.0,2.0,0.0,0.0,20.0,25.0,27.0,25.0,2.0,8.0,48.0,52.0,10.0,6.0,33.0,34.0,11.0,14.0,4.0,11.0,8.0,6.0,16.0,19.0,1.0,0.0,0.0,0.0,7.0,8.0,81.5,79.6,0.053,0.139,0.444,0.333,-0.95,1.49,33.3,100.0
2025-12-21,17:00,77559,LaLiga 25/26,25/26,La Liga,Matchweek 17,Sun,Home,W,4.0,0.0,Getafe,49.0,,,,,,https://www.sofascore.com/getafe-real-betis/qgbsjhb,Ended,Real Betis,for,3.3,1.42,7.0,1.0,3.0,0.0,4.0,1.0,7.0,5.0,13.0,12.0,378.0,390.0,311.0,307.0,19.0,12.0,12.0,12.0,2.0,2.0,0.0,1.0,0.0,0.0,3.0,4.0,2.0,5.0,9.0,7.0,13.0,8.0,6.0,7.0,3.0,0.0,24.0,19.0,16.0,16.0,5.0,4.0,54.0,46.0,3.0,14.0,37.0,31.0,20.0,17.0,7.0,6.0,6.0,12.0,42.0,19.0,1.0,1.0,3.0,2.0,6.0,7.0,82.3,78.7,0.174,0.095,0.421,0.2,0.7,-1.42,100.0,50.0
2025-12-21,17:00,77559,LaLiga 25/26,25/26,La Liga,Matchweek 17,Sun,Away,L,0.0,4.0,Real Betis,51.0,,,,,,https://www.sofascore.com/getafe-real-betis/qgbsjhb,Ended,Getafe,for,1.42,3.3,1.0,7.0,0.0,3.0,1.0,4.0,5.0,7.0,12.0,13.0,390.0,378.0,307.0,311.0,12.0,19.0,12.0,12.0,2.0,2.0,1.0,0.0,0.0,0.0,4.0,3.0,5.0,2.0,7.0,9.0,8.0,13.0,7.0,6.0,0.0,3.0,19.0,24.0,16.0,16.0,4.0,5.0,46.0,54.0,14.0,3.0,31.0,37.0,17.0,20.0,6.0,7.0,12.0,6.0,19.0,42.0,1.0,1.0,2.0,3.0,7.0,6.0,78.7,82.3,0.095,0.174,0.2,0.421,-1.42,0.7,50.0,100.0
2025-12-22,17:00,77559,LaLiga 25/26,25/26,La Liga,Matchweek 17,Mon,Home,L,1.0,2.0,Espanyol,66.0,,,,,,https://www.sofascore.com/athletic-club-espanyol/ogbsAgb,Ended,Athletic Club,for,1.59,0.9,2.0,1.0,1.0,1.0,1.0,0.0,8.0,4.0,8.0,5.0,527.0,280.0,443.0,197.0,11.0,27.0,9.0,10.0,0.0,1.0,5.0,2.0,0.0,0.0,3.0,6.0,6.0,2.0,4.0,3.0,12.0,5.0,5.0,5.0,0.0,0.0,28.0,13.0,20.0,34.0,4.0,3.0,40.0,60.0,12.0,5.0,26.0,41.0,10.0,13.0,6.0,4.0,11.0,11.0,25.0,37.0,1.0,0.0,1.0,2.0,7.0,15.0,84.1,70.4,0.094,0.09,0.412,0.5,-0.59,1.1,60.0,85.7
2025-12-22,17:00,77559,LaLiga 25/26,25/26,La Liga,Matchweek 17,Mon,Away,W,2.0,1.0,Athletic Club,34.0,,,,,,https://www.sofascore.com/athletic-club-espanyol/ogbsAgb,Ended,Espanyol,for,0.9,1.59,1.0,2.0,1.0,1.0,0.0,1.0,4.0,8.0,5.0,8.0,280.0,527.0,197.0,443.0,27.0,11.0,10.0,9.0,1.0,0.0,2.0,5.0,0.0,0.0,6.0,3.0,2.0,6.0,3.0,4.0,5.0,12.0,5.0,5.0,0.0,0.0,13.0,28.0,34.0,20.0,3.0,4.0,60.0,40.0,5.0,12.0,41.0,26.0,13.0,10.0,4.0,6.0,11.0,11.0,37.0,25.0,0.0,1.0,2.0,1.0,15.0,7.0,70.4,84.1,0.09,0.094,0.5,0.412,1.1,-0.59,85.7,60.0
2026-01-02,17:00,77559,LaLiga 25/26,25/26,La Liga,Matchweek 18,Fri,Home,D,1.0,1.0,Getafe,60.0,,,,,,https://www.sofascore.com/getafe-rayo-vallecano/tgbsjhb,Ended,Rayo Vallecano,for,0.96,0.65,0.0,1.0,0.0,1.0,0.0,0.0,3.0,2.0,13.0,10.0,455.0,300.0,349.0,194.0,15.0,17.0,10.0,13.0,5.0,2.0,3.0,4.0,0.0,0.0,3.0,3.0,4.0,2.0,5.0,6.0,6.0,8.0,7.0,4.0,1.0,0.0,14.0,12.0,30.0,24.0,5.0,8.0,46.0,54.0,9.0,8.0,29.0,35.0,22.0,26.0,6.0,5.0,7.0,4.0,29.0,22.0,1.0,0.0,0.0,0.0,10.0,11.0,76.7,64.7,0.074,0.054,0.308,0.333,0.04,0.35,75.0,75.0
2026-01-02,17:00,77559,LaLiga 25/26,25/26,La Liga,Matchweek 18,Fri,Away,D,1.0,1.0,Rayo Vallecano,40.0,,,,,,https://www.sofascore.com/getafe-rayo-vallecano/tgbsjhb,Ended,Getafe,for,0.65,0.96,1.0,0.0,1.0,0.0,0.0,0.0,2.0,3.0,10.0,13.0,300.0,455.0,194.0,349.0,17.0,15.0,13.0,10.0,2.0,5.0,4.0,3.0,0.0,0.0,3.0,3.0,2.0,4.0,6.0,5.0,8.0,6.0,4.0,7.0,0.0,1.0,12.0,14.0,24.0,30.0,8.0,5.0,54.0,46.0,8.0,9.0,35.0,29.0,26.0,22.0,5.0,6.0,4.0,7.0,22.0,29.0,0.0,1.0,0.0,0.0,11.0,10.0,64.7,76.7,0.054,0.074,0.333,0.308,0.35,0.04,75.0,75.0
2026-01-03,10:00,77559,LaLiga 25/26,25/26,La Liga,Matchweek 18,Sat,Home,W,4.0,1.0,Valencia,40.0,,,,,,https://www.sofascore.com/valencia-celta-vigo/wgbsDgb,Ended,Celta Vigo,for,2.7,1.94,5.0,2.0,3.0,0.0,2.0,2.0,2.0,4.0,10.0,9.0,394.0,574.0,338.0,515.0,13.0,9.0,8.0,9.0,2.0,2.0,1.0,3.0,0.0,0.0,4.0,2.0,1.0,3.0,5.0,8.0,10.0,10.0,2.0,6.0,2.0,0.0,25.0,29.0,23.0,11.0,4.0,9.0,49.0,51.0,4.0,10.0,31.0,34.0,8.0,6.0,9.0,15.0,8.0,7.0,23.0,13.0,0.0,1.0,0.0,0.0,5.0,8.0,85.8,89.7,0.225,0.121,0.5,0.312,1.3,-0.94,80.0,33.3
2026-01-03,10:00,77559,LaLiga 25/26,25/26,La Liga,Matchweek 18,Sat,Away,L,1.0,4.0,Celta Vigo,60.0,,,,,,https://www.sofascore.com/valencia-celta-vigo/wgbsDgb,Ended,Valencia,for,1.94,2.7,2.0,5.0,0.0,3.0,2.0,2.0,4.0,2.0,9.0,10.0,574.0,394.0,515.0,338.0,9.0,13.0,9.0,8.0,2.0,2.0,3.0,1.0,0.0,0.0,2.0,4.0,3.0,1.0,8.0,5.0,10.0,10.0,6.0,2.0,0.0,2.0,29.0,25.0,11.0,23.0,9.0,4.0,51.0,49.0,10.0,4.0,34.0,31.0,6.0,8.0,15.0,9.0,7.0,8.0,13.0,23.0,1.0,0.0,0.0,0.0,8.0,5.0,89.7,85.8,0.121,0.225,0.312,0.5,-0.94,1.3,33.3,80.0
2026-01-03,12:15,77559,LaLiga 25/26,25/26,La Liga,Matchweek 18,Sat,Home,D,1.0,1.0,Athletic Club,49.0,,,,,,https://www.sofascore.com/athletic-club-osasuna/vgbsAgb,Ended,Osasuna,for,0.67,1.46,1.0,2.0,0.0,1.0,1.0,1.0,1.0,9.0,12.0,19.0,415.0,420.0,328.0,336.0,18.0,14.0,19.0,12.0,2.0,0.0,3.0,3.0,0.0,0.0,5.0,3.0,3.0,4.0,4.0,6.0,4.0,11.0,7.0,5.0,0.0,2.0,15.0,33.0,30.0,28.0,3.0,6.0,54.0,46.0,5.0,5.0,48.0,35.0,11.0,15.0,12.0,9.0,12.0,10.0,35.0,17.0,1.0,0.0,0.0,0.0,12.0,6.0,79.0,80.0,0.061,0.091,0.364,0.375,0.33,-0.46,83.3,75.0
2026-01-03,12:15,77559,LaLiga 25/26,25/26,La Liga,Matchweek 18,Sat,Away,D,1.0,1.0,Osasuna,51.0,,,,,,https://www.sofascore.com/athletic-club-osasuna/vgbsAgb,Ended,Athletic Club,for,1.46,0.67,2.0,1.0,1.0,0.0,1.0,1.0,9.0,1.0,19.0,12.0,420.0,415.0,336.0,328.0,14.0,18.0,12.0,19.0,0.0,2.0,3.0,3.0,0.0,0.0,3.0,5.0,4.0,3.0,6.0,4.0,11.0,4.0,5.0,7.0,2.0,0.0,33.0,15.0,28.0,30.0,6.0,3.0,46.0,54.0,5.0,5.0,35.0,48.0,15.0,11.0,9.0,12.0,10.0,12.0,17.0,35.0,0.0,1.0,0.0,0.0,6.0,12.0,80.0,79.0,0.091,0.061,0.375,0.364,-0.46,0.33,75.0,83.3
2026-01-03,14:30,77559,LaLiga 25/26,25/26,La Liga,Matchweek 18,Sat,Home,L,1.0,3.0,Villarreal,78.0,,,,,,https://www.sofascore.com/elche-villarreal/ugbsWgb,Ended,Elche,for,1.32,1.74,2.0,6.0,0.0,3.0,2.0,3.0,6.0,2.0,8.0,11.0,769.0,220.0,706.0,164.0,17.0,22.0,11.0,8.0,1.0,2.0,3.0,3.0,0.0,0.0,1.0,1.0,6.0,2.0,8.0,6.0,12.0,10.0,4.0,2.0,0.0,4.0,32.0,19.0,26.0,20.0,6.0,1.0,53.0,47.0,10.0,8.0,42.0,37.0,13.0,11.0,14.0,7.0,10.0,5.0,6.0,43.0,0.0,0.0,0.0,2.0,7.0,15.0,91.8,74.5,0.083,0.145,0.125,0.333,-0.32,1.26,25.0,50.0
2026-01-03,14:30,77559,LaLiga 25/26,25/26,La Liga,Matchweek 18,Sat,Away,W,3.0,1.0,Elche,22.0,,,,,,https://www.sofascore.com/elche-villarreal/ugbsWgb,Ended,Villarreal,for,1.74,1.32,6.0,2.0,3.0,0.0,3.0,2.0,2.0,6.0,11.0,8.0,220.0,769.0,164.0,706.0,22.0,17.0,8.0,11.0,2.0,1.0,3.0,3.0,0.0,0.0,1.0,1.0,2.0,6.0,6.0,8.0,10.0,12.0,2.0,4.0,4.0,0.0,19.0,32.0,20.0,26.0,1.0,6.0,47.0,53.0,8.0,10.0,37.0,42.0,11.0,13.0,7.0,14.0,5.0,10.0,43.0,6.0,0.0,0.0,2.0,0.0,15.0,7.0,74.5,91.8,0.145,0.083,0.333,0.125,1.26,-0.32,50.0,25.0
2026-01-03,17:00,77559,LaLiga 25/26,25/26,La Liga,Matchweek 18,Sat,Home,L,0.0,2.0,FC Barcelona,31.0,,,,,,https://www.sofascore.com/barcelona-espanyol/ogbsrgb,Ended,Espanyol,for,1.6,1.94,3.0,5.0,0.0,1.0,3.0,4.0,5.0,7.0,10.0,14.0,249.0,560.0,179.0,496.0,18.0,18.0,14.0,10.0,4.0,2.0,1.0,0.0,0.0,0.0,4.0,6.0,6.0,4.0,1.0,5.0,12.0,11.0,2.0,4.0,2.0,1.0,24.0,27.0,18.0,16.0,4.0,4.0,49.0,51.0,7.0,6.0,39.0,39.0,7.0,9.0,8.0,11.0,10.0,9.0,18.0,19.0,0.0,1.0,1.0,0.0,9.0,2.0,71.9,88.6,0.114,0.129,0.5,0.4,-1.6,0.06,66.7,85.7
2026-01-03,17:00,77559,LaLiga 25/26,25/26,La Liga,Matchweek 18,Sat,Away,W,2.0,0.0,Espanyol,69.0,,,,,,https://www.sofascore.com/barcelona-espanyol/ogbsrgb,Ended,FC Barcelona,for,1.94,1.6,5.0,3.0,1.0,0.0,4.0,3.0,7.0,5.0,14.0,10.0,560.0,249.0,496.0,179.0,18.0,18.0,10.0,14.0,2.0,4.0,0.0,1.0,0.0,0.0,6.0,4.0,4.0,6.0,5.0,1.0,11.0,12.0,4.0,2.0,1.0,2.0,27.0,24.0,16.0,18.0,4.0,4.0,51.0,49.0,6.0,7.0,39.0,39.0,9.0,7.0,11.0,8.0,9.0,10.0,19.0,18.0,1.0,0.0,0.0,1.0,2.0,9.0,88.6,71.9,0.129,0.114,0.4,0.5,0.06,-1.6,85.7,66.7
2026-01-04,10:00,77559,LaLiga 25/26,25/26,La Liga,Matchweek 18,Sun,Home,L,0.0,3.0,Levante UD,64.0,,,,,,https://www.sofascore.com/levante-ud-sevilla/IgbsZgb,Ended,Sevilla,for,1.7,1.03,3.0,4.0,0.0,3.0,3.0,1.0,5.0,1.0,16.0,10.0,509.0,285.0,439.0,203.0,11.0,18.0,9.0,16.0,2.0,0.0,3.0,4.0,0.0,0.0,1.0,7.0,5.0,1.0,3.0,1.0,12.0,4.0,3.0,2.0,1.0,1.0,32.0,7.0,26.0,19.0,6.0,3.0,48.0,52.0,4.0,4.0,25.0,34.0,16.0,11.0,5.0,3.0,12.0,6.0,19.0,31.0,0.0,0.0,0.0,2.0,2.0,8.0,86.2,71.2,0.113,0.172,0.467,0.667,-1.7,1.97,25.0,100.0
2026-01-04,10:00,77559,LaLiga 25/26,25/26,La Liga,Matchweek 18,Sun,Away,W,3.0,0.0,Sevilla,36.0,,,,,,https://www.sofascore.com/levante-ud-sevilla/IgbsZgb,Ended,Levante UD,for,1.03,1.7,4.0,3.0,3.0,0.0,1.0,3.0,1.0,5.0,10.0,16.0,285.0,509.0,203.0,439.0,18.0,11.0,16.0,9.0,0.0,2.0,4.0,3.0,0.0,0.0,7.0,1.0,1.0,5.0,1.0,3.0,4.0,12.0,2.0,3.0,1.0,1.0,7.0,32.0,19.0,26.0,3.0,6.0,52.0,48.0,4.0,4.0,34.0,25.0,11.0,16.0,3.0,5.0,6.0,12.0,31.0,19.0,0.0,0.0,2.0,0.0,8.0,2.0,71.2,86.2,0.172,0.113,0.667,0.467,1.97,-1.7,100.0,25.0
2026-01-04,12:15,77559,LaLiga 25/26,25/26,La Liga,Matchweek 18,Sun,Home,W,5.0,1.0,Real Betis,61.0,,,,,,https://www.sofascore.com/real-madrid-real-betis/qgbsEgb,Ended,Real Madrid,for,2.94,1.06,6.0,1.0,4.0,1.0,2.0,0.0,5.0,8.0,10.0,12.0,638.0,403.0,586.0,346.0,15.0,14.0,12.0,10.0,2.0,0.0,1.0,1.0,0.0,0.0,4.0,4.0,5.0,2.0,5.0,6.0,12.0,8.0,7.0,5.0,1.0,2.0,35.0,24.0,16.0,17.0,5.0,2.0,57.0,43.0,4.0,9.0,44.0,30.0,6.0,7.0,17.0,6.0,5.0,11.0,17.0,18.0,0.0,2.0,3.0,1.0,7.0,5.0,91.8,85.9,0.155,0.082,0.474,0.385,2.06,-0.06,80.0,44.4
2026-01-04,12:15,77559,LaLiga 25/26,25/26,La Liga,Matchweek 18,Sun,Away,L,1.0,5.0,Real Madrid,39.0,,,,,,https://www.sofascore.com/real-madrid-real-betis/qgbsEgb,Ended,Real Betis,for,1.06,2.94,1.0,6.0,1.0,4.0,0.0,2.0,8.0,5.0,12.0,10.0,403.0,638.0,346.0,586.0,14.0,15.0,10.0,12.0,0.0,2.0,1.0,1.0,0.0,0.0,4.0,4.0,2.0,5.0,6.0,5.0,8.0,12.0,5.0,7.0,2.0,1.0,24.0,35.0,17.0,16.0,2.0,5.0,43.0,57.0,9.0,4.0,30.0,44.0,7.0,6.0,6.0,17.0,11.0,5.0,18.0,17.0,2.0,0.0,1.0,3.0,5.0,7.0,85.9,91.8,0.082,0.155,0.385,0.474,-0.06,2.06,44.4,80.0
2026-01-04,14:30,77559,LaLiga 25/26,25/26,La Liga,Matchweek 18,Sun,Home,L,1.0,2.0,Girona FC,49.0,,,,,,https://www.sofascore.com/girona-fc-mallorca/BgbsoKj,Ended,Mallorca,for,1.26,1.51,2.0,2.0,1.0,1.0,1.0,1.0,3.0,6.0,10.0,14.0,442.0,473.0,359.0,391.0,18.0,19.0,13.0,9.0,2.0,0.0,2.0,1.0,0.0,0.0,3.0,1.0,3.0,3.0,4.0,2.0,7.0,7.0,2.0,2.0,0.0,1.0,27.0,18.0,27.0,12.0,2.0,0.0,51.0,49.0,10.0,10.0,42.0,36.0,6.0,11.0,10.0,7.0,8.0,8.0,16.0,28.0,0.0,0.0,0.0,1.0,2.0,9.0,81.2,82.7,0.14,0.168,0.222,0.444,-0.26,0.49,75.0,50.0
2026-01-04,14:30,77559,LaLiga 25/26,25/26,La Liga,Matchweek 18,Sun,Away,W,2.0,1.0,Mallorca,51.0,,,,,,https://www.sofascore.com/girona-fc-mallorca/BgbsoKj,Ended,Girona FC,for,1.51,1.26,2.0,2.0,1.0,1.0,1.0,1.0,6.0,3.0,14.0,10.0,473.0,442.0,391.0,359.0,19.0,18.0,9.0,13.0,0.0,2.0,1.0,2.0,0.0,0.0,1.0,3.0,3.0,3.0,2.0,4.0,7.0,7.0,2.0,2.0,1.0,0.0,18.0,27.0,12.0,27.0,0.0,2.0,49.0,51.0,10.0,10.0,36.0,42.0,11.0,6.0,7.0,10.0,8.0,8.0,28.0,16.0,0.0,0.0,1.0,0.0,9.0,2.0,82.7,81.2,0.168,0.14,0.444,0.222,0.49,-0.26,50.0,75.0
2026-01-04,14:30,77559,LaLiga 25/26,25/26,La Liga,Matchweek 18,Sun,Home,D,1.0,1.0,Real Oviedo,57.0,,,,,,https://www.sofascore.com/deportivo-alaves-real-oviedo/bhbsKhb,Ended,Deportivo Alavés,for,1.83,2.44,4.0,6.0,0.0,1.0,4.0,5.0,6.0,7.0,11.0,20.0,442.0,342.0,363.0,258.0,19.0,22.0,20.0,11.0,0.0,0.0,3.0,3.0,1.0,1.0,5.0,6.0,3.0,5.0,9.0,7.0,8.0,10.0,11.0,8.0,0.0,0.0,24.0,28.0,31.0,30.0,7.0,3.0,50.0,50.0,8.0,11.0,46.0,45.0,21.0,22.0,10.0,14.0,6.0,12.0,29.0,35.0,2.0,1.0,0.0,1.0,9.0,8.0,82.1,75.4,0.096,0.136,0.368,0.333,-0.83,-1.44,83.3,85.7
2026-01-04,14:30,77559,LaLiga 25/26,25/26,La Liga,Matchweek 18,Sun,Away,D,1.0,1.0,Deportivo Alavés,43.0,,,,,,https://www.sofascore.com/deportivo-alaves-real-oviedo/bhbsKhb,Ended,Real Oviedo,for,2.44,1.83,6.0,4.0,1.0,0.0,5.0,4.0,7.0,6.0,20.0,11.0,342.0,442.0,258.0,363.0,22.0,19.0,11.0,20.0,0.0,0.0,3.0,3.0,1.0,1.0,6.0,5.0,5.0,3.0,7.0,9.0,10.0,8.0,8.0,11.0,0.0,0.0,28.0,24.0,30.0,31.0,3.0,7.0,50.0,50.0,11.0,8.0,45.0,46.0,22.0,21.0,14.0,10.0,12.0,6.0,35.0,29.0,1.0,2.0,1.0,0.0,8.0,9.0,75.4,82.1,0.136,0.096,0.333,0.368,-1.44,-0.83,85.7,83.3
2026-01-04,17:00,77559,LaLiga 25/26,25/26,La Liga,Matchweek 18,Sun,Home,D,1.0,1.0,Atlético Madrid,45.0,,,,,,https://www.sofascore.com/atletico-madrid-real-sociedad/zgbsLgb,Ended,Real Sociedad,for,1.73,1.25,2.0,3.0,1.0,1.0,1.0,2.0,6.0,6.0,11.0,13.0,414.0,506.0,343.0,430.0,27.0,11.0,13.0,11.0,3.0,2.0,3.0,2.0,0.0,0.0,1.0,7.0,5.0,2.0,5.0,6.0,8.0,7.0,10.0,3.0,1.0,0.0,25.0,26.0,16.0,35.0,1.0,8.0,56.0,44.0,8.0,15.0,51.0,26.0,10.0,22.0,11.0,6.0,6.0,7.0,16.0,27.0,0.0,3.0,1.0,0.0,8.0,11.0,82.9,85.0,0.096,0.125,0.444,0.2,-0.73,-0.25,50.0,87.5
2026-01-04,17:00,77559,LaLiga 25/26,25/26,La Liga,Matchweek 18,Sun,Away,D,1.0,1.0,Real Sociedad,55.0,,,,,,https://www.sofascore.com/atletico-madrid-real-sociedad/zgbsLgb,Ended,Atlético Madrid,for,1.25,1.73,3.0,2.0,1.0,1.0,2.0,1.0,6.0,6.0,13.0,11.0,506.0,414.0,430.0,343.0,11.0,27.0,11.0,13.0,2.0,3.0,2.0,3.0,0.0,0.0,7.0,1.0,2.0,5.0,6.0,5.0,7.0,8.0,3.0,10.0,0.0,1.0,26.0,25.0,35.0,16.0,8.0,1.0,44.0,56.0,15.0,8.0,26.0,51.0,22.0,10.0,6.0,11.0,7.0,6.0,27.0,16.0,3.0,0.0,0.0,1.0,11.0,8.0,85.0,82.9,0.125,0.096,0.2,0.444,-0.25,-0.73,87.5,50.0
2026-01-09,17:00,77559,LaLiga 25/26,25/26,La Liga,Matchweek 19,Fri,Home,L,1.0,2.0,Real Sociedad,43.0,,,,,,https://www.sofascore.com/getafe-real-sociedad/zgbsjhb,Ended,Getafe,for,0.27,1.56,1.0,3.0,0.0,1.0,1.0,2.0,2.0,4.0,17.0,17.0,330.0,446.0,229.0,358.0,20.0,23.0,17.0,17.0,4.0,2.0,2.0,1.0,0.0,0.0,3.0,2.0,1.0,2.0,2.0,5.0,3.0,6.0,3.0,6.0,0.0,2.0,5.0,20.0,26.0,28.0,2.0,3.0,48.0,52.0,19.0,12.0,51.0,50.0,18.0,25.0,15.0,11.0,8.0,11.0,33.0,17.0,1.0,0.0,0.0,0.0,9.0,10.0,69.4,80.3,0.045,0.13,0.5,0.417,0.73,0.44,60.0,66.7
2026-01-09,17:00,77559,LaLiga 25/26,25/26,La Liga,Matchweek 19,Fri,Away,W,2.0,1.0,Getafe,57.0,,,,,,https://www.sofascore.com/getafe-real-sociedad/zgbsjhb,Ended,Real Sociedad,for,1.56,0.27,3.0,1.0,1.0,0.0,2.0,1.0,4.0,2.0,17.0,17.0,446.0,330.0,358.0,229.0,23.0,20.0,17.0,17.0,2.0,4.0,1.0,2.0,0.0,0.0,2.0,3.0,2.0,1.0,5.0,2.0,6.0,3.0,6.0,3.0,2.0,0.0,20.0,5.0,28.0,26.0,3.0,2.0,52.0,48.0,12.0,19.0,50.0,51.0,25.0,18.0,11.0,15.0,11.0,8.0,17.0,33.0,0.0,1.0,0.0,0.0,10.0,9.0,80.3,69.4,0.13,0.045,0.417,0.5,0.44,0.73,66.7,60.0
2026-01-10,10:00,77559,LaLiga 25/26,25/26,La Liga,Matchweek 19,Sat,Home,D,1.0,1.0,Real Betis,42.0,,,,,,https://www.sofascore.com/real-oviedo-real-betis/qgbsbhb,Ended,Real Oviedo,for,1.24,2.24,1.0,7.0,0.0,1.0,1.0,6.0,5.0,2.0,15.0,8.0,393.0,564.0,314.0,480.0,19.0,17.0,8.0,15.0,2.0,1.0,3.0,1.0,0.0,0.0,5.0,2.0,5.0,2.0,5.0,7.0,8.0,10.0,5.0,5.0,0.0,0.0,18.0,36.0,26.0,32.0,8.0,5.0,52.0,48.0,9.0,7.0,36.0,39.0,13.0,7.0,10.0,10.0,5.0,11.0,22.0,27.0,3.0,0.0,0.0,1.0,10.0,7.0,79.9,85.1,0.095,0.149,0.231,0.4,-0.24,-1.24,83.3,66.7
2026-01-10,10:00,77559,LaLiga 25/26,25/26,La Liga,Matchweek 19,Sat,Away,D,1.0,1.0,Real Oviedo,58.0,,,,,,https://www.sofascore.com/real-oviedo-real-betis/qgbsbhb,Ended,Real Betis,for,2.24,1.24,7.0,1.0,1.0,0.0,6.0,1.0,2.0,5.0,8.0,15.0,564.0,393.0,480.0,314.0,17.0,19.0,15.0,8.0,1.0,2.0,1.0,3.0,0.0,0.0,2.0,5.0,2.0,5.0,7.0,5.0,10.0,8.0,5.0,5.0,0.0,0.0,36.0,18.0,32.0,26.0,5.0,8.0,48.0,52.0,7.0,9.0,39.0,36.0,7.0,13.0,10.0,10.0,11.0,5.0,27.0,22.0,0.0,3.0,1.0,0.0,7.0,10.0,85.1,79.9,0.149,0.095,0.4,0.231,-1.24,-0.24,66.7,83.3
2026-01-10,12:15,77559,LaLiga 25/26,25/26,La Liga,Matchweek 19,Sat,Home,W,3.0,1.0,Deportivo Alavés,44.0,,,,,,https://www.sofascore.com/deportivo-alaves-villarreal/ugbsKhb,Ended,Villarreal,for,1.5,0.94,2.0,1.0,1.0,0.0,1.0,1.0,1.0,6.0,10.0,14.0,446.0,543.0,350.0,450.0,22.0,19.0,14.0,10.0,0.0,0.0,0.0,2.0,0.0,0.0,4.0,1.0,2.0,4.0,5.0,7.0,9.0,8.0,2.0,8.0,1.0,0.0,19.0,21.0,25.0,27.0,0.0,4.0,55.0,45.0,11.0,12.0,43.0,38.0,18.0,11.0,7.0,9.0,10.0,11.0,27.0,18.0,1.0,0.0,2.0,1.0,8.0,5.0,78.5,82.9,0.136,0.059,0.364,0.312,1.5,0.06,80.0,25.0
2026-01-10,12:15,77559,LaLiga 25/26,25/26,La Liga,Matchweek 19,Sat,Away,L,1.0,3.0,Villarreal,56.0,,,,,,https://www.sofascore.com/deportivo-alaves-villarreal/ugbsKhb,Ended,Deportivo Alavés,for,0.94,1.5,1.0,2.0,0.0,1.0,1.0,1.0,6.0,1.0,14.0,10.0,543.0,446.0,450.0,350.0,19.0,22.0,10.0,14.0,0.0,0.0,2.0,0.0,0.0,0.0,1.0,4.0,4.0,2.0,7.0,5.0,8.0,9.0,8.0,2.0,0.0,1.0,21.0,19.0,27.0,25.0,4.0,0.0,45.0,55.0,12.0,11.0,38.0,43.0,11.0,18.0,9.0,7.0,11.0,10.0,18.0,27.0,0.0,1.0,1.0,2.0,5.0,8.0,82.9,78.5,0.059,0.136,0.312,0.364,0.06,1.5,25.0,80.0
2026-01-10,14:30,77559,LaLiga 25/26,25/26,La Liga,Matchweek 19,Sat,Home,W,1.0,0.0,Osasuna,46.0,,,,,,https://www.sofascore.com/girona-fc-osasuna/vgbsoKj,Ended,Girona FC,for,0.65,1.41,1.0,1.0,1.0,0.0,0.0,1.0,2.0,1.0,14.0,13.0,444.0,501.0,369.0,429.0,28.0,10.0,13.0,14.0,3.0,2.0,2.0,6.0,1.0,0.0,0.0,3.0,1.0,1.0,3.0,11.0,5.0,10.0,3.0,2.0,0.0,0.0,17.0,31.0,31.0,27.0,0.0,7.0,63.0,37.0,4.0,18.0,51.0,28.0,15.0,11.0,10.0,5.0,4.0,2.0,34.0,18.0,0.0,0.0,0.0,0.0,12.0,4.0,83.1,85.6,0.081,0.117,0.5,0.0,0.35,-1.41,,75.0
2026-01-10,14:30,77559,LaLiga 25/26,25/26,La Liga,Matchweek 19,Sat,Away,L,0.0,1.0,Girona FC,54.0,,,,,,https://www.sofascore.com/girona-fc-osasuna/vgbsoKj,Ended,Osasuna,for,1.41,0.65,1.0,1.0,0.0,1.0,1.0,0.0,1.0,2.0,13.0,14.0,501.0,444.0,429.0,369.0,10.0,28.0,14.0,13.0,2.0,3.0,6.0,2.0,0.0,1.0,3.0,0.0,1.0,1.0,11.0,3.0,10.0,5.0,2.0,3.0,0.0,0.0,31.0,17.0,27.0,31.0,7.0,0.0,37.0,63.0,18.0,4.0,28.0,51.0,11.0,15.0,5.0,10.0,2.0,4.0,18.0,34.0,0.0,0.0,0.0,0.0,4.0,12.0,85.6,83.1,0.117,0.081,0.0,0.5,-1.41,0.35,75.0,
2026-01-10,17:00,77559,LaLiga 25/26,25/26,La Liga,Matchweek 19,Sat,Home,D,1.0,1.0,Elche,39.0,,,,,,https://www.sofascore.com/elche-valencia/DgbsWgb,Ended,Valencia,for,1.94,0.18,2.0,0.0,1.0,0.0,1.0,0.0,8.0,6.0,14.0,14.0,311.0,510.0,240.0,438.0,13.0,18.0,13.0,14.0,3.0,5.0,2.0,3.0,0.0,0.0,0.0,3.0,3.0,2.0,9.0,2.0,11.0,3.0,5.0,2.0,0.0,0.0,28.0,16.0,18.0,27.0,3.0,4.0,48.0,52.0,11.0,7.0,36.0,36.0,11.0,15.0,11.0,4.0,9.0,11.0,24.0,34.0,0.0,1.0,1.0,2.0,1.0,12.0,77.2,85.9,0.121,0.036,0.25,0.2,-0.94,0.82,0.0,75.0
2026-01-10,17:00,77559,LaLiga 25/26,25/26,La Liga,Matchweek 19,Sat,Away,D,1.0,1.0,Valencia,61.0,,,,,,https://www.sofascore.com/elche-valencia/DgbsWgb,Ended,Elche,for,0.18,1.94,0.0,2.0,0.0,1.0,0.0,1.0,6.0,8.0,14.0,14.0,510.0,311.0,438.0,240.0,18.0,13.0,14.0,13.0,5.0,3.0,3.0,2.0,0.0,0.0,3.0,0.0,2.0,3.0,2.0,9.0,3.0,11.0,2.0,5.0,0.0,0.0,16.0,28.0,27.0,18.0,4.0,3.0,52.0,48.0,7.0,11.0,36.0,36.0,15.0,11.0,4.0,11.0,11.0,9.0,34.0,24.0,1.0,0.0,2.0,1.0,12.0,1.0,85.9,77.2,0.036,0.121,0.2,0.25,0.82,-0.94,75.0,0.0
2026-01-11,10:00,77559,LaLiga 25/26,25/26,La Liga,Matchweek 19,Sun,Home,W,2.0,1.0,Mallorca,53.0,,,,,,https://www.sofascore.com/mallorca-rayo-vallecano/tgbsBgb,Ended,Rayo Vallecano,for,2.37,0.72,2.0,2.0,2.0,1.0,0.0,1.0,6.0,5.0,14.0,14.0,371.0,321.0,284.0,233.0,20.0,11.0,13.0,14.0,2.0,1.0,1.0,5.0,1.0,0.0,1.0,3.0,2.0,2.0,7.0,5.0,9.0,7.0,5.0,2.0,0.0,0.0,18.0,10.0,22.0,24.0,5.0,8.0,57.0,43.0,3.0,11.0,37.0,28.0,16.0,12.0,5.0,4.0,7.0,6.0,26.0,28.0,0.0,0.0,1.0,0.0,9.0,10.0,76.5,72.6,0.169,0.08,0.357,0.222,-0.37,0.28,50.0,60.0
2026-01-11,10:00,77559,LaLiga 25/26,25/26,La Liga,Matchweek 19,Sun,Away,L,1.0,2.0,Rayo Vallecano,47.0,,,,,,https://www.sofascore.com/mallorca-rayo-vallecano/tgbsBgb,Ended,Mallorca,for,0.72,2.37,2.0,2.0,1.0,2.0,1.0,0.0,5.0,6.0,14.0,14.0,321.0,371.0,233.0,284.0,11.0,20.0,14.0,13.0,1.0,2.0,5.0,1.0,0.0,1.0,3.0,1.0,2.0,2.0,5.0,7.0,7.0,9.0,2.0,5.0,0.0,0.0,10.0,18.0,24.0,22.0,8.0,5.0,43.0,57.0,11.0,3.0,28.0,37.0,12.0,16.0,4.0,5.0,6.0,7.0,28.0,26.0,0.0,0.0,0.0,1.0,10.0,9.0,72.6,76.5,0.08,0.169,0.222,0.357,0.28,-0.37,60.0,50.0
2026-01-11,12:15,77559,LaLiga 25/26,25/26,La Liga,Matchweek 19,Sun,Home,D,1.0,1.0,Espanyol,49.0,,,,,,https://www.sofascore.com/levante-ud-espanyol/ogbsZgb,Ended,Levante UD,for,1.11,1.36,2.0,2.0,1.0,0.0,1.0,2.0,4.0,3.0,10.0,9.0,423.0,431.0,350.0,364.0,17.0,27.0,9.0,10.0,2.0,2.0,0.0,1.0,0.0,0.0,2.0,1.0,3.0,6.0,3.0,10.0,6.0,13.0,2.0,6.0,1.0,0.0,18.0,29.0,32.0,18.0,1.0,4.0,41.0,59.0,18.0,10.0,30.0,45.0,12.0,15.0,5.0,8.0,11.0,9.0,20.0,26.0,0.0,1.0,2.0,0.0,11.0,9.0,82.7,84.5,0.139,0.072,0.25,0.158,-0.11,-0.36,66.7,50.0
2026-01-11,12:15,77559,LaLiga 25/26,25/26,La Liga,Matchweek 19,Sun,Away,D,1.0,1.0,Levante UD,51.0,,,,,,https://www.sofascore.com/levante-ud-espanyol/ogbsZgb,Ended,Espanyol,for,1.36,1.11,2.0,2.0,0.0,1.0,2.0,1.0,3.0,4.0,9.0,10.0,431.0,423.0,364.0,350.0,27.0,17.0,10.0,9.0,2.0,2.0,1.0,0.0,0.0,0.0,1.0,2.0,6.0,3.0,10.0,3.0,13.0,6.0,6.0,2.0,0.0,1.0,29.0,18.0,18.0,32.0,4.0,1.0,59.0,41.0,10.0,18.0,45.0,30.0,15.0,12.0,8.0,5.0,9.0,11.0,26.0,20.0,1.0,0.0,0.0,2.0,9.0,11.0,84.5,82.7,0.072,0.139,0.158,0.25,-0.36,-0.11,50.0,66.7
2026-01-12,17:00,77559,LaLiga 25/26,25/26,La Liga,Matchweek 19,Mon,Home,L,0.0,1.0,Celta Vigo,59.0,,,,,,https://www.sofascore.com/sevilla-celta-vigo/wgbsIgb,Ended,Sevilla,for,0.27,1.63,0.0,2.0,0.0,1.0,0.0,1.0,6.0,1.0,16.0,16.0,451.0,336.0,392.0,266.0,17.0,7.0,16.0,15.0,4.0,0.0,3.0,3.0,0.0,0.0,6.0,2.0,3.0,0.0,2.0,2.0,3.0,7.0,4.0,2.0,0.0,3.0,22.0,12.0,26.0,13.0,7.0,0.0,55.0,45.0,3.0,10.0,39.0,30.0,6.0,7.0,7.0,9.0,11.0,6.0,8.0,24.0,0.0,1.0,0.0,1.0,3.0,9.0,86.9,79.2,0.039,0.181,0.286,0.778,-0.27,-0.63,85.7,100.0
2026-01-12,17:00,77559,LaLiga 25/26,25/26,La Liga,Matchweek 19,Mon,Away,W,1.0,0.0,Sevilla,41.0,,,,,,https://www.sofascore.com/sevilla-celta-vigo/wgbsIgb,Ended,Celta Vigo,for,1.63,0.27,2.0,0.0,1.0,0.0,1.0,0.0,1.0,6.0,16.0,16.0,336.0,451.0,266.0,392.0,7.0,17.0,15.0,16.0,0.0,4.0,3.0,3.0,0.0,0.0,2.0,6.0,0.0,3.0,2.0,2.0,7.0,3.0,2.0,4.0,3.0,0.0,12.0,22.0,13.0,26.0,0.0,7.0,45.0,55.0,10.0,3.0,30.0,39.0,7.0,6.0,9.0,7.0,6.0,11.0,24.0,8.0,1.0,0.0,1.0,0.0,9.0,3.0,79.2,86.9,0.181,0.039,0.778,0.286,-0.63,-0.27,100.0,85.7
2026-01-16,17:00,77559,LaLiga 25/26,25/26,La Liga,Matchweek 20,Fri,Home,L,0.0,2.0,Girona FC,49.0,,,,,,https://www.sofascore.com/girona-fc-espanyol/ogbsoKj,Ended,Espanyol,for,1.07,1.95,3.0,2.0,0.0,2.0,3.0,0.0,5.0,4.0,17.0,17.0,393.0,425.0,319.0,351.0,19.0,19.0,17.0,15.0,1.0,4.0,5.0,5.0,0.0,0.0,2.0,2.0,3.0,1.0,9.0,2.0,8.0,6.0,6.0,1.0,0.0,0.0,21.0,19.0,21.0,33.0,6.0,4.0,50.0,50.0,11.0,9.0,42.0,43.0,14.0,14.0,8.0,8.0,7.0,6.0,11.0,30.0,0.0,0.0,0.0,2.0,4.0,12.0,81.2,82.6,0.076,0.279,0.143,0.571,-1.07,0.05,50.0,100.0
2026-01-16,17:00,77559,LaLiga 25/26,25/26,La Liga,Matchweek 20,Fri,Away,W,2.0,0.0,Espanyol,51.0,,,,,,https://www.sofascore.com/girona-fc-espanyol/ogbsoKj,Ended,Girona FC,for,1.95,1.07,2.0,3.0,2.0,0.0,0.0,3.0,4.0,5.0,17.0,17.0,425.0,393.0,351.0,319.0,19.0,19.0,15.0,17.0,4.0,1.0,5.0,5.0,0.0,0.0,2.0,2.0,1.0,3.0,2.0,9.0,6.0,8.0,1.0,6.0,0.0,0.0,19.0,21.0,33.0,21.0,4.0,6.0,50.0,50.0,9.0,11.0,43.0,42.0,14.0,14.0,8.0,8.0,6.0,7.0,30.0,11.0,0.0,0.0,2.0,0.0,12.0,4.0,82.6,81.2,0.279,0.076,0.571,0.143,0.05,-1.07,100.0,50.0
2026-01-17,10:00,77559,LaLiga 25/26,25/26,La Liga,Matchweek 20,Sat,Home,W,2.0,0.0,Levante UD,70.0,,,,,,https://www.sofascore.com/levante-ud-real-madrid/EgbsZgb,Ended,Real Madrid,for,2.88,0.8,3.0,0.0,1.0,0.0,2.0,0.0,8.0,0.0,12.0,14.0,719.0,306.0,661.0,236.0,10.0,17.0,13.0,12.0,0.0,2.0,2.0,1.0,0.0,0.0,0.0,9.0,5.0,2.0,10.0,8.0,15.0,5.0,11.0,5.0,3.0,0.0,37.0,14.0,18.0,13.0,6.0,0.0,47.0,53.0,6.0,6.0,29.0,35.0,9.0,8.0,5.0,6.0,4.0,13.0,15.0,28.0,1.0,0.0,1.0,0.0,7.0,20.0,91.9,77.1,0.111,0.08,0.423,0.0,-0.88,-0.8,,81.8
2026-01-17,10:00,77559,LaLiga 25/26,25/26,La Liga,Matchweek 20,Sat,Away,L,0.0,2.0,Real Madrid,30.0,,,,,,https://www.sofascore.com/levante-ud-real-madrid/EgbsZgb,Ended,Levante UD,for,0.8,2.88,0.0,3.0,0.0,1.0,0.0,2.0,0.0,8.0,14.0,12.0,306.0,719.0,236.0,661.0,17.0,10.0,12.0,13.0,2.0,0.0,1.0,2.0,0.0,0.0,9.0,0.0,2.0,5.0,8.0,10.0,5.0,15.0,5.0,11.0,0.0,3.0,14.0,37.0,13.0,18.0,0.0,6.0,53.0,47.0,6.0,6.0,35.0,29.0,8.0,9.0,6.0,5.0,13.0,4.0,28.0,15.0,0.0,1.0,0.0,1.0,20.0,7.0,77.1,91.9,0.08,0.111,0.0,0.423,-0.8,-0.88,81.8,
2026-01-17,12:15,77559,LaLiga 25/26,25/26,La Liga,Matchweek 20,Sat,Home,W,3.0,2.0,Athletic Club,51.0,,,,,,https://www.sofascore.com/mallorca-athletic-club/AgbsBgb,Ended,Mallorca,for,2.79,2.08,6.0,4.0,3.0,1.0,3.0,3.0,3.0,7.0,10.0,10.0,475.0,433.0,370.0,336.0,18.0,10.0,8.0,10.0,2.0,0.0,1.0,5.0,0.0,2.0,9.0,6.0,1.0,5.0,8.0,5.0,13.0,16.0,4.0,5.0,0.0,1.0,18.0,28.0,30.0,27.0,4.0,8.0,57.0,43.0,5.0,10.0,32.0,27.0,28.0,18.0,6.0,7.0,8.0,8.0,37.0,16.0,1.0,1.0,0.0,0.0,10.0,6.0,77.9,77.6,0.164,0.099,0.529,0.524,0.21,-0.08,81.8,66.7
2026-01-17,12:15,77559,LaLiga 25/26,25/26,La Liga,Matchweek 20,Sat,Away,L,2.0,3.0,Mallorca,49.0,,,,,,https://www.sofascore.com/mallorca-athletic-club/AgbsBgb,Ended,Athletic Club,for,2.08,2.79,4.0,6.0,1.0,3.0,3.0,3.0,7.0,3.0,10.0,10.0,433.0,475.0,336.0,370.0,10.0,18.0,10.0,8.0,0.0,2.0,5.0,1.0,2.0,0.0,6.0,9.0,5.0,1.0,5.0,8.0,16.0,13.0,5.0,4.0,1.0,0.0,28.0,18.0,27.0,30.0,8.0,4.0,43.0,57.0,10.0,5.0,27.0,32.0,18.0,28.0,7.0,6.0,8.0,8.0,16.0,37.0,1.0,1.0,0.0,0.0,6.0,10.0,77.6,77.9,0.099,0.164,0.524,0.529,-0.08,0.21,66.7,81.8
2026-01-17,14:30,77559,LaLiga 25/26,25/26,La Liga,Matchweek 20,Sat,Home,W,3.0,2.0,Real Oviedo,51.0,,,,,,https://www.sofascore.com/real-oviedo-osasuna/vgbsbhb,Ended,Osasuna,for,1.37,1.34,3.0,2.0,3.0,0.0,1.0,2.0,3.0,6.0,14.0,15.0,339.0,331.0,261.0,264.0,17.0,22.0,15.0,14.0,0.0,2.0,1.0,4.0,1.0,0.0,3.0,2.0,5.0,2.0,6.0,6.0,12.0,10.0,4.0,3.0,0.0,0.0,30.0,26.0,15.0,20.0,12.0,6.0,50.0,50.0,11.0,6.0,36.0,40.0,22.0,17.0,5.0,5.0,10.0,6.0,28.0,18.0,3.0,0.0,2.0,0.0,7.0,11.0,77.0,79.8,0.086,0.103,0.312,0.385,1.63,0.66,60.0,40.0
2026-01-17,14:30,77559,LaLiga 25/26,25/26,La Liga,Matchweek 20,Sat,Away,L,2.0,3.0,Osasuna,49.0,,,,,,https://www.sofascore.com/real-oviedo-osasuna/vgbsbhb,Ended,Real Oviedo,for,1.34,1.37,2.0,3.0,0.0,3.0,2.0,1.0,6.0,3.0,15.0,14.0,331.0,339.0,264.0,261.0,22.0,17.0,14.0,15.0,2.0,0.0,4.0,1.0,0.0,1.0,2.0,3.0,2.0,5.0,6.0,6.0,10.0,12.0,3.0,4.0,0.0,0.0,26.0,30.0,20.0,15.0,6.0,12.0,50.0,50.0,6.0,11.0,40.0,36.0,17.0,22.0,5.0,5.0,6.0,10.0,18.0,28.0,0.0,3.0,0.0,2.0,11.0,7.0,79.8,77.0,0.103,0.086,0.385,0.312,0.66,1.63,40.0,60.0
2026-01-17,17:00,77559,LaLiga 25/26,25/26,La Liga,Matchweek 20,Sat,Home,W,2.0,0.0,Villarreal,60.0,,,,,,https://www.sofascore.com/villarreal-real-betis/qgbsugb,Ended,Real Betis,for,1.07,1.02,2.0,2.0,1.0,0.0,1.0,2.0,2.0,3.0,14.0,13.0,544.0,355.0,464.0,276.0,18.0,19.0,13.0,14.0,4.0,3.0,3.0,2.0,0.0,1.0,3.0,4.0,3.0,1.0,6.0,5.0,4.0,6.0,11.0,3.0,0.0,1.0,19.0,13.0,31.0,30.0,0.0,1.0,48.0,52.0,13.0,5.0,39.0,40.0,9.0,11.0,11.0,7.0,10.0,12.0,19.0,15.0,1.0,4.0,0.0,0.0,6.0,8.0,85.3,77.7,0.071,0.113,0.4,0.333,0.93,-1.02,100.0,66.7
2026-01-17,17:00,77559,LaLiga 25/26,25/26,La Liga,Matchweek 20,Sat,Away,L,0.0,2.0,Real Betis,40.0,,,,,,https://www.sofascore.com/villarreal-real-betis/qgbsugb,Ended,Villarreal,for,1.02,1.07,2.0,2.0,0.0,1.0,2.0,1.0,3.0,2.0,13.0,14.0,355.0,544.0,276.0,464.0,19.0,18.0,14.0,13.0,3.0,4.0,2.0,3.0,1.0,0.0,4.0,3.0,1.0,3.0,5.0,6.0,6.0,4.0,3.0,11.0,1.0,0.0,13.0,19.0,30.0,31.0,1.0,0.0,52.0,48.0,5.0,13.0,40.0,39.0,11.0,9.0,7.0,11.0,12.0,10.0,15.0,19.0,4.0,1.0,0.0,0.0,8.0,6.0,77.7,85.3,0.113,0.071,0.333,0.4,-1.02,0.93,66.7,100.0
2026-01-18,10:00,77559,LaLiga 25/26,25/26,La Liga,Matchweek 20,Sun,Home,L,0.0,1.0,Valencia,55.0,,,,,,https://www.sofascore.com/getafe-valencia/Dgbsjhb,Ended,Getafe,for,0.62,0.89,0.0,1.0,0.0,1.0,0.0,0.0,9.0,3.0,8.0,18.0,349.0,305.0,257.0,204.0,18.0,13.0,18.0,8.0,3.0,2.0,2.0,3.0,0.0,1.0,0.0,3.0,5.0,3.0,6.0,3.0,9.0,5.0,5.0,2.0,1.0,1.0,31.0,19.0,25.0,27.0,8.0,4.0,55.0,45.0,9.0,8.0,38.0,22.0,25.0,30.0,4.0,2.0,10.0,1.0,24.0,56.0,1.0,0.0,0.0,1.0,5.0,10.0,73.6,66.9,0.044,0.127,0.214,0.143,-0.62,0.11,0.0,100.0
2026-01-18,10:00,77559,LaLiga 25/26,25/26,La Liga,Matchweek 20,Sun,Away,W,1.0,0.0,Getafe,45.0,,,,,,https://www.sofascore.com/getafe-valencia/Dgbsjhb,Ended,Valencia,for,0.89,0.62,1.0,0.0,1.0,0.0,0.0,0.0,3.0,9.0,18.0,8.0,305.0,349.0,204.0,257.0,13.0,18.0,8.0,18.0,2.0,3.0,3.0,2.0,1.0,0.0,3.0,0.0,3.0,5.0,3.0,6.0,5.0,9.0,2.0,5.0,1.0,1.0,19.0,31.0,27.0,25.0,4.0,8.0,45.0,55.0,8.0,9.0,22.0,38.0,30.0,25.0,2.0,4.0,1.0,10.0,56.0,24.0,0.0,1.0,1.0,0.0,10.0,5.0,66.9,73.6,0.127,0.044,0.143,0.214,0.11,-0.62,100.0,0.0
2026-01-18,12:15,77559,LaLiga 25/26,25/26,La Liga,Matchweek 20,Sun,Home,W,1.0,0.0,Deportivo Alavés,54.0,,,,,,https://www.sofascore.com/deportivo-alaves-atletico-madrid/LgbsKhb,Ended,Atlético Madrid,for,1.78,0.85,4.0,2.0,1.0,0.0,3.0,2.0,6.0,6.0,13.0,5.0,555.0,464.0,488.0,383.0,24.0,15.0,5.0,13.0,2.0,1.0,1.0,1.0,0.0,0.0,0.0,4.0,8.0,2.0,9.0,6.0,16.0,6.0,7.0,2.0,2.0,0.0,47.0,9.0,28.0,15.0,7.0,5.0,53.0,47.0,7.0,17.0,35.0,35.0,19.0,12.0,6.0,7.0,5.0,3.0,23.0,25.0,0.0,1.0,0.0,2.0,10.0,9.0,87.9,82.5,0.077,0.106,0.261,0.0,-0.78,-0.85,,66.7
2026-01-18,12:15,77559,LaLiga 25/26,25/26,La Liga,Matchweek 20,Sun,Away,L,0.0,1.0,Atlético Madrid,46.0,,,,,,https://www.sofascore.com/deportivo-alaves-atletico-madrid/LgbsKhb,Ended,Deportivo Alavés,for,0.85,1.78,2.0,4.0,0.0,1.0,2.0,3.0,6.0,6.0,5.0,13.0,464.0,555.0,383.0,488.0,15.0,24.0,13.0,5.0,1.0,2.0,1.0,1.0,0.0,0.0,4.0,0.0,2.0,8.0,6.0,9.0,6.0,16.0,2.0,7.0,0.0,2.0,9.0,47.0,15.0,28.0,5.0,7.0,47.0,53.0,17.0,7.0,35.0,35.0,12.0,19.0,7.0,6.0,3.0,5.0,25.0,23.0,1.0,0.0,2.0,0.0,9.0,10.0,82.5,87.9,0.106,0.077,0.0,0.261,-0.85,-0.78,66.7,
2026-01-18,14:30,77559,LaLiga 25/26,25/26,La Liga,Matchweek 20,Sun,Home,W,3.0,0.0,Rayo Vallecano,49.0,,,,,,https://www.sofascore.com/celta-vigo-rayo-vallecano/tgbswgb,Ended,Celta Vigo,for,1.87,1.11,3.0,1.0,3.0,0.0,1.0,1.0,5.0,7.0,7.0,14.0,447.0,454.0,385.0,392.0,15.0,15.0,13.0,7.0,4.0,1.0,4.0,3.0,0.0,1.0,3.0,4.0,3.0,7.0,1.0,4.0,6.0,9.0,5.0,5.0,3.0,0.0,21.0,21.0,20.0,29.0,0.0,3.0,52.0,48.0,7.0,9.0,34.0,29.0,8.0,10.0,5.0,7.0,6.0,10.0,31.0,17.0,0.0,0.0,1.0,0.0,7.0,3.0,86.1,86.3,0.17,0.079,0.636,0.214,1.13,-1.11,100.0,57.1
2026-01-18,14:30,77559,LaLiga 25/26,25/26,La Liga,Matchweek 20,Sun,Away,L,0.0,3.0,Celta Vigo,51.0,,,,,,https://www.sofascore.com/celta-vigo-rayo-vallecano/tgbswgb,Ended,Rayo Vallecano,for,1.11,1.87,1.0,3.0,0.0,3.0,1.0,1.0,7.0,5.0,14.0,7.0,454.0,447.0,392.0,385.0,15.0,15.0,7.0,13.0,1.0,4.0,3.0,4.0,1.0,0.0,4.0,3.0,7.0,3.0,4.0,1.0,9.0,6.0,5.0,5.0,0.0,3.0,21.0,21.0,29.0,20.0,3.0,0.0,48.0,52.0,9.0,7.0,29.0,34.0,10.0,8.0,7.0,5.0,10.0,6.0,17.0,31.0,0.0,0.0,0.0,1.0,3.0,7.0,86.3,86.1,0.079,0.17,0.214,0.636,-1.11,1.13,57.1,100.0
2026-01-18,17:00,77559,LaLiga 25/26,25/26,La Liga,Matchweek 20,Sun,Home,W,2.0,1.0,FC Barcelona,28.0,,,,,,https://www.sofascore.com/real-sociedad-barcelona/rgbszgb,Ended,Real Sociedad,for,1.01,3.68,3.0,8.0,2.0,1.0,1.0,7.0,6.0,8.0,13.0,8.0,223.0,604.0,148.0,535.0,21.0,15.0,8.0,13.0,4.0,3.0,3.0,4.0,1.0,0.0,8.0,3.0,1.0,5.0,1.0,11.0,5.0,18.0,2.0,7.0,0.0,1.0,19.0,54.0,21.0,27.0,5.0,6.0,39.0,61.0,6.0,14.0,34.0,47.0,7.0,18.0,6.0,19.0,8.0,6.0,32.0,29.0,1.0,0.0,0.0,0.0,18.0,3.0,66.4,88.6,0.144,0.147,0.857,0.36,0.99,-2.68,88.9,50.0
2026-01-18,17:00,77559,LaLiga 25/26,25/26,La Liga,Matchweek 20,Sun,Away,L,1.0,2.0,Real Sociedad,72.0,,,,,,https://www.sofascore.com/real-sociedad-barcelona/rgbszgb,Ended,FC Barcelona,for,3.68,1.01,8.0,3.0,1.0,2.0,7.0,1.0,8.0,6.0,8.0,13.0,604.0,223.0,535.0,148.0,15.0,21.0,13.0,8.0,3.0,4.0,4.0,3.0,0.0,1.0,3.0,8.0,5.0,1.0,11.0,1.0,18.0,5.0,7.0,2.0,1.0,0.0,54.0,19.0,27.0,21.0,6.0,5.0,61.0,39.0,14.0,6.0,47.0,34.0,18.0,7.0,19.0,6.0,6.0,8.0,29.0,32.0,0.0,1.0,0.0,0.0,3.0,18.0,88.6,66.4,0.147,0.144,0.36,0.857,-2.68,0.99,50.0,88.9
2026-01-19,17:00,77559,LaLiga 25/26,25/26,La Liga,Matchweek 20,Mon,Home,D,2.0,2.0,Sevilla,50.0,,,,,,https://www.sofascore.com/elche-sevilla/IgbsWgb,Ended,Elche,for,1.54,3.0,2.0,4.0,0.0,2.0,2.0,2.0,9.0,7.0,11.0,12.0,334.0,328.0,248.0,260.0,28.0,20.0,12.0,10.0,0.0,1.0,3.0,1.0,0.0,0.0,6.0,3.0,3.0,6.0,2.0,11.0,7.0,13.0,3.0,12.0,1.0,0.0,24.0,24.0,20.0,13.0,4.0,4.0,52.0,48.0,9.0,16.0,46.0,40.0,19.0,20.0,7.0,11.0,6.0,13.0,32.0,38.0,0.0,0.0,0.0,1.0,15.0,7.0,74.3,79.3,0.154,0.12,0.5,0.32,0.46,-1.0,75.0,60.0
2026-01-19,17:00,77559,LaLiga 25/26,25/26,La Liga,Matchweek 20,Mon,Away,D,2.0,2.0,Elche,50.0,,,,,,https://www.sofascore.com/elche-sevilla/IgbsWgb,Ended,Sevilla,for,3.0,1.54,4.0,2.0,2.0,0.0,2.0,2.0,7.0,9.0,12.0,11.0,328.0,334.0,260.0,248.0,20.0,28.0,10.0,12.0,1.0,0.0,1.0,3.0,0.0,0.0,3.0,6.0,6.0,3.0,11.0,2.0,13.0,7.0,12.0,3.0,0.0,1.0,24.0,24.0,13.0,20.0,4.0,4.0,48.0,52.0,16.0,9.0,40.0,46.0,20.0,19.0,11.0,7.0,13.0,6.0,38.0,32.0,0.0,0.0,1.0,0.0,7.0,15.0,79.3,74.3,0.12,0.154,0.32,0.5,-1.0,0.46,60.0,75.0
2026-01-23,17:00,77559,LaLiga 25/26,25/26,La Liga,Matchweek 21,Fri,Home,W,3.0,2.0,Elche,41.0,,,,,,https://www.sofascore.com/levante-ud-elche/WgbsZgb,Ended,Levante UD,for,2.61,0.65,6.0,1.0,2.0,1.0,4.0,0.0,9.0,1.0,13.0,13.0,328.0,482.0,248.0,401.0,15.0,16.0,13.0,13.0,1.0,0.0,2.0,3.0,0.0,0.0,1.0,2.0,13.0,1.0,7.0,2.0,18.0,3.0,8.0,3.0,0.0,0.0,34.0,11.0,21.0,21.0,12.0,2.0,53.0,47.0,10.0,6.0,35.0,36.0,15.0,9.0,8.0,7.0,11.0,10.0,15.0,27.0,0.0,2.0,1.0,1.0,6.0,7.0,75.6,83.2,0.1,0.108,0.231,0.5,0.39,1.35,33.3,33.3
2026-01-23,17:00,77559,LaLiga 25/26,25/26,La Liga,Matchweek 21,Fri,Away,L,2.0,3.0,Levante UD,59.0,,,,,,https://www.sofascore.com/levante-ud-elche/WgbsZgb,Ended,Elche,for,0.65,2.61,1.0,6.0,1.0,2.0,0.0,4.0,1.0,9.0,13.0,13.0,482.0,328.0,401.0,248.0,16.0,15.0,13.0,13.0,0.0,1.0,3.0,2.0,0.0,0.0,2.0,1.0,1.0,13.0,2.0,7.0,3.0,18.0,3.0,8.0,0.0,0.0,11.0,34.0,21.0,21.0,2.0,12.0,47.0,53.0,6.0,10.0,36.0,35.0,9.0,15.0,7.0,8.0,10.0,11.0,27.0,15.0,2.0,0.0,1.0,1.0,7.0,6.0,83.2,75.6,0.108,0.1,0.5,0.231,1.35,0.39,33.3,33.3
2026-01-24,10:00,77559,LaLiga 25/26,25/26,La Liga,Matchweek 21,Sat,Home,L,1.0,3.0,Osasuna,67.0,,,,,,https://www.sofascore.com/osasuna-rayo-vallecano/tgbsvgb,Ended,Rayo Vallecano,for,0.69,1.41,2.0,2.0,1.0,2.0,1.0,0.0,4.0,3.0,12.0,15.0,456.0,226.0,369.0,142.0,27.0,14.0,15.0,12.0,2.0,2.0,2.0,2.0,0.0,0.0,3.0,3.0,3.0,3.0,4.0,6.0,6.0,7.0,5.0,7.0,0.0,0.0,25.0,29.0,30.0,23.0,5.0,3.0,57.0,43.0,8.0,10.0,49.0,40.0,19.0,12.0,7.0,15.0,2.0,7.0,33.0,31.0,1.0,0.0,1.0,2.0,13.0,10.0,80.9,62.8,0.063,0.101,0.364,0.357,0.31,1.59,60.0,75.0
2026-01-24,10:00,77559,LaLiga 25/26,25/26,La Liga,Matchweek 21,Sat,Away,W,3.0,1.0,Rayo Vallecano,33.0,,,,,,https://www.sofascore.com/osasuna-rayo-vallecano/tgbsvgb,Ended,Osasuna,for,1.41,0.69,2.0,2.0,2.0,1.0,0.0,1.0,3.0,4.0,15.0,12.0,226.0,456.0,142.0,369.0,14.0,27.0,12.0,15.0,2.0,2.0,2.0,2.0,0.0,0.0,3.0,3.0,3.0,3.0,6.0,4.0,7.0,6.0,7.0,5.0,0.0,0.0,29.0,25.0,23.0,30.0,3.0,5.0,43.0,57.0,10.0,8.0,40.0,49.0,12.0,19.0,15.0,7.0,7.0,2.0,31.0,33.0,0.0,1.0,2.0,1.0,10.0,13.0,62.8,80.9,0.101,0.063,0.357,0.364,1.59,0.31,75.0,60.0
2026-01-24,12:15,77559,LaLiga 25/26,25/26,La Liga,Matchweek 21,Sat,Home,W,3.0,2.0,Espanyol,47.0,,,,,,https://www.sofascore.com/valencia-espanyol/ogbsDgb,Ended,Valencia,for,2.29,1.41,2.0,2.0,2.0,1.0,0.0,1.0,2.0,7.0,13.0,10.0,369.0,401.0,267.0,313.0,17.0,15.0,9.0,13.0,0.0,0.0,1.0,5.0,0.0,0.0,5.0,2.0,3.0,5.0,2.0,5.0,7.0,10.0,3.0,6.0,1.0,1.0,18.0,27.0,28.0,22.0,1.0,6.0,52.0,48.0,6.0,11.0,38.0,39.0,19.0,14.0,11.0,12.0,14.0,7.0,46.0,24.0,0.0,0.0,0.0,0.0,14.0,5.0,72.4,78.1,0.229,0.088,0.5,0.375,0.71,0.59,83.3,40.0
2026-01-24,12:15,77559,LaLiga 25/26,25/26,La Liga,Matchweek 21,Sat,Away,L,2.0,3.0,Valencia,53.0,,,,,,https://www.sofascore.com/valencia-espanyol/ogbsDgb,Ended,Espanyol,for,1.41,2.29,2.0,2.0,1.0,2.0,1.0,0.0,7.0,2.0,10.0,13.0,401.0,369.0,313.0,267.0,15.0,17.0,13.0,9.0,0.0,0.0,5.0,1.0,0.0,0.0,2.0,5.0,5.0,3.0,5.0,2.0,10.0,7.0,6.0,3.0,1.0,1.0,27.0,18.0,22.0,28.0,6.0,1.0,48.0,52.0,11.0,6.0,39.0,38.0,14.0,19.0,12.0,11.0,7.0,14.0,24.0,46.0,0.0,0.0,0.0,0.0,5.0,14.0,78.1,72.4,0.088,0.229,0.375,0.5,0.59,0.71,40.0,83.3
2026-01-24,14:30,77559,LaLiga 25/26,25/26,La Liga,Matchweek 21,Sat,Home,W,2.0,1.0,Athletic Club,50.0,,,,,,https://www.sofascore.com/sevilla-athletic-club/AgbsIgb,Ended,Sevilla,for,2.07,2.14,2.0,3.0,1.0,1.0,1.0,2.0,5.0,5.0,16.0,12.0,372.0,358.0,278.0,245.0,20.0,19.0,11.0,16.0,1.0,0.0,2.0,1.0,0.0,0.0,3.0,5.0,1.0,5.0,2.0,7.0,8.0,8.0,2.0,7.0,1.0,1.0,21.0,37.0,24.0,25.0,4.0,7.0,46.0,54.0,11.0,13.0,34.0,39.0,23.0,29.0,4.0,4.0,13.0,13.0,49.0,22.0,2.0,0.0,0.0,0.0,9.0,7.0,74.7,68.4,0.207,0.143,0.7,0.2,-0.07,-1.14,100.0,71.4
2026-01-24,14:30,77559,LaLiga 25/26,25/26,La Liga,Matchweek 21,Sat,Away,L,1.0,2.0,Sevilla,50.0,,,,,,https://www.sofascore.com/sevilla-athletic-club/AgbsIgb,Ended,Athletic Club,for,2.14,2.07,3.0,2.0,1.0,1.0,2.0,1.0,5.0,5.0,12.0,16.0,358.0,372.0,245.0,278.0,19.0,20.0,16.0,11.0,0.0,1.0,1.0,2.0,0.0,0.0,5.0,3.0,5.0,1.0,7.0,2.0,8.0,8.0,7.0,2.0,1.0,1.0,37.0,21.0,25.0,24.0,7.0,4.0,54.0,46.0,13.0,11.0,39.0,34.0,29.0,23.0,4.0,4.0,13.0,13.0,22.0,49.0,0.0,2.0,0.0,0.0,7.0,9.0,68.4,74.7,0.143,0.207,0.2,0.7,-1.14,-0.07,71.4,100.0
2026-01-24,17:00,77559,LaLiga 25/26,25/26,La Liga,Matchweek 21,Sat,Home,L,0.0,2.0,Real Madrid,42.0,,,,,,https://www.sofascore.com/real-madrid-villarreal/ugbsEgb,Ended,Villarreal,for,0.58,1.63,2.0,1.0,0.0,1.0,2.0,0.0,6.0,6.0,19.0,10.0,384.0,551.0,311.0,483.0,35.0,22.0,10.0,18.0,0.0,0.0,3.0,1.0,0.0,0.0,2.0,1.0,3.0,6.0,4.0,4.0,5.0,9.0,3.0,5.0,1.0,2.0,20.0,34.0,26.0,38.0,5.0,2.0,47.0,53.0,13.0,18.0,50.0,53.0,3.0,6.0,5.0,15.0,11.0,11.0,17.0,12.0,1.0,0.0,1.0,1.0,7.0,7.0,81.0,87.7,0.072,0.116,0.125,0.286,-0.58,0.37,50.0,100.0
2026-01-24,17:00,77559,LaLiga 25/26,25/26,La Liga,Matchweek 21,Sat,Away,W,2.0,0.0,Villarreal,58.0,,,,,,https://www.sofascore.com/real-madrid-villarreal/ugbsEgb,Ended,Real Madrid,for,1.63,0.58,1.0,2.0,1.0,0.0,0.0,2.0,6.0,6.0,10.0,19.0,551.0,384.0,483.0,311.0,22.0,35.0,18.0,10.0,0.0,0.0,1.0,3.0,0.0,0.0,1.0,2.0,6.0,3.0,4.0,4.0,9.0,5.0,5.0,3.0,2.0,1.0,34.0,20.0,38.0,26.0,2.0,5.0,53.0,47.0,18.0,13.0,53.0,50.0,6.0,3.0,15.0,5.0,11.0,11.0,12.0,17.0,0.0,1.0,1.0,1.0,7.0,7.0,87.7,81.0,0.116,0.072,0.286,0.125,0.37,-0.58,100.0,50.0
2026-01-25,10:00,77559,LaLiga 25/26,25/26,La Liga,Matchweek 21,Sun,Home,W,3.0,0.0,Mallorca,61.0,,,,,,https://www.sofascore.com/atletico-madrid-mallorca/BgbsLgb,Ended,Atlético Madrid,for,1.48,0.46,1.0,0.0,1.0,0.0,0.0,0.0,10.0,3.0,10.0,7.0,562.0,357.0,484.0,283.0,18.0,18.0,7.0,10.0,0.0,0.0,2.0,1.0,0.0,0.0,1.0,7.0,3.0,1.0,6.0,4.0,13.0,5.0,4.0,1.0,1.0,0.0,37.0,7.0,28.0,24.0,8.0,6.0,53.0,47.0,10.0,12.0,33.0,36.0,28.0,19.0,8.0,8.0,10.0,6.0,13.0,43.0,0.0,1.0,1.0,2.0,8.0,6.0,86.1,79.3,0.087,0.077,0.471,0.167,1.52,-0.46,100.0,87.5
2026-01-25,10:00,77559,LaLiga 25/26,25/26,La Liga,Matchweek 21,Sun,Away,L,0.0,3.0,Atlético Madrid,39.0,,,,,,https://www.sofascore.com/atletico-madrid-mallorca/BgbsLgb,Ended,Mallorca,for,0.46,1.48,0.0,1.0,0.0,1.0,0.0,0.0,3.0,10.0,7.0,10.0,357.0,562.0,283.0,484.0,18.0,18.0,10.0,7.0,0.0,0.0,1.0,2.0,0.0,0.0,7.0,1.0,1.0,3.0,4.0,6.0,5.0,13.0,1.0,4.0,0.0,1.0,7.0,37.0,24.0,28.0,6.0,8.0,47.0,53.0,12.0,10.0,36.0,33.0,19.0,28.0,8.0,8.0,6.0,10.0,43.0,13.0,1.0,0.0,2.0,1.0,6.0,8.0,79.3,86.1,0.077,0.087,0.167,0.471,-0.46,1.52,87.5,100.0
2026-01-25,12:15,77559,LaLiga 25/26,25/26,La Liga,Matchweek 21,Sun,Home,W,3.0,0.0,Real Oviedo,73.0,,,,,,https://www.sofascore.com/real-oviedo-barcelona/rgbsbhb,Ended,FC Barcelona,for,2.09,0.48,5.0,0.0,1.0,0.0,4.0,0.0,10.0,1.0,8.0,21.0,678.0,252.0,607.0,187.0,14.0,22.0,21.0,8.0,3.0,4.0,1.0,2.0,0.0,0.0,3.0,4.0,4.0,5.0,4.0,4.0,14.0,8.0,1.0,4.0,0.0,0.0,46.0,13.0,24.0,20.0,8.0,0.0,51.0,49.0,11.0,8.0,34.0,36.0,9.0,5.0,4.0,6.0,10.0,8.0,14.0,26.0,0.0,0.0,0.0,4.0,4.0,6.0,89.5,74.2,0.139,0.04,0.467,0.25,0.91,-0.48,100.0,57.1
2026-01-25,12:15,77559,LaLiga 25/26,25/26,La Liga,Matchweek 21,Sun,Away,L,0.0,3.0,FC Barcelona,27.0,,,,,,https://www.sofascore.com/real-oviedo-barcelona/rgbsbhb,Ended,Real Oviedo,for,0.48,2.09,0.0,5.0,0.0,1.0,0.0,4.0,1.0,10.0,21.0,8.0,252.0,678.0,187.0,607.0,22.0,14.0,8.0,21.0,4.0,3.0,2.0,1.0,0.0,0.0,4.0,3.0,5.0,4.0,4.0,4.0,8.0,14.0,4.0,1.0,0.0,0.0,13.0,46.0,20.0,24.0,0.0,8.0,49.0,51.0,8.0,11.0,36.0,34.0,5.0,9.0,6.0,4.0,8.0,10.0,26.0,14.0,0.0,0.0,4.0,0.0,6.0,4.0,74.2,89.5,0.04,0.139,0.25,0.467,-0.48,0.91,57.1,100.0
2026-01-25,14:30,77559,LaLiga 25/26,25/26,La Liga,Matchweek 21,Sun,Home,W,3.0,1.0,Celta Vigo,36.0,,,,,,https://www.sofascore.com/real-sociedad-celta-vigo/wgbszgb,Ended,Real Sociedad,for,1.61,1.6,3.0,2.0,1.0,1.0,2.0,1.0,2.0,9.0,7.0,13.0,350.0,622.0,291.0,554.0,21.0,18.0,12.0,7.0,2.0,2.0,1.0,1.0,1.0,0.0,2.0,1.0,5.0,7.0,1.0,6.0,6.0,9.0,4.0,8.0,1.0,2.0,15.0,35.0,11.0,19.0,2.0,8.0,51.0,49.0,10.0,10.0,39.0,33.0,3.0,8.0,6.0,8.0,5.0,3.0,34.0,15.0,0.0,0.0,0.0,1.0,6.0,10.0,83.1,89.1,0.161,0.094,0.4,0.235,1.39,-0.6,50.0,25.0
2026-01-25,14:30,77559,LaLiga 25/26,25/26,La Liga,Matchweek 21,Sun,Away,L,1.0,3.0,Real Sociedad,64.0,,,,,,https://www.sofascore.com/real-sociedad-celta-vigo/wgbszgb,Ended,Celta Vigo,for,1.6,1.61,2.0,3.0,1.0,1.0,1.0,2.0,9.0,2.0,13.0,7.0,622.0,350.0,554.0,291.0,18.0,21.0,7.0,12.0,2.0,2.0,1.0,1.0,0.0,1.0,1.0,2.0,7.0,5.0,6.0,1.0,9.0,6.0,8.0,4.0,2.0,1.0,35.0,15.0,19.0,11.0,8.0,2.0,49.0,51.0,10.0,10.0,33.0,39.0,8.0,3.0,8.0,6.0,3.0,5.0,15.0,34.0,0.0,0.0,1.0,0.0,10.0,6.0,89.1,83.1,0.094,0.161,0.235,0.4,-0.6,1.39,25.0,50.0
2026-01-25,17:00,77559,LaLiga 25/26,25/26,La Liga,Matchweek 21,Sun,Home,W,2.0,1.0,Real Betis,45.0,,,,,,https://www.sofascore.com/deportivo-alaves-real-betis/qgbsKhb,Ended,Deportivo Alavés,for,1.32,1.27,3.0,3.0,2.0,1.0,1.0,2.0,6.0,4.0,17.0,11.0,363.0,452.0,266.0,381.0,29.0,25.0,11.0,17.0,5.0,3.0,1.0,1.0,0.0,0.0,3.0,7.0,6.0,8.0,2.0,6.0,9.0,12.0,8.0,6.0,2.0,3.0,19.0,21.0,27.0,22.0,4.0,4.0,49.0,51.0,12.0,12.0,53.0,51.0,14.0,18.0,14.0,9.0,3.0,15.0,18.0,39.0,1.0,0.0,1.0,0.0,8.0,4.0,73.3,84.3,0.078,0.071,0.529,0.222,0.68,-0.27,75.0,77.8
2026-01-25,17:00,77559,LaLiga 25/26,25/26,La Liga,Matchweek 21,Sun,Away,L,1.0,2.0,Deportivo Alavés,55.0,,,,,,https://www.sofascore.com/deportivo-alaves-real-betis/qgbsKhb,Ended,Real Betis,for,1.27,1.32,3.0,3.0,1.0,2.0,2.0,1.0,4.0,6.0,11.0,17.0,452.0,363.0,381.0,266.0,25.0,29.0,17.0,11.0,3.0,5.0,1.0,1.0,0.0,0.0,7.0,3.0,8.0,6.0,6.0,2.0,12.0,9.0,6.0,8.0,3.0,2.0,21.0,19.0,22.0,27.0,4.0,4.0,51.0,49.0,12.0,12.0,51.0,53.0,18.0,14.0,9.0,14.0,15.0,3.0,39.0,18.0,0.0,1.0,0.0,1.0,4.0,8.0,84.3,73.3,0.071,0.078,0.222,0.529,-0.27,0.68,77.8,75.0
2026-01-26,17:00,77559,LaLiga 25/26,25/26,La Liga,Matchweek 21,Mon,Home,D,1.0,1.0,Getafe,69.0,,,,,,https://www.sofascore.com/girona-fc-getafe/jhbsoKj,Ended,Girona FC,for,0.75,0.8,1.0,2.0,1.0,1.0,0.0,1.0,3.0,4.0,13.0,15.0,609.0,274.0,532.0,195.0,15.0,24.0,15.0,13.0,2.0,2.0,5.0,3.0,0.0,0.0,1.0,3.0,2.0,5.0,6.0,1.0,6.0,7.0,6.0,1.0,0.0,0.0,22.0,15.0,31.0,27.0,6.0,4.0,43.0,57.0,16.0,10.0,39.0,43.0,11.0,22.0,9.0,6.0,3.0,12.0,12.0,34.0,0.0,0.0,0.0,0.0,4.0,8.0,87.4,71.2,0.062,0.1,0.333,0.25,0.25,0.2,50.0,75.0
2026-01-26,17:00,77559,LaLiga 25/26,25/26,La Liga,Matchweek 21,Mon,Away,D,1.0,1.0,Girona FC,31.0,,,,,,https://www.sofascore.com/girona-fc-getafe/jhbsoKj,Ended,Getafe,for,0.8,0.75,2.0,1.0,1.0,1.0,1.0,0.0,4.0,3.0,15.0,13.0,274.0,609.0,195.0,532.0,24.0,15.0,13.0,15.0,2.0,2.0,3.0,5.0,0.0,0.0,3.0,1.0,5.0,2.0,1.0,6.0,7.0,6.0,1.0,6.0,0.0,0.0,15.0,22.0,27.0,31.0,4.0,6.0,57.0,43.0,10.0,16.0,43.0,39.0,22.0,11.0,6.0,9.0,12.0,3.0,34.0,12.0,0.0,0.0,0.0,0.0,8.0,4.0,71.2,87.4,0.1,0.062,0.25,0.333,0.2,0.25,75.0,50.0
2026-01-30,17:00,77559,LaLiga 25/26,25/26,La Liga,Matchweek 22,Fri,Home,L,1.0,2.0,Deportivo Alavés,50.0,,,,,,https://www.sofascore.com/deportivo-alaves-espanyol/ogbsKhb,Ended,Espanyol,for,0.67,1.74,2.0,2.0,1.0,1.0,1.0,1.0,4.0,2.0,15.0,15.0,404.0,417.0,315.0,319.0,18.0,20.0,15.0,15.0,4.0,1.0,0.0,1.0,0.0,0.0,5.0,2.0,2.0,0.0,5.0,4.0,10.0,6.0,0.0,5.0,0.0,0.0,17.0,16.0,27.0,27.0,7.0,4.0,49.0,51.0,11.0,8.0,40.0,46.0,25.0,21.0,8.0,13.0,5.0,10.0,16.0,36.0,3.0,0.0,1.0,0.0,8.0,7.0,78.0,76.5,0.067,0.158,0.3,0.636,0.33,0.26,71.4,66.7
2026-01-30,17:00,77559,LaLiga 25/26,25/26,La Liga,Matchweek 22,Fri,Away,W,2.0,1.0,Espanyol,50.0,,,,,,https://www.sofascore.com/deportivo-alaves-espanyol/ogbsKhb,Ended,Deportivo Alavés,for,1.74,0.67,2.0,2.0,1.0,1.0,1.0,1.0,2.0,4.0,15.0,15.0,417.0,404.0,319.0,315.0,20.0,18.0,15.0,15.0,1.0,4.0,1.0,0.0,0.0,0.0,2.0,5.0,0.0,2.0,4.0,5.0,6.0,10.0,5.0,0.0,0.0,0.0,16.0,17.0,27.0,27.0,4.0,7.0,51.0,49.0,8.0,11.0,46.0,40.0,21.0,25.0,13.0,8.0,10.0,5.0,36.0,16.0,0.0,3.0,0.0,1.0,7.0,8.0,76.5,78.0,0.158,0.067,0.636,0.3,0.26,0.33,66.7,71.4
2026-01-31,10:00,77559,LaLiga 25/26,25/26,La Liga,Matchweek 22,Sat,Home,W,1.0,0.0,Girona FC,34.0,,,,,,https://www.sofascore.com/girona-fc-real-oviedo/bhbsoKj,Ended,Real Oviedo,for,1.4,0.65,1.0,2.0,1.0,0.0,0.0,2.0,4.0,4.0,12.0,16.0,288.0,578.0,217.0,523.0,17.0,13.0,16.0,12.0,2.0,2.0,1.0,1.0,0.0,0.0,1.0,3.0,2.0,2.0,2.0,6.0,6.0,6.0,2.0,3.0,0.0,1.0,14.0,21.0,27.0,23.0,3.0,4.0,48.0,52.0,6.0,10.0,37.0,36.0,11.0,15.0,5.0,13.0,3.0,5.0,19.0,23.0,0.0,0.0,1.0,1.0,13.0,3.0,75.3,90.5,0.175,0.072,0.5,0.111,-0.4,-0.65,100.0,75.0
2026-01-31,10:00,77559,LaLiga 25/26,25/26,La Liga,Matchweek 22,Sat,Away,L,0.0,1.0,Real Oviedo,66.0,,,,,,https://www.sofascore.com/girona-fc-real-oviedo/bhbsoKj,Ended,Girona FC,for,0.65,1.4,2.0,1.0,0.0,1.0,2.0,0.0,4.0,4.0,16.0,12.0,578.0,288.0,523.0,217.0,13.0,17.0,12.0,16.0,2.0,2.0,1.0,1.0,0.0,0.0,3.0,1.0,2.0,2.0,6.0,2.0,6.0,6.0,3.0,2.0,1.0,0.0,21.0,14.0,23.0,27.0,4.0,3.0,52.0,48.0,10.0,6.0,36.0,37.0,15.0,11.0,13.0,5.0,5.0,3.0,23.0,19.0,0.0,0.0,1.0,1.0,3.0,13.0,90.5,75.3,0.072,0.175,0.111,0.5,-0.65,-0.4,75.0,100.0
2026-01-31,12:15,77559,LaLiga 25/26,25/26,La Liga,Matchweek 22,Sat,Home,D,2.0,2.0,Villarreal,47.0,,,,,,https://www.sofascore.com/osasuna-villarreal/ugbsvgb,Ended,Osasuna,for,1.37,0.92,4.0,1.0,2.0,1.0,2.0,0.0,6.0,2.0,15.0,7.0,370.0,445.0,299.0,353.0,19.0,17.0,7.0,14.0,1.0,0.0,2.0,2.0,0.0,0.0,2.0,2.0,3.0,0.0,7.0,1.0,13.0,3.0,2.0,2.0,0.0,0.0,26.0,12.0,22.0,19.0,11.0,4.0,52.0,48.0,4.0,13.0,41.0,35.0,20.0,22.0,16.0,3.0,10.0,5.0,28.0,33.0,0.0,0.0,0.0,0.0,4.0,13.0,80.8,79.3,0.091,0.184,0.333,0.8,0.63,1.08,50.0,40.0
2026-01-31,12:15,77559,LaLiga 25/26,25/26,La Liga,Matchweek 22,Sat,Away,D,2.0,2.0,Osasuna,53.0,,,,,,https://www.sofascore.com/osasuna-villarreal/ugbsvgb,Ended,Villarreal,for,0.92,1.37,1.0,4.0,1.0,2.0,0.0,2.0,2.0,6.0,7.0,15.0,445.0,370.0,353.0,299.0,17.0,19.0,14.0,7.0,0.0,1.0,2.0,2.0,0.0,0.0,2.0,2.0,0.0,3.0,1.0,7.0,3.0,13.0,2.0,2.0,0.0,0.0,12.0,26.0,19.0,22.0,4.0,11.0,48.0,52.0,13.0,4.0,35.0,41.0,22.0,20.0,3.0,16.0,5.0,10.0,33.0,28.0,0.0,0.0,0.0,0.0,13.0,4.0,79.3,80.8,0.184,0.091,0.8,0.333,1.08,0.63,40.0,50.0
2026-01-31,14:30,77559,LaLiga 25/26,25/26,La Liga,Matchweek 22,Sat,Home,D,0.0,0.0,Atlético Madrid,45.0,,,,,,https://www.sofascore.com/levante-ud-atletico-madrid/LgbsZgb,Ended,Levante UD,for,0.37,0.86,0.0,0.0,0.0,0.0,0.0,0.0,4.0,7.0,11.0,12.0,424.0,512.0,341.0,438.0,15.0,25.0,12.0,11.0,1.0,3.0,2.0,1.0,0.0,0.0,4.0,2.0,4.0,2.0,4.0,4.0,4.0,8.0,6.0,2.0,0.0,1.0,11.0,25.0,26.0,24.0,1.0,6.0,41.0,59.0,14.0,10.0,32.0,39.0,8.0,18.0,5.0,4.0,6.0,7.0,20.0,29.0,0.0,0.0,1.0,0.0,7.0,6.0,80.4,85.5,0.037,0.086,0.2,0.4,-0.37,-0.86,100.0,100.0
2026-01-31,14:30,77559,LaLiga 25/26,25/26,La Liga,Matchweek 22,Sat,Away,D,0.0,0.0,Levante UD,55.0,,,,,,https://www.sofascore.com/levante-ud-atletico-madrid/LgbsZgb,Ended,Atlético Madrid,for,0.86,0.37,0.0,0.0,0.0,0.0,0.0,0.0,7.0,4.0,12.0,11.0,512.0,424.0,438.0,341.0,25.0,15.0,11.0,12.0,3.0,1.0,1.0,2.0,0.0,0.0,2.0,4.0,2.0,4.0,4.0,4.0,8.0,4.0,2.0,6.0,1.0,0.0,25.0,11.0,24.0,26.0,6.0,1.0,59.0,41.0,10.0,14.0,39.0,32.0,18.0,8.0,4.0,5.0,7.0,6.0,29.0,20.0,0.0,0.0,0.0,1.0,6.0,7.0,85.5,80.4,0.086,0.037,0.4,0.2,-0.86,-0.37,100.0,100.0
2026-01-31,17:00,77559,LaLiga 25/26,25/26,La Liga,Matchweek 22,Sat,Home,L,1.0,3.0,FC Barcelona,39.0,,,,,,https://www.sofascore.com/elche-barcelona/rgbsWgb,Ended,Elche,for,1.0,6.44,1.0,13.0,0.0,3.0,1.0,10.0,2.0,8.0,15.0,9.0,353.0,548.0,289.0,473.0,14.0,14.0,9.0,15.0,5.0,2.0,2.0,1.0,0.0,0.0,4.0,2.0,1.0,7.0,5.0,15.0,7.0,26.0,2.0,4.0,2.0,4.0,19.0,65.0,29.0,29.0,2.0,6.0,40.0,60.0,5.0,9.0,30.0,41.0,6.0,13.0,8.0,12.0,9.0,7.0,19.0,15.0,0.0,0.0,0.0,3.0,15.0,8.0,81.9,86.3,0.111,0.215,0.333,0.267,0.0,-3.44,50.0,66.7
2026-01-31,17:00,77559,LaLiga 25/26,25/26,La Liga,Matchweek 22,Sat,Away,W,3.0,1.0,Elche,61.0,,,,,,https://www.sofascore.com/elche-barcelona/rgbsWgb,Ended,FC Barcelona,for,6.44,1.0,13.0,1.0,3.0,0.0,10.0,1.0,8.0,2.0,9.0,15.0,548.0,353.0,473.0,289.0,14.0,14.0,15.0,9.0,2.0,5.0,1.0,2.0,0.0,0.0,2.0,4.0,7.0,1.0,15.0,5.0,26.0,7.0,4.0,2.0,4.0,2.0,65.0,19.0,29.0,29.0,6.0,2.0,60.0,40.0,9.0,5.0,41.0,30.0,13.0,6.0,12.0,8.0,7.0,9.0,15.0,19.0,0.0,0.0,3.0,0.0,8.0,15.0,86.3,81.9,0.215,0.111,0.267,0.333,-3.44,0.0,66.7,50.0
2026-02-01,10:00,77559,LaLiga 25/26,25/26,La Liga,Matchweek 22,Sun,Home,W,2.0,1.0,Rayo Vallecano,57.0,,,,,,https://www.sofascore.com/real-madrid-rayo-vallecano/tgbsEgb,Ended,Real Madrid,for,2.21,1.03,3.0,2.0,1.0,1.0,2.0,1.0,9.0,4.0,6.0,18.0,582.0,443.0,522.0,390.0,21.0,23.0,17.0,6.0,1.0,1.0,2.0,8.0,0.0,2.0,3.0,4.0,4.0,3.0,6.0,4.0,12.0,4.0,4.0,7.0,3.0,1.0,54.0,16.0,23.0,18.0,3.0,0.0,58.0,42.0,8.0,15.0,45.0,32.0,7.0,5.0,7.0,3.0,6.0,11.0,16.0,28.0,0.0,0.0,0.0,0.0,5.0,12.0,89.7,88.0,0.138,0.094,0.375,0.364,-0.21,-0.03,75.0,66.7
2026-02-01,10:00,77559,LaLiga 25/26,25/26,La Liga,Matchweek 22,Sun,Away,L,1.0,2.0,Real Madrid,43.0,,,,,,https://www.sofascore.com/real-madrid-rayo-vallecano/tgbsEgb,Ended,Rayo Vallecano,for,1.03,2.21,2.0,3.0,1.0,1.0,1.0,2.0,4.0,9.0,18.0,6.0,443.0,582.0,390.0,522.0,23.0,21.0,6.0,17.0,1.0,1.0,8.0,2.0,2.0,0.0,4.0,3.0,3.0,4.0,4.0,6.0,4.0,12.0,7.0,4.0,1.0,3.0,16.0,54.0,18.0,23.0,0.0,3.0,42.0,58.0,15.0,8.0,32.0,45.0,5.0,7.0,3.0,7.0,11.0,6.0,28.0,16.0,0.0,0.0,0.0,0.0,12.0,5.0,88.0,89.7,0.094,0.138,0.364,0.375,-0.03,-0.21,66.7,75.0
2026-02-01,12:15,77559,LaLiga 25/26,25/26,La Liga,Matchweek 22,Sun,Home,W,2.0,1.0,Valencia,53.0,,,,,,https://www.sofascore.com/valencia-real-betis/qgbsDgb,Ended,Real Betis,for,1.87,1.9,3.0,2.0,2.0,0.0,1.0,2.0,3.0,5.0,15.0,13.0,469.0,405.0,394.0,332.0,14.0,16.0,12.0,14.0,2.0,1.0,0.0,4.0,0.0,0.0,3.0,0.0,5.0,4.0,7.0,7.0,7.0,11.0,7.0,4.0,3.0,0.0,21.0,23.0,21.0,26.0,1.0,7.0,48.0,52.0,7.0,6.0,36.0,40.0,15.0,15.0,9.0,9.0,5.0,9.0,24.0,16.0,0.0,0.0,0.0,0.0,8.0,7.0,84.0,82.0,0.134,0.127,0.143,0.267,0.13,-0.9,75.0,0.0
2026-02-01,12:15,77559,LaLiga 25/26,25/26,La Liga,Matchweek 22,Sun,Away,L,1.0,2.0,Real Betis,47.0,,,,,,https://www.sofascore.com/valencia-real-betis/qgbsDgb,Ended,Valencia,for,1.9,1.87,2.0,3.0,0.0,2.0,2.0,1.0,5.0,3.0,13.0,15.0,405.0,469.0,332.0,394.0,16.0,14.0,14.0,12.0,1.0,2.0,4.0,0.0,0.0,0.0,0.0,3.0,4.0,5.0,7.0,7.0,11.0,7.0,4.0,7.0,0.0,3.0,23.0,21.0,26.0,21.0,7.0,1.0,52.0,48.0,6.0,7.0,40.0,36.0,15.0,15.0,9.0,9.0,9.0,5.0,16.0,24.0,0.0,0.0,0.0,0.0,7.0,8.0,82.0,84.0,0.127,0.134,0.267,0.143,-0.9,0.13,0.0,75.0
2026-02-01,14:30,77559,LaLiga 25/26,25/26,La Liga,Matchweek 22,Sun,Home,D,0.0,0.0,Celta Vigo,39.0,,,,,,https://www.sofascore.com/getafe-celta-vigo/wgbsjhb,Ended,Getafe,for,0.43,0.18,0.0,0.0,0.0,0.0,0.0,0.0,5.0,3.0,16.0,14.0,327.0,541.0,256.0,462.0,13.0,8.0,14.0,16.0,5.0,4.0,1.0,2.0,0.0,0.0,1.0,2.0,1.0,2.0,6.0,2.0,7.0,2.0,2.0,3.0,0.0,2.0,12.0,14.0,21.0,21.0,6.0,1.0,52.0,48.0,3.0,6.0,27.0,33.0,16.0,7.0,3.0,9.0,8.0,3.0,22.0,21.0,0.0,0.0,0.0,0.0,5.0,9.0,78.3,85.4,0.048,0.036,0.222,0.2,-0.43,-0.18,100.0,100.0
2026-02-01,14:30,77559,LaLiga 25/26,25/26,La Liga,Matchweek 22,Sun,Away,D,0.0,0.0,Getafe,61.0,,,,,,https://www.sofascore.com/getafe-celta-vigo/wgbsjhb,Ended,Celta Vigo,for,0.18,0.43,0.0,0.0,0.0,0.0,0.0,0.0,3.0,5.0,14.0,16.0,541.0,327.0,462.0,256.0,8.0,13.0,16.0,14.0,4.0,5.0,2.0,1.0,0.0,0.0,2.0,1.0,2.0,1.0,2.0,6.0,2.0,7.0,3.0,2.0,2.0,0.0,14.0,12.0,21.0,21.0,1.0,6.0,48.0,52.0,6.0,3.0,33.0,27.0,7.0,16.0,9.0,3.0,3.0,8.0,21.0,22.0,0.0,0.0,0.0,0.0,9.0,5.0,85.4,78.3,0.036,0.048,0.2,0.222,-0.18,-0.43,100.0,100.0
2026-02-01,17:00,77559,LaLiga 25/26,25/26,La Liga,Matchweek 22,Sun,Home,D,1.0,1.0,Real Sociedad,55.0,,,,,,https://www.sofascore.com/athletic-club-real-sociedad/zgbsAgb,Ended,Athletic Club,for,0.97,1.66,1.0,4.0,1.0,0.0,0.0,4.0,6.0,3.0,14.0,14.0,421.0,360.0,333.0,273.0,13.0,29.0,14.0,14.0,3.0,5.0,4.0,2.0,0.0,1.0,4.0,3.0,9.0,0.0,6.0,2.0,12.0,6.0,7.0,2.0,0.0,1.0,44.0,10.0,33.0,23.0,5.0,4.0,43.0,57.0,13.0,10.0,32.0,46.0,22.0,25.0,7.0,5.0,12.0,11.0,13.0,58.0,1.0,1.0,0.0,2.0,4.0,12.0,79.1,75.8,0.051,0.207,0.211,0.75,0.03,-0.66,66.7,75.0
2026-02-01,17:00,77559,LaLiga 25/26,25/26,La Liga,Matchweek 22,Sun,Away,D,1.0,1.0,Athletic Club,45.0,,,,,,https://www.sofascore.com/athletic-club-real-sociedad/zgbsAgb,Ended,Real Sociedad,for,1.66,0.97,4.0,1.0,0.0,1.0,4.0,0.0,3.0,6.0,14.0,14.0,360.0,421.0,273.0,333.0,29.0,13.0,14.0,14.0,5.0,3.0,2.0,4.0,1.0,0.0,3.0,4.0,0.0,9.0,2.0,6.0,6.0,12.0,2.0,7.0,1.0,0.0,10.0,44.0,23.0,33.0,4.0,5.0,57.0,43.0,10.0,13.0,46.0,32.0,25.0,22.0,5.0,7.0,11.0,12.0,58.0,13.0,1.0,1.0,2.0,0.0,12.0,4.0,75.8,79.1,0.207,0.051,0.75,0.211,-0.66,0.03,75.0,66.7
2026-02-02,17:00,77559,LaLiga 25/26,25/26,La Liga,Matchweek 22,Mon,Home,W,4.0,1.0,Sevilla,33.0,,,,,,https://www.sofascore.com/sevilla-mallorca/BgbsIgb,Ended,Mallorca,for,2.63,1.13,3.0,2.0,3.0,0.0,0.0,2.0,4.0,8.0,16.0,8.0,268.0,558.0,188.0,473.0,14.0,16.0,7.0,16.0,1.0,5.0,1.0,1.0,0.0,0.0,4.0,2.0,3.0,8.0,2.0,2.0,10.0,8.0,1.0,7.0,0.0,0.0,20.0,27.0,23.0,24.0,6.0,1.0,46.0,54.0,10.0,8.0,31.0,40.0,15.0,13.0,10.0,9.0,18.0,5.0,45.0,17.0,0.0,0.0,1.0,0.0,8.0,4.0,70.1,84.8,0.239,0.075,0.545,0.333,1.37,-0.13,80.0,33.3
2026-02-02,17:00,77559,LaLiga 25/26,25/26,La Liga,Matchweek 22,Mon,Away,L,1.0,4.0,Mallorca,67.0,,,,,,https://www.sofascore.com/sevilla-mallorca/BgbsIgb,Ended,Sevilla,for,1.13,2.63,2.0,3.0,0.0,3.0,2.0,0.0,8.0,4.0,8.0,16.0,558.0,268.0,473.0,188.0,16.0,14.0,16.0,7.0,5.0,1.0,1.0,1.0,0.0,0.0,2.0,4.0,8.0,3.0,2.0,2.0,8.0,10.0,7.0,1.0,0.0,0.0,27.0,20.0,24.0,23.0,1.0,6.0,54.0,46.0,8.0,10.0,40.0,31.0,13.0,15.0,9.0,10.0,5.0,18.0,17.0,45.0,0.0,0.0,0.0,1.0,4.0,8.0,84.8,70.1,0.075,0.239,0.333,0.545,-0.13,1.37,33.3,80.0
2026-02-06,17:00,77559,LaLiga 25/26,25/26,La Liga,Matchweek 23,Fri,Home,L,1.0,2.0,Osasuna,57.0,,,,,,https://www.sofascore.com/celta-vigo-osasuna/vgbswgb,Ended,Celta Vigo,for,2.39,0.67,2.0,1.0,1.0,1.0,1.0,0.0,7.0,3.0,9.0,14.0,559.0,408.0,504.0,364.0,13.0,14.0,13.0,9.0,0.0,2.0,2.0,2.0,0.0,0.0,0.0,3.0,5.0,5.0,9.0,1.0,12.0,6.0,6.0,2.0,1.0,0.0,34.0,26.0,16.0,16.0,7.0,3.0,54.0,46.0,7.0,9.0,38.0,29.0,5.0,8.0,12.0,6.0,3.0,10.0,23.0,25.0,0.0,0.0,0.0,0.0,5.0,11.0,90.2,89.2,0.133,0.084,0.222,0.25,-1.39,1.33,0.0,75.0
2026-02-06,17:00,77559,LaLiga 25/26,25/26,La Liga,Matchweek 23,Fri,Away,W,2.0,1.0,Celta Vigo,43.0,,,,,,https://www.sofascore.com/celta-vigo-osasuna/vgbswgb,Ended,Osasuna,for,0.67,2.39,1.0,2.0,1.0,1.0,0.0,1.0,3.0,7.0,14.0,9.0,408.0,559.0,364.0,504.0,14.0,13.0,9.0,13.0,2.0,0.0,2.0,2.0,0.0,0.0,3.0,0.0,5.0,5.0,1.0,9.0,6.0,12.0,2.0,6.0,0.0,1.0,26.0,34.0,16.0,16.0,3.0,7.0,46.0,54.0,9.0,7.0,29.0,38.0,8.0,5.0,6.0,12.0,10.0,3.0,25.0,23.0,0.0,0.0,0.0,0.0,11.0,5.0,89.2,90.2,0.084,0.133,0.25,0.222,1.33,-1.39,75.0,0.0
2026-02-07,10:00,77559,LaLiga 25/26,25/26,La Liga,Matchweek 23,Sat,Home,,,,Real Oviedo,,,,,,,https://www.sofascore.com/real-oviedo-rayo-vallecano/tgbsbhb,Postponed,Rayo Vallecano,for,,,,,,,,,,,,,,,,,,,,,,,,,,,,,,,,,,,,,,,,,,,,,,,,,,,,,,,,,,,,,,,,,,,,,,,,,,
2026-02-07,10:00,77559,LaLiga 25/26,25/26,La Liga,Matchweek 23,Sat,Away,,,,Rayo Vallecano,,,,,,,https://www.sofascore.com/real-oviedo-rayo-vallecano/tgbsbhb,Postponed,Real Oviedo,for,,,,,,,,,,,,,,,,,,,,,,,,,,,,,,,,,,,,,,,,,,,,,,,,,,,,,,,,,,,,,,,,,,,,,,,,,,
2026-02-07,12:15,77559,LaLiga 25/26,25/26,La Liga,Matchweek 23,Sat,Home,W,3.0,0.0,Mallorca,76.0,,,,,,https://www.sofascore.com/mallorca-barcelona/rgbsBgb,Ended,FC Barcelona,for,2.73,0.8,4.0,1.0,2.0,0.0,2.0,1.0,12.0,3.0,7.0,9.0,774.0,235.0,705.0,165.0,15.0,24.0,9.0,7.0,0.0,3.0,0.0,0.0,0.0,0.0,4.0,4.0,11.0,2.0,6.0,3.0,11.0,6.0,13.0,3.0,2.0,2.0,36.0,15.0,24.0,24.0,1.0,3.0,51.0,49.0,11.0,7.0,32.0,31.0,12.0,12.0,8.0,1.0,8.0,8.0,15.0,39.0,2.0,0.0,0.0,0.0,4.0,9.0,91.1,70.2,0.114,0.089,0.292,0.444,0.27,-0.8,100.0,57.1
2026-02-07,12:15,77559,LaLiga 25/26,25/26,La Liga,Matchweek 23,Sat,Away,L,0.0,3.0,FC Barcelona,24.0,,,,,,https://www.sofascore.com/mallorca-barcelona/rgbsBgb,Ended,Mallorca,for,0.8,2.73,1.0,4.0,0.0,2.0,1.0,2.0,3.0,12.0,9.0,7.0,235.0,774.0,165.0,705.0,24.0,15.0,7.0,9.0,3.0,0.0,0.0,0.0,0.0,0.0,4.0,4.0,2.0,11.0,3.0,6.0,6.0,11.0,3.0,13.0,2.0,2.0,15.0,36.0,24.0,24.0,3.0,1.0,49.0,51.0,7.0,11.0,31.0,32.0,12.0,12.0,1.0,8.0,8.0,8.0,39.0,15.0,0.0,2.0,0.0,0.0,9.0,4.0,70.2,91.1,0.089,0.114,0.444,0.292,-0.8,0.27,57.1,100.0
2026-02-07,17:00,77559,LaLiga 25/26,25/26,La Liga,Matchweek 23,Sat,Home,W,3.0,1.0,Elche,34.0,,,,,,https://www.sofascore.com/elche-real-sociedad/zgbsWgb,Ended,Real Sociedad,for,2.63,1.27,3.0,2.0,2.0,1.0,1.0,2.0,2.0,4.0,14.0,8.0,296.0,592.0,226.0,504.0,15.0,16.0,8.0,14.0,2.0,0.0,0.0,4.0,0.0,0.0,4.0,0.0,1.0,1.0,7.0,5.0,8.0,7.0,3.0,4.0,1.0,2.0,21.0,22.0,25.0,13.0,1.0,1.0,49.0,51.0,2.0,11.0,29.0,35.0,18.0,14.0,6.0,5.0,11.0,3.0,15.0,12.0,0.0,0.0,0.0,1.0,5.0,9.0,76.4,85.1,0.239,0.115,0.273,0.455,0.37,-0.27,80.0,0.0
2026-02-07,17:00,77559,LaLiga 25/26,25/26,La Liga,Matchweek 23,Sat,Away,L,1.0,3.0,Real Sociedad,66.0,,,,,,https://www.sofascore.com/elche-real-sociedad/zgbsWgb,Ended,Elche,for,1.27,2.63,2.0,3.0,1.0,2.0,2.0,1.0,4.0,2.0,8.0,14.0,592.0,296.0,504.0,226.0,16.0,15.0,14.0,8.0,0.0,2.0,4.0,0.0,0.0,0.0,0.0,4.0,1.0,1.0,5.0,7.0,7.0,8.0,4.0,3.0,2.0,1.0,22.0,21.0,13.0,25.0,1.0,1.0,51.0,49.0,11.0,2.0,35.0,29.0,14.0,18.0,5.0,6.0,3.0,11.0,12.0,15.0,0.0,0.0,1.0,0.0,9.0,5.0,85.1,76.4,0.115,0.239,0.455,0.273,-0.27,0.37,0.0,80.0
2026-02-08,10:00,77559,LaLiga 25/26,25/26,La Liga,Matchweek 23,Sun,Home,L,0.0,2.0,Getafe,60.0,,,,,,https://www.sofascore.com/deportivo-alaves-getafe/jhbsKhb,Ended,Deportivo Alavés,for,2.02,1.91,5.0,2.0,0.0,1.0,5.0,1.0,6.0,3.0,20.0,20.0,404.0,274.0,315.0,180.0,17.0,28.0,20.0,19.0,3.0,2.0,2.0,4.0,0.0,0.0,3.0,5.0,0.0,6.0,8.0,6.0,11.0,10.0,2.0,7.0,1.0,0.0,19.0,23.0,26.0,32.0,5.0,4.0,48.0,52.0,16.0,5.0,42.0,55.0,25.0,18.0,6.0,7.0,6.0,18.0,22.0,27.0,0.0,0.0,0.0,1.0,10.0,10.0,78.0,65.7,0.155,0.112,0.385,0.294,-2.02,0.09,60.0,100.0
2026-02-08,10:00,77559,LaLiga 25/26,25/26,La Liga,Matchweek 23,Sun,Away,W,2.0,0.0,Deportivo Alavés,40.0,,,,,,https://www.sofascore.com/deportivo-alaves-getafe/jhbsKhb,Ended,Getafe,for,1.91,2.02,2.0,5.0,1.0,0.0,1.0,5.0,3.0,6.0,20.0,20.0,274.0,404.0,180.0,315.0,28.0,17.0,19.0,20.0,2.0,3.0,4.0,2.0,0.0,0.0,5.0,3.0,6.0,0.0,6.0,8.0,10.0,11.0,7.0,2.0,0.0,1.0,23.0,19.0,32.0,26.0,4.0,5.0,52.0,48.0,5.0,16.0,55.0,42.0,18.0,25.0,7.0,6.0,18.0,6.0,27.0,22.0,0.0,0.0,1.0,0.0,10.0,10.0,65.7,78.0,0.112,0.155,0.294,0.385,0.09,-2.02,100.0,60.0
2026-02-08,12:15,77559,LaLiga 25/26,25/26,La Liga,Matchweek 23,Sun,Home,D,1.0,1.0,Girona FC,51.0,,,,,,https://www.sofascore.com/girona-fc-sevilla/IgbsoKj,Ended,Sevilla,for,0.78,2.56,1.0,4.0,0.0,0.0,1.0,4.0,5.0,7.0,16.0,13.0,432.0,421.0,372.0,353.0,20.0,19.0,13.0,15.0,5.0,0.0,3.0,3.0,0.0,0.0,5.0,2.0,1.0,4.0,7.0,5.0,6.0,10.0,5.0,5.0,0.0,1.0,18.0,21.0,22.0,21.0,3.0,4.0,53.0,47.0,12.0,8.0,43.0,42.0,14.0,9.0,10.0,8.0,6.0,7.0,21.0,28.0,2.0,1.0,0.0,5.0,9.0,8.0,86.1,83.8,0.071,0.171,0.273,0.4,0.22,-1.56,83.3,66.7
2026-02-08,12:15,77559,LaLiga 25/26,25/26,La Liga,Matchweek 23,Sun,Away,D,1.0,1.0,Sevilla,49.0,,,,,,https://www.sofascore.com/girona-fc-sevilla/IgbsoKj,Ended,Girona FC,for,2.56,0.78,4.0,1.0,0.0,0.0,4.0,1.0,7.0,5.0,13.0,16.0,421.0,432.0,353.0,372.0,19.0,20.0,15.0,13.0,0.0,5.0,3.0,3.0,0.0,0.0,2.0,5.0,4.0,1.0,5.0,7.0,10.0,6.0,5.0,5.0,1.0,0.0,21.0,18.0,21.0,22.0,4.0,3.0,47.0,53.0,8.0,12.0,42.0,43.0,9.0,14.0,8.0,10.0,7.0,6.0,28.0,21.0,1.0,2.0,5.0,0.0,8.0,9.0,83.8,86.1,0.171,0.071,0.4,0.273,-1.56,0.22,66.7,83.3
2026-02-08,12:15,77559,LaLiga 25/26,25/26,La Liga,Matchweek 23,Sun,Home,W,4.0,2.0,Levante UD,55.0,,,,,,https://www.sofascore.com/levante-ud-athletic-club/AgbsZgb,Ended,Athletic Club,for,2.08,0.51,5.0,1.0,3.0,0.0,2.0,1.0,4.0,3.0,17.0,10.0,502.0,400.0,437.0,314.0,10.0,13.0,10.0,17.0,3.0,3.0,2.0,1.0,0.0,1.0,1.0,3.0,6.0,1.0,9.0,2.0,14.0,2.0,8.0,4.0,4.0,1.0,32.0,12.0,26.0,31.0,4.0,3.0,43.0,57.0,6.0,5.0,30.0,44.0,13.0,13.0,10.0,13.0,11.0,7.0,23.0,20.0,1.0,1.0,2.0,2.0,4.0,13.0,87.1,78.5,0.095,0.085,0.318,0.5,1.92,1.49,33.3,42.9
2026-02-08,12:15,77559,LaLiga 25/26,25/26,La Liga,Matchweek 23,Sun,Away,L,2.0,4.0,Athletic Club,45.0,,,,,,https://www.sofascore.com/levante-ud-athletic-club/AgbsZgb,Ended,Levante UD,for,0.51,2.08,1.0,5.0,0.0,3.0,1.0,2.0,3.0,4.0,10.0,17.0,400.0,502.0,314.0,437.0,13.0,10.0,17.0,10.0,3.0,3.0,1.0,2.0,1.0,0.0,3.0,1.0,1.0,6.0,2.0,9.0,2.0,14.0,4.0,8.0,1.0,4.0,12.0,32.0,31.0,26.0,3.0,4.0,57.0,43.0,5.0,6.0,44.0,30.0,13.0,13.0,13.0,10.0,7.0,11.0,20.0,23.0,1.0,1.0,2.0,2.0,13.0,4.0,78.5,87.1,0.085,0.095,0.5,0.318,1.49,1.92,42.9,33.3
2026-02-08,14:30,77559,LaLiga 25/26,25/26,La Liga,Matchweek 23,Sun,Home,L,0.0,1.0,Real Betis,65.0,,,,,,https://www.sofascore.com/atletico-madrid-real-betis/qgbsLgb,Ended,Atlético Madrid,for,0.67,0.7,1.0,2.0,0.0,0.0,1.0,2.0,7.0,3.0,12.0,3.0,678.0,371.0,605.0,304.0,7.0,15.0,3.0,12.0,6.0,1.0,4.0,1.0,0.0,0.0,3.0,5.0,1.0,1.0,4.0,3.0,8.0,3.0,2.0,5.0,1.0,0.0,28.0,5.0,15.0,26.0,6.0,0.0,44.0,56.0,6.0,4.0,17.0,32.0,14.0,7.0,7.0,6.0,6.0,12.0,10.0,35.0,1.0,0.0,0.0,1.0,5.0,13.0,89.2,81.9,0.067,0.087,0.5,0.5,-0.67,0.3,75.0,100.0
2026-02-08,14:30,77559,LaLiga 25/26,25/26,La Liga,Matchweek 23,Sun,Away,W,1.0,0.0,Atlético Madrid,35.0,,,,,,https://www.sofascore.com/atletico-madrid-real-betis/qgbsLgb,Ended,Real Betis,for,0.7,0.67,2.0,1.0,0.0,0.0,2.0,1.0,3.0,7.0,3.0,12.0,371.0,678.0,304.0,605.0,15.0,7.0,12.0,3.0,1.0,6.0,1.0,4.0,0.0,0.0,5.0,3.0,1.0,1.0,3.0,4.0,3.0,8.0,5.0,2.0,0.0,1.0,5.0,28.0,26.0,15.0,0.0,6.0,56.0,44.0,4.0,6.0,32.0,17.0,7.0,14.0,6.0,7.0,12.0,6.0,35.0,10.0,0.0,1.0,1.0,0.0,13.0,5.0,81.9,89.2,0.087,0.067,0.5,0.5,0.3,-0.67,100.0,75.0
2026-02-08,17:00,77559,LaLiga 25/26,25/26,La Liga,Matchweek 23,Sun,Home,L,0.0,2.0,Real Madrid,40.0,,,,,,https://www.sofascore.com/real-madrid-valencia/DgbsEgb,Ended,Valencia,for,0.44,0.96,1.0,2.0,0.0,1.0,1.0,1.0,5.0,8.0,10.0,13.0,359.0,558.0,283.0,495.0,18.0,17.0,13.0,10.0,1.0,3.0,1.0,1.0,0.0,0.0,4.0,0.0,2.0,1.0,5.0,4.0,4.0,7.0,3.0,4.0,1.0,1.0,21.0,20.0,21.0,18.0,4.0,1.0,49.0,51.0,10.0,10.0,33.0,30.0,11.0,16.0,2.0,5.0,10.0,3.0,33.0,27.0,0.0,1.0,1.0,0.0,6.0,7.0,78.8,88.7,0.063,0.087,0.0,0.545,-0.44,1.04,66.7,
2026-02-08,17:00,77559,LaLiga 25/26,25/26,La Liga,Matchweek 23,Sun,Away,W,2.0,0.0,Valencia,60.0,,,,,,https://www.sofascore.com/real-madrid-valencia/DgbsEgb,Ended,Real Madrid,for,0.96,0.44,2.0,1.0,1.0,0.0,1.0,1.0,8.0,5.0,13.0,10.0,558.0,359.0,495.0,283.0,17.0,18.0,10.0,13.0,3.0,1.0,1.0,1.0,0.0,0.0,0.0,4.0,1.0,2.0,4.0,5.0,7.0,4.0,4.0,3.0,1.0,1.0,20.0,21.0,18.0,21.0,1.0,4.0,51.0,49.0,10.0,10.0,30.0,33.0,16.0,11.0,5.0,2.0,3.0,10.0,27.0,33.0,1.0,0.0,0.0,1.0,7.0,6.0,88.7,78.8,0.087,0.063,0.545,0.0,1.04,-0.44,,66.7
2026-02-09,17:00,77559,LaLiga 25/26,25/26,La Liga,Matchweek 23,Mon,Home,W,4.0,1.0,Espanyol,49.0,,,,,,https://www.sofascore.com/villarreal-espanyol/ogbsugb,Ended,Villarreal,for,0.77,0.51,3.0,1.0,3.0,1.0,0.0,1.0,5.0,8.0,18.0,11.0,428.0,439.0,378.0,374.0,10.0,13.0,11.0,18.0,1.0,0.0,3.0,3.0,0.0,0.0,1.0,0.0,3.0,2.0,4.0,5.0,7.0,4.0,3.0,5.0,0.0,0.0,22.0,14.0,13.0,25.0,2.0,3.0,53.0,47.0,4.0,3.0,29.0,34.0,17.0,7.0,9.0,7.0,8.0,8.0,34.0,23.0,1.0,0.0,0.0,0.0,7.0,7.0,88.3,85.2,0.077,0.057,0.3,0.222,3.23,0.49,50.0,0.0
2026-02-09,17:00,77559,LaLiga 25/26,25/26,La Liga,Matchweek 23,Mon,Away,L,1.0,4.0,Villarreal,51.0,,,,,,https://www.sofascore.com/villarreal-espanyol/ogbsugb,Ended,Espanyol,for,0.51,0.77,1.0,3.0,1.0,3.0,1.0,0.0,8.0,5.0,11.0,18.0,439.0,428.0,374.0,378.0,13.0,10.0,18.0,11.0,0.0,1.0,3.0,3.0,0.0,0.0,0.0,1.0,2.0,3.0,5.0,4.0,4.0,7.0,5.0,3.0,0.0,0.0,14.0,22.0,25.0,13.0,3.0,2.0,47.0,53.0,3.0,4.0,34.0,29.0,7.0,17.0,7.0,9.0,8.0,8.0,23.0,34.0,0.0,1.0,0.0,0.0,7.0,7.0,85.2,88.3,0.057,0.077,0.222,0.3,0.49,3.23,0.0,50.0
2026-02-13,17:00,77559,LaLiga 25/26,25/26,La Liga,Matchweek 24,Fri,Home,D,0.0,0.0,Osasuna,64.0,,,,,,https://www.sofascore.com/elche-osasuna/vgbsWgb,Ended,Elche,for,1.7,0.77,4.0,1.0,0.0,0.0,4.0,1.0,10.0,3.0,13.0,18.0,457.0,258.0,379.0,178.0,15.0,18.0,18.0,13.0,0.0,4.0,2.0,4.0,0.0,0.0,1.0,5.0,4.0,3.0,8.0,1.0,12.0,4.0,5.0,2.0,2.0,2.0,31.0,15.0,32.0,17.0,6.0,1.0,51.0,49.0,10.0,7.0,36.0,36.0,9.0,7.0,3.0,5.0,7.0,18.0,18.0,28.0,0.0,0.0,1.0,0.0,3.0,12.0,82.9,69.0,0.1,0.128,0.294,0.333,-1.7,-0.77,50.0,100.0
2026-02-13,17:00,77559,LaLiga 25/26,25/26,La Liga,Matchweek 24,Fri,Away,D,0.0,0.0,Elche,36.0,,,,,,https://www.sofascore.com/elche-osasuna/vgbsWgb,Ended,Osasuna,for,0.77,1.7,1.0,4.0,0.0,0.0,1.0,4.0,3.0,10.0,18.0,13.0,258.0,457.0,178.0,379.0,18.0,15.0,13.0,18.0,4.0,0.0,4.0,2.0,0.0,0.0,5.0,1.0,3.0,4.0,1.0,8.0,4.0,12.0,2.0,5.0,2.0,2.0,15.0,31.0,17.0,32.0,1.0,6.0,49.0,51.0,7.0,10.0,36.0,36.0,7.0,9.0,5.0,3.0,18.0,7.0,28.0,18.0,0.0,0.0,0.0,1.0,12.0,3.0,69.0,82.9,0.128,0.1,0.333,0.294,-0.77,-1.7,100.0,50.0
2026-02-14,10:00,77559,LaLiga 25/26,25/26,La Liga,Matchweek 24,Sat,Home,D,2.0,2.0,Celta Vigo,43.0,,,,,,https://www.sofascore.com/celta-vigo-espanyol/ogbswgb,Ended,Espanyol,for,0.77,2.36,2.0,4.0,1.0,2.0,1.0,2.0,2.0,2.0,9.0,11.0,393.0,544.0,323.0,481.0,18.0,8.0,11.0,9.0,1.0,2.0,1.0,0.0,0.0,0.0,2.0,1.0,3.0,3.0,3.0,6.0,7.0,11.0,2.0,3.0,2.0,1.0,21.0,41.0,13.0,19.0,5.0,4.0,56.0,44.0,4.0,12.0,35.0,25.0,8.0,9.0,6.0,8.0,12.0,6.0,17.0,40.0,0.0,0.0,1.0,0.0,8.0,8.0,82.2,88.4,0.086,0.169,0.333,0.357,1.23,-0.36,40.0,33.3
2026-02-14,10:00,77559,LaLiga 25/26,25/26,La Liga,Matchweek 24,Sat,Away,D,2.0,2.0,Espanyol,57.0,,,,,,https://www.sofascore.com/celta-vigo-espanyol/ogbswgb,Ended,Celta Vigo,for,2.36,0.77,4.0,2.0,2.0,1.0,2.0,1.0,2.0,2.0,11.0,9.0,544.0,393.0,481.0,323.0,8.0,18.0,9.0,11.0,2.0,1.0,0.0,1.0,0.0,0.0,1.0,2.0,3.0,3.0,6.0,3.0,11.0,7.0,3.0,2.0,1.0,2.0,41.0,21.0,19.0,13.0,4.0,5.0,44.0,56.0,12.0,4.0,25.0,35.0,9.0,8.0,8.0,6.0,6.0,12.0,40.0,17.0,0.0,0.0,0.0,1.0,8.0,8.0,88.4,82.2,0.169,0.086,0.357,0.333,-0.36,1.23,33.3,40.0
2026-02-14,12:15,77559,LaLiga 25/26,25/26,La Liga,Matchweek 24,Sat,Home,W,2.0,1.0,Villarreal,44.0,,,,,,https://www.sofascore.com/getafe-villarreal/ugbsjhb,Ended,Getafe,for,1.48,0.6,2.0,2.0,2.0,1.0,1.0,1.0,3.0,4.0,21.0,17.0,267.0,358.0,187.0,269.0,30.0,14.0,16.0,21.0,1.0,2.0,2.0,3.0,0.0,0.0,1.0,0.0,1.0,2.0,2.0,4.0,4.0,5.0,1.0,3.0,0.0,0.0,12.0,20.0,30.0,21.0,1.0,1.0,59.0,41.0,7.0,16.0,55.0,39.0,13.0,9.0,8.0,5.0,11.0,7.0,31.0,27.0,0.0,0.0,0.0,1.0,9.0,4.0,70.0,75.1,0.296,0.075,0.4,0.25,0.52,0.4,50.0,0.0
2026-02-14,12:15,77559,LaLiga 25/26,25/26,La Liga,Matchweek 24,Sat,Away,L,1.0,2.0,Getafe,56.0,,,,,,https://www.sofascore.com/getafe-villarreal/ugbsjhb,Ended,Villarreal,for,0.6,1.48,2.0,2.0,1.0,2.0,1.0,1.0,4.0,3.0,17.0,21.0,358.0,267.0,269.0,187.0,14.0,30.0,21.0,16.0,2.0,1.0,3.0,2.0,0.0,0.0,0.0,1.0,2.0,1.0,4.0,2.0,5.0,4.0,3.0,1.0,0.0,0.0,20.0,12.0,21.0,30.0,1.0,1.0,41.0,59.0,16.0,7.0,39.0,55.0,9.0,13.0,5.0,8.0,7.0,11.0,27.0,31.0,0.0,0.0,1.0,0.0,4.0,9.0,75.1,70.0,0.075,0.296,0.25,0.4,0.4,0.52,0.0,50.0
2026-02-14,14:30,77559,LaLiga 25/26,25/26,La Liga,Matchweek 24,Sat,Home,D,1.0,1.0,Deportivo Alavés,26.0,,,,,,https://www.sofascore.com/deportivo-alaves-sevilla/IgbsKhb,Ended,Sevilla,for,0.27,1.13,0.0,3.0,0.0,1.0,0.0,2.0,0.0,3.0,16.0,13.0,197.0,569.0,122.0,493.0,13.0,7.0,13.0,16.0,2.0,1.0,5.0,0.0,2.0,0.0,0.0,1.0,1.0,4.0,1.0,7.0,2.0,10.0,2.0,2.0,0.0,0.0,10.0,32.0,12.0,24.0,3.0,9.0,43.0,57.0,5.0,13.0,25.0,26.0,11.0,22.0,3.0,5.0,15.0,8.0,39.0,20.0,0.0,0.0,1.0,1.0,12.0,1.0,61.9,86.6,0.068,0.094,0.5,0.083,0.73,-0.13,0.0,50.0
2026-02-14,14:30,77559,LaLiga 25/26,25/26,La Liga,Matchweek 24,Sat,Away,D,1.0,1.0,Sevilla,74.0,,,,,,https://www.sofascore.com/deportivo-alaves-sevilla/IgbsKhb,Ended,Deportivo Alavés,for,1.13,0.27,3.0,0.0,1.0,0.0,2.0,0.0,3.0,0.0,13.0,16.0,569.0,197.0,493.0,122.0,7.0,13.0,16.0,13.0,1.0,2.0,0.0,5.0,0.0,2.0,1.0,0.0,4.0,1.0,7.0,1.0,10.0,2.0,2.0,2.0,0.0,0.0,32.0,10.0,24.0,12.0,9.0,3.0,57.0,43.0,13.0,5.0,26.0,25.0,22.0,11.0,5.0,3.0,8.0,15.0,20.0,39.0,0.0,0.0,1.0,1.0,1.0,12.0,86.6,61.9,0.094,0.068,0.083,0.5,-0.13,0.73,50.0,0.0
2026-02-14,17:00,77559,LaLiga 25/26,25/26,La Liga,Matchweek 24,Sat,Home,W,4.0,1.0,Real Sociedad,52.0,,,,,,https://www.sofascore.com/real-madrid-real-sociedad/zgbsEgb,Ended,Real Madrid,for,3.12,1.73,5.0,3.0,3.0,1.0,2.0,2.0,4.0,6.0,10.0,9.0,585.0,534.0,533.0,488.0,14.0,13.0,7.0,9.0,5.0,1.0,1.0,1.0,0.0,0.0,2.0,0.0,3.0,5.0,3.0,5.0,9.0,10.0,2.0,3.0,1.0,0.0,27.0,20.0,32.0,21.0,4.0,8.0,47.0,53.0,9.0,8.0,27.0,29.0,4.0,6.0,5.0,6.0,12.0,9.0,8.0,10.0,1.0,0.0,1.0,0.0,10.0,3.0,91.1,91.4,0.284,0.133,0.455,0.231,0.88,-0.73,66.7,0.0
2026-02-14,17:00,77559,LaLiga 25/26,25/26,La Liga,Matchweek 24,Sat,Away,L,1.0,4.0,Real Madrid,48.0,,,,,,https://www.sofascore.com/real-madrid-real-sociedad/zgbsEgb,Ended,Real Sociedad,for,1.73,3.12,3.0,5.0,1.0,3.0,2.0,2.0,6.0,4.0,9.0,10.0,534.0,585.0,488.0,533.0,13.0,14.0,9.0,7.0,1.0,5.0,1.0,1.0,0.0,0.0,0.0,2.0,5.0,3.0,5.0,3.0,10.0,9.0,3.0,2.0,0.0,1.0,20.0,27.0,21.0,32.0,8.0,4.0,53.0,47.0,8.0,9.0,29.0,27.0,6.0,4.0,6.0,5.0,9.0,12.0,10.0,8.0,0.0,1.0,0.0,1.0,3.0,10.0,91.4,91.1,0.133,0.284,0.231,0.455,-0.73,0.88,0.0,66.7
2026-02-15,10:00,77559,LaLiga 25/26,25/26,La Liga,Matchweek 24,Sun,Home,L,1.0,2.0,Athletic Club,54.0,,,,,,https://www.sofascore.com/real-oviedo-athletic-club/Agbsbhb,Ended,Real Oviedo,for,0.34,1.29,2.0,1.0,1.0,1.0,1.0,0.0,2.0,3.0,8.0,20.0,444.0,362.0,336.0,271.0,22.0,20.0,20.0,7.0,5.0,1.0,2.0,3.0,0.0,0.0,2.0,0.0,0.0,4.0,6.0,5.0,5.0,9.0,2.0,4.0,0.0,0.0,12.0,14.0,28.0,15.0,1.0,5.0,59.0,41.0,10.0,11.0,45.0,31.0,22.0,15.0,6.0,5.0,15.0,11.0,32.0,29.0,0.0,1.0,1.0,1.0,5.0,9.0,75.7,74.9,0.049,0.099,0.143,0.308,0.66,0.71,50.0,0.0
2026-02-15,10:00,77559,LaLiga 25/26,25/26,La Liga,Matchweek 24,Sun,Away,W,2.0,1.0,Real Oviedo,46.0,,,,,,https://www.sofascore.com/real-oviedo-athletic-club/Agbsbhb,Ended,Athletic Club,for,1.29,0.34,1.0,2.0,1.0,1.0,0.0,1.0,3.0,2.0,20.0,8.0,362.0,444.0,271.0,336.0,20.0,22.0,7.0,20.0,1.0,5.0,3.0,2.0,0.0,0.0,0.0,2.0,4.0,0.0,5.0,6.0,9.0,5.0,4.0,2.0,0.0,0.0,14.0,12.0,15.0,28.0,5.0,1.0,41.0,59.0,11.0,10.0,31.0,45.0,15.0,22.0,5.0,6.0,11.0,15.0,29.0,32.0,1.0,0.0,1.0,1.0,9.0,5.0,74.9,75.7,0.099,0.049,0.308,0.143,0.71,0.66,0.0,50.0
2026-02-15,12:15,77559,LaLiga 25/26,25/26,La Liga,Matchweek 24,Sun,Home,W,3.0,0.0,Atlético Madrid,41.0,,,,,,https://www.sofascore.com/atletico-madrid-rayo-vallecano/tgbsLgb,Ended,Rayo Vallecano,for,1.61,0.7,6.0,1.0,3.0,0.0,3.0,1.0,4.0,8.0,10.0,13.0,354.0,486.0,286.0,413.0,12.0,11.0,13.0,10.0,3.0,0.0,1.0,3.0,0.0,0.0,3.0,6.0,3.0,4.0,1.0,2.0,8.0,7.0,5.0,2.0,0.0,0.0,18.0,33.0,16.0,47.0,4.0,5.0,49.0,51.0,8.0,6.0,31.0,33.0,9.0,8.0,6.0,12.0,10.0,6.0,38.0,23.0,0.0,0.0,0.0,1.0,5.0,5.0,80.8,85.0,0.124,0.078,0.692,0.333,1.39,-0.7,100.0,66.7
2026-02-15,12:15,77559,LaLiga 25/26,25/26,La Liga,Matchweek 24,Sun,Away,L,0.0,3.0,Rayo Vallecano,59.0,,,,,,https://www.sofascore.com/atletico-madrid-rayo-vallecano/tgbsLgb,Ended,Atlético Madrid,for,0.7,1.61,1.0,6.0,0.0,3.0,1.0,3.0,8.0,4.0,13.0,10.0,486.0,354.0,413.0,286.0,11.0,12.0,10.0,13.0,0.0,3.0,3.0,1.0,0.0,0.0,6.0,3.0,4.0,3.0,2.0,1.0,7.0,8.0,2.0,5.0,0.0,0.0,33.0,18.0,47.0,16.0,5.0,4.0,51.0,49.0,6.0,8.0,33.0,31.0,8.0,9.0,12.0,6.0,6.0,10.0,23.0,38.0,0.0,0.0,1.0,0.0,5.0,5.0,85.0,80.8,0.078,0.124,0.333,0.692,-0.7,1.39,66.7,100.0
2026-02-15,14:30,77559,LaLiga 25/26,25/26,La Liga,Matchweek 24,Sun,Home,L,0.0,2.0,Valencia,47.0,,,,,,https://www.sofascore.com/levante-ud-valencia/DgbsZgb,Ended,Levante UD,for,0.61,0.6,2.0,1.0,0.0,1.0,2.0,0.0,3.0,2.0,11.0,10.0,384.0,442.0,314.0,373.0,16.0,19.0,10.0,11.0,0.0,3.0,3.0,2.0,1.0,0.0,0.0,1.0,1.0,1.0,7.0,2.0,6.0,3.0,3.0,2.0,0.0,1.0,22.0,10.0,31.0,26.0,2.0,2.0,52.0,48.0,12.0,10.0,33.0,29.0,11.0,12.0,7.0,1.0,12.0,9.0,12.0,40.0,0.0,0.0,0.0,3.0,6.0,8.0,81.8,84.4,0.068,0.12,0.111,0.4,-0.61,1.4,0.0,100.0
2026-02-15,14:30,77559,LaLiga 25/26,25/26,La Liga,Matchweek 24,Sun,Away,W,2.0,0.0,Levante UD,53.0,,,,,,https://www.sofascore.com/levante-ud-valencia/DgbsZgb,Ended,Valencia,for,0.6,0.61,1.0,2.0,1.0,0.0,0.0,2.0,2.0,3.0,10.0,11.0,442.0,384.0,373.0,314.0,19.0,16.0,11.0,10.0,3.0,0.0,2.0,3.0,0.0,1.0,1.0,0.0,1.0,1.0,2.0,7.0,3.0,6.0,2.0,3.0,1.0,0.0,10.0,22.0,26.0,31.0,2.0,2.0,48.0,52.0,10.0,12.0,29.0,33.0,12.0,11.0,1.0,7.0,9.0,12.0,40.0,12.0,0.0,0.0,3.0,0.0,8.0,6.0,84.4,81.8,0.12,0.068,0.4,0.111,1.4,-0.61,100.0,0.0
2026-02-15,17:00,77559,LaLiga 25/26,25/26,La Liga,Matchweek 24,Sun,Home,L,1.0,2.0,Real Betis,65.0,,,,,,https://www.sofascore.com/mallorca-real-betis/qgbsBgb,Ended,Mallorca,for,1.1,2.04,2.0,4.0,0.0,1.0,2.0,3.0,7.0,3.0,16.0,10.0,616.0,342.0,538.0,280.0,8.0,11.0,10.0,16.0,1.0,0.0,4.0,3.0,0.0,0.0,5.0,2.0,3.0,4.0,8.0,5.0,9.0,12.0,5.0,5.0,0.0,1.0,33.0,18.0,37.0,24.0,8.0,4.0,51.0,49.0,5.0,8.0,25.0,28.0,18.0,13.0,9.0,3.0,4.0,6.0,12.0,49.0,1.0,1.0,0.0,1.0,5.0,15.0,87.3,81.9,0.079,0.12,0.214,0.471,-0.1,-0.04,62.5,66.7
2026-02-15,17:00,77559,LaLiga 25/26,25/26,La Liga,Matchweek 24,Sun,Away,W,2.0,1.0,Mallorca,35.0,,,,,,https://www.sofascore.com/mallorca-real-betis/qgbsBgb,Ended,Real Betis,for,2.04,1.1,4.0,2.0,1.0,0.0,3.0,2.0,3.0,7.0,10.0,16.0,342.0,616.0,280.0,538.0,11.0,8.0,16.0,10.0,0.0,1.0,3.0,4.0,0.0,0.0,2.0,5.0,4.0,3.0,5.0,8.0,12.0,9.0,5.0,5.0,1.0,0.0,18.0,33.0,24.0,37.0,4.0,8.0,49.0,51.0,8.0,5.0,28.0,25.0,13.0,18.0,3.0,9.0,6.0,4.0,49.0,12.0,1.0,1.0,1.0,0.0,15.0,5.0,81.9,87.3,0.12,0.079,0.471,0.214,-0.04,-0.1,66.7,62.5
2026-02-16,17:00,77559,LaLiga 25/26,25/26,La Liga,Matchweek 24,Mon,Home,W,2.0,1.0,FC Barcelona,29.0,,,,,,https://www.sofascore.com/girona-fc-barcelona/rgbsoKj,Ended,Girona FC,for,2.86,2.72,5.0,3.0,1.0,0.0,4.0,3.0,3.0,7.0,10.0,6.0,308.0,739.0,238.0,667.0,19.0,19.0,6.0,9.0,4.0,2.0,1.0,3.0,1.0,0.0,4.0,7.0,1.0,11.0,3.0,12.0,11.0,18.0,2.0,9.0,1.0,0.0,35.0,58.0,18.0,22.0,3.0,11.0,50.0,50.0,13.0,8.0,37.0,37.0,9.0,9.0,12.0,8.0,10.0,9.0,44.0,15.0,1.0,1.0,1.0,1.0,9.0,5.0,77.3,90.3,0.22,0.101,0.692,0.148,-0.86,-1.72,100.0,77.8
2026-02-16,17:00,77559,LaLiga 25/26,25/26,La Liga,Matchweek 24,Mon,Away,L,1.0,2.0,Girona FC,71.0,,,,,,https://www.sofascore.com/girona-fc-barcelona/rgbsoKj,Ended,FC Barcelona,for,2.72,2.86,3.0,5.0,0.0,1.0,3.0,4.0,7.0,3.0,6.0,10.0,739.0,308.0,667.0,238.0,19.0,19.0,9.0,6.0,2.0,4.0,3.0,1.0,0.0,1.0,7.0,4.0,11.0,1.0,12.0,3.0,18.0,11.0,9.0,2.0,0.0,1.0,58.0,35.0,22.0,18.0,11.0,3.0,50.0,50.0,8.0,13.0,37.0,37.0,9.0,9.0,8.0,12.0,9.0,10.0,15.0,44.0,1.0,1.0,1.0,1.0,5.0,9.0,90.3,77.3,0.101,0.22,0.148,0.692,-1.72,-0.86,77.8,100.0
2026-02-18,16:00,77559,LaLiga 25/26,25/26,La Liga,Matchweek 16,Wed,Home,L,0.0,1.0,Villarreal,59.0,,,,,,https://www.sofascore.com/levante-ud-villarreal/ugbsZgb,Ended,Levante UD,for,0.92,2.4,0.0,5.0,0.0,1.0,0.0,4.0,3.0,2.0,13.0,20.0,485.0,345.0,405.0,275.0,16.0,22.0,20.0,13.0,3.0,1.0,3.0,4.0,0.0,0.0,4.0,4.0,6.0,2.0,6.0,7.0,11.0,10.0,5.0,5.0,0.0,1.0,32.0,31.0,26.0,23.0,5.0,0.0,52.0,48.0,5.0,5.0,46.0,44.0,21.0,17.0,11.0,10.0,3.0,7.0,26.0,50.0,0.0,0.0,0.0,1.0,10.0,8.0,83.5,79.7,0.058,0.16,0.25,0.4,-0.92,-1.4,66.7,100.0
2026-02-18,16:00,77559,LaLiga 25/26,25/26,La Liga,Matchweek 16,Wed,Away,W,1.0,0.0,Levante UD,41.0,,,,,,https://www.sofascore.com/levante-ud-villarreal/ugbsZgb,Ended,Villarreal,for,2.4,0.92,5.0,0.0,1.0,0.0,4.0,0.0,2.0,3.0,20.0,13.0,345.0,485.0,275.0,405.0,22.0,16.0,13.0,20.0,1.0,3.0,4.0,3.0,0.0,0.0,4.0,4.0,2.0,6.0,7.0,6.0,10.0,11.0,5.0,5.0,1.0,0.0,31.0,32.0,23.0,26.0,0.0,5.0,48.0,52.0,5.0,5.0,44.0,46.0,17.0,21.0,10.0,11.0,7.0,3.0,50.0,26.0,0.0,0.0,1.0,0.0,8.0,10.0,79.7,83.5,0.16,0.058,0.4,0.25,-1.4,-0.92,100.0,66.7
2026-02-20,17:00,77559,LaLiga 25/26,25/26,La Liga,Matchweek 25,Fri,Home,W,2.0,1.0,Elche,46.0,,,,,,https://www.sofascore.com/elche-athletic-club/AgbsWgb,Ended,Athletic Club,for,2.97,0.82,6.0,1.0,2.0,1.0,4.0,0.0,4.0,1.0,18.0,9.0,348.0,440.0,264.0,338.0,17.0,21.0,8.0,17.0,3.0,2.0,3.0,3.0,0.0,1.0,1.0,6.0,6.0,0.0,4.0,0.0,14.0,1.0,4.0,1.0,1.0,0.0,27.0,9.0,28.0,34.0,4.0,0.0,39.0,61.0,8.0,6.0,27.0,44.0,15.0,22.0,3.0,6.0,14.0,13.0,19.0,30.0,0.0,2.0,0.0,0.0,1.0,8.0,75.9,76.8,0.165,0.41,0.444,1.0,-0.97,0.18,50.0,75.0
2026-02-20,17:00,77559,LaLiga 25/26,25/26,La Liga,Matchweek 25,Fri,Away,L,1.0,2.0,Athletic Club,54.0,,,,,,https://www.sofascore.com/elche-athletic-club/AgbsWgb,Ended,Elche,for,0.82,2.97,1.0,6.0,1.0,2.0,0.0,4.0,1.0,4.0,9.0,18.0,440.0,348.0,338.0,264.0,21.0,17.0,17.0,8.0,2.0,3.0,3.0,3.0,1.0,0.0,6.0,1.0,0.0,6.0,0.0,4.0,1.0,14.0,1.0,4.0,0.0,1.0,9.0,27.0,34.0,28.0,0.0,4.0,61.0,39.0,6.0,8.0,44.0,27.0,22.0,15.0,6.0,3.0,13.0,14.0,30.0,19.0,2.0,0.0,0.0,0.0,8.0,1.0,76.8,75.9,0.41,0.165,1.0,0.444,0.18,-0.97,75.0,50.0
2026-02-21,10:00,77559,LaLiga 25/26,25/26,La Liga,Matchweek 25,Sat,Home,D,3.0,3.0,Real Oviedo,62.0,,,,,,https://www.sofascore.com/real-oviedo-real-sociedad/zgbsbhb,Ended,Real Sociedad,for,2.06,1.68,6.0,3.0,3.0,2.0,3.0,1.0,7.0,6.0,13.0,16.0,502.0,302.0,423.0,226.0,15.0,27.0,16.0,13.0,0.0,0.0,2.0,1.0,0.0,0.0,3.0,5.0,4.0,4.0,3.0,4.0,11.0,11.0,4.0,3.0,0.0,1.0,20.0,18.0,22.0,26.0,6.0,6.0,49.0,51.0,15.0,3.0,36.0,48.0,18.0,9.0,6.0,9.0,7.0,8.0,25.0,24.0,1.0,0.0,0.0,0.0,7.0,6.0,84.3,74.8,0.137,0.12,0.533,0.429,0.94,1.32,50.0,62.5
2026-02-21,10:00,77559,LaLiga 25/26,25/26,La Liga,Matchweek 25,Sat,Away,D,3.0,3.0,Real Sociedad,38.0,,,,,,https://www.sofascore.com/real-oviedo-real-sociedad/zgbsbhb,Ended,Real Oviedo,for,1.68,2.06,3.0,6.0,2.0,3.0,1.0,3.0,6.0,7.0,16.0,13.0,302.0,502.0,226.0,423.0,27.0,15.0,13.0,16.0,0.0,0.0,1.0,2.0,0.0,0.0,5.0,3.0,4.0,4.0,4.0,3.0,11.0,11.0,3.0,4.0,1.0,0.0,18.0,20.0,26.0,22.0,6.0,6.0,51.0,49.0,3.0,15.0,48.0,36.0,9.0,18.0,9.0,6.0,8.0,7.0,24.0,25.0,0.0,1.0,0.0,0.0,6.0,7.0,74.8,84.3,0.12,0.137,0.429,0.533,1.32,0.94,62.5,50.0
2026-02-21,12:15,77559,LaLiga 25/26,25/26,La Liga,Matchweek 25,Sat,Home,D,1.0,1.0,Rayo Vallecano,47.0,,,,,,https://www.sofascore.com/rayo-vallecano-real-betis/qgbstgb,Ended,Real Betis,for,1.86,0.88,3.0,2.0,1.0,1.0,2.0,1.0,3.0,5.0,14.0,13.0,411.0,465.0,353.0,399.0,17.0,14.0,13.0,14.0,0.0,4.0,4.0,3.0,0.0,0.0,2.0,2.0,5.0,5.0,6.0,4.0,9.0,7.0,5.0,5.0,1.0,0.0,19.0,21.0,26.0,21.0,3.0,5.0,46.0,54.0,11.0,6.0,34.0,40.0,9.0,10.0,6.0,12.0,9.0,12.0,18.0,19.0,0.0,1.0,0.0,0.0,9.0,9.0,85.9,85.8,0.133,0.073,0.214,0.25,-0.86,0.12,66.7,66.7
2026-02-21,12:15,77559,LaLiga 25/26,25/26,La Liga,Matchweek 25,Sat,Away,D,1.0,1.0,Real Betis,53.0,,,,,,https://www.sofascore.com/rayo-vallecano-real-betis/qgbstgb,Ended,Rayo Vallecano,for,0.88,1.86,2.0,3.0,1.0,1.0,1.0,2.0,5.0,3.0,13.0,14.0,465.0,411.0,399.0,353.0,14.0,17.0,14.0,13.0,4.0,0.0,3.0,4.0,0.0,0.0,2.0,2.0,5.0,5.0,4.0,6.0,7.0,9.0,5.0,5.0,0.0,1.0,21.0,19.0,21.0,26.0,5.0,3.0,54.0,46.0,6.0,11.0,40.0,34.0,10.0,9.0,12.0,6.0,12.0,9.0,19.0,18.0,1.0,0.0,0.0,0.0,9.0,9.0,85.8,85.9,0.073,0.133,0.25,0.214,0.12,-0.86,66.7,66.7
2026-02-21,14:30,77559,LaLiga 25/26,25/26,La Liga,Matchweek 25,Sat,Home,W,2.0,1.0,Real Madrid,39.0,,,,,,https://www.sofascore.com/real-madrid-osasuna/vgbsEgb,Ended,Osasuna,for,2.29,1.7,3.0,3.0,2.0,1.0,1.0,2.0,3.0,7.0,19.0,10.0,353.0,570.0,293.0,511.0,8.0,13.0,9.0,19.0,1.0,2.0,2.0,4.0,0.0,0.0,4.0,1.0,5.0,5.0,6.0,5.0,11.0,7.0,2.0,8.0,0.0,2.0,20.0,28.0,16.0,20.0,5.0,5.0,44.0,56.0,5.0,6.0,28.0,33.0,7.0,11.0,10.0,3.0,9.0,8.0,26.0,16.0,1.0,0.0,1.0,0.0,8.0,4.0,83.0,89.6,0.176,0.113,0.154,0.333,-0.29,-0.7,80.0,50.0
2026-02-21,14:30,77559,LaLiga 25/26,25/26,La Liga,Matchweek 25,Sat,Away,L,1.0,2.0,Osasuna,61.0,,,,,,https://www.sofascore.com/real-madrid-osasuna/vgbsEgb,Ended,Real Madrid,for,1.7,2.29,3.0,3.0,1.0,2.0,2.0,1.0,7.0,3.0,10.0,19.0,570.0,353.0,511.0,293.0,13.0,8.0,19.0,9.0,2.0,1.0,4.0,2.0,0.0,0.0,1.0,4.0,5.0,5.0,5.0,6.0,7.0,11.0,8.0,2.0,2.0,0.0,28.0,20.0,20.0,16.0,5.0,5.0,56.0,44.0,6.0,5.0,33.0,28.0,11.0,7.0,3.0,10.0,8.0,9.0,16.0,26.0,0.0,1.0,0.0,1.0,4.0,8.0,89.6,83.0,0.113,0.176,0.333,0.154,-0.7,-0.29,50.0,80.0
2026-02-21,17:00,77559,LaLiga 25/26,25/26,La Liga,Matchweek 25,Sat,Home,W,4.0,2.0,Espanyol,61.0,,,,,,https://www.sofascore.com/atletico-madrid-espanyol/ogbsLgb,Ended,Atlético Madrid,for,3.12,1.06,5.0,1.0,3.0,1.0,2.0,0.0,5.0,3.0,8.0,10.0,662.0,415.0,571.0,324.0,10.0,10.0,10.0,8.0,0.0,2.0,0.0,1.0,0.0,0.0,0.0,4.0,3.0,3.0,6.0,3.0,16.0,5.0,2.0,3.0,4.0,0.0,33.0,14.0,23.0,15.0,9.0,3.0,55.0,45.0,5.0,5.0,24.0,22.0,15.0,10.0,6.0,6.0,12.0,16.0,27.0,31.0,0.0,0.0,0.0,1.0,4.0,8.0,86.3,78.1,0.173,0.133,0.5,0.25,0.88,0.94,0.0,44.4
2026-02-21,17:00,77559,LaLiga 25/26,25/26,La Liga,Matchweek 25,Sat,Away,L,2.0,4.0,Atlético Madrid,39.0,,,,,,https://www.sofascore.com/atletico-madrid-espanyol/ogbsLgb,Ended,Espanyol,for,1.06,3.12,1.0,5.0,1.0,3.0,0.0,2.0,3.0,5.0,10.0,8.0,415.0,662.0,324.0,571.0,10.0,10.0,8.0,10.0,2.0,0.0,1.0,0.0,0.0,0.0,4.0,0.0,3.0,3.0,3.0,6.0,5.0,16.0,3.0,2.0,0.0,4.0,14.0,33.0,15.0,23.0,3.0,9.0,45.0,55.0,5.0,5.0,22.0,24.0,10.0,15.0,6.0,6.0,16.0,12.0,31.0,27.0,0.0,0.0,1.0,0.0,8.0,4.0,78.1,86.3,0.133,0.173,0.25,0.5,0.94,0.88,44.4,0.0
2026-02-22,10:00,77559,LaLiga 25/26,25/26,La Liga,Matchweek 25,Sun,Home,L,0.0,1.0,Sevilla,31.0,,,,,,https://www.sofascore.com/getafe-sevilla/Igbsjhb,Ended,Getafe,for,0.32,0.32,0.0,0.0,0.0,0.0,0.0,0.0,2.0,2.0,5.0,18.0,225.0,534.0,132.0,447.0,14.0,11.0,18.0,5.0,3.0,4.0,1.0,1.0,1.0,0.0,0.0,3.0,2.0,1.0,1.0,4.0,4.0,4.0,2.0,2.0,0.0,0.0,9.0,8.0,20.0,29.0,2.0,3.0,52.0,48.0,8.0,7.0,42.0,22.0,8.0,24.0,10.0,7.0,7.0,10.0,19.0,34.0,0.0,1.0,0.0,0.0,7.0,6.0,58.7,83.7,0.053,0.053,0.5,0.167,-0.32,0.68,0.0,100.0
2026-02-22,10:00,77559,LaLiga 25/26,25/26,La Liga,Matchweek 25,Sun,Away,W,1.0,0.0,Getafe,69.0,,,,,,https://www.sofascore.com/getafe-sevilla/Igbsjhb,Ended,Sevilla,for,0.32,0.32,0.0,0.0,0.0,0.0,0.0,0.0,2.0,2.0,18.0,5.0,534.0,225.0,447.0,132.0,11.0,14.0,5.0,18.0,4.0,3.0,1.0,1.0,0.0,1.0,3.0,0.0,1.0,2.0,4.0,1.0,4.0,4.0,2.0,2.0,0.0,0.0,8.0,9.0,29.0,20.0,3.0,2.0,48.0,52.0,7.0,8.0,22.0,42.0,24.0,8.0,7.0,10.0,10.0,7.0,34.0,19.0,1.0,0.0,0.0,0.0,6.0,7.0,83.7,58.7,0.053,0.053,0.167,0.5,0.68,-0.32,100.0,0.0
2026-02-22,12:15,77559,LaLiga 25/26,25/26,La Liga,Matchweek 25,Sun,Home,W,3.0,0.0,Levante UD,73.0,,,,,,https://www.sofascore.com/levante-ud-barcelona/rgbsZgb,Ended,FC Barcelona,for,2.88,0.53,7.0,2.0,2.0,0.0,5.0,2.0,13.0,6.0,12.0,10.0,770.0,279.0,728.0,223.0,10.0,17.0,10.0,12.0,2.0,3.0,2.0,1.0,0.0,0.0,2.0,6.0,5.0,1.0,8.0,2.0,13.0,3.0,9.0,2.0,1.0,1.0,46.0,6.0,20.0,21.0,5.0,2.0,47.0,53.0,6.0,5.0,30.0,34.0,4.0,5.0,10.0,5.0,5.0,9.0,21.0,32.0,0.0,1.0,2.0,0.0,2.0,12.0,94.5,79.9,0.131,0.106,0.409,0.4,0.12,-0.53,100.0,66.7
2026-02-22,12:15,77559,LaLiga 25/26,25/26,La Liga,Matchweek 25,Sun,Away,L,0.0,3.0,FC Barcelona,27.0,,,,,,https://www.sofascore.com/levante-ud-barcelona/rgbsZgb,Ended,Levante UD,for,0.53,2.88,2.0,7.0,0.0,2.0,2.0,5.0,6.0,13.0,10.0,12.0,279.0,770.0,223.0,728.0,17.0,10.0,12.0,10.0,3.0,2.0,1.0,2.0,0.0,0.0,6.0,2.0,1.0,5.0,2.0,8.0,3.0,13.0,2.0,9.0,1.0,1.0,6.0,46.0,21.0,20.0,2.0,5.0,53.0,47.0,5.0,6.0,34.0,30.0,5.0,4.0,5.0,10.0,9.0,5.0,32.0,21.0,1.0,0.0,0.0,2.0,12.0,2.0,79.9,94.5,0.106,0.131,0.4,0.409,-0.53,0.12,66.7,100.0
2026-02-22,14:30,77559,LaLiga 25/26,25/26,La Liga,Matchweek 25,Sun,Home,W,2.0,0.0,Mallorca,57.0,,,,,,https://www.sofascore.com/mallorca-celta-vigo/wgbsBgb,Ended,Celta Vigo,for,2.51,0.04,6.0,0.0,2.0,0.0,4.0,0.0,7.0,2.0,11.0,10.0,522.0,392.0,450.0,315.0,12.0,12.0,9.0,11.0,0.0,0.0,1.0,5.0,0.0,0.0,0.0,4.0,6.0,0.0,7.0,1.0,12.0,1.0,8.0,0.0,0.0,0.0,25.0,2.0,12.0,21.0,2.0,2.0,46.0,54.0,5.0,8.0,26.0,25.0,6.0,12.0,4.0,4.0,10.0,6.0,20.0,24.0,0.0,1.0,0.0,0.0,4.0,10.0,86.2,80.4,0.126,0.04,0.35,0.0,-0.51,-0.04,,57.1
2026-02-22,14:30,77559,LaLiga 25/26,25/26,La Liga,Matchweek 25,Sun,Away,L,0.0,2.0,Celta Vigo,43.0,,,,,,https://www.sofascore.com/mallorca-celta-vigo/wgbsBgb,Ended,Mallorca,for,0.04,2.51,0.0,6.0,0.0,2.0,0.0,4.0,2.0,7.0,10.0,11.0,392.0,522.0,315.0,450.0,12.0,12.0,11.0,9.0,0.0,0.0,5.0,1.0,0.0,0.0,4.0,0.0,0.0,6.0,1.0,7.0,1.0,12.0,0.0,8.0,0.0,0.0,2.0,25.0,21.0,12.0,2.0,2.0,54.0,46.0,8.0,5.0,25.0,26.0,12.0,6.0,4.0,4.0,6.0,10.0,24.0,20.0,1.0,0.0,0.0,0.0,10.0,4.0,80.4,86.2,0.04,0.126,0.0,0.35,-0.04,-0.51,57.1,
2026-02-22,17:00,77559,LaLiga 25/26,25/26,La Liga,Matchweek 25,Sun,Home,W,2.0,1.0,Valencia,43.0,,,,,,https://www.sofascore.com/valencia-villarreal/ugbsDgb,Ended,Villarreal,for,2.34,1.53,3.0,3.0,2.0,1.0,1.0,2.0,5.0,4.0,7.0,16.0,363.0,491.0,287.0,420.0,11.0,18.0,15.0,6.0,1.0,2.0,2.0,4.0,0.0,0.0,2.0,3.0,1.0,3.0,6.0,2.0,9.0,8.0,3.0,0.0,0.0,1.0,22.0,21.0,13.0,17.0,4.0,1.0,52.0,48.0,10.0,5.0,38.0,31.0,8.0,11.0,12.0,7.0,10.0,5.0,27.0,21.0,0.0,0.0,0.0,1.0,6.0,7.0,79.1,85.5,0.195,0.191,0.417,0.375,-0.34,-0.53,66.7,60.0
2026-02-22,17:00,77559,LaLiga 25/26,25/26,La Liga,Matchweek 25,Sun,Away,L,1.0,2.0,Villarreal,57.0,,,,,,https://www.sofascore.com/valencia-villarreal/ugbsDgb,Ended,Valencia,for,1.53,2.34,3.0,3.0,1.0,2.0,2.0,1.0,4.0,5.0,16.0,7.0,491.0,363.0,420.0,287.0,18.0,11.0,6.0,15.0,2.0,1.0,4.0,2.0,0.0,0.0,3.0,2.0,3.0,1.0,2.0,6.0,8.0,9.0,0.0,3.0,1.0,0.0,21.0,22.0,17.0,13.0,1.0,4.0,48.0,52.0,5.0,10.0,31.0,38.0,11.0,8.0,7.0,12.0,5.0,10.0,21.0,27.0,0.0,0.0,1.0,0.0,7.0,6.0,85.5,79.1,0.191,0.195,0.375,0.417,-0.53,-0.34,60.0,66.7
2026-02-23,17:00,77559,LaLiga 25/26,25/26,La Liga,Matchweek 25,Mon,Home,D,2.0,2.0,Girona FC,44.0,,,,,,https://www.sofascore.com/girona-fc-deportivo-alaves/KhbsoKj,Ended,Deportivo Alavés,for,1.94,2.22,3.0,2.0,2.0,2.0,1.0,0.0,7.0,6.0,18.0,6.0,414.0,542.0,337.0,459.0,20.0,18.0,6.0,18.0,1.0,1.0,2.0,2.0,0.0,0.0,3.0,4.0,3.0,4.0,8.0,1.0,12.0,6.0,5.0,4.0,0.0,1.0,28.0,13.0,31.0,31.0,9.0,3.0,43.0,57.0,11.0,12.0,34.0,50.0,12.0,11.0,9.0,15.0,8.0,12.0,18.0,24.0,0.0,2.0,0.0,0.0,4.0,11.0,81.4,84.7,0.114,0.222,0.353,0.5,0.06,-0.22,60.0,66.7
2026-02-23,17:00,77559,LaLiga 25/26,25/26,La Liga,Matchweek 25,Mon,Away,D,2.0,2.0,Deportivo Alavés,56.0,,,,,,https://www.sofascore.com/girona-fc-deportivo-alaves/KhbsoKj,Ended,Girona FC,for,2.22,1.94,2.0,3.0,2.0,2.0,0.0,1.0,6.0,7.0,6.0,18.0,542.0,414.0,459.0,337.0,18.0,20.0,18.0,6.0,1.0,1.0,2.0,2.0,0.0,0.0,4.0,3.0,4.0,3.0,1.0,8.0,6.0,12.0,4.0,5.0,1.0,0.0,13.0,28.0,31.0,31.0,3.0,9.0,57.0,43.0,12.0,11.0,50.0,34.0,11.0,12.0,15.0,9.0,12.0,8.0,24.0,18.0,2.0,0.0,0.0,0.0,11.0,4.0,84.7,81.4,0.222,0.114,0.5,0.353,-0.22,0.06,66.7,60.0
2026-02-27,17:00,77559,LaLiga 25/26,25/26,La Liga,Matchweek 26,Fri,Home,W,2.0,0.0,Deportivo Alavés,49.0,,,,,,https://www.sofascore.com/deportivo-alaves-levante-ud/ZgbsKhb,Ended,Levante UD,for,2.34,1.35,5.0,3.0,1.0,0.0,4.0,3.0,10.0,6.0,14.0,16.0,360.0,390.0,303.0,311.0,14.0,24.0,16.0,14.0,1.0,1.0,1.0,6.0,0.0,1.0,5.0,3.0,9.0,5.0,8.0,5.0,15.0,11.0,7.0,6.0,1.0,1.0,37.0,25.0,25.0,23.0,9.0,8.0,46.0,54.0,8.0,4.0,40.0,45.0,15.0,20.0,11.0,7.0,15.0,6.0,20.0,30.0,1.0,1.0,1.0,2.0,7.0,9.0,84.2,79.7,0.106,0.079,0.227,0.412,-0.34,-1.35,71.4,60.0
2026-02-27,17:00,77559,LaLiga 25/26,25/26,La Liga,Matchweek 26,Fri,Away,L,0.0,2.0,Levante UD,51.0,,,,,,https://www.sofascore.com/deportivo-alaves-levante-ud/ZgbsKhb,Ended,Deportivo Alavés,for,1.35,2.34,3.0,5.0,0.0,1.0,3.0,4.0,6.0,10.0,16.0,14.0,390.0,360.0,311.0,303.0,24.0,14.0,14.0,16.0,1.0,1.0,6.0,1.0,1.0,0.0,3.0,5.0,5.0,9.0,5.0,8.0,11.0,15.0,6.0,7.0,1.0,1.0,25.0,37.0,23.0,25.0,8.0,9.0,54.0,46.0,4.0,8.0,45.0,40.0,20.0,15.0,7.0,11.0,6.0,15.0,30.0,20.0,1.0,1.0,2.0,1.0,9.0,7.0,79.7,84.2,0.079,0.106,0.412,0.227,-1.35,-0.34,60.0,71.4
2026-02-28,12:15,77559,LaLiga 25/26,25/26,La Liga,Matchweek 26,Sat,Home,W,4.0,1.0,Villarreal,74.0,,,,,,https://www.sofascore.com/villarreal-barcelona/rgbsugb,Ended,FC Barcelona,for,3.2,1.31,6.0,3.0,3.0,1.0,3.0,2.0,3.0,2.0,11.0,9.0,778.0,271.0,711.0,204.0,15.0,23.0,9.0,11.0,3.0,5.0,2.0,1.0,0.0,0.0,0.0,4.0,3.0,2.0,8.0,3.0,13.0,5.0,6.0,1.0,4.0,0.0,40.0,19.0,24.0,26.0,1.0,2.0,53.0,47.0,8.0,6.0,43.0,42.0,8.0,3.0,20.0,9.0,15.0,8.0,14.0,22.0,0.0,0.0,0.0,0.0,4.0,9.0,91.4,75.3,0.168,0.218,0.421,0.167,0.8,-0.31,0.0,50.0
2026-02-28,12:15,77559,LaLiga 25/26,25/26,La Liga,Matchweek 26,Sat,Away,L,1.0,4.0,FC Barcelona,26.0,,,,,,https://www.sofascore.com/villarreal-barcelona/rgbsugb,Ended,Villarreal,for,1.31,3.2,3.0,6.0,1.0,3.0,2.0,3.0,2.0,3.0,9.0,11.0,271.0,778.0,204.0,711.0,23.0,15.0,11.0,9.0,5.0,3.0,1.0,2.0,0.0,0.0,4.0,0.0,2.0,3.0,3.0,8.0,5.0,13.0,1.0,6.0,0.0,4.0,19.0,40.0,26.0,24.0,2.0,1.0,47.0,53.0,6.0,8.0,42.0,43.0,3.0,8.0,9.0,20.0,8.0,15.0,22.0,14.0,0.0,0.0,0.0,0.0,9.0,4.0,75.3,91.4,0.218,0.168,0.167,0.421,-0.31,0.8,50.0,0.0
2026-02-28,14:30,77559,LaLiga 25/26,25/26,La Liga,Matchweek 26,Sat,Home,L,0.0,1.0,Real Sociedad,44.0,,,,,,https://www.sofascore.com/mallorca-real-sociedad/zgbsBgb,Ended,Mallorca,for,0.66,0.43,1.0,1.0,0.0,1.0,1.0,0.0,3.0,7.0,6.0,22.0,425.0,546.0,352.0,460.0,4.0,13.0,22.0,6.0,1.0,0.0,0.0,2.0,0.0,0.0,1.0,1.0,2.0,3.0,3.0,7.0,4.0,7.0,2.0,5.0,0.0,0.0,15.0,20.0,29.0,24.0,6.0,2.0,53.0,47.0,7.0,2.0,30.0,24.0,12.0,13.0,4.0,5.0,9.0,7.0,19.0,15.0,0.0,0.0,0.0,1.0,10.0,10.0,82.8,84.2,0.11,0.036,0.167,0.167,-0.66,0.57,50.0,100.0
2026-02-28,14:30,77559,LaLiga 25/26,25/26,La Liga,Matchweek 26,Sat,Away,W,1.0,0.0,Mallorca,56.0,,,,,,https://www.sofascore.com/mallorca-real-sociedad/zgbsBgb,Ended,Real Sociedad,for,0.43,0.66,1.0,1.0,1.0,0.0,0.0,1.0,7.0,3.0,22.0,6.0,546.0,425.0,460.0,352.0,13.0,4.0,6.0,22.0,0.0,1.0,2.0,0.0,0.0,0.0,1.0,1.0,3.0,2.0,7.0,3.0,7.0,4.0,5.0,2.0,0.0,0.0,20.0,15.0,24.0,29.0,2.0,6.0,47.0,53.0,2.0,7.0,24.0,30.0,13.0,12.0,5.0,4.0,7.0,9.0,15.0,19.0,0.0,0.0,1.0,0.0,10.0,10.0,84.2,82.8,0.036,0.11,0.167,0.167,0.57,-0.66,100.0,50.0
2026-02-28,17:00,77559,LaLiga 25/26,25/26,La Liga,Matchweek 26,Sat,Home,L,0.0,1.0,Atlético Madrid,38.0,,,,,,https://www.sofascore.com/real-oviedo-atletico-madrid/Lgbsbhb,Ended,Real Oviedo,for,1.1,0.75,3.0,1.0,0.0,1.0,3.0,0.0,8.0,3.0,12.0,6.0,358.0,603.0,278.0,515.0,24.0,13.0,6.0,12.0,0.0,2.0,2.0,2.0,0.0,0.0,0.0,6.0,2.0,6.0,8.0,5.0,11.0,5.0,5.0,7.0,2.0,0.0,19.0,24.0,36.0,25.0,7.0,3.0,53.0,47.0,6.0,11.0,39.0,35.0,15.0,12.0,9.0,11.0,12.0,4.0,22.0,16.0,0.0,0.0,0.0,0.0,9.0,14.0,77.7,85.4,0.069,0.062,0.375,0.083,-1.1,0.25,0.0,100.0
2026-02-28,17:00,77559,LaLiga 25/26,25/26,La Liga,Matchweek 26,Sat,Away,W,1.0,0.0,Real Oviedo,62.0,,,,,,https://www.sofascore.com/real-oviedo-atletico-madrid/Lgbsbhb,Ended,Atlético Madrid,for,0.75,1.1,1.0,3.0,1.0,0.0,0.0,3.0,3.0,8.0,6.0,12.0,603.0,358.0,515.0,278.0,13.0,24.0,12.0,6.0,2.0,0.0,2.0,2.0,0.0,0.0,6.0,0.0,6.0,2.0,5.0,8.0,5.0,11.0,7.0,5.0,0.0,2.0,24.0,19.0,25.0,36.0,3.0,7.0,47.0,53.0,11.0,6.0,35.0,39.0,12.0,15.0,11.0,9.0,4.0,12.0,16.0,22.0,0.0,0.0,0.0,0.0,14.0,9.0,85.4,77.7,0.062,0.069,0.083,0.375,0.25,-1.1,100.0,0.0
2026-03-01,10:00,77559,LaLiga 25/26,25/26,La Liga,Matchweek 26,Sun,Home,D,2.0,2.0,Espanyol,71.0,,,,,,https://www.sofascore.com/elche-espanyol/ogbsWgb,Ended,Elche,for,2.0,0.77,3.0,1.0,1.0,0.0,2.0,1.0,3.0,1.0,14.0,23.0,594.0,249.0,524.0,172.0,6.0,12.0,22.0,14.0,2.0,1.0,1.0,6.0,0.0,1.0,2.0,6.0,5.0,2.0,3.0,3.0,15.0,5.0,2.0,4.0,0.0,1.0,31.0,10.0,20.0,13.0,8.0,0.0,60.0,40.0,7.0,2.0,35.0,21.0,11.0,10.0,8.0,1.0,6.0,5.0,24.0,40.0,0.0,0.0,2.0,4.0,4.0,10.0,88.2,69.1,0.118,0.086,0.529,0.444,0.0,1.23,50.0,66.7
2026-03-01,10:00,77559,LaLiga 25/26,25/26,La Liga,Matchweek 26,Sun,Away,D,2.0,2.0,Elche,29.0,,,,,,https://www.sofascore.com/elche-espanyol/ogbsWgb,Ended,Espanyol,for,0.77,2.0,1.0,3.0,0.0,1.0,1.0,2.0,1.0,3.0,23.0,14.0,249.0,594.0,172.0,524.0,12.0,6.0,14.0,22.0,1.0,2.0,6.0,1.0,1.0,0.0,6.0,2.0,2.0,5.0,3.0,3.0,5.0,15.0,4.0,2.0,1.0,0.0,10.0,31.0,13.0,20.0,0.0,8.0,40.0,60.0,2.0,7.0,21.0,35.0,10.0,11.0,1.0,8.0,5.0,6.0,40.0,24.0,0.0,0.0,4.0,2.0,10.0,4.0,69.1,88.2,0.086,0.118,0.444,0.529,1.23,0.0,66.7,50.0
2026-03-01,12:15,77559,LaLiga 25/26,25/26,La Liga,Matchweek 26,Sun,Home,W,1.0,0.0,Osasuna,48.0,,,,,,https://www.sofascore.com/valencia-osasuna/vgbsDgb,Ended,Valencia,for,1.56,0.32,1.0,0.0,1.0,0.0,0.0,0.0,5.0,4.0,14.0,13.0,370.0,402.0,293.0,328.0,15.0,11.0,12.0,14.0,0.0,1.0,2.0,4.0,0.0,0.0,0.0,0.0,5.0,3.0,8.0,5.0,9.0,5.0,5.0,3.0,0.0,0.0,31.0,22.0,18.0,17.0,6.0,10.0,49.0,51.0,4.0,6.0,34.0,37.0,18.0,18.0,7.0,14.0,10.0,9.0,21.0,17.0,0.0,0.0,4.0,1.0,8.0,11.0,79.2,81.6,0.111,0.04,0.071,0.0,-0.56,-0.32,,0.0
2026-03-01,12:15,77559,LaLiga 25/26,25/26,La Liga,Matchweek 26,Sun,Away,L,0.0,1.0,Valencia,52.0,,,,,,https://www.sofascore.com/valencia-osasuna/vgbsDgb,Ended,Osasuna,for,0.32,1.56,0.0,1.0,0.0,1.0,0.0,0.0,4.0,5.0,13.0,14.0,402.0,370.0,328.0,293.0,11.0,15.0,14.0,12.0,1.0,0.0,4.0,2.0,0.0,0.0,0.0,0.0,3.0,5.0,5.0,8.0,5.0,9.0,3.0,5.0,0.0,0.0,22.0,31.0,17.0,18.0,10.0,6.0,51.0,49.0,6.0,4.0,37.0,34.0,18.0,18.0,14.0,7.0,9.0,10.0,17.0,21.0,0.0,0.0,1.0,4.0,11.0,8.0,81.6,79.2,0.04,0.111,0.0,0.071,-0.32,-0.56,0.0,
2026-03-01,14:30,77559,LaLiga 25/26,25/26,La Liga,Matchweek 26,Sun,Home,D,2.0,2.0,Sevilla,45.0,,,,,,https://www.sofascore.com/sevilla-real-betis/qgbsIgb,Ended,Real Betis,for,1.59,0.87,3.0,1.0,1.0,1.0,2.0,1.0,4.0,3.0,12.0,15.0,421.0,528.0,362.0,464.0,19.0,17.0,15.0,12.0,0.0,2.0,3.0,3.0,0.0,0.0,3.0,0.0,4.0,5.0,3.0,3.0,7.0,8.0,2.0,6.0,1.0,0.0,13.0,20.0,11.0,23.0,2.0,2.0,49.0,51.0,9.0,10.0,36.0,36.0,9.0,11.0,3.0,9.0,8.0,9.0,24.0,13.0,0.0,1.0,1.0,0.0,6.0,4.0,86.0,87.9,0.177,0.062,0.222,0.429,0.41,1.13,50.0,0.0
2026-03-01,14:30,77559,LaLiga 25/26,25/26,La Liga,Matchweek 26,Sun,Away,D,2.0,2.0,Real Betis,55.0,,,,,,https://www.sofascore.com/sevilla-real-betis/qgbsIgb,Ended,Sevilla,for,0.87,1.59,1.0,3.0,1.0,1.0,1.0,2.0,3.0,4.0,15.0,12.0,528.0,421.0,464.0,362.0,17.0,19.0,12.0,15.0,2.0,0.0,3.0,3.0,0.0,0.0,0.0,3.0,5.0,4.0,3.0,3.0,8.0,7.0,6.0,2.0,0.0,1.0,20.0,13.0,23.0,11.0,2.0,2.0,51.0,49.0,10.0,9.0,36.0,36.0,11.0,9.0,9.0,3.0,9.0,8.0,13.0,24.0,1.0,0.0,0.0,1.0,4.0,6.0,87.9,86.0,0.062,0.177,0.429,0.222,1.13,0.41,0.0,50.0
2026-03-01,17:00,77559,LaLiga 25/26,25/26,La Liga,Matchweek 26,Sun,Home,L,1.0,2.0,Celta Vigo,57.0,,,,,,https://www.sofascore.com/girona-fc-celta-vigo/wgbsoKj,Ended,Girona FC,for,1.37,0.6,2.0,2.0,1.0,0.0,1.0,2.0,10.0,6.0,9.0,8.0,619.0,479.0,557.0,417.0,15.0,10.0,8.0,9.0,2.0,1.0,2.0,2.0,0.0,0.0,4.0,6.0,3.0,1.0,5.0,0.0,11.0,5.0,4.0,1.0,2.0,0.0,37.0,16.0,16.0,19.0,4.0,1.0,60.0,40.0,6.0,4.0,32.0,21.0,7.0,5.0,9.0,4.0,3.0,7.0,13.0,27.0,1.0,0.0,3.0,1.0,2.0,5.0,90.0,87.1,0.091,0.1,0.467,0.833,-0.37,1.4,80.0,85.7
2026-03-01,17:00,77559,LaLiga 25/26,25/26,La Liga,Matchweek 26,Sun,Away,W,2.0,1.0,Girona FC,43.0,,,,,,https://www.sofascore.com/girona-fc-celta-vigo/wgbsoKj,Ended,Celta Vigo,for,0.6,1.37,2.0,2.0,0.0,1.0,2.0,1.0,6.0,10.0,8.0,9.0,479.0,619.0,417.0,557.0,10.0,15.0,9.0,8.0,1.0,2.0,2.0,2.0,0.0,0.0,6.0,4.0,1.0,3.0,0.0,5.0,5.0,11.0,1.0,4.0,0.0,2.0,16.0,37.0,19.0,16.0,1.0,4.0,40.0,60.0,4.0,6.0,21.0,32.0,5.0,7.0,4.0,9.0,7.0,3.0,27.0,13.0,0.0,1.0,1.0,3.0,5.0,2.0,87.1,90.0,0.1,0.091,0.833,0.467,1.4,-0.37,85.7,80.0
2026-03-02,17:00,77559,LaLiga 25/26,25/26,La Liga,Matchweek 26,Mon,Home,L,0.0,1.0,Getafe,77.0,,,,,,https://www.sofascore.com/getafe-real-madrid/Egbsjhb,Ended,Real Madrid,for,1.91,0.49,5.0,0.0,0.0,0.0,5.0,0.0,10.0,2.0,11.0,17.0,675.0,200.0,606.0,128.0,13.0,21.0,17.0,11.0,0.0,1.0,4.0,6.0,1.0,1.0,2.0,7.0,4.0,4.0,7.0,2.0,15.0,6.0,3.0,3.0,0.0,0.0,34.0,13.0,20.0,25.0,8.0,3.0,59.0,41.0,7.0,9.0,44.0,36.0,20.0,9.0,15.0,5.0,4.0,9.0,24.0,45.0,2.0,1.0,1.0,1.0,7.0,11.0,89.8,64.0,0.106,0.054,0.389,0.333,-1.91,0.51,66.7,100.0
2026-03-02,17:00,77559,LaLiga 25/26,25/26,La Liga,Matchweek 26,Mon,Away,W,1.0,0.0,Real Madrid,23.0,,,,,,https://www.sofascore.com/getafe-real-madrid/Egbsjhb,Ended,Getafe,for,0.49,1.91,0.0,5.0,0.0,0.0,0.0,5.0,2.0,10.0,17.0,11.0,200.0,675.0,128.0,606.0,21.0,13.0,11.0,17.0,1.0,0.0,6.0,4.0,1.0,1.0,7.0,2.0,4.0,4.0,2.0,7.0,6.0,15.0,3.0,3.0,0.0,0.0,13.0,34.0,25.0,20.0,3.0,8.0,41.0,59.0,9.0,7.0,36.0,44.0,9.0,20.0,5.0,15.0,9.0,4.0,45.0,24.0,1.0,2.0,1.0,1.0,11.0,7.0,64.0,89.8,0.054,0.106,0.333,0.389,0.51,-1.91,100.0,66.7
2026-03-04,15:00,77559,LaLiga 25/26,25/26,La Liga,Matchweek 23,Wed,Home,W,3.0,0.0,Real Oviedo,52.0,,,,,,https://www.sofascore.com/real-oviedo-rayo-vallecano/tgbsbhb,Ended,Rayo Vallecano,for,2.51,0.99,4.0,2.0,3.0,0.0,1.0,2.0,12.0,2.0,10.0,10.0,393.0,353.0,322.0,283.0,26.0,18.0,9.0,10.0,1.0,1.0,1.0,2.0,0.0,0.0,2.0,4.0,6.0,4.0,6.0,2.0,12.0,5.0,7.0,3.0,0.0,0.0,36.0,14.0,29.0,30.0,2.0,3.0,59.0,41.0,14.0,11.0,44.0,32.0,13.0,8.0,9.0,4.0,7.0,10.0,16.0,23.0,0.0,1.0,0.0,0.0,10.0,9.0,81.9,80.2,0.132,0.124,0.368,0.25,0.49,-0.99,100.0,57.1
2026-03-04,15:00,77559,LaLiga 25/26,25/26,La Liga,Matchweek 23,Wed,Away,L,0.0,3.0,Rayo Vallecano,48.0,,,,,,https://www.sofascore.com/real-oviedo-rayo-vallecano/tgbsbhb,Ended,Real Oviedo,for,0.99,2.51,2.0,4.0,0.0,3.0,2.0,1.0,2.0,12.0,10.0,10.0,353.0,393.0,283.0,322.0,18.0,26.0,10.0,9.0,1.0,1.0,2.0,1.0,0.0,0.0,4.0,2.0,4.0,6.0,2.0,6.0,5.0,12.0,3.0,7.0,0.0,0.0,14.0,36.0,30.0,29.0,3.0,2.0,41.0,59.0,11.0,14.0,32.0,44.0,8.0,13.0,4.0,9.0,10.0,7.0,23.0,16.0,1.0,0.0,0.0,0.0,9.0,10.0,80.2,81.9,0.124,0.132,0.25,0.368,-0.99,0.49,57.1,100.0
2026-03-06,17:00,77559,LaLiga 25/26,25/26,La Liga,Matchweek 27,Fri,Home,L,1.0,2.0,Real Madrid,37.0,,,,,,https://www.sofascore.com/real-madrid-celta-vigo/wgbsEgb,Ended,Celta Vigo,for,1.04,0.86,1.0,0.0,1.0,0.0,0.0,0.0,1.0,6.0,4.0,12.0,472.0,810.0,410.0,740.0,10.0,13.0,12.0,4.0,2.0,0.0,1.0,2.0,0.0,0.0,1.0,3.0,0.0,7.0,4.0,4.0,7.0,7.0,1.0,7.0,0.0,0.0,14.0,19.0,24.0,26.0,3.0,1.0,55.0,45.0,9.0,3.0,28.0,27.0,10.0,4.0,7.0,11.0,10.0,14.0,22.0,6.0,2.0,1.0,0.0,0.0,5.0,6.0,86.9,91.4,0.13,0.061,0.5,0.214,-0.04,1.14,33.3,75.0
2026-03-06,17:00,77559,LaLiga 25/26,25/26,La Liga,Matchweek 27,Fri,Away,W,2.0,1.0,Celta Vigo,63.0,,,,,,https://www.sofascore.com/real-madrid-celta-vigo/wgbsEgb,Ended,Real Madrid,for,0.86,1.04,0.0,1.0,0.0,1.0,0.0,0.0,6.0,1.0,12.0,4.0,810.0,472.0,740.0,410.0,13.0,10.0,4.0,12.0,0.0,2.0,2.0,1.0,0.0,0.0,3.0,1.0,7.0,0.0,4.0,4.0,7.0,7.0,7.0,1.0,0.0,0.0,19.0,14.0,26.0,24.0,1.0,3.0,45.0,55.0,3.0,9.0,27.0,28.0,4.0,10.0,11.0,7.0,14.0,10.0,6.0,22.0,1.0,2.0,0.0,0.0,6.0,5.0,91.4,86.9,0.061,0.13,0.214,0.5,1.14,-0.04,75.0,33.3
2026-03-07,10:00,77559,LaLiga 25/26,25/26,La Liga,Matchweek 27,Sat,Home,D,2.0,2.0,Mallorca,50.0,,,,,,https://www.sofascore.com/mallorca-osasuna/vgbsBgb,Ended,Osasuna,for,2.56,1.08,4.0,2.0,1.0,1.0,3.0,1.0,8.0,0.0,11.0,12.0,395.0,418.0,343.0,348.0,17.0,17.0,12.0,11.0,4.0,0.0,2.0,5.0,1.0,1.0,2.0,4.0,8.0,2.0,9.0,2.0,17.0,5.0,5.0,3.0,1.0,0.0,53.0,14.0,26.0,22.0,9.0,3.0,52.0,48.0,11.0,12.0,33.0,30.0,8.0,8.0,6.0,3.0,3.0,4.0,17.0,45.0,0.0,0.0,0.0,0.0,7.0,17.0,86.8,83.3,0.116,0.135,0.227,0.5,-0.56,0.92,50.0,80.0
2026-03-07,10:00,77559,LaLiga 25/26,25/26,La Liga,Matchweek 27,Sat,Away,D,2.0,2.0,Osasuna,50.0,,,,,,https://www.sofascore.com/mallorca-osasuna/vgbsBgb,Ended,Mallorca,for,1.08,2.56,2.0,4.0,1.0,1.0,1.0,3.0,0.0,8.0,12.0,11.0,418.0,395.0,348.0,343.0,17.0,17.0,11.0,12.0,0.0,4.0,5.0,2.0,1.0,1.0,4.0,2.0,2.0,8.0,2.0,9.0,5.0,17.0,3.0,5.0,0.0,1.0,14.0,53.0,22.0,26.0,3.0,9.0,48.0,52.0,12.0,11.0,30.0,33.0,8.0,8.0,3.0,6.0,4.0,3.0,45.0,17.0,0.0,0.0,0.0,0.0,17.0,7.0,83.3,86.8,0.135,0.116,0.5,0.227,0.92,-0.56,80.0,50.0
2026-03-07,12:15,77559,LaLiga 25/26,25/26,La Liga,Matchweek 27,Sat,Home,D,1.0,1.0,Girona FC,33.0,,,,,,https://www.sofascore.com/girona-fc-levante-ud/ZgbsoKj,Ended,Levante UD,for,0.75,1.95,1.0,3.0,1.0,0.0,0.0,3.0,2.0,3.0,15.0,9.0,302.0,622.0,237.0,570.0,9.0,11.0,9.0,15.0,1.0,2.0,2.0,2.0,1.0,0.0,4.0,3.0,4.0,7.0,6.0,10.0,9.0,14.0,5.0,8.0,0.0,0.0,17.0,31.0,21.0,26.0,7.0,7.0,50.0,50.0,5.0,3.0,22.0,30.0,15.0,7.0,4.0,6.0,7.0,4.0,25.0,22.0,0.0,1.0,2.0,0.0,12.0,8.0,78.5,91.6,0.054,0.089,0.286,0.227,0.25,-0.95,80.0,75.0
2026-03-07,12:15,77559,LaLiga 25/26,25/26,La Liga,Matchweek 27,Sat,Away,D,1.0,1.0,Levante UD,67.0,,,,,,https://www.sofascore.com/girona-fc-levante-ud/ZgbsoKj,Ended,Girona FC,for,1.95,0.75,3.0,1.0,0.0,1.0,3.0,0.0,3.0,2.0,9.0,15.0,622.0,302.0,570.0,237.0,11.0,9.0,15.0,9.0,2.0,1.0,2.0,2.0,0.0,1.0,3.0,4.0,7.0,4.0,10.0,6.0,14.0,9.0,8.0,5.0,0.0,0.0,31.0,17.0,26.0,21.0,7.0,7.0,50.0,50.0,3.0,5.0,30.0,22.0,7.0,15.0,6.0,4.0,4.0,7.0,22.0,25.0,1.0,0.0,0.0,2.0,8.0,12.0,91.6,78.5,0.089,0.054,0.227,0.286,-0.95,0.25,75.0,80.0
2026-03-07,14:30,77559,LaLiga 25/26,25/26,La Liga,Matchweek 27,Sat,Home,W,3.0,2.0,Real Sociedad,52.0,,,,,,https://www.sofascore.com/atletico-madrid-real-sociedad/zgbsLgb,Ended,Atlético Madrid,for,2.31,0.41,6.0,0.0,2.0,0.0,4.0,0.0,8.0,1.0,6.0,10.0,485.0,463.0,400.0,369.0,22.0,13.0,10.0,6.0,3.0,1.0,1.0,1.0,0.0,0.0,1.0,5.0,3.0,2.0,12.0,2.0,20.0,4.0,4.0,3.0,3.0,1.0,55.0,10.0,15.0,27.0,8.0,0.0,53.0,47.0,8.0,14.0,37.0,26.0,16.0,21.0,5.0,8.0,6.0,12.0,28.0,33.0,0.0,1.0,0.0,1.0,9.0,18.0,82.5,79.7,0.096,0.059,0.375,0.429,0.69,1.59,33.3,55.6
2026-03-07,14:30,77559,LaLiga 25/26,25/26,La Liga,Matchweek 27,Sat,Away,L,2.0,3.0,Atlético Madrid,48.0,,,,,,https://www.sofascore.com/atletico-madrid-real-sociedad/zgbsLgb,Ended,Real Sociedad,for,0.41,2.31,0.0,6.0,0.0,2.0,0.0,4.0,1.0,8.0,10.0,6.0,463.0,485.0,369.0,400.0,13.0,22.0,6.0,10.0,1.0,3.0,1.0,1.0,0.0,0.0,5.0,1.0,2.0,3.0,2.0,12.0,4.0,20.0,3.0,4.0,1.0,3.0,10.0,55.0,27.0,15.0,0.0,8.0,47.0,53.0,14.0,8.0,26.0,37.0,21.0,16.0,8.0,5.0,12.0,6.0,33.0,28.0,1.0,0.0,1.0,0.0,18.0,9.0,79.7,82.5,0.059,0.096,0.429,0.375,1.59,0.69,55.6,33.3
2026-03-07,17:00,77559,LaLiga 25/26,25/26,La Liga,Matchweek 27,Sat,Home,L,0.0,1.0,FC Barcelona,30.0,,,,,,https://www.sofascore.com/athletic-club-barcelona/rgbsAgb,Ended,Athletic Club,for,0.85,0.4,3.0,1.0,0.0,1.0,3.0,0.0,2.0,4.0,11.0,9.0,262.0,658.0,196.0,586.0,21.0,21.0,9.0,11.0,7.0,4.0,2.0,1.0,0.0,0.0,2.0,3.0,1.0,2.0,6.0,3.0,7.0,5.0,3.0,2.0,2.0,0.0,18.0,13.0,22.0,26.0,3.0,2.0,48.0,52.0,12.0,9.0,38.0,41.0,6.0,6.0,8.0,9.0,8.0,12.0,19.0,23.0,0.0,1.0,1.0,1.0,5.0,13.0,74.8,89.1,0.085,0.057,0.3,0.286,-0.85,0.6,100.0,100.0
2026-03-07,17:00,77559,LaLiga 25/26,25/26,La Liga,Matchweek 27,Sat,Away,W,1.0,0.0,Athletic Club,70.0,,,,,,https://www.sofascore.com/athletic-club-barcelona/rgbsAgb,Ended,FC Barcelona,for,0.4,0.85,1.0,3.0,1.0,0.0,0.0,3.0,4.0,2.0,9.0,11.0,658.0,262.0,586.0,196.0,21.0,21.0,11.0,9.0,4.0,7.0,1.0,2.0,0.0,0.0,3.0,2.0,2.0,1.0,3.0,6.0,5.0,7.0,2.0,3.0,0.0,2.0,13.0,18.0,26.0,22.0,2.0,3.0,52.0,48.0,9.0,12.0,41.0,38.0,6.0,6.0,9.0,8.0,12.0,8.0,23.0,19.0,1.0,0.0,1.0,1.0,13.0,5.0,89.1,74.8,0.057,0.085,0.286,0.3,0.6,-0.85,100.0,100.0
2026-03-08,10:00,77559,LaLiga 25/26,25/26,La Liga,Matchweek 27,Sun,Home,W,2.0,1.0,Elche,37.0,,,,,,https://www.sofascore.com/elche-villarreal/ugbsWgb,Ended,Villarreal,for,1.58,1.22,4.0,3.0,1.0,1.0,3.0,2.0,4.0,6.0,11.0,16.0,352.0,608.0,282.0,529.0,12.0,18.0,16.0,11.0,1.0,1.0,1.0,2.0,0.0,0.0,6.0,5.0,3.0,1.0,6.0,6.0,13.0,9.0,3.0,4.0,0.0,0.0,38.0,26.0,18.0,34.0,3.0,10.0,44.0,56.0,8.0,4.0,33.0,34.0,7.0,16.0,6.0,5.0,15.0,12.0,16.0,13.0,3.0,0.0,0.0,2.0,9.0,10.0,80.1,87.0,0.099,0.094,0.438,0.462,0.42,-0.22,100.0,71.4
2026-03-08,10:00,77559,LaLiga 25/26,25/26,La Liga,Matchweek 27,Sun,Away,L,1.0,2.0,Villarreal,63.0,,,,,,https://www.sofascore.com/elche-villarreal/ugbsWgb,Ended,Elche,for,1.22,1.58,3.0,4.0,1.0,1.0,2.0,3.0,6.0,4.0,16.0,11.0,608.0,352.0,529.0,282.0,18.0,12.0,11.0,16.0,1.0,1.0,2.0,1.0,0.0,0.0,5.0,6.0,1.0,3.0,6.0,6.0,9.0,13.0,4.0,3.0,0.0,0.0,26.0,38.0,34.0,18.0,10.0,3.0,56.0,44.0,4.0,8.0,34.0,33.0,16.0,7.0,5.0,6.0,12.0,15.0,13.0,16.0,0.0,3.0,2.0,0.0,10.0,9.0,87.0,80.1,0.094,0.099,0.462,0.438,-0.22,0.42,71.4,100.0
2026-03-08,12:15,77559,LaLiga 25/26,25/26,La Liga,Matchweek 27,Sun,Home,W,2.0,0.0,Real Betis,29.0,,,,,,https://www.sofascore.com/getafe-real-betis/qgbsjhb,Ended,Getafe,for,0.41,1.38,2.0,1.0,2.0,0.0,0.0,1.0,3.0,8.0,19.0,8.0,225.0,551.0,135.0,471.0,20.0,20.0,8.0,19.0,3.0,4.0,3.0,2.0,0.0,0.0,5.0,3.0,1.0,1.0,3.0,8.0,6.0,9.0,3.0,5.0,0.0,0.0,14.0,18.0,25.0,23.0,5.0,11.0,43.0,57.0,12.0,14.0,29.0,42.0,17.0,20.0,2.0,6.0,3.0,6.0,22.0,28.0,1.0,0.0,0.0,1.0,12.0,5.0,60.0,85.5,0.046,0.099,0.556,0.357,1.59,-1.38,100.0,60.0
2026-03-08,12:15,77559,LaLiga 25/26,25/26,La Liga,Matchweek 27,Sun,Away,L,0.0,2.0,Getafe,71.0,,,,,,https://www.sofascore.com/getafe-real-betis/qgbsjhb,Ended,Real Betis,for,1.38,0.41,1.0,2.0,0.0,2.0,1.0,0.0,8.0,3.0,8.0,19.0,551.0,225.0,471.0,135.0,20.0,20.0,19.0,8.0,4.0,3.0,2.0,3.0,0.0,0.0,3.0,5.0,1.0,1.0,8.0,3.0,9.0,6.0,5.0,3.0,0.0,0.0,18.0,14.0,23.0,25.0,11.0,5.0,57.0,43.0,14.0,12.0,42.0,29.0,20.0,17.0,6.0,2.0,6.0,3.0,28.0,22.0,0.0,1.0,1.0,0.0,5.0,12.0,85.5,60.0,0.099,0.046,0.357,0.556,-1.38,1.59,60.0,100.0
2026-03-08,14:30,77559,LaLiga 25/26,25/26,La Liga,Matchweek 27,Sun,Home,D,1.0,1.0,Rayo Vallecano,42.0,,,,,,https://www.sofascore.com/sevilla-rayo-vallecano/tgbsIgb,Ended,Sevilla,for,1.0,0.35,1.0,0.0,1.0,0.0,0.0,0.0,6.0,2.0,13.0,15.0,283.0,395.0,209.0,323.0,16.0,21.0,15.0,13.0,1.0,0.0,1.0,3.0,0.0,0.0,1.0,1.0,5.0,5.0,4.0,2.0,7.0,2.0,4.0,7.0,0.0,0.0,15.0,10.0,32.0,10.0,4.0,3.0,61.0,39.0,9.0,8.0,43.0,36.0,30.0,11.0,12.0,4.0,11.0,5.0,21.0,28.0,1.0,0.0,0.0,1.0,5.0,5.0,73.9,81.8,0.091,0.039,0.182,0.222,0.0,0.65,50.0,50.0
2026-03-08,14:30,77559,LaLiga 25/26,25/26,La Liga,Matchweek 27,Sun,Away,D,1.0,1.0,Sevilla,58.0,,,,,,https://www.sofascore.com/sevilla-rayo-vallecano/tgbsIgb,Ended,Rayo Vallecano,for,0.35,1.0,0.0,1.0,0.0,1.0,0.0,0.0,2.0,6.0,15.0,13.0,395.0,283.0,323.0,209.0,21.0,16.0,13.0,15.0,0.0,1.0,3.0,1.0,0.0,0.0,1.0,1.0,5.0,5.0,2.0,4.0,2.0,7.0,7.0,4.0,0.0,0.0,10.0,15.0,10.0,32.0,3.0,4.0,39.0,61.0,8.0,9.0,36.0,43.0,11.0,30.0,4.0,12.0,5.0,11.0,28.0,21.0,0.0,1.0,1.0,0.0,5.0,5.0,81.8,73.9,0.039,0.091,0.222,0.182,0.65,0.0,50.0,50.0
2026-03-08,17:00,77559,LaLiga 25/26,25/26,La Liga,Matchweek 27,Sun,Home,W,3.0,2.0,Deportivo Alavés,61.0,,,,,,https://www.sofascore.com/deportivo-alaves-valencia/DgbsKhb,Ended,Valencia,for,2.79,1.33,4.0,2.0,2.0,2.0,2.0,0.0,10.0,2.0,9.0,17.0,550.0,362.0,488.0,289.0,18.0,29.0,16.0,8.0,4.0,1.0,1.0,6.0,0.0,2.0,3.0,5.0,6.0,3.0,5.0,3.0,13.0,7.0,6.0,3.0,1.0,0.0,41.0,22.0,18.0,23.0,10.0,5.0,45.0,55.0,11.0,9.0,52.0,52.0,3.0,14.0,18.0,15.0,6.0,6.0,11.0,41.0,0.0,0.0,0.0,0.0,5.0,7.0,88.7,79.8,0.147,0.133,0.421,0.4,0.21,0.67,75.0,62.5
2026-03-08,17:00,77559,LaLiga 25/26,25/26,La Liga,Matchweek 27,Sun,Away,L,2.0,3.0,Valencia,39.0,,,,,,https://www.sofascore.com/deportivo-alaves-valencia/DgbsKhb,Ended,Deportivo Alavés,for,1.33,2.79,2.0,4.0,2.0,2.0,0.0,2.0,2.0,10.0,17.0,9.0,362.0,550.0,289.0,488.0,29.0,18.0,8.0,16.0,1.0,4.0,6.0,1.0,2.0,0.0,5.0,3.0,3.0,6.0,3.0,5.0,7.0,13.0,3.0,6.0,0.0,1.0,22.0,41.0,23.0,18.0,5.0,10.0,55.0,45.0,9.0,11.0,52.0,52.0,14.0,3.0,15.0,18.0,6.0,6.0,41.0,11.0,0.0,0.0,0.0,0.0,7.0,5.0,79.8,88.7,0.133,0.147,0.4,0.421,0.67,0.21,62.5,75.0
2026-03-09,17:00,77559,LaLiga 25/26,25/26,La Liga,Matchweek 27,Mon,Home,D,1.0,1.0,Real Oviedo,58.0,,,,,,https://www.sofascore.com/real-oviedo-espanyol/ogbsbhb,Ended,Espanyol,for,1.83,0.87,2.0,1.0,1.0,1.0,1.0,0.0,8.0,0.0,19.0,13.0,489.0,380.0,422.0,296.0,21.0,19.0,13.0,19.0,1.0,0.0,3.0,2.0,0.0,0.0,2.0,8.0,9.0,1.0,10.0,2.0,11.0,6.0,17.0,0.0,0.0,0.0,32.0,13.0,37.0,36.0,10.0,1.0,47.0,53.0,12.0,13.0,45.0,48.0,19.0,23.0,12.0,11.0,7.0,7.0,18.0,55.0,0.0,1.0,2.0,0.0,3.0,15.0,86.3,77.9,0.065,0.145,0.321,0.5,-0.83,0.13,66.7,88.9
2026-03-09,17:00,77559,LaLiga 25/26,25/26,La Liga,Matchweek 27,Mon,Away,D,1.0,1.0,Espanyol,42.0,,,,,,https://www.sofascore.com/real-oviedo-espanyol/ogbsbhb,Ended,Real Oviedo,for,0.87,1.83,1.0,2.0,1.0,1.0,0.0,1.0,0.0,8.0,13.0,19.0,380.0,489.0,296.0,422.0,19.0,21.0,19.0,13.0,0.0,1.0,2.0,3.0,0.0,0.0,8.0,2.0,1.0,9.0,2.0,10.0,6.0,11.0,0.0,17.0,0.0,0.0,13.0,32.0,36.0,37.0,1.0,10.0,53.0,47.0,13.0,12.0,48.0,45.0,23.0,19.0,11.0,12.0,7.0,7.0,55.0,18.0,1.0,0.0,0.0,2.0,15.0,3.0,77.9,86.3,0.145,0.065,0.5,0.321,0.13,-0.83,88.9,66.7
2026-03-13,17:00,77559,LaLiga 25/26,25/26,La Liga,Matchweek 28,Fri,Home,D,1.0,1.0,Villarreal,48.0,,,,,,https://www.sofascore.com/deportivo-alaves-villarreal/ugbsKhb,Ended,Deportivo Alavés,for,0.22,0.59,0.0,2.0,0.0,0.0,0.0,2.0,5.0,2.0,19.0,11.0,345.0,387.0,266.0,322.0,17.0,17.0,11.0,19.0,0.0,2.0,4.0,1.0,0.0,0.0,3.0,0.0,6.0,1.0,2.0,5.0,2.0,8.0,6.0,2.0,0.0,0.0,16.0,19.0,23.0,15.0,6.0,4.0,47.0,53.0,6.0,11.0,39.0,44.0,13.0,14.0,11.0,9.0,11.0,12.0,17.0,32.0,0.0,0.0,0.0,0.0,8.0,8.0,77.1,83.2,0.028,0.059,0.0,0.4,0.78,0.41,75.0,
2026-03-13,17:00,77559,LaLiga 25/26,25/26,La Liga,Matchweek 28,Fri,Away,D,1.0,1.0,Deportivo Alavés,52.0,,,,,,https://www.sofascore.com/deportivo-alaves-villarreal/ugbsKhb,Ended,Villarreal,for,0.59,0.22,2.0,0.0,0.0,0.0,2.0,0.0,2.0,5.0,11.0,19.0,387.0,345.0,322.0,266.0,17.0,17.0,19.0,11.0,2.0,0.0,1.0,4.0,0.0,0.0,0.0,3.0,1.0,6.0,5.0,2.0,8.0,2.0,2.0,6.0,0.0,0.0,19.0,16.0,15.0,23.0,4.0,6.0,53.0,47.0,11.0,6.0,44.0,39.0,14.0,13.0,9.0,11.0,12.0,11.0,32.0,17.0,0.0,0.0,0.0,0.0,8.0,8.0,83.2,77.1,0.059,0.028,0.4,0.0,0.41,0.78,,75.0
2026-03-14,10:00,77559,LaLiga 25/26,25/26,La Liga,Matchweek 28,Sat,Home,W,3.0,0.0,Athletic Club,47.0,,,,,,https://www.sofascore.com/girona-fc-athletic-club/AgbsoKj,Ended,Girona FC,for,1.61,1.84,3.0,2.0,2.0,0.0,1.0,2.0,2.0,9.0,8.0,16.0,503.0,539.0,433.0,468.0,11.0,16.0,16.0,8.0,2.0,0.0,0.0,2.0,0.0,0.0,8.0,2.0,4.0,4.0,4.0,7.0,9.0,15.0,5.0,5.0,0.0,2.0,15.0,35.0,26.0,22.0,1.0,8.0,49.0,51.0,8.0,5.0,34.0,30.0,7.0,12.0,7.0,6.0,7.0,9.0,32.0,12.0,0.0,1.0,1.0,0.0,10.0,6.0,86.1,86.8,0.115,0.092,0.429,0.45,1.39,-1.84,88.9,33.3
2026-03-14,10:00,77559,LaLiga 25/26,25/26,La Liga,Matchweek 28,Sat,Away,L,0.0,3.0,Girona FC,53.0,,,,,,https://www.sofascore.com/girona-fc-athletic-club/AgbsoKj,Ended,Athletic Club,for,1.84,1.61,2.0,3.0,0.0,2.0,2.0,1.0,9.0,2.0,16.0,8.0,539.0,503.0,468.0,433.0,16.0,11.0,8.0,16.0,0.0,2.0,2.0,0.0,0.0,0.0,2.0,8.0,4.0,4.0,7.0,4.0,15.0,9.0,5.0,5.0,2.0,0.0,35.0,15.0,22.0,26.0,8.0,1.0,51.0,49.0,5.0,8.0,30.0,34.0,12.0,7.0,6.0,7.0,9.0,7.0,12.0,32.0,1.0,0.0,0.0,1.0,6.0,10.0,86.8,86.1,0.092,0.115,0.45,0.429,-1.84,1.39,33.3,88.9
2026-03-14,12:15,77559,LaLiga 25/26,25/26,La Liga,Matchweek 28,Sat,Home,W,1.0,0.0,Getafe,66.0,,,,,,https://www.sofascore.com/getafe-atletico-madrid/Lgbsjhb,Ended,Atlético Madrid,for,1.63,1.18,4.0,3.0,0.0,0.0,4.0,3.0,10.0,3.0,11.0,11.0,554.0,286.0,465.0,189.0,24.0,15.0,11.0,11.0,1.0,4.0,3.0,3.0,0.0,1.0,3.0,3.0,2.0,1.0,9.0,3.0,9.0,6.0,7.0,1.0,0.0,0.0,24.0,18.0,31.0,33.0,2.0,3.0,56.0,44.0,7.0,14.0,44.0,33.0,18.0,16.0,9.0,8.0,9.0,18.0,28.0,17.0,3.0,2.0,0.0,0.0,4.0,13.0,83.9,66.1,0.102,0.169,0.312,0.429,-0.63,-1.18,100.0,60.0
2026-03-14,12:15,77559,LaLiga 25/26,25/26,La Liga,Matchweek 28,Sat,Away,L,0.0,1.0,Atlético Madrid,34.0,,,,,,https://www.sofascore.com/getafe-atletico-madrid/Lgbsjhb,Ended,Getafe,for,1.18,1.63,3.0,4.0,0.0,0.0,3.0,4.0,3.0,10.0,11.0,11.0,286.0,554.0,189.0,465.0,15.0,24.0,11.0,11.0,4.0,1.0,3.0,3.0,1.0,0.0,3.0,3.0,1.0,2.0,3.0,9.0,6.0,9.0,1.0,7.0,0.0,0.0,18.0,24.0,33.0,31.0,3.0,2.0,44.0,56.0,14.0,7.0,33.0,44.0,16.0,18.0,8.0,9.0,18.0,9.0,17.0,28.0,2.0,3.0,0.0,0.0,13.0,4.0,66.1,83.9,0.169,0.102,0.429,0.312,-1.18,-0.63,60.0,100.0
2026-03-14,14:30,77559,LaLiga 25/26,25/26,La Liga,Matchweek 28,Sat,Home,W,1.0,0.0,Valencia,42.0,,,,,,https://www.sofascore.com/real-oviedo-valencia/Dgbsbhb,Ended,Real Oviedo,for,0.87,0.61,3.0,0.0,1.0,0.0,2.0,0.0,4.0,7.0,12.0,11.0,368.0,508.0,308.0,430.0,21.0,19.0,11.0,12.0,4.0,3.0,3.0,2.0,0.0,0.0,2.0,5.0,1.0,6.0,4.0,5.0,7.0,6.0,4.0,7.0,0.0,0.0,14.0,19.0,33.0,26.0,2.0,5.0,54.0,46.0,12.0,8.0,35.0,39.0,20.0,7.0,4.0,8.0,8.0,8.0,31.0,14.0,0.0,1.0,2.0,1.0,6.0,7.0,83.7,84.6,0.079,0.047,0.545,0.154,0.13,-0.61,100.0,83.3
2026-03-14,14:30,77559,LaLiga 25/26,25/26,La Liga,Matchweek 28,Sat,Away,L,0.0,1.0,Real Oviedo,58.0,,,,,,https://www.sofascore.com/real-oviedo-valencia/Dgbsbhb,Ended,Valencia,for,0.61,0.87,0.0,3.0,0.0,1.0,0.0,2.0,7.0,4.0,11.0,12.0,508.0,368.0,430.0,308.0,19.0,21.0,12.0,11.0,3.0,4.0,2.0,3.0,0.0,0.0,5.0,2.0,6.0,1.0,5.0,4.0,6.0,7.0,7.0,4.0,0.0,0.0,19.0,14.0,26.0,33.0,5.0,2.0,46.0,54.0,8.0,12.0,39.0,35.0,7.0,20.0,8.0,4.0,8.0,8.0,14.0,31.0,1.0,0.0,1.0,2.0,7.0,6.0,84.6,83.7,0.047,0.079,0.154,0.545,-0.61,0.13,83.3,100.0
2026-03-14,17:00,77559,LaLiga 25/26,25/26,La Liga,Matchweek 28,Sat,Home,W,4.0,1.0,Elche,47.0,,,,,,https://www.sofascore.com/elche-real-madrid/EgbsWgb,Ended,Real Madrid,for,1.37,0.84,3.0,2.0,2.0,0.0,1.0,2.0,5.0,4.0,11.0,21.0,480.0,531.0,424.0,465.0,23.0,27.0,21.0,11.0,3.0,1.0,1.0,3.0,0.0,0.0,1.0,2.0,3.0,3.0,5.0,7.0,5.0,8.0,9.0,3.0,1.0,1.0,17.0,19.0,27.0,13.0,2.0,3.0,53.0,47.0,15.0,11.0,51.0,47.0,7.0,5.0,7.0,10.0,6.0,11.0,16.0,13.0,0.0,1.0,0.0,0.0,5.0,6.0,88.3,87.6,0.098,0.076,0.429,0.091,2.63,0.16,100.0,33.3
2026-03-14,17:00,77559,LaLiga 25/26,25/26,La Liga,Matchweek 28,Sat,Away,L,1.0,4.0,Real Madrid,53.0,,,,,,https://www.sofascore.com/elche-real-madrid/EgbsWgb,Ended,Elche,for,0.84,1.37,2.0,3.0,0.0,2.0,2.0,1.0,4.0,5.0,21.0,11.0,531.0,480.0,465.0,424.0,27.0,23.0,11.0,21.0,1.0,3.0,3.0,1.0,0.0,0.0,2.0,1.0,3.0,3.0,7.0,5.0,8.0,5.0,3.0,9.0,1.0,1.0,19.0,17.0,13.0,27.0,3.0,2.0,47.0,53.0,11.0,15.0,47.0,51.0,5.0,7.0,10.0,7.0,11.0,6.0,13.0,16.0,1.0,0.0,0.0,0.0,6.0,5.0,87.6,88.3,0.076,0.098,0.091,0.429,0.16,2.63,33.3,100.0
2026-03-15,10:00,77559,LaLiga 25/26,25/26,La Liga,Matchweek 28,Sun,Home,W,2.0,1.0,Espanyol,68.0,,,,,,https://www.sofascore.com/mallorca-espanyol/ogbsBgb,Ended,Mallorca,for,2.25,1.3,4.0,2.0,1.0,1.0,3.0,1.0,5.0,6.0,11.0,14.0,533.0,243.0,481.0,176.0,15.0,14.0,14.0,11.0,1.0,6.0,3.0,3.0,0.0,1.0,1.0,10.0,5.0,2.0,9.0,6.0,18.0,5.0,8.0,5.0,0.0,1.0,36.0,10.0,21.0,9.0,11.0,1.0,54.0,46.0,7.0,10.0,30.0,29.0,16.0,10.0,3.0,4.0,6.0,6.0,33.0,26.0,0.0,0.0,0.0,2.0,8.0,8.0,90.2,72.4,0.087,0.13,0.462,0.2,-0.25,-0.3,50.0,83.3
2026-03-15,10:00,77559,LaLiga 25/26,25/26,La Liga,Matchweek 28,Sun,Away,L,1.0,2.0,Mallorca,32.0,,,,,,https://www.sofascore.com/mallorca-espanyol/ogbsBgb,Ended,Espanyol,for,1.3,2.25,2.0,4.0,1.0,1.0,1.0,3.0,6.0,5.0,14.0,11.0,243.0,533.0,176.0,481.0,14.0,15.0,11.0,14.0,6.0,1.0,3.0,3.0,1.0,0.0,10.0,1.0,2.0,5.0,6.0,9.0,5.0,18.0,5.0,8.0,1.0,0.0,10.0,36.0,9.0,21.0,1.0,11.0,46.0,54.0,10.0,7.0,29.0,30.0,10.0,16.0,4.0,3.0,6.0,6.0,26.0,33.0,0.0,0.0,2.0,0.0,8.0,8.0,72.4,90.2,0.13,0.087,0.2,0.462,-0.3,-0.25,83.3,50.0
2026-03-15,12:15,77559,LaLiga 25/26,25/26,La Liga,Matchweek 28,Sun,Home,W,5.0,2.0,Sevilla,61.0,,,,,,https://www.sofascore.com/sevilla-barcelona/rgbsIgb,Ended,FC Barcelona,for,3.66,0.83,7.0,2.0,4.0,2.0,3.0,0.0,3.0,4.0,5.0,14.0,616.0,380.0,550.0,302.0,10.0,14.0,12.0,5.0,2.0,4.0,0.0,1.0,0.0,0.0,2.0,3.0,0.0,2.0,5.0,2.0,10.0,6.0,3.0,2.0,2.0,0.0,26.0,20.0,22.0,21.0,3.0,4.0,56.0,44.0,8.0,6.0,37.0,27.0,12.0,11.0,15.0,8.0,16.0,9.0,15.0,21.0,1.0,2.0,1.0,0.0,2.0,9.0,89.3,79.5,0.282,0.104,0.615,0.5,1.34,1.17,50.0,37.5
2026-03-15,12:15,77559,LaLiga 25/26,25/26,La Liga,Matchweek 28,Sun,Away,L,2.0,5.0,FC Barcelona,39.0,,,,,,https://www.sofascore.com/sevilla-barcelona/rgbsIgb,Ended,Sevilla,for,0.83,3.66,2.0,7.0,2.0,4.0,0.0,3.0,4.0,3.0,14.0,5.0,380.0,616.0,302.0,550.0,14.0,10.0,5.0,12.0,4.0,2.0,1.0,0.0,0.0,0.0,3.0,2.0,2.0,0.0,2.0,5.0,6.0,10.0,2.0,3.0,0.0,2.0,20.0,26.0,21.0,22.0,4.0,3.0,44.0,56.0,6.0,8.0,27.0,37.0,11.0,12.0,8.0,15.0,9.0,16.0,21.0,15.0,2.0,1.0,0.0,1.0,9.0,2.0,79.5,89.3,0.104,0.282,0.5,0.615,1.17,1.34,37.5,50.0
2026-03-15,14:30,77559,LaLiga 25/26,25/26,La Liga,Matchweek 28,Sun,Home,D,1.0,1.0,Celta Vigo,52.0,,,,,,https://www.sofascore.com/celta-vigo-real-betis/qgbswgb,Ended,Real Betis,for,1.47,0.75,3.0,2.0,1.0,0.0,2.0,2.0,3.0,4.0,11.0,16.0,510.0,484.0,450.0,420.0,9.0,11.0,16.0,11.0,3.0,6.0,3.0,3.0,0.0,0.0,3.0,5.0,8.0,1.0,5.0,3.0,12.0,3.0,7.0,4.0,0.0,1.0,29.0,9.0,29.0,30.0,8.0,1.0,46.0,54.0,8.0,3.0,27.0,31.0,7.0,9.0,2.0,11.0,8.0,7.0,14.0,27.0,0.0,1.0,0.0,0.0,4.0,8.0,88.2,86.8,0.077,0.107,0.316,0.429,-0.47,0.25,100.0,83.3
2026-03-15,14:30,77559,LaLiga 25/26,25/26,La Liga,Matchweek 28,Sun,Away,D,1.0,1.0,Real Betis,48.0,,,,,,https://www.sofascore.com/celta-vigo-real-betis/qgbswgb,Ended,Celta Vigo,for,0.75,1.47,2.0,3.0,0.0,1.0,2.0,2.0,4.0,3.0,16.0,11.0,484.0,510.0,420.0,450.0,11.0,9.0,11.0,16.0,6.0,3.0,3.0,3.0,0.0,0.0,5.0,3.0,1.0,8.0,3.0,5.0,3.0,12.0,4.0,7.0,1.0,0.0,9.0,29.0,30.0,29.0,1.0,8.0,54.0,46.0,3.0,8.0,31.0,27.0,9.0,7.0,11.0,2.0,7.0,8.0,27.0,14.0,1.0,0.0,0.0,0.0,8.0,4.0,86.8,88.2,0.107,0.077,0.429,0.316,0.25,-0.47,83.3,100.0
2026-03-15,17:00,77559,LaLiga 25/26,25/26,La Liga,Matchweek 28,Sun,Home,W,3.0,1.0,Osasuna,49.0,,,,,,https://www.sofascore.com/real-sociedad-osasuna/vgbszgb,Ended,Real Sociedad,for,2.13,0.65,3.0,1.0,1.0,0.0,2.0,1.0,3.0,5.0,16.0,11.0,459.0,462.0,385.0,382.0,17.0,14.0,10.0,16.0,1.0,0.0,3.0,0.0,0.0,0.0,3.0,3.0,0.0,2.0,8.0,6.0,8.0,9.0,6.0,4.0,1.0,0.0,23.0,21.0,31.0,29.0,1.0,5.0,42.0,58.0,8.0,8.0,34.0,40.0,7.0,17.0,8.0,11.0,10.0,9.0,16.0,18.0,0.0,0.0,0.0,0.0,8.0,11.0,83.9,82.7,0.152,0.05,0.429,0.385,0.87,0.35,60.0,50.0
2026-03-15,17:00,77559,LaLiga 25/26,25/26,La Liga,Matchweek 28,Sun,Away,L,1.0,3.0,Real Sociedad,51.0,,,,,,https://www.sofascore.com/real-sociedad-osasuna/vgbszgb,Ended,Osasuna,for,0.65,2.13,1.0,3.0,0.0,1.0,1.0,2.0,5.0,3.0,11.0,16.0,462.0,459.0,382.0,385.0,14.0,17.0,16.0,10.0,0.0,1.0,0.0,3.0,0.0,0.0,3.0,3.0,2.0,0.0,6.0,8.0,9.0,8.0,4.0,6.0,0.0,1.0,21.0,23.0,29.0,31.0,5.0,1.0,58.0,42.0,8.0,8.0,40.0,34.0,17.0,7.0,11.0,8.0,9.0,10.0,18.0,16.0,0.0,0.0,0.0,0.0,11.0,8.0,82.7,83.9,0.05,0.152,0.385,0.429,0.35,0.87,50.0,60.0
2026-03-16,17:00,77559,LaLiga 25/26,25/26,La Liga,Matchweek 28,Mon,Home,D,1.0,1.0,Levante UD,58.0,,,,,,https://www.sofascore.com/levante-ud-rayo-vallecano/tgbsZgb,Ended,Rayo Vallecano,for,1.88,1.2,4.0,1.0,1.0,0.0,3.0,1.0,5.0,6.0,10.0,13.0,411.0,296.0,323.0,231.0,14.0,18.0,13.0,10.0,1.0,0.0,3.0,5.0,1.0,0.0,4.0,3.0,4.0,7.0,10.0,7.0,10.0,14.0,8.0,5.0,0.0,2.0,23.0,26.0,26.0,28.0,6.0,6.0,43.0,57.0,9.0,8.0,32.0,31.0,5.0,19.0,6.0,5.0,6.0,8.0,19.0,34.0,0.0,0.0,2.0,3.0,9.0,10.0,78.6,78.0,0.104,0.063,0.222,0.263,-0.88,-0.2,80.0,75.0
2026-03-16,17:00,77559,LaLiga 25/26,25/26,La Liga,Matchweek 28,Mon,Away,D,1.0,1.0,Rayo Vallecano,42.0,,,,,,https://www.sofascore.com/levante-ud-rayo-vallecano/tgbsZgb,Ended,Levante UD,for,1.2,1.88,1.0,4.0,0.0,1.0,1.0,3.0,6.0,5.0,13.0,10.0,296.0,411.0,231.0,323.0,18.0,14.0,10.0,13.0,0.0,1.0,5.0,3.0,0.0,1.0,3.0,4.0,7.0,4.0,7.0,10.0,14.0,10.0,5.0,8.0,2.0,0.0,26.0,23.0,28.0,26.0,6.0,6.0,57.0,43.0,8.0,9.0,31.0,32.0,19.0,5.0,5.0,6.0,8.0,6.0,34.0,19.0,0.0,0.0,3.0,2.0,10.0,9.0,78.0,78.6,0.063,0.104,0.263,0.222,-0.2,-0.88,75.0,80.0
2026-03-20,17:00,77559,LaLiga 25/26,25/26,La Liga,Matchweek 29,Fri,Home,W,3.0,1.0,Real Sociedad,35.0,,,,,,https://www.sofascore.com/real-sociedad-villarreal/ugbszgb,Ended,Villarreal,for,3.7,1.08,8.0,2.0,2.0,0.0,6.0,2.0,4.0,5.0,10.0,11.0,371.0,682.0,293.0,608.0,16.0,16.0,11.0,10.0,1.0,6.0,0.0,2.0,0.0,0.0,3.0,7.0,3.0,3.0,8.0,4.0,17.0,4.0,4.0,7.0,0.0,3.0,33.0,23.0,19.0,23.0,4.0,1.0,47.0,53.0,10.0,10.0,32.0,31.0,3.0,9.0,8.0,5.0,17.0,7.0,40.0,12.0,0.0,2.0,0.0,1.0,5.0,6.0,79.0,89.1,0.176,0.098,0.476,0.364,-0.7,-0.08,75.0,70.0
2026-03-20,17:00,77559,LaLiga 25/26,25/26,La Liga,Matchweek 29,Fri,Away,L,1.0,3.0,Villarreal,65.0,,,,,,https://www.sofascore.com/real-sociedad-villarreal/ugbszgb,Ended,Real Sociedad,for,1.08,3.7,2.0,8.0,0.0,2.0,2.0,6.0,5.0,4.0,11.0,10.0,682.0,371.0,608.0,293.0,16.0,16.0,10.0,11.0,6.0,1.0,2.0,0.0,0.0,0.0,7.0,3.0,3.0,3.0,4.0,8.0,4.0,17.0,7.0,4.0,3.0,0.0,23.0,33.0,23.0,19.0,1.0,4.0,53.0,47.0,10.0,10.0,31.0,32.0,9.0,3.0,5.0,8.0,7.0,17.0,12.0,40.0,2.0,0.0,1.0,0.0,6.0,5.0,89.1,79.0,0.098,0.176,0.364,0.476,-0.08,-0.7,70.0,75.0
2026-03-21,10:00,77559,LaLiga 25/26,25/26,La Liga,Matchweek 29,Sat,Home,W,2.0,1.0,Mallorca,47.0,,,,,,https://www.sofascore.com/elche-mallorca/BgbsWgb,Ended,Elche,for,1.6,1.37,2.0,2.0,1.0,0.0,1.0,2.0,2.0,2.0,12.0,11.0,351.0,393.0,278.0,318.0,30.0,17.0,11.0,11.0,2.0,1.0,2.0,3.0,0.0,0.0,3.0,2.0,3.0,3.0,6.0,4.0,10.0,6.0,3.0,5.0,0.0,0.0,29.0,28.0,26.0,15.0,5.0,4.0,53.0,47.0,8.0,16.0,48.0,40.0,20.0,20.0,8.0,12.0,5.0,7.0,31.0,30.0,2.0,3.0,1.0,0.0,5.0,11.0,79.2,80.9,0.123,0.125,0.308,0.364,0.4,-0.37,75.0,50.0
2026-03-21,10:00,77559,LaLiga 25/26,25/26,La Liga,Matchweek 29,Sat,Away,L,1.0,2.0,Elche,53.0,,,,,,https://www.sofascore.com/elche-mallorca/BgbsWgb,Ended,Mallorca,for,1.37,1.6,2.0,2.0,0.0,1.0,2.0,1.0,2.0,2.0,11.0,12.0,393.0,351.0,318.0,278.0,17.0,30.0,11.0,11.0,1.0,2.0,3.0,2.0,0.0,0.0,2.0,3.0,3.0,3.0,4.0,6.0,6.0,10.0,5.0,3.0,0.0,0.0,28.0,29.0,15.0,26.0,4.0,5.0,47.0,53.0,16.0,8.0,40.0,48.0,20.0,20.0,12.0,8.0,7.0,5.0,30.0,31.0,3.0,2.0,0.0,1.0,11.0,5.0,80.9,79.2,0.125,0.123,0.364,0.308,-0.37,0.4,50.0,75.0
2026-03-21,12:15,77559,LaLiga 25/26,25/26,La Liga,Matchweek 29,Sat,Home,L,1.0,2.0,Getafe,66.0,,,,,,https://www.sofascore.com/getafe-espanyol/ogbsjhb,Ended,Espanyol,for,1.75,1.51,4.0,3.0,1.0,1.0,3.0,2.0,12.0,9.0,14.0,20.0,433.0,233.0,350.0,141.0,13.0,21.0,20.0,14.0,3.0,2.0,2.0,7.0,0.0,0.0,2.0,4.0,3.0,1.0,7.0,4.0,14.0,8.0,1.0,2.0,0.0,1.0,28.0,12.0,30.0,32.0,14.0,4.0,54.0,46.0,8.0,6.0,40.0,39.0,26.0,18.0,10.0,7.0,7.0,11.0,28.0,51.0,0.0,0.0,0.0,0.0,7.0,9.0,80.8,60.5,0.117,0.151,0.333,0.5,-0.75,0.49,40.0,80.0
2026-03-21,12:15,77559,LaLiga 25/26,25/26,La Liga,Matchweek 29,Sat,Away,W,2.0,1.0,Espanyol,34.0,,,,,,https://www.sofascore.com/getafe-espanyol/ogbsjhb,Ended,Getafe,for,1.51,1.75,3.0,4.0,1.0,1.0,2.0,3.0,9.0,12.0,20.0,14.0,233.0,433.0,141.0,350.0,21.0,13.0,14.0,20.0,2.0,3.0,7.0,2.0,0.0,0.0,4.0,2.0,1.0,3.0,4.0,7.0,8.0,14.0,2.0,1.0,1.0,0.0,12.0,28.0,32.0,30.0,4.0,14.0,46.0,54.0,6.0,8.0,39.0,40.0,18.0,26.0,7.0,10.0,11.0,7.0,51.0,28.0,0.0,0.0,0.0,0.0,9.0,7.0,60.5,80.8,0.151,0.117,0.5,0.333,0.49,-0.75,80.0,40.0
2026-03-21,14:30,77559,LaLiga 25/26,25/26,La Liga,Matchweek 29,Sat,Home,W,1.0,0.0,Girona FC,48.0,,,,,,https://www.sofascore.com/girona-fc-osasuna/vgbsoKj,Ended,Osasuna,for,1.71,0.21,3.0,0.0,0.0,0.0,3.0,0.0,6.0,2.0,18.0,7.0,441.0,494.0,389.0,427.0,17.0,22.0,7.0,18.0,0.0,3.0,2.0,1.0,0.0,0.0,0.0,10.0,3.0,3.0,5.0,2.0,15.0,4.0,4.0,1.0,0.0,0.0,28.0,16.0,29.0,14.0,6.0,2.0,47.0,53.0,9.0,12.0,33.0,47.0,15.0,7.0,9.0,8.0,12.0,6.0,21.0,26.0,0.0,0.0,0.0,0.0,3.0,5.0,88.2,86.4,0.09,0.042,0.579,0.0,-0.71,-0.21,,90.9
2026-03-21,14:30,77559,LaLiga 25/26,25/26,La Liga,Matchweek 29,Sat,Away,L,0.0,1.0,Osasuna,52.0,,,,,,https://www.sofascore.com/girona-fc-osasuna/vgbsoKj,Ended,Girona FC,for,0.21,1.71,0.0,3.0,0.0,0.0,0.0,3.0,2.0,6.0,7.0,18.0,494.0,441.0,427.0,389.0,22.0,17.0,18.0,7.0,3.0,0.0,1.0,2.0,0.0,0.0,10.0,0.0,3.0,3.0,2.0,5.0,4.0,15.0,1.0,4.0,0.0,0.0,16.0,28.0,14.0,29.0,2.0,6.0,53.0,47.0,12.0,9.0,47.0,33.0,7.0,15.0,8.0,9.0,6.0,12.0,26.0,21.0,0.0,0.0,0.0,0.0,5.0,3.0,86.4,88.2,0.042,0.09,0.0,0.579,-0.21,-0.71,90.9,
2026-03-21,14:30,77559,LaLiga 25/26,25/26,La Liga,Matchweek 29,Sat,Home,W,4.0,2.0,Real Oviedo,38.0,,,,,,https://www.sofascore.com/real-oviedo-levante-ud/Zgbsbhb,Ended,Levante UD,for,2.36,1.34,5.0,2.0,2.0,2.0,3.0,0.0,3.0,1.0,17.0,18.0,283.0,472.0,203.0,388.0,21.0,18.0,18.0,16.0,1.0,0.0,2.0,3.0,0.0,0.0,0.0,4.0,6.0,2.0,6.0,6.0,11.0,5.0,9.0,5.0,0.0,0.0,26.0,18.0,22.0,46.0,2.0,1.0,46.0,54.0,8.0,11.0,45.0,48.0,16.0,24.0,7.0,13.0,10.0,10.0,26.0,23.0,1.0,1.0,1.0,0.0,6.0,12.0,71.7,82.2,0.118,0.134,0.4,0.2,1.64,0.66,0.0,50.0
2026-03-21,14:30,77559,LaLiga 25/26,25/26,La Liga,Matchweek 29,Sat,Away,L,2.0,4.0,Levante UD,62.0,,,,,,https://www.sofascore.com/real-oviedo-levante-ud/Zgbsbhb,Ended,Real Oviedo,for,1.34,2.36,2.0,5.0,2.0,2.0,0.0,3.0,1.0,3.0,18.0,17.0,472.0,283.0,388.0,203.0,18.0,21.0,16.0,18.0,0.0,1.0,3.0,2.0,0.0,0.0,4.0,0.0,2.0,6.0,6.0,6.0,5.0,11.0,5.0,9.0,0.0,0.0,18.0,26.0,46.0,22.0,1.0,2.0,54.0,46.0,11.0,8.0,48.0,45.0,24.0,16.0,13.0,7.0,10.0,10.0,23.0,26.0,1.0,1.0,0.0,1.0,12.0,6.0,82.2,71.7,0.134,0.118,0.2,0.4,0.66,1.64,50.0,0.0
2026-03-21,17:00,77559,LaLiga 25/26,25/26,La Liga,Matchweek 29,Sat,Home,L,0.0,2.0,Valencia,59.0,,,,,,https://www.sofascore.com/sevilla-valencia/DgbsIgb,Ended,Sevilla,for,0.4,1.81,1.0,3.0,0.0,2.0,1.0,1.0,1.0,3.0,13.0,6.0,494.0,351.0,416.0,266.0,18.0,16.0,6.0,13.0,4.0,0.0,2.0,1.0,0.0,0.0,2.0,2.0,5.0,4.0,6.0,1.0,7.0,8.0,6.0,1.0,1.0,0.0,22.0,14.0,28.0,13.0,4.0,2.0,51.0,49.0,11.0,8.0,31.0,32.0,21.0,17.0,7.0,4.0,8.0,8.0,20.0,39.0,2.0,0.0,0.0,1.0,4.0,9.0,84.2,75.8,0.031,0.201,0.154,0.444,-0.4,0.19,50.0,100.0
2026-03-21,17:00,77559,LaLiga 25/26,25/26,La Liga,Matchweek 29,Sat,Away,W,2.0,0.0,Sevilla,41.0,,,,,,https://www.sofascore.com/sevilla-valencia/DgbsIgb,Ended,Valencia,for,1.81,0.4,3.0,1.0,2.0,0.0,1.0,1.0,3.0,1.0,6.0,13.0,351.0,494.0,266.0,416.0,16.0,18.0,13.0,6.0,0.0,4.0,1.0,2.0,0.0,0.0,2.0,2.0,4.0,5.0,1.0,6.0,8.0,7.0,1.0,6.0,0.0,1.0,14.0,22.0,13.0,28.0,2.0,4.0,49.0,51.0,8.0,11.0,32.0,31.0,17.0,21.0,4.0,7.0,8.0,8.0,39.0,20.0,0.0,2.0,1.0,0.0,9.0,4.0,75.8,84.2,0.201,0.031,0.444,0.154,0.19,-0.4,100.0,50.0
2026-03-22,10:00,77559,LaLiga 25/26,25/26,La Liga,Matchweek 29,Sun,Home,W,1.0,0.0,Rayo Vallecano,61.0,,,,,,https://www.sofascore.com/rayo-vallecano-barcelona/rgbstgb,Ended,FC Barcelona,for,1.39,1.56,3.0,4.0,1.0,0.0,2.0,4.0,6.0,9.0,12.0,11.0,483.0,296.0,416.0,224.0,27.0,24.0,11.0,12.0,0.0,3.0,3.0,4.0,0.0,0.0,4.0,3.0,5.0,1.0,6.0,3.0,10.0,7.0,5.0,1.0,0.0,2.0,22.0,20.0,17.0,23.0,5.0,4.0,54.0,46.0,8.0,14.0,53.0,49.0,11.0,6.0,15.0,14.0,10.0,12.0,28.0,15.0,1.0,1.0,0.0,0.0,5.0,10.0,86.1,75.7,0.093,0.195,0.267,0.5,-0.39,-1.56,100.0,75.0
2026-03-22,10:00,77559,LaLiga 25/26,25/26,La Liga,Matchweek 29,Sun,Away,L,0.0,1.0,FC Barcelona,39.0,,,,,,https://www.sofascore.com/rayo-vallecano-barcelona/rgbstgb,Ended,Rayo Vallecano,for,1.56,1.39,4.0,3.0,0.0,1.0,4.0,2.0,9.0,6.0,11.0,12.0,296.0,483.0,224.0,416.0,24.0,27.0,12.0,11.0,3.0,0.0,4.0,3.0,0.0,0.0,3.0,4.0,1.0,5.0,3.0,6.0,7.0,10.0,1.0,5.0,2.0,0.0,20.0,22.0,23.0,17.0,4.0,5.0,46.0,54.0,14.0,8.0,49.0,53.0,6.0,11.0,14.0,15.0,12.0,10.0,15.0,28.0,1.0,1.0,0.0,0.0,10.0,5.0,75.7,86.1,0.195,0.093,0.5,0.267,-1.56,-0.39,75.0,100.0
2026-03-22,12:15,77559,LaLiga 25/26,25/26,La Liga,Matchweek 29,Sun,Home,L,3.0,4.0,Deportivo Alavés,55.0,,,,,,https://www.sofascore.com/deportivo-alaves-celta-vigo/wgbsKhb,Ended,Celta Vigo,for,1.84,1.83,3.0,3.0,2.0,3.0,1.0,0.0,4.0,1.0,13.0,16.0,505.0,404.0,437.0,332.0,12.0,20.0,16.0,13.0,0.0,2.0,2.0,2.0,0.0,0.0,2.0,2.0,4.0,1.0,3.0,7.0,9.0,10.0,3.0,4.0,2.0,0.0,31.0,23.0,20.0,26.0,4.0,5.0,52.0,48.0,9.0,5.0,39.0,38.0,9.0,7.0,11.0,6.0,4.0,6.0,19.0,13.0,1.0,0.0,1.0,0.0,13.0,7.0,86.5,82.2,0.153,0.131,0.417,0.429,1.16,2.17,33.3,40.0
2026-03-22,12:15,77559,LaLiga 25/26,25/26,La Liga,Matchweek 29,Sun,Away,W,4.0,3.0,Celta Vigo,45.0,,,,,,https://www.sofascore.com/deportivo-alaves-celta-vigo/wgbsKhb,Ended,Deportivo Alavés,for,1.83,1.84,3.0,3.0,3.0,2.0,0.0,1.0,1.0,4.0,16.0,13.0,404.0,505.0,332.0,437.0,20.0,12.0,13.0,16.0,2.0,0.0,2.0,2.0,0.0,0.0,2.0,2.0,1.0,4.0,7.0,3.0,10.0,9.0,4.0,3.0,0.0,2.0,23.0,31.0,26.0,20.0,5.0,4.0,48.0,52.0,5.0,9.0,38.0,39.0,7.0,9.0,6.0,11.0,6.0,4.0,13.0,19.0,0.0,1.0,0.0,1.0,7.0,13.0,82.2,86.5,0.131,0.153,0.429,0.417,2.17,1.16,40.0,33.3
2026-03-22,14:30,77559,LaLiga 25/26,25/26,La Liga,Matchweek 29,Sun,Home,W,2.0,1.0,Real Betis,39.0,,,,,,https://www.sofascore.com/athletic-club-real-betis/qgbsAgb,Ended,Athletic Club,for,1.26,0.47,2.0,1.0,1.0,1.0,1.0,0.0,6.0,5.0,10.0,6.0,358.0,568.0,286.0,490.0,14.0,25.0,6.0,10.0,3.0,2.0,1.0,1.0,0.0,0.0,2.0,4.0,2.0,2.0,3.0,6.0,8.0,4.0,3.0,7.0,0.0,0.0,23.0,16.0,27.0,19.0,2.0,5.0,39.0,61.0,10.0,8.0,26.0,46.0,11.0,12.0,7.0,13.0,8.0,9.0,22.0,25.0,1.0,1.0,2.0,0.0,8.0,5.0,79.9,86.3,0.115,0.043,0.545,0.273,0.74,0.53,66.7,66.7
2026-03-22,14:30,77559,LaLiga 25/26,25/26,La Liga,Matchweek 29,Sun,Away,L,1.0,2.0,Athletic Club,61.0,,,,,,https://www.sofascore.com/athletic-club-real-betis/qgbsAgb,Ended,Real Betis,for,0.47,1.26,1.0,2.0,1.0,1.0,0.0,1.0,5.0,6.0,6.0,10.0,568.0,358.0,490.0,286.0,25.0,14.0,10.0,6.0,2.0,3.0,1.0,1.0,0.0,0.0,4.0,2.0,2.0,2.0,6.0,3.0,4.0,8.0,7.0,3.0,0.0,0.0,16.0,23.0,19.0,27.0,5.0,2.0,61.0,39.0,8.0,10.0,46.0,26.0,12.0,11.0,13.0,7.0,9.0,8.0,25.0,22.0,1.0,1.0,0.0,2.0,5.0,8.0,86.3,79.9,0.043,0.115,0.273,0.545,0.53,0.74,66.7,66.7
2026-03-22,17:00,77559,LaLiga 25/26,25/26,La Liga,Matchweek 29,Sun,Home,W,3.0,2.0,Atlético Madrid,52.0,,,,,,https://www.sofascore.com/atletico-madrid-real-madrid/EgbsLgb,Ended,Real Madrid,for,2.41,1.0,5.0,2.0,2.0,1.0,3.0,1.0,4.0,1.0,2.0,15.0,559.0,505.0,508.0,451.0,11.0,18.0,14.0,2.0,2.0,0.0,1.0,4.0,1.0,0.0,5.0,5.0,1.0,1.0,6.0,5.0,8.0,7.0,9.0,6.0,0.0,0.0,23.0,19.0,28.0,15.0,2.0,4.0,49.0,51.0,9.0,8.0,32.0,26.0,3.0,11.0,7.0,6.0,2.0,6.0,15.0,23.0,0.0,0.0,1.0,0.0,4.0,7.0,90.9,89.3,0.142,0.077,0.588,0.538,0.59,1.0,71.4,50.0
2026-03-22,17:00,77559,LaLiga 25/26,25/26,La Liga,Matchweek 29,Sun,Away,L,2.0,3.0,Real Madrid,48.0,,,,,,https://www.sofascore.com/atletico-madrid-real-madrid/EgbsLgb,Ended,Atlético Madrid,for,1.0,2.41,2.0,5.0,1.0,2.0,1.0,3.0,1.0,4.0,15.0,2.0,505.0,559.0,451.0,508.0,18.0,11.0,2.0,14.0,0.0,2.0,4.0,1.0,0.0,1.0,5.0,5.0,1.0,1.0,5.0,6.0,7.0,8.0,6.0,9.0,0.0,0.0,19.0,23.0,15.0,28.0,4.0,2.0,51.0,49.0,8.0,9.0,26.0,32.0,11.0,3.0,6.0,7.0,6.0,2.0,23.0,15.0,0.0,0.0,0.0,1.0,7.0,4.0,89.3,90.9,0.077,0.142,0.538,0.588,1.0,0.59,50.0,71.4
2026-04-03,16:00,77559,LaLiga 25/26,25/26,La Liga,Matchweek 30,Fri,Home,W,1.0,0.0,Elche,60.0,,,,,,https://www.sofascore.com/elche-rayo-vallecano/tgbsWgb,Ended,Rayo Vallecano,for,1.39,0.44,2.0,2.0,1.0,0.0,1.0,2.0,9.0,4.0,17.0,9.0,410.0,288.0,348.0,210.0,19.0,20.0,9.0,17.0,0.0,0.0,0.0,4.0,0.0,1.0,4.0,4.0,6.0,3.0,10.0,2.0,11.0,6.0,10.0,3.0,1.0,1.0,27.0,12.0,29.0,31.0,9.0,2.0,47.0,53.0,12.0,3.0,35.0,40.0,17.0,19.0,8.0,6.0,6.0,4.0,28.0,35.0,0.0,0.0,1.0,2.0,6.0,12.0,84.9,72.9,0.066,0.049,0.238,0.444,-0.39,-0.44,100.0,80.0
2026-04-03,16:00,77559,LaLiga 25/26,25/26,La Liga,Matchweek 30,Fri,Away,L,0.0,1.0,Rayo Vallecano,40.0,,,,,,https://www.sofascore.com/elche-rayo-vallecano/tgbsWgb,Ended,Elche,for,0.44,1.39,2.0,2.0,0.0,1.0,2.0,1.0,4.0,9.0,9.0,17.0,288.0,410.0,210.0,348.0,20.0,19.0,17.0,9.0,0.0,0.0,4.0,0.0,1.0,0.0,4.0,4.0,3.0,6.0,2.0,10.0,6.0,11.0,3.0,10.0,1.0,1.0,12.0,27.0,31.0,29.0,2.0,9.0,53.0,47.0,3.0,12.0,40.0,35.0,19.0,17.0,6.0,8.0,4.0,6.0,35.0,28.0,0.0,0.0,2.0,1.0,12.0,6.0,72.9,84.9,0.049,0.066,0.444,0.238,-0.44,-0.39,80.0,100.0
2026-04-04,09:00,77559,LaLiga 25/26,25/26,La Liga,Matchweek 30,Sat,Home,W,2.0,0.0,Levante UD,59.0,,,,,,https://www.sofascore.com/levante-ud-real-sociedad/zgbsZgb,Ended,Real Sociedad,for,2.78,0.28,6.0,0.0,2.0,0.0,4.0,0.0,11.0,5.0,11.0,15.0,467.0,315.0,397.0,246.0,9.0,13.0,15.0,11.0,4.0,1.0,2.0,3.0,0.0,0.0,4.0,3.0,4.0,1.0,9.0,3.0,8.0,4.0,10.0,4.0,0.0,0.0,28.0,18.0,32.0,23.0,6.0,2.0,60.0,40.0,9.0,6.0,33.0,26.0,19.0,8.0,10.0,3.0,10.0,7.0,35.0,26.0,2.0,1.0,2.0,1.0,6.0,9.0,85.0,78.1,0.154,0.035,0.278,0.5,-0.78,-0.28,100.0,60.0
2026-04-04,09:00,77559,LaLiga 25/26,25/26,La Liga,Matchweek 30,Sat,Away,L,0.0,2.0,Real Sociedad,41.0,,,,,,https://www.sofascore.com/levante-ud-real-sociedad/zgbsZgb,Ended,Levante UD,for,0.28,2.78,0.0,6.0,0.0,2.0,0.0,4.0,5.0,11.0,15.0,11.0,315.0,467.0,246.0,397.0,13.0,9.0,11.0,15.0,1.0,4.0,3.0,2.0,0.0,0.0,3.0,4.0,1.0,4.0,3.0,9.0,4.0,8.0,4.0,10.0,0.0,0.0,18.0,28.0,23.0,32.0,2.0,6.0,40.0,60.0,6.0,9.0,26.0,33.0,8.0,19.0,3.0,10.0,7.0,10.0,26.0,35.0,1.0,2.0,1.0,2.0,9.0,6.0,78.1,85.0,0.035,0.154,0.5,0.278,-0.28,-0.78,60.0,100.0
2026-04-04,11:15,77559,LaLiga 25/26,25/26,La Liga,Matchweek 30,Sat,Home,W,2.0,1.0,Real Madrid,36.0,,,,,,https://www.sofascore.com/real-madrid-mallorca/BgbsEgb,Ended,Mallorca,for,1.22,1.28,2.0,2.0,1.0,0.0,1.0,2.0,6.0,4.0,16.0,13.0,310.0,568.0,244.0,500.0,14.0,16.0,13.0,16.0,1.0,5.0,4.0,2.0,0.0,0.0,5.0,0.0,1.0,3.0,3.0,6.0,5.0,13.0,1.0,2.0,0.0,2.0,12.0,41.0,30.0,36.0,2.0,6.0,39.0,61.0,11.0,9.0,30.0,38.0,3.0,14.0,4.0,6.0,15.0,3.0,28.0,18.0,0.0,0.0,0.0,3.0,14.0,2.0,78.7,88.0,0.203,0.085,0.333,0.4,0.78,-0.28,83.3,0.0
2026-04-04,11:15,77559,LaLiga 25/26,25/26,La Liga,Matchweek 30,Sat,Away,L,1.0,2.0,Mallorca,64.0,,,,,,https://www.sofascore.com/real-madrid-mallorca/BgbsEgb,Ended,Real Madrid,for,1.28,1.22,2.0,2.0,0.0,1.0,2.0,1.0,4.0,6.0,13.0,16.0,568.0,310.0,500.0,244.0,16.0,14.0,16.0,13.0,5.0,1.0,2.0,4.0,0.0,0.0,0.0,5.0,3.0,1.0,6.0,3.0,13.0,5.0,2.0,1.0,2.0,0.0,41.0,12.0,36.0,30.0,6.0,2.0,61.0,39.0,9.0,11.0,38.0,30.0,14.0,3.0,6.0,4.0,3.0,15.0,18.0,28.0,0.0,0.0,3.0,0.0,2.0,14.0,88.0,78.7,0.085,0.203,0.4,0.333,-0.28,0.78,0.0,83.3
2026-04-04,13:30,77559,LaLiga 25/26,25/26,La Liga,Matchweek 30,Sat,Home,D,0.0,0.0,Espanyol,70.0,,,,,,https://www.sofascore.com/real-betis-espanyol/ogbsqgb,Ended,Real Betis,for,1.38,0.2,3.0,0.0,0.0,0.0,3.0,0.0,4.0,3.0,12.0,18.0,662.0,280.0,587.0,204.0,18.0,13.0,18.0,12.0,1.0,4.0,1.0,3.0,0.0,0.0,1.0,6.0,3.0,1.0,10.0,6.0,13.0,1.0,6.0,7.0,2.0,0.0,30.0,6.0,29.0,16.0,4.0,1.0,51.0,49.0,9.0,9.0,36.0,36.0,14.0,12.0,3.0,12.0,10.0,6.0,31.0,30.0,1.0,2.0,1.0,0.0,7.0,13.0,88.7,72.9,0.073,0.025,0.316,0.125,-1.38,-0.2,100.0,100.0
2026-04-04,13:30,77559,LaLiga 25/26,25/26,La Liga,Matchweek 30,Sat,Away,D,0.0,0.0,Real Betis,30.0,,,,,,https://www.sofascore.com/real-betis-espanyol/ogbsqgb,Ended,Espanyol,for,0.2,1.38,0.0,3.0,0.0,0.0,0.0,3.0,3.0,4.0,18.0,12.0,280.0,662.0,204.0,587.0,13.0,18.0,12.0,18.0,4.0,1.0,3.0,1.0,0.0,0.0,6.0,1.0,1.0,3.0,6.0,10.0,1.0,13.0,7.0,6.0,0.0,2.0,6.0,30.0,16.0,29.0,1.0,4.0,49.0,51.0,9.0,9.0,36.0,36.0,12.0,14.0,12.0,3.0,6.0,10.0,30.0,31.0,2.0,1.0,0.0,1.0,13.0,7.0,72.9,88.7,0.025,0.073,0.125,0.316,-0.2,-1.38,100.0,100.0
2026-04-04,16:00,77559,LaLiga 25/26,25/26,La Liga,Matchweek 30,Sat,Home,L,1.0,2.0,FC Barcelona,33.0,,,,,,https://www.sofascore.com/atletico-madrid-barcelona/rgbsLgb,Ended,Atlético Madrid,for,0.92,2.52,2.0,5.0,1.0,2.0,1.0,3.0,1.0,9.0,15.0,11.0,307.0,631.0,247.0,579.0,30.0,11.0,11.0,15.0,4.0,3.0,6.0,2.0,1.0,1.0,6.0,1.0,0.0,7.0,4.0,7.0,4.0,15.0,2.0,7.0,4.0,4.0,13.0,40.0,21.0,24.0,2.0,3.0,51.0,49.0,6.0,12.0,47.0,40.0,4.0,9.0,7.0,17.0,6.0,5.0,16.0,15.0,0.0,0.0,1.0,0.0,9.0,3.0,80.5,91.8,0.153,0.115,0.333,0.364,0.08,-0.52,75.0,50.0
2026-04-04,16:00,77559,LaLiga 25/26,25/26,La Liga,Matchweek 30,Sat,Away,W,2.0,1.0,Atlético Madrid,67.0,,,,,,https://www.sofascore.com/atletico-madrid-barcelona/rgbsLgb,Ended,FC Barcelona,for,2.52,0.92,5.0,2.0,2.0,1.0,3.0,1.0,9.0,1.0,11.0,15.0,631.0,307.0,579.0,247.0,11.0,30.0,15.0,11.0,3.0,4.0,2.0,6.0,1.0,1.0,1.0,6.0,7.0,0.0,7.0,4.0,15.0,4.0,7.0,2.0,4.0,4.0,40.0,13.0,24.0,21.0,3.0,2.0,49.0,51.0,12.0,6.0,40.0,47.0,9.0,4.0,17.0,7.0,5.0,6.0,15.0,16.0,0.0,0.0,0.0,1.0,3.0,9.0,91.8,80.5,0.115,0.153,0.364,0.333,-0.52,0.08,50.0,75.0
2026-04-05,09:00,77559,LaLiga 25/26,25/26,La Liga,Matchweek 30,Sun,Home,W,2.0,0.0,Athletic Club,32.0,,,,,,https://www.sofascore.com/getafe-athletic-club/Agbsjhb,Ended,Getafe,for,1.94,0.57,3.0,1.0,2.0,0.0,1.0,1.0,4.0,3.0,11.0,11.0,233.0,526.0,145.0,429.0,19.0,9.0,11.0,11.0,3.0,1.0,3.0,1.0,0.0,0.0,0.0,3.0,1.0,2.0,3.0,3.0,8.0,4.0,2.0,1.0,1.0,1.0,16.0,23.0,24.0,28.0,6.0,6.0,51.0,49.0,4.0,5.0,37.0,31.0,15.0,18.0,7.0,12.0,14.0,4.0,32.0,25.0,0.0,0.0,1.0,1.0,11.0,7.0,62.2,81.6,0.194,0.114,0.6,0.0,0.06,-0.57,,50.0
2026-04-05,09:00,77559,LaLiga 25/26,25/26,La Liga,Matchweek 30,Sun,Away,L,0.0,2.0,Getafe,68.0,,,,,,https://www.sofascore.com/getafe-athletic-club/Agbsjhb,Ended,Athletic Club,for,0.57,1.94,1.0,3.0,0.0,2.0,1.0,1.0,3.0,4.0,11.0,11.0,526.0,233.0,429.0,145.0,9.0,19.0,11.0,11.0,1.0,3.0,1.0,3.0,0.0,0.0,3.0,0.0,2.0,1.0,3.0,3.0,4.0,8.0,1.0,2.0,1.0,1.0,23.0,16.0,28.0,24.0,6.0,6.0,49.0,51.0,5.0,4.0,31.0,37.0,18.0,15.0,12.0,7.0,4.0,14.0,25.0,32.0,0.0,0.0,1.0,1.0,7.0,11.0,81.6,62.2,0.114,0.194,0.0,0.6,-0.57,0.06,50.0,
2026-04-05,11:15,77559,LaLiga 25/26,25/26,La Liga,Matchweek 30,Sun,Home,L,2.0,3.0,Celta Vigo,42.0,,,,,,https://www.sofascore.com/valencia-celta-vigo/wgbsDgb,Ended,Valencia,for,0.8,1.05,0.0,2.0,0.0,2.0,0.0,0.0,6.0,0.0,14.0,21.0,345.0,500.0,281.0,436.0,19.0,15.0,21.0,14.0,0.0,2.0,1.0,3.0,0.0,0.0,2.0,2.0,2.0,1.0,7.0,3.0,7.0,6.0,6.0,3.0,0.0,0.0,22.0,18.0,21.0,25.0,7.0,2.0,53.0,47.0,10.0,12.0,42.0,35.0,6.0,7.0,3.0,6.0,6.0,7.0,19.0,20.0,0.0,1.0,1.0,0.0,6.0,9.0,81.4,87.2,0.062,0.117,0.308,0.556,1.2,1.95,40.0,50.0
2026-04-05,11:15,77559,LaLiga 25/26,25/26,La Liga,Matchweek 30,Sun,Away,W,3.0,2.0,Valencia,58.0,,,,,,https://www.sofascore.com/valencia-celta-vigo/wgbsDgb,Ended,Celta Vigo,for,1.05,0.8,2.0,0.0,2.0,0.0,0.0,0.0,0.0,6.0,21.0,14.0,500.0,345.0,436.0,281.0,15.0,19.0,14.0,21.0,2.0,0.0,3.0,1.0,0.0,0.0,2.0,2.0,1.0,2.0,3.0,7.0,6.0,7.0,3.0,6.0,0.0,0.0,18.0,22.0,25.0,21.0,2.0,7.0,47.0,53.0,12.0,10.0,35.0,42.0,7.0,6.0,6.0,3.0,7.0,6.0,20.0,19.0,1.0,0.0,0.0,1.0,9.0,6.0,87.2,81.4,0.117,0.062,0.556,0.308,1.95,1.2,50.0,40.0
2026-04-05,13:30,77559,LaLiga 25/26,25/26,La Liga,Matchweek 30,Sun,Home,W,1.0,0.0,Sevilla,70.0,,,,,,https://www.sofascore.com/real-oviedo-sevilla/Igbsbhb,Ended,Real Oviedo,for,0.48,0.66,1.0,1.0,1.0,0.0,0.0,1.0,5.0,9.0,11.0,12.0,501.0,209.0,421.0,126.0,9.0,13.0,12.0,11.0,2.0,1.0,5.0,3.0,0.0,1.0,0.0,3.0,1.0,2.0,2.0,7.0,3.0,7.0,4.0,2.0,0.0,0.0,12.0,18.0,29.0,30.0,4.0,7.0,45.0,55.0,10.0,5.0,23.0,29.0,16.0,19.0,2.0,6.0,3.0,6.0,31.0,18.0,1.0,1.0,2.0,3.0,10.0,7.0,84.0,60.3,0.069,0.073,0.571,0.0,0.52,-0.66,,75.0
2026-04-05,13:30,77559,LaLiga 25/26,25/26,La Liga,Matchweek 30,Sun,Away,L,0.0,1.0,Real Oviedo,30.0,,,,,,https://www.sofascore.com/real-oviedo-sevilla/Igbsbhb,Ended,Sevilla,for,0.66,0.48,1.0,1.0,0.0,1.0,1.0,0.0,9.0,5.0,12.0,11.0,209.0,501.0,126.0,421.0,13.0,9.0,11.0,12.0,1.0,2.0,3.0,5.0,1.0,0.0,3.0,0.0,2.0,1.0,7.0,2.0,7.0,3.0,2.0,4.0,0.0,0.0,18.0,12.0,30.0,29.0,7.0,4.0,55.0,45.0,5.0,10.0,29.0,23.0,19.0,16.0,6.0,2.0,6.0,3.0,18.0,31.0,1.0,1.0,3.0,2.0,7.0,10.0,60.3,84.0,0.073,0.069,0.0,0.571,-0.66,0.52,75.0,
2026-04-05,16:00,77559,LaLiga 25/26,25/26,La Liga,Matchweek 30,Sun,Home,D,2.0,2.0,Osasuna,48.0,,,,,,https://www.sofascore.com/deportivo-alaves-osasuna/vgbsKhb,Ended,Deportivo Alavés,for,2.07,1.31,1.0,3.0,1.0,2.0,0.0,1.0,7.0,1.0,7.0,17.0,372.0,423.0,299.0,348.0,7.0,6.0,16.0,6.0,1.0,3.0,2.0,6.0,0.0,1.0,3.0,5.0,3.0,3.0,9.0,0.0,12.0,5.0,6.0,3.0,1.0,0.0,24.0,9.0,18.0,26.0,7.0,1.0,54.0,46.0,2.0,6.0,29.0,15.0,13.0,21.0,6.0,2.0,2.0,6.0,20.0,29.0,1.0,0.0,1.0,1.0,3.0,12.0,80.4,82.3,0.115,0.164,0.333,0.625,-0.07,0.69,60.0,83.3
2026-04-05,16:00,77559,LaLiga 25/26,25/26,La Liga,Matchweek 30,Sun,Away,D,2.0,2.0,Deportivo Alavés,52.0,,,,,,https://www.sofascore.com/deportivo-alaves-osasuna/vgbsKhb,Ended,Osasuna,for,1.31,2.07,3.0,1.0,2.0,1.0,1.0,0.0,1.0,7.0,17.0,7.0,423.0,372.0,348.0,299.0,6.0,7.0,6.0,16.0,3.0,1.0,6.0,2.0,1.0,0.0,5.0,3.0,3.0,3.0,0.0,9.0,5.0,12.0,3.0,6.0,0.0,1.0,9.0,24.0,26.0,18.0,1.0,7.0,46.0,54.0,6.0,2.0,15.0,29.0,21.0,13.0,2.0,6.0,6.0,2.0,29.0,20.0,0.0,1.0,1.0,1.0,12.0,3.0,82.3,80.4,0.164,0.115,0.625,0.333,0.69,-0.07,83.3,60.0
2026-04-06,16:00,77559,LaLiga 25/26,25/26,La Liga,Matchweek 30,Mon,Home,W,1.0,0.0,Villarreal,54.0,,,,,,https://www.sofascore.com/girona-fc-villarreal/ugbsoKj,Ended,Girona FC,for,0.48,0.55,1.0,0.0,0.0,0.0,1.0,0.0,7.0,4.0,8.0,9.0,517.0,429.0,448.0,361.0,15.0,15.0,9.0,8.0,2.0,1.0,2.0,2.0,0.0,0.0,0.0,2.0,5.0,6.0,3.0,3.0,7.0,5.0,3.0,4.0,0.0,1.0,27.0,29.0,27.0,28.0,5.0,6.0,51.0,49.0,5.0,5.0,39.0,33.0,8.0,12.0,16.0,10.0,6.0,6.0,21.0,23.0,0.0,0.0,1.0,1.0,5.0,7.0,86.7,84.1,0.048,0.061,0.2,0.0,0.52,-0.55,,100.0
2026-04-06,16:00,77559,LaLiga 25/26,25/26,La Liga,Matchweek 30,Mon,Away,L,0.0,1.0,Girona FC,46.0,,,,,,https://www.sofascore.com/girona-fc-villarreal/ugbsoKj,Ended,Villarreal,for,0.55,0.48,0.0,1.0,0.0,0.0,0.0,1.0,4.0,7.0,9.0,8.0,429.0,517.0,361.0,448.0,15.0,15.0,8.0,9.0,1.0,2.0,2.0,2.0,0.0,0.0,2.0,0.0,6.0,5.0,3.0,3.0,5.0,7.0,4.0,3.0,1.0,0.0,29.0,27.0,28.0,27.0,6.0,5.0,49.0,51.0,5.0,5.0,33.0,39.0,12.0,8.0,10.0,16.0,6.0,6.0,23.0,21.0,0.0,0.0,1.0,1.0,7.0,5.0,84.1,86.7,0.061,0.048,0.0,0.2,-0.55,0.52,100.0,
2026-04-10,16:00,77559,LaLiga 25/26,25/26,La Liga,Matchweek 31,Fri,Home,D,1.0,1.0,Girona FC,61.0,,,,,,https://www.sofascore.com/girona-fc-real-madrid/EgbsoKj,Ended,Real Madrid,for,2.3,0.52,2.0,0.0,0.0,0.0,2.0,0.0,10.0,1.0,9.0,13.0,600.0,390.0,553.0,341.0,13.0,22.0,13.0,9.0,3.0,0.0,2.0,1.0,0.0,0.0,1.0,7.0,6.0,3.0,7.0,5.0,18.0,4.0,4.0,6.0,2.0,0.0,64.0,17.0,28.0,21.0,6.0,0.0,52.0,48.0,9.0,9.0,39.0,38.0,5.0,2.0,13.0,7.0,3.0,9.0,18.0,29.0,0.0,1.0,0.0,1.0,9.0,11.0,92.2,87.4,0.105,0.052,0.409,0.2,-1.3,0.48,50.0,77.8
2026-04-10,16:00,77559,LaLiga 25/26,25/26,La Liga,Matchweek 31,Fri,Away,D,1.0,1.0,Real Madrid,39.0,,,,,,https://www.sofascore.com/girona-fc-real-madrid/EgbsoKj,Ended,Girona FC,for,0.52,2.3,0.0,2.0,0.0,0.0,0.0,2.0,1.0,10.0,13.0,9.0,390.0,600.0,341.0,553.0,22.0,13.0,9.0,13.0,0.0,3.0,1.0,2.0,0.0,0.0,7.0,1.0,3.0,6.0,5.0,7.0,4.0,18.0,6.0,4.0,0.0,2.0,17.0,64.0,21.0,28.0,0.0,6.0,48.0,52.0,9.0,9.0,38.0,39.0,2.0,5.0,7.0,13.0,9.0,3.0,29.0,18.0,1.0,0.0,1.0,0.0,11.0,9.0,87.4,92.2,0.052,0.105,0.2,0.409,0.48,-1.3,77.8,50.0
2026-04-11,09:00,77559,LaLiga 25/26,25/26,La Liga,Matchweek 31,Sat,Home,D,3.0,3.0,Deportivo Alavés,54.0,,,,,,https://www.sofascore.com/deportivo-alaves-real-sociedad/zgbsKhb,Ended,Real Sociedad,for,1.27,1.04,1.0,1.0,1.0,1.0,0.0,0.0,9.0,5.0,11.0,18.0,505.0,425.0,418.0,341.0,17.0,16.0,18.0,11.0,1.0,1.0,2.0,4.0,1.0,0.0,0.0,2.0,4.0,3.0,4.0,7.0,7.0,8.0,5.0,4.0,0.0,1.0,20.0,23.0,31.0,23.0,4.0,10.0,56.0,44.0,5.0,11.0,43.0,30.0,17.0,17.0,11.0,3.0,9.0,16.0,18.0,26.0,0.0,0.0,0.0,1.0,7.0,7.0,82.8,80.2,0.106,0.087,0.333,0.167,1.73,1.96,0.0,50.0
2026-04-11,09:00,77559,LaLiga 25/26,25/26,La Liga,Matchweek 31,Sat,Away,D,3.0,3.0,Real Sociedad,46.0,,,,,,https://www.sofascore.com/deportivo-alaves-real-sociedad/zgbsKhb,Ended,Deportivo Alavés,for,1.04,1.27,1.0,1.0,1.0,1.0,0.0,0.0,5.0,9.0,18.0,11.0,425.0,505.0,341.0,418.0,16.0,17.0,11.0,18.0,1.0,1.0,4.0,2.0,0.0,1.0,2.0,0.0,3.0,4.0,7.0,4.0,8.0,7.0,4.0,5.0,1.0,0.0,23.0,20.0,23.0,31.0,10.0,4.0,44.0,56.0,11.0,5.0,30.0,43.0,17.0,17.0,3.0,11.0,16.0,9.0,26.0,18.0,0.0,0.0,1.0,0.0,7.0,7.0,80.2,82.8,0.087,0.106,0.167,0.333,1.96,1.73,50.0,0.0
2026-04-11,11:15,77559,LaLiga 25/26,25/26,La Liga,Matchweek 31,Sat,Home,W,1.0,0.0,Valencia,57.0,,,,,,https://www.sofascore.com/elche-valencia/DgbsWgb,Ended,Elche,for,0.71,2.54,2.0,6.0,1.0,0.0,1.0,6.0,5.0,9.0,15.0,18.0,442.0,313.0,373.0,265.0,24.0,18.0,18.0,15.0,4.0,3.0,1.0,1.0,0.0,0.0,7.0,2.0,1.0,7.0,5.0,7.0,5.0,16.0,2.0,6.0,3.0,1.0,20.0,30.0,21.0,20.0,2.0,8.0,52.0,48.0,7.0,12.0,45.0,42.0,12.0,10.0,5.0,9.0,8.0,7.0,29.0,24.0,2.0,1.0,0.0,1.0,10.0,10.0,84.4,84.7,0.101,0.115,0.286,0.364,0.29,-2.54,87.5,100.0
2026-04-11,11:15,77559,LaLiga 25/26,25/26,La Liga,Matchweek 31,Sat,Away,L,0.0,1.0,Elche,43.0,,,,,,https://www.sofascore.com/elche-valencia/DgbsWgb,Ended,Valencia,for,2.54,0.71,6.0,2.0,0.0,1.0,6.0,1.0,9.0,5.0,18.0,15.0,313.0,442.0,265.0,373.0,18.0,24.0,15.0,18.0,3.0,4.0,1.0,1.0,0.0,0.0,2.0,7.0,7.0,1.0,7.0,5.0,16.0,5.0,6.0,2.0,1.0,3.0,30.0,20.0,20.0,21.0,8.0,2.0,48.0,52.0,12.0,7.0,42.0,45.0,10.0,12.0,9.0,5.0,7.0,8.0,24.0,29.0,1.0,2.0,1.0,0.0,10.0,10.0,84.7,84.4,0.115,0.101,0.364,0.286,-2.54,0.29,100.0,87.5
2026-04-11,13:30,77559,LaLiga 25/26,25/26,La Liga,Matchweek 31,Sat,Home,W,4.0,1.0,Espanyol,77.0,,,,,,https://www.sofascore.com/barcelona-espanyol/ogbsrgb,Ended,FC Barcelona,for,2.73,1.13,4.0,1.0,3.0,0.0,1.0,1.0,7.0,5.0,10.0,18.0,730.0,199.0,676.0,147.0,24.0,14.0,18.0,10.0,4.0,2.0,3.0,6.0,0.0,0.0,2.0,5.0,4.0,3.0,6.0,5.0,16.0,10.0,4.0,0.0,2.0,1.0,35.0,21.0,16.0,14.0,3.0,4.0,67.0,33.0,6.0,14.0,55.0,27.0,11.0,6.0,15.0,4.0,1.0,10.0,21.0,19.0,1.0,0.0,1.0,1.0,9.0,9.0,92.6,73.9,0.137,0.113,0.5,0.2,1.27,-0.13,100.0,50.0
2026-04-11,13:30,77559,LaLiga 25/26,25/26,La Liga,Matchweek 31,Sat,Away,L,1.0,4.0,FC Barcelona,23.0,,,,,,https://www.sofascore.com/barcelona-espanyol/ogbsrgb,Ended,Espanyol,for,1.13,2.73,1.0,4.0,0.0,3.0,1.0,1.0,5.0,7.0,18.0,10.0,199.0,730.0,147.0,676.0,14.0,24.0,10.0,18.0,2.0,4.0,6.0,3.0,0.0,0.0,5.0,2.0,3.0,4.0,5.0,6.0,10.0,16.0,0.0,4.0,1.0,2.0,21.0,35.0,14.0,16.0,4.0,3.0,33.0,67.0,14.0,6.0,27.0,55.0,6.0,11.0,4.0,15.0,10.0,1.0,19.0,21.0,0.0,1.0,1.0,1.0,9.0,9.0,73.9,92.6,0.113,0.137,0.2,0.5,-0.13,1.27,50.0,100.0
2026-04-11,16:00,77559,LaLiga 25/26,25/26,La Liga,Matchweek 31,Sat,Home,W,2.0,1.0,Atlético Madrid,32.0,,,,,,https://www.sofascore.com/atletico-madrid-sevilla/IgbsLgb,Ended,Sevilla,for,1.85,0.84,3.0,1.0,2.0,1.0,1.0,0.0,6.0,6.0,7.0,12.0,253.0,558.0,183.0,485.0,17.0,8.0,11.0,7.0,2.0,1.0,4.0,4.0,0.0,0.0,1.0,0.0,5.0,4.0,4.0,7.0,9.0,9.0,2.0,4.0,0.0,2.0,30.0,24.0,26.0,14.0,7.0,6.0,62.0,38.0,2.0,11.0,38.0,23.0,18.0,11.0,10.0,9.0,9.0,2.0,28.0,26.0,0.0,0.0,0.0,3.0,8.0,6.0,72.3,86.9,0.168,0.065,0.182,0.154,0.15,0.16,50.0,0.0
2026-04-11,16:00,77559,LaLiga 25/26,25/26,La Liga,Matchweek 31,Sat,Away,L,1.0,2.0,Sevilla,68.0,,,,,,https://www.sofascore.com/atletico-madrid-sevilla/IgbsLgb,Ended,Atlético Madrid,for,0.84,1.85,1.0,3.0,1.0,2.0,0.0,1.0,6.0,6.0,12.0,7.0,558.0,253.0,485.0,183.0,8.0,17.0,7.0,11.0,1.0,2.0,4.0,4.0,0.0,0.0,0.0,1.0,4.0,5.0,7.0,4.0,9.0,9.0,4.0,2.0,2.0,0.0,24.0,30.0,14.0,26.0,6.0,7.0,38.0,62.0,11.0,2.0,23.0,38.0,11.0,18.0,9.0,10.0,2.0,9.0,26.0,28.0,0.0,0.0,3.0,0.0,6.0,8.0,86.9,72.3,0.065,0.168,0.154,0.182,0.16,0.15,0.0,50.0
2026-04-12,09:00,77559,LaLiga 25/26,25/26,La Liga,Matchweek 31,Sun,Home,D,1.0,1.0,Real Betis,51.0,,,,,,https://www.sofascore.com/osasuna-real-betis/qgbsvgb,Ended,Osasuna,for,1.45,0.41,1.0,0.0,1.0,0.0,0.0,0.0,6.0,3.0,14.0,12.0,454.0,449.0,378.0,370.0,14.0,15.0,11.0,14.0,4.0,2.0,3.0,4.0,0.0,0.0,2.0,3.0,6.0,4.0,2.0,1.0,6.0,1.0,6.0,7.0,0.0,1.0,23.0,13.0,21.0,13.0,5.0,2.0,48.0,52.0,6.0,5.0,34.0,40.0,14.0,12.0,10.0,11.0,9.0,9.0,20.0,34.0,1.0,0.0,0.0,1.0,4.0,5.0,83.3,82.4,0.121,0.051,0.333,0.375,-0.45,0.59,66.7,75.0
2026-04-12,09:00,77559,LaLiga 25/26,25/26,La Liga,Matchweek 31,Sun,Away,D,1.0,1.0,Osasuna,49.0,,,,,,https://www.sofascore.com/osasuna-real-betis/qgbsvgb,Ended,Real Betis,for,0.41,1.45,0.0,1.0,0.0,1.0,0.0,0.0,3.0,6.0,12.0,14.0,449.0,454.0,370.0,378.0,15.0,14.0,14.0,11.0,2.0,4.0,4.0,3.0,0.0,0.0,3.0,2.0,4.0,6.0,1.0,2.0,1.0,6.0,7.0,6.0,1.0,0.0,13.0,23.0,13.0,21.0,2.0,5.0,52.0,48.0,5.0,6.0,40.0,34.0,12.0,14.0,11.0,10.0,9.0,9.0,34.0,20.0,0.0,1.0,1.0,0.0,5.0,4.0,82.4,83.3,0.051,0.121,0.375,0.333,0.59,-0.45,75.0,66.7
2026-04-12,11:15,77559,LaLiga 25/26,25/26,La Liga,Matchweek 31,Sun,Home,W,3.0,0.0,Rayo Vallecano,45.0,,,,,,https://www.sofascore.com/mallorca-rayo-vallecano/tgbsBgb,Ended,Mallorca,for,1.68,1.95,6.0,4.0,3.0,0.0,3.0,4.0,6.0,7.0,13.0,11.0,350.0,430.0,276.0,367.0,14.0,18.0,11.0,13.0,2.0,6.0,1.0,4.0,0.0,0.0,3.0,1.0,0.0,5.0,8.0,9.0,11.0,8.0,1.0,9.0,0.0,1.0,22.0,19.0,30.0,24.0,7.0,8.0,51.0,49.0,7.0,11.0,29.0,35.0,13.0,6.0,5.0,4.0,9.0,10.0,29.0,29.0,0.0,0.0,0.0,0.0,11.0,6.0,78.9,85.3,0.14,0.115,0.333,0.176,1.32,-1.95,100.0,25.0
2026-04-12,11:15,77559,LaLiga 25/26,25/26,La Liga,Matchweek 31,Sun,Away,L,0.0,3.0,Mallorca,55.0,,,,,,https://www.sofascore.com/mallorca-rayo-vallecano/tgbsBgb,Ended,Rayo Vallecano,for,1.95,1.68,4.0,6.0,0.0,3.0,4.0,3.0,7.0,6.0,11.0,13.0,430.0,350.0,367.0,276.0,18.0,14.0,13.0,11.0,6.0,2.0,4.0,1.0,0.0,0.0,1.0,3.0,5.0,0.0,9.0,8.0,8.0,11.0,9.0,1.0,1.0,0.0,19.0,22.0,24.0,30.0,8.0,7.0,49.0,51.0,11.0,7.0,35.0,29.0,6.0,13.0,4.0,5.0,10.0,9.0,29.0,29.0,0.0,0.0,0.0,0.0,6.0,11.0,85.3,78.9,0.115,0.14,0.176,0.333,-1.95,1.32,25.0,100.0
2026-04-12,13:30,77559,LaLiga 25/26,25/26,La Liga,Matchweek 31,Sun,Home,L,0.0,3.0,Real Oviedo,68.0,,,,,,https://www.sofascore.com/real-oviedo-celta-vigo/wgbsbhb,Ended,Celta Vigo,for,0.77,1.47,3.0,3.0,0.0,2.0,3.0,1.0,4.0,1.0,9.0,13.0,688.0,320.0,594.0,244.0,19.0,20.0,13.0,9.0,2.0,2.0,1.0,2.0,0.0,0.0,3.0,6.0,2.0,1.0,1.0,2.0,5.0,8.0,4.0,0.0,2.0,0.0,29.0,13.0,31.0,14.0,3.0,4.0,48.0,52.0,7.0,12.0,39.0,39.0,6.0,9.0,8.0,10.0,6.0,12.0,8.0,44.0,0.0,0.0,1.0,1.0,6.0,6.0,86.3,76.2,0.086,0.184,0.667,0.625,-0.77,1.53,60.0,100.0
2026-04-12,13:30,77559,LaLiga 25/26,25/26,La Liga,Matchweek 31,Sun,Away,W,3.0,0.0,Celta Vigo,32.0,,,,,,https://www.sofascore.com/real-oviedo-celta-vigo/wgbsbhb,Ended,Real Oviedo,for,1.47,0.77,3.0,3.0,2.0,0.0,1.0,3.0,1.0,4.0,13.0,9.0,320.0,688.0,244.0,594.0,20.0,19.0,9.0,13.0,2.0,2.0,2.0,1.0,0.0,0.0,6.0,3.0,1.0,2.0,2.0,1.0,8.0,5.0,0.0,4.0,0.0,2.0,13.0,29.0,14.0,31.0,4.0,3.0,52.0,48.0,12.0,7.0,39.0,39.0,9.0,6.0,10.0,8.0,12.0,6.0,44.0,8.0,0.0,0.0,1.0,1.0,6.0,6.0,76.2,86.3,0.184,0.086,0.625,0.667,1.53,-0.77,100.0,60.0
2026-04-12,16:00,77559,LaLiga 25/26,25/26,La Liga,Matchweek 31,Sun,Home,L,1.0,2.0,Villarreal,61.0,,,,,,https://www.sofascore.com/athletic-club-villarreal/ugbsAgb,Ended,Athletic Club,for,1.16,1.31,1.0,3.0,1.0,2.0,0.0,1.0,15.0,3.0,15.0,8.0,559.0,378.0,479.0,290.0,14.0,20.0,8.0,15.0,1.0,3.0,2.0,3.0,0.0,0.0,5.0,5.0,8.0,3.0,4.0,3.0,10.0,10.0,8.0,2.0,0.0,0.0,35.0,15.0,17.0,14.0,8.0,3.0,46.0,54.0,4.0,7.0,31.0,38.0,12.0,13.0,10.0,4.0,12.0,9.0,10.0,55.0,1.0,0.0,0.0,2.0,4.0,10.0,85.7,76.7,0.064,0.109,0.333,0.5,-0.16,0.69,83.3,83.3
2026-04-12,16:00,77559,LaLiga 25/26,25/26,La Liga,Matchweek 31,Sun,Away,W,2.0,1.0,Athletic Club,39.0,,,,,,https://www.sofascore.com/athletic-club-villarreal/ugbsAgb,Ended,Villarreal,for,1.31,1.16,3.0,1.0,2.0,1.0,1.0,0.0,3.0,15.0,8.0,15.0,378.0,559.0,290.0,479.0,20.0,14.0,15.0,8.0,3.0,1.0,3.0,2.0,0.0,0.0,5.0,5.0,3.0,8.0,3.0,4.0,10.0,10.0,2.0,8.0,0.0,0.0,15.0,35.0,14.0,17.0,3.0,8.0,54.0,46.0,7.0,4.0,38.0,31.0,13.0,12.0,4.0,10.0,9.0,12.0,55.0,10.0,0.0,1.0,2.0,0.0,10.0,4.0,76.7,85.7,0.109,0.064,0.5,0.333,0.69,-0.16,83.3,83.3
2026-04-13,16:00,77559,LaLiga 25/26,25/26,La Liga,Matchweek 31,Mon,Home,W,1.0,0.0,Getafe,63.0,,,,,,https://www.sofascore.com/getafe-levante-ud/Zgbsjhb,Ended,Levante UD,for,2.9,0.29,5.0,0.0,1.0,0.0,4.0,0.0,8.0,2.0,12.0,24.0,398.0,233.0,308.0,150.0,10.0,16.0,22.0,12.0,1.0,4.0,2.0,6.0,0.0,1.0,1.0,3.0,8.0,2.0,10.0,2.0,10.0,3.0,12.0,2.0,1.0,0.0,29.0,7.0,33.0,20.0,8.0,2.0,56.0,44.0,7.0,4.0,39.0,33.0,23.0,16.0,9.0,5.0,11.0,15.0,21.0,54.0,0.0,0.0,0.0,0.0,5.0,13.0,77.4,64.4,0.132,0.058,0.182,0.2,-1.9,-0.29,100.0,75.0
2026-04-13,16:00,77559,LaLiga 25/26,25/26,La Liga,Matchweek 31,Mon,Away,L,0.0,1.0,Levante UD,37.0,,,,,,https://www.sofascore.com/getafe-levante-ud/Zgbsjhb,Ended,Getafe,for,0.29,2.9,0.0,5.0,0.0,1.0,0.0,4.0,2.0,8.0,24.0,12.0,233.0,398.0,150.0,308.0,16.0,10.0,12.0,22.0,4.0,1.0,6.0,2.0,1.0,0.0,3.0,1.0,2.0,8.0,2.0,10.0,3.0,10.0,2.0,12.0,0.0,1.0,7.0,29.0,20.0,33.0,2.0,8.0,44.0,56.0,4.0,7.0,33.0,39.0,16.0,23.0,5.0,9.0,15.0,11.0,54.0,21.0,0.0,0.0,0.0,0.0,13.0,5.0,64.4,77.4,0.058,0.132,0.2,0.182,-0.29,-1.9,75.0,100.0
2026-04-21,14:00,77559,LaLiga 25/26,25/26,La Liga,Matchweek 33,Tue,Home,W,1.0,0.0,Osasuna,35.0,,,,,,https://www.sofascore.com/athletic-club-osasuna/vgbsAgb,Ended,Athletic Club,for,0.54,1.21,0.0,2.0,0.0,0.0,0.0,2.0,5.0,4.0,12.0,11.0,290.0,546.0,227.0,459.0,13.0,13.0,11.0,11.0,0.0,0.0,3.0,2.0,1.0,0.0,2.0,2.0,1.0,2.0,3.0,3.0,5.0,6.0,2.0,2.0,0.0,0.0,15.0,19.0,23.0,20.0,3.0,9.0,46.0,54.0,8.0,6.0,31.0,34.0,11.0,15.0,7.0,11.0,10.0,6.0,26.0,16.0,0.0,0.0,2.0,0.0,5.0,6.0,78.3,84.1,0.077,0.151,0.429,0.375,0.46,-1.21,66.7,66.7
2026-04-21,14:00,77559,LaLiga 25/26,25/26,La Liga,Matchweek 33,Tue,Away,L,0.0,1.0,Athletic Club,65.0,,,,,,https://www.sofascore.com/athletic-club-osasuna/vgbsAgb,Ended,Osasuna,for,1.21,0.54,2.0,0.0,0.0,0.0,2.0,0.0,4.0,5.0,11.0,12.0,546.0,290.0,459.0,227.0,13.0,13.0,11.0,11.0,0.0,0.0,2.0,3.0,0.0,1.0,2.0,2.0,2.0,1.0,3.0,3.0,6.0,5.0,2.0,2.0,0.0,0.0,19.0,15.0,20.0,23.0,9.0,3.0,54.0,46.0,6.0,8.0,34.0,31.0,15.0,11.0,11.0,7.0,6.0,10.0,16.0,26.0,0.0,0.0,0.0,2.0,6.0,5.0,84.1,78.3,0.151,0.077,0.375,0.429,-1.21,0.46,66.7,66.7
2026-04-21,14:00,77559,LaLiga 25/26,25/26,La Liga,Matchweek 33,Tue,Home,D,1.0,1.0,Valencia,59.0,,,,,,https://www.sofascore.com/valencia-mallorca/BgbsDgb,Ended,Mallorca,for,1.82,1.68,4.0,2.0,1.0,1.0,3.0,1.0,7.0,4.0,9.0,12.0,504.0,349.0,430.0,283.0,18.0,13.0,12.0,9.0,4.0,2.0,0.0,2.0,0.0,0.0,2.0,7.0,5.0,3.0,7.0,4.0,15.0,6.0,5.0,4.0,1.0,1.0,32.0,24.0,39.0,23.0,8.0,2.0,56.0,44.0,6.0,12.0,36.0,30.0,13.0,9.0,7.0,9.0,4.0,9.0,20.0,21.0,0.0,2.0,0.0,1.0,7.0,10.0,85.3,81.1,0.091,0.168,0.4,0.3,-0.82,-0.68,66.7,87.5
2026-04-21,14:00,77559,LaLiga 25/26,25/26,La Liga,Matchweek 33,Tue,Away,D,1.0,1.0,Mallorca,41.0,,,,,,https://www.sofascore.com/valencia-mallorca/BgbsDgb,Ended,Valencia,for,1.68,1.82,2.0,4.0,1.0,1.0,1.0,3.0,4.0,7.0,12.0,9.0,349.0,504.0,283.0,430.0,13.0,18.0,9.0,12.0,2.0,4.0,2.0,0.0,0.0,0.0,7.0,2.0,3.0,5.0,4.0,7.0,6.0,15.0,4.0,5.0,1.0,1.0,24.0,32.0,23.0,39.0,2.0,8.0,44.0,56.0,12.0,6.0,30.0,36.0,9.0,13.0,9.0,7.0,9.0,4.0,21.0,20.0,2.0,0.0,1.0,0.0,10.0,7.0,81.1,85.3,0.168,0.091,0.3,0.4,-0.68,-0.82,87.5,66.7
2026-04-21,16:30,77559,LaLiga 25/26,25/26,La Liga,Matchweek 33,Tue,Home,W,2.0,1.0,Deportivo Alavés,61.0,,,,,,https://www.sofascore.com/deportivo-alaves-real-madrid/EgbsKhb,Ended,Real Madrid,for,1.62,1.76,0.0,2.0,0.0,1.0,0.0,1.0,9.0,6.0,14.0,12.0,631.0,399.0,569.0,331.0,15.0,20.0,12.0,14.0,4.0,1.0,1.0,1.0,0.0,0.0,4.0,5.0,7.0,7.0,9.0,7.0,12.0,13.0,12.0,6.0,1.0,0.0,44.0,32.0,47.0,20.0,5.0,4.0,62.0,38.0,10.0,9.0,47.0,32.0,18.0,8.0,20.0,1.0,5.0,7.0,30.0,27.0,3.0,2.0,1.0,0.0,7.0,12.0,90.2,83.0,0.068,0.093,0.333,0.263,0.38,-0.76,80.0,62.5
2026-04-21,16:30,77559,LaLiga 25/26,25/26,La Liga,Matchweek 33,Tue,Away,L,1.0,2.0,Real Madrid,39.0,,,,,,https://www.sofascore.com/deportivo-alaves-real-madrid/EgbsKhb,Ended,Deportivo Alavés,for,1.76,1.62,2.0,0.0,1.0,0.0,1.0,0.0,6.0,9.0,12.0,14.0,399.0,631.0,331.0,569.0,20.0,15.0,14.0,12.0,1.0,4.0,1.0,1.0,0.0,0.0,5.0,4.0,7.0,7.0,7.0,9.0,13.0,12.0,6.0,12.0,0.0,1.0,32.0,44.0,20.0,47.0,4.0,5.0,38.0,62.0,9.0,10.0,32.0,47.0,8.0,18.0,1.0,20.0,7.0,5.0,27.0,30.0,2.0,3.0,0.0,1.0,12.0,7.0,83.0,90.2,0.093,0.068,0.263,0.333,-0.76,0.38,62.5,80.0
2026-04-21,16:30,77559,LaLiga 25/26,25/26,La Liga,Matchweek 33,Tue,Home,L,2.0,3.0,Real Betis,56.0,,,,,,https://www.sofascore.com/girona-fc-real-betis/qgbsoKj,Ended,Girona FC,for,1.38,1.04,2.0,2.0,2.0,2.0,0.0,0.0,3.0,1.0,11.0,18.0,577.0,449.0,517.0,384.0,9.0,15.0,17.0,11.0,3.0,0.0,1.0,3.0,0.0,0.0,0.0,0.0,5.0,2.0,2.0,2.0,7.0,4.0,2.0,3.0,2.0,2.0,17.0,16.0,11.0,25.0,1.0,2.0,54.0,46.0,5.0,3.0,38.0,30.0,5.0,7.0,12.0,5.0,6.0,11.0,12.0,14.0,0.0,0.0,0.0,0.0,6.0,4.0,89.6,85.5,0.153,0.149,0.222,0.429,0.62,1.96,0.0,0.0
2026-04-21,16:30,77559,LaLiga 25/26,25/26,La Liga,Matchweek 33,Tue,Away,W,3.0,2.0,Girona FC,44.0,,,,,,https://www.sofascore.com/girona-fc-real-betis/qgbsoKj,Ended,Real Betis,for,1.04,1.38,2.0,2.0,2.0,2.0,0.0,0.0,1.0,3.0,18.0,11.0,449.0,577.0,384.0,517.0,15.0,9.0,11.0,17.0,0.0,3.0,3.0,1.0,0.0,0.0,0.0,0.0,2.0,5.0,2.0,2.0,4.0,7.0,3.0,2.0,2.0,2.0,16.0,17.0,25.0,11.0,2.0,1.0,46.0,54.0,3.0,5.0,30.0,38.0,7.0,5.0,5.0,12.0,11.0,6.0,14.0,12.0,0.0,0.0,0.0,0.0,4.0,6.0,85.5,89.6,0.149,0.153,0.429,0.222,1.96,0.62,0.0,0.0
2026-04-22,14:00,77559,LaLiga 25/26,25/26,La Liga,Matchweek 33,Wed,Home,W,3.0,2.0,Atlético Madrid,72.0,,,,,,https://www.sofascore.com/elche-atletico-madrid/LgbsWgb,Ended,Elche,for,2.78,1.01,7.0,2.0,3.0,2.0,4.0,0.0,13.0,3.0,11.0,12.0,654.0,259.0,580.0,189.0,15.0,21.0,11.0,11.0,1.0,2.0,2.0,3.0,0.0,1.0,1.0,4.0,2.0,1.0,6.0,2.0,10.0,2.0,4.0,4.0,0.0,0.0,29.0,8.0,25.0,20.0,5.0,0.0,52.0,48.0,9.0,14.0,30.0,35.0,20.0,12.0,4.0,4.0,8.0,12.0,19.0,36.0,1.0,0.0,0.0,2.0,6.0,9.0,88.7,73.0,0.199,0.168,0.429,0.5,0.22,0.99,33.3,66.7
2026-04-22,14:00,77559,LaLiga 25/26,25/26,La Liga,Matchweek 33,Wed,Away,L,2.0,3.0,Elche,28.0,,,,,,https://www.sofascore.com/elche-atletico-madrid/LgbsWgb,Ended,Atlético Madrid,for,1.01,2.78,2.0,7.0,2.0,3.0,0.0,4.0,3.0,13.0,12.0,11.0,259.0,654.0,189.0,580.0,21.0,15.0,11.0,11.0,2.0,1.0,3.0,2.0,1.0,0.0,4.0,1.0,1.0,2.0,2.0,6.0,2.0,10.0,4.0,4.0,0.0,0.0,8.0,29.0,20.0,25.0,0.0,5.0,48.0,52.0,14.0,9.0,35.0,30.0,12.0,20.0,4.0,4.0,12.0,8.0,36.0,19.0,0.0,1.0,2.0,0.0,9.0,6.0,73.0,88.7,0.168,0.199,0.5,0.429,0.99,0.22,66.7,33.3
2026-04-22,15:00,77559,LaLiga 25/26,25/26,La Liga,Matchweek 33,Wed,Home,L,0.0,1.0,Getafe,67.0,,,,,,https://www.sofascore.com/getafe-real-sociedad/zgbsjhb,Ended,Real Sociedad,for,1.89,0.12,3.0,0.0,0.0,0.0,3.0,0.0,6.0,3.0,13.0,22.0,507.0,251.0,422.0,156.0,17.0,18.0,21.0,13.0,5.0,1.0,4.0,5.0,0.0,0.0,0.0,3.0,4.0,1.0,5.0,4.0,9.0,2.0,4.0,3.0,2.0,0.0,30.0,7.0,21.0,27.0,4.0,1.0,58.0,42.0,8.0,6.0,50.0,37.0,25.0,18.0,14.0,7.0,9.0,15.0,36.0,22.0,0.0,0.0,0.0,0.0,9.0,10.0,83.2,62.2,0.145,0.024,0.308,0.0,-1.89,0.88,,75.0
2026-04-22,15:00,77559,LaLiga 25/26,25/26,La Liga,Matchweek 33,Wed,Away,W,1.0,0.0,Real Sociedad,33.0,,,,,,https://www.sofascore.com/getafe-real-sociedad/zgbsjhb,Ended,Getafe,for,0.12,1.89,0.0,3.0,0.0,0.0,0.0,3.0,3.0,6.0,22.0,13.0,251.0,507.0,156.0,422.0,18.0,17.0,13.0,21.0,1.0,5.0,5.0,4.0,0.0,0.0,3.0,0.0,1.0,4.0,4.0,5.0,2.0,9.0,3.0,4.0,0.0,2.0,7.0,30.0,27.0,21.0,1.0,4.0,42.0,58.0,6.0,8.0,37.0,50.0,18.0,25.0,7.0,14.0,15.0,9.0,22.0,36.0,0.0,0.0,0.0,0.0,10.0,9.0,62.2,83.2,0.024,0.145,0.0,0.308,0.88,-1.89,75.0,
2026-04-22,16:30,77559,LaLiga 25/26,25/26,La Liga,Matchweek 33,Wed,Home,W,1.0,0.0,Celta Vigo,61.0,,,,,,https://www.sofascore.com/celta-vigo-barcelona/rgbswgb,Ended,FC Barcelona,for,1.3,0.8,2.0,2.0,1.0,0.0,1.0,2.0,5.0,3.0,13.0,10.0,711.0,454.0,665.0,398.0,21.0,19.0,9.0,13.0,3.0,0.0,1.0,1.0,0.0,0.0,3.0,2.0,2.0,2.0,5.0,1.0,5.0,4.0,5.0,2.0,1.0,3.0,23.0,11.0,19.0,15.0,2.0,2.0,54.0,46.0,7.0,8.0,41.0,39.0,9.0,3.0,10.0,7.0,11.0,7.0,19.0,16.0,0.0,2.0,0.0,1.0,2.0,6.0,93.5,87.7,0.13,0.133,0.3,0.5,-0.3,-0.8,100.0,66.7
2026-04-22,16:30,77559,LaLiga 25/26,25/26,La Liga,Matchweek 33,Wed,Away,L,0.0,1.0,FC Barcelona,39.0,,,,,,https://www.sofascore.com/celta-vigo-barcelona/rgbswgb,Ended,Celta Vigo,for,0.8,1.3,2.0,2.0,0.0,1.0,2.0,1.0,3.0,5.0,10.0,13.0,454.0,711.0,398.0,665.0,19.0,21.0,13.0,9.0,0.0,3.0,1.0,1.0,0.0,0.0,2.0,3.0,2.0,2.0,1.0,5.0,4.0,5.0,2.0,5.0,3.0,1.0,11.0,23.0,15.0,19.0,2.0,2.0,46.0,54.0,8.0,7.0,39.0,41.0,3.0,9.0,7.0,10.0,7.0,11.0,16.0,19.0,2.0,0.0,1.0,0.0,6.0,2.0,87.7,93.5,0.133,0.13,0.5,0.3,-0.8,-0.3,66.7,100.0
2026-04-23,14:00,77559,LaLiga 25/26,25/26,La Liga,Matchweek 33,Thu,Home,W,2.0,0.0,Sevilla,43.0,,,,,,https://www.sofascore.com/levante-ud-sevilla/IgbsZgb,Ended,Levante UD,for,1.53,0.28,2.0,1.0,1.0,0.0,1.0,1.0,3.0,6.0,17.0,16.0,309.0,418.0,240.0,335.0,18.0,16.0,16.0,17.0,1.0,2.0,3.0,4.0,0.0,0.0,0.0,1.0,2.0,1.0,3.0,6.0,4.0,4.0,4.0,3.0,1.0,0.0,13.0,15.0,34.0,25.0,4.0,2.0,50.0,50.0,5.0,11.0,32.0,35.0,11.0,8.0,2.0,5.0,13.0,12.0,26.0,22.0,0.0,1.0,4.0,0.0,5.0,3.0,77.7,80.1,0.191,0.04,0.375,0.0,0.47,-0.28,,33.3
2026-04-23,14:00,77559,LaLiga 25/26,25/26,La Liga,Matchweek 33,Thu,Away,L,0.0,2.0,Levante UD,57.0,,,,,,https://www.sofascore.com/levante-ud-sevilla/IgbsZgb,Ended,Sevilla,for,0.28,1.53,1.0,2.0,0.0,1.0,1.0,1.0,6.0,3.0,16.0,17.0,418.0,309.0,335.0,240.0,16.0,18.0,17.0,16.0,2.0,1.0,4.0,3.0,0.0,0.0,1.0,0.0,1.0,2.0,6.0,3.0,4.0,4.0,3.0,4.0,0.0,1.0,15.0,13.0,25.0,34.0,2.0,4.0,50.0,50.0,11.0,5.0,35.0,32.0,8.0,11.0,5.0,2.0,12.0,13.0,22.0,26.0,1.0,0.0,0.0,4.0,3.0,5.0,80.1,77.7,0.04,0.191,0.0,0.375,-0.28,0.47,33.3,
2026-04-23,15:00,77559,LaLiga 25/26,25/26,La Liga,Matchweek 33,Thu,Home,W,1.0,0.0,Espanyol,52.0,,,,,,https://www.sofascore.com/rayo-vallecano-espanyol/ogbstgb,Ended,Rayo Vallecano,for,1.6,1.96,4.0,2.0,1.0,0.0,3.0,2.0,6.0,5.0,12.0,15.0,331.0,295.0,264.0,215.0,14.0,17.0,15.0,11.0,3.0,0.0,2.0,4.0,0.0,0.0,4.0,5.0,2.0,5.0,9.0,6.0,9.0,10.0,8.0,5.0,0.0,0.0,23.0,21.0,28.0,24.0,7.0,4.0,55.0,45.0,7.0,8.0,39.0,30.0,18.0,16.0,11.0,4.0,6.0,8.0,47.0,17.0,0.0,0.0,0.0,0.0,11.0,12.0,79.8,72.9,0.094,0.131,0.353,0.267,-0.6,-1.96,100.0,83.3
2026-04-23,15:00,77559,LaLiga 25/26,25/26,La Liga,Matchweek 33,Thu,Away,L,0.0,1.0,Rayo Vallecano,48.0,,,,,,https://www.sofascore.com/rayo-vallecano-espanyol/ogbstgb,Ended,Espanyol,for,1.96,1.6,2.0,4.0,0.0,1.0,2.0,3.0,5.0,6.0,15.0,12.0,295.0,331.0,215.0,264.0,17.0,14.0,11.0,15.0,0.0,3.0,4.0,2.0,0.0,0.0,5.0,4.0,5.0,2.0,6.0,9.0,10.0,9.0,5.0,8.0,0.0,0.0,21.0,23.0,24.0,28.0,4.0,7.0,45.0,55.0,8.0,7.0,30.0,39.0,16.0,18.0,4.0,11.0,8.0,6.0,17.0,47.0,0.0,0.0,0.0,0.0,12.0,11.0,72.9,79.8,0.131,0.094,0.267,0.353,-1.96,-0.6,83.3,100.0
2026-04-23,16:30,77559,LaLiga 25/26,25/26,La Liga,Matchweek 33,Thu,Home,D,1.0,1.0,Villarreal,58.0,,,,,,https://www.sofascore.com/real-oviedo-villarreal/ugbsbhb,Ended,Real Oviedo,for,0.8,1.39,1.0,2.0,0.0,1.0,1.0,1.0,7.0,0.0,9.0,11.0,543.0,409.0,474.0,336.0,20.0,20.0,11.0,8.0,1.0,1.0,1.0,1.0,0.0,0.0,2.0,3.0,3.0,1.0,8.0,3.0,10.0,5.0,5.0,2.0,0.0,1.0,27.0,12.0,15.0,23.0,10.0,2.0,52.0,48.0,9.0,11.0,46.0,37.0,8.0,12.0,16.0,8.0,11.0,9.0,16.0,36.0,0.0,0.0,0.0,1.0,5.0,11.0,87.3,82.2,0.053,0.199,0.267,0.429,0.2,-0.39,66.7,75.0
2026-04-23,16:30,77559,LaLiga 25/26,25/26,La Liga,Matchweek 33,Thu,Away,D,1.0,1.0,Real Oviedo,42.0,,,,,,https://www.sofascore.com/real-oviedo-villarreal/ugbsbhb,Ended,Villarreal,for,1.39,0.8,2.0,1.0,1.0,0.0,1.0,1.0,0.0,7.0,11.0,9.0,409.0,543.0,336.0,474.0,20.0,20.0,8.0,11.0,1.0,1.0,1.0,1.0,0.0,0.0,3.0,2.0,1.0,3.0,3.0,8.0,5.0,10.0,2.0,5.0,1.0,0.0,12.0,27.0,23.0,15.0,2.0,10.0,48.0,52.0,11.0,9.0,37.0,46.0,12.0,8.0,8.0,16.0,9.0,11.0,36.0,16.0,0.0,0.0,1.0,0.0,11.0,5.0,82.2,87.3,0.199,0.053,0.429,0.267,-0.39,0.2,75.0,66.7
2026-04-24,16:00,77559,LaLiga 25/26,25/26,La Liga,Matchweek 32,Fri,Home,D,1.0,1.0,Real Madrid,52.0,,,,,,https://www.sofascore.com/real-madrid-real-betis/qgbsEgb,Ended,Real Betis,for,1.08,1.19,0.0,2.0,0.0,1.0,0.0,1.0,7.0,6.0,10.0,8.0,573.0,536.0,515.0,463.0,16.0,11.0,8.0,10.0,1.0,3.0,1.0,2.0,0.0,0.0,7.0,3.0,5.0,2.0,10.0,2.0,12.0,10.0,7.0,2.0,1.0,1.0,28.0,36.0,19.0,16.0,3.0,2.0,42.0,58.0,7.0,8.0,29.0,33.0,2.0,9.0,5.0,13.0,17.0,5.0,17.0,16.0,0.0,2.0,0.0,0.0,3.0,13.0,89.9,86.4,0.057,0.099,0.211,0.667,-0.08,-0.19,87.5,75.0
2026-04-24,16:00,77559,LaLiga 25/26,25/26,La Liga,Matchweek 32,Fri,Away,D,1.0,1.0,Real Betis,48.0,,,,,,https://www.sofascore.com/real-madrid-real-betis/qgbsEgb,Ended,Real Madrid,for,1.19,1.08,2.0,0.0,1.0,0.0,1.0,0.0,6.0,7.0,8.0,10.0,536.0,573.0,463.0,515.0,11.0,16.0,10.0,8.0,3.0,1.0,2.0,1.0,0.0,0.0,3.0,7.0,2.0,5.0,2.0,10.0,10.0,12.0,2.0,7.0,1.0,1.0,36.0,28.0,16.0,19.0,2.0,3.0,58.0,42.0,8.0,7.0,33.0,29.0,9.0,2.0,13.0,5.0,5.0,17.0,16.0,17.0,2.0,0.0,0.0,0.0,13.0,3.0,86.4,89.9,0.099,0.057,0.667,0.211,-0.19,-0.08,75.0,87.5
2026-04-25,09:00,77559,LaLiga 25/26,25/26,La Liga,Matchweek 32,Sat,Home,W,2.0,1.0,Mallorca,50.0,,,,,,https://www.sofascore.com/deportivo-alaves-mallorca/BgbsKhb,Ended,Deportivo Alavés,for,1.22,0.22,1.0,0.0,1.0,0.0,0.0,0.0,9.0,4.0,15.0,14.0,400.0,416.0,340.0,344.0,17.0,17.0,14.0,15.0,1.0,0.0,2.0,1.0,0.0,0.0,1.0,2.0,7.0,2.0,4.0,0.0,8.0,2.0,7.0,2.0,0.0,0.0,16.0,15.0,21.0,30.0,7.0,4.0,51.0,49.0,14.0,10.0,36.0,38.0,18.0,14.0,5.0,6.0,5.0,9.0,24.0,30.0,0.0,0.0,3.0,2.0,4.0,5.0,85.0,82.7,0.081,0.055,0.267,0.5,0.78,0.78,50.0,50.0
2026-04-25,09:00,77559,LaLiga 25/26,25/26,La Liga,Matchweek 32,Sat,Away,L,1.0,2.0,Deportivo Alavés,50.0,,,,,,https://www.sofascore.com/deportivo-alaves-mallorca/BgbsKhb,Ended,Mallorca,for,0.22,1.22,0.0,1.0,0.0,1.0,0.0,0.0,4.0,9.0,14.0,15.0,416.0,400.0,344.0,340.0,17.0,17.0,15.0,14.0,0.0,1.0,1.0,2.0,0.0,0.0,2.0,1.0,2.0,7.0,0.0,4.0,2.0,8.0,2.0,7.0,0.0,0.0,15.0,16.0,30.0,21.0,4.0,7.0,49.0,51.0,10.0,14.0,38.0,36.0,14.0,18.0,6.0,5.0,9.0,5.0,30.0,24.0,0.0,0.0,2.0,3.0,5.0,4.0,82.7,85.0,0.055,0.081,0.5,0.267,0.78,0.78,50.0,50.0
2026-04-25,11:15,77559,LaLiga 25/26,25/26,La Liga,Matchweek 32,Sat,Home,L,0.0,2.0,FC Barcelona,25.0,,,,,,https://www.sofascore.com/getafe-barcelona/rgbsjhb,Ended,Getafe,for,0.63,1.88,1.0,4.0,0.0,2.0,1.0,2.0,6.0,3.0,15.0,8.0,190.0,616.0,113.0,553.0,11.0,16.0,8.0,15.0,7.0,4.0,2.0,2.0,0.0,0.0,2.0,0.0,2.0,3.0,2.0,6.0,3.0,11.0,1.0,2.0,0.0,3.0,10.0,19.0,16.0,24.0,1.0,7.0,33.0,67.0,12.0,7.0,21.0,40.0,9.0,21.0,2.0,11.0,13.0,3.0,12.0,36.0,0.0,0.0,0.0,2.0,8.0,9.0,59.5,89.8,0.158,0.145,0.0,0.308,-0.63,0.12,50.0,
2026-04-25,11:15,77559,LaLiga 25/26,25/26,La Liga,Matchweek 32,Sat,Away,W,2.0,0.0,Getafe,75.0,,,,,,https://www.sofascore.com/getafe-barcelona/rgbsjhb,Ended,FC Barcelona,for,1.88,0.63,4.0,1.0,2.0,0.0,2.0,1.0,3.0,6.0,8.0,15.0,616.0,190.0,553.0,113.0,16.0,11.0,15.0,8.0,4.0,7.0,2.0,2.0,0.0,0.0,0.0,2.0,3.0,2.0,6.0,2.0,11.0,3.0,2.0,1.0,3.0,0.0,19.0,10.0,24.0,16.0,7.0,1.0,67.0,33.0,7.0,12.0,40.0,21.0,21.0,9.0,11.0,2.0,3.0,13.0,36.0,12.0,0.0,0.0,2.0,0.0,9.0,8.0,89.8,59.5,0.145,0.158,0.308,0.0,0.12,-0.63,,50.0
2026-04-25,13:30,77559,LaLiga 25/26,25/26,La Liga,Matchweek 32,Sat,Home,W,2.0,1.0,Girona FC,37.0,,,,,,https://www.sofascore.com/girona-fc-valencia/DgbsoKj,Ended,Valencia,for,1.4,1.56,4.0,2.0,1.0,1.0,3.0,1.0,4.0,4.0,22.0,8.0,320.0,561.0,254.0,482.0,20.0,24.0,8.0,22.0,4.0,3.0,2.0,2.0,0.0,0.0,2.0,1.0,5.0,1.0,4.0,2.0,9.0,5.0,3.0,2.0,0.0,0.0,25.0,13.0,23.0,28.0,7.0,6.0,41.0,59.0,18.0,9.0,36.0,57.0,10.0,8.0,9.0,11.0,8.0,12.0,26.0,15.0,0.0,2.0,0.0,0.0,2.0,6.0,79.4,85.9,0.117,0.223,0.25,0.571,0.6,-0.56,50.0,33.3
2026-04-25,13:30,77559,LaLiga 25/26,25/26,La Liga,Matchweek 32,Sat,Away,L,1.0,2.0,Valencia,63.0,,,,,,https://www.sofascore.com/girona-fc-valencia/DgbsoKj,Ended,Girona FC,for,1.56,1.4,2.0,4.0,1.0,1.0,1.0,3.0,4.0,4.0,8.0,22.0,561.0,320.0,482.0,254.0,24.0,20.0,22.0,8.0,3.0,4.0,2.0,2.0,0.0,0.0,1.0,2.0,1.0,5.0,2.0,4.0,5.0,9.0,2.0,3.0,0.0,0.0,13.0,25.0,28.0,23.0,6.0,7.0,59.0,41.0,9.0,18.0,57.0,36.0,8.0,10.0,11.0,9.0,12.0,8.0,15.0,26.0,2.0,0.0,0.0,0.0,6.0,2.0,85.9,79.4,0.223,0.117,0.571,0.25,-0.56,0.6,33.3,50.0
2026-04-25,16:00,77559,LaLiga 25/26,25/26,La Liga,Matchweek 32,Sat,Home,W,3.0,2.0,Athletic Club,54.0,,,,,,https://www.sofascore.com/atletico-madrid-athletic-club/AgbsLgb,Ended,Atlético Madrid,for,2.09,0.8,6.0,3.0,3.0,2.0,3.0,1.0,3.0,4.0,8.0,12.0,555.0,461.0,473.0,380.0,23.0,18.0,12.0,8.0,2.0,1.0,0.0,0.0,0.0,0.0,2.0,2.0,0.0,2.0,2.0,6.0,6.0,8.0,0.0,4.0,1.0,1.0,19.0,22.0,32.0,17.0,4.0,6.0,57.0,43.0,13.0,8.0,39.0,35.0,21.0,11.0,4.0,10.0,17.0,8.0,37.0,19.0,0.0,0.0,1.0,0.0,7.0,7.0,85.2,82.4,0.348,0.067,0.667,0.333,0.91,1.2,50.0,50.0
2026-04-25,16:00,77559,LaLiga 25/26,25/26,La Liga,Matchweek 32,Sat,Away,L,2.0,3.0,Atlético Madrid,46.0,,,,,,https://www.sofascore.com/atletico-madrid-athletic-club/AgbsLgb,Ended,Athletic Club,for,0.8,2.09,3.0,6.0,2.0,3.0,1.0,3.0,4.0,3.0,12.0,8.0,461.0,555.0,380.0,473.0,18.0,23.0,8.0,12.0,1.0,2.0,0.0,0.0,0.0,0.0,2.0,2.0,2.0,0.0,6.0,2.0,8.0,6.0,4.0,0.0,1.0,1.0,22.0,19.0,17.0,32.0,6.0,4.0,43.0,57.0,8.0,13.0,35.0,39.0,11.0,21.0,10.0,4.0,8.0,17.0,19.0,37.0,0.0,0.0,0.0,1.0,7.0,7.0,82.4,85.2,0.067,0.348,0.333,0.667,1.2,0.91,50.0,50.0
2026-04-26,09:00,77559,LaLiga 25/26,25/26,La Liga,Matchweek 32,Sun,Home,D,3.0,3.0,Real Sociedad,58.0,,,,,,https://www.sofascore.com/real-sociedad-rayo-vallecano/tgbszgb,Ended,Rayo Vallecano,for,2.38,2.23,5.0,4.0,3.0,2.0,2.0,2.0,6.0,4.0,14.0,12.0,412.0,300.0,352.0,227.0,13.0,19.0,12.0,13.0,0.0,2.0,6.0,4.0,1.0,0.0,5.0,6.0,7.0,2.0,8.0,3.0,13.0,10.0,11.0,3.0,1.0,0.0,23.0,35.0,29.0,23.0,7.0,4.0,45.0,55.0,8.0,8.0,32.0,46.0,9.0,5.0,9.0,14.0,17.0,3.0,28.0,30.0,0.0,0.0,0.0,1.0,6.0,12.0,85.4,75.7,0.099,0.172,0.375,0.615,0.62,0.77,62.5,66.7
2026-04-26,09:00,77559,LaLiga 25/26,25/26,La Liga,Matchweek 32,Sun,Away,D,3.0,3.0,Rayo Vallecano,42.0,,,,,,https://www.sofascore.com/real-sociedad-rayo-vallecano/tgbszgb,Ended,Real Sociedad,for,2.23,2.38,4.0,5.0,2.0,3.0,2.0,2.0,4.0,6.0,12.0,14.0,300.0,412.0,227.0,352.0,19.0,13.0,13.0,12.0,2.0,0.0,4.0,6.0,0.0,1.0,6.0,5.0,2.0,7.0,3.0,8.0,10.0,13.0,3.0,11.0,0.0,1.0,35.0,23.0,23.0,29.0,4.0,7.0,55.0,45.0,8.0,8.0,46.0,32.0,5.0,9.0,14.0,9.0,3.0,17.0,30.0,28.0,0.0,0.0,1.0,0.0,12.0,6.0,75.7,85.4,0.172,0.099,0.615,0.375,0.77,0.62,66.7,62.5
2026-04-26,11:15,77559,LaLiga 25/26,25/26,La Liga,Matchweek 32,Sun,Home,L,1.0,2.0,Elche,60.0,,,,,,https://www.sofascore.com/real-oviedo-elche/Wgbsbhb,Ended,Real Oviedo,for,0.99,0.4,1.0,1.0,1.0,0.0,0.0,1.0,6.0,1.0,21.0,14.0,442.0,304.0,373.0,237.0,19.0,22.0,14.0,21.0,1.0,1.0,2.0,0.0,0.0,1.0,2.0,2.0,4.0,0.0,5.0,0.0,7.0,3.0,5.0,1.0,0.0,0.0,19.0,7.0,39.0,26.0,10.0,2.0,44.0,56.0,12.0,7.0,38.0,44.0,14.0,23.0,5.0,5.0,6.0,11.0,14.0,39.0,1.0,0.0,0.0,4.0,2.0,9.0,84.4,78.0,0.083,0.1,0.25,1.0,0.01,1.6,50.0,66.7
2026-04-26,11:15,77559,LaLiga 25/26,25/26,La Liga,Matchweek 32,Sun,Away,W,2.0,1.0,Real Oviedo,40.0,,,,,,https://www.sofascore.com/real-oviedo-elche/Wgbsbhb,Ended,Elche,for,0.4,0.99,1.0,1.0,0.0,1.0,1.0,0.0,1.0,6.0,14.0,21.0,304.0,442.0,237.0,373.0,22.0,19.0,21.0,14.0,1.0,1.0,0.0,2.0,1.0,0.0,2.0,2.0,0.0,4.0,0.0,5.0,3.0,7.0,1.0,5.0,0.0,0.0,7.0,19.0,26.0,39.0,2.0,10.0,56.0,44.0,7.0,12.0,44.0,38.0,23.0,14.0,5.0,5.0,11.0,6.0,39.0,14.0,0.0,1.0,4.0,0.0,9.0,2.0,78.0,84.4,0.1,0.083,1.0,0.25,1.6,0.01,66.7,50.0
2026-04-26,13:30,77559,LaLiga 25/26,25/26,La Liga,Matchweek 32,Sun,Home,W,2.0,1.0,Sevilla,61.0,,,,,,https://www.sofascore.com/sevilla-osasuna/vgbsIgb,Ended,Osasuna,for,1.43,0.4,4.0,1.0,1.0,1.0,3.0,0.0,4.0,4.0,11.0,13.0,484.0,310.0,403.0,218.0,14.0,17.0,13.0,11.0,0.0,2.0,2.0,2.0,0.0,0.0,1.0,5.0,2.0,1.0,6.0,5.0,11.0,2.0,4.0,6.0,1.0,0.0,24.0,9.0,19.0,16.0,8.0,2.0,53.0,47.0,9.0,3.0,36.0,31.0,23.0,22.0,10.0,4.0,2.0,6.0,32.0,32.0,0.0,0.0,1.0,0.0,6.0,10.0,83.3,70.3,0.095,0.05,0.467,0.25,0.57,0.6,50.0,71.4
2026-04-26,13:30,77559,LaLiga 25/26,25/26,La Liga,Matchweek 32,Sun,Away,L,1.0,2.0,Osasuna,39.0,,,,,,https://www.sofascore.com/sevilla-osasuna/vgbsIgb,Ended,Sevilla,for,0.4,1.43,1.0,4.0,1.0,1.0,0.0,3.0,4.0,4.0,13.0,11.0,310.0,484.0,218.0,403.0,17.0,14.0,11.0,13.0,2.0,0.0,2.0,2.0,0.0,0.0,5.0,1.0,1.0,2.0,5.0,6.0,2.0,11.0,6.0,4.0,0.0,1.0,9.0,24.0,16.0,19.0,2.0,8.0,47.0,53.0,3.0,9.0,31.0,36.0,22.0,23.0,4.0,10.0,6.0,2.0,32.0,32.0,0.0,0.0,0.0,1.0,10.0,6.0,70.3,83.3,0.05,0.095,0.25,0.467,0.6,0.57,71.4,50.0
2026-04-26,16:00,77559,LaLiga 25/26,25/26,La Liga,Matchweek 32,Sun,Home,W,2.0,1.0,Celta Vigo,47.0,,,,,,https://www.sofascore.com/celta-vigo-villarreal/ugbswgb,Ended,Villarreal,for,1.89,1.98,2.0,5.0,1.0,1.0,1.0,4.0,7.0,5.0,13.0,16.0,488.0,542.0,442.0,484.0,12.0,12.0,15.0,12.0,1.0,2.0,3.0,6.0,0.0,0.0,2.0,2.0,4.0,2.0,5.0,4.0,8.0,8.0,5.0,1.0,0.0,1.0,31.0,27.0,34.0,30.0,2.0,5.0,57.0,43.0,4.0,5.0,37.0,28.0,4.0,3.0,9.0,5.0,9.0,6.0,19.0,14.0,0.0,0.0,1.0,0.0,9.0,3.0,90.6,89.3,0.145,0.22,0.308,0.333,0.11,-0.98,66.7,50.0
2026-04-26,16:00,77559,LaLiga 25/26,25/26,La Liga,Matchweek 32,Sun,Away,L,1.0,2.0,Villarreal,53.0,,,,,,https://www.sofascore.com/celta-vigo-villarreal/ugbswgb,Ended,Celta Vigo,for,1.98,1.89,5.0,2.0,1.0,1.0,4.0,1.0,5.0,7.0,16.0,13.0,542.0,488.0,484.0,442.0,12.0,12.0,12.0,15.0,2.0,1.0,6.0,3.0,0.0,0.0,2.0,2.0,2.0,4.0,4.0,5.0,8.0,8.0,1.0,5.0,1.0,0.0,27.0,31.0,30.0,34.0,5.0,2.0,43.0,57.0,5.0,4.0,28.0,37.0,3.0,4.0,5.0,9.0,6.0,9.0,14.0,19.0,0.0,0.0,0.0,1.0,3.0,9.0,89.3,90.6,0.22,0.145,0.333,0.308,-0.98,0.11,50.0,66.7
2026-04-27,16:00,77559,LaLiga 25/26,25/26,La Liga,Matchweek 32,Mon,Home,D,0.0,0.0,Levante UD,50.0,,,,,,https://www.sofascore.com/levante-ud-espanyol/ogbsZgb,Ended,Espanyol,for,0.72,1.12,2.0,2.0,0.0,0.0,2.0,2.0,4.0,4.0,12.0,15.0,369.0,363.0,296.0,283.0,15.0,17.0,15.0,12.0,6.0,1.0,3.0,3.0,1.0,0.0,4.0,3.0,1.0,3.0,5.0,1.0,6.0,5.0,3.0,3.0,2.0,1.0,17.0,13.0,27.0,20.0,3.0,2.0,50.0,50.0,10.0,8.0,36.0,34.0,21.0,23.0,7.0,5.0,8.0,6.0,24.0,28.0,0.0,0.0,3.0,2.0,9.0,11.0,80.2,78.0,0.08,0.14,0.333,0.5,-0.72,-1.12,100.0,100.0
2026-04-27,16:00,77559,LaLiga 25/26,25/26,La Liga,Matchweek 32,Mon,Away,D,0.0,0.0,Espanyol,50.0,,,,,,https://www.sofascore.com/levante-ud-espanyol/ogbsZgb,Ended,Levante UD,for,1.12,0.72,2.0,2.0,0.0,0.0,2.0,2.0,4.0,4.0,15.0,12.0,363.0,369.0,283.0,296.0,17.0,15.0,12.0,15.0,1.0,6.0,3.0,3.0,0.0,1.0,3.0,4.0,3.0,1.0,1.0,5.0,5.0,6.0,3.0,3.0,1.0,2.0,13.0,17.0,20.0,27.0,2.0,3.0,50.0,50.0,8.0,10.0,34.0,36.0,23.0,21.0,5.0,7.0,6.0,8.0,28.0,24.0,0.0,0.0,2.0,3.0,11.0,9.0,78.0,80.2,0.14,0.08,0.5,0.333,-1.12,-0.72,100.0,100.0
2026-05-01,16:00,77559,LaLiga 25/26,25/26,La Liga,Matchweek 34,Fri,Home,L,0.0,1.0,Mallorca,59.0,,,,,,https://www.sofascore.com/girona-fc-mallorca/BgbsoKj,Ended,Girona FC,for,1.72,1.09,6.0,2.0,0.0,1.0,6.0,1.0,5.0,2.0,8.0,25.0,509.0,363.0,432.0,297.0,12.0,20.0,25.0,8.0,1.0,0.0,4.0,2.0,0.0,0.0,3.0,4.0,2.0,1.0,8.0,3.0,11.0,7.0,3.0,2.0,1.0,0.0,30.0,25.0,28.0,24.0,8.0,4.0,53.0,47.0,8.0,5.0,43.0,36.0,15.0,15.0,6.0,9.0,7.0,7.0,19.0,43.0,0.0,1.0,1.0,0.0,7.0,13.0,84.9,81.8,0.123,0.121,0.286,0.556,-1.72,-0.09,60.0,100.0
2026-05-01,16:00,77559,LaLiga 25/26,25/26,La Liga,Matchweek 34,Fri,Away,W,1.0,0.0,Girona FC,41.0,,,,,,https://www.sofascore.com/girona-fc-mallorca/BgbsoKj,Ended,Mallorca,for,1.09,1.72,2.0,6.0,1.0,0.0,1.0,6.0,2.0,5.0,25.0,8.0,363.0,509.0,297.0,432.0,20.0,12.0,8.0,25.0,0.0,1.0,2.0,4.0,0.0,0.0,4.0,3.0,1.0,2.0,3.0,8.0,7.0,11.0,2.0,3.0,0.0,1.0,25.0,30.0,24.0,28.0,4.0,8.0,47.0,53.0,5.0,8.0,36.0,43.0,15.0,15.0,9.0,6.0,7.0,7.0,43.0,19.0,1.0,0.0,0.0,1.0,13.0,7.0,81.8,84.9,0.121,0.123,0.556,0.286,-0.09,-1.72,100.0,60.0
2026-05-02,09:00,77559,LaLiga 25/26,25/26,La Liga,Matchweek 34,Sat,Home,W,5.0,1.0,Levante UD,53.0,,,,,,https://www.sofascore.com/levante-ud-villarreal/ugbsZgb,Ended,Villarreal,for,2.36,0.76,4.0,1.0,2.0,1.0,2.0,0.0,7.0,3.0,14.0,7.0,536.0,479.0,475.0,415.0,16.0,11.0,7.0,14.0,3.0,0.0,3.0,1.0,0.0,0.0,2.0,3.0,4.0,4.0,8.0,5.0,15.0,7.0,5.0,5.0,1.0,0.0,33.0,18.0,21.0,24.0,6.0,5.0,48.0,52.0,4.0,9.0,30.0,32.0,4.0,5.0,7.0,7.0,7.0,7.0,17.0,30.0,0.0,1.0,0.0,0.0,7.0,10.0,88.6,86.6,0.118,0.063,0.4,0.25,2.64,0.24,66.7,37.5
2026-05-02,09:00,77559,LaLiga 25/26,25/26,La Liga,Matchweek 34,Sat,Away,L,1.0,5.0,Villarreal,47.0,,,,,,https://www.sofascore.com/levante-ud-villarreal/ugbsZgb,Ended,Levante UD,for,0.76,2.36,1.0,4.0,1.0,2.0,0.0,2.0,3.0,7.0,7.0,14.0,479.0,536.0,415.0,475.0,11.0,16.0,14.0,7.0,0.0,3.0,1.0,3.0,0.0,0.0,3.0,2.0,4.0,4.0,5.0,8.0,7.0,15.0,5.0,5.0,0.0,1.0,18.0,33.0,24.0,21.0,5.0,6.0,52.0,48.0,9.0,4.0,32.0,30.0,5.0,4.0,7.0,7.0,7.0,7.0,30.0,17.0,1.0,0.0,0.0,0.0,10.0,7.0,86.6,88.6,0.063,0.118,0.25,0.4,0.24,2.64,37.5,66.7
2026-05-02,11:15,77559,LaLiga 25/26,25/26,La Liga,Matchweek 34,Sat,Home,L,0.0,2.0,Atlético Madrid,53.0,,,,,,https://www.sofascore.com/atletico-madrid-valencia/DgbsLgb,Ended,Valencia,for,1.09,2.04,1.0,3.0,0.0,1.0,1.0,2.0,1.0,7.0,9.0,12.0,469.0,425.0,392.0,353.0,18.0,20.0,12.0,9.0,4.0,4.0,1.0,3.0,0.0,0.0,3.0,0.0,5.0,4.0,7.0,11.0,8.0,12.0,4.0,8.0,0.0,3.0,22.0,26.0,25.0,21.0,4.0,6.0,48.0,52.0,11.0,5.0,37.0,40.0,11.0,13.0,8.0,14.0,10.0,16.0,15.0,17.0,2.0,0.0,1.0,0.0,8.0,12.0,83.6,83.1,0.091,0.102,0.0,0.25,-1.09,-0.04,60.0,
2026-05-02,11:15,77559,LaLiga 25/26,25/26,La Liga,Matchweek 34,Sat,Away,W,2.0,0.0,Valencia,47.0,,,,,,https://www.sofascore.com/atletico-madrid-valencia/DgbsLgb,Ended,Atlético Madrid,for,2.04,1.09,3.0,1.0,1.0,0.0,2.0,1.0,7.0,1.0,12.0,9.0,425.0,469.0,353.0,392.0,20.0,18.0,9.0,12.0,4.0,4.0,3.0,1.0,0.0,0.0,0.0,3.0,4.0,5.0,11.0,7.0,12.0,8.0,8.0,4.0,3.0,0.0,26.0,22.0,21.0,25.0,6.0,4.0,52.0,48.0,5.0,11.0,40.0,37.0,13.0,11.0,14.0,8.0,16.0,10.0,17.0,15.0,0.0,2.0,0.0,1.0,12.0,8.0,83.1,83.6,0.102,0.091,0.25,0.0,-0.04,-1.09,,60.0
2026-05-02,13:30,77559,LaLiga 25/26,25/26,La Liga,Matchweek 34,Sat,Home,L,2.0,4.0,Athletic Club,50.0,,,,,,https://www.sofascore.com/deportivo-alaves-athletic-club/AgbsKhb,Ended,Deportivo Alavés,for,0.49,0.97,1.0,1.0,0.0,1.0,1.0,0.0,4.0,7.0,8.0,13.0,402.0,404.0,314.0,330.0,15.0,25.0,13.0,8.0,4.0,0.0,4.0,3.0,0.0,0.0,0.0,2.0,2.0,1.0,1.0,4.0,4.0,6.0,3.0,3.0,1.0,0.0,25.0,19.0,28.0,31.0,5.0,4.0,45.0,55.0,13.0,9.0,32.0,41.0,16.0,18.0,5.0,8.0,9.0,9.0,20.0,16.0,0.0,0.0,2.0,1.0,9.0,3.0,78.1,81.7,0.07,0.108,0.571,0.444,1.51,3.03,0.0,50.0
2026-05-02,13:30,77559,LaLiga 25/26,25/26,La Liga,Matchweek 34,Sat,Away,W,4.0,2.0,Deportivo Alavés,50.0,,,,,,https://www.sofascore.com/deportivo-alaves-athletic-club/AgbsKhb,Ended,Athletic Club,for,0.97,0.49,1.0,1.0,1.0,0.0,0.0,1.0,7.0,4.0,13.0,8.0,404.0,402.0,330.0,314.0,25.0,15.0,8.0,13.0,0.0,4.0,3.0,4.0,0.0,0.0,2.0,0.0,1.0,2.0,4.0,1.0,6.0,4.0,3.0,3.0,0.0,1.0,19.0,25.0,31.0,28.0,4.0,5.0,55.0,45.0,9.0,13.0,41.0,32.0,18.0,16.0,8.0,5.0,9.0,9.0,16.0,20.0,0.0,0.0,1.0,2.0,3.0,9.0,81.7,78.1,0.108,0.07,0.444,0.571,3.03,1.51,50.0,0.0
2026-05-02,16:00,77559,LaLiga 25/26,25/26,La Liga,Matchweek 34,Sat,Home,L,1.0,2.0,FC Barcelona,30.0,,,,,,https://www.sofascore.com/osasuna-barcelona/rgbsvgb,Ended,Osasuna,for,0.8,1.29,4.0,3.0,1.0,2.0,3.0,1.0,3.0,7.0,9.0,10.0,272.0,661.0,189.0,593.0,15.0,22.0,10.0,9.0,4.0,2.0,2.0,2.0,0.0,0.0,2.0,3.0,1.0,3.0,4.0,6.0,6.0,9.0,3.0,4.0,0.0,3.0,23.0,30.0,24.0,16.0,6.0,4.0,49.0,51.0,14.0,9.0,34.0,35.0,13.0,13.0,10.0,6.0,12.0,7.0,28.0,31.0,0.0,1.0,1.0,1.0,14.0,2.0,69.5,89.7,0.089,0.099,0.444,0.308,0.2,0.71,50.0,75.0
2026-05-02,16:00,77559,LaLiga 25/26,25/26,La Liga,Matchweek 34,Sat,Away,W,2.0,1.0,Osasuna,70.0,,,,,,https://www.sofascore.com/osasuna-barcelona/rgbsvgb,Ended,FC Barcelona,for,1.29,0.8,3.0,4.0,2.0,1.0,1.0,3.0,7.0,3.0,10.0,9.0,661.0,272.0,593.0,189.0,22.0,15.0,9.0,10.0,2.0,4.0,2.0,2.0,0.0,0.0,3.0,2.0,3.0,1.0,6.0,4.0,9.0,6.0,4.0,3.0,3.0,0.0,30.0,23.0,16.0,24.0,4.0,6.0,51.0,49.0,9.0,14.0,35.0,34.0,13.0,13.0,6.0,10.0,7.0,12.0,31.0,28.0,1.0,0.0,1.0,1.0,2.0,14.0,89.7,69.5,0.099,0.089,0.308,0.444,0.71,0.2,75.0,50.0
2026-05-03,09:00,77559,LaLiga 25/26,25/26,La Liga,Matchweek 34,Sun,Home,W,3.0,1.0,Elche,33.0,,,,,,https://www.sofascore.com/elche-celta-vigo/wgbsWgb,Ended,Celta Vigo,for,1.05,1.71,3.0,3.0,2.0,1.0,1.0,2.0,4.0,2.0,14.0,15.0,306.0,594.0,230.0,534.0,22.0,13.0,15.0,13.0,0.0,1.0,2.0,1.0,0.0,0.0,3.0,1.0,1.0,3.0,1.0,8.0,5.0,11.0,1.0,4.0,2.0,1.0,14.0,18.0,25.0,21.0,2.0,10.0,49.0,51.0,6.0,11.0,41.0,34.0,7.0,16.0,5.0,8.0,9.0,5.0,15.0,18.0,1.0,0.0,0.0,1.0,11.0,4.0,75.2,89.9,0.175,0.114,0.667,0.267,1.95,-0.71,75.0,25.0
2026-05-03,09:00,77559,LaLiga 25/26,25/26,La Liga,Matchweek 34,Sun,Away,L,1.0,3.0,Celta Vigo,67.0,,,,,,https://www.sofascore.com/elche-celta-vigo/wgbsWgb,Ended,Elche,for,1.71,1.05,3.0,3.0,1.0,2.0,2.0,1.0,2.0,4.0,15.0,14.0,594.0,306.0,534.0,230.0,13.0,22.0,13.0,15.0,1.0,0.0,1.0,2.0,0.0,0.0,1.0,3.0,3.0,1.0,8.0,1.0,11.0,5.0,4.0,1.0,1.0,2.0,18.0,14.0,21.0,25.0,10.0,2.0,51.0,49.0,11.0,6.0,34.0,41.0,16.0,7.0,8.0,5.0,5.0,9.0,18.0,15.0,0.0,1.0,1.0,0.0,4.0,11.0,89.9,75.2,0.114,0.175,0.267,0.667,-0.71,1.95,25.0,75.0
2026-05-03,11:15,77559,LaLiga 25/26,25/26,La Liga,Matchweek 34,Sun,Home,L,0.0,2.0,Rayo Vallecano,56.0,,,,,,https://www.sofascore.com/getafe-rayo-vallecano/tgbsjhb,Ended,Getafe,for,1.49,0.98,1.0,1.0,0.0,0.0,1.0,1.0,4.0,1.0,7.0,22.0,292.0,245.0,191.0,161.0,17.0,24.0,21.0,7.0,1.0,2.0,3.0,5.0,0.0,0.0,4.0,3.0,2.0,1.0,8.0,3.0,11.0,6.0,2.0,4.0,0.0,0.0,28.0,13.0,17.0,22.0,9.0,0.0,49.0,51.0,14.0,9.0,44.0,44.0,14.0,17.0,9.0,13.0,4.0,11.0,21.0,50.0,0.0,0.0,0.0,2.0,5.0,15.0,65.4,65.7,0.115,0.098,0.231,0.6,-1.49,1.02,66.7,100.0
2026-05-03,11:15,77559,LaLiga 25/26,25/26,La Liga,Matchweek 34,Sun,Away,W,2.0,0.0,Getafe,44.0,,,,,,https://www.sofascore.com/getafe-rayo-vallecano/tgbsjhb,Ended,Rayo Vallecano,for,0.98,1.49,1.0,1.0,0.0,0.0,1.0,1.0,1.0,4.0,22.0,7.0,245.0,292.0,161.0,191.0,24.0,17.0,7.0,21.0,2.0,1.0,5.0,3.0,0.0,0.0,3.0,4.0,1.0,2.0,3.0,8.0,6.0,11.0,4.0,2.0,0.0,0.0,13.0,28.0,22.0,17.0,0.0,9.0,51.0,49.0,9.0,14.0,44.0,44.0,17.0,14.0,13.0,9.0,11.0,4.0,50.0,21.0,0.0,0.0,2.0,0.0,15.0,5.0,65.7,65.4,0.098,0.115,0.6,0.231,1.02,-1.49,100.0,66.7
2026-05-03,13:30,77559,LaLiga 25/26,25/26,La Liga,Matchweek 34,Sun,Home,W,3.0,0.0,Real Oviedo,55.0,,,,,,https://www.sofascore.com/real-oviedo-real-betis/qgbsbhb,Ended,Real Betis,for,1.53,1.59,3.0,1.0,3.0,1.0,0.0,1.0,5.0,4.0,9.0,4.0,507.0,415.0,428.0,375.0,26.0,11.0,4.0,9.0,0.0,3.0,0.0,0.0,0.0,0.0,5.0,2.0,4.0,4.0,1.0,8.0,5.0,10.0,5.0,7.0,0.0,1.0,29.0,19.0,23.0,16.0,2.0,3.0,57.0,43.0,8.0,8.0,43.0,32.0,6.0,5.0,13.0,12.0,4.0,10.0,20.0,18.0,1.0,0.0,2.0,0.0,8.0,3.0,84.4,90.4,0.153,0.094,0.5,0.294,1.47,-1.59,100.0,40.0
2026-05-03,13:30,77559,LaLiga 25/26,25/26,La Liga,Matchweek 34,Sun,Away,L,0.0,3.0,Real Betis,45.0,,,,,,https://www.sofascore.com/real-oviedo-real-betis/qgbsbhb,Ended,Real Oviedo,for,1.59,1.53,1.0,3.0,1.0,3.0,1.0,0.0,4.0,5.0,4.0,9.0,415.0,507.0,375.0,428.0,11.0,26.0,9.0,4.0,3.0,0.0,0.0,0.0,0.0,0.0,2.0,5.0,4.0,4.0,8.0,1.0,10.0,5.0,7.0,5.0,1.0,0.0,19.0,29.0,16.0,23.0,3.0,2.0,43.0,57.0,8.0,8.0,32.0,43.0,5.0,6.0,12.0,13.0,10.0,4.0,18.0,20.0,0.0,1.0,0.0,2.0,3.0,8.0,90.4,84.4,0.094,0.153,0.294,0.5,-1.59,1.47,40.0,100.0
2026-05-03,16:00,77559,LaLiga 25/26,25/26,La Liga,Matchweek 34,Sun,Home,L,0.0,2.0,Real Madrid,33.0,,,,,,https://www.sofascore.com/real-madrid-espanyol/ogbsEgb,Ended,Espanyol,for,1.21,2.1,1.0,2.0,0.0,1.0,1.0,1.0,5.0,6.0,19.0,16.0,305.0,634.0,244.0,578.0,11.0,12.0,16.0,19.0,1.0,2.0,3.0,4.0,0.0,0.0,3.0,3.0,6.0,6.0,8.0,5.0,10.0,12.0,7.0,4.0,0.0,0.0,21.0,32.0,12.0,52.0,8.0,3.0,49.0,51.0,6.0,5.0,33.0,37.0,11.0,8.0,9.0,8.0,11.0,10.0,26.0,27.0,1.0,1.0,2.0,2.0,3.0,12.0,80.0,91.2,0.071,0.131,0.176,0.312,-1.21,-0.1,60.0,100.0
2026-05-03,16:00,77559,LaLiga 25/26,25/26,La Liga,Matchweek 34,Sun,Away,W,2.0,0.0,Espanyol,67.0,,,,,,https://www.sofascore.com/real-madrid-espanyol/ogbsEgb,Ended,Real Madrid,for,2.1,1.21,2.0,1.0,1.0,0.0,1.0,1.0,6.0,5.0,16.0,19.0,634.0,305.0,578.0,244.0,12.0,11.0,19.0,16.0,2.0,1.0,4.0,3.0,0.0,0.0,3.0,3.0,6.0,6.0,5.0,8.0,12.0,10.0,4.0,7.0,0.0,0.0,32.0,21.0,52.0,12.0,3.0,8.0,51.0,49.0,5.0,6.0,37.0,33.0,8.0,11.0,8.0,9.0,10.0,11.0,27.0,26.0,1.0,1.0,2.0,2.0,12.0,3.0,91.2,80.0,0.131,0.071,0.312,0.176,-0.1,-1.21,100.0,60.0
2026-05-04,16:00,77559,LaLiga 25/26,25/26,La Liga,Matchweek 34,Mon,Home,W,1.0,0.0,Real Sociedad,42.0,,,,,,https://www.sofascore.com/sevilla-real-sociedad/zgbsIgb,Ended,Sevilla,for,1.82,0.16,1.0,1.0,0.0,0.0,1.0,1.0,3.0,3.0,19.0,11.0,344.0,479.0,274.0,405.0,27.0,13.0,11.0,19.0,3.0,0.0,2.0,1.0,0.0,0.0,0.0,4.0,6.0,5.0,8.0,1.0,9.0,2.0,10.0,4.0,0.0,1.0,21.0,13.0,23.0,21.0,5.0,2.0,51.0,49.0,8.0,12.0,44.0,37.0,13.0,17.0,6.0,7.0,13.0,5.0,29.0,28.0,1.0,1.0,0.0,0.0,4.0,8.0,79.7,84.6,0.096,0.027,0.263,0.0,-0.82,-0.16,,80.0
2026-05-04,16:00,77559,LaLiga 25/26,25/26,La Liga,Matchweek 34,Mon,Away,L,0.0,1.0,Sevilla,58.0,,,,,,https://www.sofascore.com/sevilla-real-sociedad/zgbsIgb,Ended,Real Sociedad,for,0.16,1.82,1.0,1.0,0.0,0.0,1.0,1.0,3.0,3.0,11.0,19.0,479.0,344.0,405.0,274.0,13.0,27.0,19.0,11.0,0.0,3.0,1.0,2.0,0.0,0.0,4.0,0.0,5.0,6.0,1.0,8.0,2.0,9.0,4.0,10.0,1.0,0.0,13.0,21.0,21.0,23.0,2.0,5.0,49.0,51.0,12.0,8.0,37.0,44.0,17.0,13.0,7.0,6.0,5.0,13.0,28.0,29.0,1.0,1.0,0.0,0.0,8.0,4.0,84.6,79.7,0.027,0.096,0.0,0.263,-0.16,-0.82,80.0,
2026-05-08,16:00,77559,LaLiga 25/26,25/26,La Liga,Matchweek 35,Fri,Home,W,3.0,2.0,Osasuna,67.0,,,,,,https://www.sofascore.com/levante-ud-osasuna/vgbsZgb,Ended,Levante UD,for,3.22,0.63,5.0,1.0,2.0,1.0,3.0,0.0,15.0,1.0,11.0,13.0,512.0,267.0,447.0,196.0,7.0,13.0,13.0,11.0,1.0,0.0,2.0,0.0,0.0,1.0,2.0,9.0,8.0,0.0,15.0,2.0,21.0,2.0,14.0,3.0,0.0,0.0,56.0,7.0,19.0,30.0,18.0,1.0,51.0,49.0,3.0,6.0,20.0,30.0,17.0,6.0,2.0,6.0,6.0,6.0,19.0,52.0,0.0,1.0,1.0,1.0,4.0,17.0,87.3,73.4,0.092,0.126,0.343,0.6,-0.22,1.37,66.7,75.0
2026-05-08,16:00,77559,LaLiga 25/26,25/26,La Liga,Matchweek 35,Fri,Away,L,2.0,3.0,Levante UD,33.0,,,,,,https://www.sofascore.com/levante-ud-osasuna/vgbsZgb,Ended,Osasuna,for,0.63,3.22,1.0,5.0,1.0,2.0,0.0,3.0,1.0,15.0,13.0,11.0,267.0,512.0,196.0,447.0,13.0,7.0,11.0,13.0,0.0,1.0,0.0,2.0,1.0,0.0,9.0,2.0,0.0,8.0,2.0,15.0,2.0,21.0,3.0,14.0,0.0,0.0,7.0,56.0,30.0,19.0,1.0,18.0,49.0,51.0,6.0,3.0,30.0,20.0,6.0,17.0,6.0,2.0,6.0,6.0,52.0,19.0,1.0,0.0,1.0,1.0,17.0,4.0,73.4,87.3,0.126,0.092,0.6,0.343,1.37,-0.22,75.0,66.7
2026-05-09,09:00,77559,LaLiga 25/26,25/26,La Liga,Matchweek 35,Sat,Home,,,,Deportivo Alavés,,,,,,,https://www.sofascore.com/deportivo-alaves-elche/WgbsKhb,Not started,Elche,for,,,,,,,,,,,,,,,,,,,,,,,,,,,,,,,,,,,,,,,,,,,,,,,,,,,,,,,,,,,,,,,,,,,,,,,,,,
2026-05-09,09:00,77559,LaLiga 25/26,25/26,La Liga,Matchweek 35,Sat,Away,,,,Elche,,,,,,,https://www.sofascore.com/deportivo-alaves-elche/WgbsKhb,Not started,Deportivo Alavés,for,,,,,,,,,,,,,,,,,,,,,,,,,,,,,,,,,,,,,,,,,,,,,,,,,,,,,,,,,,,,,,,,,,,,,,,,,,
2026-05-09,11:15,77559,LaLiga 25/26,25/26,La Liga,Matchweek 35,Sat,Home,,,,Espanyol,,,,,,,https://www.sofascore.com/sevilla-espanyol/ogbsIgb,Not started,Sevilla,for,,,,,,,,,,,,,,,,,,,,,,,,,,,,,,,,,,,,,,,,,,,,,,,,,,,,,,,,,,,,,,,,,,,,,,,,,,
2026-05-09,11:15,77559,LaLiga 25/26,25/26,La Liga,Matchweek 35,Sat,Away,,,,Sevilla,,,,,,,https://www.sofascore.com/sevilla-espanyol/ogbsIgb,Not started,Espanyol,for,,,,,,,,,,,,,,,,,,,,,,,,,,,,,,,,,,,,,,,,,,,,,,,,,,,,,,,,,,,,,,,,,,,,,,,,,,
2026-05-09,13:30,77559,LaLiga 25/26,25/26,La Liga,Matchweek 35,Sat,Home,,,,Celta Vigo,,,,,,,https://www.sofascore.com/atletico-madrid-celta-vigo/wgbsLgb,Not started,Atlético Madrid,for,,,,,,,,,,,,,,,,,,,,,,,,,,,,,,,,,,,,,,,,,,,,,,,,,,,,,,,,,,,,,,,,,,,,,,,,,,
2026-05-09,13:30,77559,LaLiga 25/26,25/26,La Liga,Matchweek 35,Sat,Away,,,,Atlético Madrid,,,,,,,https://www.sofascore.com/atletico-madrid-celta-vigo/wgbsLgb,Not started,Celta Vigo,for,,,,,,,,,,,,,,,,,,,,,,,,,,,,,,,,,,,,,,,,,,,,,,,,,,,,,,,,,,,,,,,,,,,,,,,,,,
2026-05-09,16:00,77559,LaLiga 25/26,25/26,La Liga,Matchweek 35,Sat,Home,,,,Real Betis,,,,,,,https://www.sofascore.com/real-sociedad-real-betis/qgbszgb,Not started,Real Sociedad,for,,,,,,,,,,,,,,,,,,,,,,,,,,,,,,,,,,,,,,,,,,,,,,,,,,,,,,,,,,,,,,,,,,,,,,,,,,
2026-05-09,16:00,77559,LaLiga 25/26,25/26,La Liga,Matchweek 35,Sat,Away,,,,Real Sociedad,,,,,,,https://www.sofascore.com/real-sociedad-real-betis/qgbszgb,Not started,Real Betis,for,,,,,,,,,,,,,,,,,,,,,,,,,,,,,,,,,,,,,,,,,,,,,,,,,,,,,,,,,,,,,,,,,,,,,,,,,,
2026-05-10,09:00,77559,LaLiga 25/26,25/26,La Liga,Matchweek 35,Sun,Home,,,,Villarreal,,,,,,,https://www.sofascore.com/mallorca-villarreal/ugbsBgb,Not started,Mallorca,for,,,,,,,,,,,,,,,,,,,,,,,,,,,,,,,,,,,,,,,,,,,,,,,,,,,,,,,,,,,,,,,,,,,,,,,,,,
2026-05-10,09:00,77559,LaLiga 25/26,25/26,La Liga,Matchweek 35,Sun,Away,,,,Mallorca,,,,,,,https://www.sofascore.com/mallorca-villarreal/ugbsBgb,Not started,Villarreal,for,,,,,,,,,,,,,,,,,,,,,,,,,,,,,,,,,,,,,,,,,,,,,,,,,,,,,,,,,,,,,,,,,,,,,,,,,,
2026-05-10,11:15,77559,LaLiga 25/26,25/26,La Liga,Matchweek 35,Sun,Home,,,,Valencia,,,,,,,https://www.sofascore.com/valencia-athletic-club/AgbsDgb,Not started,Athletic Club,for,,,,,,,,,,,,,,,,,,,,,,,,,,,,,,,,,,,,,,,,,,,,,,,,,,,,,,,,,,,,,,,,,,,,,,,,,,
2026-05-10,11:15,77559,LaLiga 25/26,25/26,La Liga,Matchweek 35,Sun,Away,,,,Athletic Club,,,,,,,https://www.sofascore.com/valencia-athletic-club/AgbsDgb,Not started,Valencia,for,,,,,,,,,,,,,,,,,,,,,,,,,,,,,,,,,,,,,,,,,,,,,,,,,,,,,,,,,,,,,,,,,,,,,,,,,,
2026-05-10,13:30,77559,LaLiga 25/26,25/26,La Liga,Matchweek 35,Sun,Home,,,,Getafe,,,,,,,https://www.sofascore.com/getafe-real-oviedo/bhbsjhb,Not started,Real Oviedo,for,,,,,,,,,,,,,,,,,,,,,,,,,,,,,,,,,,,,,,,,,,,,,,,,,,,,,,,,,,,,,,,,,,,,,,,,,,
2026-05-10,13:30,77559,LaLiga 25/26,25/26,La Liga,Matchweek 35,Sun,Away,,,,Real Oviedo,,,,,,,https://www.sofascore.com/getafe-real-oviedo/bhbsjhb,Not started,Getafe,for,,,,,,,,,,,,,,,,,,,,,,,,,,,,,,,,,,,,,,,,,,,,,,,,,,,,,,,,,,,,,,,,,,,,,,,,,,
2026-05-10,16:00,77559,LaLiga 25/26,25/26,La Liga,Matchweek 35,Sun,Home,,,,Real Madrid,,,,,,,https://www.sofascore.com/real-madrid-barcelona/rgbsEgb,Not started,FC Barcelona,for,,,,,,,,,,,,,,,,,,,,,,,,,,,,,,,,,,,,,,,,,,,,,,,,,,,,,,,,,,,,,,,,,,,,,,,,,,
2026-05-10,16:00,77559,LaLiga 25/26,25/26,La Liga,Matchweek 35,Sun,Away,,,,FC Barcelona,,,,,,,https://www.sofascore.com/real-madrid-barcelona/rgbsEgb,Not started,Real Madrid,for,,,,,,,,,,,,,,,,,,,,,,,,,,,,,,,,,,,,,,,,,,,,,,,,,,,,,,,,,,,,,,,,,,,,,,,,,,
2026-05-11,16:00,77559,LaLiga 25/26,25/26,La Liga,Matchweek 35,Mon,Home,,,,Girona FC,,,,,,,https://www.sofascore.com/girona-fc-rayo-vallecano/tgbsoKj,Not started,Rayo Vallecano,for,,,,,,,,,,,,,,,,,,,,,,,,,,,,,,,,,,,,,,,,,,,,,,,,,,,,,,,,,,,,,,,,,,,,,,,,,,
2026-05-11,16:00,77559,LaLiga 25/26,25/26,La Liga,Matchweek 35,Mon,Away,,,,Rayo Vallecano,,,,,,,https://www.sofascore.com/girona-fc-rayo-vallecano/tgbsoKj,Not started,Girona FC,for,,,,,,,,,,,,,,,,,,,,,,,,,,,,,,,,,,,,,,,,,,,,,,,,,,,,,,,,,,,,,,,,,,,,,,,,,,
2026-05-12,14:00,77559,LaLiga 25/26,25/26,La Liga,Matchweek 36,Tue,Home,,,,Levante UD,,,,,,,https://www.sofascore.com/levante-ud-celta-vigo/wgbsZgb,Not started,Celta Vigo,for,,,,,,,,,,,,,,,,,,,,,,,,,,,,,,,,,,,,,,,,,,,,,,,,,,,,,,,,,,,,,,,,,,,,,,,,,,
2026-05-12,14:00,77559,LaLiga 25/26,25/26,La Liga,Matchweek 36,Tue,Away,,,,Celta Vigo,,,,,,,https://www.sofascore.com/levante-ud-celta-vigo/wgbsZgb,Not started,Levante UD,for,,,,,,,,,,,,,,,,,,,,,,,,,,,,,,,,,,,,,,,,,,,,,,,,,,,,,,,,,,,,,,,,,,,,,,,,,,
2026-05-12,15:00,77559,LaLiga 25/26,25/26,La Liga,Matchweek 36,Tue,Home,,,,Elche,,,,,,,https://www.sofascore.com/elche-real-betis/qgbsWgb,Not started,Real Betis,for,,,,,,,,,,,,,,,,,,,,,,,,,,,,,,,,,,,,,,,,,,,,,,,,,,,,,,,,,,,,,,,,,,,,,,,,,,
2026-05-12,15:00,77559,LaLiga 25/26,25/26,La Liga,Matchweek 36,Tue,Away,,,,Real Betis,,,,,,,https://www.sofascore.com/elche-real-betis/qgbsWgb,Not started,Elche,for,,,,,,,,,,,,,,,,,,,,,,,,,,,,,,,,,,,,,,,,,,,,,,,,,,,,,,,,,,,,,,,,,,,,,,,,,,
2026-05-12,16:30,77559,LaLiga 25/26,25/26,La Liga,Matchweek 36,Tue,Home,,,,Atlético Madrid,,,,,,,https://www.sofascore.com/atletico-madrid-osasuna/vgbsLgb,Not started,Osasuna,for,,,,,,,,,,,,,,,,,,,,,,,,,,,,,,,,,,,,,,,,,,,,,,,,,,,,,,,,,,,,,,,,,,,,,,,,,,
2026-05-12,16:30,77559,LaLiga 25/26,25/26,La Liga,Matchweek 36,Tue,Away,,,,Osasuna,,,,,,,https://www.sofascore.com/atletico-madrid-osasuna/vgbsLgb,Not started,Atlético Madrid,for,,,,,,,,,,,,,,,,,,,,,,,,,,,,,,,,,,,,,,,,,,,,,,,,,,,,,,,,,,,,,,,,,,,,,,,,,,
2026-05-13,14:00,77559,LaLiga 25/26,25/26,La Liga,Matchweek 36,Wed,Home,,,,Sevilla,,,,,,,https://www.sofascore.com/sevilla-villarreal/ugbsIgb,Not started,Villarreal,for,,,,,,,,,,,,,,,,,,,,,,,,,,,,,,,,,,,,,,,,,,,,,,,,,,,,,,,,,,,,,,,,,,,,,,,,,,
2026-05-13,14:00,77559,LaLiga 25/26,25/26,La Liga,Matchweek 36,Wed,Away,,,,Villarreal,,,,,,,https://www.sofascore.com/sevilla-villarreal/ugbsIgb,Not started,Sevilla,for,,,,,,,,,,,,,,,,,,,,,,,,,,,,,,,,,,,,,,,,,,,,,,,,,,,,,,,,,,,,,,,,,,,,,,,,,,
2026-05-13,14:00,77559,LaLiga 25/26,25/26,La Liga,Matchweek 36,Wed,Home,,,,Athletic Club,,,,,,,https://www.sofascore.com/athletic-club-espanyol/ogbsAgb,Not started,Espanyol,for,,,,,,,,,,,,,,,,,,,,,,,,,,,,,,,,,,,,,,,,,,,,,,,,,,,,,,,,,,,,,,,,,,,,,,,,,,
2026-05-13,14:00,77559,LaLiga 25/26,25/26,La Liga,Matchweek 36,Wed,Away,,,,Espanyol,,,,,,,https://www.sofascore.com/athletic-club-espanyol/ogbsAgb,Not started,Athletic Club,for,,,,,,,,,,,,,,,,,,,,,,,,,,,,,,,,,,,,,,,,,,,,,,,,,,,,,,,,,,,,,,,,,,,,,,,,,,
2026-05-13,16:30,77559,LaLiga 25/26,25/26,La Liga,Matchweek 36,Wed,Home,,,,FC Barcelona,,,,,,,https://www.sofascore.com/deportivo-alaves-barcelona/rgbsKhb,Not started,Deportivo Alavés,for,,,,,,,,,,,,,,,,,,,,,,,,,,,,,,,,,,,,,,,,,,,,,,,,,,,,,,,,,,,,,,,,,,,,,,,,,,
2026-05-13,16:30,77559,LaLiga 25/26,25/26,La Liga,Matchweek 36,Wed,Away,,,,Deportivo Alavés,,,,,,,https://www.sofascore.com/deportivo-alaves-barcelona/rgbsKhb,Not started,FC Barcelona,for,,,,,,,,,,,,,,,,,,,,,,,,,,,,,,,,,,,,,,,,,,,,,,,,,,,,,,,,,,,,,,,,,,,,,,,,,,
2026-05-13,16:30,77559,LaLiga 25/26,25/26,La Liga,Matchweek 36,Wed,Home,,,,Mallorca,,,,,,,https://www.sofascore.com/getafe-mallorca/Bgbsjhb,Not started,Getafe,for,,,,,,,,,,,,,,,,,,,,,,,,,,,,,,,,,,,,,,,,,,,,,,,,,,,,,,,,,,,,,,,,,,,,,,,,,,
2026-05-13,16:30,77559,LaLiga 25/26,25/26,La Liga,Matchweek 36,Wed,Away,,,,Getafe,,,,,,,https://www.sofascore.com/getafe-mallorca/Bgbsjhb,Not started,Mallorca,for,,,,,,,,,,,,,,,,,,,,,,,,,,,,,,,,,,,,,,,,,,,,,,,,,,,,,,,,,,,,,,,,,,,,,,,,,,
2026-05-14,14:00,77559,LaLiga 25/26,25/26,La Liga,Matchweek 36,Thu,Home,,,,Rayo Vallecano,,,,,,,https://www.sofascore.com/valencia-rayo-vallecano/tgbsDgb,Not started,Valencia,for,,,,,,,,,,,,,,,,,,,,,,,,,,,,,,,,,,,,,,,,,,,,,,,,,,,,,,,,,,,,,,,,,,,,,,,,,,
2026-05-14,14:00,77559,LaLiga 25/26,25/26,La Liga,Matchweek 36,Thu,Away,,,,Valencia,,,,,,,https://www.sofascore.com/valencia-rayo-vallecano/tgbsDgb,Not started,Rayo Vallecano,for,,,,,,,,,,,,,,,,,,,,,,,,,,,,,,,,,,,,,,,,,,,,,,,,,,,,,,,,,,,,,,,,,,,,,,,,,,
2026-05-14,15:00,77559,LaLiga 25/26,25/26,La Liga,Matchweek 36,Thu,Home,,,,Real Sociedad,,,,,,,https://www.sofascore.com/girona-fc-real-sociedad/zgbsoKj,Not started,Girona FC,for,,,,,,,,,,,,,,,,,,,,,,,,,,,,,,,,,,,,,,,,,,,,,,,,,,,,,,,,,,,,,,,,,,,,,,,,,,
2026-05-14,15:00,77559,LaLiga 25/26,25/26,La Liga,Matchweek 36,Thu,Away,,,,Girona FC,,,,,,,https://www.sofascore.com/girona-fc-real-sociedad/zgbsoKj,Not started,Real Sociedad,for,,,,,,,,,,,,,,,,,,,,,,,,,,,,,,,,,,,,,,,,,,,,,,,,,,,,,,,,,,,,,,,,,,,,,,,,,,
2026-05-14,16:30,77559,LaLiga 25/26,25/26,La Liga,Matchweek 36,Thu,Home,,,,Real Oviedo,,,,,,,https://www.sofascore.com/real-oviedo-real-madrid/Egbsbhb,Not started,Real Madrid,for,,,,,,,,,,,,,,,,,,,,,,,,,,,,,,,,,,,,,,,,,,,,,,,,,,,,,,,,,,,,,,,,,,,,,,,,,,
2026-05-14,16:30,77559,LaLiga 25/26,25/26,La Liga,Matchweek 36,Thu,Away,,,,Real Madrid,,,,,,,https://www.sofascore.com/real-oviedo-real-madrid/Egbsbhb,Not started,Real Oviedo,for,,,,,,,,,,,,,,,,,,,,,,,,,,,,,,,,,,,,,,,,,,,,,,,,,,,,,,,,,,,,,,,,,,,,,,,,,,
2026-05-17,14:00,77559,LaLiga 25/26,25/26,La Liga,Matchweek 37,Sun,Home,,,,Real Madrid,,,,,,,https://www.sofascore.com/sevilla-real-madrid/EgbsIgb,Not started,Sevilla,for,,,,,,,,,,,,,,,,,,,,,,,,,,,,,,,,,,,,,,,,,,,,,,,,,,,,,,,,,,,,,,,,,,,,,,,,,,
2026-05-17,14:00,77559,LaLiga 25/26,25/26,La Liga,Matchweek 37,Sun,Away,,,,Sevilla,,,,,,,https://www.sofascore.com/sevilla-real-madrid/EgbsIgb,Not started,Real Madrid,for,,,,,,,,,,,,,,,,,,,,,,,,,,,,,,,,,,,,,,,,,,,,,,,,,,,,,,,,,,,,,,,,,,,,,,,,,,
2026-05-17,14:00,77559,LaLiga 25/26,25/26,La Liga,Matchweek 37,Sun,Home,,,,Real Betis,,,,,,,https://www.sofascore.com/barcelona-real-betis/qgbsrgb,Not started,FC Barcelona,for,,,,,,,,,,,,,,,,,,,,,,,,,,,,,,,,,,,,,,,,,,,,,,,,,,,,,,,,,,,,,,,,,,,,,,,,,,
2026-05-17,14:00,77559,LaLiga 25/26,25/26,La Liga,Matchweek 37,Sun,Away,,,,FC Barcelona,,,,,,,https://www.sofascore.com/barcelona-real-betis/qgbsrgb,Not started,Real Betis,for,,,,,,,,,,,,,,,,,,,,,,,,,,,,,,,,,,,,,,,,,,,,,,,,,,,,,,,,,,,,,,,,,,,,,,,,,,
2026-05-17,14:00,77559,LaLiga 25/26,25/26,La Liga,Matchweek 37,Sun,Home,,,,Girona FC,,,,,,,https://www.sofascore.com/girona-fc-atletico-madrid/LgbsoKj,Not started,Atlético Madrid,for,,,,,,,,,,,,,,,,,,,,,,,,,,,,,,,,,,,,,,,,,,,,,,,,,,,,,,,,,,,,,,,,,,,,,,,,,,
2026-05-17,14:00,77559,LaLiga 25/26,25/26,La Liga,Matchweek 37,Sun,Away,,,,Atlético Madrid,,,,,,,https://www.sofascore.com/girona-fc-atletico-madrid/LgbsoKj,Not started,Girona FC,for,,,,,,,,,,,,,,,,,,,,,,,,,,,,,,,,,,,,,,,,,,,,,,,,,,,,,,,,,,,,,,,,,,,,,,,,,,
2026-05-17,14:00,77559,LaLiga 25/26,25/26,La Liga,Matchweek 37,Sun,Home,,,,Celta Vigo,,,,,,,https://www.sofascore.com/athletic-club-celta-vigo/wgbsAgb,Not started,Athletic Club,for,,,,,,,,,,,,,,,,,,,,,,,,,,,,,,,,,,,,,,,,,,,,,,,,,,,,,,,,,,,,,,,,,,,,,,,,,,
2026-05-17,14:00,77559,LaLiga 25/26,25/26,La Liga,Matchweek 37,Sun,Away,,,,Athletic Club,,,,,,,https://www.sofascore.com/athletic-club-celta-vigo/wgbsAgb,Not started,Celta Vigo,for,,,,,,,,,,,,,,,,,,,,,,,,,,,,,,,,,,,,,,,,,,,,,,,,,,,,,,,,,,,,,,,,,,,,,,,,,,
2026-05-17,14:00,77559,LaLiga 25/26,25/26,La Liga,Matchweek 37,Sun,Home,,,,Villarreal,,,,,,,https://www.sofascore.com/villarreal-rayo-vallecano/tgbsugb,Not started,Rayo Vallecano,for,,,,,,,,,,,,,,,,,,,,,,,,,,,,,,,,,,,,,,,,,,,,,,,,,,,,,,,,,,,,,,,,,,,,,,,,,,
2026-05-17,14:00,77559,LaLiga 25/26,25/26,La Liga,Matchweek 37,Sun,Away,,,,Rayo Vallecano,,,,,,,https://www.sofascore.com/villarreal-rayo-vallecano/tgbsugb,Not started,Villarreal,for,,,,,,,,,,,,,,,,,,,,,,,,,,,,,,,,,,,,,,,,,,,,,,,,,,,,,,,,,,,,,,,,,,,,,,,,,,
2026-05-17,14:00,77559,LaLiga 25/26,25/26,La Liga,Matchweek 37,Sun,Home,,,,Valencia,,,,,,,https://www.sofascore.com/valencia-real-sociedad/zgbsDgb,Not started,Real Sociedad,for,,,,,,,,,,,,,,,,,,,,,,,,,,,,,,,,,,,,,,,,,,,,,,,,,,,,,,,,,,,,,,,,,,,,,,,,,,
2026-05-17,14:00,77559,LaLiga 25/26,25/26,La Liga,Matchweek 37,Sun,Away,,,,Real Sociedad,,,,,,,https://www.sofascore.com/valencia-real-sociedad/zgbsDgb,Not started,Valencia,for,,,,,,,,,,,,,,,,,,,,,,,,,,,,,,,,,,,,,,,,,,,,,,,,,,,,,,,,,,,,,,,,,,,,,,,,,,
2026-05-17,14:00,77559,LaLiga 25/26,25/26,La Liga,Matchweek 37,Sun,Home,,,,Espanyol,,,,,,,https://www.sofascore.com/osasuna-espanyol/ogbsvgb,Not started,Osasuna,for,,,,,,,,,,,,,,,,,,,,,,,,,,,,,,,,,,,,,,,,,,,,,,,,,,,,,,,,,,,,,,,,,,,,,,,,,,
2026-05-17,14:00,77559,LaLiga 25/26,25/26,La Liga,Matchweek 37,Sun,Away,,,,Osasuna,,,,,,,https://www.sofascore.com/osasuna-espanyol/ogbsvgb,Not started,Espanyol,for,,,,,,,,,,,,,,,,,,,,,,,,,,,,,,,,,,,,,,,,,,,,,,,,,,,,,,,,,,,,,,,,,,,,,,,,,,
2026-05-17,14:00,77559,LaLiga 25/26,25/26,La Liga,Matchweek 37,Sun,Home,,,,Getafe,,,,,,,https://www.sofascore.com/getafe-elche/Wgbsjhb,Not started,Elche,for,,,,,,,,,,,,,,,,,,,,,,,,,,,,,,,,,,,,,,,,,,,,,,,,,,,,,,,,,,,,,,,,,,,,,,,,,,
2026-05-17,14:00,77559,LaLiga 25/26,25/26,La Liga,Matchweek 37,Sun,Away,,,,Elche,,,,,,,https://www.sofascore.com/getafe-elche/Wgbsjhb,Not started,Getafe,for,,,,,,,,,,,,,,,,,,,,,,,,,,,,,,,,,,,,,,,,,,,,,,,,,,,,,,,,,,,,,,,,,,,,,,,,,,
2026-05-17,14:00,77559,LaLiga 25/26,25/26,La Liga,Matchweek 37,Sun,Home,,,,Mallorca,,,,,,,https://www.sofascore.com/levante-ud-mallorca/BgbsZgb,Not started,Levante UD,for,,,,,,,,,,,,,,,,,,,,,,,,,,,,,,,,,,,,,,,,,,,,,,,,,,,,,,,,,,,,,,,,,,,,,,,,,,
2026-05-17,14:00,77559,LaLiga 25/26,25/26,La Liga,Matchweek 37,Sun,Away,,,,Levante UD,,,,,,,https://www.sofascore.com/levante-ud-mallorca/BgbsZgb,Not started,Mallorca,for,,,,,,,,,,,,,,,,,,,,,,,,,,,,,,,,,,,,,,,,,,,,,,,,,,,,,,,,,,,,,,,,,,,,,,,,,,
2026-05-17,14:00,77559,LaLiga 25/26,25/26,La Liga,Matchweek 37,Sun,Home,,,,Deportivo Alavés,,,,,,,https://www.sofascore.com/deportivo-alaves-real-oviedo/bhbsKhb,Not started,Real Oviedo,for,,,,,,,,,,,,,,,,,,,,,,,,,,,,,,,,,,,,,,,,,,,,,,,,,,,,,,,,,,,,,,,,,,,,,,,,,,
2026-05-17,14:00,77559,LaLiga 25/26,25/26,La Liga,Matchweek 37,Sun,Away,,,,Real Oviedo,,,,,,,https://www.sofascore.com/deportivo-alaves-real-oviedo/bhbsKhb,Not started,Deportivo Alavés,for,,,,,,,,,,,,,,,,,,,,,,,,,,,,,,,,,,,,,,,,,,,,,,,,,,,,,,,,,,,,,,,,,,,,,,,,,,
2026-05-24,16:00,77559,LaLiga 25/26,25/26,La Liga,Matchweek 38,Sun,Home,,,,Athletic Club,,,,,,,https://www.sofascore.com/real-madrid-athletic-club/AgbsEgb,Not started,Real Madrid,for,,,,,,,,,,,,,,,,,,,,,,,,,,,,,,,,,,,,,,,,,,,,,,,,,,,,,,,,,,,,,,,,,,,,,,,,,,
2026-05-24,16:00,77559,LaLiga 25/26,25/26,La Liga,Matchweek 38,Sun,Away,,,,Real Madrid,,,,,,,https://www.sofascore.com/real-madrid-athletic-club/AgbsEgb,Not started,Athletic Club,for,,,,,,,,,,,,,,,,,,,,,,,,,,,,,,,,,,,,,,,,,,,,,,,,,,,,,,,,,,,,,,,,,,,,,,,,,,
2026-05-24,16:00,77559,LaLiga 25/26,25/26,La Liga,Matchweek 38,Sun,Home,,,,FC Barcelona,,,,,,,https://www.sofascore.com/valencia-barcelona/rgbsDgb,Not started,Valencia,for,,,,,,,,,,,,,,,,,,,,,,,,,,,,,,,,,,,,,,,,,,,,,,,,,,,,,,,,,,,,,,,,,,,,,,,,,,
2026-05-24,16:00,77559,LaLiga 25/26,25/26,La Liga,Matchweek 38,Sun,Away,,,,Valencia,,,,,,,https://www.sofascore.com/valencia-barcelona/rgbsDgb,Not started,FC Barcelona,for,,,,,,,,,,,,,,,,,,,,,,,,,,,,,,,,,,,,,,,,,,,,,,,,,,,,,,,,,,,,,,,,,,,,,,,,,,
2026-05-24,16:00,77559,LaLiga 25/26,25/26,La Liga,Matchweek 38,Sun,Home,,,,Atlético Madrid,,,,,,,https://www.sofascore.com/atletico-madrid-villarreal/ugbsLgb,Not started,Villarreal,for,,,,,,,,,,,,,,,,,,,,,,,,,,,,,,,,,,,,,,,,,,,,,,,,,,,,,,,,,,,,,,,,,,,,,,,,,,
2026-05-24,16:00,77559,LaLiga 25/26,25/26,La Liga,Matchweek 38,Sun,Away,,,,Villarreal,,,,,,,https://www.sofascore.com/atletico-madrid-villarreal/ugbsLgb,Not started,Atlético Madrid,for,,,,,,,,,,,,,,,,,,,,,,,,,,,,,,,,,,,,,,,,,,,,,,,,,,,,,,,,,,,,,,,,,,,,,,,,,,
2026-05-24,16:00,77559,LaLiga 25/26,25/26,La Liga,Matchweek 38,Sun,Home,,,,Levante UD,,,,,,,https://www.sofascore.com/levante-ud-real-betis/qgbsZgb,Not started,Real Betis,for,,,,,,,,,,,,,,,,,,,,,,,,,,,,,,,,,,,,,,,,,,,,,,,,,,,,,,,,,,,,,,,,,,,,,,,,,,
2026-05-24,16:00,77559,LaLiga 25/26,25/26,La Liga,Matchweek 38,Sun,Away,,,,Real Betis,,,,,,,https://www.sofascore.com/levante-ud-real-betis/qgbsZgb,Not started,Levante UD,for,,,,,,,,,,,,,,,,,,,,,,,,,,,,,,,,,,,,,,,,,,,,,,,,,,,,,,,,,,,,,,,,,,,,,,,,,,
2026-05-24,16:00,77559,LaLiga 25/26,25/26,La Liga,Matchweek 38,Sun,Home,,,,Sevilla,,,,,,,https://www.sofascore.com/sevilla-celta-vigo/wgbsIgb,Not started,Celta Vigo,for,,,,,,,,,,,,,,,,,,,,,,,,,,,,,,,,,,,,,,,,,,,,,,,,,,,,,,,,,,,,,,,,,,,,,,,,,,
2026-05-24,16:00,77559,LaLiga 25/26,25/26,La Liga,Matchweek 38,Sun,Away,,,,Celta Vigo,,,,,,,https://www.sofascore.com/sevilla-celta-vigo/wgbsIgb,Not started,Sevilla,for,,,,,,,,,,,,,,,,,,,,,,,,,,,,,,,,,,,,,,,,,,,,,,,,,,,,,,,,,,,,,,,,,,,,,,,,,,
2026-05-24,16:00,77559,LaLiga 25/26,25/26,La Liga,Matchweek 38,Sun,Home,,,,Real Sociedad,,,,,,,https://www.sofascore.com/real-sociedad-espanyol/ogbszgb,Not started,Espanyol,for,,,,,,,,,,,,,,,,,,,,,,,,,,,,,,,,,,,,,,,,,,,,,,,,,,,,,,,,,,,,,,,,,,,,,,,,,,
2026-05-24,16:00,77559,LaLiga 25/26,25/26,La Liga,Matchweek 38,Sun,Away,,,,Espanyol,,,,,,,https://www.sofascore.com/real-sociedad-espanyol/ogbszgb,Not started,Real Sociedad,for,,,,,,,,,,,,,,,,,,,,,,,,,,,,,,,,,,,,,,,,,,,,,,,,,,,,,,,,,,,,,,,,,,,,,,,,,,
2026-05-24,16:00,77559,LaLiga 25/26,25/26,La Liga,Matchweek 38,Sun,Home,,,,Elche,,,,,,,https://www.sofascore.com/girona-fc-elche/WgbsoKj,Not started,Girona FC,for,,,,,,,,,,,,,,,,,,,,,,,,,,,,,,,,,,,,,,,,,,,,,,,,,,,,,,,,,,,,,,,,,,,,,,,,,,
2026-05-24,16:00,77559,LaLiga 25/26,25/26,La Liga,Matchweek 38,Sun,Away,,,,Girona FC,,,,,,,https://www.sofascore.com/girona-fc-elche/WgbsoKj,Not started,Elche,for,,,,,,,,,,,,,,,,,,,,,,,,,,,,,,,,,,,,,,,,,,,,,,,,,,,,,,,,,,,,,,,,,,,,,,,,,,
2026-05-24,16:00,77559,LaLiga 25/26,25/26,La Liga,Matchweek 38,Sun,Home,,,,Osasuna,,,,,,,https://www.sofascore.com/getafe-osasuna/vgbsjhb,Not started,Getafe,for,,,,,,,,,,,,,,,,,,,,,,,,,,,,,,,,,,,,,,,,,,,,,,,,,,,,,,,,,,,,,,,,,,,,,,,,,,
2026-05-24,16:00,77559,LaLiga 25/26,25/26,La Liga,Matchweek 38,Sun,Away,,,,Getafe,,,,,,,https://www.sofascore.com/getafe-osasuna/vgbsjhb,Not started,Osasuna,for,,,,,,,,,,,,,,,,,,,,,,,,,,,,,,,,,,,,,,,,,,,,,,,,,,,,,,,,,,,,,,,,,,,,,,,,,,
2026-05-24,16:00,77559,LaLiga 25/26,25/26,La Liga,Matchweek 38,Sun,Home,,,,Rayo Vallecano,,,,,,,https://www.sofascore.com/deportivo-alaves-rayo-vallecano/tgbsKhb,Not started,Deportivo Alavés,for,,,,,,,,,,,,,,,,,,,,,,,,,,,,,,,,,,,,,,,,,,,,,,,,,,,,,,,,,,,,,,,,,,,,,,,,,,
2026-05-24,16:00,77559,LaLiga 25/26,25/26,La Liga,Matchweek 38,Sun,Away,,,,Deportivo Alavés,,,,,,,https://www.sofascore.com/deportivo-alaves-rayo-vallecano/tgbsKhb,Not started,Rayo Vallecano,for,,,,,,,,,,,,,,,,,,,,,,,,,,,,,,,,,,,,,,,,,,,,,,,,,,,,,,,,,,,,,,,,,,,,,,,,,,
2026-05-24,16:00,77559,LaLiga 25/26,25/26,La Liga,Matchweek 38,Sun,Home,,,,Real Oviedo,,,,,,,https://www.sofascore.com/real-oviedo-mallorca/Bgbsbhb,Not started,Mallorca,for,,,,,,,,,,,,,,,,,,,,,,,,,,,,,,,,,,,,,,,,,,,,,,,,,,,,,,,,,,,,,,,,,,,,,,,,,,
2026-05-24,16:00,77559,LaLiga 25/26,25/26,La Liga,Matchweek 38,Sun,Away,,,,Mallorca,,,,,,,https://www.sofascore.com/real-oviedo-mallorca/Bgbsbhb,Not started,Real Oviedo,for,,,,,,,,,,,,,,,,,,,,,,,,,,,,,,,,,,,,,,,,,,,,,,,,,,,,,,,,,,,,,,,,,,,,,,,,,,
