player_id,player,team,rival,match_id,date,venue,minutes,gf_on,ga_on,pm
975882,Tomás Ahumada,Audax Italiano,Universidad de Concepción,15352948,2026-02-06,Home,90.0,2,0,2
1083863,Nicolás Aedo,Audax Italiano,Universidad de Concepción,15352948,2026-02-06,Home,82.0,2,0,2
981010,Enzo Ferrario,Audax Italiano,Universidad de Concepción,15352948,2026-02-06,Home,90.0,2,0,2
895340,Marcelo Ortíz,Audax Italiano,Universidad de Concepción,15352948,2026-02-06,Home,90.0,2,0,2
1177235,Daniel Piña,Audax Italiano,Universidad de Concepción,15352948,2026-02-06,Home,90.0,2,0,2
1177236,Esteban Matus,Audax Italiano,Universidad de Concepción,15352948,2026-02-06,Home,90.0,2,0,2
997539,Rodrigo Cabral,Audax Italiano,Universidad de Concepción,15352948,2026-02-06,Home,62.0,2,0,2
942156,Marco Collao,Audax Italiano,Universidad de Concepción,15352948,2026-02-06,Home,90.0,2,0,2
986532,Federico Mateos,Audax Italiano,Universidad de Concepción,15352948,2026-02-06,Home,82.0,2,0,2
912067,Michael Vadulli,Audax Italiano,Universidad de Concepción,15352948,2026-02-06,Home,68.0,2,0,2
875274,Diego Coelho,Audax Italiano,Universidad de Concepción,15352948,2026-02-06,Home,62.0,2,0,2
1485094,Giovani Chiaverano,Audax Italiano,Universidad de Concepción,15352948,2026-02-06,Home,28.0,0,0,0
1114520,Paolo Guajardo,Audax Italiano,Universidad de Concepción,15352948,2026-02-06,Home,28.0,0,0,0
859990,Franco Troyansky,Audax Italiano,Universidad de Concepción,15352948,2026-02-06,Home,22.0,0,0,0
1920586,Mario Sandoval,Audax Italiano,Universidad de Concepción,15352948,2026-02-06,Home,8.0,0,0,0
1473443,Diego Monreal,Audax Italiano,Universidad de Concepción,15352948,2026-02-06,Home,8.0,0,0,0
1002740,Santiago Silva Azambuja,Universidad de Concepción,Audax Italiano,15352948,2026-02-06,Away,90.0,0,2,-2
883483,Moisés González,Universidad de Concepción,Audax Italiano,15352948,2026-02-06,Away,90.0,0,2,-2
47037,Osvaldo González,Universidad de Concepción,Audax Italiano,15352948,2026-02-06,Away,69.0,0,2,-2
365990,Leonel González,Universidad de Concepción,Audax Italiano,15352948,2026-02-06,Away,90.0,0,2,-2
986609,Jorge Espejo,Universidad de Concepción,Audax Italiano,15352948,2026-02-06,Away,69.0,0,2,-2
896753,Facundo Mater,Universidad de Concepción,Audax Italiano,15352948,2026-02-06,Away,90.0,0,2,-2
939997,Cristhofer Mesías,Universidad de Concepción,Audax Italiano,15352948,2026-02-06,Away,82.0,0,2,-2
906108,Antonio Díaz,Universidad de Concepción,Audax Italiano,15352948,2026-02-06,Away,60.0,0,2,-2
2163290,Cristobal Zambrano,Universidad de Concepción,Audax Italiano,15352948,2026-02-06,Away,46.0,0,2,-2
159931,Cecilio Waterman,Universidad de Concepción,Audax Italiano,15352948,2026-02-06,Away,90.0,0,2,-2
1106828,Jeison Fuentealba,Universidad de Concepción,Audax Italiano,15352948,2026-02-06,Away,90.0,0,2,-2
965719,Ariel Uribe,Universidad de Concepción,Audax Italiano,15352948,2026-02-06,Away,44.0,0,0,0
906102,Yerco Oyanedel,Universidad de Concepción,Audax Italiano,15352948,2026-02-06,Away,30.0,0,0,0
973567,Pablo Parra,Universidad de Concepción,Audax Italiano,15352948,2026-02-06,Away,21.0,0,0,0
1482287,David Retamal,Universidad de Concepción,Audax Italiano,15352948,2026-02-06,Away,21.0,0,0,0
965775,Agustín Urzi,Universidad de Concepción,Audax Italiano,15352948,2026-02-06,Away,8.0,0,0,0
995285,Alejandro Santander,Cobresal,Universidad Católica,15352949,2026-02-14,Home,90.0,3,1,2
818865,Guillermo Pacheco,Cobresal,Universidad Católica,15352949,2026-02-14,Home,90.0,3,1,2
889519,Franco Bechtholdt,Cobresal,Universidad Católica,15352949,2026-02-14,Home,90.0,3,1,2
832663,Christian Moreno,Cobresal,Universidad Católica,15352949,2026-02-14,Home,90.0,3,1,2
986622,José Tiznado,Cobresal,Universidad Católica,15352949,2026-02-14,Home,90.0,3,1,2
1014802,Rodrigo Sandoval,Cobresal,Universidad Católica,15352949,2026-02-14,Home,36.0,2,0,2
1021117,César Yanis,Cobresal,Universidad Católica,15352949,2026-02-14,Home,86.0,3,1,2
873620,Agustin Nadruz,Cobresal,Universidad Católica,15352949,2026-02-14,Home,90.0,3,1,2
790000,Bryan Carvallo,Cobresal,Universidad Católica,15352949,2026-02-14,Home,90.0,3,1,2
937101,Steffan Pino,Cobresal,Universidad Católica,15352949,2026-02-14,Home,86.0,3,1,2
974736,Julián Brea,Cobresal,Universidad Católica,15352949,2026-02-14,Home,78.0,3,1,2
1016643,Aaron Astudillo,Cobresal,Universidad Católica,15352949,2026-02-14,Home,54.0,1,1,0
962847,Esteban Valencia,Cobresal,Universidad Católica,15352949,2026-02-14,Home,12.0,0,0,0
1973053,Benjamín Valenzuela,Cobresal,Universidad Católica,15352949,2026-02-14,Home,4.0,0,0,0
1835784,Matias Sepulveda,Cobresal,Universidad Católica,15352949,2026-02-14,Home,4.0,0,0,0
1016653,Vicente Bernedo,Universidad Católica,Cobresal,15352949,2026-02-14,Away,90.0,1,3,-2
386220,Tomás Asta-Buruaga,Universidad Católica,Cobresal,15352949,2026-02-14,Away,70.0,1,3,-2
819088,Branco Ampuero,Universidad Católica,Cobresal,15352949,2026-02-14,Away,90.0,1,3,-2
896624,Juan Ignacio Díaz,Universidad Católica,Cobresal,15352949,2026-02-14,Away,90.0,1,3,-2
324937,Cristián Cuevas,Universidad Católica,Cobresal,15352949,2026-02-14,Away,90.0,1,3,-2
22975,Gary Medel,Universidad Católica,Cobresal,15352949,2026-02-14,Away,90.0,1,3,-2
588796,Jimmy Martínez,Universidad Católica,Cobresal,15352949,2026-02-14,Away,70.0,1,3,-2
1473023,Diego Corral,Universidad Católica,Cobresal,15352949,2026-02-14,Away,81.0,1,3,-2
973560,Matías Palavecino,Universidad Católica,Cobresal,15352949,2026-02-14,Away,81.0,1,3,-2
932866,Justo Giani,Universidad Católica,Cobresal,15352949,2026-02-14,Away,90.0,1,3,-2
828952,Fernando Zampedri,Universidad Católica,Cobresal,15352949,2026-02-14,Away,90.0,1,3,-2
819115,Jhojan Valencia,Universidad Católica,Cobresal,15352949,2026-02-14,Away,20.0,0,0,0
818693,Bernardo Cerezo,Universidad Católica,Cobresal,15352949,2026-02-14,Away,20.0,0,0,0
906110,Diego Valencia,Universidad Católica,Cobresal,15352949,2026-02-14,Away,9.0,0,0,0
1982597,Vicente Cárcamo,Universidad Católica,Cobresal,15352949,2026-02-14,Away,9.0,0,0,0
874123,Matías Bórquez,Deportes Limache,O'Higgins,15352950,2026-02-14,Home,90.0,2,1,1
875564,Augusto Aguirre,Deportes Limache,O'Higgins,15352950,2026-02-14,Home,90.0,2,1,1
33829,Alfonso Parot,Deportes Limache,O'Higgins,15352950,2026-02-14,Home,90.0,2,1,1
980882,Yerko González,Deportes Limache,O'Higgins,15352950,2026-02-14,Home,90.0,2,1,1
986599,Joaquín Montecinos,Deportes Limache,O'Higgins,15352950,2026-02-14,Home,68.0,2,1,1
874853,Ramón Martínez,Deportes Limache,O'Higgins,15352950,2026-02-14,Home,90.0,2,1,1
818974,César Pinares,Deportes Limache,O'Higgins,15352950,2026-02-14,Home,68.0,2,1,1
1197239,Marcelo Flores,Deportes Limache,O'Higgins,15352950,2026-02-14,Home,90.0,2,1,1
818816,Jean Meneses,Deportes Limache,O'Higgins,15352950,2026-02-14,Home,90.0,2,1,1
988084,Gonzalo Sosa,Deportes Limache,O'Higgins,15352950,2026-02-14,Home,85.0,2,1,1
925992,Daniel Castro,Deportes Limache,O'Higgins,15352950,2026-02-14,Home,90.0,2,1,1
863124,Misael Llantén,Deportes Limache,O'Higgins,15352950,2026-02-14,Home,22.0,0,0,0
247073,César Fuentes,Deportes Limache,O'Higgins,15352950,2026-02-14,Home,22.0,0,0,0
871813,Marcos Arturia,Deportes Limache,O'Higgins,15352950,2026-02-14,Home,5.0,0,0,0
877098,Danilo Catalán,Deportes Limache,O'Higgins,15352950,2026-02-14,Home,0.0,0,0,0
2116602,Facundo Marín,Deportes Limache,O'Higgins,15352950,2026-02-14,Home,0.0,0,0,0
831242,Omar Carabalí,O'Higgins,Deportes Limache,15352950,2026-02-14,Away,90.0,1,2,-1
1482408,Felipe Faúndez,O'Higgins,Deportes Limache,15352950,2026-02-14,Away,90.0,1,2,-1
892450,Alan Robledo,O'Higgins,Deportes Limache,15352950,2026-02-14,Away,90.0,1,2,-1
1002945,Nicolás Garrido,O'Higgins,Deportes Limache,15352950,2026-02-14,Away,90.0,1,2,-1
975291,Leandro Díaz,O'Higgins,Deportes Limache,15352950,2026-02-14,Away,90.0,1,2,-1
1485083,Benjamin Schamine,O'Higgins,Deportes Limache,15352950,2026-02-14,Away,46.0,1,1,0
983528,Francisco González,O'Higgins,Deportes Limache,15352950,2026-02-14,Away,60.0,1,2,-1
126376,Bryan Rabello,O'Higgins,Deportes Limache,15352950,2026-02-14,Away,60.0,1,2,-1
1177211,Felipe Ogaz,O'Higgins,Deportes Limache,15352950,2026-02-14,Away,81.0,1,2,-1
942415,Bastián Yáñez,O'Higgins,Deportes Limache,15352950,2026-02-14,Away,90.0,1,2,-1
923802,Thiago Vecino,O'Higgins,Deportes Limache,15352950,2026-02-14,Away,72.0,1,2,-1
789677,Martín Sarrafiore,O'Higgins,Deportes Limache,15352950,2026-02-14,Away,44.0,0,1,-1
2038202,Rodrigo Godoy,O'Higgins,Deportes Limache,15352950,2026-02-14,Away,30.0,0,0,0
844183,Juan Leiva,O'Higgins,Deportes Limache,15352950,2026-02-14,Away,30.0,0,0,0
849177,Arnaldo Castillo,O'Higgins,Deportes Limache,15352950,2026-02-14,Away,18.0,0,0,0
1798259,Gabriel Pinto,O'Higgins,Deportes Limache,15352950,2026-02-14,Away,9.0,0,0,0
789923,Federico Lanzillotta,Deportes La Serena,Universidad Católica,15352951,2026-02-01,Home,90.0,2,2,0
1002931,Bruno Gutiérrez,Deportes La Serena,Universidad Católica,15352951,2026-02-01,Home,69.0,2,1,1
872138,Andrés Zanini,Deportes La Serena,Universidad Católica,15352951,2026-02-01,Home,90.0,2,2,0
906100,Lucas Alarcón,Deportes La Serena,Universidad Católica,15352951,2026-02-01,Home,90.0,2,2,0
1384819,Yahir Salazar,Deportes La Serena,Universidad Católica,15352951,2026-02-01,Home,69.0,2,1,1
844271,Sebastián Díaz,Deportes La Serena,Universidad Católica,15352951,2026-02-01,Home,90.0,2,2,0
986598,Joaquín Gutiérrez,Deportes La Serena,Universidad Católica,15352951,2026-02-01,Home,84.0,2,1,1
316170,Gonzalo Escalante,Deportes La Serena,Universidad Católica,15352951,2026-02-01,Home,90.0,2,2,0
874589,Matías Marín,Deportes La Serena,Universidad Católica,15352951,2026-02-01,Home,69.0,2,1,1
805095,Jeisson Vargas,Deportes La Serena,Universidad Católica,15352951,2026-02-01,Home,90.0,2,2,0
1063335,Felipe Chamorro,Deportes La Serena,Universidad Católica,15352951,2026-02-01,Home,54.0,2,1,1
1906001,Daniel Cordero,Deportes La Serena,Universidad Católica,15352951,2026-02-01,Home,36.0,0,1,-1
1875021,Bastián Contreras,Deportes La Serena,Universidad Católica,15352951,2026-02-01,Home,21.0,0,1,-1
1502658,Fernando Dinamarca,Deportes La Serena,Universidad Católica,15352951,2026-02-01,Home,21.0,0,1,-1
1155908,Matías Pinto,Deportes La Serena,Universidad Católica,15352951,2026-02-01,Home,21.0,0,1,-1
799653,Rafael Delgado,Deportes La Serena,Universidad Católica,15352951,2026-02-01,Home,6.0,0,1,-1
1016653,Vicente Bernedo,Universidad Católica,Deportes La Serena,15352951,2026-02-01,Away,90.0,2,2,0
818693,Bernardo Cerezo,Universidad Católica,Deportes La Serena,15352951,2026-02-01,Away,76.0,1,2,-1
819088,Branco Ampuero,Universidad Católica,Deportes La Serena,15352951,2026-02-01,Away,90.0,2,2,0
896624,Juan Ignacio Díaz,Universidad Católica,Deportes La Serena,15352951,2026-02-01,Away,90.0,2,2,0
117430,Eugenio Mena,Universidad Católica,Deportes La Serena,15352951,2026-02-01,Away,81.0,1,2,-1
22975,Gary Medel,Universidad Católica,Deportes La Serena,15352951,2026-02-01,Away,90.0,2,2,0
324937,Cristián Cuevas,Universidad Católica,Deportes La Serena,15352951,2026-02-01,Away,90.0,2,2,0
932866,Justo Giani,Universidad Católica,Deportes La Serena,15352951,2026-02-01,Away,90.0,2,2,0
973560,Matías Palavecino,Universidad Católica,Deportes La Serena,15352951,2026-02-01,Away,76.0,1,2,-1
995388,Clemente Montes,Universidad Católica,Deportes La Serena,15352951,2026-02-01,Away,90.0,2,2,0
828952,Fernando Zampedri,Universidad Católica,Deportes La Serena,15352951,2026-02-01,Away,90.0,2,2,0
386220,Tomás Asta-Buruaga,Universidad Católica,Deportes La Serena,15352951,2026-02-01,Away,14.0,1,0,1
1409361,Juan Francisco Rossel,Universidad Católica,Deportes La Serena,15352951,2026-02-01,Away,14.0,1,0,1
819115,Jhojan Valencia,Universidad Católica,Deportes La Serena,15352951,2026-02-01,Away,9.0,1,0,1
1002740,Santiago Silva Azambuja,Universidad de Concepción,Coquimbo Unido,15352952,2026-01-31,Home,90.0,1,0,1
883483,Moisés González,Universidad de Concepción,Coquimbo Unido,15352952,2026-01-31,Home,90.0,1,0,1
47037,Osvaldo González,Universidad de Concepción,Coquimbo Unido,15352952,2026-01-31,Home,90.0,1,0,1
365990,Leonel González,Universidad de Concepción,Coquimbo Unido,15352952,2026-01-31,Home,90.0,1,0,1
906108,Antonio Díaz,Universidad de Concepción,Coquimbo Unido,15352952,2026-01-31,Home,63.0,1,0,1
896753,Facundo Mater,Universidad de Concepción,Coquimbo Unido,15352952,2026-01-31,Home,90.0,1,0,1
939997,Cristhofer Mesías,Universidad de Concepción,Coquimbo Unido,15352952,2026-01-31,Home,72.0,1,0,1
986609,Jorge Espejo,Universidad de Concepción,Coquimbo Unido,15352952,2026-01-31,Home,72.0,1,0,1
995284,Luis Rojas,Universidad de Concepción,Coquimbo Unido,15352952,2026-01-31,Home,75.0,1,0,1
1106828,Jeison Fuentealba,Universidad de Concepción,Coquimbo Unido,15352952,2026-01-31,Home,63.0,1,0,1
159931,Cecilio Waterman,Universidad de Concepción,Coquimbo Unido,15352952,2026-01-31,Home,90.0,1,0,1
906102,Yerco Oyanedel,Universidad de Concepción,Coquimbo Unido,15352952,2026-01-31,Home,27.0,0,0,0
965719,Ariel Uribe,Universidad de Concepción,Coquimbo Unido,15352952,2026-01-31,Home,27.0,0,0,0
2163290,Cristobal Zambrano,Universidad de Concepción,Coquimbo Unido,15352952,2026-01-31,Home,18.0,0,0,0
986462,Bryan Ogaz,Universidad de Concepción,Coquimbo Unido,15352952,2026-01-31,Home,18.0,0,0,0
973567,Pablo Parra,Universidad de Concepción,Coquimbo Unido,15352952,2026-01-31,Home,15.0,0,0,0
386218,Diego Sánchez,Coquimbo Unido,Universidad de Concepción,15352952,2026-01-31,Away,90.0,0,1,-1
986548,Francisco Salinas,Coquimbo Unido,Universidad de Concepción,15352952,2026-01-31,Away,90.0,0,1,-1
1019924,Elvis Hernández,Coquimbo Unido,Universidad de Concepción,15352952,2026-01-31,Away,90.0,0,1,-1
986451,Benjamín Gazzolo,Coquimbo Unido,Universidad de Concepción,15352952,2026-01-31,Away,90.0,0,1,-1
1096735,Juan Cornejo,Coquimbo Unido,Universidad de Concepción,15352952,2026-01-31,Away,90.0,0,1,-1
805408,Alejandro Camargo,Coquimbo Unido,Universidad de Concepción,15352952,2026-01-31,Away,56.0,0,1,-1
974009,Sebastián Galani,Coquimbo Unido,Universidad de Concepción,15352952,2026-01-31,Away,90.0,0,1,-1
1125880,Benjamín Chandía,Coquimbo Unido,Universidad de Concepción,15352952,2026-01-31,Away,64.0,0,1,-1
376740,Guido Vadalá,Coquimbo Unido,Universidad de Concepción,15352952,2026-01-31,Away,64.0,0,1,-1
1834686,Martín Mundaca,Coquimbo Unido,Universidad de Concepción,15352952,2026-01-31,Away,57.0,0,1,-1
1643443,Nicolás Johansen,Coquimbo Unido,Universidad de Concepción,15352952,2026-01-31,Away,57.0,0,1,-1
981333,Dylan Glaby,Coquimbo Unido,Universidad de Concepción,15352952,2026-01-31,Away,34.0,0,0,0
986513,Dylan Escobar,Coquimbo Unido,Universidad de Concepción,15352952,2026-01-31,Away,33.0,0,0,0
852143,Luis Riveros,Coquimbo Unido,Universidad de Concepción,15352952,2026-01-31,Away,33.0,0,0,0
2048673,Pablo Rodríguez,Coquimbo Unido,Universidad de Concepción,15352952,2026-01-31,Away,26.0,0,0,0
39244,Lucas Pratto,Coquimbo Unido,Universidad de Concepción,15352952,2026-01-31,Away,26.0,0,0,0
842274,Sebastián Pérez,Palestino,Universidad de Chile,15352953,2026-02-13,Home,90.0,0,0,0
1464931,Vicente Espinoza,Palestino,Universidad de Chile,15352953,2026-02-13,Home,90.0,0,0,0
805305,José Bizama,Palestino,Universidad de Chile,15352953,2026-02-13,Home,90.0,0,0,0
33943,Fernando Meza,Palestino,Universidad de Chile,15352953,2026-02-13,Home,90.0,0,0,0
334027,Julián Fernández,Palestino,Universidad de Chile,15352953,2026-02-13,Home,61.0,0,0,0
1797934,Ian Garguez,Palestino,Universidad de Chile,15352953,2026-02-13,Home,90.0,0,0,0
116096,Sebastián Gallegos,Palestino,Universidad de Chile,15352953,2026-02-13,Home,90.0,0,0,0
1017320,Jason León,Palestino,Universidad de Chile,15352953,2026-02-13,Home,74.0,0,0,0
339711,Dilan Zúñiga,Palestino,Universidad de Chile,15352953,2026-02-13,Home,90.0,0,0,0
1125923,Gonzalo Tapia,Palestino,Universidad de Chile,15352953,2026-02-13,Home,74.0,0,0,0
883928,Nelson Da Silva,Palestino,Universidad de Chile,15352953,2026-02-13,Home,90.0,0,0,0
1064150,Nicolás Meza,Palestino,Universidad de Chile,15352953,2026-02-13,Home,29.0,0,0,0
230054,Bryan Carrasco,Palestino,Universidad de Chile,15352953,2026-02-13,Home,16.0,0,0,0
819017,Jonathan Benítez,Palestino,Universidad de Chile,15352953,2026-02-13,Home,16.0,0,0,0
1116992,Antonio Ceza,Palestino,Universidad de Chile,15352953,2026-02-13,Home,0.0,0,0,0
1797930,Francisco Montes,Palestino,Universidad de Chile,15352953,2026-02-13,Home,0.0,0,0,0
805183,Gabriel Castellón,Universidad de Chile,Palestino,15352953,2026-02-13,Away,90.0,0,0,0
831012,Nicolás Ramírez,Universidad de Chile,Palestino,15352953,2026-02-13,Away,90.0,0,0,0
981341,Franco Calderón,Universidad de Chile,Palestino,15352953,2026-02-13,Away,90.0,0,0,0
789979,Matías Zaldivia,Universidad de Chile,Palestino,15352953,2026-02-13,Away,90.0,0,0,0
818897,Fabián Hormazábal,Universidad de Chile,Palestino,15352953,2026-02-13,Away,85.0,0,0,0
18304,Charles Aránguiz,Universidad de Chile,Palestino,15352953,2026-02-13,Away,90.0,0,0,0
589542,Israel Poblete,Universidad de Chile,Palestino,15352953,2026-02-13,Away,85.0,0,0,0
1482432,Diego Vargas,Universidad de Chile,Palestino,15352953,2026-02-13,Away,62.0,0,0,0
37006,Eduardo Vargas,Universidad de Chile,Palestino,15352953,2026-02-13,Away,70.0,0,0,0
359024,Juan Martín Lucero,Universidad de Chile,Palestino,15352953,2026-02-13,Away,90.0,0,0,0
1002939,Lucas Assadi,Universidad de Chile,Palestino,15352953,2026-02-13,Away,90.0,0,0,0
1482412,Ignacio Vásquez,Universidad de Chile,Palestino,15352953,2026-02-13,Away,28.0,0,0,0
790149,Octavio Rivero,Universidad de Chile,Palestino,15352953,2026-02-13,Away,20.0,0,0,0
906105,Maximiliano Guerrero,Universidad de Chile,Palestino,15352953,2026-02-13,Away,5.0,0,0,0
925337,Javier Altamirano,Universidad de Chile,Palestino,15352953,2026-02-13,Away,5.0,0,0,0
790001,Ignacio González,Everton de Viña del Mar,Unión La Calera,15352954,2026-02-02,Home,90.0,0,1,-1
1216169,Vicente Vega,Everton de Viña del Mar,Unión La Calera,15352954,2026-02-02,Home,46.0,0,1,-1
976168,Hugo Magallanes,Everton de Viña del Mar,Unión La Calera,15352954,2026-02-02,Home,90.0,0,1,-1
339891,Diego Oyarzún,Everton de Viña del Mar,Unión La Calera,15352954,2026-02-02,Home,90.0,0,1,-1
862702,Nicolás Baeza,Everton de Viña del Mar,Unión La Calera,15352954,2026-02-02,Home,46.0,0,1,-1
886912,Benjamín Berríos,Everton de Viña del Mar,Unión La Calera,15352954,2026-02-02,Home,90.0,0,1,-1
975053,Alan Medina,Everton de Viña del Mar,Unión La Calera,15352954,2026-02-02,Home,90.0,0,1,-1
800239,Dieter Villalpando,Everton de Viña del Mar,Unión La Calera,15352954,2026-02-02,Home,56.0,0,1,-1
1020255,Braian Martínez,Everton de Viña del Mar,Unión La Calera,15352954,2026-02-02,Home,56.0,0,1,-1
1199239,Emiliano Ramos,Everton de Viña del Mar,Unión La Calera,15352954,2026-02-02,Home,90.0,0,1,-1
956838,Julián Alfaro,Everton de Viña del Mar,Unión La Calera,15352954,2026-02-02,Home,80.0,0,1,-1
1384618,Byron Navarro,Everton de Viña del Mar,Unión La Calera,15352954,2026-02-02,Home,44.0,0,0,0
951270,Joaquín Moya,Everton de Viña del Mar,Unión La Calera,15352954,2026-02-02,Home,44.0,0,0,0
129209,Cristian Palacios,Everton de Viña del Mar,Unión La Calera,15352954,2026-02-02,Home,34.0,0,0,0
2059827,Amaro Leon,Everton de Viña del Mar,Unión La Calera,15352954,2026-02-02,Home,34.0,0,0,0
988143,Cristopher Barrera,Everton de Viña del Mar,Unión La Calera,15352954,2026-02-02,Home,10.0,0,0,0
333465,Nicolás Avellaneda,Unión La Calera,Everton de Viña del Mar,15352954,2026-02-02,Away,90.0,1,0,1
889511,Christopher Díaz,Unión La Calera,Everton de Viña del Mar,15352954,2026-02-02,Away,90.0,1,0,1
1108449,Rodrigo Caseres,Unión La Calera,Everton de Viña del Mar,15352954,2026-02-02,Away,90.0,1,0,1
1125257,Nicolás Palma,Unión La Calera,Everton de Viña del Mar,15352954,2026-02-02,Away,90.0,1,0,1
1111544,Daniel Gutiérrez,Unión La Calera,Everton de Viña del Mar,15352954,2026-02-02,Away,90.0,1,0,1
787710,Kevin Méndez,Unión La Calera,Everton de Viña del Mar,15352954,2026-02-02,Away,90.0,1,0,1
965967,Juan Manuel Requena,Unión La Calera,Everton de Viña del Mar,15352954,2026-02-02,Away,90.0,1,0,1
1190022,Joaquín Soto,Unión La Calera,Everton de Viña del Mar,15352954,2026-02-02,Away,59.0,1,0,1
951277,Bayron Oyarzo,Unión La Calera,Everton de Viña del Mar,15352954,2026-02-02,Away,59.0,1,0,1
936901,Sebastián Sáez,Unión La Calera,Everton de Viña del Mar,15352954,2026-02-02,Away,85.0,1,0,1
1523685,Francisco Jose Pozzo,Unión La Calera,Everton de Viña del Mar,15352954,2026-02-02,Away,72.0,1,0,1
1403421,Axel Encinas,Unión La Calera,Everton de Viña del Mar,15352954,2026-02-02,Away,31.0,0,0,0
822444,Yerko Leiva,Unión La Calera,Everton de Viña del Mar,15352954,2026-02-02,Away,31.0,0,0,0
924528,Matías Campos López,Unión La Calera,Everton de Viña del Mar,15352954,2026-02-02,Away,18.0,0,0,0
822449,Camilo Moya,Unión La Calera,Everton de Viña del Mar,15352954,2026-02-02,Away,5.0,0,0,0
1016653,Vicente Bernedo,Universidad Católica,Deportes Concepción,15352955,2026-02-08,Home,90.0,2,0,2
386220,Tomás Asta-Buruaga,Universidad Católica,Deportes Concepción,15352955,2026-02-08,Home,90.0,2,0,2
819088,Branco Ampuero,Universidad Católica,Deportes Concepción,15352955,2026-02-08,Home,90.0,2,0,2
896624,Juan Ignacio Díaz,Universidad Católica,Deportes Concepción,15352955,2026-02-08,Home,90.0,2,0,2
117430,Eugenio Mena,Universidad Católica,Deportes Concepción,15352955,2026-02-08,Home,46.0,0,0,0
22975,Gary Medel,Universidad Católica,Deportes Concepción,15352955,2026-02-08,Home,90.0,2,0,2
324937,Cristián Cuevas,Universidad Católica,Deportes Concepción,15352955,2026-02-08,Home,90.0,2,0,2
995388,Clemente Montes,Universidad Católica,Deportes Concepción,15352955,2026-02-08,Home,90.0,2,0,2
973560,Matías Palavecino,Universidad Católica,Deportes Concepción,15352955,2026-02-08,Home,82.0,2,0,2
932866,Justo Giani,Universidad Católica,Deportes Concepción,15352955,2026-02-08,Home,82.0,2,0,2
828952,Fernando Zampedri,Universidad Católica,Deportes Concepción,15352955,2026-02-08,Home,90.0,2,0,2
588796,Jimmy Martínez,Universidad Católica,Deportes Concepción,15352955,2026-02-08,Home,44.0,2,0,2
1981780,Nicolás L'Huiller,Universidad Católica,Deportes Concepción,15352955,2026-02-08,Home,8.0,0,0,0
819115,Jhojan Valencia,Universidad Católica,Deportes Concepción,15352955,2026-02-08,Home,8.0,0,0,0
906110,Diego Valencia,Universidad Católica,Deportes Concepción,15352955,2026-02-08,Home,0.0,0,0,0
581774,Agustín Farías,Universidad Católica,Deportes Concepción,15352955,2026-02-08,Home,0.0,0,0,0
158269,César Dutra,Deportes Concepción,Universidad Católica,15352955,2026-02-08,Away,90.0,0,2,-2
312318,Brayan Véjar,Deportes Concepción,Universidad Católica,15352955,2026-02-08,Away,75.0,0,2,-2
22973,Cristián Suárez,Deportes Concepción,Universidad Católica,15352955,2026-02-08,Away,90.0,0,2,-2
553508,Fausto Grillo,Deportes Concepción,Universidad Católica,15352955,2026-02-08,Away,90.0,0,2,-2
177813,Misael Dávila,Deportes Concepción,Universidad Católica,15352955,2026-02-08,Away,90.0,0,2,-2
991004,Mario Sandoval,Deportes Concepción,Universidad Católica,15352955,2026-02-08,Away,57.0,0,1,-1
1022801,Mauricio Vera,Deportes Concepción,Universidad Católica,15352955,2026-02-08,Away,75.0,0,2,-2
986422,Aldrix Jara,Deportes Concepción,Universidad Católica,15352955,2026-02-08,Away,57.0,0,1,-1
790010,Leonardo Valencia,Deportes Concepción,Universidad Católica,15352955,2026-02-08,Away,90.0,0,2,-2
986529,Ethan Espinoza,Deportes Concepción,Universidad Católica,15352955,2026-02-08,Away,75.0,0,2,-2
28242,Joaquín Larrivey,Deportes Concepción,Universidad Católica,15352955,2026-02-08,Away,90.0,0,2,-2
1125898,Ángel Gillard,Deportes Concepción,Universidad Católica,15352955,2026-02-08,Away,33.0,0,1,-1
589548,Nelson Sepúlveda,Deportes Concepción,Universidad Católica,15352955,2026-02-08,Away,33.0,0,1,-1
247079,Carlos Escobar,Deportes Concepción,Universidad Católica,15352955,2026-02-08,Away,15.0,0,0,0
1482455,Leenhan Romero,Deportes Concepción,Universidad Católica,15352955,2026-02-08,Away,15.0,0,0,0
939938,Ariel Cáceres,Deportes Concepción,Universidad Católica,15352955,2026-02-08,Away,15.0,0,0,0
818874,Fernando de Paul,Colo-Colo,Unión La Calera,15352957,2026-02-15,Home,90.0,0,0,0
1022259,Jeyson Rojas,Colo-Colo,Unión La Calera,15352957,2026-02-15,Home,90.0,0,0,0
1014795,Jonathan Villagra,Colo-Colo,Unión La Calera,15352957,2026-02-15,Home,90.0,0,0,0
1015274,Joaquín Sosa,Colo-Colo,Unión La Calera,15352957,2026-02-15,Home,90.0,0,0,0
1176822,Diego Ulloa,Colo-Colo,Unión La Calera,15352957,2026-02-15,Home,46.0,0,0,0
18342,Arturo Vidal,Colo-Colo,Unión La Calera,15352957,2026-02-15,Home,73.0,0,0,0
792585,Maximiliano Romero,Colo-Colo,Unión La Calera,15352957,2026-02-15,Home,90.0,0,0,0
844224,Tomás Alarcón,Colo-Colo,Unión La Calera,15352957,2026-02-15,Home,64.0,0,0,0
870020,Víctor Felipe Méndez,Colo-Colo,Unión La Calera,15352957,2026-02-15,Home,90.0,0,0,0
340455,Claudio Aquino,Colo-Colo,Unión La Calera,15352957,2026-02-15,Home,64.0,0,0,0
581780,Javier Correa,Colo-Colo,Unión La Calera,15352957,2026-02-15,Home,24.0,0,0,0
1601711,Leandro Hernández,Colo-Colo,Unión La Calera,15352957,2026-02-15,Home,66.0,0,0,0
973993,Erick Wiemberg,Colo-Colo,Unión La Calera,15352957,2026-02-15,Home,44.0,0,0,0
889502,Álvaro Madrid,Colo-Colo,Unión La Calera,15352957,2026-02-15,Home,26.0,0,0,0
1482420,Francisco Marchant,Colo-Colo,Unión La Calera,15352957,2026-02-15,Home,26.0,0,0,0
1997136,Yastin Cuevas,Colo-Colo,Unión La Calera,15352957,2026-02-15,Home,17.0,0,0,0
333465,Nicolás Avellaneda,Unión La Calera,Colo-Colo,15352957,2026-02-15,Away,90.0,0,0,0
889511,Christopher Díaz,Unión La Calera,Colo-Colo,15352957,2026-02-15,Away,90.0,0,0,0
1108449,Rodrigo Caseres,Unión La Calera,Colo-Colo,15352957,2026-02-15,Away,90.0,0,0,0
1125257,Nicolás Palma,Unión La Calera,Colo-Colo,15352957,2026-02-15,Away,90.0,0,0,0
1111544,Daniel Gutiérrez,Unión La Calera,Colo-Colo,15352957,2026-02-15,Away,90.0,0,0,0
951277,Bayron Oyarzo,Unión La Calera,Colo-Colo,15352957,2026-02-15,Away,79.0,0,0,0
965967,Juan Manuel Requena,Unión La Calera,Colo-Colo,15352957,2026-02-15,Away,90.0,0,0,0
1190022,Joaquín Soto,Unión La Calera,Colo-Colo,15352957,2026-02-15,Away,58.0,0,0,0
819005,Cristián Gutiérrez,Unión La Calera,Colo-Colo,15352957,2026-02-15,Away,58.0,0,0,0
1523685,Francisco Jose Pozzo,Unión La Calera,Colo-Colo,15352957,2026-02-15,Away,68.0,0,0,0
936901,Sebastián Sáez,Unión La Calera,Colo-Colo,15352957,2026-02-15,Away,90.0,0,0,0
1017169,Javier Saldías,Unión La Calera,Colo-Colo,15352957,2026-02-15,Away,32.0,0,0,0
822449,Camilo Moya,Unión La Calera,Colo-Colo,15352957,2026-02-15,Away,32.0,0,0,0
924528,Matías Campos López,Unión La Calera,Colo-Colo,15352957,2026-02-15,Away,22.0,0,0,0
822444,Yerko Leiva,Unión La Calera,Colo-Colo,15352957,2026-02-15,Away,11.0,0,0,0
995285,Alejandro Santander,Cobresal,Huachipato,15352958,2026-01-31,Home,90.0,1,0,1
1016643,Aaron Astudillo,Cobresal,Huachipato,15352958,2026-01-31,Home,90.0,1,0,1
889519,Franco Bechtholdt,Cobresal,Huachipato,15352958,2026-01-31,Home,90.0,1,0,1
385990,Juan Fuentes,Cobresal,Huachipato,15352958,2026-01-31,Home,90.0,1,0,1
986622,José Tiznado,Cobresal,Huachipato,15352958,2026-01-31,Home,90.0,1,0,1
1014802,Rodrigo Sandoval,Cobresal,Huachipato,15352958,2026-01-31,Home,73.0,1,0,1
1021117,César Yanis,Cobresal,Huachipato,15352958,2026-01-31,Home,73.0,1,0,1
873620,Agustin Nadruz,Cobresal,Huachipato,15352958,2026-01-31,Home,90.0,1,0,1
790000,Bryan Carvallo,Cobresal,Huachipato,15352958,2026-01-31,Home,80.0,1,0,1
974736,Julián Brea,Cobresal,Huachipato,15352958,2026-01-31,Home,80.0,1,0,1
937101,Steffan Pino,Cobresal,Huachipato,15352958,2026-01-31,Home,80.0,1,0,1
818865,Guillermo Pacheco,Cobresal,Huachipato,15352958,2026-01-31,Home,17.0,0,0,0
962847,Esteban Valencia,Cobresal,Huachipato,15352958,2026-01-31,Home,17.0,0,0,0
1872533,Sergio Carrasco,Cobresal,Huachipato,15352958,2026-01-31,Home,10.0,0,0,0
1835778,Benjamín Ramírez,Cobresal,Huachipato,15352958,2026-01-31,Home,10.0,0,0,0
1973053,Benjamín Valenzuela,Cobresal,Huachipato,15352958,2026-01-31,Home,10.0,0,0,0
920957,Rodrigo Odriozola,Huachipato,Cobresal,15352958,2026-01-31,Away,90.0,0,1,-1
1108721,Maicol León,Huachipato,Cobresal,15352958,2026-01-31,Away,46.0,0,1,-1
1096236,Renzo Malanca,Huachipato,Cobresal,15352958,2026-01-31,Away,90.0,0,1,-1
36995,Rafael Caroca,Huachipato,Cobresal,15352958,2026-01-31,Away,90.0,0,1,-1
1482399,Lucas Velásquez,Huachipato,Cobresal,15352958,2026-01-31,Away,67.0,0,1,-1
247055,Nicolás Vargas,Huachipato,Cobresal,15352958,2026-01-31,Away,62.0,0,1,-1
249373,Claudio Sepúlveda,Huachipato,Cobresal,15352958,2026-01-31,Away,62.0,0,1,-1
1385794,Maximiliano Gutiérrez,Huachipato,Cobresal,15352958,2026-01-31,Away,90.0,0,1,-1
1381958,Santiago Silva,Huachipato,Cobresal,15352958,2026-01-31,Away,72.0,0,1,-1
851968,Cris Martínez,Huachipato,Cobresal,15352958,2026-01-31,Away,90.0,0,1,-1
323439,Lionel Altamirano,Huachipato,Cobresal,15352958,2026-01-31,Away,90.0,0,1,-1
988146,Cristian Toro,Huachipato,Cobresal,15352958,2026-01-31,Away,44.0,0,0,0
1017455,Ezequiel Cañete,Huachipato,Cobresal,15352958,2026-01-31,Away,28.0,0,0,0
1656140,Javier Nicolás Cárcamo,Huachipato,Cobresal,15352958,2026-01-31,Away,28.0,0,0,0
940483,Maximiliano Rodríguez,Huachipato,Cobresal,15352958,2026-01-31,Away,23.0,0,0,0
1177673,Kevin Altez,Huachipato,Cobresal,15352958,2026-01-31,Away,18.0,0,0,0
790001,Ignacio González,Everton de Viña del Mar,Huachipato,15352959,2026-02-13,Home,90.0,0,3,-3
1216169,Vicente Vega,Everton de Viña del Mar,Huachipato,15352959,2026-02-13,Home,90.0,0,3,-3
886915,Ramiro González,Everton de Viña del Mar,Huachipato,15352959,2026-02-13,Home,90.0,0,3,-3
1385673,Valentín Vidal,Everton de Viña del Mar,Huachipato,15352959,2026-02-13,Home,90.0,0,3,-3
947963,Vicente Fernández,Everton de Viña del Mar,Huachipato,15352959,2026-02-13,Home,68.0,0,2,-2
862702,Nicolás Baeza,Everton de Viña del Mar,Huachipato,15352959,2026-02-13,Home,60.0,0,2,-2
951270,Joaquín Moya,Everton de Viña del Mar,Huachipato,15352959,2026-02-13,Home,90.0,0,3,-3
800239,Dieter Villalpando,Everton de Viña del Mar,Huachipato,15352959,2026-02-13,Home,61.0,0,2,-2
975053,Alan Medina,Everton de Viña del Mar,Huachipato,15352959,2026-02-13,Home,90.0,0,3,-3
956838,Julián Alfaro,Everton de Viña del Mar,Huachipato,15352959,2026-02-13,Home,68.0,0,2,-2
129209,Cristian Palacios,Everton de Viña del Mar,Huachipato,15352959,2026-02-13,Home,68.0,0,2,-2
1199239,Emiliano Ramos,Everton de Viña del Mar,Huachipato,15352959,2026-02-13,Home,30.0,0,1,-1
2462954,Ricardo Rebolledo,Everton de Viña del Mar,Huachipato,15352959,2026-02-13,Home,29.0,0,1,-1
1384618,Byron Navarro,Everton de Viña del Mar,Huachipato,15352959,2026-02-13,Home,22.0,0,1,-1
1020255,Braian Martínez,Everton de Viña del Mar,Huachipato,15352959,2026-02-13,Home,22.0,0,1,-1
1469553,Martín Cárcamo,Everton de Viña del Mar,Huachipato,15352959,2026-02-13,Home,22.0,0,1,-1
1657110,Sebastián Mella,Huachipato,Everton de Viña del Mar,15352959,2026-02-13,Away,90.0,3,0,3
247055,Nicolás Vargas,Huachipato,Everton de Viña del Mar,15352959,2026-02-13,Away,90.0,3,0,3
36995,Rafael Caroca,Huachipato,Everton de Viña del Mar,15352959,2026-02-13,Away,90.0,3,0,3
1096236,Renzo Malanca,Huachipato,Everton de Viña del Mar,15352959,2026-02-13,Away,90.0,3,0,3
1385794,Maximiliano Gutiérrez,Huachipato,Everton de Viña del Mar,15352959,2026-02-13,Away,80.0,2,0,2
1381958,Santiago Silva,Huachipato,Everton de Viña del Mar,15352959,2026-02-13,Away,90.0,3,0,3
1656140,Javier Nicolás Cárcamo,Huachipato,Everton de Viña del Mar,15352959,2026-02-13,Away,46.0,0,0,0
1482399,Lucas Velásquez,Huachipato,Everton de Viña del Mar,15352959,2026-02-13,Away,86.0,2,0,2
1017455,Ezequiel Cañete,Huachipato,Everton de Viña del Mar,15352959,2026-02-13,Away,90.0,3,0,3
940483,Maximiliano Rodríguez,Huachipato,Everton de Viña del Mar,15352959,2026-02-13,Away,86.0,2,0,2
323439,Lionel Altamirano,Huachipato,Everton de Viña del Mar,15352959,2026-02-13,Away,80.0,2,0,2
1108721,Maicol León,Huachipato,Everton de Viña del Mar,15352959,2026-02-13,Away,44.0,3,0,3
1177673,Kevin Altez,Huachipato,Everton de Viña del Mar,15352959,2026-02-13,Away,10.0,1,0,1
1108549,Claudio Torres,Huachipato,Everton de Viña del Mar,15352959,2026-02-13,Away,10.0,1,0,1
845174,Mario Briceño,Huachipato,Everton de Viña del Mar,15352959,2026-02-13,Away,4.0,1,0,1
1106831,José Ignacio Castro,Huachipato,Everton de Viña del Mar,15352959,2026-02-13,Away,4.0,1,0,1
789923,Federico Lanzillotta,Deportes La Serena,Coquimbo Unido,15352960,2026-02-14,Home,90.0,0,1,-1
1002931,Bruno Gutiérrez,Deportes La Serena,Coquimbo Unido,15352960,2026-02-14,Home,70.0,0,0,0
872138,Andrés Zanini,Deportes La Serena,Coquimbo Unido,15352960,2026-02-14,Home,90.0,0,1,-1
906100,Lucas Alarcón,Deportes La Serena,Coquimbo Unido,15352960,2026-02-14,Home,90.0,0,1,-1
1384819,Yahir Salazar,Deportes La Serena,Coquimbo Unido,15352960,2026-02-14,Home,90.0,0,1,-1
316170,Gonzalo Escalante,Deportes La Serena,Coquimbo Unido,15352960,2026-02-14,Home,90.0,0,1,-1
844271,Sebastián Díaz,Deportes La Serena,Coquimbo Unido,15352960,2026-02-14,Home,90.0,0,1,-1
1089454,Francis Mac Allister,Deportes La Serena,Coquimbo Unido,15352960,2026-02-14,Home,86.0,0,1,-1
805095,Jeisson Vargas,Deportes La Serena,Coquimbo Unido,15352960,2026-02-14,Home,70.0,0,0,0
1063335,Felipe Chamorro,Deportes La Serena,Coquimbo Unido,15352960,2026-02-14,Home,90.0,0,1,-1
147570,Diego Rubio,Deportes La Serena,Coquimbo Unido,15352960,2026-02-14,Home,70.0,0,0,0
986598,Joaquín Gutiérrez,Deportes La Serena,Coquimbo Unido,15352960,2026-02-14,Home,20.0,0,1,-1
1875021,Bastián Contreras,Deportes La Serena,Coquimbo Unido,15352960,2026-02-14,Home,20.0,0,1,-1
874589,Matías Marín,Deportes La Serena,Coquimbo Unido,15352960,2026-02-14,Home,20.0,0,1,-1
799653,Rafael Delgado,Deportes La Serena,Coquimbo Unido,15352960,2026-02-14,Home,4.0,0,0,0
386218,Diego Sánchez,Coquimbo Unido,Deportes La Serena,15352960,2026-02-14,Away,90.0,1,0,1
986548,Francisco Salinas,Coquimbo Unido,Deportes La Serena,15352960,2026-02-14,Away,90.0,1,0,1
986451,Benjamín Gazzolo,Coquimbo Unido,Deportes La Serena,15352960,2026-02-14,Away,90.0,1,0,1
889498,Manuel Fernández,Coquimbo Unido,Deportes La Serena,15352960,2026-02-14,Away,90.0,1,0,1
1096735,Juan Cornejo,Coquimbo Unido,Deportes La Serena,15352960,2026-02-14,Away,90.0,1,0,1
805408,Alejandro Camargo,Coquimbo Unido,Deportes La Serena,15352960,2026-02-14,Away,85.0,1,0,1
974009,Sebastián Galani,Coquimbo Unido,Deportes La Serena,15352960,2026-02-14,Away,90.0,1,0,1
852143,Luis Riveros,Coquimbo Unido,Deportes La Serena,15352960,2026-02-14,Away,60.0,0,0,0
376740,Guido Vadalá,Coquimbo Unido,Deportes La Serena,15352960,2026-02-14,Away,85.0,1,0,1
1125880,Benjamín Chandía,Coquimbo Unido,Deportes La Serena,15352960,2026-02-14,Away,84.0,1,0,1
39244,Lucas Pratto,Coquimbo Unido,Deportes La Serena,15352960,2026-02-14,Away,67.0,0,0,0
1108027,Alejandro Azócar,Coquimbo Unido,Deportes La Serena,15352960,2026-02-14,Away,30.0,1,0,1
1643443,Nicolás Johansen,Coquimbo Unido,Deportes La Serena,15352960,2026-02-14,Away,23.0,1,0,1
1834686,Martín Mundaca,Coquimbo Unido,Deportes La Serena,15352960,2026-02-14,Away,6.0,0,0,0
889043,Rodrigo Holgado,Coquimbo Unido,Deportes La Serena,15352960,2026-02-14,Away,5.0,0,0,0
981333,Dylan Glaby,Coquimbo Unido,Deportes La Serena,15352960,2026-02-14,Away,5.0,0,0,0
1002740,Santiago Silva Azambuja,Universidad de Concepción,Deportes Concepción,15352961,2026-02-15,Home,90.0,2,1,1
1482287,David Retamal,Universidad de Concepción,Deportes Concepción,15352961,2026-02-15,Home,90.0,2,1,1
47037,Osvaldo González,Universidad de Concepción,Deportes Concepción,15352961,2026-02-15,Home,90.0,2,1,1
365990,Leonel González,Universidad de Concepción,Deportes Concepción,15352961,2026-02-15,Home,90.0,2,1,1
896753,Facundo Mater,Universidad de Concepción,Deportes Concepción,15352961,2026-02-15,Home,90.0,2,1,1
939997,Cristhofer Mesías,Universidad de Concepción,Deportes Concepción,15352961,2026-02-15,Home,90.0,2,1,1
973567,Pablo Parra,Universidad de Concepción,Deportes Concepción,15352961,2026-02-15,Home,79.0,2,1,1
906108,Antonio Díaz,Universidad de Concepción,Deportes Concepción,15352961,2026-02-15,Home,46.0,0,1,-1
965775,Agustín Urzi,Universidad de Concepción,Deportes Concepción,15352961,2026-02-15,Home,68.0,1,1,0
159931,Cecilio Waterman,Universidad de Concepción,Deportes Concepción,15352961,2026-02-15,Home,90.0,2,1,1
1106828,Jeison Fuentealba,Universidad de Concepción,Deportes Concepción,15352961,2026-02-15,Home,90.0,2,1,1
906102,Yerco Oyanedel,Universidad de Concepción,Deportes Concepción,15352961,2026-02-15,Home,44.0,2,0,2
965719,Ariel Uribe,Universidad de Concepción,Deportes Concepción,15352961,2026-02-15,Home,22.0,1,0,1
986609,Jorge Espejo,Universidad de Concepción,Deportes Concepción,15352961,2026-02-15,Home,11.0,0,0,0
1125882,Harol Salgado,Universidad de Concepción,Deportes Concepción,15352961,2026-02-15,Home,0.0,0,0,0
883483,Moisés González,Universidad de Concepción,Deportes Concepción,15352961,2026-02-15,Home,0.0,0,0,0
158269,César Dutra,Deportes Concepción,Universidad de Concepción,15352961,2026-02-15,Away,90.0,1,2,-1
939938,Ariel Cáceres,Deportes Concepción,Universidad de Concepción,15352961,2026-02-15,Away,90.0,1,2,-1
988763,Norman Rodríguez,Deportes Concepción,Universidad de Concepción,15352961,2026-02-15,Away,90.0,1,2,-1
553508,Fausto Grillo,Deportes Concepción,Universidad de Concepción,15352961,2026-02-15,Away,90.0,1,2,-1
1980392,Javier Rojas,Deportes Concepción,Universidad de Concepción,15352961,2026-02-15,Away,73.0,1,2,-1
991004,Mario Sandoval,Deportes Concepción,Universidad de Concepción,15352961,2026-02-15,Away,87.0,1,2,-1
589548,Nelson Sepúlveda,Deportes Concepción,Universidad de Concepción,15352961,2026-02-15,Away,90.0,1,2,-1
986422,Aldrix Jara,Deportes Concepción,Universidad de Concepción,15352961,2026-02-15,Away,60.0,1,1,0
790010,Leonardo Valencia,Deportes Concepción,Universidad de Concepción,15352961,2026-02-15,Away,73.0,1,2,-1
986529,Ethan Espinoza,Deportes Concepción,Universidad de Concepción,15352961,2026-02-15,Away,73.0,1,2,-1
28242,Joaquín Larrivey,Deportes Concepción,Universidad de Concepción,15352961,2026-02-15,Away,90.0,1,2,-1
1482455,Leenhan Romero,Deportes Concepción,Universidad de Concepción,15352961,2026-02-15,Away,30.0,0,1,-1
924468,Matías Cavalleri,Deportes Concepción,Universidad de Concepción,15352961,2026-02-15,Away,17.0,0,0,0
312318,Brayan Véjar,Deportes Concepción,Universidad de Concepción,15352961,2026-02-15,Away,17.0,0,0,0
1125898,Ángel Gillard,Deportes Concepción,Universidad de Concepción,15352961,2026-02-15,Away,17.0,0,0,0
247079,Carlos Escobar,Deportes Concepción,Universidad de Concepción,15352961,2026-02-15,Away,3.0,0,0,0
158269,César Dutra,Deportes Concepción,Cobresal,15352962,2026-02-20,Home,90.0,0,1,-1
939938,Ariel Cáceres,Deportes Concepción,Cobresal,15352962,2026-02-20,Home,90.0,0,1,-1
988763,Norman Rodríguez,Deportes Concepción,Cobresal,15352962,2026-02-20,Home,90.0,0,1,-1
553508,Fausto Grillo,Deportes Concepción,Cobresal,15352962,2026-02-20,Home,65.0,0,0,0
973523,Diego Carrasco,Deportes Concepción,Cobresal,15352962,2026-02-20,Home,90.0,0,1,-1
589548,Nelson Sepúlveda,Deportes Concepción,Cobresal,15352962,2026-02-20,Home,90.0,0,1,-1
819072,Jorge Henríquez,Deportes Concepción,Cobresal,15352962,2026-02-20,Home,90.0,0,1,-1
790010,Leonardo Valencia,Deportes Concepción,Cobresal,15352962,2026-02-20,Home,80.0,0,0,0
177813,Misael Dávila,Deportes Concepción,Cobresal,15352962,2026-02-20,Home,80.0,0,0,0
906106,Ignacio Mesías,Deportes Concepción,Cobresal,15352962,2026-02-20,Home,80.0,0,0,0
247079,Carlos Escobar,Deportes Concepción,Cobresal,15352962,2026-02-20,Home,63.0,0,0,0
986529,Ethan Espinoza,Deportes Concepción,Cobresal,15352962,2026-02-20,Home,27.0,0,1,-1
22973,Cristián Suárez,Deportes Concepción,Cobresal,15352962,2026-02-20,Home,25.0,0,1,-1
1125898,Ángel Gillard,Deportes Concepción,Cobresal,15352962,2026-02-20,Home,10.0,0,1,-1
986422,Aldrix Jara,Deportes Concepción,Cobresal,15352962,2026-02-20,Home,10.0,0,1,-1
991004,Mario Sandoval,Deportes Concepción,Cobresal,15352962,2026-02-20,Home,10.0,0,1,-1
995285,Alejandro Santander,Cobresal,Deportes Concepción,15352962,2026-02-20,Away,90.0,1,0,1
1973053,Benjamín Valenzuela,Cobresal,Deportes Concepción,15352962,2026-02-20,Away,46.0,0,0,0
889519,Franco Bechtholdt,Cobresal,Deportes Concepción,15352962,2026-02-20,Away,90.0,1,0,1
832663,Christian Moreno,Cobresal,Deportes Concepción,15352962,2026-02-20,Away,90.0,1,0,1
986622,José Tiznado,Cobresal,Deportes Concepción,15352962,2026-02-20,Away,90.0,1,0,1
1016643,Aaron Astudillo,Cobresal,Deportes Concepción,15352962,2026-02-20,Away,90.0,1,0,1
1021117,César Yanis,Cobresal,Deportes Concepción,15352962,2026-02-20,Away,90.0,1,0,1
873620,Agustin Nadruz,Cobresal,Deportes Concepción,15352962,2026-02-20,Away,90.0,1,0,1
790000,Bryan Carvallo,Cobresal,Deportes Concepción,15352962,2026-02-20,Away,85.0,1,0,1
1835784,Matias Sepulveda,Cobresal,Deportes Concepción,15352962,2026-02-20,Away,46.0,0,0,0
974736,Julián Brea,Cobresal,Deportes Concepción,15352962,2026-02-20,Away,74.0,0,0,0
818865,Guillermo Pacheco,Cobresal,Deportes Concepción,15352962,2026-02-20,Away,44.0,1,0,1
937101,Steffan Pino,Cobresal,Deportes Concepción,15352962,2026-02-20,Away,44.0,1,0,1
962847,Esteban Valencia,Cobresal,Deportes Concepción,15352962,2026-02-20,Away,16.0,1,0,1
385990,Juan Fuentes,Cobresal,Deportes Concepción,15352962,2026-02-20,Away,5.0,0,0,0
47441,Nicola Pérez,Ñublense,Audax Italiano,15352963,2026-02-15,Home,90.0,1,0,1
973992,Diego Céspedes,Ñublense,Audax Italiano,15352963,2026-02-15,Home,90.0,1,0,1
819075,Osvaldo Bosso,Ñublense,Audax Italiano,15352963,2026-02-15,Home,90.0,1,0,1
1015675,Pablo Calderón,Ñublense,Audax Italiano,15352963,2026-02-15,Home,90.0,1,0,1
1118269,Ignacio Tapia,Ñublense,Audax Italiano,15352963,2026-02-15,Home,72.0,1,0,1
312376,Lorenzo Reyes,Ñublense,Audax Italiano,15352963,2026-02-15,Home,90.0,1,0,1
951278,Manuel Rivera,Ñublense,Audax Italiano,15352963,2026-02-15,Home,90.0,1,0,1
986626,Jovany Campusano,Ñublense,Audax Italiano,15352963,2026-02-15,Home,76.0,1,0,1
584418,Gabriel Graciani,Ñublense,Audax Italiano,15352963,2026-02-15,Home,61.0,1,0,1
761426,Ignacio Jeraldino,Ñublense,Audax Italiano,15352963,2026-02-15,Home,60.0,1,0,1
1396682,Lucas Molina,Ñublense,Audax Italiano,15352963,2026-02-15,Home,61.0,1,0,1
1518443,Franco Rami,Ñublense,Audax Italiano,15352963,2026-02-15,Home,30.0,0,0,0
1125913,Diego Sanhueza,Ñublense,Audax Italiano,15352963,2026-02-15,Home,29.0,0,0,0
986676,Matías Plaza,Ñublense,Audax Italiano,15352963,2026-02-15,Home,29.0,0,0,0
1197415,Alex Valdés,Ñublense,Audax Italiano,15352963,2026-02-15,Home,18.0,0,0,0
863129,Sebastián Valencia,Ñublense,Audax Italiano,15352963,2026-02-15,Home,14.0,0,0,0
975882,Tomás Ahumada,Audax Italiano,Ñublense,15352963,2026-02-15,Away,90.0,0,1,-1
1083863,Nicolás Aedo,Audax Italiano,Ñublense,15352963,2026-02-15,Away,90.0,0,1,-1
981010,Enzo Ferrario,Audax Italiano,Ñublense,15352963,2026-02-15,Away,90.0,0,1,-1
895340,Marcelo Ortíz,Audax Italiano,Ñublense,15352963,2026-02-15,Away,78.0,0,1,-1
1177235,Daniel Piña,Audax Italiano,Ñublense,15352963,2026-02-15,Away,90.0,0,1,-1
1177236,Esteban Matus,Audax Italiano,Ñublense,15352963,2026-02-15,Away,90.0,0,1,-1
997539,Rodrigo Cabral,Audax Italiano,Ñublense,15352963,2026-02-15,Away,46.0,0,1,-1
942156,Marco Collao,Audax Italiano,Ñublense,15352963,2026-02-15,Away,90.0,0,1,-1
986532,Federico Mateos,Audax Italiano,Ñublense,15352963,2026-02-15,Away,78.0,0,1,-1
912067,Michael Vadulli,Audax Italiano,Ñublense,15352963,2026-02-15,Away,43.0,0,0,0
875274,Diego Coelho,Audax Italiano,Ñublense,15352963,2026-02-15,Away,46.0,0,1,-1
1114520,Paolo Guajardo,Audax Italiano,Ñublense,15352963,2026-02-15,Away,47.0,0,1,-1
859990,Franco Troyansky,Audax Italiano,Ñublense,15352963,2026-02-15,Away,44.0,0,0,0
1485094,Giovani Chiaverano,Audax Italiano,Ñublense,15352963,2026-02-15,Away,44.0,0,0,0
1997135,Martín Jiménez,Audax Italiano,Ñublense,15352963,2026-02-15,Away,12.0,0,0,0
1440662,Favian Loyola,Audax Italiano,Ñublense,15352963,2026-02-15,Away,12.0,0,0,0
333465,Nicolás Avellaneda,Unión La Calera,Cobresal,15352964,2026-02-09,Home,90.0,3,1,2
889511,Christopher Díaz,Unión La Calera,Cobresal,15352964,2026-02-09,Home,90.0,3,1,2
1108449,Rodrigo Caseres,Unión La Calera,Cobresal,15352964,2026-02-09,Home,90.0,3,1,2
1125257,Nicolás Palma,Unión La Calera,Cobresal,15352964,2026-02-09,Home,90.0,3,1,2
1111544,Daniel Gutiérrez,Unión La Calera,Cobresal,15352964,2026-02-09,Home,90.0,3,1,2
965967,Juan Manuel Requena,Unión La Calera,Cobresal,15352964,2026-02-09,Home,80.0,3,1,2
1190022,Joaquín Soto,Unión La Calera,Cobresal,15352964,2026-02-09,Home,62.0,3,1,2
787710,Kevin Méndez,Unión La Calera,Cobresal,15352964,2026-02-09,Home,90.0,3,1,2
936901,Sebastián Sáez,Unión La Calera,Cobresal,15352964,2026-02-09,Home,69.0,3,1,2
951277,Bayron Oyarzo,Unión La Calera,Cobresal,15352964,2026-02-09,Home,69.0,3,1,2
1523685,Francisco Jose Pozzo,Unión La Calera,Cobresal,15352964,2026-02-09,Home,80.0,3,1,2
822444,Yerko Leiva,Unión La Calera,Cobresal,15352964,2026-02-09,Home,28.0,0,0,0
1403421,Axel Encinas,Unión La Calera,Cobresal,15352964,2026-02-09,Home,21.0,0,0,0
822449,Camilo Moya,Unión La Calera,Cobresal,15352964,2026-02-09,Home,21.0,0,0,0
924528,Matías Campos López,Unión La Calera,Cobresal,15352964,2026-02-09,Home,10.0,0,0,0
819005,Cristián Gutiérrez,Unión La Calera,Cobresal,15352964,2026-02-09,Home,10.0,0,0,0
995285,Alejandro Santander,Cobresal,Unión La Calera,15352964,2026-02-09,Away,90.0,1,3,-2
818865,Guillermo Pacheco,Cobresal,Unión La Calera,15352964,2026-02-09,Away,90.0,1,3,-2
889519,Franco Bechtholdt,Cobresal,Unión La Calera,15352964,2026-02-09,Away,90.0,1,3,-2
385990,Juan Fuentes,Cobresal,Unión La Calera,15352964,2026-02-09,Away,45.0,0,3,-3
986622,José Tiznado,Cobresal,Unión La Calera,15352964,2026-02-09,Away,90.0,1,3,-2
1014802,Rodrigo Sandoval,Cobresal,Unión La Calera,15352964,2026-02-09,Away,90.0,1,3,-2
1021117,César Yanis,Cobresal,Unión La Calera,15352964,2026-02-09,Away,90.0,1,3,-2
873620,Agustin Nadruz,Cobresal,Unión La Calera,15352964,2026-02-09,Away,90.0,1,3,-2
790000,Bryan Carvallo,Cobresal,Unión La Calera,15352964,2026-02-09,Away,90.0,1,3,-2
974736,Julián Brea,Cobresal,Unión La Calera,15352964,2026-02-09,Away,90.0,1,3,-2
937101,Steffan Pino,Cobresal,Unión La Calera,15352964,2026-02-09,Away,90.0,1,3,-2
1411683,Renato Huerta,Cobresal,Unión La Calera,15352964,2026-02-09,Away,45.0,1,0,1
874123,Matías Bórquez,Deportes Limache,Colo-Colo,15352965,2026-01-31,Home,90.0,3,1,2
875564,Augusto Aguirre,Deportes Limache,Colo-Colo,15352965,2026-01-31,Home,90.0,3,1,2
33829,Alfonso Parot,Deportes Limache,Colo-Colo,15352965,2026-01-31,Home,90.0,3,1,2
980882,Yerko González,Deportes Limache,Colo-Colo,15352965,2026-01-31,Home,90.0,3,1,2
986599,Joaquín Montecinos,Deportes Limache,Colo-Colo,15352965,2026-01-31,Home,72.0,3,0,3
818974,César Pinares,Deportes Limache,Colo-Colo,15352965,2026-01-31,Home,85.0,3,1,2
874853,Ramón Martínez,Deportes Limache,Colo-Colo,15352965,2026-01-31,Home,90.0,3,1,2
1197239,Marcelo Flores,Deportes Limache,Colo-Colo,15352965,2026-01-31,Home,81.0,3,0,3
818816,Jean Meneses,Deportes Limache,Colo-Colo,15352965,2026-01-31,Home,85.0,3,1,2
988084,Gonzalo Sosa,Deportes Limache,Colo-Colo,15352965,2026-01-31,Home,85.0,3,1,2
925992,Daniel Castro,Deportes Limache,Colo-Colo,15352965,2026-01-31,Home,90.0,3,1,2
1199394,Axel Alfonzo,Deportes Limache,Colo-Colo,15352965,2026-01-31,Home,18.0,0,1,-1
877098,Danilo Catalán,Deportes Limache,Colo-Colo,15352965,2026-01-31,Home,9.0,0,1,-1
1644853,Flavio Moya,Deportes Limache,Colo-Colo,15352965,2026-01-31,Home,5.0,0,0,0
863124,Misael Llantén,Deportes Limache,Colo-Colo,15352965,2026-01-31,Home,5.0,0,0,0
871813,Marcos Arturia,Deportes Limache,Colo-Colo,15352965,2026-01-31,Home,5.0,0,0,0
818874,Fernando de Paul,Colo-Colo,Deportes Limache,15352965,2026-01-31,Away,90.0,1,3,-2
805170,Matías Fernández,Colo-Colo,Deportes Limache,15352965,2026-01-31,Away,66.0,0,3,-3
1014795,Jonathan Villagra,Colo-Colo,Deportes Limache,15352965,2026-01-31,Away,90.0,1,3,-2
1015274,Joaquín Sosa,Colo-Colo,Deportes Limache,15352965,2026-01-31,Away,90.0,1,3,-2
973993,Erick Wiemberg,Colo-Colo,Deportes Limache,15352965,2026-01-31,Away,75.0,0,3,-3
18342,Arturo Vidal,Colo-Colo,Deportes Limache,15352965,2026-01-31,Away,90.0,1,3,-2
1601711,Leandro Hernández,Colo-Colo,Deportes Limache,15352965,2026-01-31,Away,46.0,0,3,-3
844224,Tomás Alarcón,Colo-Colo,Deportes Limache,15352965,2026-01-31,Away,90.0,1,3,-2
870020,Víctor Felipe Méndez,Colo-Colo,Deportes Limache,15352965,2026-01-31,Away,90.0,1,3,-2
1482420,Francisco Marchant,Colo-Colo,Deportes Limache,15352965,2026-01-31,Away,46.0,0,3,-3
792585,Maximiliano Romero,Colo-Colo,Deportes Limache,15352965,2026-01-31,Away,90.0,1,3,-2
340455,Claudio Aquino,Colo-Colo,Deportes Limache,15352965,2026-01-31,Away,44.0,1,0,1
1997136,Yastin Cuevas,Colo-Colo,Deportes Limache,15352965,2026-01-31,Away,44.0,1,0,1
1022259,Jeyson Rojas,Colo-Colo,Deportes Limache,15352965,2026-01-31,Away,24.0,1,0,1
1002936,Cristian Riquelme,Colo-Colo,Deportes Limache,15352965,2026-01-31,Away,15.0,1,0,1
805183,Gabriel Castellón,Universidad de Chile,Audax Italiano,15352966,2026-01-30,Home,90.0,0,0,0
818897,Fabián Hormazábal,Universidad de Chile,Audax Italiano,15352966,2026-01-30,Home,90.0,0,0,0
981341,Franco Calderón,Universidad de Chile,Audax Italiano,15352966,2026-01-30,Home,90.0,0,0,0
789979,Matías Zaldivia,Universidad de Chile,Audax Italiano,15352966,2026-01-30,Home,90.0,0,0,0
1138070,Felipe Salomoni,Universidad de Chile,Audax Italiano,15352966,2026-01-30,Home,90.0,0,0,0
906105,Maximiliano Guerrero,Universidad de Chile,Audax Italiano,15352966,2026-01-30,Home,89.0,0,0,0
1201172,Lucas Romero,Universidad de Chile,Audax Italiano,15352966,2026-01-30,Home,46.0,0,0,0
925337,Javier Altamirano,Universidad de Chile,Audax Italiano,15352966,2026-01-30,Home,89.0,0,0,0
18304,Charles Aránguiz,Universidad de Chile,Audax Italiano,15352966,2026-01-30,Home,90.0,0,0,0
1002939,Lucas Assadi,Universidad de Chile,Audax Italiano,15352966,2026-01-30,Home,90.0,0,0,0
790149,Octavio Rivero,Universidad de Chile,Audax Italiano,15352966,2026-01-30,Home,72.0,0,0,0
1482412,Ignacio Vásquez,Universidad de Chile,Audax Italiano,15352966,2026-01-30,Home,44.0,0,0,0
359024,Juan Martín Lucero,Universidad de Chile,Audax Italiano,15352966,2026-01-30,Home,18.0,0,0,0
589542,Israel Poblete,Universidad de Chile,Audax Italiano,15352966,2026-01-30,Home,1.0,0,0,0
831012,Nicolás Ramírez,Universidad de Chile,Audax Italiano,15352966,2026-01-30,Home,1.0,0,0,0
37006,Eduardo Vargas,Universidad de Chile,Audax Italiano,15352966,2026-01-30,Home,0.0,0,0,0
975882,Tomás Ahumada,Audax Italiano,Universidad de Chile,15352966,2026-01-30,Away,90.0,0,0,0
1997135,Martín Jiménez,Audax Italiano,Universidad de Chile,15352966,2026-01-30,Away,46.0,0,0,0
981010,Enzo Ferrario,Audax Italiano,Universidad de Chile,15352966,2026-01-30,Away,90.0,0,0,0
895340,Marcelo Ortíz,Audax Italiano,Universidad de Chile,15352966,2026-01-30,Away,90.0,0,0,0
1177235,Daniel Piña,Audax Italiano,Universidad de Chile,15352966,2026-01-30,Away,90.0,0,0,0
1177236,Esteban Matus,Audax Italiano,Universidad de Chile,15352966,2026-01-30,Away,90.0,0,0,0
997539,Rodrigo Cabral,Audax Italiano,Universidad de Chile,15352966,2026-01-30,Away,80.0,0,0,0
942156,Marco Collao,Audax Italiano,Universidad de Chile,15352966,2026-01-30,Away,90.0,0,0,0
1083863,Nicolás Aedo,Audax Italiano,Universidad de Chile,15352966,2026-01-30,Away,90.0,0,0,0
912067,Michael Vadulli,Audax Italiano,Universidad de Chile,15352966,2026-01-30,Away,89.0,0,0,0
875274,Diego Coelho,Audax Italiano,Universidad de Chile,15352966,2026-01-30,Away,89.0,0,0,0
986532,Federico Mateos,Audax Italiano,Universidad de Chile,15352966,2026-01-30,Away,44.0,0,0,0
1485094,Giovani Chiaverano,Audax Italiano,Universidad de Chile,15352966,2026-01-30,Away,10.0,0,0,0
859990,Franco Troyansky,Audax Italiano,Universidad de Chile,15352966,2026-01-30,Away,1.0,0,0,0
1440662,Favian Loyola,Audax Italiano,Universidad de Chile,15352966,2026-01-30,Away,1.0,0,0,0
1016653,Vicente Bernedo,Universidad Católica,Coquimbo Unido,15352967,2026-02-21,Home,90.0,3,1,2
386220,Tomás Asta-Buruaga,Universidad Católica,Coquimbo Unido,15352967,2026-02-21,Home,90.0,3,1,2
819088,Branco Ampuero,Universidad Católica,Coquimbo Unido,15352967,2026-02-21,Home,90.0,3,1,2
896624,Juan Ignacio Díaz,Universidad Católica,Coquimbo Unido,15352967,2026-02-21,Home,90.0,3,1,2
324937,Cristián Cuevas,Universidad Católica,Coquimbo Unido,15352967,2026-02-21,Home,89.0,3,1,2
22975,Gary Medel,Universidad Católica,Coquimbo Unido,15352967,2026-02-21,Home,90.0,3,1,2
1473023,Diego Corral,Universidad Católica,Coquimbo Unido,15352967,2026-02-21,Home,77.0,3,1,2
973560,Matías Palavecino,Universidad Católica,Coquimbo Unido,15352967,2026-02-21,Home,77.0,3,1,2
588796,Jimmy Martínez,Universidad Católica,Coquimbo Unido,15352967,2026-02-21,Home,87.0,3,1,2
932866,Justo Giani,Universidad Católica,Coquimbo Unido,15352967,2026-02-21,Home,90.0,3,1,2
828952,Fernando Zampedri,Universidad Católica,Coquimbo Unido,15352967,2026-02-21,Home,90.0,3,1,2
1982597,Vicente Cárcamo,Universidad Católica,Coquimbo Unido,15352967,2026-02-21,Home,13.0,0,0,0
819115,Jhojan Valencia,Universidad Católica,Coquimbo Unido,15352967,2026-02-21,Home,13.0,0,0,0
906110,Diego Valencia,Universidad Católica,Coquimbo Unido,15352967,2026-02-21,Home,3.0,0,0,0
117430,Eugenio Mena,Universidad Católica,Coquimbo Unido,15352967,2026-02-21,Home,1.0,0,0,0
386218,Diego Sánchez,Coquimbo Unido,Universidad Católica,15352967,2026-02-21,Away,90.0,1,3,-2
986548,Francisco Salinas,Coquimbo Unido,Universidad Católica,15352967,2026-02-21,Away,90.0,1,3,-2
986451,Benjamín Gazzolo,Coquimbo Unido,Universidad Católica,15352967,2026-02-21,Away,90.0,1,3,-2
889498,Manuel Fernández,Coquimbo Unido,Universidad Católica,15352967,2026-02-21,Away,90.0,1,3,-2
1096735,Juan Cornejo,Coquimbo Unido,Universidad Católica,15352967,2026-02-21,Away,90.0,1,3,-2
805408,Alejandro Camargo,Coquimbo Unido,Universidad Católica,15352967,2026-02-21,Away,90.0,1,3,-2
981333,Dylan Glaby,Coquimbo Unido,Universidad Católica,15352967,2026-02-21,Away,57.0,1,2,-1
852143,Luis Riveros,Coquimbo Unido,Universidad Católica,15352967,2026-02-21,Away,71.0,1,3,-2
376740,Guido Vadalá,Coquimbo Unido,Universidad Católica,15352967,2026-02-21,Away,79.0,1,3,-2
1125880,Benjamín Chandía,Coquimbo Unido,Universidad Católica,15352967,2026-02-21,Away,71.0,1,3,-2
39244,Lucas Pratto,Coquimbo Unido,Universidad Católica,15352967,2026-02-21,Away,57.0,1,2,-1
829288,Salvador Cordero,Coquimbo Unido,Universidad Católica,15352967,2026-02-21,Away,33.0,0,1,-1
889043,Rodrigo Holgado,Coquimbo Unido,Universidad Católica,15352967,2026-02-21,Away,33.0,0,1,-1
974008,Sebastián Cabrera,Coquimbo Unido,Universidad Católica,15352967,2026-02-21,Away,19.0,0,0,0
986513,Dylan Escobar,Coquimbo Unido,Universidad Católica,15352967,2026-02-21,Away,19.0,0,0,0
1108027,Alejandro Azócar,Coquimbo Unido,Universidad Católica,15352967,2026-02-21,Away,11.0,0,0,0
975882,Tomás Ahumada,Audax Italiano,Everton de Viña del Mar,15352968,2026-02-22,Home,90.0,1,0,1
981010,Enzo Ferrario,Audax Italiano,Everton de Viña del Mar,15352968,2026-02-22,Home,90.0,1,0,1
895340,Marcelo Ortíz,Audax Italiano,Everton de Viña del Mar,15352968,2026-02-22,Home,90.0,1,0,1
1177235,Daniel Piña,Audax Italiano,Everton de Viña del Mar,15352968,2026-02-22,Home,90.0,1,0,1
1114520,Paolo Guajardo,Audax Italiano,Everton de Viña del Mar,15352968,2026-02-22,Home,57.0,0,0,0
986532,Federico Mateos,Audax Italiano,Everton de Viña del Mar,15352968,2026-02-22,Home,82.0,1,0,1
1083863,Nicolás Aedo,Audax Italiano,Everton de Viña del Mar,15352968,2026-02-22,Home,74.0,1,0,1
1177236,Esteban Matus,Audax Italiano,Everton de Viña del Mar,15352968,2026-02-22,Home,90.0,1,0,1
1485094,Giovani Chiaverano,Audax Italiano,Everton de Viña del Mar,15352968,2026-02-22,Home,82.0,1,0,1
875274,Diego Coelho,Audax Italiano,Everton de Viña del Mar,15352968,2026-02-22,Home,90.0,1,0,1
997539,Rodrigo Cabral,Audax Italiano,Everton de Viña del Mar,15352968,2026-02-22,Home,74.0,1,0,1
1440662,Favian Loyola,Audax Italiano,Everton de Viña del Mar,15352968,2026-02-22,Home,33.0,1,0,1
1920586,Mario Sandoval,Audax Italiano,Everton de Viña del Mar,15352968,2026-02-22,Home,16.0,0,0,0
859990,Franco Troyansky,Audax Italiano,Everton de Viña del Mar,15352968,2026-02-22,Home,16.0,0,0,0
1473443,Diego Monreal,Audax Italiano,Everton de Viña del Mar,15352968,2026-02-22,Home,8.0,0,0,0
906112,Oliver Rojas,Audax Italiano,Everton de Viña del Mar,15352968,2026-02-22,Home,8.0,0,0,0
790001,Ignacio González,Everton de Viña del Mar,Audax Italiano,15352968,2026-02-22,Away,90.0,0,1,-1
988143,Cristopher Barrera,Everton de Viña del Mar,Audax Italiano,15352968,2026-02-22,Away,61.0,0,0,0
1216169,Vicente Vega,Everton de Viña del Mar,Audax Italiano,15352968,2026-02-22,Away,83.0,0,1,-1
976168,Hugo Magallanes,Everton de Viña del Mar,Audax Italiano,15352968,2026-02-22,Away,90.0,0,1,-1
339891,Diego Oyarzún,Everton de Viña del Mar,Audax Italiano,15352968,2026-02-22,Away,90.0,0,1,-1
947963,Vicente Fernández,Everton de Viña del Mar,Audax Italiano,15352968,2026-02-22,Away,90.0,0,1,-1
951270,Joaquín Moya,Everton de Viña del Mar,Audax Italiano,15352968,2026-02-22,Away,90.0,0,1,-1
800239,Dieter Villalpando,Everton de Viña del Mar,Audax Italiano,15352968,2026-02-22,Away,90.0,0,1,-1
1199239,Emiliano Ramos,Everton de Viña del Mar,Audax Italiano,15352968,2026-02-22,Away,84.0,0,1,-1
956838,Julián Alfaro,Everton de Viña del Mar,Audax Italiano,15352968,2026-02-22,Away,70.0,0,1,-1
975053,Alan Medina,Everton de Viña del Mar,Audax Italiano,15352968,2026-02-22,Away,90.0,0,1,-1
1119679,Lucas Soto,Everton de Viña del Mar,Audax Italiano,15352968,2026-02-22,Away,29.0,0,1,-1
1469553,Martín Cárcamo,Everton de Viña del Mar,Audax Italiano,15352968,2026-02-22,Away,20.0,0,0,0
1020255,Braian Martínez,Everton de Viña del Mar,Audax Italiano,15352968,2026-02-22,Away,7.0,0,0,0
2059827,Amaro Leon,Everton de Viña del Mar,Audax Italiano,15352968,2026-02-22,Away,6.0,0,0,0
386218,Diego Sánchez,Coquimbo Unido,Palestino,15352969,2026-02-07,Home,90.0,3,1,2
986513,Dylan Escobar,Coquimbo Unido,Palestino,15352969,2026-02-07,Home,90.0,3,1,2
1019924,Elvis Hernández,Coquimbo Unido,Palestino,15352969,2026-02-07,Home,90.0,3,1,2
986451,Benjamín Gazzolo,Coquimbo Unido,Palestino,15352969,2026-02-07,Home,90.0,3,1,2
1096735,Juan Cornejo,Coquimbo Unido,Palestino,15352969,2026-02-07,Home,90.0,3,1,2
805408,Alejandro Camargo,Coquimbo Unido,Palestino,15352969,2026-02-07,Home,60.0,2,0,2
974009,Sebastián Galani,Coquimbo Unido,Palestino,15352969,2026-02-07,Home,90.0,3,1,2
852143,Luis Riveros,Coquimbo Unido,Palestino,15352969,2026-02-07,Home,67.0,2,0,2
376740,Guido Vadalá,Coquimbo Unido,Palestino,15352969,2026-02-07,Home,67.0,2,0,2
1836149,Dixon Pereira,Coquimbo Unido,Palestino,15352969,2026-02-07,Home,45.0,2,0,2
39244,Lucas Pratto,Coquimbo Unido,Palestino,15352969,2026-02-07,Home,60.0,2,0,2
889498,Manuel Fernández,Coquimbo Unido,Palestino,15352969,2026-02-07,Home,45.0,1,1,0
1125880,Benjamín Chandía,Coquimbo Unido,Palestino,15352969,2026-02-07,Home,30.0,1,1,0
981333,Dylan Glaby,Coquimbo Unido,Palestino,15352969,2026-02-07,Home,30.0,1,1,0
1643443,Nicolás Johansen,Coquimbo Unido,Palestino,15352969,2026-02-07,Home,23.0,1,1,0
974008,Sebastián Cabrera,Coquimbo Unido,Palestino,15352969,2026-02-07,Home,23.0,1,1,0
842274,Sebastián Pérez,Palestino,Coquimbo Unido,15352969,2026-02-07,Away,90.0,1,3,-2
1797934,Ian Garguez,Palestino,Coquimbo Unido,15352969,2026-02-07,Away,46.0,0,2,-2
805305,José Bizama,Palestino,Coquimbo Unido,15352969,2026-02-07,Away,90.0,1,3,-2
1116992,Antonio Ceza,Palestino,Coquimbo Unido,15352969,2026-02-07,Away,46.0,0,2,-2
339711,Dilan Zúñiga,Palestino,Coquimbo Unido,15352969,2026-02-07,Away,90.0,1,3,-2
334027,Julián Fernández,Palestino,Coquimbo Unido,15352969,2026-02-07,Away,90.0,1,3,-2
230054,Bryan Carrasco,Palestino,Coquimbo Unido,15352969,2026-02-07,Away,71.0,0,2,-2
1797930,Francisco Montes,Palestino,Coquimbo Unido,15352969,2026-02-07,Away,46.0,0,2,-2
116096,Sebastián Gallegos,Palestino,Coquimbo Unido,15352969,2026-02-07,Away,90.0,1,3,-2
819017,Jonathan Benítez,Palestino,Coquimbo Unido,15352969,2026-02-07,Away,46.0,0,2,-2
805150,Ronnie Fernández,Palestino,Coquimbo Unido,15352969,2026-02-07,Away,90.0,1,3,-2
883928,Nelson Da Silva,Palestino,Coquimbo Unido,15352969,2026-02-07,Away,44.0,1,1,0
105971,Enzo Roco,Palestino,Coquimbo Unido,15352969,2026-02-07,Away,44.0,1,1,0
1125923,Gonzalo Tapia,Palestino,Coquimbo Unido,15352969,2026-02-07,Away,44.0,1,1,0
1017320,Jason León,Palestino,Coquimbo Unido,15352969,2026-02-07,Away,44.0,1,1,0
1985127,Ian Alegría,Palestino,Coquimbo Unido,15352969,2026-02-07,Away,19.0,1,1,0
831242,Omar Carabalí,O'Higgins,Colo-Colo,15352970,2026-02-21,Home,90.0,0,1,-1
1482408,Felipe Faúndez,O'Higgins,Colo-Colo,15352970,2026-02-21,Home,90.0,0,1,-1
892450,Alan Robledo,O'Higgins,Colo-Colo,15352970,2026-02-21,Home,90.0,0,1,-1
990283,Miguel Brizuela,O'Higgins,Colo-Colo,15352970,2026-02-21,Home,90.0,0,1,-1
339699,Luis Pavez Munoz,O'Higgins,Colo-Colo,15352970,2026-02-21,Home,90.0,0,1,-1
983528,Francisco González,O'Higgins,Colo-Colo,15352970,2026-02-21,Home,60.0,0,1,-1
1177211,Felipe Ogaz,O'Higgins,Colo-Colo,15352970,2026-02-21,Home,76.0,0,1,-1
844183,Juan Leiva,O'Higgins,Colo-Colo,15352970,2026-02-21,Home,90.0,0,1,-1
942415,Bastián Yáñez,O'Higgins,Colo-Colo,15352970,2026-02-21,Home,76.0,0,1,-1
789677,Martín Sarrafiore,O'Higgins,Colo-Colo,15352970,2026-02-21,Home,60.0,0,1,-1
849177,Arnaldo Castillo,O'Higgins,Colo-Colo,15352970,2026-02-21,Home,79.0,0,1,-1
1798260,Joaquín Tapia,O'Higgins,Colo-Colo,15352970,2026-02-21,Home,30.0,0,0,0
126376,Bryan Rabello,O'Higgins,Colo-Colo,15352970,2026-02-21,Home,30.0,0,0,0
2038202,Rodrigo Godoy,O'Higgins,Colo-Colo,15352970,2026-02-21,Home,14.0,0,0,0
1485083,Benjamin Schamine,O'Higgins,Colo-Colo,15352970,2026-02-21,Home,14.0,0,0,0
923802,Thiago Vecino,O'Higgins,Colo-Colo,15352970,2026-02-21,Home,11.0,0,0,0
818874,Fernando de Paul,Colo-Colo,O'Higgins,15352970,2026-02-21,Away,90.0,1,0,1
1022259,Jeyson Rojas,Colo-Colo,O'Higgins,15352970,2026-02-21,Away,90.0,1,0,1
1014795,Jonathan Villagra,Colo-Colo,O'Higgins,15352970,2026-02-21,Away,90.0,1,0,1
1015274,Joaquín Sosa,Colo-Colo,O'Higgins,15352970,2026-02-21,Away,90.0,1,0,1
1176822,Diego Ulloa,Colo-Colo,O'Higgins,15352970,2026-02-21,Away,90.0,1,0,1
18342,Arturo Vidal,Colo-Colo,O'Higgins,15352970,2026-02-21,Away,79.0,1,0,1
1601711,Leandro Hernández,Colo-Colo,O'Higgins,15352970,2026-02-21,Away,67.0,1,0,1
844224,Tomás Alarcón,Colo-Colo,O'Higgins,15352970,2026-02-21,Away,90.0,1,0,1
870020,Víctor Felipe Méndez,Colo-Colo,O'Higgins,15352970,2026-02-21,Away,90.0,1,0,1
340455,Claudio Aquino,Colo-Colo,O'Higgins,15352970,2026-02-21,Away,79.0,1,0,1
792585,Maximiliano Romero,Colo-Colo,O'Higgins,15352970,2026-02-21,Away,89.0,1,0,1
1199243,Lautaro Pastrán,Colo-Colo,O'Higgins,15352970,2026-02-21,Away,23.0,0,0,0
1482420,Francisco Marchant,Colo-Colo,O'Higgins,15352970,2026-02-21,Away,11.0,0,0,0
889502,Álvaro Madrid,Colo-Colo,O'Higgins,15352970,2026-02-21,Away,11.0,0,0,0
924858,Javier Méndez,Colo-Colo,O'Higgins,15352970,2026-02-21,Away,1.0,0,0,0
1997136,Yastin Cuevas,Colo-Colo,O'Higgins,15352970,2026-02-21,Away,0.0,0,0,0
47441,Nicola Pérez,Ñublense,Deportes Limache,15352971,2026-02-08,Home,90.0,1,1,0
819075,Osvaldo Bosso,Ñublense,Deportes Limache,15352971,2026-02-08,Home,90.0,1,1,0
973992,Diego Céspedes,Ñublense,Deportes Limache,15352971,2026-02-08,Home,90.0,1,1,0
1015675,Pablo Calderón,Ñublense,Deportes Limache,15352971,2026-02-08,Home,65.0,1,1,0
1125913,Diego Sanhueza,Ñublense,Deportes Limache,15352971,2026-02-08,Home,46.0,0,1,-1
312376,Lorenzo Reyes,Ñublense,Deportes Limache,15352971,2026-02-08,Home,90.0,1,1,0
986676,Matías Plaza,Ñublense,Deportes Limache,15352971,2026-02-08,Home,70.0,1,1,0
986626,Jovany Campusano,Ñublense,Deportes Limache,15352971,2026-02-08,Home,90.0,1,1,0
584418,Gabriel Graciani,Ñublense,Deportes Limache,15352971,2026-02-08,Home,90.0,1,1,0
761426,Ignacio Jeraldino,Ñublense,Deportes Limache,15352971,2026-02-08,Home,80.0,1,1,0
1118269,Ignacio Tapia,Ñublense,Deportes Limache,15352971,2026-02-08,Home,65.0,1,1,0
951278,Manuel Rivera,Ñublense,Deportes Limache,15352971,2026-02-08,Home,44.0,1,0,1
949422,Carlos Salomón,Ñublense,Deportes Limache,15352971,2026-02-08,Home,25.0,0,0,0
1197415,Alex Valdés,Ñublense,Deportes Limache,15352971,2026-02-08,Home,25.0,0,0,0
962130,Fernando Ovelar,Ñublense,Deportes Limache,15352971,2026-02-08,Home,20.0,0,0,0
1518443,Franco Rami,Ñublense,Deportes Limache,15352971,2026-02-08,Home,10.0,0,0,0
874123,Matías Bórquez,Deportes Limache,Ñublense,15352971,2026-02-08,Away,90.0,1,1,0
875564,Augusto Aguirre,Deportes Limache,Ñublense,15352971,2026-02-08,Away,90.0,1,1,0
33829,Alfonso Parot,Deportes Limache,Ñublense,15352971,2026-02-08,Away,90.0,1,1,0
980882,Yerko González,Deportes Limache,Ñublense,15352971,2026-02-08,Away,90.0,1,1,0
986599,Joaquín Montecinos,Deportes Limache,Ñublense,15352971,2026-02-08,Away,65.0,1,1,0
818974,César Pinares,Deportes Limache,Ñublense,15352971,2026-02-08,Away,82.0,1,1,0
874853,Ramón Martínez,Deportes Limache,Ñublense,15352971,2026-02-08,Away,90.0,1,1,0
1197239,Marcelo Flores,Deportes Limache,Ñublense,15352971,2026-02-08,Away,90.0,1,1,0
925992,Daniel Castro,Deportes Limache,Ñublense,15352971,2026-02-08,Away,90.0,1,1,0
988084,Gonzalo Sosa,Deportes Limache,Ñublense,15352971,2026-02-08,Away,90.0,1,1,0
818816,Jean Meneses,Deportes Limache,Ñublense,15352971,2026-02-08,Away,90.0,1,1,0
1199394,Axel Alfonzo,Deportes Limache,Ñublense,15352971,2026-02-08,Away,25.0,0,0,0
247073,César Fuentes,Deportes Limache,Ñublense,15352971,2026-02-08,Away,8.0,0,0,0
871813,Marcos Arturia,Deportes Limache,Ñublense,15352971,2026-02-08,Away,0.0,0,0,0
842274,Sebastián Pérez,Palestino,Ñublense,15352972,2026-02-01,Home,90.0,1,1,0
1797934,Ian Garguez,Palestino,Ñublense,15352972,2026-02-01,Home,90.0,1,1,0
805305,José Bizama,Palestino,Ñublense,15352972,2026-02-01,Home,90.0,1,1,0
33943,Fernando Meza,Palestino,Ñublense,15352972,2026-02-01,Home,90.0,1,1,0
339711,Dilan Zúñiga,Palestino,Ñublense,15352972,2026-02-01,Home,90.0,1,1,0
334027,Julián Fernández,Palestino,Ñublense,15352972,2026-02-01,Home,90.0,1,1,0
230054,Bryan Carrasco,Palestino,Ñublense,15352972,2026-02-01,Home,80.0,1,1,0
116096,Sebastián Gallegos,Palestino,Ñublense,15352972,2026-02-01,Home,90.0,1,1,0
868786,Joe Abrigo,Palestino,Ñublense,15352972,2026-02-01,Home,46.0,1,0,1
819017,Jonathan Benítez,Palestino,Ñublense,15352972,2026-02-01,Home,57.0,1,0,1
805150,Ronnie Fernández,Palestino,Ñublense,15352972,2026-02-01,Home,79.0,1,1,0
1125923,Gonzalo Tapia,Palestino,Ñublense,15352972,2026-02-01,Home,44.0,0,1,-1
1017320,Jason León,Palestino,Ñublense,15352972,2026-02-01,Home,33.0,0,1,-1
883928,Nelson Da Silva,Palestino,Ñublense,15352972,2026-02-01,Home,11.0,0,0,0
1386875,Dilan Salgado,Palestino,Ñublense,15352972,2026-02-01,Home,10.0,0,0,0
47441,Nicola Pérez,Ñublense,Palestino,15352972,2026-02-01,Away,90.0,1,1,0
1125913,Diego Sanhueza,Ñublense,Palestino,15352972,2026-02-01,Away,90.0,1,1,0
1015675,Pablo Calderón,Ñublense,Palestino,15352972,2026-02-01,Away,90.0,1,1,0
819075,Osvaldo Bosso,Ñublense,Palestino,15352972,2026-02-01,Away,90.0,1,1,0
986626,Jovany Campusano,Ñublense,Palestino,15352972,2026-02-01,Away,90.0,1,1,0
584418,Gabriel Graciani,Ñublense,Palestino,15352972,2026-02-01,Away,58.0,0,1,-1
312376,Lorenzo Reyes,Ñublense,Palestino,15352972,2026-02-01,Away,90.0,1,1,0
951278,Manuel Rivera,Ñublense,Palestino,15352972,2026-02-01,Away,59.0,0,1,-1
1396682,Lucas Molina,Ñublense,Palestino,15352972,2026-02-01,Away,59.0,0,1,-1
761426,Ignacio Jeraldino,Ñublense,Palestino,15352972,2026-02-01,Away,77.0,1,1,0
986676,Matías Plaza,Ñublense,Palestino,15352972,2026-02-01,Away,82.0,1,1,0
1118269,Ignacio Tapia,Ñublense,Palestino,15352972,2026-02-01,Away,32.0,1,0,1
973992,Diego Céspedes,Ñublense,Palestino,15352972,2026-02-01,Away,31.0,1,0,1
1518443,Franco Rami,Ñublense,Palestino,15352972,2026-02-01,Away,31.0,1,0,1
962130,Fernando Ovelar,Ñublense,Palestino,15352972,2026-02-01,Away,13.0,0,0,0
1981750,Daniel Saavedra,Ñublense,Palestino,15352972,2026-02-01,Away,8.0,0,0,0
920957,Rodrigo Odriozola,Huachipato,Palestino,15352973,2026-02-21,Home,90.0,2,1,1
247055,Nicolás Vargas,Huachipato,Palestino,15352973,2026-02-21,Home,90.0,2,1,1
36995,Rafael Caroca,Huachipato,Palestino,15352973,2026-02-21,Home,90.0,2,1,1
1836787,Benjamín Mellado,Huachipato,Palestino,15352973,2026-02-21,Home,53.0,0,1,-1
1108721,Maicol León,Huachipato,Palestino,15352973,2026-02-21,Home,90.0,2,1,1
1656140,Javier Nicolás Cárcamo,Huachipato,Palestino,15352973,2026-02-21,Home,46.0,0,1,-1
1381958,Santiago Silva,Huachipato,Palestino,15352973,2026-02-21,Home,53.0,0,1,-1
1106831,José Ignacio Castro,Huachipato,Palestino,15352973,2026-02-21,Home,45.0,0,1,-1
1177673,Kevin Altez,Huachipato,Palestino,15352973,2026-02-21,Home,79.0,1,1,0
940483,Maximiliano Rodríguez,Huachipato,Palestino,15352973,2026-02-21,Home,90.0,2,1,1
851968,Cris Martínez,Huachipato,Palestino,15352973,2026-02-21,Home,90.0,2,1,1
988078,Harold Antiñirre,Huachipato,Palestino,15352973,2026-02-21,Home,45.0,2,0,2
1017455,Ezequiel Cañete,Huachipato,Palestino,15352973,2026-02-21,Home,44.0,2,0,2
249373,Claudio Sepúlveda,Huachipato,Palestino,15352973,2026-02-21,Home,37.0,2,0,2
845174,Mario Briceño,Huachipato,Palestino,15352973,2026-02-21,Home,37.0,2,0,2
323439,Lionel Altamirano,Huachipato,Palestino,15352973,2026-02-21,Home,11.0,1,0,1
842274,Sebastián Pérez,Palestino,Huachipato,15352973,2026-02-21,Away,90.0,1,2,-1
1464931,Vicente Espinoza,Palestino,Huachipato,15352973,2026-02-21,Away,90.0,1,2,-1
805305,José Bizama,Palestino,Huachipato,15352973,2026-02-21,Away,90.0,1,2,-1
33943,Fernando Meza,Palestino,Huachipato,15352973,2026-02-21,Away,90.0,1,2,-1
334027,Julián Fernández,Palestino,Huachipato,15352973,2026-02-21,Away,87.0,1,2,-1
1797934,Ian Garguez,Palestino,Huachipato,15352973,2026-02-21,Away,68.0,1,1,0
116096,Sebastián Gallegos,Palestino,Huachipato,15352973,2026-02-21,Away,87.0,1,2,-1
1017320,Jason León,Palestino,Huachipato,15352973,2026-02-21,Away,68.0,1,1,0
339711,Dilan Zúñiga,Palestino,Huachipato,15352973,2026-02-21,Away,90.0,1,2,-1
1125923,Gonzalo Tapia,Palestino,Huachipato,15352973,2026-02-21,Away,68.0,1,1,0
883928,Nelson Da Silva,Palestino,Huachipato,15352973,2026-02-21,Away,90.0,1,2,-1
1797930,Francisco Montes,Palestino,Huachipato,15352973,2026-02-21,Away,22.0,0,1,-1
230054,Bryan Carrasco,Palestino,Huachipato,15352973,2026-02-21,Away,22.0,0,1,-1
819017,Jonathan Benítez,Palestino,Huachipato,15352973,2026-02-21,Away,22.0,0,1,-1
2456021,Albert Gomez,Palestino,Huachipato,15352973,2026-02-21,Away,3.0,0,0,0
1064150,Nicolás Meza,Palestino,Huachipato,15352973,2026-02-21,Away,3.0,0,0,0
1657110,Sebastián Mella,Huachipato,Universidad de Chile,15352974,2026-02-08,Home,90.0,2,1,1
247055,Nicolás Vargas,Huachipato,Universidad de Chile,15352974,2026-02-08,Home,84.0,2,1,1
36995,Rafael Caroca,Huachipato,Universidad de Chile,15352974,2026-02-08,Home,90.0,2,1,1
1096236,Renzo Malanca,Huachipato,Universidad de Chile,15352974,2026-02-08,Home,90.0,2,1,1
249373,Claudio Sepúlveda,Huachipato,Universidad de Chile,15352974,2026-02-08,Home,90.0,2,1,1
1385794,Maximiliano Gutiérrez,Huachipato,Universidad de Chile,15352974,2026-02-08,Home,90.0,2,1,1
1381958,Santiago Silva,Huachipato,Universidad de Chile,15352974,2026-02-08,Home,90.0,2,1,1
1017455,Ezequiel Cañete,Huachipato,Universidad de Chile,15352974,2026-02-08,Home,84.0,2,1,1
1482399,Lucas Velásquez,Huachipato,Universidad de Chile,15352974,2026-02-08,Home,71.0,1,1,0
940483,Maximiliano Rodríguez,Huachipato,Universidad de Chile,15352974,2026-02-08,Home,71.0,1,1,0
323439,Lionel Altamirano,Huachipato,Universidad de Chile,15352974,2026-02-08,Home,90.0,2,1,1
1106831,José Ignacio Castro,Huachipato,Universidad de Chile,15352974,2026-02-08,Home,19.0,1,0,1
1108721,Maicol León,Huachipato,Universidad de Chile,15352974,2026-02-08,Home,19.0,1,0,1
1656140,Javier Nicolás Cárcamo,Huachipato,Universidad de Chile,15352974,2026-02-08,Home,6.0,0,0,0
1108549,Claudio Torres,Huachipato,Universidad de Chile,15352974,2026-02-08,Home,6.0,0,0,0
2038211,Sebastián Melgarejo,Huachipato,Universidad de Chile,15352974,2026-02-08,Home,0.0,0,0,0
805183,Gabriel Castellón,Universidad de Chile,Huachipato,15352974,2026-02-08,Away,90.0,1,2,-1
831012,Nicolás Ramírez,Universidad de Chile,Huachipato,15352974,2026-02-08,Away,84.0,1,2,-1
981341,Franco Calderón,Universidad de Chile,Huachipato,15352974,2026-02-08,Away,90.0,1,2,-1
789979,Matías Zaldivia,Universidad de Chile,Huachipato,15352974,2026-02-08,Away,90.0,1,2,-1
818897,Fabián Hormazábal,Universidad de Chile,Huachipato,15352974,2026-02-08,Away,90.0,1,2,-1
589542,Israel Poblete,Universidad de Chile,Huachipato,15352974,2026-02-08,Away,90.0,1,2,-1
18304,Charles Aránguiz,Universidad de Chile,Huachipato,15352974,2026-02-08,Away,90.0,1,2,-1
1482432,Diego Vargas,Universidad de Chile,Huachipato,15352974,2026-02-08,Away,59.0,1,1,0
925337,Javier Altamirano,Universidad de Chile,Huachipato,15352974,2026-02-08,Away,59.0,1,1,0
37006,Eduardo Vargas,Universidad de Chile,Huachipato,15352974,2026-02-08,Away,90.0,1,2,-1
1002939,Lucas Assadi,Universidad de Chile,Huachipato,15352974,2026-02-08,Away,90.0,1,2,-1
1087387,Marcelo Morales,Universidad de Chile,Huachipato,15352974,2026-02-08,Away,31.0,0,1,-1
906105,Maximiliano Guerrero,Universidad de Chile,Huachipato,15352974,2026-02-08,Away,31.0,0,1,-1
1482412,Ignacio Vásquez,Universidad de Chile,Huachipato,15352974,2026-02-08,Away,6.0,0,0,0
333465,Nicolás Avellaneda,Unión La Calera,Ñublense,15352975,2026-02-20,Home,90.0,0,0,0
889511,Christopher Díaz,Unión La Calera,Ñublense,15352975,2026-02-20,Home,90.0,0,0,0
1108449,Rodrigo Caseres,Unión La Calera,Ñublense,15352975,2026-02-20,Home,90.0,0,0,0
1111544,Daniel Gutiérrez,Unión La Calera,Ñublense,15352975,2026-02-20,Home,90.0,0,0,0
819005,Cristián Gutiérrez,Unión La Calera,Ñublense,15352975,2026-02-20,Home,90.0,0,0,0
965967,Juan Manuel Requena,Unión La Calera,Ñublense,15352975,2026-02-20,Home,90.0,0,0,0
1190022,Joaquín Soto,Unión La Calera,Ñublense,15352975,2026-02-20,Home,63.0,0,0,0
787710,Kevin Méndez,Unión La Calera,Ñublense,15352975,2026-02-20,Home,63.0,0,0,0
936901,Sebastián Sáez,Unión La Calera,Ñublense,15352975,2026-02-20,Home,90.0,0,0,0
951277,Bayron Oyarzo,Unión La Calera,Ñublense,15352975,2026-02-20,Home,88.0,0,0,0
1523685,Francisco Jose Pozzo,Unión La Calera,Ñublense,15352975,2026-02-20,Home,88.0,0,0,0
822444,Yerko Leiva,Unión La Calera,Ñublense,15352975,2026-02-20,Home,27.0,0,0,0
1403421,Axel Encinas,Unión La Calera,Ñublense,15352975,2026-02-20,Home,27.0,0,0,0
861299,Carlo Villanueva,Unión La Calera,Ñublense,15352975,2026-02-20,Home,2.0,0,0,0
924528,Matías Campos López,Unión La Calera,Ñublense,15352975,2026-02-20,Home,2.0,0,0,0
47441,Nicola Pérez,Ñublense,Unión La Calera,15352975,2026-02-20,Away,90.0,0,0,0
973992,Diego Céspedes,Ñublense,Unión La Calera,15352975,2026-02-20,Away,90.0,0,0,0
819075,Osvaldo Bosso,Ñublense,Unión La Calera,15352975,2026-02-20,Away,90.0,0,0,0
863129,Sebastián Valencia,Ñublense,Unión La Calera,15352975,2026-02-20,Away,90.0,0,0,0
584418,Gabriel Graciani,Ñublense,Unión La Calera,15352975,2026-02-20,Away,63.0,0,0,0
312376,Lorenzo Reyes,Ñublense,Unión La Calera,15352975,2026-02-20,Away,90.0,0,0,0
951278,Manuel Rivera,Ñublense,Unión La Calera,15352975,2026-02-20,Away,81.0,0,0,0
986626,Jovany Campusano,Ñublense,Unión La Calera,15352975,2026-02-20,Away,90.0,0,0,0
986676,Matías Plaza,Ñublense,Unión La Calera,15352975,2026-02-20,Away,71.0,0,0,0
1197415,Alex Valdés,Ñublense,Unión La Calera,15352975,2026-02-20,Away,81.0,0,0,0
761426,Ignacio Jeraldino,Ñublense,Unión La Calera,15352975,2026-02-20,Away,63.0,0,0,0
1125913,Diego Sanhueza,Ñublense,Unión La Calera,15352975,2026-02-20,Away,27.0,0,0,0
1518443,Franco Rami,Ñublense,Unión La Calera,15352975,2026-02-20,Away,27.0,0,0,0
1396682,Lucas Molina,Ñublense,Unión La Calera,15352975,2026-02-20,Away,19.0,0,0,0
949422,Carlos Salomón,Ñublense,Unión La Calera,15352975,2026-02-20,Away,9.0,0,0,0
962130,Fernando Ovelar,Ñublense,Unión La Calera,15352975,2026-02-20,Away,9.0,0,0,0
818874,Fernando de Paul,Colo-Colo,Everton de Viña del Mar,15352976,2026-02-07,Home,90.0,0,0,0
1022259,Jeyson Rojas,Colo-Colo,Everton de Viña del Mar,15352976,2026-02-07,Home,90.0,0,0,0
1014795,Jonathan Villagra,Colo-Colo,Everton de Viña del Mar,15352976,2026-02-07,Home,90.0,0,0,0
1015274,Joaquín Sosa,Colo-Colo,Everton de Viña del Mar,15352976,2026-02-07,Home,90.0,0,0,0
1176822,Diego Ulloa,Colo-Colo,Everton de Viña del Mar,15352976,2026-02-07,Home,90.0,0,0,0
844224,Tomás Alarcón,Colo-Colo,Everton de Viña del Mar,15352976,2026-02-07,Home,61.0,0,0,0
18342,Arturo Vidal,Colo-Colo,Everton de Viña del Mar,15352976,2026-02-07,Home,70.0,0,0,0
870020,Víctor Felipe Méndez,Colo-Colo,Everton de Viña del Mar,15352976,2026-02-07,Home,90.0,0,0,0
792585,Maximiliano Romero,Colo-Colo,Everton de Viña del Mar,15352976,2026-02-07,Home,70.0,0,0,0
581780,Javier Correa,Colo-Colo,Everton de Viña del Mar,15352976,2026-02-07,Home,90.0,0,0,0
340455,Claudio Aquino,Colo-Colo,Everton de Viña del Mar,15352976,2026-02-07,Home,79.0,0,0,0
889502,Álvaro Madrid,Colo-Colo,Everton de Viña del Mar,15352976,2026-02-07,Home,29.0,0,0,0
1482420,Francisco Marchant,Colo-Colo,Everton de Viña del Mar,15352976,2026-02-07,Home,20.0,0,0,0
1601711,Leandro Hernández,Colo-Colo,Everton de Viña del Mar,15352976,2026-02-07,Home,20.0,0,0,0
1997136,Yastin Cuevas,Colo-Colo,Everton de Viña del Mar,15352976,2026-02-07,Home,11.0,0,0,0
790001,Ignacio González,Everton de Viña del Mar,Colo-Colo,15352976,2026-02-07,Away,90.0,0,0,0
1216169,Vicente Vega,Everton de Viña del Mar,Colo-Colo,15352976,2026-02-07,Away,75.0,0,0,0
886915,Ramiro González,Everton de Viña del Mar,Colo-Colo,15352976,2026-02-07,Away,90.0,0,0,0
1385673,Valentín Vidal,Everton de Viña del Mar,Colo-Colo,15352976,2026-02-07,Away,90.0,0,0,0
947963,Vicente Fernández,Everton de Viña del Mar,Colo-Colo,15352976,2026-02-07,Away,90.0,0,0,0
988143,Cristopher Barrera,Everton de Viña del Mar,Colo-Colo,15352976,2026-02-07,Away,90.0,0,0,0
951270,Joaquín Moya,Everton de Viña del Mar,Colo-Colo,15352976,2026-02-07,Away,90.0,0,0,0
862702,Nicolás Baeza,Everton de Viña del Mar,Colo-Colo,15352976,2026-02-07,Away,57.0,0,0,0
975053,Alan Medina,Everton de Viña del Mar,Colo-Colo,15352976,2026-02-07,Away,57.0,0,0,0
129209,Cristian Palacios,Everton de Viña del Mar,Colo-Colo,15352976,2026-02-07,Away,74.0,0,0,0
956838,Julián Alfaro,Everton de Viña del Mar,Colo-Colo,15352976,2026-02-07,Away,70.0,0,0,0
1199239,Emiliano Ramos,Everton de Viña del Mar,Colo-Colo,15352976,2026-02-07,Away,33.0,0,0,0
800239,Dieter Villalpando,Everton de Viña del Mar,Colo-Colo,15352976,2026-02-07,Away,33.0,0,0,0
1384618,Byron Navarro,Everton de Viña del Mar,Colo-Colo,15352976,2026-02-07,Away,20.0,0,0,0
1020255,Braian Martínez,Everton de Viña del Mar,Colo-Colo,15352976,2026-02-07,Away,16.0,0,0,0
2039913,Martín Guzmán,Everton de Viña del Mar,Colo-Colo,15352976,2026-02-07,Away,15.0,0,0,0
789923,Federico Lanzillotta,Deportes La Serena,Universidad de Concepción,15352977,2026-02-22,Home,90.0,1,1,0
1002931,Bruno Gutiérrez,Deportes La Serena,Universidad de Concepción,15352977,2026-02-22,Home,90.0,1,1,0
872138,Andrés Zanini,Deportes La Serena,Universidad de Concepción,15352977,2026-02-22,Home,90.0,1,1,0
906100,Lucas Alarcón,Deportes La Serena,Universidad de Concepción,15352977,2026-02-22,Home,90.0,1,1,0
1502658,Fernando Dinamarca,Deportes La Serena,Universidad de Concepción,15352977,2026-02-22,Home,90.0,1,1,0
844271,Sebastián Díaz,Deportes La Serena,Universidad de Concepción,15352977,2026-02-22,Home,55.0,1,1,0
316170,Gonzalo Escalante,Deportes La Serena,Universidad de Concepción,15352977,2026-02-22,Home,90.0,1,1,0
986598,Joaquín Gutiérrez,Deportes La Serena,Universidad de Concepción,15352977,2026-02-22,Home,90.0,1,1,0
1063335,Felipe Chamorro,Deportes La Serena,Universidad de Concepción,15352977,2026-02-22,Home,90.0,1,1,0
805095,Jeisson Vargas,Deportes La Serena,Universidad de Concepción,15352977,2026-02-22,Home,90.0,1,1,0
147570,Diego Rubio,Deportes La Serena,Universidad de Concepción,15352977,2026-02-22,Home,71.0,1,1,0
1089454,Francis Mac Allister,Deportes La Serena,Universidad de Concepción,15352977,2026-02-22,Home,35.0,0,0,0
874589,Matías Marín,Deportes La Serena,Universidad de Concepción,15352977,2026-02-22,Home,19.0,0,0,0
582220,Nicolás Stefanelli,Deportes La Serena,Universidad de Concepción,15352977,2026-02-22,Home,0.0,0,0,0
1155908,Matías Pinto,Deportes La Serena,Universidad de Concepción,15352977,2026-02-22,Home,0.0,0,0,0
1002740,Santiago Silva Azambuja,Universidad de Concepción,Deportes La Serena,15352977,2026-02-22,Away,90.0,1,1,0
2284219,Esteban Páez,Universidad de Concepción,Deportes La Serena,15352977,2026-02-22,Away,65.0,1,1,0
47037,Osvaldo González,Universidad de Concepción,Deportes La Serena,15352977,2026-02-22,Away,90.0,1,1,0
365990,Leonel González,Universidad de Concepción,Deportes La Serena,15352977,2026-02-22,Away,90.0,1,1,0
906102,Yerco Oyanedel,Universidad de Concepción,Deportes La Serena,15352977,2026-02-22,Away,90.0,1,1,0
1125882,Harol Salgado,Universidad de Concepción,Deportes La Serena,15352977,2026-02-22,Away,76.0,1,1,0
896753,Facundo Mater,Universidad de Concepción,Deportes La Serena,15352977,2026-02-22,Away,90.0,1,1,0
939997,Cristhofer Mesías,Universidad de Concepción,Deportes La Serena,15352977,2026-02-22,Away,90.0,1,1,0
965775,Agustín Urzi,Universidad de Concepción,Deportes La Serena,15352977,2026-02-22,Away,59.0,1,1,0
1106828,Jeison Fuentealba,Universidad de Concepción,Deportes La Serena,15352977,2026-02-22,Away,76.0,1,1,0
159931,Cecilio Waterman,Universidad de Concepción,Deportes La Serena,15352977,2026-02-22,Away,90.0,1,1,0
986462,Bryan Ogaz,Universidad de Concepción,Deportes La Serena,15352977,2026-02-22,Away,31.0,0,0,0
2199269,Benjamín Sáez,Universidad de Concepción,Deportes La Serena,15352977,2026-02-22,Away,25.0,0,0,0
906108,Antonio Díaz,Universidad de Concepción,Deportes La Serena,15352977,2026-02-22,Away,14.0,0,0,0
2455393,Francisco Herrera,Universidad de Concepción,Deportes La Serena,15352977,2026-02-22,Away,14.0,0,0,0
47441,Nicola Pérez,Ñublense,Universidad Católica,15352978,2026-03-01,Home,90.0,1,1,0
973992,Diego Céspedes,Ñublense,Universidad Católica,15352978,2026-03-01,Home,90.0,1,1,0
819075,Osvaldo Bosso,Ñublense,Universidad Católica,15352978,2026-03-01,Home,90.0,1,1,0
1015675,Pablo Calderón,Ñublense,Universidad Católica,15352978,2026-03-01,Home,90.0,1,1,0
584418,Gabriel Graciani,Ñublense,Universidad Católica,15352978,2026-03-01,Home,67.0,1,1,0
312376,Lorenzo Reyes,Ñublense,Universidad Católica,15352978,2026-03-01,Home,90.0,1,1,0
951278,Manuel Rivera,Ñublense,Universidad Católica,15352978,2026-03-01,Home,87.0,1,1,0
986626,Jovany Campusano,Ñublense,Universidad Católica,15352978,2026-03-01,Home,90.0,1,1,0
986676,Matías Plaza,Ñublense,Universidad Católica,15352978,2026-03-01,Home,46.0,1,1,0
1518443,Franco Rami,Ñublense,Universidad Católica,15352978,2026-03-01,Home,87.0,1,1,0
761426,Ignacio Jeraldino,Ñublense,Universidad Católica,15352978,2026-03-01,Home,59.0,1,1,0
1197415,Alex Valdés,Ñublense,Universidad Católica,15352978,2026-03-01,Home,44.0,0,0,0
962130,Fernando Ovelar,Ñublense,Universidad Católica,15352978,2026-03-01,Home,31.0,0,0,0
333405,Felipe Campos,Ñublense,Universidad Católica,15352978,2026-03-01,Home,23.0,0,0,0
1503119,Giovanny Avalos,Ñublense,Universidad Católica,15352978,2026-03-01,Home,3.0,0,0,0
949422,Carlos Salomón,Ñublense,Universidad Católica,15352978,2026-03-01,Home,3.0,0,0,0
1016653,Vicente Bernedo,Universidad Católica,Ñublense,15352978,2026-03-01,Away,90.0,1,1,0
386220,Tomás Asta-Buruaga,Universidad Católica,Ñublense,15352978,2026-03-01,Away,79.0,1,1,0
581774,Agustín Farías,Universidad Católica,Ñublense,15352978,2026-03-01,Away,90.0,1,1,0
819088,Branco Ampuero,Universidad Católica,Ñublense,15352978,2026-03-01,Away,90.0,1,1,0
324937,Cristián Cuevas,Universidad Católica,Ñublense,15352978,2026-03-01,Away,90.0,1,1,0
819115,Jhojan Valencia,Universidad Católica,Ñublense,15352978,2026-03-01,Away,67.0,1,1,0
22975,Gary Medel,Universidad Católica,Ñublense,15352978,2026-03-01,Away,90.0,1,1,0
1473023,Diego Corral,Universidad Católica,Ñublense,15352978,2026-03-01,Away,29.0,0,1,-1
588796,Jimmy Martínez,Universidad Católica,Ñublense,15352978,2026-03-01,Away,78.0,1,1,0
932866,Justo Giani,Universidad Católica,Ñublense,15352978,2026-03-01,Away,90.0,1,1,0
828952,Fernando Zampedri,Universidad Católica,Ñublense,15352978,2026-03-01,Away,90.0,1,1,0
906110,Diego Valencia,Universidad Católica,Ñublense,15352978,2026-03-01,Away,61.0,1,0,1
973560,Matías Palavecino,Universidad Católica,Ñublense,15352978,2026-03-01,Away,23.0,0,0,0
1016766,Alfred Canales,Universidad Católica,Ñublense,15352978,2026-03-01,Away,12.0,0,0,0
818693,Bernardo Cerezo,Universidad Católica,Ñublense,15352978,2026-03-01,Away,11.0,0,0,0
818874,Fernando de Paul,Colo-Colo,Universidad de Chile,15352979,2026-03-01,Home,90.0,0,1,-1
1022259,Jeyson Rojas,Colo-Colo,Universidad de Chile,15352979,2026-03-01,Home,90.0,0,1,-1
1014795,Jonathan Villagra,Colo-Colo,Universidad de Chile,15352979,2026-03-01,Home,90.0,0,1,-1
1015274,Joaquín Sosa,Colo-Colo,Universidad de Chile,15352979,2026-03-01,Home,90.0,0,1,-1
1176822,Diego Ulloa,Colo-Colo,Universidad de Chile,15352979,2026-03-01,Home,85.0,0,1,-1
18342,Arturo Vidal,Colo-Colo,Universidad de Chile,15352979,2026-03-01,Home,67.0,0,0,0
792585,Maximiliano Romero,Colo-Colo,Universidad de Chile,15352979,2026-03-01,Home,66.0,0,0,0
844224,Tomás Alarcón,Colo-Colo,Universidad de Chile,15352979,2026-03-01,Home,80.0,0,1,-1
870020,Víctor Felipe Méndez,Colo-Colo,Universidad de Chile,15352979,2026-03-01,Home,90.0,0,1,-1
340455,Claudio Aquino,Colo-Colo,Universidad de Chile,15352979,2026-03-01,Home,67.0,0,0,0
581780,Javier Correa,Colo-Colo,Universidad de Chile,15352979,2026-03-01,Home,90.0,0,1,-1
1199243,Lautaro Pastrán,Colo-Colo,Universidad de Chile,15352979,2026-03-01,Home,24.0,0,1,-1
889502,Álvaro Madrid,Colo-Colo,Universidad de Chile,15352979,2026-03-01,Home,23.0,0,1,-1
1601711,Leandro Hernández,Colo-Colo,Universidad de Chile,15352979,2026-03-01,Home,23.0,0,1,-1
1997136,Yastin Cuevas,Colo-Colo,Universidad de Chile,15352979,2026-03-01,Home,10.0,0,0,0
1482420,Francisco Marchant,Colo-Colo,Universidad de Chile,15352979,2026-03-01,Home,5.0,0,0,0
805183,Gabriel Castellón,Universidad de Chile,Colo-Colo,15352979,2026-03-01,Away,90.0,1,0,1
831012,Nicolás Ramírez,Universidad de Chile,Colo-Colo,15352979,2026-03-01,Away,90.0,1,0,1
981341,Franco Calderón,Universidad de Chile,Colo-Colo,15352979,2026-03-01,Away,90.0,1,0,1
789979,Matías Zaldivia,Universidad de Chile,Colo-Colo,15352979,2026-03-01,Away,90.0,1,0,1
818897,Fabián Hormazábal,Universidad de Chile,Colo-Colo,15352979,2026-03-01,Away,90.0,1,0,1
589542,Israel Poblete,Universidad de Chile,Colo-Colo,15352979,2026-03-01,Away,90.0,1,0,1
18304,Charles Aránguiz,Universidad de Chile,Colo-Colo,15352979,2026-03-01,Away,90.0,1,0,1
1087387,Marcelo Morales,Universidad de Chile,Colo-Colo,15352979,2026-03-01,Away,72.0,1,0,1
925337,Javier Altamirano,Universidad de Chile,Colo-Colo,15352979,2026-03-01,Away,84.0,1,0,1
37006,Eduardo Vargas,Universidad de Chile,Colo-Colo,15352979,2026-03-01,Away,61.0,0,0,0
359024,Juan Martín Lucero,Universidad de Chile,Colo-Colo,15352979,2026-03-01,Away,90.0,1,0,1
906105,Maximiliano Guerrero,Universidad de Chile,Colo-Colo,15352979,2026-03-01,Away,29.0,1,0,1
1138070,Felipe Salomoni,Universidad de Chile,Colo-Colo,15352979,2026-03-01,Away,18.0,0,0,0
1201172,Lucas Romero,Universidad de Chile,Colo-Colo,15352979,2026-03-01,Away,6.0,0,0,0
995285,Alejandro Santander,Cobresal,Deportes La Serena,15352980,2026-02-27,Home,90.0,0,1,-1
818865,Guillermo Pacheco,Cobresal,Deportes La Serena,15352980,2026-02-27,Home,90.0,0,1,-1
889519,Franco Bechtholdt,Cobresal,Deportes La Serena,15352980,2026-02-27,Home,90.0,0,1,-1
832663,Christian Moreno,Cobresal,Deportes La Serena,15352980,2026-02-27,Home,90.0,0,1,-1
385990,Juan Fuentes,Cobresal,Deportes La Serena,15352980,2026-02-27,Home,46.0,0,1,-1
1016643,Aaron Astudillo,Cobresal,Deportes La Serena,15352980,2026-02-27,Home,90.0,0,1,-1
1021117,César Yanis,Cobresal,Deportes La Serena,15352980,2026-02-27,Home,46.0,0,1,-1
873620,Agustin Nadruz,Cobresal,Deportes La Serena,15352980,2026-02-27,Home,82.0,0,1,-1
790000,Bryan Carvallo,Cobresal,Deportes La Serena,15352980,2026-02-27,Home,90.0,0,1,-1
937101,Steffan Pino,Cobresal,Deportes La Serena,15352980,2026-02-27,Home,90.0,0,1,-1
974736,Julián Brea,Cobresal,Deportes La Serena,15352980,2026-02-27,Home,46.0,0,1,-1
1835777,Benjamin Moreno,Cobresal,Deportes La Serena,15352980,2026-02-27,Home,44.0,0,0,0
1411683,Renato Huerta,Cobresal,Deportes La Serena,15352980,2026-02-27,Home,44.0,0,0,0
962847,Esteban Valencia,Cobresal,Deportes La Serena,15352980,2026-02-27,Home,44.0,0,0,0
1086986,Franco Frías,Cobresal,Deportes La Serena,15352980,2026-02-27,Home,8.0,0,0,0
789923,Federico Lanzillotta,Deportes La Serena,Cobresal,15352980,2026-02-27,Away,90.0,1,0,1
1002931,Bruno Gutiérrez,Deportes La Serena,Cobresal,15352980,2026-02-27,Away,90.0,1,0,1
906100,Lucas Alarcón,Deportes La Serena,Cobresal,15352980,2026-02-27,Away,90.0,1,0,1
799653,Rafael Delgado,Deportes La Serena,Cobresal,15352980,2026-02-27,Away,90.0,1,0,1
1384819,Yahir Salazar,Deportes La Serena,Cobresal,15352980,2026-02-27,Away,90.0,1,0,1
1089454,Francis Mac Allister,Deportes La Serena,Cobresal,15352980,2026-02-27,Away,82.0,1,0,1
316170,Gonzalo Escalante,Deportes La Serena,Cobresal,15352980,2026-02-27,Away,90.0,1,0,1
986598,Joaquín Gutiérrez,Deportes La Serena,Cobresal,15352980,2026-02-27,Away,71.0,1,0,1
1063335,Felipe Chamorro,Deportes La Serena,Cobresal,15352980,2026-02-27,Away,88.0,1,0,1
805095,Jeisson Vargas,Deportes La Serena,Cobresal,15352980,2026-02-27,Away,90.0,1,0,1
147570,Diego Rubio,Deportes La Serena,Cobresal,15352980,2026-02-27,Away,87.0,1,0,1
582220,Nicolás Stefanelli,Deportes La Serena,Cobresal,15352980,2026-02-27,Away,19.0,0,0,0
1807803,Joan Orellana,Deportes La Serena,Cobresal,15352980,2026-02-27,Away,8.0,0,0,0
1875021,Bastián Contreras,Deportes La Serena,Cobresal,15352980,2026-02-27,Away,3.0,0,0,0
2455976,Bastián Sandoval,Deportes La Serena,Cobresal,15352980,2026-02-27,Away,2.0,0,0,0
1002740,Santiago Silva Azambuja,Universidad de Concepción,Everton de Viña del Mar,15352981,2026-03-01,Home,90.0,0,3,-3
2284219,Esteban Páez,Universidad de Concepción,Everton de Viña del Mar,15352981,2026-03-01,Home,90.0,0,3,-3
47037,Osvaldo González,Universidad de Concepción,Everton de Viña del Mar,15352981,2026-03-01,Home,90.0,0,3,-3
365990,Leonel González,Universidad de Concepción,Everton de Viña del Mar,15352981,2026-03-01,Home,90.0,0,3,-3
906102,Yerco Oyanedel,Universidad de Concepción,Everton de Viña del Mar,15352981,2026-03-01,Home,90.0,0,3,-3
896753,Facundo Mater,Universidad de Concepción,Everton de Viña del Mar,15352981,2026-03-01,Home,90.0,0,3,-3
1106828,Jeison Fuentealba,Universidad de Concepción,Everton de Viña del Mar,15352981,2026-03-01,Home,65.0,0,3,-3
939997,Cristhofer Mesías,Universidad de Concepción,Everton de Viña del Mar,15352981,2026-03-01,Home,46.0,0,2,-2
965775,Agustín Urzi,Universidad de Concepción,Everton de Viña del Mar,15352981,2026-03-01,Home,46.0,0,2,-2
965719,Ariel Uribe,Universidad de Concepción,Everton de Viña del Mar,15352981,2026-03-01,Home,46.0,0,2,-2
159931,Cecilio Waterman,Universidad de Concepción,Everton de Viña del Mar,15352981,2026-03-01,Home,90.0,0,3,-3
2163290,Cristobal Zambrano,Universidad de Concepción,Everton de Viña del Mar,15352981,2026-03-01,Home,44.0,0,1,-1
1183778,Daniel Barrea,Universidad de Concepción,Everton de Viña del Mar,15352981,2026-03-01,Home,44.0,0,1,-1
1125882,Harol Salgado,Universidad de Concepción,Everton de Viña del Mar,15352981,2026-03-01,Home,44.0,0,1,-1
2455393,Francisco Herrera,Universidad de Concepción,Everton de Viña del Mar,15352981,2026-03-01,Home,25.0,0,0,0
790001,Ignacio González,Everton de Viña del Mar,Universidad de Concepción,15352981,2026-03-01,Away,90.0,3,0,3
1385673,Valentín Vidal,Everton de Viña del Mar,Universidad de Concepción,15352981,2026-03-01,Away,90.0,3,0,3
976168,Hugo Magallanes,Everton de Viña del Mar,Universidad de Concepción,15352981,2026-03-01,Away,90.0,3,0,3
339891,Diego Oyarzún,Everton de Viña del Mar,Universidad de Concepción,15352981,2026-03-01,Away,90.0,3,0,3
947963,Vicente Fernández,Everton de Viña del Mar,Universidad de Concepción,15352981,2026-03-01,Away,74.0,3,0,3
951270,Joaquín Moya,Everton de Viña del Mar,Universidad de Concepción,15352981,2026-03-01,Away,85.0,3,0,3
800239,Dieter Villalpando,Everton de Viña del Mar,Universidad de Concepción,15352981,2026-03-01,Away,90.0,3,0,3
956838,Julián Alfaro,Everton de Viña del Mar,Universidad de Concepción,15352981,2026-03-01,Away,46.0,2,0,2
975053,Alan Medina,Everton de Viña del Mar,Universidad de Concepción,15352981,2026-03-01,Away,90.0,3,0,3
1020255,Braian Martínez,Everton de Viña del Mar,Universidad de Concepción,15352981,2026-03-01,Away,46.0,2,0,2
129209,Cristian Palacios,Everton de Viña del Mar,Universidad de Concepción,15352981,2026-03-01,Away,69.0,3,0,3
1199239,Emiliano Ramos,Everton de Viña del Mar,Universidad de Concepción,15352981,2026-03-01,Away,44.0,1,0,1
1119679,Lucas Soto,Everton de Viña del Mar,Universidad de Concepción,15352981,2026-03-01,Away,44.0,1,0,1
862702,Nicolás Baeza,Everton de Viña del Mar,Universidad de Concepción,15352981,2026-03-01,Away,21.0,0,0,0
1469553,Martín Cárcamo,Everton de Viña del Mar,Universidad de Concepción,15352981,2026-03-01,Away,16.0,0,0,0
2059827,Amaro Leon,Everton de Viña del Mar,Universidad de Concepción,15352981,2026-03-01,Away,5.0,0,0,0
386218,Diego Sánchez,Coquimbo Unido,Deportes Concepción,15352982,2026-02-28,Home,90.0,0,1,-1
986548,Francisco Salinas,Coquimbo Unido,Deportes Concepción,15352982,2026-02-28,Home,90.0,0,1,-1
986451,Benjamín Gazzolo,Coquimbo Unido,Deportes Concepción,15352982,2026-02-28,Home,90.0,0,1,-1
889498,Manuel Fernández,Coquimbo Unido,Deportes Concepción,15352982,2026-02-28,Home,90.0,0,1,-1
974008,Sebastián Cabrera,Coquimbo Unido,Deportes Concepción,15352982,2026-02-28,Home,90.0,0,1,-1
805408,Alejandro Camargo,Coquimbo Unido,Deportes Concepción,15352982,2026-02-28,Home,90.0,0,1,-1
981333,Dylan Glaby,Coquimbo Unido,Deportes Concepción,15352982,2026-02-28,Home,46.0,0,1,-1
1125880,Benjamín Chandía,Coquimbo Unido,Deportes Concepción,15352982,2026-02-28,Home,72.0,0,1,-1
376740,Guido Vadalá,Coquimbo Unido,Deportes Concepción,15352982,2026-02-28,Home,90.0,0,1,-1
852143,Luis Riveros,Coquimbo Unido,Deportes Concepción,15352982,2026-02-28,Home,64.0,0,1,-1
39244,Lucas Pratto,Coquimbo Unido,Deportes Concepción,15352982,2026-02-28,Home,46.0,0,1,-1
889043,Rodrigo Holgado,Coquimbo Unido,Deportes Concepción,15352982,2026-02-28,Home,44.0,0,0,0
829288,Salvador Cordero,Coquimbo Unido,Deportes Concepción,15352982,2026-02-28,Home,44.0,0,0,0
1643443,Nicolás Johansen,Coquimbo Unido,Deportes Concepción,15352982,2026-02-28,Home,26.0,0,0,0
1834686,Martín Mundaca,Coquimbo Unido,Deportes Concepción,15352982,2026-02-28,Home,18.0,0,0,0
1981736,Vicente Villegas,Coquimbo Unido,Deportes Concepción,15352982,2026-02-28,Home,0.0,0,0,0
158269,César Dutra,Deportes Concepción,Coquimbo Unido,15352982,2026-02-28,Away,90.0,1,0,1
939938,Ariel Cáceres,Deportes Concepción,Coquimbo Unido,15352982,2026-02-28,Away,90.0,1,0,1
988763,Norman Rodríguez,Deportes Concepción,Coquimbo Unido,15352982,2026-02-28,Away,90.0,1,0,1
973523,Diego Carrasco,Deportes Concepción,Coquimbo Unido,15352982,2026-02-28,Away,90.0,1,0,1
1980392,Javier Rojas,Deportes Concepción,Coquimbo Unido,15352982,2026-02-28,Away,90.0,1,0,1
589548,Nelson Sepúlveda,Deportes Concepción,Coquimbo Unido,15352982,2026-02-28,Away,90.0,1,0,1
906106,Ignacio Mesías,Deportes Concepción,Coquimbo Unido,15352982,2026-02-28,Away,67.0,1,0,1
819072,Jorge Henríquez,Deportes Concepción,Coquimbo Unido,15352982,2026-02-28,Away,67.0,1,0,1
177813,Misael Dávila,Deportes Concepción,Coquimbo Unido,15352982,2026-02-28,Away,90.0,1,0,1
1125898,Ángel Gillard,Deportes Concepción,Coquimbo Unido,15352982,2026-02-28,Away,80.0,1,0,1
790010,Leonardo Valencia,Deportes Concepción,Coquimbo Unido,15352982,2026-02-28,Away,87.0,1,0,1
986422,Aldrix Jara,Deportes Concepción,Coquimbo Unido,15352982,2026-02-28,Away,23.0,0,0,0
1197454,Yonathan Rodríguez,Deportes Concepción,Coquimbo Unido,15352982,2026-02-28,Away,23.0,0,0,0
924468,Matías Cavalleri,Deportes Concepción,Coquimbo Unido,15352982,2026-02-28,Away,10.0,0,0,0
986529,Ethan Espinoza,Deportes Concepción,Coquimbo Unido,15352982,2026-02-28,Away,3.0,0,0,0
333465,Nicolás Avellaneda,Unión La Calera,Audax Italiano,15352983,2026-02-27,Home,90.0,2,0,2
889511,Christopher Díaz,Unión La Calera,Audax Italiano,15352983,2026-02-27,Home,59.0,1,0,1
1108449,Rodrigo Caseres,Unión La Calera,Audax Italiano,15352983,2026-02-27,Home,90.0,2,0,2
1111544,Daniel Gutiérrez,Unión La Calera,Audax Italiano,15352983,2026-02-27,Home,90.0,2,0,2
819005,Cristián Gutiérrez,Unión La Calera,Audax Italiano,15352983,2026-02-27,Home,90.0,2,0,2
965967,Juan Manuel Requena,Unión La Calera,Audax Italiano,15352983,2026-02-27,Home,90.0,2,0,2
787710,Kevin Méndez,Unión La Calera,Audax Italiano,15352983,2026-02-27,Home,90.0,2,0,2
861299,Carlo Villanueva,Unión La Calera,Audax Italiano,15352983,2026-02-27,Home,59.0,1,0,1
822444,Yerko Leiva,Unión La Calera,Audax Italiano,15352983,2026-02-27,Home,85.0,2,0,2
1403421,Axel Encinas,Unión La Calera,Audax Italiano,15352983,2026-02-27,Home,85.0,2,0,2
936901,Sebastián Sáez,Unión La Calera,Audax Italiano,15352983,2026-02-27,Home,90.0,2,0,2
822449,Camilo Moya,Unión La Calera,Audax Italiano,15352983,2026-02-27,Home,31.0,1,0,1
1017169,Javier Saldías,Unión La Calera,Audax Italiano,15352983,2026-02-27,Home,31.0,1,0,1
1190022,Joaquín Soto,Unión La Calera,Audax Italiano,15352983,2026-02-27,Home,5.0,0,0,0
1002941,Joan Cruz,Unión La Calera,Audax Italiano,15352983,2026-02-27,Home,5.0,0,0,0
1523685,Francisco Jose Pozzo,Unión La Calera,Audax Italiano,15352983,2026-02-27,Home,0.0,0,0,0
975882,Tomás Ahumada,Audax Italiano,Unión La Calera,15352983,2026-02-27,Away,90.0,0,2,-2
981010,Enzo Ferrario,Audax Italiano,Unión La Calera,15352983,2026-02-27,Away,81.0,0,2,-2
1473443,Diego Monreal,Audax Italiano,Unión La Calera,15352983,2026-02-27,Away,90.0,0,2,-2
1177235,Daniel Piña,Audax Italiano,Unión La Calera,15352983,2026-02-27,Away,90.0,0,2,-2
1997135,Martín Jiménez,Audax Italiano,Unión La Calera,15352983,2026-02-27,Away,46.0,0,1,-1
1920586,Mario Sandoval,Audax Italiano,Unión La Calera,15352983,2026-02-27,Away,90.0,0,2,-2
942156,Marco Collao,Audax Italiano,Unión La Calera,15352983,2026-02-27,Away,46.0,0,1,-1
1177236,Esteban Matus,Audax Italiano,Unión La Calera,15352983,2026-02-27,Away,69.0,0,1,-1
1440662,Favian Loyola,Audax Italiano,Unión La Calera,15352983,2026-02-27,Away,90.0,0,2,-2
1485094,Giovani Chiaverano,Audax Italiano,Unión La Calera,15352983,2026-02-27,Away,46.0,0,1,-1
859990,Franco Troyansky,Audax Italiano,Unión La Calera,15352983,2026-02-27,Away,90.0,0,2,-2
997539,Rodrigo Cabral,Audax Italiano,Unión La Calera,15352983,2026-02-27,Away,44.0,0,1,-1
1114520,Paolo Guajardo,Audax Italiano,Unión La Calera,15352983,2026-02-27,Away,44.0,0,1,-1
986532,Federico Mateos,Audax Italiano,Unión La Calera,15352983,2026-02-27,Away,44.0,0,1,-1
1083863,Nicolás Aedo,Audax Italiano,Unión La Calera,15352983,2026-02-27,Away,21.0,0,1,-1
875274,Diego Coelho,Audax Italiano,Unión La Calera,15352983,2026-02-27,Away,9.0,0,0,0
831242,Omar Carabalí,O'Higgins,Deportes La Serena,15352984,2026-02-07,Home,90.0,1,0,1
1482408,Felipe Faúndez,O'Higgins,Deportes La Serena,15352984,2026-02-07,Home,90.0,1,0,1
892450,Alan Robledo,O'Higgins,Deportes La Serena,15352984,2026-02-07,Home,90.0,1,0,1
990283,Miguel Brizuela,O'Higgins,Deportes La Serena,15352984,2026-02-07,Home,90.0,1,0,1
339699,Luis Pavez Munoz,O'Higgins,Deportes La Serena,15352984,2026-02-07,Home,90.0,1,0,1
1177211,Felipe Ogaz,O'Higgins,Deportes La Serena,15352984,2026-02-07,Home,90.0,1,0,1
983528,Francisco González,O'Higgins,Deportes La Serena,15352984,2026-02-07,Home,90.0,1,0,1
126376,Bryan Rabello,O'Higgins,Deportes La Serena,15352984,2026-02-07,Home,90.0,1,0,1
844183,Juan Leiva,O'Higgins,Deportes La Serena,15352984,2026-02-07,Home,79.0,0,0,0
789677,Martín Sarrafiore,O'Higgins,Deportes La Serena,15352984,2026-02-07,Home,67.0,0,0,0
849177,Arnaldo Castillo,O'Higgins,Deportes La Serena,15352984,2026-02-07,Home,80.0,0,0,0
942415,Bastián Yáñez,O'Higgins,Deportes La Serena,15352984,2026-02-07,Home,23.0,1,0,1
1411686,Martín Maturana,O'Higgins,Deportes La Serena,15352984,2026-02-07,Home,11.0,1,0,1
923802,Thiago Vecino,O'Higgins,Deportes La Serena,15352984,2026-02-07,Home,10.0,1,0,1
1485083,Benjamin Schamine,O'Higgins,Deportes La Serena,15352984,2026-02-07,Home,0.0,0,0,0
789923,Federico Lanzillotta,Deportes La Serena,O'Higgins,15352984,2026-02-07,Away,90.0,0,1,-1
872138,Andrés Zanini,Deportes La Serena,O'Higgins,15352984,2026-02-07,Away,90.0,0,1,-1
906100,Lucas Alarcón,Deportes La Serena,O'Higgins,15352984,2026-02-07,Away,72.0,0,0,0
799653,Rafael Delgado,Deportes La Serena,O'Higgins,15352984,2026-02-07,Away,55.0,0,0,0
986598,Joaquín Gutiérrez,Deportes La Serena,O'Higgins,15352984,2026-02-07,Away,90.0,0,1,-1
316170,Gonzalo Escalante,Deportes La Serena,O'Higgins,15352984,2026-02-07,Away,90.0,0,1,-1
1089454,Francis Mac Allister,Deportes La Serena,O'Higgins,15352984,2026-02-07,Away,81.0,0,0,0
874589,Matías Marín,Deportes La Serena,O'Higgins,15352984,2026-02-07,Away,90.0,0,1,-1
805095,Jeisson Vargas,Deportes La Serena,O'Higgins,15352984,2026-02-07,Away,90.0,0,1,-1
147570,Diego Rubio,Deportes La Serena,O'Higgins,15352984,2026-02-07,Away,72.0,0,0,0
1875021,Bastián Contreras,Deportes La Serena,O'Higgins,15352984,2026-02-07,Away,81.0,0,0,0
1002931,Bruno Gutiérrez,Deportes La Serena,O'Higgins,15352984,2026-02-07,Away,35.0,0,1,-1
2455976,Bastián Sandoval,Deportes La Serena,O'Higgins,15352984,2026-02-07,Away,18.0,0,1,-1
1502658,Fernando Dinamarca,Deportes La Serena,O'Higgins,15352984,2026-02-07,Away,18.0,0,1,-1
1063335,Felipe Chamorro,Deportes La Serena,O'Higgins,15352984,2026-02-07,Away,9.0,0,1,-1
1807803,Joan Orellana,Deportes La Serena,O'Higgins,15352984,2026-02-07,Away,9.0,0,1,-1
874123,Matías Bórquez,Deportes Limache,Huachipato,15352985,2026-02-28,Home,90.0,3,0,3
980882,Yerko González,Deportes Limache,Huachipato,15352985,2026-02-28,Home,83.0,2,0,2
875564,Augusto Aguirre,Deportes Limache,Huachipato,15352985,2026-02-28,Home,90.0,3,0,3
33829,Alfonso Parot,Deportes Limache,Huachipato,15352985,2026-02-28,Home,90.0,3,0,3
1197239,Marcelo Flores,Deportes Limache,Huachipato,15352985,2026-02-28,Home,90.0,3,0,3
874853,Ramón Martínez,Deportes Limache,Huachipato,15352985,2026-02-28,Home,90.0,3,0,3
986599,Joaquín Montecinos,Deportes Limache,Huachipato,15352985,2026-02-28,Home,62.0,2,0,2
1644853,Flavio Moya,Deportes Limache,Huachipato,15352985,2026-02-28,Home,46.0,1,0,1
818816,Jean Meneses,Deportes Limache,Huachipato,15352985,2026-02-28,Home,90.0,3,0,3
925992,Daniel Castro,Deportes Limache,Huachipato,15352985,2026-02-28,Home,83.0,2,0,2
988084,Gonzalo Sosa,Deportes Limache,Huachipato,15352985,2026-02-28,Home,76.0,2,0,2
863124,Misael Llantén,Deportes Limache,Huachipato,15352985,2026-02-28,Home,44.0,2,0,2
1199394,Axel Alfonzo,Deportes Limache,Huachipato,15352985,2026-02-28,Home,28.0,1,0,1
871813,Marcos Arturia,Deportes Limache,Huachipato,15352985,2026-02-28,Home,14.0,1,0,1
1125514,Carlos Morales,Deportes Limache,Huachipato,15352985,2026-02-28,Home,7.0,1,0,1
1801194,Vicente Álvarez,Deportes Limache,Huachipato,15352985,2026-02-28,Home,7.0,1,0,1
920957,Rodrigo Odriozola,Huachipato,Deportes Limache,15352985,2026-02-28,Away,90.0,0,3,-3
247055,Nicolás Vargas,Huachipato,Deportes Limache,15352985,2026-02-28,Away,90.0,0,3,-3
36995,Rafael Caroca,Huachipato,Deportes Limache,15352985,2026-02-28,Away,90.0,0,3,-3
1096236,Renzo Malanca,Huachipato,Deportes Limache,15352985,2026-02-28,Away,90.0,0,3,-3
1108721,Maicol León,Huachipato,Deportes Limache,15352985,2026-02-28,Away,74.0,0,2,-2
1381958,Santiago Silva,Huachipato,Deportes Limache,15352985,2026-02-28,Away,61.0,0,2,-2
249373,Claudio Sepúlveda,Huachipato,Deportes Limache,15352985,2026-02-28,Away,90.0,0,3,-3
1482399,Lucas Velásquez,Huachipato,Deportes Limache,15352985,2026-02-28,Away,46.0,0,1,-1
1177673,Kevin Altez,Huachipato,Deportes Limache,15352985,2026-02-28,Away,46.0,0,1,-1
323439,Lionel Altamirano,Huachipato,Deportes Limache,15352985,2026-02-28,Away,60.0,0,2,-2
940483,Maximiliano Rodríguez,Huachipato,Deportes Limache,15352985,2026-02-28,Away,90.0,0,3,-3
851968,Cris Martínez,Huachipato,Deportes Limache,15352985,2026-02-28,Away,44.0,0,2,-2
1017455,Ezequiel Cañete,Huachipato,Deportes Limache,15352985,2026-02-28,Away,44.0,0,2,-2
845174,Mario Briceño,Huachipato,Deportes Limache,15352985,2026-02-28,Away,30.0,0,1,-1
1108549,Claudio Torres,Huachipato,Deportes Limache,15352985,2026-02-28,Away,29.0,0,1,-1
1014798,Luciano Arriagada,Huachipato,Deportes Limache,15352985,2026-02-28,Away,16.0,0,1,-1
842274,Sebastián Pérez,Palestino,O'Higgins,15352986,2026-02-28,Home,90.0,4,1,3
1797934,Ian Garguez,Palestino,O'Higgins,15352986,2026-02-28,Home,90.0,4,1,3
1464931,Vicente Espinoza,Palestino,O'Higgins,15352986,2026-02-28,Home,90.0,4,1,3
805305,José Bizama,Palestino,O'Higgins,15352986,2026-02-28,Home,40.0,1,0,1
339711,Dilan Zúñiga,Palestino,O'Higgins,15352986,2026-02-28,Home,90.0,4,1,3
334027,Julián Fernández,Palestino,O'Higgins,15352986,2026-02-28,Home,66.0,2,1,1
1464930,Martín Araya,Palestino,O'Higgins,15352986,2026-02-28,Home,57.0,2,1,1
1797930,Francisco Montes,Palestino,O'Higgins,15352986,2026-02-28,Home,90.0,4,1,3
116096,Sebastián Gallegos,Palestino,O'Higgins,15352986,2026-02-28,Home,90.0,4,1,3
819017,Jonathan Benítez,Palestino,O'Higgins,15352986,2026-02-28,Home,57.0,2,1,1
883928,Nelson Da Silva,Palestino,O'Higgins,15352986,2026-02-28,Home,90.0,4,1,3
33943,Fernando Meza,Palestino,O'Higgins,15352986,2026-02-28,Home,50.0,3,1,2
230054,Bryan Carrasco,Palestino,O'Higgins,15352986,2026-02-28,Home,33.0,2,0,2
931341,César Munder,Palestino,O'Higgins,15352986,2026-02-28,Home,33.0,2,0,2
1064150,Nicolás Meza,Palestino,O'Higgins,15352986,2026-02-28,Home,24.0,2,0,2
975502,Jorge Peña,O'Higgins,Palestino,15352986,2026-02-28,Away,90.0,1,4,-3
1482396,Cristian Morales,O'Higgins,Palestino,15352986,2026-02-28,Away,90.0,1,4,-3
985004,Benjamín Rojas,O'Higgins,Palestino,15352986,2026-02-28,Away,90.0,1,4,-3
1002945,Nicolás Garrido,O'Higgins,Palestino,15352986,2026-02-28,Away,90.0,1,4,-3
975291,Leandro Díaz,O'Higgins,Palestino,15352986,2026-02-28,Away,90.0,1,4,-3
1798260,Joaquín Tapia,O'Higgins,Palestino,15352986,2026-02-28,Away,70.0,1,3,-2
1485083,Benjamin Schamine,O'Higgins,Palestino,15352986,2026-02-28,Away,90.0,1,4,-3
1798259,Gabriel Pinto,O'Higgins,Palestino,15352986,2026-02-28,Away,61.0,1,2,-1
942415,Bastián Yáñez,O'Higgins,Palestino,15352986,2026-02-28,Away,70.0,1,3,-2
923802,Thiago Vecino,O'Higgins,Palestino,15352986,2026-02-28,Away,90.0,1,4,-3
1409341,Esteban Calderón,O'Higgins,Palestino,15352986,2026-02-28,Away,70.0,1,3,-2
1411686,Martín Maturana,O'Higgins,Palestino,15352986,2026-02-28,Away,29.0,0,2,-2
2038202,Rodrigo Godoy,O'Higgins,Palestino,15352986,2026-02-28,Away,20.0,0,1,-1
849177,Arnaldo Castillo,O'Higgins,Palestino,15352986,2026-02-28,Away,20.0,0,1,-1
983528,Francisco González,O'Higgins,Palestino,15352986,2026-02-28,Away,20.0,0,1,-1
842274,Sebastián Pérez,Palestino,Cobresal,15352987,2026-03-08,Home,90.0,4,2,2
1797934,Ian Garguez,Palestino,Cobresal,15352987,2026-03-08,Home,90.0,4,2,2
1464931,Vicente Espinoza,Palestino,Cobresal,15352987,2026-03-08,Home,90.0,4,2,2
33943,Fernando Meza,Palestino,Cobresal,15352987,2026-03-08,Home,90.0,4,2,2
339711,Dilan Zúñiga,Palestino,Cobresal,15352987,2026-03-08,Home,85.0,3,1,2
334027,Julián Fernández,Palestino,Cobresal,15352987,2026-03-08,Home,90.0,4,2,2
1464930,Martín Araya,Palestino,Cobresal,15352987,2026-03-08,Home,73.0,2,1,1
1797930,Francisco Montes,Palestino,Cobresal,15352987,2026-03-08,Home,73.0,2,1,1
116096,Sebastián Gallegos,Palestino,Cobresal,15352987,2026-03-08,Home,90.0,4,2,2
931341,César Munder,Palestino,Cobresal,15352987,2026-03-08,Home,84.0,3,1,2
883928,Nelson Da Silva,Palestino,Cobresal,15352987,2026-03-08,Home,90.0,4,2,2
1064150,Nicolás Meza,Palestino,Cobresal,15352987,2026-03-08,Home,17.0,2,1,1
230054,Bryan Carrasco,Palestino,Cobresal,15352987,2026-03-08,Home,17.0,2,1,1
819017,Jonathan Benítez,Palestino,Cobresal,15352987,2026-03-08,Home,6.0,1,1,0
1017320,Jason León,Palestino,Cobresal,15352987,2026-03-08,Home,5.0,1,1,0
1125923,Gonzalo Tapia,Palestino,Cobresal,15352987,2026-03-08,Home,0.0,0,0,0
925598,Jorge Pinos,Cobresal,Palestino,15352987,2026-03-08,Away,90.0,2,4,-2
818865,Guillermo Pacheco,Cobresal,Palestino,15352987,2026-03-08,Away,90.0,2,4,-2
889519,Franco Bechtholdt,Cobresal,Palestino,15352987,2026-03-08,Away,90.0,2,4,-2
832663,Christian Moreno,Cobresal,Palestino,15352987,2026-03-08,Away,46.0,0,1,-1
986622,José Tiznado,Cobresal,Palestino,15352987,2026-03-08,Away,90.0,2,4,-2
1014802,Rodrigo Sandoval,Cobresal,Palestino,15352987,2026-03-08,Away,56.0,0,1,-1
1835778,Benjamín Ramírez,Cobresal,Palestino,15352987,2026-03-08,Away,46.0,0,1,-1
385990,Juan Fuentes,Cobresal,Palestino,15352987,2026-03-08,Away,46.0,0,1,-1
873620,Agustin Nadruz,Cobresal,Palestino,15352987,2026-03-08,Away,90.0,2,4,-2
1835777,Benjamin Moreno,Cobresal,Palestino,15352987,2026-03-08,Away,90.0,2,4,-2
937101,Steffan Pino,Cobresal,Palestino,15352987,2026-03-08,Away,90.0,2,4,-2
1021117,César Yanis,Cobresal,Palestino,15352987,2026-03-08,Away,44.0,2,3,-1
790000,Bryan Carvallo,Cobresal,Palestino,15352987,2026-03-08,Away,44.0,2,3,-1
1086986,Franco Frías,Cobresal,Palestino,15352987,2026-03-08,Away,44.0,2,3,-1
1016643,Aaron Astudillo,Cobresal,Palestino,15352987,2026-03-08,Away,34.0,2,3,-1
975882,Tomás Ahumada,Audax Italiano,Colo-Colo,15352988,2026-03-07,Home,90.0,0,1,-1
981010,Enzo Ferrario,Audax Italiano,Colo-Colo,15352988,2026-03-07,Home,84.0,0,1,-1
895340,Marcelo Ortíz,Audax Italiano,Colo-Colo,15352988,2026-03-07,Home,90.0,0,1,-1
1177235,Daniel Piña,Audax Italiano,Colo-Colo,15352988,2026-03-07,Home,90.0,0,1,-1
1114520,Paolo Guajardo,Audax Italiano,Colo-Colo,15352988,2026-03-07,Home,83.0,0,1,-1
942156,Marco Collao,Audax Italiano,Colo-Colo,15352988,2026-03-07,Home,74.0,0,1,-1
986532,Federico Mateos,Audax Italiano,Colo-Colo,15352988,2026-03-07,Home,90.0,0,1,-1
1177236,Esteban Matus,Audax Italiano,Colo-Colo,15352988,2026-03-07,Home,90.0,0,1,-1
1083863,Nicolás Aedo,Audax Italiano,Colo-Colo,15352988,2026-03-07,Home,60.0,0,1,-1
997539,Rodrigo Cabral,Audax Italiano,Colo-Colo,15352988,2026-03-07,Home,90.0,0,1,-1
875274,Diego Coelho,Audax Italiano,Colo-Colo,15352988,2026-03-07,Home,60.0,0,1,-1
1485094,Giovani Chiaverano,Audax Italiano,Colo-Colo,15352988,2026-03-07,Home,30.0,0,0,0
859990,Franco Troyansky,Audax Italiano,Colo-Colo,15352988,2026-03-07,Home,30.0,0,0,0
1920586,Mario Sandoval,Audax Italiano,Colo-Colo,15352988,2026-03-07,Home,16.0,0,0,0
1997135,Martín Jiménez,Audax Italiano,Colo-Colo,15352988,2026-03-07,Home,7.0,0,0,0
1440662,Favian Loyola,Audax Italiano,Colo-Colo,15352988,2026-03-07,Home,6.0,0,0,0
818874,Fernando de Paul,Colo-Colo,Audax Italiano,15352988,2026-03-07,Away,90.0,1,0,1
1022259,Jeyson Rojas,Colo-Colo,Audax Italiano,15352988,2026-03-07,Away,90.0,1,0,1
1014795,Jonathan Villagra,Colo-Colo,Audax Italiano,15352988,2026-03-07,Away,90.0,1,0,1
18342,Arturo Vidal,Colo-Colo,Audax Italiano,15352988,2026-03-07,Away,90.0,1,0,1
1015274,Joaquín Sosa,Colo-Colo,Audax Italiano,15352988,2026-03-07,Away,90.0,1,0,1
1176822,Diego Ulloa,Colo-Colo,Audax Italiano,15352988,2026-03-07,Away,69.0,1,0,1
889502,Álvaro Madrid,Colo-Colo,Audax Italiano,15352988,2026-03-07,Away,90.0,1,0,1
844224,Tomás Alarcón,Colo-Colo,Audax Italiano,15352988,2026-03-07,Away,90.0,1,0,1
870020,Víctor Felipe Méndez,Colo-Colo,Audax Italiano,15352988,2026-03-07,Away,90.0,1,0,1
792585,Maximiliano Romero,Colo-Colo,Audax Italiano,15352988,2026-03-07,Away,77.0,1,0,1
1199243,Lautaro Pastrán,Colo-Colo,Audax Italiano,15352988,2026-03-07,Away,46.0,1,0,1
1601711,Leandro Hernández,Colo-Colo,Audax Italiano,15352988,2026-03-07,Away,44.0,0,0,0
973993,Erick Wiemberg,Colo-Colo,Audax Italiano,15352988,2026-03-07,Away,21.0,0,0,0
581780,Javier Correa,Colo-Colo,Audax Italiano,15352988,2026-03-07,Away,13.0,0,0,0
831242,Omar Carabalí,O'Higgins,Universidad Católica,15352989,2026-03-07,Home,90.0,1,0,1
985004,Benjamín Rojas,O'Higgins,Universidad Católica,15352989,2026-03-07,Home,90.0,1,0,1
1002945,Nicolás Garrido,O'Higgins,Universidad Católica,15352989,2026-03-07,Home,90.0,1,0,1
990283,Miguel Brizuela,O'Higgins,Universidad Católica,15352989,2026-03-07,Home,90.0,1,0,1
339699,Luis Pavez Munoz,O'Higgins,Universidad Católica,15352989,2026-03-07,Home,75.0,1,0,1
1798260,Joaquín Tapia,O'Higgins,Universidad Católica,15352989,2026-03-07,Home,75.0,1,0,1
1177211,Felipe Ogaz,O'Higgins,Universidad Católica,15352989,2026-03-07,Home,90.0,1,0,1
844183,Juan Leiva,O'Higgins,Universidad Católica,15352989,2026-03-07,Home,62.0,1,0,1
942415,Bastián Yáñez,O'Higgins,Universidad Católica,15352989,2026-03-07,Home,90.0,1,0,1
983528,Francisco González,O'Higgins,Universidad Católica,15352989,2026-03-07,Home,62.0,1,0,1
849177,Arnaldo Castillo,O'Higgins,Universidad Católica,15352989,2026-03-07,Home,46.0,1,0,1
923802,Thiago Vecino,O'Higgins,Universidad Católica,15352989,2026-03-07,Home,44.0,0,0,0
789677,Martín Sarrafiore,O'Higgins,Universidad Católica,15352989,2026-03-07,Home,28.0,0,0,0
1485083,Benjamin Schamine,O'Higgins,Universidad Católica,15352989,2026-03-07,Home,28.0,0,0,0
975291,Leandro Díaz,O'Higgins,Universidad Católica,15352989,2026-03-07,Home,15.0,0,0,0
1482408,Felipe Faúndez,O'Higgins,Universidad Católica,15352989,2026-03-07,Home,15.0,0,0,0
1016653,Vicente Bernedo,Universidad Católica,O'Higgins,15352989,2026-03-07,Away,90.0,0,1,-1
386220,Tomás Asta-Buruaga,Universidad Católica,O'Higgins,15352989,2026-03-07,Away,67.0,0,1,-1
819088,Branco Ampuero,Universidad Católica,O'Higgins,15352989,2026-03-07,Away,90.0,0,1,-1
896624,Juan Ignacio Díaz,Universidad Católica,O'Higgins,15352989,2026-03-07,Away,90.0,0,1,-1
324937,Cristián Cuevas,Universidad Católica,O'Higgins,15352989,2026-03-07,Away,90.0,0,1,-1
819115,Jhojan Valencia,Universidad Católica,O'Higgins,15352989,2026-03-07,Away,46.0,0,1,-1
22975,Gary Medel,Universidad Católica,O'Higgins,15352989,2026-03-07,Away,90.0,0,1,-1
588796,Jimmy Martínez,Universidad Católica,O'Higgins,15352989,2026-03-07,Away,67.0,0,1,-1
1982597,Vicente Cárcamo,Universidad Católica,O'Higgins,15352989,2026-03-07,Away,46.0,0,1,-1
828952,Fernando Zampedri,Universidad Católica,O'Higgins,15352989,2026-03-07,Away,90.0,0,1,-1
932866,Justo Giani,Universidad Católica,O'Higgins,15352989,2026-03-07,Away,87.0,0,1,-1
973560,Matías Palavecino,Universidad Católica,O'Higgins,15352989,2026-03-07,Away,44.0,0,0,0
995388,Clemente Montes,Universidad Católica,O'Higgins,15352989,2026-03-07,Away,44.0,0,0,0
818693,Bernardo Cerezo,Universidad Católica,O'Higgins,15352989,2026-03-07,Away,23.0,0,0,0
1016766,Alfred Canales,Universidad Católica,O'Higgins,15352989,2026-03-07,Away,23.0,0,0,0
2121648,Martín Gómez,Universidad Católica,O'Higgins,15352989,2026-03-07,Away,3.0,0,0,0
790001,Ignacio González,Everton de Viña del Mar,Deportes Limache,15352990,2026-03-07,Home,90.0,1,0,1
886912,Benjamín Berríos,Everton de Viña del Mar,Deportes Limache,15352990,2026-03-07,Home,90.0,1,0,1
976168,Hugo Magallanes,Everton de Viña del Mar,Deportes Limache,15352990,2026-03-07,Home,90.0,1,0,1
339891,Diego Oyarzún,Everton de Viña del Mar,Deportes Limache,15352990,2026-03-07,Home,90.0,1,0,1
947963,Vicente Fernández,Everton de Viña del Mar,Deportes Limache,15352990,2026-03-07,Home,80.0,1,0,1
951270,Joaquín Moya,Everton de Viña del Mar,Deportes Limache,15352990,2026-03-07,Home,90.0,1,0,1
956838,Julián Alfaro,Everton de Viña del Mar,Deportes Limache,15352990,2026-03-07,Home,43.0,0,0,0
975053,Alan Medina,Everton de Viña del Mar,Deportes Limache,15352990,2026-03-07,Home,90.0,1,0,1
800239,Dieter Villalpando,Everton de Viña del Mar,Deportes Limache,15352990,2026-03-07,Home,90.0,1,0,1
1020255,Braian Martínez,Everton de Viña del Mar,Deportes Limache,15352990,2026-03-07,Home,63.0,0,0,0
129209,Cristian Palacios,Everton de Viña del Mar,Deportes Limache,15352990,2026-03-07,Home,80.0,1,0,1
1119679,Lucas Soto,Everton de Viña del Mar,Deportes Limache,15352990,2026-03-07,Home,47.0,1,0,1
1199239,Emiliano Ramos,Everton de Viña del Mar,Deportes Limache,15352990,2026-03-07,Home,27.0,1,0,1
886915,Ramiro González,Everton de Viña del Mar,Deportes Limache,15352990,2026-03-07,Home,10.0,0,0,0
1864232,Nicolás Montiel,Everton de Viña del Mar,Deportes Limache,15352990,2026-03-07,Home,10.0,0,0,0
874123,Matías Bórquez,Deportes Limache,Everton de Viña del Mar,15352990,2026-03-07,Away,90.0,0,1,-1
980882,Yerko González,Deportes Limache,Everton de Viña del Mar,15352990,2026-03-07,Away,90.0,0,1,-1
1199394,Axel Alfonzo,Deportes Limache,Everton de Viña del Mar,15352990,2026-03-07,Away,80.0,0,1,-1
875564,Augusto Aguirre,Deportes Limache,Everton de Viña del Mar,15352990,2026-03-07,Away,90.0,0,1,-1
1197239,Marcelo Flores,Deportes Limache,Everton de Viña del Mar,15352990,2026-03-07,Away,90.0,0,1,-1
874853,Ramón Martínez,Deportes Limache,Everton de Viña del Mar,15352990,2026-03-07,Away,72.0,0,1,-1
1801194,Vicente Álvarez,Deportes Limache,Everton de Viña del Mar,15352990,2026-03-07,Away,64.0,0,0,0
818974,César Pinares,Deportes Limache,Everton de Viña del Mar,15352990,2026-03-07,Away,72.0,0,1,-1
818816,Jean Meneses,Deportes Limache,Everton de Viña del Mar,15352990,2026-03-07,Away,90.0,0,1,-1
925992,Daniel Castro,Deportes Limache,Everton de Viña del Mar,15352990,2026-03-07,Away,90.0,0,1,-1
988084,Gonzalo Sosa,Deportes Limache,Everton de Viña del Mar,15352990,2026-03-07,Away,90.0,0,1,-1
986599,Joaquín Montecinos,Deportes Limache,Everton de Viña del Mar,15352990,2026-03-07,Away,26.0,0,1,-1
863124,Misael Llantén,Deportes Limache,Everton de Viña del Mar,15352990,2026-03-07,Away,18.0,0,0,0
871813,Marcos Arturia,Deportes Limache,Everton de Viña del Mar,15352990,2026-03-07,Away,18.0,0,0,0
1125514,Carlos Morales,Deportes Limache,Everton de Viña del Mar,15352990,2026-03-07,Away,10.0,0,0,0
920957,Rodrigo Odriozola,Huachipato,Coquimbo Unido,15352991,2026-03-07,Home,90.0,0,2,-2
1108721,Maicol León,Huachipato,Coquimbo Unido,15352991,2026-03-07,Home,83.0,0,2,-2
1096236,Renzo Malanca,Huachipato,Coquimbo Unido,15352991,2026-03-07,Home,90.0,0,2,-2
36995,Rafael Caroca,Huachipato,Coquimbo Unido,15352991,2026-03-07,Home,90.0,0,2,-2
1482399,Lucas Velásquez,Huachipato,Coquimbo Unido,15352991,2026-03-07,Home,57.0,0,1,-1
249373,Claudio Sepúlveda,Huachipato,Coquimbo Unido,15352991,2026-03-07,Home,90.0,0,2,-2
845174,Mario Briceño,Huachipato,Coquimbo Unido,15352991,2026-03-07,Home,71.0,0,1,-1
1017455,Ezequiel Cañete,Huachipato,Coquimbo Unido,15352991,2026-03-07,Home,57.0,0,1,-1
1381958,Santiago Silva,Huachipato,Coquimbo Unido,15352991,2026-03-07,Home,90.0,0,2,-2
851968,Cris Martínez,Huachipato,Coquimbo Unido,15352991,2026-03-07,Home,71.0,0,1,-1
323439,Lionel Altamirano,Huachipato,Coquimbo Unido,15352991,2026-03-07,Home,90.0,0,2,-2
1177673,Kevin Altez,Huachipato,Coquimbo Unido,15352991,2026-03-07,Home,33.0,0,1,-1
988078,Harold Antiñirre,Huachipato,Coquimbo Unido,15352991,2026-03-07,Home,33.0,0,1,-1
1108549,Claudio Torres,Huachipato,Coquimbo Unido,15352991,2026-03-07,Home,19.0,0,1,-1
940483,Maximiliano Rodríguez,Huachipato,Coquimbo Unido,15352991,2026-03-07,Home,19.0,0,1,-1
1014798,Luciano Arriagada,Huachipato,Coquimbo Unido,15352991,2026-03-07,Home,7.0,0,0,0
1119737,Gonzalo Flores,Coquimbo Unido,Huachipato,15352991,2026-03-07,Away,90.0,2,0,2
986548,Francisco Salinas,Coquimbo Unido,Huachipato,15352991,2026-03-07,Away,90.0,2,0,2
986451,Benjamín Gazzolo,Coquimbo Unido,Huachipato,15352991,2026-03-07,Away,90.0,2,0,2
889498,Manuel Fernández,Coquimbo Unido,Huachipato,15352991,2026-03-07,Away,90.0,2,0,2
1096735,Juan Cornejo,Coquimbo Unido,Huachipato,15352991,2026-03-07,Away,90.0,2,0,2
805408,Alejandro Camargo,Coquimbo Unido,Huachipato,15352991,2026-03-07,Away,90.0,2,0,2
974009,Sebastián Galani,Coquimbo Unido,Huachipato,15352991,2026-03-07,Away,90.0,2,0,2
1834686,Martín Mundaca,Coquimbo Unido,Huachipato,15352991,2026-03-07,Away,64.0,1,0,1
376740,Guido Vadalá,Coquimbo Unido,Huachipato,15352991,2026-03-07,Away,63.0,1,0,1
1108027,Alejandro Azócar,Coquimbo Unido,Huachipato,15352991,2026-03-07,Away,74.0,2,0,2
1643443,Nicolás Johansen,Coquimbo Unido,Huachipato,15352991,2026-03-07,Away,80.0,2,0,2
829288,Salvador Cordero,Coquimbo Unido,Huachipato,15352991,2026-03-07,Away,27.0,1,0,1
852143,Luis Riveros,Coquimbo Unido,Huachipato,15352991,2026-03-07,Away,26.0,1,0,1
973986,Cristián Zavala,Coquimbo Unido,Huachipato,15352991,2026-03-07,Away,16.0,0,0,0
39244,Lucas Pratto,Coquimbo Unido,Huachipato,15352991,2026-03-07,Away,10.0,0,0,0
789923,Federico Lanzillotta,Deportes La Serena,Unión La Calera,15352992,2026-03-06,Home,90.0,2,0,2
1002931,Bruno Gutiérrez,Deportes La Serena,Unión La Calera,15352992,2026-03-06,Home,90.0,2,0,2
906100,Lucas Alarcón,Deportes La Serena,Unión La Calera,15352992,2026-03-06,Home,90.0,2,0,2
799653,Rafael Delgado,Deportes La Serena,Unión La Calera,15352992,2026-03-06,Home,90.0,2,0,2
1384819,Yahir Salazar,Deportes La Serena,Unión La Calera,15352992,2026-03-06,Home,90.0,2,0,2
1089454,Francis Mac Allister,Deportes La Serena,Unión La Calera,15352992,2026-03-06,Home,90.0,2,0,2
316170,Gonzalo Escalante,Deportes La Serena,Unión La Calera,15352992,2026-03-06,Home,90.0,2,0,2
986598,Joaquín Gutiérrez,Deportes La Serena,Unión La Calera,15352992,2026-03-06,Home,64.0,2,0,2
1063335,Felipe Chamorro,Deportes La Serena,Unión La Calera,15352992,2026-03-06,Home,73.0,2,0,2
805095,Jeisson Vargas,Deportes La Serena,Unión La Calera,15352992,2026-03-06,Home,90.0,2,0,2
147570,Diego Rubio,Deportes La Serena,Unión La Calera,15352992,2026-03-06,Home,90.0,2,0,2
582220,Nicolás Stefanelli,Deportes La Serena,Unión La Calera,15352992,2026-03-06,Home,26.0,0,0,0
874589,Matías Marín,Deportes La Serena,Unión La Calera,15352992,2026-03-06,Home,17.0,0,0,0
1807803,Joan Orellana,Deportes La Serena,Unión La Calera,15352992,2026-03-06,Home,0.0,0,0,0
2046426,Cristóbal Sepúlveda,Deportes La Serena,Unión La Calera,15352992,2026-03-06,Home,0.0,0,0,0
333465,Nicolás Avellaneda,Unión La Calera,Deportes La Serena,15352992,2026-03-06,Away,90.0,0,2,-2
889511,Christopher Díaz,Unión La Calera,Deportes La Serena,15352992,2026-03-06,Away,85.0,0,2,-2
1108449,Rodrigo Caseres,Unión La Calera,Deportes La Serena,15352992,2026-03-06,Away,90.0,0,2,-2
1111544,Daniel Gutiérrez,Unión La Calera,Deportes La Serena,15352992,2026-03-06,Away,90.0,0,2,-2
819005,Cristián Gutiérrez,Unión La Calera,Deportes La Serena,15352992,2026-03-06,Away,68.0,0,2,-2
822449,Camilo Moya,Unión La Calera,Deportes La Serena,15352992,2026-03-06,Away,60.0,0,2,-2
787710,Kevin Méndez,Unión La Calera,Deportes La Serena,15352992,2026-03-06,Away,90.0,0,2,-2
822444,Yerko Leiva,Unión La Calera,Deportes La Serena,15352992,2026-03-06,Away,90.0,0,2,-2
1403421,Axel Encinas,Unión La Calera,Deportes La Serena,15352992,2026-03-06,Away,60.0,0,2,-2
861299,Carlo Villanueva,Unión La Calera,Deportes La Serena,15352992,2026-03-06,Away,60.0,0,2,-2
936901,Sebastián Sáez,Unión La Calera,Deportes La Serena,15352992,2026-03-06,Away,90.0,0,2,-2
1523685,Francisco Jose Pozzo,Unión La Calera,Deportes La Serena,15352992,2026-03-06,Away,30.0,0,0,0
1002941,Joan Cruz,Unión La Calera,Deportes La Serena,15352992,2026-03-06,Away,30.0,0,0,0
1190022,Joaquín Soto,Unión La Calera,Deportes La Serena,15352992,2026-03-06,Away,30.0,0,0,0
1017169,Javier Saldías,Unión La Calera,Deportes La Serena,15352992,2026-03-06,Away,22.0,0,0,0
951277,Bayron Oyarzo,Unión La Calera,Deportes La Serena,15352992,2026-03-06,Away,5.0,0,0,0
158269,César Dutra,Deportes Concepción,Ñublense,15352993,2026-03-06,Home,90.0,0,2,-2
939938,Ariel Cáceres,Deportes Concepción,Ñublense,15352993,2026-03-06,Home,90.0,0,2,-2
988763,Norman Rodríguez,Deportes Concepción,Ñublense,15352993,2026-03-06,Home,90.0,0,2,-2
973523,Diego Carrasco,Deportes Concepción,Ñublense,15352993,2026-03-06,Home,90.0,0,2,-2
1980392,Javier Rojas,Deportes Concepción,Ñublense,15352993,2026-03-06,Home,90.0,0,2,-2
589548,Nelson Sepúlveda,Deportes Concepción,Ñublense,15352993,2026-03-06,Home,46.0,0,1,-1
906106,Ignacio Mesías,Deportes Concepción,Ñublense,15352993,2026-03-06,Home,46.0,0,1,-1
819072,Jorge Henríquez,Deportes Concepción,Ñublense,15352993,2026-03-06,Home,90.0,0,2,-2
790010,Leonardo Valencia,Deportes Concepción,Ñublense,15352993,2026-03-06,Home,82.0,0,1,-1
177813,Misael Dávila,Deportes Concepción,Ñublense,15352993,2026-03-06,Home,46.0,0,1,-1
28242,Joaquín Larrivey,Deportes Concepción,Ñublense,15352993,2026-03-06,Home,90.0,0,2,-2
986529,Ethan Espinoza,Deportes Concepción,Ñublense,15352993,2026-03-06,Home,44.0,0,1,-1
986422,Aldrix Jara,Deportes Concepción,Ñublense,15352993,2026-03-06,Home,44.0,0,1,-1
1197454,Yonathan Rodríguez,Deportes Concepción,Ñublense,15352993,2026-03-06,Home,44.0,0,1,-1
1125898,Ángel Gillard,Deportes Concepción,Ñublense,15352993,2026-03-06,Home,8.0,0,1,-1
47441,Nicola Pérez,Ñublense,Deportes Concepción,15352993,2026-03-06,Away,90.0,2,0,2
333405,Felipe Campos,Ñublense,Deportes Concepción,15352993,2026-03-06,Away,90.0,2,0,2
819075,Osvaldo Bosso,Ñublense,Deportes Concepción,15352993,2026-03-06,Away,90.0,2,0,2
863129,Sebastián Valencia,Ñublense,Deportes Concepción,15352993,2026-03-06,Away,90.0,2,0,2
584418,Gabriel Graciani,Ñublense,Deportes Concepción,15352993,2026-03-06,Away,69.0,1,0,1
312376,Lorenzo Reyes,Ñublense,Deportes Concepción,15352993,2026-03-06,Away,90.0,2,0,2
951278,Manuel Rivera,Ñublense,Deportes Concepción,15352993,2026-03-06,Away,90.0,2,0,2
986626,Jovany Campusano,Ñublense,Deportes Concepción,15352993,2026-03-06,Away,90.0,2,0,2
962130,Fernando Ovelar,Ñublense,Deportes Concepción,15352993,2026-03-06,Away,83.0,1,0,1
1503119,Giovanny Avalos,Ñublense,Deportes Concepción,15352993,2026-03-06,Away,69.0,1,0,1
761426,Ignacio Jeraldino,Ñublense,Deportes Concepción,15352993,2026-03-06,Away,75.0,1,0,1
1125913,Diego Sanhueza,Ñublense,Deportes Concepción,15352993,2026-03-06,Away,21.0,1,0,1
986676,Matías Plaza,Ñublense,Deportes Concepción,15352993,2026-03-06,Away,21.0,1,0,1
1518443,Franco Rami,Ñublense,Deportes Concepción,15352993,2026-03-06,Away,15.0,1,0,1
1197415,Alex Valdés,Ñublense,Deportes Concepción,15352993,2026-03-06,Away,7.0,1,0,1
1016653,Vicente Bernedo,Universidad Católica,Everton de Viña del Mar,15352994,2026-03-14,Home,90.0,2,2,0
818693,Bernardo Cerezo,Universidad Católica,Everton de Viña del Mar,15352994,2026-03-14,Home,87.0,2,2,0
819088,Branco Ampuero,Universidad Católica,Everton de Viña del Mar,15352994,2026-03-14,Home,90.0,2,2,0
896624,Juan Ignacio Díaz,Universidad Católica,Everton de Viña del Mar,15352994,2026-03-14,Home,90.0,2,2,0
324937,Cristián Cuevas,Universidad Católica,Everton de Viña del Mar,15352994,2026-03-14,Home,90.0,2,2,0
819115,Jhojan Valencia,Universidad Católica,Everton de Viña del Mar,15352994,2026-03-14,Home,68.0,1,2,-1
22975,Gary Medel,Universidad Católica,Everton de Viña del Mar,15352994,2026-03-14,Home,90.0,2,2,0
588796,Jimmy Martínez,Universidad Católica,Everton de Viña del Mar,15352994,2026-03-14,Home,90.0,2,2,0
973560,Matías Palavecino,Universidad Católica,Everton de Viña del Mar,15352994,2026-03-14,Home,87.0,2,2,0
828952,Fernando Zampedri,Universidad Católica,Everton de Viña del Mar,15352994,2026-03-14,Home,90.0,2,2,0
932866,Justo Giani,Universidad Católica,Everton de Viña del Mar,15352994,2026-03-14,Home,90.0,2,2,0
995388,Clemente Montes,Universidad Católica,Everton de Viña del Mar,15352994,2026-03-14,Home,22.0,1,0,1
906110,Diego Valencia,Universidad Católica,Everton de Viña del Mar,15352994,2026-03-14,Home,3.0,0,0,0
117430,Eugenio Mena,Universidad Católica,Everton de Viña del Mar,15352994,2026-03-14,Home,3.0,0,0,0
790001,Ignacio González,Everton de Viña del Mar,Universidad Católica,15352994,2026-03-14,Away,90.0,2,2,0
886912,Benjamín Berríos,Everton de Viña del Mar,Universidad Católica,15352994,2026-03-14,Away,90.0,2,2,0
976168,Hugo Magallanes,Everton de Viña del Mar,Universidad Católica,15352994,2026-03-14,Away,90.0,2,2,0
339891,Diego Oyarzún,Everton de Viña del Mar,Universidad Católica,15352994,2026-03-14,Away,90.0,2,2,0
947963,Vicente Fernández,Everton de Viña del Mar,Universidad Católica,15352994,2026-03-14,Away,90.0,2,2,0
1119679,Lucas Soto,Everton de Viña del Mar,Universidad Católica,15352994,2026-03-14,Away,80.0,2,2,0
951270,Joaquín Moya,Everton de Viña del Mar,Universidad Católica,15352994,2026-03-14,Away,90.0,2,2,0
800239,Dieter Villalpando,Everton de Viña del Mar,Universidad Católica,15352994,2026-03-14,Away,90.0,2,2,0
1199239,Emiliano Ramos,Everton de Viña del Mar,Universidad Católica,15352994,2026-03-14,Away,90.0,2,2,0
975053,Alan Medina,Everton de Viña del Mar,Universidad Católica,15352994,2026-03-14,Away,90.0,2,2,0
129209,Cristian Palacios,Everton de Viña del Mar,Universidad Católica,15352994,2026-03-14,Away,71.0,2,1,1
1385673,Valentín Vidal,Everton de Viña del Mar,Universidad Católica,15352994,2026-03-14,Away,19.0,0,1,-1
1508614,Santiago Londoño,Everton de Viña del Mar,Universidad Católica,15352994,2026-03-14,Away,10.0,0,0,0
862702,Nicolás Baeza,Everton de Viña del Mar,Universidad Católica,15352994,2026-03-14,Away,0.0,0,0,0
1864232,Nicolás Montiel,Everton de Viña del Mar,Universidad Católica,15352994,2026-03-14,Away,0.0,0,0,0
805183,Gabriel Castellón,Universidad de Chile,Universidad de Concepción,15352995,2026-03-09,Home,90.0,1,1,0
831012,Nicolás Ramírez,Universidad de Chile,Universidad de Concepción,15352995,2026-03-09,Home,46.0,0,1,-1
981341,Franco Calderón,Universidad de Chile,Universidad de Concepción,15352995,2026-03-09,Home,90.0,1,1,0
789979,Matías Zaldivia,Universidad de Chile,Universidad de Concepción,15352995,2026-03-09,Home,90.0,1,1,0
818897,Fabián Hormazábal,Universidad de Chile,Universidad de Concepción,15352995,2026-03-09,Home,90.0,1,1,0
589542,Israel Poblete,Universidad de Chile,Universidad de Concepción,15352995,2026-03-09,Home,82.0,1,1,0
18304,Charles Aránguiz,Universidad de Chile,Universidad de Concepción,15352995,2026-03-09,Home,27.0,0,0,0
1087387,Marcelo Morales,Universidad de Chile,Universidad de Concepción,15352995,2026-03-09,Home,90.0,1,1,0
925337,Javier Altamirano,Universidad de Chile,Universidad de Concepción,15352995,2026-03-09,Home,88.0,1,1,0
906105,Maximiliano Guerrero,Universidad de Chile,Universidad de Concepción,15352995,2026-03-09,Home,90.0,1,1,0
37006,Eduardo Vargas,Universidad de Chile,Universidad de Concepción,15352995,2026-03-09,Home,90.0,1,1,0
1388813,Agustín Arce,Universidad de Chile,Universidad de Concepción,15352995,2026-03-09,Home,63.0,1,1,0
26480,Marcelo Díaz,Universidad de Chile,Universidad de Concepción,15352995,2026-03-09,Home,44.0,1,0,1
1482412,Ignacio Vásquez,Universidad de Chile,Universidad de Concepción,15352995,2026-03-09,Home,8.0,0,0,0
2145368,Martín Espinoza Pino,Universidad de Chile,Universidad de Concepción,15352995,2026-03-09,Home,2.0,0,0,0
1002740,Santiago Silva Azambuja,Universidad de Concepción,Universidad de Chile,15352995,2026-03-09,Away,90.0,1,1,0
986609,Jorge Espejo,Universidad de Concepción,Universidad de Chile,15352995,2026-03-09,Away,90.0,1,1,0
1482287,David Retamal,Universidad de Concepción,Universidad de Chile,15352995,2026-03-09,Away,84.0,1,1,0
47037,Osvaldo González,Universidad de Concepción,Universidad de Chile,15352995,2026-03-09,Away,90.0,1,1,0
365990,Leonel González,Universidad de Concepción,Universidad de Chile,15352995,2026-03-09,Away,90.0,1,1,0
906102,Yerco Oyanedel,Universidad de Concepción,Universidad de Chile,15352995,2026-03-09,Away,90.0,1,1,0
1106828,Jeison Fuentealba,Universidad de Concepción,Universidad de Chile,15352995,2026-03-09,Away,67.0,1,1,0
896753,Facundo Mater,Universidad de Concepción,Universidad de Chile,15352995,2026-03-09,Away,90.0,1,1,0
939997,Cristhofer Mesías,Universidad de Concepción,Universidad de Chile,15352995,2026-03-09,Away,90.0,1,1,0
965775,Agustín Urzi,Universidad de Concepción,Universidad de Chile,15352995,2026-03-09,Away,83.0,1,1,0
1183778,Daniel Barrea,Universidad de Concepción,Universidad de Chile,15352995,2026-03-09,Away,51.0,1,0,1
965719,Ariel Uribe,Universidad de Concepción,Universidad de Chile,15352995,2026-03-09,Away,39.0,0,1,-1
973567,Pablo Parra,Universidad de Concepción,Universidad de Chile,15352995,2026-03-09,Away,23.0,0,0,0
986462,Bryan Ogaz,Universidad de Concepción,Universidad de Chile,15352995,2026-03-09,Away,7.0,0,0,0
1106822,Bastián Ubal,Universidad de Concepción,Universidad de Chile,15352995,2026-03-09,Away,6.0,0,0,0
386218,Diego Sánchez,Coquimbo Unido,Universidad de Chile,15352996,2026-03-14,Home,90.0,0,1,-1
986548,Francisco Salinas,Coquimbo Unido,Universidad de Chile,15352996,2026-03-14,Home,90.0,0,1,-1
986451,Benjamín Gazzolo,Coquimbo Unido,Universidad de Chile,15352996,2026-03-14,Home,90.0,0,1,-1
889498,Manuel Fernández,Coquimbo Unido,Universidad de Chile,15352996,2026-03-14,Home,90.0,0,1,-1
1096735,Juan Cornejo,Coquimbo Unido,Universidad de Chile,15352996,2026-03-14,Home,90.0,0,1,-1
805408,Alejandro Camargo,Coquimbo Unido,Universidad de Chile,15352996,2026-03-14,Home,90.0,0,1,-1
974009,Sebastián Galani,Coquimbo Unido,Universidad de Chile,15352996,2026-03-14,Home,90.0,0,1,-1
1834686,Martín Mundaca,Coquimbo Unido,Universidad de Chile,15352996,2026-03-14,Home,58.0,0,0,0
376740,Guido Vadalá,Coquimbo Unido,Universidad de Chile,15352996,2026-03-14,Home,70.0,0,0,0
1108027,Alejandro Azócar,Coquimbo Unido,Universidad de Chile,15352996,2026-03-14,Home,58.0,0,0,0
1643443,Nicolás Johansen,Coquimbo Unido,Universidad de Chile,15352996,2026-03-14,Home,46.0,0,0,0
852143,Luis Riveros,Coquimbo Unido,Universidad de Chile,15352996,2026-03-14,Home,44.0,0,1,-1
973986,Cristián Zavala,Coquimbo Unido,Universidad de Chile,15352996,2026-03-14,Home,32.0,0,1,-1
1125880,Benjamín Chandía,Coquimbo Unido,Universidad de Chile,15352996,2026-03-14,Home,32.0,0,1,-1
39244,Lucas Pratto,Coquimbo Unido,Universidad de Chile,15352996,2026-03-14,Home,20.0,0,1,-1
805183,Gabriel Castellón,Universidad de Chile,Coquimbo Unido,15352996,2026-03-14,Away,90.0,1,0,1
818897,Fabián Hormazábal,Universidad de Chile,Coquimbo Unido,15352996,2026-03-14,Away,90.0,1,0,1
981341,Franco Calderón,Universidad de Chile,Coquimbo Unido,15352996,2026-03-14,Away,90.0,1,0,1
831012,Nicolás Ramírez,Universidad de Chile,Coquimbo Unido,15352996,2026-03-14,Away,90.0,1,0,1
1087387,Marcelo Morales,Universidad de Chile,Coquimbo Unido,15352996,2026-03-14,Away,79.0,1,0,1
1201172,Lucas Romero,Universidad de Chile,Coquimbo Unido,15352996,2026-03-14,Away,90.0,1,0,1
906105,Maximiliano Guerrero,Universidad de Chile,Coquimbo Unido,15352996,2026-03-14,Away,90.0,1,0,1
589542,Israel Poblete,Universidad de Chile,Coquimbo Unido,15352996,2026-03-14,Away,90.0,1,0,1
925337,Javier Altamirano,Universidad de Chile,Coquimbo Unido,15352996,2026-03-14,Away,64.0,0,0,0
1482412,Ignacio Vásquez,Universidad de Chile,Coquimbo Unido,15352996,2026-03-14,Away,64.0,0,0,0
37006,Eduardo Vargas,Universidad de Chile,Coquimbo Unido,15352996,2026-03-14,Away,90.0,1,0,1
2331086,Jhon Cortes,Universidad de Chile,Coquimbo Unido,15352996,2026-03-14,Away,26.0,1,0,1
1388813,Agustín Arce,Universidad de Chile,Coquimbo Unido,15352996,2026-03-14,Away,26.0,1,0,1
1138070,Felipe Salomoni,Universidad de Chile,Coquimbo Unido,15352996,2026-03-14,Away,11.0,0,0,0
889500,Nicolás Fernández,Universidad de Chile,Coquimbo Unido,15352996,2026-03-14,Away,0.0,0,0,0
818874,Fernando de Paul,Colo-Colo,Huachipato,15352997,2026-03-16,Home,90.0,2,0,2
1022259,Jeyson Rojas,Colo-Colo,Huachipato,15352997,2026-03-16,Home,90.0,2,0,2
1014795,Jonathan Villagra,Colo-Colo,Huachipato,15352997,2026-03-16,Home,90.0,2,0,2
18342,Arturo Vidal,Colo-Colo,Huachipato,15352997,2026-03-16,Home,90.0,2,0,2
1015274,Joaquín Sosa,Colo-Colo,Huachipato,15352997,2026-03-16,Home,35.0,0,0,0
1176822,Diego Ulloa,Colo-Colo,Huachipato,15352997,2026-03-16,Home,90.0,2,0,2
889502,Álvaro Madrid,Colo-Colo,Huachipato,15352997,2026-03-16,Home,86.0,2,0,2
844224,Tomás Alarcón,Colo-Colo,Huachipato,15352997,2026-03-16,Home,90.0,2,0,2
870020,Víctor Felipe Méndez,Colo-Colo,Huachipato,15352997,2026-03-16,Home,90.0,2,0,2
1199243,Lautaro Pastrán,Colo-Colo,Huachipato,15352997,2026-03-16,Home,70.0,1,0,1
792585,Maximiliano Romero,Colo-Colo,Huachipato,15352997,2026-03-16,Home,86.0,2,0,2
973993,Erick Wiemberg,Colo-Colo,Huachipato,15352997,2026-03-16,Home,55.0,2,0,2
340455,Claudio Aquino,Colo-Colo,Huachipato,15352997,2026-03-16,Home,20.0,1,0,1
581780,Javier Correa,Colo-Colo,Huachipato,15352997,2026-03-16,Home,4.0,0,0,0
1601711,Leandro Hernández,Colo-Colo,Huachipato,15352997,2026-03-16,Home,4.0,0,0,0
1657110,Sebastián Mella,Huachipato,Colo-Colo,15352997,2026-03-16,Away,90.0,0,2,-2
988146,Cristian Toro,Huachipato,Colo-Colo,15352997,2026-03-16,Away,90.0,0,2,-2
36995,Rafael Caroca,Huachipato,Colo-Colo,15352997,2026-03-16,Away,90.0,0,2,-2
1096236,Renzo Malanca,Huachipato,Colo-Colo,15352997,2026-03-16,Away,90.0,0,2,-2
1108721,Maicol León,Huachipato,Colo-Colo,15352997,2026-03-16,Away,90.0,0,2,-2
249373,Claudio Sepúlveda,Huachipato,Colo-Colo,15352997,2026-03-16,Away,85.0,0,2,-2
247055,Nicolás Vargas,Huachipato,Colo-Colo,15352997,2026-03-16,Away,85.0,0,2,-2
1108549,Claudio Torres,Huachipato,Colo-Colo,15352997,2026-03-16,Away,67.0,0,1,-1
1381958,Santiago Silva,Huachipato,Colo-Colo,15352997,2026-03-16,Away,90.0,0,2,-2
940483,Maximiliano Rodríguez,Huachipato,Colo-Colo,15352997,2026-03-16,Away,85.0,0,2,-2
851968,Cris Martínez,Huachipato,Colo-Colo,15352997,2026-03-16,Away,67.0,0,1,-1
1017455,Ezequiel Cañete,Huachipato,Colo-Colo,15352997,2026-03-16,Away,23.0,0,1,-1
323439,Lionel Altamirano,Huachipato,Colo-Colo,15352997,2026-03-16,Away,23.0,0,1,-1
988078,Harold Antiñirre,Huachipato,Colo-Colo,15352997,2026-03-16,Away,5.0,0,0,0
1014798,Luciano Arriagada,Huachipato,Colo-Colo,15352997,2026-03-16,Away,5.0,0,0,0
1484208,Juan Figueroa,Huachipato,Colo-Colo,15352997,2026-03-16,Away,5.0,0,0,0
47441,Nicola Pérez,Ñublense,Deportes La Serena,15352998,2026-03-15,Home,90.0,2,2,0
333405,Felipe Campos,Ñublense,Deportes La Serena,15352998,2026-03-15,Home,58.0,1,2,-1
819075,Osvaldo Bosso,Ñublense,Deportes La Serena,15352998,2026-03-15,Home,90.0,2,2,0
863129,Sebastián Valencia,Ñublense,Deportes La Serena,15352998,2026-03-15,Home,90.0,2,2,0
584418,Gabriel Graciani,Ñublense,Deportes La Serena,15352998,2026-03-15,Home,90.0,2,2,0
312376,Lorenzo Reyes,Ñublense,Deportes La Serena,15352998,2026-03-15,Home,90.0,2,2,0
951278,Manuel Rivera,Ñublense,Deportes La Serena,15352998,2026-03-15,Home,77.0,1,2,-1
986626,Jovany Campusano,Ñublense,Deportes La Serena,15352998,2026-03-15,Home,90.0,2,2,0
962130,Fernando Ovelar,Ñublense,Deportes La Serena,15352998,2026-03-15,Home,58.0,1,2,-1
761426,Ignacio Jeraldino,Ñublense,Deportes La Serena,15352998,2026-03-15,Home,77.0,1,2,-1
1503119,Giovanny Avalos,Ñublense,Deportes La Serena,15352998,2026-03-15,Home,65.0,1,2,-1
1125913,Diego Sanhueza,Ñublense,Deportes La Serena,15352998,2026-03-15,Home,32.0,1,0,1
986676,Matías Plaza,Ñublense,Deportes La Serena,15352998,2026-03-15,Home,32.0,1,0,1
1197415,Alex Valdés,Ñublense,Deportes La Serena,15352998,2026-03-15,Home,25.0,1,0,1
973992,Diego Céspedes,Ñublense,Deportes La Serena,15352998,2026-03-15,Home,13.0,1,0,1
1518443,Franco Rami,Ñublense,Deportes La Serena,15352998,2026-03-15,Home,13.0,1,0,1
789923,Federico Lanzillotta,Deportes La Serena,Ñublense,15352998,2026-03-15,Away,90.0,2,2,0
1002931,Bruno Gutiérrez,Deportes La Serena,Ñublense,15352998,2026-03-15,Away,90.0,2,2,0
906100,Lucas Alarcón,Deportes La Serena,Ñublense,15352998,2026-03-15,Away,90.0,2,2,0
799653,Rafael Delgado,Deportes La Serena,Ñublense,15352998,2026-03-15,Away,90.0,2,2,0
1502658,Fernando Dinamarca,Deportes La Serena,Ñublense,15352998,2026-03-15,Away,90.0,2,2,0
1089454,Francis Mac Allister,Deportes La Serena,Ñublense,15352998,2026-03-15,Away,90.0,2,2,0
986598,Joaquín Gutiérrez,Deportes La Serena,Ñublense,15352998,2026-03-15,Away,69.0,2,1,1
1063335,Felipe Chamorro,Deportes La Serena,Ñublense,15352998,2026-03-15,Away,90.0,2,2,0
316170,Gonzalo Escalante,Deportes La Serena,Ñublense,15352998,2026-03-15,Away,90.0,2,2,0
805095,Jeisson Vargas,Deportes La Serena,Ñublense,15352998,2026-03-15,Away,90.0,2,2,0
147570,Diego Rubio,Deportes La Serena,Ñublense,15352998,2026-03-15,Away,83.0,2,1,1
582220,Nicolás Stefanelli,Deportes La Serena,Ñublense,15352998,2026-03-15,Away,21.0,0,1,-1
2455976,Bastián Sandoval,Deportes La Serena,Ñublense,15352998,2026-03-15,Away,7.0,0,1,-1
874589,Matías Marín,Deportes La Serena,Ñublense,15352998,2026-03-15,Away,0.0,0,0,0
924180,Claudio González,Deportes Limache,Unión La Calera,15352999,2026-04-04,Home,90.0,4,0,4
980882,Yerko González,Deportes Limache,Unión La Calera,15352999,2026-04-04,Home,90.0,4,0,4
1199394,Axel Alfonzo,Deportes Limache,Unión La Calera,15352999,2026-04-04,Home,90.0,4,0,4
875564,Augusto Aguirre,Deportes Limache,Unión La Calera,15352999,2026-04-04,Home,90.0,4,0,4
1197239,Marcelo Flores,Deportes Limache,Unión La Calera,15352999,2026-04-04,Home,90.0,4,0,4
818974,César Pinares,Deportes Limache,Unión La Calera,15352999,2026-04-04,Home,69.0,2,0,2
874853,Ramón Martínez,Deportes Limache,Unión La Calera,15352999,2026-04-04,Home,90.0,4,0,4
818816,Jean Meneses,Deportes Limache,Unión La Calera,15352999,2026-04-04,Home,81.0,3,0,3
986599,Joaquín Montecinos,Deportes Limache,Unión La Calera,15352999,2026-04-04,Home,81.0,3,0,3
988084,Gonzalo Sosa,Deportes Limache,Unión La Calera,15352999,2026-04-04,Home,69.0,2,0,2
925992,Daniel Castro,Deportes Limache,Unión La Calera,15352999,2026-04-04,Home,81.0,3,0,3
871813,Marcos Arturia,Deportes Limache,Unión La Calera,15352999,2026-04-04,Home,21.0,2,0,2
863124,Misael Llantén,Deportes Limache,Unión La Calera,15352999,2026-04-04,Home,21.0,2,0,2
1801194,Vicente Álvarez,Deportes Limache,Unión La Calera,15352999,2026-04-04,Home,9.0,1,0,1
1644853,Flavio Moya,Deportes Limache,Unión La Calera,15352999,2026-04-04,Home,9.0,1,0,1
1125514,Carlos Morales,Deportes Limache,Unión La Calera,15352999,2026-04-04,Home,9.0,1,0,1
333465,Nicolás Avellaneda,Unión La Calera,Deportes Limache,15352999,2026-04-04,Away,90.0,0,4,-4
889511,Christopher Díaz,Unión La Calera,Deportes Limache,15352999,2026-04-04,Away,90.0,0,4,-4
1108449,Rodrigo Caseres,Unión La Calera,Deportes Limache,15352999,2026-04-04,Away,90.0,0,4,-4
1125257,Nicolás Palma,Unión La Calera,Deportes Limache,15352999,2026-04-04,Away,90.0,0,4,-4
927110,Alexander Pastene,Unión La Calera,Deportes Limache,15352999,2026-04-04,Away,90.0,0,4,-4
822449,Camilo Moya,Unión La Calera,Deportes Limache,15352999,2026-04-04,Away,46.0,0,1,-1
965967,Juan Manuel Requena,Unión La Calera,Deportes Limache,15352999,2026-04-04,Away,90.0,0,4,-4
787710,Kevin Méndez,Unión La Calera,Deportes Limache,15352999,2026-04-04,Away,65.0,0,2,-2
1190022,Joaquín Soto,Unión La Calera,Deportes Limache,15352999,2026-04-04,Away,65.0,0,2,-2
951277,Bayron Oyarzo,Unión La Calera,Deportes Limache,15352999,2026-04-04,Away,89.0,0,4,-4
936901,Sebastián Sáez,Unión La Calera,Deportes Limache,15352999,2026-04-04,Away,89.0,0,4,-4
1002941,Joan Cruz,Unión La Calera,Deportes Limache,15352999,2026-04-04,Away,44.0,0,3,-3
819005,Cristián Gutiérrez,Unión La Calera,Deportes Limache,15352999,2026-04-04,Away,25.0,0,2,-2
924528,Matías Campos López,Unión La Calera,Deportes Limache,15352999,2026-04-04,Away,25.0,0,2,-2
1650043,Martín Hiriart,Unión La Calera,Deportes Limache,15352999,2026-04-04,Away,1.0,0,0,0
2496220,Benjamín Argandoña,Unión La Calera,Deportes Limache,15352999,2026-04-04,Away,1.0,0,0,0
975882,Tomás Ahumada,Audax Italiano,Deportes Concepción,15353000,2026-03-13,Home,90.0,3,0,3
981010,Enzo Ferrario,Audax Italiano,Deportes Concepción,15353000,2026-03-13,Home,90.0,3,0,3
895340,Marcelo Ortíz,Audax Italiano,Deportes Concepción,15353000,2026-03-13,Home,90.0,3,0,3
1177235,Daniel Piña,Audax Italiano,Deportes Concepción,15353000,2026-03-13,Home,90.0,3,0,3
1114520,Paolo Guajardo,Audax Italiano,Deportes Concepción,15353000,2026-03-13,Home,60.0,3,0,3
942156,Marco Collao,Audax Italiano,Deportes Concepción,15353000,2026-03-13,Home,80.0,3,0,3
986532,Federico Mateos,Audax Italiano,Deportes Concepción,15353000,2026-03-13,Home,90.0,3,0,3
1177236,Esteban Matus,Audax Italiano,Deportes Concepción,15353000,2026-03-13,Home,90.0,3,0,3
1083863,Nicolás Aedo,Audax Italiano,Deportes Concepción,15353000,2026-03-13,Home,46.0,3,0,3
1485094,Giovani Chiaverano,Audax Italiano,Deportes Concepción,15353000,2026-03-13,Home,60.0,3,0,3
859990,Franco Troyansky,Audax Italiano,Deportes Concepción,15353000,2026-03-13,Home,72.0,3,0,3
1920586,Mario Sandoval,Audax Italiano,Deportes Concepción,15353000,2026-03-13,Home,44.0,0,0,0
1997135,Martín Jiménez,Audax Italiano,Deportes Concepción,15353000,2026-03-13,Home,30.0,0,0,0
875274,Diego Coelho,Audax Italiano,Deportes Concepción,15353000,2026-03-13,Home,30.0,0,0,0
997539,Rodrigo Cabral,Audax Italiano,Deportes Concepción,15353000,2026-03-13,Home,18.0,0,0,0
1440662,Favian Loyola,Audax Italiano,Deportes Concepción,15353000,2026-03-13,Home,10.0,0,0,0
158269,César Dutra,Deportes Concepción,Audax Italiano,15353000,2026-03-13,Away,90.0,0,3,-3
939938,Ariel Cáceres,Deportes Concepción,Audax Italiano,15353000,2026-03-13,Away,90.0,0,3,-3
988763,Norman Rodríguez,Deportes Concepción,Audax Italiano,15353000,2026-03-13,Away,90.0,0,3,-3
973523,Diego Carrasco,Deportes Concepción,Audax Italiano,15353000,2026-03-13,Away,90.0,0,3,-3
312318,Brayan Véjar,Deportes Concepción,Audax Italiano,15353000,2026-03-13,Away,46.0,0,3,-3
986422,Aldrix Jara,Deportes Concepción,Audax Italiano,15353000,2026-03-13,Away,90.0,0,3,-3
991004,Mario Sandoval,Deportes Concepción,Audax Italiano,15353000,2026-03-13,Away,12.0,0,2,-2
1197454,Yonathan Rodríguez,Deportes Concepción,Audax Italiano,15353000,2026-03-13,Away,78.0,0,3,-3
924468,Matías Cavalleri,Deportes Concepción,Audax Italiano,15353000,2026-03-13,Away,46.0,0,3,-3
790010,Leonardo Valencia,Deportes Concepción,Audax Italiano,15353000,2026-03-13,Away,90.0,0,3,-3
28242,Joaquín Larrivey,Deportes Concepción,Audax Italiano,15353000,2026-03-13,Away,78.0,0,3,-3
589548,Nelson Sepúlveda,Deportes Concepción,Audax Italiano,15353000,2026-03-13,Away,78.0,0,1,-1
819072,Jorge Henríquez,Deportes Concepción,Audax Italiano,15353000,2026-03-13,Away,44.0,0,0,0
1980392,Javier Rojas,Deportes Concepción,Audax Italiano,15353000,2026-03-13,Away,44.0,0,0,0
986529,Ethan Espinoza,Deportes Concepción,Audax Italiano,15353000,2026-03-13,Away,12.0,0,0,0
1125898,Ángel Gillard,Deportes Concepción,Audax Italiano,15353000,2026-03-13,Away,12.0,0,0,0
1002740,Santiago Silva Azambuja,Universidad de Concepción,Palestino,15353001,2026-03-15,Home,90.0,0,0,0
1482287,David Retamal,Universidad de Concepción,Palestino,15353001,2026-03-15,Home,90.0,0,0,0
47037,Osvaldo González,Universidad de Concepción,Palestino,15353001,2026-03-15,Home,90.0,0,0,0
365990,Leonel González,Universidad de Concepción,Palestino,15353001,2026-03-15,Home,90.0,0,0,0
906102,Yerco Oyanedel,Universidad de Concepción,Palestino,15353001,2026-03-15,Home,90.0,0,0,0
986609,Jorge Espejo,Universidad de Concepción,Palestino,15353001,2026-03-15,Home,86.0,0,0,0
939997,Cristhofer Mesías,Universidad de Concepción,Palestino,15353001,2026-03-15,Home,90.0,0,0,0
896753,Facundo Mater,Universidad de Concepción,Palestino,15353001,2026-03-15,Home,90.0,0,0,0
1106828,Jeison Fuentealba,Universidad de Concepción,Palestino,15353001,2026-03-15,Home,90.0,0,0,0
973567,Pablo Parra,Universidad de Concepción,Palestino,15353001,2026-03-15,Home,70.0,0,0,0
965775,Agustín Urzi,Universidad de Concepción,Palestino,15353001,2026-03-15,Home,86.0,0,0,0
986462,Bryan Ogaz,Universidad de Concepción,Palestino,15353001,2026-03-15,Home,20.0,0,0,0
1125882,Harol Salgado,Universidad de Concepción,Palestino,15353001,2026-03-15,Home,4.0,0,0,0
1982599,Martín Ramírez,Universidad de Concepción,Palestino,15353001,2026-03-15,Home,4.0,0,0,0
906108,Antonio Díaz,Universidad de Concepción,Palestino,15353001,2026-03-15,Home,0.0,0,0,0
842274,Sebastián Pérez,Palestino,Universidad de Concepción,15353001,2026-03-15,Away,90.0,0,0,0
1797934,Ian Garguez,Palestino,Universidad de Concepción,15353001,2026-03-15,Away,90.0,0,0,0
1464931,Vicente Espinoza,Palestino,Universidad de Concepción,15353001,2026-03-15,Away,90.0,0,0,0
33943,Fernando Meza,Palestino,Universidad de Concepción,15353001,2026-03-15,Away,90.0,0,0,0
339711,Dilan Zúñiga,Palestino,Universidad de Concepción,15353001,2026-03-15,Away,90.0,0,0,0
334027,Julián Fernández,Palestino,Universidad de Concepción,15353001,2026-03-15,Away,80.0,0,0,0
1464930,Martín Araya,Palestino,Universidad de Concepción,15353001,2026-03-15,Away,59.0,0,0,0
1797930,Francisco Montes,Palestino,Universidad de Concepción,15353001,2026-03-15,Away,90.0,0,0,0
116096,Sebastián Gallegos,Palestino,Universidad de Concepción,15353001,2026-03-15,Away,90.0,0,0,0
931341,César Munder,Palestino,Universidad de Concepción,15353001,2026-03-15,Away,80.0,0,0,0
883928,Nelson Da Silva,Palestino,Universidad de Concepción,15353001,2026-03-15,Away,90.0,0,0,0
819017,Jonathan Benítez,Palestino,Universidad de Concepción,15353001,2026-03-15,Away,31.0,0,0,0
1064150,Nicolás Meza,Palestino,Universidad de Concepción,15353001,2026-03-15,Away,10.0,0,0,0
230054,Bryan Carrasco,Palestino,Universidad de Concepción,15353001,2026-03-15,Away,10.0,0,0,0
805183,Gabriel Castellón,Universidad de Chile,Deportes La Serena,15353002,2026-04-05,Home,90.0,3,0,3
818897,Fabián Hormazábal,Universidad de Chile,Deportes La Serena,15353002,2026-04-05,Home,90.0,3,0,3
789979,Matías Zaldivia,Universidad de Chile,Deportes La Serena,15353002,2026-04-05,Home,90.0,3,0,3
831012,Nicolás Ramírez,Universidad de Chile,Deportes La Serena,15353002,2026-04-05,Home,90.0,3,0,3
1087387,Marcelo Morales,Universidad de Chile,Deportes La Serena,15353002,2026-04-05,Home,74.0,3,0,3
1201172,Lucas Romero,Universidad de Chile,Deportes La Serena,15353002,2026-04-05,Home,46.0,0,0,0
589542,Israel Poblete,Universidad de Chile,Deportes La Serena,15353002,2026-04-05,Home,82.0,3,0,3
906105,Maximiliano Guerrero,Universidad de Chile,Deportes La Serena,15353002,2026-04-05,Home,90.0,3,0,3
925337,Javier Altamirano,Universidad de Chile,Deportes La Serena,15353002,2026-04-05,Home,74.0,3,0,3
1482412,Ignacio Vásquez,Universidad de Chile,Deportes La Serena,15353002,2026-04-05,Home,58.0,2,0,2
37006,Eduardo Vargas,Universidad de Chile,Deportes La Serena,15353002,2026-04-05,Home,90.0,3,0,3
2184978,Lucas Barrera,Universidad de Chile,Deportes La Serena,15353002,2026-04-05,Home,44.0,3,0,3
1002939,Lucas Assadi,Universidad de Chile,Deportes La Serena,15353002,2026-04-05,Home,32.0,1,0,1
889500,Nicolás Fernández,Universidad de Chile,Deportes La Serena,15353002,2026-04-05,Home,16.0,0,0,0
1388813,Agustín Arce,Universidad de Chile,Deportes La Serena,15353002,2026-04-05,Home,16.0,0,0,0
26480,Marcelo Díaz,Universidad de Chile,Deportes La Serena,15353002,2026-04-05,Home,8.0,0,0,0
789923,Federico Lanzillotta,Deportes La Serena,Universidad de Chile,15353002,2026-04-05,Away,90.0,0,3,-3
1002931,Bruno Gutiérrez,Deportes La Serena,Universidad de Chile,15353002,2026-04-05,Away,90.0,0,3,-3
906100,Lucas Alarcón,Deportes La Serena,Universidad de Chile,15353002,2026-04-05,Away,90.0,0,3,-3
799653,Rafael Delgado,Deportes La Serena,Universidad de Chile,15353002,2026-04-05,Away,90.0,0,3,-3
1384819,Yahir Salazar,Deportes La Serena,Universidad de Chile,15353002,2026-04-05,Away,90.0,0,3,-3
1089454,Francis Mac Allister,Deportes La Serena,Universidad de Chile,15353002,2026-04-05,Away,90.0,0,3,-3
874589,Matías Marín,Deportes La Serena,Universidad de Chile,15353002,2026-04-05,Away,71.0,0,3,-3
582220,Nicolás Stefanelli,Deportes La Serena,Universidad de Chile,15353002,2026-04-05,Away,61.0,0,2,-2
1063335,Felipe Chamorro,Deportes La Serena,Universidad de Chile,15353002,2026-04-05,Away,90.0,0,3,-3
805095,Jeisson Vargas,Deportes La Serena,Universidad de Chile,15353002,2026-04-05,Away,71.0,0,3,-3
147570,Diego Rubio,Deportes La Serena,Universidad de Chile,15353002,2026-04-05,Away,90.0,0,3,-3
2046426,Cristóbal Sepúlveda,Deportes La Serena,Universidad de Chile,15353002,2026-04-05,Away,29.0,0,1,-1
1980426,Milovan Velásquez,Deportes La Serena,Universidad de Chile,15353002,2026-04-05,Away,19.0,0,0,0
844271,Sebastián Díaz,Deportes La Serena,Universidad de Chile,15353002,2026-04-05,Away,19.0,0,0,0
975882,Tomás Ahumada,Audax Italiano,Universidad Católica,15353003,2026-04-11,Home,90.0,3,4,-1
981010,Enzo Ferrario,Audax Italiano,Universidad Católica,15353003,2026-04-11,Home,90.0,3,4,-1
895340,Marcelo Ortíz,Audax Italiano,Universidad Católica,15353003,2026-04-11,Home,90.0,3,4,-1
1177235,Daniel Piña,Audax Italiano,Universidad Católica,15353003,2026-04-11,Home,90.0,3,4,-1
804983,Raimundo Rebolledo,Audax Italiano,Universidad Católica,15353003,2026-04-11,Home,90.0,3,4,-1
942156,Marco Collao,Audax Italiano,Universidad Católica,15353003,2026-04-11,Home,90.0,3,4,-1
986532,Federico Mateos,Audax Italiano,Universidad Católica,15353003,2026-04-11,Home,90.0,3,4,-1
1177236,Esteban Matus,Audax Italiano,Universidad Católica,15353003,2026-04-11,Home,90.0,3,4,-1
1083863,Nicolás Aedo,Audax Italiano,Universidad Católica,15353003,2026-04-11,Home,46.0,2,3,-1
859990,Franco Troyansky,Audax Italiano,Universidad Católica,15353003,2026-04-11,Home,69.0,3,3,0
1485094,Giovani Chiaverano,Audax Italiano,Universidad Católica,15353003,2026-04-11,Home,78.0,3,3,0
912067,Michael Vadulli,Audax Italiano,Universidad Católica,15353003,2026-04-11,Home,44.0,1,1,0
1114520,Paolo Guajardo,Audax Italiano,Universidad Católica,15353003,2026-04-11,Home,21.0,0,1,-1
906112,Oliver Rojas,Audax Italiano,Universidad Católica,15353003,2026-04-11,Home,12.0,0,1,-1
1440662,Favian Loyola,Audax Italiano,Universidad Católica,15353003,2026-04-11,Home,0.0,0,0,0
875274,Diego Coelho,Audax Italiano,Universidad Católica,15353003,2026-04-11,Home,0.0,0,0,0
1016653,Vicente Bernedo,Universidad Católica,Audax Italiano,15353003,2026-04-11,Away,90.0,4,3,1
986496,Daniel González,Universidad Católica,Audax Italiano,15353003,2026-04-11,Away,79.0,3,3,0
819088,Branco Ampuero,Universidad Católica,Audax Italiano,15353003,2026-04-11,Away,90.0,4,3,1
896624,Juan Ignacio Díaz,Universidad Católica,Audax Italiano,15353003,2026-04-11,Away,90.0,4,3,1
1981780,Nicolás L'Huiller,Universidad Católica,Audax Italiano,15353003,2026-04-11,Away,40.0,2,2,0
819115,Jhojan Valencia,Universidad Católica,Audax Italiano,15353003,2026-04-11,Away,90.0,4,3,1
995388,Clemente Montes,Universidad Católica,Audax Italiano,15353003,2026-04-11,Away,57.0,3,3,0
973560,Matías Palavecino,Universidad Católica,Audax Italiano,15353003,2026-04-11,Away,57.0,3,3,0
284729,Fernando Zuqui,Universidad Católica,Audax Italiano,15353003,2026-04-11,Away,90.0,4,3,1
932866,Justo Giani,Universidad Católica,Audax Italiano,15353003,2026-04-11,Away,90.0,4,3,1
828952,Fernando Zampedri,Universidad Católica,Audax Italiano,15353003,2026-04-11,Away,90.0,4,3,1
324937,Cristián Cuevas,Universidad Católica,Audax Italiano,15353003,2026-04-11,Away,50.0,2,1,1
2058867,Sebastián Arancibia,Universidad Católica,Audax Italiano,15353003,2026-04-11,Away,33.0,1,0,1
588796,Jimmy Martínez,Universidad Católica,Audax Italiano,15353003,2026-04-11,Away,33.0,1,0,1
1409361,Juan Francisco Rossel,Universidad Católica,Audax Italiano,15353003,2026-04-11,Away,11.0,1,0,1
790001,Ignacio González,Everton de Viña del Mar,Ñublense,15353004,2026-04-04,Home,90.0,0,0,0
1119679,Lucas Soto,Everton de Viña del Mar,Ñublense,15353004,2026-04-04,Home,90.0,0,0,0
976168,Hugo Magallanes,Everton de Viña del Mar,Ñublense,15353004,2026-04-04,Home,90.0,0,0,0
339891,Diego Oyarzún,Everton de Viña del Mar,Ñublense,15353004,2026-04-04,Home,90.0,0,0,0
947963,Vicente Fernández,Everton de Viña del Mar,Ñublense,15353004,2026-04-04,Home,44.0,0,0,0
886912,Benjamín Berríos,Everton de Viña del Mar,Ñublense,15353004,2026-04-04,Home,86.0,0,0,0
951270,Joaquín Moya,Everton de Viña del Mar,Ñublense,15353004,2026-04-04,Home,90.0,0,0,0
1020255,Braian Martínez,Everton de Viña del Mar,Ñublense,15353004,2026-04-04,Home,74.0,0,0,0
975053,Alan Medina,Everton de Viña del Mar,Ñublense,15353004,2026-04-04,Home,90.0,0,0,0
1199239,Emiliano Ramos,Everton de Viña del Mar,Ñublense,15353004,2026-04-04,Home,90.0,0,0,0
1864232,Nicolás Montiel,Everton de Viña del Mar,Ñublense,15353004,2026-04-04,Home,74.0,0,0,0
862702,Nicolás Baeza,Everton de Viña del Mar,Ñublense,15353004,2026-04-04,Home,46.0,0,0,0
956838,Julián Alfaro,Everton de Viña del Mar,Ñublense,15353004,2026-04-04,Home,16.0,0,0,0
1508614,Santiago Londoño,Everton de Viña del Mar,Ñublense,15353004,2026-04-04,Home,16.0,0,0,0
1385673,Valentín Vidal,Everton de Viña del Mar,Ñublense,15353004,2026-04-04,Home,4.0,0,0,0
47441,Nicola Pérez,Ñublense,Everton de Viña del Mar,15353004,2026-04-04,Away,90.0,0,0,0
584418,Gabriel Graciani,Ñublense,Everton de Viña del Mar,15353004,2026-04-04,Away,86.0,0,0,0
333405,Felipe Campos,Ñublense,Everton de Viña del Mar,15353004,2026-04-04,Away,90.0,0,0,0
819075,Osvaldo Bosso,Ñublense,Everton de Viña del Mar,15353004,2026-04-04,Away,90.0,0,0,0
863129,Sebastián Valencia,Ñublense,Everton de Viña del Mar,15353004,2026-04-04,Away,90.0,0,0,0
986626,Jovany Campusano,Ñublense,Everton de Viña del Mar,15353004,2026-04-04,Away,90.0,0,0,0
312376,Lorenzo Reyes,Ñublense,Everton de Viña del Mar,15353004,2026-04-04,Away,90.0,0,0,0
951278,Manuel Rivera,Ñublense,Everton de Viña del Mar,15353004,2026-04-04,Away,76.0,0,0,0
1503119,Giovanny Avalos,Ñublense,Everton de Viña del Mar,15353004,2026-04-04,Away,57.0,0,0,0
1118269,Ignacio Tapia,Ñublense,Everton de Viña del Mar,15353004,2026-04-04,Away,57.0,0,0,0
761426,Ignacio Jeraldino,Ñublense,Everton de Viña del Mar,15353004,2026-04-04,Away,57.0,0,0,0
1125913,Diego Sanhueza,Ñublense,Everton de Viña del Mar,15353004,2026-04-04,Away,33.0,0,0,0
986676,Matías Plaza,Ñublense,Everton de Viña del Mar,15353004,2026-04-04,Away,33.0,0,0,0
1518443,Franco Rami,Ñublense,Everton de Viña del Mar,15353004,2026-04-04,Away,33.0,0,0,0
962130,Fernando Ovelar,Ñublense,Everton de Viña del Mar,15353004,2026-04-04,Away,14.0,0,0,0
973992,Diego Céspedes,Ñublense,Everton de Viña del Mar,15353004,2026-04-04,Away,4.0,0,0,0
925598,Jorge Pinos,Cobresal,Deportes Limache,15353005,2026-03-15,Home,90.0,1,5,-4
818865,Guillermo Pacheco,Cobresal,Deportes Limache,15353005,2026-03-15,Home,46.0,0,3,-3
889519,Franco Bechtholdt,Cobresal,Deportes Limache,15353005,2026-03-15,Home,90.0,1,5,-4
986622,José Tiznado,Cobresal,Deportes Limache,15353005,2026-03-15,Home,90.0,1,5,-4
1014802,Rodrigo Sandoval,Cobresal,Deportes Limache,15353005,2026-03-15,Home,46.0,0,3,-3
873620,Agustin Nadruz,Cobresal,Deportes Limache,15353005,2026-03-15,Home,90.0,1,5,-4
1835778,Benjamín Ramírez,Cobresal,Deportes Limache,15353005,2026-03-15,Home,46.0,0,3,-3
1021117,César Yanis,Cobresal,Deportes Limache,15353005,2026-03-15,Home,46.0,0,3,-3
790000,Bryan Carvallo,Cobresal,Deportes Limache,15353005,2026-03-15,Home,46.0,0,3,-3
974736,Julián Brea,Cobresal,Deportes Limache,15353005,2026-03-15,Home,90.0,1,5,-4
937101,Steffan Pino,Cobresal,Deportes Limache,15353005,2026-03-15,Home,90.0,1,5,-4
987924,Antonio Castillo,Cobresal,Deportes Limache,15353005,2026-03-15,Home,44.0,1,2,-1
1411683,Renato Huerta,Cobresal,Deportes Limache,15353005,2026-03-15,Home,44.0,1,2,-1
962847,Esteban Valencia,Cobresal,Deportes Limache,15353005,2026-03-15,Home,44.0,1,2,-1
1086986,Franco Frías,Cobresal,Deportes Limache,15353005,2026-03-15,Home,44.0,1,2,-1
1973053,Benjamín Valenzuela,Cobresal,Deportes Limache,15353005,2026-03-15,Home,44.0,1,2,-1
874123,Matías Bórquez,Deportes Limache,Cobresal,15353005,2026-03-15,Away,90.0,5,1,4
980882,Yerko González,Deportes Limache,Cobresal,15353005,2026-03-15,Away,90.0,5,1,4
1199394,Axel Alfonzo,Deportes Limache,Cobresal,15353005,2026-03-15,Away,90.0,5,1,4
875564,Augusto Aguirre,Deportes Limache,Cobresal,15353005,2026-03-15,Away,90.0,5,1,4
1197239,Marcelo Flores,Deportes Limache,Cobresal,15353005,2026-03-15,Away,90.0,5,1,4
863124,Misael Llantén,Deportes Limache,Cobresal,15353005,2026-03-15,Away,75.0,5,0,5
874853,Ramón Martínez,Deportes Limache,Cobresal,15353005,2026-03-15,Away,90.0,5,1,4
818816,Jean Meneses,Deportes Limache,Cobresal,15353005,2026-03-15,Away,81.0,5,0,5
1801194,Vicente Álvarez,Deportes Limache,Cobresal,15353005,2026-03-15,Away,65.0,3,0,3
871813,Marcos Arturia,Deportes Limache,Cobresal,15353005,2026-03-15,Away,65.0,3,0,3
925992,Daniel Castro,Deportes Limache,Cobresal,15353005,2026-03-15,Away,75.0,5,0,5
988084,Gonzalo Sosa,Deportes Limache,Cobresal,15353005,2026-03-15,Away,25.0,2,1,1
818974,César Pinares,Deportes Limache,Cobresal,15353005,2026-03-15,Away,25.0,2,1,1
1644853,Flavio Moya,Deportes Limache,Cobresal,15353005,2026-03-15,Away,15.0,0,1,-1
986599,Joaquín Montecinos,Deportes Limache,Cobresal,15353005,2026-03-15,Away,15.0,0,1,-1
247073,César Fuentes,Deportes Limache,Cobresal,15353005,2026-03-15,Away,9.0,0,1,-1
830940,Nicolás Araya,Deportes Concepción,Colo-Colo,15353006,2026-04-05,Home,90.0,0,1,-1
988763,Norman Rodríguez,Deportes Concepción,Colo-Colo,15353006,2026-04-05,Home,81.0,0,1,-1
22973,Cristián Suárez,Deportes Concepción,Colo-Colo,15353006,2026-04-05,Home,90.0,0,1,-1
553508,Fausto Grillo,Deportes Concepción,Colo-Colo,15353006,2026-04-05,Home,90.0,0,1,-1
973523,Diego Carrasco,Deportes Concepción,Colo-Colo,15353006,2026-04-05,Home,76.0,0,1,-1
589548,Nelson Sepúlveda,Deportes Concepción,Colo-Colo,15353006,2026-04-05,Home,90.0,0,1,-1
986422,Aldrix Jara,Deportes Concepción,Colo-Colo,15353006,2026-04-05,Home,81.0,0,1,-1
790010,Leonardo Valencia,Deportes Concepción,Colo-Colo,15353006,2026-04-05,Home,60.0,0,0,0
177813,Misael Dávila,Deportes Concepción,Colo-Colo,15353006,2026-04-05,Home,90.0,0,1,-1
924468,Matías Cavalleri,Deportes Concepción,Colo-Colo,15353006,2026-04-05,Home,61.0,0,0,0
28242,Joaquín Larrivey,Deportes Concepción,Colo-Colo,15353006,2026-04-05,Home,90.0,0,1,-1
986529,Ethan Espinoza,Deportes Concepción,Colo-Colo,15353006,2026-04-05,Home,30.0,0,1,-1
1980392,Javier Rojas,Deportes Concepción,Colo-Colo,15353006,2026-04-05,Home,29.0,0,1,-1
1125898,Ángel Gillard,Deportes Concepción,Colo-Colo,15353006,2026-04-05,Home,14.0,0,0,0
819072,Jorge Henríquez,Deportes Concepción,Colo-Colo,15353006,2026-04-05,Home,9.0,0,0,0
312318,Brayan Véjar,Deportes Concepción,Colo-Colo,15353006,2026-04-05,Home,9.0,0,0,0
818874,Fernando de Paul,Colo-Colo,Deportes Concepción,15353006,2026-04-05,Away,90.0,1,0,1
18342,Arturo Vidal,Colo-Colo,Deportes Concepción,15353006,2026-04-05,Away,89.0,1,0,1
1015274,Joaquín Sosa,Colo-Colo,Deportes Concepción,15353006,2026-04-05,Away,90.0,1,0,1
1014795,Jonathan Villagra,Colo-Colo,Deportes Concepción,15353006,2026-04-05,Away,90.0,1,0,1
844224,Tomás Alarcón,Colo-Colo,Deportes Concepción,15353006,2026-04-05,Away,70.0,1,0,1
1022259,Jeyson Rojas,Colo-Colo,Deportes Concepción,15353006,2026-04-05,Away,90.0,1,0,1
889502,Álvaro Madrid,Colo-Colo,Deportes Concepción,15353006,2026-04-05,Away,90.0,1,0,1
870020,Víctor Felipe Méndez,Colo-Colo,Deportes Concepción,15353006,2026-04-05,Away,46.0,0,0,0
1176822,Diego Ulloa,Colo-Colo,Deportes Concepción,15353006,2026-04-05,Away,90.0,1,0,1
792585,Maximiliano Romero,Colo-Colo,Deportes Concepción,15353006,2026-04-05,Away,89.0,1,0,1
340455,Claudio Aquino,Colo-Colo,Deportes Concepción,15353006,2026-04-05,Away,85.0,1,0,1
1601711,Leandro Hernández,Colo-Colo,Deportes Concepción,15353006,2026-04-05,Away,44.0,1,0,1
1482420,Francisco Marchant,Colo-Colo,Deportes Concepción,15353006,2026-04-05,Away,20.0,0,0,0
924858,Javier Méndez,Colo-Colo,Deportes Concepción,15353006,2026-04-05,Away,5.0,0,0,0
1997136,Yastin Cuevas,Colo-Colo,Deportes Concepción,15353006,2026-04-05,Away,1.0,0,0,0
2537211,Rodrigo Catalán,Colo-Colo,Deportes Concepción,15353006,2026-04-05,Away,1.0,0,0,0
386218,Diego Sánchez,Coquimbo Unido,Cobresal,15353007,2026-04-03,Home,90.0,3,2,1
986548,Francisco Salinas,Coquimbo Unido,Cobresal,15353007,2026-04-03,Home,90.0,3,2,1
986451,Benjamín Gazzolo,Coquimbo Unido,Cobresal,15353007,2026-04-03,Home,90.0,3,2,1
889498,Manuel Fernández,Coquimbo Unido,Cobresal,15353007,2026-04-03,Home,90.0,3,2,1
1096735,Juan Cornejo,Coquimbo Unido,Cobresal,15353007,2026-04-03,Home,90.0,3,2,1
805408,Alejandro Camargo,Coquimbo Unido,Cobresal,15353007,2026-04-03,Home,78.0,3,2,1
974009,Sebastián Galani,Coquimbo Unido,Cobresal,15353007,2026-04-03,Home,90.0,3,2,1
973986,Cristián Zavala,Coquimbo Unido,Cobresal,15353007,2026-04-03,Home,78.0,3,2,1
2048673,Pablo Rodríguez,Coquimbo Unido,Cobresal,15353007,2026-04-03,Home,63.0,2,1,1
1108027,Alejandro Azócar,Coquimbo Unido,Cobresal,15353007,2026-04-03,Home,63.0,2,1,1
1643443,Nicolás Johansen,Coquimbo Unido,Cobresal,15353007,2026-04-03,Home,78.0,3,2,1
1125880,Benjamín Chandía,Coquimbo Unido,Cobresal,15353007,2026-04-03,Home,27.0,1,1,0
1834686,Martín Mundaca,Coquimbo Unido,Cobresal,15353007,2026-04-03,Home,27.0,1,1,0
829288,Salvador Cordero,Coquimbo Unido,Cobresal,15353007,2026-04-03,Home,12.0,0,0,0
39244,Lucas Pratto,Coquimbo Unido,Cobresal,15353007,2026-04-03,Home,12.0,0,0,0
981333,Dylan Glaby,Coquimbo Unido,Cobresal,15353007,2026-04-03,Home,12.0,0,0,0
925598,Jorge Pinos,Cobresal,Coquimbo Unido,15353007,2026-04-03,Away,90.0,2,3,-1
818865,Guillermo Pacheco,Cobresal,Coquimbo Unido,15353007,2026-04-03,Away,46.0,0,1,-1
889519,Franco Bechtholdt,Cobresal,Coquimbo Unido,15353007,2026-04-03,Away,90.0,2,3,-1
832663,Christian Moreno,Cobresal,Coquimbo Unido,15353007,2026-04-03,Away,90.0,2,3,-1
385990,Juan Fuentes,Cobresal,Coquimbo Unido,15353007,2026-04-03,Away,78.0,2,3,-1
987924,Antonio Castillo,Cobresal,Coquimbo Unido,15353007,2026-04-03,Away,78.0,2,3,-1
1016643,Aaron Astudillo,Cobresal,Coquimbo Unido,15353007,2026-04-03,Away,90.0,2,3,-1
873620,Agustin Nadruz,Cobresal,Coquimbo Unido,15353007,2026-04-03,Away,90.0,2,3,-1
790000,Bryan Carvallo,Cobresal,Coquimbo Unido,15353007,2026-04-03,Away,90.0,2,3,-1
937101,Steffan Pino,Cobresal,Coquimbo Unido,15353007,2026-04-03,Away,90.0,2,3,-1
974736,Julián Brea,Cobresal,Coquimbo Unido,15353007,2026-04-03,Away,90.0,2,3,-1
1973053,Benjamín Valenzuela,Cobresal,Coquimbo Unido,15353007,2026-04-03,Away,44.0,2,2,0
1835777,Benjamin Moreno,Cobresal,Coquimbo Unido,15353007,2026-04-03,Away,12.0,0,0,0
1014802,Rodrigo Sandoval,Cobresal,Coquimbo Unido,15353007,2026-04-03,Away,12.0,0,0,0
789923,Federico Lanzillotta,Deportes La Serena,Everton de Viña del Mar,15353008,2026-04-11,Home,90.0,1,0,1
1002931,Bruno Gutiérrez,Deportes La Serena,Everton de Viña del Mar,15353008,2026-04-11,Home,90.0,1,0,1
872138,Andrés Zanini,Deportes La Serena,Everton de Viña del Mar,15353008,2026-04-11,Home,90.0,1,0,1
799653,Rafael Delgado,Deportes La Serena,Everton de Viña del Mar,15353008,2026-04-11,Home,90.0,1,0,1
1384819,Yahir Salazar,Deportes La Serena,Everton de Viña del Mar,15353008,2026-04-11,Home,90.0,1,0,1
1089454,Francis Mac Allister,Deportes La Serena,Everton de Viña del Mar,15353008,2026-04-11,Home,90.0,1,0,1
986598,Joaquín Gutiérrez,Deportes La Serena,Everton de Viña del Mar,15353008,2026-04-11,Home,75.0,1,0,1
1063335,Felipe Chamorro,Deportes La Serena,Everton de Viña del Mar,15353008,2026-04-11,Home,90.0,1,0,1
874589,Matías Marín,Deportes La Serena,Everton de Viña del Mar,15353008,2026-04-11,Home,59.0,1,0,1
805095,Jeisson Vargas,Deportes La Serena,Everton de Viña del Mar,15353008,2026-04-11,Home,90.0,1,0,1
147570,Diego Rubio,Deportes La Serena,Everton de Viña del Mar,15353008,2026-04-11,Home,90.0,1,0,1
582220,Nicolás Stefanelli,Deportes La Serena,Everton de Viña del Mar,15353008,2026-04-11,Home,31.0,0,0,0
844271,Sebastián Díaz,Deportes La Serena,Everton de Viña del Mar,15353008,2026-04-11,Home,15.0,0,0,0
1807803,Joan Orellana,Deportes La Serena,Everton de Viña del Mar,15353008,2026-04-11,Home,0.0,0,0,0
165511,Ángelo Henríquez,Deportes La Serena,Everton de Viña del Mar,15353008,2026-04-11,Home,0.0,0,0,0
790001,Ignacio González,Everton de Viña del Mar,Deportes La Serena,15353008,2026-04-11,Away,90.0,0,1,-1
886912,Benjamín Berríos,Everton de Viña del Mar,Deportes La Serena,15353008,2026-04-11,Away,90.0,0,1,-1
976168,Hugo Magallanes,Everton de Viña del Mar,Deportes La Serena,15353008,2026-04-11,Away,90.0,0,1,-1
339891,Diego Oyarzún,Everton de Viña del Mar,Deportes La Serena,15353008,2026-04-11,Away,90.0,0,1,-1
862702,Nicolás Baeza,Everton de Viña del Mar,Deportes La Serena,15353008,2026-04-11,Away,90.0,0,1,-1
951270,Joaquín Moya,Everton de Viña del Mar,Deportes La Serena,15353008,2026-04-11,Away,90.0,0,1,-1
1020255,Braian Martínez,Everton de Viña del Mar,Deportes La Serena,15353008,2026-04-11,Away,75.0,0,1,-1
1119679,Lucas Soto,Everton de Viña del Mar,Deportes La Serena,15353008,2026-04-11,Away,88.0,0,1,-1
975053,Alan Medina,Everton de Viña del Mar,Deportes La Serena,15353008,2026-04-11,Away,90.0,0,1,-1
1199239,Emiliano Ramos,Everton de Viña del Mar,Deportes La Serena,15353008,2026-04-11,Away,46.0,0,1,-1
1864232,Nicolás Montiel,Everton de Viña del Mar,Deportes La Serena,15353008,2026-04-11,Away,46.0,0,1,-1
1508614,Santiago Londoño,Everton de Viña del Mar,Deportes La Serena,15353008,2026-04-11,Away,44.0,0,0,0
956838,Julián Alfaro,Everton de Viña del Mar,Deportes La Serena,15353008,2026-04-11,Away,44.0,0,0,0
846140,Felipe Villagrán,Everton de Viña del Mar,Deportes La Serena,15353008,2026-04-11,Away,15.0,0,0,0
1199238,Cristóbal Chadwick,Everton de Viña del Mar,Deportes La Serena,15353008,2026-04-11,Away,2.0,0,0,0
333465,Nicolás Avellaneda,Unión La Calera,O'Higgins,15353009,2026-03-16,Home,90.0,2,3,-1
889511,Christopher Díaz,Unión La Calera,O'Higgins,15353009,2026-03-16,Home,46.0,0,2,-2
1108449,Rodrigo Caseres,Unión La Calera,O'Higgins,15353009,2026-03-16,Home,90.0,2,3,-1
1111544,Daniel Gutiérrez,Unión La Calera,O'Higgins,15353009,2026-03-16,Home,90.0,2,3,-1
819005,Cristián Gutiérrez,Unión La Calera,O'Higgins,15353009,2026-03-16,Home,82.0,1,3,-2
822449,Camilo Moya,Unión La Calera,O'Higgins,15353009,2026-03-16,Home,90.0,2,3,-1
822444,Yerko Leiva,Unión La Calera,O'Higgins,15353009,2026-03-16,Home,70.0,0,3,-3
787710,Kevin Méndez,Unión La Calera,O'Higgins,15353009,2026-03-16,Home,90.0,2,3,-1
936901,Sebastián Sáez,Unión La Calera,O'Higgins,15353009,2026-03-16,Home,90.0,2,3,-1
1650043,Martín Hiriart,Unión La Calera,O'Higgins,15353009,2026-03-16,Home,46.0,0,2,-2
1523685,Francisco Jose Pozzo,Unión La Calera,O'Higgins,15353009,2026-03-16,Home,90.0,2,3,-1
1017169,Javier Saldías,Unión La Calera,O'Higgins,15353009,2026-03-16,Home,44.0,2,1,1
951277,Bayron Oyarzo,Unión La Calera,O'Higgins,15353009,2026-03-16,Home,44.0,2,1,1
1190022,Joaquín Soto,Unión La Calera,O'Higgins,15353009,2026-03-16,Home,20.0,2,0,2
924528,Matías Campos López,Unión La Calera,O'Higgins,15353009,2026-03-16,Home,8.0,1,0,1
831242,Omar Carabalí,O'Higgins,Unión La Calera,15353009,2026-03-16,Away,90.0,3,2,1
1482408,Felipe Faúndez,O'Higgins,Unión La Calera,15353009,2026-03-16,Away,90.0,3,2,1
892450,Alan Robledo,O'Higgins,Unión La Calera,15353009,2026-03-16,Away,90.0,3,2,1
990283,Miguel Brizuela,O'Higgins,Unión La Calera,15353009,2026-03-16,Away,90.0,3,2,1
339699,Luis Pavez Munoz,O'Higgins,Unión La Calera,15353009,2026-03-16,Away,90.0,3,2,1
1177211,Felipe Ogaz,O'Higgins,Unión La Calera,15353009,2026-03-16,Away,90.0,3,2,1
844183,Juan Leiva,O'Higgins,Unión La Calera,15353009,2026-03-16,Away,90.0,3,2,1
1798260,Joaquín Tapia,O'Higgins,Unión La Calera,15353009,2026-03-16,Away,81.0,3,1,2
983528,Francisco González,O'Higgins,Unión La Calera,15353009,2026-03-16,Away,66.0,3,0,3
789677,Martín Sarrafiore,O'Higgins,Unión La Calera,15353009,2026-03-16,Away,70.0,3,0,3
849177,Arnaldo Castillo,O'Higgins,Unión La Calera,15353009,2026-03-16,Away,66.0,3,0,3
923802,Thiago Vecino,O'Higgins,Unión La Calera,15353009,2026-03-16,Away,24.0,0,2,-2
942415,Bastián Yáñez,O'Higgins,Unión La Calera,15353009,2026-03-16,Away,24.0,0,2,-2
2038202,Rodrigo Godoy,O'Higgins,Unión La Calera,15353009,2026-03-16,Away,20.0,0,2,-2
1409341,Esteban Calderón,O'Higgins,Unión La Calera,15353009,2026-03-16,Away,9.0,0,1,-1
1016653,Vicente Bernedo,Universidad Católica,Palestino,15353010,2026-04-02,Home,90.0,5,1,4
986496,Daniel González,Universidad Católica,Palestino,15353010,2026-04-02,Home,90.0,5,1,4
581774,Agustín Farías,Universidad Católica,Palestino,15353010,2026-04-02,Home,30.0,1,1,0
819088,Branco Ampuero,Universidad Católica,Palestino,15353010,2026-04-02,Home,76.0,5,1,4
1981780,Nicolás L'Huiller,Universidad Católica,Palestino,15353010,2026-04-02,Home,90.0,5,1,4
819115,Jhojan Valencia,Universidad Católica,Palestino,15353010,2026-04-02,Home,90.0,5,1,4
995388,Clemente Montes,Universidad Católica,Palestino,15353010,2026-04-02,Home,75.0,5,1,4
973560,Matías Palavecino,Universidad Católica,Palestino,15353010,2026-04-02,Home,69.0,4,1,3
324937,Cristián Cuevas,Universidad Católica,Palestino,15353010,2026-04-02,Home,90.0,5,1,4
932866,Justo Giani,Universidad Católica,Palestino,15353010,2026-04-02,Home,69.0,4,1,3
828952,Fernando Zampedri,Universidad Católica,Palestino,15353010,2026-04-02,Home,90.0,5,1,4
117430,Eugenio Mena,Universidad Católica,Palestino,15353010,2026-04-02,Home,60.0,4,0,4
588796,Jimmy Martínez,Universidad Católica,Palestino,15353010,2026-04-02,Home,21.0,1,0,1
284729,Fernando Zuqui,Universidad Católica,Palestino,15353010,2026-04-02,Home,21.0,1,0,1
2121648,Martín Gómez,Universidad Católica,Palestino,15353010,2026-04-02,Home,15.0,0,0,0
1473023,Diego Corral,Universidad Católica,Palestino,15353010,2026-04-02,Home,14.0,0,0,0
842274,Sebastián Pérez,Palestino,Universidad Católica,15353010,2026-04-02,Away,90.0,1,5,-4
1797934,Ian Garguez,Palestino,Universidad Católica,15353010,2026-04-02,Away,64.0,1,3,-2
1464931,Vicente Espinoza,Palestino,Universidad Católica,15353010,2026-04-02,Away,90.0,1,5,-4
105971,Enzo Roco,Palestino,Universidad Católica,15353010,2026-04-02,Away,90.0,1,5,-4
339711,Dilan Zúñiga,Palestino,Universidad Católica,15353010,2026-04-02,Away,90.0,1,5,-4
334027,Julián Fernández,Palestino,Universidad Católica,15353010,2026-04-02,Away,90.0,1,5,-4
1464930,Martín Araya,Palestino,Universidad Católica,15353010,2026-04-02,Away,46.0,1,2,-1
1797930,Francisco Montes,Palestino,Universidad Católica,15353010,2026-04-02,Away,63.0,1,2,-1
116096,Sebastián Gallegos,Palestino,Universidad Católica,15353010,2026-04-02,Away,90.0,1,5,-4
931341,César Munder,Palestino,Universidad Católica,15353010,2026-04-02,Away,72.0,1,4,-3
883928,Nelson Da Silva,Palestino,Universidad Católica,15353010,2026-04-02,Away,73.0,1,5,-4
819017,Jonathan Benítez,Palestino,Universidad Católica,15353010,2026-04-02,Away,44.0,0,3,-3
230054,Bryan Carrasco,Palestino,Universidad Católica,15353010,2026-04-02,Away,27.0,0,3,-3
1017320,Jason León,Palestino,Universidad Católica,15353010,2026-04-02,Away,26.0,0,2,-2
1064150,Nicolás Meza,Palestino,Universidad Católica,15353010,2026-04-02,Away,18.0,0,1,-1
805150,Ronnie Fernández,Palestino,Universidad Católica,15353010,2026-04-02,Away,17.0,0,0,0
842274,Sebastián Pérez,Palestino,Deportes Limache,15353011,2026-04-12,Home,90.0,1,0,1
1797934,Ian Garguez,Palestino,Deportes Limache,15353011,2026-04-12,Home,90.0,1,0,1
1464931,Vicente Espinoza,Palestino,Deportes Limache,15353011,2026-04-12,Home,90.0,1,0,1
105971,Enzo Roco,Palestino,Deportes Limache,15353011,2026-04-12,Home,90.0,1,0,1
339711,Dilan Zúñiga,Palestino,Deportes Limache,15353011,2026-04-12,Home,90.0,1,0,1
1064150,Nicolás Meza,Palestino,Deportes Limache,15353011,2026-04-12,Home,90.0,1,0,1
1464930,Martín Araya,Palestino,Deportes Limache,15353011,2026-04-12,Home,70.0,1,0,1
1797930,Francisco Montes,Palestino,Deportes Limache,15353011,2026-04-12,Home,90.0,1,0,1
116096,Sebastián Gallegos,Palestino,Deportes Limache,15353011,2026-04-12,Home,70.0,1,0,1
931341,César Munder,Palestino,Deportes Limache,15353011,2026-04-12,Home,90.0,1,0,1
883928,Nelson Da Silva,Palestino,Deportes Limache,15353011,2026-04-12,Home,90.0,1,0,1
1017320,Jason León,Palestino,Deportes Limache,15353011,2026-04-12,Home,20.0,0,0,0
805150,Ronnie Fernández,Palestino,Deportes Limache,15353011,2026-04-12,Home,20.0,0,0,0
1386875,Dilan Salgado,Palestino,Deportes Limache,15353011,2026-04-12,Home,0.0,0,0,0
924180,Claudio González,Deportes Limache,Palestino,15353011,2026-04-12,Away,90.0,0,1,-1
980882,Yerko González,Deportes Limache,Palestino,15353011,2026-04-12,Away,89.0,0,1,-1
1199394,Axel Alfonzo,Deportes Limache,Palestino,15353011,2026-04-12,Away,69.0,0,1,-1
875564,Augusto Aguirre,Deportes Limache,Palestino,15353011,2026-04-12,Away,90.0,0,1,-1
1197239,Marcelo Flores,Deportes Limache,Palestino,15353011,2026-04-12,Away,90.0,0,1,-1
818974,César Pinares,Deportes Limache,Palestino,15353011,2026-04-12,Away,69.0,0,1,-1
874853,Ramón Martínez,Deportes Limache,Palestino,15353011,2026-04-12,Away,90.0,0,1,-1
986599,Joaquín Montecinos,Deportes Limache,Palestino,15353011,2026-04-12,Away,69.0,0,1,-1
925992,Daniel Castro,Deportes Limache,Palestino,15353011,2026-04-12,Away,90.0,0,1,-1
818816,Jean Meneses,Deportes Limache,Palestino,15353011,2026-04-12,Away,90.0,0,1,-1
988084,Gonzalo Sosa,Deportes Limache,Palestino,15353011,2026-04-12,Away,90.0,0,1,-1
871813,Marcos Arturia,Deportes Limache,Palestino,15353011,2026-04-12,Away,21.0,0,0,0
1125514,Carlos Morales,Deportes Limache,Palestino,15353011,2026-04-12,Away,21.0,0,0,0
1801194,Vicente Álvarez,Deportes Limache,Palestino,15353011,2026-04-12,Away,21.0,0,0,0
863124,Misael Llantén,Deportes Limache,Palestino,15353011,2026-04-12,Away,1.0,0,0,0
47441,Nicola Pérez,Ñublense,Universidad de Chile,15353012,2026-04-12,Home,90.0,0,0,0
333405,Felipe Campos,Ñublense,Universidad de Chile,15353012,2026-04-12,Home,90.0,0,0,0
819075,Osvaldo Bosso,Ñublense,Universidad de Chile,15353012,2026-04-12,Home,90.0,0,0,0
863129,Sebastián Valencia,Ñublense,Universidad de Chile,15353012,2026-04-12,Home,90.0,0,0,0
584418,Gabriel Graciani,Ñublense,Universidad de Chile,15353012,2026-04-12,Home,46.0,0,0,0
312376,Lorenzo Reyes,Ñublense,Universidad de Chile,15353012,2026-04-12,Home,90.0,0,0,0
951278,Manuel Rivera,Ñublense,Universidad de Chile,15353012,2026-04-12,Home,84.0,0,0,0
986626,Jovany Campusano,Ñublense,Universidad de Chile,15353012,2026-04-12,Home,90.0,0,0,0
986676,Matías Plaza,Ñublense,Universidad de Chile,15353012,2026-04-12,Home,84.0,0,0,0
761426,Ignacio Jeraldino,Ñublense,Universidad de Chile,15353012,2026-04-12,Home,57.0,0,0,0
1503119,Giovanny Avalos,Ñublense,Universidad de Chile,15353012,2026-04-12,Home,67.0,0,0,0
1125913,Diego Sanhueza,Ñublense,Universidad de Chile,15353012,2026-04-12,Home,44.0,0,0,0
1518443,Franco Rami,Ñublense,Universidad de Chile,15353012,2026-04-12,Home,33.0,0,0,0
1118269,Ignacio Tapia,Ñublense,Universidad de Chile,15353012,2026-04-12,Home,23.0,0,0,0
973992,Diego Céspedes,Ñublense,Universidad de Chile,15353012,2026-04-12,Home,6.0,0,0,0
962130,Fernando Ovelar,Ñublense,Universidad de Chile,15353012,2026-04-12,Home,6.0,0,0,0
805183,Gabriel Castellón,Universidad de Chile,Ñublense,15353012,2026-04-12,Away,90.0,0,0,0
818897,Fabián Hormazábal,Universidad de Chile,Ñublense,15353012,2026-04-12,Away,90.0,0,0,0
789979,Matías Zaldivia,Universidad de Chile,Ñublense,15353012,2026-04-12,Away,90.0,0,0,0
831012,Nicolás Ramírez,Universidad de Chile,Ñublense,15353012,2026-04-12,Away,90.0,0,0,0
1087387,Marcelo Morales,Universidad de Chile,Ñublense,15353012,2026-04-12,Away,88.0,0,0,0
589542,Israel Poblete,Universidad de Chile,Ñublense,15353012,2026-04-12,Away,65.0,0,0,0
2184978,Lucas Barrera,Universidad de Chile,Ñublense,15353012,2026-04-12,Away,90.0,0,0,0
906105,Maximiliano Guerrero,Universidad de Chile,Ñublense,15353012,2026-04-12,Away,73.0,0,0,0
925337,Javier Altamirano,Universidad de Chile,Ñublense,15353012,2026-04-12,Away,90.0,0,0,0
1002939,Lucas Assadi,Universidad de Chile,Ñublense,15353012,2026-04-12,Away,65.0,0,0,0
37006,Eduardo Vargas,Universidad de Chile,Ñublense,15353012,2026-04-12,Away,73.0,0,0,0
1388813,Agustín Arce,Universidad de Chile,Ñublense,15353012,2026-04-12,Away,25.0,0,0,0
1482412,Ignacio Vásquez,Universidad de Chile,Ñublense,15353012,2026-04-12,Away,25.0,0,0,0
26480,Marcelo Díaz,Universidad de Chile,Ñublense,15353012,2026-04-12,Away,17.0,0,0,0
359024,Juan Martín Lucero,Universidad de Chile,Ñublense,15353012,2026-04-12,Away,17.0,0,0,0
1138070,Felipe Salomoni,Universidad de Chile,Ñublense,15353012,2026-04-12,Away,2.0,0,0,0
1482395,Christian Bravo,Huachipato,Universidad de Concepción,15353013,2026-04-07,Home,90.0,5,1,4
1117091,Nelson Guillermo Guaiquil,Huachipato,Universidad de Concepción,15353013,2026-04-07,Home,90.0,5,1,4
36995,Rafael Caroca,Huachipato,Universidad de Concepción,15353013,2026-04-07,Home,90.0,5,1,4
247055,Nicolás Vargas,Huachipato,Universidad de Concepción,15353013,2026-04-07,Home,90.0,5,1,4
1482399,Lucas Velásquez,Huachipato,Universidad de Concepción,15353013,2026-04-07,Home,90.0,5,1,4
1381958,Santiago Silva,Huachipato,Universidad de Concepción,15353013,2026-04-07,Home,90.0,5,1,4
249373,Claudio Sepúlveda,Huachipato,Universidad de Concepción,15353013,2026-04-07,Home,86.0,5,1,4
1017455,Ezequiel Cañete,Huachipato,Universidad de Concepción,15353013,2026-04-07,Home,63.0,1,1,0
1484208,Juan Figueroa,Huachipato,Universidad de Concepción,15353013,2026-04-07,Home,63.0,1,1,0
940483,Maximiliano Rodríguez,Huachipato,Universidad de Concepción,15353013,2026-04-07,Home,80.0,4,1,3
988078,Harold Antiñirre,Huachipato,Universidad de Concepción,15353013,2026-04-07,Home,46.0,1,1,0
851968,Cris Martínez,Huachipato,Universidad de Concepción,15353013,2026-04-07,Home,44.0,4,0,4
323439,Lionel Altamirano,Huachipato,Universidad de Concepción,15353013,2026-04-07,Home,27.0,4,0,4
845174,Mario Briceño,Huachipato,Universidad de Concepción,15353013,2026-04-07,Home,27.0,4,0,4
1108721,Maicol León,Huachipato,Universidad de Concepción,15353013,2026-04-07,Home,10.0,1,0,1
2523858,Martín Torrejón,Huachipato,Universidad de Concepción,15353013,2026-04-07,Home,4.0,0,0,0
1002740,Santiago Silva Azambuja,Universidad de Concepción,Huachipato,15353013,2026-04-07,Away,90.0,1,5,-4
986609,Jorge Espejo,Universidad de Concepción,Huachipato,15353013,2026-04-07,Away,90.0,1,5,-4
47037,Osvaldo González,Universidad de Concepción,Huachipato,15353013,2026-04-07,Away,90.0,1,5,-4
365990,Leonel González,Universidad de Concepción,Huachipato,15353013,2026-04-07,Away,90.0,1,5,-4
906102,Yerco Oyanedel,Universidad de Concepción,Huachipato,15353013,2026-04-07,Away,90.0,1,5,-4
986462,Bryan Ogaz,Universidad de Concepción,Huachipato,15353013,2026-04-07,Away,90.0,1,5,-4
965775,Agustín Urzi,Universidad de Concepción,Huachipato,15353013,2026-04-07,Away,46.0,1,1,0
896753,Facundo Mater,Universidad de Concepción,Huachipato,15353013,2026-04-07,Away,90.0,1,5,-4
939997,Cristhofer Mesías,Universidad de Concepción,Huachipato,15353013,2026-04-07,Away,69.0,1,2,-1
1106828,Jeison Fuentealba,Universidad de Concepción,Huachipato,15353013,2026-04-07,Away,82.0,1,4,-3
159931,Cecilio Waterman,Universidad de Concepción,Huachipato,15353013,2026-04-07,Away,90.0,1,5,-4
906108,Antonio Díaz,Universidad de Concepción,Huachipato,15353013,2026-04-07,Away,44.0,0,4,-4
965719,Ariel Uribe,Universidad de Concepción,Huachipato,15353013,2026-04-07,Away,21.0,0,3,-3
1982599,Martín Ramírez,Universidad de Concepción,Huachipato,15353013,2026-04-07,Away,8.0,0,1,-1
978979,José Sanhueza,Universidad de Concepción,Cobresal,15353014,2026-04-13,Home,90.0,1,0,1
47037,Osvaldo González,Universidad de Concepción,Cobresal,15353014,2026-04-13,Home,90.0,1,0,1
365990,Leonel González,Universidad de Concepción,Cobresal,15353014,2026-04-13,Home,90.0,1,0,1
939997,Cristhofer Mesías,Universidad de Concepción,Cobresal,15353014,2026-04-13,Home,63.0,1,0,1
986609,Jorge Espejo,Universidad de Concepción,Cobresal,15353014,2026-04-13,Home,63.0,1,0,1
973567,Pablo Parra,Universidad de Concepción,Cobresal,15353014,2026-04-13,Home,57.0,1,0,1
986462,Bryan Ogaz,Universidad de Concepción,Cobresal,15353014,2026-04-13,Home,78.0,1,0,1
896753,Facundo Mater,Universidad de Concepción,Cobresal,15353014,2026-04-13,Home,90.0,1,0,1
906102,Yerco Oyanedel,Universidad de Concepción,Cobresal,15353014,2026-04-13,Home,90.0,1,0,1
159931,Cecilio Waterman,Universidad de Concepción,Cobresal,15353014,2026-04-13,Home,90.0,1,0,1
1106828,Jeison Fuentealba,Universidad de Concepción,Cobresal,15353014,2026-04-13,Home,78.0,1,0,1
965775,Agustín Urzi,Universidad de Concepción,Cobresal,15353014,2026-04-13,Home,33.0,0,0,0
2455393,Francisco Herrera,Universidad de Concepción,Cobresal,15353014,2026-04-13,Home,27.0,0,0,0
2199269,Benjamín Sáez,Universidad de Concepción,Cobresal,15353014,2026-04-13,Home,27.0,0,0,0
965719,Ariel Uribe,Universidad de Concepción,Cobresal,15353014,2026-04-13,Home,12.0,0,0,0
906108,Antonio Díaz,Universidad de Concepción,Cobresal,15353014,2026-04-13,Home,12.0,0,0,0
925598,Jorge Pinos,Cobresal,Universidad de Concepción,15353014,2026-04-13,Away,90.0,0,1,-1
818865,Guillermo Pacheco,Cobresal,Universidad de Concepción,15353014,2026-04-13,Away,90.0,0,1,-1
889519,Franco Bechtholdt,Cobresal,Universidad de Concepción,15353014,2026-04-13,Away,90.0,0,1,-1
832663,Christian Moreno,Cobresal,Universidad de Concepción,15353014,2026-04-13,Away,90.0,0,1,-1
987924,Antonio Castillo,Cobresal,Universidad de Concepción,15353014,2026-04-13,Away,90.0,0,1,-1
974736,Julián Brea,Cobresal,Universidad de Concepción,15353014,2026-04-13,Away,90.0,0,1,-1
1016643,Aaron Astudillo,Cobresal,Universidad de Concepción,15353014,2026-04-13,Away,63.0,0,1,-1
385990,Juan Fuentes,Cobresal,Universidad de Concepción,15353014,2026-04-13,Away,90.0,0,1,-1
1835777,Benjamin Moreno,Cobresal,Universidad de Concepción,15353014,2026-04-13,Away,46.0,0,1,-1
790000,Bryan Carvallo,Cobresal,Universidad de Concepción,15353014,2026-04-13,Away,90.0,0,1,-1
937101,Steffan Pino,Cobresal,Universidad de Concepción,15353014,2026-04-13,Away,90.0,0,1,-1
1021117,César Yanis,Cobresal,Universidad de Concepción,15353014,2026-04-13,Away,44.0,0,0,0
1086986,Franco Frías,Cobresal,Universidad de Concepción,15353014,2026-04-13,Away,27.0,0,0,0
805183,Gabriel Castellón,Universidad de Chile,Deportes Limache,15353015,2026-02-22,Home,90.0,2,2,0
831012,Nicolás Ramírez,Universidad de Chile,Deportes Limache,15353015,2026-02-22,Home,90.0,2,2,0
981341,Franco Calderón,Universidad de Chile,Deportes Limache,15353015,2026-02-22,Home,90.0,2,2,0
789979,Matías Zaldivia,Universidad de Chile,Deportes Limache,15353015,2026-02-22,Home,90.0,2,2,0
818897,Fabián Hormazábal,Universidad de Chile,Deportes Limache,15353015,2026-02-22,Home,89.0,2,2,0
925337,Javier Altamirano,Universidad de Chile,Deportes Limache,15353015,2026-02-22,Home,90.0,2,2,0
18304,Charles Aránguiz,Universidad de Chile,Deportes Limache,15353015,2026-02-22,Home,90.0,2,2,0
1138070,Felipe Salomoni,Universidad de Chile,Deportes Limache,15353015,2026-02-22,Home,71.0,2,1,1
37006,Eduardo Vargas,Universidad de Chile,Deportes Limache,15353015,2026-02-22,Home,90.0,2,2,0
359024,Juan Martín Lucero,Universidad de Chile,Deportes Limache,15353015,2026-02-22,Home,90.0,2,2,0
1002939,Lucas Assadi,Universidad de Chile,Deportes Limache,15353015,2026-02-22,Home,46.0,1,1,0
906105,Maximiliano Guerrero,Universidad de Chile,Deportes Limache,15353015,2026-02-22,Home,44.0,1,1,0
589542,Israel Poblete,Universidad de Chile,Deportes Limache,15353015,2026-02-22,Home,19.0,0,1,-1
1482412,Ignacio Vásquez,Universidad de Chile,Deportes Limache,15353015,2026-02-22,Home,1.0,0,0,0
874123,Matías Bórquez,Deportes Limache,Universidad de Chile,15353015,2026-02-22,Away,90.0,2,2,0
980882,Yerko González,Deportes Limache,Universidad de Chile,15353015,2026-02-22,Away,90.0,2,2,0
875564,Augusto Aguirre,Deportes Limache,Universidad de Chile,15353015,2026-02-22,Away,90.0,2,2,0
33829,Alfonso Parot,Deportes Limache,Universidad de Chile,15353015,2026-02-22,Away,90.0,2,2,0
986599,Joaquín Montecinos,Deportes Limache,Universidad de Chile,15353015,2026-02-22,Away,72.0,1,2,-1
874853,Ramón Martínez,Deportes Limache,Universidad de Chile,15353015,2026-02-22,Away,90.0,2,2,0
818974,César Pinares,Deportes Limache,Universidad de Chile,15353015,2026-02-22,Away,80.0,1,2,-1
1197239,Marcelo Flores,Deportes Limache,Universidad de Chile,15353015,2026-02-22,Away,87.0,2,2,0
818816,Jean Meneses,Deportes Limache,Universidad de Chile,15353015,2026-02-22,Away,90.0,2,2,0
988084,Gonzalo Sosa,Deportes Limache,Universidad de Chile,15353015,2026-02-22,Away,72.0,1,2,-1
925992,Daniel Castro,Deportes Limache,Universidad de Chile,15353015,2026-02-22,Away,90.0,2,2,0
1125514,Carlos Morales,Deportes Limache,Universidad de Chile,15353015,2026-02-22,Away,18.0,1,0,1
871813,Marcos Arturia,Deportes Limache,Universidad de Chile,15353015,2026-02-22,Away,18.0,1,0,1
863124,Misael Llantén,Deportes Limache,Universidad de Chile,15353015,2026-02-22,Away,10.0,1,0,1
1199394,Axel Alfonzo,Deportes Limache,Universidad de Chile,15353015,2026-02-22,Away,3.0,0,0,0
831242,Omar Carabalí,O'Higgins,Audax Italiano,15353016,2026-04-03,Home,90.0,2,1,1
1482408,Felipe Faúndez,O'Higgins,Audax Italiano,15353016,2026-04-03,Home,90.0,2,1,1
1002945,Nicolás Garrido,O'Higgins,Audax Italiano,15353016,2026-04-03,Home,90.0,2,1,1
990283,Miguel Brizuela,O'Higgins,Audax Italiano,15353016,2026-04-03,Home,81.0,2,1,1
339699,Luis Pavez Munoz,O'Higgins,Audax Italiano,15353016,2026-04-03,Home,90.0,2,1,1
1411686,Martín Maturana,O'Higgins,Audax Italiano,15353016,2026-04-03,Home,62.0,2,1,1
1177211,Felipe Ogaz,O'Higgins,Audax Italiano,15353016,2026-04-03,Home,90.0,2,1,1
844183,Juan Leiva,O'Higgins,Audax Italiano,15353016,2026-04-03,Home,82.0,2,1,1
983528,Francisco González,O'Higgins,Audax Italiano,15353016,2026-04-03,Home,82.0,2,1,1
849177,Arnaldo Castillo,O'Higgins,Audax Italiano,15353016,2026-04-03,Home,90.0,2,1,1
789677,Martín Sarrafiore,O'Higgins,Audax Italiano,15353016,2026-04-03,Home,76.0,2,1,1
1798259,Gabriel Pinto,O'Higgins,Audax Italiano,15353016,2026-04-03,Home,28.0,0,0,0
1798260,Joaquín Tapia,O'Higgins,Audax Italiano,15353016,2026-04-03,Home,14.0,0,0,0
2038201,José Movillo,O'Higgins,Audax Italiano,15353016,2026-04-03,Home,9.0,0,0,0
975291,Leandro Díaz,O'Higgins,Audax Italiano,15353016,2026-04-03,Home,8.0,0,0,0
942415,Bastián Yáñez,O'Higgins,Audax Italiano,15353016,2026-04-03,Home,8.0,0,0,0
975882,Tomás Ahumada,Audax Italiano,O'Higgins,15353016,2026-04-03,Away,90.0,1,2,-1
906112,Oliver Rojas,Audax Italiano,O'Higgins,15353016,2026-04-03,Away,90.0,1,2,-1
895340,Marcelo Ortíz,Audax Italiano,O'Higgins,15353016,2026-04-03,Away,90.0,1,2,-1
1177235,Daniel Piña,Audax Italiano,O'Higgins,15353016,2026-04-03,Away,90.0,1,2,-1
804983,Raimundo Rebolledo,Audax Italiano,O'Higgins,15353016,2026-04-03,Away,83.0,1,2,-1
942156,Marco Collao,Audax Italiano,O'Higgins,15353016,2026-04-03,Away,90.0,1,2,-1
986532,Federico Mateos,Audax Italiano,O'Higgins,15353016,2026-04-03,Away,83.0,1,2,-1
1177236,Esteban Matus,Audax Italiano,O'Higgins,15353016,2026-04-03,Away,90.0,1,2,-1
1083863,Nicolás Aedo,Audax Italiano,O'Higgins,15353016,2026-04-03,Away,61.0,1,2,-1
859990,Franco Troyansky,Audax Italiano,O'Higgins,15353016,2026-04-03,Away,73.0,1,2,-1
1485094,Giovani Chiaverano,Audax Italiano,O'Higgins,15353016,2026-04-03,Away,73.0,1,2,-1
912067,Michael Vadulli,Audax Italiano,O'Higgins,15353016,2026-04-03,Away,29.0,0,0,0
875274,Diego Coelho,Audax Italiano,O'Higgins,15353016,2026-04-03,Away,17.0,0,0,0
997539,Rodrigo Cabral,Audax Italiano,O'Higgins,15353016,2026-04-03,Away,17.0,0,0,0
1440662,Favian Loyola,Audax Italiano,O'Higgins,15353016,2026-04-03,Away,7.0,0,0,0
1114520,Paolo Guajardo,Audax Italiano,O'Higgins,15353016,2026-04-03,Away,7.0,0,0,0
831242,Omar Carabalí,O'Higgins,Huachipato,15353017,2026-04-11,Home,90.0,0,2,-2
985004,Benjamín Rojas,O'Higgins,Huachipato,15353017,2026-04-11,Home,90.0,0,2,-2
1002945,Nicolás Garrido,O'Higgins,Huachipato,15353017,2026-04-11,Home,90.0,0,2,-2
990283,Miguel Brizuela,O'Higgins,Huachipato,15353017,2026-04-11,Home,90.0,0,2,-2
975291,Leandro Díaz,O'Higgins,Huachipato,15353017,2026-04-11,Home,46.0,0,1,-1
1177211,Felipe Ogaz,O'Higgins,Huachipato,15353017,2026-04-11,Home,90.0,0,2,-2
983528,Francisco González,O'Higgins,Huachipato,15353017,2026-04-11,Home,90.0,0,2,-2
126376,Bryan Rabello,O'Higgins,Huachipato,15353017,2026-04-11,Home,64.0,0,1,-1
844183,Juan Leiva,O'Higgins,Huachipato,15353017,2026-04-11,Home,77.0,0,1,-1
942415,Bastián Yáñez,O'Higgins,Huachipato,15353017,2026-04-11,Home,77.0,0,1,-1
849177,Arnaldo Castillo,O'Higgins,Huachipato,15353017,2026-04-11,Home,64.0,0,1,-1
339699,Luis Pavez Munoz,O'Higgins,Huachipato,15353017,2026-04-11,Home,44.0,0,1,-1
923802,Thiago Vecino,O'Higgins,Huachipato,15353017,2026-04-11,Home,26.0,0,1,-1
1798260,Joaquín Tapia,O'Higgins,Huachipato,15353017,2026-04-11,Home,26.0,0,1,-1
789677,Martín Sarrafiore,O'Higgins,Huachipato,15353017,2026-04-11,Home,13.0,0,1,-1
1411686,Martín Maturana,O'Higgins,Huachipato,15353017,2026-04-11,Home,13.0,0,1,-1
1482395,Christian Bravo,Huachipato,O'Higgins,15353017,2026-04-11,Away,90.0,2,0,2
1117091,Nelson Guillermo Guaiquil,Huachipato,O'Higgins,15353017,2026-04-11,Away,90.0,2,0,2
36995,Rafael Caroca,Huachipato,O'Higgins,15353017,2026-04-11,Away,90.0,2,0,2
247055,Nicolás Vargas,Huachipato,O'Higgins,15353017,2026-04-11,Away,90.0,2,0,2
1482399,Lucas Velásquez,Huachipato,O'Higgins,15353017,2026-04-11,Away,90.0,2,0,2
249373,Claudio Sepúlveda,Huachipato,O'Higgins,15353017,2026-04-11,Away,90.0,2,0,2
940483,Maximiliano Rodríguez,Huachipato,O'Higgins,15353017,2026-04-11,Away,84.0,1,0,1
1381958,Santiago Silva,Huachipato,O'Higgins,15353017,2026-04-11,Away,90.0,2,0,2
1484208,Juan Figueroa,Huachipato,O'Higgins,15353017,2026-04-11,Away,75.0,1,0,1
323439,Lionel Altamirano,Huachipato,O'Higgins,15353017,2026-04-11,Away,84.0,1,0,1
851968,Cris Martínez,Huachipato,O'Higgins,15353017,2026-04-11,Away,46.0,1,0,1
845174,Mario Briceño,Huachipato,O'Higgins,15353017,2026-04-11,Away,44.0,1,0,1
1108721,Maicol León,Huachipato,O'Higgins,15353017,2026-04-11,Away,15.0,1,0,1
1177673,Kevin Altez,Huachipato,O'Higgins,15353017,2026-04-11,Away,6.0,1,0,1
988146,Cristian Toro,Huachipato,O'Higgins,15353017,2026-04-11,Away,6.0,1,0,1
1980388,Gabriel Maureira,Colo-Colo,Coquimbo Unido,15353018,2026-05-03,Home,90.0,3,1,2
1014795,Jonathan Villagra,Colo-Colo,Coquimbo Unido,15353018,2026-05-03,Home,90.0,3,1,2
18342,Arturo Vidal,Colo-Colo,Coquimbo Unido,15353018,2026-05-03,Home,63.0,1,1,0
1015274,Joaquín Sosa,Colo-Colo,Coquimbo Unido,15353018,2026-05-03,Home,90.0,3,1,2
844224,Tomás Alarcón,Colo-Colo,Coquimbo Unido,15353018,2026-05-03,Home,90.0,3,1,2
805170,Matías Fernández,Colo-Colo,Coquimbo Unido,15353018,2026-05-03,Home,90.0,3,1,2
889502,Álvaro Madrid,Colo-Colo,Coquimbo Unido,15353018,2026-05-03,Home,79.0,1,1,0
870020,Víctor Felipe Méndez,Colo-Colo,Coquimbo Unido,15353018,2026-05-03,Home,90.0,3,1,2
1176822,Diego Ulloa,Colo-Colo,Coquimbo Unido,15353018,2026-05-03,Home,90.0,3,1,2
792585,Maximiliano Romero,Colo-Colo,Coquimbo Unido,15353018,2026-05-03,Home,79.0,1,1,0
581780,Javier Correa,Colo-Colo,Coquimbo Unido,15353018,2026-05-03,Home,90.0,3,1,2
340455,Claudio Aquino,Colo-Colo,Coquimbo Unido,15353018,2026-05-03,Home,27.0,2,0,2
1482420,Francisco Marchant,Colo-Colo,Coquimbo Unido,15353018,2026-05-03,Home,11.0,2,0,2
1997136,Yastin Cuevas,Colo-Colo,Coquimbo Unido,15353018,2026-05-03,Home,11.0,2,0,2
924858,Javier Méndez,Colo-Colo,Coquimbo Unido,15353018,2026-05-03,Home,0.0,0,0,0
386218,Diego Sánchez,Coquimbo Unido,Colo-Colo,15353018,2026-05-03,Away,90.0,1,3,-2
986513,Dylan Escobar,Coquimbo Unido,Colo-Colo,15353018,2026-05-03,Away,90.0,1,3,-2
1019924,Elvis Hernández,Coquimbo Unido,Colo-Colo,15353018,2026-05-03,Away,90.0,1,3,-2
889498,Manuel Fernández,Coquimbo Unido,Colo-Colo,15353018,2026-05-03,Away,90.0,1,3,-2
1096735,Juan Cornejo,Coquimbo Unido,Colo-Colo,15353018,2026-05-03,Away,90.0,1,3,-2
981333,Dylan Glaby,Coquimbo Unido,Colo-Colo,15353018,2026-05-03,Away,81.0,1,1,0
829288,Salvador Cordero,Coquimbo Unido,Colo-Colo,15353018,2026-05-03,Away,90.0,1,3,-2
852143,Luis Riveros,Coquimbo Unido,Colo-Colo,15353018,2026-05-03,Away,72.0,1,1,0
376740,Guido Vadalá,Coquimbo Unido,Colo-Colo,15353018,2026-05-03,Away,72.0,1,1,0
1125880,Benjamín Chandía,Coquimbo Unido,Colo-Colo,15353018,2026-05-03,Away,65.0,1,1,0
39244,Lucas Pratto,Coquimbo Unido,Colo-Colo,15353018,2026-05-03,Away,65.0,1,1,0
973986,Cristián Zavala,Coquimbo Unido,Colo-Colo,15353018,2026-05-03,Away,25.0,0,2,-2
1643443,Nicolás Johansen,Coquimbo Unido,Colo-Colo,15353018,2026-05-03,Away,25.0,0,2,-2
2048673,Pablo Rodríguez,Coquimbo Unido,Colo-Colo,15353018,2026-05-03,Away,18.0,0,2,-2
1108027,Alejandro Azócar,Coquimbo Unido,Colo-Colo,15353018,2026-05-03,Away,18.0,0,2,-2
974009,Sebastián Galani,Coquimbo Unido,Colo-Colo,15353018,2026-05-03,Away,9.0,0,2,-2
333465,Nicolás Avellaneda,Unión La Calera,Deportes Concepción,15353019,2026-04-14,Home,90.0,1,0,1
889511,Christopher Díaz,Unión La Calera,Deportes Concepción,15353019,2026-04-14,Home,90.0,1,0,1
1108449,Rodrigo Caseres,Unión La Calera,Deportes Concepción,15353019,2026-04-14,Home,90.0,1,0,1
1125257,Nicolás Palma,Unión La Calera,Deportes Concepción,15353019,2026-04-14,Home,90.0,1,0,1
1111544,Daniel Gutiérrez,Unión La Calera,Deportes Concepción,15353019,2026-04-14,Home,90.0,1,0,1
965967,Juan Manuel Requena,Unión La Calera,Deportes Concepción,15353019,2026-04-14,Home,90.0,1,0,1
1190022,Joaquín Soto,Unión La Calera,Deportes Concepción,15353019,2026-04-14,Home,78.0,1,0,1
787710,Kevin Méndez,Unión La Calera,Deportes Concepción,15353019,2026-04-14,Home,90.0,1,0,1
936901,Sebastián Sáez,Unión La Calera,Deportes Concepción,15353019,2026-04-14,Home,90.0,1,0,1
951277,Bayron Oyarzo,Unión La Calera,Deportes Concepción,15353019,2026-04-14,Home,78.0,1,0,1
924528,Matías Campos López,Unión La Calera,Deportes Concepción,15353019,2026-04-14,Home,66.0,1,0,1
1523685,Francisco Jose Pozzo,Unión La Calera,Deportes Concepción,15353019,2026-04-14,Home,24.0,0,0,0
1650043,Martín Hiriart,Unión La Calera,Deportes Concepción,15353019,2026-04-14,Home,12.0,0,0,0
819005,Cristián Gutiérrez,Unión La Calera,Deportes Concepción,15353019,2026-04-14,Home,12.0,0,0,0
822449,Camilo Moya,Unión La Calera,Deportes Concepción,15353019,2026-04-14,Home,0.0,0,0,0
830940,Nicolás Araya,Deportes Concepción,Unión La Calera,15353019,2026-04-14,Away,90.0,0,1,-1
312318,Brayan Véjar,Deportes Concepción,Unión La Calera,15353019,2026-04-14,Away,90.0,0,1,-1
22973,Cristián Suárez,Deportes Concepción,Unión La Calera,15353019,2026-04-14,Away,90.0,0,1,-1
553508,Fausto Grillo,Deportes Concepción,Unión La Calera,15353019,2026-04-14,Away,90.0,0,1,-1
973523,Diego Carrasco,Deportes Concepción,Unión La Calera,15353019,2026-04-14,Away,90.0,0,1,-1
589548,Nelson Sepúlveda,Deportes Concepción,Unión La Calera,15353019,2026-04-14,Away,58.0,0,1,-1
986422,Aldrix Jara,Deportes Concepción,Unión La Calera,15353019,2026-04-14,Away,58.0,0,1,-1
790010,Leonardo Valencia,Deportes Concepción,Unión La Calera,15353019,2026-04-14,Away,58.0,0,1,-1
177813,Misael Dávila,Deportes Concepción,Unión La Calera,15353019,2026-04-14,Away,90.0,0,1,-1
924468,Matías Cavalleri,Deportes Concepción,Unión La Calera,15353019,2026-04-14,Away,75.0,0,1,-1
28242,Joaquín Larrivey,Deportes Concepción,Unión La Calera,15353019,2026-04-14,Away,88.0,0,1,-1
1125898,Ángel Gillard,Deportes Concepción,Unión La Calera,15353019,2026-04-14,Away,32.0,0,0,0
819072,Jorge Henríquez,Deportes Concepción,Unión La Calera,15353019,2026-04-14,Away,32.0,0,0,0
906106,Ignacio Mesías,Deportes Concepción,Unión La Calera,15353019,2026-04-14,Away,32.0,0,0,0
986529,Ethan Espinoza,Deportes Concepción,Unión La Calera,15353019,2026-04-14,Away,15.0,0,0,0
1482371,Bastián Escobar,Deportes Concepción,Unión La Calera,15353019,2026-04-14,Away,2.0,0,0,0
790001,Ignacio González,Everton de Viña del Mar,Universidad de Chile,15353020,2026-04-18,Home,90.0,0,0,0
1385673,Valentín Vidal,Everton de Viña del Mar,Universidad de Chile,15353020,2026-04-18,Home,90.0,0,0,0
976168,Hugo Magallanes,Everton de Viña del Mar,Universidad de Chile,15353020,2026-04-18,Home,90.0,0,0,0
339891,Diego Oyarzún,Everton de Viña del Mar,Universidad de Chile,15353020,2026-04-18,Home,90.0,0,0,0
862702,Nicolás Baeza,Everton de Viña del Mar,Universidad de Chile,15353020,2026-04-18,Home,90.0,0,0,0
956838,Julián Alfaro,Everton de Viña del Mar,Universidad de Chile,15353020,2026-04-18,Home,56.0,0,0,0
886912,Benjamín Berríos,Everton de Viña del Mar,Universidad de Chile,15353020,2026-04-18,Home,90.0,0,0,0
951270,Joaquín Moya,Everton de Viña del Mar,Universidad de Chile,15353020,2026-04-18,Home,90.0,0,0,0
1020255,Braian Martínez,Everton de Viña del Mar,Universidad de Chile,15353020,2026-04-18,Home,46.0,0,0,0
975053,Alan Medina,Everton de Viña del Mar,Universidad de Chile,15353020,2026-04-18,Home,90.0,0,0,0
1864232,Nicolás Montiel,Everton de Viña del Mar,Universidad de Chile,15353020,2026-04-18,Home,56.0,0,0,0
1199239,Emiliano Ramos,Everton de Viña del Mar,Universidad de Chile,15353020,2026-04-18,Home,44.0,0,0,0
1119679,Lucas Soto,Everton de Viña del Mar,Universidad de Chile,15353020,2026-04-18,Home,34.0,0,0,0
129209,Cristian Palacios,Everton de Viña del Mar,Universidad de Chile,15353020,2026-04-18,Home,34.0,0,0,0
805183,Gabriel Castellón,Universidad de Chile,Everton de Viña del Mar,15353020,2026-04-18,Away,90.0,0,0,0
818897,Fabián Hormazábal,Universidad de Chile,Everton de Viña del Mar,15353020,2026-04-18,Away,88.0,0,0,0
789979,Matías Zaldivia,Universidad de Chile,Everton de Viña del Mar,15353020,2026-04-18,Away,90.0,0,0,0
831012,Nicolás Ramírez,Universidad de Chile,Everton de Viña del Mar,15353020,2026-04-18,Away,90.0,0,0,0
1482432,Diego Vargas,Universidad de Chile,Everton de Viña del Mar,15353020,2026-04-18,Away,71.0,0,0,0
589542,Israel Poblete,Universidad de Chile,Everton de Viña del Mar,15353020,2026-04-18,Away,90.0,0,0,0
906105,Maximiliano Guerrero,Universidad de Chile,Everton de Viña del Mar,15353020,2026-04-18,Away,90.0,0,0,0
925337,Javier Altamirano,Universidad de Chile,Everton de Viña del Mar,15353020,2026-04-18,Away,90.0,0,0,0
1388813,Agustín Arce,Universidad de Chile,Everton de Viña del Mar,15353020,2026-04-18,Away,71.0,0,0,0
1002939,Lucas Assadi,Universidad de Chile,Everton de Viña del Mar,15353020,2026-04-18,Away,62.0,0,0,0
359024,Juan Martín Lucero,Universidad de Chile,Everton de Viña del Mar,15353020,2026-04-18,Away,62.0,0,0,0
2057322,Vicente Ramírez,Universidad de Chile,Everton de Viña del Mar,15353020,2026-04-18,Away,28.0,0,0,0
1482412,Ignacio Vásquez,Universidad de Chile,Everton de Viña del Mar,15353020,2026-04-18,Away,28.0,0,0,0
2184978,Lucas Barrera,Universidad de Chile,Everton de Viña del Mar,15353020,2026-04-18,Away,19.0,0,0,0
1138070,Felipe Salomoni,Universidad de Chile,Everton de Viña del Mar,15353020,2026-04-18,Away,19.0,0,0,0
889500,Nicolás Fernández,Universidad de Chile,Everton de Viña del Mar,15353020,2026-04-18,Away,2.0,0,0,0
830940,Nicolás Araya,Deportes Concepción,Deportes La Serena,15353021,2026-04-19,Home,90.0,3,3,0
988763,Norman Rodríguez,Deportes Concepción,Deportes La Serena,15353021,2026-04-19,Home,90.0,3,3,0
22973,Cristián Suárez,Deportes Concepción,Deportes La Serena,15353021,2026-04-19,Home,55.0,2,3,-1
553508,Fausto Grillo,Deportes Concepción,Deportes La Serena,15353021,2026-04-19,Home,46.0,1,3,-2
973523,Diego Carrasco,Deportes Concepción,Deportes La Serena,15353021,2026-04-19,Home,90.0,3,3,0
1197454,Yonathan Rodríguez,Deportes Concepción,Deportes La Serena,15353021,2026-04-19,Home,46.0,1,3,-2
177813,Misael Dávila,Deportes Concepción,Deportes La Serena,15353021,2026-04-19,Home,90.0,3,3,0
986422,Aldrix Jara,Deportes Concepción,Deportes La Serena,15353021,2026-04-19,Home,90.0,3,3,0
28242,Joaquín Larrivey,Deportes Concepción,Deportes La Serena,15353021,2026-04-19,Home,90.0,3,3,0
1482371,Bastián Escobar,Deportes Concepción,Deportes La Serena,15353021,2026-04-19,Home,46.0,1,3,-2
906106,Ignacio Mesías,Deportes Concepción,Deportes La Serena,15353021,2026-04-19,Home,76.0,3,3,0
819072,Jorge Henríquez,Deportes Concepción,Deportes La Serena,15353021,2026-04-19,Home,44.0,2,0,2
312318,Brayan Véjar,Deportes Concepción,Deportes La Serena,15353021,2026-04-19,Home,44.0,2,0,2
991004,Mario Sandoval,Deportes Concepción,Deportes La Serena,15353021,2026-04-19,Home,44.0,2,0,2
790010,Leonardo Valencia,Deportes Concepción,Deportes La Serena,15353021,2026-04-19,Home,35.0,1,0,1
1482455,Leenhan Romero,Deportes Concepción,Deportes La Serena,15353021,2026-04-19,Home,14.0,0,0,0
789923,Federico Lanzillotta,Deportes La Serena,Deportes Concepción,15353021,2026-04-19,Away,90.0,3,3,0
1002931,Bruno Gutiérrez,Deportes La Serena,Deportes Concepción,15353021,2026-04-19,Away,90.0,3,3,0
872138,Andrés Zanini,Deportes La Serena,Deportes Concepción,15353021,2026-04-19,Away,90.0,3,3,0
799653,Rafael Delgado,Deportes La Serena,Deportes Concepción,15353021,2026-04-19,Away,90.0,3,3,0
1384819,Yahir Salazar,Deportes La Serena,Deportes Concepción,15353021,2026-04-19,Away,90.0,3,3,0
844271,Sebastián Díaz,Deportes La Serena,Deportes Concepción,15353021,2026-04-19,Away,70.0,3,3,0
1089454,Francis Mac Allister,Deportes La Serena,Deportes Concepción,15353021,2026-04-19,Away,90.0,3,3,0
986598,Joaquín Gutiérrez,Deportes La Serena,Deportes Concepción,15353021,2026-04-19,Away,90.0,3,3,0
1063335,Felipe Chamorro,Deportes La Serena,Deportes Concepción,15353021,2026-04-19,Away,90.0,3,3,0
805095,Jeisson Vargas,Deportes La Serena,Deportes Concepción,15353021,2026-04-19,Away,90.0,3,3,0
582220,Nicolás Stefanelli,Deportes La Serena,Deportes Concepción,15353021,2026-04-19,Away,75.0,3,3,0
874589,Matías Marín,Deportes La Serena,Deportes Concepción,15353021,2026-04-19,Away,20.0,0,0,0
147570,Diego Rubio,Deportes La Serena,Deportes Concepción,15353021,2026-04-19,Away,15.0,0,0,0
1502658,Fernando Dinamarca,Deportes La Serena,Deportes Concepción,15353021,2026-04-19,Away,0.0,0,0,0
1875021,Bastián Contreras,Deportes La Serena,Deportes Concepción,15353021,2026-04-19,Away,0.0,0,0,0
1016653,Vicente Bernedo,Universidad Católica,Unión La Calera,15353022,2026-04-21,Home,90.0,1,2,-1
2058867,Sebastián Arancibia,Universidad Católica,Unión La Calera,15353022,2026-04-21,Home,90.0,1,2,-1
819088,Branco Ampuero,Universidad Católica,Unión La Calera,15353022,2026-04-21,Home,90.0,1,2,-1
896624,Juan Ignacio Díaz,Universidad Católica,Unión La Calera,15353022,2026-04-21,Home,90.0,1,2,-1
117430,Eugenio Mena,Universidad Católica,Unión La Calera,15353022,2026-04-21,Home,90.0,1,2,-1
819115,Jhojan Valencia,Universidad Católica,Unión La Calera,15353022,2026-04-21,Home,90.0,1,2,-1
995388,Clemente Montes,Universidad Católica,Unión La Calera,15353022,2026-04-21,Home,90.0,1,2,-1
973560,Matías Palavecino,Universidad Católica,Unión La Calera,15353022,2026-04-21,Home,81.0,1,1,0
284729,Fernando Zuqui,Universidad Católica,Unión La Calera,15353022,2026-04-21,Home,90.0,1,2,-1
932866,Justo Giani,Universidad Católica,Unión La Calera,15353022,2026-04-21,Home,90.0,1,2,-1
828952,Fernando Zampedri,Universidad Católica,Unión La Calera,15353022,2026-04-21,Home,81.0,1,1,0
1409361,Juan Francisco Rossel,Universidad Católica,Unión La Calera,15353022,2026-04-21,Home,9.0,0,1,-1
588796,Jimmy Martínez,Universidad Católica,Unión La Calera,15353022,2026-04-21,Home,9.0,0,1,-1
2121648,Martín Gómez,Universidad Católica,Unión La Calera,15353022,2026-04-21,Home,0.0,0,0,0
1016766,Alfred Canales,Universidad Católica,Unión La Calera,15353022,2026-04-21,Home,0.0,0,0,0
333465,Nicolás Avellaneda,Unión La Calera,Universidad Católica,15353022,2026-04-21,Away,90.0,2,1,1
889511,Christopher Díaz,Unión La Calera,Universidad Católica,15353022,2026-04-21,Away,90.0,2,1,1
1108449,Rodrigo Caseres,Unión La Calera,Universidad Católica,15353022,2026-04-21,Away,90.0,2,1,1
1125257,Nicolás Palma,Unión La Calera,Universidad Católica,15353022,2026-04-21,Away,90.0,2,1,1
1111544,Daniel Gutiérrez,Unión La Calera,Universidad Católica,15353022,2026-04-21,Away,90.0,2,1,1
787710,Kevin Méndez,Unión La Calera,Universidad Católica,15353022,2026-04-21,Away,90.0,2,1,1
965967,Juan Manuel Requena,Unión La Calera,Universidad Católica,15353022,2026-04-21,Away,90.0,2,1,1
1190022,Joaquín Soto,Unión La Calera,Universidad Católica,15353022,2026-04-21,Away,72.0,1,1,0
951277,Bayron Oyarzo,Unión La Calera,Universidad Católica,15353022,2026-04-21,Away,88.0,2,1,1
936901,Sebastián Sáez,Unión La Calera,Universidad Católica,15353022,2026-04-21,Away,90.0,2,1,1
924528,Matías Campos López,Unión La Calera,Universidad Católica,15353022,2026-04-21,Away,64.0,1,1,0
1523685,Francisco Jose Pozzo,Unión La Calera,Universidad Católica,15353022,2026-04-21,Away,26.0,1,0,1
819005,Cristián Gutiérrez,Unión La Calera,Universidad Católica,15353022,2026-04-21,Away,18.0,1,0,1
822449,Camilo Moya,Unión La Calera,Universidad Católica,15353022,2026-04-21,Away,2.0,0,0,0
1482395,Christian Bravo,Huachipato,Audax Italiano,15353023,2026-04-20,Home,90.0,2,2,0
1117091,Nelson Guillermo Guaiquil,Huachipato,Audax Italiano,15353023,2026-04-20,Home,85.0,2,2,0
36995,Rafael Caroca,Huachipato,Audax Italiano,15353023,2026-04-20,Home,90.0,2,2,0
247055,Nicolás Vargas,Huachipato,Audax Italiano,15353023,2026-04-20,Home,90.0,2,2,0
1482399,Lucas Velásquez,Huachipato,Audax Italiano,15353023,2026-04-20,Home,81.0,2,2,0
1381958,Santiago Silva,Huachipato,Audax Italiano,15353023,2026-04-20,Home,90.0,2,2,0
249373,Claudio Sepúlveda,Huachipato,Audax Italiano,15353023,2026-04-20,Home,53.0,0,1,-1
1484208,Juan Figueroa,Huachipato,Audax Italiano,15353023,2026-04-20,Home,53.0,0,1,-1
940483,Maximiliano Rodríguez,Huachipato,Audax Italiano,15353023,2026-04-20,Home,81.0,2,2,0
851968,Cris Martínez,Huachipato,Audax Italiano,15353023,2026-04-20,Home,90.0,2,2,0
323439,Lionel Altamirano,Huachipato,Audax Italiano,15353023,2026-04-20,Home,90.0,2,2,0
845174,Mario Briceño,Huachipato,Audax Italiano,15353023,2026-04-20,Home,37.0,2,1,1
1017455,Ezequiel Cañete,Huachipato,Audax Italiano,15353023,2026-04-20,Home,37.0,2,1,1
988078,Harold Antiñirre,Huachipato,Audax Italiano,15353023,2026-04-20,Home,9.0,0,0,0
1108721,Maicol León,Huachipato,Audax Italiano,15353023,2026-04-20,Home,9.0,0,0,0
1177673,Kevin Altez,Huachipato,Audax Italiano,15353023,2026-04-20,Home,5.0,0,0,0
975882,Tomás Ahumada,Audax Italiano,Huachipato,15353023,2026-04-20,Away,90.0,2,2,0
906112,Oliver Rojas,Audax Italiano,Huachipato,15353023,2026-04-20,Away,90.0,2,2,0
895340,Marcelo Ortíz,Audax Italiano,Huachipato,15353023,2026-04-20,Away,90.0,2,2,0
1177235,Daniel Piña,Audax Italiano,Huachipato,15353023,2026-04-20,Away,90.0,2,2,0
986532,Federico Mateos,Audax Italiano,Huachipato,15353023,2026-04-20,Away,90.0,2,2,0
804983,Raimundo Rebolledo,Audax Italiano,Huachipato,15353023,2026-04-20,Away,90.0,2,2,0
2456839,Vicente Zenteno,Audax Italiano,Huachipato,15353023,2026-04-20,Away,85.0,2,2,0
912067,Michael Vadulli,Audax Italiano,Huachipato,15353023,2026-04-20,Away,85.0,2,2,0
1177236,Esteban Matus,Audax Italiano,Huachipato,15353023,2026-04-20,Away,90.0,2,2,0
859990,Franco Troyansky,Audax Italiano,Huachipato,15353023,2026-04-20,Away,77.0,2,2,0
1485094,Giovani Chiaverano,Audax Italiano,Huachipato,15353023,2026-04-20,Away,77.0,2,2,0
997539,Rodrigo Cabral,Audax Italiano,Huachipato,15353023,2026-04-20,Away,13.0,0,0,0
1114520,Paolo Guajardo,Audax Italiano,Huachipato,15353023,2026-04-20,Away,13.0,0,0,0
875274,Diego Coelho,Audax Italiano,Huachipato,15353023,2026-04-20,Away,5.0,0,0,0
2456836,Joel Ahumada,Audax Italiano,Huachipato,15353023,2026-04-20,Away,5.0,0,0,0
1473443,Diego Monreal,Audax Italiano,Huachipato,15353023,2026-04-20,Away,0.0,0,0,0
818874,Fernando de Paul,Colo-Colo,Palestino,15353024,2026-04-19,Home,70.0,0,1,-1
1014795,Jonathan Villagra,Colo-Colo,Palestino,15353024,2026-04-19,Home,90.0,0,1,-1
18342,Arturo Vidal,Colo-Colo,Palestino,15353024,2026-04-19,Home,63.0,0,1,-1
1015274,Joaquín Sosa,Colo-Colo,Palestino,15353024,2026-04-19,Home,70.0,0,1,-1
1022259,Jeyson Rojas,Colo-Colo,Palestino,15353024,2026-04-19,Home,90.0,0,1,-1
889502,Álvaro Madrid,Colo-Colo,Palestino,15353024,2026-04-19,Home,90.0,0,1,-1
870020,Víctor Felipe Méndez,Colo-Colo,Palestino,15353024,2026-04-19,Home,90.0,0,1,-1
1176822,Diego Ulloa,Colo-Colo,Palestino,15353024,2026-04-19,Home,90.0,0,1,-1
1601711,Leandro Hernández,Colo-Colo,Palestino,15353024,2026-04-19,Home,46.0,0,1,-1
792585,Maximiliano Romero,Colo-Colo,Palestino,15353024,2026-04-19,Home,46.0,0,1,-1
1199243,Lautaro Pastrán,Colo-Colo,Palestino,15353024,2026-04-19,Home,90.0,0,1,-1
340455,Claudio Aquino,Colo-Colo,Palestino,15353024,2026-04-19,Home,44.0,0,0,0
581780,Javier Correa,Colo-Colo,Palestino,15353024,2026-04-19,Home,44.0,0,0,0
1482420,Francisco Marchant,Colo-Colo,Palestino,15353024,2026-04-19,Home,27.0,0,0,0
1980388,Gabriel Maureira,Colo-Colo,Palestino,15353024,2026-04-19,Home,20.0,0,0,0
973993,Erick Wiemberg,Colo-Colo,Palestino,15353024,2026-04-19,Home,20.0,0,0,0
842274,Sebastián Pérez,Palestino,Colo-Colo,15353024,2026-04-19,Away,90.0,1,0,1
1797934,Ian Garguez,Palestino,Colo-Colo,15353024,2026-04-19,Away,90.0,1,0,1
1464931,Vicente Espinoza,Palestino,Colo-Colo,15353024,2026-04-19,Away,90.0,1,0,1
105971,Enzo Roco,Palestino,Colo-Colo,15353024,2026-04-19,Away,83.0,1,0,1
339711,Dilan Zúñiga,Palestino,Colo-Colo,15353024,2026-04-19,Away,90.0,1,0,1
1017320,Jason León,Palestino,Colo-Colo,15353024,2026-04-19,Away,69.0,1,0,1
1797930,Francisco Montes,Palestino,Colo-Colo,15353024,2026-04-19,Away,90.0,1,0,1
1064150,Nicolás Meza,Palestino,Colo-Colo,15353024,2026-04-19,Away,85.0,1,0,1
116096,Sebastián Gallegos,Palestino,Colo-Colo,15353024,2026-04-19,Away,90.0,1,0,1
931341,César Munder,Palestino,Colo-Colo,15353024,2026-04-19,Away,69.0,1,0,1
805150,Ronnie Fernández,Palestino,Colo-Colo,15353024,2026-04-19,Away,69.0,1,0,1
1386875,Dilan Salgado,Palestino,Colo-Colo,15353024,2026-04-19,Away,21.0,0,0,0
1125923,Gonzalo Tapia,Palestino,Colo-Colo,15353024,2026-04-19,Away,21.0,0,0,0
1464930,Martín Araya,Palestino,Colo-Colo,15353024,2026-04-19,Away,21.0,0,0,0
33943,Fernando Meza,Palestino,Colo-Colo,15353024,2026-04-19,Away,7.0,0,0,0
334027,Julián Fernández,Palestino,Colo-Colo,15353024,2026-04-19,Away,5.0,0,0,0
925598,Jorge Pinos,Cobresal,O'Higgins,15353025,2026-04-19,Home,90.0,2,3,-1
818865,Guillermo Pacheco,Cobresal,O'Higgins,15353025,2026-04-19,Home,90.0,2,3,-1
889519,Franco Bechtholdt,Cobresal,O'Higgins,15353025,2026-04-19,Home,46.0,1,0,1
832663,Christian Moreno,Cobresal,O'Higgins,15353025,2026-04-19,Home,90.0,2,3,-1
987924,Antonio Castillo,Cobresal,O'Higgins,15353025,2026-04-19,Home,90.0,2,3,-1
1016643,Aaron Astudillo,Cobresal,O'Higgins,15353025,2026-04-19,Home,90.0,2,3,-1
385990,Juan Fuentes,Cobresal,O'Higgins,15353025,2026-04-19,Home,46.0,1,0,1
1021117,César Yanis,Cobresal,O'Higgins,15353025,2026-04-19,Home,46.0,1,0,1
790000,Bryan Carvallo,Cobresal,O'Higgins,15353025,2026-04-19,Home,90.0,2,3,-1
974736,Julián Brea,Cobresal,O'Higgins,15353025,2026-04-19,Home,90.0,2,3,-1
937101,Steffan Pino,Cobresal,O'Higgins,15353025,2026-04-19,Home,90.0,2,3,-1
962847,Esteban Valencia,Cobresal,O'Higgins,15353025,2026-04-19,Home,44.0,1,3,-2
986622,José Tiznado,Cobresal,O'Higgins,15353025,2026-04-19,Home,44.0,1,3,-2
1411683,Renato Huerta,Cobresal,O'Higgins,15353025,2026-04-19,Home,44.0,1,3,-2
831242,Omar Carabalí,O'Higgins,Cobresal,15353025,2026-04-19,Away,90.0,3,2,1
1482408,Felipe Faúndez,O'Higgins,Cobresal,15353025,2026-04-19,Away,90.0,3,2,1
1002945,Nicolás Garrido,O'Higgins,Cobresal,15353025,2026-04-19,Away,90.0,3,2,1
2038201,José Movillo,O'Higgins,Cobresal,15353025,2026-04-19,Away,90.0,3,2,1
975291,Leandro Díaz,O'Higgins,Cobresal,15353025,2026-04-19,Away,90.0,3,2,1
1177211,Felipe Ogaz,O'Higgins,Cobresal,15353025,2026-04-19,Away,90.0,3,2,1
844183,Juan Leiva,O'Higgins,Cobresal,15353025,2026-04-19,Away,90.0,3,2,1
983528,Francisco González,O'Higgins,Cobresal,15353025,2026-04-19,Away,85.0,3,2,1
126376,Bryan Rabello,O'Higgins,Cobresal,15353025,2026-04-19,Away,70.0,1,2,-1
789677,Martín Sarrafiore,O'Higgins,Cobresal,15353025,2026-04-19,Away,70.0,1,2,-1
849177,Arnaldo Castillo,O'Higgins,Cobresal,15353025,2026-04-19,Away,90.0,3,2,1
923802,Thiago Vecino,O'Higgins,Cobresal,15353025,2026-04-19,Away,20.0,2,0,2
1411686,Martín Maturana,O'Higgins,Cobresal,15353025,2026-04-19,Away,20.0,2,0,2
1482396,Cristian Morales,O'Higgins,Cobresal,15353025,2026-04-19,Away,5.0,0,0,0
985004,Benjamín Rojas,O'Higgins,Cobresal,15353025,2026-04-19,Away,0.0,0,0,0
386218,Diego Sánchez,Coquimbo Unido,Ñublense,15353026,2026-04-19,Home,90.0,1,1,0
986548,Francisco Salinas,Coquimbo Unido,Ñublense,15353026,2026-04-19,Home,90.0,1,1,0
986451,Benjamín Gazzolo,Coquimbo Unido,Ñublense,15353026,2026-04-19,Home,90.0,1,1,0
889498,Manuel Fernández,Coquimbo Unido,Ñublense,15353026,2026-04-19,Home,90.0,1,1,0
974008,Sebastián Cabrera,Coquimbo Unido,Ñublense,15353026,2026-04-19,Home,82.0,1,1,0
974009,Sebastián Galani,Coquimbo Unido,Ñublense,15353026,2026-04-19,Home,90.0,1,1,0
829288,Salvador Cordero,Coquimbo Unido,Ñublense,15353026,2026-04-19,Home,90.0,1,1,0
852143,Luis Riveros,Coquimbo Unido,Ñublense,15353026,2026-04-19,Home,72.0,1,1,0
376740,Guido Vadalá,Coquimbo Unido,Ñublense,15353026,2026-04-19,Home,60.0,1,0,1
1834686,Martín Mundaca,Coquimbo Unido,Ñublense,15353026,2026-04-19,Home,60.0,1,0,1
1643443,Nicolás Johansen,Coquimbo Unido,Ñublense,15353026,2026-04-19,Home,59.0,1,0,1
39244,Lucas Pratto,Coquimbo Unido,Ñublense,15353026,2026-04-19,Home,31.0,0,1,-1
1125880,Benjamín Chandía,Coquimbo Unido,Ñublense,15353026,2026-04-19,Home,30.0,0,1,-1
1108027,Alejandro Azócar,Coquimbo Unido,Ñublense,15353026,2026-04-19,Home,30.0,0,1,-1
981333,Dylan Glaby,Coquimbo Unido,Ñublense,15353026,2026-04-19,Home,18.0,0,0,0
973986,Cristián Zavala,Coquimbo Unido,Ñublense,15353026,2026-04-19,Home,8.0,0,0,0
47441,Nicola Pérez,Ñublense,Coquimbo Unido,15353026,2026-04-19,Away,90.0,1,1,0
1125913,Diego Sanhueza,Ñublense,Coquimbo Unido,15353026,2026-04-19,Away,82.0,1,1,0
333405,Felipe Campos,Ñublense,Coquimbo Unido,15353026,2026-04-19,Away,90.0,1,1,0
819075,Osvaldo Bosso,Ñublense,Coquimbo Unido,15353026,2026-04-19,Away,90.0,1,1,0
863129,Sebastián Valencia,Ñublense,Coquimbo Unido,15353026,2026-04-19,Away,90.0,1,1,0
986626,Jovany Campusano,Ñublense,Coquimbo Unido,15353026,2026-04-19,Away,90.0,1,1,0
986676,Matías Plaza,Ñublense,Coquimbo Unido,15353026,2026-04-19,Away,64.0,0,1,-1
312376,Lorenzo Reyes,Ñublense,Coquimbo Unido,15353026,2026-04-19,Away,90.0,1,1,0
951278,Manuel Rivera,Ñublense,Coquimbo Unido,15353026,2026-04-19,Away,64.0,0,1,-1
761426,Ignacio Jeraldino,Ñublense,Coquimbo Unido,15353026,2026-04-19,Away,64.0,0,1,-1
1503119,Giovanny Avalos,Ñublense,Coquimbo Unido,15353026,2026-04-19,Away,46.0,0,1,-1
1518443,Franco Rami,Ñublense,Coquimbo Unido,15353026,2026-04-19,Away,44.0,1,0,1
1118269,Ignacio Tapia,Ñublense,Coquimbo Unido,15353026,2026-04-19,Away,26.0,1,0,1
962130,Fernando Ovelar,Ñublense,Coquimbo Unido,15353026,2026-04-19,Away,26.0,1,0,1
973992,Diego Céspedes,Ñublense,Coquimbo Unido,15353026,2026-04-19,Away,26.0,1,0,1
1197415,Alex Valdés,Ñublense,Coquimbo Unido,15353026,2026-04-19,Away,8.0,0,0,0
924180,Claudio González,Deportes Limache,Universidad de Concepción,15353027,2026-04-18,Home,90.0,3,0,3
980882,Yerko González,Deportes Limache,Universidad de Concepción,15353027,2026-04-18,Home,90.0,3,0,3
875564,Augusto Aguirre,Deportes Limache,Universidad de Concepción,15353027,2026-04-18,Home,90.0,3,0,3
33829,Alfonso Parot,Deportes Limache,Universidad de Concepción,15353027,2026-04-18,Home,90.0,3,0,3
1197239,Marcelo Flores,Deportes Limache,Universidad de Concepción,15353027,2026-04-18,Home,90.0,3,0,3
863124,Misael Llantén,Deportes Limache,Universidad de Concepción,15353027,2026-04-18,Home,74.0,2,0,2
874853,Ramón Martínez,Deportes Limache,Universidad de Concepción,15353027,2026-04-18,Home,90.0,3,0,3
818816,Jean Meneses,Deportes Limache,Universidad de Concepción,15353027,2026-04-18,Home,87.0,3,0,3
1801194,Vicente Álvarez,Deportes Limache,Universidad de Concepción,15353027,2026-04-18,Home,46.0,1,0,1
988084,Gonzalo Sosa,Deportes Limache,Universidad de Concepción,15353027,2026-04-18,Home,74.0,2,0,2
925992,Daniel Castro,Deportes Limache,Universidad de Concepción,15353027,2026-04-18,Home,87.0,3,0,3
247073,César Fuentes,Deportes Limache,Universidad de Concepción,15353027,2026-04-18,Home,44.0,2,0,2
871813,Marcos Arturia,Deportes Limache,Universidad de Concepción,15353027,2026-04-18,Home,16.0,1,0,1
1644853,Flavio Moya,Deportes Limache,Universidad de Concepción,15353027,2026-04-18,Home,16.0,1,0,1
986599,Joaquín Montecinos,Deportes Limache,Universidad de Concepción,15353027,2026-04-18,Home,3.0,0,0,0
2116602,Facundo Marín,Deportes Limache,Universidad de Concepción,15353027,2026-04-18,Home,3.0,0,0,0
978979,José Sanhueza,Universidad de Concepción,Deportes Limache,15353027,2026-04-18,Away,90.0,0,3,-3
986609,Jorge Espejo,Universidad de Concepción,Deportes Limache,15353027,2026-04-18,Away,90.0,0,3,-3
2199269,Benjamín Sáez,Universidad de Concepción,Deportes Limache,15353027,2026-04-18,Away,77.0,0,2,-2
47037,Osvaldo González,Universidad de Concepción,Deportes Limache,15353027,2026-04-18,Away,90.0,0,3,-3
1482287,David Retamal,Universidad de Concepción,Deportes Limache,15353027,2026-04-18,Away,90.0,0,3,-3
906102,Yerco Oyanedel,Universidad de Concepción,Deportes Limache,15353027,2026-04-18,Away,90.0,0,3,-3
896753,Facundo Mater,Universidad de Concepción,Deportes Limache,15353027,2026-04-18,Away,90.0,0,3,-3
939997,Cristhofer Mesías,Universidad de Concepción,Deportes Limache,15353027,2026-04-18,Away,77.0,0,2,-2
965775,Agustín Urzi,Universidad de Concepción,Deportes Limache,15353027,2026-04-18,Away,77.0,0,2,-2
1106828,Jeison Fuentealba,Universidad de Concepción,Deportes Limache,15353027,2026-04-18,Away,77.0,0,2,-2
159931,Cecilio Waterman,Universidad de Concepción,Deportes Limache,15353027,2026-04-18,Away,90.0,0,3,-3
986462,Bryan Ogaz,Universidad de Concepción,Deportes Limache,15353027,2026-04-18,Away,13.0,0,1,-1
1125882,Harol Salgado,Universidad de Concepción,Deportes Limache,15353027,2026-04-18,Away,13.0,0,1,-1
965719,Ariel Uribe,Universidad de Concepción,Deportes Limache,15353027,2026-04-18,Away,13.0,0,1,-1
906108,Antonio Díaz,Universidad de Concepción,Deportes Limache,15353027,2026-04-18,Away,13.0,0,1,-1
978979,José Sanhueza,Universidad de Concepción,Colo-Colo,15353028,2026-04-26,Home,90.0,1,1,0
986609,Jorge Espejo,Universidad de Concepción,Colo-Colo,15353028,2026-04-26,Home,90.0,1,1,0
47037,Osvaldo González,Universidad de Concepción,Colo-Colo,15353028,2026-04-26,Home,90.0,1,1,0
1482287,David Retamal,Universidad de Concepción,Colo-Colo,15353028,2026-04-26,Home,90.0,1,1,0
906102,Yerco Oyanedel,Universidad de Concepción,Colo-Colo,15353028,2026-04-26,Home,90.0,1,1,0
986462,Bryan Ogaz,Universidad de Concepción,Colo-Colo,15353028,2026-04-26,Home,69.0,0,1,-1
965775,Agustín Urzi,Universidad de Concepción,Colo-Colo,15353028,2026-04-26,Home,69.0,0,1,-1
896753,Facundo Mater,Universidad de Concepción,Colo-Colo,15353028,2026-04-26,Home,90.0,1,1,0
1106828,Jeison Fuentealba,Universidad de Concepción,Colo-Colo,15353028,2026-04-26,Home,90.0,1,1,0
906108,Antonio Díaz,Universidad de Concepción,Colo-Colo,15353028,2026-04-26,Home,88.0,1,1,0
159931,Cecilio Waterman,Universidad de Concepción,Colo-Colo,15353028,2026-04-26,Home,90.0,1,1,0
1106822,Bastián Ubal,Universidad de Concepción,Colo-Colo,15353028,2026-04-26,Home,21.0,1,0,1
1836929,Luca Kmet,Universidad de Concepción,Colo-Colo,15353028,2026-04-26,Home,21.0,1,0,1
883483,Moisés González,Universidad de Concepción,Colo-Colo,15353028,2026-04-26,Home,2.0,0,0,0
965719,Ariel Uribe,Universidad de Concepción,Colo-Colo,15353028,2026-04-26,Home,0.0,0,0,0
1980388,Gabriel Maureira,Colo-Colo,Universidad de Concepción,15353028,2026-04-26,Away,90.0,1,1,0
1022259,Jeyson Rojas,Colo-Colo,Universidad de Concepción,15353028,2026-04-26,Away,90.0,1,1,0
1014795,Jonathan Villagra,Colo-Colo,Universidad de Concepción,15353028,2026-04-26,Away,81.0,1,1,0
1015274,Joaquín Sosa,Colo-Colo,Universidad de Concepción,15353028,2026-04-26,Away,90.0,1,1,0
1176822,Diego Ulloa,Colo-Colo,Universidad de Concepción,15353028,2026-04-26,Away,90.0,1,1,0
889502,Álvaro Madrid,Colo-Colo,Universidad de Concepción,15353028,2026-04-26,Away,90.0,1,1,0
844224,Tomás Alarcón,Colo-Colo,Universidad de Concepción,15353028,2026-04-26,Away,87.0,1,1,0
870020,Víctor Felipe Méndez,Colo-Colo,Universidad de Concepción,15353028,2026-04-26,Away,90.0,1,1,0
1482420,Francisco Marchant,Colo-Colo,Universidad de Concepción,15353028,2026-04-26,Away,73.0,1,0,1
792585,Maximiliano Romero,Colo-Colo,Universidad de Concepción,15353028,2026-04-26,Away,73.0,1,0,1
1199243,Lautaro Pastrán,Colo-Colo,Universidad de Concepción,15353028,2026-04-26,Away,87.0,1,1,0
581780,Javier Correa,Colo-Colo,Universidad de Concepción,15353028,2026-04-26,Away,17.0,0,1,-1
1601711,Leandro Hernández,Colo-Colo,Universidad de Concepción,15353028,2026-04-26,Away,17.0,0,1,-1
805170,Matías Fernández,Colo-Colo,Universidad de Concepción,15353028,2026-04-26,Away,9.0,0,0,0
1997136,Yastin Cuevas,Colo-Colo,Universidad de Concepción,15353028,2026-04-26,Away,3.0,0,0,0
340455,Claudio Aquino,Colo-Colo,Universidad de Concepción,15353028,2026-04-26,Away,3.0,0,0,0
805183,Gabriel Castellón,Universidad de Chile,Universidad Católica,15353029,2026-04-25,Home,90.0,1,0,1
818897,Fabián Hormazábal,Universidad de Chile,Universidad Católica,15353029,2026-04-25,Home,90.0,1,0,1
789979,Matías Zaldivia,Universidad de Chile,Universidad Católica,15353029,2026-04-25,Home,90.0,1,0,1
831012,Nicolás Ramírez,Universidad de Chile,Universidad Católica,15353029,2026-04-25,Home,90.0,1,0,1
1087387,Marcelo Morales,Universidad de Chile,Universidad Católica,15353029,2026-04-25,Home,90.0,1,0,1
2184978,Lucas Barrera,Universidad de Chile,Universidad Católica,15353029,2026-04-25,Home,81.0,1,0,1
1388813,Agustín Arce,Universidad de Chile,Universidad Católica,15353029,2026-04-25,Home,72.0,1,0,1
906105,Maximiliano Guerrero,Universidad de Chile,Universidad Católica,15353029,2026-04-25,Home,90.0,1,0,1
589542,Israel Poblete,Universidad de Chile,Universidad Católica,15353029,2026-04-25,Home,90.0,1,0,1
1482412,Ignacio Vásquez,Universidad de Chile,Universidad Católica,15353029,2026-04-25,Home,81.0,1,0,1
359024,Juan Martín Lucero,Universidad de Chile,Universidad Católica,15353029,2026-04-25,Home,89.0,1,0,1
18304,Charles Aránguiz,Universidad de Chile,Universidad Católica,15353029,2026-04-25,Home,18.0,0,0,0
981341,Franco Calderón,Universidad de Chile,Universidad Católica,15353029,2026-04-25,Home,9.0,0,0,0
1002939,Lucas Assadi,Universidad de Chile,Universidad Católica,15353029,2026-04-25,Home,9.0,0,0,0
925337,Javier Altamirano,Universidad de Chile,Universidad Católica,15353029,2026-04-25,Home,1.0,0,0,0
1016653,Vicente Bernedo,Universidad Católica,Universidad de Chile,15353029,2026-04-25,Away,90.0,0,1,-1
986496,Daniel González,Universidad Católica,Universidad de Chile,15353029,2026-04-25,Away,46.0,0,1,-1
819088,Branco Ampuero,Universidad Católica,Universidad de Chile,15353029,2026-04-25,Away,90.0,0,1,-1
896624,Juan Ignacio Díaz,Universidad Católica,Universidad de Chile,15353029,2026-04-25,Away,90.0,0,1,-1
117430,Eugenio Mena,Universidad Católica,Universidad de Chile,15353029,2026-04-25,Away,46.0,0,1,-1
819115,Jhojan Valencia,Universidad Católica,Universidad de Chile,15353029,2026-04-25,Away,79.0,0,1,-1
932866,Justo Giani,Universidad Católica,Universidad de Chile,15353029,2026-04-25,Away,90.0,0,1,-1
973560,Matías Palavecino,Universidad Católica,Universidad de Chile,15353029,2026-04-25,Away,68.0,0,1,-1
588796,Jimmy Martínez,Universidad Católica,Universidad de Chile,15353029,2026-04-25,Away,90.0,0,1,-1
324937,Cristián Cuevas,Universidad Católica,Universidad de Chile,15353029,2026-04-25,Away,90.0,0,1,-1
828952,Fernando Zampedri,Universidad Católica,Universidad de Chile,15353029,2026-04-25,Away,90.0,0,1,-1
284729,Fernando Zuqui,Universidad Católica,Universidad de Chile,15353029,2026-04-25,Away,44.0,0,0,0
2058867,Sebastián Arancibia,Universidad Católica,Universidad de Chile,15353029,2026-04-25,Away,44.0,0,0,0
1016766,Alfred Canales,Universidad Católica,Universidad de Chile,15353029,2026-04-25,Away,22.0,0,0,0
1409361,Juan Francisco Rossel,Universidad Católica,Universidad de Chile,15353029,2026-04-25,Away,11.0,0,0,0
333465,Nicolás Avellaneda,Unión La Calera,Coquimbo Unido,15353030,2026-04-24,Home,90.0,0,1,-1
889511,Christopher Díaz,Unión La Calera,Coquimbo Unido,15353030,2026-04-24,Home,90.0,0,1,-1
1108449,Rodrigo Caseres,Unión La Calera,Coquimbo Unido,15353030,2026-04-24,Home,90.0,0,1,-1
1125257,Nicolás Palma,Unión La Calera,Coquimbo Unido,15353030,2026-04-24,Home,74.0,0,1,-1
1111544,Daniel Gutiérrez,Unión La Calera,Coquimbo Unido,15353030,2026-04-24,Home,90.0,0,1,-1
1190022,Joaquín Soto,Unión La Calera,Coquimbo Unido,15353030,2026-04-24,Home,74.0,0,1,-1
965967,Juan Manuel Requena,Unión La Calera,Coquimbo Unido,15353030,2026-04-24,Home,90.0,0,1,-1
787710,Kevin Méndez,Unión La Calera,Coquimbo Unido,15353030,2026-04-24,Home,90.0,0,1,-1
936901,Sebastián Sáez,Unión La Calera,Coquimbo Unido,15353030,2026-04-24,Home,90.0,0,1,-1
951277,Bayron Oyarzo,Unión La Calera,Coquimbo Unido,15353030,2026-04-24,Home,74.0,0,1,-1
924528,Matías Campos López,Unión La Calera,Coquimbo Unido,15353030,2026-04-24,Home,62.0,0,0,0
1523685,Francisco Jose Pozzo,Unión La Calera,Coquimbo Unido,15353030,2026-04-24,Home,28.0,0,1,-1
819005,Cristián Gutiérrez,Unión La Calera,Coquimbo Unido,15353030,2026-04-24,Home,16.0,0,0,0
2456453,Maximiliano Fernandez,Unión La Calera,Coquimbo Unido,15353030,2026-04-24,Home,16.0,0,0,0
1002941,Joan Cruz,Unión La Calera,Coquimbo Unido,15353030,2026-04-24,Home,16.0,0,0,0
386218,Diego Sánchez,Coquimbo Unido,Unión La Calera,15353030,2026-04-24,Away,90.0,1,0,1
986548,Francisco Salinas,Coquimbo Unido,Unión La Calera,15353030,2026-04-24,Away,90.0,1,0,1
986451,Benjamín Gazzolo,Coquimbo Unido,Unión La Calera,15353030,2026-04-24,Away,90.0,1,0,1
986647,Lukas Soza,Coquimbo Unido,Unión La Calera,15353030,2026-04-24,Away,90.0,1,0,1
974008,Sebastián Cabrera,Coquimbo Unido,Unión La Calera,15353030,2026-04-24,Away,90.0,1,0,1
973986,Cristián Zavala,Coquimbo Unido,Unión La Calera,15353030,2026-04-24,Away,90.0,1,0,1
805408,Alejandro Camargo,Coquimbo Unido,Unión La Calera,15353030,2026-04-24,Away,61.0,0,0,0
974009,Sebastián Galani,Coquimbo Unido,Unión La Calera,15353030,2026-04-24,Away,77.0,1,0,1
1108027,Alejandro Azócar,Coquimbo Unido,Unión La Calera,15353030,2026-04-24,Away,61.0,0,0,0
1643443,Nicolás Johansen,Coquimbo Unido,Unión La Calera,15353030,2026-04-24,Away,71.0,1,0,1
1125880,Benjamín Chandía,Coquimbo Unido,Unión La Calera,15353030,2026-04-24,Away,61.0,0,0,0
981333,Dylan Glaby,Coquimbo Unido,Unión La Calera,15353030,2026-04-24,Away,29.0,1,0,1
2048673,Pablo Rodríguez,Coquimbo Unido,Unión La Calera,15353030,2026-04-24,Away,29.0,1,0,1
852143,Luis Riveros,Coquimbo Unido,Unión La Calera,15353030,2026-04-24,Away,29.0,1,0,1
39244,Lucas Pratto,Coquimbo Unido,Unión La Calera,15353030,2026-04-24,Away,19.0,0,0,0
829288,Salvador Cordero,Coquimbo Unido,Unión La Calera,15353030,2026-04-24,Away,13.0,0,0,0
975882,Tomás Ahumada,Audax Italiano,Deportes Limache,15353031,2026-04-25,Home,90.0,2,2,0
804983,Raimundo Rebolledo,Audax Italiano,Deportes Limache,15353031,2026-04-25,Home,46.0,1,1,0
895340,Marcelo Ortíz,Audax Italiano,Deportes Limache,15353031,2026-04-25,Home,90.0,2,2,0
1177235,Daniel Piña,Audax Italiano,Deportes Limache,15353031,2026-04-25,Home,90.0,2,2,0
1114520,Paolo Guajardo,Audax Italiano,Deportes Limache,15353031,2026-04-25,Home,90.0,2,2,0
2456839,Vicente Zenteno,Audax Italiano,Deportes Limache,15353031,2026-04-25,Home,82.0,2,2,0
942156,Marco Collao,Audax Italiano,Deportes Limache,15353031,2026-04-25,Home,90.0,2,2,0
1177236,Esteban Matus,Audax Italiano,Deportes Limache,15353031,2026-04-25,Home,90.0,2,2,0
912067,Michael Vadulli,Audax Italiano,Deportes Limache,15353031,2026-04-25,Home,66.0,2,2,0
859990,Franco Troyansky,Audax Italiano,Deportes Limache,15353031,2026-04-25,Home,54.0,1,1,0
1485094,Giovani Chiaverano,Audax Italiano,Deportes Limache,15353031,2026-04-25,Home,90.0,2,2,0
906112,Oliver Rojas,Audax Italiano,Deportes Limache,15353031,2026-04-25,Home,36.0,1,1,0
997539,Rodrigo Cabral,Audax Italiano,Deportes Limache,15353031,2026-04-25,Home,36.0,1,1,0
1920586,Mario Sandoval,Audax Italiano,Deportes Limache,15353031,2026-04-25,Home,24.0,0,0,0
1473443,Diego Monreal,Audax Italiano,Deportes Limache,15353031,2026-04-25,Home,8.0,0,0,0
1083863,Nicolás Aedo,Audax Italiano,Deportes Limache,15353031,2026-04-25,Home,8.0,0,0,0
924180,Claudio González,Deportes Limache,Audax Italiano,15353031,2026-04-25,Away,90.0,2,2,0
980882,Yerko González,Deportes Limache,Audax Italiano,15353031,2026-04-25,Away,90.0,2,2,0
875564,Augusto Aguirre,Deportes Limache,Audax Italiano,15353031,2026-04-25,Away,90.0,2,2,0
33829,Alfonso Parot,Deportes Limache,Audax Italiano,15353031,2026-04-25,Away,66.0,2,2,0
1197239,Marcelo Flores,Deportes Limache,Audax Italiano,15353031,2026-04-25,Away,59.0,1,2,-1
863124,Misael Llantén,Deportes Limache,Audax Italiano,15353031,2026-04-25,Away,46.0,1,1,0
874853,Ramón Martínez,Deportes Limache,Audax Italiano,15353031,2026-04-25,Away,90.0,2,2,0
818816,Jean Meneses,Deportes Limache,Audax Italiano,15353031,2026-04-25,Away,90.0,2,2,0
1801194,Vicente Álvarez,Deportes Limache,Audax Italiano,15353031,2026-04-25,Away,46.0,1,1,0
988084,Gonzalo Sosa,Deportes Limache,Audax Italiano,15353031,2026-04-25,Away,77.0,2,2,0
925992,Daniel Castro,Deportes Limache,Audax Italiano,15353031,2026-04-25,Away,90.0,2,2,0
986599,Joaquín Montecinos,Deportes Limache,Audax Italiano,15353031,2026-04-25,Away,44.0,1,1,0
247073,César Fuentes,Deportes Limache,Audax Italiano,15353031,2026-04-25,Away,44.0,1,1,0
1125514,Carlos Morales,Deportes Limache,Audax Italiano,15353031,2026-04-25,Away,31.0,1,0,1
871813,Marcos Arturia,Deportes Limache,Audax Italiano,15353031,2026-04-25,Away,24.0,0,0,0
1644853,Flavio Moya,Deportes Limache,Audax Italiano,15353031,2026-04-25,Away,13.0,0,0,0
790001,Ignacio González,Everton de Viña del Mar,Cobresal,15353032,2026-04-26,Home,90.0,3,1,2
1385673,Valentín Vidal,Everton de Viña del Mar,Cobresal,15353032,2026-04-26,Home,90.0,3,1,2
886915,Ramiro González,Everton de Viña del Mar,Cobresal,15353032,2026-04-26,Home,90.0,3,1,2
339891,Diego Oyarzún,Everton de Viña del Mar,Cobresal,15353032,2026-04-26,Home,90.0,3,1,2
862702,Nicolás Baeza,Everton de Viña del Mar,Cobresal,15353032,2026-04-26,Home,72.0,2,1,1
956838,Julián Alfaro,Everton de Viña del Mar,Cobresal,15353032,2026-04-26,Home,64.0,2,1,1
886912,Benjamín Berríos,Everton de Viña del Mar,Cobresal,15353032,2026-04-26,Home,90.0,3,1,2
951270,Joaquín Moya,Everton de Viña del Mar,Cobresal,15353032,2026-04-26,Home,90.0,3,1,2
1020255,Braian Martínez,Everton de Viña del Mar,Cobresal,15353032,2026-04-26,Home,72.0,2,1,1
975053,Alan Medina,Everton de Viña del Mar,Cobresal,15353032,2026-04-26,Home,87.0,3,1,2
129209,Cristian Palacios,Everton de Viña del Mar,Cobresal,15353032,2026-04-26,Home,72.0,2,1,1
1119679,Lucas Soto,Everton de Viña del Mar,Cobresal,15353032,2026-04-26,Home,26.0,1,0,1
947963,Vicente Fernández,Everton de Viña del Mar,Cobresal,15353032,2026-04-26,Home,18.0,1,0,1
1864232,Nicolás Montiel,Everton de Viña del Mar,Cobresal,15353032,2026-04-26,Home,18.0,1,0,1
1199239,Emiliano Ramos,Everton de Viña del Mar,Cobresal,15353032,2026-04-26,Home,18.0,1,0,1
988143,Cristopher Barrera,Everton de Viña del Mar,Cobresal,15353032,2026-04-26,Home,3.0,0,0,0
925598,Jorge Pinos,Cobresal,Everton de Viña del Mar,15353032,2026-04-26,Away,90.0,1,3,-2
818865,Guillermo Pacheco,Cobresal,Everton de Viña del Mar,15353032,2026-04-26,Away,46.0,1,2,-1
986622,José Tiznado,Cobresal,Everton de Viña del Mar,15353032,2026-04-26,Away,90.0,1,3,-2
832663,Christian Moreno,Cobresal,Everton de Viña del Mar,15353032,2026-04-26,Away,90.0,1,3,-2
1014802,Rodrigo Sandoval,Cobresal,Everton de Viña del Mar,15353032,2026-04-26,Away,90.0,1,3,-2
1973053,Benjamín Valenzuela,Cobresal,Everton de Viña del Mar,15353032,2026-04-26,Away,64.0,1,2,-1
1016643,Aaron Astudillo,Cobresal,Everton de Viña del Mar,15353032,2026-04-26,Away,90.0,1,3,-2
1835778,Benjamín Ramírez,Cobresal,Everton de Viña del Mar,15353032,2026-04-26,Away,46.0,1,2,-1
790000,Bryan Carvallo,Cobresal,Everton de Viña del Mar,15353032,2026-04-26,Away,83.0,1,3,-2
974736,Julián Brea,Cobresal,Everton de Viña del Mar,15353032,2026-04-26,Away,90.0,1,3,-2
937101,Steffan Pino,Cobresal,Everton de Viña del Mar,15353032,2026-04-26,Away,90.0,1,3,-2
385990,Juan Fuentes,Cobresal,Everton de Viña del Mar,15353032,2026-04-26,Away,44.0,0,1,-1
1835777,Benjamin Moreno,Cobresal,Everton de Viña del Mar,15353032,2026-04-26,Away,44.0,0,1,-1
962847,Esteban Valencia,Cobresal,Everton de Viña del Mar,15353032,2026-04-26,Away,26.0,0,1,-1
1086986,Franco Frías,Cobresal,Everton de Viña del Mar,15353032,2026-04-26,Away,7.0,0,0,0
47441,Nicola Pérez,Ñublense,O'Higgins,15353033,2026-04-25,Home,90.0,0,2,-2
333405,Felipe Campos,Ñublense,O'Higgins,15353033,2026-04-25,Home,65.0,0,2,-2
819075,Osvaldo Bosso,Ñublense,O'Higgins,15353033,2026-04-25,Home,90.0,0,2,-2
863129,Sebastián Valencia,Ñublense,O'Higgins,15353033,2026-04-25,Home,90.0,0,2,-2
1125913,Diego Sanhueza,Ñublense,O'Higgins,15353033,2026-04-25,Home,46.0,0,2,-2
312376,Lorenzo Reyes,Ñublense,O'Higgins,15353033,2026-04-25,Home,90.0,0,2,-2
986676,Matías Plaza,Ñublense,O'Higgins,15353033,2026-04-25,Home,90.0,0,2,-2
951278,Manuel Rivera,Ñublense,O'Higgins,15353033,2026-04-25,Home,90.0,0,2,-2
1396682,Lucas Molina,Ñublense,O'Higgins,15353033,2026-04-25,Home,46.0,0,2,-2
584418,Gabriel Graciani,Ñublense,O'Higgins,15353033,2026-04-25,Home,75.0,0,2,-2
761426,Ignacio Jeraldino,Ñublense,O'Higgins,15353033,2026-04-25,Home,65.0,0,2,-2
973992,Diego Céspedes,Ñublense,O'Higgins,15353033,2026-04-25,Home,44.0,0,0,0
1118269,Ignacio Tapia,Ñublense,O'Higgins,15353033,2026-04-25,Home,44.0,0,0,0
962130,Fernando Ovelar,Ñublense,O'Higgins,15353033,2026-04-25,Home,25.0,0,0,0
1518443,Franco Rami,Ñublense,O'Higgins,15353033,2026-04-25,Home,25.0,0,0,0
2038473,Joaquín González,Ñublense,O'Higgins,15353033,2026-04-25,Home,15.0,0,0,0
831242,Omar Carabalí,O'Higgins,Ñublense,15353033,2026-04-25,Away,90.0,2,0,2
1482408,Felipe Faúndez,O'Higgins,Ñublense,15353033,2026-04-25,Away,90.0,2,0,2
1002945,Nicolás Garrido,O'Higgins,Ñublense,15353033,2026-04-25,Away,90.0,2,0,2
2038201,José Movillo,O'Higgins,Ñublense,15353033,2026-04-25,Away,90.0,2,0,2
975291,Leandro Díaz,O'Higgins,Ñublense,15353033,2026-04-25,Away,87.0,2,0,2
1177211,Felipe Ogaz,O'Higgins,Ñublense,15353033,2026-04-25,Away,90.0,2,0,2
844183,Juan Leiva,O'Higgins,Ñublense,15353033,2026-04-25,Away,82.0,2,0,2
983528,Francisco González,O'Higgins,Ñublense,15353033,2026-04-25,Away,90.0,2,0,2
1411686,Martín Maturana,O'Higgins,Ñublense,15353033,2026-04-25,Away,71.0,2,0,2
126376,Bryan Rabello,O'Higgins,Ñublense,15353033,2026-04-25,Away,71.0,2,0,2
923802,Thiago Vecino,O'Higgins,Ñublense,15353033,2026-04-25,Away,70.0,2,0,2
849177,Arnaldo Castillo,O'Higgins,Ñublense,15353033,2026-04-25,Away,20.0,0,0,0
1798259,Gabriel Pinto,O'Higgins,Ñublense,15353033,2026-04-25,Away,19.0,0,0,0
985004,Benjamín Rojas,O'Higgins,Ñublense,15353033,2026-04-25,Away,19.0,0,0,0
1485083,Benjamin Schamine,O'Higgins,Ñublense,15353033,2026-04-25,Away,8.0,0,0,0
1482396,Cristian Morales,O'Higgins,Ñublense,15353033,2026-04-25,Away,3.0,0,0,0
789923,Federico Lanzillotta,Deportes La Serena,Huachipato,15353034,2026-04-26,Home,34.0,0,0,0
1002931,Bruno Gutiérrez,Deportes La Serena,Huachipato,15353034,2026-04-26,Home,46.0,0,0,0
906100,Lucas Alarcón,Deportes La Serena,Huachipato,15353034,2026-04-26,Home,90.0,0,0,0
799653,Rafael Delgado,Deportes La Serena,Huachipato,15353034,2026-04-26,Home,90.0,0,0,0
1384819,Yahir Salazar,Deportes La Serena,Huachipato,15353034,2026-04-26,Home,90.0,0,0,0
1089454,Francis Mac Allister,Deportes La Serena,Huachipato,15353034,2026-04-26,Home,90.0,0,0,0
316170,Gonzalo Escalante,Deportes La Serena,Huachipato,15353034,2026-04-26,Home,90.0,0,0,0
582220,Nicolás Stefanelli,Deportes La Serena,Huachipato,15353034,2026-04-26,Home,69.0,0,0,0
1063335,Felipe Chamorro,Deportes La Serena,Huachipato,15353034,2026-04-26,Home,90.0,0,0,0
805095,Jeisson Vargas,Deportes La Serena,Huachipato,15353034,2026-04-26,Home,69.0,0,0,0
147570,Diego Rubio,Deportes La Serena,Huachipato,15353034,2026-04-26,Home,83.0,0,0,0
924505,Eryin Sanhueza,Deportes La Serena,Huachipato,15353034,2026-04-26,Home,56.0,0,0,0
986598,Joaquín Gutiérrez,Deportes La Serena,Huachipato,15353034,2026-04-26,Home,44.0,0,0,0
844271,Sebastián Díaz,Deportes La Serena,Huachipato,15353034,2026-04-26,Home,21.0,0,0,0
872138,Andrés Zanini,Deportes La Serena,Huachipato,15353034,2026-04-26,Home,21.0,0,0,0
165511,Ángelo Henríquez,Deportes La Serena,Huachipato,15353034,2026-04-26,Home,7.0,0,0,0
1482395,Christian Bravo,Huachipato,Deportes La Serena,15353034,2026-04-26,Away,90.0,0,0,0
1117091,Nelson Guillermo Guaiquil,Huachipato,Deportes La Serena,15353034,2026-04-26,Away,87.0,0,0,0
36995,Rafael Caroca,Huachipato,Deportes La Serena,15353034,2026-04-26,Away,90.0,0,0,0
247055,Nicolás Vargas,Huachipato,Deportes La Serena,15353034,2026-04-26,Away,90.0,0,0,0
1482399,Lucas Velásquez,Huachipato,Deportes La Serena,15353034,2026-04-26,Away,62.0,0,0,0
1381958,Santiago Silva,Huachipato,Deportes La Serena,15353034,2026-04-26,Away,90.0,0,0,0
249373,Claudio Sepúlveda,Huachipato,Deportes La Serena,15353034,2026-04-26,Away,83.0,0,0,0
1484208,Juan Figueroa,Huachipato,Deportes La Serena,15353034,2026-04-26,Away,62.0,0,0,0
940483,Maximiliano Rodríguez,Huachipato,Deportes La Serena,15353034,2026-04-26,Away,83.0,0,0,0
851968,Cris Martínez,Huachipato,Deportes La Serena,15353034,2026-04-26,Away,90.0,0,0,0
323439,Lionel Altamirano,Huachipato,Deportes La Serena,15353034,2026-04-26,Away,90.0,0,0,0
988078,Harold Antiñirre,Huachipato,Deportes La Serena,15353034,2026-04-26,Away,28.0,0,0,0
845174,Mario Briceño,Huachipato,Deportes La Serena,15353034,2026-04-26,Away,28.0,0,0,0
1017455,Ezequiel Cañete,Huachipato,Deportes La Serena,15353034,2026-04-26,Away,7.0,0,0,0
1108721,Maicol León,Huachipato,Deportes La Serena,15353034,2026-04-26,Away,7.0,0,0,0
1177673,Kevin Altez,Huachipato,Deportes La Serena,15353034,2026-04-26,Away,3.0,0,0,0
842274,Sebastián Pérez,Palestino,Deportes Concepción,15353035,2026-04-24,Home,90.0,0,1,-1
1797934,Ian Garguez,Palestino,Deportes Concepción,15353035,2026-04-24,Home,61.0,0,1,-1
1464931,Vicente Espinoza,Palestino,Deportes Concepción,15353035,2026-04-24,Home,90.0,0,1,-1
105971,Enzo Roco,Palestino,Deportes Concepción,15353035,2026-04-24,Home,90.0,0,1,-1
1017320,Jason León,Palestino,Deportes Concepción,15353035,2026-04-24,Home,90.0,0,1,-1
1064150,Nicolás Meza,Palestino,Deportes Concepción,15353035,2026-04-24,Home,90.0,0,1,-1
1464930,Martín Araya,Palestino,Deportes Concepción,15353035,2026-04-24,Home,46.0,0,1,-1
1797930,Francisco Montes,Palestino,Deportes Concepción,15353035,2026-04-24,Home,79.0,0,1,-1
116096,Sebastián Gallegos,Palestino,Deportes Concepción,15353035,2026-04-24,Home,61.0,0,1,-1
931341,César Munder,Palestino,Deportes Concepción,15353035,2026-04-24,Home,60.0,0,1,-1
805150,Ronnie Fernández,Palestino,Deportes Concepción,15353035,2026-04-24,Home,90.0,0,1,-1
1386875,Dilan Salgado,Palestino,Deportes Concepción,15353035,2026-04-24,Home,44.0,0,0,0
883928,Nelson Da Silva,Palestino,Deportes Concepción,15353035,2026-04-24,Home,30.0,0,0,0
1125923,Gonzalo Tapia,Palestino,Deportes Concepción,15353035,2026-04-24,Home,29.0,0,0,0
1116992,Antonio Ceza,Palestino,Deportes Concepción,15353035,2026-04-24,Home,29.0,0,0,0
230054,Bryan Carrasco,Palestino,Deportes Concepción,15353035,2026-04-24,Home,11.0,0,0,0
830940,Nicolás Araya,Deportes Concepción,Palestino,15353035,2026-04-24,Away,90.0,1,0,1
312318,Brayan Véjar,Deportes Concepción,Palestino,15353035,2026-04-24,Away,90.0,1,0,1
22973,Cristián Suárez,Deportes Concepción,Palestino,15353035,2026-04-24,Away,90.0,1,0,1
988763,Norman Rodríguez,Deportes Concepción,Palestino,15353035,2026-04-24,Away,66.0,1,0,1
1836788,Dilan Varas,Deportes Concepción,Palestino,15353035,2026-04-24,Away,90.0,1,0,1
177813,Misael Dávila,Deportes Concepción,Palestino,15353035,2026-04-24,Away,90.0,1,0,1
986422,Aldrix Jara,Deportes Concepción,Palestino,15353035,2026-04-24,Away,78.0,1,0,1
819072,Jorge Henríquez,Deportes Concepción,Palestino,15353035,2026-04-24,Away,66.0,1,0,1
28242,Joaquín Larrivey,Deportes Concepción,Palestino,15353035,2026-04-24,Away,78.0,1,0,1
924468,Matías Cavalleri,Deportes Concepción,Palestino,15353035,2026-04-24,Away,61.0,1,0,1
906106,Ignacio Mesías,Deportes Concepción,Palestino,15353035,2026-04-24,Away,90.0,1,0,1
1197454,Yonathan Rodríguez,Deportes Concepción,Palestino,15353035,2026-04-24,Away,29.0,0,0,0
1980392,Javier Rojas,Deportes Concepción,Palestino,15353035,2026-04-24,Away,24.0,0,0,0
2076826,Mateo González Peña,Deportes Concepción,Palestino,15353035,2026-04-24,Away,24.0,0,0,0
1125898,Ángel Gillard,Deportes Concepción,Palestino,15353035,2026-04-24,Away,12.0,0,0,0
790010,Leonardo Valencia,Deportes Concepción,Palestino,15353035,2026-04-24,Away,12.0,0,0,0
831242,Omar Carabalí,O'Higgins,Deportes Concepción,15353074,2026-02-02,Home,90.0,2,0,2
1482408,Felipe Faúndez,O'Higgins,Deportes Concepción,15353074,2026-02-02,Home,88.0,2,0,2
892450,Alan Robledo,O'Higgins,Deportes Concepción,15353074,2026-02-02,Home,90.0,2,0,2
990283,Miguel Brizuela,O'Higgins,Deportes Concepción,15353074,2026-02-02,Home,90.0,2,0,2
339699,Luis Pavez Munoz,O'Higgins,Deportes Concepción,15353074,2026-02-02,Home,90.0,2,0,2
844183,Juan Leiva,O'Higgins,Deportes Concepción,15353074,2026-02-02,Home,75.0,1,0,1
1177211,Felipe Ogaz,O'Higgins,Deportes Concepción,15353074,2026-02-02,Home,90.0,2,0,2
983528,Francisco González,O'Higgins,Deportes Concepción,15353074,2026-02-02,Home,88.0,2,0,2
126376,Bryan Rabello,O'Higgins,Deportes Concepción,15353074,2026-02-02,Home,90.0,2,0,2
789677,Martín Sarrafiore,O'Higgins,Deportes Concepción,15353074,2026-02-02,Home,75.0,1,0,1
849177,Arnaldo Castillo,O'Higgins,Deportes Concepción,15353074,2026-02-02,Home,83.0,1,0,1
942415,Bastián Yáñez,O'Higgins,Deportes Concepción,15353074,2026-02-02,Home,15.0,1,0,1
1485083,Benjamin Schamine,O'Higgins,Deportes Concepción,15353074,2026-02-02,Home,15.0,1,0,1
923802,Thiago Vecino,O'Higgins,Deportes Concepción,15353074,2026-02-02,Home,7.0,1,0,1
2038202,Rodrigo Godoy,O'Higgins,Deportes Concepción,15353074,2026-02-02,Home,2.0,0,0,0
985004,Benjamín Rojas,O'Higgins,Deportes Concepción,15353074,2026-02-02,Home,2.0,0,0,0
158269,César Dutra,Deportes Concepción,O'Higgins,15353074,2026-02-02,Away,90.0,0,2,-2
939938,Ariel Cáceres,Deportes Concepción,O'Higgins,15353074,2026-02-02,Away,66.0,0,1,-1
22973,Cristián Suárez,Deportes Concepción,O'Higgins,15353074,2026-02-02,Away,90.0,0,2,-2
553508,Fausto Grillo,Deportes Concepción,O'Higgins,15353074,2026-02-02,Away,90.0,0,2,-2
1980392,Javier Rojas,Deportes Concepción,O'Higgins,15353074,2026-02-02,Away,90.0,0,2,-2
991004,Mario Sandoval,Deportes Concepción,O'Higgins,15353074,2026-02-02,Away,77.0,0,1,-1
1022801,Mauricio Vera,Deportes Concepción,O'Higgins,15353074,2026-02-02,Away,87.0,0,2,-2
986422,Aldrix Jara,Deportes Concepción,O'Higgins,15353074,2026-02-02,Away,77.0,0,1,-1
790010,Leonardo Valencia,Deportes Concepción,O'Higgins,15353074,2026-02-02,Away,90.0,0,2,-2
986529,Ethan Espinoza,Deportes Concepción,O'Higgins,15353074,2026-02-02,Away,77.0,0,1,-1
28242,Joaquín Larrivey,Deportes Concepción,O'Higgins,15353074,2026-02-02,Away,90.0,0,2,-2
312318,Brayan Véjar,Deportes Concepción,O'Higgins,15353074,2026-02-02,Away,24.0,0,1,-1
1482455,Leenhan Romero,Deportes Concepción,O'Higgins,15353074,2026-02-02,Away,13.0,0,1,-1
589548,Nelson Sepúlveda,Deportes Concepción,O'Higgins,15353074,2026-02-02,Away,13.0,0,1,-1
1125898,Ángel Gillard,Deportes Concepción,O'Higgins,15353074,2026-02-02,Away,13.0,0,1,-1
906106,Ignacio Mesías,Deportes Concepción,O'Higgins,15353074,2026-02-02,Away,3.0,0,0,0
