date,time,season_id,season_name,season_year,comp,round,day,venue,result,gf,ga,opponent,poss,attendance,captain,formation,opp_formation,referee,match_report,notes,team,table_side,xg,xga,big_chances,big_chances_allowed,big_chances_scored,big_chances_scored_allowed,big_chances_missed,big_chances_missed_allowed,corner_kicks,corner_kicks_allowed,fouls,fouls_allowed,passes,passes_allowed,accurate_passes,accurate_passes_allowed,tackles,tackles_allowed,free_kicks,free_kicks_allowed,offsides,offsides_allowed,yellow_cards,yellow_cards_allowed,red_cards,red_cards_allowed,goalkeeper_saves,goalkeeper_saves_allowed,blocked_shots,blocked_shots_allowed,shots_off_target,shots_off_target_allowed,shots_inside_box,shots_inside_box_allowed,shots_outside_box,shots_outside_box_allowed,through_balls,through_balls_allowed,touches_in_box,touches_in_box_allowed,accurate_long_balls,accurate_long_balls_allowed,accurate_crosses,accurate_crosses_allowed,duel_win_pct,duel_win_pct_allowed,dispossessed,dispossessed_allowed,ground_duels_won,ground_duels_won_allowed,aerial_duels_won,aerial_duels_won_allowed,successful_dribbles,successful_dribbles_allowed,interceptions,interceptions_allowed,clearances,clearances_allowed,errors_lead_to_shot,errors_lead_to_shot_allowed,high_claims,high_claims_allowed,goal_kicks,goal_kicks_allowed,pass_accuracy_pct,pass_accuracy_pct_allowed,xg_per_sh,xg_per_sh_allowed,sot_per_sh,sot_per_sh_allowed,goals_minus_xg,goals_minus_xg_allowed,save_pct,save_pct_allowed
2025-08-22,15:30,77333,Bundesliga 25/26,25/26,Bundesliga,Matchweek 1,Fri,Home,W,6.0,0.0,RB Leipzig,63.0,,,,,,https://www.sofascore.com/rb-leipzig-fc-bayern-munchen/xdbskCo,Ended,FC Bayern München,for,1.72,0.54,6.0,0.0,4.0,0.0,2.0,0.0,5.0,5.0,13.0,13.0,656.0,388.0,599.0,319.0,13.0,18.0,13.0,13.0,2.0,0.0,4.0,1.0,0.0,0.0,1.0,3.0,5.0,7.0,4.0,4.0,13.0,7.0,6.0,5.0,5.0,1.0,35.0,27.0,35.0,18.0,2.0,1.0,49.0,51.0,7.0,3.0,40.0,42.0,4.0,3.0,14.0,13.0,10.0,9.0,16.0,22.0,1.0,1.0,0.0,0.0,5.0,7.0,91.3,82.2,0.091,0.045,0.526,0.083,4.28,-0.54,100.0,30.0
2025-08-22,15:30,77333,Bundesliga 25/26,25/26,Bundesliga,Matchweek 1,Fri,Away,L,0.0,6.0,FC Bayern München,37.0,,,,,,https://www.sofascore.com/rb-leipzig-fc-bayern-munchen/xdbskCo,Ended,RB Leipzig,for,0.54,1.72,0.0,6.0,0.0,4.0,0.0,2.0,5.0,5.0,13.0,13.0,388.0,656.0,319.0,599.0,18.0,13.0,13.0,13.0,0.0,2.0,1.0,4.0,0.0,0.0,3.0,1.0,7.0,5.0,4.0,4.0,7.0,13.0,5.0,6.0,1.0,5.0,27.0,35.0,18.0,35.0,1.0,2.0,51.0,49.0,3.0,7.0,42.0,40.0,3.0,4.0,13.0,14.0,9.0,10.0,22.0,16.0,1.0,1.0,0.0,0.0,7.0,5.0,82.2,91.3,0.045,0.091,0.083,0.526,-0.54,4.28,30.0,100.0
2025-08-23,10:30,77333,Bundesliga 25/26,25/26,Bundesliga,Matchweek 1,Sat,Home,L,1.0,2.0,TSG Hoffenheim,60.0,,,,,,https://www.sofascore.com/bayer-04-leverkusen-tsg-hoffenheim/ubbsGdb,Ended,Bayer 04 Leverkusen,for,0.71,0.45,1.0,0.0,1.0,0.0,0.0,0.0,6.0,4.0,9.0,17.0,565.0,387.0,489.0,313.0,7.0,15.0,17.0,9.0,1.0,1.0,0.0,4.0,0.0,0.0,3.0,2.0,2.0,1.0,3.0,4.0,4.0,6.0,3.0,4.0,0.0,0.0,14.0,23.0,21.0,35.0,3.0,6.0,57.0,43.0,5.0,4.0,30.0,27.0,17.0,8.0,7.0,3.0,9.0,10.0,14.0,26.0,0.0,0.0,1.0,1.0,5.0,6.0,86.5,80.9,0.101,0.045,0.286,0.5,0.29,1.55,60.0,100.0
2025-08-23,10:30,77333,Bundesliga 25/26,25/26,Bundesliga,Matchweek 1,Sat,Away,W,2.0,1.0,Bayer 04 Leverkusen,40.0,,,,,,https://www.sofascore.com/bayer-04-leverkusen-tsg-hoffenheim/ubbsGdb,Ended,TSG Hoffenheim,for,0.45,0.71,0.0,1.0,0.0,1.0,0.0,0.0,4.0,6.0,17.0,9.0,387.0,565.0,313.0,489.0,15.0,7.0,9.0,17.0,1.0,1.0,4.0,0.0,0.0,0.0,2.0,3.0,1.0,2.0,4.0,3.0,6.0,4.0,4.0,3.0,0.0,0.0,23.0,14.0,35.0,21.0,6.0,3.0,43.0,57.0,4.0,5.0,27.0,30.0,8.0,17.0,3.0,7.0,10.0,9.0,26.0,14.0,0.0,0.0,1.0,1.0,6.0,5.0,80.9,86.5,0.045,0.101,0.5,0.286,1.55,0.29,100.0,60.0
2025-08-23,10:30,77333,Bundesliga 25/26,25/26,Bundesliga,Matchweek 1,Sat,Home,W,2.0,1.0,VfB Stuttgart,25.0,,,,,,https://www.sofascore.com/vfb-stuttgart-1-fc-union-berlin/XabsCdb,Ended,1. FC Union Berlin,for,0.34,1.73,0.0,4.0,0.0,0.0,0.0,4.0,5.0,11.0,21.0,13.0,198.0,618.0,125.0,547.0,16.0,13.0,13.0,21.0,2.0,1.0,4.0,4.0,0.0,0.0,5.0,0.0,1.0,6.0,5.0,9.0,6.0,14.0,2.0,7.0,0.0,0.0,14.0,34.0,31.0,16.0,5.0,10.0,49.0,51.0,5.0,13.0,33.0,36.0,21.0,21.0,5.0,4.0,7.0,3.0,45.0,28.0,0.0,1.0,5.0,0.0,9.0,5.0,63.1,88.5,0.043,0.082,0.25,0.286,1.66,-0.73,83.3,0.0
2025-08-23,10:30,77333,Bundesliga 25/26,25/26,Bundesliga,Matchweek 1,Sat,Away,L,1.0,2.0,1. FC Union Berlin,75.0,,,,,,https://www.sofascore.com/vfb-stuttgart-1-fc-union-berlin/XabsCdb,Ended,VfB Stuttgart,for,1.73,0.34,4.0,0.0,0.0,0.0,4.0,0.0,11.0,5.0,13.0,21.0,618.0,198.0,547.0,125.0,13.0,16.0,21.0,13.0,1.0,2.0,4.0,4.0,0.0,0.0,0.0,5.0,6.0,1.0,9.0,5.0,14.0,6.0,7.0,2.0,0.0,0.0,34.0,14.0,16.0,31.0,10.0,5.0,51.0,49.0,13.0,5.0,36.0,33.0,21.0,21.0,4.0,5.0,3.0,7.0,28.0,45.0,1.0,0.0,0.0,5.0,5.0,9.0,88.5,63.1,0.082,0.043,0.286,0.25,-0.73,1.66,0.0,83.3
2025-08-23,10:30,77333,Bundesliga 25/26,25/26,Bundesliga,Matchweek 1,Sat,Home,W,4.0,1.0,SV Werder Bremen,53.0,,,,,,https://www.sofascore.com/eintracht-frankfurt-sv-werder-bremen/Jabszdb,Ended,Eintracht Frankfurt,for,2.74,0.53,4.0,1.0,2.0,0.0,2.0,1.0,7.0,1.0,9.0,9.0,467.0,433.0,399.0,350.0,21.0,16.0,9.0,9.0,2.0,3.0,1.0,3.0,0.0,0.0,4.0,1.0,4.0,1.0,9.0,4.0,15.0,4.0,3.0,6.0,0.0,0.0,35.0,23.0,37.0,27.0,8.0,3.0,57.0,43.0,6.0,7.0,42.0,28.0,12.0,13.0,12.0,5.0,15.0,7.0,16.0,32.0,0.0,0.0,0.0,1.0,7.0,13.0,85.4,80.8,0.152,0.053,0.278,0.5,1.26,0.47,80.0,20.0
2025-08-23,10:30,77333,Bundesliga 25/26,25/26,Bundesliga,Matchweek 1,Sat,Away,L,1.0,4.0,Eintracht Frankfurt,47.0,,,,,,https://www.sofascore.com/eintracht-frankfurt-sv-werder-bremen/Jabszdb,Ended,SV Werder Bremen,for,0.53,2.74,1.0,4.0,0.0,2.0,1.0,2.0,1.0,7.0,9.0,9.0,433.0,467.0,350.0,399.0,16.0,21.0,9.0,9.0,3.0,2.0,3.0,1.0,0.0,0.0,1.0,4.0,1.0,4.0,4.0,9.0,4.0,15.0,6.0,3.0,0.0,0.0,23.0,35.0,27.0,37.0,3.0,8.0,43.0,57.0,7.0,6.0,28.0,42.0,13.0,12.0,5.0,12.0,7.0,15.0,32.0,16.0,0.0,0.0,1.0,0.0,13.0,7.0,80.8,85.4,0.053,0.152,0.5,0.278,0.47,1.26,20.0,80.0
2025-08-23,10:30,77333,Bundesliga 25/26,25/26,Bundesliga,Matchweek 1,Sat,Home,L,1.0,3.0,FC Augsburg,60.0,,,,,,https://www.sofascore.com/fc-augsburg-sc-freiburg/Nabsacb,Ended,SC Freiburg,for,2.6,1.34,3.0,1.0,1.0,1.0,2.0,0.0,5.0,5.0,14.0,18.0,458.0,299.0,373.0,215.0,13.0,15.0,17.0,14.0,4.0,3.0,4.0,5.0,0.0,0.0,2.0,3.0,6.0,6.0,6.0,3.0,12.0,9.0,4.0,5.0,1.0,0.0,31.0,19.0,28.0,17.0,4.0,4.0,57.0,43.0,9.0,6.0,35.0,30.0,27.0,16.0,7.0,2.0,13.0,12.0,31.0,49.0,3.0,1.0,0.0,2.0,3.0,10.0,81.4,71.9,0.163,0.096,0.25,0.357,-1.6,1.66,40.0,75.0
2025-08-23,10:30,77333,Bundesliga 25/26,25/26,Bundesliga,Matchweek 1,Sat,Away,W,3.0,1.0,SC Freiburg,40.0,,,,,,https://www.sofascore.com/fc-augsburg-sc-freiburg/Nabsacb,Ended,FC Augsburg,for,1.34,2.6,1.0,3.0,1.0,1.0,0.0,2.0,5.0,5.0,18.0,14.0,299.0,458.0,215.0,373.0,15.0,13.0,14.0,17.0,3.0,4.0,5.0,4.0,0.0,0.0,3.0,2.0,6.0,6.0,3.0,6.0,9.0,12.0,5.0,4.0,0.0,1.0,19.0,31.0,17.0,28.0,4.0,4.0,43.0,57.0,6.0,9.0,30.0,35.0,16.0,27.0,2.0,7.0,12.0,13.0,49.0,31.0,1.0,3.0,2.0,0.0,10.0,3.0,71.9,81.4,0.096,0.163,0.357,0.25,1.66,-1.6,75.0,40.0
2025-08-23,10:30,77333,Bundesliga 25/26,25/26,Bundesliga,Matchweek 1,Sat,Home,L,1.0,3.0,VfL Wolfsburg,49.0,,,,,,https://www.sofascore.com/1-fc-heidenheim-vfl-wolfsburg/zabsKrc,Ended,1. FC Heidenheim,for,0.72,2.45,1.0,4.0,0.0,2.0,1.0,2.0,2.0,5.0,12.0,12.0,392.0,409.0,324.0,329.0,12.0,11.0,12.0,11.0,2.0,0.0,2.0,3.0,0.0,0.0,2.0,1.0,1.0,1.0,4.0,9.0,2.0,6.0,5.0,9.0,0.0,0.0,11.0,20.0,15.0,26.0,3.0,4.0,47.0,53.0,5.0,4.0,29.0,29.0,12.0,18.0,6.0,6.0,7.0,11.0,22.0,19.0,3.0,1.0,3.0,0.0,11.0,7.0,82.7,80.4,0.103,0.163,0.286,0.333,0.28,0.55,40.0,50.0
2025-08-23,10:30,77333,Bundesliga 25/26,25/26,Bundesliga,Matchweek 1,Sat,Away,W,3.0,1.0,1. FC Heidenheim,51.0,,,,,,https://www.sofascore.com/1-fc-heidenheim-vfl-wolfsburg/zabsKrc,Ended,VfL Wolfsburg,for,2.45,0.72,4.0,1.0,2.0,0.0,2.0,1.0,5.0,2.0,12.0,12.0,409.0,392.0,329.0,324.0,11.0,12.0,11.0,12.0,0.0,2.0,3.0,2.0,0.0,0.0,1.0,2.0,1.0,1.0,9.0,4.0,6.0,2.0,9.0,5.0,0.0,0.0,20.0,11.0,26.0,15.0,4.0,3.0,53.0,47.0,4.0,5.0,29.0,29.0,18.0,12.0,6.0,6.0,11.0,7.0,19.0,22.0,1.0,3.0,0.0,3.0,7.0,11.0,80.4,82.7,0.163,0.103,0.333,0.286,0.55,0.28,50.0,40.0
2025-08-23,13:30,77333,Bundesliga 25/26,25/26,Bundesliga,Matchweek 1,Sat,Home,D,3.0,3.0,Borussia Dortmund,51.0,,,,,,https://www.sofascore.com/borussia-dortmund-fc-st-pauli/Babsydb,Ended,FC St. Pauli,for,1.29,1.56,2.0,4.0,1.0,2.0,1.0,2.0,5.0,2.0,13.0,12.0,484.0,481.0,397.0,413.0,20.0,10.0,11.0,12.0,4.0,3.0,2.0,3.0,0.0,1.0,4.0,4.0,1.0,0.0,3.0,1.0,8.0,7.0,3.0,1.0,1.0,2.0,27.0,19.0,25.0,20.0,6.0,5.0,51.0,49.0,6.0,9.0,39.0,26.0,6.0,18.0,7.0,3.0,7.0,8.0,13.0,45.0,1.0,1.0,0.0,1.0,4.0,5.0,82.0,85.9,0.117,0.195,0.636,0.875,1.71,1.44,57.1,57.1
2025-08-23,13:30,77333,Bundesliga 25/26,25/26,Bundesliga,Matchweek 1,Sat,Away,D,3.0,3.0,FC St. Pauli,49.0,,,,,,https://www.sofascore.com/borussia-dortmund-fc-st-pauli/Babsydb,Ended,Borussia Dortmund,for,1.56,1.29,4.0,2.0,2.0,1.0,2.0,1.0,2.0,5.0,12.0,13.0,481.0,484.0,413.0,397.0,10.0,20.0,12.0,11.0,3.0,4.0,3.0,2.0,1.0,0.0,4.0,4.0,0.0,1.0,1.0,3.0,7.0,8.0,1.0,3.0,2.0,1.0,19.0,27.0,20.0,25.0,5.0,6.0,49.0,51.0,9.0,6.0,26.0,39.0,18.0,6.0,3.0,7.0,8.0,7.0,45.0,13.0,1.0,1.0,1.0,0.0,5.0,4.0,85.9,82.0,0.195,0.117,0.875,0.636,1.44,1.71,57.1,57.1
2025-08-24,10:30,77333,Bundesliga 25/26,25/26,Bundesliga,Matchweek 1,Sun,Home,L,0.0,1.0,1. FC Köln,51.0,,,,,,https://www.sofascore.com/1-fc-koln-1-fsv-mainz-05/gbbswdb,Ended,1. FSV Mainz 05,for,1.52,1.36,1.0,3.0,0.0,1.0,1.0,2.0,8.0,3.0,7.0,9.0,389.0,401.0,302.0,323.0,10.0,10.0,9.0,7.0,5.0,0.0,0.0,2.0,1.0,0.0,1.0,2.0,12.0,2.0,5.0,8.0,14.0,8.0,5.0,4.0,0.0,0.0,44.0,21.0,37.0,27.0,13.0,4.0,59.0,41.0,5.0,6.0,23.0,21.0,37.0,21.0,4.0,4.0,3.0,4.0,23.0,68.0,0.0,0.0,1.0,0.0,9.0,13.0,77.6,80.5,0.08,0.113,0.105,0.167,-1.52,-0.36,50.0,100.0
2025-08-24,10:30,77333,Bundesliga 25/26,25/26,Bundesliga,Matchweek 1,Sun,Away,W,1.0,0.0,1. FSV Mainz 05,49.0,,,,,,https://www.sofascore.com/1-fc-koln-1-fsv-mainz-05/gbbswdb,Ended,1. FC Köln,for,1.36,1.52,3.0,1.0,1.0,0.0,2.0,1.0,3.0,8.0,9.0,7.0,401.0,389.0,323.0,302.0,10.0,10.0,7.0,9.0,0.0,5.0,2.0,0.0,0.0,1.0,2.0,1.0,2.0,12.0,8.0,5.0,8.0,14.0,4.0,5.0,0.0,0.0,21.0,44.0,27.0,37.0,4.0,13.0,41.0,59.0,6.0,5.0,21.0,23.0,21.0,37.0,4.0,4.0,4.0,3.0,68.0,23.0,0.0,0.0,0.0,1.0,13.0,9.0,80.5,77.6,0.113,0.08,0.167,0.105,-0.36,-1.52,100.0,50.0
2025-08-24,12:30,77333,Bundesliga 25/26,25/26,Bundesliga,Matchweek 1,Sun,Home,D,0.0,0.0,Hamburger SV,61.0,,,,,,https://www.sofascore.com/hamburger-sv-borussia-mgladbach/CabsBdb,Ended,Borussia M'gladbach,for,1.1,0.41,2.0,0.0,0.0,0.0,2.0,0.0,7.0,6.0,10.0,10.0,549.0,350.0,484.0,282.0,15.0,13.0,10.0,10.0,1.0,4.0,2.0,1.0,0.0,0.0,1.0,4.0,4.0,2.0,9.0,3.0,9.0,2.0,8.0,5.0,1.0,0.0,19.0,18.0,7.0,19.0,6.0,2.0,49.0,51.0,8.0,10.0,31.0,28.0,16.0,21.0,6.0,7.0,8.0,4.0,19.0,41.0,0.0,1.0,0.0,0.0,6.0,10.0,88.2,80.6,0.065,0.059,0.235,0.286,-1.1,-0.41,50.0,100.0
2025-08-24,12:30,77333,Bundesliga 25/26,25/26,Bundesliga,Matchweek 1,Sun,Away,D,0.0,0.0,Borussia M'gladbach,39.0,,,,,,https://www.sofascore.com/hamburger-sv-borussia-mgladbach/CabsBdb,Ended,Hamburger SV,for,0.41,1.1,0.0,2.0,0.0,0.0,0.0,2.0,6.0,7.0,10.0,10.0,350.0,549.0,282.0,484.0,13.0,15.0,10.0,10.0,4.0,1.0,1.0,2.0,0.0,0.0,4.0,1.0,2.0,4.0,3.0,9.0,2.0,9.0,5.0,8.0,0.0,1.0,18.0,19.0,19.0,7.0,2.0,6.0,51.0,49.0,10.0,8.0,28.0,31.0,21.0,16.0,7.0,6.0,4.0,8.0,41.0,19.0,1.0,0.0,0.0,0.0,10.0,6.0,80.6,88.2,0.059,0.065,0.286,0.235,-0.41,-1.1,100.0,50.0
2025-08-29,15:30,77333,Bundesliga 25/26,25/26,Bundesliga,Matchweek 2,Fri,Home,L,0.0,2.0,FC St. Pauli,48.0,,,,,,https://www.sofascore.com/hamburger-sv-fc-st-pauli/BabsBdb,Ended,Hamburger SV,for,0.35,1.44,1.0,2.0,0.0,1.0,1.0,1.0,2.0,5.0,13.0,19.0,445.0,481.0,367.0,390.0,14.0,26.0,19.0,13.0,1.0,2.0,3.0,3.0,1.0,0.0,4.0,2.0,1.0,6.0,2.0,5.0,2.0,11.0,3.0,6.0,2.0,2.0,11.0,24.0,24.0,27.0,2.0,2.0,53.0,47.0,14.0,5.0,39.0,44.0,20.0,8.0,8.0,6.0,9.0,7.0,34.0,24.0,0.0,0.0,0.0,2.0,9.0,5.0,82.5,81.1,0.07,0.085,0.4,0.353,-0.35,0.56,66.7,100.0
2025-08-29,15:30,77333,Bundesliga 25/26,25/26,Bundesliga,Matchweek 2,Fri,Away,W,2.0,0.0,Hamburger SV,52.0,,,,,,https://www.sofascore.com/hamburger-sv-fc-st-pauli/BabsBdb,Ended,FC St. Pauli,for,1.44,0.35,2.0,1.0,1.0,0.0,1.0,1.0,5.0,2.0,19.0,13.0,481.0,445.0,390.0,367.0,26.0,14.0,13.0,19.0,2.0,1.0,3.0,3.0,0.0,1.0,2.0,4.0,6.0,1.0,5.0,2.0,11.0,2.0,6.0,3.0,2.0,2.0,24.0,11.0,27.0,24.0,2.0,2.0,47.0,53.0,5.0,14.0,44.0,39.0,8.0,20.0,6.0,8.0,7.0,9.0,24.0,34.0,0.0,0.0,2.0,0.0,5.0,9.0,81.1,82.5,0.085,0.07,0.353,0.4,0.56,-0.35,100.0,66.7
2025-08-30,10:30,77333,Bundesliga 25/26,25/26,Bundesliga,Matchweek 2,Sat,Home,D,3.0,3.0,Bayer 04 Leverkusen,45.0,,,,,,https://www.sofascore.com/bayer-04-leverkusen-sv-werder-bremen/JabsGdb,Ended,SV Werder Bremen,for,2.59,2.1,5.0,4.0,3.0,3.0,2.0,1.0,3.0,7.0,11.0,10.0,458.0,575.0,386.0,510.0,17.0,12.0,9.0,10.0,1.0,1.0,4.0,3.0,1.0,0.0,1.0,2.0,0.0,3.0,7.0,3.0,8.0,7.0,4.0,3.0,0.0,0.0,23.0,20.0,17.0,31.0,4.0,2.0,52.0,48.0,8.0,7.0,32.0,32.0,12.0,8.0,5.0,9.0,5.0,7.0,24.0,19.0,1.0,1.0,2.0,0.0,3.0,9.0,84.3,88.7,0.216,0.21,0.417,0.4,0.41,0.9,25.0,40.0
2025-08-30,10:30,77333,Bundesliga 25/26,25/26,Bundesliga,Matchweek 2,Sat,Away,D,3.0,3.0,SV Werder Bremen,55.0,,,,,,https://www.sofascore.com/bayer-04-leverkusen-sv-werder-bremen/JabsGdb,Ended,Bayer 04 Leverkusen,for,2.1,2.59,4.0,5.0,3.0,3.0,1.0,2.0,7.0,3.0,10.0,11.0,575.0,458.0,510.0,386.0,12.0,17.0,10.0,9.0,1.0,1.0,3.0,4.0,0.0,1.0,2.0,1.0,3.0,0.0,3.0,7.0,7.0,8.0,3.0,4.0,0.0,0.0,20.0,23.0,31.0,17.0,2.0,4.0,48.0,52.0,7.0,8.0,32.0,32.0,8.0,12.0,9.0,5.0,7.0,5.0,19.0,24.0,1.0,1.0,0.0,2.0,9.0,3.0,88.7,84.3,0.21,0.216,0.4,0.417,0.9,0.41,40.0,25.0
2025-08-30,10:30,77333,Bundesliga 25/26,25/26,Bundesliga,Matchweek 2,Sat,Home,W,2.0,0.0,1. FC Heidenheim,66.0,,,,,,https://www.sofascore.com/rb-leipzig-1-fc-heidenheim/KrcskCo,Ended,RB Leipzig,for,2.23,1.02,5.0,2.0,1.0,0.0,4.0,2.0,4.0,3.0,7.0,13.0,539.0,271.0,470.0,194.0,11.0,16.0,13.0,7.0,1.0,2.0,2.0,5.0,0.0,0.0,4.0,4.0,4.0,1.0,10.0,1.0,16.0,5.0,3.0,0.0,1.0,1.0,36.0,12.0,14.0,17.0,6.0,2.0,63.0,37.0,6.0,5.0,43.0,27.0,19.0,9.0,19.0,4.0,8.0,7.0,25.0,20.0,0.0,1.0,1.0,1.0,5.0,17.0,87.2,71.6,0.117,0.204,0.263,0.6,-0.23,-1.02,133.3,80.0
2025-08-30,10:30,77333,Bundesliga 25/26,25/26,Bundesliga,Matchweek 2,Sat,Away,L,0.0,2.0,RB Leipzig,34.0,,,,,,https://www.sofascore.com/rb-leipzig-1-fc-heidenheim/KrcskCo,Ended,1. FC Heidenheim,for,1.02,2.23,2.0,5.0,0.0,1.0,2.0,4.0,3.0,4.0,13.0,7.0,271.0,539.0,194.0,470.0,16.0,11.0,7.0,13.0,2.0,1.0,5.0,2.0,0.0,0.0,4.0,4.0,1.0,4.0,1.0,10.0,5.0,16.0,0.0,3.0,1.0,1.0,12.0,36.0,17.0,14.0,2.0,6.0,37.0,63.0,5.0,6.0,27.0,43.0,9.0,19.0,4.0,19.0,7.0,8.0,20.0,25.0,1.0,0.0,1.0,1.0,17.0,5.0,71.6,87.2,0.204,0.117,0.6,0.263,-1.02,-0.23,80.0,133.3
2025-08-30,10:30,77333,Bundesliga 25/26,25/26,Bundesliga,Matchweek 2,Sat,Home,L,1.0,3.0,Eintracht Frankfurt,58.0,,,,,,https://www.sofascore.com/eintracht-frankfurt-tsg-hoffenheim/ubbszdb,Ended,TSG Hoffenheim,for,1.37,1.56,2.0,4.0,0.0,2.0,2.0,2.0,4.0,5.0,14.0,10.0,473.0,341.0,393.0,260.0,16.0,15.0,10.0,14.0,3.0,1.0,2.0,3.0,0.0,0.0,3.0,4.0,2.0,2.0,10.0,1.0,11.0,5.0,6.0,4.0,0.0,2.0,28.0,16.0,24.0,27.0,10.0,1.0,51.0,49.0,6.0,12.0,33.0,35.0,12.0,8.0,8.0,8.0,5.0,9.0,25.0,37.0,0.0,0.0,1.0,1.0,6.0,13.0,83.1,76.2,0.081,0.173,0.294,0.667,-0.37,1.44,50.0,80.0
2025-08-30,10:30,77333,Bundesliga 25/26,25/26,Bundesliga,Matchweek 2,Sat,Away,W,3.0,1.0,TSG Hoffenheim,42.0,,,,,,https://www.sofascore.com/eintracht-frankfurt-tsg-hoffenheim/ubbszdb,Ended,Eintracht Frankfurt,for,1.56,1.37,4.0,2.0,2.0,0.0,2.0,2.0,5.0,4.0,10.0,14.0,341.0,473.0,260.0,393.0,15.0,16.0,14.0,10.0,1.0,3.0,3.0,2.0,0.0,0.0,4.0,3.0,2.0,2.0,1.0,10.0,5.0,11.0,4.0,6.0,2.0,0.0,16.0,28.0,27.0,24.0,1.0,10.0,49.0,51.0,12.0,6.0,35.0,33.0,8.0,12.0,8.0,8.0,9.0,5.0,37.0,25.0,0.0,0.0,1.0,1.0,13.0,6.0,76.2,83.1,0.173,0.081,0.667,0.294,1.44,-0.37,80.0,50.0
2025-08-30,10:30,77333,Bundesliga 25/26,25/26,Bundesliga,Matchweek 2,Sat,Home,W,1.0,0.0,Borussia M'gladbach,51.0,,,,,,https://www.sofascore.com/vfb-stuttgart-borussia-mgladbach/CabsCdb,Ended,VfB Stuttgart,for,0.84,1.82,0.0,2.0,0.0,0.0,0.0,2.0,6.0,10.0,5.0,13.0,496.0,460.0,438.0,391.0,14.0,20.0,13.0,5.0,2.0,4.0,2.0,1.0,0.0,0.0,6.0,4.0,5.0,2.0,3.0,7.0,9.0,14.0,4.0,1.0,1.0,0.0,27.0,33.0,19.0,23.0,5.0,5.0,49.0,51.0,13.0,8.0,32.0,28.0,8.0,14.0,5.0,3.0,8.0,9.0,23.0,25.0,0.0,0.0,4.0,1.0,7.0,7.0,88.3,85.0,0.065,0.121,0.385,0.4,0.16,-1.82,100.0,80.0
2025-08-30,10:30,77333,Bundesliga 25/26,25/26,Bundesliga,Matchweek 2,Sat,Away,L,0.0,1.0,VfB Stuttgart,49.0,,,,,,https://www.sofascore.com/vfb-stuttgart-borussia-mgladbach/CabsCdb,Ended,Borussia M'gladbach,for,1.82,0.84,2.0,0.0,0.0,0.0,2.0,0.0,10.0,6.0,13.0,5.0,460.0,496.0,391.0,438.0,20.0,14.0,5.0,13.0,4.0,2.0,1.0,2.0,0.0,0.0,4.0,6.0,2.0,5.0,7.0,3.0,14.0,9.0,1.0,4.0,0.0,1.0,33.0,27.0,23.0,19.0,5.0,5.0,51.0,49.0,8.0,13.0,28.0,32.0,14.0,8.0,3.0,5.0,9.0,8.0,25.0,23.0,0.0,0.0,1.0,4.0,7.0,7.0,85.0,88.3,0.121,0.065,0.4,0.385,-1.82,0.16,80.0,100.0
2025-08-30,13:30,77333,Bundesliga 25/26,25/26,Bundesliga,Matchweek 2,Sat,Home,L,2.0,3.0,FC Bayern München,42.0,,,,,,https://www.sofascore.com/fc-bayern-munchen-fc-augsburg/acbsxdb,Ended,FC Augsburg,for,0.51,4.24,0.0,9.0,0.0,3.0,0.0,6.0,7.0,5.0,14.0,11.0,371.0,518.0,292.0,437.0,21.0,14.0,11.0,14.0,4.0,3.0,3.0,4.0,0.0,0.0,7.0,1.0,1.0,5.0,6.0,5.0,7.0,16.0,3.0,4.0,0.0,6.0,21.0,37.0,17.0,30.0,4.0,3.0,53.0,47.0,7.0,9.0,36.0,37.0,15.0,8.0,6.0,11.0,11.0,10.0,31.0,24.0,2.0,0.0,0.0,0.0,7.0,5.0,78.7,84.4,0.051,0.212,0.3,0.5,1.49,-1.24,70.0,33.3
2025-08-30,13:30,77333,Bundesliga 25/26,25/26,Bundesliga,Matchweek 2,Sat,Away,W,3.0,2.0,FC Augsburg,58.0,,,,,,https://www.sofascore.com/fc-bayern-munchen-fc-augsburg/acbsxdb,Ended,FC Bayern München,for,4.24,0.51,9.0,0.0,3.0,0.0,6.0,0.0,5.0,7.0,11.0,14.0,518.0,371.0,437.0,292.0,14.0,21.0,14.0,11.0,3.0,4.0,4.0,3.0,0.0,0.0,1.0,7.0,5.0,1.0,5.0,6.0,16.0,7.0,4.0,3.0,6.0,0.0,37.0,21.0,30.0,17.0,3.0,4.0,47.0,53.0,9.0,7.0,37.0,36.0,8.0,15.0,11.0,6.0,10.0,11.0,24.0,31.0,0.0,2.0,0.0,0.0,5.0,7.0,84.4,78.7,0.212,0.051,0.5,0.3,-1.24,1.49,33.3,70.0
2025-08-31,10:30,77333,Bundesliga 25/26,25/26,Bundesliga,Matchweek 2,Sun,Home,D,1.0,1.0,1. FSV Mainz 05,40.0,,,,,,https://www.sofascore.com/1-fsv-mainz-05-vfl-wolfsburg/zabsgbb,Ended,VfL Wolfsburg,for,0.62,1.95,0.0,4.0,0.0,1.0,0.0,3.0,3.0,10.0,15.0,14.0,310.0,458.0,224.0,384.0,13.0,13.0,14.0,14.0,0.0,0.0,3.0,5.0,1.0,0.0,2.0,2.0,3.0,6.0,5.0,8.0,7.0,14.0,4.0,3.0,0.0,1.0,12.0,41.0,23.0,29.0,1.0,10.0,50.0,50.0,7.0,9.0,30.0,29.0,23.0,25.0,3.0,3.0,12.0,13.0,54.0,22.0,0.0,0.0,4.0,2.0,9.0,6.0,72.3,83.8,0.056,0.115,0.273,0.176,0.38,-0.95,66.7,66.7
2025-08-31,10:30,77333,Bundesliga 25/26,25/26,Bundesliga,Matchweek 2,Sun,Away,D,1.0,1.0,VfL Wolfsburg,60.0,,,,,,https://www.sofascore.com/1-fsv-mainz-05-vfl-wolfsburg/zabsgbb,Ended,1. FSV Mainz 05,for,1.95,0.62,4.0,0.0,1.0,0.0,3.0,0.0,10.0,3.0,14.0,15.0,458.0,310.0,384.0,224.0,13.0,13.0,14.0,14.0,0.0,0.0,5.0,3.0,0.0,1.0,2.0,2.0,6.0,3.0,8.0,5.0,14.0,7.0,3.0,4.0,1.0,0.0,41.0,12.0,29.0,23.0,10.0,1.0,50.0,50.0,9.0,7.0,29.0,30.0,25.0,23.0,3.0,3.0,13.0,12.0,22.0,54.0,0.0,0.0,2.0,4.0,6.0,9.0,83.8,72.3,0.115,0.056,0.176,0.273,-0.95,0.38,66.7,66.7
2025-08-31,12:30,77333,Bundesliga 25/26,25/26,Bundesliga,Matchweek 2,Sun,Home,W,3.0,0.0,1. FC Union Berlin,65.0,,,,,,https://www.sofascore.com/borussia-dortmund-1-fc-union-berlin/Xabsydb,Ended,Borussia Dortmund,for,2.51,1.14,4.0,2.0,2.0,0.0,2.0,2.0,4.0,6.0,14.0,7.0,711.0,363.0,642.0,291.0,10.0,12.0,7.0,14.0,1.0,1.0,0.0,0.0,0.0,0.0,3.0,3.0,3.0,3.0,2.0,6.0,9.0,8.0,2.0,4.0,2.0,0.0,21.0,14.0,27.0,26.0,3.0,7.0,49.0,51.0,4.0,5.0,25.0,27.0,12.0,12.0,8.0,2.0,4.0,10.0,32.0,20.0,1.0,1.0,0.0,1.0,8.0,8.0,90.3,80.2,0.228,0.095,0.545,0.25,0.49,-1.14,100.0,50.0
2025-08-31,12:30,77333,Bundesliga 25/26,25/26,Bundesliga,Matchweek 2,Sun,Away,L,0.0,3.0,Borussia Dortmund,35.0,,,,,,https://www.sofascore.com/borussia-dortmund-1-fc-union-berlin/Xabsydb,Ended,1. FC Union Berlin,for,1.14,2.51,2.0,4.0,0.0,2.0,2.0,2.0,6.0,4.0,7.0,14.0,363.0,711.0,291.0,642.0,12.0,10.0,14.0,7.0,1.0,1.0,0.0,0.0,0.0,0.0,3.0,3.0,3.0,3.0,6.0,2.0,8.0,9.0,4.0,2.0,0.0,2.0,14.0,21.0,26.0,27.0,7.0,3.0,51.0,49.0,5.0,4.0,27.0,25.0,12.0,12.0,2.0,8.0,10.0,4.0,20.0,32.0,1.0,1.0,1.0,0.0,8.0,8.0,80.2,90.3,0.095,0.228,0.25,0.545,-1.14,0.49,50.0,100.0
2025-08-31,14:30,77333,Bundesliga 25/26,25/26,Bundesliga,Matchweek 2,Sun,Home,W,4.0,1.0,SC Freiburg,39.0,,,,,,https://www.sofascore.com/1-fc-koln-sc-freiburg/Nabswdb,Ended,1. FC Köln,for,2.11,0.91,4.0,1.0,2.0,1.0,2.0,0.0,3.0,5.0,12.0,9.0,353.0,554.0,278.0,473.0,9.0,8.0,9.0,12.0,1.0,2.0,2.0,1.0,0.0,0.0,1.0,2.0,5.0,2.0,7.0,8.0,12.0,8.0,6.0,4.0,0.0,1.0,25.0,26.0,20.0,32.0,9.0,6.0,45.0,55.0,6.0,7.0,17.0,24.0,20.0,22.0,2.0,4.0,5.0,4.0,48.0,17.0,0.0,1.0,0.0,0.0,9.0,7.0,78.8,85.4,0.117,0.076,0.333,0.167,1.89,0.09,50.0,33.3
2025-08-31,14:30,77333,Bundesliga 25/26,25/26,Bundesliga,Matchweek 2,Sun,Away,L,1.0,4.0,1. FC Köln,61.0,,,,,,https://www.sofascore.com/1-fc-koln-sc-freiburg/Nabswdb,Ended,SC Freiburg,for,0.91,2.11,1.0,4.0,1.0,2.0,0.0,2.0,5.0,3.0,9.0,12.0,554.0,353.0,473.0,278.0,8.0,9.0,12.0,9.0,2.0,1.0,1.0,2.0,0.0,0.0,2.0,1.0,2.0,5.0,8.0,7.0,8.0,12.0,4.0,6.0,1.0,0.0,26.0,25.0,32.0,20.0,6.0,9.0,55.0,45.0,7.0,6.0,24.0,17.0,22.0,20.0,4.0,2.0,4.0,5.0,17.0,48.0,1.0,0.0,0.0,0.0,7.0,9.0,85.4,78.8,0.076,0.117,0.167,0.333,0.09,1.89,33.3,50.0
2025-09-12,15:30,77333,Bundesliga 25/26,25/26,Bundesliga,Matchweek 3,Fri,Home,W,3.0,1.0,Eintracht Frankfurt,39.0,,,,,,https://www.sofascore.com/bayer-04-leverkusen-eintracht-frankfurt/zdbsGdb,Ended,Bayer 04 Leverkusen,for,2.11,0.65,5.0,1.0,1.0,0.0,4.0,1.0,4.0,8.0,10.0,9.0,313.0,477.0,243.0,412.0,25.0,13.0,8.0,10.0,3.0,0.0,5.0,3.0,2.0,0.0,1.0,4.0,1.0,2.0,9.0,9.0,11.0,7.0,7.0,6.0,1.0,0.0,20.0,22.0,21.0,15.0,3.0,9.0,65.0,35.0,5.0,9.0,41.0,28.0,27.0,9.0,8.0,5.0,4.0,3.0,28.0,18.0,0.0,2.0,0.0,0.0,16.0,13.0,77.6,86.4,0.117,0.05,0.444,0.154,0.89,0.35,50.0,50.0
2025-09-12,15:30,77333,Bundesliga 25/26,25/26,Bundesliga,Matchweek 3,Fri,Away,L,1.0,3.0,Bayer 04 Leverkusen,61.0,,,,,,https://www.sofascore.com/bayer-04-leverkusen-eintracht-frankfurt/zdbsGdb,Ended,Eintracht Frankfurt,for,0.65,2.11,1.0,5.0,0.0,1.0,1.0,4.0,8.0,4.0,9.0,10.0,477.0,313.0,412.0,243.0,13.0,25.0,10.0,8.0,0.0,3.0,3.0,5.0,0.0,2.0,4.0,1.0,2.0,1.0,9.0,9.0,7.0,11.0,6.0,7.0,0.0,1.0,22.0,20.0,15.0,21.0,9.0,3.0,35.0,65.0,9.0,5.0,28.0,41.0,9.0,27.0,5.0,8.0,3.0,4.0,18.0,28.0,2.0,0.0,0.0,0.0,13.0,16.0,86.4,77.6,0.05,0.117,0.154,0.444,0.35,0.89,50.0,50.0
2025-09-13,10:30,77333,Bundesliga 25/26,25/26,Bundesliga,Matchweek 3,Sat,Home,L,0.0,2.0,Borussia Dortmund,25.0,,,,,,https://www.sofascore.com/1-fc-heidenheim-borussia-dortmund/ydbsKrc,Ended,1. FC Heidenheim,for,0.4,2.76,1.0,3.0,0.0,2.0,1.0,1.0,5.0,4.0,5.0,9.0,253.0,786.0,175.0,712.0,11.0,9.0,9.0,5.0,2.0,2.0,2.0,3.0,1.0,0.0,6.0,1.0,1.0,3.0,4.0,6.0,3.0,15.0,3.0,2.0,0.0,1.0,9.0,42.0,26.0,18.0,3.0,4.0,47.0,53.0,4.0,5.0,26.0,27.0,6.0,9.0,6.0,14.0,19.0,7.0,35.0,11.0,1.0,1.0,2.0,0.0,11.0,4.0,69.2,90.6,0.067,0.162,0.167,0.471,-0.4,-0.76,75.0,100.0
2025-09-13,10:30,77333,Bundesliga 25/26,25/26,Bundesliga,Matchweek 3,Sat,Away,W,2.0,0.0,1. FC Heidenheim,75.0,,,,,,https://www.sofascore.com/1-fc-heidenheim-borussia-dortmund/ydbsKrc,Ended,Borussia Dortmund,for,2.76,0.4,3.0,1.0,2.0,0.0,1.0,1.0,4.0,5.0,9.0,5.0,786.0,253.0,712.0,175.0,9.0,11.0,5.0,9.0,2.0,2.0,3.0,2.0,0.0,1.0,1.0,6.0,3.0,1.0,6.0,4.0,15.0,3.0,2.0,3.0,1.0,0.0,42.0,9.0,18.0,26.0,4.0,3.0,53.0,47.0,5.0,4.0,27.0,26.0,9.0,6.0,14.0,6.0,7.0,19.0,11.0,35.0,1.0,1.0,0.0,2.0,4.0,11.0,90.6,69.2,0.162,0.067,0.471,0.167,-0.76,-0.4,100.0,75.0
2025-09-13,10:30,77333,Bundesliga 25/26,25/26,Bundesliga,Matchweek 3,Sat,Home,L,0.0,1.0,RB Leipzig,56.0,,,,,,https://www.sofascore.com/rb-leipzig-1-fsv-mainz-05/gbbskCo,Ended,1. FSV Mainz 05,for,0.9,1.79,0.0,2.0,0.0,0.0,0.0,2.0,3.0,5.0,12.0,11.0,451.0,361.0,335.0,259.0,14.0,16.0,11.0,12.0,4.0,1.0,1.0,0.0,0.0,0.0,2.0,2.0,4.0,6.0,7.0,10.0,10.0,11.0,3.0,8.0,0.0,3.0,36.0,23.0,34.0,20.0,1.0,2.0,45.0,55.0,12.0,8.0,32.0,37.0,21.0,28.0,8.0,9.0,13.0,16.0,19.0,60.0,0.0,0.0,1.0,0.0,8.0,13.0,74.3,71.7,0.069,0.094,0.154,0.158,-0.9,-0.79,66.7,100.0
2025-09-13,10:30,77333,Bundesliga 25/26,25/26,Bundesliga,Matchweek 3,Sat,Away,W,1.0,0.0,1. FSV Mainz 05,44.0,,,,,,https://www.sofascore.com/rb-leipzig-1-fsv-mainz-05/gbbskCo,Ended,RB Leipzig,for,1.79,0.9,2.0,0.0,0.0,0.0,2.0,0.0,5.0,3.0,11.0,12.0,361.0,451.0,259.0,335.0,16.0,14.0,12.0,11.0,1.0,4.0,0.0,1.0,0.0,0.0,2.0,2.0,6.0,4.0,10.0,7.0,11.0,10.0,8.0,3.0,3.0,0.0,23.0,36.0,20.0,34.0,2.0,1.0,55.0,45.0,8.0,12.0,37.0,32.0,28.0,21.0,9.0,8.0,16.0,13.0,60.0,19.0,0.0,0.0,0.0,1.0,13.0,8.0,71.7,74.3,0.094,0.069,0.158,0.154,-0.79,-0.9,100.0,66.7
2025-09-13,10:30,77333,Bundesliga 25/26,25/26,Bundesliga,Matchweek 3,Sat,Home,W,3.0,1.0,VfB Stuttgart,46.0,,,,,,https://www.sofascore.com/vfb-stuttgart-sc-freiburg/NabsCdb,Ended,SC Freiburg,for,1.55,0.53,3.0,0.0,2.0,0.0,1.0,0.0,7.0,1.0,8.0,13.0,362.0,455.0,280.0,378.0,12.0,10.0,12.0,8.0,0.0,2.0,0.0,1.0,1.0,0.0,1.0,3.0,5.0,1.0,3.0,4.0,10.0,4.0,4.0,3.0,0.0,0.0,25.0,15.0,23.0,26.0,3.0,6.0,49.0,51.0,3.0,2.0,29.0,22.0,20.0,28.0,5.0,4.0,12.0,13.0,19.0,61.0,0.0,1.0,2.0,2.0,5.0,10.0,77.3,83.1,0.111,0.076,0.429,0.286,1.45,0.47,50.0,50.0
2025-09-13,10:30,77333,Bundesliga 25/26,25/26,Bundesliga,Matchweek 3,Sat,Away,L,1.0,3.0,SC Freiburg,54.0,,,,,,https://www.sofascore.com/vfb-stuttgart-sc-freiburg/NabsCdb,Ended,VfB Stuttgart,for,0.53,1.55,0.0,3.0,0.0,2.0,0.0,1.0,1.0,7.0,13.0,8.0,455.0,362.0,378.0,280.0,10.0,12.0,8.0,12.0,2.0,0.0,1.0,0.0,0.0,1.0,3.0,1.0,1.0,5.0,4.0,3.0,4.0,10.0,3.0,4.0,0.0,0.0,15.0,25.0,26.0,23.0,6.0,3.0,51.0,49.0,2.0,3.0,22.0,29.0,28.0,20.0,4.0,5.0,13.0,12.0,61.0,19.0,1.0,0.0,2.0,2.0,10.0,5.0,83.1,77.3,0.076,0.111,0.286,0.429,0.47,1.45,50.0,50.0
2025-09-13,10:30,77333,Bundesliga 25/26,25/26,Bundesliga,Matchweek 3,Sat,Home,L,2.0,4.0,TSG Hoffenheim,42.0,,,,,,https://www.sofascore.com/tsg-hoffenheim-1-fc-union-berlin/Xabsubb,Ended,1. FC Union Berlin,for,2.59,2.76,5.0,6.0,2.0,4.0,3.0,2.0,9.0,2.0,13.0,12.0,324.0,465.0,227.0,359.0,15.0,21.0,12.0,11.0,2.0,0.0,0.0,1.0,1.0,0.0,4.0,5.0,4.0,0.0,9.0,1.0,14.0,9.0,6.0,0.0,0.0,0.0,32.0,24.0,22.0,22.0,6.0,4.0,46.0,54.0,11.0,8.0,37.0,40.0,25.0,32.0,10.0,7.0,13.0,8.0,32.0,59.0,0.0,0.0,0.0,0.0,1.0,7.0,70.1,77.2,0.13,0.307,0.35,0.889,-0.59,1.24,50.0,71.4
2025-09-13,10:30,77333,Bundesliga 25/26,25/26,Bundesliga,Matchweek 3,Sat,Away,W,4.0,2.0,1. FC Union Berlin,58.0,,,,,,https://www.sofascore.com/tsg-hoffenheim-1-fc-union-berlin/Xabsubb,Ended,TSG Hoffenheim,for,2.76,2.59,6.0,5.0,4.0,2.0,2.0,3.0,2.0,9.0,12.0,13.0,465.0,324.0,359.0,227.0,21.0,15.0,11.0,12.0,0.0,2.0,1.0,0.0,0.0,1.0,5.0,4.0,0.0,4.0,1.0,9.0,9.0,14.0,0.0,6.0,0.0,0.0,24.0,32.0,22.0,22.0,4.0,6.0,54.0,46.0,8.0,11.0,40.0,37.0,32.0,25.0,7.0,10.0,8.0,13.0,59.0,32.0,0.0,0.0,0.0,0.0,7.0,1.0,77.2,70.1,0.307,0.13,0.889,0.35,1.24,-0.59,71.4,50.0
2025-09-13,10:30,77333,Bundesliga 25/26,25/26,Bundesliga,Matchweek 3,Sat,Home,D,3.0,3.0,1. FC Köln,56.0,,,,,,https://www.sofascore.com/1-fc-koln-vfl-wolfsburg/zabswdb,Ended,VfL Wolfsburg,for,1.5,1.65,4.0,2.0,2.0,2.0,2.0,0.0,7.0,4.0,15.0,11.0,448.0,356.0,385.0,288.0,13.0,12.0,11.0,15.0,0.0,1.0,2.0,3.0,0.0,0.0,5.0,3.0,3.0,4.0,5.0,2.0,9.0,10.0,5.0,4.0,0.0,0.0,19.0,24.0,28.0,18.0,7.0,3.0,47.0,53.0,10.0,8.0,30.0,31.0,11.0,15.0,6.0,5.0,4.0,7.0,33.0,17.0,0.0,1.0,0.0,0.0,9.0,10.0,85.9,80.9,0.107,0.118,0.429,0.571,1.5,1.35,62.5,50.0
2025-09-13,10:30,77333,Bundesliga 25/26,25/26,Bundesliga,Matchweek 3,Sat,Away,D,3.0,3.0,VfL Wolfsburg,44.0,,,,,,https://www.sofascore.com/1-fc-koln-vfl-wolfsburg/zabswdb,Ended,1. FC Köln,for,1.65,1.5,2.0,4.0,2.0,2.0,0.0,2.0,4.0,7.0,11.0,15.0,356.0,448.0,288.0,385.0,12.0,13.0,15.0,11.0,1.0,0.0,3.0,2.0,0.0,0.0,3.0,5.0,4.0,3.0,2.0,5.0,10.0,9.0,4.0,5.0,0.0,0.0,24.0,19.0,18.0,28.0,3.0,7.0,53.0,47.0,8.0,10.0,31.0,30.0,15.0,11.0,5.0,6.0,7.0,4.0,17.0,33.0,1.0,0.0,0.0,0.0,10.0,9.0,80.9,85.9,0.118,0.107,0.571,0.429,1.35,1.5,50.0,62.5
2025-09-13,13:30,77333,Bundesliga 25/26,25/26,Bundesliga,Matchweek 3,Sat,Home,W,5.0,0.0,Hamburger SV,71.0,,,,,,https://www.sofascore.com/hamburger-sv-fc-bayern-munchen/xdbsBdb,Ended,FC Bayern München,for,2.54,0.58,4.0,0.0,3.0,0.0,1.0,0.0,5.0,3.0,11.0,14.0,772.0,317.0,712.0,266.0,8.0,10.0,13.0,11.0,1.0,2.0,2.0,2.0,0.0,0.0,2.0,7.0,4.0,3.0,6.0,4.0,12.0,9.0,10.0,0.0,2.0,0.0,50.0,16.0,17.0,21.0,4.0,2.0,54.0,46.0,5.0,4.0,29.0,29.0,7.0,2.0,9.0,9.0,7.0,8.0,17.0,27.0,1.0,0.0,0.0,0.0,7.0,6.0,92.2,83.9,0.115,0.064,0.545,0.222,2.46,-0.58,100.0,58.3
2025-09-13,13:30,77333,Bundesliga 25/26,25/26,Bundesliga,Matchweek 3,Sat,Away,L,0.0,5.0,FC Bayern München,29.0,,,,,,https://www.sofascore.com/hamburger-sv-fc-bayern-munchen/xdbsBdb,Ended,Hamburger SV,for,0.58,2.54,0.0,4.0,0.0,3.0,0.0,1.0,3.0,5.0,14.0,11.0,317.0,772.0,266.0,712.0,10.0,8.0,11.0,13.0,2.0,1.0,2.0,2.0,0.0,0.0,7.0,2.0,3.0,4.0,4.0,6.0,9.0,12.0,0.0,10.0,0.0,2.0,16.0,50.0,21.0,17.0,2.0,4.0,46.0,54.0,4.0,5.0,29.0,29.0,2.0,7.0,9.0,9.0,8.0,7.0,27.0,17.0,0.0,1.0,0.0,0.0,6.0,7.0,83.9,92.2,0.064,0.115,0.222,0.545,-0.58,2.46,58.3,100.0
2025-09-14,10:30,77333,Bundesliga 25/26,25/26,Bundesliga,Matchweek 3,Sun,Home,W,2.0,1.0,FC Augsburg,57.0,,,,,,https://www.sofascore.com/fc-augsburg-fc-st-pauli/Babsacb,Ended,FC St. Pauli,for,1.9,0.78,3.0,1.0,1.0,1.0,2.0,0.0,3.0,1.0,10.0,12.0,546.0,419.0,438.0,336.0,21.0,17.0,11.0,10.0,0.0,3.0,1.0,4.0,0.0,0.0,4.0,5.0,3.0,1.0,3.0,4.0,8.0,6.0,5.0,4.0,2.0,0.0,32.0,19.0,19.0,16.0,6.0,2.0,50.0,50.0,9.0,10.0,35.0,35.0,21.0,21.0,2.0,8.0,6.0,11.0,25.0,38.0,0.0,0.0,1.0,1.0,8.0,5.0,80.2,80.2,0.146,0.078,0.538,0.5,0.1,0.22,80.0,71.4
2025-09-14,10:30,77333,Bundesliga 25/26,25/26,Bundesliga,Matchweek 3,Sun,Away,L,1.0,2.0,FC St. Pauli,43.0,,,,,,https://www.sofascore.com/fc-augsburg-fc-st-pauli/Babsacb,Ended,FC Augsburg,for,0.78,1.9,1.0,3.0,1.0,1.0,0.0,2.0,1.0,3.0,12.0,10.0,419.0,546.0,336.0,438.0,17.0,21.0,10.0,11.0,3.0,0.0,4.0,1.0,0.0,0.0,5.0,4.0,1.0,3.0,4.0,3.0,6.0,8.0,4.0,5.0,0.0,2.0,19.0,32.0,16.0,19.0,2.0,6.0,50.0,50.0,10.0,9.0,35.0,35.0,21.0,21.0,8.0,2.0,11.0,6.0,38.0,25.0,0.0,0.0,1.0,1.0,5.0,8.0,80.2,80.2,0.078,0.146,0.5,0.538,0.22,0.1,71.4,80.0
2025-09-14,12:30,77333,Bundesliga 25/26,25/26,Bundesliga,Matchweek 3,Sun,Home,L,0.0,4.0,SV Werder Bremen,55.0,,,,,,https://www.sofascore.com/sv-werder-bremen-borussia-mgladbach/CabsJab,Ended,Borussia M'gladbach,for,1.48,2.09,2.0,3.0,0.0,2.0,2.0,1.0,9.0,4.0,12.0,9.0,508.0,428.0,430.0,350.0,20.0,25.0,9.0,11.0,0.0,1.0,1.0,0.0,0.0,0.0,3.0,2.0,7.0,1.0,9.0,4.0,10.0,9.0,9.0,3.0,0.0,1.0,39.0,19.0,14.0,14.0,8.0,1.0,46.0,54.0,15.0,12.0,34.0,44.0,10.0,8.0,7.0,7.0,7.0,10.0,20.0,34.0,1.0,0.0,0.0,2.0,7.0,13.0,84.6,81.8,0.078,0.174,0.158,0.583,-1.48,1.91,42.9,66.7
2025-09-14,12:30,77333,Bundesliga 25/26,25/26,Bundesliga,Matchweek 3,Sun,Away,W,4.0,0.0,Borussia M'gladbach,45.0,,,,,,https://www.sofascore.com/sv-werder-bremen-borussia-mgladbach/CabsJab,Ended,SV Werder Bremen,for,2.09,1.48,3.0,2.0,2.0,0.0,1.0,2.0,4.0,9.0,9.0,12.0,428.0,508.0,350.0,430.0,25.0,20.0,11.0,9.0,1.0,0.0,0.0,1.0,0.0,0.0,2.0,3.0,1.0,7.0,4.0,9.0,9.0,10.0,3.0,9.0,1.0,0.0,19.0,39.0,14.0,14.0,1.0,8.0,54.0,46.0,12.0,15.0,44.0,34.0,8.0,10.0,7.0,7.0,10.0,7.0,34.0,20.0,0.0,1.0,2.0,0.0,13.0,7.0,81.8,84.6,0.174,0.078,0.583,0.158,1.91,-1.48,66.7,42.9
2025-09-19,15:30,77333,Bundesliga 25/26,25/26,Bundesliga,Matchweek 4,Fri,Home,W,2.0,0.0,FC St. Pauli,54.0,,,,,,https://www.sofascore.com/vfb-stuttgart-fc-st-pauli/BabsCdb,Ended,VfB Stuttgart,for,2.11,0.95,5.0,2.0,1.0,0.0,4.0,2.0,8.0,4.0,13.0,15.0,528.0,439.0,462.0,338.0,14.0,15.0,14.0,13.0,2.0,0.0,0.0,2.0,0.0,0.0,3.0,6.0,6.0,5.0,3.0,2.0,11.0,7.0,6.0,2.0,1.0,0.0,24.0,14.0,20.0,18.0,3.0,2.0,59.0,41.0,8.0,9.0,36.0,30.0,22.0,11.0,9.0,3.0,17.0,7.0,23.0,19.0,0.0,0.0,2.0,1.0,3.0,5.0,87.5,77.0,0.124,0.106,0.471,0.222,-0.11,-0.95,150.0,75.0
2025-09-19,15:30,77333,Bundesliga 25/26,25/26,Bundesliga,Matchweek 4,Fri,Away,L,0.0,2.0,VfB Stuttgart,46.0,,,,,,https://www.sofascore.com/vfb-stuttgart-fc-st-pauli/BabsCdb,Ended,FC St. Pauli,for,0.95,2.11,2.0,5.0,0.0,1.0,2.0,4.0,4.0,8.0,15.0,13.0,439.0,528.0,338.0,462.0,15.0,14.0,13.0,14.0,0.0,2.0,2.0,0.0,0.0,0.0,6.0,3.0,5.0,6.0,2.0,3.0,7.0,11.0,2.0,6.0,0.0,1.0,14.0,24.0,18.0,20.0,2.0,3.0,41.0,59.0,9.0,8.0,30.0,36.0,11.0,22.0,3.0,9.0,7.0,17.0,19.0,23.0,0.0,0.0,1.0,2.0,5.0,3.0,77.0,87.5,0.106,0.124,0.222,0.471,-0.95,-0.11,75.0,150.0
2025-09-20,10:30,77333,Bundesliga 25/26,25/26,Bundesliga,Matchweek 4,Sat,Home,L,1.0,4.0,FC Bayern München,38.0,,,,,,https://www.sofascore.com/fc-bayern-munchen-tsg-hoffenheim/ubbsxdb,Ended,TSG Hoffenheim,for,0.85,3.04,1.0,3.0,0.0,2.0,1.0,1.0,5.0,5.0,17.0,9.0,334.0,567.0,257.0,503.0,26.0,17.0,9.0,15.0,2.0,1.0,1.0,2.0,0.0,0.0,6.0,3.0,4.0,5.0,5.0,3.0,10.0,10.0,3.0,8.0,0.0,0.0,29.0,25.0,13.0,35.0,6.0,2.0,52.0,48.0,13.0,11.0,41.0,38.0,9.0,9.0,6.0,8.0,7.0,7.0,25.0,16.0,1.0,2.0,0.0,1.0,5.0,5.0,76.9,88.7,0.065,0.169,0.308,0.556,0.15,0.96,60.0,75.0
2025-09-20,10:30,77333,Bundesliga 25/26,25/26,Bundesliga,Matchweek 4,Sat,Away,W,4.0,1.0,TSG Hoffenheim,62.0,,,,,,https://www.sofascore.com/fc-bayern-munchen-tsg-hoffenheim/ubbsxdb,Ended,FC Bayern München,for,3.04,0.85,3.0,1.0,2.0,0.0,1.0,1.0,5.0,5.0,9.0,17.0,567.0,334.0,503.0,257.0,17.0,26.0,15.0,9.0,1.0,2.0,2.0,1.0,0.0,0.0,3.0,6.0,5.0,4.0,3.0,5.0,10.0,10.0,8.0,3.0,0.0,0.0,25.0,29.0,35.0,13.0,2.0,6.0,48.0,52.0,11.0,13.0,38.0,41.0,9.0,9.0,8.0,6.0,7.0,7.0,16.0,25.0,2.0,1.0,1.0,0.0,5.0,5.0,88.7,76.9,0.169,0.065,0.556,0.308,0.96,0.15,75.0,60.0
2025-09-20,10:30,77333,Bundesliga 25/26,25/26,Bundesliga,Matchweek 4,Sat,Home,L,0.0,3.0,SC Freiburg,62.0,,,,,,https://www.sofascore.com/sc-freiburg-sv-werder-bremen/JabsNab,Ended,SV Werder Bremen,for,1.22,2.42,1.0,4.0,0.0,2.0,1.0,2.0,2.0,0.0,13.0,7.0,557.0,352.0,475.0,275.0,14.0,17.0,6.0,12.0,1.0,2.0,5.0,2.0,0.0,0.0,3.0,5.0,1.0,2.0,6.0,3.0,8.0,6.0,4.0,4.0,0.0,1.0,19.0,21.0,34.0,40.0,5.0,2.0,40.0,60.0,11.0,7.0,24.0,35.0,7.0,11.0,5.0,8.0,5.0,14.0,15.0,21.0,0.0,0.0,2.0,1.0,7.0,10.0,85.3,78.1,0.102,0.242,0.417,0.5,-1.22,0.58,60.0,100.0
2025-09-20,10:30,77333,Bundesliga 25/26,25/26,Bundesliga,Matchweek 4,Sat,Away,W,3.0,0.0,SV Werder Bremen,38.0,,,,,,https://www.sofascore.com/sc-freiburg-sv-werder-bremen/JabsNab,Ended,SC Freiburg,for,2.42,1.22,4.0,1.0,2.0,0.0,2.0,1.0,0.0,2.0,7.0,13.0,352.0,557.0,275.0,475.0,17.0,14.0,12.0,6.0,2.0,1.0,2.0,5.0,0.0,0.0,5.0,3.0,2.0,1.0,3.0,6.0,6.0,8.0,4.0,4.0,1.0,0.0,21.0,19.0,40.0,34.0,2.0,5.0,60.0,40.0,7.0,11.0,35.0,24.0,11.0,7.0,8.0,5.0,14.0,5.0,21.0,15.0,0.0,0.0,1.0,2.0,10.0,7.0,78.1,85.3,0.242,0.102,0.5,0.417,0.58,-1.22,100.0,60.0
2025-09-20,10:30,77333,Bundesliga 25/26,25/26,Bundesliga,Matchweek 4,Sat,Home,L,1.0,4.0,1. FSV Mainz 05,61.0,,,,,,https://www.sofascore.com/fc-augsburg-1-fsv-mainz-05/gbbsacb,Ended,FC Augsburg,for,1.12,2.52,0.0,4.0,0.0,3.0,0.0,1.0,6.0,6.0,13.0,10.0,485.0,327.0,414.0,234.0,15.0,12.0,10.0,13.0,2.0,2.0,1.0,2.0,0.0,1.0,0.0,4.0,4.0,4.0,9.0,4.0,11.0,11.0,7.0,1.0,0.0,1.0,27.0,27.0,21.0,22.0,11.0,1.0,45.0,55.0,7.0,4.0,29.0,37.0,16.0,18.0,4.0,13.0,12.0,10.0,25.0,34.0,0.0,0.0,1.0,3.0,6.0,7.0,85.4,71.6,0.062,0.21,0.278,0.333,-0.12,1.48,0.0,80.0
2025-09-20,10:30,77333,Bundesliga 25/26,25/26,Bundesliga,Matchweek 4,Sat,Away,W,4.0,1.0,FC Augsburg,39.0,,,,,,https://www.sofascore.com/fc-augsburg-1-fsv-mainz-05/gbbsacb,Ended,1. FSV Mainz 05,for,2.52,1.12,4.0,0.0,3.0,0.0,1.0,0.0,6.0,6.0,10.0,13.0,327.0,485.0,234.0,414.0,12.0,15.0,13.0,10.0,2.0,2.0,2.0,1.0,1.0,0.0,4.0,0.0,4.0,4.0,4.0,9.0,11.0,11.0,1.0,7.0,1.0,0.0,27.0,27.0,22.0,21.0,1.0,11.0,55.0,45.0,4.0,7.0,37.0,29.0,18.0,16.0,13.0,4.0,10.0,12.0,34.0,25.0,0.0,0.0,3.0,1.0,7.0,6.0,71.6,85.4,0.21,0.062,0.333,0.278,1.48,-0.12,80.0,0.0
2025-09-20,10:30,77333,Bundesliga 25/26,25/26,Bundesliga,Matchweek 4,Sat,Home,W,2.0,1.0,1. FC Heidenheim,49.0,,,,,,https://www.sofascore.com/1-fc-heidenheim-hamburger-sv/BdbsKrc,Ended,Hamburger SV,for,2.35,2.98,5.0,6.0,1.0,1.0,4.0,5.0,1.0,12.0,15.0,10.0,395.0,391.0,337.0,325.0,9.0,14.0,10.0,15.0,1.0,2.0,5.0,1.0,0.0,0.0,6.0,7.0,5.0,6.0,8.0,6.0,15.0,15.0,7.0,5.0,1.0,0.0,26.0,30.0,21.0,27.0,3.0,7.0,47.0,53.0,6.0,3.0,27.0,33.0,17.0,16.0,9.0,5.0,5.0,8.0,42.0,21.0,2.0,2.0,2.0,0.0,9.0,8.0,85.3,83.1,0.107,0.149,0.409,0.4,-0.35,-1.98,75.0,77.8
2025-09-20,10:30,77333,Bundesliga 25/26,25/26,Bundesliga,Matchweek 4,Sat,Away,L,1.0,2.0,Hamburger SV,51.0,,,,,,https://www.sofascore.com/1-fc-heidenheim-hamburger-sv/BdbsKrc,Ended,1. FC Heidenheim,for,2.98,2.35,6.0,5.0,1.0,1.0,5.0,4.0,12.0,1.0,10.0,15.0,391.0,395.0,325.0,337.0,14.0,9.0,15.0,10.0,2.0,1.0,1.0,5.0,0.0,0.0,7.0,6.0,6.0,5.0,6.0,8.0,15.0,15.0,5.0,7.0,0.0,1.0,30.0,26.0,27.0,21.0,7.0,3.0,53.0,47.0,3.0,6.0,33.0,27.0,16.0,17.0,5.0,9.0,8.0,5.0,21.0,42.0,2.0,2.0,0.0,2.0,8.0,9.0,83.1,85.3,0.149,0.107,0.4,0.409,-1.98,-0.35,77.8,75.0
2025-09-20,13:30,77333,Bundesliga 25/26,25/26,Bundesliga,Matchweek 4,Sat,Home,W,3.0,1.0,1. FC Köln,47.0,,,,,,https://www.sofascore.com/rb-leipzig-1-fc-koln/wdbskCo,Ended,RB Leipzig,for,3.28,1.7,6.0,3.0,2.0,1.0,4.0,2.0,9.0,5.0,10.0,8.0,421.0,474.0,366.0,412.0,12.0,12.0,8.0,10.0,3.0,0.0,1.0,1.0,0.0,0.0,0.0,5.0,3.0,6.0,7.0,5.0,14.0,8.0,4.0,5.0,0.0,1.0,43.0,30.0,17.0,33.0,8.0,6.0,44.0,56.0,4.0,9.0,23.0,24.0,8.0,15.0,5.0,3.0,7.0,8.0,32.0,30.0,0.0,0.0,2.0,1.0,5.0,7.0,86.9,86.9,0.182,0.131,0.444,0.154,-0.28,-0.7,0.0,62.5
2025-09-20,13:30,77333,Bundesliga 25/26,25/26,Bundesliga,Matchweek 4,Sat,Away,L,1.0,3.0,RB Leipzig,53.0,,,,,,https://www.sofascore.com/rb-leipzig-1-fc-koln/wdbskCo,Ended,1. FC Köln,for,1.7,3.28,3.0,6.0,1.0,2.0,2.0,4.0,5.0,9.0,8.0,10.0,474.0,421.0,412.0,366.0,12.0,12.0,10.0,8.0,0.0,3.0,1.0,1.0,0.0,0.0,5.0,0.0,6.0,3.0,5.0,7.0,8.0,14.0,5.0,4.0,1.0,0.0,30.0,43.0,33.0,17.0,6.0,8.0,56.0,44.0,9.0,4.0,24.0,23.0,15.0,8.0,3.0,5.0,8.0,7.0,30.0,32.0,0.0,0.0,1.0,2.0,7.0,5.0,86.9,86.9,0.131,0.182,0.154,0.444,-0.7,-0.28,62.5,0.0
2025-09-21,10:30,77333,Bundesliga 25/26,25/26,Bundesliga,Matchweek 4,Sun,Home,L,3.0,4.0,1. FC Union Berlin,78.0,,,,,,https://www.sofascore.com/eintracht-frankfurt-1-fc-union-berlin/Xabszdb,Ended,Eintracht Frankfurt,for,1.9,1.64,2.0,4.0,1.0,3.0,1.0,1.0,5.0,1.0,10.0,11.0,674.0,193.0,589.0,112.0,12.0,17.0,10.0,10.0,2.0,5.0,3.0,2.0,0.0,0.0,1.0,7.0,6.0,3.0,3.0,3.0,12.0,9.0,7.0,2.0,0.0,2.0,37.0,15.0,17.0,20.0,6.0,3.0,51.0,49.0,7.0,11.0,27.0,31.0,22.0,16.0,4.0,4.0,7.0,4.0,26.0,50.0,1.0,0.0,1.0,2.0,7.0,15.0,87.4,58.0,0.1,0.149,0.526,0.455,1.1,2.36,20.0,70.0
2025-09-21,10:30,77333,Bundesliga 25/26,25/26,Bundesliga,Matchweek 4,Sun,Away,W,4.0,3.0,Eintracht Frankfurt,22.0,,,,,,https://www.sofascore.com/eintracht-frankfurt-1-fc-union-berlin/Xabszdb,Ended,1. FC Union Berlin,for,1.64,1.9,4.0,2.0,3.0,1.0,1.0,1.0,1.0,5.0,11.0,10.0,193.0,674.0,112.0,589.0,17.0,12.0,10.0,10.0,5.0,2.0,2.0,3.0,0.0,0.0,7.0,1.0,3.0,6.0,3.0,3.0,9.0,12.0,2.0,7.0,2.0,0.0,15.0,37.0,20.0,17.0,3.0,6.0,49.0,51.0,11.0,7.0,31.0,27.0,16.0,22.0,4.0,4.0,4.0,7.0,50.0,26.0,0.0,1.0,2.0,1.0,15.0,7.0,58.0,87.4,0.149,0.1,0.455,0.526,2.36,1.1,70.0,20.0
2025-09-21,12:30,77333,Bundesliga 25/26,25/26,Bundesliga,Matchweek 4,Sun,Home,D,1.0,1.0,Borussia M'gladbach,62.0,,,,,,https://www.sofascore.com/bayer-04-leverkusen-borussia-mgladbach/CabsGdb,Ended,Bayer 04 Leverkusen,for,1.46,0.81,3.0,1.0,1.0,1.0,2.0,0.0,3.0,4.0,12.0,15.0,675.0,413.0,606.0,346.0,14.0,24.0,15.0,12.0,2.0,3.0,5.0,5.0,0.0,0.0,6.0,7.0,2.0,4.0,2.0,2.0,10.0,10.0,3.0,3.0,0.0,0.0,32.0,24.0,14.0,18.0,3.0,7.0,50.0,50.0,10.0,6.0,39.0,37.0,11.0,13.0,10.0,2.0,10.0,12.0,10.0,23.0,1.0,0.0,0.0,0.0,6.0,4.0,89.8,83.8,0.112,0.062,0.692,0.538,-0.46,0.19,85.7,77.8
2025-09-21,12:30,77333,Bundesliga 25/26,25/26,Bundesliga,Matchweek 4,Sun,Away,D,1.0,1.0,Bayer 04 Leverkusen,38.0,,,,,,https://www.sofascore.com/bayer-04-leverkusen-borussia-mgladbach/CabsGdb,Ended,Borussia M'gladbach,for,0.81,1.46,1.0,3.0,1.0,1.0,0.0,2.0,4.0,3.0,15.0,12.0,413.0,675.0,346.0,606.0,24.0,14.0,12.0,15.0,3.0,2.0,5.0,5.0,0.0,0.0,7.0,6.0,4.0,2.0,2.0,2.0,10.0,10.0,3.0,3.0,0.0,0.0,24.0,32.0,18.0,14.0,7.0,3.0,50.0,50.0,6.0,10.0,37.0,39.0,13.0,11.0,2.0,10.0,12.0,10.0,23.0,10.0,0.0,1.0,0.0,0.0,4.0,6.0,83.8,89.8,0.062,0.112,0.538,0.692,0.19,-0.46,77.8,85.7
2025-09-21,14:30,77333,Bundesliga 25/26,25/26,Bundesliga,Matchweek 4,Sun,Home,W,1.0,0.0,VfL Wolfsburg,56.0,,,,,,https://www.sofascore.com/borussia-dortmund-vfl-wolfsburg/zabsydb,Ended,Borussia Dortmund,for,1.1,0.8,1.0,2.0,0.0,0.0,1.0,2.0,9.0,3.0,10.0,9.0,528.0,429.0,464.0,360.0,9.0,20.0,9.0,10.0,2.0,0.0,1.0,0.0,0.0,0.0,0.0,3.0,2.0,3.0,6.0,6.0,7.0,4.0,5.0,5.0,0.0,0.0,35.0,10.0,30.0,20.0,6.0,5.0,47.0,53.0,9.0,4.0,27.0,31.0,8.0,8.0,9.0,2.0,9.0,14.0,19.0,41.0,0.0,1.0,0.0,0.0,6.0,11.0,87.9,83.9,0.092,0.089,0.333,0.0,-0.1,-0.8,,75.0
2025-09-21,14:30,77333,Bundesliga 25/26,25/26,Bundesliga,Matchweek 4,Sun,Away,L,0.0,1.0,Borussia Dortmund,44.0,,,,,,https://www.sofascore.com/borussia-dortmund-vfl-wolfsburg/zabsydb,Ended,VfL Wolfsburg,for,0.8,1.1,2.0,1.0,0.0,0.0,2.0,1.0,3.0,9.0,9.0,10.0,429.0,528.0,360.0,464.0,20.0,9.0,10.0,9.0,0.0,2.0,0.0,1.0,0.0,0.0,3.0,0.0,3.0,2.0,6.0,6.0,4.0,7.0,5.0,5.0,0.0,0.0,10.0,35.0,20.0,30.0,5.0,6.0,53.0,47.0,4.0,9.0,31.0,27.0,8.0,8.0,2.0,9.0,14.0,9.0,41.0,19.0,1.0,0.0,0.0,0.0,11.0,6.0,83.9,87.9,0.089,0.092,0.0,0.333,-0.8,-0.1,75.0,
2025-09-26,15:30,77333,Bundesliga 25/26,25/26,Bundesliga,Matchweek 5,Fri,Home,W,4.0,0.0,SV Werder Bremen,59.0,,,,,,https://www.sofascore.com/fc-bayern-munchen-sv-werder-bremen/Jabsxdb,Ended,FC Bayern München,for,3.46,0.41,7.0,0.0,3.0,0.0,4.0,0.0,7.0,6.0,9.0,4.0,664.0,451.0,587.0,359.0,13.0,16.0,3.0,9.0,0.0,2.0,2.0,0.0,0.0,0.0,3.0,8.0,6.0,4.0,7.0,2.0,17.0,6.0,9.0,3.0,0.0,0.0,46.0,12.0,25.0,30.0,4.0,1.0,45.0,55.0,5.0,7.0,21.0,33.0,9.0,4.0,4.0,8.0,18.0,12.0,14.0,29.0,0.0,2.0,0.0,1.0,7.0,12.0,88.4,79.6,0.133,0.046,0.5,0.333,0.54,-0.41,100.0,61.5
2025-09-26,15:30,77333,Bundesliga 25/26,25/26,Bundesliga,Matchweek 5,Fri,Away,L,0.0,4.0,FC Bayern München,41.0,,,,,,https://www.sofascore.com/fc-bayern-munchen-sv-werder-bremen/Jabsxdb,Ended,SV Werder Bremen,for,0.41,3.46,0.0,7.0,0.0,3.0,0.0,4.0,6.0,7.0,4.0,9.0,451.0,664.0,359.0,587.0,16.0,13.0,9.0,3.0,2.0,0.0,0.0,2.0,0.0,0.0,8.0,3.0,4.0,6.0,2.0,7.0,6.0,17.0,3.0,9.0,0.0,0.0,12.0,46.0,30.0,25.0,1.0,4.0,55.0,45.0,7.0,5.0,33.0,21.0,4.0,9.0,8.0,4.0,12.0,18.0,29.0,14.0,2.0,0.0,1.0,0.0,12.0,7.0,79.6,88.4,0.046,0.133,0.333,0.5,-0.41,0.54,61.5,100.0
2025-09-27,10:30,77333,Bundesliga 25/26,25/26,Bundesliga,Matchweek 5,Sat,Home,L,0.0,2.0,Borussia Dortmund,49.0,,,,,,https://www.sofascore.com/borussia-dortmund-1-fsv-mainz-05/gbbsydb,Ended,1. FSV Mainz 05,for,0.48,1.44,1.0,2.0,0.0,2.0,1.0,0.0,7.0,5.0,12.0,14.0,369.0,389.0,275.0,300.0,17.0,8.0,14.0,12.0,5.0,2.0,2.0,1.0,1.0,0.0,2.0,2.0,1.0,3.0,5.0,3.0,6.0,8.0,2.0,2.0,0.0,0.0,15.0,17.0,19.0,24.0,4.0,3.0,58.0,42.0,5.0,11.0,36.0,25.0,26.0,20.0,6.0,7.0,8.0,7.0,27.0,36.0,0.0,0.0,0.0,0.0,8.0,6.0,74.5,77.1,0.06,0.144,0.25,0.4,-0.48,0.56,50.0,100.0
2025-09-27,10:30,77333,Bundesliga 25/26,25/26,Bundesliga,Matchweek 5,Sat,Away,W,2.0,0.0,1. FSV Mainz 05,51.0,,,,,,https://www.sofascore.com/borussia-dortmund-1-fsv-mainz-05/gbbsydb,Ended,Borussia Dortmund,for,1.44,0.48,2.0,1.0,2.0,0.0,0.0,1.0,5.0,7.0,14.0,12.0,389.0,369.0,300.0,275.0,8.0,17.0,12.0,14.0,2.0,5.0,1.0,2.0,0.0,1.0,2.0,2.0,3.0,1.0,3.0,5.0,8.0,6.0,2.0,2.0,0.0,0.0,17.0,15.0,24.0,19.0,3.0,4.0,42.0,58.0,11.0,5.0,25.0,36.0,20.0,26.0,7.0,6.0,7.0,8.0,36.0,27.0,0.0,0.0,0.0,0.0,6.0,8.0,77.1,74.5,0.144,0.06,0.4,0.25,0.56,-0.48,100.0,50.0
2025-09-27,10:30,77333,Bundesliga 25/26,25/26,Bundesliga,Matchweek 5,Sat,Home,L,1.0,2.0,Bayer 04 Leverkusen,49.0,,,,,,https://www.sofascore.com/bayer-04-leverkusen-fc-st-pauli/BabsGdb,Ended,FC St. Pauli,for,0.82,0.69,1.0,3.0,0.0,2.0,1.0,1.0,13.0,1.0,13.0,11.0,447.0,490.0,372.0,414.0,13.0,14.0,11.0,13.0,2.0,0.0,3.0,5.0,0.0,0.0,2.0,4.0,1.0,1.0,6.0,0.0,7.0,4.0,6.0,1.0,2.0,1.0,19.0,9.0,16.0,22.0,4.0,1.0,48.0,52.0,9.0,5.0,30.0,32.0,11.0,13.0,6.0,5.0,10.0,6.0,7.0,28.0,0.0,0.0,0.0,1.0,2.0,9.0,83.2,84.5,0.063,0.138,0.462,0.8,0.18,1.31,50.0,66.7
2025-09-27,10:30,77333,Bundesliga 25/26,25/26,Bundesliga,Matchweek 5,Sat,Away,W,2.0,1.0,FC St. Pauli,51.0,,,,,,https://www.sofascore.com/bayer-04-leverkusen-fc-st-pauli/BabsGdb,Ended,Bayer 04 Leverkusen,for,0.69,0.82,3.0,1.0,2.0,0.0,1.0,1.0,1.0,13.0,11.0,13.0,490.0,447.0,414.0,372.0,14.0,13.0,13.0,11.0,0.0,2.0,5.0,3.0,0.0,0.0,4.0,2.0,1.0,1.0,0.0,6.0,4.0,7.0,1.0,6.0,1.0,2.0,9.0,19.0,22.0,16.0,1.0,4.0,52.0,48.0,5.0,9.0,32.0,30.0,13.0,11.0,5.0,6.0,6.0,10.0,28.0,7.0,0.0,0.0,1.0,0.0,9.0,2.0,84.5,83.2,0.138,0.063,0.8,0.462,1.31,0.18,66.7,50.0
2025-09-27,10:30,77333,Bundesliga 25/26,25/26,Bundesliga,Matchweek 5,Sat,Home,L,0.0,1.0,RB Leipzig,51.0,,,,,,https://www.sofascore.com/rb-leipzig-vfl-wolfsburg/zabskCo,Ended,VfL Wolfsburg,for,3.05,2.41,7.0,3.0,0.0,0.0,7.0,3.0,6.0,11.0,7.0,9.0,447.0,435.0,367.0,358.0,17.0,16.0,9.0,6.0,0.0,5.0,2.0,2.0,0.0,0.0,5.0,4.0,9.0,8.0,9.0,6.0,17.0,10.0,5.0,10.0,2.0,0.0,35.0,47.0,27.0,24.0,8.0,7.0,54.0,46.0,10.0,6.0,30.0,36.0,23.0,10.0,5.0,14.0,9.0,11.0,27.0,15.0,1.0,1.0,1.0,2.0,9.0,14.0,82.1,82.3,0.139,0.121,0.182,0.3,-3.05,-1.41,83.3,100.0
2025-09-27,10:30,77333,Bundesliga 25/26,25/26,Bundesliga,Matchweek 5,Sat,Away,W,1.0,0.0,VfL Wolfsburg,49.0,,,,,,https://www.sofascore.com/rb-leipzig-vfl-wolfsburg/zabskCo,Ended,RB Leipzig,for,2.41,3.05,3.0,7.0,0.0,0.0,3.0,7.0,11.0,6.0,9.0,7.0,435.0,447.0,358.0,367.0,16.0,17.0,6.0,9.0,5.0,0.0,2.0,2.0,0.0,0.0,4.0,5.0,8.0,9.0,6.0,9.0,10.0,17.0,10.0,5.0,0.0,2.0,47.0,35.0,24.0,27.0,7.0,8.0,46.0,54.0,6.0,10.0,36.0,30.0,10.0,23.0,14.0,5.0,11.0,9.0,15.0,27.0,1.0,1.0,2.0,1.0,14.0,9.0,82.3,82.1,0.121,0.139,0.3,0.182,-1.41,-3.05,100.0,83.3
2025-09-27,10:30,77333,Bundesliga 25/26,25/26,Bundesliga,Matchweek 5,Sat,Home,W,2.0,1.0,FC Augsburg,48.0,,,,,,https://www.sofascore.com/1-fc-heidenheim-fc-augsburg/acbsKrc,Ended,1. FC Heidenheim,for,1.24,0.82,1.0,1.0,1.0,1.0,0.0,0.0,3.0,2.0,16.0,20.0,369.0,407.0,274.0,330.0,21.0,12.0,20.0,16.0,1.0,2.0,1.0,6.0,0.0,0.0,1.0,3.0,0.0,2.0,6.0,4.0,8.0,6.0,3.0,2.0,0.0,0.0,22.0,16.0,26.0,25.0,4.0,3.0,51.0,49.0,5.0,10.0,44.0,34.0,13.0,20.0,4.0,7.0,8.0,10.0,35.0,35.0,0.0,1.0,3.0,0.0,6.0,10.0,74.3,81.1,0.113,0.102,0.455,0.25,0.76,0.18,50.0,60.0
2025-09-27,10:30,77333,Bundesliga 25/26,25/26,Bundesliga,Matchweek 5,Sat,Away,L,1.0,2.0,1. FC Heidenheim,52.0,,,,,,https://www.sofascore.com/1-fc-heidenheim-fc-augsburg/acbsKrc,Ended,FC Augsburg,for,0.82,1.24,1.0,1.0,1.0,1.0,0.0,0.0,2.0,3.0,20.0,16.0,407.0,369.0,330.0,274.0,12.0,21.0,16.0,20.0,2.0,1.0,6.0,1.0,0.0,0.0,3.0,1.0,2.0,0.0,4.0,6.0,6.0,8.0,2.0,3.0,0.0,0.0,16.0,22.0,25.0,26.0,3.0,4.0,49.0,51.0,10.0,5.0,34.0,44.0,20.0,13.0,7.0,4.0,10.0,8.0,35.0,35.0,1.0,0.0,0.0,3.0,10.0,6.0,81.1,74.3,0.102,0.113,0.25,0.455,0.18,0.76,60.0,50.0
2025-09-27,13:30,77333,Bundesliga 25/26,25/26,Bundesliga,Matchweek 5,Sat,Home,L,4.0,6.0,Eintracht Frankfurt,39.0,,,,,,https://www.sofascore.com/eintracht-frankfurt-borussia-mgladbach/Cabszdb,Ended,Borussia M'gladbach,for,1.7,2.8,4.0,5.0,4.0,5.0,0.0,0.0,4.0,6.0,14.0,8.0,362.0,587.0,291.0,496.0,14.0,14.0,8.0,14.0,4.0,1.0,1.0,2.0,0.0,0.0,1.0,4.0,2.0,8.0,1.0,6.0,9.0,13.0,2.0,8.0,0.0,1.0,16.0,37.0,28.0,26.0,8.0,6.0,46.0,54.0,10.0,10.0,24.0,32.0,17.0,16.0,2.0,4.0,12.0,6.0,38.0,24.0,0.0,0.0,1.0,1.0,7.0,5.0,80.4,84.5,0.155,0.133,0.727,0.333,2.3,3.2,14.3,50.0
2025-09-27,13:30,77333,Bundesliga 25/26,25/26,Bundesliga,Matchweek 5,Sat,Away,W,6.0,4.0,Borussia M'gladbach,61.0,,,,,,https://www.sofascore.com/eintracht-frankfurt-borussia-mgladbach/Cabszdb,Ended,Eintracht Frankfurt,for,2.8,1.7,5.0,4.0,5.0,4.0,0.0,0.0,6.0,4.0,8.0,14.0,587.0,362.0,496.0,291.0,14.0,14.0,14.0,8.0,1.0,4.0,2.0,1.0,0.0,0.0,4.0,1.0,8.0,2.0,6.0,1.0,13.0,9.0,8.0,2.0,1.0,0.0,37.0,16.0,26.0,28.0,6.0,8.0,54.0,46.0,10.0,10.0,32.0,24.0,16.0,17.0,4.0,2.0,6.0,12.0,24.0,38.0,0.0,0.0,1.0,1.0,5.0,7.0,84.5,80.4,0.133,0.155,0.333,0.727,3.2,2.3,50.0,14.3
2025-09-28,10:30,77333,Bundesliga 25/26,25/26,Bundesliga,Matchweek 5,Sun,Home,D,1.0,1.0,TSG Hoffenheim,43.0,,,,,,https://www.sofascore.com/tsg-hoffenheim-sc-freiburg/Nabsubb,Ended,SC Freiburg,for,1.31,2.54,2.0,2.0,1.0,1.0,1.0,1.0,6.0,8.0,9.0,15.0,297.0,400.0,205.0,310.0,13.0,11.0,15.0,9.0,1.0,2.0,2.0,1.0,0.0,0.0,3.0,0.0,2.0,8.0,3.0,3.0,6.0,11.0,0.0,4.0,0.0,1.0,15.0,29.0,26.0,15.0,2.0,6.0,53.0,47.0,5.0,10.0,34.0,24.0,28.0,31.0,7.0,4.0,9.0,6.0,35.0,40.0,0.0,0.0,2.0,0.0,5.0,7.0,69.0,77.5,0.218,0.169,0.167,0.267,-0.31,-1.54,75.0,0.0
2025-09-28,10:30,77333,Bundesliga 25/26,25/26,Bundesliga,Matchweek 5,Sun,Away,D,1.0,1.0,SC Freiburg,57.0,,,,,,https://www.sofascore.com/tsg-hoffenheim-sc-freiburg/Nabsubb,Ended,TSG Hoffenheim,for,2.54,1.31,2.0,2.0,1.0,1.0,1.0,1.0,8.0,6.0,15.0,9.0,400.0,297.0,310.0,205.0,11.0,13.0,9.0,15.0,2.0,1.0,1.0,2.0,0.0,0.0,0.0,3.0,8.0,2.0,3.0,3.0,11.0,6.0,4.0,0.0,1.0,0.0,29.0,15.0,15.0,26.0,6.0,2.0,47.0,53.0,10.0,5.0,24.0,34.0,31.0,28.0,4.0,7.0,6.0,9.0,40.0,35.0,0.0,0.0,0.0,2.0,7.0,5.0,77.5,69.0,0.169,0.218,0.267,0.167,-1.54,-0.31,0.0,75.0
2025-09-28,12:30,77333,Bundesliga 25/26,25/26,Bundesliga,Matchweek 5,Sun,Home,L,1.0,2.0,VfB Stuttgart,43.0,,,,,,https://www.sofascore.com/vfb-stuttgart-1-fc-koln/wdbsCdb,Ended,1. FC Köln,for,1.08,1.87,2.0,3.0,1.0,2.0,1.0,1.0,8.0,8.0,12.0,12.0,383.0,507.0,309.0,431.0,9.0,14.0,12.0,11.0,4.0,1.0,2.0,2.0,0.0,0.0,3.0,5.0,3.0,6.0,5.0,4.0,10.0,10.0,5.0,5.0,0.0,1.0,27.0,31.0,24.0,25.0,7.0,4.0,53.0,47.0,8.0,6.0,26.0,28.0,14.0,8.0,5.0,3.0,11.0,4.0,20.0,16.0,1.0,0.0,0.0,1.0,11.0,4.0,80.7,85.0,0.072,0.125,0.467,0.333,-0.08,0.13,60.0,71.4
2025-09-28,12:30,77333,Bundesliga 25/26,25/26,Bundesliga,Matchweek 5,Sun,Away,W,2.0,1.0,1. FC Köln,57.0,,,,,,https://www.sofascore.com/vfb-stuttgart-1-fc-koln/wdbsCdb,Ended,VfB Stuttgart,for,1.87,1.08,3.0,2.0,2.0,1.0,1.0,1.0,8.0,8.0,12.0,12.0,507.0,383.0,431.0,309.0,14.0,9.0,11.0,12.0,1.0,4.0,2.0,2.0,0.0,0.0,5.0,3.0,6.0,3.0,4.0,5.0,10.0,10.0,5.0,5.0,1.0,0.0,31.0,27.0,25.0,24.0,4.0,7.0,47.0,53.0,6.0,8.0,28.0,26.0,8.0,14.0,3.0,5.0,4.0,11.0,16.0,20.0,0.0,1.0,1.0,0.0,4.0,11.0,85.0,80.7,0.125,0.072,0.333,0.467,0.13,-0.08,71.4,60.0
2025-09-28,14:30,77333,Bundesliga 25/26,25/26,Bundesliga,Matchweek 5,Sun,Home,D,0.0,0.0,Hamburger SV,34.0,,,,,,https://www.sofascore.com/hamburger-sv-1-fc-union-berlin/XabsBdb,Ended,1. FC Union Berlin,for,1.37,1.08,2.0,1.0,0.0,0.0,2.0,1.0,5.0,3.0,18.0,17.0,265.0,536.0,188.0,472.0,12.0,14.0,16.0,18.0,1.0,3.0,2.0,2.0,0.0,1.0,6.0,2.0,3.0,5.0,6.0,5.0,8.0,8.0,3.0,8.0,0.0,2.0,23.0,28.0,18.0,24.0,6.0,6.0,42.0,58.0,8.0,5.0,35.0,40.0,13.0,25.0,6.0,12.0,8.0,4.0,32.0,29.0,0.0,0.0,2.0,0.0,6.0,8.0,70.9,88.1,0.125,0.068,0.182,0.375,-1.37,-1.08,100.0,100.0
2025-09-28,14:30,77333,Bundesliga 25/26,25/26,Bundesliga,Matchweek 5,Sun,Away,D,0.0,0.0,1. FC Union Berlin,66.0,,,,,,https://www.sofascore.com/hamburger-sv-1-fc-union-berlin/XabsBdb,Ended,Hamburger SV,for,1.08,1.37,1.0,2.0,0.0,0.0,1.0,2.0,3.0,5.0,17.0,18.0,536.0,265.0,472.0,188.0,14.0,12.0,18.0,16.0,3.0,1.0,2.0,2.0,1.0,0.0,2.0,6.0,5.0,3.0,5.0,6.0,8.0,8.0,8.0,3.0,2.0,0.0,28.0,23.0,24.0,18.0,6.0,6.0,58.0,42.0,5.0,8.0,40.0,35.0,25.0,13.0,12.0,6.0,4.0,8.0,29.0,32.0,0.0,0.0,0.0,2.0,8.0,6.0,88.1,70.9,0.068,0.125,0.375,0.182,-1.08,-1.37,100.0,100.0
2025-10-03,15:30,77333,Bundesliga 25/26,25/26,Bundesliga,Matchweek 6,Fri,Home,L,0.0,1.0,1. FC Köln,61.0,,,,,,https://www.sofascore.com/1-fc-koln-tsg-hoffenheim/ubbswdb,Ended,TSG Hoffenheim,for,1.12,0.94,1.0,2.0,0.0,1.0,1.0,1.0,11.0,6.0,15.0,6.0,502.0,330.0,418.0,251.0,16.0,13.0,6.0,15.0,1.0,2.0,3.0,1.0,0.0,0.0,3.0,4.0,6.0,1.0,5.0,5.0,12.0,7.0,3.0,3.0,1.0,1.0,26.0,21.0,21.0,33.0,10.0,2.0,46.0,54.0,6.0,7.0,28.0,31.0,18.0,23.0,7.0,6.0,6.0,10.0,28.0,44.0,0.0,0.0,0.0,1.0,8.0,14.0,83.3,76.1,0.075,0.094,0.267,0.4,-1.12,0.06,75.0,100.0
2025-10-03,15:30,77333,Bundesliga 25/26,25/26,Bundesliga,Matchweek 6,Fri,Away,W,1.0,0.0,TSG Hoffenheim,39.0,,,,,,https://www.sofascore.com/1-fc-koln-tsg-hoffenheim/ubbswdb,Ended,1. FC Köln,for,0.94,1.12,2.0,1.0,1.0,0.0,1.0,1.0,6.0,11.0,6.0,15.0,330.0,502.0,251.0,418.0,13.0,16.0,15.0,6.0,2.0,1.0,1.0,3.0,0.0,0.0,4.0,3.0,1.0,6.0,5.0,5.0,7.0,12.0,3.0,3.0,1.0,1.0,21.0,26.0,33.0,21.0,2.0,10.0,54.0,46.0,7.0,6.0,31.0,28.0,23.0,18.0,6.0,7.0,10.0,6.0,44.0,28.0,0.0,0.0,1.0,0.0,14.0,8.0,76.1,83.3,0.094,0.075,0.4,0.267,0.06,-1.12,100.0,75.0
2025-10-04,10:30,77333,Bundesliga 25/26,25/26,Bundesliga,Matchweek 6,Sat,Home,D,1.0,1.0,RB Leipzig,50.0,,,,,,https://www.sofascore.com/rb-leipzig-borussia-dortmund/ydbskCo,Ended,Borussia Dortmund,for,0.89,1.09,0.0,1.0,0.0,1.0,0.0,0.0,7.0,7.0,13.0,14.0,492.0,497.0,417.0,422.0,15.0,29.0,14.0,13.0,2.0,3.0,1.0,3.0,0.0,0.0,2.0,2.0,6.0,4.0,6.0,6.0,7.0,8.0,8.0,5.0,0.0,0.0,27.0,25.0,24.0,24.0,3.0,4.0,42.0,58.0,15.0,8.0,35.0,53.0,12.0,11.0,7.0,11.0,7.0,15.0,29.0,34.0,0.0,0.0,0.0,0.0,6.0,9.0,84.8,84.9,0.059,0.084,0.2,0.231,0.11,-0.09,66.7,66.7
2025-10-04,10:30,77333,Bundesliga 25/26,25/26,Bundesliga,Matchweek 6,Sat,Away,D,1.0,1.0,Borussia Dortmund,50.0,,,,,,https://www.sofascore.com/rb-leipzig-borussia-dortmund/ydbskCo,Ended,RB Leipzig,for,1.09,0.89,1.0,0.0,1.0,0.0,0.0,0.0,7.0,7.0,14.0,13.0,497.0,492.0,422.0,417.0,29.0,15.0,13.0,14.0,3.0,2.0,3.0,1.0,0.0,0.0,2.0,2.0,4.0,6.0,6.0,6.0,8.0,7.0,5.0,8.0,0.0,0.0,25.0,27.0,24.0,24.0,4.0,3.0,58.0,42.0,8.0,15.0,53.0,35.0,11.0,12.0,11.0,7.0,15.0,7.0,34.0,29.0,0.0,0.0,0.0,0.0,9.0,6.0,84.9,84.8,0.084,0.059,0.231,0.2,-0.09,0.11,66.7,66.7
2025-10-04,10:30,77333,Bundesliga 25/26,25/26,Bundesliga,Matchweek 6,Sat,Home,W,2.0,0.0,1. FC Union Berlin,74.0,,,,,,https://www.sofascore.com/bayer-04-leverkusen-1-fc-union-berlin/XabsGdb,Ended,Bayer 04 Leverkusen,for,2.87,0.74,5.0,2.0,2.0,0.0,3.0,2.0,4.0,4.0,11.0,13.0,823.0,279.0,755.0,201.0,13.0,15.0,13.0,11.0,1.0,0.0,1.0,3.0,0.0,0.0,3.0,1.0,5.0,2.0,12.0,5.0,8.0,7.0,12.0,3.0,0.0,1.0,24.0,14.0,33.0,16.0,2.0,3.0,58.0,42.0,13.0,9.0,35.0,29.0,20.0,11.0,10.0,4.0,8.0,11.0,19.0,26.0,0.0,2.0,0.0,0.0,7.0,11.0,91.7,72.0,0.144,0.074,0.15,0.3,-0.87,-0.74,100.0,33.3
2025-10-04,10:30,77333,Bundesliga 25/26,25/26,Bundesliga,Matchweek 6,Sat,Away,L,0.0,2.0,Bayer 04 Leverkusen,26.0,,,,,,https://www.sofascore.com/bayer-04-leverkusen-1-fc-union-berlin/XabsGdb,Ended,1. FC Union Berlin,for,0.74,2.87,2.0,5.0,0.0,2.0,2.0,3.0,4.0,4.0,13.0,11.0,279.0,823.0,201.0,755.0,15.0,13.0,11.0,13.0,0.0,1.0,3.0,1.0,0.0,0.0,1.0,3.0,2.0,5.0,5.0,12.0,7.0,8.0,3.0,12.0,1.0,0.0,14.0,24.0,16.0,33.0,3.0,2.0,42.0,58.0,9.0,13.0,29.0,35.0,11.0,20.0,4.0,10.0,11.0,8.0,26.0,19.0,2.0,0.0,0.0,0.0,11.0,7.0,72.0,91.7,0.074,0.144,0.3,0.15,-0.74,-0.87,33.3,100.0
2025-10-04,10:30,77333,Bundesliga 25/26,25/26,Bundesliga,Matchweek 6,Sat,Home,W,3.0,1.0,VfL Wolfsburg,47.0,,,,,,https://www.sofascore.com/fc-augsburg-vfl-wolfsburg/zabsacb,Ended,FC Augsburg,for,1.71,1.19,3.0,1.0,2.0,0.0,1.0,1.0,10.0,5.0,9.0,7.0,371.0,431.0,286.0,354.0,10.0,24.0,7.0,9.0,5.0,2.0,2.0,1.0,0.0,0.0,3.0,2.0,2.0,3.0,3.0,7.0,8.0,10.0,2.0,4.0,0.0,1.0,19.0,27.0,26.0,28.0,3.0,5.0,43.0,57.0,13.0,3.0,21.0,35.0,13.0,11.0,7.0,2.0,6.0,16.0,20.0,30.0,0.0,1.0,0.0,0.0,13.0,7.0,77.1,82.1,0.171,0.085,0.5,0.286,1.29,-0.19,75.0,40.0
2025-10-04,10:30,77333,Bundesliga 25/26,25/26,Bundesliga,Matchweek 6,Sat,Away,L,1.0,3.0,FC Augsburg,53.0,,,,,,https://www.sofascore.com/fc-augsburg-vfl-wolfsburg/zabsacb,Ended,VfL Wolfsburg,for,1.19,1.71,1.0,3.0,0.0,2.0,1.0,1.0,5.0,10.0,7.0,9.0,431.0,371.0,354.0,286.0,24.0,10.0,9.0,7.0,2.0,5.0,1.0,2.0,0.0,0.0,2.0,3.0,3.0,2.0,7.0,3.0,10.0,8.0,4.0,2.0,1.0,0.0,27.0,19.0,28.0,26.0,5.0,3.0,57.0,43.0,3.0,13.0,35.0,21.0,11.0,13.0,2.0,7.0,16.0,6.0,30.0,20.0,1.0,0.0,0.0,0.0,7.0,13.0,82.1,77.1,0.085,0.171,0.286,0.5,-0.19,1.29,40.0,75.0
2025-10-04,10:30,77333,Bundesliga 25/26,25/26,Bundesliga,Matchweek 6,Sat,Home,W,1.0,0.0,FC St. Pauli,41.0,,,,,,https://www.sofascore.com/sv-werder-bremen-fc-st-pauli/BabsJab,Ended,SV Werder Bremen,for,1.86,0.76,2.0,1.0,0.0,0.0,2.0,1.0,4.0,0.0,8.0,9.0,463.0,652.0,359.0,539.0,22.0,16.0,9.0,8.0,3.0,1.0,3.0,1.0,0.0,0.0,3.0,4.0,7.0,4.0,3.0,6.0,8.0,6.0,7.0,7.0,0.0,2.0,21.0,13.0,28.0,21.0,1.0,2.0,55.0,45.0,4.0,14.0,36.0,32.0,20.0,13.0,7.0,8.0,13.0,10.0,35.0,15.0,0.0,2.0,0.0,0.0,12.0,3.0,77.5,82.7,0.124,0.058,0.333,0.231,-0.86,-0.76,100.0,80.0
2025-10-04,10:30,77333,Bundesliga 25/26,25/26,Bundesliga,Matchweek 6,Sat,Away,L,0.0,1.0,SV Werder Bremen,59.0,,,,,,https://www.sofascore.com/sv-werder-bremen-fc-st-pauli/BabsJab,Ended,FC St. Pauli,for,0.76,1.86,1.0,2.0,0.0,0.0,1.0,2.0,0.0,4.0,9.0,8.0,652.0,463.0,539.0,359.0,16.0,22.0,8.0,9.0,1.0,3.0,1.0,3.0,0.0,0.0,4.0,3.0,4.0,7.0,6.0,3.0,6.0,8.0,7.0,7.0,2.0,0.0,13.0,21.0,21.0,28.0,2.0,1.0,45.0,55.0,14.0,4.0,32.0,36.0,13.0,20.0,8.0,7.0,10.0,13.0,15.0,35.0,2.0,0.0,0.0,0.0,3.0,12.0,82.7,77.5,0.058,0.124,0.231,0.333,-0.76,-0.86,80.0,100.0
2025-10-04,13:30,77333,Bundesliga 25/26,25/26,Bundesliga,Matchweek 6,Sat,Home,L,0.0,3.0,FC Bayern München,40.0,,,,,,https://www.sofascore.com/eintracht-frankfurt-fc-bayern-munchen/xdbszdb,Ended,Eintracht Frankfurt,for,0.32,1.72,1.0,4.0,0.0,2.0,1.0,2.0,4.0,3.0,11.0,11.0,458.0,711.0,370.0,635.0,21.0,10.0,11.0,11.0,0.0,5.0,1.0,2.0,0.0,0.0,0.0,1.0,0.0,4.0,5.0,5.0,2.0,9.0,4.0,3.0,0.0,0.0,9.0,30.0,13.0,26.0,1.0,2.0,58.0,42.0,6.0,7.0,38.0,24.0,5.0,7.0,7.0,4.0,13.0,5.0,19.0,17.0,0.0,2.0,1.0,0.0,6.0,7.0,80.8,89.3,0.053,0.143,0.167,0.25,-0.32,1.28,0.0,100.0
2025-10-04,13:30,77333,Bundesliga 25/26,25/26,Bundesliga,Matchweek 6,Sat,Away,W,3.0,0.0,Eintracht Frankfurt,60.0,,,,,,https://www.sofascore.com/eintracht-frankfurt-fc-bayern-munchen/xdbszdb,Ended,FC Bayern München,for,1.72,0.32,4.0,1.0,2.0,0.0,2.0,1.0,3.0,4.0,11.0,11.0,711.0,458.0,635.0,370.0,10.0,21.0,11.0,11.0,5.0,0.0,2.0,1.0,0.0,0.0,1.0,0.0,4.0,0.0,5.0,5.0,9.0,2.0,3.0,4.0,0.0,0.0,30.0,9.0,26.0,13.0,2.0,1.0,42.0,58.0,7.0,6.0,24.0,38.0,7.0,5.0,4.0,7.0,5.0,13.0,17.0,19.0,2.0,0.0,0.0,1.0,7.0,6.0,89.3,80.8,0.143,0.053,0.25,0.167,1.28,-0.32,100.0,0.0
2025-10-05,12:30,77333,Bundesliga 25/26,25/26,Bundesliga,Matchweek 6,Sun,Home,W,4.0,0.0,1. FSV Mainz 05,35.0,,,,,,https://www.sofascore.com/hamburger-sv-1-fsv-mainz-05/gbbsBdb,Ended,Hamburger SV,for,1.91,0.67,2.0,0.0,2.0,0.0,0.0,0.0,1.0,4.0,14.0,13.0,285.0,514.0,194.0,428.0,20.0,10.0,13.0,14.0,3.0,3.0,2.0,3.0,0.0,0.0,4.0,5.0,1.0,3.0,5.0,4.0,10.0,7.0,5.0,4.0,1.0,0.0,15.0,23.0,24.0,23.0,1.0,8.0,51.0,49.0,5.0,13.0,39.0,32.0,19.0,24.0,6.0,8.0,14.0,16.0,37.0,31.0,1.0,1.0,1.0,0.0,5.0,6.0,68.1,83.3,0.127,0.061,0.6,0.364,2.09,-0.67,100.0,55.6
2025-10-05,12:30,77333,Bundesliga 25/26,25/26,Bundesliga,Matchweek 6,Sun,Away,L,0.0,4.0,Hamburger SV,65.0,,,,,,https://www.sofascore.com/hamburger-sv-1-fsv-mainz-05/gbbsBdb,Ended,1. FSV Mainz 05,for,0.67,1.91,0.0,2.0,0.0,2.0,0.0,0.0,4.0,1.0,13.0,14.0,514.0,285.0,428.0,194.0,10.0,20.0,14.0,13.0,3.0,3.0,3.0,2.0,0.0,0.0,5.0,4.0,3.0,1.0,4.0,5.0,7.0,10.0,4.0,5.0,0.0,1.0,23.0,15.0,23.0,24.0,8.0,1.0,49.0,51.0,13.0,5.0,32.0,39.0,24.0,19.0,8.0,6.0,16.0,14.0,31.0,37.0,1.0,1.0,0.0,1.0,6.0,5.0,83.3,68.1,0.061,0.127,0.364,0.6,-0.67,2.09,55.6,100.0
2025-10-05,14:30,77333,Bundesliga 25/26,25/26,Bundesliga,Matchweek 6,Sun,Home,D,0.0,0.0,SC Freiburg,53.0,,,,,,https://www.sofascore.com/sc-freiburg-borussia-mgladbach/CabsNab,Ended,Borussia M'gladbach,for,0.58,0.7,0.0,0.0,0.0,0.0,0.0,0.0,4.0,1.0,15.0,7.0,464.0,412.0,402.0,346.0,21.0,17.0,7.0,15.0,0.0,3.0,3.0,1.0,0.0,0.0,1.0,5.0,1.0,2.0,3.0,9.0,4.0,7.0,5.0,5.0,1.0,0.0,17.0,25.0,28.0,19.0,4.0,6.0,50.0,50.0,5.0,10.0,30.0,39.0,24.0,15.0,2.0,8.0,8.0,6.0,32.0,25.0,0.0,0.0,2.0,0.0,12.0,5.0,86.6,84.0,0.064,0.058,0.556,0.083,-0.58,-0.7,100.0,100.0
2025-10-05,14:30,77333,Bundesliga 25/26,25/26,Bundesliga,Matchweek 6,Sun,Away,D,0.0,0.0,Borussia M'gladbach,47.0,,,,,,https://www.sofascore.com/sc-freiburg-borussia-mgladbach/CabsNab,Ended,SC Freiburg,for,0.7,0.58,0.0,0.0,0.0,0.0,0.0,0.0,1.0,4.0,7.0,15.0,412.0,464.0,346.0,402.0,17.0,21.0,15.0,7.0,3.0,0.0,1.0,3.0,0.0,0.0,5.0,1.0,2.0,1.0,9.0,3.0,7.0,4.0,5.0,5.0,0.0,1.0,25.0,17.0,19.0,28.0,6.0,4.0,50.0,50.0,10.0,5.0,39.0,30.0,15.0,24.0,8.0,2.0,6.0,8.0,25.0,32.0,0.0,0.0,0.0,2.0,5.0,12.0,84.0,86.6,0.058,0.064,0.083,0.556,-0.7,-0.58,100.0,100.0
2025-10-17,15:30,77333,Bundesliga 25/26,25/26,Bundesliga,Matchweek 7,Fri,Home,W,3.0,1.0,Borussia M'gladbach,37.0,,,,,,https://www.sofascore.com/1-fc-union-berlin-borussia-mgladbach/CabsXab,Ended,1. FC Union Berlin,for,1.23,0.63,3.0,2.0,2.0,1.0,1.0,1.0,6.0,6.0,21.0,15.0,277.0,497.0,195.0,419.0,14.0,21.0,15.0,21.0,1.0,2.0,5.0,3.0,0.0,0.0,1.0,2.0,4.0,2.0,7.0,4.0,11.0,5.0,5.0,3.0,0.0,0.0,29.0,22.0,29.0,16.0,5.0,3.0,48.0,52.0,12.0,6.0,31.0,45.0,27.0,18.0,4.0,4.0,7.0,2.0,36.0,37.0,0.0,1.0,2.0,0.0,5.0,10.0,70.4,84.3,0.077,0.079,0.312,0.25,1.77,0.37,50.0,40.0
2025-10-17,15:30,77333,Bundesliga 25/26,25/26,Bundesliga,Matchweek 7,Fri,Away,L,1.0,3.0,1. FC Union Berlin,63.0,,,,,,https://www.sofascore.com/1-fc-union-berlin-borussia-mgladbach/CabsXab,Ended,Borussia M'gladbach,for,0.63,1.23,2.0,3.0,1.0,2.0,1.0,1.0,6.0,6.0,15.0,21.0,497.0,277.0,419.0,195.0,21.0,14.0,21.0,15.0,2.0,1.0,3.0,5.0,0.0,0.0,2.0,1.0,2.0,4.0,4.0,7.0,5.0,11.0,3.0,5.0,0.0,0.0,22.0,29.0,16.0,29.0,3.0,5.0,52.0,48.0,6.0,12.0,45.0,31.0,18.0,27.0,4.0,4.0,2.0,7.0,37.0,36.0,1.0,0.0,0.0,2.0,10.0,5.0,84.3,70.4,0.079,0.077,0.25,0.312,0.37,1.77,40.0,50.0
2025-10-18,10:30,77333,Bundesliga 25/26,25/26,Bundesliga,Matchweek 7,Sat,Home,L,3.0,4.0,Bayer 04 Leverkusen,42.0,,,,,,https://www.sofascore.com/bayer-04-leverkusen-1-fsv-mainz-05/gbbsGdb,Ended,1. FSV Mainz 05,for,1.66,3.48,2.0,7.0,2.0,3.0,0.0,4.0,2.0,3.0,20.0,12.0,400.0,559.0,289.0,457.0,10.0,16.0,11.0,19.0,2.0,0.0,4.0,4.0,0.0,0.0,3.0,1.0,4.0,6.0,4.0,6.0,6.0,18.0,6.0,2.0,2.0,2.0,28.0,38.0,16.0,38.0,2.0,2.0,44.0,56.0,13.0,8.0,27.0,43.0,21.0,17.0,5.0,11.0,10.0,6.0,37.0,36.0,1.0,1.0,0.0,0.0,7.0,9.0,72.2,81.8,0.138,0.174,0.333,0.4,1.34,0.52,37.5,25.0
2025-10-18,10:30,77333,Bundesliga 25/26,25/26,Bundesliga,Matchweek 7,Sat,Away,W,4.0,3.0,1. FSV Mainz 05,58.0,,,,,,https://www.sofascore.com/bayer-04-leverkusen-1-fsv-mainz-05/gbbsGdb,Ended,Bayer 04 Leverkusen,for,3.48,1.66,7.0,2.0,3.0,2.0,4.0,0.0,3.0,2.0,12.0,20.0,559.0,400.0,457.0,289.0,16.0,10.0,19.0,11.0,0.0,2.0,4.0,4.0,0.0,0.0,1.0,3.0,6.0,4.0,6.0,4.0,18.0,6.0,2.0,6.0,2.0,2.0,38.0,28.0,38.0,16.0,2.0,2.0,56.0,44.0,8.0,13.0,43.0,27.0,17.0,21.0,11.0,5.0,6.0,10.0,36.0,37.0,1.0,1.0,0.0,0.0,9.0,7.0,81.8,72.2,0.174,0.138,0.4,0.333,0.52,1.34,25.0,37.5
2025-10-18,10:30,77333,Bundesliga 25/26,25/26,Bundesliga,Matchweek 7,Sat,Home,W,2.0,1.0,Hamburger SV,47.0,,,,,,https://www.sofascore.com/rb-leipzig-hamburger-sv/BdbskCo,Ended,RB Leipzig,for,1.06,1.53,3.0,2.0,2.0,0.0,1.0,2.0,3.0,5.0,13.0,12.0,468.0,518.0,393.0,446.0,12.0,18.0,12.0,13.0,0.0,1.0,3.0,1.0,0.0,0.0,2.0,2.0,2.0,5.0,4.0,7.0,5.0,10.0,5.0,5.0,2.0,1.0,19.0,26.0,15.0,26.0,2.0,5.0,43.0,57.0,8.0,9.0,32.0,37.0,7.0,15.0,8.0,6.0,15.0,6.0,42.0,23.0,1.0,0.0,1.0,1.0,11.0,7.0,84.0,86.1,0.106,0.102,0.4,0.2,0.94,-0.53,66.7,50.0
2025-10-18,10:30,77333,Bundesliga 25/26,25/26,Bundesliga,Matchweek 7,Sat,Away,L,1.0,2.0,RB Leipzig,53.0,,,,,,https://www.sofascore.com/rb-leipzig-hamburger-sv/BdbskCo,Ended,Hamburger SV,for,1.53,1.06,2.0,3.0,0.0,2.0,2.0,1.0,5.0,3.0,12.0,13.0,518.0,468.0,446.0,393.0,18.0,12.0,13.0,12.0,1.0,0.0,1.0,3.0,0.0,0.0,2.0,2.0,5.0,2.0,7.0,4.0,10.0,5.0,5.0,5.0,1.0,2.0,26.0,19.0,26.0,15.0,5.0,2.0,57.0,43.0,9.0,8.0,37.0,32.0,15.0,7.0,6.0,8.0,6.0,15.0,23.0,42.0,0.0,1.0,1.0,1.0,7.0,11.0,86.1,84.0,0.102,0.106,0.2,0.4,-0.53,0.94,50.0,66.7
2025-10-18,10:30,77333,Bundesliga 25/26,25/26,Bundesliga,Matchweek 7,Sat,Home,L,0.0,3.0,VfB Stuttgart,41.0,,,,,,https://www.sofascore.com/vfb-stuttgart-vfl-wolfsburg/zabsCdb,Ended,VfL Wolfsburg,for,0.32,1.9,0.0,4.0,0.0,3.0,0.0,1.0,3.0,8.0,12.0,8.0,412.0,598.0,315.0,502.0,13.0,16.0,8.0,12.0,0.0,1.0,1.0,1.0,0.0,0.0,4.0,3.0,5.0,3.0,3.0,5.0,7.0,11.0,4.0,4.0,0.0,0.0,24.0,30.0,27.0,18.0,4.0,8.0,46.0,54.0,7.0,7.0,23.0,35.0,20.0,15.0,2.0,8.0,12.0,6.0,29.0,18.0,0.0,0.0,0.0,0.0,10.0,7.0,76.5,83.9,0.029,0.127,0.273,0.467,-0.32,1.1,57.1,100.0
2025-10-18,10:30,77333,Bundesliga 25/26,25/26,Bundesliga,Matchweek 7,Sat,Away,W,3.0,0.0,VfL Wolfsburg,59.0,,,,,,https://www.sofascore.com/vfb-stuttgart-vfl-wolfsburg/zabsCdb,Ended,VfB Stuttgart,for,1.9,0.32,4.0,0.0,3.0,0.0,1.0,0.0,8.0,3.0,8.0,12.0,598.0,412.0,502.0,315.0,16.0,13.0,12.0,8.0,1.0,0.0,1.0,1.0,0.0,0.0,3.0,4.0,3.0,5.0,5.0,3.0,11.0,7.0,4.0,4.0,0.0,0.0,30.0,24.0,18.0,27.0,8.0,4.0,54.0,46.0,7.0,7.0,35.0,23.0,15.0,20.0,8.0,2.0,6.0,12.0,18.0,29.0,0.0,0.0,0.0,0.0,7.0,10.0,83.9,76.5,0.127,0.029,0.467,0.273,1.1,-0.32,100.0,57.1
2025-10-18,10:30,77333,Bundesliga 25/26,25/26,Bundesliga,Matchweek 7,Sat,Home,D,2.0,2.0,SV Werder Bremen,55.0,,,,,,https://www.sofascore.com/1-fc-heidenheim-sv-werder-bremen/JabsKrc,Ended,1. FC Heidenheim,for,3.26,1.31,3.0,4.0,2.0,2.0,1.0,2.0,12.0,2.0,9.0,11.0,465.0,393.0,384.0,307.0,12.0,13.0,11.0,9.0,2.0,0.0,1.0,3.0,0.0,0.0,2.0,9.0,10.0,2.0,10.0,5.0,17.0,8.0,14.0,3.0,0.0,0.0,36.0,24.0,44.0,28.0,9.0,4.0,49.0,51.0,10.0,7.0,33.0,28.0,12.0,18.0,11.0,6.0,8.0,7.0,19.0,37.0,0.0,0.0,0.0,1.0,6.0,8.0,82.6,78.1,0.105,0.119,0.355,0.364,-1.26,0.69,50.0,81.8
2025-10-18,10:30,77333,Bundesliga 25/26,25/26,Bundesliga,Matchweek 7,Sat,Away,D,2.0,2.0,1. FC Heidenheim,45.0,,,,,,https://www.sofascore.com/1-fc-heidenheim-sv-werder-bremen/JabsKrc,Ended,SV Werder Bremen,for,1.31,3.26,4.0,3.0,2.0,2.0,2.0,1.0,2.0,12.0,11.0,9.0,393.0,465.0,307.0,384.0,13.0,12.0,9.0,11.0,0.0,2.0,3.0,1.0,0.0,0.0,9.0,2.0,2.0,10.0,5.0,10.0,8.0,17.0,3.0,14.0,0.0,0.0,24.0,36.0,28.0,44.0,4.0,9.0,51.0,49.0,7.0,10.0,28.0,33.0,18.0,12.0,6.0,11.0,7.0,8.0,37.0,19.0,0.0,0.0,1.0,0.0,8.0,6.0,78.1,82.6,0.119,0.105,0.364,0.355,0.69,-1.26,81.8,50.0
2025-10-18,10:30,77333,Bundesliga 25/26,25/26,Bundesliga,Matchweek 7,Sat,Home,D,1.0,1.0,FC Augsburg,56.0,,,,,,https://www.sofascore.com/1-fc-koln-fc-augsburg/acbswdb,Ended,1. FC Köln,for,0.58,1.12,0.0,2.0,0.0,1.0,0.0,1.0,5.0,2.0,10.0,17.0,487.0,390.0,377.0,283.0,17.0,15.0,17.0,9.0,6.0,0.0,2.0,2.0,0.0,0.0,3.0,1.0,2.0,2.0,5.0,4.0,3.0,2.0,6.0,8.0,0.0,0.0,19.0,12.0,26.0,16.0,3.0,2.0,58.0,42.0,8.0,7.0,39.0,31.0,31.0,19.0,7.0,6.0,12.0,11.0,29.0,39.0,0.0,0.0,0.0,2.0,4.0,10.0,77.4,72.6,0.064,0.112,0.222,0.4,0.42,-0.12,75.0,50.0
2025-10-18,10:30,77333,Bundesliga 25/26,25/26,Bundesliga,Matchweek 7,Sat,Away,D,1.0,1.0,1. FC Köln,44.0,,,,,,https://www.sofascore.com/1-fc-koln-fc-augsburg/acbswdb,Ended,FC Augsburg,for,1.12,0.58,2.0,0.0,1.0,0.0,1.0,0.0,2.0,5.0,17.0,10.0,390.0,487.0,283.0,377.0,15.0,17.0,9.0,17.0,0.0,6.0,2.0,2.0,0.0,0.0,1.0,3.0,2.0,2.0,4.0,5.0,2.0,3.0,8.0,6.0,0.0,0.0,12.0,19.0,16.0,26.0,2.0,3.0,42.0,58.0,7.0,8.0,31.0,39.0,19.0,31.0,6.0,7.0,11.0,12.0,39.0,29.0,0.0,0.0,2.0,0.0,10.0,4.0,72.6,77.4,0.112,0.064,0.4,0.222,-0.12,0.42,50.0,75.0
2025-10-18,13:30,77333,Bundesliga 25/26,25/26,Bundesliga,Matchweek 7,Sat,Home,W,2.0,1.0,Borussia Dortmund,61.0,,,,,,https://www.sofascore.com/borussia-dortmund-fc-bayern-munchen/xdbsydb,Ended,FC Bayern München,for,2.48,1.58,3.0,2.0,2.0,1.0,1.0,1.0,4.0,3.0,12.0,17.0,586.0,369.0,516.0,285.0,11.0,18.0,17.0,12.0,2.0,1.0,1.0,3.0,0.0,0.0,0.0,6.0,3.0,3.0,5.0,4.0,12.0,5.0,3.0,3.0,0.0,0.0,28.0,12.0,46.0,35.0,3.0,4.0,41.0,59.0,10.0,7.0,31.0,38.0,6.0,16.0,4.0,9.0,8.0,12.0,17.0,18.0,1.0,0.0,0.0,1.0,5.0,9.0,88.1,77.2,0.165,0.198,0.467,0.125,-0.48,-0.58,0.0,85.7
2025-10-18,13:30,77333,Bundesliga 25/26,25/26,Bundesliga,Matchweek 7,Sat,Away,L,1.0,2.0,FC Bayern München,39.0,,,,,,https://www.sofascore.com/borussia-dortmund-fc-bayern-munchen/xdbsydb,Ended,Borussia Dortmund,for,1.58,2.48,2.0,3.0,1.0,2.0,1.0,1.0,3.0,4.0,17.0,12.0,369.0,586.0,285.0,516.0,18.0,11.0,12.0,17.0,1.0,2.0,3.0,1.0,0.0,0.0,6.0,0.0,3.0,3.0,4.0,5.0,5.0,12.0,3.0,3.0,0.0,0.0,12.0,28.0,35.0,46.0,4.0,3.0,59.0,41.0,7.0,10.0,38.0,31.0,16.0,6.0,9.0,4.0,12.0,8.0,18.0,17.0,0.0,1.0,1.0,0.0,9.0,5.0,77.2,88.1,0.198,0.165,0.125,0.467,-0.58,-0.48,85.7,0.0
2025-10-19,10:30,77333,Bundesliga 25/26,25/26,Bundesliga,Matchweek 7,Sun,Home,D,2.0,2.0,Eintracht Frankfurt,51.0,,,,,,https://www.sofascore.com/eintracht-frankfurt-sc-freiburg/Nabszdb,Ended,SC Freiburg,for,1.14,0.89,2.0,2.0,1.0,2.0,1.0,0.0,3.0,1.0,6.0,15.0,430.0,424.0,350.0,323.0,16.0,25.0,15.0,6.0,4.0,0.0,2.0,3.0,0.0,0.0,1.0,3.0,2.0,3.0,5.0,2.0,10.0,7.0,2.0,1.0,0.0,0.0,27.0,21.0,23.0,22.0,10.0,1.0,52.0,48.0,11.0,7.0,40.0,31.0,12.0,17.0,9.0,1.0,12.0,9.0,25.0,38.0,0.0,0.0,0.0,0.0,2.0,8.0,81.4,76.2,0.095,0.111,0.417,0.375,0.86,1.11,33.3,60.0
2025-10-19,10:30,77333,Bundesliga 25/26,25/26,Bundesliga,Matchweek 7,Sun,Away,D,2.0,2.0,SC Freiburg,49.0,,,,,,https://www.sofascore.com/eintracht-frankfurt-sc-freiburg/Nabszdb,Ended,Eintracht Frankfurt,for,0.89,1.14,2.0,2.0,2.0,1.0,0.0,1.0,1.0,3.0,15.0,6.0,424.0,430.0,323.0,350.0,25.0,16.0,6.0,15.0,0.0,4.0,3.0,2.0,0.0,0.0,3.0,1.0,3.0,2.0,2.0,5.0,7.0,10.0,1.0,2.0,0.0,0.0,21.0,27.0,22.0,23.0,1.0,10.0,48.0,52.0,7.0,11.0,31.0,40.0,17.0,12.0,1.0,9.0,9.0,12.0,38.0,25.0,0.0,0.0,0.0,0.0,8.0,2.0,76.2,81.4,0.111,0.095,0.375,0.417,1.11,0.86,60.0,33.3
2025-10-19,12:30,77333,Bundesliga 25/26,25/26,Bundesliga,Matchweek 7,Sun,Home,L,0.0,3.0,TSG Hoffenheim,49.0,,,,,,https://www.sofascore.com/tsg-hoffenheim-fc-st-pauli/Babsubb,Ended,FC St. Pauli,for,0.99,2.34,1.0,5.0,0.0,3.0,1.0,2.0,9.0,7.0,10.0,17.0,416.0,443.0,317.0,354.0,20.0,14.0,17.0,10.0,4.0,2.0,1.0,3.0,0.0,0.0,3.0,2.0,6.0,3.0,2.0,6.0,4.0,10.0,6.0,4.0,1.0,2.0,15.0,27.0,27.0,24.0,1.0,4.0,56.0,44.0,7.0,11.0,38.0,27.0,12.0,13.0,4.0,3.0,9.0,11.0,21.0,41.0,0.0,1.0,1.0,2.0,8.0,6.0,76.2,79.9,0.099,0.167,0.2,0.357,-0.99,0.66,60.0,100.0
2025-10-19,12:30,77333,Bundesliga 25/26,25/26,Bundesliga,Matchweek 7,Sun,Away,W,3.0,0.0,FC St. Pauli,51.0,,,,,,https://www.sofascore.com/tsg-hoffenheim-fc-st-pauli/Babsubb,Ended,TSG Hoffenheim,for,2.34,0.99,5.0,1.0,3.0,0.0,2.0,1.0,7.0,9.0,17.0,10.0,443.0,416.0,354.0,317.0,14.0,20.0,10.0,17.0,2.0,4.0,3.0,1.0,0.0,0.0,2.0,3.0,3.0,6.0,6.0,2.0,10.0,4.0,4.0,6.0,2.0,1.0,27.0,15.0,24.0,27.0,4.0,1.0,44.0,56.0,11.0,7.0,27.0,38.0,13.0,12.0,3.0,4.0,11.0,9.0,41.0,21.0,1.0,0.0,2.0,1.0,6.0,8.0,79.9,76.2,0.167,0.099,0.357,0.2,0.66,-0.99,100.0,60.0
2025-10-24,15:30,77333,Bundesliga 25/26,25/26,Bundesliga,Matchweek 8,Fri,Home,W,1.0,0.0,1. FC Union Berlin,58.0,,,,,,https://www.sofascore.com/1-fc-union-berlin-sv-werder-bremen/JabsXab,Ended,SV Werder Bremen,for,0.95,0.58,1.0,0.0,0.0,0.0,1.0,0.0,5.0,6.0,6.0,13.0,505.0,364.0,410.0,269.0,16.0,18.0,13.0,6.0,0.0,2.0,4.0,0.0,0.0,0.0,2.0,2.0,8.0,3.0,5.0,7.0,6.0,7.0,10.0,5.0,1.0,0.0,15.0,20.0,20.0,18.0,3.0,5.0,54.0,46.0,9.0,9.0,34.0,27.0,22.0,20.0,6.0,3.0,10.0,9.0,45.0,34.0,0.0,0.0,3.0,0.0,10.0,11.0,81.2,73.9,0.059,0.048,0.188,0.167,0.05,-0.58,100.0,66.7
2025-10-24,15:30,77333,Bundesliga 25/26,25/26,Bundesliga,Matchweek 8,Fri,Away,L,0.0,1.0,SV Werder Bremen,42.0,,,,,,https://www.sofascore.com/1-fc-union-berlin-sv-werder-bremen/JabsXab,Ended,1. FC Union Berlin,for,0.58,0.95,0.0,1.0,0.0,0.0,0.0,1.0,6.0,5.0,13.0,6.0,364.0,505.0,269.0,410.0,18.0,16.0,6.0,13.0,2.0,0.0,0.0,4.0,0.0,0.0,2.0,2.0,3.0,8.0,7.0,5.0,7.0,6.0,5.0,10.0,0.0,1.0,20.0,15.0,18.0,20.0,5.0,3.0,46.0,54.0,9.0,9.0,27.0,34.0,20.0,22.0,3.0,6.0,9.0,10.0,34.0,45.0,0.0,0.0,0.0,3.0,11.0,10.0,73.9,81.2,0.048,0.059,0.167,0.188,-0.58,0.05,66.7,100.0
2025-10-25,10:30,77333,Bundesliga 25/26,25/26,Bundesliga,Matchweek 8,Sat,Home,L,0.0,6.0,RB Leipzig,50.0,,,,,,https://www.sofascore.com/rb-leipzig-fc-augsburg/acbskCo,Ended,FC Augsburg,for,0.73,2.77,0.0,6.0,0.0,5.0,0.0,1.0,2.0,3.0,9.0,10.0,575.0,586.0,486.0,512.0,20.0,17.0,10.0,9.0,2.0,0.0,3.0,1.0,0.0,0.0,2.0,2.0,6.0,4.0,7.0,3.0,5.0,10.0,10.0,5.0,0.0,0.0,18.0,32.0,17.0,21.0,2.0,1.0,55.0,45.0,10.0,12.0,47.0,36.0,7.0,8.0,17.0,11.0,4.0,9.0,16.0,28.0,0.0,2.0,0.0,2.0,3.0,13.0,84.5,87.4,0.049,0.185,0.133,0.533,-0.73,3.23,25.0,100.0
2025-10-25,10:30,77333,Bundesliga 25/26,25/26,Bundesliga,Matchweek 8,Sat,Away,W,6.0,0.0,FC Augsburg,50.0,,,,,,https://www.sofascore.com/rb-leipzig-fc-augsburg/acbskCo,Ended,RB Leipzig,for,2.77,0.73,6.0,0.0,5.0,0.0,1.0,0.0,3.0,2.0,10.0,9.0,586.0,575.0,512.0,486.0,17.0,20.0,9.0,10.0,0.0,2.0,1.0,3.0,0.0,0.0,2.0,2.0,4.0,6.0,3.0,7.0,10.0,5.0,5.0,10.0,0.0,0.0,32.0,18.0,21.0,17.0,1.0,2.0,45.0,55.0,12.0,10.0,36.0,47.0,8.0,7.0,11.0,17.0,9.0,4.0,28.0,16.0,2.0,0.0,2.0,0.0,13.0,3.0,87.4,84.5,0.185,0.049,0.533,0.133,3.23,-0.73,100.0,25.0
2025-10-25,10:30,77333,Bundesliga 25/26,25/26,Bundesliga,Matchweek 8,Sat,Home,W,2.0,0.0,FC St. Pauli,51.0,,,,,,https://www.sofascore.com/eintracht-frankfurt-fc-st-pauli/Babszdb,Ended,Eintracht Frankfurt,for,2.26,0.39,4.0,2.0,2.0,0.0,2.0,2.0,1.0,3.0,11.0,6.0,552.0,520.0,473.0,440.0,16.0,17.0,6.0,11.0,2.0,4.0,0.0,1.0,0.0,0.0,1.0,4.0,2.0,2.0,2.0,6.0,8.0,3.0,2.0,6.0,0.0,0.0,22.0,14.0,23.0,18.0,2.0,2.0,48.0,52.0,13.0,8.0,30.0,35.0,13.0,12.0,8.0,7.0,9.0,7.0,22.0,17.0,0.0,0.0,3.0,1.0,8.0,4.0,85.7,84.6,0.226,0.043,0.6,0.111,-0.26,-0.39,100.0,66.7
2025-10-25,10:30,77333,Bundesliga 25/26,25/26,Bundesliga,Matchweek 8,Sat,Away,L,0.0,2.0,Eintracht Frankfurt,49.0,,,,,,https://www.sofascore.com/eintracht-frankfurt-fc-st-pauli/Babszdb,Ended,FC St. Pauli,for,0.39,2.26,2.0,4.0,0.0,2.0,2.0,2.0,3.0,1.0,6.0,11.0,520.0,552.0,440.0,473.0,17.0,16.0,11.0,6.0,4.0,2.0,1.0,0.0,0.0,0.0,4.0,1.0,2.0,2.0,6.0,2.0,3.0,8.0,6.0,2.0,0.0,0.0,14.0,22.0,18.0,23.0,2.0,2.0,52.0,48.0,8.0,13.0,35.0,30.0,12.0,13.0,7.0,8.0,7.0,9.0,17.0,22.0,0.0,0.0,1.0,3.0,4.0,8.0,84.6,85.7,0.043,0.226,0.111,0.6,-0.39,-0.26,66.7,100.0
2025-10-25,10:30,77333,Bundesliga 25/26,25/26,Bundesliga,Matchweek 8,Sat,Home,L,0.0,1.0,VfL Wolfsburg,61.0,,,,,,https://www.sofascore.com/hamburger-sv-vfl-wolfsburg/zabsBdb,Ended,Hamburger SV,for,2.77,0.37,3.0,1.0,0.0,0.0,3.0,1.0,11.0,1.0,8.0,18.0,503.0,332.0,418.0,240.0,13.0,14.0,17.0,8.0,2.0,1.0,1.0,5.0,0.0,0.0,1.0,7.0,8.0,1.0,13.0,3.0,18.0,3.0,9.0,3.0,0.0,0.0,43.0,14.0,32.0,13.0,8.0,0.0,62.0,38.0,7.0,6.0,40.0,26.0,18.0,10.0,9.0,5.0,6.0,9.0,12.0,41.0,2.0,0.0,0.0,0.0,6.0,19.0,83.1,72.3,0.103,0.062,0.222,0.333,-2.77,0.63,50.0,116.7
2025-10-25,10:30,77333,Bundesliga 25/26,25/26,Bundesliga,Matchweek 8,Sat,Away,W,1.0,0.0,Hamburger SV,39.0,,,,,,https://www.sofascore.com/hamburger-sv-vfl-wolfsburg/zabsBdb,Ended,VfL Wolfsburg,for,0.37,2.77,1.0,3.0,0.0,0.0,1.0,3.0,1.0,11.0,18.0,8.0,332.0,503.0,240.0,418.0,14.0,13.0,8.0,17.0,1.0,2.0,5.0,1.0,0.0,0.0,7.0,1.0,1.0,8.0,3.0,13.0,3.0,18.0,3.0,9.0,0.0,0.0,14.0,43.0,13.0,32.0,0.0,8.0,38.0,62.0,6.0,7.0,26.0,40.0,10.0,18.0,5.0,9.0,9.0,6.0,41.0,12.0,0.0,2.0,0.0,0.0,19.0,6.0,72.3,83.1,0.062,0.103,0.333,0.222,0.63,-2.77,116.7,50.0
2025-10-25,10:30,77333,Bundesliga 25/26,25/26,Bundesliga,Matchweek 8,Sat,Home,W,3.0,1.0,1. FC Heidenheim,60.0,,,,,,https://www.sofascore.com/1-fc-heidenheim-tsg-hoffenheim/ubbsKrc,Ended,TSG Hoffenheim,for,2.37,1.11,4.0,1.0,2.0,0.0,2.0,1.0,7.0,5.0,14.0,13.0,525.0,343.0,431.0,247.0,7.0,17.0,13.0,14.0,0.0,0.0,1.0,1.0,0.0,0.0,2.0,4.0,4.0,4.0,3.0,5.0,12.0,9.0,2.0,3.0,2.0,0.0,26.0,14.0,33.0,38.0,2.0,8.0,47.0,53.0,8.0,4.0,31.0,40.0,25.0,22.0,11.0,10.0,8.0,9.0,41.0,45.0,0.0,0.0,1.0,4.0,6.0,4.0,82.1,72.0,0.169,0.093,0.5,0.25,0.63,-0.11,66.7,57.1
2025-10-25,10:30,77333,Bundesliga 25/26,25/26,Bundesliga,Matchweek 8,Sat,Away,L,1.0,3.0,TSG Hoffenheim,40.0,,,,,,https://www.sofascore.com/1-fc-heidenheim-tsg-hoffenheim/ubbsKrc,Ended,1. FC Heidenheim,for,1.11,2.37,1.0,4.0,0.0,2.0,1.0,2.0,5.0,7.0,13.0,14.0,343.0,525.0,247.0,431.0,17.0,7.0,14.0,13.0,0.0,0.0,1.0,1.0,0.0,0.0,4.0,2.0,4.0,4.0,5.0,3.0,9.0,12.0,3.0,2.0,0.0,2.0,14.0,26.0,38.0,33.0,8.0,2.0,53.0,47.0,4.0,8.0,40.0,31.0,22.0,25.0,10.0,11.0,9.0,8.0,45.0,41.0,0.0,0.0,4.0,1.0,4.0,6.0,72.0,82.1,0.093,0.169,0.25,0.5,-0.11,0.63,57.1,66.7
2025-10-25,10:45,77333,Bundesliga 25/26,25/26,Bundesliga,Matchweek 8,Sat,Home,L,0.0,3.0,FC Bayern München,17.0,,,,,,https://www.sofascore.com/fc-bayern-munchen-borussia-mgladbach/Cabsxdb,Ended,Borussia M'gladbach,for,0.79,3.97,1.0,4.0,0.0,1.0,1.0,3.0,1.0,8.0,6.0,9.0,186.0,897.0,117.0,846.0,19.0,7.0,8.0,6.0,1.0,1.0,0.0,3.0,1.0,0.0,7.0,0.0,0.0,8.0,1.0,8.0,1.0,16.0,0.0,11.0,0.0,5.0,4.0,53.0,23.0,23.0,1.0,4.0,59.0,41.0,4.0,7.0,28.0,17.0,10.0,9.0,2.0,4.0,10.0,2.0,54.0,5.0,0.0,0.0,0.0,1.0,11.0,1.0,62.9,94.3,0.79,0.147,0.0,0.407,-0.79,-0.97,63.6,
2025-10-25,10:45,77333,Bundesliga 25/26,25/26,Bundesliga,Matchweek 8,Sat,Away,W,3.0,0.0,Borussia M'gladbach,83.0,,,,,,https://www.sofascore.com/fc-bayern-munchen-borussia-mgladbach/Cabsxdb,Ended,FC Bayern München,for,3.97,0.79,4.0,1.0,1.0,0.0,3.0,1.0,8.0,1.0,9.0,6.0,897.0,186.0,846.0,117.0,7.0,19.0,6.0,8.0,1.0,1.0,3.0,0.0,0.0,1.0,0.0,7.0,8.0,0.0,8.0,1.0,16.0,1.0,11.0,0.0,5.0,0.0,53.0,4.0,23.0,23.0,4.0,1.0,41.0,59.0,7.0,4.0,17.0,28.0,9.0,10.0,4.0,2.0,2.0,10.0,5.0,54.0,0.0,0.0,1.0,0.0,1.0,11.0,94.3,62.9,0.147,0.79,0.407,0.0,-0.97,-0.79,,63.6
2025-10-25,13:30,77333,Bundesliga 25/26,25/26,Bundesliga,Matchweek 8,Sat,Home,W,1.0,0.0,1. FC Köln,70.0,,,,,,https://www.sofascore.com/borussia-dortmund-1-fc-koln/wdbsydb,Ended,Borussia Dortmund,for,1.9,0.39,2.0,1.0,0.0,0.0,2.0,1.0,17.0,2.0,10.0,8.0,603.0,260.0,534.0,198.0,14.0,20.0,8.0,10.0,0.0,2.0,2.0,2.0,0.0,0.0,1.0,8.0,8.0,0.0,10.0,5.0,17.0,5.0,10.0,0.0,0.0,1.0,49.0,11.0,19.0,26.0,13.0,2.0,47.0,53.0,7.0,7.0,26.0,34.0,14.0,12.0,4.0,4.0,3.0,8.0,11.0,42.0,2.0,0.0,0.0,0.0,4.0,17.0,88.6,76.2,0.07,0.078,0.333,0.0,-0.9,-0.39,,88.9
2025-10-25,13:30,77333,Bundesliga 25/26,25/26,Bundesliga,Matchweek 8,Sat,Away,L,0.0,1.0,Borussia Dortmund,30.0,,,,,,https://www.sofascore.com/borussia-dortmund-1-fc-koln/wdbsydb,Ended,1. FC Köln,for,0.39,1.9,1.0,2.0,0.0,0.0,1.0,2.0,2.0,17.0,8.0,10.0,260.0,603.0,198.0,534.0,20.0,14.0,10.0,8.0,2.0,0.0,2.0,2.0,0.0,0.0,8.0,1.0,0.0,8.0,5.0,10.0,5.0,17.0,0.0,10.0,1.0,0.0,11.0,49.0,26.0,19.0,2.0,13.0,53.0,47.0,7.0,7.0,34.0,26.0,12.0,14.0,4.0,4.0,8.0,3.0,42.0,11.0,0.0,2.0,0.0,0.0,17.0,4.0,76.2,88.6,0.078,0.07,0.0,0.333,-0.39,-0.9,88.9,
2025-10-26,11:30,77333,Bundesliga 25/26,25/26,Bundesliga,Matchweek 8,Sun,Home,W,2.0,0.0,SC Freiburg,69.0,,,,,,https://www.sofascore.com/bayer-04-leverkusen-sc-freiburg/NabsGdb,Ended,Bayer 04 Leverkusen,for,1.71,0.72,4.0,1.0,1.0,0.0,3.0,1.0,2.0,3.0,9.0,8.0,758.0,335.0,708.0,270.0,11.0,22.0,8.0,9.0,1.0,0.0,1.0,2.0,0.0,1.0,3.0,2.0,7.0,3.0,8.0,4.0,10.0,6.0,9.0,4.0,1.0,0.0,25.0,19.0,24.0,24.0,3.0,2.0,41.0,59.0,9.0,3.0,21.0,35.0,13.0,13.0,3.0,6.0,2.0,5.0,25.0,24.0,1.0,0.0,0.0,0.0,3.0,12.0,93.4,80.6,0.09,0.072,0.211,0.3,0.29,-0.72,100.0,50.0
2025-10-26,11:30,77333,Bundesliga 25/26,25/26,Bundesliga,Matchweek 8,Sun,Away,L,0.0,2.0,Bayer 04 Leverkusen,31.0,,,,,,https://www.sofascore.com/bayer-04-leverkusen-sc-freiburg/NabsGdb,Ended,SC Freiburg,for,0.72,1.71,1.0,4.0,0.0,1.0,1.0,3.0,3.0,2.0,8.0,9.0,335.0,758.0,270.0,708.0,22.0,11.0,9.0,8.0,0.0,1.0,2.0,1.0,1.0,0.0,2.0,3.0,3.0,7.0,4.0,8.0,6.0,10.0,4.0,9.0,0.0,1.0,19.0,25.0,24.0,24.0,2.0,3.0,59.0,41.0,3.0,9.0,35.0,21.0,13.0,13.0,6.0,3.0,5.0,2.0,24.0,25.0,0.0,1.0,0.0,0.0,12.0,3.0,80.6,93.4,0.072,0.09,0.3,0.211,-0.72,0.29,50.0,100.0
2025-10-26,13:30,77333,Bundesliga 25/26,25/26,Bundesliga,Matchweek 8,Sun,Home,W,2.0,1.0,1. FSV Mainz 05,59.0,,,,,,https://www.sofascore.com/vfb-stuttgart-1-fsv-mainz-05/gbbsCdb,Ended,VfB Stuttgart,for,1.94,1.45,2.0,2.0,1.0,1.0,1.0,1.0,7.0,5.0,11.0,12.0,479.0,326.0,390.0,229.0,15.0,10.0,12.0,10.0,5.0,5.0,4.0,3.0,0.0,0.0,1.0,6.0,5.0,4.0,6.0,7.0,12.0,11.0,7.0,2.0,0.0,0.0,24.0,24.0,28.0,21.0,5.0,5.0,57.0,43.0,4.0,10.0,31.0,27.0,21.0,12.0,5.0,7.0,10.0,7.0,31.0,23.0,0.0,1.0,1.0,0.0,7.0,8.0,81.4,70.2,0.102,0.112,0.421,0.154,0.06,-0.45,50.0,75.0
2025-10-26,13:30,77333,Bundesliga 25/26,25/26,Bundesliga,Matchweek 8,Sun,Away,L,1.0,2.0,VfB Stuttgart,41.0,,,,,,https://www.sofascore.com/vfb-stuttgart-1-fsv-mainz-05/gbbsCdb,Ended,1. FSV Mainz 05,for,1.45,1.94,2.0,2.0,1.0,1.0,1.0,1.0,5.0,7.0,12.0,11.0,326.0,479.0,229.0,390.0,10.0,15.0,10.0,12.0,5.0,5.0,3.0,4.0,0.0,0.0,6.0,1.0,4.0,5.0,7.0,6.0,11.0,12.0,2.0,7.0,0.0,0.0,24.0,24.0,21.0,28.0,5.0,5.0,43.0,57.0,10.0,4.0,27.0,31.0,12.0,21.0,7.0,5.0,7.0,10.0,23.0,31.0,1.0,0.0,0.0,1.0,8.0,7.0,70.2,81.4,0.112,0.102,0.154,0.421,-0.45,0.06,75.0,50.0
2025-10-31,16:30,77333,Bundesliga 25/26,25/26,Bundesliga,Matchweek 9,Fri,Home,L,0.0,1.0,Borussia Dortmund,47.0,,,,,,https://www.sofascore.com/borussia-dortmund-fc-augsburg/acbsydb,Ended,FC Augsburg,for,0.83,0.32,1.0,1.0,0.0,1.0,1.0,0.0,4.0,3.0,14.0,16.0,437.0,495.0,339.0,400.0,16.0,21.0,16.0,14.0,1.0,0.0,4.0,1.0,0.0,0.0,0.0,1.0,5.0,0.0,3.0,4.0,6.0,3.0,3.0,2.0,0.0,0.0,19.0,16.0,31.0,18.0,2.0,3.0,46.0,54.0,10.0,10.0,36.0,44.0,19.0,20.0,5.0,9.0,9.0,11.0,34.0,36.0,0.0,0.0,0.0,0.0,8.0,5.0,77.6,80.8,0.092,0.064,0.111,0.2,-0.83,0.68,0.0,100.0
2025-10-31,16:30,77333,Bundesliga 25/26,25/26,Bundesliga,Matchweek 9,Fri,Away,W,1.0,0.0,FC Augsburg,53.0,,,,,,https://www.sofascore.com/borussia-dortmund-fc-augsburg/acbsydb,Ended,Borussia Dortmund,for,0.32,0.83,1.0,1.0,1.0,0.0,0.0,1.0,3.0,4.0,16.0,14.0,495.0,437.0,400.0,339.0,21.0,16.0,14.0,16.0,0.0,1.0,1.0,4.0,0.0,0.0,1.0,0.0,0.0,5.0,4.0,3.0,3.0,6.0,2.0,3.0,0.0,0.0,16.0,19.0,18.0,31.0,3.0,2.0,54.0,46.0,10.0,10.0,44.0,36.0,20.0,19.0,9.0,5.0,11.0,9.0,36.0,34.0,0.0,0.0,0.0,0.0,5.0,8.0,80.8,77.6,0.064,0.092,0.2,0.111,0.68,-0.83,100.0,0.0
2025-11-01,11:30,77333,Bundesliga 25/26,25/26,Bundesliga,Matchweek 9,Sat,Home,W,3.0,1.0,VfB Stuttgart,42.0,,,,,,https://www.sofascore.com/rb-leipzig-vfb-stuttgart/CdbskCo,Ended,RB Leipzig,for,2.09,1.49,5.0,1.0,1.0,1.0,4.0,0.0,5.0,5.0,8.0,10.0,416.0,553.0,324.0,485.0,12.0,10.0,10.0,8.0,0.0,7.0,1.0,2.0,0.0,0.0,3.0,7.0,2.0,4.0,5.0,6.0,14.0,7.0,2.0,7.0,1.0,1.0,33.0,24.0,24.0,22.0,2.0,3.0,53.0,47.0,5.0,10.0,32.0,23.0,10.0,14.0,11.0,6.0,3.0,12.0,32.0,30.0,1.0,0.0,1.0,0.0,10.0,5.0,77.9,87.7,0.131,0.106,0.562,0.286,0.91,-0.49,75.0,77.8
2025-11-01,11:30,77333,Bundesliga 25/26,25/26,Bundesliga,Matchweek 9,Sat,Away,L,1.0,3.0,RB Leipzig,58.0,,,,,,https://www.sofascore.com/rb-leipzig-vfb-stuttgart/CdbskCo,Ended,VfB Stuttgart,for,1.49,2.09,1.0,5.0,1.0,1.0,0.0,4.0,5.0,5.0,10.0,8.0,553.0,416.0,485.0,324.0,10.0,12.0,8.0,10.0,7.0,0.0,2.0,1.0,0.0,0.0,7.0,3.0,4.0,2.0,6.0,5.0,7.0,14.0,7.0,2.0,1.0,1.0,24.0,33.0,22.0,24.0,3.0,2.0,47.0,53.0,10.0,5.0,23.0,32.0,14.0,10.0,6.0,11.0,12.0,3.0,30.0,32.0,0.0,1.0,0.0,1.0,5.0,10.0,87.7,77.9,0.106,0.131,0.286,0.562,-0.49,0.91,77.8,75.0
2025-11-01,11:30,77333,Bundesliga 25/26,25/26,Bundesliga,Matchweek 9,Sat,Home,D,1.0,1.0,Eintracht Frankfurt,28.0,,,,,,https://www.sofascore.com/1-fc-heidenheim-eintracht-frankfurt/zdbsKrc,Ended,1. FC Heidenheim,for,0.85,0.96,2.0,3.0,1.0,1.0,1.0,2.0,2.0,8.0,7.0,11.0,268.0,698.0,185.0,603.0,12.0,17.0,11.0,7.0,1.0,2.0,0.0,2.0,0.0,0.0,2.0,3.0,1.0,5.0,4.0,8.0,4.0,10.0,5.0,6.0,1.0,0.0,12.0,37.0,35.0,30.0,4.0,9.0,44.0,56.0,7.0,4.0,26.0,30.0,14.0,20.0,3.0,7.0,15.0,7.0,54.0,20.0,0.0,0.0,0.0,1.0,8.0,6.0,69.0,86.4,0.094,0.06,0.444,0.188,0.15,0.04,66.7,75.0
2025-11-01,11:30,77333,Bundesliga 25/26,25/26,Bundesliga,Matchweek 9,Sat,Away,D,1.0,1.0,1. FC Heidenheim,72.0,,,,,,https://www.sofascore.com/1-fc-heidenheim-eintracht-frankfurt/zdbsKrc,Ended,Eintracht Frankfurt,for,0.96,0.85,3.0,2.0,1.0,1.0,2.0,1.0,8.0,2.0,11.0,7.0,698.0,268.0,603.0,185.0,17.0,12.0,7.0,11.0,2.0,1.0,2.0,0.0,0.0,0.0,3.0,2.0,5.0,1.0,8.0,4.0,10.0,4.0,6.0,5.0,0.0,1.0,37.0,12.0,30.0,35.0,9.0,4.0,56.0,44.0,4.0,7.0,30.0,26.0,20.0,14.0,7.0,3.0,7.0,15.0,20.0,54.0,0.0,0.0,1.0,0.0,6.0,8.0,86.4,69.0,0.06,0.094,0.188,0.444,0.04,0.15,75.0,66.7
2025-11-01,11:30,77333,Bundesliga 25/26,25/26,Bundesliga,Matchweek 9,Sat,Home,D,0.0,0.0,SC Freiburg,37.0,,,,,,https://www.sofascore.com/1-fc-union-berlin-sc-freiburg/NabsXab,Ended,1. FC Union Berlin,for,1.16,1.17,2.0,3.0,0.0,0.0,2.0,3.0,5.0,5.0,20.0,13.0,246.0,437.0,160.0,369.0,15.0,12.0,13.0,20.0,4.0,1.0,6.0,1.0,0.0,0.0,4.0,2.0,2.0,3.0,7.0,6.0,8.0,9.0,3.0,4.0,0.0,1.0,20.0,17.0,23.0,20.0,5.0,6.0,53.0,47.0,7.0,10.0,28.0,38.0,33.0,17.0,3.0,6.0,6.0,2.0,27.0,30.0,0.0,0.0,3.0,0.0,9.0,9.0,65.0,84.4,0.105,0.09,0.182,0.308,-1.16,-1.17,100.0,100.0
2025-11-01,11:30,77333,Bundesliga 25/26,25/26,Bundesliga,Matchweek 9,Sat,Away,D,0.0,0.0,1. FC Union Berlin,63.0,,,,,,https://www.sofascore.com/1-fc-union-berlin-sc-freiburg/NabsXab,Ended,SC Freiburg,for,1.17,1.16,3.0,2.0,0.0,0.0,3.0,2.0,5.0,5.0,13.0,20.0,437.0,246.0,369.0,160.0,12.0,15.0,20.0,13.0,1.0,4.0,1.0,6.0,0.0,0.0,2.0,4.0,3.0,2.0,6.0,7.0,9.0,8.0,4.0,3.0,1.0,0.0,17.0,20.0,20.0,23.0,6.0,5.0,47.0,53.0,10.0,7.0,38.0,28.0,17.0,33.0,6.0,3.0,2.0,6.0,30.0,27.0,0.0,0.0,0.0,3.0,9.0,9.0,84.4,65.0,0.09,0.105,0.308,0.182,-1.17,-1.16,100.0,100.0
2025-11-01,11:30,77333,Bundesliga 25/26,25/26,Bundesliga,Matchweek 9,Sat,Home,L,0.0,4.0,Borussia M'gladbach,56.0,,,,,,https://www.sofascore.com/borussia-mgladbach-fc-st-pauli/BabsCab,Ended,FC St. Pauli,for,0.88,2.32,1.0,4.0,0.0,2.0,1.0,2.0,8.0,1.0,11.0,8.0,598.0,472.0,517.0,411.0,9.0,13.0,8.0,11.0,2.0,1.0,4.0,0.0,0.0,0.0,7.0,4.0,6.0,0.0,6.0,4.0,8.0,9.0,8.0,6.0,0.0,0.0,18.0,17.0,20.0,30.0,2.0,3.0,37.0,63.0,5.0,4.0,22.0,33.0,6.0,15.0,5.0,9.0,5.0,11.0,14.0,40.0,0.0,0.0,0.0,0.0,7.0,8.0,86.5,87.1,0.055,0.155,0.25,0.733,-0.88,1.68,63.6,100.0
2025-11-01,11:30,77333,Bundesliga 25/26,25/26,Bundesliga,Matchweek 9,Sat,Away,W,4.0,0.0,FC St. Pauli,44.0,,,,,,https://www.sofascore.com/borussia-mgladbach-fc-st-pauli/BabsCab,Ended,Borussia M'gladbach,for,2.32,0.88,4.0,1.0,2.0,0.0,2.0,1.0,1.0,8.0,8.0,11.0,472.0,598.0,411.0,517.0,13.0,9.0,11.0,8.0,1.0,2.0,0.0,4.0,0.0,0.0,4.0,7.0,0.0,6.0,4.0,6.0,9.0,8.0,6.0,8.0,0.0,0.0,17.0,18.0,30.0,20.0,3.0,2.0,63.0,37.0,4.0,5.0,33.0,22.0,15.0,6.0,9.0,5.0,11.0,5.0,40.0,14.0,0.0,0.0,0.0,0.0,8.0,7.0,87.1,86.5,0.155,0.055,0.733,0.25,1.68,-0.88,100.0,63.6
2025-11-01,11:30,77333,Bundesliga 25/26,25/26,Bundesliga,Matchweek 9,Sat,Home,D,1.0,1.0,SV Werder Bremen,47.0,,,,,,https://www.sofascore.com/1-fsv-mainz-05-sv-werder-bremen/Jabsgbb,Ended,1. FSV Mainz 05,for,1.42,1.04,3.0,2.0,1.0,0.0,2.0,2.0,2.0,0.0,19.0,11.0,404.0,469.0,311.0,376.0,11.0,14.0,11.0,19.0,4.0,1.0,1.0,3.0,0.0,0.0,2.0,3.0,2.0,0.0,3.0,2.0,7.0,5.0,3.0,0.0,0.0,0.0,30.0,17.0,36.0,28.0,7.0,2.0,44.0,56.0,3.0,4.0,27.0,33.0,16.0,21.0,6.0,2.0,17.0,10.0,13.0,47.0,0.0,1.0,0.0,1.0,6.0,9.0,77.0,80.2,0.142,0.208,0.5,0.6,-0.42,-0.04,66.7,60.0
2025-11-01,11:30,77333,Bundesliga 25/26,25/26,Bundesliga,Matchweek 9,Sat,Away,D,1.0,1.0,1. FSV Mainz 05,53.0,,,,,,https://www.sofascore.com/1-fsv-mainz-05-sv-werder-bremen/Jabsgbb,Ended,SV Werder Bremen,for,1.04,1.42,2.0,3.0,0.0,1.0,2.0,2.0,0.0,2.0,11.0,19.0,469.0,404.0,376.0,311.0,14.0,11.0,19.0,11.0,1.0,4.0,3.0,1.0,0.0,0.0,3.0,2.0,0.0,2.0,2.0,3.0,5.0,7.0,0.0,3.0,0.0,0.0,17.0,30.0,28.0,36.0,2.0,7.0,56.0,44.0,4.0,3.0,33.0,27.0,21.0,16.0,2.0,6.0,10.0,17.0,47.0,13.0,1.0,0.0,1.0,0.0,9.0,6.0,80.2,77.0,0.208,0.142,0.6,0.5,-0.04,-0.42,60.0,66.7
2025-11-01,14:30,77333,Bundesliga 25/26,25/26,Bundesliga,Matchweek 9,Sat,Home,W,3.0,0.0,Bayer 04 Leverkusen,59.0,,,,,,https://www.sofascore.com/bayer-04-leverkusen-fc-bayern-munchen/xdbsGdb,Ended,FC Bayern München,for,2.03,0.23,3.0,0.0,2.0,0.0,1.0,0.0,10.0,4.0,11.0,3.0,672.0,466.0,607.0,407.0,20.0,15.0,3.0,11.0,1.0,1.0,1.0,1.0,0.0,0.0,1.0,2.0,7.0,2.0,7.0,4.0,11.0,5.0,7.0,2.0,1.0,1.0,36.0,16.0,29.0,19.0,3.0,1.0,46.0,54.0,8.0,11.0,28.0,31.0,5.0,8.0,6.0,7.0,6.0,11.0,9.0,15.0,0.0,1.0,1.0,0.0,6.0,11.0,90.3,87.3,0.113,0.033,0.222,0.143,0.97,-0.23,100.0,50.0
2025-11-01,14:30,77333,Bundesliga 25/26,25/26,Bundesliga,Matchweek 9,Sat,Away,L,0.0,3.0,FC Bayern München,41.0,,,,,,https://www.sofascore.com/bayer-04-leverkusen-fc-bayern-munchen/xdbsGdb,Ended,Bayer 04 Leverkusen,for,0.23,2.03,0.0,3.0,0.0,2.0,0.0,1.0,4.0,10.0,3.0,11.0,466.0,672.0,407.0,607.0,15.0,20.0,11.0,3.0,1.0,1.0,1.0,1.0,0.0,0.0,2.0,1.0,2.0,7.0,4.0,7.0,5.0,11.0,2.0,7.0,1.0,1.0,16.0,36.0,19.0,29.0,1.0,3.0,54.0,46.0,11.0,8.0,31.0,28.0,8.0,5.0,7.0,6.0,11.0,6.0,15.0,9.0,1.0,0.0,0.0,1.0,11.0,6.0,87.3,90.3,0.033,0.113,0.143,0.222,-0.23,0.97,50.0,100.0
2025-11-02,11:30,77333,Bundesliga 25/26,25/26,Bundesliga,Matchweek 9,Sun,Home,W,4.0,1.0,Hamburger SV,48.0,,,,,,https://www.sofascore.com/hamburger-sv-1-fc-koln/wdbsBdb,Ended,1. FC Köln,for,3.72,1.09,9.0,2.0,3.0,0.0,6.0,2.0,2.0,3.0,8.0,18.0,391.0,414.0,326.0,350.0,14.0,4.0,18.0,8.0,1.0,4.0,1.0,6.0,0.0,2.0,4.0,5.0,5.0,4.0,8.0,2.0,14.0,10.0,9.0,1.0,0.0,0.0,35.0,17.0,16.0,36.0,4.0,5.0,60.0,40.0,2.0,9.0,34.0,19.0,12.0,12.0,4.0,8.0,6.0,1.0,27.0,20.0,0.0,0.0,2.0,1.0,7.0,8.0,83.4,84.5,0.162,0.099,0.435,0.455,0.28,-0.09,80.0,50.0
2025-11-02,11:30,77333,Bundesliga 25/26,25/26,Bundesliga,Matchweek 9,Sun,Away,L,1.0,4.0,1. FC Köln,52.0,,,,,,https://www.sofascore.com/hamburger-sv-1-fc-koln/wdbsBdb,Ended,Hamburger SV,for,1.09,3.72,2.0,9.0,0.0,3.0,2.0,6.0,3.0,2.0,18.0,8.0,414.0,391.0,350.0,326.0,4.0,14.0,8.0,18.0,4.0,1.0,6.0,1.0,2.0,0.0,5.0,4.0,4.0,5.0,2.0,8.0,10.0,14.0,1.0,9.0,0.0,0.0,17.0,35.0,36.0,16.0,5.0,4.0,40.0,60.0,9.0,2.0,19.0,34.0,12.0,12.0,8.0,4.0,1.0,6.0,20.0,27.0,0.0,0.0,1.0,2.0,8.0,7.0,84.5,83.4,0.099,0.162,0.455,0.435,-0.09,0.28,50.0,80.0
2025-11-02,13:30,77333,Bundesliga 25/26,25/26,Bundesliga,Matchweek 9,Sun,Home,L,2.0,3.0,TSG Hoffenheim,48.0,,,,,,https://www.sofascore.com/tsg-hoffenheim-vfl-wolfsburg/zabsubb,Ended,VfL Wolfsburg,for,1.54,1.23,2.0,3.0,2.0,2.0,0.0,1.0,2.0,2.0,10.0,17.0,439.0,468.0,355.0,379.0,11.0,18.0,17.0,10.0,3.0,4.0,0.0,2.0,0.0,0.0,1.0,4.0,3.0,1.0,3.0,5.0,6.0,7.0,6.0,3.0,3.0,0.0,19.0,22.0,20.0,37.0,2.0,6.0,46.0,54.0,11.0,9.0,32.0,31.0,10.0,19.0,6.0,3.0,13.0,4.0,32.0,25.0,0.0,0.0,0.0,1.0,7.0,5.0,80.9,81.0,0.128,0.123,0.5,0.4,0.46,1.77,25.0,66.7
2025-11-02,13:30,77333,Bundesliga 25/26,25/26,Bundesliga,Matchweek 9,Sun,Away,W,3.0,2.0,VfL Wolfsburg,52.0,,,,,,https://www.sofascore.com/tsg-hoffenheim-vfl-wolfsburg/zabsubb,Ended,TSG Hoffenheim,for,1.23,1.54,3.0,2.0,2.0,2.0,1.0,0.0,2.0,2.0,17.0,10.0,468.0,439.0,379.0,355.0,18.0,11.0,10.0,17.0,4.0,3.0,2.0,0.0,0.0,0.0,4.0,1.0,1.0,3.0,5.0,3.0,7.0,6.0,3.0,6.0,0.0,3.0,22.0,19.0,37.0,20.0,6.0,2.0,54.0,46.0,9.0,11.0,31.0,32.0,19.0,10.0,3.0,6.0,4.0,13.0,25.0,32.0,0.0,0.0,1.0,0.0,5.0,7.0,81.0,80.9,0.123,0.128,0.4,0.5,1.77,0.46,66.7,25.0
2025-11-07,16:30,77333,Bundesliga 25/26,25/26,Bundesliga,Matchweek 10,Fri,Home,W,2.0,1.0,VfL Wolfsburg,60.0,,,,,,https://www.sofascore.com/sv-werder-bremen-vfl-wolfsburg/zabsJab,Ended,SV Werder Bremen,for,1.45,0.57,3.0,1.0,2.0,1.0,1.0,0.0,13.0,3.0,13.0,8.0,566.0,405.0,490.0,318.0,15.0,7.0,8.0,13.0,2.0,2.0,2.0,0.0,0.0,0.0,3.0,5.0,6.0,2.0,7.0,1.0,14.0,4.0,6.0,3.0,1.0,1.0,28.0,12.0,28.0,21.0,12.0,2.0,57.0,43.0,5.0,11.0,29.0,23.0,15.0,10.0,8.0,3.0,8.0,14.0,21.0,43.0,0.0,0.0,1.0,0.0,1.0,12.0,86.6,78.5,0.072,0.081,0.35,0.571,0.55,0.43,75.0,71.4
2025-11-07,16:30,77333,Bundesliga 25/26,25/26,Bundesliga,Matchweek 10,Fri,Away,L,1.0,2.0,SV Werder Bremen,40.0,,,,,,https://www.sofascore.com/sv-werder-bremen-vfl-wolfsburg/zabsJab,Ended,VfL Wolfsburg,for,0.57,1.45,1.0,3.0,1.0,2.0,0.0,1.0,3.0,13.0,8.0,13.0,405.0,566.0,318.0,490.0,7.0,15.0,13.0,8.0,2.0,2.0,0.0,2.0,0.0,0.0,5.0,3.0,2.0,6.0,1.0,7.0,4.0,14.0,3.0,6.0,1.0,1.0,12.0,28.0,21.0,28.0,2.0,12.0,43.0,57.0,11.0,5.0,23.0,29.0,10.0,15.0,3.0,8.0,14.0,8.0,43.0,21.0,0.0,0.0,0.0,1.0,12.0,1.0,78.5,86.6,0.081,0.072,0.571,0.35,0.43,0.55,71.4,75.0
2025-11-08,11:30,77333,Bundesliga 25/26,25/26,Bundesliga,Matchweek 10,Sat,Home,D,2.0,2.0,FC Bayern München,26.0,,,,,,https://www.sofascore.com/fc-bayern-munchen-1-fc-union-berlin/Xabsxdb,Ended,1. FC Union Berlin,for,0.8,1.41,1.0,3.0,1.0,1.0,0.0,2.0,6.0,5.0,8.0,8.0,261.0,752.0,170.0,663.0,15.0,12.0,8.0,8.0,1.0,5.0,2.0,4.0,0.0,0.0,2.0,2.0,4.0,5.0,4.0,3.0,7.0,9.0,5.0,3.0,0.0,3.0,21.0,29.0,23.0,20.0,4.0,5.0,47.0,53.0,8.0,10.0,23.0,31.0,17.0,14.0,2.0,12.0,13.0,4.0,29.0,21.0,0.0,1.0,0.0,0.0,7.0,5.0,65.1,88.2,0.067,0.117,0.333,0.333,1.2,0.59,50.0,50.0
2025-11-08,11:30,77333,Bundesliga 25/26,25/26,Bundesliga,Matchweek 10,Sat,Away,D,2.0,2.0,1. FC Union Berlin,74.0,,,,,,https://www.sofascore.com/fc-bayern-munchen-1-fc-union-berlin/Xabsxdb,Ended,FC Bayern München,for,1.41,0.8,3.0,1.0,1.0,1.0,2.0,0.0,5.0,6.0,8.0,8.0,752.0,261.0,663.0,170.0,12.0,15.0,8.0,8.0,5.0,1.0,4.0,2.0,0.0,0.0,2.0,2.0,5.0,4.0,3.0,4.0,9.0,7.0,3.0,5.0,3.0,0.0,29.0,21.0,20.0,23.0,5.0,4.0,53.0,47.0,10.0,8.0,31.0,23.0,14.0,17.0,12.0,2.0,4.0,13.0,21.0,29.0,1.0,0.0,0.0,0.0,5.0,7.0,88.2,65.1,0.117,0.067,0.333,0.333,0.59,1.2,50.0,50.0
2025-11-08,11:30,77333,Bundesliga 25/26,25/26,Bundesliga,Matchweek 10,Sat,Home,D,1.0,1.0,Borussia Dortmund,45.0,,,,,,https://www.sofascore.com/hamburger-sv-borussia-dortmund/ydbsBdb,Ended,Hamburger SV,for,0.57,1.03,1.0,1.0,0.0,0.0,1.0,1.0,2.0,6.0,14.0,8.0,396.0,493.0,322.0,418.0,25.0,17.0,8.0,14.0,3.0,0.0,1.0,1.0,0.0,0.0,0.0,2.0,4.0,8.0,2.0,8.0,8.0,9.0,1.0,8.0,0.0,0.0,14.0,27.0,25.0,15.0,5.0,3.0,51.0,49.0,8.0,12.0,35.0,33.0,14.0,14.0,3.0,4.0,5.0,7.0,32.0,24.0,0.0,2.0,1.0,1.0,15.0,4.0,81.3,84.8,0.063,0.061,0.333,0.059,0.43,-0.03,0.0,66.7
2025-11-08,11:30,77333,Bundesliga 25/26,25/26,Bundesliga,Matchweek 10,Sat,Away,D,1.0,1.0,Hamburger SV,55.0,,,,,,https://www.sofascore.com/hamburger-sv-borussia-dortmund/ydbsBdb,Ended,Borussia Dortmund,for,1.03,0.57,1.0,1.0,0.0,0.0,1.0,1.0,6.0,2.0,8.0,14.0,493.0,396.0,418.0,322.0,17.0,25.0,14.0,8.0,0.0,3.0,1.0,1.0,0.0,0.0,2.0,0.0,8.0,4.0,8.0,2.0,9.0,8.0,8.0,1.0,0.0,0.0,27.0,14.0,15.0,25.0,3.0,5.0,49.0,51.0,12.0,8.0,33.0,35.0,14.0,14.0,4.0,3.0,7.0,5.0,24.0,32.0,2.0,0.0,1.0,1.0,4.0,15.0,84.8,81.3,0.061,0.063,0.059,0.333,-0.03,0.43,66.7,0.0
2025-11-08,11:30,77333,Bundesliga 25/26,25/26,Bundesliga,Matchweek 10,Sat,Home,W,6.0,0.0,1. FC Heidenheim,74.0,,,,,,https://www.sofascore.com/1-fc-heidenheim-bayer-04-leverkusen/GdbsKrc,Ended,Bayer 04 Leverkusen,for,3.31,0.12,6.0,0.0,5.0,0.0,1.0,0.0,11.0,1.0,5.0,7.0,923.0,323.0,868.0,259.0,15.0,13.0,7.0,5.0,0.0,0.0,0.0,1.0,0.0,0.0,0.0,4.0,8.0,1.0,7.0,0.0,16.0,1.0,9.0,0.0,1.0,0.0,31.0,4.0,17.0,27.0,7.0,0.0,59.0,41.0,8.0,10.0,29.0,21.0,6.0,3.0,7.0,3.0,5.0,12.0,7.0,28.0,0.0,0.0,0.0,2.0,1.0,8.0,94.0,80.2,0.132,0.12,0.4,0.0,2.69,-0.12,,40.0
2025-11-08,11:30,77333,Bundesliga 25/26,25/26,Bundesliga,Matchweek 10,Sat,Away,L,0.0,6.0,Bayer 04 Leverkusen,26.0,,,,,,https://www.sofascore.com/1-fc-heidenheim-bayer-04-leverkusen/GdbsKrc,Ended,1. FC Heidenheim,for,0.12,3.31,0.0,6.0,0.0,5.0,0.0,1.0,1.0,11.0,7.0,5.0,323.0,923.0,259.0,868.0,13.0,15.0,5.0,7.0,0.0,0.0,1.0,0.0,0.0,0.0,4.0,0.0,1.0,8.0,0.0,7.0,1.0,16.0,0.0,9.0,0.0,1.0,4.0,31.0,27.0,17.0,0.0,7.0,41.0,59.0,10.0,8.0,21.0,29.0,3.0,6.0,3.0,7.0,12.0,5.0,28.0,7.0,0.0,0.0,2.0,0.0,8.0,1.0,80.2,94.0,0.12,0.132,0.0,0.4,-0.12,2.69,40.0,
2025-11-08,11:30,77333,Bundesliga 25/26,25/26,Bundesliga,Matchweek 10,Sat,Home,W,3.0,1.0,RB Leipzig,49.0,,,,,,https://www.sofascore.com/rb-leipzig-tsg-hoffenheim/ubbskCo,Ended,TSG Hoffenheim,for,1.82,1.81,4.0,2.0,2.0,1.0,2.0,1.0,5.0,5.0,13.0,5.0,457.0,469.0,361.0,389.0,24.0,20.0,5.0,13.0,4.0,2.0,3.0,2.0,0.0,0.0,5.0,1.0,3.0,8.0,5.0,4.0,7.0,10.0,5.0,7.0,0.0,1.0,18.0,28.0,20.0,24.0,2.0,4.0,47.0,53.0,6.0,15.0,31.0,43.0,22.0,17.0,3.0,10.0,9.0,13.0,25.0,34.0,0.0,0.0,2.0,0.0,5.0,11.0,79.0,82.9,0.152,0.106,0.333,0.294,1.18,-0.81,100.0,25.0
2025-11-08,11:30,77333,Bundesliga 25/26,25/26,Bundesliga,Matchweek 10,Sat,Away,L,1.0,3.0,TSG Hoffenheim,51.0,,,,,,https://www.sofascore.com/rb-leipzig-tsg-hoffenheim/ubbskCo,Ended,RB Leipzig,for,1.81,1.82,2.0,4.0,1.0,2.0,1.0,2.0,5.0,5.0,5.0,13.0,469.0,457.0,389.0,361.0,20.0,24.0,13.0,5.0,2.0,4.0,2.0,3.0,0.0,0.0,1.0,5.0,8.0,3.0,4.0,5.0,10.0,7.0,7.0,5.0,1.0,0.0,28.0,18.0,24.0,20.0,4.0,2.0,53.0,47.0,15.0,6.0,43.0,31.0,17.0,22.0,10.0,3.0,13.0,9.0,34.0,25.0,0.0,0.0,0.0,2.0,11.0,5.0,82.9,79.0,0.106,0.152,0.294,0.333,-0.81,1.18,25.0,100.0
2025-11-08,14:30,77333,Bundesliga 25/26,25/26,Bundesliga,Matchweek 10,Sat,Home,W,3.0,1.0,1. FC Köln,36.0,,,,,,https://www.sofascore.com/1-fc-koln-borussia-mgladbach/Cabswdb,Ended,Borussia M'gladbach,for,2.98,2.22,3.0,2.0,2.0,1.0,1.0,1.0,2.0,6.0,11.0,13.0,343.0,598.0,278.0,530.0,15.0,15.0,11.0,10.0,3.0,2.0,2.0,3.0,0.0,0.0,4.0,1.0,2.0,8.0,3.0,6.0,8.0,12.0,1.0,7.0,0.0,1.0,26.0,33.0,17.0,28.0,3.0,8.0,47.0,53.0,10.0,8.0,32.0,31.0,16.0,24.0,6.0,5.0,8.0,8.0,54.0,16.0,0.0,0.0,0.0,0.0,5.0,3.0,81.0,88.6,0.331,0.117,0.444,0.263,0.02,-1.22,80.0,25.0
2025-11-08,14:30,77333,Bundesliga 25/26,25/26,Bundesliga,Matchweek 10,Sat,Away,L,1.0,3.0,Borussia M'gladbach,64.0,,,,,,https://www.sofascore.com/1-fc-koln-borussia-mgladbach/Cabswdb,Ended,1. FC Köln,for,2.22,2.98,2.0,3.0,1.0,2.0,1.0,1.0,6.0,2.0,13.0,11.0,598.0,343.0,530.0,278.0,15.0,15.0,10.0,11.0,2.0,3.0,3.0,2.0,0.0,0.0,1.0,4.0,8.0,2.0,6.0,3.0,12.0,8.0,7.0,1.0,1.0,0.0,33.0,26.0,28.0,17.0,8.0,3.0,53.0,47.0,8.0,10.0,31.0,32.0,24.0,16.0,5.0,6.0,8.0,8.0,16.0,54.0,0.0,0.0,0.0,0.0,3.0,5.0,88.6,81.0,0.117,0.331,0.263,0.444,-1.22,0.02,25.0,80.0
2025-11-09,11:30,77333,Bundesliga 25/26,25/26,Bundesliga,Matchweek 10,Sun,Home,W,2.0,1.0,FC St. Pauli,60.0,,,,,,https://www.sofascore.com/sc-freiburg-fc-st-pauli/BabsNab,Ended,SC Freiburg,for,1.02,0.53,3.0,2.0,1.0,1.0,2.0,1.0,9.0,3.0,8.0,12.0,579.0,375.0,503.0,282.0,8.0,12.0,12.0,8.0,2.0,4.0,2.0,2.0,0.0,0.0,1.0,2.0,3.0,2.0,1.0,3.0,6.0,5.0,2.0,2.0,0.0,0.0,13.0,14.0,24.0,12.0,2.0,3.0,54.0,46.0,6.0,6.0,21.0,24.0,25.0,15.0,1.0,4.0,9.0,10.0,21.0,24.0,0.0,0.0,1.0,1.0,4.0,6.0,86.9,75.2,0.128,0.076,0.5,0.286,0.98,0.47,50.0,50.0
2025-11-09,11:30,77333,Bundesliga 25/26,25/26,Bundesliga,Matchweek 10,Sun,Away,L,1.0,2.0,SC Freiburg,40.0,,,,,,https://www.sofascore.com/sc-freiburg-fc-st-pauli/BabsNab,Ended,FC St. Pauli,for,0.53,1.02,2.0,3.0,1.0,1.0,1.0,2.0,3.0,9.0,12.0,8.0,375.0,579.0,282.0,503.0,12.0,8.0,8.0,12.0,4.0,2.0,2.0,2.0,0.0,0.0,2.0,1.0,2.0,3.0,3.0,1.0,5.0,6.0,2.0,2.0,0.0,0.0,14.0,13.0,12.0,24.0,3.0,2.0,46.0,54.0,6.0,6.0,24.0,21.0,15.0,25.0,4.0,1.0,10.0,9.0,24.0,21.0,0.0,0.0,1.0,1.0,6.0,4.0,75.2,86.9,0.076,0.128,0.286,0.5,0.47,0.98,50.0,50.0
2025-11-09,13:30,77333,Bundesliga 25/26,25/26,Bundesliga,Matchweek 10,Sun,Home,W,3.0,2.0,FC Augsburg,62.0,,,,,,https://www.sofascore.com/vfb-stuttgart-fc-augsburg/acbsCdb,Ended,VfB Stuttgart,for,2.35,1.93,2.0,4.0,1.0,2.0,1.0,2.0,4.0,4.0,13.0,10.0,576.0,346.0,470.0,251.0,14.0,19.0,9.0,13.0,3.0,3.0,2.0,3.0,0.0,0.0,4.0,3.0,5.0,5.0,6.0,6.0,13.0,11.0,4.0,6.0,1.0,0.0,28.0,19.0,18.0,24.0,3.0,8.0,49.0,51.0,8.0,10.0,31.0,37.0,22.0,18.0,9.0,7.0,12.0,14.0,22.0,23.0,0.0,0.0,0.0,1.0,6.0,13.0,81.6,72.5,0.138,0.114,0.353,0.353,0.65,0.07,66.7,50.0
2025-11-09,13:30,77333,Bundesliga 25/26,25/26,Bundesliga,Matchweek 10,Sun,Away,L,2.0,3.0,VfB Stuttgart,38.0,,,,,,https://www.sofascore.com/vfb-stuttgart-fc-augsburg/acbsCdb,Ended,FC Augsburg,for,1.93,2.35,4.0,2.0,2.0,1.0,2.0,1.0,4.0,4.0,10.0,13.0,346.0,576.0,251.0,470.0,19.0,14.0,13.0,9.0,3.0,3.0,3.0,2.0,0.0,0.0,3.0,4.0,5.0,5.0,6.0,6.0,11.0,13.0,6.0,4.0,0.0,1.0,19.0,28.0,24.0,18.0,8.0,3.0,51.0,49.0,10.0,8.0,37.0,31.0,18.0,22.0,7.0,9.0,14.0,12.0,23.0,22.0,0.0,0.0,1.0,0.0,13.0,6.0,72.5,81.6,0.114,0.138,0.353,0.353,0.07,0.65,50.0,66.7
2025-11-09,15:30,77333,Bundesliga 25/26,25/26,Bundesliga,Matchweek 10,Sun,Home,W,1.0,0.0,1. FSV Mainz 05,56.0,,,,,,https://www.sofascore.com/eintracht-frankfurt-1-fsv-mainz-05/gbbszdb,Ended,Eintracht Frankfurt,for,1.21,0.16,5.0,0.0,1.0,0.0,4.0,0.0,4.0,3.0,8.0,14.0,484.0,391.0,391.0,268.0,19.0,26.0,14.0,8.0,1.0,1.0,0.0,5.0,0.0,0.0,0.0,3.0,5.0,2.0,5.0,1.0,8.0,1.0,6.0,2.0,1.0,0.0,22.0,18.0,23.0,27.0,3.0,1.0,48.0,52.0,17.0,15.0,39.0,37.0,22.0,29.0,7.0,4.0,9.0,9.0,50.0,37.0,1.0,0.0,1.0,1.0,5.0,8.0,80.8,68.5,0.086,0.053,0.286,0.0,-0.21,-0.16,,75.0
2025-11-09,15:30,77333,Bundesliga 25/26,25/26,Bundesliga,Matchweek 10,Sun,Away,L,0.0,1.0,Eintracht Frankfurt,44.0,,,,,,https://www.sofascore.com/eintracht-frankfurt-1-fsv-mainz-05/gbbszdb,Ended,1. FSV Mainz 05,for,0.16,1.21,0.0,5.0,0.0,1.0,0.0,4.0,3.0,4.0,14.0,8.0,391.0,484.0,268.0,391.0,26.0,19.0,8.0,14.0,1.0,1.0,5.0,0.0,0.0,0.0,3.0,0.0,2.0,5.0,1.0,5.0,1.0,8.0,2.0,6.0,0.0,1.0,18.0,22.0,27.0,23.0,1.0,3.0,52.0,48.0,15.0,17.0,37.0,39.0,29.0,22.0,4.0,7.0,9.0,9.0,37.0,50.0,0.0,1.0,1.0,1.0,8.0,5.0,68.5,80.8,0.053,0.086,0.0,0.286,-0.16,-0.21,75.0,
2025-11-21,16:30,77333,Bundesliga 25/26,25/26,Bundesliga,Matchweek 11,Fri,Home,D,1.0,1.0,TSG Hoffenheim,45.0,,,,,,https://www.sofascore.com/tsg-hoffenheim-1-fsv-mainz-05/gbbsubb,Ended,1. FSV Mainz 05,for,2.03,1.38,5.0,2.0,1.0,0.0,4.0,2.0,7.0,4.0,13.0,13.0,376.0,468.0,265.0,339.0,6.0,14.0,13.0,13.0,2.0,2.0,3.0,2.0,1.0,0.0,4.0,0.0,7.0,7.0,7.0,7.0,16.0,13.0,1.0,6.0,1.0,1.0,46.0,40.0,30.0,23.0,7.0,2.0,48.0,52.0,7.0,2.0,26.0,30.0,29.0,29.0,9.0,5.0,8.0,11.0,45.0,33.0,1.0,0.0,1.0,1.0,9.0,7.0,70.5,72.4,0.119,0.073,0.176,0.263,-1.03,-0.38,80.0,0.0
2025-11-21,16:30,77333,Bundesliga 25/26,25/26,Bundesliga,Matchweek 11,Fri,Away,D,1.0,1.0,1. FSV Mainz 05,55.0,,,,,,https://www.sofascore.com/tsg-hoffenheim-1-fsv-mainz-05/gbbsubb,Ended,TSG Hoffenheim,for,1.38,2.03,2.0,5.0,0.0,1.0,2.0,4.0,4.0,7.0,13.0,13.0,468.0,376.0,339.0,265.0,14.0,6.0,13.0,13.0,2.0,2.0,2.0,3.0,0.0,1.0,0.0,4.0,7.0,7.0,7.0,7.0,13.0,16.0,6.0,1.0,1.0,1.0,40.0,46.0,23.0,30.0,2.0,7.0,52.0,48.0,2.0,7.0,30.0,26.0,29.0,29.0,5.0,9.0,11.0,8.0,33.0,45.0,0.0,1.0,1.0,1.0,7.0,9.0,72.4,70.5,0.073,0.119,0.263,0.176,-0.38,-1.03,0.0,80.0
2025-11-22,11:30,77333,Bundesliga 25/26,25/26,Bundesliga,Matchweek 11,Sat,Home,W,6.0,2.0,SC Freiburg,72.0,,,,,,https://www.sofascore.com/fc-bayern-munchen-sc-freiburg/Nabsxdb,Ended,FC Bayern München,for,3.03,0.57,5.0,0.0,4.0,0.0,1.0,0.0,3.0,5.0,9.0,7.0,778.0,296.0,711.0,229.0,15.0,15.0,7.0,9.0,1.0,3.0,1.0,0.0,0.0,0.0,0.0,2.0,8.0,3.0,6.0,3.0,15.0,4.0,7.0,4.0,1.0,0.0,36.0,13.0,22.0,20.0,2.0,4.0,57.0,43.0,6.0,9.0,36.0,29.0,11.0,6.0,14.0,5.0,10.0,9.0,23.0,27.0,0.0,2.0,1.0,0.0,5.0,9.0,91.4,77.4,0.138,0.071,0.364,0.25,2.97,1.43,0.0,25.0
2025-11-22,11:30,77333,Bundesliga 25/26,25/26,Bundesliga,Matchweek 11,Sat,Away,L,2.0,6.0,FC Bayern München,28.0,,,,,,https://www.sofascore.com/fc-bayern-munchen-sc-freiburg/Nabsxdb,Ended,SC Freiburg,for,0.57,3.03,0.0,5.0,0.0,4.0,0.0,1.0,5.0,3.0,7.0,9.0,296.0,778.0,229.0,711.0,15.0,15.0,9.0,7.0,3.0,1.0,0.0,1.0,0.0,0.0,2.0,0.0,3.0,8.0,3.0,6.0,4.0,15.0,4.0,7.0,0.0,1.0,13.0,36.0,20.0,22.0,4.0,2.0,43.0,57.0,9.0,6.0,29.0,36.0,6.0,11.0,5.0,14.0,9.0,10.0,27.0,23.0,2.0,0.0,0.0,1.0,9.0,5.0,77.4,91.4,0.071,0.138,0.25,0.364,1.43,2.97,25.0,0.0
2025-11-22,11:30,77333,Bundesliga 25/26,25/26,Bundesliga,Matchweek 11,Sat,Home,D,3.0,3.0,VfB Stuttgart,46.0,,,,,,https://www.sofascore.com/vfb-stuttgart-borussia-dortmund/ydbsCdb,Ended,Borussia Dortmund,for,2.99,1.55,5.0,2.0,3.0,2.0,2.0,0.0,2.0,4.0,12.0,10.0,428.0,509.0,340.0,419.0,21.0,15.0,9.0,12.0,3.0,1.0,1.0,1.0,0.0,0.0,3.0,3.0,4.0,4.0,4.0,6.0,10.0,12.0,4.0,4.0,1.0,0.0,30.0,30.0,19.0,15.0,0.0,5.0,49.0,51.0,7.0,10.0,36.0,32.0,9.0,15.0,6.0,5.0,10.0,13.0,24.0,14.0,1.0,0.0,1.0,1.0,10.0,5.0,79.4,82.3,0.214,0.097,0.429,0.375,0.01,1.45,50.0,50.0
2025-11-22,11:30,77333,Bundesliga 25/26,25/26,Bundesliga,Matchweek 11,Sat,Away,D,3.0,3.0,Borussia Dortmund,54.0,,,,,,https://www.sofascore.com/vfb-stuttgart-borussia-dortmund/ydbsCdb,Ended,VfB Stuttgart,for,1.55,2.99,2.0,5.0,2.0,3.0,0.0,2.0,4.0,2.0,10.0,12.0,509.0,428.0,419.0,340.0,15.0,21.0,12.0,9.0,1.0,3.0,1.0,1.0,0.0,0.0,3.0,3.0,4.0,4.0,6.0,4.0,12.0,10.0,4.0,4.0,0.0,1.0,30.0,30.0,15.0,19.0,5.0,0.0,51.0,49.0,10.0,7.0,32.0,36.0,15.0,9.0,5.0,6.0,13.0,10.0,14.0,24.0,0.0,1.0,1.0,1.0,5.0,10.0,82.3,79.4,0.097,0.214,0.375,0.429,1.45,0.01,50.0,50.0
2025-11-22,11:30,77333,Bundesliga 25/26,25/26,Bundesliga,Matchweek 11,Sat,Home,L,1.0,3.0,Bayer 04 Leverkusen,38.0,,,,,,https://www.sofascore.com/bayer-04-leverkusen-vfl-wolfsburg/zabsGdb,Ended,VfL Wolfsburg,for,2.13,1.1,5.0,4.0,1.0,3.0,4.0,1.0,9.0,1.0,12.0,7.0,382.0,672.0,318.0,603.0,15.0,11.0,7.0,12.0,1.0,0.0,2.0,1.0,0.0,0.0,0.0,9.0,3.0,0.0,8.0,4.0,14.0,3.0,7.0,4.0,0.0,1.0,30.0,18.0,15.0,37.0,9.0,1.0,46.0,54.0,9.0,5.0,26.0,29.0,5.0,8.0,4.0,7.0,7.0,4.0,12.0,26.0,0.0,4.0,2.0,1.0,5.0,12.0,83.2,89.7,0.101,0.157,0.476,0.429,-1.13,1.9,0.0,90.0
2025-11-22,11:30,77333,Bundesliga 25/26,25/26,Bundesliga,Matchweek 11,Sat,Away,W,3.0,1.0,VfL Wolfsburg,62.0,,,,,,https://www.sofascore.com/bayer-04-leverkusen-vfl-wolfsburg/zabsGdb,Ended,Bayer 04 Leverkusen,for,1.1,2.13,4.0,5.0,3.0,1.0,1.0,4.0,1.0,9.0,7.0,12.0,672.0,382.0,603.0,318.0,11.0,15.0,12.0,7.0,0.0,1.0,1.0,2.0,0.0,0.0,9.0,0.0,0.0,3.0,4.0,8.0,3.0,14.0,4.0,7.0,1.0,0.0,18.0,30.0,37.0,15.0,1.0,9.0,54.0,46.0,5.0,9.0,29.0,26.0,8.0,5.0,7.0,4.0,4.0,7.0,26.0,12.0,4.0,0.0,1.0,2.0,12.0,5.0,89.7,83.2,0.157,0.101,0.429,0.476,1.9,-1.13,90.0,0.0
2025-11-22,11:30,77333,Bundesliga 25/26,25/26,Bundesliga,Matchweek 11,Sat,Home,L,0.0,3.0,Borussia M'gladbach,49.0,,,,,,https://www.sofascore.com/1-fc-heidenheim-borussia-mgladbach/CabsKrc,Ended,1. FC Heidenheim,for,0.33,2.18,0.0,3.0,0.0,3.0,0.0,0.0,4.0,5.0,13.0,12.0,508.0,535.0,439.0,468.0,12.0,20.0,12.0,12.0,3.0,1.0,2.0,0.0,0.0,0.0,1.0,2.0,2.0,6.0,3.0,6.0,5.0,10.0,2.0,6.0,0.0,1.0,14.0,28.0,18.0,35.0,4.0,5.0,42.0,58.0,10.0,3.0,31.0,38.0,8.0,15.0,8.0,5.0,10.0,2.0,23.0,35.0,0.0,0.0,0.0,1.0,7.0,3.0,86.4,87.5,0.047,0.136,0.286,0.25,-0.33,0.82,25.0,100.0
2025-11-22,11:30,77333,Bundesliga 25/26,25/26,Bundesliga,Matchweek 11,Sat,Away,W,3.0,0.0,1. FC Heidenheim,51.0,,,,,,https://www.sofascore.com/1-fc-heidenheim-borussia-mgladbach/CabsKrc,Ended,Borussia M'gladbach,for,2.18,0.33,3.0,0.0,3.0,0.0,0.0,0.0,5.0,4.0,12.0,13.0,535.0,508.0,468.0,439.0,20.0,12.0,12.0,12.0,1.0,3.0,0.0,2.0,0.0,0.0,2.0,1.0,6.0,2.0,6.0,3.0,10.0,5.0,6.0,2.0,1.0,0.0,28.0,14.0,35.0,18.0,5.0,4.0,58.0,42.0,3.0,10.0,38.0,31.0,15.0,8.0,5.0,8.0,2.0,10.0,35.0,23.0,0.0,0.0,1.0,0.0,3.0,7.0,87.5,86.4,0.136,0.047,0.25,0.286,0.82,-0.33,100.0,25.0
2025-11-22,11:30,77333,Bundesliga 25/26,25/26,Bundesliga,Matchweek 11,Sat,Home,W,1.0,0.0,Hamburger SV,48.0,,,,,,https://www.sofascore.com/hamburger-sv-fc-augsburg/acbsBdb,Ended,FC Augsburg,for,1.7,1.36,3.0,1.0,1.0,0.0,2.0,1.0,4.0,3.0,13.0,10.0,417.0,453.0,356.0,377.0,14.0,15.0,10.0,13.0,2.0,7.0,2.0,3.0,1.0,0.0,5.0,5.0,0.0,4.0,7.0,5.0,10.0,12.0,3.0,3.0,0.0,1.0,27.0,27.0,23.0,17.0,4.0,12.0,47.0,53.0,4.0,6.0,31.0,33.0,9.0,12.0,7.0,5.0,7.0,9.0,23.0,24.0,1.0,0.0,0.0,1.0,7.0,9.0,85.4,83.2,0.131,0.091,0.462,0.4,-0.7,-1.36,83.3,83.3
2025-11-22,11:30,77333,Bundesliga 25/26,25/26,Bundesliga,Matchweek 11,Sat,Away,L,0.0,1.0,FC Augsburg,52.0,,,,,,https://www.sofascore.com/hamburger-sv-fc-augsburg/acbsBdb,Ended,Hamburger SV,for,1.36,1.7,1.0,3.0,0.0,1.0,1.0,2.0,3.0,4.0,10.0,13.0,453.0,417.0,377.0,356.0,15.0,14.0,13.0,10.0,7.0,2.0,3.0,2.0,0.0,1.0,5.0,5.0,4.0,0.0,5.0,7.0,12.0,10.0,3.0,3.0,1.0,0.0,27.0,27.0,17.0,23.0,12.0,4.0,53.0,47.0,6.0,4.0,33.0,31.0,12.0,9.0,5.0,7.0,9.0,7.0,24.0,23.0,0.0,1.0,1.0,0.0,9.0,7.0,83.2,85.4,0.091,0.131,0.4,0.462,-1.36,-0.7,83.3,83.3
2025-11-22,14:30,77333,Bundesliga 25/26,25/26,Bundesliga,Matchweek 11,Sat,Home,L,3.0,4.0,Eintracht Frankfurt,47.0,,,,,,https://www.sofascore.com/eintracht-frankfurt-1-fc-koln/wdbszdb,Ended,1. FC Köln,for,1.22,1.81,3.0,4.0,2.0,2.0,1.0,2.0,3.0,3.0,6.0,5.0,493.0,565.0,415.0,495.0,17.0,13.0,5.0,6.0,4.0,3.0,0.0,0.0,0.0,0.0,3.0,2.0,2.0,2.0,4.0,2.0,10.0,10.0,1.0,1.0,2.0,0.0,23.0,23.0,34.0,34.0,6.0,4.0,49.0,51.0,5.0,7.0,28.0,30.0,16.0,16.0,7.0,12.0,10.0,13.0,8.0,25.0,0.0,0.0,0.0,0.0,5.0,4.0,84.2,87.6,0.111,0.165,0.455,0.636,1.78,2.19,42.9,40.0
2025-11-22,14:30,77333,Bundesliga 25/26,25/26,Bundesliga,Matchweek 11,Sat,Away,W,4.0,3.0,1. FC Köln,53.0,,,,,,https://www.sofascore.com/eintracht-frankfurt-1-fc-koln/wdbszdb,Ended,Eintracht Frankfurt,for,1.81,1.22,4.0,3.0,2.0,2.0,2.0,1.0,3.0,3.0,5.0,6.0,565.0,493.0,495.0,415.0,13.0,17.0,6.0,5.0,3.0,4.0,0.0,0.0,0.0,0.0,2.0,3.0,2.0,2.0,2.0,4.0,10.0,10.0,1.0,1.0,0.0,2.0,23.0,23.0,34.0,34.0,4.0,6.0,51.0,49.0,7.0,5.0,30.0,28.0,16.0,16.0,12.0,7.0,13.0,10.0,25.0,8.0,0.0,0.0,0.0,0.0,4.0,5.0,87.6,84.2,0.165,0.111,0.636,0.455,2.19,1.78,40.0,42.9
2025-11-23,11:30,77333,Bundesliga 25/26,25/26,Bundesliga,Matchweek 11,Sun,Home,W,2.0,0.0,SV Werder Bremen,52.0,,,,,,https://www.sofascore.com/rb-leipzig-sv-werder-bremen/JabskCo,Ended,RB Leipzig,for,2.1,0.8,4.0,0.0,1.0,0.0,3.0,0.0,13.0,7.0,5.0,7.0,519.0,479.0,461.0,415.0,15.0,24.0,7.0,5.0,1.0,2.0,1.0,2.0,0.0,0.0,5.0,10.0,4.0,3.0,5.0,6.0,15.0,9.0,7.0,6.0,0.0,2.0,44.0,29.0,23.0,23.0,7.0,6.0,46.0,54.0,9.0,8.0,34.0,33.0,4.0,11.0,12.0,5.0,10.0,10.0,17.0,27.0,1.0,0.0,1.0,3.0,7.0,6.0,88.8,86.6,0.095,0.053,0.591,0.4,-0.1,-0.8,83.3,76.9
2025-11-23,11:30,77333,Bundesliga 25/26,25/26,Bundesliga,Matchweek 11,Sun,Away,L,0.0,2.0,RB Leipzig,48.0,,,,,,https://www.sofascore.com/rb-leipzig-sv-werder-bremen/JabskCo,Ended,SV Werder Bremen,for,0.8,2.1,0.0,4.0,0.0,1.0,0.0,3.0,7.0,13.0,7.0,5.0,479.0,519.0,415.0,461.0,24.0,15.0,5.0,7.0,2.0,1.0,2.0,1.0,0.0,0.0,10.0,5.0,3.0,4.0,6.0,5.0,9.0,15.0,6.0,7.0,2.0,0.0,29.0,44.0,23.0,23.0,6.0,7.0,54.0,46.0,8.0,9.0,33.0,34.0,11.0,4.0,5.0,12.0,10.0,10.0,27.0,17.0,0.0,1.0,3.0,1.0,6.0,7.0,86.6,88.8,0.053,0.095,0.4,0.591,-0.8,-0.1,76.9,83.3
2025-11-23,13:30,77333,Bundesliga 25/26,25/26,Bundesliga,Matchweek 11,Sun,Home,L,0.0,1.0,1. FC Union Berlin,59.0,,,,,,https://www.sofascore.com/1-fc-union-berlin-fc-st-pauli/BabsXab,Ended,FC St. Pauli,for,0.72,0.55,1.0,0.0,0.0,0.0,1.0,0.0,8.0,2.0,10.0,8.0,559.0,406.0,426.0,302.0,18.0,11.0,8.0,10.0,1.0,2.0,1.0,1.0,0.0,0.0,2.0,3.0,4.0,2.0,5.0,2.0,7.0,6.0,5.0,1.0,0.0,0.0,20.0,14.0,19.0,24.0,3.0,4.0,50.0,50.0,4.0,9.0,31.0,26.0,27.0,33.0,7.0,5.0,10.0,6.0,25.0,51.0,0.0,0.0,1.0,1.0,7.0,7.0,76.2,74.4,0.06,0.079,0.25,0.429,-0.72,0.45,66.7,100.0
2025-11-23,13:30,77333,Bundesliga 25/26,25/26,Bundesliga,Matchweek 11,Sun,Away,W,1.0,0.0,FC St. Pauli,41.0,,,,,,https://www.sofascore.com/1-fc-union-berlin-fc-st-pauli/BabsXab,Ended,1. FC Union Berlin,for,0.55,0.72,0.0,1.0,0.0,0.0,0.0,1.0,2.0,8.0,8.0,10.0,406.0,559.0,302.0,426.0,11.0,18.0,10.0,8.0,2.0,1.0,1.0,1.0,0.0,0.0,3.0,2.0,2.0,4.0,2.0,5.0,6.0,7.0,1.0,5.0,0.0,0.0,14.0,20.0,24.0,19.0,4.0,3.0,50.0,50.0,9.0,4.0,26.0,31.0,33.0,27.0,5.0,7.0,6.0,10.0,51.0,25.0,0.0,0.0,1.0,1.0,7.0,7.0,74.4,76.2,0.079,0.06,0.429,0.25,0.45,-0.72,100.0,66.7
2025-11-28,16:30,77333,Bundesliga 25/26,25/26,Bundesliga,Matchweek 12,Fri,Home,D,0.0,0.0,RB Leipzig,42.0,,,,,,https://www.sofascore.com/rb-leipzig-borussia-mgladbach/CabskCo,Ended,Borussia M'gladbach,for,0.42,0.93,0.0,1.0,0.0,0.0,0.0,1.0,5.0,6.0,9.0,9.0,402.0,568.0,317.0,509.0,20.0,15.0,9.0,9.0,5.0,4.0,0.0,3.0,0.0,0.0,4.0,0.0,3.0,6.0,4.0,10.0,5.0,10.0,2.0,10.0,0.0,0.0,21.0,22.0,21.0,14.0,4.0,6.0,52.0,48.0,7.0,9.0,34.0,33.0,10.0,8.0,5.0,9.0,7.0,6.0,28.0,20.0,0.0,0.0,1.0,0.0,11.0,4.0,78.9,89.6,0.06,0.046,0.0,0.2,-0.42,-0.93,100.0,
2025-11-28,16:30,77333,Bundesliga 25/26,25/26,Bundesliga,Matchweek 12,Fri,Away,D,0.0,0.0,Borussia M'gladbach,58.0,,,,,,https://www.sofascore.com/rb-leipzig-borussia-mgladbach/CabskCo,Ended,RB Leipzig,for,0.93,0.42,1.0,0.0,0.0,0.0,1.0,0.0,6.0,5.0,9.0,9.0,568.0,402.0,509.0,317.0,15.0,20.0,9.0,9.0,4.0,5.0,3.0,0.0,0.0,0.0,0.0,4.0,6.0,3.0,10.0,4.0,10.0,5.0,10.0,2.0,0.0,0.0,22.0,21.0,14.0,21.0,6.0,4.0,48.0,52.0,9.0,7.0,33.0,34.0,8.0,10.0,9.0,5.0,6.0,7.0,20.0,28.0,0.0,0.0,0.0,1.0,4.0,11.0,89.6,78.9,0.046,0.06,0.2,0.0,-0.93,-0.42,,100.0
2025-11-29,11:30,77333,Bundesliga 25/26,25/26,Bundesliga,Matchweek 12,Sat,Home,W,3.0,1.0,FC St. Pauli,80.0,,,,,,https://www.sofascore.com/fc-bayern-munchen-fc-st-pauli/Babsxdb,Ended,FC Bayern München,for,2.3,0.64,4.0,1.0,3.0,1.0,1.0,0.0,10.0,2.0,5.0,8.0,995.0,242.0,924.0,176.0,7.0,23.0,8.0,5.0,3.0,2.0,1.0,1.0,0.0,0.0,0.0,1.0,5.0,4.0,10.0,5.0,14.0,5.0,5.0,5.0,3.0,1.0,41.0,12.0,39.0,13.0,7.0,0.0,51.0,49.0,7.0,4.0,25.0,29.0,19.0,13.0,11.0,2.0,8.0,11.0,19.0,44.0,0.0,0.0,0.0,2.0,5.0,8.0,92.9,72.7,0.121,0.064,0.211,0.1,0.7,0.36,0.0,25.0
2025-11-29,11:30,77333,Bundesliga 25/26,25/26,Bundesliga,Matchweek 12,Sat,Away,L,1.0,3.0,FC Bayern München,20.0,,,,,,https://www.sofascore.com/fc-bayern-munchen-fc-st-pauli/Babsxdb,Ended,FC St. Pauli,for,0.64,2.3,1.0,4.0,1.0,3.0,0.0,1.0,2.0,10.0,8.0,5.0,242.0,995.0,176.0,924.0,23.0,7.0,5.0,8.0,2.0,3.0,1.0,1.0,0.0,0.0,1.0,0.0,4.0,5.0,5.0,10.0,5.0,14.0,5.0,5.0,1.0,3.0,12.0,41.0,13.0,39.0,0.0,7.0,49.0,51.0,4.0,7.0,29.0,25.0,13.0,19.0,2.0,11.0,11.0,8.0,44.0,19.0,0.0,0.0,2.0,0.0,8.0,5.0,72.7,92.9,0.064,0.121,0.1,0.211,0.36,0.7,25.0,0.0
2025-11-29,11:30,77333,Bundesliga 25/26,25/26,Bundesliga,Matchweek 12,Sat,Home,L,1.0,2.0,1. FC Heidenheim,43.0,,,,,,https://www.sofascore.com/1-fc-heidenheim-1-fc-union-berlin/XabsKrc,Ended,1. FC Union Berlin,for,0.97,0.59,1.0,1.0,1.0,1.0,0.0,0.0,5.0,5.0,13.0,10.0,330.0,451.0,237.0,345.0,6.0,18.0,10.0,13.0,3.0,2.0,3.0,2.0,0.0,0.0,0.0,1.0,2.0,3.0,5.0,5.0,8.0,7.0,1.0,3.0,0.0,0.0,22.0,18.0,17.0,37.0,5.0,2.0,38.0,62.0,9.0,2.0,17.0,37.0,24.0,30.0,4.0,7.0,12.0,7.0,26.0,30.0,0.0,0.0,1.0,3.0,10.0,8.0,71.8,76.5,0.108,0.059,0.222,0.2,0.03,1.41,0.0,50.0
2025-11-29,11:30,77333,Bundesliga 25/26,25/26,Bundesliga,Matchweek 12,Sat,Away,W,2.0,1.0,1. FC Union Berlin,57.0,,,,,,https://www.sofascore.com/1-fc-heidenheim-1-fc-union-berlin/XabsKrc,Ended,1. FC Heidenheim,for,0.59,0.97,1.0,1.0,1.0,1.0,0.0,0.0,5.0,5.0,10.0,13.0,451.0,330.0,345.0,237.0,18.0,6.0,13.0,10.0,2.0,3.0,2.0,3.0,0.0,0.0,1.0,0.0,3.0,2.0,5.0,5.0,7.0,8.0,3.0,1.0,0.0,0.0,18.0,22.0,37.0,17.0,2.0,5.0,62.0,38.0,2.0,9.0,37.0,17.0,30.0,24.0,7.0,4.0,7.0,12.0,30.0,26.0,0.0,0.0,3.0,1.0,8.0,10.0,76.5,71.8,0.059,0.108,0.2,0.222,1.41,0.03,50.0,0.0
2025-11-29,11:30,77333,Bundesliga 25/26,25/26,Bundesliga,Matchweek 12,Sat,Home,D,1.0,1.0,1. FC Köln,49.0,,,,,,https://www.sofascore.com/1-fc-koln-sv-werder-bremen/Jabswdb,Ended,SV Werder Bremen,for,1.17,0.94,2.0,3.0,1.0,0.0,1.0,3.0,4.0,0.0,11.0,11.0,479.0,511.0,400.0,437.0,17.0,13.0,11.0,11.0,2.0,0.0,2.0,4.0,1.0,0.0,1.0,3.0,5.0,2.0,8.0,6.0,10.0,7.0,7.0,3.0,0.0,0.0,23.0,16.0,21.0,30.0,5.0,5.0,51.0,49.0,4.0,8.0,33.0,29.0,11.0,14.0,6.0,6.0,11.0,13.0,14.0,23.0,0.0,1.0,2.0,0.0,6.0,12.0,83.5,85.5,0.069,0.094,0.235,0.2,-0.17,0.06,50.0,75.0
2025-11-29,11:30,77333,Bundesliga 25/26,25/26,Bundesliga,Matchweek 12,Sat,Away,D,1.0,1.0,SV Werder Bremen,51.0,,,,,,https://www.sofascore.com/1-fc-koln-sv-werder-bremen/Jabswdb,Ended,1. FC Köln,for,0.94,1.17,3.0,2.0,0.0,1.0,3.0,1.0,0.0,4.0,11.0,11.0,511.0,479.0,437.0,400.0,13.0,17.0,11.0,11.0,0.0,2.0,4.0,2.0,0.0,1.0,3.0,1.0,2.0,5.0,6.0,8.0,7.0,10.0,3.0,7.0,0.0,0.0,16.0,23.0,30.0,21.0,5.0,5.0,49.0,51.0,8.0,4.0,29.0,33.0,14.0,11.0,6.0,6.0,13.0,11.0,23.0,14.0,1.0,0.0,0.0,2.0,12.0,6.0,85.5,83.5,0.094,0.069,0.2,0.235,0.06,-0.17,75.0,50.0
2025-11-29,11:30,77333,Bundesliga 25/26,25/26,Bundesliga,Matchweek 12,Sat,Home,W,3.0,0.0,FC Augsburg,60.0,,,,,,https://www.sofascore.com/fc-augsburg-tsg-hoffenheim/ubbsacb,Ended,TSG Hoffenheim,for,2.08,0.96,3.0,0.0,2.0,0.0,1.0,0.0,7.0,2.0,17.0,9.0,600.0,398.0,504.0,289.0,9.0,13.0,9.0,17.0,2.0,3.0,1.0,0.0,0.0,0.0,4.0,1.0,7.0,4.0,7.0,6.0,14.0,9.0,3.0,5.0,0.0,0.0,27.0,23.0,27.0,34.0,6.0,3.0,44.0,56.0,7.0,6.0,23.0,35.0,24.0,24.0,5.0,7.0,12.0,11.0,29.0,36.0,0.0,0.0,0.0,1.0,7.0,10.0,84.0,72.6,0.122,0.069,0.176,0.286,0.92,-0.96,100.0,33.3
2025-11-29,11:30,77333,Bundesliga 25/26,25/26,Bundesliga,Matchweek 12,Sat,Away,L,0.0,3.0,TSG Hoffenheim,40.0,,,,,,https://www.sofascore.com/fc-augsburg-tsg-hoffenheim/ubbsacb,Ended,FC Augsburg,for,0.96,2.08,0.0,3.0,0.0,2.0,0.0,1.0,2.0,7.0,9.0,17.0,398.0,600.0,289.0,504.0,13.0,9.0,17.0,9.0,3.0,2.0,0.0,1.0,0.0,0.0,1.0,4.0,4.0,7.0,6.0,7.0,9.0,14.0,5.0,3.0,0.0,0.0,23.0,27.0,34.0,27.0,3.0,6.0,56.0,44.0,6.0,7.0,35.0,23.0,24.0,24.0,7.0,5.0,11.0,12.0,36.0,29.0,0.0,0.0,1.0,0.0,10.0,7.0,72.6,84.0,0.069,0.122,0.286,0.176,-0.96,0.92,33.3,100.0
2025-11-29,14:30,77333,Bundesliga 25/26,25/26,Bundesliga,Matchweek 12,Sat,Home,L,1.0,2.0,Borussia Dortmund,63.0,,,,,,https://www.sofascore.com/bayer-04-leverkusen-borussia-dortmund/ydbsGdb,Ended,Bayer 04 Leverkusen,for,0.82,0.99,2.0,3.0,0.0,1.0,2.0,2.0,10.0,3.0,7.0,9.0,613.0,350.0,546.0,291.0,11.0,16.0,9.0,7.0,3.0,1.0,3.0,4.0,0.0,0.0,2.0,3.0,4.0,0.0,6.0,3.0,9.0,6.0,5.0,1.0,0.0,0.0,24.0,20.0,17.0,13.0,6.0,5.0,46.0,54.0,9.0,4.0,25.0,25.0,8.0,13.0,6.0,3.0,7.0,8.0,18.0,19.0,0.0,0.0,0.0,1.0,5.0,11.0,89.1,83.1,0.059,0.141,0.286,0.571,0.18,1.01,50.0,75.0
2025-11-29,14:30,77333,Bundesliga 25/26,25/26,Bundesliga,Matchweek 12,Sat,Away,W,2.0,1.0,Bayer 04 Leverkusen,37.0,,,,,,https://www.sofascore.com/bayer-04-leverkusen-borussia-dortmund/ydbsGdb,Ended,Borussia Dortmund,for,0.99,0.82,3.0,2.0,1.0,0.0,2.0,2.0,3.0,10.0,9.0,7.0,350.0,613.0,291.0,546.0,16.0,11.0,7.0,9.0,1.0,3.0,4.0,3.0,0.0,0.0,3.0,2.0,0.0,4.0,3.0,6.0,6.0,9.0,1.0,5.0,0.0,0.0,20.0,24.0,13.0,17.0,5.0,6.0,54.0,46.0,4.0,9.0,25.0,25.0,13.0,8.0,3.0,6.0,8.0,7.0,19.0,18.0,0.0,0.0,1.0,0.0,11.0,5.0,83.1,89.1,0.141,0.059,0.571,0.286,1.01,0.18,75.0,50.0
2025-11-30,11:30,77333,Bundesliga 25/26,25/26,Bundesliga,Matchweek 12,Sun,Home,W,2.0,1.0,VfB Stuttgart,34.0,,,,,,https://www.sofascore.com/vfb-stuttgart-hamburger-sv/BdbsCdb,Ended,Hamburger SV,for,0.98,0.75,2.0,2.0,2.0,1.0,0.0,1.0,4.0,6.0,16.0,12.0,277.0,542.0,200.0,471.0,22.0,16.0,12.0,16.0,0.0,1.0,2.0,4.0,1.0,0.0,2.0,0.0,3.0,3.0,4.0,8.0,8.0,7.0,1.0,7.0,1.0,2.0,15.0,30.0,22.0,16.0,3.0,4.0,47.0,53.0,8.0,15.0,37.0,34.0,6.0,15.0,3.0,3.0,12.0,5.0,34.0,18.0,0.0,0.0,0.0,2.0,11.0,4.0,72.2,86.9,0.109,0.054,0.222,0.214,1.02,0.25,66.7,0.0
2025-11-30,11:30,77333,Bundesliga 25/26,25/26,Bundesliga,Matchweek 12,Sun,Away,L,1.0,2.0,Hamburger SV,66.0,,,,,,https://www.sofascore.com/vfb-stuttgart-hamburger-sv/BdbsCdb,Ended,VfB Stuttgart,for,0.75,0.98,2.0,2.0,1.0,2.0,1.0,0.0,6.0,4.0,12.0,16.0,542.0,277.0,471.0,200.0,16.0,22.0,16.0,12.0,1.0,0.0,4.0,2.0,0.0,1.0,0.0,2.0,3.0,3.0,8.0,4.0,7.0,8.0,7.0,1.0,2.0,1.0,30.0,15.0,16.0,22.0,4.0,3.0,53.0,47.0,15.0,8.0,34.0,37.0,15.0,6.0,3.0,3.0,5.0,12.0,18.0,34.0,0.0,0.0,2.0,0.0,4.0,11.0,86.9,72.2,0.054,0.109,0.214,0.222,0.25,1.02,0.0,66.7
2025-11-30,13:30,77333,Bundesliga 25/26,25/26,Bundesliga,Matchweek 12,Sun,Home,D,1.0,1.0,VfL Wolfsburg,54.0,,,,,,https://www.sofascore.com/eintracht-frankfurt-vfl-wolfsburg/zabszdb,Ended,Eintracht Frankfurt,for,1.59,1.86,2.0,3.0,1.0,1.0,1.0,2.0,14.0,1.0,7.0,9.0,462.0,409.0,380.0,316.0,17.0,16.0,8.0,7.0,2.0,3.0,1.0,4.0,0.0,0.0,2.0,1.0,7.0,3.0,5.0,4.0,7.0,7.0,8.0,3.0,0.0,0.0,40.0,21.0,28.0,15.0,5.0,7.0,50.0,50.0,10.0,9.0,30.0,25.0,16.0,21.0,6.0,2.0,6.0,11.0,19.0,61.0,0.0,0.0,0.0,4.0,7.0,11.0,82.3,77.3,0.106,0.186,0.2,0.3,-0.59,-0.86,66.7,33.3
2025-11-30,13:30,77333,Bundesliga 25/26,25/26,Bundesliga,Matchweek 12,Sun,Away,D,1.0,1.0,Eintracht Frankfurt,46.0,,,,,,https://www.sofascore.com/eintracht-frankfurt-vfl-wolfsburg/zabszdb,Ended,VfL Wolfsburg,for,1.86,1.59,3.0,2.0,1.0,1.0,2.0,1.0,1.0,14.0,9.0,7.0,409.0,462.0,316.0,380.0,16.0,17.0,7.0,8.0,3.0,2.0,4.0,1.0,0.0,0.0,1.0,2.0,3.0,7.0,4.0,5.0,7.0,7.0,3.0,8.0,0.0,0.0,21.0,40.0,15.0,28.0,7.0,5.0,50.0,50.0,9.0,10.0,25.0,30.0,21.0,16.0,2.0,6.0,11.0,6.0,61.0,19.0,0.0,0.0,4.0,0.0,11.0,7.0,77.3,82.3,0.186,0.106,0.3,0.2,-0.86,-0.59,33.3,66.7
2025-11-30,15:30,77333,Bundesliga 25/26,25/26,Bundesliga,Matchweek 12,Sun,Home,W,4.0,0.0,1. FSV Mainz 05,75.0,,,,,,https://www.sofascore.com/1-fsv-mainz-05-sc-freiburg/Nabsgbb,Ended,SC Freiburg,for,4.6,0.11,7.0,0.0,3.0,0.0,4.0,0.0,6.0,2.0,9.0,12.0,716.0,245.0,642.0,171.0,17.0,6.0,12.0,9.0,4.0,0.0,0.0,2.0,0.0,1.0,1.0,6.0,6.0,0.0,7.0,0.0,16.0,0.0,7.0,1.0,0.0,0.0,46.0,7.0,39.0,11.0,8.0,2.0,70.0,30.0,4.0,11.0,35.0,18.0,22.0,7.0,6.0,5.0,9.0,13.0,5.0,27.0,0.0,1.0,0.0,1.0,0.0,8.0,89.7,69.8,0.2,0.11,0.435,1.0,-0.6,-0.11,100.0,60.0
2025-11-30,15:30,77333,Bundesliga 25/26,25/26,Bundesliga,Matchweek 12,Sun,Away,L,0.0,4.0,SC Freiburg,25.0,,,,,,https://www.sofascore.com/1-fsv-mainz-05-sc-freiburg/Nabsgbb,Ended,1. FSV Mainz 05,for,0.11,4.6,0.0,7.0,0.0,3.0,0.0,4.0,2.0,6.0,12.0,9.0,245.0,716.0,171.0,642.0,6.0,17.0,9.0,12.0,0.0,4.0,2.0,0.0,1.0,0.0,6.0,1.0,0.0,6.0,0.0,7.0,0.0,16.0,1.0,7.0,0.0,0.0,7.0,46.0,11.0,39.0,2.0,8.0,30.0,70.0,11.0,4.0,18.0,35.0,7.0,22.0,5.0,6.0,13.0,9.0,27.0,5.0,1.0,0.0,1.0,0.0,8.0,0.0,69.8,89.7,0.11,0.2,1.0,0.435,-0.11,-0.6,60.0,100.0
2025-12-05,16:30,77333,Bundesliga 25/26,25/26,Bundesliga,Matchweek 13,Fri,Home,L,0.0,1.0,Borussia M'gladbach,55.0,,,,,,https://www.sofascore.com/1-fsv-mainz-05-borussia-mgladbach/Cabsgbb,Ended,1. FSV Mainz 05,for,0.97,1.85,2.0,2.0,0.0,0.0,2.0,2.0,8.0,6.0,12.0,4.0,525.0,425.0,422.0,325.0,17.0,23.0,4.0,12.0,1.0,2.0,2.0,1.0,0.0,0.0,4.0,2.0,1.0,4.0,5.0,5.0,7.0,10.0,1.0,4.0,1.0,0.0,25.0,31.0,23.0,24.0,4.0,5.0,43.0,57.0,13.0,11.0,25.0,41.0,23.0,22.0,5.0,7.0,12.0,9.0,30.0,46.0,0.0,0.0,2.0,2.0,4.0,6.0,80.4,76.5,0.121,0.132,0.25,0.357,-0.97,-0.85,80.0,100.0
2025-12-05,16:30,77333,Bundesliga 25/26,25/26,Bundesliga,Matchweek 13,Fri,Away,W,1.0,0.0,1. FSV Mainz 05,45.0,,,,,,https://www.sofascore.com/1-fsv-mainz-05-borussia-mgladbach/Cabsgbb,Ended,Borussia M'gladbach,for,1.85,0.97,2.0,2.0,0.0,0.0,2.0,2.0,6.0,8.0,4.0,12.0,425.0,525.0,325.0,422.0,23.0,17.0,12.0,4.0,2.0,1.0,1.0,2.0,0.0,0.0,2.0,4.0,4.0,1.0,5.0,5.0,10.0,7.0,4.0,1.0,0.0,1.0,31.0,25.0,24.0,23.0,5.0,4.0,57.0,43.0,11.0,13.0,41.0,25.0,22.0,23.0,7.0,5.0,9.0,12.0,46.0,30.0,0.0,0.0,2.0,2.0,6.0,4.0,76.5,80.4,0.132,0.121,0.357,0.25,-0.85,-0.97,100.0,80.0
2025-12-06,11:30,77333,Bundesliga 25/26,25/26,Bundesliga,Matchweek 13,Sat,Home,L,0.0,5.0,FC Bayern München,41.0,,,,,,https://www.sofascore.com/vfb-stuttgart-fc-bayern-munchen/xdbsCdb,Ended,VfB Stuttgart,for,0.88,3.54,1.0,5.0,0.0,3.0,1.0,2.0,3.0,4.0,6.0,11.0,381.0,561.0,307.0,486.0,11.0,6.0,11.0,5.0,5.0,5.0,2.0,4.0,1.0,0.0,5.0,1.0,5.0,3.0,7.0,5.0,9.0,15.0,4.0,4.0,0.0,2.0,19.0,49.0,17.0,35.0,4.0,2.0,64.0,36.0,3.0,5.0,29.0,15.0,18.0,12.0,8.0,4.0,9.0,8.0,27.0,23.0,1.0,2.0,0.0,0.0,5.0,7.0,80.6,86.6,0.068,0.186,0.077,0.579,-0.88,1.46,45.5,100.0
2025-12-06,11:30,77333,Bundesliga 25/26,25/26,Bundesliga,Matchweek 13,Sat,Away,W,5.0,0.0,VfB Stuttgart,59.0,,,,,,https://www.sofascore.com/vfb-stuttgart-fc-bayern-munchen/xdbsCdb,Ended,FC Bayern München,for,3.54,0.88,5.0,1.0,3.0,0.0,2.0,1.0,4.0,3.0,11.0,6.0,561.0,381.0,486.0,307.0,6.0,11.0,5.0,11.0,5.0,5.0,4.0,2.0,0.0,1.0,1.0,5.0,3.0,5.0,5.0,7.0,15.0,9.0,4.0,4.0,2.0,0.0,49.0,19.0,35.0,17.0,2.0,4.0,36.0,64.0,5.0,3.0,15.0,29.0,12.0,18.0,4.0,8.0,8.0,9.0,23.0,27.0,2.0,1.0,0.0,0.0,7.0,5.0,86.6,80.6,0.186,0.068,0.579,0.077,1.46,-0.88,100.0,45.5
2025-12-06,11:30,77333,Bundesliga 25/26,25/26,Bundesliga,Matchweek 13,Sat,Home,W,2.0,0.0,Bayer 04 Leverkusen,32.0,,,,,,https://www.sofascore.com/bayer-04-leverkusen-fc-augsburg/acbsGdb,Ended,FC Augsburg,for,1.28,1.63,4.0,3.0,2.0,0.0,2.0,3.0,5.0,7.0,12.0,6.0,325.0,677.0,256.0,618.0,15.0,13.0,6.0,12.0,1.0,1.0,4.0,3.0,0.0,0.0,2.0,4.0,2.0,10.0,5.0,8.0,9.0,12.0,4.0,8.0,2.0,3.0,24.0,41.0,24.0,23.0,5.0,9.0,42.0,58.0,10.0,5.0,24.0,29.0,9.0,17.0,3.0,5.0,12.0,7.0,29.0,24.0,0.0,0.0,0.0,0.0,16.0,3.0,78.8,91.3,0.098,0.081,0.462,0.1,0.72,-1.63,100.0,66.7
2025-12-06,11:30,77333,Bundesliga 25/26,25/26,Bundesliga,Matchweek 13,Sat,Away,L,0.0,2.0,FC Augsburg,68.0,,,,,,https://www.sofascore.com/bayer-04-leverkusen-fc-augsburg/acbsGdb,Ended,Bayer 04 Leverkusen,for,1.63,1.28,3.0,4.0,0.0,2.0,3.0,2.0,7.0,5.0,6.0,12.0,677.0,325.0,618.0,256.0,13.0,15.0,12.0,6.0,1.0,1.0,3.0,4.0,0.0,0.0,4.0,2.0,10.0,2.0,8.0,5.0,12.0,9.0,8.0,4.0,3.0,2.0,41.0,24.0,23.0,24.0,9.0,5.0,58.0,42.0,5.0,10.0,29.0,24.0,17.0,9.0,5.0,3.0,7.0,12.0,24.0,29.0,0.0,0.0,0.0,0.0,3.0,16.0,91.3,78.8,0.081,0.098,0.1,0.462,-1.63,0.72,66.7,100.0
2025-12-06,11:30,77333,Bundesliga 25/26,25/26,Bundesliga,Matchweek 13,Sat,Home,W,3.0,1.0,1. FC Union Berlin,43.0,,,,,,https://www.sofascore.com/1-fc-union-berlin-vfl-wolfsburg/zabsXab,Ended,VfL Wolfsburg,for,0.81,1.92,1.0,3.0,1.0,0.0,0.0,3.0,0.0,11.0,13.0,10.0,376.0,460.0,279.0,363.0,14.0,13.0,10.0,12.0,1.0,1.0,4.0,1.0,0.0,0.0,5.0,0.0,1.0,3.0,0.0,12.0,3.0,17.0,1.0,4.0,2.0,0.0,9.0,46.0,24.0,35.0,0.0,13.0,42.0,58.0,7.0,8.0,25.0,32.0,19.0,29.0,2.0,7.0,7.0,8.0,52.0,16.0,0.0,0.0,1.0,1.0,12.0,2.0,74.2,78.9,0.203,0.091,0.75,0.286,2.19,-0.92,83.3,0.0
2025-12-06,11:30,77333,Bundesliga 25/26,25/26,Bundesliga,Matchweek 13,Sat,Away,L,1.0,3.0,VfL Wolfsburg,57.0,,,,,,https://www.sofascore.com/1-fc-union-berlin-vfl-wolfsburg/zabsXab,Ended,1. FC Union Berlin,for,1.92,0.81,3.0,1.0,0.0,1.0,3.0,0.0,11.0,0.0,10.0,13.0,460.0,376.0,363.0,279.0,13.0,14.0,12.0,10.0,1.0,1.0,1.0,4.0,0.0,0.0,0.0,5.0,3.0,1.0,12.0,0.0,17.0,3.0,4.0,1.0,0.0,2.0,46.0,9.0,35.0,24.0,13.0,0.0,58.0,42.0,8.0,7.0,32.0,25.0,29.0,19.0,7.0,2.0,8.0,7.0,16.0,52.0,0.0,0.0,1.0,1.0,2.0,12.0,78.9,74.2,0.091,0.203,0.286,0.75,-0.92,2.19,0.0,83.3
2025-12-06,11:30,77333,Bundesliga 25/26,25/26,Bundesliga,Matchweek 13,Sat,Home,W,2.0,1.0,SC Freiburg,39.0,,,,,,https://www.sofascore.com/1-fc-heidenheim-sc-freiburg/NabsKrc,Ended,1. FC Heidenheim,for,2.14,1.0,6.0,0.0,2.0,0.0,4.0,0.0,8.0,6.0,11.0,10.0,282.0,456.0,206.0,369.0,18.0,15.0,10.0,11.0,1.0,1.0,2.0,1.0,0.0,0.0,1.0,1.0,5.0,6.0,8.0,8.0,8.0,10.0,8.0,6.0,1.0,0.0,25.0,30.0,27.0,13.0,4.0,8.0,55.0,45.0,10.0,6.0,33.0,33.0,25.0,14.0,6.0,7.0,13.0,9.0,48.0,27.0,0.0,0.0,0.0,3.0,9.0,8.0,73.0,80.9,0.134,0.062,0.188,0.125,-0.14,0.0,50.0,33.3
2025-12-06,11:30,77333,Bundesliga 25/26,25/26,Bundesliga,Matchweek 13,Sat,Away,L,1.0,2.0,1. FC Heidenheim,61.0,,,,,,https://www.sofascore.com/1-fc-heidenheim-sc-freiburg/NabsKrc,Ended,SC Freiburg,for,1.0,2.14,0.0,6.0,0.0,2.0,0.0,4.0,6.0,8.0,10.0,11.0,456.0,282.0,369.0,206.0,15.0,18.0,11.0,10.0,1.0,1.0,1.0,2.0,0.0,0.0,1.0,1.0,6.0,5.0,8.0,8.0,10.0,8.0,6.0,8.0,0.0,1.0,30.0,25.0,13.0,27.0,8.0,4.0,45.0,55.0,6.0,10.0,33.0,33.0,14.0,25.0,7.0,6.0,9.0,13.0,27.0,48.0,0.0,0.0,3.0,0.0,8.0,9.0,80.9,73.0,0.062,0.134,0.125,0.188,0.0,-0.14,33.3,50.0
2025-12-06,11:30,77333,Bundesliga 25/26,25/26,Bundesliga,Matchweek 13,Sat,Home,D,1.0,1.0,FC St. Pauli,58.0,,,,,,https://www.sofascore.com/1-fc-koln-fc-st-pauli/Babswdb,Ended,1. FC Köln,for,1.91,0.14,4.0,1.0,1.0,0.0,3.0,1.0,5.0,4.0,6.0,6.0,589.0,408.0,502.0,332.0,8.0,17.0,6.0,6.0,2.0,3.0,0.0,1.0,0.0,0.0,0.0,6.0,2.0,2.0,1.0,2.0,6.0,2.0,5.0,3.0,0.0,0.0,16.0,8.0,26.0,19.0,2.0,2.0,45.0,55.0,11.0,5.0,19.0,27.0,12.0,11.0,5.0,5.0,6.0,12.0,25.0,28.0,0.0,0.0,0.0,0.0,5.0,8.0,85.2,81.4,0.174,0.028,0.727,0.2,-0.91,0.86,0.0,75.0
2025-12-06,11:30,77333,Bundesliga 25/26,25/26,Bundesliga,Matchweek 13,Sat,Away,D,1.0,1.0,1. FC Köln,42.0,,,,,,https://www.sofascore.com/1-fc-koln-fc-st-pauli/Babswdb,Ended,FC St. Pauli,for,0.14,1.91,1.0,4.0,0.0,1.0,1.0,3.0,4.0,5.0,6.0,6.0,408.0,589.0,332.0,502.0,17.0,8.0,6.0,6.0,3.0,2.0,1.0,0.0,0.0,0.0,6.0,0.0,2.0,2.0,2.0,1.0,2.0,6.0,3.0,5.0,0.0,0.0,8.0,16.0,19.0,26.0,2.0,2.0,55.0,45.0,5.0,11.0,27.0,19.0,11.0,12.0,5.0,5.0,12.0,6.0,28.0,25.0,0.0,0.0,0.0,0.0,8.0,5.0,81.4,85.2,0.028,0.174,0.2,0.727,0.86,-0.91,75.0,0.0
2025-12-06,14:30,77333,Bundesliga 25/26,25/26,Bundesliga,Matchweek 13,Sat,Home,W,6.0,0.0,Eintracht Frankfurt,52.0,,,,,,https://www.sofascore.com/rb-leipzig-eintracht-frankfurt/zdbskCo,Ended,RB Leipzig,for,3.77,0.65,6.0,1.0,4.0,0.0,2.0,1.0,4.0,0.0,9.0,17.0,484.0,453.0,405.0,358.0,16.0,24.0,16.0,9.0,1.0,1.0,1.0,2.0,0.0,0.0,2.0,1.0,3.0,4.0,6.0,2.0,11.0,6.0,5.0,2.0,2.0,0.0,28.0,19.0,27.0,18.0,3.0,2.0,56.0,44.0,6.0,10.0,42.0,37.0,22.0,13.0,10.0,4.0,10.0,8.0,26.0,19.0,1.0,0.0,1.0,0.0,2.0,7.0,83.7,79.0,0.236,0.081,0.438,0.25,2.23,-0.65,100.0,14.3
2025-12-06,14:30,77333,Bundesliga 25/26,25/26,Bundesliga,Matchweek 13,Sat,Away,L,0.0,6.0,RB Leipzig,48.0,,,,,,https://www.sofascore.com/rb-leipzig-eintracht-frankfurt/zdbskCo,Ended,Eintracht Frankfurt,for,0.65,3.77,1.0,6.0,0.0,4.0,1.0,2.0,0.0,4.0,17.0,9.0,453.0,484.0,358.0,405.0,24.0,16.0,9.0,16.0,1.0,1.0,2.0,1.0,0.0,0.0,1.0,2.0,4.0,3.0,2.0,6.0,6.0,11.0,2.0,5.0,0.0,2.0,19.0,28.0,18.0,27.0,2.0,3.0,44.0,56.0,10.0,6.0,37.0,42.0,13.0,22.0,4.0,10.0,8.0,10.0,19.0,26.0,0.0,1.0,0.0,1.0,7.0,2.0,79.0,83.7,0.081,0.236,0.25,0.438,-0.65,2.23,14.3,100.0
2025-12-07,11:30,77333,Bundesliga 25/26,25/26,Bundesliga,Matchweek 13,Sun,Home,W,3.0,2.0,SV Werder Bremen,54.0,,,,,,https://www.sofascore.com/hamburger-sv-sv-werder-bremen/JabsBdb,Ended,Hamburger SV,for,1.31,0.75,3.0,1.0,1.0,1.0,2.0,0.0,5.0,3.0,8.0,13.0,456.0,384.0,399.0,315.0,18.0,14.0,13.0,8.0,1.0,2.0,2.0,6.0,0.0,0.0,1.0,3.0,3.0,4.0,3.0,3.0,8.0,3.0,4.0,7.0,1.0,0.0,27.0,16.0,17.0,16.0,6.0,5.0,63.0,37.0,7.0,9.0,49.0,26.0,15.0,12.0,19.0,5.0,14.0,11.0,33.0,30.0,0.0,0.0,0.0,0.0,6.0,8.0,87.5,82.0,0.109,0.075,0.5,0.3,1.69,1.25,33.3,50.0
2025-12-07,11:30,77333,Bundesliga 25/26,25/26,Bundesliga,Matchweek 13,Sun,Away,L,2.0,3.0,Hamburger SV,46.0,,,,,,https://www.sofascore.com/hamburger-sv-sv-werder-bremen/JabsBdb,Ended,SV Werder Bremen,for,0.75,1.31,1.0,3.0,1.0,1.0,0.0,2.0,3.0,5.0,13.0,8.0,384.0,456.0,315.0,399.0,14.0,18.0,8.0,13.0,2.0,1.0,6.0,2.0,0.0,0.0,3.0,1.0,4.0,3.0,3.0,3.0,3.0,8.0,7.0,4.0,0.0,1.0,16.0,27.0,16.0,17.0,5.0,6.0,37.0,63.0,9.0,7.0,26.0,49.0,12.0,15.0,5.0,19.0,11.0,14.0,30.0,33.0,0.0,0.0,0.0,0.0,8.0,6.0,82.0,87.5,0.075,0.109,0.3,0.5,1.25,1.69,50.0,33.3
2025-12-07,13:30,77333,Bundesliga 25/26,25/26,Bundesliga,Matchweek 13,Sun,Home,W,2.0,0.0,TSG Hoffenheim,43.0,,,,,,https://www.sofascore.com/borussia-dortmund-tsg-hoffenheim/ubbsydb,Ended,Borussia Dortmund,for,1.26,1.14,2.0,2.0,1.0,0.0,1.0,2.0,7.0,5.0,7.0,9.0,380.0,507.0,293.0,420.0,15.0,14.0,9.0,7.0,0.0,1.0,0.0,2.0,0.0,0.0,3.0,2.0,2.0,1.0,2.0,7.0,6.0,5.0,2.0,6.0,1.0,0.0,21.0,18.0,26.0,27.0,4.0,5.0,51.0,49.0,4.0,7.0,32.0,31.0,15.0,15.0,8.0,10.0,6.0,8.0,22.0,27.0,1.0,0.0,0.0,0.0,11.0,4.0,77.1,82.8,0.158,0.104,0.5,0.273,0.74,-1.14,100.0,50.0
2025-12-07,13:30,77333,Bundesliga 25/26,25/26,Bundesliga,Matchweek 13,Sun,Away,L,0.0,2.0,Borussia Dortmund,57.0,,,,,,https://www.sofascore.com/borussia-dortmund-tsg-hoffenheim/ubbsydb,Ended,TSG Hoffenheim,for,1.14,1.26,2.0,2.0,0.0,1.0,2.0,1.0,5.0,7.0,9.0,7.0,507.0,380.0,420.0,293.0,14.0,15.0,7.0,9.0,1.0,0.0,2.0,0.0,0.0,0.0,2.0,3.0,1.0,2.0,7.0,2.0,5.0,6.0,6.0,2.0,0.0,1.0,18.0,21.0,27.0,26.0,5.0,4.0,49.0,51.0,7.0,4.0,31.0,32.0,15.0,15.0,10.0,8.0,8.0,6.0,27.0,22.0,0.0,1.0,0.0,0.0,4.0,11.0,82.8,77.1,0.104,0.158,0.273,0.5,-1.14,0.74,50.0,100.0
2025-12-12,16:30,77333,Bundesliga 25/26,25/26,Bundesliga,Matchweek 14,Fri,Home,W,3.0,1.0,RB Leipzig,37.0,,,,,,https://www.sofascore.com/rb-leipzig-1-fc-union-berlin/XabskCo,Ended,1. FC Union Berlin,for,1.42,0.55,3.0,0.0,2.0,0.0,1.0,0.0,4.0,6.0,7.0,8.0,311.0,558.0,210.0,464.0,35.0,14.0,8.0,7.0,1.0,0.0,2.0,2.0,0.0,0.0,2.0,3.0,1.0,2.0,5.0,4.0,9.0,4.0,3.0,5.0,0.0,0.0,22.0,17.0,25.0,22.0,5.0,5.0,53.0,47.0,9.0,19.0,46.0,29.0,12.0,22.0,5.0,8.0,10.0,5.0,36.0,33.0,0.0,1.0,0.0,0.0,8.0,8.0,67.5,83.2,0.118,0.061,0.5,0.333,1.58,0.45,66.7,50.0
2025-12-12,16:30,77333,Bundesliga 25/26,25/26,Bundesliga,Matchweek 14,Fri,Away,L,1.0,3.0,1. FC Union Berlin,63.0,,,,,,https://www.sofascore.com/rb-leipzig-1-fc-union-berlin/XabskCo,Ended,RB Leipzig,for,0.55,1.42,0.0,3.0,0.0,2.0,0.0,1.0,6.0,4.0,8.0,7.0,558.0,311.0,464.0,210.0,14.0,35.0,7.0,8.0,0.0,1.0,2.0,2.0,0.0,0.0,3.0,2.0,2.0,1.0,4.0,5.0,4.0,9.0,5.0,3.0,0.0,0.0,17.0,22.0,22.0,25.0,5.0,5.0,47.0,53.0,19.0,9.0,29.0,46.0,22.0,12.0,8.0,5.0,5.0,10.0,33.0,36.0,1.0,0.0,0.0,0.0,8.0,8.0,83.2,67.5,0.061,0.118,0.333,0.5,0.45,1.58,50.0,66.7
2025-12-13,11:30,77333,Bundesliga 25/26,25/26,Bundesliga,Matchweek 14,Sat,Home,W,1.0,0.0,FC Augsburg,51.0,,,,,,https://www.sofascore.com/eintracht-frankfurt-fc-augsburg/acbszdb,Ended,Eintracht Frankfurt,for,1.05,0.62,2.0,0.0,0.0,0.0,2.0,0.0,2.0,6.0,14.0,10.0,475.0,442.0,394.0,363.0,16.0,17.0,10.0,14.0,3.0,5.0,2.0,3.0,0.0,0.0,1.0,3.0,3.0,3.0,4.0,8.0,10.0,12.0,1.0,0.0,0.0,0.0,19.0,36.0,19.0,31.0,1.0,8.0,43.0,57.0,12.0,10.0,32.0,37.0,11.0,20.0,6.0,7.0,13.0,2.0,21.0,29.0,0.0,0.0,1.0,0.0,10.0,7.0,82.9,82.1,0.095,0.052,0.364,0.083,-0.05,-0.62,100.0,75.0
2025-12-13,11:30,77333,Bundesliga 25/26,25/26,Bundesliga,Matchweek 14,Sat,Away,L,0.0,1.0,Eintracht Frankfurt,49.0,,,,,,https://www.sofascore.com/eintracht-frankfurt-fc-augsburg/acbszdb,Ended,FC Augsburg,for,0.62,1.05,0.0,2.0,0.0,0.0,0.0,2.0,6.0,2.0,10.0,14.0,442.0,475.0,363.0,394.0,17.0,16.0,14.0,10.0,5.0,3.0,3.0,2.0,0.0,0.0,3.0,1.0,3.0,3.0,8.0,4.0,12.0,10.0,0.0,1.0,0.0,0.0,36.0,19.0,31.0,19.0,8.0,1.0,57.0,43.0,10.0,12.0,37.0,32.0,20.0,11.0,7.0,6.0,2.0,13.0,29.0,21.0,0.0,0.0,0.0,1.0,7.0,10.0,82.1,82.9,0.052,0.095,0.083,0.364,-0.62,-0.05,75.0,100.0
2025-12-13,11:30,77333,Bundesliga 25/26,25/26,Bundesliga,Matchweek 14,Sat,Home,L,1.0,3.0,VfL Wolfsburg,58.0,,,,,,https://www.sofascore.com/borussia-mgladbach-vfl-wolfsburg/zabsCab,Ended,Borussia M'gladbach,for,0.8,1.72,0.0,3.0,0.0,2.0,0.0,1.0,6.0,3.0,6.0,8.0,575.0,430.0,481.0,343.0,16.0,15.0,8.0,6.0,4.0,4.0,0.0,1.0,0.0,0.0,3.0,4.0,4.0,1.0,6.0,4.0,10.0,9.0,4.0,2.0,0.0,1.0,28.0,16.0,23.0,15.0,6.0,2.0,61.0,39.0,8.0,4.0,31.0,28.0,29.0,10.0,9.0,7.0,8.0,9.0,21.0,40.0,0.0,0.0,0.0,0.0,2.0,7.0,83.7,79.8,0.057,0.156,0.286,0.545,0.2,1.28,50.0,100.0
2025-12-13,11:30,77333,Bundesliga 25/26,25/26,Bundesliga,Matchweek 14,Sat,Away,W,3.0,1.0,Borussia M'gladbach,42.0,,,,,,https://www.sofascore.com/borussia-mgladbach-vfl-wolfsburg/zabsCab,Ended,VfL Wolfsburg,for,1.72,0.8,3.0,0.0,2.0,0.0,1.0,0.0,3.0,6.0,8.0,6.0,430.0,575.0,343.0,481.0,15.0,16.0,6.0,8.0,4.0,4.0,1.0,0.0,0.0,0.0,4.0,3.0,1.0,4.0,4.0,6.0,9.0,10.0,2.0,4.0,1.0,0.0,16.0,28.0,15.0,23.0,2.0,6.0,39.0,61.0,4.0,8.0,28.0,31.0,10.0,29.0,7.0,9.0,9.0,8.0,40.0,21.0,0.0,0.0,0.0,0.0,7.0,2.0,79.8,83.7,0.156,0.057,0.545,0.286,1.28,0.2,100.0,50.0
2025-12-13,11:30,77333,Bundesliga 25/26,25/26,Bundesliga,Matchweek 14,Sat,Home,W,4.0,1.0,Hamburger SV,59.0,,,,,,https://www.sofascore.com/hamburger-sv-tsg-hoffenheim/ubbsBdb,Ended,TSG Hoffenheim,for,1.31,1.38,5.0,2.0,4.0,1.0,1.0,1.0,3.0,3.0,16.0,10.0,562.0,389.0,487.0,309.0,18.0,12.0,10.0,15.0,2.0,1.0,1.0,3.0,0.0,0.0,4.0,2.0,2.0,3.0,2.0,6.0,9.0,8.0,1.0,6.0,0.0,2.0,27.0,19.0,17.0,34.0,7.0,4.0,47.0,53.0,7.0,10.0,36.0,35.0,13.0,20.0,9.0,8.0,8.0,9.0,23.0,27.0,0.0,0.0,1.0,0.0,5.0,5.0,86.7,79.4,0.131,0.099,0.6,0.357,2.69,-0.38,80.0,33.3
2025-12-13,11:30,77333,Bundesliga 25/26,25/26,Bundesliga,Matchweek 14,Sat,Away,L,1.0,4.0,TSG Hoffenheim,41.0,,,,,,https://www.sofascore.com/hamburger-sv-tsg-hoffenheim/ubbsBdb,Ended,Hamburger SV,for,1.38,1.31,2.0,5.0,1.0,4.0,1.0,1.0,3.0,3.0,10.0,16.0,389.0,562.0,309.0,487.0,12.0,18.0,15.0,10.0,1.0,2.0,3.0,1.0,0.0,0.0,2.0,4.0,3.0,2.0,6.0,2.0,8.0,9.0,6.0,1.0,2.0,0.0,19.0,27.0,34.0,17.0,4.0,7.0,53.0,47.0,10.0,7.0,35.0,36.0,20.0,13.0,8.0,9.0,9.0,8.0,27.0,23.0,0.0,0.0,0.0,1.0,5.0,5.0,79.4,86.7,0.099,0.131,0.357,0.6,-0.38,2.69,33.3,80.0
2025-12-13,11:30,77333,Bundesliga 25/26,25/26,Bundesliga,Matchweek 14,Sat,Home,W,2.0,1.0,1. FC Heidenheim,36.0,,,,,,https://www.sofascore.com/1-fc-heidenheim-fc-st-pauli/BabsKrc,Ended,FC St. Pauli,for,0.8,2.44,2.0,3.0,0.0,1.0,2.0,2.0,4.0,11.0,6.0,15.0,347.0,594.0,249.0,497.0,3.0,9.0,15.0,6.0,0.0,5.0,2.0,3.0,1.0,0.0,6.0,2.0,1.0,7.0,2.0,6.0,7.0,14.0,1.0,6.0,2.0,1.0,18.0,45.0,24.0,26.0,3.0,10.0,41.0,59.0,5.0,1.0,15.0,20.0,22.0,33.0,2.0,7.0,9.0,5.0,50.0,21.0,1.0,0.0,1.0,0.0,8.0,5.0,71.8,83.7,0.1,0.122,0.625,0.35,1.2,-1.44,85.7,40.0
2025-12-13,11:30,77333,Bundesliga 25/26,25/26,Bundesliga,Matchweek 14,Sat,Away,L,1.0,2.0,FC St. Pauli,64.0,,,,,,https://www.sofascore.com/1-fc-heidenheim-fc-st-pauli/BabsKrc,Ended,1. FC Heidenheim,for,2.44,0.8,3.0,2.0,1.0,0.0,2.0,2.0,11.0,4.0,15.0,6.0,594.0,347.0,497.0,249.0,9.0,3.0,6.0,15.0,5.0,0.0,3.0,2.0,0.0,1.0,2.0,6.0,7.0,1.0,6.0,2.0,14.0,7.0,6.0,1.0,1.0,2.0,45.0,18.0,26.0,24.0,10.0,3.0,59.0,41.0,1.0,5.0,20.0,15.0,33.0,22.0,7.0,2.0,5.0,9.0,21.0,50.0,0.0,1.0,0.0,1.0,5.0,8.0,83.7,71.8,0.122,0.1,0.35,0.625,-1.44,1.2,40.0,85.7
2025-12-13,14:30,77333,Bundesliga 25/26,25/26,Bundesliga,Matchweek 14,Sat,Home,W,2.0,0.0,1. FC Köln,61.0,,,,,,https://www.sofascore.com/bayer-04-leverkusen-1-fc-koln/wdbsGdb,Ended,Bayer 04 Leverkusen,for,2.07,0.2,5.0,1.0,1.0,0.0,4.0,1.0,8.0,3.0,8.0,6.0,577.0,369.0,508.0,289.0,12.0,20.0,6.0,8.0,1.0,1.0,2.0,1.0,0.0,0.0,4.0,5.0,2.0,0.0,9.0,1.0,11.0,1.0,6.0,4.0,0.0,0.0,27.0,8.0,16.0,29.0,7.0,0.0,46.0,54.0,11.0,9.0,24.0,30.0,11.0,11.0,6.0,2.0,8.0,4.0,18.0,21.0,0.0,1.0,0.0,1.0,7.0,14.0,88.0,78.3,0.122,0.04,0.353,0.8,-0.07,-0.2,100.0,83.3
2025-12-13,14:30,77333,Bundesliga 25/26,25/26,Bundesliga,Matchweek 14,Sat,Away,L,0.0,2.0,Bayer 04 Leverkusen,39.0,,,,,,https://www.sofascore.com/bayer-04-leverkusen-1-fc-koln/wdbsGdb,Ended,1. FC Köln,for,0.2,2.07,1.0,5.0,0.0,1.0,1.0,4.0,3.0,8.0,6.0,8.0,369.0,577.0,289.0,508.0,20.0,12.0,8.0,6.0,1.0,1.0,1.0,2.0,0.0,0.0,5.0,4.0,0.0,2.0,1.0,9.0,1.0,11.0,4.0,6.0,0.0,0.0,8.0,27.0,29.0,16.0,0.0,7.0,54.0,46.0,9.0,11.0,30.0,24.0,11.0,11.0,2.0,6.0,4.0,8.0,21.0,18.0,1.0,0.0,1.0,0.0,14.0,7.0,78.3,88.0,0.04,0.122,0.8,0.353,-0.2,-0.07,83.3,100.0
2025-12-14,11:30,77333,Bundesliga 25/26,25/26,Bundesliga,Matchweek 14,Sun,Home,D,1.0,1.0,Borussia Dortmund,57.0,,,,,,https://www.sofascore.com/borussia-dortmund-sc-freiburg/Nabsydb,Ended,SC Freiburg,for,1.5,0.93,0.0,2.0,0.0,1.0,0.0,1.0,6.0,0.0,11.0,10.0,501.0,390.0,423.0,304.0,15.0,14.0,10.0,11.0,5.0,0.0,3.0,2.0,0.0,1.0,3.0,5.0,6.0,0.0,9.0,5.0,13.0,7.0,8.0,2.0,0.0,0.0,35.0,15.0,21.0,23.0,13.0,5.0,56.0,44.0,9.0,8.0,29.0,29.0,22.0,11.0,5.0,5.0,11.0,7.0,24.0,28.0,2.0,1.0,1.0,2.0,5.0,8.0,84.4,77.9,0.071,0.103,0.286,0.444,-0.5,0.07,75.0,83.3
2025-12-14,11:30,77333,Bundesliga 25/26,25/26,Bundesliga,Matchweek 14,Sun,Away,D,1.0,1.0,SC Freiburg,43.0,,,,,,https://www.sofascore.com/borussia-dortmund-sc-freiburg/Nabsydb,Ended,Borussia Dortmund,for,0.93,1.5,2.0,0.0,1.0,0.0,1.0,0.0,0.0,6.0,10.0,11.0,390.0,501.0,304.0,423.0,14.0,15.0,11.0,10.0,0.0,5.0,2.0,3.0,1.0,0.0,5.0,3.0,0.0,6.0,5.0,9.0,7.0,13.0,2.0,8.0,0.0,0.0,15.0,35.0,23.0,21.0,5.0,13.0,44.0,56.0,8.0,9.0,29.0,29.0,11.0,22.0,5.0,5.0,7.0,11.0,28.0,24.0,1.0,2.0,2.0,1.0,8.0,5.0,77.9,84.4,0.103,0.071,0.444,0.286,0.07,-0.5,83.3,75.0
2025-12-14,13:30,77333,Bundesliga 25/26,25/26,Bundesliga,Matchweek 14,Sun,Home,D,2.0,2.0,1. FSV Mainz 05,85.0,,,,,,https://www.sofascore.com/fc-bayern-munchen-1-fsv-mainz-05/gbbsxdb,Ended,FC Bayern München,for,4.5,0.6,9.0,2.0,2.0,2.0,7.0,0.0,7.0,0.0,7.0,8.0,971.0,177.0,885.0,104.0,7.0,19.0,7.0,7.0,6.0,1.0,2.0,2.0,0.0,0.0,0.0,8.0,6.0,0.0,7.0,3.0,20.0,3.0,4.0,2.0,2.0,0.0,53.0,8.0,28.0,24.0,8.0,2.0,50.0,50.0,5.0,3.0,23.0,29.0,21.0,15.0,8.0,3.0,4.0,15.0,12.0,49.0,0.0,0.0,2.0,1.0,4.0,8.0,91.1,58.8,0.188,0.12,0.458,0.4,-2.5,1.4,0.0,72.7
2025-12-14,13:30,77333,Bundesliga 25/26,25/26,Bundesliga,Matchweek 14,Sun,Away,D,2.0,2.0,FC Bayern München,15.0,,,,,,https://www.sofascore.com/fc-bayern-munchen-1-fsv-mainz-05/gbbsxdb,Ended,1. FSV Mainz 05,for,0.6,4.5,2.0,9.0,2.0,2.0,0.0,7.0,0.0,7.0,8.0,7.0,177.0,971.0,104.0,885.0,19.0,7.0,7.0,7.0,1.0,6.0,2.0,2.0,0.0,0.0,8.0,0.0,0.0,6.0,3.0,7.0,3.0,20.0,2.0,4.0,0.0,2.0,8.0,53.0,24.0,28.0,2.0,8.0,50.0,50.0,3.0,5.0,29.0,23.0,15.0,21.0,3.0,8.0,15.0,4.0,49.0,12.0,0.0,0.0,1.0,2.0,8.0,4.0,58.8,91.1,0.12,0.188,0.4,0.458,1.4,-2.5,72.7,0.0
2025-12-14,15:30,77333,Bundesliga 25/26,25/26,Bundesliga,Matchweek 14,Sun,Home,L,0.0,4.0,VfB Stuttgart,38.0,,,,,,https://www.sofascore.com/vfb-stuttgart-sv-werder-bremen/JabsCdb,Ended,SV Werder Bremen,for,0.91,2.17,0.0,1.0,0.0,0.0,0.0,1.0,1.0,9.0,11.0,6.0,371.0,610.0,291.0,527.0,15.0,19.0,6.0,11.0,0.0,2.0,2.0,0.0,1.0,0.0,8.0,4.0,4.0,4.0,3.0,8.0,6.0,18.0,5.0,6.0,1.0,0.0,16.0,40.0,15.0,13.0,4.0,6.0,43.0,57.0,10.0,11.0,29.0,33.0,10.0,19.0,9.0,3.0,14.0,13.0,32.0,11.0,1.0,0.0,1.0,0.0,9.0,4.0,78.4,86.4,0.083,0.09,0.364,0.5,-0.91,1.83,66.7,100.0
2025-12-14,15:30,77333,Bundesliga 25/26,25/26,Bundesliga,Matchweek 14,Sun,Away,W,4.0,0.0,SV Werder Bremen,62.0,,,,,,https://www.sofascore.com/vfb-stuttgart-sv-werder-bremen/JabsCdb,Ended,VfB Stuttgart,for,2.17,0.91,1.0,0.0,0.0,0.0,1.0,0.0,9.0,1.0,6.0,11.0,610.0,371.0,527.0,291.0,19.0,15.0,11.0,6.0,2.0,0.0,0.0,2.0,0.0,1.0,4.0,8.0,4.0,4.0,8.0,3.0,18.0,6.0,6.0,5.0,0.0,1.0,40.0,16.0,13.0,15.0,6.0,4.0,57.0,43.0,11.0,10.0,33.0,29.0,19.0,10.0,3.0,9.0,13.0,14.0,11.0,32.0,0.0,1.0,0.0,1.0,4.0,9.0,86.4,78.4,0.09,0.083,0.5,0.364,1.83,-0.91,100.0,66.7
2025-12-19,16:30,77333,Bundesliga 25/26,25/26,Bundesliga,Matchweek 15,Fri,Home,W,2.0,0.0,Borussia M'gladbach,57.0,,,,,,https://www.sofascore.com/borussia-dortmund-borussia-mgladbach/Cabsydb,Ended,Borussia Dortmund,for,1.43,0.28,3.0,0.0,1.0,0.0,2.0,0.0,6.0,4.0,15.0,13.0,628.0,473.0,557.0,379.0,18.0,22.0,13.0,15.0,2.0,1.0,2.0,1.0,0.0,0.0,1.0,2.0,2.0,3.0,4.0,2.0,9.0,4.0,1.0,2.0,0.0,0.0,27.0,19.0,32.0,17.0,6.0,0.0,50.0,50.0,11.0,9.0,36.0,45.0,18.0,8.0,9.0,8.0,12.0,6.0,30.0,21.0,0.0,0.0,0.0,0.0,5.0,6.0,88.7,80.1,0.143,0.047,0.4,0.167,0.57,-0.28,100.0,50.0
2025-12-19,16:30,77333,Bundesliga 25/26,25/26,Bundesliga,Matchweek 15,Fri,Away,L,0.0,2.0,Borussia Dortmund,43.0,,,,,,https://www.sofascore.com/borussia-dortmund-borussia-mgladbach/Cabsydb,Ended,Borussia M'gladbach,for,0.28,1.43,0.0,3.0,0.0,1.0,0.0,2.0,4.0,6.0,13.0,15.0,473.0,628.0,379.0,557.0,22.0,18.0,15.0,13.0,1.0,2.0,1.0,2.0,0.0,0.0,2.0,1.0,3.0,2.0,2.0,4.0,4.0,9.0,2.0,1.0,0.0,0.0,19.0,27.0,17.0,32.0,0.0,6.0,50.0,50.0,9.0,11.0,45.0,36.0,8.0,18.0,8.0,9.0,6.0,12.0,21.0,30.0,0.0,0.0,0.0,0.0,6.0,5.0,80.1,88.7,0.047,0.143,0.167,0.4,-0.28,0.57,50.0,100.0
2025-12-20,11:30,77333,Bundesliga 25/26,25/26,Bundesliga,Matchweek 15,Sat,Home,D,1.0,1.0,Eintracht Frankfurt,40.0,,,,,,https://www.sofascore.com/hamburger-sv-eintracht-frankfurt/zdbsBdb,Ended,Hamburger SV,for,0.75,1.59,1.0,2.0,0.0,1.0,1.0,1.0,5.0,5.0,8.0,12.0,372.0,563.0,291.0,474.0,18.0,11.0,12.0,8.0,3.0,0.0,0.0,0.0,0.0,0.0,1.0,1.0,2.0,4.0,4.0,2.0,7.0,6.0,2.0,3.0,0.0,0.0,11.0,26.0,21.0,26.0,5.0,1.0,52.0,48.0,7.0,12.0,32.0,23.0,18.0,24.0,3.0,5.0,15.0,8.0,37.0,24.0,0.0,0.0,0.0,0.0,10.0,4.0,78.2,84.2,0.083,0.177,0.333,0.333,0.25,-0.59,33.3,33.3
2025-12-20,11:30,77333,Bundesliga 25/26,25/26,Bundesliga,Matchweek 15,Sat,Away,D,1.0,1.0,Hamburger SV,60.0,,,,,,https://www.sofascore.com/hamburger-sv-eintracht-frankfurt/zdbsBdb,Ended,Eintracht Frankfurt,for,1.59,0.75,2.0,1.0,1.0,0.0,1.0,1.0,5.0,5.0,12.0,8.0,563.0,372.0,474.0,291.0,11.0,18.0,8.0,12.0,0.0,3.0,0.0,0.0,0.0,0.0,1.0,1.0,4.0,2.0,2.0,4.0,6.0,7.0,3.0,2.0,0.0,0.0,26.0,11.0,26.0,21.0,1.0,5.0,48.0,52.0,12.0,7.0,23.0,32.0,24.0,18.0,5.0,3.0,8.0,15.0,24.0,37.0,0.0,0.0,0.0,0.0,4.0,10.0,84.2,78.2,0.177,0.083,0.333,0.333,-0.59,0.25,33.3,33.3
2025-12-20,11:30,77333,Bundesliga 25/26,25/26,Bundesliga,Matchweek 15,Sat,Home,D,0.0,0.0,TSG Hoffenheim,47.0,,,,,,https://www.sofascore.com/vfb-stuttgart-tsg-hoffenheim/ubbsCdb,Ended,VfB Stuttgart,for,1.27,0.13,3.0,0.0,0.0,0.0,3.0,0.0,4.0,2.0,10.0,17.0,358.0,417.0,263.0,306.0,10.0,18.0,17.0,10.0,1.0,2.0,3.0,2.0,0.0,0.0,1.0,3.0,1.0,2.0,6.0,1.0,8.0,1.0,2.0,3.0,0.0,0.0,13.0,15.0,24.0,25.0,8.0,0.0,50.0,50.0,11.0,6.0,29.0,28.0,22.0,24.0,2.0,1.0,11.0,5.0,35.0,34.0,0.0,0.0,1.0,0.0,3.0,9.0,73.5,73.4,0.127,0.033,0.3,0.25,-1.27,-0.13,100.0,100.0
2025-12-20,11:30,77333,Bundesliga 25/26,25/26,Bundesliga,Matchweek 15,Sat,Away,D,0.0,0.0,VfB Stuttgart,53.0,,,,,,https://www.sofascore.com/vfb-stuttgart-tsg-hoffenheim/ubbsCdb,Ended,TSG Hoffenheim,for,0.13,1.27,0.0,3.0,0.0,0.0,0.0,3.0,2.0,4.0,17.0,10.0,417.0,358.0,306.0,263.0,18.0,10.0,10.0,17.0,2.0,1.0,2.0,3.0,0.0,0.0,3.0,1.0,2.0,1.0,1.0,6.0,1.0,8.0,3.0,2.0,0.0,0.0,15.0,13.0,25.0,24.0,0.0,8.0,50.0,50.0,6.0,11.0,28.0,29.0,24.0,22.0,1.0,2.0,5.0,11.0,34.0,35.0,0.0,0.0,0.0,1.0,9.0,3.0,73.4,73.5,0.033,0.127,0.25,0.3,-0.13,-1.27,100.0,100.0
2025-12-20,11:30,77333,Bundesliga 25/26,25/26,Bundesliga,Matchweek 15,Sat,Home,L,3.0,4.0,SC Freiburg,56.0,,,,,,https://www.sofascore.com/sc-freiburg-vfl-wolfsburg/zabsNab,Ended,VfL Wolfsburg,for,1.66,3.53,2.0,5.0,2.0,1.0,0.0,4.0,2.0,6.0,16.0,8.0,477.0,371.0,389.0,297.0,17.0,12.0,8.0,15.0,1.0,5.0,1.0,1.0,0.0,0.0,4.0,3.0,2.0,4.0,5.0,3.0,9.0,12.0,4.0,3.0,0.0,1.0,25.0,27.0,22.0,27.0,5.0,6.0,52.0,48.0,6.0,9.0,30.0,27.0,18.0,18.0,5.0,2.0,4.0,8.0,18.0,31.0,1.0,1.0,0.0,0.0,6.0,3.0,81.6,80.1,0.128,0.235,0.462,0.533,1.34,0.47,50.0,50.0
2025-12-20,11:30,77333,Bundesliga 25/26,25/26,Bundesliga,Matchweek 15,Sat,Away,W,4.0,3.0,VfL Wolfsburg,44.0,,,,,,https://www.sofascore.com/sc-freiburg-vfl-wolfsburg/zabsNab,Ended,SC Freiburg,for,3.53,1.66,5.0,2.0,1.0,2.0,4.0,0.0,6.0,2.0,8.0,16.0,371.0,477.0,297.0,389.0,12.0,17.0,15.0,8.0,5.0,1.0,1.0,1.0,0.0,0.0,3.0,4.0,4.0,2.0,3.0,5.0,12.0,9.0,3.0,4.0,1.0,0.0,27.0,25.0,27.0,22.0,6.0,5.0,48.0,52.0,9.0,6.0,27.0,30.0,18.0,18.0,2.0,5.0,8.0,4.0,31.0,18.0,1.0,1.0,0.0,0.0,3.0,6.0,80.1,81.6,0.235,0.128,0.533,0.462,0.47,1.34,50.0,50.0
2025-12-20,11:30,77333,Bundesliga 25/26,25/26,Bundesliga,Matchweek 15,Sat,Home,L,0.0,1.0,1. FC Union Berlin,62.0,,,,,,https://www.sofascore.com/1-fc-koln-1-fc-union-berlin/Xabswdb,Ended,1. FC Köln,for,0.55,1.26,0.0,2.0,0.0,0.0,0.0,2.0,3.0,6.0,9.0,18.0,524.0,306.0,452.0,238.0,9.0,7.0,18.0,9.0,1.0,2.0,2.0,5.0,1.0,0.0,1.0,2.0,6.0,4.0,5.0,4.0,9.0,8.0,4.0,3.0,1.0,0.0,25.0,20.0,14.0,22.0,8.0,9.0,51.0,49.0,3.0,5.0,24.0,18.0,22.0,27.0,3.0,3.0,2.0,3.0,41.0,36.0,0.0,0.0,0.0,2.0,10.0,9.0,86.3,77.8,0.042,0.115,0.154,0.273,-0.55,-0.26,33.3,100.0
2025-12-20,11:30,77333,Bundesliga 25/26,25/26,Bundesliga,Matchweek 15,Sat,Away,W,1.0,0.0,1. FC Köln,38.0,,,,,,https://www.sofascore.com/1-fc-koln-1-fc-union-berlin/Xabswdb,Ended,1. FC Union Berlin,for,1.26,0.55,2.0,0.0,0.0,0.0,2.0,0.0,6.0,3.0,18.0,9.0,306.0,524.0,238.0,452.0,7.0,9.0,9.0,18.0,2.0,1.0,5.0,2.0,0.0,1.0,2.0,1.0,4.0,6.0,4.0,5.0,8.0,9.0,3.0,4.0,0.0,1.0,20.0,25.0,22.0,14.0,9.0,8.0,49.0,51.0,5.0,3.0,18.0,24.0,27.0,22.0,3.0,3.0,3.0,2.0,36.0,41.0,0.0,0.0,2.0,0.0,9.0,10.0,77.8,86.3,0.115,0.042,0.273,0.154,-0.26,-0.55,100.0,33.3
2025-12-20,11:30,77333,Bundesliga 25/26,25/26,Bundesliga,Matchweek 15,Sat,Home,D,0.0,0.0,SV Werder Bremen,53.0,,,,,,https://www.sofascore.com/fc-augsburg-sv-werder-bremen/Jabsacb,Ended,FC Augsburg,for,1.03,0.6,3.0,1.0,0.0,0.0,3.0,1.0,6.0,11.0,10.0,20.0,444.0,393.0,360.0,307.0,11.0,23.0,20.0,10.0,2.0,2.0,3.0,4.0,0.0,0.0,0.0,6.0,6.0,4.0,2.0,5.0,11.0,4.0,3.0,5.0,1.0,0.0,32.0,23.0,19.0,33.0,4.0,3.0,49.0,51.0,14.0,2.0,37.0,38.0,11.0,12.0,8.0,5.0,4.0,5.0,23.0,45.0,0.0,1.0,0.0,1.0,6.0,6.0,81.1,78.1,0.074,0.067,0.429,0.0,-1.03,-0.6,,100.0
2025-12-20,11:30,77333,Bundesliga 25/26,25/26,Bundesliga,Matchweek 15,Sat,Away,D,0.0,0.0,FC Augsburg,47.0,,,,,,https://www.sofascore.com/fc-augsburg-sv-werder-bremen/Jabsacb,Ended,SV Werder Bremen,for,0.6,1.03,1.0,3.0,0.0,0.0,1.0,3.0,11.0,6.0,20.0,10.0,393.0,444.0,307.0,360.0,23.0,11.0,10.0,20.0,2.0,2.0,4.0,3.0,0.0,0.0,6.0,0.0,4.0,6.0,5.0,2.0,4.0,11.0,5.0,3.0,0.0,1.0,23.0,32.0,33.0,19.0,3.0,4.0,51.0,49.0,2.0,14.0,38.0,37.0,12.0,11.0,5.0,8.0,5.0,4.0,45.0,23.0,1.0,0.0,1.0,0.0,6.0,6.0,78.1,81.1,0.067,0.074,0.0,0.429,-0.6,-1.03,100.0,
2025-12-20,14:30,77333,Bundesliga 25/26,25/26,Bundesliga,Matchweek 15,Sat,Home,L,1.0,3.0,Bayer 04 Leverkusen,44.0,,,,,,https://www.sofascore.com/rb-leipzig-bayer-04-leverkusen/GdbskCo,Ended,RB Leipzig,for,1.77,2.72,2.0,5.0,0.0,2.0,2.0,3.0,2.0,8.0,10.0,12.0,474.0,608.0,402.0,550.0,16.0,10.0,12.0,10.0,1.0,1.0,1.0,2.0,0.0,0.0,5.0,6.0,6.0,4.0,6.0,3.0,13.0,12.0,6.0,3.0,1.0,4.0,28.0,33.0,24.0,20.0,3.0,3.0,51.0,49.0,4.0,5.0,36.0,29.0,9.0,14.0,8.0,10.0,9.0,11.0,29.0,21.0,1.0,2.0,1.0,3.0,3.0,11.0,84.8,90.5,0.093,0.181,0.368,0.533,-0.77,0.28,62.5,85.7
2025-12-20,14:30,77333,Bundesliga 25/26,25/26,Bundesliga,Matchweek 15,Sat,Away,W,3.0,1.0,RB Leipzig,56.0,,,,,,https://www.sofascore.com/rb-leipzig-bayer-04-leverkusen/GdbskCo,Ended,Bayer 04 Leverkusen,for,2.72,1.77,5.0,2.0,2.0,0.0,3.0,2.0,8.0,2.0,12.0,10.0,608.0,474.0,550.0,402.0,10.0,16.0,10.0,12.0,1.0,1.0,2.0,1.0,0.0,0.0,6.0,5.0,4.0,6.0,3.0,6.0,12.0,13.0,3.0,6.0,4.0,1.0,33.0,28.0,20.0,24.0,3.0,3.0,49.0,51.0,5.0,4.0,29.0,36.0,14.0,9.0,10.0,8.0,11.0,9.0,21.0,29.0,2.0,1.0,3.0,1.0,11.0,3.0,90.5,84.8,0.181,0.093,0.533,0.368,0.28,-0.77,85.7,62.5
2025-12-21,11:30,77333,Bundesliga 25/26,25/26,Bundesliga,Matchweek 15,Sun,Home,D,0.0,0.0,FC St. Pauli,53.0,,,,,,https://www.sofascore.com/1-fsv-mainz-05-fc-st-pauli/Babsgbb,Ended,1. FSV Mainz 05,for,1.12,0.3,5.0,0.0,0.0,0.0,5.0,0.0,9.0,5.0,5.0,9.0,404.0,366.0,311.0,255.0,8.0,17.0,9.0,5.0,1.0,0.0,1.0,1.0,0.0,0.0,1.0,1.0,7.0,3.0,5.0,1.0,10.0,2.0,3.0,3.0,0.0,0.0,21.0,12.0,18.0,21.0,5.0,1.0,45.0,55.0,11.0,4.0,19.0,23.0,22.0,27.0,3.0,2.0,10.0,11.0,48.0,44.0,0.0,1.0,0.0,1.0,2.0,9.0,77.0,69.7,0.086,0.06,0.077,0.2,-1.12,-0.3,100.0,100.0
2025-12-21,11:30,77333,Bundesliga 25/26,25/26,Bundesliga,Matchweek 15,Sun,Away,D,0.0,0.0,1. FSV Mainz 05,47.0,,,,,,https://www.sofascore.com/1-fsv-mainz-05-fc-st-pauli/Babsgbb,Ended,FC St. Pauli,for,0.3,1.12,0.0,5.0,0.0,0.0,0.0,5.0,5.0,9.0,9.0,5.0,366.0,404.0,255.0,311.0,17.0,8.0,5.0,9.0,0.0,1.0,1.0,1.0,0.0,0.0,1.0,1.0,3.0,7.0,1.0,5.0,2.0,10.0,3.0,3.0,0.0,0.0,12.0,21.0,21.0,18.0,1.0,5.0,55.0,45.0,4.0,11.0,23.0,19.0,27.0,22.0,2.0,3.0,11.0,10.0,44.0,48.0,1.0,0.0,1.0,0.0,9.0,2.0,69.7,77.0,0.06,0.086,0.2,0.077,-0.3,-1.12,100.0,100.0
2025-12-21,13:30,77333,Bundesliga 25/26,25/26,Bundesliga,Matchweek 15,Sun,Home,L,0.0,4.0,FC Bayern München,26.0,,,,,,https://www.sofascore.com/1-fc-heidenheim-fc-bayern-munchen/xdbsKrc,Ended,1. FC Heidenheim,for,1.04,4.44,4.0,4.0,0.0,3.0,4.0,1.0,0.0,6.0,8.0,6.0,267.0,778.0,200.0,709.0,12.0,10.0,6.0,8.0,2.0,2.0,0.0,0.0,0.0,0.0,6.0,1.0,0.0,7.0,6.0,5.0,5.0,14.0,2.0,9.0,1.0,1.0,15.0,49.0,33.0,42.0,2.0,3.0,44.0,56.0,5.0,3.0,22.0,27.0,7.0,10.0,4.0,10.0,6.0,8.0,41.0,15.0,0.0,1.0,0.0,2.0,9.0,8.0,74.9,91.1,0.149,0.193,0.143,0.478,-1.04,-0.44,54.5,100.0
2025-12-21,13:30,77333,Bundesliga 25/26,25/26,Bundesliga,Matchweek 15,Sun,Away,W,4.0,0.0,1. FC Heidenheim,74.0,,,,,,https://www.sofascore.com/1-fc-heidenheim-fc-bayern-munchen/xdbsKrc,Ended,FC Bayern München,for,4.44,1.04,4.0,4.0,3.0,0.0,1.0,4.0,6.0,0.0,6.0,8.0,778.0,267.0,709.0,200.0,10.0,12.0,8.0,6.0,2.0,2.0,0.0,0.0,0.0,0.0,1.0,6.0,7.0,0.0,5.0,6.0,14.0,5.0,9.0,2.0,1.0,1.0,49.0,15.0,42.0,33.0,3.0,2.0,56.0,44.0,3.0,5.0,27.0,22.0,10.0,7.0,10.0,4.0,8.0,6.0,15.0,41.0,1.0,0.0,2.0,0.0,8.0,9.0,91.1,74.9,0.193,0.149,0.478,0.143,-0.44,-1.04,100.0,54.5
2026-01-09,16:30,77333,Bundesliga 25/26,25/26,Bundesliga,Matchweek 16,Fri,Home,D,3.0,3.0,Borussia Dortmund,40.0,,,,,,https://www.sofascore.com/eintracht-frankfurt-borussia-dortmund/ydbszdb,Ended,Eintracht Frankfurt,for,1.58,2.39,2.0,4.0,2.0,2.0,0.0,2.0,2.0,5.0,14.0,6.0,368.0,550.0,284.0,470.0,20.0,11.0,5.0,14.0,0.0,2.0,3.0,3.0,0.0,0.0,3.0,3.0,3.0,4.0,3.0,6.0,11.0,13.0,1.0,3.0,2.0,0.0,25.0,30.0,25.0,31.0,1.0,6.0,44.0,56.0,7.0,12.0,30.0,32.0,13.0,22.0,4.0,7.0,12.0,10.0,29.0,25.0,0.0,2.0,4.0,0.0,5.0,4.0,77.2,85.5,0.132,0.149,0.5,0.375,1.42,0.61,50.0,50.0
2026-01-09,16:30,77333,Bundesliga 25/26,25/26,Bundesliga,Matchweek 16,Fri,Away,D,3.0,3.0,Eintracht Frankfurt,60.0,,,,,,https://www.sofascore.com/eintracht-frankfurt-borussia-dortmund/ydbszdb,Ended,Borussia Dortmund,for,2.39,1.58,4.0,2.0,2.0,2.0,2.0,0.0,5.0,2.0,6.0,14.0,550.0,368.0,470.0,284.0,11.0,20.0,14.0,5.0,2.0,0.0,3.0,3.0,0.0,0.0,3.0,3.0,4.0,3.0,6.0,3.0,13.0,11.0,3.0,1.0,0.0,2.0,30.0,25.0,31.0,25.0,6.0,1.0,56.0,44.0,12.0,7.0,32.0,30.0,22.0,13.0,7.0,4.0,10.0,12.0,25.0,29.0,2.0,0.0,0.0,4.0,4.0,5.0,85.5,77.2,0.149,0.132,0.375,0.5,0.61,1.42,50.0,50.0
2026-01-10,11:30,77333,Bundesliga 25/26,25/26,Bundesliga,Matchweek 16,Sat,Home,,,,RB Leipzig,,,,,,,https://www.sofascore.com/rb-leipzig-fc-st-pauli/BabskCo,Postponed,FC St. Pauli,for,,,,,,,,,,,,,,,,,,,,,,,,,,,,,,,,,,,,,,,,,,,,,,,,,,,,,,,,,,,,,,,,,,,,,,,,,,
2026-01-10,11:30,77333,Bundesliga 25/26,25/26,Bundesliga,Matchweek 16,Sat,Away,,,,FC St. Pauli,,,,,,,https://www.sofascore.com/rb-leipzig-fc-st-pauli/BabskCo,Postponed,RB Leipzig,for,,,,,,,,,,,,,,,,,,,,,,,,,,,,,,,,,,,,,,,,,,,,,,,,,,,,,,,,,,,,,,,,,,,,,,,,,,
2026-01-10,11:30,77333,Bundesliga 25/26,25/26,Bundesliga,Matchweek 16,Sat,Home,D,2.0,2.0,1. FSV Mainz 05,57.0,,,,,,https://www.sofascore.com/1-fsv-mainz-05-1-fc-union-berlin/Xabsgbb,Ended,1. FC Union Berlin,for,3.35,1.01,6.0,3.0,2.0,2.0,4.0,1.0,2.0,1.0,9.0,8.0,481.0,374.0,352.0,246.0,22.0,22.0,8.0,9.0,0.0,1.0,2.0,0.0,0.0,0.0,4.0,3.0,3.0,0.0,9.0,3.0,14.0,8.0,3.0,1.0,1.0,1.0,33.0,15.0,26.0,22.0,8.0,1.0,49.0,51.0,13.0,11.0,34.0,34.0,32.0,35.0,6.0,3.0,5.0,5.0,31.0,37.0,1.0,2.0,0.0,1.0,4.0,13.0,73.2,65.8,0.197,0.112,0.294,0.667,-1.35,0.99,66.7,60.0
2026-01-10,11:30,77333,Bundesliga 25/26,25/26,Bundesliga,Matchweek 16,Sat,Away,D,2.0,2.0,1. FC Union Berlin,43.0,,,,,,https://www.sofascore.com/1-fsv-mainz-05-1-fc-union-berlin/Xabsgbb,Ended,1. FSV Mainz 05,for,1.01,3.35,3.0,6.0,2.0,2.0,1.0,4.0,1.0,2.0,8.0,9.0,374.0,481.0,246.0,352.0,22.0,22.0,9.0,8.0,1.0,0.0,0.0,2.0,0.0,0.0,3.0,4.0,0.0,3.0,3.0,9.0,8.0,14.0,1.0,3.0,1.0,1.0,15.0,33.0,22.0,26.0,1.0,8.0,51.0,49.0,11.0,13.0,34.0,34.0,35.0,32.0,3.0,6.0,5.0,5.0,37.0,31.0,2.0,1.0,1.0,0.0,13.0,4.0,65.8,73.2,0.112,0.197,0.667,0.294,0.99,-1.35,60.0,66.7
2026-01-10,11:30,77333,Bundesliga 25/26,25/26,Bundesliga,Matchweek 16,Sat,Home,W,2.0,1.0,Hamburger SV,60.0,,,,,,https://www.sofascore.com/hamburger-sv-sc-freiburg/NabsBdb,Ended,SC Freiburg,for,2.85,0.66,3.0,1.0,2.0,1.0,1.0,0.0,0.0,3.0,13.0,11.0,514.0,341.0,429.0,259.0,12.0,10.0,10.0,13.0,1.0,0.0,3.0,5.0,0.0,1.0,5.0,5.0,6.0,0.0,7.0,5.0,14.0,5.0,6.0,5.0,1.0,2.0,23.0,13.0,18.0,23.0,7.0,3.0,50.0,50.0,6.0,10.0,25.0,29.0,17.0,13.0,1.0,7.0,7.0,6.0,23.0,23.0,1.0,0.0,0.0,0.0,6.0,13.0,83.5,76.0,0.143,0.066,0.35,0.5,-0.85,0.34,100.0,71.4
2026-01-10,11:30,77333,Bundesliga 25/26,25/26,Bundesliga,Matchweek 16,Sat,Away,L,1.0,2.0,SC Freiburg,40.0,,,,,,https://www.sofascore.com/hamburger-sv-sc-freiburg/NabsBdb,Ended,Hamburger SV,for,0.66,2.85,1.0,3.0,1.0,2.0,0.0,1.0,3.0,0.0,11.0,13.0,341.0,514.0,259.0,429.0,10.0,12.0,13.0,10.0,0.0,1.0,5.0,3.0,1.0,0.0,5.0,5.0,0.0,6.0,5.0,7.0,5.0,14.0,5.0,6.0,2.0,1.0,13.0,23.0,23.0,18.0,3.0,7.0,50.0,50.0,10.0,6.0,29.0,25.0,13.0,17.0,7.0,1.0,6.0,7.0,23.0,23.0,0.0,1.0,0.0,0.0,13.0,6.0,76.0,83.5,0.066,0.143,0.5,0.35,0.34,-0.85,71.4,100.0
2026-01-10,11:30,77333,Bundesliga 25/26,25/26,Bundesliga,Matchweek 16,Sat,Home,,,,TSG Hoffenheim,,,,,,,https://www.sofascore.com/tsg-hoffenheim-sv-werder-bremen/Jabsubb,Postponed,SV Werder Bremen,for,,,,,,,,,,,,,,,,,,,,,,,,,,,,,,,,,,,,,,,,,,,,,,,,,,,,,,,,,,,,,,,,,,,,,,,,,,
2026-01-10,11:30,77333,Bundesliga 25/26,25/26,Bundesliga,Matchweek 16,Sat,Away,,,,SV Werder Bremen,,,,,,,https://www.sofascore.com/tsg-hoffenheim-sv-werder-bremen/Jabsubb,Postponed,TSG Hoffenheim,for,,,,,,,,,,,,,,,,,,,,,,,,,,,,,,,,,,,,,,,,,,,,,,,,,,,,,,,,,,,,,,,,,,,,,,,,,,
2026-01-10,11:30,77333,Bundesliga 25/26,25/26,Bundesliga,Matchweek 16,Sat,Home,D,2.0,2.0,1. FC Köln,56.0,,,,,,https://www.sofascore.com/1-fc-heidenheim-1-fc-koln/wdbsKrc,Ended,1. FC Heidenheim,for,1.93,2.99,3.0,3.0,1.0,0.0,2.0,3.0,5.0,4.0,9.0,7.0,489.0,381.0,397.0,299.0,15.0,11.0,7.0,9.0,1.0,1.0,2.0,1.0,0.0,0.0,6.0,4.0,4.0,5.0,4.0,7.0,10.0,13.0,4.0,8.0,0.0,0.0,13.0,29.0,37.0,29.0,5.0,6.0,42.0,58.0,6.0,8.0,22.0,26.0,15.0,25.0,2.0,6.0,5.0,5.0,28.0,31.0,1.0,0.0,1.0,0.0,12.0,13.0,81.2,78.5,0.138,0.142,0.429,0.429,0.07,-0.99,66.7,66.7
2026-01-10,11:30,77333,Bundesliga 25/26,25/26,Bundesliga,Matchweek 16,Sat,Away,D,2.0,2.0,1. FC Heidenheim,44.0,,,,,,https://www.sofascore.com/1-fc-heidenheim-1-fc-koln/wdbsKrc,Ended,1. FC Köln,for,2.99,1.93,3.0,3.0,0.0,1.0,3.0,2.0,4.0,5.0,7.0,9.0,381.0,489.0,299.0,397.0,11.0,15.0,9.0,7.0,1.0,1.0,1.0,2.0,0.0,0.0,4.0,6.0,5.0,4.0,7.0,4.0,13.0,10.0,8.0,4.0,0.0,0.0,29.0,13.0,29.0,37.0,6.0,5.0,58.0,42.0,8.0,6.0,26.0,22.0,25.0,15.0,6.0,2.0,5.0,5.0,31.0,28.0,0.0,1.0,0.0,1.0,13.0,12.0,78.5,81.2,0.142,0.138,0.429,0.429,-0.99,0.07,66.7,66.7
2026-01-11,11:30,77333,Bundesliga 25/26,25/26,Bundesliga,Matchweek 16,Sun,Home,W,4.0,0.0,FC Augsburg,52.0,,,,,,https://www.sofascore.com/fc-augsburg-borussia-mgladbach/Cabsacb,Ended,Borussia M'gladbach,for,2.99,1.79,6.0,2.0,4.0,0.0,2.0,2.0,2.0,2.0,16.0,9.0,563.0,512.0,485.0,439.0,18.0,33.0,8.0,16.0,0.0,2.0,0.0,1.0,0.0,0.0,2.0,2.0,2.0,3.0,3.0,12.0,9.0,7.0,3.0,10.0,3.0,0.0,23.0,20.0,21.0,15.0,1.0,1.0,42.0,58.0,19.0,9.0,34.0,55.0,13.0,10.0,9.0,7.0,11.0,8.0,29.0,15.0,0.0,1.0,1.0,0.0,12.0,3.0,86.1,85.7,0.249,0.105,0.583,0.118,1.01,-1.79,100.0,28.6
2026-01-11,11:30,77333,Bundesliga 25/26,25/26,Bundesliga,Matchweek 16,Sun,Away,L,0.0,4.0,Borussia M'gladbach,48.0,,,,,,https://www.sofascore.com/fc-augsburg-borussia-mgladbach/Cabsacb,Ended,FC Augsburg,for,1.79,2.99,2.0,6.0,0.0,4.0,2.0,2.0,2.0,2.0,9.0,16.0,512.0,563.0,439.0,485.0,33.0,18.0,16.0,8.0,2.0,0.0,1.0,0.0,0.0,0.0,2.0,2.0,3.0,2.0,12.0,3.0,7.0,9.0,10.0,3.0,0.0,3.0,20.0,23.0,15.0,21.0,1.0,1.0,58.0,42.0,9.0,19.0,55.0,34.0,10.0,13.0,7.0,9.0,8.0,11.0,15.0,29.0,1.0,0.0,0.0,1.0,3.0,12.0,85.7,86.1,0.105,0.249,0.118,0.583,-1.79,1.01,28.6,100.0
2026-01-11,13:30,77333,Bundesliga 25/26,25/26,Bundesliga,Matchweek 16,Sun,Home,W,8.0,1.0,VfL Wolfsburg,68.0,,,,,,https://www.sofascore.com/fc-bayern-munchen-vfl-wolfsburg/zabsxdb,Ended,FC Bayern München,for,3.33,1.39,7.0,2.0,3.0,1.0,4.0,1.0,6.0,2.0,7.0,6.0,714.0,340.0,656.0,265.0,14.0,26.0,6.0,7.0,1.0,0.0,0.0,1.0,0.0,0.0,2.0,4.0,1.0,2.0,5.0,3.0,13.0,3.0,3.0,5.0,6.0,1.0,47.0,9.0,48.0,21.0,2.0,1.0,49.0,51.0,18.0,7.0,33.0,39.0,9.0,5.0,13.0,6.0,8.0,10.0,11.0,28.0,1.0,0.0,1.0,0.0,6.0,9.0,91.9,77.9,0.208,0.174,0.625,0.375,4.67,-0.39,66.7,40.0
2026-01-11,13:30,77333,Bundesliga 25/26,25/26,Bundesliga,Matchweek 16,Sun,Away,L,1.0,8.0,FC Bayern München,32.0,,,,,,https://www.sofascore.com/fc-bayern-munchen-vfl-wolfsburg/zabsxdb,Ended,VfL Wolfsburg,for,1.39,3.33,2.0,7.0,1.0,3.0,1.0,4.0,2.0,6.0,6.0,7.0,340.0,714.0,265.0,656.0,26.0,14.0,7.0,6.0,0.0,1.0,1.0,0.0,0.0,0.0,4.0,2.0,2.0,1.0,3.0,5.0,3.0,13.0,5.0,3.0,1.0,6.0,9.0,47.0,21.0,48.0,1.0,2.0,51.0,49.0,7.0,18.0,39.0,33.0,5.0,9.0,6.0,13.0,10.0,8.0,28.0,11.0,0.0,1.0,0.0,1.0,9.0,6.0,77.9,91.9,0.174,0.208,0.375,0.625,-0.39,4.67,40.0,66.7
2026-01-13,14:30,77333,Bundesliga 25/26,25/26,Bundesliga,Matchweek 17,Tue,Home,W,3.0,2.0,Eintracht Frankfurt,58.0,,,,,,https://www.sofascore.com/vfb-stuttgart-eintracht-frankfurt/zdbsCdb,Ended,VfB Stuttgart,for,2.31,0.98,7.0,1.0,2.0,0.0,5.0,1.0,10.0,2.0,8.0,15.0,479.0,348.0,395.0,262.0,16.0,12.0,15.0,8.0,6.0,1.0,2.0,2.0,0.0,0.0,3.0,8.0,5.0,3.0,4.0,4.0,15.0,8.0,5.0,4.0,8.0,0.0,32.0,20.0,23.0,26.0,4.0,1.0,63.0,37.0,9.0,11.0,47.0,25.0,18.0,13.0,17.0,6.0,11.0,17.0,15.0,36.0,2.0,0.0,0.0,0.0,5.0,7.0,82.5,75.3,0.116,0.082,0.55,0.417,0.69,1.02,60.0,72.7
2026-01-13,14:30,77333,Bundesliga 25/26,25/26,Bundesliga,Matchweek 17,Tue,Away,L,2.0,3.0,VfB Stuttgart,42.0,,,,,,https://www.sofascore.com/vfb-stuttgart-eintracht-frankfurt/zdbsCdb,Ended,Eintracht Frankfurt,for,0.98,2.31,1.0,7.0,0.0,2.0,1.0,5.0,2.0,10.0,15.0,8.0,348.0,479.0,262.0,395.0,12.0,16.0,8.0,15.0,1.0,6.0,2.0,2.0,0.0,0.0,8.0,3.0,3.0,5.0,4.0,4.0,8.0,15.0,4.0,5.0,0.0,8.0,20.0,32.0,26.0,23.0,1.0,4.0,37.0,63.0,11.0,9.0,25.0,47.0,13.0,18.0,6.0,17.0,17.0,11.0,36.0,15.0,0.0,2.0,0.0,0.0,7.0,5.0,75.3,82.5,0.082,0.116,0.417,0.55,1.02,0.69,72.7,60.0
2026-01-13,16:30,77333,Bundesliga 25/26,25/26,Bundesliga,Matchweek 17,Tue,Home,W,3.0,0.0,SV Werder Bremen,46.0,,,,,,https://www.sofascore.com/borussia-dortmund-sv-werder-bremen/Jabsydb,Ended,Borussia Dortmund,for,2.42,0.52,3.0,1.0,2.0,0.0,1.0,1.0,3.0,3.0,14.0,8.0,459.0,553.0,391.0,465.0,18.0,11.0,8.0,14.0,1.0,0.0,2.0,0.0,0.0,0.0,3.0,4.0,5.0,1.0,5.0,2.0,14.0,3.0,4.0,3.0,1.0,1.0,24.0,7.0,19.0,25.0,2.0,1.0,49.0,51.0,5.0,9.0,31.0,29.0,7.0,10.0,7.0,4.0,12.0,14.0,13.0,16.0,0.0,1.0,0.0,0.0,5.0,6.0,85.2,84.1,0.134,0.087,0.444,0.5,0.58,-0.52,100.0,50.0
2026-01-13,16:30,77333,Bundesliga 25/26,25/26,Bundesliga,Matchweek 17,Tue,Away,L,0.0,3.0,Borussia Dortmund,54.0,,,,,,https://www.sofascore.com/borussia-dortmund-sv-werder-bremen/Jabsydb,Ended,SV Werder Bremen,for,0.52,2.42,1.0,3.0,0.0,2.0,1.0,1.0,3.0,3.0,8.0,14.0,553.0,459.0,465.0,391.0,11.0,18.0,14.0,8.0,0.0,1.0,0.0,2.0,0.0,0.0,4.0,3.0,1.0,5.0,2.0,5.0,3.0,14.0,3.0,4.0,1.0,1.0,7.0,24.0,25.0,19.0,1.0,2.0,51.0,49.0,9.0,5.0,29.0,31.0,10.0,7.0,4.0,7.0,14.0,12.0,16.0,13.0,1.0,0.0,0.0,0.0,6.0,5.0,84.1,85.2,0.087,0.134,0.5,0.444,-0.52,0.58,50.0,100.0
2026-01-13,16:30,77333,Bundesliga 25/26,25/26,Bundesliga,Matchweek 17,Tue,Home,,,,Bayer 04 Leverkusen,,,,,,,https://www.sofascore.com/bayer-04-leverkusen-hamburger-sv/BdbsGdb,Postponed,Hamburger SV,for,,,,,,,,,,,,,,,,,,,,,,,,,,,,,,,,,,,,,,,,,,,,,,,,,,,,,,,,,,,,,,,,,,,,,,,,,,
2026-01-13,16:30,77333,Bundesliga 25/26,25/26,Bundesliga,Matchweek 17,Tue,Away,,,,Hamburger SV,,,,,,,https://www.sofascore.com/bayer-04-leverkusen-hamburger-sv/BdbsGdb,Postponed,Bayer 04 Leverkusen,for,,,,,,,,,,,,,,,,,,,,,,,,,,,,,,,,,,,,,,,,,,,,,,,,,,,,,,,,,,,,,,,,,,,,,,,,,,
2026-01-13,16:30,77333,Bundesliga 25/26,25/26,Bundesliga,Matchweek 17,Tue,Home,W,2.0,1.0,1. FC Heidenheim,42.0,,,,,,https://www.sofascore.com/1-fc-heidenheim-1-fsv-mainz-05/gbbsKrc,Ended,1. FSV Mainz 05,for,1.39,1.55,5.0,1.0,1.0,1.0,4.0,0.0,4.0,1.0,11.0,10.0,348.0,489.0,255.0,376.0,13.0,21.0,10.0,11.0,0.0,2.0,2.0,2.0,0.0,0.0,3.0,4.0,2.0,5.0,5.0,6.0,11.0,10.0,2.0,5.0,2.0,0.0,25.0,23.0,25.0,26.0,5.0,1.0,46.0,54.0,16.0,5.0,25.0,41.0,34.0,27.0,2.0,9.0,10.0,10.0,51.0,36.0,0.0,0.0,0.0,0.0,8.0,5.0,73.3,76.9,0.107,0.103,0.462,0.267,0.61,-0.55,75.0,66.7
2026-01-13,16:30,77333,Bundesliga 25/26,25/26,Bundesliga,Matchweek 17,Tue,Away,L,1.0,2.0,1. FSV Mainz 05,58.0,,,,,,https://www.sofascore.com/1-fc-heidenheim-1-fsv-mainz-05/gbbsKrc,Ended,1. FC Heidenheim,for,1.55,1.39,1.0,5.0,1.0,1.0,0.0,4.0,1.0,4.0,10.0,11.0,489.0,348.0,376.0,255.0,21.0,13.0,11.0,10.0,2.0,0.0,2.0,2.0,0.0,0.0,4.0,3.0,5.0,2.0,6.0,5.0,10.0,11.0,5.0,2.0,0.0,2.0,23.0,25.0,26.0,25.0,1.0,5.0,54.0,46.0,5.0,16.0,41.0,25.0,27.0,34.0,9.0,2.0,10.0,10.0,36.0,51.0,0.0,0.0,0.0,0.0,5.0,8.0,76.9,73.3,0.103,0.107,0.267,0.462,-0.55,0.61,66.7,75.0
2026-01-14,14:30,77333,Bundesliga 25/26,25/26,Bundesliga,Matchweek 17,Wed,Home,W,2.0,1.0,FC St. Pauli,61.0,,,,,,https://www.sofascore.com/fc-st-pauli-vfl-wolfsburg/zabsBab,Ended,VfL Wolfsburg,for,1.88,0.89,2.0,2.0,2.0,0.0,1.0,2.0,7.0,4.0,10.0,9.0,620.0,396.0,539.0,307.0,13.0,18.0,8.0,10.0,4.0,2.0,1.0,2.0,0.0,0.0,3.0,3.0,4.0,1.0,4.0,4.0,9.0,4.0,4.0,5.0,0.0,0.0,21.0,11.0,38.0,22.0,8.0,4.0,47.0,53.0,7.0,8.0,26.0,35.0,18.0,15.0,6.0,7.0,5.0,5.0,13.0,30.0,1.0,0.0,0.0,0.0,7.0,7.0,86.9,77.5,0.145,0.099,0.385,0.444,0.12,0.11,75.0,60.0
2026-01-14,14:30,77333,Bundesliga 25/26,25/26,Bundesliga,Matchweek 17,Wed,Away,L,1.0,2.0,VfL Wolfsburg,39.0,,,,,,https://www.sofascore.com/fc-st-pauli-vfl-wolfsburg/zabsBab,Ended,FC St. Pauli,for,0.89,1.88,2.0,2.0,0.0,2.0,2.0,1.0,4.0,7.0,9.0,10.0,396.0,620.0,307.0,539.0,18.0,13.0,10.0,8.0,2.0,4.0,2.0,1.0,0.0,0.0,3.0,3.0,1.0,4.0,4.0,4.0,4.0,9.0,5.0,4.0,0.0,0.0,11.0,21.0,22.0,38.0,4.0,8.0,53.0,47.0,8.0,7.0,35.0,26.0,15.0,18.0,7.0,6.0,5.0,5.0,30.0,13.0,0.0,1.0,0.0,0.0,7.0,7.0,77.5,86.9,0.099,0.145,0.444,0.385,0.11,0.12,60.0,75.0
2026-01-14,16:30,77333,Bundesliga 25/26,25/26,Bundesliga,Matchweek 17,Wed,Home,L,1.0,3.0,FC Bayern München,28.0,,,,,,https://www.sofascore.com/fc-bayern-munchen-1-fc-koln/wdbsxdb,Ended,1. FC Köln,for,0.72,1.5,1.0,2.0,0.0,1.0,1.0,1.0,4.0,6.0,3.0,4.0,248.0,680.0,174.0,604.0,23.0,15.0,4.0,3.0,3.0,5.0,0.0,0.0,0.0,0.0,5.0,2.0,2.0,3.0,3.0,8.0,5.0,14.0,3.0,5.0,0.0,2.0,12.0,43.0,21.0,25.0,4.0,1.0,56.0,44.0,7.0,10.0,32.0,28.0,17.0,11.0,5.0,10.0,14.0,10.0,25.0,26.0,2.0,0.0,0.0,0.0,12.0,4.0,70.2,88.8,0.09,0.079,0.375,0.421,0.28,1.5,62.5,66.7
2026-01-14,16:30,77333,Bundesliga 25/26,25/26,Bundesliga,Matchweek 17,Wed,Away,W,3.0,1.0,1. FC Köln,72.0,,,,,,https://www.sofascore.com/fc-bayern-munchen-1-fc-koln/wdbsxdb,Ended,FC Bayern München,for,1.5,0.72,2.0,1.0,1.0,0.0,1.0,1.0,6.0,4.0,4.0,3.0,680.0,248.0,604.0,174.0,15.0,23.0,3.0,4.0,5.0,3.0,0.0,0.0,0.0,0.0,2.0,5.0,3.0,2.0,8.0,3.0,14.0,5.0,5.0,3.0,2.0,0.0,43.0,12.0,25.0,21.0,1.0,4.0,44.0,56.0,10.0,7.0,28.0,32.0,11.0,17.0,10.0,5.0,10.0,14.0,26.0,25.0,0.0,2.0,0.0,0.0,4.0,12.0,88.8,70.2,0.079,0.09,0.421,0.375,1.5,0.28,66.7,62.5
2026-01-14,16:30,77333,Bundesliga 25/26,25/26,Bundesliga,Matchweek 17,Wed,Home,W,2.0,0.0,SC Freiburg,64.0,,,,,,https://www.sofascore.com/rb-leipzig-sc-freiburg/NabskCo,Ended,RB Leipzig,for,2.48,0.17,4.0,0.0,2.0,0.0,2.0,0.0,7.0,2.0,12.0,16.0,552.0,313.0,487.0,237.0,13.0,26.0,16.0,12.0,0.0,2.0,0.0,4.0,0.0,0.0,1.0,5.0,8.0,1.0,6.0,1.0,19.0,3.0,2.0,0.0,1.0,0.0,48.0,11.0,19.0,28.0,5.0,6.0,47.0,53.0,14.0,7.0,37.0,41.0,13.0,15.0,9.0,3.0,10.0,10.0,15.0,38.0,0.0,0.0,2.0,2.0,1.0,7.0,88.2,75.7,0.118,0.057,0.333,0.333,-0.48,-0.17,100.0,71.4
2026-01-14,16:30,77333,Bundesliga 25/26,25/26,Bundesliga,Matchweek 17,Wed,Away,L,0.0,2.0,RB Leipzig,36.0,,,,,,https://www.sofascore.com/rb-leipzig-sc-freiburg/NabskCo,Ended,SC Freiburg,for,0.17,2.48,0.0,4.0,0.0,2.0,0.0,2.0,2.0,7.0,16.0,12.0,313.0,552.0,237.0,487.0,26.0,13.0,12.0,16.0,2.0,0.0,4.0,0.0,0.0,0.0,5.0,1.0,1.0,8.0,1.0,6.0,3.0,19.0,0.0,2.0,0.0,1.0,11.0,48.0,28.0,19.0,6.0,5.0,53.0,47.0,7.0,14.0,41.0,37.0,15.0,13.0,3.0,9.0,10.0,10.0,38.0,15.0,0.0,0.0,2.0,2.0,7.0,1.0,75.7,88.2,0.057,0.118,0.333,0.333,-0.17,-0.48,71.4,100.0
2026-01-14,16:30,77333,Bundesliga 25/26,25/26,Bundesliga,Matchweek 17,Wed,Home,W,5.0,1.0,Borussia M'gladbach,66.0,,,,,,https://www.sofascore.com/tsg-hoffenheim-borussia-mgladbach/Cabsubb,Ended,TSG Hoffenheim,for,3.42,0.94,8.0,2.0,4.0,1.0,4.0,1.0,6.0,2.0,16.0,10.0,645.0,336.0,554.0,250.0,10.0,17.0,9.0,16.0,0.0,1.0,1.0,1.0,0.0,0.0,4.0,6.0,1.0,0.0,7.0,2.0,13.0,4.0,5.0,3.0,2.0,1.0,38.0,12.0,27.0,14.0,9.0,2.0,47.0,53.0,14.0,3.0,28.0,35.0,17.0,15.0,8.0,3.0,6.0,16.0,26.0,35.0,0.0,2.0,1.0,0.0,2.0,9.0,85.9,74.4,0.19,0.134,0.556,0.714,1.58,0.06,80.0,60.0
2026-01-14,16:30,77333,Bundesliga 25/26,25/26,Bundesliga,Matchweek 17,Wed,Away,L,1.0,5.0,TSG Hoffenheim,34.0,,,,,,https://www.sofascore.com/tsg-hoffenheim-borussia-mgladbach/Cabsubb,Ended,Borussia M'gladbach,for,0.94,3.42,2.0,8.0,1.0,4.0,1.0,4.0,2.0,6.0,10.0,16.0,336.0,645.0,250.0,554.0,17.0,10.0,16.0,9.0,1.0,0.0,1.0,1.0,0.0,0.0,6.0,4.0,0.0,1.0,2.0,7.0,4.0,13.0,3.0,5.0,1.0,2.0,12.0,38.0,14.0,27.0,2.0,9.0,53.0,47.0,3.0,14.0,35.0,28.0,15.0,17.0,3.0,8.0,16.0,6.0,35.0,26.0,2.0,0.0,0.0,1.0,9.0,2.0,74.4,85.9,0.134,0.19,0.714,0.556,0.06,1.58,60.0,80.0
2026-01-15,16:30,77333,Bundesliga 25/26,25/26,Bundesliga,Matchweek 17,Thu,Home,D,1.0,1.0,1. FC Union Berlin,48.0,,,,,,https://www.sofascore.com/fc-augsburg-1-fc-union-berlin/Xabsacb,Ended,FC Augsburg,for,0.55,1.31,1.0,2.0,0.0,1.0,1.0,1.0,3.0,3.0,9.0,18.0,409.0,455.0,326.0,360.0,10.0,16.0,18.0,9.0,1.0,0.0,1.0,0.0,0.0,1.0,1.0,4.0,0.0,6.0,4.0,7.0,6.0,13.0,3.0,3.0,0.0,0.0,11.0,29.0,26.0,29.0,2.0,5.0,49.0,51.0,13.0,6.0,31.0,31.0,18.0,21.0,4.0,6.0,7.0,9.0,36.0,28.0,1.0,0.0,1.0,1.0,8.0,6.0,79.7,79.1,0.061,0.082,0.556,0.188,0.45,-0.31,33.3,80.0
2026-01-15,16:30,77333,Bundesliga 25/26,25/26,Bundesliga,Matchweek 17,Thu,Away,D,1.0,1.0,FC Augsburg,52.0,,,,,,https://www.sofascore.com/fc-augsburg-1-fc-union-berlin/Xabsacb,Ended,1. FC Union Berlin,for,1.31,0.55,2.0,1.0,1.0,0.0,1.0,1.0,3.0,3.0,18.0,9.0,455.0,409.0,360.0,326.0,16.0,10.0,9.0,18.0,0.0,1.0,0.0,1.0,1.0,0.0,4.0,1.0,6.0,0.0,7.0,4.0,13.0,6.0,3.0,3.0,0.0,0.0,29.0,11.0,29.0,26.0,5.0,2.0,51.0,49.0,6.0,13.0,31.0,31.0,21.0,18.0,6.0,4.0,9.0,7.0,28.0,36.0,0.0,1.0,1.0,1.0,6.0,8.0,79.1,79.7,0.082,0.061,0.188,0.556,-0.31,0.45,80.0,33.3
2026-01-16,16:30,77333,Bundesliga 25/26,25/26,Bundesliga,Matchweek 18,Fri,Home,D,3.0,3.0,Eintracht Frankfurt,60.0,,,,,,https://www.sofascore.com/eintracht-frankfurt-sv-werder-bremen/Jabszdb,Ended,SV Werder Bremen,for,1.96,0.98,3.0,4.0,2.0,2.0,1.0,2.0,4.0,1.0,8.0,15.0,524.0,345.0,423.0,258.0,17.0,21.0,15.0,8.0,2.0,1.0,1.0,4.0,0.0,0.0,1.0,1.0,3.0,1.0,6.0,3.0,9.0,7.0,4.0,1.0,6.0,1.0,29.0,16.0,30.0,29.0,4.0,2.0,58.0,42.0,10.0,8.0,40.0,34.0,19.0,9.0,9.0,5.0,3.0,12.0,24.0,41.0,1.0,3.0,0.0,0.0,5.0,12.0,80.7,74.8,0.151,0.122,0.308,0.5,1.04,2.02,25.0,25.0
2026-01-16,16:30,77333,Bundesliga 25/26,25/26,Bundesliga,Matchweek 18,Fri,Away,D,3.0,3.0,SV Werder Bremen,40.0,,,,,,https://www.sofascore.com/eintracht-frankfurt-sv-werder-bremen/Jabszdb,Ended,Eintracht Frankfurt,for,0.98,1.96,4.0,3.0,2.0,2.0,2.0,1.0,1.0,4.0,15.0,8.0,345.0,524.0,258.0,423.0,21.0,17.0,8.0,15.0,1.0,2.0,4.0,1.0,0.0,0.0,1.0,1.0,1.0,3.0,3.0,6.0,7.0,9.0,1.0,4.0,1.0,6.0,16.0,29.0,29.0,30.0,2.0,4.0,42.0,58.0,8.0,10.0,34.0,40.0,9.0,19.0,5.0,9.0,12.0,3.0,41.0,24.0,3.0,1.0,0.0,0.0,12.0,5.0,74.8,80.7,0.122,0.151,0.5,0.308,2.02,1.04,25.0,25.0
2026-01-17,11:30,77333,Bundesliga 25/26,25/26,Bundesliga,Matchweek 18,Sat,Home,W,3.0,2.0,FC St. Pauli,63.0,,,,,,https://www.sofascore.com/borussia-dortmund-fc-st-pauli/Babsydb,Ended,Borussia Dortmund,for,3.2,0.54,4.0,1.0,3.0,0.0,1.0,1.0,5.0,5.0,9.0,11.0,645.0,362.0,558.0,267.0,10.0,22.0,10.0,9.0,1.0,2.0,3.0,1.0,0.0,0.0,3.0,2.0,1.0,3.0,3.0,1.0,7.0,7.0,3.0,2.0,1.0,1.0,23.0,14.0,32.0,22.0,4.0,6.0,50.0,50.0,6.0,5.0,33.0,37.0,19.0,14.0,13.0,7.0,7.0,12.0,20.0,27.0,0.0,2.0,2.0,0.0,5.0,11.0,86.5,73.8,0.32,0.06,0.6,0.556,-0.2,1.46,60.0,33.3
2026-01-17,11:30,77333,Bundesliga 25/26,25/26,Bundesliga,Matchweek 18,Sat,Away,L,2.0,3.0,Borussia Dortmund,37.0,,,,,,https://www.sofascore.com/borussia-dortmund-fc-st-pauli/Babsydb,Ended,FC St. Pauli,for,0.54,3.2,1.0,4.0,0.0,3.0,1.0,1.0,5.0,5.0,11.0,9.0,362.0,645.0,267.0,558.0,22.0,10.0,9.0,10.0,2.0,1.0,1.0,3.0,0.0,0.0,2.0,3.0,3.0,1.0,1.0,3.0,7.0,7.0,2.0,3.0,1.0,1.0,14.0,23.0,22.0,32.0,6.0,4.0,50.0,50.0,5.0,6.0,37.0,33.0,14.0,19.0,7.0,13.0,12.0,7.0,27.0,20.0,2.0,0.0,0.0,2.0,11.0,5.0,73.8,86.5,0.06,0.32,0.556,0.6,1.46,-0.2,33.3,60.0
2026-01-17,11:30,77333,Bundesliga 25/26,25/26,Bundesliga,Matchweek 18,Sat,Home,W,1.0,0.0,Bayer 04 Leverkusen,38.0,,,,,,https://www.sofascore.com/bayer-04-leverkusen-tsg-hoffenheim/ubbsGdb,Ended,TSG Hoffenheim,for,1.55,0.96,4.0,2.0,0.0,0.0,4.0,2.0,3.0,5.0,17.0,7.0,347.0,576.0,265.0,470.0,19.0,18.0,7.0,17.0,3.0,1.0,2.0,1.0,0.0,0.0,2.0,7.0,4.0,2.0,7.0,4.0,12.0,4.0,7.0,4.0,2.0,0.0,22.0,24.0,21.0,43.0,2.0,1.0,44.0,56.0,10.0,4.0,26.0,46.0,21.0,15.0,1.0,12.0,13.0,9.0,44.0,27.0,1.0,0.0,1.0,2.0,7.0,7.0,76.4,81.6,0.082,0.12,0.421,0.25,-0.55,-0.96,100.0,87.5
2026-01-17,11:30,77333,Bundesliga 25/26,25/26,Bundesliga,Matchweek 18,Sat,Away,L,0.0,1.0,TSG Hoffenheim,62.0,,,,,,https://www.sofascore.com/bayer-04-leverkusen-tsg-hoffenheim/ubbsGdb,Ended,Bayer 04 Leverkusen,for,0.96,1.55,2.0,4.0,0.0,0.0,2.0,4.0,5.0,3.0,7.0,17.0,576.0,347.0,470.0,265.0,18.0,19.0,17.0,7.0,1.0,3.0,1.0,2.0,0.0,0.0,7.0,2.0,2.0,4.0,4.0,7.0,4.0,12.0,4.0,7.0,0.0,2.0,24.0,22.0,43.0,21.0,1.0,2.0,56.0,44.0,4.0,10.0,46.0,26.0,15.0,21.0,12.0,1.0,9.0,13.0,27.0,44.0,0.0,1.0,2.0,1.0,7.0,7.0,81.6,76.4,0.12,0.082,0.25,0.421,-0.96,-0.55,87.5,100.0
2026-01-17,11:30,77333,Bundesliga 25/26,25/26,Bundesliga,Matchweek 18,Sat,Home,D,0.0,0.0,Borussia M'gladbach,57.0,,,,,,https://www.sofascore.com/hamburger-sv-borussia-mgladbach/CabsBdb,Ended,Hamburger SV,for,1.19,0.47,2.0,1.0,0.0,0.0,2.0,1.0,2.0,5.0,16.0,18.0,538.0,409.0,462.0,316.0,7.0,12.0,18.0,16.0,2.0,0.0,1.0,2.0,0.0,0.0,0.0,12.0,2.0,2.0,11.0,4.0,14.0,4.0,11.0,2.0,0.0,0.0,26.0,12.0,18.0,20.0,4.0,1.0,51.0,49.0,6.0,6.0,29.0,30.0,16.0,14.0,6.0,4.0,10.0,8.0,22.0,26.0,0.0,2.0,0.0,0.0,9.0,12.0,85.9,77.3,0.048,0.078,0.48,0.0,-1.19,-0.47,,100.0
2026-01-17,11:30,77333,Bundesliga 25/26,25/26,Bundesliga,Matchweek 18,Sat,Away,D,0.0,0.0,Hamburger SV,43.0,,,,,,https://www.sofascore.com/hamburger-sv-borussia-mgladbach/CabsBdb,Ended,Borussia M'gladbach,for,0.47,1.19,1.0,2.0,0.0,0.0,1.0,2.0,5.0,2.0,18.0,16.0,409.0,538.0,316.0,462.0,12.0,7.0,16.0,18.0,0.0,2.0,2.0,1.0,0.0,0.0,12.0,0.0,2.0,2.0,4.0,11.0,4.0,14.0,2.0,11.0,0.0,0.0,12.0,26.0,20.0,18.0,1.0,4.0,49.0,51.0,6.0,6.0,30.0,29.0,14.0,16.0,4.0,6.0,8.0,10.0,26.0,22.0,2.0,0.0,0.0,0.0,12.0,9.0,77.3,85.9,0.078,0.048,0.0,0.48,-0.47,-1.19,100.0,
2026-01-17,11:30,77333,Bundesliga 25/26,25/26,Bundesliga,Matchweek 18,Sat,Home,D,1.0,1.0,1. FC Heidenheim,70.0,,,,,,https://www.sofascore.com/1-fc-heidenheim-vfl-wolfsburg/zabsKrc,Ended,VfL Wolfsburg,for,0.92,0.99,2.0,3.0,1.0,0.0,1.0,3.0,9.0,6.0,10.0,12.0,627.0,267.0,535.0,177.0,12.0,16.0,12.0,10.0,1.0,0.0,4.0,3.0,0.0,0.0,2.0,3.0,4.0,3.0,5.0,7.0,9.0,8.0,4.0,5.0,1.0,0.0,30.0,22.0,24.0,22.0,3.0,5.0,54.0,46.0,7.0,7.0,34.0,29.0,21.0,17.0,11.0,3.0,3.0,11.0,26.0,38.0,1.0,1.0,0.0,1.0,7.0,10.0,85.3,66.3,0.071,0.076,0.308,0.231,0.08,0.01,66.7,75.0
2026-01-17,11:30,77333,Bundesliga 25/26,25/26,Bundesliga,Matchweek 18,Sat,Away,D,1.0,1.0,VfL Wolfsburg,30.0,,,,,,https://www.sofascore.com/1-fc-heidenheim-vfl-wolfsburg/zabsKrc,Ended,1. FC Heidenheim,for,0.99,0.92,3.0,2.0,0.0,1.0,3.0,1.0,6.0,9.0,12.0,10.0,267.0,627.0,177.0,535.0,16.0,12.0,10.0,12.0,0.0,1.0,3.0,4.0,0.0,0.0,3.0,2.0,3.0,4.0,7.0,5.0,8.0,9.0,5.0,4.0,0.0,1.0,22.0,30.0,22.0,24.0,5.0,3.0,46.0,54.0,7.0,7.0,29.0,34.0,17.0,21.0,3.0,11.0,11.0,3.0,38.0,26.0,1.0,1.0,1.0,0.0,10.0,7.0,66.3,85.3,0.076,0.071,0.231,0.308,0.01,0.08,75.0,66.7
2026-01-17,11:30,77333,Bundesliga 25/26,25/26,Bundesliga,Matchweek 18,Sat,Home,W,2.0,1.0,1. FSV Mainz 05,62.0,,,,,,https://www.sofascore.com/1-fc-koln-1-fsv-mainz-05/gbbswdb,Ended,1. FC Köln,for,2.08,1.52,3.0,3.0,2.0,0.0,1.0,3.0,9.0,5.0,6.0,10.0,473.0,293.0,374.0,193.0,12.0,23.0,10.0,6.0,0.0,4.0,4.0,4.0,0.0,0.0,5.0,4.0,6.0,0.0,8.0,3.0,15.0,6.0,5.0,4.0,1.0,3.0,37.0,15.0,30.0,27.0,5.0,2.0,48.0,52.0,15.0,5.0,27.0,32.0,32.0,31.0,6.0,3.0,11.0,10.0,24.0,41.0,0.0,1.0,0.0,4.0,5.0,14.0,79.1,65.9,0.104,0.152,0.3,0.7,-0.08,-0.52,71.4,66.7
2026-01-17,11:30,77333,Bundesliga 25/26,25/26,Bundesliga,Matchweek 18,Sat,Away,L,1.0,2.0,1. FC Köln,38.0,,,,,,https://www.sofascore.com/1-fc-koln-1-fsv-mainz-05/gbbswdb,Ended,1. FSV Mainz 05,for,1.52,2.08,3.0,3.0,0.0,2.0,3.0,1.0,5.0,9.0,10.0,6.0,293.0,473.0,193.0,374.0,23.0,12.0,6.0,10.0,4.0,0.0,4.0,4.0,0.0,0.0,4.0,5.0,0.0,6.0,3.0,8.0,6.0,15.0,4.0,5.0,3.0,1.0,15.0,37.0,27.0,30.0,2.0,5.0,52.0,48.0,5.0,15.0,32.0,27.0,31.0,32.0,3.0,6.0,10.0,11.0,41.0,24.0,1.0,0.0,4.0,0.0,14.0,5.0,65.9,79.1,0.152,0.104,0.7,0.3,-0.52,-0.08,66.7,71.4
2026-01-17,14:30,77333,Bundesliga 25/26,25/26,Bundesliga,Matchweek 18,Sat,Home,L,1.0,5.0,FC Bayern München,42.0,,,,,,https://www.sofascore.com/rb-leipzig-fc-bayern-munchen/xdbskCo,Ended,RB Leipzig,for,2.45,4.56,7.0,6.0,1.0,3.0,6.0,3.0,5.0,9.0,7.0,6.0,432.0,610.0,352.0,532.0,14.0,18.0,6.0,7.0,0.0,2.0,1.0,0.0,0.0,0.0,7.0,3.0,5.0,6.0,8.0,1.0,14.0,16.0,3.0,3.0,2.0,3.0,35.0,37.0,18.0,26.0,4.0,5.0,49.0,51.0,8.0,9.0,32.0,29.0,6.0,10.0,13.0,4.0,9.0,8.0,28.0,21.0,1.0,1.0,0.0,0.0,3.0,6.0,81.5,87.2,0.144,0.24,0.235,0.632,-1.45,0.44,58.3,75.0
2026-01-17,14:30,77333,Bundesliga 25/26,25/26,Bundesliga,Matchweek 18,Sat,Away,W,5.0,1.0,RB Leipzig,58.0,,,,,,https://www.sofascore.com/rb-leipzig-fc-bayern-munchen/xdbskCo,Ended,FC Bayern München,for,4.56,2.45,6.0,7.0,3.0,1.0,3.0,6.0,9.0,5.0,6.0,7.0,610.0,432.0,532.0,352.0,18.0,14.0,7.0,6.0,2.0,0.0,0.0,1.0,0.0,0.0,3.0,7.0,6.0,5.0,1.0,8.0,16.0,14.0,3.0,3.0,3.0,2.0,37.0,35.0,26.0,18.0,5.0,4.0,51.0,49.0,9.0,8.0,29.0,32.0,10.0,6.0,4.0,13.0,8.0,9.0,21.0,28.0,1.0,1.0,0.0,0.0,6.0,3.0,87.2,81.5,0.24,0.144,0.632,0.235,0.44,-1.45,75.0,58.3
2026-01-18,11:30,77333,Bundesliga 25/26,25/26,Bundesliga,Matchweek 18,Sun,Home,D,1.0,1.0,1. FC Union Berlin,57.0,,,,,,https://www.sofascore.com/vfb-stuttgart-1-fc-union-berlin/XabsCdb,Ended,VfB Stuttgart,for,2.13,1.71,4.0,2.0,0.0,0.0,4.0,2.0,3.0,8.0,6.0,11.0,509.0,370.0,430.0,273.0,17.0,18.0,11.0,6.0,0.0,0.0,1.0,1.0,0.0,0.0,2.0,2.0,1.0,10.0,7.0,7.0,8.0,17.0,4.0,3.0,4.0,1.0,18.0,32.0,27.0,36.0,2.0,7.0,57.0,43.0,12.0,12.0,30.0,29.0,29.0,16.0,3.0,5.0,4.0,11.0,44.0,14.0,0.0,0.0,3.0,2.0,12.0,9.0,84.5,73.8,0.177,0.085,0.333,0.15,-1.13,-0.71,66.7,50.0
2026-01-18,11:30,77333,Bundesliga 25/26,25/26,Bundesliga,Matchweek 18,Sun,Away,D,1.0,1.0,VfB Stuttgart,43.0,,,,,,https://www.sofascore.com/vfb-stuttgart-1-fc-union-berlin/XabsCdb,Ended,1. FC Union Berlin,for,1.71,2.13,2.0,4.0,0.0,0.0,2.0,4.0,8.0,3.0,11.0,6.0,370.0,509.0,273.0,430.0,18.0,17.0,6.0,11.0,0.0,0.0,1.0,1.0,0.0,0.0,2.0,2.0,10.0,1.0,7.0,7.0,17.0,8.0,3.0,4.0,1.0,4.0,32.0,18.0,36.0,27.0,7.0,2.0,43.0,57.0,12.0,12.0,29.0,30.0,16.0,29.0,5.0,3.0,11.0,4.0,14.0,44.0,0.0,0.0,2.0,3.0,9.0,12.0,73.8,84.5,0.085,0.177,0.15,0.333,-0.71,-1.13,50.0,66.7
2026-01-18,13:30,77333,Bundesliga 25/26,25/26,Bundesliga,Matchweek 18,Sun,Home,D,2.0,2.0,SC Freiburg,45.0,,,,,,https://www.sofascore.com/fc-augsburg-sc-freiburg/Nabsacb,Ended,FC Augsburg,for,0.91,1.53,1.0,2.0,0.0,2.0,1.0,0.0,9.0,6.0,11.0,14.0,334.0,420.0,266.0,333.0,17.0,17.0,14.0,11.0,1.0,1.0,3.0,2.0,0.0,0.0,2.0,3.0,5.0,4.0,3.0,4.0,10.0,8.0,3.0,5.0,0.0,0.0,18.0,29.0,22.0,27.0,8.0,5.0,42.0,58.0,9.0,7.0,33.0,32.0,12.0,29.0,3.0,6.0,3.0,10.0,35.0,26.0,0.0,0.0,0.0,1.0,4.0,6.0,79.6,79.3,0.07,0.118,0.385,0.385,1.09,0.47,40.0,60.0
2026-01-18,13:30,77333,Bundesliga 25/26,25/26,Bundesliga,Matchweek 18,Sun,Away,D,2.0,2.0,FC Augsburg,55.0,,,,,,https://www.sofascore.com/fc-augsburg-sc-freiburg/Nabsacb,Ended,SC Freiburg,for,1.53,0.91,2.0,1.0,2.0,0.0,0.0,1.0,6.0,9.0,14.0,11.0,420.0,334.0,333.0,266.0,17.0,17.0,11.0,14.0,1.0,1.0,2.0,3.0,0.0,0.0,3.0,2.0,4.0,5.0,4.0,3.0,8.0,10.0,5.0,3.0,0.0,0.0,29.0,18.0,27.0,22.0,5.0,8.0,58.0,42.0,7.0,9.0,32.0,33.0,29.0,12.0,6.0,3.0,10.0,3.0,26.0,35.0,0.0,0.0,1.0,0.0,6.0,4.0,79.3,79.6,0.118,0.07,0.385,0.385,0.47,1.09,60.0,40.0
2026-01-23,16:30,77333,Bundesliga 25/26,25/26,Bundesliga,Matchweek 19,Fri,Home,D,0.0,0.0,Hamburger SV,43.0,,,,,,https://www.sofascore.com/hamburger-sv-fc-st-pauli/BabsBdb,Ended,FC St. Pauli,for,0.33,0.35,0.0,0.0,0.0,0.0,0.0,0.0,5.0,4.0,15.0,13.0,420.0,581.0,325.0,496.0,16.0,13.0,13.0,15.0,0.0,3.0,1.0,1.0,0.0,0.0,2.0,3.0,1.0,2.0,4.0,1.0,5.0,2.0,3.0,3.0,0.0,1.0,16.0,14.0,13.0,32.0,4.0,1.0,47.0,53.0,6.0,5.0,32.0,30.0,15.0,24.0,3.0,2.0,7.0,9.0,26.0,35.0,0.0,1.0,0.0,0.0,5.0,6.0,77.4,85.4,0.041,0.07,0.375,0.4,-0.33,-0.35,100.0,100.0
2026-01-23,16:30,77333,Bundesliga 25/26,25/26,Bundesliga,Matchweek 19,Fri,Away,D,0.0,0.0,FC St. Pauli,57.0,,,,,,https://www.sofascore.com/hamburger-sv-fc-st-pauli/BabsBdb,Ended,Hamburger SV,for,0.35,0.33,0.0,0.0,0.0,0.0,0.0,0.0,4.0,5.0,13.0,15.0,581.0,420.0,496.0,325.0,13.0,16.0,15.0,13.0,3.0,0.0,1.0,1.0,0.0,0.0,3.0,2.0,2.0,1.0,1.0,4.0,2.0,5.0,3.0,3.0,1.0,0.0,14.0,16.0,32.0,13.0,1.0,4.0,53.0,47.0,5.0,6.0,30.0,32.0,24.0,15.0,2.0,3.0,9.0,7.0,35.0,26.0,1.0,0.0,0.0,0.0,6.0,5.0,85.4,77.4,0.07,0.041,0.4,0.375,-0.35,-0.33,100.0,100.0
2026-01-24,11:30,77333,Bundesliga 25/26,25/26,Bundesliga,Matchweek 19,Sat,Home,L,1.0,2.0,FC Augsburg,70.0,,,,,,https://www.sofascore.com/fc-bayern-munchen-fc-augsburg/acbsxdb,Ended,FC Bayern München,for,1.48,1.17,3.0,1.0,1.0,1.0,2.0,0.0,9.0,3.0,10.0,5.0,823.0,336.0,754.0,261.0,13.0,20.0,5.0,10.0,3.0,3.0,1.0,1.0,0.0,0.0,4.0,5.0,5.0,3.0,4.0,7.0,8.0,6.0,7.0,10.0,2.0,0.0,27.0,21.0,25.0,27.0,3.0,5.0,43.0,57.0,8.0,3.0,26.0,41.0,11.0,8.0,8.0,13.0,9.0,8.0,17.0,23.0,1.0,0.0,1.0,0.0,11.0,8.0,91.6,77.7,0.099,0.073,0.4,0.375,-0.48,0.83,66.7,83.3
2026-01-24,11:30,77333,Bundesliga 25/26,25/26,Bundesliga,Matchweek 19,Sat,Away,W,2.0,1.0,FC Bayern München,30.0,,,,,,https://www.sofascore.com/fc-bayern-munchen-fc-augsburg/acbsxdb,Ended,FC Augsburg,for,1.17,1.48,1.0,3.0,1.0,1.0,0.0,2.0,3.0,9.0,5.0,10.0,336.0,823.0,261.0,754.0,20.0,13.0,10.0,5.0,3.0,3.0,1.0,1.0,0.0,0.0,5.0,4.0,3.0,5.0,7.0,4.0,6.0,8.0,10.0,7.0,0.0,2.0,21.0,27.0,27.0,25.0,5.0,3.0,57.0,43.0,3.0,8.0,41.0,26.0,8.0,11.0,13.0,8.0,8.0,9.0,23.0,17.0,0.0,1.0,0.0,1.0,8.0,11.0,77.7,91.6,0.073,0.099,0.375,0.4,0.83,-0.48,83.3,66.7
2026-01-24,11:30,77333,Bundesliga 25/26,25/26,Bundesliga,Matchweek 19,Sat,Home,W,1.0,0.0,SV Werder Bremen,50.0,,,,,,https://www.sofascore.com/bayer-04-leverkusen-sv-werder-bremen/JabsGdb,Ended,Bayer 04 Leverkusen,for,2.55,0.94,4.0,0.0,1.0,0.0,3.0,0.0,5.0,5.0,6.0,9.0,551.0,555.0,473.0,473.0,13.0,18.0,9.0,6.0,1.0,1.0,2.0,3.0,0.0,0.0,3.0,3.0,3.0,7.0,6.0,7.0,7.0,10.0,6.0,7.0,3.0,2.0,15.0,32.0,20.0,33.0,2.0,4.0,47.0,53.0,7.0,10.0,27.0,30.0,7.0,8.0,5.0,7.0,15.0,16.0,29.0,5.0,1.0,2.0,1.0,0.0,7.0,6.0,85.8,85.2,0.196,0.055,0.308,0.176,-1.55,-0.94,100.0,75.0
2026-01-24,11:30,77333,Bundesliga 25/26,25/26,Bundesliga,Matchweek 19,Sat,Away,L,0.0,1.0,Bayer 04 Leverkusen,50.0,,,,,,https://www.sofascore.com/bayer-04-leverkusen-sv-werder-bremen/JabsGdb,Ended,SV Werder Bremen,for,0.94,2.55,0.0,4.0,0.0,1.0,0.0,3.0,5.0,5.0,9.0,6.0,555.0,551.0,473.0,473.0,18.0,13.0,6.0,9.0,1.0,1.0,3.0,2.0,0.0,0.0,3.0,3.0,7.0,3.0,7.0,6.0,10.0,7.0,7.0,6.0,2.0,3.0,32.0,15.0,33.0,20.0,4.0,2.0,53.0,47.0,10.0,7.0,30.0,27.0,8.0,7.0,7.0,5.0,16.0,15.0,5.0,29.0,2.0,1.0,0.0,1.0,6.0,7.0,85.2,85.8,0.055,0.196,0.176,0.308,-0.94,-1.55,75.0,100.0
2026-01-24,11:30,77333,Bundesliga 25/26,25/26,Bundesliga,Matchweek 19,Sat,Home,L,0.0,3.0,RB Leipzig,26.0,,,,,,https://www.sofascore.com/rb-leipzig-1-fc-heidenheim/KrcskCo,Ended,1. FC Heidenheim,for,0.95,1.64,2.0,3.0,0.0,0.0,2.0,3.0,4.0,0.0,10.0,9.0,237.0,702.0,160.0,625.0,27.0,20.0,9.0,10.0,1.0,3.0,1.0,0.0,0.0,0.0,4.0,2.0,0.0,2.0,5.0,1.0,5.0,10.0,2.0,1.0,0.0,1.0,8.0,23.0,20.0,30.0,2.0,0.0,45.0,55.0,13.0,9.0,39.0,46.0,10.0,15.0,4.0,17.0,9.0,5.0,33.0,12.0,2.0,0.0,1.0,0.0,7.0,7.0,67.5,89.0,0.136,0.149,0.286,0.727,-0.95,1.36,50.0,100.0
2026-01-24,11:30,77333,Bundesliga 25/26,25/26,Bundesliga,Matchweek 19,Sat,Away,W,3.0,0.0,1. FC Heidenheim,74.0,,,,,,https://www.sofascore.com/rb-leipzig-1-fc-heidenheim/KrcskCo,Ended,RB Leipzig,for,1.64,0.95,3.0,2.0,0.0,0.0,3.0,2.0,0.0,4.0,9.0,10.0,702.0,237.0,625.0,160.0,20.0,27.0,10.0,9.0,3.0,1.0,0.0,1.0,0.0,0.0,2.0,4.0,2.0,0.0,1.0,5.0,10.0,5.0,1.0,2.0,1.0,0.0,23.0,8.0,30.0,20.0,0.0,2.0,55.0,45.0,9.0,13.0,46.0,39.0,15.0,10.0,17.0,4.0,5.0,9.0,12.0,33.0,0.0,2.0,0.0,1.0,7.0,7.0,89.0,67.5,0.149,0.136,0.727,0.286,1.36,-0.95,100.0,50.0
2026-01-24,11:30,77333,Bundesliga 25/26,25/26,Bundesliga,Matchweek 19,Sat,Home,L,1.0,3.0,TSG Hoffenheim,47.0,,,,,,https://www.sofascore.com/eintracht-frankfurt-tsg-hoffenheim/ubbszdb,Ended,Eintracht Frankfurt,for,0.59,1.35,1.0,3.0,0.0,2.0,1.0,1.0,6.0,6.0,8.0,16.0,431.0,478.0,315.0,379.0,16.0,17.0,16.0,8.0,0.0,3.0,0.0,4.0,0.0,0.0,3.0,2.0,2.0,0.0,4.0,5.0,5.0,8.0,4.0,2.0,1.0,0.0,15.0,19.0,26.0,21.0,2.0,5.0,49.0,51.0,8.0,5.0,38.0,30.0,10.0,20.0,7.0,5.0,12.0,12.0,30.0,19.0,0.0,0.0,0.0,1.0,9.0,6.0,73.1,79.3,0.066,0.135,0.333,0.5,0.41,1.65,60.0,66.7
2026-01-24,11:30,77333,Bundesliga 25/26,25/26,Bundesliga,Matchweek 19,Sat,Away,W,3.0,1.0,Eintracht Frankfurt,53.0,,,,,,https://www.sofascore.com/eintracht-frankfurt-tsg-hoffenheim/ubbszdb,Ended,TSG Hoffenheim,for,1.35,0.59,3.0,1.0,2.0,0.0,1.0,1.0,6.0,6.0,16.0,8.0,478.0,431.0,379.0,315.0,17.0,16.0,8.0,16.0,3.0,0.0,4.0,0.0,0.0,0.0,2.0,3.0,0.0,2.0,5.0,4.0,8.0,5.0,2.0,4.0,0.0,1.0,19.0,15.0,21.0,26.0,5.0,2.0,51.0,49.0,5.0,8.0,30.0,38.0,20.0,10.0,5.0,7.0,12.0,12.0,19.0,30.0,0.0,0.0,1.0,0.0,6.0,9.0,79.3,73.1,0.135,0.066,0.5,0.333,1.65,0.41,66.7,60.0
2026-01-24,11:30,77333,Bundesliga 25/26,25/26,Bundesliga,Matchweek 19,Sat,Home,W,3.0,1.0,VfL Wolfsburg,59.0,,,,,,https://www.sofascore.com/1-fsv-mainz-05-vfl-wolfsburg/zabsgbb,Ended,1. FSV Mainz 05,for,3.82,0.73,9.0,1.0,3.0,1.0,6.0,0.0,15.0,1.0,8.0,11.0,425.0,319.0,333.0,216.0,17.0,21.0,9.0,8.0,2.0,0.0,3.0,2.0,0.0,0.0,1.0,5.0,6.0,2.0,5.0,3.0,16.0,4.0,4.0,3.0,0.0,0.0,34.0,11.0,28.0,22.0,11.0,3.0,46.0,54.0,14.0,3.0,40.0,33.0,21.0,38.0,13.0,4.0,9.0,3.0,29.0,56.0,0.0,1.0,1.0,1.0,6.0,11.0,78.4,67.7,0.191,0.104,0.45,0.286,-0.82,0.27,50.0,55.6
2026-01-24,11:30,77333,Bundesliga 25/26,25/26,Bundesliga,Matchweek 19,Sat,Away,L,1.0,3.0,1. FSV Mainz 05,41.0,,,,,,https://www.sofascore.com/1-fsv-mainz-05-vfl-wolfsburg/zabsgbb,Ended,VfL Wolfsburg,for,0.73,3.82,1.0,9.0,1.0,3.0,0.0,6.0,1.0,15.0,11.0,8.0,319.0,425.0,216.0,333.0,21.0,17.0,8.0,9.0,0.0,2.0,2.0,3.0,0.0,0.0,5.0,1.0,2.0,6.0,3.0,5.0,4.0,16.0,3.0,4.0,0.0,0.0,11.0,34.0,22.0,28.0,3.0,11.0,54.0,46.0,3.0,14.0,33.0,40.0,38.0,21.0,4.0,13.0,3.0,9.0,56.0,29.0,1.0,0.0,1.0,1.0,11.0,6.0,67.7,78.4,0.104,0.191,0.286,0.45,0.27,-0.82,55.6,50.0
2026-01-24,14:30,77333,Bundesliga 25/26,25/26,Bundesliga,Matchweek 19,Sat,Home,L,0.0,3.0,Borussia Dortmund,56.0,,,,,,https://www.sofascore.com/borussia-dortmund-1-fc-union-berlin/Xabsydb,Ended,1. FC Union Berlin,for,1.24,1.84,4.0,3.0,0.0,2.0,4.0,1.0,7.0,2.0,10.0,16.0,378.0,299.0,268.0,208.0,17.0,14.0,16.0,9.0,2.0,0.0,0.0,1.0,0.0,0.0,2.0,3.0,1.0,5.0,6.0,5.0,8.0,11.0,2.0,4.0,0.0,0.0,20.0,24.0,30.0,19.0,10.0,6.0,49.0,51.0,7.0,8.0,37.0,36.0,28.0,32.0,5.0,12.0,12.0,11.0,19.0,34.0,1.0,0.0,0.0,2.0,7.0,7.0,70.9,69.6,0.124,0.123,0.3,0.333,-1.24,1.16,40.0,100.0
2026-01-24,14:30,77333,Bundesliga 25/26,25/26,Bundesliga,Matchweek 19,Sat,Away,W,3.0,0.0,1. FC Union Berlin,44.0,,,,,,https://www.sofascore.com/borussia-dortmund-1-fc-union-berlin/Xabsydb,Ended,Borussia Dortmund,for,1.84,1.24,3.0,4.0,2.0,0.0,1.0,4.0,2.0,7.0,16.0,10.0,299.0,378.0,208.0,268.0,14.0,17.0,9.0,16.0,0.0,2.0,1.0,0.0,0.0,0.0,3.0,2.0,5.0,1.0,5.0,6.0,11.0,8.0,4.0,2.0,0.0,0.0,24.0,20.0,19.0,30.0,6.0,10.0,51.0,49.0,8.0,7.0,36.0,37.0,32.0,28.0,12.0,5.0,11.0,12.0,34.0,19.0,0.0,1.0,2.0,0.0,7.0,7.0,69.6,70.9,0.123,0.124,0.333,0.3,1.16,-1.24,100.0,40.0
2026-01-25,11:30,77333,Bundesliga 25/26,25/26,Bundesliga,Matchweek 19,Sun,Home,L,0.0,3.0,VfB Stuttgart,44.0,,,,,,https://www.sofascore.com/vfb-stuttgart-borussia-mgladbach/CabsCdb,Ended,Borussia M'gladbach,for,1.17,1.56,2.0,4.0,0.0,1.0,2.0,3.0,1.0,4.0,11.0,7.0,431.0,555.0,347.0,475.0,12.0,21.0,6.0,11.0,0.0,0.0,1.0,1.0,0.0,0.0,6.0,3.0,3.0,5.0,6.0,4.0,3.0,8.0,9.0,9.0,0.0,0.0,18.0,33.0,19.0,19.0,1.0,5.0,38.0,62.0,11.0,9.0,22.0,40.0,8.0,10.0,4.0,8.0,13.0,4.0,26.0,18.0,1.0,2.0,4.0,2.0,10.0,6.0,80.5,85.6,0.097,0.092,0.25,0.471,-1.17,1.44,75.0,100.0
2026-01-25,11:30,77333,Bundesliga 25/26,25/26,Bundesliga,Matchweek 19,Sun,Away,W,3.0,0.0,Borussia M'gladbach,56.0,,,,,,https://www.sofascore.com/vfb-stuttgart-borussia-mgladbach/CabsCdb,Ended,VfB Stuttgart,for,1.56,1.17,4.0,2.0,1.0,0.0,3.0,2.0,4.0,1.0,7.0,11.0,555.0,431.0,475.0,347.0,21.0,12.0,11.0,6.0,0.0,0.0,1.0,1.0,0.0,0.0,3.0,6.0,5.0,3.0,4.0,6.0,8.0,3.0,9.0,9.0,0.0,0.0,33.0,18.0,19.0,19.0,5.0,1.0,62.0,38.0,9.0,11.0,40.0,22.0,10.0,8.0,8.0,4.0,4.0,13.0,18.0,26.0,2.0,1.0,2.0,4.0,6.0,10.0,85.6,80.5,0.092,0.097,0.471,0.25,1.44,-1.17,100.0,75.0
2026-01-25,13:30,77333,Bundesliga 25/26,25/26,Bundesliga,Matchweek 19,Sun,Home,W,2.0,1.0,1. FC Köln,47.0,,,,,,https://www.sofascore.com/1-fc-koln-sc-freiburg/Nabswdb,Ended,SC Freiburg,for,2.25,1.38,3.0,2.0,2.0,0.0,1.0,2.0,5.0,5.0,5.0,9.0,379.0,421.0,307.0,335.0,11.0,19.0,8.0,5.0,0.0,0.0,1.0,2.0,0.0,0.0,4.0,3.0,6.0,7.0,2.0,8.0,9.0,12.0,4.0,7.0,1.0,1.0,20.0,29.0,14.0,20.0,6.0,12.0,45.0,55.0,9.0,5.0,27.0,29.0,18.0,25.0,8.0,5.0,7.0,6.0,31.0,25.0,2.0,0.0,2.0,0.0,11.0,6.0,81.0,79.6,0.173,0.073,0.385,0.211,-0.25,-0.38,100.0,60.0
2026-01-25,13:30,77333,Bundesliga 25/26,25/26,Bundesliga,Matchweek 19,Sun,Away,L,1.0,2.0,SC Freiburg,53.0,,,,,,https://www.sofascore.com/1-fc-koln-sc-freiburg/Nabswdb,Ended,1. FC Köln,for,1.38,2.25,2.0,3.0,0.0,2.0,2.0,1.0,5.0,5.0,9.0,5.0,421.0,379.0,335.0,307.0,19.0,11.0,5.0,8.0,0.0,0.0,2.0,1.0,0.0,0.0,3.0,4.0,7.0,6.0,8.0,2.0,12.0,9.0,7.0,4.0,1.0,1.0,29.0,20.0,20.0,14.0,12.0,6.0,55.0,45.0,5.0,9.0,29.0,27.0,25.0,18.0,5.0,8.0,6.0,7.0,25.0,31.0,0.0,2.0,0.0,2.0,6.0,11.0,79.6,81.0,0.073,0.173,0.211,0.385,-0.38,-0.25,60.0,100.0
2026-01-27,16:30,77333,Bundesliga 25/26,25/26,Bundesliga,Matchweek 16,Tue,Home,D,1.0,1.0,RB Leipzig,46.0,,,,,,https://www.sofascore.com/rb-leipzig-fc-st-pauli/BabskCo,Ended,FC St. Pauli,for,1.45,1.04,2.0,2.0,1.0,0.0,1.0,2.0,4.0,3.0,6.0,8.0,513.0,603.0,398.0,508.0,25.0,10.0,7.0,6.0,5.0,3.0,0.0,1.0,0.0,0.0,5.0,1.0,2.0,2.0,3.0,5.0,3.0,9.0,4.0,3.0,1.0,1.0,18.0,34.0,21.0,21.0,2.0,4.0,58.0,42.0,3.0,14.0,39.0,26.0,15.0,13.0,6.0,11.0,16.0,6.0,21.0,33.0,0.0,1.0,0.0,0.0,9.0,6.0,77.6,84.2,0.207,0.087,0.286,0.417,-0.45,-0.04,100.0,50.0
2026-01-27,16:30,77333,Bundesliga 25/26,25/26,Bundesliga,Matchweek 16,Tue,Away,D,1.0,1.0,FC St. Pauli,54.0,,,,,,https://www.sofascore.com/rb-leipzig-fc-st-pauli/BabskCo,Ended,RB Leipzig,for,1.04,1.45,2.0,2.0,0.0,1.0,2.0,1.0,3.0,4.0,8.0,6.0,603.0,513.0,508.0,398.0,10.0,25.0,6.0,7.0,3.0,5.0,1.0,0.0,0.0,0.0,1.0,5.0,2.0,2.0,5.0,3.0,9.0,3.0,3.0,4.0,1.0,1.0,34.0,18.0,21.0,21.0,4.0,2.0,42.0,58.0,14.0,3.0,26.0,39.0,13.0,15.0,11.0,6.0,6.0,16.0,33.0,21.0,1.0,0.0,0.0,0.0,6.0,9.0,84.2,77.6,0.087,0.207,0.417,0.286,-0.04,-0.45,50.0,100.0
2026-01-27,16:30,77333,Bundesliga 25/26,25/26,Bundesliga,Matchweek 16,Tue,Home,L,0.0,2.0,TSG Hoffenheim,59.0,,,,,,https://www.sofascore.com/tsg-hoffenheim-sv-werder-bremen/Jabsubb,Ended,SV Werder Bremen,for,1.81,0.61,1.0,1.0,0.0,1.0,1.0,0.0,6.0,7.0,7.0,10.0,522.0,373.0,423.0,278.0,13.0,13.0,10.0,7.0,2.0,1.0,2.0,2.0,0.0,1.0,1.0,3.0,13.0,4.0,10.0,5.0,17.0,7.0,9.0,5.0,1.0,0.0,42.0,18.0,40.0,14.0,8.0,5.0,57.0,43.0,3.0,8.0,28.0,23.0,23.0,15.0,5.0,4.0,5.0,10.0,35.0,52.0,0.0,0.0,0.0,0.0,7.0,10.0,81.0,74.5,0.07,0.051,0.115,0.25,-1.81,1.39,33.3,100.0
2026-01-27,16:30,77333,Bundesliga 25/26,25/26,Bundesliga,Matchweek 16,Tue,Away,W,2.0,0.0,SV Werder Bremen,41.0,,,,,,https://www.sofascore.com/tsg-hoffenheim-sv-werder-bremen/Jabsubb,Ended,TSG Hoffenheim,for,0.61,1.81,1.0,1.0,1.0,0.0,0.0,1.0,7.0,6.0,10.0,7.0,373.0,522.0,278.0,423.0,13.0,13.0,7.0,10.0,1.0,2.0,2.0,2.0,1.0,0.0,3.0,1.0,4.0,13.0,5.0,10.0,7.0,17.0,5.0,9.0,0.0,1.0,18.0,42.0,14.0,40.0,5.0,8.0,43.0,57.0,8.0,3.0,23.0,28.0,15.0,23.0,4.0,5.0,10.0,5.0,52.0,35.0,0.0,0.0,0.0,0.0,10.0,7.0,74.5,81.0,0.051,0.07,0.25,0.115,1.39,-1.81,100.0,33.3
2026-01-30,16:30,77333,Bundesliga 25/26,25/26,Bundesliga,Matchweek 20,Fri,Home,W,1.0,0.0,VfL Wolfsburg,42.0,,,,,,https://www.sofascore.com/1-fc-koln-vfl-wolfsburg/zabswdb,Ended,1. FC Köln,for,1.26,1.15,2.0,3.0,0.0,0.0,2.0,3.0,3.0,4.0,8.0,16.0,320.0,466.0,230.0,370.0,21.0,20.0,16.0,8.0,2.0,3.0,1.0,4.0,0.0,0.0,3.0,2.0,5.0,3.0,7.0,8.0,11.0,9.0,4.0,5.0,0.0,2.0,37.0,15.0,24.0,16.0,8.0,7.0,52.0,48.0,11.0,11.0,41.0,36.0,21.0,21.0,7.0,8.0,5.0,5.0,35.0,47.0,2.0,0.0,1.0,1.0,12.0,10.0,71.9,79.4,0.084,0.082,0.2,0.214,-0.26,-1.15,100.0,66.7
2026-01-30,16:30,77333,Bundesliga 25/26,25/26,Bundesliga,Matchweek 20,Fri,Away,L,0.0,1.0,1. FC Köln,58.0,,,,,,https://www.sofascore.com/1-fc-koln-vfl-wolfsburg/zabswdb,Ended,VfL Wolfsburg,for,1.15,1.26,3.0,2.0,0.0,0.0,3.0,2.0,4.0,3.0,16.0,8.0,466.0,320.0,370.0,230.0,20.0,21.0,8.0,16.0,3.0,2.0,4.0,1.0,0.0,0.0,2.0,3.0,3.0,5.0,8.0,7.0,9.0,11.0,5.0,4.0,2.0,0.0,15.0,37.0,16.0,24.0,7.0,8.0,48.0,52.0,11.0,11.0,36.0,41.0,21.0,21.0,8.0,7.0,5.0,5.0,47.0,35.0,0.0,2.0,1.0,1.0,10.0,12.0,79.4,71.9,0.082,0.084,0.214,0.2,-1.15,-0.26,66.7,100.0
2026-01-31,11:30,77333,Bundesliga 25/26,25/26,Bundesliga,Matchweek 20,Sat,Home,L,1.0,3.0,Bayer 04 Leverkusen,42.0,,,,,,https://www.sofascore.com/bayer-04-leverkusen-eintracht-frankfurt/zdbsGdb,Ended,Eintracht Frankfurt,for,1.1,1.15,3.0,3.0,1.0,2.0,2.0,1.0,8.0,3.0,11.0,10.0,510.0,740.0,439.0,670.0,16.0,17.0,10.0,11.0,0.0,3.0,3.0,1.0,1.0,0.0,1.0,3.0,3.0,4.0,4.0,3.0,9.0,5.0,2.0,6.0,0.0,0.0,26.0,13.0,21.0,17.0,4.0,2.0,41.0,59.0,10.0,6.0,28.0,37.0,8.0,15.0,3.0,10.0,8.0,8.0,16.0,33.0,0.0,1.0,0.0,0.0,5.0,9.0,86.1,90.5,0.1,0.105,0.364,0.364,-0.1,1.85,25.0,75.0
2026-01-31,11:30,77333,Bundesliga 25/26,25/26,Bundesliga,Matchweek 20,Sat,Away,W,3.0,1.0,Eintracht Frankfurt,58.0,,,,,,https://www.sofascore.com/bayer-04-leverkusen-eintracht-frankfurt/zdbsGdb,Ended,Bayer 04 Leverkusen,for,1.15,1.1,3.0,3.0,2.0,1.0,1.0,2.0,3.0,8.0,10.0,11.0,740.0,510.0,670.0,439.0,17.0,16.0,11.0,10.0,3.0,0.0,1.0,3.0,0.0,1.0,3.0,1.0,4.0,3.0,3.0,4.0,5.0,9.0,6.0,2.0,0.0,0.0,13.0,26.0,17.0,21.0,2.0,4.0,59.0,41.0,6.0,10.0,37.0,28.0,15.0,8.0,10.0,3.0,8.0,8.0,33.0,16.0,1.0,0.0,0.0,0.0,9.0,5.0,90.5,86.1,0.105,0.1,0.364,0.364,1.85,-0.1,75.0,25.0
2026-01-31,11:30,77333,Bundesliga 25/26,25/26,Bundesliga,Matchweek 20,Sat,Home,L,1.0,2.0,1. FSV Mainz 05,70.0,,,,,,https://www.sofascore.com/rb-leipzig-1-fsv-mainz-05/gbbskCo,Ended,RB Leipzig,for,1.74,2.33,3.0,4.0,1.0,2.0,2.0,2.0,5.0,4.0,4.0,13.0,700.0,300.0,604.0,206.0,11.0,28.0,13.0,3.0,2.0,2.0,0.0,4.0,0.0,0.0,2.0,3.0,5.0,2.0,6.0,5.0,14.0,8.0,1.0,3.0,3.0,0.0,45.0,21.0,26.0,20.0,4.0,5.0,50.0,50.0,17.0,6.0,32.0,38.0,27.0,20.0,9.0,6.0,7.0,17.0,24.0,44.0,1.0,0.0,0.0,0.0,9.0,8.0,86.3,68.7,0.116,0.212,0.267,0.364,-0.74,-0.33,50.0,75.0
2026-01-31,11:30,77333,Bundesliga 25/26,25/26,Bundesliga,Matchweek 20,Sat,Away,W,2.0,1.0,RB Leipzig,30.0,,,,,,https://www.sofascore.com/rb-leipzig-1-fsv-mainz-05/gbbskCo,Ended,1. FSV Mainz 05,for,2.33,1.74,4.0,3.0,2.0,1.0,2.0,2.0,4.0,5.0,13.0,4.0,300.0,700.0,206.0,604.0,28.0,11.0,3.0,13.0,2.0,2.0,4.0,0.0,0.0,0.0,3.0,2.0,2.0,5.0,5.0,6.0,8.0,14.0,3.0,1.0,0.0,3.0,21.0,45.0,20.0,26.0,5.0,4.0,50.0,50.0,6.0,17.0,38.0,32.0,20.0,27.0,6.0,9.0,17.0,7.0,44.0,24.0,0.0,1.0,0.0,0.0,8.0,9.0,68.7,86.3,0.212,0.116,0.364,0.267,-0.33,-0.74,75.0,50.0
2026-01-31,11:30,77333,Bundesliga 25/26,25/26,Bundesliga,Matchweek 20,Sat,Home,W,3.0,1.0,1. FC Union Berlin,59.0,,,,,,https://www.sofascore.com/tsg-hoffenheim-1-fc-union-berlin/Xabsubb,Ended,TSG Hoffenheim,for,1.37,1.84,2.0,2.0,2.0,0.0,0.0,2.0,3.0,10.0,11.0,18.0,449.0,286.0,351.0,176.0,16.0,17.0,17.0,11.0,3.0,0.0,2.0,2.0,0.0,0.0,2.0,2.0,1.0,5.0,4.0,8.0,7.0,12.0,2.0,4.0,0.0,0.0,16.0,30.0,23.0,29.0,4.0,9.0,51.0,49.0,10.0,13.0,38.0,32.0,29.0,32.0,5.0,5.0,7.0,5.0,42.0,15.0,2.0,0.0,0.0,1.0,11.0,7.0,78.2,61.5,0.152,0.115,0.444,0.188,1.63,-0.84,66.7,50.0
2026-01-31,11:30,77333,Bundesliga 25/26,25/26,Bundesliga,Matchweek 20,Sat,Away,L,1.0,3.0,TSG Hoffenheim,41.0,,,,,,https://www.sofascore.com/tsg-hoffenheim-1-fc-union-berlin/Xabsubb,Ended,1. FC Union Berlin,for,1.84,1.37,2.0,2.0,0.0,2.0,2.0,0.0,10.0,3.0,18.0,11.0,286.0,449.0,176.0,351.0,17.0,16.0,11.0,17.0,0.0,3.0,2.0,2.0,0.0,0.0,2.0,2.0,5.0,1.0,8.0,4.0,12.0,7.0,4.0,2.0,0.0,0.0,30.0,16.0,29.0,23.0,9.0,4.0,49.0,51.0,13.0,10.0,32.0,38.0,32.0,29.0,5.0,5.0,5.0,7.0,15.0,42.0,0.0,2.0,1.0,0.0,7.0,11.0,61.5,78.2,0.115,0.152,0.188,0.444,-0.84,1.63,50.0,66.7
2026-01-31,11:30,77333,Bundesliga 25/26,25/26,Bundesliga,Matchweek 20,Sat,Home,D,1.0,1.0,Borussia M'gladbach,68.0,,,,,,https://www.sofascore.com/sv-werder-bremen-borussia-mgladbach/CabsJab,Ended,SV Werder Bremen,for,1.24,0.89,0.0,2.0,0.0,1.0,0.0,1.0,7.0,3.0,10.0,14.0,611.0,292.0,520.0,211.0,17.0,17.0,14.0,10.0,1.0,3.0,0.0,1.0,0.0,0.0,1.0,5.0,7.0,1.0,5.0,4.0,13.0,5.0,5.0,2.0,0.0,1.0,42.0,11.0,32.0,17.0,9.0,0.0,52.0,48.0,9.0,6.0,44.0,32.0,13.0,21.0,16.0,5.0,7.0,15.0,26.0,53.0,0.0,0.0,0.0,0.0,5.0,8.0,85.1,72.3,0.069,0.127,0.333,0.286,-0.24,0.11,50.0,83.3
2026-01-31,11:30,77333,Bundesliga 25/26,25/26,Bundesliga,Matchweek 20,Sat,Away,D,1.0,1.0,SV Werder Bremen,32.0,,,,,,https://www.sofascore.com/sv-werder-bremen-borussia-mgladbach/CabsJab,Ended,Borussia M'gladbach,for,0.89,1.24,2.0,0.0,1.0,0.0,1.0,0.0,3.0,7.0,14.0,10.0,292.0,611.0,211.0,520.0,17.0,17.0,10.0,14.0,3.0,1.0,1.0,0.0,0.0,0.0,5.0,1.0,1.0,7.0,4.0,5.0,5.0,13.0,2.0,5.0,1.0,0.0,11.0,42.0,17.0,32.0,0.0,9.0,48.0,52.0,6.0,9.0,32.0,44.0,21.0,13.0,5.0,16.0,15.0,7.0,53.0,26.0,0.0,0.0,0.0,0.0,8.0,5.0,72.3,85.1,0.127,0.069,0.286,0.333,0.11,-0.24,83.3,50.0
2026-01-31,11:30,77333,Bundesliga 25/26,25/26,Bundesliga,Matchweek 20,Sat,Home,W,2.0,1.0,FC St. Pauli,44.0,,,,,,https://www.sofascore.com/fc-augsburg-fc-st-pauli/Babsacb,Ended,FC Augsburg,for,1.13,2.46,5.0,5.0,2.0,1.0,3.0,4.0,5.0,5.0,15.0,13.0,417.0,526.0,323.0,429.0,13.0,18.0,13.0,14.0,1.0,1.0,3.0,1.0,0.0,0.0,3.0,4.0,4.0,7.0,2.0,5.0,6.0,12.0,6.0,5.0,1.0,0.0,18.0,28.0,34.0,19.0,3.0,3.0,53.0,47.0,7.0,9.0,28.0,31.0,29.0,19.0,2.0,3.0,10.0,9.0,33.0,28.0,0.0,0.0,0.0,0.0,11.0,5.0,77.5,81.6,0.094,0.145,0.5,0.294,0.87,-1.46,60.0,66.7
2026-01-31,11:30,77333,Bundesliga 25/26,25/26,Bundesliga,Matchweek 20,Sat,Away,L,1.0,2.0,FC Augsburg,56.0,,,,,,https://www.sofascore.com/fc-augsburg-fc-st-pauli/Babsacb,Ended,FC St. Pauli,for,2.46,1.13,5.0,5.0,1.0,2.0,4.0,3.0,5.0,5.0,13.0,15.0,526.0,417.0,429.0,323.0,18.0,13.0,14.0,13.0,1.0,1.0,1.0,3.0,0.0,0.0,4.0,3.0,7.0,4.0,5.0,2.0,12.0,6.0,5.0,6.0,0.0,1.0,28.0,18.0,19.0,34.0,3.0,3.0,47.0,53.0,9.0,7.0,31.0,28.0,19.0,29.0,3.0,2.0,9.0,10.0,28.0,33.0,0.0,0.0,0.0,0.0,5.0,11.0,81.6,77.5,0.145,0.094,0.294,0.5,-1.46,0.87,66.7,60.0
2026-01-31,14:30,77333,Bundesliga 25/26,25/26,Bundesliga,Matchweek 20,Sat,Home,D,2.0,2.0,FC Bayern München,28.0,,,,,,https://www.sofascore.com/hamburger-sv-fc-bayern-munchen/xdbsBdb,Ended,Hamburger SV,for,2.25,2.41,5.0,5.0,2.0,2.0,3.0,3.0,3.0,9.0,12.0,16.0,262.0,689.0,206.0,630.0,23.0,8.0,15.0,12.0,3.0,1.0,6.0,4.0,0.0,0.0,4.0,1.0,5.0,2.0,5.0,4.0,11.0,8.0,3.0,5.0,1.0,1.0,23.0,32.0,23.0,17.0,5.0,2.0,55.0,45.0,3.0,9.0,43.0,32.0,11.0,12.0,4.0,13.0,11.0,5.0,35.0,12.0,0.0,3.0,0.0,0.0,6.0,5.0,78.6,91.4,0.161,0.185,0.286,0.538,-0.25,-0.41,57.1,25.0
2026-01-31,14:30,77333,Bundesliga 25/26,25/26,Bundesliga,Matchweek 20,Sat,Away,D,2.0,2.0,Hamburger SV,72.0,,,,,,https://www.sofascore.com/hamburger-sv-fc-bayern-munchen/xdbsBdb,Ended,FC Bayern München,for,2.41,2.25,5.0,5.0,2.0,2.0,3.0,3.0,9.0,3.0,16.0,12.0,689.0,262.0,630.0,206.0,8.0,23.0,12.0,15.0,1.0,3.0,4.0,6.0,0.0,0.0,1.0,4.0,2.0,5.0,4.0,5.0,8.0,11.0,5.0,3.0,1.0,1.0,32.0,23.0,17.0,23.0,2.0,5.0,45.0,55.0,9.0,3.0,32.0,43.0,12.0,11.0,13.0,4.0,5.0,11.0,12.0,35.0,3.0,0.0,0.0,0.0,5.0,6.0,91.4,78.6,0.185,0.161,0.538,0.286,-0.41,-0.25,25.0,57.1
2026-02-01,11:30,77333,Bundesliga 25/26,25/26,Bundesliga,Matchweek 20,Sun,Home,W,1.0,0.0,SC Freiburg,69.0,,,,,,https://www.sofascore.com/vfb-stuttgart-sc-freiburg/NabsCdb,Ended,VfB Stuttgart,for,1.79,0.7,4.0,2.0,0.0,0.0,4.0,2.0,6.0,2.0,14.0,14.0,512.0,229.0,433.0,154.0,14.0,11.0,14.0,14.0,2.0,1.0,3.0,1.0,0.0,0.0,2.0,5.0,2.0,3.0,9.0,6.0,13.0,6.0,5.0,5.0,0.0,0.0,37.0,15.0,24.0,27.0,8.0,3.0,46.0,54.0,6.0,8.0,30.0,30.0,18.0,26.0,4.0,5.0,6.0,14.0,30.0,40.0,1.0,1.0,1.0,1.0,7.0,9.0,84.6,67.2,0.099,0.064,0.389,0.182,-0.79,-0.7,100.0,71.4
2026-02-01,11:30,77333,Bundesliga 25/26,25/26,Bundesliga,Matchweek 20,Sun,Away,L,0.0,1.0,VfB Stuttgart,31.0,,,,,,https://www.sofascore.com/vfb-stuttgart-sc-freiburg/NabsCdb,Ended,SC Freiburg,for,0.7,1.79,2.0,4.0,0.0,0.0,2.0,4.0,2.0,6.0,14.0,14.0,229.0,512.0,154.0,433.0,11.0,14.0,14.0,14.0,1.0,2.0,1.0,3.0,0.0,0.0,5.0,2.0,3.0,2.0,6.0,9.0,6.0,13.0,5.0,5.0,0.0,0.0,15.0,37.0,27.0,24.0,3.0,8.0,54.0,46.0,8.0,6.0,30.0,30.0,26.0,18.0,5.0,4.0,14.0,6.0,40.0,30.0,1.0,1.0,1.0,1.0,9.0,7.0,67.2,84.6,0.064,0.099,0.182,0.389,-0.7,-0.79,71.4,100.0
2026-02-01,13:30,77333,Bundesliga 25/26,25/26,Bundesliga,Matchweek 20,Sun,Home,W,3.0,2.0,1. FC Heidenheim,65.0,,,,,,https://www.sofascore.com/1-fc-heidenheim-borussia-dortmund/ydbsKrc,Ended,Borussia Dortmund,for,3.32,2.31,6.0,7.0,3.0,1.0,3.0,6.0,12.0,3.0,11.0,11.0,479.0,257.0,397.0,182.0,19.0,19.0,9.0,11.0,0.0,6.0,2.0,2.0,0.0,0.0,1.0,2.0,6.0,2.0,8.0,7.0,14.0,10.0,5.0,2.0,2.0,0.0,45.0,19.0,21.0,23.0,5.0,8.0,55.0,45.0,9.0,10.0,44.0,36.0,16.0,14.0,16.0,6.0,4.0,4.0,21.0,42.0,0.0,1.0,0.0,1.0,9.0,11.0,82.9,70.8,0.175,0.193,0.263,0.25,-0.32,-0.31,33.3,40.0
2026-02-01,13:30,77333,Bundesliga 25/26,25/26,Bundesliga,Matchweek 20,Sun,Away,L,2.0,3.0,Borussia Dortmund,35.0,,,,,,https://www.sofascore.com/1-fc-heidenheim-borussia-dortmund/ydbsKrc,Ended,1. FC Heidenheim,for,2.31,3.32,7.0,6.0,1.0,3.0,6.0,3.0,3.0,12.0,11.0,11.0,257.0,479.0,182.0,397.0,19.0,19.0,11.0,9.0,6.0,0.0,2.0,2.0,0.0,0.0,2.0,1.0,2.0,6.0,7.0,8.0,10.0,14.0,2.0,5.0,0.0,2.0,19.0,45.0,23.0,21.0,8.0,5.0,45.0,55.0,10.0,9.0,36.0,44.0,14.0,16.0,6.0,16.0,4.0,4.0,42.0,21.0,1.0,0.0,1.0,0.0,11.0,9.0,70.8,82.9,0.193,0.175,0.25,0.263,-0.31,-0.32,40.0,33.3
2026-02-06,16:30,77333,Bundesliga 25/26,25/26,Bundesliga,Matchweek 21,Fri,Home,D,1.0,1.0,Eintracht Frankfurt,27.0,,,,,,https://www.sofascore.com/eintracht-frankfurt-1-fc-union-berlin/Xabszdb,Ended,1. FC Union Berlin,for,1.53,0.14,2.0,1.0,1.0,0.0,1.0,1.0,5.0,2.0,9.0,11.0,229.0,649.0,158.0,567.0,16.0,11.0,10.0,9.0,1.0,0.0,4.0,3.0,0.0,1.0,0.0,2.0,2.0,0.0,6.0,2.0,7.0,2.0,4.0,1.0,1.0,0.0,18.0,10.0,18.0,37.0,2.0,1.0,59.0,41.0,6.0,10.0,31.0,29.0,19.0,6.0,4.0,10.0,7.0,6.0,30.0,19.0,0.0,3.0,1.0,1.0,4.0,11.0,69.0,87.4,0.139,0.047,0.273,0.333,-0.53,0.86,0.0,66.7
2026-02-06,16:30,77333,Bundesliga 25/26,25/26,Bundesliga,Matchweek 21,Fri,Away,D,1.0,1.0,1. FC Union Berlin,73.0,,,,,,https://www.sofascore.com/eintracht-frankfurt-1-fc-union-berlin/Xabszdb,Ended,Eintracht Frankfurt,for,0.14,1.53,1.0,2.0,0.0,1.0,1.0,1.0,2.0,5.0,11.0,9.0,649.0,229.0,567.0,158.0,11.0,16.0,9.0,10.0,0.0,1.0,3.0,4.0,1.0,0.0,2.0,0.0,0.0,2.0,2.0,6.0,2.0,7.0,1.0,4.0,0.0,1.0,10.0,18.0,37.0,18.0,1.0,2.0,41.0,59.0,10.0,6.0,29.0,31.0,6.0,19.0,10.0,4.0,6.0,7.0,19.0,30.0,3.0,0.0,1.0,1.0,11.0,4.0,87.4,69.0,0.047,0.139,0.333,0.273,0.86,-0.53,66.7,0.0
2026-02-07,11:30,77333,Bundesliga 25/26,25/26,Bundesliga,Matchweek 21,Sat,Home,L,1.0,2.0,Borussia Dortmund,35.0,,,,,,https://www.sofascore.com/borussia-dortmund-vfl-wolfsburg/zabsydb,Ended,VfL Wolfsburg,for,1.46,1.23,4.0,2.0,1.0,1.0,3.0,1.0,4.0,8.0,13.0,10.0,312.0,580.0,241.0,499.0,14.0,13.0,10.0,13.0,0.0,2.0,1.0,1.0,0.0,0.0,2.0,1.0,2.0,14.0,8.0,3.0,6.0,14.0,6.0,7.0,2.0,1.0,16.0,43.0,25.0,24.0,6.0,7.0,43.0,57.0,5.0,8.0,28.0,38.0,15.0,20.0,7.0,12.0,11.0,9.0,49.0,23.0,0.0,1.0,1.0,2.0,8.0,8.0,77.2,86.0,0.122,0.059,0.167,0.19,-0.46,0.77,50.0,50.0
2026-02-07,11:30,77333,Bundesliga 25/26,25/26,Bundesliga,Matchweek 21,Sat,Away,W,2.0,1.0,VfL Wolfsburg,65.0,,,,,,https://www.sofascore.com/borussia-dortmund-vfl-wolfsburg/zabsydb,Ended,Borussia Dortmund,for,1.23,1.46,2.0,4.0,1.0,1.0,1.0,3.0,8.0,4.0,10.0,13.0,580.0,312.0,499.0,241.0,13.0,14.0,13.0,10.0,2.0,0.0,1.0,1.0,0.0,0.0,1.0,2.0,14.0,2.0,3.0,8.0,14.0,6.0,7.0,6.0,1.0,2.0,43.0,16.0,24.0,25.0,7.0,6.0,57.0,43.0,8.0,5.0,38.0,28.0,20.0,15.0,12.0,7.0,9.0,11.0,23.0,49.0,1.0,0.0,2.0,1.0,8.0,8.0,86.0,77.2,0.059,0.122,0.19,0.167,0.77,-0.46,50.0,50.0
2026-02-07,11:30,77333,Bundesliga 25/26,25/26,Bundesliga,Matchweek 21,Sat,Home,W,2.0,1.0,VfB Stuttgart,32.0,,,,,,https://www.sofascore.com/vfb-stuttgart-fc-st-pauli/BabsCdb,Ended,FC St. Pauli,for,1.95,0.86,2.0,2.0,1.0,0.0,1.0,2.0,5.0,5.0,9.0,10.0,307.0,660.0,223.0,567.0,8.0,13.0,9.0,9.0,0.0,2.0,0.0,2.0,0.0,0.0,2.0,5.0,5.0,2.0,3.0,2.0,10.0,5.0,5.0,2.0,1.0,1.0,22.0,26.0,19.0,22.0,4.0,6.0,43.0,57.0,8.0,4.0,18.0,29.0,14.0,13.0,2.0,7.0,12.0,7.0,36.0,16.0,1.0,0.0,1.0,0.0,4.0,5.0,72.6,85.9,0.13,0.123,0.467,0.429,0.05,0.14,66.7,71.4
2026-02-07,11:30,77333,Bundesliga 25/26,25/26,Bundesliga,Matchweek 21,Sat,Away,L,1.0,2.0,FC St. Pauli,68.0,,,,,,https://www.sofascore.com/vfb-stuttgart-fc-st-pauli/BabsCdb,Ended,VfB Stuttgart,for,0.86,1.95,2.0,2.0,0.0,1.0,2.0,1.0,5.0,5.0,10.0,9.0,660.0,307.0,567.0,223.0,13.0,8.0,9.0,9.0,2.0,0.0,2.0,0.0,0.0,0.0,5.0,2.0,2.0,5.0,2.0,3.0,5.0,10.0,2.0,5.0,1.0,1.0,26.0,22.0,22.0,19.0,6.0,4.0,57.0,43.0,4.0,8.0,29.0,18.0,13.0,14.0,7.0,2.0,7.0,12.0,16.0,36.0,0.0,1.0,0.0,1.0,5.0,4.0,85.9,72.6,0.123,0.13,0.429,0.467,0.14,0.05,71.4,66.7
2026-02-07,11:30,77333,Bundesliga 25/26,25/26,Bundesliga,Matchweek 21,Sat,Home,W,1.0,0.0,SV Werder Bremen,33.0,,,,,,https://www.sofascore.com/sc-freiburg-sv-werder-bremen/JabsNab,Ended,SC Freiburg,for,0.46,0.97,0.0,1.0,0.0,0.0,0.0,1.0,4.0,8.0,9.0,12.0,280.0,554.0,202.0,477.0,11.0,15.0,12.0,9.0,0.0,2.0,0.0,1.0,1.0,0.0,6.0,1.0,1.0,8.0,4.0,4.0,5.0,9.0,2.0,8.0,0.0,0.0,14.0,34.0,18.0,27.0,2.0,11.0,53.0,47.0,8.0,7.0,32.0,27.0,17.0,17.0,9.0,3.0,10.0,14.0,51.0,25.0,2.0,0.0,2.0,0.0,10.0,9.0,72.1,86.1,0.066,0.057,0.286,0.294,0.54,-0.97,120.0,50.0
2026-02-07,11:30,77333,Bundesliga 25/26,25/26,Bundesliga,Matchweek 21,Sat,Away,L,0.0,1.0,SC Freiburg,67.0,,,,,,https://www.sofascore.com/sc-freiburg-sv-werder-bremen/JabsNab,Ended,SV Werder Bremen,for,0.97,0.46,1.0,0.0,0.0,0.0,1.0,0.0,8.0,4.0,12.0,9.0,554.0,280.0,477.0,202.0,15.0,11.0,9.0,12.0,2.0,0.0,1.0,0.0,0.0,1.0,1.0,6.0,8.0,1.0,4.0,4.0,9.0,5.0,8.0,2.0,0.0,0.0,34.0,14.0,27.0,18.0,11.0,2.0,47.0,53.0,7.0,8.0,27.0,32.0,17.0,17.0,3.0,9.0,14.0,10.0,25.0,51.0,0.0,2.0,0.0,2.0,9.0,10.0,86.1,72.1,0.057,0.066,0.294,0.286,-0.97,0.54,50.0,120.0
2026-02-07,11:30,77333,Bundesliga 25/26,25/26,Bundesliga,Matchweek 21,Sat,Home,W,2.0,0.0,FC Augsburg,39.0,,,,,,https://www.sofascore.com/fc-augsburg-1-fsv-mainz-05/gbbsacb,Ended,1. FSV Mainz 05,for,2.41,0.7,4.0,2.0,2.0,0.0,2.0,2.0,6.0,4.0,12.0,10.0,328.0,526.0,244.0,426.0,16.0,12.0,8.0,12.0,2.0,1.0,2.0,2.0,0.0,0.0,6.0,4.0,2.0,4.0,2.0,4.0,9.0,7.0,1.0,7.0,0.0,2.0,29.0,17.0,25.0,30.0,5.0,3.0,49.0,51.0,8.0,9.0,33.0,34.0,15.0,16.0,7.0,10.0,9.0,7.0,29.0,31.0,1.0,0.0,0.0,1.0,8.0,8.0,74.4,81.0,0.241,0.05,0.6,0.429,-0.41,-0.7,100.0,66.7
2026-02-07,11:30,77333,Bundesliga 25/26,25/26,Bundesliga,Matchweek 21,Sat,Away,L,0.0,2.0,1. FSV Mainz 05,61.0,,,,,,https://www.sofascore.com/fc-augsburg-1-fsv-mainz-05/gbbsacb,Ended,FC Augsburg,for,0.7,2.41,2.0,4.0,0.0,2.0,2.0,2.0,4.0,6.0,10.0,12.0,526.0,328.0,426.0,244.0,12.0,16.0,12.0,8.0,1.0,2.0,2.0,2.0,0.0,0.0,4.0,6.0,4.0,2.0,4.0,2.0,7.0,9.0,7.0,1.0,2.0,0.0,17.0,29.0,30.0,25.0,3.0,5.0,51.0,49.0,9.0,8.0,34.0,33.0,16.0,15.0,10.0,7.0,7.0,9.0,31.0,29.0,0.0,1.0,1.0,0.0,8.0,8.0,81.0,74.4,0.05,0.241,0.429,0.6,-0.7,-0.41,66.7,100.0
2026-02-07,11:30,77333,Bundesliga 25/26,25/26,Bundesliga,Matchweek 21,Sat,Home,L,0.0,2.0,Hamburger SV,48.0,,,,,,https://www.sofascore.com/1-fc-heidenheim-hamburger-sv/BdbsKrc,Ended,1. FC Heidenheim,for,1.55,1.61,2.0,1.0,1.0,1.0,2.0,0.0,10.0,8.0,6.0,11.0,378.0,413.0,287.0,329.0,17.0,9.0,11.0,6.0,3.0,0.0,0.0,2.0,0.0,0.0,3.0,4.0,4.0,5.0,12.0,4.0,13.0,10.0,7.0,4.0,0.0,0.0,25.0,35.0,22.0,19.0,5.0,2.0,54.0,46.0,4.0,5.0,29.0,28.0,21.0,15.0,3.0,13.0,7.0,4.0,33.0,28.0,0.0,1.0,0.0,0.0,8.0,18.0,75.9,79.7,0.077,0.115,0.2,0.357,-1.55,0.39,60.0,100.0
2026-02-07,11:30,77333,Bundesliga 25/26,25/26,Bundesliga,Matchweek 21,Sat,Away,W,2.0,0.0,1. FC Heidenheim,52.0,,,,,,https://www.sofascore.com/1-fc-heidenheim-hamburger-sv/BdbsKrc,Ended,Hamburger SV,for,1.61,1.55,1.0,2.0,1.0,1.0,0.0,2.0,8.0,10.0,11.0,6.0,413.0,378.0,329.0,287.0,9.0,17.0,6.0,11.0,0.0,3.0,2.0,0.0,0.0,0.0,4.0,3.0,5.0,4.0,4.0,12.0,10.0,13.0,4.0,7.0,0.0,0.0,35.0,25.0,19.0,22.0,2.0,5.0,46.0,54.0,5.0,4.0,28.0,29.0,15.0,21.0,13.0,3.0,4.0,7.0,28.0,33.0,1.0,0.0,0.0,0.0,18.0,8.0,79.7,75.9,0.115,0.077,0.357,0.2,0.39,-1.55,100.0,60.0
2026-02-07,14:30,77333,Bundesliga 25/26,25/26,Bundesliga,Matchweek 21,Sat,Home,D,1.0,1.0,Bayer 04 Leverkusen,39.0,,,,,,https://www.sofascore.com/bayer-04-leverkusen-borussia-mgladbach/CabsGdb,Ended,Borussia M'gladbach,for,0.71,0.79,1.0,1.0,1.0,0.0,0.0,0.0,2.0,2.0,7.0,11.0,460.0,717.0,385.0,646.0,19.0,14.0,11.0,7.0,1.0,1.0,2.0,3.0,0.0,0.0,2.0,5.0,1.0,2.0,2.0,6.0,5.0,3.0,4.0,7.0,1.0,0.0,16.0,19.0,14.0,23.0,0.0,1.0,54.0,46.0,11.0,10.0,35.0,24.0,7.0,12.0,5.0,4.0,18.0,4.0,21.0,23.0,2.0,1.0,0.0,1.0,10.0,1.0,83.7,90.1,0.079,0.079,0.667,0.2,0.29,0.21,100.0,83.3
2026-02-07,14:30,77333,Bundesliga 25/26,25/26,Bundesliga,Matchweek 21,Sat,Away,D,1.0,1.0,Borussia M'gladbach,61.0,,,,,,https://www.sofascore.com/bayer-04-leverkusen-borussia-mgladbach/CabsGdb,Ended,Bayer 04 Leverkusen,for,0.79,0.71,1.0,1.0,0.0,1.0,0.0,0.0,2.0,2.0,11.0,7.0,717.0,460.0,646.0,385.0,14.0,19.0,7.0,11.0,1.0,1.0,3.0,2.0,0.0,0.0,5.0,2.0,2.0,1.0,6.0,2.0,3.0,5.0,7.0,4.0,0.0,1.0,19.0,16.0,23.0,14.0,1.0,0.0,46.0,54.0,10.0,11.0,24.0,35.0,12.0,7.0,4.0,5.0,4.0,18.0,23.0,21.0,1.0,2.0,1.0,0.0,1.0,10.0,90.1,83.7,0.079,0.079,0.2,0.667,0.21,0.29,83.3,100.0
2026-02-08,11:30,77333,Bundesliga 25/26,25/26,Bundesliga,Matchweek 21,Sun,Home,L,1.0,2.0,RB Leipzig,46.0,,,,,,https://www.sofascore.com/rb-leipzig-1-fc-koln/wdbskCo,Ended,1. FC Köln,for,1.05,1.99,3.0,5.0,0.0,2.0,3.0,3.0,4.0,3.0,7.0,13.0,341.0,431.0,249.0,352.0,21.0,19.0,13.0,7.0,5.0,3.0,1.0,4.0,0.0,0.0,2.0,1.0,3.0,8.0,4.0,7.0,10.0,14.0,1.0,5.0,1.0,1.0,24.0,30.0,26.0,17.0,7.0,4.0,48.0,52.0,10.0,9.0,39.0,42.0,22.0,25.0,6.0,16.0,6.0,7.0,33.0,49.0,1.0,1.0,0.0,2.0,5.0,12.0,73.0,81.7,0.105,0.105,0.3,0.211,-0.05,0.01,50.0,33.3
2026-02-08,11:30,77333,Bundesliga 25/26,25/26,Bundesliga,Matchweek 21,Sun,Away,W,2.0,1.0,1. FC Köln,54.0,,,,,,https://www.sofascore.com/rb-leipzig-1-fc-koln/wdbskCo,Ended,RB Leipzig,for,1.99,1.05,5.0,3.0,2.0,0.0,3.0,3.0,3.0,4.0,13.0,7.0,431.0,341.0,352.0,249.0,19.0,21.0,7.0,13.0,3.0,5.0,4.0,1.0,0.0,0.0,1.0,2.0,8.0,3.0,7.0,4.0,14.0,10.0,5.0,1.0,1.0,1.0,30.0,24.0,17.0,26.0,4.0,7.0,52.0,48.0,9.0,10.0,42.0,39.0,25.0,22.0,16.0,6.0,7.0,6.0,49.0,33.0,1.0,1.0,2.0,0.0,12.0,5.0,81.7,73.0,0.105,0.105,0.211,0.3,0.01,-0.05,33.3,50.0
2026-02-08,13:30,77333,Bundesliga 25/26,25/26,Bundesliga,Matchweek 21,Sun,Home,W,5.0,1.0,TSG Hoffenheim,55.0,,,,,,https://www.sofascore.com/fc-bayern-munchen-tsg-hoffenheim/ubbsxdb,Ended,FC Bayern München,for,6.02,2.04,11.0,6.0,4.0,1.0,7.0,5.0,8.0,3.0,11.0,9.0,475.0,398.0,427.0,324.0,18.0,19.0,7.0,11.0,3.0,0.0,2.0,2.0,0.0,1.0,3.0,8.0,1.0,2.0,12.0,3.0,18.0,8.0,9.0,1.0,1.0,2.0,61.0,22.0,30.0,24.0,7.0,4.0,56.0,44.0,7.0,8.0,45.0,38.0,16.0,10.0,18.0,8.0,9.0,4.0,22.0,22.0,0.0,2.0,0.0,1.0,6.0,14.0,89.9,81.4,0.223,0.227,0.519,0.444,-1.02,-1.04,75.0,57.1
2026-02-08,13:30,77333,Bundesliga 25/26,25/26,Bundesliga,Matchweek 21,Sun,Away,L,1.0,5.0,FC Bayern München,45.0,,,,,,https://www.sofascore.com/fc-bayern-munchen-tsg-hoffenheim/ubbsxdb,Ended,TSG Hoffenheim,for,2.04,6.02,6.0,11.0,1.0,4.0,5.0,7.0,3.0,8.0,9.0,11.0,398.0,475.0,324.0,427.0,19.0,18.0,11.0,7.0,0.0,3.0,2.0,2.0,1.0,0.0,8.0,3.0,2.0,1.0,3.0,12.0,8.0,18.0,1.0,9.0,2.0,1.0,22.0,61.0,24.0,30.0,4.0,7.0,44.0,56.0,8.0,7.0,38.0,45.0,10.0,16.0,8.0,18.0,4.0,9.0,22.0,22.0,2.0,0.0,1.0,0.0,14.0,6.0,81.4,89.9,0.227,0.223,0.444,0.519,-1.04,-1.02,57.1,75.0
2026-02-13,16:30,77333,Bundesliga 25/26,25/26,Bundesliga,Matchweek 22,Fri,Home,W,4.0,0.0,1. FSV Mainz 05,55.0,,,,,,https://www.sofascore.com/borussia-dortmund-1-fsv-mainz-05/gbbsydb,Ended,Borussia Dortmund,for,2.32,1.51,5.0,2.0,3.0,0.0,2.0,2.0,7.0,2.0,10.0,5.0,507.0,432.0,422.0,348.0,8.0,16.0,5.0,10.0,0.0,5.0,3.0,2.0,0.0,0.0,5.0,4.0,3.0,3.0,3.0,2.0,9.0,7.0,5.0,3.0,1.0,1.0,24.0,17.0,20.0,19.0,7.0,4.0,47.0,53.0,3.0,3.0,23.0,27.0,16.0,17.0,10.0,1.0,10.0,10.0,18.0,30.0,0.0,1.0,0.0,0.0,6.0,5.0,83.2,80.6,0.166,0.151,0.571,0.5,1.68,-1.51,100.0,50.0
2026-02-13,16:30,77333,Bundesliga 25/26,25/26,Bundesliga,Matchweek 22,Fri,Away,L,0.0,4.0,Borussia Dortmund,45.0,,,,,,https://www.sofascore.com/borussia-dortmund-1-fsv-mainz-05/gbbsydb,Ended,1. FSV Mainz 05,for,1.51,2.32,2.0,5.0,0.0,3.0,2.0,2.0,2.0,7.0,5.0,10.0,432.0,507.0,348.0,422.0,16.0,8.0,10.0,5.0,5.0,0.0,2.0,3.0,0.0,0.0,4.0,5.0,3.0,3.0,2.0,3.0,7.0,9.0,3.0,5.0,1.0,1.0,17.0,24.0,19.0,20.0,4.0,7.0,53.0,47.0,3.0,3.0,27.0,23.0,17.0,16.0,1.0,10.0,10.0,10.0,30.0,18.0,1.0,0.0,0.0,0.0,5.0,6.0,80.6,83.2,0.151,0.166,0.5,0.571,-1.51,1.68,50.0,100.0
2026-02-14,11:30,77333,Bundesliga 25/26,25/26,Bundesliga,Matchweek 22,Sat,Home,L,0.0,3.0,FC Bayern München,35.0,,,,,,https://www.sofascore.com/fc-bayern-munchen-sv-werder-bremen/Jabsxdb,Ended,SV Werder Bremen,for,0.81,1.95,0.0,4.0,0.0,1.0,0.0,3.0,2.0,4.0,10.0,6.0,387.0,717.0,296.0,636.0,31.0,12.0,6.0,9.0,2.0,3.0,3.0,1.0,0.0,0.0,5.0,3.0,4.0,2.0,7.0,1.0,10.0,8.0,4.0,3.0,3.0,1.0,29.0,49.0,21.0,24.0,3.0,2.0,58.0,42.0,3.0,16.0,44.0,37.0,10.0,2.0,8.0,15.0,17.0,12.0,27.0,18.0,1.0,1.0,0.0,0.0,6.0,11.0,76.5,88.7,0.058,0.177,0.214,0.727,-0.81,1.05,62.5,100.0
2026-02-14,11:30,77333,Bundesliga 25/26,25/26,Bundesliga,Matchweek 22,Sat,Away,W,3.0,0.0,SV Werder Bremen,65.0,,,,,,https://www.sofascore.com/fc-bayern-munchen-sv-werder-bremen/Jabsxdb,Ended,FC Bayern München,for,1.95,0.81,4.0,0.0,1.0,0.0,3.0,0.0,4.0,2.0,6.0,10.0,717.0,387.0,636.0,296.0,12.0,31.0,9.0,6.0,3.0,2.0,1.0,3.0,0.0,0.0,3.0,5.0,2.0,4.0,1.0,7.0,8.0,10.0,3.0,4.0,1.0,3.0,49.0,29.0,24.0,21.0,2.0,3.0,42.0,58.0,16.0,3.0,37.0,44.0,2.0,10.0,15.0,8.0,12.0,17.0,18.0,27.0,1.0,1.0,0.0,0.0,11.0,6.0,88.7,76.5,0.177,0.058,0.727,0.214,1.05,-0.81,100.0,62.5
2026-02-14,11:30,77333,Bundesliga 25/26,25/26,Bundesliga,Matchweek 22,Sat,Home,W,4.0,0.0,FC St. Pauli,68.0,,,,,,https://www.sofascore.com/bayer-04-leverkusen-fc-st-pauli/BabsGdb,Ended,Bayer 04 Leverkusen,for,1.58,0.52,5.0,1.0,3.0,0.0,2.0,1.0,8.0,3.0,7.0,11.0,846.0,383.0,754.0,302.0,8.0,19.0,11.0,7.0,2.0,3.0,0.0,1.0,0.0,0.0,1.0,3.0,0.0,5.0,5.0,5.0,8.0,6.0,4.0,5.0,0.0,0.0,28.0,12.0,25.0,16.0,4.0,4.0,47.0,53.0,7.0,5.0,22.0,28.0,8.0,6.0,4.0,5.0,7.0,18.0,20.0,27.0,0.0,1.0,0.0,1.0,6.0,4.0,89.1,78.9,0.132,0.047,0.583,0.091,2.42,-0.52,100.0,42.9
2026-02-14,11:30,77333,Bundesliga 25/26,25/26,Bundesliga,Matchweek 22,Sat,Away,L,0.0,4.0,Bayer 04 Leverkusen,32.0,,,,,,https://www.sofascore.com/bayer-04-leverkusen-fc-st-pauli/BabsGdb,Ended,FC St. Pauli,for,0.52,1.58,1.0,5.0,0.0,3.0,1.0,2.0,3.0,8.0,11.0,7.0,383.0,846.0,302.0,754.0,19.0,8.0,7.0,11.0,3.0,2.0,1.0,0.0,0.0,0.0,3.0,1.0,5.0,0.0,5.0,5.0,6.0,8.0,5.0,4.0,0.0,0.0,12.0,28.0,16.0,25.0,4.0,4.0,53.0,47.0,5.0,7.0,28.0,22.0,6.0,8.0,5.0,4.0,18.0,7.0,27.0,20.0,1.0,0.0,1.0,0.0,4.0,6.0,78.9,89.1,0.047,0.132,0.091,0.583,-0.52,2.42,42.9,100.0
2026-02-14,11:30,77333,Bundesliga 25/26,25/26,Bundesliga,Matchweek 22,Sat,Home,W,3.0,0.0,Borussia M'gladbach,44.0,,,,,,https://www.sofascore.com/eintracht-frankfurt-borussia-mgladbach/Cabszdb,Ended,Eintracht Frankfurt,for,1.64,1.19,4.0,0.0,1.0,0.0,3.0,0.0,2.0,8.0,11.0,11.0,379.0,463.0,324.0,416.0,19.0,11.0,11.0,11.0,4.0,1.0,3.0,2.0,0.0,0.0,3.0,6.0,2.0,8.0,1.0,9.0,7.0,16.0,5.0,4.0,2.0,0.0,20.0,32.0,16.0,21.0,2.0,4.0,54.0,46.0,6.0,7.0,38.0,30.0,11.0,12.0,9.0,8.0,9.0,6.0,31.0,15.0,1.0,1.0,2.0,0.0,13.0,1.0,85.5,89.8,0.137,0.059,0.75,0.15,1.36,-1.19,100.0,66.7
2026-02-14,11:30,77333,Bundesliga 25/26,25/26,Bundesliga,Matchweek 22,Sat,Away,L,0.0,3.0,Eintracht Frankfurt,56.0,,,,,,https://www.sofascore.com/eintracht-frankfurt-borussia-mgladbach/Cabszdb,Ended,Borussia M'gladbach,for,1.19,1.64,0.0,4.0,0.0,1.0,0.0,3.0,8.0,2.0,11.0,11.0,463.0,379.0,416.0,324.0,11.0,19.0,11.0,11.0,1.0,4.0,2.0,3.0,0.0,0.0,6.0,3.0,8.0,2.0,9.0,1.0,16.0,7.0,4.0,5.0,0.0,2.0,32.0,20.0,21.0,16.0,4.0,2.0,46.0,54.0,7.0,6.0,30.0,38.0,12.0,11.0,8.0,9.0,6.0,9.0,15.0,31.0,1.0,1.0,0.0,2.0,1.0,13.0,89.8,85.5,0.059,0.137,0.15,0.75,-1.19,1.36,66.7,100.0
2026-02-14,11:30,77333,Bundesliga 25/26,25/26,Bundesliga,Matchweek 22,Sat,Home,W,3.0,0.0,SC Freiburg,61.0,,,,,,https://www.sofascore.com/tsg-hoffenheim-sc-freiburg/Nabsubb,Ended,TSG Hoffenheim,for,1.71,0.77,2.0,0.0,0.0,0.0,2.0,0.0,6.0,6.0,8.0,6.0,523.0,331.0,440.0,235.0,17.0,6.0,6.0,8.0,2.0,2.0,3.0,1.0,0.0,0.0,3.0,4.0,9.0,4.0,9.0,6.0,14.0,10.0,11.0,3.0,0.0,0.0,44.0,25.0,31.0,29.0,7.0,4.0,59.0,41.0,3.0,11.0,32.0,22.0,18.0,13.0,9.0,8.0,7.0,4.0,39.0,40.0,0.0,2.0,0.0,2.0,5.0,11.0,84.1,71.0,0.068,0.059,0.28,0.231,1.29,-0.77,100.0,57.1
2026-02-14,11:30,77333,Bundesliga 25/26,25/26,Bundesliga,Matchweek 22,Sat,Away,L,0.0,3.0,TSG Hoffenheim,39.0,,,,,,https://www.sofascore.com/tsg-hoffenheim-sc-freiburg/Nabsubb,Ended,SC Freiburg,for,0.77,1.71,0.0,2.0,0.0,0.0,0.0,2.0,6.0,6.0,6.0,8.0,331.0,523.0,235.0,440.0,6.0,17.0,8.0,6.0,2.0,2.0,1.0,3.0,0.0,0.0,4.0,3.0,4.0,9.0,6.0,9.0,10.0,14.0,3.0,11.0,0.0,0.0,25.0,44.0,29.0,31.0,4.0,7.0,41.0,59.0,11.0,3.0,22.0,32.0,13.0,18.0,8.0,9.0,4.0,7.0,40.0,39.0,2.0,0.0,2.0,0.0,11.0,5.0,71.0,84.1,0.059,0.068,0.231,0.28,-0.77,1.29,57.1,100.0
2026-02-14,11:30,77333,Bundesliga 25/26,25/26,Bundesliga,Matchweek 22,Sat,Home,W,3.0,2.0,1. FC Union Berlin,56.0,,,,,,https://www.sofascore.com/hamburger-sv-1-fc-union-berlin/XabsBdb,Ended,Hamburger SV,for,2.06,2.13,5.0,3.0,2.0,2.0,3.0,1.0,6.0,3.0,12.0,7.0,442.0,336.0,345.0,240.0,13.0,13.0,7.0,11.0,2.0,3.0,3.0,0.0,0.0,0.0,3.0,1.0,4.0,2.0,5.0,5.0,11.0,10.0,2.0,2.0,2.0,1.0,32.0,27.0,19.0,23.0,5.0,9.0,49.0,51.0,8.0,7.0,30.0,29.0,24.0,28.0,10.0,4.0,12.0,15.0,32.0,34.0,2.0,1.0,0.0,1.0,5.0,9.0,78.1,71.4,0.158,0.177,0.308,0.417,0.94,-0.13,60.0,25.0
2026-02-14,11:30,77333,Bundesliga 25/26,25/26,Bundesliga,Matchweek 22,Sat,Away,L,2.0,3.0,Hamburger SV,44.0,,,,,,https://www.sofascore.com/hamburger-sv-1-fc-union-berlin/XabsBdb,Ended,1. FC Union Berlin,for,2.13,2.06,3.0,5.0,2.0,2.0,1.0,3.0,3.0,6.0,7.0,12.0,336.0,442.0,240.0,345.0,13.0,13.0,11.0,7.0,3.0,2.0,0.0,3.0,0.0,0.0,1.0,3.0,2.0,4.0,5.0,5.0,10.0,11.0,2.0,2.0,1.0,2.0,27.0,32.0,23.0,19.0,9.0,5.0,51.0,49.0,7.0,8.0,29.0,30.0,28.0,24.0,4.0,10.0,15.0,12.0,34.0,32.0,1.0,2.0,1.0,0.0,9.0,5.0,71.4,78.1,0.177,0.158,0.417,0.308,-0.13,0.94,25.0,60.0
2026-02-14,14:30,77333,Bundesliga 25/26,25/26,Bundesliga,Matchweek 22,Sat,Home,W,3.0,1.0,1. FC Köln,57.0,,,,,,https://www.sofascore.com/vfb-stuttgart-1-fc-koln/wdbsCdb,Ended,VfB Stuttgart,for,2.25,1.58,4.0,2.0,3.0,1.0,1.0,1.0,2.0,5.0,10.0,10.0,475.0,337.0,403.0,259.0,22.0,11.0,10.0,10.0,1.0,2.0,4.0,1.0,0.0,0.0,2.0,1.0,4.0,2.0,5.0,5.0,8.0,9.0,5.0,1.0,0.0,1.0,28.0,24.0,22.0,20.0,3.0,7.0,57.0,43.0,7.0,12.0,38.0,23.0,18.0,20.0,6.0,2.0,2.0,10.0,39.0,27.0,1.0,0.0,1.0,1.0,10.0,5.0,84.8,76.9,0.173,0.158,0.308,0.3,0.75,-0.58,66.7,25.0
2026-02-14,14:30,77333,Bundesliga 25/26,25/26,Bundesliga,Matchweek 22,Sat,Away,L,1.0,3.0,VfB Stuttgart,43.0,,,,,,https://www.sofascore.com/vfb-stuttgart-1-fc-koln/wdbsCdb,Ended,1. FC Köln,for,1.58,2.25,2.0,4.0,1.0,3.0,1.0,1.0,5.0,2.0,10.0,10.0,337.0,475.0,259.0,403.0,11.0,22.0,10.0,10.0,2.0,1.0,1.0,4.0,0.0,0.0,1.0,2.0,2.0,4.0,5.0,5.0,9.0,8.0,1.0,5.0,1.0,0.0,24.0,28.0,20.0,22.0,7.0,3.0,43.0,57.0,12.0,7.0,23.0,38.0,20.0,18.0,2.0,6.0,10.0,2.0,27.0,39.0,0.0,1.0,1.0,1.0,5.0,10.0,76.9,84.8,0.158,0.173,0.3,0.308,-0.58,0.75,25.0,66.7
2026-02-15,11:30,77333,Bundesliga 25/26,25/26,Bundesliga,Matchweek 22,Sun,Home,W,1.0,0.0,1. FC Heidenheim,49.0,,,,,,https://www.sofascore.com/1-fc-heidenheim-fc-augsburg/acbsKrc,Ended,FC Augsburg,for,1.94,1.09,2.0,0.0,1.0,0.0,1.0,0.0,4.0,5.0,9.0,9.0,459.0,470.0,359.0,385.0,14.0,12.0,8.0,9.0,0.0,0.0,1.0,2.0,0.0,0.0,2.0,3.0,2.0,8.0,6.0,6.0,7.0,6.0,5.0,10.0,0.0,0.0,27.0,24.0,18.0,29.0,3.0,1.0,50.0,50.0,5.0,4.0,31.0,25.0,17.0,23.0,8.0,6.0,5.0,15.0,27.0,33.0,2.0,2.0,1.0,0.0,11.0,8.0,78.2,81.9,0.162,0.068,0.333,0.125,-0.94,-1.09,100.0,75.0
2026-02-15,11:30,77333,Bundesliga 25/26,25/26,Bundesliga,Matchweek 22,Sun,Away,L,0.0,1.0,FC Augsburg,51.0,,,,,,https://www.sofascore.com/1-fc-heidenheim-fc-augsburg/acbsKrc,Ended,1. FC Heidenheim,for,1.09,1.94,0.0,2.0,0.0,1.0,0.0,1.0,5.0,4.0,9.0,9.0,470.0,459.0,385.0,359.0,12.0,14.0,9.0,8.0,0.0,0.0,2.0,1.0,0.0,0.0,3.0,2.0,8.0,2.0,6.0,6.0,6.0,7.0,10.0,5.0,0.0,0.0,24.0,27.0,29.0,18.0,1.0,3.0,50.0,50.0,4.0,5.0,25.0,31.0,23.0,17.0,6.0,8.0,15.0,5.0,33.0,27.0,2.0,2.0,0.0,1.0,8.0,11.0,81.9,78.2,0.068,0.162,0.125,0.333,-1.09,-0.94,75.0,100.0
2026-02-15,13:30,77333,Bundesliga 25/26,25/26,Bundesliga,Matchweek 22,Sun,Home,D,2.0,2.0,VfL Wolfsburg,68.0,,,,,,https://www.sofascore.com/rb-leipzig-vfl-wolfsburg/zabskCo,Ended,RB Leipzig,for,2.94,0.62,5.0,1.0,1.0,1.0,4.0,0.0,6.0,2.0,6.0,10.0,692.0,328.0,605.0,254.0,10.0,20.0,10.0,6.0,0.0,0.0,1.0,2.0,0.0,0.0,1.0,8.0,4.0,1.0,6.0,6.0,17.0,3.0,3.0,7.0,1.0,1.0,63.0,12.0,31.0,15.0,12.0,0.0,59.0,41.0,13.0,5.0,41.0,28.0,11.0,8.0,22.0,2.0,7.0,9.0,12.0,53.0,0.0,1.0,0.0,0.0,6.0,6.0,87.4,77.4,0.147,0.062,0.5,0.3,-0.94,1.38,33.3,80.0
2026-02-15,13:30,77333,Bundesliga 25/26,25/26,Bundesliga,Matchweek 22,Sun,Away,D,2.0,2.0,RB Leipzig,32.0,,,,,,https://www.sofascore.com/rb-leipzig-vfl-wolfsburg/zabskCo,Ended,VfL Wolfsburg,for,0.62,2.94,1.0,5.0,1.0,1.0,0.0,4.0,2.0,6.0,10.0,6.0,328.0,692.0,254.0,605.0,20.0,10.0,6.0,10.0,0.0,0.0,2.0,1.0,0.0,0.0,8.0,1.0,1.0,4.0,6.0,6.0,3.0,17.0,7.0,3.0,1.0,1.0,12.0,63.0,15.0,31.0,0.0,12.0,41.0,59.0,5.0,13.0,28.0,41.0,8.0,11.0,2.0,22.0,9.0,7.0,53.0,12.0,1.0,0.0,0.0,0.0,6.0,6.0,77.4,87.4,0.062,0.147,0.3,0.5,1.38,-0.94,80.0,33.3
2026-02-20,16:30,77333,Bundesliga 25/26,25/26,Bundesliga,Matchweek 23,Fri,Home,D,1.0,1.0,Hamburger SV,45.0,,,,,,https://www.sofascore.com/hamburger-sv-1-fsv-mainz-05/gbbsBdb,Ended,1. FSV Mainz 05,for,1.53,0.7,1.0,1.0,0.0,0.0,1.0,1.0,7.0,2.0,16.0,13.0,315.0,406.0,232.0,337.0,19.0,12.0,13.0,16.0,2.0,1.0,3.0,2.0,0.0,0.0,4.0,2.0,5.0,2.0,9.0,7.0,14.0,5.0,3.0,9.0,0.0,0.0,36.0,11.0,24.0,25.0,9.0,2.0,51.0,49.0,4.0,11.0,39.0,35.0,19.0,20.0,8.0,8.0,6.0,7.0,20.0,42.0,0.0,0.0,0.0,0.0,10.0,8.0,73.7,83.0,0.09,0.05,0.176,0.357,-0.53,0.3,80.0,66.7
2026-02-20,16:30,77333,Bundesliga 25/26,25/26,Bundesliga,Matchweek 23,Fri,Away,D,1.0,1.0,1. FSV Mainz 05,55.0,,,,,,https://www.sofascore.com/hamburger-sv-1-fsv-mainz-05/gbbsBdb,Ended,Hamburger SV,for,0.7,1.53,1.0,1.0,0.0,0.0,1.0,1.0,2.0,7.0,13.0,16.0,406.0,315.0,337.0,232.0,12.0,19.0,16.0,13.0,1.0,2.0,2.0,3.0,0.0,0.0,2.0,4.0,2.0,5.0,7.0,9.0,5.0,14.0,9.0,3.0,0.0,0.0,11.0,36.0,25.0,24.0,2.0,9.0,49.0,51.0,11.0,4.0,35.0,39.0,20.0,19.0,8.0,8.0,7.0,6.0,42.0,20.0,0.0,0.0,0.0,0.0,8.0,10.0,83.0,73.7,0.05,0.09,0.357,0.176,0.3,-0.53,66.7,80.0
2026-02-21,11:30,77333,Bundesliga 25/26,25/26,Bundesliga,Matchweek 23,Sat,Home,W,3.0,2.0,Eintracht Frankfurt,51.0,,,,,,https://www.sofascore.com/eintracht-frankfurt-fc-bayern-munchen/xdbszdb,Ended,FC Bayern München,for,2.79,2.35,3.0,4.0,1.0,2.0,2.0,2.0,8.0,2.0,9.0,10.0,510.0,499.0,465.0,438.0,15.0,11.0,10.0,8.0,1.0,0.0,0.0,3.0,0.0,0.0,1.0,8.0,6.0,1.0,7.0,5.0,13.0,7.0,11.0,2.0,2.0,0.0,39.0,12.0,19.0,12.0,4.0,3.0,61.0,39.0,5.0,4.0,39.0,28.0,9.0,3.0,15.0,8.0,7.0,6.0,8.0,23.0,1.0,2.0,0.0,0.0,5.0,8.0,91.2,87.8,0.116,0.261,0.458,0.333,0.21,-0.35,33.3,72.7
2026-02-21,11:30,77333,Bundesliga 25/26,25/26,Bundesliga,Matchweek 23,Sat,Away,L,2.0,3.0,FC Bayern München,49.0,,,,,,https://www.sofascore.com/eintracht-frankfurt-fc-bayern-munchen/xdbszdb,Ended,Eintracht Frankfurt,for,2.35,2.79,4.0,3.0,2.0,1.0,2.0,2.0,2.0,8.0,10.0,9.0,499.0,510.0,438.0,465.0,11.0,15.0,8.0,10.0,0.0,1.0,3.0,0.0,0.0,0.0,8.0,1.0,1.0,6.0,5.0,7.0,7.0,13.0,2.0,11.0,0.0,2.0,12.0,39.0,12.0,19.0,3.0,4.0,39.0,61.0,4.0,5.0,28.0,39.0,3.0,9.0,8.0,15.0,6.0,7.0,23.0,8.0,2.0,1.0,0.0,0.0,8.0,5.0,87.8,91.2,0.261,0.116,0.333,0.458,-0.35,0.21,72.7,33.3
2026-02-21,11:30,77333,Bundesliga 25/26,25/26,Bundesliga,Matchweek 23,Sat,Home,W,1.0,0.0,Bayer 04 Leverkusen,35.0,,,,,,https://www.sofascore.com/bayer-04-leverkusen-1-fc-union-berlin/XabsGdb,Ended,1. FC Union Berlin,for,0.55,0.94,1.0,3.0,1.0,0.0,0.0,3.0,4.0,5.0,15.0,7.0,303.0,549.0,210.0,471.0,14.0,10.0,7.0,15.0,1.0,1.0,5.0,2.0,0.0,0.0,3.0,3.0,3.0,5.0,1.0,10.0,7.0,6.0,1.0,10.0,0.0,0.0,21.0,27.0,28.0,21.0,3.0,9.0,53.0,47.0,7.0,8.0,29.0,30.0,23.0,17.0,8.0,5.0,8.0,6.0,51.0,30.0,0.0,0.0,3.0,0.0,11.0,1.0,69.3,85.8,0.069,0.059,0.5,0.062,0.45,-0.94,300.0,75.0
2026-02-21,11:30,77333,Bundesliga 25/26,25/26,Bundesliga,Matchweek 23,Sat,Away,L,0.0,1.0,1. FC Union Berlin,65.0,,,,,,https://www.sofascore.com/bayer-04-leverkusen-1-fc-union-berlin/XabsGdb,Ended,Bayer 04 Leverkusen,for,0.94,0.55,3.0,1.0,0.0,1.0,3.0,0.0,5.0,4.0,7.0,15.0,549.0,303.0,471.0,210.0,10.0,14.0,15.0,7.0,1.0,1.0,2.0,5.0,0.0,0.0,3.0,3.0,5.0,3.0,10.0,1.0,6.0,7.0,10.0,1.0,0.0,0.0,27.0,21.0,21.0,28.0,9.0,3.0,47.0,53.0,8.0,7.0,30.0,29.0,17.0,23.0,5.0,8.0,6.0,8.0,30.0,51.0,0.0,0.0,0.0,3.0,1.0,11.0,85.8,69.3,0.059,0.069,0.062,0.5,-0.94,0.45,75.0,300.0
2026-02-21,11:30,77333,Bundesliga 25/26,25/26,Bundesliga,Matchweek 23,Sat,Home,D,2.0,2.0,TSG Hoffenheim,36.0,,,,,,https://www.sofascore.com/1-fc-koln-tsg-hoffenheim/ubbswdb,Ended,1. FC Köln,for,1.09,1.7,2.0,2.0,1.0,2.0,1.0,0.0,3.0,10.0,6.0,12.0,270.0,484.0,189.0,390.0,18.0,13.0,12.0,6.0,4.0,0.0,1.0,3.0,0.0,0.0,4.0,2.0,3.0,3.0,2.0,9.0,8.0,15.0,1.0,3.0,1.0,2.0,17.0,33.0,17.0,22.0,4.0,10.0,50.0,50.0,8.0,14.0,35.0,22.0,17.0,29.0,7.0,4.0,10.0,5.0,39.0,34.0,0.0,0.0,4.0,0.0,11.0,2.0,70.0,80.6,0.121,0.094,0.444,0.333,0.91,0.3,66.7,50.0
2026-02-21,11:30,77333,Bundesliga 25/26,25/26,Bundesliga,Matchweek 23,Sat,Away,D,2.0,2.0,1. FC Köln,64.0,,,,,,https://www.sofascore.com/1-fc-koln-tsg-hoffenheim/ubbswdb,Ended,TSG Hoffenheim,for,1.7,1.09,2.0,2.0,2.0,1.0,0.0,1.0,10.0,3.0,12.0,6.0,484.0,270.0,390.0,189.0,13.0,18.0,6.0,12.0,0.0,4.0,3.0,1.0,0.0,0.0,2.0,4.0,3.0,3.0,9.0,2.0,15.0,8.0,3.0,1.0,2.0,1.0,33.0,17.0,22.0,17.0,10.0,4.0,50.0,50.0,14.0,8.0,22.0,35.0,29.0,17.0,4.0,7.0,5.0,10.0,34.0,39.0,0.0,0.0,0.0,4.0,2.0,11.0,80.6,70.0,0.094,0.121,0.333,0.444,0.3,0.91,50.0,66.7
2026-02-21,11:30,77333,Bundesliga 25/26,25/26,Bundesliga,Matchweek 23,Sat,Home,L,2.0,3.0,FC Augsburg,50.0,,,,,,https://www.sofascore.com/fc-augsburg-vfl-wolfsburg/zabsacb,Ended,VfL Wolfsburg,for,1.6,1.79,4.0,2.0,2.0,2.0,2.0,0.0,4.0,10.0,10.0,16.0,455.0,448.0,393.0,374.0,12.0,15.0,16.0,9.0,1.0,1.0,3.0,4.0,0.0,0.0,3.0,2.0,0.0,5.0,6.0,4.0,6.0,10.0,4.0,5.0,0.0,0.0,18.0,26.0,15.0,36.0,5.0,7.0,52.0,48.0,6.0,4.0,34.0,32.0,20.0,17.0,6.0,9.0,6.0,3.0,30.0,15.0,0.0,1.0,2.0,1.0,7.0,8.0,86.4,83.5,0.16,0.119,0.4,0.4,0.4,1.21,50.0,50.0
2026-02-21,11:30,77333,Bundesliga 25/26,25/26,Bundesliga,Matchweek 23,Sat,Away,W,3.0,2.0,VfL Wolfsburg,50.0,,,,,,https://www.sofascore.com/fc-augsburg-vfl-wolfsburg/zabsacb,Ended,FC Augsburg,for,1.79,1.6,2.0,4.0,2.0,2.0,0.0,2.0,10.0,4.0,16.0,10.0,448.0,455.0,374.0,393.0,15.0,12.0,9.0,16.0,1.0,1.0,4.0,3.0,0.0,0.0,2.0,3.0,5.0,0.0,4.0,6.0,10.0,6.0,5.0,4.0,0.0,0.0,26.0,18.0,36.0,15.0,7.0,5.0,48.0,52.0,4.0,6.0,32.0,34.0,17.0,20.0,9.0,6.0,3.0,6.0,15.0,30.0,1.0,0.0,1.0,2.0,8.0,7.0,83.5,86.4,0.119,0.16,0.4,0.4,1.21,0.4,50.0,50.0
2026-02-21,14:30,77333,Bundesliga 25/26,25/26,Bundesliga,Matchweek 23,Sat,Home,D,2.0,2.0,Borussia Dortmund,55.0,,,,,,https://www.sofascore.com/rb-leipzig-borussia-dortmund/ydbskCo,Ended,RB Leipzig,for,1.9,1.61,5.0,3.0,2.0,1.0,3.0,2.0,6.0,2.0,11.0,17.0,450.0,366.0,374.0,279.0,11.0,13.0,17.0,11.0,0.0,4.0,3.0,4.0,0.0,0.0,4.0,1.0,4.0,4.0,6.0,2.0,12.0,10.0,1.0,1.0,1.0,1.0,39.0,25.0,23.0,25.0,7.0,5.0,51.0,49.0,9.0,6.0,34.0,26.0,20.0,25.0,7.0,4.0,12.0,2.0,34.0,33.0,0.0,0.0,2.0,1.0,3.0,7.0,83.1,76.2,0.146,0.146,0.231,0.455,0.1,0.39,80.0,33.3
2026-02-21,14:30,77333,Bundesliga 25/26,25/26,Bundesliga,Matchweek 23,Sat,Away,D,2.0,2.0,RB Leipzig,45.0,,,,,,https://www.sofascore.com/rb-leipzig-borussia-dortmund/ydbskCo,Ended,Borussia Dortmund,for,1.61,1.9,3.0,5.0,1.0,2.0,2.0,3.0,2.0,6.0,17.0,11.0,366.0,450.0,279.0,374.0,13.0,11.0,11.0,17.0,4.0,0.0,4.0,3.0,0.0,0.0,1.0,4.0,4.0,4.0,2.0,6.0,10.0,12.0,1.0,1.0,1.0,1.0,25.0,39.0,25.0,23.0,5.0,7.0,49.0,51.0,6.0,9.0,26.0,34.0,25.0,20.0,4.0,7.0,2.0,12.0,33.0,34.0,0.0,0.0,1.0,2.0,7.0,3.0,76.2,83.1,0.146,0.146,0.455,0.231,0.39,0.1,33.3,80.0
2026-02-22,11:30,77333,Bundesliga 25/26,25/26,Bundesliga,Matchweek 23,Sun,Home,W,2.0,1.0,Borussia M'gladbach,37.0,,,,,,https://www.sofascore.com/sc-freiburg-borussia-mgladbach/CabsNab,Ended,SC Freiburg,for,1.73,0.72,2.0,2.0,1.0,0.0,1.0,2.0,3.0,3.0,9.0,8.0,310.0,518.0,225.0,435.0,13.0,14.0,8.0,9.0,4.0,3.0,1.0,2.0,0.0,0.0,1.0,4.0,3.0,5.0,1.0,5.0,6.0,6.0,4.0,6.0,2.0,1.0,16.0,17.0,17.0,34.0,0.0,7.0,42.0,58.0,7.0,11.0,24.0,26.0,14.0,26.0,3.0,3.0,8.0,5.0,17.0,33.0,0.0,0.0,3.0,2.0,12.0,4.0,72.6,84.0,0.173,0.06,0.6,0.167,0.27,0.28,50.0,66.7
2026-02-22,11:30,77333,Bundesliga 25/26,25/26,Bundesliga,Matchweek 23,Sun,Away,L,1.0,2.0,SC Freiburg,63.0,,,,,,https://www.sofascore.com/sc-freiburg-borussia-mgladbach/CabsNab,Ended,Borussia M'gladbach,for,0.72,1.73,2.0,2.0,0.0,1.0,2.0,1.0,3.0,3.0,8.0,9.0,518.0,310.0,435.0,225.0,14.0,13.0,9.0,8.0,3.0,4.0,2.0,1.0,0.0,0.0,4.0,1.0,5.0,3.0,5.0,1.0,6.0,6.0,6.0,4.0,1.0,2.0,17.0,16.0,34.0,17.0,7.0,0.0,58.0,42.0,11.0,7.0,26.0,24.0,26.0,14.0,3.0,3.0,5.0,8.0,33.0,17.0,0.0,0.0,2.0,3.0,4.0,12.0,84.0,72.6,0.06,0.173,0.167,0.6,0.28,0.27,66.7,50.0
2026-02-22,13:30,77333,Bundesliga 25/26,25/26,Bundesliga,Matchweek 23,Sun,Home,W,2.0,1.0,SV Werder Bremen,42.0,,,,,,https://www.sofascore.com/sv-werder-bremen-fc-st-pauli/BabsJab,Ended,FC St. Pauli,for,0.2,1.55,0.0,4.0,0.0,1.0,0.0,3.0,1.0,5.0,6.0,10.0,408.0,562.0,312.0,460.0,15.0,15.0,10.0,6.0,5.0,1.0,2.0,5.0,0.0,0.0,3.0,2.0,0.0,4.0,0.0,5.0,4.0,11.0,0.0,2.0,0.0,1.0,10.0,26.0,13.0,28.0,3.0,4.0,58.0,42.0,10.0,8.0,32.0,24.0,16.0,11.0,7.0,3.0,13.0,11.0,41.0,25.0,2.0,0.0,1.0,0.0,5.0,4.0,76.5,81.9,0.05,0.119,1.0,0.308,1.8,-0.55,75.0,50.0
2026-02-22,13:30,77333,Bundesliga 25/26,25/26,Bundesliga,Matchweek 23,Sun,Away,L,1.0,2.0,FC St. Pauli,58.0,,,,,,https://www.sofascore.com/sv-werder-bremen-fc-st-pauli/BabsJab,Ended,SV Werder Bremen,for,1.55,0.2,4.0,0.0,1.0,0.0,3.0,0.0,5.0,1.0,10.0,6.0,562.0,408.0,460.0,312.0,15.0,15.0,6.0,10.0,1.0,5.0,5.0,2.0,0.0,0.0,2.0,3.0,4.0,0.0,5.0,0.0,11.0,4.0,2.0,0.0,1.0,0.0,26.0,10.0,28.0,13.0,4.0,3.0,42.0,58.0,8.0,10.0,24.0,32.0,11.0,16.0,3.0,7.0,11.0,13.0,25.0,41.0,0.0,2.0,0.0,1.0,4.0,5.0,81.9,76.5,0.119,0.05,0.308,1.0,-0.55,1.8,50.0,75.0
2026-02-22,15:30,77333,Bundesliga 25/26,25/26,Bundesliga,Matchweek 23,Sun,Home,D,3.0,3.0,VfB Stuttgart,34.0,,,,,,https://www.sofascore.com/1-fc-heidenheim-vfb-stuttgart/CdbsKrc,Ended,1. FC Heidenheim,for,2.13,2.23,4.0,3.0,3.0,2.0,1.0,1.0,3.0,4.0,13.0,7.0,308.0,604.0,209.0,496.0,9.0,12.0,6.0,12.0,3.0,2.0,1.0,2.0,0.0,0.0,5.0,3.0,1.0,1.0,3.0,3.0,10.0,8.0,0.0,4.0,0.0,1.0,29.0,37.0,24.0,25.0,2.0,5.0,42.0,58.0,1.0,6.0,20.0,35.0,17.0,17.0,5.0,11.0,11.0,10.0,29.0,17.0,2.0,1.0,1.0,0.0,5.0,7.0,67.9,82.1,0.213,0.186,0.6,0.667,0.87,0.77,62.5,50.0
2026-02-22,15:30,77333,Bundesliga 25/26,25/26,Bundesliga,Matchweek 23,Sun,Away,D,3.0,3.0,1. FC Heidenheim,66.0,,,,,,https://www.sofascore.com/1-fc-heidenheim-vfb-stuttgart/CdbsKrc,Ended,VfB Stuttgart,for,2.23,2.13,3.0,4.0,2.0,3.0,1.0,1.0,4.0,3.0,7.0,13.0,604.0,308.0,496.0,209.0,12.0,9.0,12.0,6.0,2.0,3.0,2.0,1.0,0.0,0.0,3.0,5.0,1.0,1.0,3.0,3.0,8.0,10.0,4.0,0.0,1.0,0.0,37.0,29.0,25.0,24.0,5.0,2.0,58.0,42.0,6.0,1.0,35.0,20.0,17.0,17.0,11.0,5.0,10.0,11.0,17.0,29.0,1.0,2.0,0.0,1.0,7.0,5.0,82.1,67.9,0.186,0.213,0.667,0.6,0.77,0.87,50.0,62.5
2026-02-27,16:30,77333,Bundesliga 25/26,25/26,Bundesliga,Matchweek 24,Fri,Home,W,2.0,0.0,1. FC Köln,46.0,,,,,,https://www.sofascore.com/1-fc-koln-fc-augsburg/acbswdb,Ended,FC Augsburg,for,1.47,0.49,2.0,0.0,2.0,0.0,0.0,0.0,6.0,9.0,15.0,4.0,385.0,443.0,303.0,362.0,19.0,17.0,4.0,15.0,3.0,0.0,4.0,1.0,0.0,0.0,3.0,2.0,4.0,3.0,6.0,4.0,8.0,9.0,6.0,1.0,1.0,0.0,23.0,24.0,17.0,17.0,3.0,7.0,42.0,58.0,10.0,9.0,26.0,37.0,13.0,16.0,4.0,5.0,9.0,7.0,33.0,31.0,0.0,0.0,0.0,0.0,8.0,7.0,78.7,81.7,0.105,0.049,0.286,0.3,0.53,-0.49,100.0,50.0
2026-02-27,16:30,77333,Bundesliga 25/26,25/26,Bundesliga,Matchweek 24,Fri,Away,L,0.0,2.0,FC Augsburg,54.0,,,,,,https://www.sofascore.com/1-fc-koln-fc-augsburg/acbswdb,Ended,1. FC Köln,for,0.49,1.47,0.0,2.0,0.0,2.0,0.0,0.0,9.0,6.0,4.0,15.0,443.0,385.0,362.0,303.0,17.0,19.0,15.0,4.0,0.0,3.0,1.0,4.0,0.0,0.0,2.0,3.0,3.0,4.0,4.0,6.0,9.0,8.0,1.0,6.0,0.0,1.0,24.0,23.0,17.0,17.0,7.0,3.0,58.0,42.0,9.0,10.0,37.0,26.0,16.0,13.0,5.0,4.0,7.0,9.0,31.0,33.0,0.0,0.0,0.0,0.0,7.0,8.0,81.7,78.7,0.049,0.105,0.3,0.286,-0.49,0.53,50.0,100.0
2026-02-28,11:30,77333,Bundesliga 25/26,25/26,Bundesliga,Matchweek 24,Sat,Home,D,1.0,1.0,1. FSV Mainz 05,66.0,,,,,,https://www.sofascore.com/bayer-04-leverkusen-1-fsv-mainz-05/gbbsGdb,Ended,Bayer 04 Leverkusen,for,1.28,0.74,2.0,2.0,1.0,1.0,1.0,1.0,6.0,2.0,9.0,13.0,738.0,371.0,641.0,284.0,10.0,19.0,13.0,9.0,2.0,0.0,1.0,2.0,0.0,0.0,3.0,4.0,4.0,1.0,3.0,3.0,9.0,6.0,3.0,2.0,0.0,0.0,24.0,28.0,19.0,23.0,3.0,4.0,56.0,44.0,8.0,5.0,31.0,29.0,22.0,12.0,8.0,1.0,7.0,19.0,25.0,18.0,1.0,0.0,0.0,1.0,9.0,9.0,86.9,76.5,0.107,0.092,0.417,0.5,-0.28,0.26,75.0,80.0
2026-02-28,11:30,77333,Bundesliga 25/26,25/26,Bundesliga,Matchweek 24,Sat,Away,D,1.0,1.0,Bayer 04 Leverkusen,34.0,,,,,,https://www.sofascore.com/bayer-04-leverkusen-1-fsv-mainz-05/gbbsGdb,Ended,1. FSV Mainz 05,for,0.74,1.28,2.0,2.0,1.0,1.0,1.0,1.0,2.0,6.0,13.0,9.0,371.0,738.0,284.0,641.0,19.0,10.0,9.0,13.0,0.0,2.0,2.0,1.0,0.0,0.0,4.0,3.0,1.0,4.0,3.0,3.0,6.0,9.0,2.0,3.0,0.0,0.0,28.0,24.0,23.0,19.0,4.0,3.0,44.0,56.0,5.0,8.0,29.0,31.0,12.0,22.0,1.0,8.0,19.0,7.0,18.0,25.0,0.0,1.0,1.0,0.0,9.0,9.0,76.5,86.9,0.092,0.107,0.5,0.417,0.26,-0.28,80.0,75.0
2026-02-28,11:30,77333,Bundesliga 25/26,25/26,Bundesliga,Matchweek 24,Sat,Home,W,1.0,0.0,1. FC Union Berlin,60.0,,,,,,https://www.sofascore.com/1-fc-union-berlin-borussia-mgladbach/CabsXab,Ended,Borussia M'gladbach,for,3.02,0.14,3.0,0.0,1.0,0.0,2.0,0.0,6.0,2.0,5.0,18.0,478.0,337.0,401.0,239.0,13.0,11.0,17.0,5.0,1.0,2.0,4.0,5.0,0.0,0.0,2.0,6.0,4.0,4.0,10.0,0.0,16.0,1.0,5.0,5.0,1.0,0.0,37.0,13.0,21.0,23.0,9.0,2.0,60.0,40.0,7.0,8.0,35.0,18.0,18.0,17.0,5.0,3.0,11.0,6.0,32.0,36.0,0.0,1.0,0.0,2.0,3.0,10.0,83.9,70.9,0.144,0.023,0.333,0.333,-2.02,-0.14,100.0,85.7
2026-02-28,11:30,77333,Bundesliga 25/26,25/26,Bundesliga,Matchweek 24,Sat,Away,L,0.0,1.0,Borussia M'gladbach,40.0,,,,,,https://www.sofascore.com/1-fc-union-berlin-borussia-mgladbach/CabsXab,Ended,1. FC Union Berlin,for,0.14,3.02,0.0,3.0,0.0,1.0,0.0,2.0,2.0,6.0,18.0,5.0,337.0,478.0,239.0,401.0,11.0,13.0,5.0,17.0,2.0,1.0,5.0,4.0,0.0,0.0,6.0,2.0,4.0,4.0,0.0,10.0,1.0,16.0,5.0,5.0,0.0,1.0,13.0,37.0,23.0,21.0,2.0,9.0,40.0,60.0,8.0,7.0,18.0,35.0,17.0,18.0,3.0,5.0,6.0,11.0,36.0,32.0,1.0,0.0,2.0,0.0,10.0,3.0,70.9,83.9,0.023,0.144,0.333,0.333,-0.14,-2.02,85.7,100.0
2026-02-28,11:30,77333,Bundesliga 25/26,25/26,Bundesliga,Matchweek 24,Sat,Home,L,0.0,1.0,FC St. Pauli,65.0,,,,,,https://www.sofascore.com/tsg-hoffenheim-fc-st-pauli/Babsubb,Ended,TSG Hoffenheim,for,2.8,0.78,5.0,1.0,0.0,1.0,5.0,0.0,10.0,3.0,13.0,7.0,567.0,305.0,455.0,208.0,12.0,14.0,7.0,13.0,4.0,1.0,1.0,2.0,0.0,0.0,2.0,11.0,1.0,3.0,8.0,5.0,15.0,8.0,5.0,3.0,2.0,0.0,41.0,17.0,31.0,19.0,12.0,4.0,51.0,49.0,9.0,5.0,22.0,31.0,33.0,22.0,5.0,6.0,8.0,11.0,34.0,50.0,0.0,1.0,0.0,3.0,5.0,12.0,80.2,68.2,0.14,0.071,0.55,0.273,-2.8,0.22,66.7,100.0
2026-02-28,11:30,77333,Bundesliga 25/26,25/26,Bundesliga,Matchweek 24,Sat,Away,W,1.0,0.0,TSG Hoffenheim,35.0,,,,,,https://www.sofascore.com/tsg-hoffenheim-fc-st-pauli/Babsubb,Ended,FC St. Pauli,for,0.78,2.8,1.0,5.0,1.0,0.0,0.0,5.0,3.0,10.0,7.0,13.0,305.0,567.0,208.0,455.0,14.0,12.0,13.0,7.0,1.0,4.0,2.0,1.0,0.0,0.0,11.0,2.0,3.0,1.0,5.0,8.0,8.0,15.0,3.0,5.0,0.0,2.0,17.0,41.0,19.0,31.0,4.0,12.0,49.0,51.0,5.0,9.0,31.0,22.0,22.0,33.0,6.0,5.0,11.0,8.0,50.0,34.0,1.0,0.0,3.0,0.0,12.0,5.0,68.2,80.2,0.071,0.14,0.273,0.55,0.22,-2.8,100.0,66.7
2026-02-28,11:30,77333,Bundesliga 25/26,25/26,Bundesliga,Matchweek 24,Sat,Home,W,2.0,0.0,1. FC Heidenheim,49.0,,,,,,https://www.sofascore.com/1-fc-heidenheim-sv-werder-bremen/JabsKrc,Ended,SV Werder Bremen,for,2.7,1.36,8.0,4.0,1.0,0.0,7.0,4.0,3.0,2.0,14.0,9.0,415.0,424.0,314.0,336.0,15.0,17.0,9.0,14.0,2.0,0.0,1.0,0.0,0.0,0.0,0.0,4.0,4.0,0.0,7.0,9.0,11.0,8.0,6.0,1.0,0.0,2.0,30.0,15.0,22.0,25.0,4.0,7.0,43.0,57.0,7.0,11.0,31.0,33.0,10.0,22.0,8.0,2.0,3.0,13.0,24.0,30.0,0.0,2.0,1.0,0.0,12.0,10.0,75.7,79.2,0.159,0.151,0.353,0.0,-0.7,-1.36,,66.7
2026-02-28,11:30,77333,Bundesliga 25/26,25/26,Bundesliga,Matchweek 24,Sat,Away,L,0.0,2.0,SV Werder Bremen,51.0,,,,,,https://www.sofascore.com/1-fc-heidenheim-sv-werder-bremen/JabsKrc,Ended,1. FC Heidenheim,for,1.36,2.7,4.0,8.0,0.0,1.0,4.0,7.0,2.0,3.0,9.0,14.0,424.0,415.0,336.0,314.0,17.0,15.0,14.0,9.0,0.0,2.0,0.0,1.0,0.0,0.0,4.0,0.0,0.0,4.0,9.0,7.0,8.0,11.0,1.0,6.0,2.0,0.0,15.0,30.0,25.0,22.0,7.0,4.0,57.0,43.0,11.0,7.0,33.0,31.0,22.0,10.0,2.0,8.0,13.0,3.0,30.0,24.0,2.0,0.0,0.0,1.0,10.0,12.0,79.2,75.7,0.151,0.159,0.0,0.353,-1.36,-0.7,66.7,
2026-02-28,14:30,77333,Bundesliga 25/26,25/26,Bundesliga,Matchweek 24,Sat,Home,L,2.0,3.0,FC Bayern München,33.0,,,,,,https://www.sofascore.com/borussia-dortmund-fc-bayern-munchen/xdbsydb,Ended,Borussia Dortmund,for,1.05,2.06,5.0,2.0,2.0,2.0,3.0,1.0,5.0,2.0,15.0,10.0,288.0,589.0,206.0,512.0,21.0,17.0,10.0,14.0,3.0,1.0,1.0,0.0,0.0,0.0,3.0,0.0,5.0,4.0,3.0,4.0,8.0,9.0,2.0,5.0,0.0,1.0,28.0,28.0,30.0,39.0,5.0,2.0,45.0,55.0,8.0,12.0,36.0,42.0,11.0,16.0,6.0,10.0,15.0,14.0,33.0,21.0,1.0,1.0,0.0,0.0,8.0,9.0,71.5,86.9,0.105,0.147,0.2,0.429,0.95,0.94,50.0,0.0
2026-02-28,14:30,77333,Bundesliga 25/26,25/26,Bundesliga,Matchweek 24,Sat,Away,W,3.0,2.0,Borussia Dortmund,67.0,,,,,,https://www.sofascore.com/borussia-dortmund-fc-bayern-munchen/xdbsydb,Ended,FC Bayern München,for,2.06,1.05,2.0,5.0,2.0,2.0,1.0,3.0,2.0,5.0,10.0,15.0,589.0,288.0,512.0,206.0,17.0,21.0,14.0,10.0,1.0,3.0,0.0,1.0,0.0,0.0,0.0,3.0,4.0,5.0,4.0,3.0,9.0,8.0,5.0,2.0,1.0,0.0,28.0,28.0,39.0,30.0,2.0,5.0,55.0,45.0,12.0,8.0,42.0,36.0,16.0,11.0,10.0,6.0,14.0,15.0,21.0,33.0,1.0,1.0,0.0,0.0,9.0,8.0,86.9,71.5,0.147,0.105,0.429,0.2,0.94,0.95,0.0,50.0
2026-03-01,11:30,77333,Bundesliga 25/26,25/26,Bundesliga,Matchweek 24,Sun,Home,W,4.0,0.0,VfL Wolfsburg,63.0,,,,,,https://www.sofascore.com/vfb-stuttgart-vfl-wolfsburg/zabsCdb,Ended,VfB Stuttgart,for,3.28,0.78,5.0,1.0,2.0,0.0,3.0,1.0,7.0,3.0,5.0,17.0,632.0,378.0,548.0,292.0,13.0,15.0,17.0,5.0,1.0,1.0,1.0,0.0,0.0,0.0,3.0,7.0,6.0,1.0,7.0,6.0,19.0,5.0,5.0,5.0,1.0,0.0,55.0,15.0,28.0,24.0,8.0,3.0,58.0,42.0,11.0,6.0,36.0,24.0,17.0,14.0,8.0,4.0,3.0,6.0,26.0,39.0,2.0,0.0,0.0,1.0,8.0,9.0,86.7,77.2,0.137,0.078,0.458,0.3,0.72,-0.78,100.0,63.6
2026-03-01,11:30,77333,Bundesliga 25/26,25/26,Bundesliga,Matchweek 24,Sun,Away,L,0.0,4.0,VfB Stuttgart,37.0,,,,,,https://www.sofascore.com/vfb-stuttgart-vfl-wolfsburg/zabsCdb,Ended,VfL Wolfsburg,for,0.78,3.28,1.0,5.0,0.0,2.0,1.0,3.0,3.0,7.0,17.0,5.0,378.0,632.0,292.0,548.0,15.0,13.0,5.0,17.0,1.0,1.0,0.0,1.0,0.0,0.0,7.0,3.0,1.0,6.0,6.0,7.0,5.0,19.0,5.0,5.0,0.0,1.0,15.0,55.0,24.0,28.0,3.0,8.0,42.0,58.0,6.0,11.0,24.0,36.0,14.0,17.0,4.0,8.0,6.0,3.0,39.0,26.0,0.0,2.0,1.0,0.0,9.0,8.0,77.2,86.7,0.078,0.137,0.3,0.458,-0.78,0.72,63.6,100.0
2026-03-01,13:30,77333,Bundesliga 25/26,25/26,Bundesliga,Matchweek 24,Sun,Home,W,2.0,0.0,SC Freiburg,63.0,,,,,,https://www.sofascore.com/eintracht-frankfurt-sc-freiburg/Nabszdb,Ended,Eintracht Frankfurt,for,1.11,0.55,2.0,2.0,0.0,0.0,2.0,2.0,5.0,6.0,9.0,11.0,579.0,322.0,510.0,271.0,17.0,12.0,11.0,9.0,2.0,1.0,1.0,2.0,0.0,0.0,2.0,5.0,6.0,1.0,2.0,1.0,12.0,4.0,3.0,0.0,0.0,0.0,27.0,11.0,29.0,19.0,4.0,2.0,59.0,41.0,4.0,10.0,34.0,24.0,11.0,7.0,6.0,5.0,8.0,13.0,27.0,14.0,0.0,0.0,2.0,1.0,4.0,3.0,88.1,84.2,0.074,0.138,0.467,0.5,0.89,-0.55,100.0,71.4
2026-03-01,13:30,77333,Bundesliga 25/26,25/26,Bundesliga,Matchweek 24,Sun,Away,L,0.0,2.0,Eintracht Frankfurt,37.0,,,,,,https://www.sofascore.com/eintracht-frankfurt-sc-freiburg/Nabszdb,Ended,SC Freiburg,for,0.55,1.11,2.0,2.0,0.0,0.0,2.0,2.0,6.0,5.0,11.0,9.0,322.0,579.0,271.0,510.0,12.0,17.0,9.0,11.0,1.0,2.0,2.0,1.0,0.0,0.0,5.0,2.0,1.0,6.0,1.0,2.0,4.0,12.0,0.0,3.0,0.0,0.0,11.0,27.0,19.0,29.0,2.0,4.0,41.0,59.0,10.0,4.0,24.0,34.0,7.0,11.0,5.0,6.0,13.0,8.0,14.0,27.0,0.0,0.0,1.0,2.0,3.0,4.0,84.2,88.1,0.138,0.074,0.5,0.467,-0.55,0.89,71.4,100.0
2026-03-01,15:30,77333,Bundesliga 25/26,25/26,Bundesliga,Matchweek 24,Sun,Home,L,1.0,2.0,RB Leipzig,42.0,,,,,,https://www.sofascore.com/rb-leipzig-hamburger-sv/BdbskCo,Ended,Hamburger SV,for,0.55,3.09,1.0,5.0,1.0,2.0,0.0,3.0,4.0,9.0,8.0,12.0,362.0,502.0,288.0,433.0,12.0,11.0,12.0,7.0,1.0,0.0,3.0,2.0,0.0,0.0,3.0,2.0,1.0,4.0,3.0,4.0,3.0,10.0,4.0,3.0,1.0,0.0,11.0,44.0,28.0,17.0,2.0,8.0,50.0,50.0,8.0,6.0,25.0,27.0,15.0,13.0,4.0,9.0,4.0,7.0,30.0,31.0,1.0,0.0,1.0,0.0,9.0,6.0,79.6,86.3,0.079,0.238,0.429,0.385,0.45,-1.09,60.0,66.7
2026-03-01,15:30,77333,Bundesliga 25/26,25/26,Bundesliga,Matchweek 24,Sun,Away,W,2.0,1.0,Hamburger SV,58.0,,,,,,https://www.sofascore.com/rb-leipzig-hamburger-sv/BdbskCo,Ended,RB Leipzig,for,3.09,0.55,5.0,1.0,2.0,1.0,3.0,0.0,9.0,4.0,12.0,8.0,502.0,362.0,433.0,288.0,11.0,12.0,7.0,12.0,0.0,1.0,2.0,3.0,0.0,0.0,2.0,3.0,4.0,1.0,4.0,3.0,10.0,3.0,3.0,4.0,0.0,1.0,44.0,11.0,17.0,28.0,8.0,2.0,50.0,50.0,6.0,8.0,27.0,25.0,13.0,15.0,9.0,4.0,7.0,4.0,31.0,30.0,0.0,1.0,0.0,1.0,6.0,9.0,86.3,79.6,0.238,0.079,0.385,0.429,-1.09,0.45,66.7,60.0
2026-03-04,16:30,77333,Bundesliga 25/26,25/26,Bundesliga,Matchweek 17,Wed,Home,L,0.0,1.0,Bayer 04 Leverkusen,37.0,,,,,,https://www.sofascore.com/bayer-04-leverkusen-hamburger-sv/BdbsGdb,Ended,Hamburger SV,for,1.27,1.89,3.0,5.0,0.0,1.0,3.0,4.0,2.0,7.0,12.0,11.0,336.0,569.0,249.0,476.0,23.0,26.0,11.0,12.0,0.0,2.0,0.0,2.0,0.0,0.0,3.0,3.0,3.0,2.0,4.0,8.0,8.0,11.0,2.0,3.0,0.0,1.0,16.0,36.0,25.0,16.0,3.0,9.0,46.0,54.0,14.0,12.0,37.0,42.0,15.0,18.0,5.0,4.0,13.0,9.0,34.0,21.0,1.0,0.0,0.0,1.0,15.0,5.0,74.1,83.7,0.127,0.135,0.3,0.286,-1.27,-0.89,75.0,100.0
2026-03-04,16:30,77333,Bundesliga 25/26,25/26,Bundesliga,Matchweek 17,Wed,Away,W,1.0,0.0,Hamburger SV,63.0,,,,,,https://www.sofascore.com/bayer-04-leverkusen-hamburger-sv/BdbsGdb,Ended,Bayer 04 Leverkusen,for,1.89,1.27,5.0,3.0,1.0,0.0,4.0,3.0,7.0,2.0,11.0,12.0,569.0,336.0,476.0,249.0,26.0,23.0,12.0,11.0,2.0,0.0,2.0,0.0,0.0,0.0,3.0,3.0,2.0,3.0,8.0,4.0,11.0,8.0,3.0,2.0,1.0,0.0,36.0,16.0,16.0,25.0,9.0,3.0,54.0,46.0,12.0,14.0,42.0,37.0,18.0,15.0,4.0,5.0,9.0,13.0,21.0,34.0,0.0,1.0,1.0,0.0,5.0,15.0,83.7,74.1,0.135,0.127,0.286,0.3,-0.89,-1.27,100.0,75.0
2026-03-06,16:30,77333,Bundesliga 25/26,25/26,Bundesliga,Matchweek 25,Fri,Home,W,4.0,1.0,Borussia M'gladbach,70.0,,,,,,https://www.sofascore.com/fc-bayern-munchen-borussia-mgladbach/Cabsxdb,Ended,FC Bayern München,for,3.03,0.96,4.0,2.0,3.0,1.0,1.0,1.0,7.0,1.0,7.0,12.0,769.0,327.0,707.0,256.0,12.0,16.0,11.0,7.0,2.0,3.0,1.0,0.0,0.0,1.0,4.0,5.0,4.0,4.0,5.0,1.0,11.0,7.0,7.0,3.0,3.0,0.0,45.0,11.0,3.0,10.0,1.0,3.0,53.0,47.0,4.0,8.0,31.0,29.0,6.0,4.0,7.0,6.0,12.0,11.0,13.0,26.0,0.0,1.0,0.0,0.0,3.0,8.0,91.9,78.3,0.168,0.096,0.5,0.5,0.97,0.04,80.0,55.6
2026-03-06,16:30,77333,Bundesliga 25/26,25/26,Bundesliga,Matchweek 25,Fri,Away,L,1.0,4.0,FC Bayern München,30.0,,,,,,https://www.sofascore.com/fc-bayern-munchen-borussia-mgladbach/Cabsxdb,Ended,Borussia M'gladbach,for,0.96,3.03,2.0,4.0,1.0,3.0,1.0,1.0,1.0,7.0,12.0,7.0,327.0,769.0,256.0,707.0,16.0,12.0,7.0,11.0,3.0,2.0,0.0,1.0,1.0,0.0,5.0,4.0,4.0,4.0,1.0,5.0,7.0,11.0,3.0,7.0,0.0,3.0,11.0,45.0,10.0,3.0,3.0,1.0,47.0,53.0,8.0,4.0,29.0,31.0,4.0,6.0,6.0,7.0,11.0,12.0,26.0,13.0,1.0,0.0,0.0,0.0,8.0,3.0,78.3,91.9,0.096,0.168,0.5,0.5,0.04,0.97,55.6,80.0
2026-03-07,11:30,77333,Bundesliga 25/26,25/26,Bundesliga,Matchweek 25,Sat,Home,D,3.0,3.0,Bayer 04 Leverkusen,47.0,,,,,,https://www.sofascore.com/bayer-04-leverkusen-sc-freiburg/NabsGdb,Ended,SC Freiburg,for,2.67,2.11,6.0,4.0,3.0,1.0,3.0,3.0,5.0,2.0,7.0,8.0,465.0,532.0,408.0,466.0,16.0,12.0,8.0,7.0,1.0,1.0,3.0,3.0,0.0,0.0,2.0,6.0,5.0,5.0,7.0,7.0,11.0,8.0,10.0,9.0,0.0,0.0,36.0,28.0,12.0,26.0,11.0,6.0,52.0,48.0,6.0,10.0,35.0,25.0,14.0,20.0,11.0,7.0,6.0,10.0,16.0,26.0,1.0,1.0,1.0,1.0,11.0,10.0,87.7,87.6,0.127,0.124,0.429,0.294,0.33,0.89,40.0,66.7
2026-03-07,11:30,77333,Bundesliga 25/26,25/26,Bundesliga,Matchweek 25,Sat,Away,D,3.0,3.0,SC Freiburg,53.0,,,,,,https://www.sofascore.com/bayer-04-leverkusen-sc-freiburg/NabsGdb,Ended,Bayer 04 Leverkusen,for,2.11,2.67,4.0,6.0,1.0,3.0,3.0,3.0,2.0,5.0,8.0,7.0,532.0,465.0,466.0,408.0,12.0,16.0,7.0,8.0,1.0,1.0,3.0,3.0,0.0,0.0,6.0,2.0,5.0,5.0,7.0,7.0,8.0,11.0,9.0,10.0,0.0,0.0,28.0,36.0,26.0,12.0,6.0,11.0,48.0,52.0,10.0,6.0,25.0,35.0,20.0,14.0,7.0,11.0,10.0,6.0,26.0,16.0,1.0,1.0,1.0,1.0,10.0,11.0,87.6,87.7,0.124,0.127,0.294,0.429,0.89,0.33,66.7,40.0
2026-03-07,11:30,77333,Bundesliga 25/26,25/26,Bundesliga,Matchweek 25,Sat,Home,W,2.0,1.0,FC Augsburg,61.0,,,,,,https://www.sofascore.com/rb-leipzig-fc-augsburg/acbskCo,Ended,RB Leipzig,for,2.26,3.24,5.0,6.0,1.0,1.0,4.0,5.0,6.0,8.0,8.0,9.0,552.0,341.0,477.0,264.0,8.0,13.0,9.0,7.0,1.0,4.0,0.0,2.0,0.0,0.0,4.0,7.0,3.0,3.0,6.0,8.0,13.0,13.0,4.0,3.0,1.0,2.0,39.0,27.0,23.0,24.0,6.0,8.0,52.0,48.0,6.0,4.0,29.0,23.0,15.0,17.0,12.0,4.0,3.0,4.0,22.0,36.0,0.0,1.0,0.0,2.0,8.0,12.0,86.4,77.4,0.133,0.203,0.471,0.312,-0.26,-2.24,80.0,87.5
2026-03-07,11:30,77333,Bundesliga 25/26,25/26,Bundesliga,Matchweek 25,Sat,Away,L,1.0,2.0,RB Leipzig,39.0,,,,,,https://www.sofascore.com/rb-leipzig-fc-augsburg/acbskCo,Ended,FC Augsburg,for,3.24,2.26,6.0,5.0,1.0,1.0,5.0,4.0,8.0,6.0,9.0,8.0,341.0,552.0,264.0,477.0,13.0,8.0,7.0,9.0,4.0,1.0,2.0,0.0,0.0,0.0,7.0,4.0,3.0,3.0,8.0,6.0,13.0,13.0,3.0,4.0,2.0,1.0,27.0,39.0,24.0,23.0,8.0,6.0,48.0,52.0,4.0,6.0,23.0,29.0,17.0,15.0,4.0,12.0,4.0,3.0,36.0,22.0,1.0,0.0,2.0,0.0,12.0,8.0,77.4,86.4,0.203,0.133,0.312,0.471,-2.24,-0.26,87.5,80.0
2026-03-07,11:30,77333,Bundesliga 25/26,25/26,Bundesliga,Matchweek 25,Sat,Home,D,2.0,2.0,VfB Stuttgart,38.0,,,,,,https://www.sofascore.com/vfb-stuttgart-1-fsv-mainz-05/gbbsCdb,Ended,1. FSV Mainz 05,for,2.73,0.98,7.0,1.0,2.0,1.0,5.0,0.0,5.0,6.0,7.0,12.0,318.0,537.0,228.0,454.0,13.0,13.0,12.0,7.0,2.0,0.0,0.0,2.0,0.0,0.0,2.0,3.0,4.0,3.0,8.0,4.0,14.0,8.0,4.0,3.0,0.0,1.0,43.0,29.0,32.0,26.0,9.0,5.0,53.0,47.0,7.0,8.0,28.0,25.0,23.0,20.0,3.0,6.0,7.0,7.0,18.0,31.0,0.0,2.0,1.0,2.0,9.0,8.0,71.7,84.5,0.152,0.089,0.333,0.364,-0.73,1.02,50.0,50.0
2026-03-07,11:30,77333,Bundesliga 25/26,25/26,Bundesliga,Matchweek 25,Sat,Away,D,2.0,2.0,1. FSV Mainz 05,62.0,,,,,,https://www.sofascore.com/vfb-stuttgart-1-fsv-mainz-05/gbbsCdb,Ended,VfB Stuttgart,for,0.98,2.73,1.0,7.0,1.0,2.0,0.0,5.0,6.0,5.0,12.0,7.0,537.0,318.0,454.0,228.0,13.0,13.0,7.0,12.0,0.0,2.0,2.0,0.0,0.0,0.0,3.0,2.0,3.0,4.0,4.0,8.0,8.0,14.0,3.0,4.0,1.0,0.0,29.0,43.0,26.0,32.0,5.0,9.0,47.0,53.0,8.0,7.0,25.0,28.0,20.0,23.0,6.0,3.0,7.0,7.0,31.0,18.0,2.0,0.0,2.0,1.0,8.0,9.0,84.5,71.7,0.089,0.152,0.364,0.333,1.02,-0.73,50.0,50.0
2026-03-07,11:30,77333,Bundesliga 25/26,25/26,Bundesliga,Matchweek 25,Sat,Home,L,1.0,2.0,Hamburger SV,52.0,,,,,,https://www.sofascore.com/hamburger-sv-vfl-wolfsburg/zabsBdb,Ended,VfL Wolfsburg,for,2.2,1.82,4.0,2.0,1.0,2.0,3.0,0.0,7.0,3.0,18.0,6.0,391.0,374.0,280.0,267.0,11.0,15.0,5.0,16.0,3.0,3.0,3.0,3.0,1.0,0.0,5.0,3.0,3.0,1.0,7.0,2.0,10.0,5.0,4.0,5.0,2.0,0.0,28.0,13.0,20.0,23.0,7.0,2.0,43.0,57.0,7.0,6.0,25.0,36.0,25.0,29.0,8.0,5.0,8.0,11.0,28.0,38.0,0.0,3.0,0.0,0.0,8.0,11.0,71.6,71.4,0.157,0.182,0.286,0.7,-1.2,0.18,71.4,75.0
2026-03-07,11:30,77333,Bundesliga 25/26,25/26,Bundesliga,Matchweek 25,Sat,Away,W,2.0,1.0,VfL Wolfsburg,48.0,,,,,,https://www.sofascore.com/hamburger-sv-vfl-wolfsburg/zabsBdb,Ended,Hamburger SV,for,1.82,2.2,2.0,4.0,2.0,1.0,0.0,3.0,3.0,7.0,6.0,18.0,374.0,391.0,267.0,280.0,15.0,11.0,16.0,5.0,3.0,3.0,3.0,3.0,0.0,1.0,3.0,5.0,1.0,3.0,2.0,7.0,5.0,10.0,5.0,4.0,0.0,2.0,13.0,28.0,23.0,20.0,2.0,7.0,57.0,43.0,6.0,7.0,36.0,25.0,29.0,25.0,5.0,8.0,11.0,8.0,38.0,28.0,3.0,0.0,0.0,0.0,11.0,8.0,71.4,71.6,0.182,0.157,0.7,0.286,0.18,-1.2,75.0,71.4
2026-03-07,11:30,77333,Bundesliga 25/26,25/26,Bundesliga,Matchweek 25,Sat,Home,L,2.0,4.0,TSG Hoffenheim,46.0,,,,,,https://www.sofascore.com/1-fc-heidenheim-tsg-hoffenheim/ubbsKrc,Ended,1. FC Heidenheim,for,1.04,2.29,1.0,4.0,1.0,3.0,0.0,1.0,4.0,3.0,7.0,15.0,352.0,427.0,253.0,329.0,12.0,15.0,15.0,7.0,4.0,1.0,0.0,0.0,0.0,0.0,3.0,1.0,2.0,0.0,4.0,9.0,5.0,12.0,3.0,4.0,0.0,0.0,16.0,29.0,38.0,27.0,4.0,2.0,50.0,50.0,5.0,6.0,31.0,27.0,17.0,21.0,5.0,6.0,9.0,9.0,37.0,32.0,0.0,0.0,1.0,1.0,14.0,9.0,71.9,77.0,0.13,0.143,0.25,0.438,0.96,1.71,42.9,50.0
2026-03-07,11:30,77333,Bundesliga 25/26,25/26,Bundesliga,Matchweek 25,Sat,Away,W,4.0,2.0,1. FC Heidenheim,54.0,,,,,,https://www.sofascore.com/1-fc-heidenheim-tsg-hoffenheim/ubbsKrc,Ended,TSG Hoffenheim,for,2.29,1.04,4.0,1.0,3.0,1.0,1.0,0.0,3.0,4.0,15.0,7.0,427.0,352.0,329.0,253.0,15.0,12.0,7.0,15.0,1.0,4.0,0.0,0.0,0.0,0.0,1.0,3.0,0.0,2.0,9.0,4.0,12.0,5.0,4.0,3.0,0.0,0.0,29.0,16.0,27.0,38.0,2.0,4.0,50.0,50.0,6.0,5.0,27.0,31.0,21.0,17.0,6.0,5.0,9.0,9.0,32.0,37.0,0.0,0.0,1.0,1.0,9.0,14.0,77.0,71.9,0.143,0.13,0.438,0.25,1.71,0.96,50.0,42.9
2026-03-07,14:30,77333,Bundesliga 25/26,25/26,Bundesliga,Matchweek 25,Sat,Home,L,1.0,2.0,Borussia Dortmund,39.0,,,,,,https://www.sofascore.com/borussia-dortmund-1-fc-koln/wdbsydb,Ended,1. FC Köln,for,1.28,2.0,0.0,3.0,0.0,2.0,0.0,1.0,9.0,4.0,9.0,13.0,368.0,606.0,292.0,538.0,10.0,12.0,13.0,9.0,5.0,2.0,1.0,1.0,1.0,0.0,3.0,4.0,5.0,4.0,5.0,4.0,12.0,11.0,2.0,2.0,0.0,1.0,22.0,35.0,26.0,29.0,8.0,4.0,55.0,45.0,4.0,4.0,28.0,28.0,22.0,13.0,7.0,7.0,10.0,5.0,22.0,29.0,1.0,0.0,0.0,0.0,4.0,8.0,79.3,88.8,0.091,0.154,0.286,0.385,-0.28,0.0,60.0,100.0
2026-03-07,14:30,77333,Bundesliga 25/26,25/26,Bundesliga,Matchweek 25,Sat,Away,W,2.0,1.0,1. FC Köln,61.0,,,,,,https://www.sofascore.com/borussia-dortmund-1-fc-koln/wdbsydb,Ended,Borussia Dortmund,for,2.0,1.28,3.0,0.0,2.0,0.0,1.0,0.0,4.0,9.0,13.0,9.0,606.0,368.0,538.0,292.0,12.0,10.0,9.0,13.0,2.0,5.0,1.0,1.0,0.0,1.0,4.0,3.0,4.0,5.0,4.0,5.0,11.0,12.0,2.0,2.0,1.0,0.0,35.0,22.0,29.0,26.0,4.0,8.0,45.0,55.0,4.0,4.0,28.0,28.0,13.0,22.0,7.0,7.0,5.0,10.0,29.0,22.0,0.0,1.0,0.0,0.0,8.0,4.0,88.8,79.3,0.154,0.091,0.385,0.286,0.0,-0.28,100.0,60.0
2026-03-08,11:30,77333,Bundesliga 25/26,25/26,Bundesliga,Matchweek 25,Sun,Home,D,0.0,0.0,Eintracht Frankfurt,28.0,,,,,,https://www.sofascore.com/eintracht-frankfurt-fc-st-pauli/Babszdb,Ended,FC St. Pauli,for,0.58,0.38,1.0,0.0,0.0,0.0,1.0,0.0,6.0,5.0,13.0,8.0,243.0,679.0,166.0,607.0,15.0,9.0,8.0,13.0,1.0,1.0,2.0,1.0,0.0,0.0,2.0,2.0,5.0,4.0,4.0,2.0,6.0,6.0,5.0,2.0,0.0,2.0,19.0,18.0,8.0,31.0,2.0,3.0,55.0,45.0,6.0,12.0,34.0,27.0,11.0,10.0,11.0,6.0,5.0,15.0,32.0,20.0,0.0,1.0,0.0,0.0,2.0,7.0,68.3,89.4,0.053,0.048,0.182,0.25,-0.58,-0.38,100.0,100.0
2026-03-08,11:30,77333,Bundesliga 25/26,25/26,Bundesliga,Matchweek 25,Sun,Away,D,0.0,0.0,FC St. Pauli,72.0,,,,,,https://www.sofascore.com/eintracht-frankfurt-fc-st-pauli/Babszdb,Ended,Eintracht Frankfurt,for,0.38,0.58,0.0,1.0,0.0,0.0,0.0,1.0,5.0,6.0,8.0,13.0,679.0,243.0,607.0,166.0,9.0,15.0,13.0,8.0,1.0,1.0,1.0,2.0,0.0,0.0,2.0,2.0,4.0,5.0,2.0,4.0,6.0,6.0,2.0,5.0,2.0,0.0,18.0,19.0,31.0,8.0,3.0,2.0,45.0,55.0,12.0,6.0,27.0,34.0,10.0,11.0,6.0,11.0,15.0,5.0,20.0,32.0,1.0,0.0,0.0,0.0,7.0,2.0,89.4,68.3,0.048,0.053,0.25,0.182,-0.38,-0.58,100.0,100.0
2026-03-08,13:30,77333,Bundesliga 25/26,25/26,Bundesliga,Matchweek 25,Sun,Home,L,1.0,4.0,SV Werder Bremen,26.0,,,,,,https://www.sofascore.com/1-fc-union-berlin-sv-werder-bremen/JabsXab,Ended,1. FC Union Berlin,for,1.19,2.13,1.0,3.0,1.0,3.0,0.0,0.0,1.0,3.0,5.0,13.0,240.0,716.0,151.0,645.0,8.0,12.0,12.0,5.0,1.0,1.0,1.0,3.0,1.0,0.0,1.0,1.0,3.0,3.0,4.0,7.0,4.0,9.0,5.0,6.0,0.0,1.0,12.0,25.0,30.0,29.0,2.0,3.0,49.0,51.0,6.0,5.0,24.0,21.0,21.0,25.0,3.0,5.0,11.0,5.0,27.0,37.0,2.0,0.0,1.0,2.0,9.0,6.0,62.9,90.1,0.132,0.142,0.222,0.333,-0.19,1.87,20.0,50.0
2026-03-08,13:30,77333,Bundesliga 25/26,25/26,Bundesliga,Matchweek 25,Sun,Away,W,4.0,1.0,1. FC Union Berlin,74.0,,,,,,https://www.sofascore.com/1-fc-union-berlin-sv-werder-bremen/JabsXab,Ended,SV Werder Bremen,for,2.13,1.19,3.0,1.0,3.0,1.0,0.0,0.0,3.0,1.0,13.0,5.0,716.0,240.0,645.0,151.0,12.0,8.0,5.0,12.0,1.0,1.0,3.0,1.0,0.0,1.0,1.0,1.0,3.0,3.0,7.0,4.0,9.0,4.0,6.0,5.0,1.0,0.0,25.0,12.0,29.0,30.0,3.0,2.0,51.0,49.0,5.0,6.0,21.0,24.0,25.0,21.0,5.0,3.0,5.0,11.0,37.0,27.0,0.0,2.0,2.0,1.0,6.0,9.0,90.1,62.9,0.142,0.132,0.333,0.222,1.87,-0.19,50.0,20.0
2026-03-13,16:30,77333,Bundesliga 25/26,25/26,Bundesliga,Matchweek 26,Fri,Home,W,2.0,0.0,FC St. Pauli,40.0,,,,,,https://www.sofascore.com/borussia-mgladbach-fc-st-pauli/BabsCab,Ended,Borussia M'gladbach,for,0.64,0.51,1.0,1.0,0.0,0.0,1.0,1.0,2.0,2.0,9.0,7.0,459.0,683.0,349.0,560.0,14.0,16.0,7.0,9.0,3.0,1.0,1.0,2.0,0.0,0.0,1.0,2.0,2.0,1.0,4.0,6.0,7.0,4.0,3.0,4.0,1.0,0.0,12.0,23.0,36.0,13.0,2.0,3.0,47.0,53.0,8.0,8.0,22.0,29.0,17.0,15.0,2.0,4.0,17.0,8.0,25.0,22.0,0.0,2.0,0.0,0.0,12.0,7.0,76.0,82.0,0.064,0.064,0.4,0.125,1.36,-0.51,100.0,50.0
2026-03-13,16:30,77333,Bundesliga 25/26,25/26,Bundesliga,Matchweek 26,Fri,Away,L,0.0,2.0,Borussia M'gladbach,60.0,,,,,,https://www.sofascore.com/borussia-mgladbach-fc-st-pauli/BabsCab,Ended,FC St. Pauli,for,0.51,0.64,1.0,1.0,0.0,0.0,1.0,1.0,2.0,2.0,7.0,9.0,683.0,459.0,560.0,349.0,16.0,14.0,9.0,7.0,1.0,3.0,2.0,1.0,0.0,0.0,2.0,1.0,1.0,2.0,6.0,4.0,4.0,7.0,4.0,3.0,0.0,1.0,23.0,12.0,13.0,36.0,3.0,2.0,53.0,47.0,8.0,8.0,29.0,22.0,15.0,17.0,4.0,2.0,8.0,17.0,22.0,25.0,2.0,0.0,0.0,0.0,7.0,12.0,82.0,76.0,0.064,0.064,0.125,0.4,-0.51,1.36,50.0,100.0
2026-03-14,11:30,77333,Bundesliga 25/26,25/26,Bundesliga,Matchweek 26,Sat,Home,D,1.0,1.0,FC Bayern München,45.0,,,,,,https://www.sofascore.com/bayer-04-leverkusen-fc-bayern-munchen/xdbsGdb,Ended,Bayer 04 Leverkusen,for,3.23,1.26,5.0,2.0,1.0,1.0,5.0,1.0,4.0,1.0,12.0,13.0,497.0,636.0,428.0,566.0,20.0,17.0,13.0,12.0,2.0,1.0,3.0,4.0,0.0,2.0,4.0,6.0,3.0,3.0,11.0,3.0,14.0,10.0,7.0,1.0,1.0,1.0,35.0,25.0,20.0,25.0,4.0,2.0,52.0,48.0,9.0,10.0,37.0,36.0,9.0,6.0,7.0,7.0,9.0,10.0,13.0,20.0,1.0,0.0,0.0,0.0,7.0,13.0,86.1,89.0,0.154,0.115,0.333,0.455,-2.23,-0.26,80.0,85.7
2026-03-14,11:30,77333,Bundesliga 25/26,25/26,Bundesliga,Matchweek 26,Sat,Away,D,1.0,1.0,Bayer 04 Leverkusen,55.0,,,,,,https://www.sofascore.com/bayer-04-leverkusen-fc-bayern-munchen/xdbsGdb,Ended,FC Bayern München,for,1.26,3.23,2.0,5.0,1.0,1.0,1.0,5.0,1.0,4.0,13.0,12.0,636.0,497.0,566.0,428.0,17.0,20.0,12.0,13.0,1.0,2.0,4.0,3.0,2.0,0.0,6.0,4.0,3.0,3.0,3.0,11.0,10.0,14.0,1.0,7.0,1.0,1.0,25.0,35.0,25.0,20.0,2.0,4.0,48.0,52.0,10.0,9.0,36.0,37.0,6.0,9.0,7.0,7.0,10.0,9.0,20.0,13.0,0.0,1.0,0.0,0.0,13.0,7.0,89.0,86.1,0.115,0.154,0.455,0.333,-0.26,-2.23,85.7,80.0
2026-03-14,11:30,77333,Bundesliga 25/26,25/26,Bundesliga,Matchweek 26,Sat,Home,W,2.0,0.0,FC Augsburg,61.0,,,,,,https://www.sofascore.com/borussia-dortmund-fc-augsburg/acbsydb,Ended,Borussia Dortmund,for,2.58,0.77,5.0,1.0,1.0,0.0,4.0,1.0,12.0,2.0,7.0,7.0,576.0,385.0,500.0,297.0,15.0,12.0,7.0,7.0,0.0,3.0,0.0,0.0,0.0,0.0,3.0,3.0,4.0,0.0,7.0,4.0,14.0,4.0,2.0,3.0,2.0,1.0,36.0,10.0,20.0,16.0,8.0,1.0,62.0,38.0,6.0,11.0,31.0,22.0,18.0,8.0,9.0,5.0,14.0,10.0,14.0,24.0,2.0,0.0,1.0,1.0,8.0,9.0,86.8,77.1,0.161,0.11,0.312,0.429,-0.58,-0.77,100.0,60.0
2026-03-14,11:30,77333,Bundesliga 25/26,25/26,Bundesliga,Matchweek 26,Sat,Away,L,0.0,2.0,Borussia Dortmund,39.0,,,,,,https://www.sofascore.com/borussia-dortmund-fc-augsburg/acbsydb,Ended,FC Augsburg,for,0.77,2.58,1.0,5.0,0.0,1.0,1.0,4.0,2.0,12.0,7.0,7.0,385.0,576.0,297.0,500.0,12.0,15.0,7.0,7.0,3.0,0.0,0.0,0.0,0.0,0.0,3.0,3.0,0.0,4.0,4.0,7.0,4.0,14.0,3.0,2.0,1.0,2.0,10.0,36.0,16.0,20.0,1.0,8.0,38.0,62.0,11.0,6.0,22.0,31.0,8.0,18.0,5.0,9.0,10.0,14.0,24.0,14.0,0.0,2.0,1.0,1.0,9.0,8.0,77.1,86.8,0.11,0.161,0.429,0.312,-0.77,-0.58,60.0,100.0
2026-03-14,11:30,77333,Bundesliga 25/26,25/26,Bundesliga,Matchweek 26,Sat,Home,W,1.0,0.0,1. FC Heidenheim,66.0,,,,,,https://www.sofascore.com/1-fc-heidenheim-eintracht-frankfurt/zdbsKrc,Ended,Eintracht Frankfurt,for,0.91,0.09,3.0,1.0,0.0,0.0,3.0,1.0,5.0,4.0,5.0,9.0,580.0,286.0,508.0,225.0,8.0,17.0,9.0,5.0,0.0,2.0,3.0,2.0,1.0,0.0,1.0,3.0,3.0,0.0,5.0,2.0,9.0,2.0,3.0,1.0,1.0,1.0,27.0,12.0,22.0,16.0,2.0,4.0,55.0,45.0,5.0,5.0,38.0,25.0,14.0,18.0,21.0,3.0,5.0,5.0,16.0,28.0,0.0,0.0,1.0,1.0,10.0,9.0,87.6,78.7,0.076,0.03,0.333,0.333,0.09,-0.09,100.0,75.0
2026-03-14,11:30,77333,Bundesliga 25/26,25/26,Bundesliga,Matchweek 26,Sat,Away,L,0.0,1.0,Eintracht Frankfurt,34.0,,,,,,https://www.sofascore.com/1-fc-heidenheim-eintracht-frankfurt/zdbsKrc,Ended,1. FC Heidenheim,for,0.09,0.91,1.0,3.0,0.0,0.0,1.0,3.0,4.0,5.0,9.0,5.0,286.0,580.0,225.0,508.0,17.0,8.0,5.0,9.0,2.0,0.0,2.0,3.0,0.0,1.0,3.0,1.0,0.0,3.0,2.0,5.0,2.0,9.0,1.0,3.0,1.0,1.0,12.0,27.0,16.0,22.0,4.0,2.0,45.0,55.0,5.0,5.0,25.0,38.0,18.0,14.0,3.0,21.0,5.0,5.0,28.0,16.0,0.0,0.0,1.0,1.0,9.0,10.0,78.7,87.6,0.03,0.076,0.333,0.333,-0.09,0.09,75.0,100.0
2026-03-14,11:30,77333,Bundesliga 25/26,25/26,Bundesliga,Matchweek 26,Sat,Home,D,1.0,1.0,VfL Wolfsburg,69.0,,,,,,https://www.sofascore.com/tsg-hoffenheim-vfl-wolfsburg/zabsubb,Ended,TSG Hoffenheim,for,1.78,0.27,2.0,1.0,1.0,1.0,2.0,0.0,16.0,4.0,10.0,10.0,548.0,267.0,447.0,160.0,15.0,22.0,10.0,10.0,2.0,1.0,0.0,3.0,0.0,0.0,1.0,5.0,6.0,0.0,9.0,2.0,13.0,3.0,8.0,1.0,0.0,0.0,41.0,11.0,31.0,10.0,17.0,1.0,54.0,46.0,11.0,2.0,32.0,35.0,31.0,19.0,8.0,3.0,7.0,9.0,22.0,52.0,0.0,0.0,0.0,1.0,5.0,11.0,81.6,59.9,0.085,0.068,0.286,0.5,-0.78,0.73,50.0,83.3
2026-03-14,11:30,77333,Bundesliga 25/26,25/26,Bundesliga,Matchweek 26,Sat,Away,D,1.0,1.0,TSG Hoffenheim,31.0,,,,,,https://www.sofascore.com/tsg-hoffenheim-vfl-wolfsburg/zabsubb,Ended,VfL Wolfsburg,for,0.27,1.78,1.0,2.0,1.0,1.0,0.0,2.0,4.0,16.0,10.0,10.0,267.0,548.0,160.0,447.0,22.0,15.0,10.0,10.0,1.0,2.0,3.0,0.0,0.0,0.0,5.0,1.0,0.0,6.0,2.0,9.0,3.0,13.0,1.0,8.0,0.0,0.0,11.0,41.0,10.0,31.0,1.0,17.0,46.0,54.0,2.0,11.0,35.0,32.0,19.0,31.0,3.0,8.0,9.0,7.0,52.0,22.0,0.0,0.0,1.0,0.0,11.0,5.0,59.9,81.6,0.068,0.085,0.5,0.286,0.73,-0.78,83.3,50.0
2026-03-14,14:30,77333,Bundesliga 25/26,25/26,Bundesliga,Matchweek 26,Sat,Home,D,1.0,1.0,1. FC Köln,45.0,,,,,,https://www.sofascore.com/hamburger-sv-1-fc-koln/wdbsBdb,Ended,Hamburger SV,for,0.32,1.14,1.0,2.0,0.0,1.0,1.0,1.0,1.0,8.0,11.0,12.0,375.0,458.0,302.0,375.0,14.0,18.0,12.0,11.0,0.0,0.0,2.0,4.0,0.0,0.0,1.0,0.0,2.0,5.0,2.0,3.0,5.0,7.0,0.0,3.0,1.0,0.0,10.0,20.0,20.0,21.0,3.0,6.0,53.0,47.0,13.0,10.0,34.0,27.0,13.0,14.0,8.0,1.0,11.0,3.0,33.0,18.0,1.0,0.0,1.0,2.0,4.0,2.0,80.5,81.9,0.064,0.114,0.2,0.2,0.68,-0.14,50.0,0.0
2026-03-14,14:30,77333,Bundesliga 25/26,25/26,Bundesliga,Matchweek 26,Sat,Away,D,1.0,1.0,Hamburger SV,55.0,,,,,,https://www.sofascore.com/hamburger-sv-1-fc-koln/wdbsBdb,Ended,1. FC Köln,for,1.14,0.32,2.0,1.0,1.0,0.0,1.0,1.0,8.0,1.0,12.0,11.0,458.0,375.0,375.0,302.0,18.0,14.0,11.0,12.0,0.0,0.0,4.0,2.0,0.0,0.0,0.0,1.0,5.0,2.0,3.0,2.0,7.0,5.0,3.0,0.0,0.0,1.0,20.0,10.0,21.0,20.0,6.0,3.0,47.0,53.0,10.0,13.0,27.0,34.0,14.0,13.0,1.0,8.0,3.0,11.0,18.0,33.0,0.0,1.0,2.0,1.0,2.0,4.0,81.9,80.5,0.114,0.064,0.2,0.2,-0.14,0.68,0.0,50.0
2026-03-15,11:30,77333,Bundesliga 25/26,25/26,Bundesliga,Matchweek 26,Sun,Home,L,0.0,2.0,1. FSV Mainz 05,66.0,,,,,,https://www.sofascore.com/1-fsv-mainz-05-sv-werder-bremen/Jabsgbb,Ended,SV Werder Bremen,for,1.08,1.08,1.0,4.0,0.0,2.0,1.0,2.0,9.0,4.0,7.0,7.0,604.0,304.0,513.0,210.0,10.0,14.0,7.0,7.0,2.0,2.0,2.0,1.0,0.0,0.0,0.0,3.0,6.0,5.0,7.0,4.0,14.0,9.0,2.0,2.0,0.0,0.0,31.0,17.0,19.0,16.0,8.0,3.0,51.0,49.0,7.0,8.0,25.0,28.0,23.0,18.0,8.0,7.0,10.0,12.0,33.0,43.0,0.0,0.0,1.0,1.0,3.0,10.0,84.9,69.1,0.068,0.098,0.188,0.182,-1.08,0.92,0.0,100.0
2026-03-15,11:30,77333,Bundesliga 25/26,25/26,Bundesliga,Matchweek 26,Sun,Away,W,2.0,0.0,SV Werder Bremen,34.0,,,,,,https://www.sofascore.com/1-fsv-mainz-05-sv-werder-bremen/Jabsgbb,Ended,1. FSV Mainz 05,for,1.08,1.08,4.0,1.0,2.0,0.0,2.0,1.0,4.0,9.0,7.0,7.0,304.0,604.0,210.0,513.0,14.0,10.0,7.0,7.0,2.0,2.0,1.0,2.0,0.0,0.0,3.0,0.0,5.0,6.0,4.0,7.0,9.0,14.0,2.0,2.0,0.0,0.0,17.0,31.0,16.0,19.0,3.0,8.0,49.0,51.0,8.0,7.0,28.0,25.0,18.0,23.0,7.0,8.0,12.0,10.0,43.0,33.0,0.0,0.0,1.0,1.0,10.0,3.0,69.1,84.9,0.098,0.068,0.182,0.188,0.92,-1.08,100.0,0.0
2026-03-15,13:30,77333,Bundesliga 25/26,25/26,Bundesliga,Matchweek 26,Sun,Home,L,0.0,1.0,1. FC Union Berlin,73.0,,,,,,https://www.sofascore.com/1-fc-union-berlin-sc-freiburg/NabsXab,Ended,SC Freiburg,for,1.19,0.54,1.0,1.0,0.0,0.0,1.0,1.0,6.0,2.0,6.0,19.0,624.0,225.0,549.0,149.0,15.0,20.0,19.0,6.0,2.0,4.0,0.0,2.0,0.0,0.0,3.0,6.0,7.0,1.0,6.0,4.0,11.0,7.0,8.0,2.0,1.0,0.0,23.0,14.0,12.0,30.0,4.0,0.0,50.0,50.0,8.0,10.0,40.0,27.0,15.0,28.0,7.0,1.0,7.0,11.0,34.0,30.0,1.0,0.0,0.0,1.0,6.0,10.0,88.0,66.2,0.063,0.06,0.316,0.444,-1.19,0.46,75.0,100.0
2026-03-15,13:30,77333,Bundesliga 25/26,25/26,Bundesliga,Matchweek 26,Sun,Away,W,1.0,0.0,SC Freiburg,27.0,,,,,,https://www.sofascore.com/1-fc-union-berlin-sc-freiburg/NabsXab,Ended,1. FC Union Berlin,for,0.54,1.19,1.0,1.0,0.0,0.0,1.0,1.0,2.0,6.0,19.0,6.0,225.0,624.0,149.0,549.0,20.0,15.0,6.0,19.0,4.0,2.0,2.0,0.0,0.0,0.0,6.0,3.0,1.0,7.0,4.0,6.0,7.0,11.0,2.0,8.0,0.0,1.0,14.0,23.0,30.0,12.0,0.0,4.0,50.0,50.0,10.0,8.0,27.0,40.0,28.0,15.0,1.0,7.0,11.0,7.0,30.0,34.0,0.0,1.0,1.0,0.0,10.0,6.0,66.2,88.0,0.06,0.063,0.444,0.316,0.46,-1.19,100.0,75.0
2026-03-15,15:30,77333,Bundesliga 25/26,25/26,Bundesliga,Matchweek 26,Sun,Home,W,1.0,0.0,RB Leipzig,57.0,,,,,,https://www.sofascore.com/rb-leipzig-vfb-stuttgart/CdbskCo,Ended,VfB Stuttgart,for,1.45,1.18,4.0,2.0,1.0,0.0,3.0,2.0,5.0,6.0,5.0,16.0,492.0,366.0,374.0,263.0,21.0,7.0,16.0,5.0,0.0,1.0,1.0,2.0,0.0,0.0,4.0,3.0,2.0,1.0,7.0,4.0,9.0,7.0,4.0,2.0,0.0,1.0,17.0,27.0,33.0,25.0,5.0,5.0,59.0,41.0,5.0,7.0,42.0,17.0,24.0,29.0,7.0,6.0,11.0,16.0,21.0,31.0,0.0,2.0,0.0,1.0,5.0,14.0,76.0,71.9,0.112,0.131,0.308,0.444,-0.45,-1.18,100.0,75.0
2026-03-15,15:30,77333,Bundesliga 25/26,25/26,Bundesliga,Matchweek 26,Sun,Away,L,0.0,1.0,VfB Stuttgart,43.0,,,,,,https://www.sofascore.com/rb-leipzig-vfb-stuttgart/CdbskCo,Ended,RB Leipzig,for,1.18,1.45,2.0,4.0,0.0,1.0,2.0,3.0,6.0,5.0,16.0,5.0,366.0,492.0,263.0,374.0,7.0,21.0,5.0,16.0,1.0,0.0,2.0,1.0,0.0,0.0,3.0,4.0,1.0,2.0,4.0,7.0,7.0,9.0,2.0,4.0,1.0,0.0,27.0,17.0,25.0,33.0,5.0,5.0,41.0,59.0,7.0,5.0,17.0,42.0,29.0,24.0,6.0,7.0,16.0,11.0,31.0,21.0,2.0,0.0,1.0,0.0,14.0,5.0,71.9,76.0,0.131,0.112,0.444,0.308,-1.18,-0.45,75.0,100.0
2026-03-20,16:30,77333,Bundesliga 25/26,25/26,Bundesliga,Matchweek 27,Fri,Home,W,5.0,0.0,TSG Hoffenheim,50.0,,,,,,https://www.sofascore.com/rb-leipzig-tsg-hoffenheim/ubbskCo,Ended,RB Leipzig,for,2.19,0.78,4.0,0.0,4.0,0.0,0.0,0.0,1.0,3.0,8.0,16.0,451.0,438.0,380.0,359.0,19.0,23.0,16.0,8.0,5.0,1.0,1.0,1.0,0.0,0.0,2.0,4.0,3.0,3.0,2.0,3.0,9.0,6.0,5.0,2.0,1.0,0.0,32.0,17.0,20.0,17.0,3.0,5.0,55.0,45.0,12.0,7.0,42.0,36.0,14.0,9.0,9.0,5.0,10.0,6.0,38.0,18.0,0.0,1.0,1.0,0.0,5.0,5.0,84.3,82.0,0.156,0.098,0.643,0.25,2.81,-0.78,100.0,44.4
2026-03-20,16:30,77333,Bundesliga 25/26,25/26,Bundesliga,Matchweek 27,Fri,Away,L,0.0,5.0,RB Leipzig,50.0,,,,,,https://www.sofascore.com/rb-leipzig-tsg-hoffenheim/ubbskCo,Ended,TSG Hoffenheim,for,0.78,2.19,0.0,4.0,0.0,4.0,0.0,0.0,3.0,1.0,16.0,8.0,438.0,451.0,359.0,380.0,23.0,19.0,8.0,16.0,1.0,5.0,1.0,1.0,0.0,0.0,4.0,2.0,3.0,3.0,3.0,2.0,6.0,9.0,2.0,5.0,0.0,1.0,17.0,32.0,17.0,20.0,5.0,3.0,45.0,55.0,7.0,12.0,36.0,42.0,9.0,14.0,5.0,9.0,6.0,10.0,18.0,38.0,1.0,0.0,0.0,1.0,5.0,5.0,82.0,84.3,0.098,0.156,0.25,0.643,-0.78,2.81,44.4,100.0
2026-03-21,11:30,77333,Bundesliga 25/26,25/26,Bundesliga,Matchweek 27,Sat,Home,W,4.0,0.0,1. FC Union Berlin,74.0,,,,,,https://www.sofascore.com/fc-bayern-munchen-1-fc-union-berlin/Xabsxdb,Ended,FC Bayern München,for,5.08,0.21,10.0,0.0,1.0,0.0,9.0,0.0,12.0,1.0,5.0,8.0,702.0,244.0,635.0,174.0,11.0,17.0,8.0,5.0,1.0,4.0,1.0,2.0,0.0,0.0,1.0,5.0,8.0,3.0,14.0,1.0,25.0,1.0,6.0,4.0,4.0,0.0,52.0,9.0,31.0,22.0,5.0,0.0,53.0,47.0,8.0,4.0,28.0,25.0,13.0,12.0,9.0,4.0,5.0,8.0,19.0,41.0,0.0,2.0,1.0,3.0,2.0,17.0,90.5,71.3,0.164,0.042,0.29,0.2,-1.08,-0.21,100.0,55.6
2026-03-21,11:30,77333,Bundesliga 25/26,25/26,Bundesliga,Matchweek 27,Sat,Away,L,0.0,4.0,FC Bayern München,26.0,,,,,,https://www.sofascore.com/fc-bayern-munchen-1-fc-union-berlin/Xabsxdb,Ended,1. FC Union Berlin,for,0.21,5.08,0.0,10.0,0.0,1.0,0.0,9.0,1.0,12.0,8.0,5.0,244.0,702.0,174.0,635.0,17.0,11.0,5.0,8.0,4.0,1.0,2.0,1.0,0.0,0.0,5.0,1.0,3.0,8.0,1.0,14.0,1.0,25.0,4.0,6.0,0.0,4.0,9.0,52.0,22.0,31.0,0.0,5.0,47.0,53.0,4.0,8.0,25.0,28.0,12.0,13.0,4.0,9.0,8.0,5.0,41.0,19.0,2.0,0.0,3.0,1.0,17.0,2.0,71.3,90.5,0.042,0.164,0.2,0.29,-0.21,-1.08,55.6,100.0
2026-03-21,11:30,77333,Bundesliga 25/26,25/26,Bundesliga,Matchweek 27,Sat,Home,D,3.0,3.0,Bayer 04 Leverkusen,37.0,,,,,,https://www.sofascore.com/1-fc-heidenheim-bayer-04-leverkusen/GdbsKrc,Ended,1. FC Heidenheim,for,1.62,1.74,3.0,3.0,2.0,3.0,1.0,0.0,2.0,5.0,11.0,12.0,318.0,533.0,258.0,459.0,17.0,14.0,11.0,11.0,1.0,0.0,4.0,4.0,0.0,0.0,2.0,2.0,1.0,5.0,3.0,4.0,7.0,10.0,2.0,4.0,0.0,0.0,14.0,39.0,26.0,25.0,3.0,8.0,53.0,47.0,5.0,6.0,34.0,35.0,15.0,8.0,5.0,10.0,9.0,2.0,36.0,22.0,0.0,0.0,1.0,2.0,8.0,6.0,81.1,86.1,0.18,0.124,0.556,0.357,1.38,1.26,40.0,40.0
2026-03-21,11:30,77333,Bundesliga 25/26,25/26,Bundesliga,Matchweek 27,Sat,Away,D,3.0,3.0,1. FC Heidenheim,63.0,,,,,,https://www.sofascore.com/1-fc-heidenheim-bayer-04-leverkusen/GdbsKrc,Ended,Bayer 04 Leverkusen,for,1.74,1.62,3.0,3.0,3.0,2.0,0.0,1.0,5.0,2.0,12.0,11.0,533.0,318.0,459.0,258.0,14.0,17.0,11.0,11.0,0.0,1.0,4.0,4.0,0.0,0.0,2.0,2.0,5.0,1.0,4.0,3.0,10.0,7.0,4.0,2.0,0.0,0.0,39.0,14.0,25.0,26.0,8.0,3.0,47.0,53.0,6.0,5.0,35.0,34.0,8.0,15.0,10.0,5.0,2.0,9.0,22.0,36.0,0.0,0.0,2.0,1.0,6.0,8.0,86.1,81.1,0.124,0.18,0.357,0.556,1.26,1.38,40.0,40.0
2026-03-21,11:30,77333,Bundesliga 25/26,25/26,Bundesliga,Matchweek 27,Sat,Home,D,3.0,3.0,Borussia M'gladbach,51.0,,,,,,https://www.sofascore.com/1-fc-koln-borussia-mgladbach/Cabswdb,Ended,1. FC Köln,for,1.55,1.19,1.0,2.0,1.0,2.0,0.0,0.0,5.0,3.0,8.0,14.0,378.0,373.0,299.0,290.0,13.0,8.0,14.0,8.0,0.0,4.0,8.0,2.0,1.0,0.0,1.0,2.0,2.0,4.0,5.0,2.0,9.0,7.0,3.0,2.0,1.0,1.0,26.0,20.0,20.0,24.0,6.0,5.0,58.0,42.0,5.0,7.0,31.0,19.0,19.0,17.0,4.0,3.0,9.0,9.0,16.0,28.0,0.0,0.0,2.0,1.0,6.0,11.0,79.1,77.7,0.129,0.132,0.417,0.333,1.45,1.81,33.3,40.0
2026-03-21,11:30,77333,Bundesliga 25/26,25/26,Bundesliga,Matchweek 27,Sat,Away,D,3.0,3.0,1. FC Köln,49.0,,,,,,https://www.sofascore.com/1-fc-koln-borussia-mgladbach/Cabswdb,Ended,Borussia M'gladbach,for,1.19,1.55,2.0,1.0,2.0,1.0,0.0,0.0,3.0,5.0,14.0,8.0,373.0,378.0,290.0,299.0,8.0,13.0,8.0,14.0,4.0,0.0,2.0,8.0,0.0,1.0,2.0,1.0,4.0,2.0,2.0,5.0,7.0,9.0,2.0,3.0,1.0,1.0,20.0,26.0,24.0,20.0,5.0,6.0,42.0,58.0,7.0,5.0,19.0,31.0,17.0,19.0,3.0,4.0,9.0,9.0,28.0,16.0,0.0,0.0,1.0,2.0,11.0,6.0,77.7,79.1,0.132,0.129,0.333,0.417,1.81,1.45,40.0,33.3
2026-03-21,11:30,77333,Bundesliga 25/26,25/26,Bundesliga,Matchweek 27,Sat,Home,L,0.0,1.0,SV Werder Bremen,57.0,,,,,,https://www.sofascore.com/sv-werder-bremen-vfl-wolfsburg/zabsJab,Ended,VfL Wolfsburg,for,1.06,0.38,2.0,0.0,0.0,0.0,2.0,0.0,8.0,4.0,16.0,6.0,516.0,404.0,428.0,322.0,22.0,15.0,6.0,16.0,1.0,4.0,3.0,0.0,1.0,0.0,2.0,4.0,4.0,2.0,3.0,3.0,7.0,5.0,4.0,3.0,0.0,0.0,24.0,14.0,17.0,29.0,3.0,3.0,55.0,45.0,6.0,7.0,41.0,32.0,12.0,12.0,13.0,5.0,5.0,9.0,18.0,40.0,0.0,0.0,0.0,3.0,5.0,8.0,82.9,79.7,0.096,0.048,0.364,0.375,-1.06,0.62,66.7,100.0
2026-03-21,11:30,77333,Bundesliga 25/26,25/26,Bundesliga,Matchweek 27,Sat,Away,W,1.0,0.0,VfL Wolfsburg,43.0,,,,,,https://www.sofascore.com/sv-werder-bremen-vfl-wolfsburg/zabsJab,Ended,SV Werder Bremen,for,0.38,1.06,0.0,2.0,0.0,0.0,0.0,2.0,4.0,8.0,6.0,16.0,404.0,516.0,322.0,428.0,15.0,22.0,16.0,6.0,4.0,1.0,0.0,3.0,0.0,1.0,4.0,2.0,2.0,4.0,3.0,3.0,5.0,7.0,3.0,4.0,0.0,0.0,14.0,24.0,29.0,17.0,3.0,3.0,45.0,55.0,7.0,6.0,32.0,41.0,12.0,12.0,5.0,13.0,9.0,5.0,40.0,18.0,0.0,0.0,3.0,0.0,8.0,5.0,79.7,82.9,0.048,0.096,0.375,0.364,0.62,-1.06,100.0,66.7
2026-03-21,14:30,77333,Bundesliga 25/26,25/26,Bundesliga,Matchweek 27,Sat,Home,W,3.0,2.0,Hamburger SV,68.0,,,,,,https://www.sofascore.com/hamburger-sv-borussia-dortmund/ydbsBdb,Ended,Borussia Dortmund,for,6.0,1.52,8.0,3.0,3.0,2.0,5.0,1.0,11.0,3.0,10.0,8.0,531.0,258.0,460.0,183.0,14.0,26.0,5.0,10.0,1.0,2.0,2.0,3.0,0.0,0.0,2.0,5.0,5.0,0.0,11.0,0.0,20.0,3.0,4.0,1.0,1.0,1.0,43.0,4.0,22.0,22.0,9.0,0.0,45.0,55.0,14.0,5.0,30.0,39.0,18.0,20.0,9.0,4.0,6.0,8.0,9.0,60.0,2.0,1.0,0.0,0.0,2.0,14.0,86.6,70.9,0.25,0.38,0.333,1.0,-3.0,0.48,50.0,62.5
2026-03-21,14:30,77333,Bundesliga 25/26,25/26,Bundesliga,Matchweek 27,Sat,Away,L,2.0,3.0,Borussia Dortmund,32.0,,,,,,https://www.sofascore.com/hamburger-sv-borussia-dortmund/ydbsBdb,Ended,Hamburger SV,for,1.52,6.0,3.0,8.0,2.0,3.0,1.0,5.0,3.0,11.0,8.0,10.0,258.0,531.0,183.0,460.0,26.0,14.0,10.0,5.0,2.0,1.0,3.0,2.0,0.0,0.0,5.0,2.0,0.0,5.0,0.0,11.0,3.0,20.0,1.0,4.0,1.0,1.0,4.0,43.0,22.0,22.0,0.0,9.0,55.0,45.0,5.0,14.0,39.0,30.0,20.0,18.0,4.0,9.0,8.0,6.0,60.0,9.0,1.0,2.0,0.0,0.0,14.0,2.0,70.9,86.6,0.38,0.25,1.0,0.333,0.48,-3.0,62.5,50.0
2026-03-22,11:30,77333,Bundesliga 25/26,25/26,Bundesliga,Matchweek 27,Sun,Home,W,2.0,1.0,Eintracht Frankfurt,30.0,,,,,,https://www.sofascore.com/eintracht-frankfurt-1-fsv-mainz-05/gbbszdb,Ended,1. FSV Mainz 05,for,1.55,1.29,3.0,3.0,1.0,1.0,2.0,2.0,5.0,3.0,12.0,5.0,235.0,580.0,173.0,520.0,18.0,8.0,5.0,12.0,4.0,3.0,2.0,1.0,0.0,0.0,3.0,3.0,1.0,4.0,2.0,4.0,7.0,9.0,1.0,3.0,1.0,2.0,16.0,24.0,18.0,18.0,0.0,6.0,52.0,48.0,4.0,8.0,25.0,22.0,9.0,9.0,2.0,3.0,7.0,4.0,18.0,22.0,0.0,0.0,1.0,1.0,7.0,7.0,73.6,89.7,0.194,0.107,0.625,0.333,0.45,-0.29,75.0,60.0
2026-03-22,11:30,77333,Bundesliga 25/26,25/26,Bundesliga,Matchweek 27,Sun,Away,L,1.0,2.0,1. FSV Mainz 05,70.0,,,,,,https://www.sofascore.com/eintracht-frankfurt-1-fsv-mainz-05/gbbszdb,Ended,Eintracht Frankfurt,for,1.29,1.55,3.0,3.0,1.0,1.0,2.0,2.0,3.0,5.0,5.0,12.0,580.0,235.0,520.0,173.0,8.0,18.0,12.0,5.0,3.0,4.0,1.0,2.0,0.0,0.0,3.0,3.0,4.0,1.0,4.0,2.0,9.0,7.0,3.0,1.0,2.0,1.0,24.0,16.0,18.0,18.0,6.0,0.0,48.0,52.0,8.0,4.0,22.0,25.0,9.0,9.0,3.0,2.0,4.0,7.0,22.0,18.0,0.0,0.0,1.0,1.0,7.0,7.0,89.7,73.6,0.107,0.194,0.333,0.625,-0.29,0.45,60.0,75.0
2026-03-22,13:30,77333,Bundesliga 25/26,25/26,Bundesliga,Matchweek 27,Sun,Home,L,1.0,2.0,SC Freiburg,49.0,,,,,,https://www.sofascore.com/sc-freiburg-fc-st-pauli/BabsNab,Ended,FC St. Pauli,for,1.41,1.96,3.0,5.0,1.0,2.0,2.0,3.0,3.0,2.0,9.0,6.0,434.0,452.0,346.0,382.0,15.0,12.0,6.0,9.0,5.0,3.0,1.0,1.0,0.0,0.0,4.0,4.0,2.0,3.0,5.0,6.0,7.0,13.0,5.0,2.0,0.0,0.0,22.0,22.0,18.0,30.0,7.0,6.0,50.0,50.0,6.0,10.0,23.0,25.0,16.0,14.0,3.0,5.0,6.0,8.0,21.0,26.0,0.0,1.0,0.0,0.0,9.0,12.0,79.7,84.5,0.117,0.131,0.417,0.4,-0.41,0.04,66.7,80.0
2026-03-22,13:30,77333,Bundesliga 25/26,25/26,Bundesliga,Matchweek 27,Sun,Away,W,2.0,1.0,FC St. Pauli,51.0,,,,,,https://www.sofascore.com/sc-freiburg-fc-st-pauli/BabsNab,Ended,SC Freiburg,for,1.96,1.41,5.0,3.0,2.0,1.0,3.0,2.0,2.0,3.0,6.0,9.0,452.0,434.0,382.0,346.0,12.0,15.0,9.0,6.0,3.0,5.0,1.0,1.0,0.0,0.0,4.0,4.0,3.0,2.0,6.0,5.0,13.0,7.0,2.0,5.0,0.0,0.0,22.0,22.0,30.0,18.0,6.0,7.0,50.0,50.0,10.0,6.0,25.0,23.0,14.0,16.0,5.0,3.0,8.0,6.0,26.0,21.0,1.0,0.0,0.0,0.0,12.0,9.0,84.5,79.7,0.131,0.117,0.4,0.417,0.04,-0.41,80.0,66.7
2026-03-22,15:30,77333,Bundesliga 25/26,25/26,Bundesliga,Matchweek 27,Sun,Home,L,2.0,5.0,VfB Stuttgart,40.0,,,,,,https://www.sofascore.com/vfb-stuttgart-fc-augsburg/acbsCdb,Ended,FC Augsburg,for,1.26,3.28,5.0,7.0,2.0,5.0,3.0,2.0,2.0,5.0,11.0,14.0,364.0,573.0,288.0,482.0,11.0,14.0,14.0,11.0,2.0,1.0,1.0,3.0,0.0,0.0,3.0,5.0,3.0,0.0,3.0,5.0,7.0,11.0,6.0,2.0,0.0,1.0,22.0,27.0,27.0,15.0,6.0,7.0,44.0,56.0,7.0,5.0,29.0,33.0,15.0,22.0,5.0,8.0,19.0,7.0,18.0,34.0,0.0,1.0,0.0,0.0,7.0,8.0,79.1,84.1,0.097,0.252,0.538,0.615,0.74,1.72,37.5,71.4
2026-03-22,15:30,77333,Bundesliga 25/26,25/26,Bundesliga,Matchweek 27,Sun,Away,W,5.0,2.0,FC Augsburg,60.0,,,,,,https://www.sofascore.com/vfb-stuttgart-fc-augsburg/acbsCdb,Ended,VfB Stuttgart,for,3.28,1.26,7.0,5.0,5.0,2.0,2.0,3.0,5.0,2.0,14.0,11.0,573.0,364.0,482.0,288.0,14.0,11.0,11.0,14.0,1.0,2.0,3.0,1.0,0.0,0.0,5.0,3.0,0.0,3.0,5.0,3.0,11.0,7.0,2.0,6.0,1.0,0.0,27.0,22.0,15.0,27.0,7.0,6.0,56.0,44.0,5.0,7.0,33.0,29.0,22.0,15.0,8.0,5.0,7.0,19.0,34.0,18.0,1.0,0.0,0.0,0.0,8.0,7.0,84.1,79.1,0.252,0.097,0.615,0.538,1.72,0.74,71.4,37.5
2026-04-04,10:30,77333,Bundesliga 25/26,25/26,Bundesliga,Matchweek 28,Sat,Home,L,2.0,3.0,FC Bayern München,30.0,,,,,,https://www.sofascore.com/fc-bayern-munchen-sc-freiburg/Nabsxdb,Ended,SC Freiburg,for,1.84,3.0,4.0,3.0,1.0,1.0,3.0,2.0,5.0,8.0,9.0,13.0,255.0,632.0,188.0,560.0,23.0,15.0,13.0,9.0,4.0,1.0,3.0,3.0,0.0,0.0,6.0,2.0,4.0,7.0,5.0,5.0,9.0,11.0,4.0,10.0,0.0,0.0,26.0,41.0,21.0,32.0,6.0,3.0,60.0,40.0,7.0,11.0,45.0,29.0,11.0,8.0,9.0,6.0,12.0,10.0,35.0,19.0,0.0,0.0,0.0,0.0,7.0,6.0,73.7,88.6,0.142,0.143,0.308,0.429,0.16,0.0,66.7,50.0
2026-04-04,10:30,77333,Bundesliga 25/26,25/26,Bundesliga,Matchweek 28,Sat,Away,W,3.0,2.0,SC Freiburg,70.0,,,,,,https://www.sofascore.com/fc-bayern-munchen-sc-freiburg/Nabsxdb,Ended,FC Bayern München,for,3.0,1.84,3.0,4.0,1.0,1.0,2.0,3.0,8.0,5.0,13.0,9.0,632.0,255.0,560.0,188.0,15.0,23.0,9.0,13.0,1.0,4.0,3.0,3.0,0.0,0.0,2.0,6.0,7.0,4.0,5.0,5.0,11.0,9.0,10.0,4.0,0.0,0.0,41.0,26.0,32.0,21.0,3.0,6.0,40.0,60.0,11.0,7.0,29.0,45.0,8.0,11.0,6.0,9.0,10.0,12.0,19.0,35.0,0.0,0.0,0.0,0.0,6.0,7.0,88.6,73.7,0.143,0.142,0.429,0.308,0.0,0.16,50.0,66.7
2026-04-04,10:30,77333,Bundesliga 25/26,25/26,Bundesliga,Matchweek 28,Sat,Home,W,6.0,3.0,VfL Wolfsburg,69.0,,,,,,https://www.sofascore.com/bayer-04-leverkusen-vfl-wolfsburg/zabsGdb,Ended,Bayer 04 Leverkusen,for,4.52,2.01,5.0,5.0,3.0,2.0,2.0,3.0,12.0,2.0,8.0,11.0,623.0,283.0,541.0,214.0,11.0,19.0,9.0,7.0,2.0,1.0,1.0,3.0,0.0,0.0,2.0,5.0,4.0,1.0,10.0,5.0,17.0,7.0,8.0,4.0,2.0,2.0,49.0,11.0,20.0,23.0,7.0,1.0,49.0,51.0,13.0,3.0,29.0,29.0,16.0,17.0,8.0,2.0,2.0,11.0,10.0,46.0,0.0,0.0,0.0,1.0,6.0,8.0,86.8,75.6,0.181,0.183,0.44,0.455,1.48,0.99,40.0,45.5
2026-04-04,10:30,77333,Bundesliga 25/26,25/26,Bundesliga,Matchweek 28,Sat,Away,L,3.0,6.0,Bayer 04 Leverkusen,31.0,,,,,,https://www.sofascore.com/bayer-04-leverkusen-vfl-wolfsburg/zabsGdb,Ended,VfL Wolfsburg,for,2.01,4.52,5.0,5.0,2.0,3.0,3.0,2.0,2.0,12.0,11.0,8.0,283.0,623.0,214.0,541.0,19.0,11.0,7.0,9.0,1.0,2.0,3.0,1.0,0.0,0.0,5.0,2.0,1.0,4.0,5.0,10.0,7.0,17.0,4.0,8.0,2.0,2.0,11.0,49.0,23.0,20.0,1.0,7.0,51.0,49.0,3.0,13.0,29.0,29.0,17.0,16.0,2.0,8.0,11.0,2.0,46.0,10.0,0.0,0.0,1.0,0.0,8.0,6.0,75.6,86.8,0.183,0.181,0.455,0.44,0.99,1.48,45.5,40.0
2026-04-04,10:30,77333,Bundesliga 25/26,25/26,Bundesliga,Matchweek 28,Sat,Home,L,1.0,2.0,RB Leipzig,55.0,,,,,,https://www.sofascore.com/rb-leipzig-sv-werder-bremen/JabskCo,Ended,SV Werder Bremen,for,1.51,1.49,2.0,3.0,1.0,1.0,1.0,2.0,1.0,0.0,13.0,14.0,558.0,454.0,476.0,362.0,24.0,17.0,14.0,13.0,5.0,1.0,2.0,1.0,0.0,0.0,0.0,4.0,3.0,2.0,5.0,3.0,9.0,4.0,4.0,3.0,1.0,1.0,24.0,17.0,30.0,26.0,2.0,1.0,52.0,48.0,10.0,17.0,43.0,42.0,10.0,7.0,7.0,12.0,11.0,11.0,20.0,18.0,0.0,2.0,1.0,1.0,3.0,7.0,85.3,79.7,0.116,0.213,0.385,0.286,-0.51,0.51,0.0,80.0
2026-04-04,10:30,77333,Bundesliga 25/26,25/26,Bundesliga,Matchweek 28,Sat,Away,W,2.0,1.0,SV Werder Bremen,45.0,,,,,,https://www.sofascore.com/rb-leipzig-sv-werder-bremen/JabskCo,Ended,RB Leipzig,for,1.49,1.51,3.0,2.0,1.0,1.0,2.0,1.0,0.0,1.0,14.0,13.0,454.0,558.0,362.0,476.0,17.0,24.0,13.0,14.0,1.0,5.0,1.0,2.0,0.0,0.0,4.0,0.0,2.0,3.0,3.0,5.0,4.0,9.0,3.0,4.0,1.0,1.0,17.0,24.0,26.0,30.0,1.0,2.0,48.0,52.0,17.0,10.0,42.0,43.0,7.0,10.0,12.0,7.0,11.0,11.0,18.0,20.0,2.0,0.0,1.0,1.0,7.0,3.0,79.7,85.3,0.213,0.116,0.286,0.385,0.51,-0.51,80.0,0.0
2026-04-04,10:30,77333,Bundesliga 25/26,25/26,Bundesliga,Matchweek 28,Sat,Home,L,1.0,2.0,1. FSV Mainz 05,60.0,,,,,,https://www.sofascore.com/tsg-hoffenheim-1-fsv-mainz-05/gbbsubb,Ended,TSG Hoffenheim,for,1.16,2.19,1.0,4.0,0.0,1.0,1.0,3.0,7.0,3.0,11.0,5.0,491.0,310.0,389.0,218.0,15.0,14.0,5.0,11.0,0.0,4.0,4.0,1.0,0.0,0.0,3.0,4.0,7.0,2.0,4.0,2.0,9.0,9.0,7.0,0.0,0.0,0.0,37.0,18.0,33.0,31.0,4.0,7.0,56.0,44.0,9.0,10.0,26.0,27.0,29.0,16.0,7.0,2.0,8.0,11.0,30.0,44.0,0.0,2.0,0.0,3.0,1.0,9.0,79.2,70.3,0.072,0.243,0.312,0.556,-0.16,-0.19,60.0,80.0
2026-04-04,10:30,77333,Bundesliga 25/26,25/26,Bundesliga,Matchweek 28,Sat,Away,W,2.0,1.0,TSG Hoffenheim,40.0,,,,,,https://www.sofascore.com/tsg-hoffenheim-1-fsv-mainz-05/gbbsubb,Ended,1. FSV Mainz 05,for,2.19,1.16,4.0,1.0,1.0,0.0,3.0,1.0,3.0,7.0,5.0,11.0,310.0,491.0,218.0,389.0,14.0,15.0,11.0,5.0,4.0,0.0,1.0,4.0,0.0,0.0,4.0,3.0,2.0,7.0,2.0,4.0,9.0,9.0,0.0,7.0,0.0,0.0,18.0,37.0,31.0,33.0,7.0,4.0,44.0,56.0,10.0,9.0,27.0,26.0,16.0,29.0,2.0,7.0,11.0,8.0,44.0,30.0,2.0,0.0,3.0,0.0,9.0,1.0,70.3,79.2,0.243,0.072,0.556,0.312,-0.19,-0.16,80.0,60.0
2026-04-04,10:30,77333,Bundesliga 25/26,25/26,Bundesliga,Matchweek 28,Sat,Home,D,2.0,2.0,1. FC Heidenheim,52.0,,,,,,https://www.sofascore.com/1-fc-heidenheim-borussia-mgladbach/CabsKrc,Ended,Borussia M'gladbach,for,0.73,1.13,1.0,1.0,0.0,0.0,1.0,1.0,2.0,3.0,12.0,11.0,523.0,473.0,435.0,390.0,13.0,22.0,11.0,12.0,1.0,1.0,4.0,0.0,0.0,0.0,4.0,5.0,4.0,4.0,4.0,4.0,6.0,10.0,9.0,5.0,0.0,1.0,24.0,22.0,26.0,26.0,2.0,7.0,45.0,55.0,7.0,10.0,32.0,43.0,18.0,17.0,8.0,10.0,5.0,8.0,19.0,28.0,1.0,0.0,1.0,3.0,4.0,5.0,83.2,82.5,0.049,0.075,0.467,0.467,1.27,0.87,57.1,71.4
2026-04-04,10:30,77333,Bundesliga 25/26,25/26,Bundesliga,Matchweek 28,Sat,Away,D,2.0,2.0,Borussia M'gladbach,48.0,,,,,,https://www.sofascore.com/1-fc-heidenheim-borussia-mgladbach/CabsKrc,Ended,1. FC Heidenheim,for,1.13,0.73,1.0,1.0,0.0,0.0,1.0,1.0,3.0,2.0,11.0,12.0,473.0,523.0,390.0,435.0,22.0,13.0,12.0,11.0,1.0,1.0,0.0,4.0,0.0,0.0,5.0,4.0,4.0,4.0,4.0,4.0,10.0,6.0,5.0,9.0,1.0,0.0,22.0,24.0,26.0,26.0,7.0,2.0,55.0,45.0,10.0,7.0,43.0,32.0,17.0,18.0,10.0,8.0,8.0,5.0,28.0,19.0,0.0,1.0,3.0,1.0,5.0,4.0,82.5,83.2,0.075,0.049,0.467,0.467,0.87,1.27,71.4,57.1
2026-04-04,10:30,77333,Bundesliga 25/26,25/26,Bundesliga,Matchweek 28,Sat,Home,D,1.0,1.0,FC Augsburg,53.0,,,,,,https://www.sofascore.com/hamburger-sv-fc-augsburg/acbsBdb,Ended,Hamburger SV,for,1.86,2.47,2.0,4.0,0.0,1.0,2.0,3.0,9.0,2.0,12.0,12.0,395.0,358.0,334.0,281.0,11.0,15.0,12.0,12.0,0.0,2.0,2.0,3.0,1.0,0.0,2.0,3.0,5.0,3.0,9.0,12.0,12.0,15.0,6.0,3.0,1.0,1.0,28.0,45.0,15.0,20.0,6.0,7.0,48.0,52.0,5.0,4.0,30.0,39.0,18.0,13.0,7.0,12.0,8.0,5.0,29.0,35.0,1.0,0.0,0.0,0.0,11.0,9.0,84.6,78.5,0.103,0.137,0.222,0.167,-0.86,-1.47,66.7,75.0
2026-04-04,10:30,77333,Bundesliga 25/26,25/26,Bundesliga,Matchweek 28,Sat,Away,D,1.0,1.0,Hamburger SV,47.0,,,,,,https://www.sofascore.com/hamburger-sv-fc-augsburg/acbsBdb,Ended,FC Augsburg,for,2.47,1.86,4.0,2.0,1.0,0.0,3.0,2.0,2.0,9.0,12.0,12.0,358.0,395.0,281.0,334.0,15.0,11.0,12.0,12.0,2.0,0.0,3.0,2.0,0.0,1.0,3.0,2.0,3.0,5.0,12.0,9.0,15.0,12.0,3.0,6.0,1.0,1.0,45.0,28.0,20.0,15.0,7.0,6.0,52.0,48.0,4.0,5.0,39.0,30.0,13.0,18.0,12.0,7.0,5.0,8.0,35.0,29.0,0.0,1.0,0.0,0.0,9.0,11.0,78.5,84.6,0.137,0.103,0.167,0.222,-1.47,-0.86,75.0,66.7
2026-04-04,13:30,77333,Bundesliga 25/26,25/26,Bundesliga,Matchweek 28,Sat,Home,L,0.0,2.0,Borussia Dortmund,67.0,,,,,,https://www.sofascore.com/vfb-stuttgart-borussia-dortmund/ydbsCdb,Ended,VfB Stuttgart,for,0.76,0.61,0.0,0.0,0.0,0.0,0.0,0.0,5.0,2.0,10.0,12.0,616.0,302.0,519.0,212.0,13.0,12.0,12.0,10.0,3.0,0.0,2.0,4.0,0.0,0.0,1.0,3.0,5.0,1.0,5.0,1.0,6.0,4.0,7.0,1.0,0.0,0.0,31.0,10.0,38.0,14.0,7.0,2.0,59.0,41.0,7.0,6.0,30.0,25.0,27.0,15.0,6.0,4.0,5.0,7.0,20.0,41.0,0.0,1.0,1.0,0.0,2.0,11.0,84.3,70.2,0.058,0.122,0.231,0.6,-0.76,1.39,33.3,100.0
2026-04-04,13:30,77333,Bundesliga 25/26,25/26,Bundesliga,Matchweek 28,Sat,Away,W,2.0,0.0,VfB Stuttgart,33.0,,,,,,https://www.sofascore.com/vfb-stuttgart-borussia-dortmund/ydbsCdb,Ended,Borussia Dortmund,for,0.61,0.76,0.0,0.0,0.0,0.0,0.0,0.0,2.0,5.0,12.0,10.0,302.0,616.0,212.0,519.0,12.0,13.0,10.0,12.0,0.0,3.0,4.0,2.0,0.0,0.0,3.0,1.0,1.0,5.0,1.0,5.0,4.0,6.0,1.0,7.0,0.0,0.0,10.0,31.0,14.0,38.0,2.0,7.0,41.0,59.0,6.0,7.0,25.0,30.0,15.0,27.0,4.0,6.0,7.0,5.0,41.0,20.0,1.0,0.0,0.0,1.0,11.0,2.0,70.2,84.3,0.122,0.058,0.6,0.231,1.39,-0.76,100.0,33.3
2026-04-05,10:30,77333,Bundesliga 25/26,25/26,Bundesliga,Matchweek 28,Sun,Home,D,1.0,1.0,FC St. Pauli,55.0,,,,,,https://www.sofascore.com/1-fc-union-berlin-fc-st-pauli/BabsXab,Ended,1. FC Union Berlin,for,2.0,0.33,3.0,0.0,1.0,0.0,2.0,0.0,7.0,2.0,10.0,8.0,445.0,381.0,325.0,262.0,11.0,20.0,8.0,10.0,3.0,0.0,0.0,2.0,0.0,1.0,1.0,8.0,4.0,4.0,4.0,3.0,13.0,3.0,3.0,6.0,1.0,0.0,32.0,9.0,39.0,14.0,10.0,2.0,50.0,50.0,12.0,8.0,22.0,35.0,36.0,22.0,3.0,5.0,12.0,10.0,32.0,51.0,1.0,1.0,0.0,1.0,5.0,8.0,73.0,68.8,0.125,0.037,0.5,0.222,-1.0,0.67,50.0,100.0
2026-04-05,10:30,77333,Bundesliga 25/26,25/26,Bundesliga,Matchweek 28,Sun,Away,D,1.0,1.0,1. FC Union Berlin,45.0,,,,,,https://www.sofascore.com/1-fc-union-berlin-fc-st-pauli/BabsXab,Ended,FC St. Pauli,for,0.33,2.0,0.0,3.0,0.0,1.0,0.0,2.0,2.0,7.0,8.0,10.0,381.0,445.0,262.0,325.0,20.0,11.0,10.0,8.0,0.0,3.0,2.0,0.0,1.0,0.0,8.0,1.0,4.0,4.0,3.0,4.0,3.0,13.0,6.0,3.0,0.0,1.0,9.0,32.0,14.0,39.0,2.0,10.0,50.0,50.0,8.0,12.0,35.0,22.0,22.0,36.0,5.0,3.0,10.0,12.0,51.0,32.0,1.0,1.0,1.0,0.0,8.0,5.0,68.8,73.0,0.037,0.125,0.222,0.5,0.67,-1.0,100.0,50.0
2026-04-05,12:30,77333,Bundesliga 25/26,25/26,Bundesliga,Matchweek 28,Sun,Home,D,2.0,2.0,1. FC Köln,67.0,,,,,,https://www.sofascore.com/eintracht-frankfurt-1-fc-koln/wdbszdb,Ended,Eintracht Frankfurt,for,2.58,3.23,4.0,4.0,1.0,1.0,3.0,3.0,8.0,0.0,10.0,7.0,595.0,289.0,528.0,220.0,11.0,25.0,7.0,10.0,0.0,4.0,1.0,2.0,0.0,0.0,7.0,5.0,5.0,3.0,8.0,2.0,13.0,13.0,7.0,1.0,0.0,2.0,46.0,20.0,33.0,17.0,9.0,1.0,49.0,51.0,12.0,6.0,28.0,38.0,21.0,14.0,10.0,3.0,2.0,10.0,23.0,35.0,1.0,0.0,1.0,1.0,5.0,9.0,88.7,76.1,0.129,0.231,0.35,0.643,-0.58,-1.23,77.8,71.4
2026-04-05,12:30,77333,Bundesliga 25/26,25/26,Bundesliga,Matchweek 28,Sun,Away,D,2.0,2.0,Eintracht Frankfurt,33.0,,,,,,https://www.sofascore.com/eintracht-frankfurt-1-fc-koln/wdbszdb,Ended,1. FC Köln,for,3.23,2.58,4.0,4.0,1.0,1.0,3.0,3.0,0.0,8.0,7.0,10.0,289.0,595.0,220.0,528.0,25.0,11.0,10.0,7.0,4.0,0.0,2.0,1.0,0.0,0.0,5.0,7.0,3.0,5.0,2.0,8.0,13.0,13.0,1.0,7.0,2.0,0.0,20.0,46.0,17.0,33.0,1.0,9.0,51.0,49.0,6.0,12.0,38.0,28.0,14.0,21.0,3.0,10.0,10.0,2.0,35.0,23.0,0.0,1.0,1.0,1.0,9.0,5.0,76.1,88.7,0.231,0.129,0.643,0.35,-1.23,-0.58,71.4,77.8
2026-04-10,15:30,77333,Bundesliga 25/26,25/26,Bundesliga,Matchweek 29,Fri,Home,D,2.0,2.0,TSG Hoffenheim,34.0,,,,,,https://www.sofascore.com/fc-augsburg-tsg-hoffenheim/ubbsacb,Ended,FC Augsburg,for,1.93,0.99,4.0,1.0,0.0,1.0,4.0,1.0,4.0,4.0,6.0,18.0,273.0,546.0,191.0,433.0,9.0,17.0,17.0,6.0,2.0,1.0,5.0,3.0,0.0,0.0,2.0,4.0,2.0,5.0,7.0,4.0,12.0,10.0,5.0,3.0,0.0,0.0,29.0,26.0,29.0,38.0,3.0,6.0,47.0,53.0,8.0,3.0,32.0,27.0,16.0,27.0,7.0,4.0,11.0,10.0,42.0,31.0,1.0,3.0,0.0,1.0,7.0,8.0,70.0,79.3,0.114,0.076,0.471,0.308,0.07,1.01,50.0,50.0
2026-04-10,15:30,77333,Bundesliga 25/26,25/26,Bundesliga,Matchweek 29,Fri,Away,D,2.0,2.0,FC Augsburg,66.0,,,,,,https://www.sofascore.com/fc-augsburg-tsg-hoffenheim/ubbsacb,Ended,TSG Hoffenheim,for,0.99,1.93,1.0,4.0,1.0,0.0,1.0,4.0,4.0,4.0,18.0,6.0,546.0,273.0,433.0,191.0,17.0,9.0,6.0,17.0,1.0,2.0,3.0,5.0,0.0,0.0,4.0,2.0,5.0,2.0,4.0,7.0,10.0,12.0,3.0,5.0,0.0,0.0,26.0,29.0,38.0,29.0,6.0,3.0,53.0,47.0,3.0,8.0,27.0,32.0,27.0,16.0,4.0,7.0,10.0,11.0,31.0,42.0,3.0,1.0,1.0,0.0,8.0,7.0,79.3,70.0,0.076,0.114,0.308,0.471,1.01,0.07,50.0,50.0
2026-04-11,10:30,77333,Bundesliga 25/26,25/26,Bundesliga,Matchweek 29,Sat,Home,L,0.0,1.0,Bayer 04 Leverkusen,53.0,,,,,,https://www.sofascore.com/bayer-04-leverkusen-borussia-dortmund/ydbsGdb,Ended,Borussia Dortmund,for,1.3,0.63,2.0,1.0,0.0,0.0,2.0,1.0,5.0,5.0,5.0,6.0,558.0,517.0,505.0,461.0,20.0,17.0,6.0,5.0,2.0,1.0,3.0,0.0,0.0,0.0,3.0,0.0,2.0,3.0,11.0,4.0,8.0,5.0,6.0,6.0,1.0,0.0,33.0,21.0,14.0,23.0,8.0,2.0,56.0,44.0,8.0,14.0,29.0,26.0,10.0,5.0,5.0,4.0,7.0,5.0,18.0,23.0,1.0,0.0,0.0,1.0,6.0,11.0,90.5,89.2,0.093,0.057,0.071,0.364,-1.3,0.37,75.0,0.0
2026-04-11,10:30,77333,Bundesliga 25/26,25/26,Bundesliga,Matchweek 29,Sat,Away,W,1.0,0.0,Borussia Dortmund,47.0,,,,,,https://www.sofascore.com/bayer-04-leverkusen-borussia-dortmund/ydbsGdb,Ended,Bayer 04 Leverkusen,for,0.63,1.3,1.0,2.0,0.0,0.0,1.0,2.0,5.0,5.0,6.0,5.0,517.0,558.0,461.0,505.0,17.0,20.0,5.0,6.0,1.0,2.0,0.0,3.0,0.0,0.0,0.0,3.0,3.0,2.0,4.0,11.0,5.0,8.0,6.0,6.0,0.0,1.0,21.0,33.0,23.0,14.0,2.0,8.0,44.0,56.0,14.0,8.0,26.0,29.0,5.0,10.0,4.0,5.0,5.0,7.0,23.0,18.0,0.0,1.0,1.0,0.0,11.0,6.0,89.2,90.5,0.057,0.093,0.364,0.071,0.37,-1.3,0.0,75.0
2026-04-11,10:30,77333,Bundesliga 25/26,25/26,Bundesliga,Matchweek 29,Sat,Home,W,1.0,0.0,Borussia M'gladbach,52.0,,,,,,https://www.sofascore.com/rb-leipzig-borussia-mgladbach/CabskCo,Ended,RB Leipzig,for,2.43,1.78,3.0,2.0,0.0,0.0,3.0,2.0,11.0,4.0,9.0,6.0,442.0,413.0,368.0,322.0,14.0,17.0,6.0,9.0,3.0,1.0,4.0,1.0,0.0,0.0,2.0,11.0,6.0,5.0,7.0,7.0,18.0,11.0,6.0,4.0,0.0,1.0,51.0,20.0,21.0,18.0,11.0,5.0,47.0,53.0,6.0,7.0,30.0,31.0,18.0,23.0,12.0,5.0,9.0,14.0,28.0,40.0,1.0,2.0,1.0,1.0,7.0,7.0,83.3,78.0,0.101,0.119,0.458,0.2,-1.43,-1.78,66.7,100.0
2026-04-11,10:30,77333,Bundesliga 25/26,25/26,Bundesliga,Matchweek 29,Sat,Away,L,0.0,1.0,RB Leipzig,48.0,,,,,,https://www.sofascore.com/rb-leipzig-borussia-mgladbach/CabskCo,Ended,Borussia M'gladbach,for,1.78,2.43,2.0,3.0,0.0,0.0,2.0,3.0,4.0,11.0,6.0,9.0,413.0,442.0,322.0,368.0,17.0,14.0,9.0,6.0,1.0,3.0,1.0,4.0,0.0,0.0,11.0,2.0,5.0,6.0,7.0,7.0,11.0,18.0,4.0,6.0,1.0,0.0,20.0,51.0,18.0,21.0,5.0,11.0,53.0,47.0,7.0,6.0,31.0,30.0,23.0,18.0,5.0,12.0,14.0,9.0,40.0,28.0,2.0,1.0,1.0,1.0,7.0,7.0,78.0,83.3,0.119,0.101,0.2,0.458,-1.78,-1.43,100.0,66.7
2026-04-11,10:30,77333,Bundesliga 25/26,25/26,Bundesliga,Matchweek 29,Sat,Home,L,1.0,2.0,Eintracht Frankfurt,51.0,,,,,,https://www.sofascore.com/eintracht-frankfurt-vfl-wolfsburg/zabszdb,Ended,VfL Wolfsburg,for,2.33,1.29,6.0,3.0,1.0,1.0,5.0,2.0,7.0,7.0,9.0,8.0,445.0,450.0,353.0,349.0,10.0,15.0,8.0,9.0,1.0,2.0,2.0,1.0,0.0,0.0,2.0,6.0,6.0,4.0,9.0,2.0,13.0,6.0,9.0,4.0,1.0,1.0,27.0,21.0,24.0,25.0,6.0,5.0,45.0,55.0,11.0,6.0,23.0,31.0,12.0,11.0,7.0,7.0,11.0,15.0,19.0,38.0,0.0,2.0,0.0,0.0,5.0,12.0,79.3,77.6,0.106,0.129,0.318,0.4,-1.33,0.71,50.0,85.7
2026-04-11,10:30,77333,Bundesliga 25/26,25/26,Bundesliga,Matchweek 29,Sat,Away,W,2.0,1.0,VfL Wolfsburg,49.0,,,,,,https://www.sofascore.com/eintracht-frankfurt-vfl-wolfsburg/zabszdb,Ended,Eintracht Frankfurt,for,1.29,2.33,3.0,6.0,1.0,1.0,2.0,5.0,7.0,7.0,8.0,9.0,450.0,445.0,349.0,353.0,15.0,10.0,9.0,8.0,2.0,1.0,1.0,2.0,0.0,0.0,6.0,2.0,4.0,6.0,2.0,9.0,6.0,13.0,4.0,9.0,1.0,1.0,21.0,27.0,25.0,24.0,5.0,6.0,55.0,45.0,6.0,11.0,31.0,23.0,11.0,12.0,7.0,7.0,15.0,11.0,38.0,19.0,2.0,0.0,0.0,0.0,12.0,5.0,77.6,79.3,0.129,0.106,0.4,0.318,0.71,-1.33,85.7,50.0
2026-04-11,10:30,77333,Bundesliga 25/26,25/26,Bundesliga,Matchweek 29,Sat,Home,W,3.0,1.0,1. FC Union Berlin,45.0,,,,,,https://www.sofascore.com/1-fc-heidenheim-1-fc-union-berlin/XabsKrc,Ended,1. FC Heidenheim,for,1.85,0.99,3.0,2.0,2.0,1.0,1.0,1.0,3.0,5.0,7.0,13.0,333.0,402.0,237.0,277.0,14.0,11.0,13.0,7.0,2.0,1.0,0.0,2.0,0.0,0.0,2.0,0.0,0.0,2.0,4.0,5.0,6.0,10.0,1.0,0.0,0.0,0.0,21.0,28.0,36.0,39.0,4.0,11.0,52.0,48.0,5.0,9.0,35.0,23.0,31.0,37.0,9.0,5.0,8.0,6.0,40.0,23.0,0.0,1.0,1.0,1.0,7.0,6.0,71.2,68.9,0.264,0.099,0.429,0.3,1.15,0.01,66.7,0.0
2026-04-11,10:30,77333,Bundesliga 25/26,25/26,Bundesliga,Matchweek 29,Sat,Away,L,1.0,3.0,1. FC Heidenheim,55.0,,,,,,https://www.sofascore.com/1-fc-heidenheim-1-fc-union-berlin/XabsKrc,Ended,1. FC Union Berlin,for,0.99,1.85,2.0,3.0,1.0,2.0,1.0,1.0,5.0,3.0,13.0,7.0,402.0,333.0,277.0,237.0,11.0,14.0,7.0,13.0,1.0,2.0,2.0,0.0,0.0,0.0,0.0,2.0,2.0,0.0,5.0,4.0,10.0,6.0,0.0,1.0,0.0,0.0,28.0,21.0,39.0,36.0,11.0,4.0,48.0,52.0,9.0,5.0,23.0,35.0,37.0,31.0,5.0,9.0,6.0,8.0,23.0,40.0,1.0,0.0,1.0,1.0,6.0,7.0,68.9,71.2,0.099,0.264,0.3,0.429,0.01,1.15,0.0,66.7
2026-04-11,13:30,77333,Bundesliga 25/26,25/26,Bundesliga,Matchweek 29,Sat,Home,L,0.0,5.0,FC Bayern München,23.0,,,,,,https://www.sofascore.com/fc-bayern-munchen-fc-st-pauli/Babsxdb,Ended,FC St. Pauli,for,0.49,3.84,0.0,7.0,0.0,4.0,0.0,3.0,3.0,4.0,9.0,7.0,272.0,946.0,200.0,873.0,20.0,12.0,7.0,9.0,2.0,3.0,1.0,2.0,0.0,0.0,3.0,3.0,1.0,7.0,2.0,5.0,4.0,16.0,2.0,4.0,0.0,2.0,8.0,43.0,10.0,29.0,3.0,1.0,44.0,56.0,4.0,14.0,31.0,36.0,3.0,7.0,4.0,15.0,8.0,7.0,30.0,6.0,1.0,0.0,0.0,0.0,7.0,6.0,73.5,92.3,0.082,0.192,0.5,0.4,-0.49,1.16,37.5,100.0
2026-04-11,13:30,77333,Bundesliga 25/26,25/26,Bundesliga,Matchweek 29,Sat,Away,W,5.0,0.0,FC St. Pauli,77.0,,,,,,https://www.sofascore.com/fc-bayern-munchen-fc-st-pauli/Babsxdb,Ended,FC Bayern München,for,3.84,0.49,7.0,0.0,4.0,0.0,3.0,0.0,4.0,3.0,7.0,9.0,946.0,272.0,873.0,200.0,12.0,20.0,9.0,7.0,3.0,2.0,2.0,1.0,0.0,0.0,3.0,3.0,7.0,1.0,5.0,2.0,16.0,4.0,4.0,2.0,2.0,0.0,43.0,8.0,29.0,10.0,1.0,3.0,56.0,44.0,14.0,4.0,36.0,31.0,7.0,3.0,15.0,4.0,7.0,8.0,6.0,30.0,0.0,1.0,0.0,0.0,6.0,7.0,92.3,73.5,0.192,0.082,0.4,0.5,1.16,-0.49,100.0,37.5
2026-04-12,10:30,77333,Bundesliga 25/26,25/26,Bundesliga,Matchweek 29,Sun,Home,W,3.0,1.0,SV Werder Bremen,58.0,,,,,,https://www.sofascore.com/1-fc-koln-sv-werder-bremen/Jabswdb,Ended,1. FC Köln,for,4.11,0.99,7.0,1.0,2.0,1.0,5.0,0.0,8.0,5.0,16.0,7.0,494.0,352.0,438.0,280.0,5.0,16.0,6.0,15.0,2.0,3.0,3.0,2.0,0.0,1.0,1.0,8.0,11.0,1.0,6.0,3.0,17.0,2.0,10.0,4.0,1.0,0.0,49.0,18.0,30.0,23.0,8.0,3.0,41.0,59.0,6.0,1.0,19.0,36.0,14.0,11.0,8.0,4.0,7.0,5.0,34.0,20.0,0.0,1.0,0.0,1.0,4.0,10.0,88.7,79.5,0.152,0.165,0.37,0.333,-1.11,0.01,50.0,80.0
2026-04-12,10:30,77333,Bundesliga 25/26,25/26,Bundesliga,Matchweek 29,Sun,Away,L,1.0,3.0,1. FC Köln,42.0,,,,,,https://www.sofascore.com/1-fc-koln-sv-werder-bremen/Jabswdb,Ended,SV Werder Bremen,for,0.99,4.11,1.0,7.0,1.0,2.0,0.0,5.0,5.0,8.0,7.0,16.0,352.0,494.0,280.0,438.0,16.0,5.0,15.0,6.0,3.0,2.0,2.0,3.0,1.0,0.0,8.0,1.0,1.0,11.0,3.0,6.0,2.0,17.0,4.0,10.0,0.0,1.0,18.0,49.0,23.0,30.0,3.0,8.0,59.0,41.0,1.0,6.0,36.0,19.0,11.0,14.0,4.0,8.0,5.0,7.0,20.0,34.0,1.0,0.0,1.0,0.0,10.0,4.0,79.5,88.7,0.165,0.152,0.333,0.37,0.01,-1.11,80.0,50.0
2026-04-12,12:30,77333,Bundesliga 25/26,25/26,Bundesliga,Matchweek 29,Sun,Home,W,4.0,0.0,Hamburger SV,65.0,,,,,,https://www.sofascore.com/vfb-stuttgart-hamburger-sv/BdbsCdb,Ended,VfB Stuttgart,for,3.48,0.71,7.0,0.0,2.0,0.0,5.0,0.0,8.0,2.0,10.0,14.0,541.0,293.0,457.0,220.0,13.0,13.0,13.0,10.0,5.0,1.0,2.0,1.0,0.0,0.0,4.0,7.0,7.0,0.0,5.0,4.0,16.0,4.0,7.0,5.0,0.0,0.0,39.0,17.0,21.0,26.0,5.0,4.0,57.0,43.0,9.0,8.0,34.0,31.0,24.0,13.0,8.0,8.0,6.0,10.0,14.0,29.0,1.0,1.0,0.0,0.0,5.0,7.0,84.5,75.1,0.151,0.079,0.478,0.556,0.52,-0.71,80.0,63.6
2026-04-12,12:30,77333,Bundesliga 25/26,25/26,Bundesliga,Matchweek 29,Sun,Away,L,0.0,4.0,VfB Stuttgart,35.0,,,,,,https://www.sofascore.com/vfb-stuttgart-hamburger-sv/BdbsCdb,Ended,Hamburger SV,for,0.71,3.48,0.0,7.0,0.0,2.0,0.0,5.0,2.0,8.0,14.0,10.0,293.0,541.0,220.0,457.0,13.0,13.0,10.0,13.0,1.0,5.0,1.0,2.0,0.0,0.0,7.0,4.0,0.0,7.0,4.0,5.0,4.0,16.0,5.0,7.0,0.0,0.0,17.0,39.0,26.0,21.0,4.0,5.0,43.0,57.0,8.0,9.0,31.0,34.0,13.0,24.0,8.0,8.0,10.0,6.0,29.0,14.0,1.0,1.0,0.0,0.0,7.0,5.0,75.1,84.5,0.079,0.151,0.556,0.478,-0.71,0.52,63.6,80.0
2026-04-12,14:30,77333,Bundesliga 25/26,25/26,Bundesliga,Matchweek 29,Sun,Home,L,0.0,1.0,SC Freiburg,51.0,,,,,,https://www.sofascore.com/1-fsv-mainz-05-sc-freiburg/Nabsgbb,Ended,1. FSV Mainz 05,for,0.55,0.56,1.0,0.0,0.0,0.0,1.0,0.0,6.0,4.0,11.0,13.0,339.0,339.0,253.0,272.0,23.0,12.0,13.0,11.0,3.0,2.0,1.0,3.0,0.0,0.0,2.0,3.0,1.0,3.0,6.0,2.0,6.0,6.0,4.0,2.0,0.0,0.0,19.0,22.0,29.0,17.0,4.0,5.0,54.0,46.0,11.0,15.0,40.0,28.0,16.0,20.0,8.0,7.0,6.0,6.0,16.0,48.0,0.0,0.0,1.0,1.0,7.0,10.0,74.6,80.2,0.055,0.07,0.3,0.375,-0.55,0.44,66.7,100.0
2026-04-12,14:30,77333,Bundesliga 25/26,25/26,Bundesliga,Matchweek 29,Sun,Away,W,1.0,0.0,1. FSV Mainz 05,49.0,,,,,,https://www.sofascore.com/1-fsv-mainz-05-sc-freiburg/Nabsgbb,Ended,SC Freiburg,for,0.56,0.55,0.0,1.0,0.0,0.0,0.0,1.0,4.0,6.0,13.0,11.0,339.0,339.0,272.0,253.0,12.0,23.0,11.0,13.0,2.0,3.0,3.0,1.0,0.0,0.0,3.0,2.0,3.0,1.0,2.0,6.0,6.0,6.0,2.0,4.0,0.0,0.0,22.0,19.0,17.0,29.0,5.0,4.0,46.0,54.0,15.0,11.0,28.0,40.0,20.0,16.0,7.0,8.0,6.0,6.0,48.0,16.0,0.0,0.0,1.0,1.0,10.0,7.0,80.2,74.6,0.07,0.055,0.375,0.3,0.44,-0.55,100.0,66.7
2026-04-17,15:30,77333,Bundesliga 25/26,25/26,Bundesliga,Matchweek 30,Fri,Home,D,1.0,1.0,1. FC Köln,48.0,,,,,,https://www.sofascore.com/1-fc-koln-fc-st-pauli/Babswdb,Ended,FC St. Pauli,for,2.01,1.33,5.0,2.0,1.0,1.0,4.0,1.0,8.0,5.0,6.0,2.0,421.0,462.0,335.0,379.0,12.0,14.0,2.0,5.0,3.0,1.0,4.0,1.0,0.0,0.0,0.0,4.0,4.0,4.0,4.0,5.0,9.0,6.0,5.0,4.0,0.0,0.0,19.0,22.0,10.0,18.0,7.0,3.0,35.0,65.0,9.0,3.0,16.0,24.0,10.0,25.0,2.0,4.0,9.0,12.0,27.0,43.0,2.0,0.0,1.0,1.0,7.0,7.0,79.6,82.0,0.144,0.133,0.429,0.1,-1.01,-0.33,0.0,66.7
2026-04-17,15:30,77333,Bundesliga 25/26,25/26,Bundesliga,Matchweek 30,Fri,Away,D,1.0,1.0,FC St. Pauli,52.0,,,,,,https://www.sofascore.com/1-fc-koln-fc-st-pauli/Babswdb,Ended,1. FC Köln,for,1.33,2.01,2.0,5.0,1.0,1.0,1.0,4.0,5.0,8.0,2.0,6.0,462.0,421.0,379.0,335.0,14.0,12.0,5.0,2.0,1.0,3.0,1.0,4.0,0.0,0.0,4.0,0.0,4.0,4.0,5.0,4.0,6.0,9.0,4.0,5.0,0.0,0.0,22.0,19.0,18.0,10.0,3.0,7.0,65.0,35.0,3.0,9.0,24.0,16.0,25.0,10.0,4.0,2.0,12.0,9.0,43.0,27.0,0.0,2.0,1.0,1.0,7.0,7.0,82.0,79.6,0.133,0.144,0.1,0.429,-0.33,-1.01,66.7,0.0
2026-04-18,10:30,77333,Bundesliga 25/26,25/26,Bundesliga,Matchweek 30,Sat,Home,W,2.0,1.0,Borussia Dortmund,46.0,,,,,,https://www.sofascore.com/borussia-dortmund-tsg-hoffenheim/ubbsydb,Ended,TSG Hoffenheim,for,2.25,0.7,3.0,1.0,2.0,0.0,1.0,1.0,4.0,3.0,14.0,11.0,381.0,436.0,309.0,359.0,17.0,15.0,9.0,14.0,6.0,3.0,2.0,3.0,0.0,0.0,2.0,2.0,5.0,2.0,4.0,3.0,8.0,6.0,5.0,2.0,0.0,0.0,23.0,29.0,15.0,20.0,5.0,4.0,52.0,48.0,10.0,11.0,28.0,34.0,22.0,13.0,3.0,6.0,6.0,9.0,45.0,29.0,1.0,1.0,0.0,0.0,7.0,5.0,81.1,82.3,0.173,0.087,0.308,0.375,-0.25,0.3,66.7,50.0
2026-04-18,10:30,77333,Bundesliga 25/26,25/26,Bundesliga,Matchweek 30,Sat,Away,L,1.0,2.0,TSG Hoffenheim,54.0,,,,,,https://www.sofascore.com/borussia-dortmund-tsg-hoffenheim/ubbsydb,Ended,Borussia Dortmund,for,0.7,2.25,1.0,3.0,0.0,2.0,1.0,1.0,3.0,4.0,11.0,14.0,436.0,381.0,359.0,309.0,15.0,17.0,14.0,9.0,3.0,6.0,3.0,2.0,0.0,0.0,2.0,2.0,2.0,5.0,3.0,4.0,6.0,8.0,2.0,5.0,0.0,0.0,29.0,23.0,20.0,15.0,4.0,5.0,48.0,52.0,11.0,10.0,34.0,28.0,13.0,22.0,6.0,3.0,9.0,6.0,29.0,45.0,1.0,1.0,0.0,0.0,5.0,7.0,82.3,81.1,0.087,0.173,0.375,0.308,0.3,-0.25,50.0,66.7
2026-04-18,10:30,77333,Bundesliga 25/26,25/26,Bundesliga,Matchweek 30,Sat,Home,L,1.0,2.0,FC Augsburg,71.0,,,,,,https://www.sofascore.com/bayer-04-leverkusen-fc-augsburg/acbsGdb,Ended,Bayer 04 Leverkusen,for,3.8,1.33,4.0,1.0,0.0,1.0,4.0,0.0,11.0,4.0,5.0,8.0,690.0,286.0,637.0,220.0,12.0,17.0,8.0,4.0,1.0,0.0,2.0,1.0,0.0,0.0,3.0,9.0,13.0,4.0,13.0,2.0,27.0,7.0,9.0,4.0,0.0,0.0,61.0,21.0,25.0,31.0,18.0,2.0,52.0,48.0,7.0,7.0,28.0,32.0,17.0,10.0,11.0,10.0,5.0,8.0,22.0,45.0,0.0,0.0,1.0,0.0,2.0,19.0,92.3,76.9,0.106,0.121,0.278,0.455,-2.8,0.67,60.0,90.0
2026-04-18,10:30,77333,Bundesliga 25/26,25/26,Bundesliga,Matchweek 30,Sat,Away,W,2.0,1.0,Bayer 04 Leverkusen,29.0,,,,,,https://www.sofascore.com/bayer-04-leverkusen-fc-augsburg/acbsGdb,Ended,FC Augsburg,for,1.33,3.8,1.0,4.0,1.0,0.0,0.0,4.0,4.0,11.0,8.0,5.0,286.0,690.0,220.0,637.0,17.0,12.0,4.0,8.0,0.0,1.0,1.0,2.0,0.0,0.0,9.0,3.0,4.0,13.0,2.0,13.0,7.0,27.0,4.0,9.0,0.0,0.0,21.0,61.0,31.0,25.0,2.0,18.0,48.0,52.0,7.0,7.0,32.0,28.0,10.0,17.0,10.0,11.0,8.0,5.0,45.0,22.0,0.0,0.0,0.0,1.0,19.0,2.0,76.9,92.3,0.121,0.106,0.455,0.278,0.67,-2.8,90.0,60.0
2026-04-18,10:30,77333,Bundesliga 25/26,25/26,Bundesliga,Matchweek 30,Sat,Home,L,1.0,2.0,VfL Wolfsburg,54.0,,,,,,https://www.sofascore.com/1-fc-union-berlin-vfl-wolfsburg/zabsXab,Ended,1. FC Union Berlin,for,1.79,0.19,3.0,0.0,1.0,0.0,2.0,0.0,11.0,4.0,13.0,15.0,433.0,399.0,331.0,286.0,7.0,20.0,15.0,13.0,0.0,1.0,1.0,1.0,0.0,0.0,2.0,6.0,5.0,0.0,13.0,1.0,17.0,3.0,8.0,2.0,1.0,0.0,46.0,10.0,43.0,24.0,12.0,1.0,50.0,50.0,11.0,3.0,27.0,39.0,35.0,23.0,6.0,8.0,10.0,8.0,28.0,55.0,0.0,0.0,1.0,0.0,3.0,12.0,76.4,71.7,0.072,0.038,0.28,0.8,-0.79,1.81,50.0,85.7
2026-04-18,10:30,77333,Bundesliga 25/26,25/26,Bundesliga,Matchweek 30,Sat,Away,W,2.0,1.0,1. FC Union Berlin,46.0,,,,,,https://www.sofascore.com/1-fc-union-berlin-vfl-wolfsburg/zabsXab,Ended,VfL Wolfsburg,for,0.19,1.79,0.0,3.0,0.0,1.0,0.0,2.0,4.0,11.0,15.0,13.0,399.0,433.0,286.0,331.0,20.0,7.0,13.0,15.0,1.0,0.0,1.0,1.0,0.0,0.0,6.0,2.0,0.0,5.0,1.0,13.0,3.0,17.0,2.0,8.0,0.0,1.0,10.0,46.0,24.0,43.0,1.0,12.0,50.0,50.0,3.0,11.0,39.0,27.0,23.0,35.0,8.0,6.0,8.0,10.0,55.0,28.0,0.0,0.0,0.0,1.0,12.0,3.0,71.7,76.4,0.038,0.072,0.8,0.28,1.81,-0.79,85.7,50.0
2026-04-18,10:30,77333,Bundesliga 25/26,25/26,Bundesliga,Matchweek 30,Sat,Home,W,3.0,1.0,Hamburger SV,57.0,,,,,,https://www.sofascore.com/hamburger-sv-sv-werder-bremen/JabsBdb,Ended,SV Werder Bremen,for,1.74,0.57,2.0,1.0,1.0,0.0,1.0,1.0,7.0,3.0,14.0,14.0,446.0,341.0,359.0,253.0,22.0,20.0,14.0,14.0,1.0,1.0,4.0,3.0,0.0,1.0,2.0,7.0,2.0,3.0,6.0,5.0,8.0,7.0,10.0,4.0,0.0,0.0,18.0,14.0,26.0,30.0,5.0,2.0,48.0,52.0,10.0,8.0,42.0,41.0,12.0,18.0,8.0,7.0,5.0,6.0,24.0,20.0,2.0,0.0,0.0,0.0,9.0,8.0,80.5,74.2,0.097,0.052,0.556,0.273,1.26,0.43,66.7,70.0
2026-04-18,10:30,77333,Bundesliga 25/26,25/26,Bundesliga,Matchweek 30,Sat,Away,L,1.0,3.0,SV Werder Bremen,43.0,,,,,,https://www.sofascore.com/hamburger-sv-sv-werder-bremen/JabsBdb,Ended,Hamburger SV,for,0.57,1.74,1.0,2.0,0.0,1.0,1.0,1.0,3.0,7.0,14.0,14.0,341.0,446.0,253.0,359.0,20.0,22.0,14.0,14.0,1.0,1.0,3.0,4.0,1.0,0.0,7.0,2.0,3.0,2.0,5.0,6.0,7.0,8.0,4.0,10.0,0.0,0.0,14.0,18.0,30.0,26.0,2.0,5.0,52.0,48.0,8.0,10.0,41.0,42.0,18.0,12.0,7.0,8.0,6.0,5.0,20.0,24.0,0.0,2.0,0.0,0.0,8.0,9.0,74.2,80.5,0.052,0.097,0.273,0.556,0.43,1.26,70.0,66.7
2026-04-18,13:30,77333,Bundesliga 25/26,25/26,Bundesliga,Matchweek 30,Sat,Home,L,1.0,3.0,RB Leipzig,51.0,,,,,,https://www.sofascore.com/rb-leipzig-eintracht-frankfurt/zdbskCo,Ended,Eintracht Frankfurt,for,1.45,2.09,3.0,4.0,1.0,1.0,2.0,3.0,4.0,6.0,7.0,7.0,373.0,352.0,315.0,291.0,18.0,23.0,7.0,7.0,3.0,0.0,0.0,1.0,0.0,0.0,5.0,4.0,5.0,5.0,6.0,6.0,11.0,15.0,5.0,4.0,1.0,2.0,27.0,37.0,16.0,22.0,3.0,10.0,49.0,51.0,15.0,8.0,32.0,38.0,12.0,8.0,7.0,8.0,9.0,9.0,27.0,26.0,1.0,1.0,0.0,0.0,8.0,6.0,84.5,82.7,0.091,0.11,0.312,0.421,-0.45,0.91,62.5,80.0
2026-04-18,13:30,77333,Bundesliga 25/26,25/26,Bundesliga,Matchweek 30,Sat,Away,W,3.0,1.0,Eintracht Frankfurt,49.0,,,,,,https://www.sofascore.com/rb-leipzig-eintracht-frankfurt/zdbskCo,Ended,RB Leipzig,for,2.09,1.45,4.0,3.0,1.0,1.0,3.0,2.0,6.0,4.0,7.0,7.0,352.0,373.0,291.0,315.0,23.0,18.0,7.0,7.0,0.0,3.0,1.0,0.0,0.0,0.0,4.0,5.0,5.0,5.0,6.0,6.0,15.0,11.0,4.0,5.0,2.0,1.0,37.0,27.0,22.0,16.0,10.0,3.0,51.0,49.0,8.0,15.0,38.0,32.0,8.0,12.0,8.0,7.0,9.0,9.0,26.0,27.0,1.0,1.0,0.0,0.0,6.0,8.0,82.7,84.5,0.11,0.091,0.421,0.312,0.91,-0.45,80.0,62.5
2026-04-19,10:30,77333,Bundesliga 25/26,25/26,Bundesliga,Matchweek 30,Sun,Home,W,2.0,1.0,1. FC Heidenheim,46.0,,,,,,https://www.sofascore.com/1-fc-heidenheim-sc-freiburg/NabsKrc,Ended,SC Freiburg,for,1.62,1.58,3.0,3.0,0.0,0.0,3.0,3.0,5.0,4.0,10.0,9.0,344.0,389.0,263.0,312.0,18.0,8.0,9.0,10.0,1.0,1.0,1.0,0.0,0.0,0.0,1.0,2.0,6.0,4.0,7.0,7.0,12.0,10.0,5.0,3.0,1.0,0.0,24.0,23.0,14.0,39.0,2.0,6.0,58.0,42.0,2.0,11.0,33.0,20.0,23.0,20.0,7.0,2.0,6.0,5.0,31.0,23.0,0.0,0.0,2.0,1.0,7.0,9.0,76.5,80.2,0.095,0.122,0.235,0.154,0.38,-0.58,50.0,50.0
2026-04-19,10:30,77333,Bundesliga 25/26,25/26,Bundesliga,Matchweek 30,Sun,Away,L,1.0,2.0,SC Freiburg,54.0,,,,,,https://www.sofascore.com/1-fc-heidenheim-sc-freiburg/NabsKrc,Ended,1. FC Heidenheim,for,1.58,1.62,3.0,3.0,0.0,0.0,3.0,3.0,4.0,5.0,9.0,10.0,389.0,344.0,312.0,263.0,8.0,18.0,10.0,9.0,1.0,1.0,0.0,1.0,0.0,0.0,2.0,1.0,4.0,6.0,7.0,7.0,10.0,12.0,3.0,5.0,0.0,1.0,23.0,24.0,39.0,14.0,6.0,2.0,42.0,58.0,11.0,2.0,20.0,33.0,20.0,23.0,2.0,7.0,5.0,6.0,23.0,31.0,0.0,0.0,1.0,2.0,9.0,7.0,80.2,76.5,0.122,0.095,0.154,0.235,-0.58,0.38,50.0,50.0
2026-04-19,12:30,77333,Bundesliga 25/26,25/26,Bundesliga,Matchweek 30,Sun,Home,W,4.0,2.0,VfB Stuttgart,66.0,,,,,,https://www.sofascore.com/vfb-stuttgart-fc-bayern-munchen/xdbsCdb,Ended,FC Bayern München,for,4.61,1.35,7.0,2.0,3.0,1.0,4.0,1.0,11.0,3.0,6.0,3.0,672.0,335.0,612.0,270.0,5.0,22.0,3.0,6.0,6.0,1.0,0.0,0.0,0.0,0.0,5.0,4.0,11.0,3.0,8.0,1.0,22.0,7.0,6.0,4.0,4.0,1.0,56.0,20.0,22.0,22.0,3.0,3.0,35.0,65.0,7.0,4.0,15.0,35.0,10.0,12.0,7.0,7.0,10.0,7.0,13.0,33.0,0.0,2.0,1.0,0.0,6.0,10.0,91.1,80.6,0.165,0.123,0.321,0.636,-0.61,0.65,71.4,44.4
2026-04-19,12:30,77333,Bundesliga 25/26,25/26,Bundesliga,Matchweek 30,Sun,Away,L,2.0,4.0,FC Bayern München,34.0,,,,,,https://www.sofascore.com/vfb-stuttgart-fc-bayern-munchen/xdbsCdb,Ended,VfB Stuttgart,for,1.35,4.61,2.0,7.0,1.0,3.0,1.0,4.0,3.0,11.0,3.0,6.0,335.0,672.0,270.0,612.0,22.0,5.0,6.0,3.0,1.0,6.0,0.0,0.0,0.0,0.0,4.0,5.0,3.0,11.0,1.0,8.0,7.0,22.0,4.0,6.0,1.0,4.0,20.0,56.0,22.0,22.0,3.0,3.0,65.0,35.0,4.0,7.0,35.0,15.0,12.0,10.0,7.0,7.0,7.0,10.0,33.0,13.0,2.0,0.0,0.0,1.0,10.0,6.0,80.6,91.1,0.123,0.165,0.636,0.321,0.65,-0.61,44.4,71.4
2026-04-19,14:30,77333,Bundesliga 25/26,25/26,Bundesliga,Matchweek 30,Sun,Home,D,1.0,1.0,1. FSV Mainz 05,38.0,,,,,,https://www.sofascore.com/1-fsv-mainz-05-borussia-mgladbach/Cabsgbb,Ended,Borussia M'gladbach,for,0.62,2.32,3.0,5.0,0.0,1.0,3.0,4.0,0.0,6.0,12.0,8.0,366.0,588.0,289.0,513.0,13.0,12.0,8.0,11.0,0.0,2.0,5.0,2.0,0.0,0.0,6.0,3.0,3.0,5.0,2.0,5.0,7.0,10.0,2.0,7.0,0.0,1.0,18.0,36.0,15.0,21.0,3.0,11.0,48.0,52.0,6.0,6.0,23.0,31.0,20.0,15.0,2.0,7.0,12.0,10.0,49.0,20.0,0.0,1.0,0.0,1.0,11.0,4.0,79.0,87.2,0.069,0.136,0.444,0.412,0.38,-1.32,85.7,75.0
2026-04-19,14:30,77333,Bundesliga 25/26,25/26,Bundesliga,Matchweek 30,Sun,Away,D,1.0,1.0,Borussia M'gladbach,62.0,,,,,,https://www.sofascore.com/1-fsv-mainz-05-borussia-mgladbach/Cabsgbb,Ended,1. FSV Mainz 05,for,2.32,0.62,5.0,3.0,1.0,0.0,4.0,3.0,6.0,0.0,8.0,12.0,588.0,366.0,513.0,289.0,12.0,13.0,11.0,8.0,2.0,0.0,2.0,5.0,0.0,0.0,3.0,6.0,5.0,3.0,5.0,2.0,10.0,7.0,7.0,2.0,1.0,0.0,36.0,18.0,21.0,15.0,11.0,3.0,52.0,48.0,6.0,6.0,31.0,23.0,15.0,20.0,7.0,2.0,10.0,12.0,20.0,49.0,1.0,0.0,1.0,0.0,4.0,11.0,87.2,79.0,0.136,0.069,0.412,0.444,-1.32,0.38,75.0,85.7
2026-04-24,15:30,77333,Bundesliga 25/26,25/26,Bundesliga,Matchweek 31,Fri,Home,W,3.0,1.0,1. FC Union Berlin,67.0,,,,,,https://www.sofascore.com/rb-leipzig-1-fc-union-berlin/XabskCo,Ended,RB Leipzig,for,4.49,0.19,9.0,2.0,2.0,1.0,7.0,1.0,10.0,4.0,6.0,10.0,602.0,296.0,524.0,212.0,16.0,23.0,10.0,6.0,1.0,3.0,1.0,1.0,0.0,0.0,0.0,6.0,4.0,1.0,6.0,3.0,14.0,3.0,6.0,2.0,1.0,0.0,37.0,8.0,20.0,25.0,2.0,3.0,50.0,50.0,13.0,7.0,39.0,33.0,14.0,21.0,13.0,5.0,1.0,13.0,19.0,34.0,0.0,1.0,0.0,0.0,9.0,9.0,87.0,71.6,0.225,0.038,0.5,0.2,-1.49,0.81,0.0,60.0
2026-04-24,15:30,77333,Bundesliga 25/26,25/26,Bundesliga,Matchweek 31,Fri,Away,L,1.0,3.0,RB Leipzig,33.0,,,,,,https://www.sofascore.com/rb-leipzig-1-fc-union-berlin/XabskCo,Ended,1. FC Union Berlin,for,0.19,4.49,2.0,9.0,1.0,2.0,1.0,7.0,4.0,10.0,10.0,6.0,296.0,602.0,212.0,524.0,23.0,16.0,6.0,10.0,3.0,1.0,1.0,1.0,0.0,0.0,6.0,0.0,1.0,4.0,3.0,6.0,3.0,14.0,2.0,6.0,0.0,1.0,8.0,37.0,25.0,20.0,3.0,2.0,50.0,50.0,7.0,13.0,33.0,39.0,21.0,14.0,5.0,13.0,13.0,1.0,34.0,19.0,1.0,0.0,0.0,0.0,9.0,9.0,71.6,87.0,0.038,0.225,0.2,0.5,0.81,-1.49,60.0,0.0
2026-04-25,10:30,77333,Bundesliga 25/26,25/26,Bundesliga,Matchweek 31,Sat,Home,L,3.0,4.0,FC Bayern München,30.0,,,,,,https://www.sofascore.com/fc-bayern-munchen-1-fsv-mainz-05/gbbsxdb,Ended,1. FSV Mainz 05,for,2.69,2.21,5.0,5.0,3.0,2.0,2.0,3.0,4.0,4.0,14.0,10.0,253.0,618.0,193.0,555.0,23.0,15.0,10.0,14.0,1.0,0.0,1.0,2.0,0.0,0.0,2.0,5.0,5.0,1.0,8.0,4.0,15.0,10.0,6.0,1.0,1.0,3.0,34.0,43.0,23.0,14.0,4.0,5.0,49.0,51.0,6.0,10.0,40.0,42.0,12.0,12.0,7.0,13.0,11.0,9.0,27.0,36.0,0.0,0.0,1.0,0.0,9.0,11.0,76.3,89.8,0.128,0.201,0.381,0.545,0.31,1.79,33.3,62.5
2026-04-25,10:30,77333,Bundesliga 25/26,25/26,Bundesliga,Matchweek 31,Sat,Away,W,4.0,3.0,1. FSV Mainz 05,70.0,,,,,,https://www.sofascore.com/fc-bayern-munchen-1-fsv-mainz-05/gbbsxdb,Ended,FC Bayern München,for,2.21,2.69,5.0,5.0,2.0,3.0,3.0,2.0,4.0,4.0,10.0,14.0,618.0,253.0,555.0,193.0,15.0,23.0,14.0,10.0,0.0,1.0,2.0,1.0,0.0,0.0,5.0,2.0,1.0,5.0,4.0,8.0,10.0,15.0,1.0,6.0,3.0,1.0,43.0,34.0,14.0,23.0,5.0,4.0,51.0,49.0,10.0,6.0,42.0,40.0,12.0,12.0,13.0,7.0,9.0,11.0,36.0,27.0,0.0,0.0,0.0,1.0,11.0,9.0,89.8,76.3,0.201,0.128,0.545,0.381,1.79,0.31,62.5,33.3
2026-04-25,10:30,77333,Bundesliga 25/26,25/26,Bundesliga,Matchweek 31,Sat,Home,L,1.0,2.0,Bayer 04 Leverkusen,45.0,,,,,,https://www.sofascore.com/bayer-04-leverkusen-1-fc-koln/wdbsGdb,Ended,1. FC Köln,for,3.04,1.33,6.0,3.0,1.0,2.0,5.0,1.0,2.0,5.0,11.0,5.0,459.0,574.0,390.0,499.0,13.0,19.0,5.0,10.0,1.0,2.0,1.0,2.0,0.0,0.0,1.0,8.0,7.0,2.0,8.0,3.0,19.0,5.0,6.0,3.0,2.0,0.0,41.0,16.0,18.0,26.0,4.0,1.0,46.0,54.0,8.0,6.0,29.0,32.0,7.0,11.0,11.0,4.0,9.0,10.0,18.0,25.0,1.0,7.0,0.0,1.0,7.0,9.0,85.0,86.9,0.122,0.166,0.4,0.375,-2.04,0.67,33.3,80.0
2026-04-25,10:30,77333,Bundesliga 25/26,25/26,Bundesliga,Matchweek 31,Sat,Away,W,2.0,1.0,1. FC Köln,55.0,,,,,,https://www.sofascore.com/bayer-04-leverkusen-1-fc-koln/wdbsGdb,Ended,Bayer 04 Leverkusen,for,1.33,3.04,3.0,6.0,2.0,1.0,1.0,5.0,5.0,2.0,5.0,11.0,574.0,459.0,499.0,390.0,19.0,13.0,10.0,5.0,2.0,1.0,2.0,1.0,0.0,0.0,8.0,1.0,2.0,7.0,3.0,8.0,5.0,19.0,3.0,6.0,0.0,2.0,16.0,41.0,26.0,18.0,1.0,4.0,54.0,46.0,6.0,8.0,32.0,29.0,11.0,7.0,4.0,11.0,10.0,9.0,25.0,18.0,7.0,1.0,1.0,0.0,9.0,7.0,86.9,85.0,0.166,0.122,0.375,0.4,0.67,-2.04,80.0,33.3
2026-04-25,10:30,77333,Bundesliga 25/26,25/26,Bundesliga,Matchweek 31,Sat,Home,D,1.0,1.0,Eintracht Frankfurt,40.0,,,,,,https://www.sofascore.com/eintracht-frankfurt-fc-augsburg/acbszdb,Ended,FC Augsburg,for,2.0,1.11,3.0,1.0,1.0,0.0,2.0,1.0,9.0,7.0,11.0,13.0,289.0,485.0,219.0,418.0,24.0,17.0,13.0,11.0,1.0,1.0,1.0,2.0,0.0,0.0,6.0,2.0,6.0,4.0,8.0,8.0,13.0,10.0,4.0,9.0,0.0,1.0,38.0,32.0,24.0,11.0,8.0,5.0,52.0,48.0,7.0,13.0,46.0,39.0,13.0,16.0,10.0,11.0,8.0,14.0,26.0,42.0,1.0,1.0,0.0,0.0,12.0,9.0,75.8,86.2,0.118,0.058,0.176,0.368,-1.0,-0.11,85.7,66.7
2026-04-25,10:30,77333,Bundesliga 25/26,25/26,Bundesliga,Matchweek 31,Sat,Away,D,1.0,1.0,FC Augsburg,60.0,,,,,,https://www.sofascore.com/eintracht-frankfurt-fc-augsburg/acbszdb,Ended,Eintracht Frankfurt,for,1.11,2.0,1.0,3.0,0.0,1.0,1.0,2.0,7.0,9.0,13.0,11.0,485.0,289.0,418.0,219.0,17.0,24.0,11.0,13.0,1.0,1.0,2.0,1.0,0.0,0.0,2.0,6.0,4.0,6.0,8.0,8.0,10.0,13.0,9.0,4.0,1.0,0.0,32.0,38.0,11.0,24.0,5.0,8.0,48.0,52.0,13.0,7.0,39.0,46.0,16.0,13.0,11.0,10.0,14.0,8.0,42.0,26.0,1.0,1.0,0.0,0.0,9.0,12.0,86.2,75.8,0.058,0.118,0.368,0.176,-0.11,-1.0,66.7,85.7
2026-04-25,10:30,77333,Bundesliga 25/26,25/26,Bundesliga,Matchweek 31,Sat,Home,D,0.0,0.0,Borussia M'gladbach,44.0,,,,,,https://www.sofascore.com/borussia-mgladbach-vfl-wolfsburg/zabsCab,Ended,VfL Wolfsburg,for,1.47,0.51,2.0,0.0,0.0,0.0,2.0,0.0,8.0,5.0,11.0,5.0,394.0,523.0,303.0,442.0,12.0,12.0,5.0,11.0,1.0,4.0,1.0,3.0,0.0,1.0,2.0,4.0,3.0,1.0,5.0,7.0,8.0,6.0,4.0,4.0,1.0,0.0,31.0,20.0,20.0,18.0,5.0,2.0,50.0,50.0,9.0,6.0,26.0,28.0,12.0,10.0,9.0,6.0,10.0,8.0,22.0,29.0,1.0,0.0,0.0,1.0,13.0,11.0,76.9,84.5,0.122,0.051,0.333,0.2,-1.47,-0.51,100.0,100.0
2026-04-25,10:30,77333,Bundesliga 25/26,25/26,Bundesliga,Matchweek 31,Sat,Away,D,0.0,0.0,VfL Wolfsburg,56.0,,,,,,https://www.sofascore.com/borussia-mgladbach-vfl-wolfsburg/zabsCab,Ended,Borussia M'gladbach,for,0.51,1.47,0.0,2.0,0.0,0.0,0.0,2.0,5.0,8.0,5.0,11.0,523.0,394.0,442.0,303.0,12.0,12.0,11.0,5.0,4.0,1.0,3.0,1.0,1.0,0.0,4.0,2.0,1.0,3.0,7.0,5.0,6.0,8.0,4.0,4.0,0.0,1.0,20.0,31.0,18.0,20.0,2.0,5.0,50.0,50.0,6.0,9.0,28.0,26.0,10.0,12.0,6.0,9.0,8.0,10.0,29.0,22.0,0.0,1.0,1.0,0.0,11.0,13.0,84.5,76.9,0.051,0.122,0.2,0.333,-0.51,-1.47,100.0,100.0
2026-04-25,10:30,77333,Bundesliga 25/26,25/26,Bundesliga,Matchweek 31,Sat,Home,W,2.0,0.0,FC St. Pauli,45.0,,,,,,https://www.sofascore.com/1-fc-heidenheim-fc-st-pauli/BabsKrc,Ended,1. FC Heidenheim,for,1.61,1.06,3.0,2.0,2.0,0.0,1.0,2.0,6.0,6.0,7.0,6.0,388.0,471.0,288.0,357.0,15.0,20.0,6.0,7.0,1.0,3.0,0.0,1.0,0.0,0.0,2.0,3.0,4.0,3.0,3.0,6.0,10.0,7.0,2.0,4.0,0.0,1.0,24.0,19.0,32.0,21.0,3.0,3.0,50.0,50.0,7.0,4.0,26.0,28.0,23.0,21.0,5.0,3.0,9.0,6.0,37.0,23.0,0.0,0.0,0.0,1.0,9.0,8.0,74.2,75.8,0.134,0.096,0.417,0.182,0.39,-1.06,100.0,60.0
2026-04-25,10:30,77333,Bundesliga 25/26,25/26,Bundesliga,Matchweek 31,Sat,Away,L,0.0,2.0,1. FC Heidenheim,55.0,,,,,,https://www.sofascore.com/1-fc-heidenheim-fc-st-pauli/BabsKrc,Ended,FC St. Pauli,for,1.06,1.61,2.0,3.0,0.0,2.0,2.0,1.0,6.0,6.0,6.0,7.0,471.0,388.0,357.0,288.0,20.0,15.0,7.0,6.0,3.0,1.0,1.0,0.0,0.0,0.0,3.0,2.0,3.0,4.0,6.0,3.0,7.0,10.0,4.0,2.0,1.0,0.0,19.0,24.0,21.0,32.0,3.0,3.0,50.0,50.0,4.0,7.0,28.0,26.0,21.0,23.0,3.0,5.0,6.0,9.0,23.0,37.0,0.0,0.0,1.0,0.0,8.0,9.0,75.8,74.2,0.096,0.134,0.182,0.417,-1.06,0.39,60.0,100.0
2026-04-25,13:30,77333,Bundesliga 25/26,25/26,Bundesliga,Matchweek 31,Sat,Home,L,1.0,2.0,TSG Hoffenheim,41.0,,,,,,https://www.sofascore.com/hamburger-sv-tsg-hoffenheim/ubbsBdb,Ended,Hamburger SV,for,1.37,1.45,2.0,4.0,1.0,2.0,1.0,2.0,4.0,9.0,11.0,18.0,317.0,435.0,233.0,353.0,22.0,14.0,17.0,11.0,1.0,1.0,2.0,4.0,0.0,0.0,4.0,3.0,3.0,3.0,5.0,6.0,11.0,8.0,1.0,7.0,0.0,0.0,26.0,33.0,21.0,17.0,4.0,9.0,56.0,44.0,8.0,15.0,50.0,29.0,17.0,23.0,10.0,5.0,13.0,7.0,46.0,19.0,1.0,0.0,1.0,3.0,10.0,5.0,73.5,81.1,0.114,0.097,0.333,0.4,-0.37,0.55,66.7,75.0
2026-04-25,13:30,77333,Bundesliga 25/26,25/26,Bundesliga,Matchweek 31,Sat,Away,W,2.0,1.0,Hamburger SV,59.0,,,,,,https://www.sofascore.com/hamburger-sv-tsg-hoffenheim/ubbsBdb,Ended,TSG Hoffenheim,for,1.45,1.37,4.0,2.0,2.0,1.0,2.0,1.0,9.0,4.0,18.0,11.0,435.0,317.0,353.0,233.0,14.0,22.0,11.0,17.0,1.0,1.0,4.0,2.0,0.0,0.0,3.0,4.0,3.0,3.0,6.0,5.0,8.0,11.0,7.0,1.0,0.0,0.0,33.0,26.0,17.0,21.0,9.0,4.0,44.0,56.0,15.0,8.0,29.0,50.0,23.0,17.0,5.0,10.0,7.0,13.0,19.0,46.0,0.0,1.0,3.0,1.0,5.0,10.0,81.1,73.5,0.097,0.114,0.4,0.333,0.55,-0.37,75.0,66.7
2026-04-26,10:30,77333,Bundesliga 25/26,25/26,Bundesliga,Matchweek 31,Sun,Home,D,1.0,1.0,SV Werder Bremen,69.0,,,,,,https://www.sofascore.com/vfb-stuttgart-sv-werder-bremen/JabsCdb,Ended,VfB Stuttgart,for,1.82,0.93,4.0,2.0,1.0,0.0,3.0,2.0,14.0,2.0,8.0,10.0,663.0,313.0,588.0,237.0,13.0,21.0,10.0,8.0,0.0,1.0,0.0,1.0,0.0,0.0,2.0,3.0,8.0,2.0,8.0,4.0,9.0,9.0,11.0,0.0,0.0,0.0,37.0,19.0,22.0,27.0,6.0,4.0,48.0,52.0,11.0,4.0,30.0,32.0,15.0,17.0,7.0,3.0,11.0,10.0,6.0,38.0,1.0,2.0,1.0,3.0,6.0,9.0,88.7,75.7,0.091,0.103,0.2,0.333,-0.82,0.07,66.7,75.0
2026-04-26,10:30,77333,Bundesliga 25/26,25/26,Bundesliga,Matchweek 31,Sun,Away,D,1.0,1.0,VfB Stuttgart,31.0,,,,,,https://www.sofascore.com/vfb-stuttgart-sv-werder-bremen/JabsCdb,Ended,SV Werder Bremen,for,0.93,1.82,2.0,4.0,0.0,1.0,2.0,3.0,2.0,14.0,10.0,8.0,313.0,663.0,237.0,588.0,21.0,13.0,8.0,10.0,1.0,0.0,1.0,0.0,0.0,0.0,3.0,2.0,2.0,8.0,4.0,8.0,9.0,9.0,0.0,11.0,0.0,0.0,19.0,37.0,27.0,22.0,4.0,6.0,52.0,48.0,4.0,11.0,32.0,30.0,17.0,15.0,3.0,7.0,10.0,11.0,38.0,6.0,2.0,1.0,3.0,1.0,9.0,6.0,75.7,88.7,0.103,0.091,0.333,0.2,0.07,-0.82,75.0,66.7
2026-04-26,12:30,77333,Bundesliga 25/26,25/26,Bundesliga,Matchweek 31,Sun,Home,W,4.0,0.0,SC Freiburg,61.0,,,,,,https://www.sofascore.com/borussia-dortmund-sc-freiburg/Nabsydb,Ended,Borussia Dortmund,for,3.37,0.76,5.0,1.0,4.0,1.0,1.0,1.0,5.0,0.0,19.0,10.0,548.0,358.0,467.0,282.0,18.0,13.0,10.0,19.0,0.0,2.0,1.0,0.0,0.0,0.0,4.0,1.0,7.0,0.0,5.0,3.0,12.0,5.0,5.0,2.0,2.0,1.0,31.0,11.0,28.0,23.0,6.0,1.0,52.0,48.0,7.0,12.0,33.0,34.0,14.0,10.0,6.0,3.0,6.0,9.0,12.0,27.0,0.0,0.0,1.0,1.0,6.0,9.0,85.2,78.8,0.198,0.109,0.294,0.571,0.63,-0.76,100.0,20.0
2026-04-26,12:30,77333,Bundesliga 25/26,25/26,Bundesliga,Matchweek 31,Sun,Away,L,0.0,4.0,Borussia Dortmund,39.0,,,,,,https://www.sofascore.com/borussia-dortmund-sc-freiburg/Nabsydb,Ended,SC Freiburg,for,0.76,3.37,1.0,5.0,1.0,4.0,1.0,1.0,0.0,5.0,10.0,19.0,358.0,548.0,282.0,467.0,13.0,18.0,19.0,10.0,2.0,0.0,0.0,1.0,0.0,0.0,1.0,4.0,0.0,7.0,3.0,5.0,5.0,12.0,2.0,5.0,1.0,2.0,11.0,31.0,23.0,28.0,1.0,6.0,48.0,52.0,12.0,7.0,34.0,33.0,10.0,14.0,3.0,6.0,9.0,6.0,27.0,12.0,0.0,0.0,1.0,1.0,9.0,6.0,78.8,85.2,0.109,0.198,0.571,0.294,-0.76,0.63,20.0,100.0
2026-05-02,10:30,77333,Bundesliga 25/26,25/26,Bundesliga,Matchweek 32,Sat,Home,D,3.0,3.0,1. FC Heidenheim,75.0,,,,,,https://www.sofascore.com/1-fc-heidenheim-fc-bayern-munchen/xdbsKrc,Ended,FC Bayern München,for,2.31,2.59,2.0,3.0,1.0,2.0,1.0,1.0,13.0,5.0,6.0,7.0,675.0,229.0,604.0,155.0,7.0,19.0,7.0,6.0,2.0,2.0,3.0,2.0,0.0,0.0,2.0,3.0,8.0,4.0,8.0,3.0,6.0,8.0,17.0,4.0,0.0,2.0,38.0,21.0,13.0,17.0,4.0,1.0,49.0,51.0,11.0,2.0,29.0,27.0,8.0,12.0,16.0,2.0,8.0,11.0,22.0,39.0,1.0,0.0,0.0,0.0,3.0,9.0,89.5,67.7,0.1,0.216,0.304,0.417,0.69,0.41,40.0,42.9
2026-05-02,10:30,77333,Bundesliga 25/26,25/26,Bundesliga,Matchweek 32,Sat,Away,D,3.0,3.0,FC Bayern München,25.0,,,,,,https://www.sofascore.com/1-fc-heidenheim-fc-bayern-munchen/xdbsKrc,Ended,1. FC Heidenheim,for,2.59,2.31,3.0,2.0,2.0,1.0,1.0,1.0,5.0,13.0,7.0,6.0,229.0,675.0,155.0,604.0,19.0,7.0,6.0,7.0,2.0,2.0,2.0,3.0,0.0,0.0,3.0,2.0,4.0,8.0,3.0,8.0,8.0,6.0,4.0,17.0,2.0,0.0,21.0,38.0,17.0,13.0,1.0,4.0,51.0,49.0,2.0,11.0,27.0,29.0,12.0,8.0,2.0,16.0,11.0,8.0,39.0,22.0,0.0,1.0,0.0,0.0,9.0,3.0,67.7,89.5,0.216,0.1,0.417,0.304,0.41,0.69,42.9,40.0
2026-05-02,10:30,77333,Bundesliga 25/26,25/26,Bundesliga,Matchweek 32,Sat,Home,L,1.0,2.0,Hamburger SV,64.0,,,,,,https://www.sofascore.com/hamburger-sv-eintracht-frankfurt/zdbsBdb,Ended,Eintracht Frankfurt,for,0.65,0.62,1.0,1.0,1.0,1.0,0.0,0.0,9.0,4.0,13.0,5.0,502.0,291.0,431.0,239.0,19.0,15.0,5.0,13.0,0.0,2.0,6.0,1.0,1.0,0.0,2.0,4.0,2.0,2.0,1.0,3.0,5.0,4.0,3.0,5.0,2.0,2.0,23.0,18.0,30.0,24.0,1.0,1.0,49.0,51.0,7.0,10.0,31.0,34.0,17.0,15.0,7.0,7.0,9.0,9.0,21.0,38.0,0.0,1.0,0.0,1.0,5.0,7.0,85.9,82.1,0.081,0.069,0.625,0.444,0.35,1.38,50.0,80.0
2026-05-02,10:30,77333,Bundesliga 25/26,25/26,Bundesliga,Matchweek 32,Sat,Away,W,2.0,1.0,Eintracht Frankfurt,36.0,,,,,,https://www.sofascore.com/hamburger-sv-eintracht-frankfurt/zdbsBdb,Ended,Hamburger SV,for,0.62,0.65,1.0,1.0,1.0,1.0,0.0,0.0,4.0,9.0,5.0,13.0,291.0,502.0,239.0,431.0,15.0,19.0,13.0,5.0,2.0,0.0,1.0,6.0,0.0,1.0,4.0,2.0,2.0,2.0,3.0,1.0,4.0,5.0,5.0,3.0,2.0,2.0,18.0,23.0,24.0,30.0,1.0,1.0,51.0,49.0,10.0,7.0,34.0,31.0,15.0,17.0,7.0,7.0,9.0,9.0,38.0,21.0,1.0,0.0,1.0,0.0,7.0,5.0,82.1,85.9,0.069,0.081,0.444,0.625,1.38,0.35,80.0,50.0
2026-05-02,10:30,77333,Bundesliga 25/26,25/26,Bundesliga,Matchweek 32,Sat,Home,D,3.0,3.0,VfB Stuttgart,46.0,,,,,,https://www.sofascore.com/vfb-stuttgart-tsg-hoffenheim/ubbsCdb,Ended,TSG Hoffenheim,for,2.47,1.57,4.0,5.0,2.0,2.0,2.0,3.0,4.0,5.0,18.0,9.0,357.0,416.0,276.0,333.0,9.0,7.0,9.0,18.0,2.0,3.0,3.0,1.0,0.0,1.0,2.0,6.0,3.0,4.0,10.0,5.0,13.0,10.0,9.0,4.0,0.0,0.0,40.0,17.0,28.0,17.0,3.0,4.0,44.0,56.0,3.0,3.0,21.0,28.0,11.0,12.0,3.0,4.0,7.0,6.0,23.0,26.0,0.0,1.0,1.0,0.0,6.0,9.0,77.3,80.0,0.112,0.112,0.409,0.357,0.53,1.43,40.0,66.7
2026-05-02,10:30,77333,Bundesliga 25/26,25/26,Bundesliga,Matchweek 32,Sat,Away,D,3.0,3.0,TSG Hoffenheim,54.0,,,,,,https://www.sofascore.com/vfb-stuttgart-tsg-hoffenheim/ubbsCdb,Ended,VfB Stuttgart,for,1.57,2.47,5.0,4.0,2.0,2.0,3.0,2.0,5.0,4.0,9.0,18.0,416.0,357.0,333.0,276.0,7.0,9.0,18.0,9.0,3.0,2.0,1.0,3.0,1.0,0.0,6.0,2.0,4.0,3.0,5.0,10.0,10.0,13.0,4.0,9.0,0.0,0.0,17.0,40.0,17.0,28.0,4.0,3.0,56.0,44.0,3.0,3.0,28.0,21.0,12.0,11.0,4.0,3.0,6.0,7.0,26.0,23.0,1.0,0.0,0.0,1.0,9.0,6.0,80.0,77.3,0.112,0.112,0.357,0.409,1.43,0.53,66.7,40.0
2026-05-02,10:30,77333,Bundesliga 25/26,25/26,Bundesliga,Matchweek 32,Sat,Home,D,2.0,2.0,1. FC Köln,59.0,,,,,,https://www.sofascore.com/1-fc-koln-1-fc-union-berlin/Xabswdb,Ended,1. FC Union Berlin,for,1.15,1.75,1.0,3.0,0.0,0.0,1.0,3.0,2.0,5.0,7.0,10.0,464.0,335.0,352.0,247.0,14.0,13.0,10.0,7.0,0.0,2.0,2.0,3.0,0.0,0.0,2.0,1.0,4.0,0.0,6.0,4.0,9.0,6.0,4.0,2.0,0.0,1.0,31.0,20.0,24.0,20.0,8.0,3.0,56.0,44.0,9.0,5.0,29.0,23.0,30.0,23.0,6.0,3.0,1.0,7.0,30.0,50.0,0.0,1.0,1.0,0.0,12.0,11.0,75.9,73.7,0.088,0.219,0.231,0.5,0.85,0.25,50.0,33.3
2026-05-02,10:30,77333,Bundesliga 25/26,25/26,Bundesliga,Matchweek 32,Sat,Away,D,2.0,2.0,1. FC Union Berlin,41.0,,,,,,https://www.sofascore.com/1-fc-koln-1-fc-union-berlin/Xabswdb,Ended,1. FC Köln,for,1.75,1.15,3.0,1.0,0.0,0.0,3.0,1.0,5.0,2.0,10.0,7.0,335.0,464.0,247.0,352.0,13.0,14.0,7.0,10.0,2.0,0.0,3.0,2.0,0.0,0.0,1.0,2.0,0.0,4.0,4.0,6.0,6.0,9.0,2.0,4.0,1.0,0.0,20.0,31.0,20.0,24.0,3.0,8.0,44.0,56.0,5.0,9.0,23.0,29.0,23.0,30.0,3.0,6.0,7.0,1.0,50.0,30.0,1.0,0.0,0.0,1.0,11.0,12.0,73.7,75.9,0.219,0.088,0.5,0.231,0.25,0.85,33.3,50.0
2026-05-02,10:30,77333,Bundesliga 25/26,25/26,Bundesliga,Matchweek 32,Sat,Home,L,1.0,3.0,FC Augsburg,68.0,,,,,,https://www.sofascore.com/fc-augsburg-sv-werder-bremen/Jabsacb,Ended,SV Werder Bremen,for,1.35,2.57,1.0,5.0,0.0,2.0,1.0,3.0,8.0,2.0,11.0,4.0,667.0,316.0,577.0,225.0,13.0,15.0,4.0,11.0,4.0,1.0,1.0,1.0,0.0,0.0,4.0,3.0,5.0,1.0,6.0,6.0,8.0,11.0,7.0,3.0,1.0,1.0,31.0,19.0,29.0,13.0,8.0,5.0,50.0,50.0,5.0,3.0,22.0,32.0,22.0,12.0,5.0,8.0,7.0,13.0,7.0,30.0,1.0,0.0,1.0,0.0,8.0,13.0,86.5,71.2,0.09,0.184,0.267,0.5,-0.35,0.43,57.1,75.0
2026-05-02,10:30,77333,Bundesliga 25/26,25/26,Bundesliga,Matchweek 32,Sat,Away,W,3.0,1.0,SV Werder Bremen,32.0,,,,,,https://www.sofascore.com/fc-augsburg-sv-werder-bremen/Jabsacb,Ended,FC Augsburg,for,2.57,1.35,5.0,1.0,2.0,0.0,3.0,1.0,2.0,8.0,4.0,11.0,316.0,667.0,225.0,577.0,15.0,13.0,11.0,4.0,1.0,4.0,1.0,1.0,0.0,0.0,3.0,4.0,1.0,5.0,6.0,6.0,11.0,8.0,3.0,7.0,1.0,1.0,19.0,31.0,13.0,29.0,5.0,8.0,50.0,50.0,3.0,5.0,32.0,22.0,12.0,22.0,8.0,5.0,13.0,7.0,30.0,7.0,0.0,1.0,0.0,1.0,13.0,8.0,71.2,86.5,0.184,0.09,0.5,0.267,0.43,-0.35,75.0,57.1
2026-05-02,13:30,77333,Bundesliga 25/26,25/26,Bundesliga,Matchweek 32,Sat,Home,W,4.0,1.0,RB Leipzig,55.0,,,,,,https://www.sofascore.com/rb-leipzig-bayer-04-leverkusen/GdbskCo,Ended,Bayer 04 Leverkusen,for,4.42,1.17,9.0,2.0,4.0,1.0,5.0,1.0,7.0,3.0,7.0,12.0,504.0,414.0,449.0,356.0,19.0,18.0,12.0,7.0,0.0,0.0,1.0,3.0,0.0,0.0,3.0,3.0,7.0,4.0,8.0,5.0,21.0,9.0,2.0,5.0,1.0,1.0,35.0,27.0,29.0,7.0,6.0,3.0,55.0,45.0,5.0,11.0,40.0,30.0,7.0,9.0,9.0,5.0,9.0,10.0,15.0,14.0,0.0,0.0,1.0,1.0,14.0,9.0,89.1,86.0,0.192,0.084,0.348,0.357,-0.42,-0.17,60.0,37.5
2026-05-02,13:30,77333,Bundesliga 25/26,25/26,Bundesliga,Matchweek 32,Sat,Away,L,1.0,4.0,Bayer 04 Leverkusen,45.0,,,,,,https://www.sofascore.com/rb-leipzig-bayer-04-leverkusen/GdbskCo,Ended,RB Leipzig,for,1.17,4.42,2.0,9.0,1.0,4.0,1.0,5.0,3.0,7.0,12.0,7.0,414.0,504.0,356.0,449.0,18.0,19.0,7.0,12.0,0.0,0.0,3.0,1.0,0.0,0.0,3.0,3.0,4.0,7.0,5.0,8.0,9.0,21.0,5.0,2.0,1.0,1.0,27.0,35.0,7.0,29.0,3.0,6.0,45.0,55.0,11.0,5.0,30.0,40.0,9.0,7.0,5.0,9.0,10.0,9.0,14.0,15.0,0.0,0.0,1.0,1.0,9.0,14.0,86.0,89.1,0.084,0.192,0.357,0.348,-0.17,-0.42,37.5,60.0
2026-05-03,10:30,77333,Bundesliga 25/26,25/26,Bundesliga,Matchweek 32,Sun,Home,L,1.0,2.0,1. FSV Mainz 05,52.0,,,,,,https://www.sofascore.com/1-fsv-mainz-05-fc-st-pauli/Babsgbb,Ended,FC St. Pauli,for,0.84,2.54,3.0,5.0,1.0,2.0,2.0,3.0,7.0,7.0,10.0,8.0,494.0,465.0,413.0,379.0,15.0,15.0,8.0,10.0,1.0,4.0,3.0,1.0,0.0,0.0,3.0,1.0,2.0,7.0,5.0,4.0,7.0,15.0,3.0,2.0,1.0,1.0,19.0,37.0,27.0,25.0,6.0,4.0,46.0,54.0,8.0,8.0,28.0,32.0,18.0,23.0,6.0,7.0,6.0,9.0,30.0,31.0,1.0,0.0,1.0,0.0,4.0,10.0,83.6,81.5,0.084,0.149,0.3,0.353,0.16,-0.54,50.0,33.3
2026-05-03,10:30,77333,Bundesliga 25/26,25/26,Bundesliga,Matchweek 32,Sun,Away,W,2.0,1.0,FC St. Pauli,48.0,,,,,,https://www.sofascore.com/1-fsv-mainz-05-fc-st-pauli/Babsgbb,Ended,1. FSV Mainz 05,for,2.54,0.84,5.0,3.0,2.0,1.0,3.0,2.0,7.0,7.0,8.0,10.0,465.0,494.0,379.0,413.0,15.0,15.0,10.0,8.0,4.0,1.0,1.0,3.0,0.0,0.0,1.0,3.0,7.0,2.0,4.0,5.0,15.0,7.0,2.0,3.0,1.0,1.0,37.0,19.0,25.0,27.0,4.0,6.0,54.0,46.0,8.0,8.0,32.0,28.0,23.0,18.0,7.0,6.0,9.0,6.0,31.0,30.0,0.0,1.0,0.0,1.0,10.0,4.0,81.5,83.6,0.149,0.084,0.353,0.3,-0.54,0.16,33.3,50.0
2026-05-03,12:30,77333,Bundesliga 25/26,25/26,Bundesliga,Matchweek 32,Sun,Home,W,1.0,0.0,Borussia Dortmund,51.0,,,,,,https://www.sofascore.com/borussia-dortmund-borussia-mgladbach/Cabsydb,Ended,Borussia M'gladbach,for,2.2,0.49,4.0,0.0,1.0,0.0,3.0,0.0,1.0,1.0,14.0,17.0,502.0,490.0,420.0,414.0,16.0,11.0,17.0,14.0,1.0,0.0,3.0,1.0,0.0,0.0,1.0,3.0,3.0,0.0,5.0,5.0,11.0,5.0,1.0,1.0,1.0,1.0,26.0,11.0,15.0,22.0,5.0,2.0,49.0,51.0,5.0,12.0,39.0,35.0,7.0,13.0,7.0,10.0,8.0,11.0,15.0,18.0,0.0,0.0,0.0,0.0,6.0,10.0,83.7,84.5,0.183,0.082,0.333,0.167,-1.2,-0.49,100.0,75.0
2026-05-03,12:30,77333,Bundesliga 25/26,25/26,Bundesliga,Matchweek 32,Sun,Away,L,0.0,1.0,Borussia M'gladbach,49.0,,,,,,https://www.sofascore.com/borussia-dortmund-borussia-mgladbach/Cabsydb,Ended,Borussia Dortmund,for,0.49,2.2,0.0,4.0,0.0,1.0,0.0,3.0,1.0,1.0,17.0,14.0,490.0,502.0,414.0,420.0,11.0,16.0,14.0,17.0,0.0,1.0,1.0,3.0,0.0,0.0,3.0,1.0,0.0,3.0,5.0,5.0,5.0,11.0,1.0,1.0,1.0,1.0,11.0,26.0,22.0,15.0,2.0,5.0,51.0,49.0,12.0,5.0,35.0,39.0,13.0,7.0,10.0,7.0,11.0,8.0,18.0,15.0,0.0,0.0,0.0,0.0,10.0,6.0,84.5,83.7,0.082,0.183,0.167,0.333,-0.49,-1.2,75.0,100.0
2026-05-03,14:30,77333,Bundesliga 25/26,25/26,Bundesliga,Matchweek 32,Sun,Home,D,1.0,1.0,VfL Wolfsburg,63.0,,,,,,https://www.sofascore.com/sc-freiburg-vfl-wolfsburg/zabsNab,Ended,SC Freiburg,for,0.94,0.82,1.0,1.0,0.0,0.0,1.0,1.0,1.0,7.0,5.0,11.0,501.0,287.0,422.0,201.0,12.0,25.0,11.0,5.0,2.0,1.0,1.0,1.0,0.0,0.0,3.0,2.0,3.0,2.0,5.0,7.0,8.0,6.0,3.0,7.0,0.0,1.0,26.0,14.0,29.0,19.0,7.0,4.0,51.0,49.0,15.0,6.0,29.0,35.0,17.0,10.0,6.0,5.0,5.0,7.0,32.0,25.0,1.0,0.0,0.0,0.0,9.0,10.0,84.2,70.0,0.085,0.063,0.273,0.308,0.06,0.18,75.0,66.7
2026-05-03,14:30,77333,Bundesliga 25/26,25/26,Bundesliga,Matchweek 32,Sun,Away,D,1.0,1.0,SC Freiburg,37.0,,,,,,https://www.sofascore.com/sc-freiburg-vfl-wolfsburg/zabsNab,Ended,VfL Wolfsburg,for,0.82,0.94,1.0,1.0,0.0,0.0,1.0,1.0,7.0,1.0,11.0,5.0,287.0,501.0,201.0,422.0,25.0,12.0,5.0,11.0,1.0,2.0,1.0,1.0,0.0,0.0,2.0,3.0,2.0,3.0,7.0,5.0,6.0,8.0,7.0,3.0,1.0,0.0,14.0,26.0,19.0,29.0,4.0,7.0,49.0,51.0,6.0,15.0,35.0,29.0,10.0,17.0,5.0,6.0,7.0,5.0,25.0,32.0,0.0,1.0,0.0,0.0,10.0,9.0,70.0,84.2,0.063,0.085,0.308,0.273,0.18,0.06,66.7,75.0
2026-05-08,15:30,77333,Bundesliga 25/26,25/26,Bundesliga,Matchweek 33,Fri,Home,W,3.0,2.0,Eintracht Frankfurt,56.0,,,,,,https://www.sofascore.com/eintracht-frankfurt-borussia-dortmund/ydbszdb,Ended,Borussia Dortmund,for,1.94,1.12,6.0,1.0,3.0,1.0,3.0,0.0,6.0,2.0,15.0,8.0,541.0,430.0,469.0,371.0,21.0,20.0,8.0,15.0,0.0,5.0,3.0,0.0,0.0,0.0,2.0,5.0,0.0,2.0,4.0,3.0,10.0,4.0,2.0,5.0,1.0,1.0,26.0,17.0,23.0,23.0,7.0,0.0,48.0,52.0,11.0,11.0,31.0,43.0,15.0,7.0,2.0,9.0,3.0,15.0,16.0,18.0,0.0,1.0,0.0,0.0,8.0,6.0,86.7,86.3,0.162,0.124,0.667,0.444,1.06,0.88,50.0,62.5
2026-05-08,15:30,77333,Bundesliga 25/26,25/26,Bundesliga,Matchweek 33,Fri,Away,L,2.0,3.0,Borussia Dortmund,44.0,,,,,,https://www.sofascore.com/eintracht-frankfurt-borussia-dortmund/ydbszdb,Ended,Eintracht Frankfurt,for,1.12,1.94,1.0,6.0,1.0,3.0,0.0,3.0,2.0,6.0,8.0,15.0,430.0,541.0,371.0,469.0,20.0,21.0,15.0,8.0,5.0,0.0,0.0,3.0,0.0,0.0,5.0,2.0,2.0,0.0,3.0,4.0,4.0,10.0,5.0,2.0,1.0,1.0,17.0,26.0,23.0,23.0,0.0,7.0,52.0,48.0,11.0,11.0,43.0,31.0,7.0,15.0,9.0,2.0,15.0,3.0,18.0,16.0,1.0,0.0,0.0,0.0,6.0,8.0,86.3,86.7,0.124,0.162,0.444,0.667,0.88,1.06,62.5,50.0
2026-05-09,10:30,77333,Bundesliga 25/26,25/26,Bundesliga,Matchweek 33,Sat,Home,,,,Bayer 04 Leverkusen,,,,,,,https://www.sofascore.com/bayer-04-leverkusen-vfb-stuttgart/CdbsGdb,Not started,VfB Stuttgart,for,,,,,,,,,,,,,,,,,,,,,,,,,,,,,,,,,,,,,,,,,,,,,,,,,,,,,,,,,,,,,,,,,,,,,,,,,,
2026-05-09,10:30,77333,Bundesliga 25/26,25/26,Bundesliga,Matchweek 33,Sat,Away,,,,VfB Stuttgart,,,,,,,https://www.sofascore.com/bayer-04-leverkusen-vfb-stuttgart/CdbsGdb,Not started,Bayer 04 Leverkusen,for,,,,,,,,,,,,,,,,,,,,,,,,,,,,,,,,,,,,,,,,,,,,,,,,,,,,,,,,,,,,,,,,,,,,,,,,,,
2026-05-09,10:30,77333,Bundesliga 25/26,25/26,Bundesliga,Matchweek 33,Sat,Home,,,,FC St. Pauli,,,,,,,https://www.sofascore.com/rb-leipzig-fc-st-pauli/BabskCo,Not started,RB Leipzig,for,,,,,,,,,,,,,,,,,,,,,,,,,,,,,,,,,,,,,,,,,,,,,,,,,,,,,,,,,,,,,,,,,,,,,,,,,,
2026-05-09,10:30,77333,Bundesliga 25/26,25/26,Bundesliga,Matchweek 33,Sat,Away,,,,RB Leipzig,,,,,,,https://www.sofascore.com/rb-leipzig-fc-st-pauli/BabskCo,Not started,FC St. Pauli,for,,,,,,,,,,,,,,,,,,,,,,,,,,,,,,,,,,,,,,,,,,,,,,,,,,,,,,,,,,,,,,,,,,,,,,,,,,
2026-05-09,10:30,77333,Bundesliga 25/26,25/26,Bundesliga,Matchweek 33,Sat,Home,,,,SV Werder Bremen,,,,,,,https://www.sofascore.com/tsg-hoffenheim-sv-werder-bremen/Jabsubb,Not started,TSG Hoffenheim,for,,,,,,,,,,,,,,,,,,,,,,,,,,,,,,,,,,,,,,,,,,,,,,,,,,,,,,,,,,,,,,,,,,,,,,,,,,
2026-05-09,10:30,77333,Bundesliga 25/26,25/26,Bundesliga,Matchweek 33,Sat,Away,,,,TSG Hoffenheim,,,,,,,https://www.sofascore.com/tsg-hoffenheim-sv-werder-bremen/Jabsubb,Not started,SV Werder Bremen,for,,,,,,,,,,,,,,,,,,,,,,,,,,,,,,,,,,,,,,,,,,,,,,,,,,,,,,,,,,,,,,,,,,,,,,,,,,
2026-05-09,10:30,77333,Bundesliga 25/26,25/26,Bundesliga,Matchweek 33,Sat,Home,,,,Borussia M'gladbach,,,,,,,https://www.sofascore.com/fc-augsburg-borussia-mgladbach/Cabsacb,Not started,FC Augsburg,for,,,,,,,,,,,,,,,,,,,,,,,,,,,,,,,,,,,,,,,,,,,,,,,,,,,,,,,,,,,,,,,,,,,,,,,,,,
2026-05-09,10:30,77333,Bundesliga 25/26,25/26,Bundesliga,Matchweek 33,Sat,Away,,,,FC Augsburg,,,,,,,https://www.sofascore.com/fc-augsburg-borussia-mgladbach/Cabsacb,Not started,Borussia M'gladbach,for,,,,,,,,,,,,,,,,,,,,,,,,,,,,,,,,,,,,,,,,,,,,,,,,,,,,,,,,,,,,,,,,,,,,,,,,,,
2026-05-09,13:30,77333,Bundesliga 25/26,25/26,Bundesliga,Matchweek 33,Sat,Home,,,,FC Bayern München,,,,,,,https://www.sofascore.com/fc-bayern-munchen-vfl-wolfsburg/zabsxdb,Not started,VfL Wolfsburg,for,,,,,,,,,,,,,,,,,,,,,,,,,,,,,,,,,,,,,,,,,,,,,,,,,,,,,,,,,,,,,,,,,,,,,,,,,,
2026-05-09,13:30,77333,Bundesliga 25/26,25/26,Bundesliga,Matchweek 33,Sat,Away,,,,VfL Wolfsburg,,,,,,,https://www.sofascore.com/fc-bayern-munchen-vfl-wolfsburg/zabsxdb,Not started,FC Bayern München,for,,,,,,,,,,,,,,,,,,,,,,,,,,,,,,,,,,,,,,,,,,,,,,,,,,,,,,,,,,,,,,,,,,,,,,,,,,
2026-05-10,10:30,77333,Bundesliga 25/26,25/26,Bundesliga,Matchweek 33,Sun,Home,,,,SC Freiburg,,,,,,,https://www.sofascore.com/hamburger-sv-sc-freiburg/NabsBdb,Not started,Hamburger SV,for,,,,,,,,,,,,,,,,,,,,,,,,,,,,,,,,,,,,,,,,,,,,,,,,,,,,,,,,,,,,,,,,,,,,,,,,,,
2026-05-10,10:30,77333,Bundesliga 25/26,25/26,Bundesliga,Matchweek 33,Sun,Away,,,,Hamburger SV,,,,,,,https://www.sofascore.com/hamburger-sv-sc-freiburg/NabsBdb,Not started,SC Freiburg,for,,,,,,,,,,,,,,,,,,,,,,,,,,,,,,,,,,,,,,,,,,,,,,,,,,,,,,,,,,,,,,,,,,,,,,,,,,
2026-05-10,12:30,77333,Bundesliga 25/26,25/26,Bundesliga,Matchweek 33,Sun,Home,,,,1. FC Heidenheim,,,,,,,https://www.sofascore.com/1-fc-heidenheim-1-fc-koln/wdbsKrc,Not started,1. FC Köln,for,,,,,,,,,,,,,,,,,,,,,,,,,,,,,,,,,,,,,,,,,,,,,,,,,,,,,,,,,,,,,,,,,,,,,,,,,,
2026-05-10,12:30,77333,Bundesliga 25/26,25/26,Bundesliga,Matchweek 33,Sun,Away,,,,1. FC Köln,,,,,,,https://www.sofascore.com/1-fc-heidenheim-1-fc-koln/wdbsKrc,Not started,1. FC Heidenheim,for,,,,,,,,,,,,,,,,,,,,,,,,,,,,,,,,,,,,,,,,,,,,,,,,,,,,,,,,,,,,,,,,,,,,,,,,,,
2026-05-10,14:30,77333,Bundesliga 25/26,25/26,Bundesliga,Matchweek 33,Sun,Home,,,,1. FC Union Berlin,,,,,,,https://www.sofascore.com/1-fsv-mainz-05-1-fc-union-berlin/Xabsgbb,Not started,1. FSV Mainz 05,for,,,,,,,,,,,,,,,,,,,,,,,,,,,,,,,,,,,,,,,,,,,,,,,,,,,,,,,,,,,,,,,,,,,,,,,,,,
2026-05-10,14:30,77333,Bundesliga 25/26,25/26,Bundesliga,Matchweek 33,Sun,Away,,,,1. FSV Mainz 05,,,,,,,https://www.sofascore.com/1-fsv-mainz-05-1-fc-union-berlin/Xabsgbb,Not started,1. FC Union Berlin,for,,,,,,,,,,,,,,,,,,,,,,,,,,,,,,,,,,,,,,,,,,,,,,,,,,,,,,,,,,,,,,,,,,,,,,,,,,
2026-05-16,10:30,77333,Bundesliga 25/26,25/26,Bundesliga,Matchweek 34,Sat,Home,,,,1. FC Köln,,,,,,,https://www.sofascore.com/fc-bayern-munchen-1-fc-koln/wdbsxdb,Not started,FC Bayern München,for,,,,,,,,,,,,,,,,,,,,,,,,,,,,,,,,,,,,,,,,,,,,,,,,,,,,,,,,,,,,,,,,,,,,,,,,,,
2026-05-16,10:30,77333,Bundesliga 25/26,25/26,Bundesliga,Matchweek 34,Sat,Away,,,,FC Bayern München,,,,,,,https://www.sofascore.com/fc-bayern-munchen-1-fc-koln/wdbsxdb,Not started,1. FC Köln,for,,,,,,,,,,,,,,,,,,,,,,,,,,,,,,,,,,,,,,,,,,,,,,,,,,,,,,,,,,,,,,,,,,,,,,,,,,
2026-05-16,10:30,77333,Bundesliga 25/26,25/26,Bundesliga,Matchweek 34,Sat,Home,,,,Borussia Dortmund,,,,,,,https://www.sofascore.com/borussia-dortmund-sv-werder-bremen/Jabsydb,Not started,SV Werder Bremen,for,,,,,,,,,,,,,,,,,,,,,,,,,,,,,,,,,,,,,,,,,,,,,,,,,,,,,,,,,,,,,,,,,,,,,,,,,,
2026-05-16,10:30,77333,Bundesliga 25/26,25/26,Bundesliga,Matchweek 34,Sat,Away,,,,SV Werder Bremen,,,,,,,https://www.sofascore.com/borussia-dortmund-sv-werder-bremen/Jabsydb,Not started,Borussia Dortmund,for,,,,,,,,,,,,,,,,,,,,,,,,,,,,,,,,,,,,,,,,,,,,,,,,,,,,,,,,,,,,,,,,,,,,,,,,,,
2026-05-16,10:30,77333,Bundesliga 25/26,25/26,Bundesliga,Matchweek 34,Sat,Home,,,,Hamburger SV,,,,,,,https://www.sofascore.com/bayer-04-leverkusen-hamburger-sv/BdbsGdb,Not started,Bayer 04 Leverkusen,for,,,,,,,,,,,,,,,,,,,,,,,,,,,,,,,,,,,,,,,,,,,,,,,,,,,,,,,,,,,,,,,,,,,,,,,,,,
2026-05-16,10:30,77333,Bundesliga 25/26,25/26,Bundesliga,Matchweek 34,Sat,Away,,,,Bayer 04 Leverkusen,,,,,,,https://www.sofascore.com/bayer-04-leverkusen-hamburger-sv/BdbsGdb,Not started,Hamburger SV,for,,,,,,,,,,,,,,,,,,,,,,,,,,,,,,,,,,,,,,,,,,,,,,,,,,,,,,,,,,,,,,,,,,,,,,,,,,
2026-05-16,10:30,77333,Bundesliga 25/26,25/26,Bundesliga,Matchweek 34,Sat,Home,,,,RB Leipzig,,,,,,,https://www.sofascore.com/rb-leipzig-sc-freiburg/NabskCo,Not started,SC Freiburg,for,,,,,,,,,,,,,,,,,,,,,,,,,,,,,,,,,,,,,,,,,,,,,,,,,,,,,,,,,,,,,,,,,,,,,,,,,,
2026-05-16,10:30,77333,Bundesliga 25/26,25/26,Bundesliga,Matchweek 34,Sat,Away,,,,SC Freiburg,,,,,,,https://www.sofascore.com/rb-leipzig-sc-freiburg/NabskCo,Not started,RB Leipzig,for,,,,,,,,,,,,,,,,,,,,,,,,,,,,,,,,,,,,,,,,,,,,,,,,,,,,,,,,,,,,,,,,,,,,,,,,,,
2026-05-16,10:30,77333,Bundesliga 25/26,25/26,Bundesliga,Matchweek 34,Sat,Home,,,,VfB Stuttgart,,,,,,,https://www.sofascore.com/vfb-stuttgart-eintracht-frankfurt/zdbsCdb,Not started,Eintracht Frankfurt,for,,,,,,,,,,,,,,,,,,,,,,,,,,,,,,,,,,,,,,,,,,,,,,,,,,,,,,,,,,,,,,,,,,,,,,,,,,
2026-05-16,10:30,77333,Bundesliga 25/26,25/26,Bundesliga,Matchweek 34,Sat,Away,,,,Eintracht Frankfurt,,,,,,,https://www.sofascore.com/vfb-stuttgart-eintracht-frankfurt/zdbsCdb,Not started,VfB Stuttgart,for,,,,,,,,,,,,,,,,,,,,,,,,,,,,,,,,,,,,,,,,,,,,,,,,,,,,,,,,,,,,,,,,,,,,,,,,,,
2026-05-16,10:30,77333,Bundesliga 25/26,25/26,Bundesliga,Matchweek 34,Sat,Home,,,,TSG Hoffenheim,,,,,,,https://www.sofascore.com/tsg-hoffenheim-borussia-mgladbach/Cabsubb,Not started,Borussia M'gladbach,for,,,,,,,,,,,,,,,,,,,,,,,,,,,,,,,,,,,,,,,,,,,,,,,,,,,,,,,,,,,,,,,,,,,,,,,,,,
2026-05-16,10:30,77333,Bundesliga 25/26,25/26,Bundesliga,Matchweek 34,Sat,Away,,,,Borussia M'gladbach,,,,,,,https://www.sofascore.com/tsg-hoffenheim-borussia-mgladbach/Cabsubb,Not started,TSG Hoffenheim,for,,,,,,,,,,,,,,,,,,,,,,,,,,,,,,,,,,,,,,,,,,,,,,,,,,,,,,,,,,,,,,,,,,,,,,,,,,
2026-05-16,10:30,77333,Bundesliga 25/26,25/26,Bundesliga,Matchweek 34,Sat,Home,,,,FC Augsburg,,,,,,,https://www.sofascore.com/fc-augsburg-1-fc-union-berlin/Xabsacb,Not started,1. FC Union Berlin,for,,,,,,,,,,,,,,,,,,,,,,,,,,,,,,,,,,,,,,,,,,,,,,,,,,,,,,,,,,,,,,,,,,,,,,,,,,
2026-05-16,10:30,77333,Bundesliga 25/26,25/26,Bundesliga,Matchweek 34,Sat,Away,,,,1. FC Union Berlin,,,,,,,https://www.sofascore.com/fc-augsburg-1-fc-union-berlin/Xabsacb,Not started,FC Augsburg,for,,,,,,,,,,,,,,,,,,,,,,,,,,,,,,,,,,,,,,,,,,,,,,,,,,,,,,,,,,,,,,,,,,,,,,,,,,
2026-05-16,10:30,77333,Bundesliga 25/26,25/26,Bundesliga,Matchweek 34,Sat,Home,,,,VfL Wolfsburg,,,,,,,https://www.sofascore.com/fc-st-pauli-vfl-wolfsburg/zabsBab,Not started,FC St. Pauli,for,,,,,,,,,,,,,,,,,,,,,,,,,,,,,,,,,,,,,,,,,,,,,,,,,,,,,,,,,,,,,,,,,,,,,,,,,,
2026-05-16,10:30,77333,Bundesliga 25/26,25/26,Bundesliga,Matchweek 34,Sat,Away,,,,FC St. Pauli,,,,,,,https://www.sofascore.com/fc-st-pauli-vfl-wolfsburg/zabsBab,Not started,VfL Wolfsburg,for,,,,,,,,,,,,,,,,,,,,,,,,,,,,,,,,,,,,,,,,,,,,,,,,,,,,,,,,,,,,,,,,,,,,,,,,,,
2026-05-16,10:30,77333,Bundesliga 25/26,25/26,Bundesliga,Matchweek 34,Sat,Home,,,,1. FSV Mainz 05,,,,,,,https://www.sofascore.com/1-fc-heidenheim-1-fsv-mainz-05/gbbsKrc,Not started,1. FC Heidenheim,for,,,,,,,,,,,,,,,,,,,,,,,,,,,,,,,,,,,,,,,,,,,,,,,,,,,,,,,,,,,,,,,,,,,,,,,,,,
2026-05-16,10:30,77333,Bundesliga 25/26,25/26,Bundesliga,Matchweek 34,Sat,Away,,,,1. FC Heidenheim,,,,,,,https://www.sofascore.com/1-fc-heidenheim-1-fsv-mainz-05/gbbsKrc,Not started,1. FSV Mainz 05,for,,,,,,,,,,,,,,,,,,,,,,,,,,,,,,,,,,,,,,,,,,,,,,,,,,,,,,,,,,,,,,,,,,,,,,,,,,
