date,time,season_id,season_name,season_year,round,day,venue,result,gf,ga,opponent,gls,sh,sot,sotpct,g_per_sh,g_per_sot,pk,pkatt,team,table_side
2025-08-22,15:30,77333,Bundesliga 25/26,25/26,Matchweek 1,Fri,Home,W,6.0,0.0,RB Leipzig,6.0,19.0,10.0,52.6,0.316,0.6,,,FC Bayern München,for
2025-08-22,15:30,77333,Bundesliga 25/26,25/26,Matchweek 1,Fri,Away,L,0.0,6.0,FC Bayern München,0.0,12.0,1.0,8.3,0.0,0.0,,,RB Leipzig,for
2025-08-23,10:30,77333,Bundesliga 25/26,25/26,Matchweek 1,Sat,Home,L,1.0,2.0,TSG Hoffenheim,1.0,7.0,2.0,28.6,0.143,0.5,,,Bayer 04 Leverkusen,for
2025-08-23,10:30,77333,Bundesliga 25/26,25/26,Matchweek 1,Sat,Away,W,2.0,1.0,Bayer 04 Leverkusen,2.0,10.0,5.0,50.0,0.2,0.4,,,TSG Hoffenheim,for
2025-08-23,10:30,77333,Bundesliga 25/26,25/26,Matchweek 1,Sat,Home,W,2.0,1.0,VfB Stuttgart,2.0,8.0,2.0,25.0,0.25,1.0,,,1. FC Union Berlin,for
2025-08-23,10:30,77333,Bundesliga 25/26,25/26,Matchweek 1,Sat,Away,L,1.0,2.0,1. FC Union Berlin,1.0,21.0,6.0,28.6,0.048,0.167,,,VfB Stuttgart,for
2025-08-23,10:30,77333,Bundesliga 25/26,25/26,Matchweek 1,Sat,Home,W,4.0,1.0,SV Werder Bremen,4.0,18.0,5.0,27.8,0.222,0.8,,,Eintracht Frankfurt,for
2025-08-23,10:30,77333,Bundesliga 25/26,25/26,Matchweek 1,Sat,Away,L,1.0,4.0,Eintracht Frankfurt,1.0,10.0,5.0,50.0,0.1,0.2,,,SV Werder Bremen,for
2025-08-23,10:30,77333,Bundesliga 25/26,25/26,Matchweek 1,Sat,Home,L,1.0,3.0,FC Augsburg,1.0,16.0,4.0,25.0,0.062,0.25,,,SC Freiburg,for
2025-08-23,10:30,77333,Bundesliga 25/26,25/26,Matchweek 1,Sat,Away,W,3.0,1.0,SC Freiburg,3.0,14.0,5.0,35.7,0.214,0.6,,,FC Augsburg,for
2025-08-23,10:30,77333,Bundesliga 25/26,25/26,Matchweek 1,Sat,Home,L,1.0,3.0,VfL Wolfsburg,1.0,7.0,2.0,28.6,0.143,0.5,,,1. FC Heidenheim,for
2025-08-23,10:30,77333,Bundesliga 25/26,25/26,Matchweek 1,Sat,Away,W,3.0,1.0,1. FC Heidenheim,3.0,15.0,5.0,33.3,0.2,0.6,,,VfL Wolfsburg,for
2025-08-23,13:30,77333,Bundesliga 25/26,25/26,Matchweek 1,Sat,Home,D,3.0,3.0,Borussia Dortmund,3.0,11.0,7.0,63.6,0.273,0.429,,,FC St. Pauli,for
2025-08-23,13:30,77333,Bundesliga 25/26,25/26,Matchweek 1,Sat,Away,D,3.0,3.0,FC St. Pauli,3.0,8.0,7.0,87.5,0.375,0.429,,,Borussia Dortmund,for
2025-08-24,10:30,77333,Bundesliga 25/26,25/26,Matchweek 1,Sun,Home,L,0.0,1.0,1. FC Köln,0.0,19.0,2.0,10.5,0.0,0.0,,,1. FSV Mainz 05,for
2025-08-24,10:30,77333,Bundesliga 25/26,25/26,Matchweek 1,Sun,Away,W,1.0,0.0,1. FSV Mainz 05,1.0,12.0,2.0,16.7,0.083,0.5,,,1. FC Köln,for
2025-08-24,12:30,77333,Bundesliga 25/26,25/26,Matchweek 1,Sun,Home,D,0.0,0.0,Hamburger SV,0.0,17.0,4.0,23.5,0.0,0.0,,,Borussia M'gladbach,for
2025-08-24,12:30,77333,Bundesliga 25/26,25/26,Matchweek 1,Sun,Away,D,0.0,0.0,Borussia M'gladbach,0.0,7.0,2.0,28.6,0.0,0.0,,,Hamburger SV,for
2025-08-29,15:30,77333,Bundesliga 25/26,25/26,Matchweek 2,Fri,Home,L,0.0,2.0,FC St. Pauli,0.0,5.0,2.0,40.0,0.0,0.0,,,Hamburger SV,for
2025-08-29,15:30,77333,Bundesliga 25/26,25/26,Matchweek 2,Fri,Away,W,2.0,0.0,Hamburger SV,2.0,17.0,6.0,35.3,0.118,0.333,,,FC St. Pauli,for
2025-08-30,10:30,77333,Bundesliga 25/26,25/26,Matchweek 2,Sat,Home,D,3.0,3.0,Bayer 04 Leverkusen,3.0,12.0,5.0,41.7,0.25,0.6,,,SV Werder Bremen,for
2025-08-30,10:30,77333,Bundesliga 25/26,25/26,Matchweek 2,Sat,Away,D,3.0,3.0,SV Werder Bremen,3.0,10.0,4.0,40.0,0.3,0.75,,,Bayer 04 Leverkusen,for
2025-08-30,10:30,77333,Bundesliga 25/26,25/26,Matchweek 2,Sat,Home,W,2.0,0.0,1. FC Heidenheim,2.0,19.0,5.0,26.3,0.105,0.4,,,RB Leipzig,for
2025-08-30,10:30,77333,Bundesliga 25/26,25/26,Matchweek 2,Sat,Away,L,0.0,2.0,RB Leipzig,0.0,5.0,3.0,60.0,0.0,0.0,,,1. FC Heidenheim,for
2025-08-30,10:30,77333,Bundesliga 25/26,25/26,Matchweek 2,Sat,Home,L,1.0,3.0,Eintracht Frankfurt,1.0,17.0,5.0,29.4,0.059,0.2,,,TSG Hoffenheim,for
2025-08-30,10:30,77333,Bundesliga 25/26,25/26,Matchweek 2,Sat,Away,W,3.0,1.0,TSG Hoffenheim,3.0,9.0,6.0,66.7,0.333,0.5,,,Eintracht Frankfurt,for
2025-08-30,10:30,77333,Bundesliga 25/26,25/26,Matchweek 2,Sat,Home,W,1.0,0.0,Borussia M'gladbach,1.0,13.0,5.0,38.5,0.077,0.2,,,VfB Stuttgart,for
2025-08-30,10:30,77333,Bundesliga 25/26,25/26,Matchweek 2,Sat,Away,L,0.0,1.0,VfB Stuttgart,0.0,15.0,6.0,40.0,0.0,0.0,,,Borussia M'gladbach,for
2025-08-30,13:30,77333,Bundesliga 25/26,25/26,Matchweek 2,Sat,Home,L,2.0,3.0,FC Bayern München,2.0,10.0,3.0,30.0,0.2,0.667,,,FC Augsburg,for
2025-08-30,13:30,77333,Bundesliga 25/26,25/26,Matchweek 2,Sat,Away,W,3.0,2.0,FC Augsburg,3.0,20.0,10.0,50.0,0.15,0.3,,,FC Bayern München,for
2025-08-31,10:30,77333,Bundesliga 25/26,25/26,Matchweek 2,Sun,Home,D,1.0,1.0,1. FSV Mainz 05,1.0,11.0,3.0,27.3,0.091,0.333,,,VfL Wolfsburg,for
2025-08-31,10:30,77333,Bundesliga 25/26,25/26,Matchweek 2,Sun,Away,D,1.0,1.0,VfL Wolfsburg,1.0,17.0,3.0,17.6,0.059,0.333,,,1. FSV Mainz 05,for
2025-08-31,12:30,77333,Bundesliga 25/26,25/26,Matchweek 2,Sun,Home,W,3.0,0.0,1. FC Union Berlin,3.0,11.0,6.0,54.5,0.273,0.5,,,Borussia Dortmund,for
2025-08-31,12:30,77333,Bundesliga 25/26,25/26,Matchweek 2,Sun,Away,L,0.0,3.0,Borussia Dortmund,0.0,12.0,3.0,25.0,0.0,0.0,,,1. FC Union Berlin,for
2025-08-31,14:30,77333,Bundesliga 25/26,25/26,Matchweek 2,Sun,Home,W,4.0,1.0,SC Freiburg,4.0,18.0,6.0,33.3,0.222,0.667,,,1. FC Köln,for
2025-08-31,14:30,77333,Bundesliga 25/26,25/26,Matchweek 2,Sun,Away,L,1.0,4.0,1. FC Köln,1.0,12.0,2.0,16.7,0.083,0.5,,,SC Freiburg,for
2025-09-12,15:30,77333,Bundesliga 25/26,25/26,Matchweek 3,Fri,Home,W,3.0,1.0,Eintracht Frankfurt,3.0,18.0,8.0,44.4,0.167,0.375,,,Bayer 04 Leverkusen,for
2025-09-12,15:30,77333,Bundesliga 25/26,25/26,Matchweek 3,Fri,Away,L,1.0,3.0,Bayer 04 Leverkusen,1.0,13.0,2.0,15.4,0.077,0.5,,,Eintracht Frankfurt,for
2025-09-13,10:30,77333,Bundesliga 25/26,25/26,Matchweek 3,Sat,Home,L,0.0,2.0,Borussia Dortmund,0.0,6.0,1.0,16.7,0.0,0.0,,,1. FC Heidenheim,for
2025-09-13,10:30,77333,Bundesliga 25/26,25/26,Matchweek 3,Sat,Away,W,2.0,0.0,1. FC Heidenheim,2.0,17.0,8.0,47.1,0.118,0.25,,,Borussia Dortmund,for
2025-09-13,10:30,77333,Bundesliga 25/26,25/26,Matchweek 3,Sat,Home,L,0.0,1.0,RB Leipzig,0.0,13.0,2.0,15.4,0.0,0.0,,,1. FSV Mainz 05,for
2025-09-13,10:30,77333,Bundesliga 25/26,25/26,Matchweek 3,Sat,Away,W,1.0,0.0,1. FSV Mainz 05,1.0,19.0,3.0,15.8,0.053,0.333,,,RB Leipzig,for
2025-09-13,10:30,77333,Bundesliga 25/26,25/26,Matchweek 3,Sat,Home,W,3.0,1.0,VfB Stuttgart,3.0,14.0,6.0,42.9,0.214,0.5,,,SC Freiburg,for
2025-09-13,10:30,77333,Bundesliga 25/26,25/26,Matchweek 3,Sat,Away,L,1.0,3.0,SC Freiburg,1.0,7.0,2.0,28.6,0.143,0.5,,,VfB Stuttgart,for
2025-09-13,10:30,77333,Bundesliga 25/26,25/26,Matchweek 3,Sat,Home,L,2.0,4.0,TSG Hoffenheim,2.0,20.0,7.0,35.0,0.1,0.286,,,1. FC Union Berlin,for
2025-09-13,10:30,77333,Bundesliga 25/26,25/26,Matchweek 3,Sat,Away,W,4.0,2.0,1. FC Union Berlin,4.0,9.0,8.0,88.9,0.444,0.5,,,TSG Hoffenheim,for
2025-09-13,10:30,77333,Bundesliga 25/26,25/26,Matchweek 3,Sat,Home,D,3.0,3.0,1. FC Köln,3.0,14.0,6.0,42.9,0.214,0.5,,,VfL Wolfsburg,for
2025-09-13,10:30,77333,Bundesliga 25/26,25/26,Matchweek 3,Sat,Away,D,3.0,3.0,VfL Wolfsburg,3.0,14.0,8.0,57.1,0.214,0.375,,,1. FC Köln,for
2025-09-13,13:30,77333,Bundesliga 25/26,25/26,Matchweek 3,Sat,Home,W,5.0,0.0,Hamburger SV,5.0,22.0,12.0,54.5,0.227,0.417,,,FC Bayern München,for
2025-09-13,13:30,77333,Bundesliga 25/26,25/26,Matchweek 3,Sat,Away,L,0.0,5.0,FC Bayern München,0.0,9.0,2.0,22.2,0.0,0.0,,,Hamburger SV,for
2025-09-14,10:30,77333,Bundesliga 25/26,25/26,Matchweek 3,Sun,Home,W,2.0,1.0,FC Augsburg,2.0,13.0,7.0,53.8,0.154,0.286,,,FC St. Pauli,for
2025-09-14,10:30,77333,Bundesliga 25/26,25/26,Matchweek 3,Sun,Away,L,1.0,2.0,FC St. Pauli,1.0,10.0,5.0,50.0,0.1,0.2,,,FC Augsburg,for
2025-09-14,12:30,77333,Bundesliga 25/26,25/26,Matchweek 3,Sun,Home,L,0.0,4.0,SV Werder Bremen,0.0,19.0,3.0,15.8,0.0,0.0,,,Borussia M'gladbach,for
2025-09-14,12:30,77333,Bundesliga 25/26,25/26,Matchweek 3,Sun,Away,W,4.0,0.0,Borussia M'gladbach,4.0,12.0,7.0,58.3,0.333,0.571,,,SV Werder Bremen,for
2025-09-19,15:30,77333,Bundesliga 25/26,25/26,Matchweek 4,Fri,Home,W,2.0,0.0,FC St. Pauli,2.0,17.0,8.0,47.1,0.118,0.25,,,VfB Stuttgart,for
2025-09-19,15:30,77333,Bundesliga 25/26,25/26,Matchweek 4,Fri,Away,L,0.0,2.0,VfB Stuttgart,0.0,9.0,2.0,22.2,0.0,0.0,,,FC St. Pauli,for
2025-09-20,10:30,77333,Bundesliga 25/26,25/26,Matchweek 4,Sat,Home,L,1.0,4.0,FC Bayern München,1.0,13.0,4.0,30.8,0.077,0.25,,,TSG Hoffenheim,for
2025-09-20,10:30,77333,Bundesliga 25/26,25/26,Matchweek 4,Sat,Away,W,4.0,1.0,TSG Hoffenheim,4.0,18.0,10.0,55.6,0.222,0.4,,,FC Bayern München,for
2025-09-20,10:30,77333,Bundesliga 25/26,25/26,Matchweek 4,Sat,Home,L,0.0,3.0,SC Freiburg,0.0,12.0,5.0,41.7,0.0,0.0,,,SV Werder Bremen,for
2025-09-20,10:30,77333,Bundesliga 25/26,25/26,Matchweek 4,Sat,Away,W,3.0,0.0,SV Werder Bremen,3.0,10.0,5.0,50.0,0.3,0.6,,,SC Freiburg,for
2025-09-20,10:30,77333,Bundesliga 25/26,25/26,Matchweek 4,Sat,Home,L,1.0,4.0,1. FSV Mainz 05,1.0,18.0,5.0,27.8,0.056,0.2,,,FC Augsburg,for
2025-09-20,10:30,77333,Bundesliga 25/26,25/26,Matchweek 4,Sat,Away,W,4.0,1.0,FC Augsburg,4.0,12.0,4.0,33.3,0.333,1.0,,,1. FSV Mainz 05,for
2025-09-20,10:30,77333,Bundesliga 25/26,25/26,Matchweek 4,Sat,Home,W,2.0,1.0,1. FC Heidenheim,2.0,22.0,9.0,40.9,0.091,0.222,,,Hamburger SV,for
2025-09-20,10:30,77333,Bundesliga 25/26,25/26,Matchweek 4,Sat,Away,L,1.0,2.0,Hamburger SV,1.0,20.0,8.0,40.0,0.05,0.125,,,1. FC Heidenheim,for
2025-09-20,13:30,77333,Bundesliga 25/26,25/26,Matchweek 4,Sat,Home,W,3.0,1.0,1. FC Köln,3.0,18.0,8.0,44.4,0.167,0.375,,,RB Leipzig,for
2025-09-20,13:30,77333,Bundesliga 25/26,25/26,Matchweek 4,Sat,Away,L,1.0,3.0,RB Leipzig,1.0,13.0,2.0,15.4,0.077,0.5,,,1. FC Köln,for
2025-09-21,10:30,77333,Bundesliga 25/26,25/26,Matchweek 4,Sun,Home,L,3.0,4.0,1. FC Union Berlin,3.0,19.0,10.0,52.6,0.158,0.3,,,Eintracht Frankfurt,for
2025-09-21,10:30,77333,Bundesliga 25/26,25/26,Matchweek 4,Sun,Away,W,4.0,3.0,Eintracht Frankfurt,4.0,11.0,5.0,45.5,0.364,0.8,,,1. FC Union Berlin,for
2025-09-21,12:30,77333,Bundesliga 25/26,25/26,Matchweek 4,Sun,Home,D,1.0,1.0,Borussia M'gladbach,1.0,13.0,9.0,69.2,0.077,0.111,,,Bayer 04 Leverkusen,for
2025-09-21,12:30,77333,Bundesliga 25/26,25/26,Matchweek 4,Sun,Away,D,1.0,1.0,Bayer 04 Leverkusen,1.0,13.0,7.0,53.8,0.077,0.143,,,Borussia M'gladbach,for
2025-09-21,14:30,77333,Bundesliga 25/26,25/26,Matchweek 4,Sun,Home,W,1.0,0.0,VfL Wolfsburg,1.0,12.0,4.0,33.3,0.083,0.25,,,Borussia Dortmund,for
2025-09-21,14:30,77333,Bundesliga 25/26,25/26,Matchweek 4,Sun,Away,L,0.0,1.0,Borussia Dortmund,0.0,9.0,0.0,0.0,0.0,,,,VfL Wolfsburg,for
2025-09-26,15:30,77333,Bundesliga 25/26,25/26,Matchweek 5,Fri,Home,W,4.0,0.0,SV Werder Bremen,4.0,26.0,13.0,50.0,0.154,0.308,,,FC Bayern München,for
2025-09-26,15:30,77333,Bundesliga 25/26,25/26,Matchweek 5,Fri,Away,L,0.0,4.0,FC Bayern München,0.0,9.0,3.0,33.3,0.0,0.0,,,SV Werder Bremen,for
2025-09-27,10:30,77333,Bundesliga 25/26,25/26,Matchweek 5,Sat,Home,L,0.0,2.0,Borussia Dortmund,0.0,8.0,2.0,25.0,0.0,0.0,,,1. FSV Mainz 05,for
2025-09-27,10:30,77333,Bundesliga 25/26,25/26,Matchweek 5,Sat,Away,W,2.0,0.0,1. FSV Mainz 05,2.0,10.0,4.0,40.0,0.2,0.5,,,Borussia Dortmund,for
2025-09-27,10:30,77333,Bundesliga 25/26,25/26,Matchweek 5,Sat,Home,L,1.0,2.0,Bayer 04 Leverkusen,1.0,13.0,6.0,46.2,0.077,0.167,,,FC St. Pauli,for
2025-09-27,10:30,77333,Bundesliga 25/26,25/26,Matchweek 5,Sat,Away,W,2.0,1.0,FC St. Pauli,2.0,5.0,4.0,80.0,0.4,0.5,,,Bayer 04 Leverkusen,for
2025-09-27,10:30,77333,Bundesliga 25/26,25/26,Matchweek 5,Sat,Home,L,0.0,1.0,RB Leipzig,0.0,22.0,4.0,18.2,0.0,0.0,,,VfL Wolfsburg,for
2025-09-27,10:30,77333,Bundesliga 25/26,25/26,Matchweek 5,Sat,Away,W,1.0,0.0,VfL Wolfsburg,1.0,20.0,6.0,30.0,0.05,0.167,,,RB Leipzig,for
2025-09-27,10:30,77333,Bundesliga 25/26,25/26,Matchweek 5,Sat,Home,W,2.0,1.0,FC Augsburg,2.0,11.0,5.0,45.5,0.182,0.4,,,1. FC Heidenheim,for
2025-09-27,10:30,77333,Bundesliga 25/26,25/26,Matchweek 5,Sat,Away,L,1.0,2.0,1. FC Heidenheim,1.0,8.0,2.0,25.0,0.125,0.5,,,FC Augsburg,for
2025-09-27,13:30,77333,Bundesliga 25/26,25/26,Matchweek 5,Sat,Home,L,4.0,6.0,Eintracht Frankfurt,4.0,11.0,8.0,72.7,0.364,0.5,,,Borussia M'gladbach,for
2025-09-27,13:30,77333,Bundesliga 25/26,25/26,Matchweek 5,Sat,Away,W,6.0,4.0,Borussia M'gladbach,6.0,21.0,7.0,33.3,0.286,0.857,,,Eintracht Frankfurt,for
2025-09-28,10:30,77333,Bundesliga 25/26,25/26,Matchweek 5,Sun,Home,D,1.0,1.0,TSG Hoffenheim,1.0,6.0,1.0,16.7,0.167,1.0,,,SC Freiburg,for
2025-09-28,10:30,77333,Bundesliga 25/26,25/26,Matchweek 5,Sun,Away,D,1.0,1.0,SC Freiburg,1.0,15.0,4.0,26.7,0.067,0.25,,,TSG Hoffenheim,for
2025-09-28,12:30,77333,Bundesliga 25/26,25/26,Matchweek 5,Sun,Home,L,1.0,2.0,VfB Stuttgart,1.0,15.0,7.0,46.7,0.067,0.143,,,1. FC Köln,for
2025-09-28,12:30,77333,Bundesliga 25/26,25/26,Matchweek 5,Sun,Away,W,2.0,1.0,1. FC Köln,2.0,15.0,5.0,33.3,0.133,0.4,,,VfB Stuttgart,for
2025-09-28,14:30,77333,Bundesliga 25/26,25/26,Matchweek 5,Sun,Home,D,0.0,0.0,Hamburger SV,0.0,11.0,2.0,18.2,0.0,0.0,,,1. FC Union Berlin,for
2025-09-28,14:30,77333,Bundesliga 25/26,25/26,Matchweek 5,Sun,Away,D,0.0,0.0,1. FC Union Berlin,0.0,16.0,6.0,37.5,0.0,0.0,,,Hamburger SV,for
2025-10-03,15:30,77333,Bundesliga 25/26,25/26,Matchweek 6,Fri,Home,L,0.0,1.0,1. FC Köln,0.0,15.0,4.0,26.7,0.0,0.0,,,TSG Hoffenheim,for
2025-10-03,15:30,77333,Bundesliga 25/26,25/26,Matchweek 6,Fri,Away,W,1.0,0.0,TSG Hoffenheim,1.0,10.0,4.0,40.0,0.1,0.25,,,1. FC Köln,for
2025-10-04,10:30,77333,Bundesliga 25/26,25/26,Matchweek 6,Sat,Home,D,1.0,1.0,RB Leipzig,1.0,15.0,3.0,20.0,0.067,0.333,,,Borussia Dortmund,for
2025-10-04,10:30,77333,Bundesliga 25/26,25/26,Matchweek 6,Sat,Away,D,1.0,1.0,Borussia Dortmund,1.0,13.0,3.0,23.1,0.077,0.333,,,RB Leipzig,for
2025-10-04,10:30,77333,Bundesliga 25/26,25/26,Matchweek 6,Sat,Home,W,2.0,0.0,1. FC Union Berlin,2.0,20.0,3.0,15.0,0.1,0.667,,,Bayer 04 Leverkusen,for
2025-10-04,10:30,77333,Bundesliga 25/26,25/26,Matchweek 6,Sat,Away,L,0.0,2.0,Bayer 04 Leverkusen,0.0,10.0,3.0,30.0,0.0,0.0,,,1. FC Union Berlin,for
2025-10-04,10:30,77333,Bundesliga 25/26,25/26,Matchweek 6,Sat,Home,W,3.0,1.0,VfL Wolfsburg,3.0,10.0,5.0,50.0,0.3,0.6,,,FC Augsburg,for
2025-10-04,10:30,77333,Bundesliga 25/26,25/26,Matchweek 6,Sat,Away,L,1.0,3.0,FC Augsburg,1.0,14.0,4.0,28.6,0.071,0.25,,,VfL Wolfsburg,for
2025-10-04,10:30,77333,Bundesliga 25/26,25/26,Matchweek 6,Sat,Home,W,1.0,0.0,FC St. Pauli,1.0,15.0,5.0,33.3,0.067,0.2,,,SV Werder Bremen,for
2025-10-04,10:30,77333,Bundesliga 25/26,25/26,Matchweek 6,Sat,Away,L,0.0,1.0,SV Werder Bremen,0.0,13.0,3.0,23.1,0.0,0.0,,,FC St. Pauli,for
2025-10-04,13:30,77333,Bundesliga 25/26,25/26,Matchweek 6,Sat,Home,L,0.0,3.0,FC Bayern München,0.0,6.0,1.0,16.7,0.0,0.0,,,Eintracht Frankfurt,for
2025-10-04,13:30,77333,Bundesliga 25/26,25/26,Matchweek 6,Sat,Away,W,3.0,0.0,Eintracht Frankfurt,3.0,12.0,3.0,25.0,0.25,1.0,,,FC Bayern München,for
2025-10-05,10:30,77333,Bundesliga 25/26,25/26,Matchweek 6,Sun,Home,W,1.0,0.0,1. FC Heidenheim,1.0,18.0,6.0,33.3,0.056,0.167,,,VfB Stuttgart,for
2025-10-05,10:30,77333,Bundesliga 25/26,25/26,Matchweek 6,Sun,Away,L,0.0,1.0,VfB Stuttgart,0.0,5.0,1.0,20.0,0.0,0.0,,,1. FC Heidenheim,for
2025-10-05,12:30,77333,Bundesliga 25/26,25/26,Matchweek 6,Sun,Home,W,4.0,0.0,1. FSV Mainz 05,4.0,15.0,9.0,60.0,0.267,0.444,,,Hamburger SV,for
2025-10-05,12:30,77333,Bundesliga 25/26,25/26,Matchweek 6,Sun,Away,L,0.0,4.0,Hamburger SV,0.0,11.0,4.0,36.4,0.0,0.0,,,1. FSV Mainz 05,for
2025-10-05,14:30,77333,Bundesliga 25/26,25/26,Matchweek 6,Sun,Home,D,0.0,0.0,SC Freiburg,0.0,9.0,5.0,55.6,0.0,0.0,,,Borussia M'gladbach,for
2025-10-05,14:30,77333,Bundesliga 25/26,25/26,Matchweek 6,Sun,Away,D,0.0,0.0,Borussia M'gladbach,0.0,12.0,1.0,8.3,0.0,0.0,,,SC Freiburg,for
2025-10-17,15:30,77333,Bundesliga 25/26,25/26,Matchweek 7,Fri,Home,W,3.0,1.0,Borussia M'gladbach,3.0,16.0,5.0,31.2,0.188,0.6,,,1. FC Union Berlin,for
2025-10-17,15:30,77333,Bundesliga 25/26,25/26,Matchweek 7,Fri,Away,L,1.0,3.0,1. FC Union Berlin,1.0,8.0,2.0,25.0,0.125,0.5,,,Borussia M'gladbach,for
2025-10-18,10:30,77333,Bundesliga 25/26,25/26,Matchweek 7,Sat,Home,L,3.0,4.0,Bayer 04 Leverkusen,3.0,12.0,4.0,33.3,0.25,0.75,,,1. FSV Mainz 05,for
2025-10-18,10:30,77333,Bundesliga 25/26,25/26,Matchweek 7,Sat,Away,W,4.0,3.0,1. FSV Mainz 05,4.0,20.0,8.0,40.0,0.2,0.5,,,Bayer 04 Leverkusen,for
2025-10-18,10:30,77333,Bundesliga 25/26,25/26,Matchweek 7,Sat,Home,W,2.0,1.0,Hamburger SV,2.0,10.0,4.0,40.0,0.2,0.5,,,RB Leipzig,for
2025-10-18,10:30,77333,Bundesliga 25/26,25/26,Matchweek 7,Sat,Away,L,1.0,2.0,RB Leipzig,1.0,15.0,3.0,20.0,0.067,0.333,,,Hamburger SV,for
2025-10-18,10:30,77333,Bundesliga 25/26,25/26,Matchweek 7,Sat,Home,L,0.0,3.0,VfB Stuttgart,0.0,11.0,3.0,27.3,0.0,0.0,,,VfL Wolfsburg,for
2025-10-18,10:30,77333,Bundesliga 25/26,25/26,Matchweek 7,Sat,Away,W,3.0,0.0,VfL Wolfsburg,3.0,15.0,7.0,46.7,0.2,0.429,,,VfB Stuttgart,for
2025-10-18,10:30,77333,Bundesliga 25/26,25/26,Matchweek 7,Sat,Home,D,2.0,2.0,SV Werder Bremen,2.0,31.0,11.0,35.5,0.065,0.182,,,1. FC Heidenheim,for
2025-10-18,10:30,77333,Bundesliga 25/26,25/26,Matchweek 7,Sat,Away,D,2.0,2.0,1. FC Heidenheim,2.0,11.0,4.0,36.4,0.182,0.5,,,SV Werder Bremen,for
2025-10-18,10:30,77333,Bundesliga 25/26,25/26,Matchweek 7,Sat,Home,D,1.0,1.0,FC Augsburg,1.0,9.0,2.0,22.2,0.111,0.5,,,1. FC Köln,for
2025-10-18,10:30,77333,Bundesliga 25/26,25/26,Matchweek 7,Sat,Away,D,1.0,1.0,1. FC Köln,1.0,10.0,4.0,40.0,0.1,0.25,,,FC Augsburg,for
2025-10-18,13:30,77333,Bundesliga 25/26,25/26,Matchweek 7,Sat,Home,W,2.0,1.0,Borussia Dortmund,2.0,15.0,7.0,46.7,0.133,0.286,,,FC Bayern München,for
2025-10-18,13:30,77333,Bundesliga 25/26,25/26,Matchweek 7,Sat,Away,L,1.0,2.0,FC Bayern München,1.0,8.0,1.0,12.5,0.125,1.0,,,Borussia Dortmund,for
2025-10-19,10:30,77333,Bundesliga 25/26,25/26,Matchweek 7,Sun,Home,D,2.0,2.0,Eintracht Frankfurt,2.0,12.0,5.0,41.7,0.167,0.4,,,SC Freiburg,for
2025-10-19,10:30,77333,Bundesliga 25/26,25/26,Matchweek 7,Sun,Away,D,2.0,2.0,SC Freiburg,2.0,8.0,3.0,37.5,0.25,0.667,,,Eintracht Frankfurt,for
2025-10-19,12:30,77333,Bundesliga 25/26,25/26,Matchweek 7,Sun,Home,L,0.0,3.0,TSG Hoffenheim,0.0,10.0,2.0,20.0,0.0,0.0,,,FC St. Pauli,for
2025-10-19,12:30,77333,Bundesliga 25/26,25/26,Matchweek 7,Sun,Away,W,3.0,0.0,FC St. Pauli,3.0,14.0,5.0,35.7,0.214,0.6,,,TSG Hoffenheim,for
2025-10-24,15:30,77333,Bundesliga 25/26,25/26,Matchweek 8,Fri,Home,W,1.0,0.0,1. FC Union Berlin,1.0,16.0,3.0,18.8,0.062,0.333,,,SV Werder Bremen,for
2025-10-24,15:30,77333,Bundesliga 25/26,25/26,Matchweek 8,Fri,Away,L,0.0,1.0,SV Werder Bremen,0.0,12.0,2.0,16.7,0.0,0.0,,,1. FC Union Berlin,for
2025-10-25,10:30,77333,Bundesliga 25/26,25/26,Matchweek 8,Sat,Home,L,0.0,6.0,RB Leipzig,0.0,15.0,2.0,13.3,0.0,0.0,,,FC Augsburg,for
2025-10-25,10:30,77333,Bundesliga 25/26,25/26,Matchweek 8,Sat,Away,W,6.0,0.0,FC Augsburg,6.0,15.0,8.0,53.3,0.4,0.75,,,RB Leipzig,for
2025-10-25,10:30,77333,Bundesliga 25/26,25/26,Matchweek 8,Sat,Home,W,2.0,0.0,FC St. Pauli,2.0,10.0,6.0,60.0,0.2,0.333,,,Eintracht Frankfurt,for
2025-10-25,10:30,77333,Bundesliga 25/26,25/26,Matchweek 8,Sat,Away,L,0.0,2.0,Eintracht Frankfurt,0.0,9.0,1.0,11.1,0.0,0.0,,,FC St. Pauli,for
2025-10-25,10:30,77333,Bundesliga 25/26,25/26,Matchweek 8,Sat,Home,L,0.0,1.0,VfL Wolfsburg,0.0,27.0,6.0,22.2,0.0,0.0,,,Hamburger SV,for
2025-10-25,10:30,77333,Bundesliga 25/26,25/26,Matchweek 8,Sat,Away,W,1.0,0.0,Hamburger SV,1.0,6.0,2.0,33.3,0.167,0.5,,,VfL Wolfsburg,for
2025-10-25,10:30,77333,Bundesliga 25/26,25/26,Matchweek 8,Sat,Home,W,3.0,1.0,1. FC Heidenheim,3.0,14.0,7.0,50.0,0.214,0.429,,,TSG Hoffenheim,for
2025-10-25,10:30,77333,Bundesliga 25/26,25/26,Matchweek 8,Sat,Away,L,1.0,3.0,TSG Hoffenheim,1.0,12.0,3.0,25.0,0.083,0.333,,,1. FC Heidenheim,for
2025-10-25,10:45,77333,Bundesliga 25/26,25/26,Matchweek 8,Sat,Home,L,0.0,3.0,FC Bayern München,0.0,1.0,0.0,0.0,0.0,,,,Borussia M'gladbach,for
2025-10-25,10:45,77333,Bundesliga 25/26,25/26,Matchweek 8,Sat,Away,W,3.0,0.0,Borussia M'gladbach,3.0,27.0,11.0,40.7,0.111,0.273,,,FC Bayern München,for
2025-10-25,13:30,77333,Bundesliga 25/26,25/26,Matchweek 8,Sat,Home,W,1.0,0.0,1. FC Köln,1.0,27.0,9.0,33.3,0.037,0.111,,,Borussia Dortmund,for
2025-10-25,13:30,77333,Bundesliga 25/26,25/26,Matchweek 8,Sat,Away,L,0.0,1.0,Borussia Dortmund,0.0,5.0,0.0,0.0,0.0,,,,1. FC Köln,for
2025-10-26,11:30,77333,Bundesliga 25/26,25/26,Matchweek 8,Sun,Home,W,2.0,0.0,SC Freiburg,2.0,19.0,4.0,21.1,0.105,0.5,,,Bayer 04 Leverkusen,for
2025-10-26,11:30,77333,Bundesliga 25/26,25/26,Matchweek 8,Sun,Away,L,0.0,2.0,Bayer 04 Leverkusen,0.0,10.0,3.0,30.0,0.0,0.0,,,SC Freiburg,for
2025-10-26,13:30,77333,Bundesliga 25/26,25/26,Matchweek 8,Sun,Home,W,2.0,1.0,1. FSV Mainz 05,2.0,19.0,8.0,42.1,0.105,0.25,,,VfB Stuttgart,for
2025-10-26,13:30,77333,Bundesliga 25/26,25/26,Matchweek 8,Sun,Away,L,1.0,2.0,VfB Stuttgart,1.0,13.0,2.0,15.4,0.077,0.5,,,1. FSV Mainz 05,for
2025-10-31,16:30,77333,Bundesliga 25/26,25/26,Matchweek 9,Fri,Home,L,0.0,1.0,Borussia Dortmund,0.0,9.0,1.0,11.1,0.0,0.0,,,FC Augsburg,for
2025-10-31,16:30,77333,Bundesliga 25/26,25/26,Matchweek 9,Fri,Away,W,1.0,0.0,FC Augsburg,1.0,5.0,1.0,20.0,0.2,1.0,,,Borussia Dortmund,for
2025-11-01,11:30,77333,Bundesliga 25/26,25/26,Matchweek 9,Sat,Home,W,3.0,1.0,VfB Stuttgart,3.0,16.0,9.0,56.2,0.188,0.333,,,RB Leipzig,for
2025-11-01,11:30,77333,Bundesliga 25/26,25/26,Matchweek 9,Sat,Away,L,1.0,3.0,RB Leipzig,1.0,14.0,4.0,28.6,0.071,0.25,,,VfB Stuttgart,for
2025-11-01,11:30,77333,Bundesliga 25/26,25/26,Matchweek 9,Sat,Home,D,1.0,1.0,Eintracht Frankfurt,1.0,9.0,4.0,44.4,0.111,0.25,,,1. FC Heidenheim,for
2025-11-01,11:30,77333,Bundesliga 25/26,25/26,Matchweek 9,Sat,Away,D,1.0,1.0,1. FC Heidenheim,1.0,16.0,3.0,18.8,0.062,0.333,,,Eintracht Frankfurt,for
2025-11-01,11:30,77333,Bundesliga 25/26,25/26,Matchweek 9,Sat,Home,D,0.0,0.0,SC Freiburg,0.0,11.0,2.0,18.2,0.0,0.0,,,1. FC Union Berlin,for
2025-11-01,11:30,77333,Bundesliga 25/26,25/26,Matchweek 9,Sat,Away,D,0.0,0.0,1. FC Union Berlin,0.0,13.0,4.0,30.8,0.0,0.0,,,SC Freiburg,for
2025-11-01,11:30,77333,Bundesliga 25/26,25/26,Matchweek 9,Sat,Home,L,0.0,4.0,Borussia M'gladbach,0.0,16.0,4.0,25.0,0.0,0.0,,,FC St. Pauli,for
2025-11-01,11:30,77333,Bundesliga 25/26,25/26,Matchweek 9,Sat,Away,W,4.0,0.0,FC St. Pauli,4.0,15.0,11.0,73.3,0.267,0.364,,,Borussia M'gladbach,for
2025-11-01,11:30,77333,Bundesliga 25/26,25/26,Matchweek 9,Sat,Home,D,1.0,1.0,SV Werder Bremen,1.0,10.0,5.0,50.0,0.1,0.2,,,1. FSV Mainz 05,for
2025-11-01,11:30,77333,Bundesliga 25/26,25/26,Matchweek 9,Sat,Away,D,1.0,1.0,1. FSV Mainz 05,1.0,5.0,3.0,60.0,0.2,0.333,,,SV Werder Bremen,for
2025-11-01,14:30,77333,Bundesliga 25/26,25/26,Matchweek 9,Sat,Home,W,3.0,0.0,Bayer 04 Leverkusen,3.0,18.0,4.0,22.2,0.167,0.75,,,FC Bayern München,for
2025-11-01,14:30,77333,Bundesliga 25/26,25/26,Matchweek 9,Sat,Away,L,0.0,3.0,FC Bayern München,0.0,7.0,1.0,14.3,0.0,0.0,,,Bayer 04 Leverkusen,for
2025-11-02,11:30,77333,Bundesliga 25/26,25/26,Matchweek 9,Sun,Home,W,4.0,1.0,Hamburger SV,4.0,23.0,10.0,43.5,0.174,0.4,,,1. FC Köln,for
2025-11-02,11:30,77333,Bundesliga 25/26,25/26,Matchweek 9,Sun,Away,L,1.0,4.0,1. FC Köln,1.0,11.0,5.0,45.5,0.091,0.2,,,Hamburger SV,for
2025-11-02,13:30,77333,Bundesliga 25/26,25/26,Matchweek 9,Sun,Home,L,2.0,3.0,TSG Hoffenheim,2.0,12.0,6.0,50.0,0.167,0.333,,,VfL Wolfsburg,for
2025-11-02,13:30,77333,Bundesliga 25/26,25/26,Matchweek 9,Sun,Away,W,3.0,2.0,VfL Wolfsburg,3.0,10.0,4.0,40.0,0.3,0.75,,,TSG Hoffenheim,for
2025-11-07,16:30,77333,Bundesliga 25/26,25/26,Matchweek 10,Fri,Home,W,2.0,1.0,VfL Wolfsburg,2.0,20.0,7.0,35.0,0.1,0.286,,,SV Werder Bremen,for
2025-11-07,16:30,77333,Bundesliga 25/26,25/26,Matchweek 10,Fri,Away,L,1.0,2.0,SV Werder Bremen,1.0,7.0,4.0,57.1,0.143,0.25,,,VfL Wolfsburg,for
2025-11-08,11:30,77333,Bundesliga 25/26,25/26,Matchweek 10,Sat,Home,D,2.0,2.0,FC Bayern München,2.0,12.0,4.0,33.3,0.167,0.5,,,1. FC Union Berlin,for
2025-11-08,11:30,77333,Bundesliga 25/26,25/26,Matchweek 10,Sat,Away,D,2.0,2.0,1. FC Union Berlin,2.0,12.0,4.0,33.3,0.167,0.5,,,FC Bayern München,for
2025-11-08,11:30,77333,Bundesliga 25/26,25/26,Matchweek 10,Sat,Home,D,1.0,1.0,Borussia Dortmund,1.0,9.0,3.0,33.3,0.111,0.333,,,Hamburger SV,for
2025-11-08,11:30,77333,Bundesliga 25/26,25/26,Matchweek 10,Sat,Away,D,1.0,1.0,Hamburger SV,1.0,17.0,1.0,5.9,0.059,1.0,,,Borussia Dortmund,for
2025-11-08,11:30,77333,Bundesliga 25/26,25/26,Matchweek 10,Sat,Home,W,6.0,0.0,1. FC Heidenheim,6.0,25.0,10.0,40.0,0.24,0.6,,,Bayer 04 Leverkusen,for
2025-11-08,11:30,77333,Bundesliga 25/26,25/26,Matchweek 10,Sat,Away,L,0.0,6.0,Bayer 04 Leverkusen,0.0,1.0,0.0,0.0,0.0,,,,1. FC Heidenheim,for
2025-11-08,11:30,77333,Bundesliga 25/26,25/26,Matchweek 10,Sat,Home,W,3.0,1.0,RB Leipzig,3.0,12.0,4.0,33.3,0.25,0.75,,,TSG Hoffenheim,for
2025-11-08,11:30,77333,Bundesliga 25/26,25/26,Matchweek 10,Sat,Away,L,1.0,3.0,TSG Hoffenheim,1.0,17.0,5.0,29.4,0.059,0.2,,,RB Leipzig,for
2025-11-08,14:30,77333,Bundesliga 25/26,25/26,Matchweek 10,Sat,Home,W,3.0,1.0,1. FC Köln,3.0,9.0,4.0,44.4,0.333,0.75,,,Borussia M'gladbach,for
2025-11-08,14:30,77333,Bundesliga 25/26,25/26,Matchweek 10,Sat,Away,L,1.0,3.0,Borussia M'gladbach,1.0,19.0,5.0,26.3,0.053,0.2,,,1. FC Köln,for
2025-11-09,11:30,77333,Bundesliga 25/26,25/26,Matchweek 10,Sun,Home,W,2.0,1.0,FC St. Pauli,2.0,8.0,4.0,50.0,0.25,0.5,,,SC Freiburg,for
2025-11-09,11:30,77333,Bundesliga 25/26,25/26,Matchweek 10,Sun,Away,L,1.0,2.0,SC Freiburg,1.0,7.0,2.0,28.6,0.143,0.5,,,FC St. Pauli,for
2025-11-09,13:30,77333,Bundesliga 25/26,25/26,Matchweek 10,Sun,Home,W,3.0,2.0,FC Augsburg,3.0,17.0,6.0,35.3,0.176,0.5,,,VfB Stuttgart,for
2025-11-09,13:30,77333,Bundesliga 25/26,25/26,Matchweek 10,Sun,Away,L,2.0,3.0,VfB Stuttgart,2.0,17.0,6.0,35.3,0.118,0.333,,,FC Augsburg,for
2025-11-09,15:30,77333,Bundesliga 25/26,25/26,Matchweek 10,Sun,Home,W,1.0,0.0,1. FSV Mainz 05,1.0,14.0,4.0,28.6,0.071,0.25,,,Eintracht Frankfurt,for
2025-11-09,15:30,77333,Bundesliga 25/26,25/26,Matchweek 10,Sun,Away,L,0.0,1.0,Eintracht Frankfurt,0.0,3.0,0.0,0.0,0.0,,,,1. FSV Mainz 05,for
2025-11-21,16:30,77333,Bundesliga 25/26,25/26,Matchweek 11,Fri,Home,D,1.0,1.0,TSG Hoffenheim,1.0,17.0,3.0,17.6,0.059,0.333,,,1. FSV Mainz 05,for
2025-11-21,16:30,77333,Bundesliga 25/26,25/26,Matchweek 11,Fri,Away,D,1.0,1.0,1. FSV Mainz 05,1.0,19.0,5.0,26.3,0.053,0.2,,,TSG Hoffenheim,for
2025-11-22,11:30,77333,Bundesliga 25/26,25/26,Matchweek 11,Sat,Home,W,6.0,2.0,SC Freiburg,6.0,22.0,8.0,36.4,0.273,0.75,,,FC Bayern München,for
2025-11-22,11:30,77333,Bundesliga 25/26,25/26,Matchweek 11,Sat,Away,L,2.0,6.0,FC Bayern München,2.0,8.0,2.0,25.0,0.25,1.0,,,SC Freiburg,for
2025-11-22,11:30,77333,Bundesliga 25/26,25/26,Matchweek 11,Sat,Home,D,3.0,3.0,VfB Stuttgart,3.0,14.0,6.0,42.9,0.214,0.5,,,Borussia Dortmund,for
2025-11-22,11:30,77333,Bundesliga 25/26,25/26,Matchweek 11,Sat,Away,D,3.0,3.0,Borussia Dortmund,3.0,16.0,6.0,37.5,0.188,0.5,,,VfB Stuttgart,for
2025-11-22,11:30,77333,Bundesliga 25/26,25/26,Matchweek 11,Sat,Home,L,1.0,3.0,Bayer 04 Leverkusen,1.0,21.0,10.0,47.6,0.048,0.1,,,VfL Wolfsburg,for
2025-11-22,11:30,77333,Bundesliga 25/26,25/26,Matchweek 11,Sat,Away,W,3.0,1.0,VfL Wolfsburg,3.0,7.0,3.0,42.9,0.429,1.0,,,Bayer 04 Leverkusen,for
2025-11-22,11:30,77333,Bundesliga 25/26,25/26,Matchweek 11,Sat,Home,L,0.0,3.0,Borussia M'gladbach,0.0,7.0,2.0,28.6,0.0,0.0,,,1. FC Heidenheim,for
2025-11-22,11:30,77333,Bundesliga 25/26,25/26,Matchweek 11,Sat,Away,W,3.0,0.0,1. FC Heidenheim,3.0,16.0,4.0,25.0,0.188,0.75,,,Borussia M'gladbach,for
2025-11-22,11:30,77333,Bundesliga 25/26,25/26,Matchweek 11,Sat,Home,W,1.0,0.0,Hamburger SV,1.0,13.0,6.0,46.2,0.077,0.167,,,FC Augsburg,for
2025-11-22,11:30,77333,Bundesliga 25/26,25/26,Matchweek 11,Sat,Away,L,0.0,1.0,FC Augsburg,0.0,15.0,6.0,40.0,0.0,0.0,,,Hamburger SV,for
2025-11-22,14:30,77333,Bundesliga 25/26,25/26,Matchweek 11,Sat,Home,L,3.0,4.0,Eintracht Frankfurt,3.0,11.0,5.0,45.5,0.273,0.6,,,1. FC Köln,for
2025-11-22,14:30,77333,Bundesliga 25/26,25/26,Matchweek 11,Sat,Away,W,4.0,3.0,1. FC Köln,4.0,11.0,7.0,63.6,0.364,0.571,,,Eintracht Frankfurt,for
2025-11-23,11:30,77333,Bundesliga 25/26,25/26,Matchweek 11,Sun,Home,W,2.0,0.0,SV Werder Bremen,2.0,22.0,13.0,59.1,0.091,0.154,,,RB Leipzig,for
2025-11-23,11:30,77333,Bundesliga 25/26,25/26,Matchweek 11,Sun,Away,L,0.0,2.0,RB Leipzig,0.0,15.0,6.0,40.0,0.0,0.0,,,SV Werder Bremen,for
2025-11-23,13:30,77333,Bundesliga 25/26,25/26,Matchweek 11,Sun,Home,L,0.0,1.0,1. FC Union Berlin,0.0,12.0,3.0,25.0,0.0,0.0,,,FC St. Pauli,for
2025-11-23,13:30,77333,Bundesliga 25/26,25/26,Matchweek 11,Sun,Away,W,1.0,0.0,FC St. Pauli,1.0,7.0,3.0,42.9,0.143,0.333,,,1. FC Union Berlin,for
2025-11-28,16:30,77333,Bundesliga 25/26,25/26,Matchweek 12,Fri,Home,D,0.0,0.0,RB Leipzig,0.0,7.0,0.0,0.0,0.0,,,,Borussia M'gladbach,for
2025-11-28,16:30,77333,Bundesliga 25/26,25/26,Matchweek 12,Fri,Away,D,0.0,0.0,Borussia M'gladbach,0.0,20.0,4.0,20.0,0.0,0.0,,,RB Leipzig,for
2025-11-29,11:30,77333,Bundesliga 25/26,25/26,Matchweek 12,Sat,Home,W,3.0,1.0,FC St. Pauli,3.0,19.0,4.0,21.1,0.158,0.75,,,FC Bayern München,for
2025-11-29,11:30,77333,Bundesliga 25/26,25/26,Matchweek 12,Sat,Away,L,1.0,3.0,FC Bayern München,1.0,10.0,1.0,10.0,0.1,1.0,,,FC St. Pauli,for
2025-11-29,11:30,77333,Bundesliga 25/26,25/26,Matchweek 12,Sat,Home,L,1.0,2.0,1. FC Heidenheim,1.0,9.0,2.0,22.2,0.111,0.5,,,1. FC Union Berlin,for
2025-11-29,11:30,77333,Bundesliga 25/26,25/26,Matchweek 12,Sat,Away,W,2.0,1.0,1. FC Union Berlin,2.0,10.0,2.0,20.0,0.2,1.0,,,1. FC Heidenheim,for
2025-11-29,11:30,77333,Bundesliga 25/26,25/26,Matchweek 12,Sat,Home,D,1.0,1.0,1. FC Köln,1.0,17.0,4.0,23.5,0.059,0.25,,,SV Werder Bremen,for
2025-11-29,11:30,77333,Bundesliga 25/26,25/26,Matchweek 12,Sat,Away,D,1.0,1.0,SV Werder Bremen,1.0,10.0,2.0,20.0,0.1,0.5,,,1. FC Köln,for
2025-11-29,11:30,77333,Bundesliga 25/26,25/26,Matchweek 12,Sat,Home,W,3.0,0.0,FC Augsburg,3.0,17.0,3.0,17.6,0.176,1.0,,,TSG Hoffenheim,for
2025-11-29,11:30,77333,Bundesliga 25/26,25/26,Matchweek 12,Sat,Away,L,0.0,3.0,TSG Hoffenheim,0.0,14.0,4.0,28.6,0.0,0.0,,,FC Augsburg,for
2025-11-29,14:30,77333,Bundesliga 25/26,25/26,Matchweek 12,Sat,Home,L,1.0,2.0,Borussia Dortmund,1.0,14.0,4.0,28.6,0.071,0.25,,,Bayer 04 Leverkusen,for
2025-11-29,14:30,77333,Bundesliga 25/26,25/26,Matchweek 12,Sat,Away,W,2.0,1.0,Bayer 04 Leverkusen,2.0,7.0,4.0,57.1,0.286,0.5,,,Borussia Dortmund,for
2025-11-30,11:30,77333,Bundesliga 25/26,25/26,Matchweek 12,Sun,Home,W,2.0,1.0,VfB Stuttgart,2.0,9.0,2.0,22.2,0.222,1.0,,,Hamburger SV,for
2025-11-30,11:30,77333,Bundesliga 25/26,25/26,Matchweek 12,Sun,Away,L,1.0,2.0,Hamburger SV,1.0,14.0,3.0,21.4,0.071,0.333,,,VfB Stuttgart,for
2025-11-30,13:30,77333,Bundesliga 25/26,25/26,Matchweek 12,Sun,Home,D,1.0,1.0,VfL Wolfsburg,1.0,15.0,3.0,20.0,0.067,0.333,,,Eintracht Frankfurt,for
2025-11-30,13:30,77333,Bundesliga 25/26,25/26,Matchweek 12,Sun,Away,D,1.0,1.0,Eintracht Frankfurt,1.0,10.0,3.0,30.0,0.1,0.333,,,VfL Wolfsburg,for
2025-11-30,15:30,77333,Bundesliga 25/26,25/26,Matchweek 12,Sun,Home,W,4.0,0.0,1. FSV Mainz 05,4.0,23.0,10.0,43.5,0.174,0.4,,,SC Freiburg,for
2025-11-30,15:30,77333,Bundesliga 25/26,25/26,Matchweek 12,Sun,Away,L,0.0,4.0,SC Freiburg,0.0,1.0,1.0,100.0,0.0,0.0,,,1. FSV Mainz 05,for
2025-12-05,16:30,77333,Bundesliga 25/26,25/26,Matchweek 13,Fri,Home,L,0.0,1.0,Borussia M'gladbach,0.0,8.0,2.0,25.0,0.0,0.0,,,1. FSV Mainz 05,for
2025-12-05,16:30,77333,Bundesliga 25/26,25/26,Matchweek 13,Fri,Away,W,1.0,0.0,1. FSV Mainz 05,1.0,14.0,5.0,35.7,0.071,0.2,,,Borussia M'gladbach,for
2025-12-06,11:30,77333,Bundesliga 25/26,25/26,Matchweek 13,Sat,Home,L,0.0,5.0,FC Bayern München,0.0,13.0,1.0,7.7,0.0,0.0,,,VfB Stuttgart,for
2025-12-06,11:30,77333,Bundesliga 25/26,25/26,Matchweek 13,Sat,Away,W,5.0,0.0,VfB Stuttgart,5.0,19.0,11.0,57.9,0.263,0.455,,,FC Bayern München,for
2025-12-06,11:30,77333,Bundesliga 25/26,25/26,Matchweek 13,Sat,Home,W,2.0,0.0,Bayer 04 Leverkusen,2.0,13.0,6.0,46.2,0.154,0.333,,,FC Augsburg,for
2025-12-06,11:30,77333,Bundesliga 25/26,25/26,Matchweek 13,Sat,Away,L,0.0,2.0,FC Augsburg,0.0,20.0,2.0,10.0,0.0,0.0,,,Bayer 04 Leverkusen,for
2025-12-06,11:30,77333,Bundesliga 25/26,25/26,Matchweek 13,Sat,Home,W,3.0,1.0,1. FC Union Berlin,3.0,4.0,3.0,75.0,0.75,1.0,,,VfL Wolfsburg,for
2025-12-06,11:30,77333,Bundesliga 25/26,25/26,Matchweek 13,Sat,Away,L,1.0,3.0,VfL Wolfsburg,1.0,21.0,6.0,28.6,0.048,0.167,,,1. FC Union Berlin,for
2025-12-06,11:30,77333,Bundesliga 25/26,25/26,Matchweek 13,Sat,Home,W,2.0,1.0,SC Freiburg,2.0,16.0,3.0,18.8,0.125,0.667,,,1. FC Heidenheim,for
2025-12-06,11:30,77333,Bundesliga 25/26,25/26,Matchweek 13,Sat,Away,L,1.0,2.0,1. FC Heidenheim,1.0,16.0,2.0,12.5,0.062,0.5,,,SC Freiburg,for
2025-12-06,11:30,77333,Bundesliga 25/26,25/26,Matchweek 13,Sat,Home,D,1.0,1.0,FC St. Pauli,1.0,11.0,8.0,72.7,0.091,0.125,,,1. FC Köln,for
2025-12-06,11:30,77333,Bundesliga 25/26,25/26,Matchweek 13,Sat,Away,D,1.0,1.0,1. FC Köln,1.0,5.0,1.0,20.0,0.2,1.0,,,FC St. Pauli,for
2025-12-06,14:30,77333,Bundesliga 25/26,25/26,Matchweek 13,Sat,Home,W,6.0,0.0,Eintracht Frankfurt,6.0,16.0,7.0,43.8,0.375,0.857,,,RB Leipzig,for
2025-12-06,14:30,77333,Bundesliga 25/26,25/26,Matchweek 13,Sat,Away,L,0.0,6.0,RB Leipzig,0.0,8.0,2.0,25.0,0.0,0.0,,,Eintracht Frankfurt,for
2025-12-07,11:30,77333,Bundesliga 25/26,25/26,Matchweek 13,Sun,Home,W,3.0,2.0,SV Werder Bremen,3.0,12.0,6.0,50.0,0.25,0.5,,,Hamburger SV,for
2025-12-07,11:30,77333,Bundesliga 25/26,25/26,Matchweek 13,Sun,Away,L,2.0,3.0,Hamburger SV,2.0,10.0,3.0,30.0,0.2,0.667,,,SV Werder Bremen,for
2025-12-07,13:30,77333,Bundesliga 25/26,25/26,Matchweek 13,Sun,Home,W,2.0,0.0,TSG Hoffenheim,2.0,8.0,4.0,50.0,0.25,0.5,,,Borussia Dortmund,for
2025-12-07,13:30,77333,Bundesliga 25/26,25/26,Matchweek 13,Sun,Away,L,0.0,2.0,Borussia Dortmund,0.0,11.0,3.0,27.3,0.0,0.0,,,TSG Hoffenheim,for
2025-12-12,16:30,77333,Bundesliga 25/26,25/26,Matchweek 14,Fri,Home,W,3.0,1.0,RB Leipzig,3.0,12.0,6.0,50.0,0.25,0.5,,,1. FC Union Berlin,for
2025-12-12,16:30,77333,Bundesliga 25/26,25/26,Matchweek 14,Fri,Away,L,1.0,3.0,1. FC Union Berlin,1.0,9.0,3.0,33.3,0.111,0.333,,,RB Leipzig,for
2025-12-13,11:30,77333,Bundesliga 25/26,25/26,Matchweek 14,Sat,Home,W,1.0,0.0,FC Augsburg,1.0,11.0,4.0,36.4,0.091,0.25,,,Eintracht Frankfurt,for
2025-12-13,11:30,77333,Bundesliga 25/26,25/26,Matchweek 14,Sat,Away,L,0.0,1.0,Eintracht Frankfurt,0.0,12.0,1.0,8.3,0.0,0.0,,,FC Augsburg,for
2025-12-13,11:30,77333,Bundesliga 25/26,25/26,Matchweek 14,Sat,Home,L,1.0,3.0,VfL Wolfsburg,1.0,14.0,4.0,28.6,0.071,0.25,,,Borussia M'gladbach,for
2025-12-13,11:30,77333,Bundesliga 25/26,25/26,Matchweek 14,Sat,Away,W,3.0,1.0,Borussia M'gladbach,3.0,11.0,6.0,54.5,0.273,0.5,,,VfL Wolfsburg,for
2025-12-13,11:30,77333,Bundesliga 25/26,25/26,Matchweek 14,Sat,Home,W,4.0,1.0,Hamburger SV,4.0,10.0,6.0,60.0,0.4,0.667,,,TSG Hoffenheim,for
2025-12-13,11:30,77333,Bundesliga 25/26,25/26,Matchweek 14,Sat,Away,L,1.0,4.0,TSG Hoffenheim,1.0,14.0,5.0,35.7,0.071,0.2,,,Hamburger SV,for
2025-12-13,11:30,77333,Bundesliga 25/26,25/26,Matchweek 14,Sat,Home,W,2.0,1.0,1. FC Heidenheim,2.0,8.0,5.0,62.5,0.25,0.4,,,FC St. Pauli,for
2025-12-13,11:30,77333,Bundesliga 25/26,25/26,Matchweek 14,Sat,Away,L,1.0,2.0,FC St. Pauli,1.0,20.0,7.0,35.0,0.05,0.143,,,1. FC Heidenheim,for
2025-12-13,14:30,77333,Bundesliga 25/26,25/26,Matchweek 14,Sat,Home,W,2.0,0.0,1. FC Köln,2.0,17.0,6.0,35.3,0.118,0.333,,,Bayer 04 Leverkusen,for
2025-12-13,14:30,77333,Bundesliga 25/26,25/26,Matchweek 14,Sat,Away,L,0.0,2.0,Bayer 04 Leverkusen,0.0,5.0,4.0,80.0,0.0,0.0,,,1. FC Köln,for
2025-12-14,11:30,77333,Bundesliga 25/26,25/26,Matchweek 14,Sun,Home,D,1.0,1.0,Borussia Dortmund,1.0,21.0,6.0,28.6,0.048,0.167,,,SC Freiburg,for
2025-12-14,11:30,77333,Bundesliga 25/26,25/26,Matchweek 14,Sun,Away,D,1.0,1.0,SC Freiburg,1.0,9.0,4.0,44.4,0.111,0.25,,,Borussia Dortmund,for
2025-12-14,13:30,77333,Bundesliga 25/26,25/26,Matchweek 14,Sun,Home,D,2.0,2.0,1. FSV Mainz 05,2.0,24.0,11.0,45.8,0.083,0.182,,,FC Bayern München,for
2025-12-14,13:30,77333,Bundesliga 25/26,25/26,Matchweek 14,Sun,Away,D,2.0,2.0,FC Bayern München,2.0,5.0,2.0,40.0,0.4,1.0,,,1. FSV Mainz 05,for
2025-12-14,15:30,77333,Bundesliga 25/26,25/26,Matchweek 14,Sun,Home,L,0.0,4.0,VfB Stuttgart,0.0,11.0,4.0,36.4,0.0,0.0,,,SV Werder Bremen,for
2025-12-14,15:30,77333,Bundesliga 25/26,25/26,Matchweek 14,Sun,Away,W,4.0,0.0,SV Werder Bremen,4.0,24.0,12.0,50.0,0.167,0.333,,,VfB Stuttgart,for
2025-12-19,16:30,77333,Bundesliga 25/26,25/26,Matchweek 15,Fri,Home,W,2.0,0.0,Borussia M'gladbach,2.0,10.0,4.0,40.0,0.2,0.5,,,Borussia Dortmund,for
2025-12-19,16:30,77333,Bundesliga 25/26,25/26,Matchweek 15,Fri,Away,L,0.0,2.0,Borussia Dortmund,0.0,6.0,1.0,16.7,0.0,0.0,,,Borussia M'gladbach,for
2025-12-20,11:30,77333,Bundesliga 25/26,25/26,Matchweek 15,Sat,Home,D,1.0,1.0,Eintracht Frankfurt,1.0,9.0,3.0,33.3,0.111,0.333,,,Hamburger SV,for
2025-12-20,11:30,77333,Bundesliga 25/26,25/26,Matchweek 15,Sat,Away,D,1.0,1.0,Hamburger SV,1.0,9.0,3.0,33.3,0.111,0.333,,,Eintracht Frankfurt,for
2025-12-20,11:30,77333,Bundesliga 25/26,25/26,Matchweek 15,Sat,Home,D,0.0,0.0,TSG Hoffenheim,0.0,10.0,3.0,30.0,0.0,0.0,,,VfB Stuttgart,for
2025-12-20,11:30,77333,Bundesliga 25/26,25/26,Matchweek 15,Sat,Away,D,0.0,0.0,VfB Stuttgart,0.0,4.0,1.0,25.0,0.0,0.0,,,TSG Hoffenheim,for
2025-12-20,11:30,77333,Bundesliga 25/26,25/26,Matchweek 15,Sat,Home,L,3.0,4.0,SC Freiburg,3.0,13.0,6.0,46.2,0.231,0.5,,,VfL Wolfsburg,for
2025-12-20,11:30,77333,Bundesliga 25/26,25/26,Matchweek 15,Sat,Away,W,4.0,3.0,VfL Wolfsburg,4.0,15.0,8.0,53.3,0.267,0.5,,,SC Freiburg,for
2025-12-20,11:30,77333,Bundesliga 25/26,25/26,Matchweek 15,Sat,Home,L,0.0,1.0,1. FC Union Berlin,0.0,13.0,2.0,15.4,0.0,0.0,,,1. FC Köln,for
2025-12-20,11:30,77333,Bundesliga 25/26,25/26,Matchweek 15,Sat,Away,W,1.0,0.0,1. FC Köln,1.0,11.0,3.0,27.3,0.091,0.333,,,1. FC Union Berlin,for
2025-12-20,11:30,77333,Bundesliga 25/26,25/26,Matchweek 15,Sat,Home,D,0.0,0.0,SV Werder Bremen,0.0,14.0,6.0,42.9,0.0,0.0,,,FC Augsburg,for
2025-12-20,11:30,77333,Bundesliga 25/26,25/26,Matchweek 15,Sat,Away,D,0.0,0.0,FC Augsburg,0.0,9.0,0.0,0.0,0.0,,,,SV Werder Bremen,for
2025-12-20,14:30,77333,Bundesliga 25/26,25/26,Matchweek 15,Sat,Home,L,1.0,3.0,Bayer 04 Leverkusen,1.0,19.0,7.0,36.8,0.053,0.143,,,RB Leipzig,for
2025-12-20,14:30,77333,Bundesliga 25/26,25/26,Matchweek 15,Sat,Away,W,3.0,1.0,RB Leipzig,3.0,15.0,8.0,53.3,0.2,0.375,,,Bayer 04 Leverkusen,for
2025-12-21,11:30,77333,Bundesliga 25/26,25/26,Matchweek 15,Sun,Home,D,0.0,0.0,FC St. Pauli,0.0,13.0,1.0,7.7,0.0,0.0,,,1. FSV Mainz 05,for
2025-12-21,11:30,77333,Bundesliga 25/26,25/26,Matchweek 15,Sun,Away,D,0.0,0.0,1. FSV Mainz 05,0.0,5.0,1.0,20.0,0.0,0.0,,,FC St. Pauli,for
2025-12-21,13:30,77333,Bundesliga 25/26,25/26,Matchweek 15,Sun,Home,L,0.0,4.0,FC Bayern München,0.0,7.0,1.0,14.3,0.0,0.0,,,1. FC Heidenheim,for
2025-12-21,13:30,77333,Bundesliga 25/26,25/26,Matchweek 15,Sun,Away,W,4.0,0.0,1. FC Heidenheim,4.0,23.0,11.0,47.8,0.174,0.364,,,FC Bayern München,for
2026-01-09,16:30,77333,Bundesliga 25/26,25/26,Matchweek 16,Fri,Home,D,3.0,3.0,Borussia Dortmund,3.0,12.0,6.0,50.0,0.25,0.5,,,Eintracht Frankfurt,for
2026-01-09,16:30,77333,Bundesliga 25/26,25/26,Matchweek 16,Fri,Away,D,3.0,3.0,Eintracht Frankfurt,3.0,16.0,6.0,37.5,0.188,0.5,,,Borussia Dortmund,for
2026-01-10,11:30,77333,Bundesliga 25/26,25/26,Matchweek 16,Sat,Home,,,,RB Leipzig,,,,,,,,,FC St. Pauli,for
2026-01-10,11:30,77333,Bundesliga 25/26,25/26,Matchweek 16,Sat,Away,,,,FC St. Pauli,,,,,,,,,RB Leipzig,for
2026-01-10,11:30,77333,Bundesliga 25/26,25/26,Matchweek 16,Sat,Home,D,2.0,2.0,1. FSV Mainz 05,2.0,17.0,5.0,29.4,0.118,0.4,,,1. FC Union Berlin,for
2026-01-10,11:30,77333,Bundesliga 25/26,25/26,Matchweek 16,Sat,Away,D,2.0,2.0,1. FC Union Berlin,2.0,9.0,6.0,66.7,0.222,0.333,,,1. FSV Mainz 05,for
2026-01-10,11:30,77333,Bundesliga 25/26,25/26,Matchweek 16,Sat,Home,W,2.0,1.0,Hamburger SV,2.0,20.0,7.0,35.0,0.1,0.286,,,SC Freiburg,for
2026-01-10,11:30,77333,Bundesliga 25/26,25/26,Matchweek 16,Sat,Away,L,1.0,2.0,SC Freiburg,1.0,10.0,5.0,50.0,0.1,0.2,,,Hamburger SV,for
2026-01-10,11:30,77333,Bundesliga 25/26,25/26,Matchweek 16,Sat,Home,,,,TSG Hoffenheim,,,,,,,,,SV Werder Bremen,for
2026-01-10,11:30,77333,Bundesliga 25/26,25/26,Matchweek 16,Sat,Away,,,,SV Werder Bremen,,,,,,,,,TSG Hoffenheim,for
2026-01-10,11:30,77333,Bundesliga 25/26,25/26,Matchweek 16,Sat,Home,D,2.0,2.0,1. FC Köln,2.0,14.0,6.0,42.9,0.143,0.333,,,1. FC Heidenheim,for
2026-01-10,11:30,77333,Bundesliga 25/26,25/26,Matchweek 16,Sat,Away,D,2.0,2.0,1. FC Heidenheim,2.0,21.0,9.0,42.9,0.095,0.222,,,1. FC Köln,for
2026-01-10,14:30,77333,Bundesliga 25/26,25/26,Matchweek 16,Sat,Home,L,1.0,4.0,VfB Stuttgart,1.0,16.0,4.0,25.0,0.062,0.25,,,Bayer 04 Leverkusen,for
2026-01-10,14:30,77333,Bundesliga 25/26,25/26,Matchweek 16,Sat,Away,W,4.0,1.0,Bayer 04 Leverkusen,4.0,10.0,7.0,70.0,0.4,0.571,,,VfB Stuttgart,for
2026-01-11,11:30,77333,Bundesliga 25/26,25/26,Matchweek 16,Sun,Home,W,4.0,0.0,FC Augsburg,4.0,12.0,7.0,58.3,0.333,0.571,,,Borussia M'gladbach,for
2026-01-11,11:30,77333,Bundesliga 25/26,25/26,Matchweek 16,Sun,Away,L,0.0,4.0,Borussia M'gladbach,0.0,17.0,2.0,11.8,0.0,0.0,,,FC Augsburg,for
2026-01-11,13:30,77333,Bundesliga 25/26,25/26,Matchweek 16,Sun,Home,W,8.0,1.0,VfL Wolfsburg,8.0,16.0,10.0,62.5,0.5,0.8,,,FC Bayern München,for
2026-01-11,13:30,77333,Bundesliga 25/26,25/26,Matchweek 16,Sun,Away,L,1.0,8.0,FC Bayern München,1.0,8.0,3.0,37.5,0.125,0.333,,,VfL Wolfsburg,for
2026-01-13,14:30,77333,Bundesliga 25/26,25/26,Matchweek 17,Tue,Home,W,3.0,2.0,Eintracht Frankfurt,3.0,20.0,11.0,55.0,0.15,0.273,,,VfB Stuttgart,for
2026-01-13,14:30,77333,Bundesliga 25/26,25/26,Matchweek 17,Tue,Away,L,2.0,3.0,VfB Stuttgart,2.0,12.0,5.0,41.7,0.167,0.4,,,Eintracht Frankfurt,for
2026-01-13,16:30,77333,Bundesliga 25/26,25/26,Matchweek 17,Tue,Home,W,3.0,0.0,SV Werder Bremen,3.0,18.0,8.0,44.4,0.167,0.375,,,Borussia Dortmund,for
2026-01-13,16:30,77333,Bundesliga 25/26,25/26,Matchweek 17,Tue,Away,L,0.0,3.0,Borussia Dortmund,0.0,6.0,3.0,50.0,0.0,0.0,,,SV Werder Bremen,for
2026-01-13,16:30,77333,Bundesliga 25/26,25/26,Matchweek 17,Tue,Home,,,,Bayer 04 Leverkusen,,,,,,,,,Hamburger SV,for
2026-01-13,16:30,77333,Bundesliga 25/26,25/26,Matchweek 17,Tue,Away,,,,Hamburger SV,,,,,,,,,Bayer 04 Leverkusen,for
2026-01-13,16:30,77333,Bundesliga 25/26,25/26,Matchweek 17,Tue,Home,W,2.0,1.0,1. FC Heidenheim,2.0,13.0,6.0,46.2,0.154,0.333,,,1. FSV Mainz 05,for
2026-01-13,16:30,77333,Bundesliga 25/26,25/26,Matchweek 17,Tue,Away,L,1.0,2.0,1. FSV Mainz 05,1.0,15.0,4.0,26.7,0.067,0.25,,,1. FC Heidenheim,for
2026-01-14,14:30,77333,Bundesliga 25/26,25/26,Matchweek 17,Wed,Home,W,2.0,1.0,FC St. Pauli,2.0,13.0,5.0,38.5,0.154,0.4,,,VfL Wolfsburg,for
2026-01-14,14:30,77333,Bundesliga 25/26,25/26,Matchweek 17,Wed,Away,L,1.0,2.0,VfL Wolfsburg,1.0,9.0,4.0,44.4,0.111,0.25,,,FC St. Pauli,for
2026-01-14,16:30,77333,Bundesliga 25/26,25/26,Matchweek 17,Wed,Home,L,1.0,3.0,FC Bayern München,1.0,8.0,3.0,37.5,0.125,0.333,,,1. FC Köln,for
2026-01-14,16:30,77333,Bundesliga 25/26,25/26,Matchweek 17,Wed,Away,W,3.0,1.0,1. FC Köln,3.0,19.0,8.0,42.1,0.158,0.375,,,FC Bayern München,for
2026-01-14,16:30,77333,Bundesliga 25/26,25/26,Matchweek 17,Wed,Home,W,2.0,0.0,SC Freiburg,2.0,21.0,7.0,33.3,0.095,0.286,,,RB Leipzig,for
2026-01-14,16:30,77333,Bundesliga 25/26,25/26,Matchweek 17,Wed,Away,L,0.0,2.0,RB Leipzig,0.0,3.0,1.0,33.3,0.0,0.0,,,SC Freiburg,for
2026-01-14,16:30,77333,Bundesliga 25/26,25/26,Matchweek 17,Wed,Home,W,5.0,1.0,Borussia M'gladbach,5.0,18.0,10.0,55.6,0.278,0.5,,,TSG Hoffenheim,for
2026-01-14,16:30,77333,Bundesliga 25/26,25/26,Matchweek 17,Wed,Away,L,1.0,5.0,TSG Hoffenheim,1.0,7.0,5.0,71.4,0.143,0.2,,,Borussia M'gladbach,for
2026-01-15,16:30,77333,Bundesliga 25/26,25/26,Matchweek 17,Thu,Home,D,1.0,1.0,1. FC Union Berlin,1.0,9.0,5.0,55.6,0.111,0.2,,,FC Augsburg,for
2026-01-15,16:30,77333,Bundesliga 25/26,25/26,Matchweek 17,Thu,Away,D,1.0,1.0,FC Augsburg,1.0,16.0,3.0,18.8,0.062,0.333,,,1. FC Union Berlin,for
2026-01-16,16:30,77333,Bundesliga 25/26,25/26,Matchweek 18,Fri,Home,D,3.0,3.0,Eintracht Frankfurt,3.0,13.0,4.0,30.8,0.231,0.75,,,SV Werder Bremen,for
2026-01-16,16:30,77333,Bundesliga 25/26,25/26,Matchweek 18,Fri,Away,D,3.0,3.0,SV Werder Bremen,3.0,8.0,4.0,50.0,0.375,0.75,,,Eintracht Frankfurt,for
2026-01-17,11:30,77333,Bundesliga 25/26,25/26,Matchweek 18,Sat,Home,W,3.0,2.0,FC St. Pauli,3.0,10.0,6.0,60.0,0.3,0.5,,,Borussia Dortmund,for
2026-01-17,11:30,77333,Bundesliga 25/26,25/26,Matchweek 18,Sat,Away,L,2.0,3.0,Borussia Dortmund,2.0,9.0,5.0,55.6,0.222,0.4,,,FC St. Pauli,for
2026-01-17,11:30,77333,Bundesliga 25/26,25/26,Matchweek 18,Sat,Home,W,1.0,0.0,Bayer 04 Leverkusen,1.0,19.0,8.0,42.1,0.053,0.125,,,TSG Hoffenheim,for
2026-01-17,11:30,77333,Bundesliga 25/26,25/26,Matchweek 18,Sat,Away,L,0.0,1.0,TSG Hoffenheim,0.0,8.0,2.0,25.0,0.0,0.0,,,Bayer 04 Leverkusen,for
2026-01-17,11:30,77333,Bundesliga 25/26,25/26,Matchweek 18,Sat,Home,D,0.0,0.0,Borussia M'gladbach,0.0,25.0,12.0,48.0,0.0,0.0,,,Hamburger SV,for
2026-01-17,11:30,77333,Bundesliga 25/26,25/26,Matchweek 18,Sat,Away,D,0.0,0.0,Hamburger SV,0.0,6.0,0.0,0.0,0.0,,,,Borussia M'gladbach,for
2026-01-17,11:30,77333,Bundesliga 25/26,25/26,Matchweek 18,Sat,Home,D,1.0,1.0,1. FC Heidenheim,1.0,13.0,4.0,30.8,0.077,0.25,,,VfL Wolfsburg,for
2026-01-17,11:30,77333,Bundesliga 25/26,25/26,Matchweek 18,Sat,Away,D,1.0,1.0,VfL Wolfsburg,1.0,13.0,3.0,23.1,0.077,0.333,,,1. FC Heidenheim,for
2026-01-17,11:30,77333,Bundesliga 25/26,25/26,Matchweek 18,Sat,Home,W,2.0,1.0,1. FSV Mainz 05,2.0,20.0,6.0,30.0,0.1,0.333,,,1. FC Köln,for
2026-01-17,11:30,77333,Bundesliga 25/26,25/26,Matchweek 18,Sat,Away,L,1.0,2.0,1. FC Köln,1.0,10.0,7.0,70.0,0.1,0.143,,,1. FSV Mainz 05,for
2026-01-17,14:30,77333,Bundesliga 25/26,25/26,Matchweek 18,Sat,Home,L,1.0,5.0,FC Bayern München,1.0,17.0,4.0,23.5,0.059,0.25,,,RB Leipzig,for
2026-01-17,14:30,77333,Bundesliga 25/26,25/26,Matchweek 18,Sat,Away,W,5.0,1.0,RB Leipzig,5.0,19.0,12.0,63.2,0.263,0.417,,,FC Bayern München,for
2026-01-18,11:30,77333,Bundesliga 25/26,25/26,Matchweek 18,Sun,Home,D,1.0,1.0,1. FC Union Berlin,1.0,12.0,4.0,33.3,0.083,0.25,,,VfB Stuttgart,for
2026-01-18,11:30,77333,Bundesliga 25/26,25/26,Matchweek 18,Sun,Away,D,1.0,1.0,VfB Stuttgart,1.0,20.0,3.0,15.0,0.05,0.333,,,1. FC Union Berlin,for
2026-01-18,13:30,77333,Bundesliga 25/26,25/26,Matchweek 18,Sun,Home,D,2.0,2.0,SC Freiburg,2.0,13.0,5.0,38.5,0.154,0.4,,,FC Augsburg,for
2026-01-18,13:30,77333,Bundesliga 25/26,25/26,Matchweek 18,Sun,Away,D,2.0,2.0,FC Augsburg,2.0,13.0,5.0,38.5,0.154,0.4,,,SC Freiburg,for
2026-01-23,16:30,77333,Bundesliga 25/26,25/26,Matchweek 19,Fri,Home,D,0.0,0.0,Hamburger SV,0.0,8.0,3.0,37.5,0.0,0.0,,,FC St. Pauli,for
2026-01-23,16:30,77333,Bundesliga 25/26,25/26,Matchweek 19,Fri,Away,D,0.0,0.0,FC St. Pauli,0.0,5.0,2.0,40.0,0.0,0.0,,,Hamburger SV,for
2026-01-24,11:30,77333,Bundesliga 25/26,25/26,Matchweek 19,Sat,Home,L,1.0,2.0,FC Augsburg,1.0,15.0,6.0,40.0,0.067,0.167,,,FC Bayern München,for
2026-01-24,11:30,77333,Bundesliga 25/26,25/26,Matchweek 19,Sat,Away,W,2.0,1.0,FC Bayern München,2.0,16.0,6.0,37.5,0.125,0.333,,,FC Augsburg,for
2026-01-24,11:30,77333,Bundesliga 25/26,25/26,Matchweek 19,Sat,Home,W,1.0,0.0,SV Werder Bremen,1.0,13.0,4.0,30.8,0.077,0.25,,,Bayer 04 Leverkusen,for
2026-01-24,11:30,77333,Bundesliga 25/26,25/26,Matchweek 19,Sat,Away,L,0.0,1.0,Bayer 04 Leverkusen,0.0,17.0,3.0,17.6,0.0,0.0,,,SV Werder Bremen,for
2026-01-24,11:30,77333,Bundesliga 25/26,25/26,Matchweek 19,Sat,Home,L,0.0,3.0,RB Leipzig,0.0,7.0,2.0,28.6,0.0,0.0,,,1. FC Heidenheim,for
2026-01-24,11:30,77333,Bundesliga 25/26,25/26,Matchweek 19,Sat,Away,W,3.0,0.0,1. FC Heidenheim,3.0,11.0,8.0,72.7,0.273,0.375,,,RB Leipzig,for
2026-01-24,11:30,77333,Bundesliga 25/26,25/26,Matchweek 19,Sat,Home,L,1.0,3.0,TSG Hoffenheim,1.0,9.0,3.0,33.3,0.111,0.333,,,Eintracht Frankfurt,for
2026-01-24,11:30,77333,Bundesliga 25/26,25/26,Matchweek 19,Sat,Away,W,3.0,1.0,Eintracht Frankfurt,3.0,10.0,5.0,50.0,0.3,0.6,,,TSG Hoffenheim,for
2026-01-24,11:30,77333,Bundesliga 25/26,25/26,Matchweek 19,Sat,Home,W,3.0,1.0,VfL Wolfsburg,3.0,20.0,9.0,45.0,0.15,0.333,,,1. FSV Mainz 05,for
2026-01-24,11:30,77333,Bundesliga 25/26,25/26,Matchweek 19,Sat,Away,L,1.0,3.0,1. FSV Mainz 05,1.0,7.0,2.0,28.6,0.143,0.5,,,VfL Wolfsburg,for
2026-01-24,14:30,77333,Bundesliga 25/26,25/26,Matchweek 19,Sat,Home,L,0.0,3.0,Borussia Dortmund,0.0,10.0,3.0,30.0,0.0,0.0,,,1. FC Union Berlin,for
2026-01-24,14:30,77333,Bundesliga 25/26,25/26,Matchweek 19,Sat,Away,W,3.0,0.0,1. FC Union Berlin,3.0,15.0,5.0,33.3,0.2,0.6,,,Borussia Dortmund,for
2026-01-25,11:30,77333,Bundesliga 25/26,25/26,Matchweek 19,Sun,Home,L,0.0,3.0,VfB Stuttgart,0.0,12.0,3.0,25.0,0.0,0.0,,,Borussia M'gladbach,for
2026-01-25,11:30,77333,Bundesliga 25/26,25/26,Matchweek 19,Sun,Away,W,3.0,0.0,Borussia M'gladbach,3.0,17.0,8.0,47.1,0.176,0.375,,,VfB Stuttgart,for
2026-01-25,13:30,77333,Bundesliga 25/26,25/26,Matchweek 19,Sun,Home,W,2.0,1.0,1. FC Köln,2.0,13.0,5.0,38.5,0.154,0.4,,,SC Freiburg,for
2026-01-25,13:30,77333,Bundesliga 25/26,25/26,Matchweek 19,Sun,Away,L,1.0,2.0,SC Freiburg,1.0,19.0,4.0,21.1,0.053,0.25,,,1. FC Köln,for
2026-01-27,16:30,77333,Bundesliga 25/26,25/26,Matchweek 16,Tue,Home,D,1.0,1.0,RB Leipzig,1.0,7.0,2.0,28.6,0.143,0.5,,,FC St. Pauli,for
2026-01-27,16:30,77333,Bundesliga 25/26,25/26,Matchweek 16,Tue,Away,D,1.0,1.0,FC St. Pauli,1.0,12.0,5.0,41.7,0.083,0.2,,,RB Leipzig,for
2026-01-27,16:30,77333,Bundesliga 25/26,25/26,Matchweek 16,Tue,Home,L,0.0,2.0,TSG Hoffenheim,0.0,26.0,3.0,11.5,0.0,0.0,,,SV Werder Bremen,for
2026-01-27,16:30,77333,Bundesliga 25/26,25/26,Matchweek 16,Tue,Away,W,2.0,0.0,SV Werder Bremen,2.0,12.0,3.0,25.0,0.167,0.667,,,TSG Hoffenheim,for
2026-01-30,16:30,77333,Bundesliga 25/26,25/26,Matchweek 20,Fri,Home,W,1.0,0.0,VfL Wolfsburg,1.0,15.0,3.0,20.0,0.067,0.333,,,1. FC Köln,for
2026-01-30,16:30,77333,Bundesliga 25/26,25/26,Matchweek 20,Fri,Away,L,0.0,1.0,1. FC Köln,0.0,14.0,3.0,21.4,0.0,0.0,,,VfL Wolfsburg,for
2026-01-31,11:30,77333,Bundesliga 25/26,25/26,Matchweek 20,Sat,Home,L,1.0,3.0,Bayer 04 Leverkusen,1.0,11.0,4.0,36.4,0.091,0.25,,,Eintracht Frankfurt,for
2026-01-31,11:30,77333,Bundesliga 25/26,25/26,Matchweek 20,Sat,Away,W,3.0,1.0,Eintracht Frankfurt,3.0,11.0,4.0,36.4,0.273,0.75,,,Bayer 04 Leverkusen,for
2026-01-31,11:30,77333,Bundesliga 25/26,25/26,Matchweek 20,Sat,Home,L,1.0,2.0,1. FSV Mainz 05,1.0,15.0,4.0,26.7,0.067,0.25,,,RB Leipzig,for
2026-01-31,11:30,77333,Bundesliga 25/26,25/26,Matchweek 20,Sat,Away,W,2.0,1.0,RB Leipzig,2.0,11.0,4.0,36.4,0.182,0.5,,,1. FSV Mainz 05,for
2026-01-31,11:30,77333,Bundesliga 25/26,25/26,Matchweek 20,Sat,Home,W,3.0,1.0,1. FC Union Berlin,3.0,9.0,4.0,44.4,0.333,0.75,,,TSG Hoffenheim,for
2026-01-31,11:30,77333,Bundesliga 25/26,25/26,Matchweek 20,Sat,Away,L,1.0,3.0,TSG Hoffenheim,1.0,16.0,3.0,18.8,0.062,0.333,,,1. FC Union Berlin,for
2026-01-31,11:30,77333,Bundesliga 25/26,25/26,Matchweek 20,Sat,Home,D,1.0,1.0,Borussia M'gladbach,1.0,18.0,6.0,33.3,0.056,0.167,,,SV Werder Bremen,for
2026-01-31,11:30,77333,Bundesliga 25/26,25/26,Matchweek 20,Sat,Away,D,1.0,1.0,SV Werder Bremen,1.0,7.0,2.0,28.6,0.143,0.5,,,Borussia M'gladbach,for
2026-01-31,11:30,77333,Bundesliga 25/26,25/26,Matchweek 20,Sat,Home,W,2.0,1.0,FC St. Pauli,2.0,12.0,6.0,50.0,0.167,0.333,,,FC Augsburg,for
2026-01-31,11:30,77333,Bundesliga 25/26,25/26,Matchweek 20,Sat,Away,L,1.0,2.0,FC Augsburg,1.0,17.0,5.0,29.4,0.059,0.2,,,FC St. Pauli,for
2026-01-31,14:30,77333,Bundesliga 25/26,25/26,Matchweek 20,Sat,Home,D,2.0,2.0,FC Bayern München,2.0,14.0,4.0,28.6,0.143,0.5,,,Hamburger SV,for
2026-01-31,14:30,77333,Bundesliga 25/26,25/26,Matchweek 20,Sat,Away,D,2.0,2.0,Hamburger SV,2.0,13.0,7.0,53.8,0.154,0.286,,,FC Bayern München,for
2026-02-01,11:30,77333,Bundesliga 25/26,25/26,Matchweek 20,Sun,Home,W,1.0,0.0,SC Freiburg,1.0,18.0,7.0,38.9,0.056,0.143,,,VfB Stuttgart,for
2026-02-01,11:30,77333,Bundesliga 25/26,25/26,Matchweek 20,Sun,Away,L,0.0,1.0,VfB Stuttgart,0.0,11.0,2.0,18.2,0.0,0.0,,,SC Freiburg,for
2026-02-01,13:30,77333,Bundesliga 25/26,25/26,Matchweek 20,Sun,Home,W,3.0,2.0,1. FC Heidenheim,3.0,19.0,5.0,26.3,0.158,0.6,,,Borussia Dortmund,for
2026-02-01,13:30,77333,Bundesliga 25/26,25/26,Matchweek 20,Sun,Away,L,2.0,3.0,Borussia Dortmund,2.0,12.0,3.0,25.0,0.167,0.667,,,1. FC Heidenheim,for
2026-02-06,16:30,77333,Bundesliga 25/26,25/26,Matchweek 21,Fri,Home,D,1.0,1.0,Eintracht Frankfurt,1.0,11.0,3.0,27.3,0.091,0.333,,,1. FC Union Berlin,for
2026-02-06,16:30,77333,Bundesliga 25/26,25/26,Matchweek 21,Fri,Away,D,1.0,1.0,1. FC Union Berlin,1.0,3.0,1.0,33.3,0.333,1.0,,,Eintracht Frankfurt,for
2026-02-07,11:30,77333,Bundesliga 25/26,25/26,Matchweek 21,Sat,Home,L,1.0,2.0,Borussia Dortmund,1.0,12.0,2.0,16.7,0.083,0.5,,,VfL Wolfsburg,for
2026-02-07,11:30,77333,Bundesliga 25/26,25/26,Matchweek 21,Sat,Away,W,2.0,1.0,VfL Wolfsburg,2.0,21.0,4.0,19.0,0.095,0.5,,,Borussia Dortmund,for
2026-02-07,11:30,77333,Bundesliga 25/26,25/26,Matchweek 21,Sat,Home,W,2.0,1.0,VfB Stuttgart,2.0,15.0,7.0,46.7,0.133,0.286,,,FC St. Pauli,for
2026-02-07,11:30,77333,Bundesliga 25/26,25/26,Matchweek 21,Sat,Away,L,1.0,2.0,FC St. Pauli,1.0,7.0,3.0,42.9,0.143,0.333,,,VfB Stuttgart,for
2026-02-07,11:30,77333,Bundesliga 25/26,25/26,Matchweek 21,Sat,Home,W,1.0,0.0,SV Werder Bremen,1.0,7.0,2.0,28.6,0.143,0.5,,,SC Freiburg,for
2026-02-07,11:30,77333,Bundesliga 25/26,25/26,Matchweek 21,Sat,Away,L,0.0,1.0,SC Freiburg,0.0,17.0,5.0,29.4,0.0,0.0,,,SV Werder Bremen,for
2026-02-07,11:30,77333,Bundesliga 25/26,25/26,Matchweek 21,Sat,Home,W,2.0,0.0,FC Augsburg,2.0,10.0,6.0,60.0,0.2,0.333,,,1. FSV Mainz 05,for
2026-02-07,11:30,77333,Bundesliga 25/26,25/26,Matchweek 21,Sat,Away,L,0.0,2.0,1. FSV Mainz 05,0.0,14.0,6.0,42.9,0.0,0.0,,,FC Augsburg,for
2026-02-07,11:30,77333,Bundesliga 25/26,25/26,Matchweek 21,Sat,Home,L,0.0,2.0,Hamburger SV,0.0,20.0,4.0,20.0,0.0,0.0,,,1. FC Heidenheim,for
2026-02-07,11:30,77333,Bundesliga 25/26,25/26,Matchweek 21,Sat,Away,W,2.0,0.0,1. FC Heidenheim,2.0,14.0,5.0,35.7,0.143,0.4,,,Hamburger SV,for
2026-02-07,14:30,77333,Bundesliga 25/26,25/26,Matchweek 21,Sat,Home,D,1.0,1.0,Bayer 04 Leverkusen,1.0,9.0,6.0,66.7,0.111,0.167,,,Borussia M'gladbach,for
2026-02-07,14:30,77333,Bundesliga 25/26,25/26,Matchweek 21,Sat,Away,D,1.0,1.0,Borussia M'gladbach,1.0,10.0,2.0,20.0,0.1,0.5,,,Bayer 04 Leverkusen,for
2026-02-08,11:30,77333,Bundesliga 25/26,25/26,Matchweek 21,Sun,Home,L,1.0,2.0,RB Leipzig,1.0,10.0,3.0,30.0,0.1,0.333,,,1. FC Köln,for
2026-02-08,11:30,77333,Bundesliga 25/26,25/26,Matchweek 21,Sun,Away,W,2.0,1.0,1. FC Köln,2.0,19.0,4.0,21.1,0.105,0.5,,,RB Leipzig,for
2026-02-08,13:30,77333,Bundesliga 25/26,25/26,Matchweek 21,Sun,Home,W,5.0,1.0,TSG Hoffenheim,5.0,27.0,14.0,51.9,0.185,0.357,,,FC Bayern München,for
2026-02-08,13:30,77333,Bundesliga 25/26,25/26,Matchweek 21,Sun,Away,L,1.0,5.0,FC Bayern München,1.0,9.0,4.0,44.4,0.111,0.25,,,TSG Hoffenheim,for
2026-02-13,16:30,77333,Bundesliga 25/26,25/26,Matchweek 22,Fri,Home,W,4.0,0.0,1. FSV Mainz 05,4.0,14.0,8.0,57.1,0.286,0.5,,,Borussia Dortmund,for
2026-02-13,16:30,77333,Bundesliga 25/26,25/26,Matchweek 22,Fri,Away,L,0.0,4.0,Borussia Dortmund,0.0,10.0,5.0,50.0,0.0,0.0,,,1. FSV Mainz 05,for
2026-02-14,11:30,77333,Bundesliga 25/26,25/26,Matchweek 22,Sat,Home,L,0.0,3.0,FC Bayern München,0.0,14.0,3.0,21.4,0.0,0.0,,,SV Werder Bremen,for
2026-02-14,11:30,77333,Bundesliga 25/26,25/26,Matchweek 22,Sat,Away,W,3.0,0.0,SV Werder Bremen,3.0,11.0,8.0,72.7,0.273,0.375,,,FC Bayern München,for
2026-02-14,11:30,77333,Bundesliga 25/26,25/26,Matchweek 22,Sat,Home,W,4.0,0.0,FC St. Pauli,4.0,12.0,7.0,58.3,0.333,0.571,,,Bayer 04 Leverkusen,for
2026-02-14,11:30,77333,Bundesliga 25/26,25/26,Matchweek 22,Sat,Away,L,0.0,4.0,Bayer 04 Leverkusen,0.0,11.0,1.0,9.1,0.0,0.0,,,FC St. Pauli,for
2026-02-14,11:30,77333,Bundesliga 25/26,25/26,Matchweek 22,Sat,Home,W,3.0,0.0,Borussia M'gladbach,3.0,12.0,9.0,75.0,0.25,0.333,,,Eintracht Frankfurt,for
2026-02-14,11:30,77333,Bundesliga 25/26,25/26,Matchweek 22,Sat,Away,L,0.0,3.0,Eintracht Frankfurt,0.0,20.0,3.0,15.0,0.0,0.0,,,Borussia M'gladbach,for
2026-02-14,11:30,77333,Bundesliga 25/26,25/26,Matchweek 22,Sat,Home,W,3.0,0.0,SC Freiburg,3.0,25.0,7.0,28.0,0.12,0.429,,,TSG Hoffenheim,for
2026-02-14,11:30,77333,Bundesliga 25/26,25/26,Matchweek 22,Sat,Away,L,0.0,3.0,TSG Hoffenheim,0.0,13.0,3.0,23.1,0.0,0.0,,,SC Freiburg,for
2026-02-14,11:30,77333,Bundesliga 25/26,25/26,Matchweek 22,Sat,Home,W,3.0,2.0,1. FC Union Berlin,3.0,13.0,4.0,30.8,0.231,0.75,,,Hamburger SV,for
2026-02-14,11:30,77333,Bundesliga 25/26,25/26,Matchweek 22,Sat,Away,L,2.0,3.0,Hamburger SV,2.0,12.0,5.0,41.7,0.167,0.4,,,1. FC Union Berlin,for
2026-02-14,14:30,77333,Bundesliga 25/26,25/26,Matchweek 22,Sat,Home,W,3.0,1.0,1. FC Köln,3.0,13.0,4.0,30.8,0.231,0.75,,,VfB Stuttgart,for
2026-02-14,14:30,77333,Bundesliga 25/26,25/26,Matchweek 22,Sat,Away,L,1.0,3.0,VfB Stuttgart,1.0,10.0,3.0,30.0,0.1,0.333,,,1. FC Köln,for
2026-02-15,11:30,77333,Bundesliga 25/26,25/26,Matchweek 22,Sun,Home,W,1.0,0.0,1. FC Heidenheim,1.0,12.0,4.0,33.3,0.083,0.25,,,FC Augsburg,for
2026-02-15,11:30,77333,Bundesliga 25/26,25/26,Matchweek 22,Sun,Away,L,0.0,1.0,FC Augsburg,0.0,16.0,2.0,12.5,0.0,0.0,,,1. FC Heidenheim,for
2026-02-15,13:30,77333,Bundesliga 25/26,25/26,Matchweek 22,Sun,Home,D,2.0,2.0,VfL Wolfsburg,2.0,20.0,10.0,50.0,0.1,0.2,,,RB Leipzig,for
2026-02-15,13:30,77333,Bundesliga 25/26,25/26,Matchweek 22,Sun,Away,D,2.0,2.0,RB Leipzig,2.0,10.0,3.0,30.0,0.2,0.667,,,VfL Wolfsburg,for
2026-02-20,16:30,77333,Bundesliga 25/26,25/26,Matchweek 23,Fri,Home,D,1.0,1.0,Hamburger SV,1.0,17.0,3.0,17.6,0.059,0.333,,,1. FSV Mainz 05,for
2026-02-20,16:30,77333,Bundesliga 25/26,25/26,Matchweek 23,Fri,Away,D,1.0,1.0,1. FSV Mainz 05,1.0,14.0,5.0,35.7,0.071,0.2,,,Hamburger SV,for
2026-02-21,11:30,77333,Bundesliga 25/26,25/26,Matchweek 23,Sat,Home,W,3.0,2.0,Eintracht Frankfurt,3.0,24.0,11.0,45.8,0.125,0.273,,,FC Bayern München,for
2026-02-21,11:30,77333,Bundesliga 25/26,25/26,Matchweek 23,Sat,Away,L,2.0,3.0,FC Bayern München,2.0,9.0,3.0,33.3,0.222,0.667,,,Eintracht Frankfurt,for
2026-02-21,11:30,77333,Bundesliga 25/26,25/26,Matchweek 23,Sat,Home,W,1.0,0.0,Bayer 04 Leverkusen,1.0,8.0,4.0,50.0,0.125,0.25,,,1. FC Union Berlin,for
2026-02-21,11:30,77333,Bundesliga 25/26,25/26,Matchweek 23,Sat,Away,L,0.0,1.0,1. FC Union Berlin,0.0,16.0,1.0,6.2,0.0,0.0,,,Bayer 04 Leverkusen,for
2026-02-21,11:30,77333,Bundesliga 25/26,25/26,Matchweek 23,Sat,Home,D,2.0,2.0,TSG Hoffenheim,2.0,9.0,4.0,44.4,0.222,0.5,,,1. FC Köln,for
2026-02-21,11:30,77333,Bundesliga 25/26,25/26,Matchweek 23,Sat,Away,D,2.0,2.0,1. FC Köln,2.0,18.0,6.0,33.3,0.111,0.333,,,TSG Hoffenheim,for
2026-02-21,11:30,77333,Bundesliga 25/26,25/26,Matchweek 23,Sat,Home,L,2.0,3.0,FC Augsburg,2.0,10.0,4.0,40.0,0.2,0.5,,,VfL Wolfsburg,for
2026-02-21,11:30,77333,Bundesliga 25/26,25/26,Matchweek 23,Sat,Away,W,3.0,2.0,VfL Wolfsburg,3.0,15.0,6.0,40.0,0.2,0.5,,,FC Augsburg,for
2026-02-21,14:30,77333,Bundesliga 25/26,25/26,Matchweek 23,Sat,Home,D,2.0,2.0,Borussia Dortmund,2.0,13.0,3.0,23.1,0.154,0.667,,,RB Leipzig,for
2026-02-21,14:30,77333,Bundesliga 25/26,25/26,Matchweek 23,Sat,Away,D,2.0,2.0,RB Leipzig,2.0,11.0,5.0,45.5,0.182,0.4,,,Borussia Dortmund,for
2026-02-22,11:30,77333,Bundesliga 25/26,25/26,Matchweek 23,Sun,Home,W,2.0,1.0,Borussia M'gladbach,2.0,10.0,6.0,60.0,0.2,0.333,,,SC Freiburg,for
2026-02-22,11:30,77333,Bundesliga 25/26,25/26,Matchweek 23,Sun,Away,L,1.0,2.0,SC Freiburg,1.0,12.0,2.0,16.7,0.083,0.5,,,Borussia M'gladbach,for
2026-02-22,13:30,77333,Bundesliga 25/26,25/26,Matchweek 23,Sun,Home,W,2.0,1.0,SV Werder Bremen,2.0,4.0,4.0,100.0,0.5,0.5,,,FC St. Pauli,for
2026-02-22,13:30,77333,Bundesliga 25/26,25/26,Matchweek 23,Sun,Away,L,1.0,2.0,FC St. Pauli,1.0,13.0,4.0,30.8,0.077,0.25,,,SV Werder Bremen,for
2026-02-22,15:30,77333,Bundesliga 25/26,25/26,Matchweek 23,Sun,Home,D,3.0,3.0,VfB Stuttgart,3.0,10.0,6.0,60.0,0.3,0.5,,,1. FC Heidenheim,for
2026-02-22,15:30,77333,Bundesliga 25/26,25/26,Matchweek 23,Sun,Away,D,3.0,3.0,1. FC Heidenheim,3.0,12.0,8.0,66.7,0.25,0.375,,,VfB Stuttgart,for
2026-02-27,16:30,77333,Bundesliga 25/26,25/26,Matchweek 24,Fri,Home,W,2.0,0.0,1. FC Köln,2.0,14.0,4.0,28.6,0.143,0.5,,,FC Augsburg,for
2026-02-27,16:30,77333,Bundesliga 25/26,25/26,Matchweek 24,Fri,Away,L,0.0,2.0,FC Augsburg,0.0,10.0,3.0,30.0,0.0,0.0,,,1. FC Köln,for
2026-02-28,11:30,77333,Bundesliga 25/26,25/26,Matchweek 24,Sat,Home,D,1.0,1.0,1. FSV Mainz 05,1.0,12.0,5.0,41.7,0.083,0.2,,,Bayer 04 Leverkusen,for
2026-02-28,11:30,77333,Bundesliga 25/26,25/26,Matchweek 24,Sat,Away,D,1.0,1.0,Bayer 04 Leverkusen,1.0,8.0,4.0,50.0,0.125,0.25,,,1. FSV Mainz 05,for
2026-02-28,11:30,77333,Bundesliga 25/26,25/26,Matchweek 24,Sat,Home,W,1.0,0.0,1. FC Union Berlin,1.0,21.0,7.0,33.3,0.048,0.143,,,Borussia M'gladbach,for
2026-02-28,11:30,77333,Bundesliga 25/26,25/26,Matchweek 24,Sat,Away,L,0.0,1.0,Borussia M'gladbach,0.0,6.0,2.0,33.3,0.0,0.0,,,1. FC Union Berlin,for
2026-02-28,11:30,77333,Bundesliga 25/26,25/26,Matchweek 24,Sat,Home,L,0.0,1.0,FC St. Pauli,0.0,20.0,11.0,55.0,0.0,0.0,,,TSG Hoffenheim,for
2026-02-28,11:30,77333,Bundesliga 25/26,25/26,Matchweek 24,Sat,Away,W,1.0,0.0,TSG Hoffenheim,1.0,11.0,3.0,27.3,0.091,0.333,,,FC St. Pauli,for
2026-02-28,11:30,77333,Bundesliga 25/26,25/26,Matchweek 24,Sat,Home,W,2.0,0.0,1. FC Heidenheim,2.0,17.0,6.0,35.3,0.118,0.333,,,SV Werder Bremen,for
2026-02-28,11:30,77333,Bundesliga 25/26,25/26,Matchweek 24,Sat,Away,L,0.0,2.0,SV Werder Bremen,0.0,9.0,0.0,0.0,0.0,,,,1. FC Heidenheim,for
2026-02-28,14:30,77333,Bundesliga 25/26,25/26,Matchweek 24,Sat,Home,L,2.0,3.0,FC Bayern München,2.0,10.0,2.0,20.0,0.2,1.0,,,Borussia Dortmund,for
2026-02-28,14:30,77333,Bundesliga 25/26,25/26,Matchweek 24,Sat,Away,W,3.0,2.0,Borussia Dortmund,3.0,14.0,6.0,42.9,0.214,0.5,,,FC Bayern München,for
2026-03-01,11:30,77333,Bundesliga 25/26,25/26,Matchweek 24,Sun,Home,W,4.0,0.0,VfL Wolfsburg,4.0,24.0,11.0,45.8,0.167,0.364,,,VfB Stuttgart,for
2026-03-01,11:30,77333,Bundesliga 25/26,25/26,Matchweek 24,Sun,Away,L,0.0,4.0,VfB Stuttgart,0.0,10.0,3.0,30.0,0.0,0.0,,,VfL Wolfsburg,for
2026-03-01,13:30,77333,Bundesliga 25/26,25/26,Matchweek 24,Sun,Home,W,2.0,0.0,SC Freiburg,2.0,15.0,7.0,46.7,0.133,0.286,,,Eintracht Frankfurt,for
2026-03-01,13:30,77333,Bundesliga 25/26,25/26,Matchweek 24,Sun,Away,L,0.0,2.0,Eintracht Frankfurt,0.0,4.0,2.0,50.0,0.0,0.0,,,SC Freiburg,for
2026-03-01,15:30,77333,Bundesliga 25/26,25/26,Matchweek 24,Sun,Home,L,1.0,2.0,RB Leipzig,1.0,7.0,3.0,42.9,0.143,0.333,,,Hamburger SV,for
2026-03-01,15:30,77333,Bundesliga 25/26,25/26,Matchweek 24,Sun,Away,W,2.0,1.0,Hamburger SV,2.0,13.0,5.0,38.5,0.154,0.4,,,RB Leipzig,for
2026-03-04,16:30,77333,Bundesliga 25/26,25/26,Matchweek 17,Wed,Home,L,0.0,1.0,Bayer 04 Leverkusen,0.0,10.0,3.0,30.0,0.0,0.0,,,Hamburger SV,for
2026-03-04,16:30,77333,Bundesliga 25/26,25/26,Matchweek 17,Wed,Away,W,1.0,0.0,Hamburger SV,1.0,14.0,4.0,28.6,0.071,0.25,,,Bayer 04 Leverkusen,for
2026-03-06,16:30,77333,Bundesliga 25/26,25/26,Matchweek 25,Fri,Home,W,4.0,1.0,Borussia M'gladbach,4.0,18.0,9.0,50.0,0.222,0.444,,,FC Bayern München,for
2026-03-06,16:30,77333,Bundesliga 25/26,25/26,Matchweek 25,Fri,Away,L,1.0,4.0,FC Bayern München,1.0,10.0,5.0,50.0,0.1,0.2,,,Borussia M'gladbach,for
2026-03-07,11:30,77333,Bundesliga 25/26,25/26,Matchweek 25,Sat,Home,L,1.0,2.0,Hamburger SV,1.0,14.0,4.0,28.6,0.071,0.25,,,VfL Wolfsburg,for
2026-03-07,11:30,77333,Bundesliga 25/26,25/26,Matchweek 25,Sat,Away,W,2.0,1.0,VfL Wolfsburg,2.0,10.0,7.0,70.0,0.2,0.286,,,Hamburger SV,for
2026-03-07,11:30,77333,Bundesliga 25/26,25/26,Matchweek 25,Sat,Home,L,2.0,4.0,TSG Hoffenheim,2.0,8.0,2.0,25.0,0.25,1.0,,,1. FC Heidenheim,for
2026-03-07,11:30,77333,Bundesliga 25/26,25/26,Matchweek 25,Sat,Away,W,4.0,2.0,1. FC Heidenheim,4.0,16.0,7.0,43.8,0.25,0.571,,,TSG Hoffenheim,for
2026-03-13,16:30,77333,Bundesliga 25/26,25/26,Matchweek 26,Fri,Home,W,2.0,0.0,FC St. Pauli,2.0,10.0,4.0,40.0,0.2,0.5,,,Borussia M'gladbach,for
2026-03-13,16:30,77333,Bundesliga 25/26,25/26,Matchweek 26,Fri,Away,L,0.0,2.0,Borussia M'gladbach,0.0,8.0,1.0,12.5,0.0,0.0,,,FC St. Pauli,for
2026-03-14,11:30,77333,Bundesliga 25/26,25/26,Matchweek 26,Sat,Home,D,1.0,1.0,FC Bayern München,1.0,21.0,7.0,33.3,0.048,0.143,,,Bayer 04 Leverkusen,for
2026-03-14,11:30,77333,Bundesliga 25/26,25/26,Matchweek 26,Sat,Away,D,1.0,1.0,Bayer 04 Leverkusen,1.0,11.0,5.0,45.5,0.091,0.2,,,FC Bayern München,for
2026-03-14,11:30,77333,Bundesliga 25/26,25/26,Matchweek 26,Sat,Home,W,2.0,0.0,FC Augsburg,2.0,16.0,5.0,31.2,0.125,0.4,,,Borussia Dortmund,for
2026-03-14,11:30,77333,Bundesliga 25/26,25/26,Matchweek 26,Sat,Away,L,0.0,2.0,Borussia Dortmund,0.0,7.0,3.0,42.9,0.0,0.0,,,FC Augsburg,for
2026-03-14,11:30,77333,Bundesliga 25/26,25/26,Matchweek 26,Sat,Home,W,1.0,0.0,1. FC Heidenheim,1.0,12.0,4.0,33.3,0.083,0.25,,,Eintracht Frankfurt,for
2026-03-14,11:30,77333,Bundesliga 25/26,25/26,Matchweek 26,Sat,Away,L,0.0,1.0,Eintracht Frankfurt,0.0,3.0,1.0,33.3,0.0,0.0,,,1. FC Heidenheim,for
2026-03-14,11:30,77333,Bundesliga 25/26,25/26,Matchweek 26,Sat,Home,D,1.0,1.0,VfL Wolfsburg,1.0,21.0,6.0,28.6,0.048,0.167,,,TSG Hoffenheim,for
2026-03-14,11:30,77333,Bundesliga 25/26,25/26,Matchweek 26,Sat,Away,D,1.0,1.0,TSG Hoffenheim,1.0,4.0,2.0,50.0,0.25,0.5,,,VfL Wolfsburg,for
2026-03-14,14:30,77333,Bundesliga 25/26,25/26,Matchweek 26,Sat,Home,D,1.0,1.0,1. FC Köln,1.0,5.0,1.0,20.0,0.2,1.0,,,Hamburger SV,for
2026-03-14,14:30,77333,Bundesliga 25/26,25/26,Matchweek 26,Sat,Away,D,1.0,1.0,Hamburger SV,1.0,10.0,2.0,20.0,0.1,0.5,,,1. FC Köln,for
2026-03-15,11:30,77333,Bundesliga 25/26,25/26,Matchweek 26,Sun,Home,L,0.0,2.0,1. FSV Mainz 05,0.0,16.0,3.0,18.8,0.0,0.0,,,SV Werder Bremen,for
2026-03-15,11:30,77333,Bundesliga 25/26,25/26,Matchweek 26,Sun,Away,W,2.0,0.0,SV Werder Bremen,2.0,11.0,2.0,18.2,0.182,1.0,,,1. FSV Mainz 05,for
2026-03-15,13:30,77333,Bundesliga 25/26,25/26,Matchweek 26,Sun,Home,L,0.0,1.0,1. FC Union Berlin,0.0,19.0,6.0,31.6,0.0,0.0,,,SC Freiburg,for
2026-03-15,13:30,77333,Bundesliga 25/26,25/26,Matchweek 26,Sun,Away,W,1.0,0.0,SC Freiburg,1.0,9.0,4.0,44.4,0.111,0.25,,,1. FC Union Berlin,for
2026-03-15,15:30,77333,Bundesliga 25/26,25/26,Matchweek 26,Sun,Home,W,1.0,0.0,RB Leipzig,1.0,13.0,4.0,30.8,0.077,0.25,,,VfB Stuttgart,for
2026-03-15,15:30,77333,Bundesliga 25/26,25/26,Matchweek 26,Sun,Away,L,0.0,1.0,VfB Stuttgart,0.0,9.0,4.0,44.4,0.0,0.0,,,RB Leipzig,for
2026-03-20,16:30,77333,Bundesliga 25/26,25/26,Matchweek 27,Fri,Home,W,5.0,0.0,TSG Hoffenheim,5.0,14.0,9.0,64.3,0.357,0.556,,,RB Leipzig,for
2026-03-20,16:30,77333,Bundesliga 25/26,25/26,Matchweek 27,Fri,Away,L,0.0,5.0,RB Leipzig,0.0,8.0,2.0,25.0,0.0,0.0,,,TSG Hoffenheim,for
2026-03-21,11:30,77333,Bundesliga 25/26,25/26,Matchweek 27,Sat,Home,W,4.0,0.0,1. FC Union Berlin,4.0,31.0,9.0,29.0,0.129,0.444,,,FC Bayern München,for
2026-03-21,11:30,77333,Bundesliga 25/26,25/26,Matchweek 27,Sat,Away,L,0.0,4.0,FC Bayern München,0.0,5.0,1.0,20.0,0.0,0.0,,,1. FC Union Berlin,for
2026-03-21,11:30,77333,Bundesliga 25/26,25/26,Matchweek 27,Sat,Home,D,3.0,3.0,Bayer 04 Leverkusen,3.0,9.0,5.0,55.6,0.333,0.6,,,1. FC Heidenheim,for
2026-03-21,11:30,77333,Bundesliga 25/26,25/26,Matchweek 27,Sat,Away,D,3.0,3.0,1. FC Heidenheim,3.0,14.0,5.0,35.7,0.214,0.6,,,Bayer 04 Leverkusen,for
2026-03-21,11:30,77333,Bundesliga 25/26,25/26,Matchweek 27,Sat,Home,D,3.0,3.0,Borussia M'gladbach,3.0,12.0,5.0,41.7,0.25,0.6,,,1. FC Köln,for
2026-03-21,11:30,77333,Bundesliga 25/26,25/26,Matchweek 27,Sat,Away,D,3.0,3.0,1. FC Köln,3.0,9.0,3.0,33.3,0.333,1.0,,,Borussia M'gladbach,for
2026-03-21,11:30,77333,Bundesliga 25/26,25/26,Matchweek 27,Sat,Home,L,0.0,1.0,SV Werder Bremen,0.0,11.0,4.0,36.4,0.0,0.0,,,VfL Wolfsburg,for
2026-03-21,11:30,77333,Bundesliga 25/26,25/26,Matchweek 27,Sat,Away,W,1.0,0.0,VfL Wolfsburg,1.0,8.0,3.0,37.5,0.125,0.333,,,SV Werder Bremen,for
2026-03-21,14:30,77333,Bundesliga 25/26,25/26,Matchweek 27,Sat,Home,W,3.0,2.0,Hamburger SV,3.0,24.0,8.0,33.3,0.125,0.375,,,Borussia Dortmund,for
2026-03-21,14:30,77333,Bundesliga 25/26,25/26,Matchweek 27,Sat,Away,L,2.0,3.0,Borussia Dortmund,2.0,4.0,4.0,100.0,0.5,0.5,,,Hamburger SV,for
2026-03-22,11:30,77333,Bundesliga 25/26,25/26,Matchweek 27,Sun,Home,W,2.0,1.0,Eintracht Frankfurt,2.0,8.0,5.0,62.5,0.25,0.4,,,1. FSV Mainz 05,for
2026-03-22,11:30,77333,Bundesliga 25/26,25/26,Matchweek 27,Sun,Away,L,1.0,2.0,1. FSV Mainz 05,1.0,12.0,4.0,33.3,0.083,0.25,,,Eintracht Frankfurt,for
2026-03-22,13:30,77333,Bundesliga 25/26,25/26,Matchweek 27,Sun,Home,L,1.0,2.0,SC Freiburg,1.0,12.0,5.0,41.7,0.083,0.2,,,FC St. Pauli,for
2026-03-22,13:30,77333,Bundesliga 25/26,25/26,Matchweek 27,Sun,Away,W,2.0,1.0,FC St. Pauli,2.0,15.0,6.0,40.0,0.133,0.333,,,SC Freiburg,for
2026-03-22,15:30,77333,Bundesliga 25/26,25/26,Matchweek 27,Sun,Home,L,2.0,5.0,VfB Stuttgart,2.0,13.0,7.0,53.8,0.154,0.286,,,FC Augsburg,for
2026-03-22,15:30,77333,Bundesliga 25/26,25/26,Matchweek 27,Sun,Away,W,5.0,2.0,FC Augsburg,5.0,13.0,8.0,61.5,0.385,0.625,,,VfB Stuttgart,for
2026-04-04,10:30,77333,Bundesliga 25/26,25/26,Matchweek 28,Sat,Home,L,2.0,3.0,FC Bayern München,2.0,13.0,4.0,30.8,0.154,0.5,,,SC Freiburg,for
2026-04-04,10:30,77333,Bundesliga 25/26,25/26,Matchweek 28,Sat,Away,W,3.0,2.0,SC Freiburg,3.0,21.0,9.0,42.9,0.143,0.333,,,FC Bayern München,for
2026-04-04,10:30,77333,Bundesliga 25/26,25/26,Matchweek 28,Sat,Home,W,6.0,3.0,VfL Wolfsburg,6.0,25.0,11.0,44.0,0.24,0.545,,,Bayer 04 Leverkusen,for
2026-04-04,10:30,77333,Bundesliga 25/26,25/26,Matchweek 28,Sat,Away,L,3.0,6.0,Bayer 04 Leverkusen,3.0,11.0,5.0,45.5,0.273,0.6,,,VfL Wolfsburg,for
2026-04-04,10:30,77333,Bundesliga 25/26,25/26,Matchweek 28,Sat,Home,L,1.0,2.0,RB Leipzig,1.0,13.0,5.0,38.5,0.077,0.2,,,SV Werder Bremen,for
2026-04-04,10:30,77333,Bundesliga 25/26,25/26,Matchweek 28,Sat,Away,W,2.0,1.0,SV Werder Bremen,2.0,7.0,2.0,28.6,0.286,1.0,,,RB Leipzig,for
2026-04-04,10:30,77333,Bundesliga 25/26,25/26,Matchweek 28,Sat,Home,L,1.0,2.0,1. FSV Mainz 05,1.0,16.0,5.0,31.2,0.062,0.2,,,TSG Hoffenheim,for
2026-04-04,10:30,77333,Bundesliga 25/26,25/26,Matchweek 28,Sat,Away,W,2.0,1.0,TSG Hoffenheim,2.0,9.0,5.0,55.6,0.222,0.4,,,1. FSV Mainz 05,for
2026-04-04,10:30,77333,Bundesliga 25/26,25/26,Matchweek 28,Sat,Home,D,2.0,2.0,1. FC Heidenheim,2.0,15.0,7.0,46.7,0.133,0.286,,,Borussia M'gladbach,for
2026-04-04,10:30,77333,Bundesliga 25/26,25/26,Matchweek 28,Sat,Away,D,2.0,2.0,Borussia M'gladbach,2.0,15.0,7.0,46.7,0.133,0.286,,,1. FC Heidenheim,for
2026-04-04,10:30,77333,Bundesliga 25/26,25/26,Matchweek 28,Sat,Home,D,1.0,1.0,FC Augsburg,1.0,18.0,4.0,22.2,0.056,0.25,,,Hamburger SV,for
2026-04-04,10:30,77333,Bundesliga 25/26,25/26,Matchweek 28,Sat,Away,D,1.0,1.0,Hamburger SV,1.0,18.0,3.0,16.7,0.056,0.333,,,FC Augsburg,for
2026-04-04,13:30,77333,Bundesliga 25/26,25/26,Matchweek 28,Sat,Home,L,0.0,2.0,Borussia Dortmund,0.0,13.0,3.0,23.1,0.0,0.0,,,VfB Stuttgart,for
2026-04-04,13:30,77333,Bundesliga 25/26,25/26,Matchweek 28,Sat,Away,W,2.0,0.0,VfB Stuttgart,2.0,5.0,3.0,60.0,0.4,0.667,,,Borussia Dortmund,for
2026-04-05,10:30,77333,Bundesliga 25/26,25/26,Matchweek 28,Sun,Home,D,1.0,1.0,FC St. Pauli,1.0,16.0,8.0,50.0,0.062,0.125,,,1. FC Union Berlin,for
2026-04-05,10:30,77333,Bundesliga 25/26,25/26,Matchweek 28,Sun,Away,D,1.0,1.0,1. FC Union Berlin,1.0,9.0,2.0,22.2,0.111,0.5,,,FC St. Pauli,for
2026-04-05,12:30,77333,Bundesliga 25/26,25/26,Matchweek 28,Sun,Home,D,2.0,2.0,1. FC Köln,2.0,20.0,7.0,35.0,0.1,0.286,,,Eintracht Frankfurt,for
2026-04-05,12:30,77333,Bundesliga 25/26,25/26,Matchweek 28,Sun,Away,D,2.0,2.0,Eintracht Frankfurt,2.0,14.0,9.0,64.3,0.143,0.222,,,1. FC Köln,for
2026-04-10,15:30,77333,Bundesliga 25/26,25/26,Matchweek 29,Fri,Home,D,2.0,2.0,TSG Hoffenheim,2.0,17.0,8.0,47.1,0.118,0.25,,,FC Augsburg,for
2026-04-10,15:30,77333,Bundesliga 25/26,25/26,Matchweek 29,Fri,Away,D,2.0,2.0,FC Augsburg,2.0,13.0,4.0,30.8,0.154,0.5,,,TSG Hoffenheim,for
2026-04-11,10:30,77333,Bundesliga 25/26,25/26,Matchweek 29,Sat,Home,L,0.0,1.0,Bayer 04 Leverkusen,0.0,14.0,1.0,7.1,0.0,0.0,,,Borussia Dortmund,for
2026-04-11,10:30,77333,Bundesliga 25/26,25/26,Matchweek 29,Sat,Away,W,1.0,0.0,Borussia Dortmund,1.0,11.0,4.0,36.4,0.091,0.25,,,Bayer 04 Leverkusen,for
2026-04-11,10:30,77333,Bundesliga 25/26,25/26,Matchweek 29,Sat,Home,W,1.0,0.0,Borussia M'gladbach,1.0,24.0,11.0,45.8,0.042,0.091,,,RB Leipzig,for
2026-04-11,10:30,77333,Bundesliga 25/26,25/26,Matchweek 29,Sat,Away,L,0.0,1.0,RB Leipzig,0.0,15.0,3.0,20.0,0.0,0.0,,,Borussia M'gladbach,for
2026-04-11,10:30,77333,Bundesliga 25/26,25/26,Matchweek 29,Sat,Home,L,1.0,2.0,Eintracht Frankfurt,1.0,22.0,7.0,31.8,0.045,0.143,,,VfL Wolfsburg,for
2026-04-11,10:30,77333,Bundesliga 25/26,25/26,Matchweek 29,Sat,Away,W,2.0,1.0,VfL Wolfsburg,2.0,10.0,4.0,40.0,0.2,0.5,,,Eintracht Frankfurt,for
2026-04-11,10:30,77333,Bundesliga 25/26,25/26,Matchweek 29,Sat,Home,W,3.0,1.0,1. FC Union Berlin,3.0,7.0,3.0,42.9,0.429,1.0,,,1. FC Heidenheim,for
2026-04-11,10:30,77333,Bundesliga 25/26,25/26,Matchweek 29,Sat,Away,L,1.0,3.0,1. FC Heidenheim,1.0,10.0,3.0,30.0,0.1,0.333,,,1. FC Union Berlin,for
2026-04-11,13:30,77333,Bundesliga 25/26,25/26,Matchweek 29,Sat,Home,L,0.0,5.0,FC Bayern München,0.0,6.0,3.0,50.0,0.0,0.0,,,FC St. Pauli,for
2026-04-11,13:30,77333,Bundesliga 25/26,25/26,Matchweek 29,Sat,Away,W,5.0,0.0,FC St. Pauli,5.0,20.0,8.0,40.0,0.25,0.625,,,FC Bayern München,for
2026-04-12,10:30,77333,Bundesliga 25/26,25/26,Matchweek 29,Sun,Home,W,3.0,1.0,SV Werder Bremen,3.0,27.0,10.0,37.0,0.111,0.3,,,1. FC Köln,for
2026-04-12,10:30,77333,Bundesliga 25/26,25/26,Matchweek 29,Sun,Away,L,1.0,3.0,1. FC Köln,1.0,6.0,2.0,33.3,0.167,0.5,,,SV Werder Bremen,for
2026-04-12,12:30,77333,Bundesliga 25/26,25/26,Matchweek 29,Sun,Home,W,4.0,0.0,Hamburger SV,4.0,23.0,11.0,47.8,0.174,0.364,,,VfB Stuttgart,for
2026-04-12,12:30,77333,Bundesliga 25/26,25/26,Matchweek 29,Sun,Away,L,0.0,4.0,VfB Stuttgart,0.0,9.0,5.0,55.6,0.0,0.0,,,Hamburger SV,for
2026-04-12,14:30,77333,Bundesliga 25/26,25/26,Matchweek 29,Sun,Home,L,0.0,1.0,SC Freiburg,0.0,10.0,3.0,30.0,0.0,0.0,,,1. FSV Mainz 05,for
2026-04-12,14:30,77333,Bundesliga 25/26,25/26,Matchweek 29,Sun,Away,W,1.0,0.0,1. FSV Mainz 05,1.0,8.0,3.0,37.5,0.125,0.333,,,SC Freiburg,for
2026-04-17,15:30,77333,Bundesliga 25/26,25/26,Matchweek 30,Fri,Home,D,1.0,1.0,1. FC Köln,1.0,14.0,6.0,42.9,0.071,0.167,,,FC St. Pauli,for
2026-04-17,15:30,77333,Bundesliga 25/26,25/26,Matchweek 30,Fri,Away,D,1.0,1.0,FC St. Pauli,1.0,10.0,1.0,10.0,0.1,1.0,,,1. FC Köln,for
2026-04-18,10:30,77333,Bundesliga 25/26,25/26,Matchweek 30,Sat,Home,W,2.0,1.0,Borussia Dortmund,2.0,13.0,4.0,30.8,0.154,0.5,,,TSG Hoffenheim,for
2026-04-18,10:30,77333,Bundesliga 25/26,25/26,Matchweek 30,Sat,Away,L,1.0,2.0,TSG Hoffenheim,1.0,8.0,3.0,37.5,0.125,0.333,,,Borussia Dortmund,for
2026-04-18,10:30,77333,Bundesliga 25/26,25/26,Matchweek 30,Sat,Home,L,1.0,2.0,FC Augsburg,1.0,36.0,10.0,27.8,0.028,0.1,,,Bayer 04 Leverkusen,for
2026-04-18,10:30,77333,Bundesliga 25/26,25/26,Matchweek 30,Sat,Away,W,2.0,1.0,Bayer 04 Leverkusen,2.0,11.0,5.0,45.5,0.182,0.4,,,FC Augsburg,for
2026-04-18,10:30,77333,Bundesliga 25/26,25/26,Matchweek 30,Sat,Home,L,1.0,2.0,VfL Wolfsburg,1.0,25.0,7.0,28.0,0.04,0.143,,,1. FC Union Berlin,for
2026-04-18,10:30,77333,Bundesliga 25/26,25/26,Matchweek 30,Sat,Away,W,2.0,1.0,1. FC Union Berlin,2.0,5.0,4.0,80.0,0.4,0.5,,,VfL Wolfsburg,for
2026-04-18,10:30,77333,Bundesliga 25/26,25/26,Matchweek 30,Sat,Home,W,3.0,1.0,Hamburger SV,3.0,18.0,10.0,55.6,0.167,0.3,,,SV Werder Bremen,for
2026-04-18,10:30,77333,Bundesliga 25/26,25/26,Matchweek 30,Sat,Away,L,1.0,3.0,SV Werder Bremen,1.0,11.0,3.0,27.3,0.091,0.333,,,Hamburger SV,for
2026-04-18,13:30,77333,Bundesliga 25/26,25/26,Matchweek 30,Sat,Home,L,1.0,3.0,RB Leipzig,1.0,16.0,5.0,31.2,0.062,0.2,,,Eintracht Frankfurt,for
2026-04-18,13:30,77333,Bundesliga 25/26,25/26,Matchweek 30,Sat,Away,W,3.0,1.0,Eintracht Frankfurt,3.0,19.0,8.0,42.1,0.158,0.375,,,RB Leipzig,for
2026-04-19,10:30,77333,Bundesliga 25/26,25/26,Matchweek 30,Sun,Home,W,2.0,1.0,1. FC Heidenheim,2.0,17.0,4.0,23.5,0.118,0.5,,,SC Freiburg,for
2026-04-19,10:30,77333,Bundesliga 25/26,25/26,Matchweek 30,Sun,Away,L,1.0,2.0,SC Freiburg,1.0,13.0,2.0,15.4,0.077,0.5,,,1. FC Heidenheim,for
2026-04-19,12:30,77333,Bundesliga 25/26,25/26,Matchweek 30,Sun,Home,W,4.0,2.0,VfB Stuttgart,4.0,28.0,9.0,32.1,0.143,0.444,,,FC Bayern München,for
2026-04-19,12:30,77333,Bundesliga 25/26,25/26,Matchweek 30,Sun,Away,L,2.0,4.0,FC Bayern München,2.0,11.0,7.0,63.6,0.182,0.286,,,VfB Stuttgart,for
2026-04-19,14:30,77333,Bundesliga 25/26,25/26,Matchweek 30,Sun,Home,D,1.0,1.0,1. FSV Mainz 05,1.0,9.0,4.0,44.4,0.111,0.25,,,Borussia M'gladbach,for
2026-04-19,14:30,77333,Bundesliga 25/26,25/26,Matchweek 30,Sun,Away,D,1.0,1.0,Borussia M'gladbach,1.0,17.0,7.0,41.2,0.059,0.143,,,1. FSV Mainz 05,for
2026-04-24,15:30,77333,Bundesliga 25/26,25/26,Matchweek 31,Fri,Home,W,3.0,1.0,1. FC Union Berlin,3.0,20.0,10.0,50.0,0.15,0.3,,,RB Leipzig,for
2026-04-24,15:30,77333,Bundesliga 25/26,25/26,Matchweek 31,Fri,Away,L,1.0,3.0,RB Leipzig,1.0,5.0,1.0,20.0,0.2,1.0,,,1. FC Union Berlin,for
2026-04-25,10:30,77333,Bundesliga 25/26,25/26,Matchweek 31,Sat,Home,L,3.0,4.0,FC Bayern München,3.0,21.0,8.0,38.1,0.143,0.375,,,1. FSV Mainz 05,for
2026-04-25,10:30,77333,Bundesliga 25/26,25/26,Matchweek 31,Sat,Away,W,4.0,3.0,1. FSV Mainz 05,4.0,11.0,6.0,54.5,0.364,0.667,,,FC Bayern München,for
2026-04-25,10:30,77333,Bundesliga 25/26,25/26,Matchweek 31,Sat,Home,L,1.0,2.0,Bayer 04 Leverkusen,1.0,25.0,10.0,40.0,0.04,0.1,,,1. FC Köln,for
2026-04-25,10:30,77333,Bundesliga 25/26,25/26,Matchweek 31,Sat,Away,W,2.0,1.0,1. FC Köln,2.0,8.0,3.0,37.5,0.25,0.667,,,Bayer 04 Leverkusen,for
2026-04-25,10:30,77333,Bundesliga 25/26,25/26,Matchweek 31,Sat,Home,D,1.0,1.0,Eintracht Frankfurt,1.0,17.0,3.0,17.6,0.059,0.333,,,FC Augsburg,for
2026-04-25,10:30,77333,Bundesliga 25/26,25/26,Matchweek 31,Sat,Away,D,1.0,1.0,FC Augsburg,1.0,19.0,7.0,36.8,0.053,0.143,,,Eintracht Frankfurt,for
2026-04-25,10:30,77333,Bundesliga 25/26,25/26,Matchweek 31,Sat,Home,D,0.0,0.0,Borussia M'gladbach,0.0,12.0,4.0,33.3,0.0,0.0,,,VfL Wolfsburg,for
2026-04-25,10:30,77333,Bundesliga 25/26,25/26,Matchweek 31,Sat,Away,D,0.0,0.0,VfL Wolfsburg,0.0,10.0,2.0,20.0,0.0,0.0,,,Borussia M'gladbach,for
2026-04-25,10:30,77333,Bundesliga 25/26,25/26,Matchweek 31,Sat,Home,W,2.0,0.0,FC St. Pauli,2.0,12.0,5.0,41.7,0.167,0.4,,,1. FC Heidenheim,for
2026-04-25,10:30,77333,Bundesliga 25/26,25/26,Matchweek 31,Sat,Away,L,0.0,2.0,1. FC Heidenheim,0.0,11.0,2.0,18.2,0.0,0.0,,,FC St. Pauli,for
2026-04-25,13:30,77333,Bundesliga 25/26,25/26,Matchweek 31,Sat,Home,L,1.0,2.0,TSG Hoffenheim,1.0,12.0,4.0,33.3,0.083,0.25,,,Hamburger SV,for
2026-04-25,13:30,77333,Bundesliga 25/26,25/26,Matchweek 31,Sat,Away,W,2.0,1.0,Hamburger SV,2.0,15.0,6.0,40.0,0.133,0.333,,,TSG Hoffenheim,for
2026-04-26,10:30,77333,Bundesliga 25/26,25/26,Matchweek 31,Sun,Home,D,1.0,1.0,SV Werder Bremen,1.0,20.0,4.0,20.0,0.05,0.25,,,VfB Stuttgart,for
2026-04-26,10:30,77333,Bundesliga 25/26,25/26,Matchweek 31,Sun,Away,D,1.0,1.0,VfB Stuttgart,1.0,9.0,3.0,33.3,0.111,0.333,,,SV Werder Bremen,for
2026-04-26,12:30,77333,Bundesliga 25/26,25/26,Matchweek 31,Sun,Home,W,4.0,0.0,SC Freiburg,4.0,17.0,5.0,29.4,0.235,0.8,,,Borussia Dortmund,for
2026-04-26,12:30,77333,Bundesliga 25/26,25/26,Matchweek 31,Sun,Away,L,0.0,4.0,Borussia Dortmund,0.0,7.0,4.0,57.1,0.0,0.0,,,SC Freiburg,for
2026-05-02,10:30,77333,Bundesliga 25/26,25/26,Matchweek 32,Sat,Home,D,3.0,3.0,1. FC Heidenheim,3.0,23.0,7.0,30.4,0.13,0.429,,,FC Bayern München,for
2026-05-02,10:30,77333,Bundesliga 25/26,25/26,Matchweek 32,Sat,Away,D,3.0,3.0,FC Bayern München,3.0,12.0,5.0,41.7,0.25,0.6,,,1. FC Heidenheim,for
2026-05-02,10:30,77333,Bundesliga 25/26,25/26,Matchweek 32,Sat,Home,L,1.0,2.0,Hamburger SV,1.0,8.0,5.0,62.5,0.125,0.2,,,Eintracht Frankfurt,for
2026-05-02,10:30,77333,Bundesliga 25/26,25/26,Matchweek 32,Sat,Away,W,2.0,1.0,Eintracht Frankfurt,2.0,9.0,4.0,44.4,0.222,0.5,,,Hamburger SV,for
2026-05-02,10:30,77333,Bundesliga 25/26,25/26,Matchweek 32,Sat,Home,D,3.0,3.0,VfB Stuttgart,3.0,22.0,9.0,40.9,0.136,0.333,,,TSG Hoffenheim,for
2026-05-02,10:30,77333,Bundesliga 25/26,25/26,Matchweek 32,Sat,Away,D,3.0,3.0,TSG Hoffenheim,3.0,14.0,5.0,35.7,0.214,0.6,,,VfB Stuttgart,for
2026-05-02,10:30,77333,Bundesliga 25/26,25/26,Matchweek 32,Sat,Home,D,2.0,2.0,1. FC Köln,2.0,13.0,3.0,23.1,0.154,0.667,,,1. FC Union Berlin,for
2026-05-02,10:30,77333,Bundesliga 25/26,25/26,Matchweek 32,Sat,Away,D,2.0,2.0,1. FC Union Berlin,2.0,8.0,4.0,50.0,0.25,0.5,,,1. FC Köln,for
2026-05-02,10:30,77333,Bundesliga 25/26,25/26,Matchweek 32,Sat,Home,L,1.0,3.0,FC Augsburg,1.0,15.0,4.0,26.7,0.067,0.25,,,SV Werder Bremen,for
2026-05-02,10:30,77333,Bundesliga 25/26,25/26,Matchweek 32,Sat,Away,W,3.0,1.0,SV Werder Bremen,3.0,14.0,7.0,50.0,0.214,0.429,,,FC Augsburg,for
2026-05-02,13:30,77333,Bundesliga 25/26,25/26,Matchweek 32,Sat,Home,W,4.0,1.0,RB Leipzig,4.0,23.0,8.0,34.8,0.174,0.5,,,Bayer 04 Leverkusen,for
2026-05-02,13:30,77333,Bundesliga 25/26,25/26,Matchweek 32,Sat,Away,L,1.0,4.0,Bayer 04 Leverkusen,1.0,14.0,5.0,35.7,0.071,0.2,,,RB Leipzig,for
2026-05-03,10:30,77333,Bundesliga 25/26,25/26,Matchweek 32,Sun,Home,,,,1. FSV Mainz 05,,,,,,,,,FC St. Pauli,for
2026-05-03,10:30,77333,Bundesliga 25/26,25/26,Matchweek 32,Sun,Away,,,,FC St. Pauli,,,,,,,,,1. FSV Mainz 05,for
2026-05-03,12:30,77333,Bundesliga 25/26,25/26,Matchweek 32,Sun,Home,,,,Borussia Dortmund,,,,,,,,,Borussia M'gladbach,for
2026-05-03,12:30,77333,Bundesliga 25/26,25/26,Matchweek 32,Sun,Away,,,,Borussia M'gladbach,,,,,,,,,Borussia Dortmund,for
2026-05-03,14:30,77333,Bundesliga 25/26,25/26,Matchweek 32,Sun,Home,,,,VfL Wolfsburg,,,,,,,,,SC Freiburg,for
2026-05-03,14:30,77333,Bundesliga 25/26,25/26,Matchweek 32,Sun,Away,,,,SC Freiburg,,,,,,,,,VfL Wolfsburg,for
2026-05-08,15:30,77333,Bundesliga 25/26,25/26,Matchweek 33,Fri,Home,,,,Eintracht Frankfurt,,,,,,,,,Borussia Dortmund,for
2026-05-08,15:30,77333,Bundesliga 25/26,25/26,Matchweek 33,Fri,Away,,,,Borussia Dortmund,,,,,,,,,Eintracht Frankfurt,for
2026-05-09,10:30,77333,Bundesliga 25/26,25/26,Matchweek 33,Sat,Home,,,,Bayer 04 Leverkusen,,,,,,,,,VfB Stuttgart,for
2026-05-09,10:30,77333,Bundesliga 25/26,25/26,Matchweek 33,Sat,Away,,,,VfB Stuttgart,,,,,,,,,Bayer 04 Leverkusen,for
2026-05-09,10:30,77333,Bundesliga 25/26,25/26,Matchweek 33,Sat,Home,,,,FC St. Pauli,,,,,,,,,RB Leipzig,for
2026-05-09,10:30,77333,Bundesliga 25/26,25/26,Matchweek 33,Sat,Away,,,,RB Leipzig,,,,,,,,,FC St. Pauli,for
2026-05-09,10:30,77333,Bundesliga 25/26,25/26,Matchweek 33,Sat,Home,,,,SV Werder Bremen,,,,,,,,,TSG Hoffenheim,for
2026-05-09,10:30,77333,Bundesliga 25/26,25/26,Matchweek 33,Sat,Away,,,,TSG Hoffenheim,,,,,,,,,SV Werder Bremen,for
2026-05-09,10:30,77333,Bundesliga 25/26,25/26,Matchweek 33,Sat,Home,,,,Borussia M'gladbach,,,,,,,,,FC Augsburg,for
2026-05-09,10:30,77333,Bundesliga 25/26,25/26,Matchweek 33,Sat,Away,,,,FC Augsburg,,,,,,,,,Borussia M'gladbach,for
2026-05-09,13:30,77333,Bundesliga 25/26,25/26,Matchweek 33,Sat,Home,,,,FC Bayern München,,,,,,,,,VfL Wolfsburg,for
2026-05-09,13:30,77333,Bundesliga 25/26,25/26,Matchweek 33,Sat,Away,,,,VfL Wolfsburg,,,,,,,,,FC Bayern München,for
2026-05-10,10:30,77333,Bundesliga 25/26,25/26,Matchweek 33,Sun,Home,,,,SC Freiburg,,,,,,,,,Hamburger SV,for
2026-05-10,10:30,77333,Bundesliga 25/26,25/26,Matchweek 33,Sun,Away,,,,Hamburger SV,,,,,,,,,SC Freiburg,for
2026-05-10,12:30,77333,Bundesliga 25/26,25/26,Matchweek 33,Sun,Home,,,,1. FC Heidenheim,,,,,,,,,1. FC Köln,for
2026-05-10,12:30,77333,Bundesliga 25/26,25/26,Matchweek 33,Sun,Away,,,,1. FC Köln,,,,,,,,,1. FC Heidenheim,for
2026-05-10,14:30,77333,Bundesliga 25/26,25/26,Matchweek 33,Sun,Home,,,,1. FC Union Berlin,,,,,,,,,1. FSV Mainz 05,for
2026-05-10,14:30,77333,Bundesliga 25/26,25/26,Matchweek 33,Sun,Away,,,,1. FSV Mainz 05,,,,,,,,,1. FC Union Berlin,for
2026-05-16,10:30,77333,Bundesliga 25/26,25/26,Matchweek 34,Sat,Home,,,,1. FC Köln,,,,,,,,,FC Bayern München,for
2026-05-16,10:30,77333,Bundesliga 25/26,25/26,Matchweek 34,Sat,Away,,,,FC Bayern München,,,,,,,,,1. FC Köln,for
2026-05-16,10:30,77333,Bundesliga 25/26,25/26,Matchweek 34,Sat,Home,,,,Borussia Dortmund,,,,,,,,,SV Werder Bremen,for
2026-05-16,10:30,77333,Bundesliga 25/26,25/26,Matchweek 34,Sat,Away,,,,SV Werder Bremen,,,,,,,,,Borussia Dortmund,for
2026-05-16,10:30,77333,Bundesliga 25/26,25/26,Matchweek 34,Sat,Home,,,,Hamburger SV,,,,,,,,,Bayer 04 Leverkusen,for
2026-05-16,10:30,77333,Bundesliga 25/26,25/26,Matchweek 34,Sat,Away,,,,Bayer 04 Leverkusen,,,,,,,,,Hamburger SV,for
2026-05-16,10:30,77333,Bundesliga 25/26,25/26,Matchweek 34,Sat,Home,,,,RB Leipzig,,,,,,,,,SC Freiburg,for
2026-05-16,10:30,77333,Bundesliga 25/26,25/26,Matchweek 34,Sat,Away,,,,SC Freiburg,,,,,,,,,RB Leipzig,for
2026-05-16,10:30,77333,Bundesliga 25/26,25/26,Matchweek 34,Sat,Home,,,,VfB Stuttgart,,,,,,,,,Eintracht Frankfurt,for
2026-05-16,10:30,77333,Bundesliga 25/26,25/26,Matchweek 34,Sat,Away,,,,Eintracht Frankfurt,,,,,,,,,VfB Stuttgart,for
2026-05-16,10:30,77333,Bundesliga 25/26,25/26,Matchweek 34,Sat,Home,,,,TSG Hoffenheim,,,,,,,,,Borussia M'gladbach,for
2026-05-16,10:30,77333,Bundesliga 25/26,25/26,Matchweek 34,Sat,Away,,,,Borussia M'gladbach,,,,,,,,,TSG Hoffenheim,for
2026-05-16,10:30,77333,Bundesliga 25/26,25/26,Matchweek 34,Sat,Home,,,,FC Augsburg,,,,,,,,,1. FC Union Berlin,for
2026-05-16,10:30,77333,Bundesliga 25/26,25/26,Matchweek 34,Sat,Away,,,,1. FC Union Berlin,,,,,,,,,FC Augsburg,for
2026-05-16,10:30,77333,Bundesliga 25/26,25/26,Matchweek 34,Sat,Home,,,,VfL Wolfsburg,,,,,,,,,FC St. Pauli,for
2026-05-16,10:30,77333,Bundesliga 25/26,25/26,Matchweek 34,Sat,Away,,,,FC St. Pauli,,,,,,,,,VfL Wolfsburg,for
2026-05-16,10:30,77333,Bundesliga 25/26,25/26,Matchweek 34,Sat,Home,,,,1. FSV Mainz 05,,,,,,,,,1. FC Heidenheim,for
2026-05-16,10:30,77333,Bundesliga 25/26,25/26,Matchweek 34,Sat,Away,,,,1. FC Heidenheim,,,,,,,,,1. FSV Mainz 05,for
2024-08-23,15:30,63516,Bundesliga 24/25,24/25,Matchweek 1,Fri,Home,L,2.0,3.0,Bayer 04 Leverkusen,2.0,14.0,7.0,50.0,0.143,0.286,,,Borussia M'gladbach,for
2024-08-23,15:30,63516,Bundesliga 24/25,24/25,Matchweek 1,Fri,Away,W,3.0,2.0,Borussia M'gladbach,3.0,25.0,10.0,40.0,0.12,0.3,,,Bayer 04 Leverkusen,for
2024-08-24,10:30,63516,Bundesliga 24/25,24/25,Matchweek 1,Sat,Home,W,1.0,0.0,VfL Bochum 1848,1.0,13.0,3.0,23.1,0.077,0.333,,,RB Leipzig,for
2024-08-24,10:30,63516,Bundesliga 24/25,24/25,Matchweek 1,Sat,Away,L,0.0,1.0,RB Leipzig,0.0,10.0,4.0,40.0,0.0,0.0,,,VfL Bochum 1848,for
2024-08-24,10:30,63516,Bundesliga 24/25,24/25,Matchweek 1,Sat,Home,W,3.0,1.0,VfB Stuttgart,3.0,16.0,6.0,37.5,0.188,0.5,,,SC Freiburg,for
2024-08-24,10:30,63516,Bundesliga 24/25,24/25,Matchweek 1,Sat,Away,L,1.0,3.0,SC Freiburg,1.0,9.0,2.0,22.2,0.111,0.5,,,VfB Stuttgart,for
2024-08-24,10:30,63516,Bundesliga 24/25,24/25,Matchweek 1,Sat,Home,D,1.0,1.0,1. FC Union Berlin,1.0,14.0,3.0,21.4,0.071,0.333,,,1. FSV Mainz 05,for
2024-08-24,10:30,63516,Bundesliga 24/25,24/25,Matchweek 1,Sat,Away,D,1.0,1.0,1. FSV Mainz 05,1.0,15.0,5.0,33.3,0.067,0.2,,,1. FC Union Berlin,for
2024-08-24,10:30,63516,Bundesliga 24/25,24/25,Matchweek 1,Sat,Home,D,2.0,2.0,SV Werder Bremen,2.0,11.0,3.0,27.3,0.182,0.667,,,FC Augsburg,for
2024-08-24,10:30,63516,Bundesliga 24/25,24/25,Matchweek 1,Sat,Away,D,2.0,2.0,FC Augsburg,2.0,11.0,5.0,45.5,0.182,0.4,,,SV Werder Bremen,for
2024-08-24,10:30,63516,Bundesliga 24/25,24/25,Matchweek 1,Sat,Home,W,3.0,2.0,Holstein Kiel,3.0,21.0,8.0,38.1,0.143,0.375,,,TSG Hoffenheim,for
2024-08-24,10:30,63516,Bundesliga 24/25,24/25,Matchweek 1,Sat,Away,L,2.0,3.0,TSG Hoffenheim,2.0,17.0,6.0,35.3,0.118,0.333,,,Holstein Kiel,for
2024-08-24,13:30,63516,Bundesliga 24/25,24/25,Matchweek 1,Sat,Home,W,2.0,0.0,Eintracht Frankfurt,2.0,20.0,5.0,25.0,0.1,0.4,,,Borussia Dortmund,for
2024-08-24,13:30,63516,Bundesliga 24/25,24/25,Matchweek 1,Sat,Away,L,0.0,2.0,Borussia Dortmund,0.0,7.0,2.0,28.6,0.0,0.0,,,Eintracht Frankfurt,for
2024-08-25,10:30,63516,Bundesliga 24/25,24/25,Matchweek 1,Sun,Home,L,2.0,3.0,FC Bayern München,2.0,10.0,2.0,20.0,0.2,1.0,,,VfL Wolfsburg,for
2024-08-25,10:30,63516,Bundesliga 24/25,24/25,Matchweek 1,Sun,Away,W,3.0,2.0,VfL Wolfsburg,3.0,15.0,8.0,53.3,0.2,0.375,,,FC Bayern München,for
2024-08-25,12:30,63516,Bundesliga 24/25,24/25,Matchweek 1,Sun,Home,L,0.0,2.0,1. FC Heidenheim,0.0,11.0,3.0,27.3,0.0,0.0,,,FC St. Pauli,for
2024-08-25,12:30,63516,Bundesliga 24/25,24/25,Matchweek 1,Sun,Away,W,2.0,0.0,FC St. Pauli,2.0,5.0,3.0,60.0,0.4,0.667,,,1. FC Heidenheim,for
2024-08-30,15:30,63516,Bundesliga 24/25,24/25,Matchweek 2,Fri,Home,W,1.0,0.0,FC St. Pauli,1.0,11.0,5.0,45.5,0.091,0.2,,,1. FC Union Berlin,for
2024-08-30,15:30,63516,Bundesliga 24/25,24/25,Matchweek 2,Fri,Away,L,0.0,1.0,1. FC Union Berlin,0.0,8.0,1.0,12.5,0.0,0.0,,,FC St. Pauli,for
2024-08-31,10:30,63516,Bundesliga 24/25,24/25,Matchweek 2,Sat,Home,D,0.0,0.0,Borussia Dortmund,0.0,5.0,1.0,20.0,0.0,0.0,,,SV Werder Bremen,for
2024-08-31,10:30,63516,Bundesliga 24/25,24/25,Matchweek 2,Sat,Away,D,0.0,0.0,SV Werder Bremen,0.0,9.0,4.0,44.4,0.0,0.0,,,Borussia Dortmund,for
2024-08-31,10:30,63516,Bundesliga 24/25,24/25,Matchweek 2,Sat,Home,W,3.0,1.0,TSG Hoffenheim,3.0,18.0,7.0,38.9,0.167,0.429,,,Eintracht Frankfurt,for
2024-08-31,10:30,63516,Bundesliga 24/25,24/25,Matchweek 2,Sat,Away,L,1.0,3.0,Eintracht Frankfurt,1.0,11.0,3.0,27.3,0.091,0.333,,,TSG Hoffenheim,for
2024-08-31,10:30,63516,Bundesliga 24/25,24/25,Matchweek 2,Sat,Home,D,3.0,3.0,1. FSV Mainz 05,3.0,28.0,12.0,42.9,0.107,0.25,,,VfB Stuttgart,for
2024-08-31,10:30,63516,Bundesliga 24/25,24/25,Matchweek 2,Sat,Away,D,3.0,3.0,VfB Stuttgart,3.0,11.0,7.0,63.6,0.273,0.429,,,1. FSV Mainz 05,for
2024-08-31,10:30,63516,Bundesliga 24/25,24/25,Matchweek 2,Sat,Home,L,0.0,2.0,Borussia M'gladbach,0.0,15.0,4.0,26.7,0.0,0.0,,,VfL Bochum 1848,for
2024-08-31,10:30,63516,Bundesliga 24/25,24/25,Matchweek 2,Sat,Away,W,2.0,0.0,VfL Bochum 1848,2.0,15.0,6.0,40.0,0.133,0.333,,,Borussia M'gladbach,for
2024-08-31,10:30,63516,Bundesliga 24/25,24/25,Matchweek 2,Sat,Home,L,0.0,2.0,VfL Wolfsburg,0.0,13.0,5.0,38.5,0.0,0.0,,,Holstein Kiel,for
2024-08-31,10:30,63516,Bundesliga 24/25,24/25,Matchweek 2,Sat,Away,W,2.0,0.0,Holstein Kiel,2.0,13.0,5.0,38.5,0.154,0.4,,,VfL Wolfsburg,for
2024-08-31,13:30,63516,Bundesliga 24/25,24/25,Matchweek 2,Sat,Home,L,2.0,3.0,RB Leipzig,2.0,26.0,10.0,38.5,0.077,0.2,,,Bayer 04 Leverkusen,for
2024-08-31,13:30,63516,Bundesliga 24/25,24/25,Matchweek 2,Sat,Away,W,3.0,2.0,Bayer 04 Leverkusen,3.0,8.0,4.0,50.0,0.375,0.75,,,RB Leipzig,for
2024-09-01,10:30,63516,Bundesliga 24/25,24/25,Matchweek 2,Sun,Home,W,4.0,0.0,FC Augsburg,4.0,15.0,8.0,53.3,0.267,0.5,,,1. FC Heidenheim,for
2024-09-01,10:30,63516,Bundesliga 24/25,24/25,Matchweek 2,Sun,Away,L,0.0,4.0,1. FC Heidenheim,0.0,15.0,1.0,6.7,0.0,0.0,,,FC Augsburg,for
2024-09-01,12:30,63516,Bundesliga 24/25,24/25,Matchweek 2,Sun,Home,W,2.0,0.0,SC Freiburg,2.0,12.0,3.0,25.0,0.167,0.667,,,FC Bayern München,for
2024-09-01,12:30,63516,Bundesliga 24/25,24/25,Matchweek 2,Sun,Away,L,0.0,2.0,FC Bayern München,0.0,9.0,3.0,33.3,0.0,0.0,,,SC Freiburg,for
2024-09-13,15:30,63516,Bundesliga 24/25,24/25,Matchweek 3,Fri,Home,W,4.0,2.0,1. FC Heidenheim,4.0,13.0,6.0,46.2,0.308,0.667,,,Borussia Dortmund,for
2024-09-13,15:30,63516,Bundesliga 24/25,24/25,Matchweek 3,Fri,Away,L,2.0,4.0,Borussia Dortmund,2.0,11.0,4.0,36.4,0.182,0.5,,,1. FC Heidenheim,for
2024-09-14,10:30,63516,Bundesliga 24/25,24/25,Matchweek 3,Sat,Home,L,1.0,4.0,Bayer 04 Leverkusen,1.0,15.0,5.0,33.3,0.067,0.2,,,TSG Hoffenheim,for
2024-09-14,10:30,63516,Bundesliga 24/25,24/25,Matchweek 3,Sat,Away,W,4.0,1.0,TSG Hoffenheim,4.0,20.0,8.0,40.0,0.2,0.5,,,Bayer 04 Leverkusen,for
2024-09-14,10:30,63516,Bundesliga 24/25,24/25,Matchweek 3,Sat,Home,D,0.0,0.0,1. FC Union Berlin,0.0,15.0,3.0,20.0,0.0,0.0,,,RB Leipzig,for
2024-09-14,10:30,63516,Bundesliga 24/25,24/25,Matchweek 3,Sat,Away,D,0.0,0.0,RB Leipzig,0.0,10.0,3.0,30.0,0.0,0.0,,,1. FC Union Berlin,for
2024-09-14,10:30,63516,Bundesliga 24/25,24/25,Matchweek 3,Sat,Home,L,1.0,2.0,Eintracht Frankfurt,1.0,18.0,4.0,22.2,0.056,0.25,,,VfL Wolfsburg,for
2024-09-14,10:30,63516,Bundesliga 24/25,24/25,Matchweek 3,Sat,Away,W,2.0,1.0,VfL Wolfsburg,2.0,14.0,6.0,42.9,0.143,0.333,,,Eintracht Frankfurt,for
2024-09-14,10:30,63516,Bundesliga 24/25,24/25,Matchweek 3,Sat,Home,L,1.0,3.0,VfB Stuttgart,1.0,15.0,7.0,46.7,0.067,0.143,,,Borussia M'gladbach,for
2024-09-14,10:30,63516,Bundesliga 24/25,24/25,Matchweek 3,Sat,Away,W,3.0,1.0,Borussia M'gladbach,3.0,12.0,7.0,58.3,0.25,0.429,,,VfB Stuttgart,for
2024-09-14,10:30,63516,Bundesliga 24/25,24/25,Matchweek 3,Sat,Home,W,2.0,1.0,VfL Bochum 1848,2.0,26.0,9.0,34.6,0.077,0.222,,,SC Freiburg,for
2024-09-14,10:30,63516,Bundesliga 24/25,24/25,Matchweek 3,Sat,Away,L,1.0,2.0,SC Freiburg,1.0,13.0,3.0,23.1,0.077,0.333,,,VfL Bochum 1848,for
2024-09-14,13:30,63516,Bundesliga 24/25,24/25,Matchweek 3,Sat,Home,L,1.0,6.0,FC Bayern München,1.0,5.0,1.0,20.0,0.2,1.0,,,Holstein Kiel,for
2024-09-14,13:30,63516,Bundesliga 24/25,24/25,Matchweek 3,Sat,Away,W,6.0,1.0,Holstein Kiel,6.0,23.0,12.0,52.2,0.261,0.5,,,FC Bayern München,for
2024-09-15,10:30,63516,Bundesliga 24/25,24/25,Matchweek 3,Sun,Home,W,3.0,1.0,FC St. Pauli,3.0,18.0,9.0,50.0,0.167,0.333,,,FC Augsburg,for
2024-09-15,10:30,63516,Bundesliga 24/25,24/25,Matchweek 3,Sun,Away,L,1.0,3.0,FC Augsburg,1.0,11.0,3.0,27.3,0.091,0.333,,,FC St. Pauli,for
2024-09-15,12:30,63516,Bundesliga 24/25,24/25,Matchweek 3,Sun,Home,L,1.0,2.0,SV Werder Bremen,1.0,16.0,5.0,31.2,0.062,0.2,,,1. FSV Mainz 05,for
2024-09-15,12:30,63516,Bundesliga 24/25,24/25,Matchweek 3,Sun,Away,W,2.0,1.0,1. FSV Mainz 05,2.0,14.0,5.0,35.7,0.143,0.4,,,SV Werder Bremen,for
2024-09-20,15:30,63516,Bundesliga 24/25,24/25,Matchweek 4,Fri,Home,L,2.0,3.0,1. FSV Mainz 05,2.0,29.0,8.0,27.6,0.069,0.25,,,FC Augsburg,for
2024-09-20,15:30,63516,Bundesliga 24/25,24/25,Matchweek 4,Fri,Away,W,3.0,2.0,FC Augsburg,3.0,5.0,3.0,60.0,0.6,1.0,,,1. FSV Mainz 05,for
2024-09-21,10:30,63516,Bundesliga 24/25,24/25,Matchweek 4,Sat,Home,L,0.0,5.0,FC Bayern München,0.0,0.0,0.0,,,,,,SV Werder Bremen,for
2024-09-21,10:30,63516,Bundesliga 24/25,24/25,Matchweek 4,Sat,Away,W,5.0,0.0,SV Werder Bremen,5.0,25.0,7.0,28.0,0.2,0.714,,,FC Bayern München,for
2024-09-21,10:30,63516,Bundesliga 24/25,24/25,Matchweek 4,Sat,Home,W,2.0,1.0,TSG Hoffenheim,2.0,12.0,2.0,16.7,0.167,1.0,,,1. FC Union Berlin,for
2024-09-21,10:30,63516,Bundesliga 24/25,24/25,Matchweek 4,Sat,Away,L,1.0,2.0,1. FC Union Berlin,1.0,7.0,3.0,42.9,0.143,0.333,,,TSG Hoffenheim,for
2024-09-21,10:30,63516,Bundesliga 24/25,24/25,Matchweek 4,Sat,Home,L,0.0,3.0,SC Freiburg,0.0,7.0,1.0,14.3,0.0,0.0,,,1. FC Heidenheim,for
2024-09-21,10:30,63516,Bundesliga 24/25,24/25,Matchweek 4,Sat,Away,W,3.0,0.0,1. FC Heidenheim,3.0,15.0,5.0,33.3,0.2,0.6,,,SC Freiburg,for
2024-09-21,10:30,63516,Bundesliga 24/25,24/25,Matchweek 4,Sat,Home,D,2.0,2.0,Holstein Kiel,2.0,14.0,3.0,21.4,0.143,0.667,,,VfL Bochum 1848,for
2024-09-21,10:30,63516,Bundesliga 24/25,24/25,Matchweek 4,Sat,Away,D,2.0,2.0,VfL Bochum 1848,2.0,14.0,4.0,28.6,0.143,0.5,,,Holstein Kiel,for
2024-09-21,13:30,63516,Bundesliga 24/25,24/25,Matchweek 4,Sat,Home,W,2.0,0.0,Borussia M'gladbach,2.0,18.0,4.0,22.2,0.111,0.5,,,Eintracht Frankfurt,for
2024-09-21,13:30,63516,Bundesliga 24/25,24/25,Matchweek 4,Sat,Away,L,0.0,2.0,Eintracht Frankfurt,0.0,25.0,7.0,28.0,0.0,0.0,,,Borussia M'gladbach,for
2024-09-22,10:30,63516,Bundesliga 24/25,24/25,Matchweek 4,Sun,Home,W,4.0,3.0,VfL Wolfsburg,4.0,20.0,7.0,35.0,0.2,0.571,,,Bayer 04 Leverkusen,for
2024-09-22,10:30,63516,Bundesliga 24/25,24/25,Matchweek 4,Sun,Away,L,3.0,4.0,Bayer 04 Leverkusen,3.0,9.0,4.0,44.4,0.333,0.75,,,VfL Wolfsburg,for
2024-09-22,12:30,63516,Bundesliga 24/25,24/25,Matchweek 4,Sun,Home,W,5.0,1.0,Borussia Dortmund,5.0,17.0,9.0,52.9,0.294,0.556,,,VfB Stuttgart,for
2024-09-22,12:30,63516,Bundesliga 24/25,24/25,Matchweek 4,Sun,Away,L,1.0,5.0,VfB Stuttgart,1.0,7.0,3.0,42.9,0.143,0.333,,,Borussia Dortmund,for
2024-09-22,14:30,63516,Bundesliga 24/25,24/25,Matchweek 4,Sun,Home,D,0.0,0.0,RB Leipzig,0.0,17.0,4.0,23.5,0.0,0.0,,,FC St. Pauli,for
2024-09-22,14:30,63516,Bundesliga 24/25,24/25,Matchweek 4,Sun,Away,D,0.0,0.0,FC St. Pauli,0.0,10.0,5.0,50.0,0.0,0.0,,,RB Leipzig,for
2024-09-27,15:30,63516,Bundesliga 24/25,24/25,Matchweek 5,Fri,Home,W,4.0,2.0,VfL Bochum 1848,4.0,23.0,8.0,34.8,0.174,0.5,,,Borussia Dortmund,for
2024-09-27,15:30,63516,Bundesliga 24/25,24/25,Matchweek 5,Fri,Away,L,2.0,4.0,Borussia Dortmund,2.0,10.0,5.0,50.0,0.2,0.4,,,VfL Bochum 1848,for
2024-09-28,10:30,63516,Bundesliga 24/25,24/25,Matchweek 5,Sat,Home,W,4.0,0.0,FC Augsburg,4.0,17.0,7.0,41.2,0.235,0.571,,,RB Leipzig,for
2024-09-28,10:30,63516,Bundesliga 24/25,24/25,Matchweek 5,Sat,Away,L,0.0,4.0,RB Leipzig,0.0,7.0,1.0,14.3,0.0,0.0,,,FC Augsburg,for
2024-09-28,10:30,63516,Bundesliga 24/25,24/25,Matchweek 5,Sat,Home,D,2.0,2.0,VfB Stuttgart,2.0,5.0,2.0,40.0,0.4,1.0,,,VfL Wolfsburg,for
2024-09-28,10:30,63516,Bundesliga 24/25,24/25,Matchweek 5,Sat,Away,D,2.0,2.0,VfL Wolfsburg,2.0,18.0,4.0,22.2,0.111,0.5,,,VfB Stuttgart,for
2024-09-28,10:30,63516,Bundesliga 24/25,24/25,Matchweek 5,Sat,Home,W,1.0,0.0,1. FC Union Berlin,1.0,8.0,2.0,25.0,0.125,0.5,,,Borussia M'gladbach,for
2024-09-28,10:30,63516,Bundesliga 24/25,24/25,Matchweek 5,Sat,Away,L,0.0,1.0,Borussia M'gladbach,0.0,9.0,2.0,22.2,0.0,0.0,,,1. FC Union Berlin,for
2024-09-28,10:30,63516,Bundesliga 24/25,24/25,Matchweek 5,Sat,Home,L,0.0,3.0,FC St. Pauli,0.0,9.0,2.0,22.2,0.0,0.0,,,SC Freiburg,for
2024-09-28,10:30,63516,Bundesliga 24/25,24/25,Matchweek 5,Sat,Away,W,3.0,0.0,SC Freiburg,3.0,10.0,4.0,40.0,0.3,0.75,,,FC St. Pauli,for
2024-09-28,10:30,63516,Bundesliga 24/25,24/25,Matchweek 5,Sat,Home,L,0.0,2.0,1. FC Heidenheim,0.0,7.0,2.0,28.6,0.0,0.0,,,1. FSV Mainz 05,for
2024-09-28,10:30,63516,Bundesliga 24/25,24/25,Matchweek 5,Sat,Away,W,2.0,0.0,1. FSV Mainz 05,2.0,14.0,6.0,42.9,0.143,0.333,,,1. FC Heidenheim,for
2024-09-28,13:30,63516,Bundesliga 24/25,24/25,Matchweek 5,Sat,Home,D,1.0,1.0,Bayer 04 Leverkusen,1.0,18.0,3.0,16.7,0.056,0.333,,,FC Bayern München,for
2024-09-28,13:30,63516,Bundesliga 24/25,24/25,Matchweek 5,Sat,Away,D,1.0,1.0,FC Bayern München,1.0,3.0,2.0,66.7,0.333,0.5,,,Bayer 04 Leverkusen,for
2024-09-29,10:30,63516,Bundesliga 24/25,24/25,Matchweek 5,Sun,Home,L,2.0,4.0,Eintracht Frankfurt,2.0,10.0,5.0,50.0,0.2,0.4,,,Holstein Kiel,for
2024-09-29,10:30,63516,Bundesliga 24/25,24/25,Matchweek 5,Sun,Away,W,4.0,2.0,Holstein Kiel,4.0,20.0,10.0,50.0,0.2,0.4,,,Eintracht Frankfurt,for
2024-09-29,12:30,63516,Bundesliga 24/25,24/25,Matchweek 5,Sun,Home,L,3.0,4.0,SV Werder Bremen,3.0,10.0,5.0,50.0,0.3,0.6,,,TSG Hoffenheim,for
2024-09-29,12:30,63516,Bundesliga 24/25,24/25,Matchweek 5,Sun,Away,W,4.0,3.0,TSG Hoffenheim,4.0,23.0,10.0,43.5,0.174,0.4,,,SV Werder Bremen,for
2024-10-04,15:30,63516,Bundesliga 24/25,24/25,Matchweek 6,Fri,Home,W,2.0,1.0,Borussia M'gladbach,2.0,15.0,5.0,33.3,0.133,0.4,,,FC Augsburg,for
2024-10-04,15:30,63516,Bundesliga 24/25,24/25,Matchweek 6,Fri,Away,L,1.0,2.0,FC Augsburg,1.0,11.0,4.0,36.4,0.091,0.25,,,Borussia M'gladbach,for
2024-10-05,10:30,63516,Bundesliga 24/25,24/25,Matchweek 6,Sat,Home,W,2.0,1.0,Borussia Dortmund,2.0,14.0,5.0,35.7,0.143,0.4,,,1. FC Union Berlin,for
2024-10-05,10:30,63516,Bundesliga 24/25,24/25,Matchweek 6,Sat,Away,L,1.0,2.0,1. FC Union Berlin,1.0,8.0,4.0,50.0,0.125,0.25,,,Borussia Dortmund,for
2024-10-05,10:30,63516,Bundesliga 24/25,24/25,Matchweek 6,Sat,Home,D,2.0,2.0,Holstein Kiel,2.0,23.0,7.0,30.4,0.087,0.286,,,Bayer 04 Leverkusen,for
2024-10-05,10:30,63516,Bundesliga 24/25,24/25,Matchweek 6,Sat,Away,D,2.0,2.0,Bayer 04 Leverkusen,2.0,8.0,4.0,50.0,0.25,0.5,,,Holstein Kiel,for
2024-10-05,10:30,63516,Bundesliga 24/25,24/25,Matchweek 6,Sat,Home,L,0.0,1.0,SC Freiburg,0.0,12.0,3.0,25.0,0.0,0.0,,,SV Werder Bremen,for
2024-10-05,10:30,63516,Bundesliga 24/25,24/25,Matchweek 6,Sat,Away,W,1.0,0.0,SV Werder Bremen,1.0,15.0,3.0,20.0,0.067,0.333,,,SC Freiburg,for
2024-10-05,10:30,63516,Bundesliga 24/25,24/25,Matchweek 6,Sat,Home,L,1.0,3.0,VfL Wolfsburg,1.0,18.0,5.0,27.8,0.056,0.2,,,VfL Bochum 1848,for
2024-10-05,10:30,63516,Bundesliga 24/25,24/25,Matchweek 6,Sat,Away,W,3.0,1.0,VfL Bochum 1848,3.0,17.0,5.0,29.4,0.176,0.6,,,VfL Wolfsburg,for
2024-10-05,13:30,63516,Bundesliga 24/25,24/25,Matchweek 6,Sat,Home,L,0.0,3.0,1. FSV Mainz 05,0.0,19.0,4.0,21.1,0.0,0.0,,,FC St. Pauli,for
2024-10-05,13:30,63516,Bundesliga 24/25,24/25,Matchweek 6,Sat,Away,W,3.0,0.0,FC St. Pauli,3.0,8.0,4.0,50.0,0.375,0.75,,,1. FSV Mainz 05,for
2024-10-06,10:30,63516,Bundesliga 24/25,24/25,Matchweek 6,Sun,Home,L,0.0,1.0,RB Leipzig,0.0,14.0,4.0,28.6,0.0,0.0,,,1. FC Heidenheim,for
2024-10-06,10:30,63516,Bundesliga 24/25,24/25,Matchweek 6,Sun,Away,W,1.0,0.0,1. FC Heidenheim,1.0,13.0,2.0,15.4,0.077,0.5,,,RB Leipzig,for
2024-10-06,12:30,63516,Bundesliga 24/25,24/25,Matchweek 6,Sun,Home,D,3.0,3.0,FC Bayern München,3.0,6.0,4.0,66.7,0.5,0.75,,,Eintracht Frankfurt,for
2024-10-06,12:30,63516,Bundesliga 24/25,24/25,Matchweek 6,Sun,Away,D,3.0,3.0,Eintracht Frankfurt,3.0,24.0,13.0,54.2,0.125,0.231,,,FC Bayern München,for
2024-10-06,14:30,63516,Bundesliga 24/25,24/25,Matchweek 6,Sun,Home,D,1.0,1.0,TSG Hoffenheim,1.0,20.0,6.0,30.0,0.05,0.167,,,VfB Stuttgart,for
2024-10-06,14:30,63516,Bundesliga 24/25,24/25,Matchweek 6,Sun,Away,D,1.0,1.0,VfB Stuttgart,1.0,7.0,5.0,71.4,0.143,0.2,,,TSG Hoffenheim,for
2024-10-18,15:30,63516,Bundesliga 24/25,24/25,Matchweek 7,Fri,Home,W,2.0,1.0,FC St. Pauli,2.0,20.0,7.0,35.0,0.1,0.286,,,Borussia Dortmund,for
2024-10-18,15:30,63516,Bundesliga 24/25,24/25,Matchweek 7,Fri,Away,L,1.0,2.0,Borussia Dortmund,1.0,10.0,3.0,30.0,0.1,0.333,,,FC St. Pauli,for
2024-10-19,10:30,63516,Bundesliga 24/25,24/25,Matchweek 7,Sat,Home,W,2.0,1.0,Eintracht Frankfurt,2.0,27.0,9.0,33.3,0.074,0.222,,,Bayer 04 Leverkusen,for
2024-10-19,10:30,63516,Bundesliga 24/25,24/25,Matchweek 7,Sat,Away,L,1.0,2.0,Bayer 04 Leverkusen,1.0,9.0,2.0,22.2,0.111,0.5,,,Eintracht Frankfurt,for
2024-10-19,10:30,63516,Bundesliga 24/25,24/25,Matchweek 7,Sat,Home,L,0.0,2.0,RB Leipzig,0.0,17.0,2.0,11.8,0.0,0.0,,,1. FSV Mainz 05,for
2024-10-19,10:30,63516,Bundesliga 24/25,24/25,Matchweek 7,Sat,Away,W,2.0,0.0,1. FSV Mainz 05,2.0,11.0,5.0,45.5,0.182,0.4,,,RB Leipzig,for
2024-10-19,10:30,63516,Bundesliga 24/25,24/25,Matchweek 7,Sat,Home,W,3.0,1.0,FC Augsburg,3.0,15.0,6.0,40.0,0.2,0.5,,,SC Freiburg,for
2024-10-19,10:30,63516,Bundesliga 24/25,24/25,Matchweek 7,Sat,Away,L,1.0,3.0,SC Freiburg,1.0,9.0,3.0,33.3,0.111,0.333,,,FC Augsburg,for
2024-10-19,10:30,63516,Bundesliga 24/25,24/25,Matchweek 7,Sat,Home,W,3.0,2.0,1. FC Heidenheim,3.0,20.0,10.0,50.0,0.15,0.3,,,Borussia M'gladbach,for
2024-10-19,10:30,63516,Bundesliga 24/25,24/25,Matchweek 7,Sat,Away,L,2.0,3.0,Borussia M'gladbach,2.0,19.0,6.0,31.6,0.105,0.333,,,1. FC Heidenheim,for
2024-10-19,10:30,63516,Bundesliga 24/25,24/25,Matchweek 7,Sat,Home,W,3.0,1.0,VfL Bochum 1848,3.0,12.0,7.0,58.3,0.25,0.429,,,TSG Hoffenheim,for
2024-10-19,10:30,63516,Bundesliga 24/25,24/25,Matchweek 7,Sat,Away,L,1.0,3.0,TSG Hoffenheim,1.0,13.0,4.0,30.8,0.077,0.25,,,VfL Bochum 1848,for
2024-10-19,13:30,63516,Bundesliga 24/25,24/25,Matchweek 7,Sat,Home,W,4.0,0.0,VfB Stuttgart,4.0,22.0,10.0,45.5,0.182,0.4,,,FC Bayern München,for
2024-10-19,13:30,63516,Bundesliga 24/25,24/25,Matchweek 7,Sat,Away,L,0.0,4.0,FC Bayern München,0.0,4.0,1.0,25.0,0.0,0.0,,,VfB Stuttgart,for
2024-10-20,10:30,63516,Bundesliga 24/25,24/25,Matchweek 7,Sun,Home,L,0.0,2.0,1. FC Union Berlin,0.0,12.0,5.0,41.7,0.0,0.0,,,Holstein Kiel,for
2024-10-20,10:30,63516,Bundesliga 24/25,24/25,Matchweek 7,Sun,Away,W,2.0,0.0,Holstein Kiel,2.0,14.0,4.0,28.6,0.143,0.5,,,1. FC Union Berlin,for
2024-10-20,12:30,63516,Bundesliga 24/25,24/25,Matchweek 7,Sun,Home,L,2.0,4.0,SV Werder Bremen,2.0,14.0,6.0,42.9,0.143,0.333,,,VfL Wolfsburg,for
2024-10-20,12:30,63516,Bundesliga 24/25,24/25,Matchweek 7,Sun,Away,W,4.0,2.0,VfL Wolfsburg,4.0,15.0,7.0,46.7,0.267,0.571,,,SV Werder Bremen,for
2024-10-25,15:30,63516,Bundesliga 24/25,24/25,Matchweek 8,Fri,Home,D,1.0,1.0,Borussia M'gladbach,1.0,23.0,6.0,26.1,0.043,0.167,,,1. FSV Mainz 05,for
2024-10-25,15:30,63516,Bundesliga 24/25,24/25,Matchweek 8,Fri,Away,D,1.0,1.0,1. FSV Mainz 05,1.0,9.0,5.0,55.6,0.111,0.2,,,Borussia M'gladbach,for
2024-10-26,10:30,63516,Bundesliga 24/25,24/25,Matchweek 8,Sat,Home,W,2.0,1.0,Borussia Dortmund,2.0,12.0,4.0,33.3,0.167,0.5,,,FC Augsburg,for
2024-10-26,10:30,63516,Bundesliga 24/25,24/25,Matchweek 8,Sat,Away,L,1.0,2.0,FC Augsburg,1.0,11.0,4.0,36.4,0.091,0.25,,,Borussia Dortmund,for
2024-10-26,10:30,63516,Bundesliga 24/25,24/25,Matchweek 8,Sat,Home,W,3.0,1.0,SC Freiburg,3.0,12.0,9.0,75.0,0.25,0.333,,,RB Leipzig,for
2024-10-26,10:30,63516,Bundesliga 24/25,24/25,Matchweek 8,Sat,Away,L,1.0,3.0,RB Leipzig,1.0,15.0,5.0,33.3,0.067,0.2,,,SC Freiburg,for
2024-10-26,10:30,63516,Bundesliga 24/25,24/25,Matchweek 8,Sat,Home,W,2.0,1.0,Holstein Kiel,2.0,16.0,6.0,37.5,0.125,0.333,,,VfB Stuttgart,for
2024-10-26,10:30,63516,Bundesliga 24/25,24/25,Matchweek 8,Sat,Away,L,1.0,2.0,VfB Stuttgart,1.0,9.0,3.0,33.3,0.111,0.333,,,Holstein Kiel,for
2024-10-26,10:30,63516,Bundesliga 24/25,24/25,Matchweek 8,Sat,Home,D,0.0,0.0,VfL Wolfsburg,0.0,14.0,5.0,35.7,0.0,0.0,,,FC St. Pauli,for
2024-10-26,10:30,63516,Bundesliga 24/25,24/25,Matchweek 8,Sat,Away,D,0.0,0.0,FC St. Pauli,0.0,9.0,4.0,44.4,0.0,0.0,,,VfL Wolfsburg,for
2024-10-26,13:30,63516,Bundesliga 24/25,24/25,Matchweek 8,Sat,Home,D,2.0,2.0,Bayer 04 Leverkusen,2.0,13.0,8.0,61.5,0.154,0.25,,,SV Werder Bremen,for
2024-10-26,13:30,63516,Bundesliga 24/25,24/25,Matchweek 8,Sat,Away,D,2.0,2.0,SV Werder Bremen,2.0,14.0,5.0,35.7,0.143,0.4,,,Bayer 04 Leverkusen,for
2024-10-27,11:30,63516,Bundesliga 24/25,24/25,Matchweek 8,Sun,Home,L,0.0,5.0,FC Bayern München,0.0,6.0,2.0,33.3,0.0,0.0,,,VfL Bochum 1848,for
2024-10-27,11:30,63516,Bundesliga 24/25,24/25,Matchweek 8,Sun,Away,W,5.0,0.0,VfL Bochum 1848,5.0,19.0,10.0,52.6,0.263,0.5,,,FC Bayern München,for
2024-10-27,13:30,63516,Bundesliga 24/25,24/25,Matchweek 8,Sun,Home,D,1.0,1.0,Eintracht Frankfurt,1.0,13.0,4.0,30.8,0.077,0.25,,,1. FC Union Berlin,for
2024-10-27,13:30,63516,Bundesliga 24/25,24/25,Matchweek 8,Sun,Away,D,1.0,1.0,1. FC Union Berlin,1.0,17.0,5.0,29.4,0.059,0.2,,,Eintracht Frankfurt,for
2024-10-27,15:30,63516,Bundesliga 24/25,24/25,Matchweek 8,Sun,Home,D,0.0,0.0,TSG Hoffenheim,0.0,17.0,3.0,17.6,0.0,0.0,,,1. FC Heidenheim,for
2024-10-27,15:30,63516,Bundesliga 24/25,24/25,Matchweek 8,Sun,Away,D,0.0,0.0,1. FC Heidenheim,0.0,12.0,4.0,33.3,0.0,0.0,,,TSG Hoffenheim,for
2024-11-01,16:30,63516,Bundesliga 24/25,24/25,Matchweek 9,Fri,Home,D,0.0,0.0,VfB Stuttgart,0.0,19.0,5.0,26.3,0.0,0.0,,,Bayer 04 Leverkusen,for
2024-11-01,16:30,63516,Bundesliga 24/25,24/25,Matchweek 9,Fri,Away,D,0.0,0.0,Bayer 04 Leverkusen,0.0,4.0,1.0,25.0,0.0,0.0,,,VfB Stuttgart,for
2024-11-02,11:30,63516,Bundesliga 24/25,24/25,Matchweek 9,Sat,Home,W,3.0,0.0,1. FC Union Berlin,3.0,16.0,7.0,43.8,0.188,0.429,,,FC Bayern München,for
2024-11-02,11:30,63516,Bundesliga 24/25,24/25,Matchweek 9,Sat,Away,L,0.0,3.0,FC Bayern München,0.0,8.0,1.0,12.5,0.0,0.0,,,1. FC Union Berlin,for
2024-11-02,11:30,63516,Bundesliga 24/25,24/25,Matchweek 9,Sat,Home,W,7.0,2.0,VfL Bochum 1848,7.0,18.0,9.0,50.0,0.389,0.778,,,Eintracht Frankfurt,for
2024-11-02,11:30,63516,Bundesliga 24/25,24/25,Matchweek 9,Sat,Away,L,2.0,7.0,Eintracht Frankfurt,2.0,11.0,8.0,72.7,0.182,0.25,,,VfL Bochum 1848,for
2024-11-02,11:30,63516,Bundesliga 24/25,24/25,Matchweek 9,Sat,Home,D,1.0,1.0,FC Augsburg,1.0,18.0,6.0,33.3,0.056,0.167,,,VfL Wolfsburg,for
2024-11-02,11:30,63516,Bundesliga 24/25,24/25,Matchweek 9,Sat,Away,D,1.0,1.0,VfL Wolfsburg,1.0,3.0,1.0,33.3,0.333,1.0,,,FC Augsburg,for
2024-11-02,11:30,63516,Bundesliga 24/25,24/25,Matchweek 9,Sat,Home,L,0.0,2.0,FC St. Pauli,0.0,12.0,6.0,50.0,0.0,0.0,,,TSG Hoffenheim,for
2024-11-02,11:30,63516,Bundesliga 24/25,24/25,Matchweek 9,Sat,Away,W,2.0,0.0,TSG Hoffenheim,2.0,7.0,3.0,42.9,0.286,0.667,,,FC St. Pauli,for
2024-11-02,11:30,63516,Bundesliga 24/25,24/25,Matchweek 9,Sat,Home,W,1.0,0.0,1. FC Heidenheim,1.0,11.0,6.0,54.5,0.091,0.167,,,Holstein Kiel,for
2024-11-02,11:30,63516,Bundesliga 24/25,24/25,Matchweek 9,Sat,Away,L,0.0,1.0,Holstein Kiel,0.0,17.0,5.0,29.4,0.0,0.0,,,1. FC Heidenheim,for
2024-11-02,14:30,63516,Bundesliga 24/25,24/25,Matchweek 9,Sat,Home,W,2.0,1.0,RB Leipzig,2.0,20.0,7.0,35.0,0.1,0.286,,,Borussia Dortmund,for
2024-11-02,14:30,63516,Bundesliga 24/25,24/25,Matchweek 9,Sat,Away,L,1.0,2.0,Borussia Dortmund,1.0,7.0,3.0,42.9,0.143,0.333,,,RB Leipzig,for
2024-11-03,11:30,63516,Bundesliga 24/25,24/25,Matchweek 9,Sun,Home,D,0.0,0.0,1. FSV Mainz 05,0.0,10.0,2.0,20.0,0.0,0.0,,,SC Freiburg,for
2024-11-03,11:30,63516,Bundesliga 24/25,24/25,Matchweek 9,Sun,Away,D,0.0,0.0,SC Freiburg,0.0,9.0,2.0,22.2,0.0,0.0,,,1. FSV Mainz 05,for
2024-11-03,13:30,63516,Bundesliga 24/25,24/25,Matchweek 9,Sun,Home,W,4.0,1.0,SV Werder Bremen,4.0,16.0,8.0,50.0,0.25,0.5,,,Borussia M'gladbach,for
2024-11-03,13:30,63516,Bundesliga 24/25,24/25,Matchweek 9,Sun,Away,L,1.0,4.0,Borussia M'gladbach,1.0,15.0,5.0,33.3,0.067,0.2,,,SV Werder Bremen,for
2024-11-08,16:30,63516,Bundesliga 24/25,24/25,Matchweek 10,Fri,Home,D,0.0,0.0,SC Freiburg,0.0,12.0,6.0,50.0,0.0,0.0,,,1. FC Union Berlin,for
2024-11-08,16:30,63516,Bundesliga 24/25,24/25,Matchweek 10,Fri,Away,D,0.0,0.0,1. FC Union Berlin,0.0,14.0,4.0,28.6,0.0,0.0,,,SC Freiburg,for
2024-11-09,11:30,63516,Bundesliga 24/25,24/25,Matchweek 10,Sat,Home,L,0.0,1.0,FC Bayern München,0.0,3.0,0.0,0.0,0.0,,,,FC St. Pauli,for
2024-11-09,11:30,63516,Bundesliga 24/25,24/25,Matchweek 10,Sat,Away,W,1.0,0.0,FC St. Pauli,1.0,13.0,6.0,46.2,0.077,0.167,,,FC Bayern München,for
2024-11-09,11:30,63516,Bundesliga 24/25,24/25,Matchweek 10,Sat,Home,W,3.0,1.0,Borussia Dortmund,3.0,13.0,9.0,69.2,0.231,0.333,,,1. FSV Mainz 05,for
2024-11-09,11:30,63516,Bundesliga 24/25,24/25,Matchweek 10,Sat,Away,L,1.0,3.0,1. FSV Mainz 05,1.0,2.0,1.0,50.0,0.5,1.0,,,Borussia Dortmund,for
2024-11-09,11:30,63516,Bundesliga 24/25,24/25,Matchweek 10,Sat,Home,D,1.0,1.0,Bayer 04 Leverkusen,1.0,15.0,3.0,20.0,0.067,0.333,,,VfL Bochum 1848,for
2024-11-09,11:30,63516,Bundesliga 24/25,24/25,Matchweek 10,Sat,Away,D,1.0,1.0,VfL Bochum 1848,1.0,11.0,3.0,27.3,0.091,0.333,,,Bayer 04 Leverkusen,for
2024-11-09,11:30,63516,Bundesliga 24/25,24/25,Matchweek 10,Sat,Home,W,2.0,1.0,Holstein Kiel,2.0,16.0,5.0,31.2,0.125,0.4,,,SV Werder Bremen,for
2024-11-09,11:30,63516,Bundesliga 24/25,24/25,Matchweek 10,Sat,Away,L,1.0,2.0,SV Werder Bremen,1.0,12.0,5.0,41.7,0.083,0.2,,,Holstein Kiel,for
2024-11-09,14:30,63516,Bundesliga 24/25,24/25,Matchweek 10,Sat,Home,D,0.0,0.0,Borussia M'gladbach,0.0,12.0,5.0,41.7,0.0,0.0,,,RB Leipzig,for
2024-11-09,14:30,63516,Bundesliga 24/25,24/25,Matchweek 10,Sat,Away,D,0.0,0.0,RB Leipzig,0.0,14.0,4.0,28.6,0.0,0.0,,,Borussia M'gladbach,for
2024-11-10,11:30,63516,Bundesliga 24/25,24/25,Matchweek 10,Sun,Home,D,0.0,0.0,TSG Hoffenheim,0.0,16.0,4.0,25.0,0.0,0.0,,,FC Augsburg,for
2024-11-10,11:30,63516,Bundesliga 24/25,24/25,Matchweek 10,Sun,Away,D,0.0,0.0,FC Augsburg,0.0,11.0,2.0,18.2,0.0,0.0,,,TSG Hoffenheim,for
2024-11-10,13:30,63516,Bundesliga 24/25,24/25,Matchweek 10,Sun,Home,L,2.0,3.0,Eintracht Frankfurt,2.0,22.0,11.0,50.0,0.091,0.182,,,VfB Stuttgart,for
2024-11-10,13:30,63516,Bundesliga 24/25,24/25,Matchweek 10,Sun,Away,W,3.0,2.0,VfB Stuttgart,3.0,8.0,5.0,62.5,0.375,0.6,,,Eintracht Frankfurt,for
2024-11-10,15:30,63516,Bundesliga 24/25,24/25,Matchweek 10,Sun,Home,L,1.0,3.0,VfL Wolfsburg,1.0,19.0,4.0,21.1,0.053,0.25,,,1. FC Heidenheim,for
2024-11-10,15:30,63516,Bundesliga 24/25,24/25,Matchweek 10,Sun,Away,W,3.0,1.0,1. FC Heidenheim,3.0,13.0,6.0,46.2,0.231,0.5,,,VfL Wolfsburg,for
2024-11-22,16:30,63516,Bundesliga 24/25,24/25,Matchweek 11,Fri,Home,W,3.0,0.0,FC Augsburg,3.0,33.0,14.0,42.4,0.091,0.214,,,FC Bayern München,for
2024-11-22,16:30,63516,Bundesliga 24/25,24/25,Matchweek 11,Fri,Away,L,0.0,3.0,FC Bayern München,0.0,2.0,1.0,50.0,0.0,0.0,,,FC Augsburg,for
2024-11-23,11:30,63516,Bundesliga 24/25,24/25,Matchweek 11,Sat,Home,W,4.0,0.0,SC Freiburg,4.0,19.0,7.0,36.8,0.211,0.571,,,Borussia Dortmund,for
2024-11-23,11:30,63516,Bundesliga 24/25,24/25,Matchweek 11,Sat,Away,L,0.0,4.0,Borussia Dortmund,0.0,7.0,3.0,42.9,0.0,0.0,,,SC Freiburg,for
2024-11-23,11:30,63516,Bundesliga 24/25,24/25,Matchweek 11,Sat,Home,W,5.0,2.0,1. FC Heidenheim,5.0,20.0,10.0,50.0,0.25,0.5,,,Bayer 04 Leverkusen,for
2024-11-23,11:30,63516,Bundesliga 24/25,24/25,Matchweek 11,Sat,Away,L,2.0,5.0,Bayer 04 Leverkusen,2.0,6.0,3.0,50.0,0.333,0.667,,,1. FC Heidenheim,for
2024-11-23,11:30,63516,Bundesliga 24/25,24/25,Matchweek 11,Sat,Home,W,4.0,3.0,RB Leipzig,4.0,20.0,7.0,35.0,0.2,0.571,,,TSG Hoffenheim,for
2024-11-23,11:30,63516,Bundesliga 24/25,24/25,Matchweek 11,Sat,Away,L,3.0,4.0,TSG Hoffenheim,3.0,14.0,6.0,42.9,0.214,0.5,,,RB Leipzig,for
2024-11-23,11:30,63516,Bundesliga 24/25,24/25,Matchweek 11,Sat,Home,W,2.0,0.0,VfL Bochum 1848,2.0,15.0,5.0,33.3,0.133,0.4,,,VfB Stuttgart,for
2024-11-23,11:30,63516,Bundesliga 24/25,24/25,Matchweek 11,Sat,Away,L,0.0,2.0,VfB Stuttgart,0.0,9.0,2.0,22.2,0.0,0.0,,,VfL Bochum 1848,for
2024-11-23,11:30,63516,Bundesliga 24/25,24/25,Matchweek 11,Sat,Home,W,1.0,0.0,1. FC Union Berlin,1.0,10.0,5.0,50.0,0.1,0.2,,,VfL Wolfsburg,for
2024-11-23,11:30,63516,Bundesliga 24/25,24/25,Matchweek 11,Sat,Away,L,0.0,1.0,VfL Wolfsburg,0.0,11.0,4.0,36.4,0.0,0.0,,,1. FC Union Berlin,for
2024-11-23,14:30,63516,Bundesliga 24/25,24/25,Matchweek 11,Sat,Home,W,1.0,0.0,SV Werder Bremen,1.0,15.0,5.0,33.3,0.067,0.2,,,Eintracht Frankfurt,for
2024-11-23,14:30,63516,Bundesliga 24/25,24/25,Matchweek 11,Sat,Away,L,0.0,1.0,Eintracht Frankfurt,0.0,8.0,1.0,12.5,0.0,0.0,,,SV Werder Bremen,for
2024-11-24,11:30,63516,Bundesliga 24/25,24/25,Matchweek 11,Sun,Home,L,0.0,3.0,1. FSV Mainz 05,0.0,7.0,2.0,28.6,0.0,0.0,,,Holstein Kiel,for
2024-11-24,11:30,63516,Bundesliga 24/25,24/25,Matchweek 11,Sun,Away,W,3.0,0.0,Holstein Kiel,3.0,18.0,7.0,38.9,0.167,0.429,,,1. FSV Mainz 05,for
2024-11-24,13:30,63516,Bundesliga 24/25,24/25,Matchweek 11,Sun,Home,W,2.0,0.0,FC St. Pauli,2.0,15.0,4.0,26.7,0.133,0.5,,,Borussia M'gladbach,for
2024-11-24,13:30,63516,Bundesliga 24/25,24/25,Matchweek 11,Sun,Away,L,0.0,2.0,Borussia M'gladbach,0.0,15.0,3.0,20.0,0.0,0.0,,,FC St. Pauli,for
2024-11-29,16:30,63516,Bundesliga 24/25,24/25,Matchweek 12,Fri,Home,W,3.0,1.0,Holstein Kiel,3.0,11.0,4.0,36.4,0.273,0.75,,,FC St. Pauli,for
2024-11-29,16:30,63516,Bundesliga 24/25,24/25,Matchweek 12,Fri,Away,L,1.0,3.0,FC St. Pauli,1.0,10.0,3.0,30.0,0.1,0.333,,,Holstein Kiel,for
2024-11-30,11:30,63516,Bundesliga 24/25,24/25,Matchweek 12,Sat,Home,L,1.0,2.0,Bayer 04 Leverkusen,1.0,8.0,2.0,25.0,0.125,0.5,,,1. FC Union Berlin,for
2024-11-30,11:30,63516,Bundesliga 24/25,24/25,Matchweek 12,Sat,Away,W,2.0,1.0,1. FC Union Berlin,2.0,8.0,3.0,37.5,0.25,0.667,,,Bayer 04 Leverkusen,for
2024-11-30,11:30,63516,Bundesliga 24/25,24/25,Matchweek 12,Sat,Home,L,1.0,5.0,VfL Wolfsburg,1.0,9.0,4.0,44.4,0.111,0.25,,,RB Leipzig,for
2024-11-30,11:30,63516,Bundesliga 24/25,24/25,Matchweek 12,Sat,Away,W,5.0,1.0,RB Leipzig,5.0,13.0,8.0,61.5,0.385,0.625,,,VfL Wolfsburg,for
2024-11-30,11:30,63516,Bundesliga 24/25,24/25,Matchweek 12,Sat,Home,D,2.0,2.0,VfB Stuttgart,2.0,20.0,6.0,30.0,0.1,0.333,,,SV Werder Bremen,for
2024-11-30,11:30,63516,Bundesliga 24/25,24/25,Matchweek 12,Sat,Away,D,2.0,2.0,SV Werder Bremen,2.0,10.0,4.0,40.0,0.2,0.5,,,VfB Stuttgart,for
2024-11-30,11:30,63516,Bundesliga 24/25,24/25,Matchweek 12,Sat,Home,W,3.0,1.0,Borussia M'gladbach,3.0,17.0,7.0,41.2,0.176,0.429,,,SC Freiburg,for
2024-11-30,11:30,63516,Bundesliga 24/25,24/25,Matchweek 12,Sat,Away,L,1.0,3.0,SC Freiburg,1.0,15.0,4.0,26.7,0.067,0.25,,,Borussia M'gladbach,for
2024-11-30,11:30,63516,Bundesliga 24/25,24/25,Matchweek 12,Sat,Home,W,1.0,0.0,VfL Bochum 1848,1.0,16.0,4.0,25.0,0.062,0.25,,,FC Augsburg,for
2024-11-30,11:30,63516,Bundesliga 24/25,24/25,Matchweek 12,Sat,Away,L,0.0,1.0,FC Augsburg,0.0,7.0,1.0,14.3,0.0,0.0,,,VfL Bochum 1848,for
2024-11-30,14:30,63516,Bundesliga 24/25,24/25,Matchweek 12,Sat,Home,D,1.0,1.0,FC Bayern München,1.0,7.0,2.0,28.6,0.143,0.5,,,Borussia Dortmund,for
2024-11-30,14:30,63516,Bundesliga 24/25,24/25,Matchweek 12,Sat,Away,D,1.0,1.0,Borussia Dortmund,1.0,14.0,5.0,35.7,0.071,0.2,,,FC Bayern München,for
2024-12-01,11:30,63516,Bundesliga 24/25,24/25,Matchweek 12,Sun,Home,W,2.0,0.0,TSG Hoffenheim,2.0,18.0,8.0,44.4,0.111,0.25,,,1. FSV Mainz 05,for
2024-12-01,11:30,63516,Bundesliga 24/25,24/25,Matchweek 12,Sun,Away,L,0.0,2.0,1. FSV Mainz 05,0.0,10.0,2.0,20.0,0.0,0.0,,,TSG Hoffenheim,for
2024-12-01,13:30,63516,Bundesliga 24/25,24/25,Matchweek 12,Sun,Home,L,0.0,4.0,Eintracht Frankfurt,0.0,8.0,1.0,12.5,0.0,0.0,,,1. FC Heidenheim,for
2024-12-01,13:30,63516,Bundesliga 24/25,24/25,Matchweek 12,Sun,Away,W,4.0,0.0,1. FC Heidenheim,4.0,14.0,8.0,57.1,0.286,0.5,,,Eintracht Frankfurt,for
2024-12-06,16:30,63516,Bundesliga 24/25,24/25,Matchweek 13,Fri,Home,W,3.0,2.0,1. FC Union Berlin,3.0,7.0,5.0,71.4,0.429,0.6,,,VfB Stuttgart,for
2024-12-06,16:30,63516,Bundesliga 24/25,24/25,Matchweek 13,Fri,Away,L,2.0,3.0,VfB Stuttgart,2.0,14.0,3.0,21.4,0.143,0.667,,,1. FC Union Berlin,for
2024-12-07,11:30,63516,Bundesliga 24/25,24/25,Matchweek 13,Sat,Home,W,4.0,2.0,1. FC Heidenheim,4.0,21.0,10.0,47.6,0.19,0.4,,,FC Bayern München,for
2024-12-07,11:30,63516,Bundesliga 24/25,24/25,Matchweek 13,Sat,Away,L,2.0,4.0,FC Bayern München,2.0,2.0,2.0,100.0,1.0,1.0,,,1. FC Heidenheim,for
2024-12-07,11:30,63516,Bundesliga 24/25,24/25,Matchweek 13,Sat,Home,W,2.0,1.0,FC St. Pauli,2.0,6.0,2.0,33.3,0.333,1.0,,,Bayer 04 Leverkusen,for
2024-12-07,11:30,63516,Bundesliga 24/25,24/25,Matchweek 13,Sat,Away,L,1.0,2.0,Bayer 04 Leverkusen,1.0,12.0,4.0,33.3,0.083,0.25,,,FC St. Pauli,for
2024-12-07,11:30,63516,Bundesliga 24/25,24/25,Matchweek 13,Sat,Home,L,0.0,2.0,RB Leipzig,0.0,17.0,5.0,29.4,0.0,0.0,,,Holstein Kiel,for
2024-12-07,11:30,63516,Bundesliga 24/25,24/25,Matchweek 13,Sat,Away,W,2.0,0.0,Holstein Kiel,2.0,9.0,5.0,55.6,0.222,0.4,,,RB Leipzig,for
2024-12-07,11:30,63516,Bundesliga 24/25,24/25,Matchweek 13,Sat,Home,D,2.0,2.0,FC Augsburg,2.0,16.0,4.0,25.0,0.125,0.5,,,Eintracht Frankfurt,for
2024-12-07,11:30,63516,Bundesliga 24/25,24/25,Matchweek 13,Sat,Away,D,2.0,2.0,Eintracht Frankfurt,2.0,8.0,3.0,37.5,0.25,0.667,,,FC Augsburg,for
2024-12-07,11:30,63516,Bundesliga 24/25,24/25,Matchweek 13,Sat,Home,L,0.0,1.0,SV Werder Bremen,0.0,12.0,2.0,16.7,0.0,0.0,,,VfL Bochum 1848,for
2024-12-07,11:30,63516,Bundesliga 24/25,24/25,Matchweek 13,Sat,Away,W,1.0,0.0,VfL Bochum 1848,1.0,9.0,1.0,11.1,0.111,1.0,,,SV Werder Bremen,for
2024-12-07,14:30,63516,Bundesliga 24/25,24/25,Matchweek 13,Sat,Home,D,1.0,1.0,Borussia Dortmund,1.0,9.0,3.0,33.3,0.111,0.333,,,Borussia M'gladbach,for
2024-12-07,14:30,63516,Bundesliga 24/25,24/25,Matchweek 13,Sat,Away,D,1.0,1.0,Borussia M'gladbach,1.0,16.0,3.0,18.8,0.062,0.333,,,Borussia Dortmund,for
2024-12-08,11:30,63516,Bundesliga 24/25,24/25,Matchweek 13,Sun,Home,W,4.0,3.0,1. FSV Mainz 05,4.0,10.0,5.0,50.0,0.4,0.8,,,VfL Wolfsburg,for
2024-12-08,11:30,63516,Bundesliga 24/25,24/25,Matchweek 13,Sun,Away,L,3.0,4.0,VfL Wolfsburg,3.0,12.0,5.0,41.7,0.25,0.6,,,1. FSV Mainz 05,for
2024-12-08,13:30,63516,Bundesliga 24/25,24/25,Matchweek 13,Sun,Home,D,1.0,1.0,SC Freiburg,1.0,15.0,5.0,33.3,0.067,0.2,,,TSG Hoffenheim,for
2024-12-08,13:30,63516,Bundesliga 24/25,24/25,Matchweek 13,Sun,Away,D,1.0,1.0,TSG Hoffenheim,1.0,11.0,4.0,36.4,0.091,0.25,,,SC Freiburg,for
2024-12-13,16:30,63516,Bundesliga 24/25,24/25,Matchweek 14,Fri,Home,W,3.0,2.0,VfL Wolfsburg,3.0,18.0,9.0,50.0,0.167,0.333,,,SC Freiburg,for
2024-12-13,16:30,63516,Bundesliga 24/25,24/25,Matchweek 14,Fri,Away,L,2.0,3.0,SC Freiburg,2.0,20.0,5.0,25.0,0.1,0.4,,,VfL Wolfsburg,for
2024-12-14,11:30,63516,Bundesliga 24/25,24/25,Matchweek 14,Sat,Home,W,2.0,1.0,FC Bayern München,2.0,8.0,4.0,50.0,0.25,0.5,,,1. FSV Mainz 05,for
2024-12-14,11:30,63516,Bundesliga 24/25,24/25,Matchweek 14,Sat,Away,L,1.0,2.0,1. FSV Mainz 05,1.0,13.0,1.0,7.7,0.077,1.0,,,FC Bayern München,for
2024-12-14,11:30,63516,Bundesliga 24/25,24/25,Matchweek 14,Sat,Home,L,0.0,2.0,Bayer 04 Leverkusen,0.0,8.0,4.0,50.0,0.0,0.0,,,FC Augsburg,for
2024-12-14,11:30,63516,Bundesliga 24/25,24/25,Matchweek 14,Sat,Away,W,2.0,0.0,FC Augsburg,2.0,14.0,3.0,21.4,0.143,0.667,,,Bayer 04 Leverkusen,for
2024-12-14,11:30,63516,Bundesliga 24/25,24/25,Matchweek 14,Sat,Home,L,0.0,2.0,VfL Bochum 1848,0.0,,,,,,,,1. FC Union Berlin,for
2024-12-14,11:30,63516,Bundesliga 24/25,24/25,Matchweek 14,Sat,Away,W,2.0,0.0,1. FC Union Berlin,2.0,,,,,,,,VfL Bochum 1848,for
2024-12-14,11:30,63516,Bundesliga 24/25,24/25,Matchweek 14,Sat,Home,W,4.0,1.0,Holstein Kiel,4.0,17.0,6.0,35.3,0.235,0.667,,,Borussia M'gladbach,for
2024-12-14,11:30,63516,Bundesliga 24/25,24/25,Matchweek 14,Sat,Away,L,1.0,4.0,Borussia M'gladbach,1.0,12.0,3.0,25.0,0.083,0.333,,,Holstein Kiel,for
2024-12-14,14:30,63516,Bundesliga 24/25,24/25,Matchweek 14,Sat,Home,L,0.0,2.0,SV Werder Bremen,0.0,15.0,4.0,26.7,0.0,0.0,,,FC St. Pauli,for
2024-12-14,14:30,63516,Bundesliga 24/25,24/25,Matchweek 14,Sat,Away,W,2.0,0.0,FC St. Pauli,2.0,8.0,4.0,50.0,0.25,0.5,,,SV Werder Bremen,for
2024-12-15,11:30,63516,Bundesliga 24/25,24/25,Matchweek 14,Sun,Home,L,1.0,3.0,VfB Stuttgart,1.0,9.0,2.0,22.2,0.111,0.5,,,1. FC Heidenheim,for
2024-12-15,11:30,63516,Bundesliga 24/25,24/25,Matchweek 14,Sun,Away,W,3.0,1.0,1. FC Heidenheim,3.0,18.0,7.0,38.9,0.167,0.429,,,VfB Stuttgart,for
2024-12-15,13:30,63516,Bundesliga 24/25,24/25,Matchweek 14,Sun,Home,D,1.0,1.0,TSG Hoffenheim,1.0,6.0,2.0,33.3,0.167,0.5,,,Borussia Dortmund,for
2024-12-15,13:30,63516,Bundesliga 24/25,24/25,Matchweek 14,Sun,Away,D,1.0,1.0,Borussia Dortmund,1.0,12.0,1.0,8.3,0.083,1.0,,,TSG Hoffenheim,for
2024-12-15,15:30,63516,Bundesliga 24/25,24/25,Matchweek 14,Sun,Home,W,2.0,1.0,Eintracht Frankfurt,2.0,19.0,9.0,47.4,0.105,0.222,,,RB Leipzig,for
2024-12-15,15:30,63516,Bundesliga 24/25,24/25,Matchweek 14,Sun,Away,L,1.0,2.0,RB Leipzig,1.0,16.0,3.0,18.8,0.062,0.333,,,Eintracht Frankfurt,for
2024-12-20,16:30,63516,Bundesliga 24/25,24/25,Matchweek 15,Fri,Home,W,5.0,1.0,RB Leipzig,5.0,22.0,9.0,40.9,0.227,0.556,,,FC Bayern München,for
2024-12-20,16:30,63516,Bundesliga 24/25,24/25,Matchweek 15,Fri,Away,L,1.0,5.0,FC Bayern München,1.0,4.0,1.0,25.0,0.25,1.0,,,RB Leipzig,for
2024-12-21,11:30,63516,Bundesliga 24/25,24/25,Matchweek 15,Sat,Home,L,1.0,3.0,1. FSV Mainz 05,1.0,34.0,9.0,26.5,0.029,0.111,,,Eintracht Frankfurt,for
2024-12-21,11:30,63516,Bundesliga 24/25,24/25,Matchweek 15,Sat,Away,W,3.0,1.0,Eintracht Frankfurt,3.0,9.0,3.0,33.3,0.333,1.0,,,1. FSV Mainz 05,for
2024-12-21,11:30,63516,Bundesliga 24/25,24/25,Matchweek 15,Sat,Home,L,0.0,1.0,FC St. Pauli,0.0,25.0,5.0,20.0,0.0,0.0,,,VfB Stuttgart,for
2024-12-21,11:30,63516,Bundesliga 24/25,24/25,Matchweek 15,Sat,Away,W,1.0,0.0,VfB Stuttgart,1.0,11.0,5.0,45.5,0.091,0.2,,,FC St. Pauli,for
2024-12-21,11:30,63516,Bundesliga 24/25,24/25,Matchweek 15,Sat,Home,W,4.0,1.0,1. FC Union Berlin,4.0,10.0,5.0,50.0,0.4,0.8,,,SV Werder Bremen,for
2024-12-21,11:30,63516,Bundesliga 24/25,24/25,Matchweek 15,Sat,Away,L,1.0,4.0,SV Werder Bremen,1.0,16.0,4.0,25.0,0.062,0.25,,,1. FC Union Berlin,for
2024-12-21,11:30,63516,Bundesliga 24/25,24/25,Matchweek 15,Sat,Home,L,1.0,2.0,Borussia M'gladbach,1.0,18.0,8.0,44.4,0.056,0.125,,,TSG Hoffenheim,for
2024-12-21,11:30,63516,Bundesliga 24/25,24/25,Matchweek 15,Sat,Away,W,2.0,1.0,TSG Hoffenheim,2.0,5.0,3.0,60.0,0.4,0.667,,,Borussia M'gladbach,for
2024-12-21,11:30,63516,Bundesliga 24/25,24/25,Matchweek 15,Sat,Home,W,5.0,1.0,FC Augsburg,5.0,8.0,6.0,75.0,0.625,0.833,,,Holstein Kiel,for
2024-12-21,11:30,63516,Bundesliga 24/25,24/25,Matchweek 15,Sat,Away,L,1.0,5.0,Holstein Kiel,1.0,17.0,4.0,23.5,0.059,0.25,,,FC Augsburg,for
2024-12-21,14:30,63516,Bundesliga 24/25,24/25,Matchweek 15,Sat,Home,W,5.0,1.0,SC Freiburg,5.0,20.0,12.0,60.0,0.25,0.417,,,Bayer 04 Leverkusen,for
2024-12-21,14:30,63516,Bundesliga 24/25,24/25,Matchweek 15,Sat,Away,L,1.0,5.0,Bayer 04 Leverkusen,1.0,8.0,2.0,25.0,0.125,0.5,,,SC Freiburg,for
2024-12-22,11:30,63516,Bundesliga 24/25,24/25,Matchweek 15,Sun,Home,W,2.0,0.0,1. FC Heidenheim,2.0,14.0,4.0,28.6,0.143,0.5,,,VfL Bochum 1848,for
2024-12-22,11:30,63516,Bundesliga 24/25,24/25,Matchweek 15,Sun,Away,L,0.0,2.0,VfL Bochum 1848,0.0,10.0,2.0,20.0,0.0,0.0,,,1. FC Heidenheim,for
2024-12-22,13:30,63516,Bundesliga 24/25,24/25,Matchweek 15,Sun,Home,L,1.0,3.0,Borussia Dortmund,1.0,14.0,5.0,35.7,0.071,0.2,,,VfL Wolfsburg,for
2024-12-22,13:30,63516,Bundesliga 24/25,24/25,Matchweek 15,Sun,Away,W,3.0,1.0,VfL Wolfsburg,3.0,12.0,4.0,33.3,0.25,0.75,,,Borussia Dortmund,for
2025-01-10,16:45,63516,Bundesliga 24/25,24/25,Matchweek 16,Fri,Home,L,2.0,3.0,Bayer 04 Leverkusen,2.0,12.0,5.0,41.7,0.167,0.4,,,Borussia Dortmund,for
2025-01-10,16:45,63516,Bundesliga 24/25,24/25,Matchweek 16,Fri,Away,W,3.0,2.0,Borussia Dortmund,3.0,7.0,5.0,71.4,0.429,0.6,,,Bayer 04 Leverkusen,for
2025-01-11,11:30,63516,Bundesliga 24/25,24/25,Matchweek 16,Sat,Home,L,0.0,1.0,Eintracht Frankfurt,0.0,18.0,4.0,22.2,0.0,0.0,,,FC St. Pauli,for
2025-01-11,11:30,63516,Bundesliga 24/25,24/25,Matchweek 16,Sat,Away,W,1.0,0.0,FC St. Pauli,1.0,14.0,6.0,42.9,0.071,0.167,,,Eintracht Frankfurt,for
2025-01-11,11:30,63516,Bundesliga 24/25,24/25,Matchweek 16,Sat,Home,W,2.0,0.0,1. FC Union Berlin,2.0,16.0,9.0,56.2,0.125,0.222,,,1. FC Heidenheim,for
2025-01-11,11:30,63516,Bundesliga 24/25,24/25,Matchweek 16,Sat,Away,L,0.0,2.0,1. FC Heidenheim,0.0,10.0,6.0,60.0,0.0,0.0,,,1. FC Union Berlin,for
2025-01-11,11:30,63516,Bundesliga 24/25,24/25,Matchweek 16,Sat,Home,L,0.0,1.0,VfL Wolfsburg,0.0,15.0,2.0,13.3,0.0,0.0,,,TSG Hoffenheim,for
2025-01-11,11:30,63516,Bundesliga 24/25,24/25,Matchweek 16,Sat,Away,W,1.0,0.0,TSG Hoffenheim,1.0,12.0,3.0,25.0,0.083,0.333,,,VfL Wolfsburg,for
2025-01-11,11:30,63516,Bundesliga 24/25,24/25,Matchweek 16,Sat,Home,W,3.0,2.0,Holstein Kiel,3.0,14.0,5.0,35.7,0.214,0.6,,,SC Freiburg,for
2025-01-11,11:30,63516,Bundesliga 24/25,24/25,Matchweek 16,Sat,Away,L,2.0,3.0,SC Freiburg,2.0,14.0,7.0,50.0,0.143,0.286,,,Holstein Kiel,for
2025-01-11,11:30,63516,Bundesliga 24/25,24/25,Matchweek 16,Sat,Home,W,2.0,0.0,VfL Bochum 1848,2.0,10.0,5.0,50.0,0.2,0.4,,,1. FSV Mainz 05,for
2025-01-11,11:30,63516,Bundesliga 24/25,24/25,Matchweek 16,Sat,Away,L,0.0,2.0,1. FSV Mainz 05,0.0,11.0,2.0,18.2,0.0,0.0,,,VfL Bochum 1848,for
2025-01-11,14:30,63516,Bundesliga 24/25,24/25,Matchweek 16,Sat,Home,L,0.0,1.0,FC Bayern München,0.0,5.0,0.0,0.0,0.0,,,,Borussia M'gladbach,for
2025-01-11,14:30,63516,Bundesliga 24/25,24/25,Matchweek 16,Sat,Away,W,1.0,0.0,Borussia M'gladbach,1.0,23.0,10.0,43.5,0.043,0.1,,,FC Bayern München,for
2025-01-12,11:30,63516,Bundesliga 24/25,24/25,Matchweek 16,Sun,Home,W,4.0,2.0,SV Werder Bremen,4.0,18.0,7.0,38.9,0.222,0.571,,,RB Leipzig,for
2025-01-12,11:30,63516,Bundesliga 24/25,24/25,Matchweek 16,Sun,Away,L,2.0,4.0,RB Leipzig,2.0,7.0,2.0,28.6,0.286,1.0,,,SV Werder Bremen,for
2025-01-12,13:30,63516,Bundesliga 24/25,24/25,Matchweek 16,Sun,Home,L,0.0,1.0,VfB Stuttgart,0.0,8.0,2.0,25.0,0.0,0.0,,,FC Augsburg,for
2025-01-12,13:30,63516,Bundesliga 24/25,24/25,Matchweek 16,Sun,Away,W,1.0,0.0,FC Augsburg,1.0,13.0,5.0,38.5,0.077,0.2,,,VfB Stuttgart,for
2025-01-14,14:30,63516,Bundesliga 24/25,24/25,Matchweek 17,Tue,Home,W,4.0,2.0,Borussia Dortmund,4.0,11.0,7.0,63.6,0.364,0.571,,,Holstein Kiel,for
2025-01-14,14:30,63516,Bundesliga 24/25,24/25,Matchweek 17,Tue,Away,L,2.0,4.0,Holstein Kiel,2.0,16.0,4.0,25.0,0.125,0.5,,,Borussia Dortmund,for
2025-01-14,16:30,63516,Bundesliga 24/25,24/25,Matchweek 17,Tue,Home,W,1.0,0.0,1. FSV Mainz 05,1.0,20.0,9.0,45.0,0.05,0.111,,,Bayer 04 Leverkusen,for
2025-01-14,16:30,63516,Bundesliga 24/25,24/25,Matchweek 17,Tue,Away,L,0.0,1.0,Bayer 04 Leverkusen,0.0,7.0,4.0,57.1,0.0,0.0,,,1. FSV Mainz 05,for
2025-01-14,16:30,63516,Bundesliga 24/25,24/25,Matchweek 17,Tue,Home,W,4.0,1.0,SC Freiburg,4.0,23.0,8.0,34.8,0.174,0.5,,,Eintracht Frankfurt,for
2025-01-14,16:30,63516,Bundesliga 24/25,24/25,Matchweek 17,Tue,Away,L,1.0,4.0,Eintracht Frankfurt,1.0,7.0,5.0,71.4,0.143,0.2,,,SC Freiburg,for
2025-01-14,16:30,63516,Bundesliga 24/25,24/25,Matchweek 17,Tue,Home,W,5.0,1.0,Borussia M'gladbach,5.0,16.0,5.0,31.2,0.312,1.0,,,VfL Wolfsburg,for
2025-01-14,16:30,63516,Bundesliga 24/25,24/25,Matchweek 17,Tue,Away,L,1.0,5.0,VfL Wolfsburg,1.0,9.0,5.0,55.6,0.111,0.2,,,Borussia M'gladbach,for
2025-01-15,14:30,63516,Bundesliga 24/25,24/25,Matchweek 17,Wed,Home,W,1.0,0.0,FC St. Pauli,1.0,13.0,5.0,38.5,0.077,0.2,,,VfL Bochum 1848,for
2025-01-15,14:30,63516,Bundesliga 24/25,24/25,Matchweek 17,Wed,Away,L,0.0,1.0,VfL Bochum 1848,0.0,12.0,1.0,8.3,0.0,0.0,,,FC St. Pauli,for
2025-01-15,16:30,63516,Bundesliga 24/25,24/25,Matchweek 17,Wed,Home,W,5.0,0.0,TSG Hoffenheim,5.0,25.0,10.0,40.0,0.2,0.5,,,FC Bayern München,for
2025-01-15,16:30,63516,Bundesliga 24/25,24/25,Matchweek 17,Wed,Away,L,0.0,5.0,FC Bayern München,0.0,5.0,2.0,40.0,0.0,0.0,,,TSG Hoffenheim,for
2025-01-15,16:30,63516,Bundesliga 24/25,24/25,Matchweek 17,Wed,Home,W,2.0,1.0,RB Leipzig,2.0,14.0,6.0,42.9,0.143,0.333,,,VfB Stuttgart,for
2025-01-15,16:30,63516,Bundesliga 24/25,24/25,Matchweek 17,Wed,Away,L,1.0,2.0,VfB Stuttgart,1.0,6.0,3.0,50.0,0.167,0.333,,,RB Leipzig,for
2025-01-15,16:30,63516,Bundesliga 24/25,24/25,Matchweek 17,Wed,Home,L,0.0,2.0,FC Augsburg,0.0,13.0,2.0,15.4,0.0,0.0,,,1. FC Union Berlin,for
2025-01-15,16:30,63516,Bundesliga 24/25,24/25,Matchweek 17,Wed,Away,W,2.0,0.0,1. FC Union Berlin,2.0,11.0,5.0,45.5,0.182,0.4,,,FC Augsburg,for
2025-01-15,16:30,63516,Bundesliga 24/25,24/25,Matchweek 17,Wed,Home,D,3.0,3.0,1. FC Heidenheim,3.0,12.0,5.0,41.7,0.25,0.6,,,SV Werder Bremen,for
2025-01-15,16:30,63516,Bundesliga 24/25,24/25,Matchweek 17,Wed,Away,D,3.0,3.0,SV Werder Bremen,3.0,14.0,5.0,35.7,0.214,0.6,,,1. FC Heidenheim,for
2025-01-17,16:30,63516,Bundesliga 24/25,24/25,Matchweek 18,Fri,Home,W,2.0,0.0,Borussia Dortmund,2.0,13.0,5.0,38.5,0.154,0.4,,,Eintracht Frankfurt,for
2025-01-17,16:30,63516,Bundesliga 24/25,24/25,Matchweek 18,Fri,Away,L,0.0,2.0,Eintracht Frankfurt,0.0,12.0,3.0,25.0,0.0,0.0,,,Borussia Dortmund,for
2025-01-18,11:30,63516,Bundesliga 24/25,24/25,Matchweek 18,Sat,Home,W,3.0,2.0,VfL Wolfsburg,3.0,25.0,10.0,40.0,0.12,0.3,,,FC Bayern München,for
2025-01-18,11:30,63516,Bundesliga 24/25,24/25,Matchweek 18,Sat,Away,L,2.0,3.0,FC Bayern München,2.0,7.0,3.0,42.9,0.286,0.667,,,VfL Wolfsburg,for
2025-01-18,11:30,63516,Bundesliga 24/25,24/25,Matchweek 18,Sat,Home,D,3.0,3.0,RB Leipzig,3.0,14.0,3.0,21.4,0.214,1.0,,,VfL Bochum 1848,for
2025-01-18,11:30,63516,Bundesliga 24/25,24/25,Matchweek 18,Sat,Away,D,3.0,3.0,VfL Bochum 1848,3.0,11.0,3.0,27.3,0.273,1.0,,,RB Leipzig,for
2025-01-18,11:30,63516,Bundesliga 24/25,24/25,Matchweek 18,Sat,Home,W,4.0,0.0,SC Freiburg,4.0,12.0,7.0,58.3,0.333,0.571,,,VfB Stuttgart,for
2025-01-18,11:30,63516,Bundesliga 24/25,24/25,Matchweek 18,Sat,Away,L,0.0,4.0,VfB Stuttgart,0.0,4.0,0.0,0.0,0.0,,,,SC Freiburg,for
2025-01-18,11:30,63516,Bundesliga 24/25,24/25,Matchweek 18,Sat,Home,L,1.0,3.0,TSG Hoffenheim,1.0,12.0,3.0,25.0,0.083,0.333,,,Holstein Kiel,for
2025-01-18,11:30,63516,Bundesliga 24/25,24/25,Matchweek 18,Sat,Away,W,3.0,1.0,Holstein Kiel,3.0,11.0,6.0,54.5,0.273,0.5,,,TSG Hoffenheim,for
2025-01-18,11:30,63516,Bundesliga 24/25,24/25,Matchweek 18,Sat,Home,L,0.0,2.0,FC St. Pauli,0.0,8.0,1.0,12.5,0.0,0.0,,,1. FC Heidenheim,for
2025-01-18,11:30,63516,Bundesliga 24/25,24/25,Matchweek 18,Sat,Away,W,2.0,0.0,1. FC Heidenheim,2.0,7.0,4.0,57.1,0.286,0.5,,,FC St. Pauli,for
2025-01-18,14:30,63516,Bundesliga 24/25,24/25,Matchweek 18,Sat,Home,W,3.0,1.0,Borussia M'gladbach,3.0,10.0,5.0,50.0,0.3,0.6,,,Bayer 04 Leverkusen,for
2025-01-18,14:30,63516,Bundesliga 24/25,24/25,Matchweek 18,Sat,Away,L,1.0,3.0,Bayer 04 Leverkusen,1.0,7.0,4.0,57.1,0.143,0.25,,,Borussia M'gladbach,for
2025-01-19,11:30,63516,Bundesliga 24/25,24/25,Matchweek 18,Sun,Home,W,2.0,1.0,1. FSV Mainz 05,2.0,12.0,4.0,33.3,0.167,0.5,,,1. FC Union Berlin,for
2025-01-19,11:30,63516,Bundesliga 24/25,24/25,Matchweek 18,Sun,Away,L,1.0,2.0,1. FC Union Berlin,1.0,9.0,1.0,11.1,0.111,1.0,,,1. FSV Mainz 05,for
2025-01-19,13:30,63516,Bundesliga 24/25,24/25,Matchweek 18,Sun,Home,L,0.0,2.0,FC Augsburg,0.0,20.0,2.0,10.0,0.0,0.0,,,SV Werder Bremen,for
2025-01-19,13:30,63516,Bundesliga 24/25,24/25,Matchweek 18,Sun,Away,W,2.0,0.0,SV Werder Bremen,2.0,9.0,4.0,44.4,0.222,0.5,,,FC Augsburg,for
2025-01-24,16:30,63516,Bundesliga 24/25,24/25,Matchweek 19,Fri,Home,D,2.0,2.0,Holstein Kiel,2.0,22.0,5.0,22.7,0.091,0.4,,,VfL Wolfsburg,for
2025-01-24,16:30,63516,Bundesliga 24/25,24/25,Matchweek 19,Fri,Away,D,2.0,2.0,VfL Wolfsburg,2.0,5.0,2.0,40.0,0.4,1.0,,,Holstein Kiel,for
2025-01-25,11:30,63516,Bundesliga 24/25,24/25,Matchweek 19,Sat,Home,L,1.0,2.0,FC Bayern München,1.0,7.0,2.0,28.6,0.143,0.5,,,SC Freiburg,for
2025-01-25,11:30,63516,Bundesliga 24/25,24/25,Matchweek 19,Sat,Away,W,2.0,1.0,SC Freiburg,2.0,7.0,3.0,42.9,0.286,0.667,,,FC Bayern München,for
2025-01-25,11:30,63516,Bundesliga 24/25,24/25,Matchweek 19,Sat,Home,D,2.0,2.0,SV Werder Bremen,2.0,8.0,4.0,50.0,0.25,0.5,,,Borussia Dortmund,for
2025-01-25,11:30,63516,Bundesliga 24/25,24/25,Matchweek 19,Sat,Away,D,2.0,2.0,Borussia Dortmund,2.0,13.0,4.0,30.8,0.154,0.5,,,SV Werder Bremen,for
2025-01-25,11:30,63516,Bundesliga 24/25,24/25,Matchweek 19,Sat,Home,D,2.0,2.0,Bayer 04 Leverkusen,2.0,7.0,3.0,42.9,0.286,0.667,,,RB Leipzig,for
2025-01-25,11:30,63516,Bundesliga 24/25,24/25,Matchweek 19,Sat,Away,D,2.0,2.0,RB Leipzig,2.0,13.0,7.0,53.8,0.154,0.286,,,Bayer 04 Leverkusen,for
2025-01-25,11:30,63516,Bundesliga 24/25,24/25,Matchweek 19,Sat,Home,W,2.0,0.0,VfB Stuttgart,2.0,11.0,4.0,36.4,0.182,0.5,,,1. FSV Mainz 05,for
2025-01-25,11:30,63516,Bundesliga 24/25,24/25,Matchweek 19,Sat,Away,L,0.0,2.0,1. FSV Mainz 05,0.0,10.0,5.0,50.0,0.0,0.0,,,VfB Stuttgart,for
2025-01-25,11:30,63516,Bundesliga 24/25,24/25,Matchweek 19,Sat,Home,W,2.0,1.0,1. FC Heidenheim,2.0,11.0,7.0,63.6,0.182,0.286,,,FC Augsburg,for
2025-01-25,11:30,63516,Bundesliga 24/25,24/25,Matchweek 19,Sat,Away,L,1.0,2.0,FC Augsburg,1.0,11.0,6.0,54.5,0.091,0.167,,,1. FC Heidenheim,for
2025-01-25,14:30,63516,Bundesliga 24/25,24/25,Matchweek 19,Sat,Home,W,3.0,0.0,VfL Bochum 1848,3.0,16.0,6.0,37.5,0.188,0.5,,,Borussia M'gladbach,for
2025-01-25,14:30,63516,Bundesliga 24/25,24/25,Matchweek 19,Sat,Away,L,0.0,3.0,Borussia M'gladbach,0.0,10.0,4.0,40.0,0.0,0.0,,,VfL Bochum 1848,for
2025-01-26,11:30,63516,Bundesliga 24/25,24/25,Matchweek 19,Sun,Home,D,2.0,2.0,Eintracht Frankfurt,2.0,24.0,8.0,33.3,0.083,0.25,,,TSG Hoffenheim,for
2025-01-26,11:30,63516,Bundesliga 24/25,24/25,Matchweek 19,Sun,Away,D,2.0,2.0,TSG Hoffenheim,2.0,12.0,7.0,58.3,0.167,0.286,,,Eintracht Frankfurt,for
2025-01-26,13:30,63516,Bundesliga 24/25,24/25,Matchweek 19,Sun,Home,W,3.0,0.0,1. FC Union Berlin,3.0,16.0,5.0,31.2,0.188,0.6,,,FC St. Pauli,for
2025-01-26,13:30,63516,Bundesliga 24/25,24/25,Matchweek 19,Sun,Away,L,0.0,3.0,FC St. Pauli,0.0,14.0,2.0,14.3,0.0,0.0,,,1. FC Union Berlin,for
2025-01-31,16:30,63516,Bundesliga 24/25,24/25,Matchweek 20,Fri,Home,W,1.0,0.0,1. FSV Mainz 05,1.0,12.0,5.0,41.7,0.083,0.2,,,SV Werder Bremen,for
2025-01-31,16:30,63516,Bundesliga 24/25,24/25,Matchweek 20,Fri,Away,L,0.0,1.0,SV Werder Bremen,0.0,13.0,2.0,15.4,0.0,0.0,,,1. FSV Mainz 05,for
2025-02-01,11:30,63516,Bundesliga 24/25,24/25,Matchweek 20,Sat,Home,W,4.0,3.0,Holstein Kiel,4.0,29.0,12.0,41.4,0.138,0.333,,,FC Bayern München,for
2025-02-01,11:30,63516,Bundesliga 24/25,24/25,Matchweek 20,Sat,Away,L,3.0,4.0,FC Bayern München,3.0,10.0,6.0,60.0,0.3,0.5,,,Holstein Kiel,for
2025-02-01,11:30,63516,Bundesliga 24/25,24/25,Matchweek 20,Sat,Home,L,1.0,2.0,Borussia Dortmund,1.0,11.0,5.0,45.5,0.091,0.2,,,1. FC Heidenheim,for
2025-02-01,11:30,63516,Bundesliga 24/25,24/25,Matchweek 20,Sat,Away,W,2.0,1.0,1. FC Heidenheim,2.0,16.0,5.0,31.2,0.125,0.4,,,Borussia Dortmund,for
2025-02-01,11:30,63516,Bundesliga 24/25,24/25,Matchweek 20,Sat,Home,L,1.0,2.0,Borussia M'gladbach,1.0,10.0,3.0,30.0,0.1,0.333,,,VfB Stuttgart,for
2025-02-01,11:30,63516,Bundesliga 24/25,24/25,Matchweek 20,Sat,Away,W,2.0,1.0,VfB Stuttgart,2.0,13.0,6.0,46.2,0.154,0.333,,,Borussia M'gladbach,for
2025-02-01,11:30,63516,Bundesliga 24/25,24/25,Matchweek 20,Sat,Home,L,0.0,1.0,SC Freiburg,0.0,22.0,4.0,18.2,0.0,0.0,,,VfL Bochum 1848,for
2025-02-01,11:30,63516,Bundesliga 24/25,24/25,Matchweek 20,Sat,Away,W,1.0,0.0,VfL Bochum 1848,1.0,13.0,5.0,38.5,0.077,0.2,,,SC Freiburg,for
2025-02-01,11:30,63516,Bundesliga 24/25,24/25,Matchweek 20,Sat,Home,D,1.0,1.0,FC Augsburg,1.0,6.0,1.0,16.7,0.167,1.0,,,FC St. Pauli,for
2025-02-01,11:30,63516,Bundesliga 24/25,24/25,Matchweek 20,Sat,Away,D,1.0,1.0,FC St. Pauli,1.0,2.0,1.0,50.0,0.5,1.0,,,FC Augsburg,for
2025-02-01,14:30,63516,Bundesliga 24/25,24/25,Matchweek 20,Sat,Home,D,0.0,0.0,RB Leipzig,0.0,21.0,6.0,28.6,0.0,0.0,,,1. FC Union Berlin,for
2025-02-01,14:30,63516,Bundesliga 24/25,24/25,Matchweek 20,Sat,Away,D,0.0,0.0,1. FC Union Berlin,0.0,6.0,2.0,33.3,0.0,0.0,,,RB Leipzig,for
2025-02-02,11:30,63516,Bundesliga 24/25,24/25,Matchweek 20,Sun,Home,D,1.0,1.0,VfL Wolfsburg,1.0,16.0,4.0,25.0,0.062,0.25,,,Eintracht Frankfurt,for
2025-02-02,11:30,63516,Bundesliga 24/25,24/25,Matchweek 20,Sun,Away,D,1.0,1.0,Eintracht Frankfurt,1.0,11.0,2.0,18.2,0.091,0.5,,,VfL Wolfsburg,for
2025-02-02,13:30,63516,Bundesliga 24/25,24/25,Matchweek 20,Sun,Home,W,3.0,1.0,TSG Hoffenheim,3.0,9.0,5.0,55.6,0.333,0.6,,,Bayer 04 Leverkusen,for
2025-02-02,13:30,63516,Bundesliga 24/25,24/25,Matchweek 20,Sun,Away,L,1.0,3.0,Bayer 04 Leverkusen,1.0,16.0,7.0,43.8,0.062,0.143,,,TSG Hoffenheim,for
2025-02-07,16:30,63516,Bundesliga 24/25,24/25,Matchweek 21,Fri,Home,W,3.0,0.0,SV Werder Bremen,3.0,21.0,12.0,57.1,0.143,0.25,,,FC Bayern München,for
2025-02-07,16:30,63516,Bundesliga 24/25,24/25,Matchweek 21,Fri,Away,L,0.0,3.0,FC Bayern München,0.0,2.0,0.0,0.0,0.0,,,,SV Werder Bremen,for
2025-02-08,11:30,63516,Bundesliga 24/25,24/25,Matchweek 21,Sat,Home,L,1.0,2.0,VfB Stuttgart,1.0,16.0,5.0,31.2,0.062,0.2,,,Borussia Dortmund,for
2025-02-08,11:30,63516,Bundesliga 24/25,24/25,Matchweek 21,Sat,Away,W,2.0,1.0,Borussia Dortmund,2.0,4.0,2.0,50.0,0.5,1.0,,,VfB Stuttgart,for
2025-02-08,11:30,63516,Bundesliga 24/25,24/25,Matchweek 21,Sat,Home,D,0.0,0.0,Bayer 04 Leverkusen,0.0,13.0,8.0,61.5,0.0,0.0,,,VfL Wolfsburg,for
2025-02-08,11:30,63516,Bundesliga 24/25,24/25,Matchweek 21,Sat,Away,D,0.0,0.0,VfL Wolfsburg,0.0,15.0,1.0,6.7,0.0,0.0,,,Bayer 04 Leverkusen,for
2025-02-08,11:30,63516,Bundesliga 24/25,24/25,Matchweek 21,Sat,Home,L,0.0,4.0,1. FC Union Berlin,0.0,16.0,4.0,25.0,0.0,0.0,,,TSG Hoffenheim,for
2025-02-08,11:30,63516,Bundesliga 24/25,24/25,Matchweek 21,Sat,Away,W,4.0,0.0,TSG Hoffenheim,4.0,22.0,7.0,31.8,0.182,0.571,,,1. FC Union Berlin,for
2025-02-08,11:30,63516,Bundesliga 24/25,24/25,Matchweek 21,Sat,Home,W,1.0,0.0,1. FC Heidenheim,1.0,9.0,3.0,33.3,0.111,0.333,,,SC Freiburg,for
2025-02-08,11:30,63516,Bundesliga 24/25,24/25,Matchweek 21,Sat,Away,L,0.0,1.0,SC Freiburg,0.0,11.0,5.0,45.5,0.0,0.0,,,1. FC Heidenheim,for
2025-02-08,11:30,63516,Bundesliga 24/25,24/25,Matchweek 21,Sat,Home,D,0.0,0.0,FC Augsburg,0.0,9.0,6.0,66.7,0.0,0.0,,,1. FSV Mainz 05,for
2025-02-08,11:30,63516,Bundesliga 24/25,24/25,Matchweek 21,Sat,Away,D,0.0,0.0,1. FSV Mainz 05,0.0,9.0,2.0,22.2,0.0,0.0,,,FC Augsburg,for
2025-02-08,14:30,63516,Bundesliga 24/25,24/25,Matchweek 21,Sat,Home,D,1.0,1.0,Eintracht Frankfurt,1.0,8.0,3.0,37.5,0.125,0.333,,,Borussia M'gladbach,for
2025-02-08,14:30,63516,Bundesliga 24/25,24/25,Matchweek 21,Sat,Away,D,1.0,1.0,Borussia M'gladbach,1.0,15.0,7.0,46.7,0.067,0.143,,,Eintracht Frankfurt,for
2025-02-09,11:30,63516,Bundesliga 24/25,24/25,Matchweek 21,Sun,Home,D,2.0,2.0,VfL Bochum 1848,2.0,10.0,3.0,30.0,0.2,0.667,,,Holstein Kiel,for
2025-02-09,11:30,63516,Bundesliga 24/25,24/25,Matchweek 21,Sun,Away,D,2.0,2.0,Holstein Kiel,2.0,20.0,5.0,25.0,0.1,0.4,,,VfL Bochum 1848,for
2025-02-09,13:30,63516,Bundesliga 24/25,24/25,Matchweek 21,Sun,Home,W,2.0,0.0,FC St. Pauli,2.0,11.0,6.0,54.5,0.182,0.333,,,RB Leipzig,for
2025-02-09,13:30,63516,Bundesliga 24/25,24/25,Matchweek 21,Sun,Away,L,0.0,2.0,RB Leipzig,0.0,7.0,4.0,57.1,0.0,0.0,,,FC St. Pauli,for
2025-02-14,16:30,63516,Bundesliga 24/25,24/25,Matchweek 22,Fri,Home,D,0.0,0.0,RB Leipzig,0.0,11.0,2.0,18.2,0.0,0.0,,,FC Augsburg,for
2025-02-14,16:30,63516,Bundesliga 24/25,24/25,Matchweek 22,Fri,Away,D,0.0,0.0,FC Augsburg,0.0,14.0,4.0,28.6,0.0,0.0,,,RB Leipzig,for
2025-02-15,11:30,63516,Bundesliga 24/25,24/25,Matchweek 22,Sat,Home,W,2.0,0.0,Borussia Dortmund,2.0,18.0,9.0,50.0,0.111,0.222,,,VfL Bochum 1848,for
2025-02-15,11:30,63516,Bundesliga 24/25,24/25,Matchweek 22,Sat,Away,L,0.0,2.0,VfL Bochum 1848,0.0,17.0,2.0,11.8,0.0,0.0,,,Borussia Dortmund,for
2025-02-15,11:30,63516,Bundesliga 24/25,24/25,Matchweek 22,Sat,Home,L,1.0,2.0,VfL Wolfsburg,1.0,10.0,4.0,40.0,0.1,0.25,,,VfB Stuttgart,for
2025-02-15,11:30,63516,Bundesliga 24/25,24/25,Matchweek 22,Sat,Away,W,2.0,1.0,VfB Stuttgart,2.0,7.0,3.0,42.9,0.286,0.667,,,VfL Wolfsburg,for
2025-02-15,11:30,63516,Bundesliga 24/25,24/25,Matchweek 22,Sat,Home,L,1.0,2.0,Borussia M'gladbach,1.0,18.0,3.0,16.7,0.056,0.333,,,1. FC Union Berlin,for
2025-02-15,11:30,63516,Bundesliga 24/25,24/25,Matchweek 22,Sat,Away,W,2.0,1.0,1. FC Union Berlin,2.0,9.0,5.0,55.6,0.222,0.4,,,Borussia M'gladbach,for
2025-02-15,11:30,63516,Bundesliga 24/25,24/25,Matchweek 22,Sat,Home,L,0.0,1.0,SC Freiburg,0.0,5.0,1.0,20.0,0.0,0.0,,,FC St. Pauli,for
2025-02-15,11:30,63516,Bundesliga 24/25,24/25,Matchweek 22,Sat,Away,W,1.0,0.0,FC St. Pauli,1.0,5.0,3.0,60.0,0.2,0.333,,,SC Freiburg,for
2025-02-15,14:30,63516,Bundesliga 24/25,24/25,Matchweek 22,Sat,Home,D,0.0,0.0,FC Bayern München,0.0,15.0,3.0,20.0,0.0,0.0,,,Bayer 04 Leverkusen,for
2025-02-15,14:30,63516,Bundesliga 24/25,24/25,Matchweek 22,Sat,Away,D,0.0,0.0,Bayer 04 Leverkusen,0.0,2.0,0.0,0.0,0.0,,,,FC Bayern München,for
2025-02-16,11:30,63516,Bundesliga 24/25,24/25,Matchweek 22,Sun,Home,L,1.0,3.0,TSG Hoffenheim,1.0,14.0,2.0,14.3,0.071,0.5,,,SV Werder Bremen,for
2025-02-16,11:30,63516,Bundesliga 24/25,24/25,Matchweek 22,Sun,Away,W,3.0,1.0,SV Werder Bremen,3.0,15.0,6.0,40.0,0.2,0.5,,,TSG Hoffenheim,for
2025-02-16,13:30,63516,Bundesliga 24/25,24/25,Matchweek 22,Sun,Home,W,3.0,1.0,Holstein Kiel,3.0,20.0,9.0,45.0,0.15,0.333,,,Eintracht Frankfurt,for
2025-02-16,13:30,63516,Bundesliga 24/25,24/25,Matchweek 22,Sun,Away,L,1.0,3.0,Eintracht Frankfurt,1.0,10.0,4.0,40.0,0.1,0.25,,,Holstein Kiel,for
2025-02-16,15:30,63516,Bundesliga 24/25,24/25,Matchweek 22,Sun,Home,L,0.0,2.0,1. FSV Mainz 05,0.0,12.0,3.0,25.0,0.0,0.0,,,1. FC Heidenheim,for
2025-02-16,15:30,63516,Bundesliga 24/25,24/25,Matchweek 22,Sun,Away,W,2.0,0.0,1. FC Heidenheim,2.0,6.0,5.0,83.3,0.333,0.4,,,1. FSV Mainz 05,for
2025-02-21,16:30,63516,Bundesliga 24/25,24/25,Matchweek 23,Fri,Home,W,5.0,0.0,SV Werder Bremen,5.0,13.0,8.0,61.5,0.385,0.625,,,SC Freiburg,for
2025-02-21,16:30,63516,Bundesliga 24/25,24/25,Matchweek 23,Fri,Away,L,0.0,5.0,SC Freiburg,0.0,9.0,3.0,33.3,0.0,0.0,,,SV Werder Bremen,for
2025-02-22,11:30,63516,Bundesliga 24/25,24/25,Matchweek 23,Sat,Home,L,0.0,2.0,Bayer 04 Leverkusen,0.0,4.0,3.0,75.0,0.0,0.0,,,Holstein Kiel,for
2025-02-22,11:30,63516,Bundesliga 24/25,24/25,Matchweek 23,Sat,Away,W,2.0,0.0,Holstein Kiel,2.0,18.0,8.0,44.4,0.111,0.25,,,Bayer 04 Leverkusen,for
2025-02-22,11:30,63516,Bundesliga 24/25,24/25,Matchweek 23,Sat,Home,L,0.0,3.0,FC Augsburg,0.0,8.0,5.0,62.5,0.0,0.0,,,Borussia M'gladbach,for
2025-02-22,11:30,63516,Bundesliga 24/25,24/25,Matchweek 23,Sat,Away,W,3.0,0.0,Borussia M'gladbach,3.0,17.0,4.0,23.5,0.176,0.75,,,FC Augsburg,for
2025-02-22,11:30,63516,Bundesliga 24/25,24/25,Matchweek 23,Sat,Home,D,1.0,1.0,VfL Bochum 1848,1.0,13.0,6.0,46.2,0.077,0.167,,,VfL Wolfsburg,for
2025-02-22,11:30,63516,Bundesliga 24/25,24/25,Matchweek 23,Sat,Away,D,1.0,1.0,VfL Wolfsburg,1.0,11.0,5.0,45.5,0.091,0.2,,,VfL Bochum 1848,for
2025-02-22,11:30,63516,Bundesliga 24/25,24/25,Matchweek 23,Sat,Home,W,2.0,0.0,FC St. Pauli,2.0,10.0,5.0,50.0,0.2,0.4,,,1. FSV Mainz 05,for
2025-02-22,11:30,63516,Bundesliga 24/25,24/25,Matchweek 23,Sat,Away,L,0.0,2.0,1. FSV Mainz 05,0.0,12.0,0.0,0.0,0.0,,,,FC St. Pauli,for
2025-02-22,14:30,63516,Bundesliga 24/25,24/25,Matchweek 23,Sat,Home,W,6.0,0.0,1. FC Union Berlin,6.0,24.0,8.0,33.3,0.25,0.75,,,Borussia Dortmund,for
2025-02-22,14:30,63516,Bundesliga 24/25,24/25,Matchweek 23,Sat,Away,L,0.0,6.0,Borussia Dortmund,0.0,6.0,1.0,16.7,0.0,0.0,,,1. FC Union Berlin,for
2025-02-23,11:30,63516,Bundesliga 24/25,24/25,Matchweek 23,Sun,Home,D,2.0,2.0,1. FC Heidenheim,2.0,17.0,6.0,35.3,0.118,0.333,,,RB Leipzig,for
2025-02-23,11:30,63516,Bundesliga 24/25,24/25,Matchweek 23,Sun,Away,D,2.0,2.0,RB Leipzig,2.0,4.0,2.0,50.0,0.5,1.0,,,1. FC Heidenheim,for
2025-02-23,13:30,63516,Bundesliga 24/25,24/25,Matchweek 23,Sun,Home,W,4.0,0.0,Eintracht Frankfurt,4.0,19.0,12.0,63.2,0.211,0.333,,,FC Bayern München,for
2025-02-23,13:30,63516,Bundesliga 24/25,24/25,Matchweek 23,Sun,Away,L,0.0,4.0,FC Bayern München,0.0,7.0,2.0,28.6,0.0,0.0,,,Eintracht Frankfurt,for
2025-02-23,15:30,63516,Bundesliga 24/25,24/25,Matchweek 23,Sun,Home,D,1.0,1.0,VfB Stuttgart,1.0,9.0,2.0,22.2,0.111,0.5,,,TSG Hoffenheim,for
2025-02-23,15:30,63516,Bundesliga 24/25,24/25,Matchweek 23,Sun,Away,D,1.0,1.0,TSG Hoffenheim,1.0,14.0,7.0,50.0,0.071,0.143,,,VfB Stuttgart,for
2025-02-28,16:30,63516,Bundesliga 24/25,24/25,Matchweek 24,Fri,Home,L,1.0,3.0,FC Bayern München,1.0,12.0,3.0,25.0,0.083,0.333,,,VfB Stuttgart,for
2025-02-28,16:30,63516,Bundesliga 24/25,24/25,Matchweek 24,Fri,Away,W,3.0,1.0,VfB Stuttgart,3.0,17.0,8.0,47.1,0.176,0.375,,,FC Bayern München,for
2025-03-01,11:30,63516,Bundesliga 24/25,24/25,Matchweek 24,Sat,Home,L,0.0,2.0,Borussia Dortmund,0.0,7.0,1.0,14.3,0.0,0.0,,,FC St. Pauli,for
2025-03-01,11:30,63516,Bundesliga 24/25,24/25,Matchweek 24,Sat,Away,W,2.0,0.0,FC St. Pauli,2.0,14.0,3.0,21.4,0.143,0.667,,,Borussia Dortmund,for
2025-03-01,11:30,63516,Bundesliga 24/25,24/25,Matchweek 24,Sat,Home,L,1.0,2.0,1. FSV Mainz 05,1.0,13.0,4.0,30.8,0.077,0.25,,,RB Leipzig,for
2025-03-01,11:30,63516,Bundesliga 24/25,24/25,Matchweek 24,Sat,Away,W,2.0,1.0,RB Leipzig,2.0,15.0,3.0,20.0,0.133,0.667,,,1. FSV Mainz 05,for
2025-03-01,11:30,63516,Bundesliga 24/25,24/25,Matchweek 24,Sat,Home,L,1.0,2.0,VfL Wolfsburg,1.0,15.0,7.0,46.7,0.067,0.143,,,SV Werder Bremen,for
2025-03-01,11:30,63516,Bundesliga 24/25,24/25,Matchweek 24,Sat,Away,W,2.0,1.0,SV Werder Bremen,2.0,9.0,3.0,33.3,0.222,0.667,,,VfL Wolfsburg,for
2025-03-01,11:30,63516,Bundesliga 24/25,24/25,Matchweek 24,Sat,Home,L,0.0,3.0,Borussia M'gladbach,0.0,20.0,5.0,25.0,0.0,0.0,,,1. FC Heidenheim,for
2025-03-01,11:30,63516,Bundesliga 24/25,24/25,Matchweek 24,Sat,Away,W,3.0,0.0,1. FC Heidenheim,3.0,13.0,5.0,38.5,0.231,0.6,,,Borussia M'gladbach,for
2025-03-01,11:30,63516,Bundesliga 24/25,24/25,Matchweek 24,Sat,Home,L,0.0,1.0,TSG Hoffenheim,0.0,12.0,3.0,25.0,0.0,0.0,,,VfL Bochum 1848,for
2025-03-01,11:30,63516,Bundesliga 24/25,24/25,Matchweek 24,Sat,Away,W,1.0,0.0,VfL Bochum 1848,1.0,10.0,2.0,20.0,0.1,0.5,,,TSG Hoffenheim,for
2025-03-01,14:30,63516,Bundesliga 24/25,24/25,Matchweek 24,Sat,Home,L,1.0,4.0,Bayer 04 Leverkusen,1.0,7.0,3.0,42.9,0.143,0.333,,,Eintracht Frankfurt,for
2025-03-01,14:30,63516,Bundesliga 24/25,24/25,Matchweek 24,Sat,Away,W,4.0,1.0,Eintracht Frankfurt,4.0,20.0,9.0,45.0,0.2,0.444,,,Bayer 04 Leverkusen,for
2025-03-02,11:30,63516,Bundesliga 24/25,24/25,Matchweek 24,Sun,Home,L,0.0,1.0,Holstein Kiel,0.0,14.0,3.0,21.4,0.0,0.0,,,1. FC Union Berlin,for
2025-03-02,11:30,63516,Bundesliga 24/25,24/25,Matchweek 24,Sun,Away,W,1.0,0.0,1. FC Union Berlin,1.0,10.0,3.0,30.0,0.1,0.333,,,Holstein Kiel,for
2025-03-02,13:30,63516,Bundesliga 24/25,24/25,Matchweek 24,Sun,Home,D,0.0,0.0,SC Freiburg,0.0,13.0,5.0,38.5,0.0,0.0,,,FC Augsburg,for
2025-03-02,13:30,63516,Bundesliga 24/25,24/25,Matchweek 24,Sun,Away,D,0.0,0.0,FC Augsburg,0.0,7.0,3.0,42.9,0.0,0.0,,,SC Freiburg,for
2025-03-07,16:30,63516,Bundesliga 24/25,24/25,Matchweek 25,Fri,Home,L,1.0,3.0,1. FSV Mainz 05,1.0,12.0,4.0,33.3,0.083,0.25,,,Borussia M'gladbach,for
2025-03-07,16:30,63516,Bundesliga 24/25,24/25,Matchweek 25,Fri,Away,W,3.0,1.0,Borussia M'gladbach,3.0,15.0,7.0,46.7,0.2,0.429,,,1. FSV Mainz 05,for
2025-03-08,11:30,63516,Bundesliga 24/25,24/25,Matchweek 25,Sat,Home,L,2.0,3.0,VfL Bochum 1848,2.0,14.0,5.0,35.7,0.143,0.4,,,FC Bayern München,for
2025-03-08,11:30,63516,Bundesliga 24/25,24/25,Matchweek 25,Sat,Away,W,3.0,2.0,FC Bayern München,3.0,8.0,5.0,62.5,0.375,0.6,,,VfL Bochum 1848,for
2025-03-08,11:30,63516,Bundesliga 24/25,24/25,Matchweek 25,Sat,Home,L,0.0,1.0,FC Augsburg,0.0,15.0,1.0,6.7,0.0,0.0,,,Borussia Dortmund,for
2025-03-08,11:30,63516,Bundesliga 24/25,24/25,Matchweek 25,Sat,Away,W,1.0,0.0,Borussia Dortmund,1.0,6.0,1.0,16.7,0.167,1.0,,,FC Augsburg,for
2025-03-08,11:30,63516,Bundesliga 24/25,24/25,Matchweek 25,Sat,Home,L,0.0,2.0,SV Werder Bremen,0.0,18.0,4.0,22.2,0.0,0.0,,,Bayer 04 Leverkusen,for
2025-03-08,11:30,63516,Bundesliga 24/25,24/25,Matchweek 25,Sat,Away,W,2.0,0.0,Bayer 04 Leverkusen,2.0,11.0,7.0,63.6,0.182,0.286,,,SV Werder Bremen,for
2025-03-08,11:30,63516,Bundesliga 24/25,24/25,Matchweek 25,Sat,Home,D,2.0,2.0,VfB Stuttgart,2.0,17.0,5.0,29.4,0.118,0.4,,,Holstein Kiel,for
2025-03-08,11:30,63516,Bundesliga 24/25,24/25,Matchweek 25,Sat,Away,D,2.0,2.0,Holstein Kiel,2.0,6.0,2.0,33.3,0.333,1.0,,,VfB Stuttgart,for
2025-03-08,11:30,63516,Bundesliga 24/25,24/25,Matchweek 25,Sat,Home,D,1.0,1.0,FC St. Pauli,1.0,16.0,4.0,25.0,0.062,0.25,,,VfL Wolfsburg,for
2025-03-08,11:30,63516,Bundesliga 24/25,24/25,Matchweek 25,Sat,Away,D,1.0,1.0,VfL Wolfsburg,1.0,14.0,4.0,28.6,0.071,0.25,,,FC St. Pauli,for
2025-03-08,14:30,63516,Bundesliga 24/25,24/25,Matchweek 25,Sat,Home,D,0.0,0.0,RB Leipzig,0.0,10.0,2.0,20.0,0.0,0.0,,,SC Freiburg,for
2025-03-08,14:30,63516,Bundesliga 24/25,24/25,Matchweek 25,Sat,Away,D,0.0,0.0,SC Freiburg,0.0,18.0,3.0,16.7,0.0,0.0,,,RB Leipzig,for
2025-03-09,11:30,63516,Bundesliga 24/25,24/25,Matchweek 25,Sun,Home,L,1.0,2.0,1. FC Union Berlin,1.0,14.0,3.0,21.4,0.071,0.333,,,Eintracht Frankfurt,for
2025-03-09,11:30,63516,Bundesliga 24/25,24/25,Matchweek 25,Sun,Away,W,2.0,1.0,Eintracht Frankfurt,2.0,11.0,3.0,27.3,0.182,0.667,,,1. FC Union Berlin,for
2025-03-09,13:30,63516,Bundesliga 24/25,24/25,Matchweek 25,Sun,Home,D,1.0,1.0,1. FC Heidenheim,1.0,16.0,3.0,18.8,0.062,0.333,,,TSG Hoffenheim,for
2025-03-09,13:30,63516,Bundesliga 24/25,24/25,Matchweek 25,Sun,Away,D,1.0,1.0,TSG Hoffenheim,1.0,23.0,5.0,21.7,0.043,0.2,,,1. FC Heidenheim,for
2025-03-14,16:30,63516,Bundesliga 24/25,24/25,Matchweek 26,Fri,Home,W,1.0,0.0,TSG Hoffenheim,1.0,10.0,5.0,50.0,0.1,0.2,,,FC St. Pauli,for
2025-03-14,16:30,63516,Bundesliga 24/25,24/25,Matchweek 26,Fri,Away,L,0.0,1.0,FC St. Pauli,0.0,4.0,0.0,0.0,0.0,,,,TSG Hoffenheim,for
2025-03-15,11:30,63516,Bundesliga 24/25,24/25,Matchweek 26,Sat,Home,D,1.0,1.0,FC Bayern München,1.0,7.0,3.0,42.9,0.143,0.333,,,1. FC Union Berlin,for
2025-03-15,11:30,63516,Bundesliga 24/25,24/25,Matchweek 26,Sat,Away,D,1.0,1.0,1. FC Union Berlin,1.0,18.0,4.0,22.2,0.056,0.25,,,FC Bayern München,for
2025-03-15,11:30,63516,Bundesliga 24/25,24/25,Matchweek 26,Sat,Home,D,2.0,2.0,SC Freiburg,2.0,9.0,4.0,44.4,0.222,0.5,,,1. FSV Mainz 05,for
2025-03-15,11:30,63516,Bundesliga 24/25,24/25,Matchweek 26,Sat,Away,D,2.0,2.0,1. FSV Mainz 05,2.0,24.0,8.0,33.3,0.083,0.25,,,SC Freiburg,for
2025-03-15,11:30,63516,Bundesliga 24/25,24/25,Matchweek 26,Sat,Home,L,2.0,4.0,Borussia M'gladbach,2.0,23.0,2.0,8.7,0.087,1.0,,,SV Werder Bremen,for
2025-03-15,11:30,63516,Bundesliga 24/25,24/25,Matchweek 26,Sat,Away,W,4.0,2.0,SV Werder Bremen,4.0,13.0,7.0,53.8,0.308,0.571,,,Borussia M'gladbach,for
2025-03-15,11:30,63516,Bundesliga 24/25,24/25,Matchweek 26,Sat,Home,W,1.0,0.0,VfL Wolfsburg,1.0,10.0,2.0,20.0,0.1,0.5,,,FC Augsburg,for
2025-03-15,11:30,63516,Bundesliga 24/25,24/25,Matchweek 26,Sat,Away,L,0.0,1.0,FC Augsburg,0.0,13.0,2.0,15.4,0.0,0.0,,,VfL Wolfsburg,for
2025-03-15,14:30,63516,Bundesliga 24/25,24/25,Matchweek 26,Sat,Home,W,2.0,0.0,Borussia Dortmund,2.0,15.0,5.0,33.3,0.133,0.4,,,RB Leipzig,for
2025-03-15,14:30,63516,Bundesliga 24/25,24/25,Matchweek 26,Sat,Away,L,0.0,2.0,RB Leipzig,0.0,25.0,9.0,36.0,0.0,0.0,,,Borussia Dortmund,for
2025-03-16,11:30,63516,Bundesliga 24/25,24/25,Matchweek 26,Sun,Home,L,1.0,3.0,Eintracht Frankfurt,1.0,17.0,7.0,41.2,0.059,0.143,,,VfL Bochum 1848,for
2025-03-16,11:30,63516,Bundesliga 24/25,24/25,Matchweek 26,Sun,Away,W,3.0,1.0,VfL Bochum 1848,3.0,18.0,7.0,38.9,0.167,0.429,,,Eintracht Frankfurt,for
2025-03-16,13:30,63516,Bundesliga 24/25,24/25,Matchweek 26,Sun,Home,W,3.0,1.0,Holstein Kiel,3.0,14.0,5.0,35.7,0.214,0.6,,,1. FC Heidenheim,for
2025-03-16,13:30,63516,Bundesliga 24/25,24/25,Matchweek 26,Sun,Away,L,1.0,3.0,1. FC Heidenheim,1.0,16.0,4.0,25.0,0.062,0.25,,,Holstein Kiel,for
2025-03-16,15:30,63516,Bundesliga 24/25,24/25,Matchweek 26,Sun,Home,L,3.0,4.0,Bayer 04 Leverkusen,3.0,11.0,6.0,54.5,0.273,0.5,,,VfB Stuttgart,for
2025-03-16,15:30,63516,Bundesliga 24/25,24/25,Matchweek 26,Sun,Away,W,4.0,3.0,VfB Stuttgart,4.0,16.0,4.0,25.0,0.25,1.0,,,Bayer 04 Leverkusen,for
2025-03-28,16:30,63516,Bundesliga 24/25,24/25,Matchweek 27,Fri,Home,W,3.0,1.0,VfL Bochum 1848,3.0,14.0,5.0,35.7,0.214,0.6,,,Bayer 04 Leverkusen,for
2025-03-28,16:30,63516,Bundesliga 24/25,24/25,Matchweek 27,Fri,Away,L,1.0,3.0,Bayer 04 Leverkusen,1.0,8.0,3.0,37.5,0.125,0.333,,,VfL Bochum 1848,for
2025-03-29,11:30,63516,Bundesliga 24/25,24/25,Matchweek 27,Sat,Home,W,3.0,2.0,FC St. Pauli,3.0,19.0,9.0,47.4,0.158,0.333,,,FC Bayern München,for
2025-03-29,11:30,63516,Bundesliga 24/25,24/25,Matchweek 27,Sat,Away,L,2.0,3.0,FC Bayern München,2.0,10.0,4.0,40.0,0.2,0.5,,,FC St. Pauli,for
2025-03-29,11:30,63516,Bundesliga 24/25,24/25,Matchweek 27,Sat,Home,W,1.0,0.0,RB Leipzig,1.0,16.0,3.0,18.8,0.062,0.333,,,Borussia M'gladbach,for
2025-03-29,11:30,63516,Bundesliga 24/25,24/25,Matchweek 27,Sat,Away,L,0.0,1.0,Borussia M'gladbach,0.0,19.0,3.0,15.8,0.0,0.0,,,RB Leipzig,for
2025-03-29,11:30,63516,Bundesliga 24/25,24/25,Matchweek 27,Sat,Home,L,0.0,1.0,1. FC Heidenheim,0.0,11.0,2.0,18.2,0.0,0.0,,,VfL Wolfsburg,for
2025-03-29,11:30,63516,Bundesliga 24/25,24/25,Matchweek 27,Sat,Away,W,1.0,0.0,VfL Wolfsburg,1.0,11.0,4.0,36.4,0.091,0.25,,,1. FC Heidenheim,for
2025-03-29,11:30,63516,Bundesliga 24/25,24/25,Matchweek 27,Sat,Home,D,1.0,1.0,FC Augsburg,1.0,13.0,4.0,30.8,0.077,0.25,,,TSG Hoffenheim,for
2025-03-29,11:30,63516,Bundesliga 24/25,24/25,Matchweek 27,Sat,Away,D,1.0,1.0,TSG Hoffenheim,1.0,11.0,4.0,36.4,0.091,0.25,,,FC Augsburg,for
2025-03-29,11:30,63516,Bundesliga 24/25,24/25,Matchweek 27,Sat,Home,L,0.0,3.0,SV Werder Bremen,0.0,11.0,0.0,0.0,0.0,,,,Holstein Kiel,for
2025-03-29,11:30,63516,Bundesliga 24/25,24/25,Matchweek 27,Sat,Away,W,3.0,0.0,Holstein Kiel,3.0,14.0,7.0,50.0,0.214,0.429,,,SV Werder Bremen,for
2025-03-29,14:30,63516,Bundesliga 24/25,24/25,Matchweek 27,Sat,Home,W,1.0,0.0,VfB Stuttgart,1.0,19.0,6.0,31.6,0.053,0.167,,,Eintracht Frankfurt,for
2025-03-29,14:30,63516,Bundesliga 24/25,24/25,Matchweek 27,Sat,Away,L,0.0,1.0,Eintracht Frankfurt,0.0,8.0,2.0,25.0,0.0,0.0,,,VfB Stuttgart,for
2025-03-30,10:30,63516,Bundesliga 24/25,24/25,Matchweek 27,Sun,Home,L,1.0,2.0,1. FC Union Berlin,1.0,9.0,3.0,33.3,0.111,0.333,,,SC Freiburg,for
2025-03-30,10:30,63516,Bundesliga 24/25,24/25,Matchweek 27,Sun,Away,W,2.0,1.0,SC Freiburg,2.0,10.0,6.0,60.0,0.2,0.333,,,1. FC Union Berlin,for
2025-03-30,12:30,63516,Bundesliga 24/25,24/25,Matchweek 27,Sun,Home,W,3.0,1.0,1. FSV Mainz 05,3.0,18.0,7.0,38.9,0.167,0.429,,,Borussia Dortmund,for
2025-03-30,12:30,63516,Bundesliga 24/25,24/25,Matchweek 27,Sun,Away,L,1.0,3.0,Borussia Dortmund,1.0,12.0,2.0,16.7,0.083,0.5,,,1. FSV Mainz 05,for
2025-04-04,15:30,63516,Bundesliga 24/25,24/25,Matchweek 28,Fri,Home,L,1.0,3.0,FC Bayern München,1.0,6.0,3.0,50.0,0.167,0.333,,,FC Augsburg,for
2025-04-04,15:30,63516,Bundesliga 24/25,24/25,Matchweek 28,Fri,Away,W,3.0,1.0,FC Augsburg,3.0,19.0,7.0,36.8,0.158,0.429,,,FC Bayern München,for
2025-04-05,10:30,63516,Bundesliga 24/25,24/25,Matchweek 28,Sat,Home,L,1.0,4.0,Borussia Dortmund,1.0,12.0,3.0,25.0,0.083,0.333,,,SC Freiburg,for
2025-04-05,10:30,63516,Bundesliga 24/25,24/25,Matchweek 28,Sat,Away,W,4.0,1.0,SC Freiburg,4.0,18.0,7.0,38.9,0.222,0.571,,,Borussia Dortmund,for
2025-04-05,10:30,63516,Bundesliga 24/25,24/25,Matchweek 28,Sat,Home,L,0.0,1.0,Bayer 04 Leverkusen,0.0,10.0,2.0,20.0,0.0,0.0,,,1. FC Heidenheim,for
2025-04-05,10:30,63516,Bundesliga 24/25,24/25,Matchweek 28,Sat,Away,W,1.0,0.0,1. FC Heidenheim,1.0,6.0,2.0,33.3,0.167,0.5,,,Bayer 04 Leverkusen,for
2025-04-05,10:30,63516,Bundesliga 24/25,24/25,Matchweek 28,Sat,Home,W,3.0,1.0,TSG Hoffenheim,3.0,16.0,5.0,31.2,0.188,0.6,,,RB Leipzig,for
2025-04-05,10:30,63516,Bundesliga 24/25,24/25,Matchweek 28,Sat,Away,L,1.0,3.0,RB Leipzig,1.0,9.0,5.0,55.6,0.111,0.2,,,TSG Hoffenheim,for
2025-04-05,10:30,63516,Bundesliga 24/25,24/25,Matchweek 28,Sat,Home,L,0.0,4.0,VfB Stuttgart,0.0,11.0,2.0,18.2,0.0,0.0,,,VfL Bochum 1848,for
2025-04-05,10:30,63516,Bundesliga 24/25,24/25,Matchweek 28,Sat,Away,W,4.0,0.0,VfL Bochum 1848,4.0,14.0,6.0,42.9,0.286,0.667,,,VfB Stuttgart,for
2025-04-05,10:30,63516,Bundesliga 24/25,24/25,Matchweek 28,Sat,Home,D,1.0,1.0,Holstein Kiel,1.0,13.0,3.0,23.1,0.077,0.333,,,1. FSV Mainz 05,for
2025-04-05,10:30,63516,Bundesliga 24/25,24/25,Matchweek 28,Sat,Away,D,1.0,1.0,1. FSV Mainz 05,1.0,10.0,5.0,50.0,0.1,0.2,,,Holstein Kiel,for
2025-04-05,13:30,63516,Bundesliga 24/25,24/25,Matchweek 28,Sat,Home,W,2.0,0.0,Eintracht Frankfurt,2.0,12.0,4.0,33.3,0.167,0.5,,,SV Werder Bremen,for
2025-04-05,13:30,63516,Bundesliga 24/25,24/25,Matchweek 28,Sat,Away,L,0.0,2.0,SV Werder Bremen,0.0,9.0,0.0,0.0,0.0,,,,Eintracht Frankfurt,for
2025-04-06,10:30,63516,Bundesliga 24/25,24/25,Matchweek 28,Sun,Home,D,1.0,1.0,Borussia M'gladbach,1.0,26.0,9.0,34.6,0.038,0.111,,,FC St. Pauli,for
2025-04-06,10:30,63516,Bundesliga 24/25,24/25,Matchweek 28,Sun,Away,D,1.0,1.0,FC St. Pauli,1.0,5.0,3.0,60.0,0.2,0.333,,,Borussia M'gladbach,for
2025-04-06,12:30,63516,Bundesliga 24/25,24/25,Matchweek 28,Sun,Home,W,1.0,0.0,VfL Wolfsburg,1.0,13.0,3.0,23.1,0.077,0.333,,,1. FC Union Berlin,for
2025-04-06,12:30,63516,Bundesliga 24/25,24/25,Matchweek 28,Sun,Away,L,0.0,1.0,1. FC Union Berlin,0.0,12.0,3.0,25.0,0.0,0.0,,,VfL Wolfsburg,for
2025-04-11,15:30,63516,Bundesliga 24/25,24/25,Matchweek 29,Fri,Home,L,2.0,3.0,RB Leipzig,2.0,17.0,6.0,35.3,0.118,0.333,,,VfL Wolfsburg,for
2025-04-11,15:30,63516,Bundesliga 24/25,24/25,Matchweek 29,Fri,Away,W,3.0,2.0,VfL Wolfsburg,3.0,16.0,5.0,31.2,0.188,0.6,,,RB Leipzig,for
2025-04-12,10:30,63516,Bundesliga 24/25,24/25,Matchweek 29,Sat,Home,D,0.0,0.0,1. FC Union Berlin,0.0,17.0,4.0,23.5,0.0,0.0,,,Bayer 04 Leverkusen,for
2025-04-12,10:30,63516,Bundesliga 24/25,24/25,Matchweek 29,Sat,Away,D,0.0,0.0,Bayer 04 Leverkusen,0.0,7.0,3.0,42.9,0.0,0.0,,,1. FC Union Berlin,for
2025-04-12,10:30,63516,Bundesliga 24/25,24/25,Matchweek 29,Sat,Home,L,1.0,2.0,SC Freiburg,1.0,10.0,1.0,10.0,0.1,1.0,,,Borussia M'gladbach,for
2025-04-12,10:30,63516,Bundesliga 24/25,24/25,Matchweek 29,Sat,Away,W,2.0,1.0,Borussia M'gladbach,2.0,19.0,7.0,36.8,0.105,0.286,,,SC Freiburg,for
2025-04-12,10:30,63516,Bundesliga 24/25,24/25,Matchweek 29,Sat,Home,W,2.0,0.0,1. FSV Mainz 05,2.0,8.0,5.0,62.5,0.25,0.4,,,TSG Hoffenheim,for
2025-04-12,10:30,63516,Bundesliga 24/25,24/25,Matchweek 29,Sat,Away,L,0.0,2.0,TSG Hoffenheim,0.0,14.0,1.0,7.1,0.0,0.0,,,1. FSV Mainz 05,for
2025-04-12,10:30,63516,Bundesliga 24/25,24/25,Matchweek 29,Sat,Home,L,1.0,2.0,FC Augsburg,1.0,25.0,9.0,36.0,0.04,0.111,,,VfL Bochum 1848,for
2025-04-12,10:30,63516,Bundesliga 24/25,24/25,Matchweek 29,Sat,Away,W,2.0,1.0,VfL Bochum 1848,2.0,12.0,5.0,41.7,0.167,0.4,,,FC Augsburg,for
2025-04-12,10:30,63516,Bundesliga 24/25,24/25,Matchweek 29,Sat,Home,L,1.0,2.0,FC St. Pauli,1.0,6.0,2.0,33.3,0.167,0.5,,,Holstein Kiel,for
2025-04-12,10:30,63516,Bundesliga 24/25,24/25,Matchweek 29,Sat,Away,W,2.0,1.0,Holstein Kiel,2.0,14.0,6.0,42.9,0.143,0.333,,,FC St. Pauli,for
2025-04-12,13:30,63516,Bundesliga 24/25,24/25,Matchweek 29,Sat,Home,D,2.0,2.0,Borussia Dortmund,2.0,28.0,11.0,39.3,0.071,0.182,,,FC Bayern München,for
2025-04-12,13:30,63516,Bundesliga 24/25,24/25,Matchweek 29,Sat,Away,D,2.0,2.0,FC Bayern München,2.0,11.0,3.0,27.3,0.182,0.667,,,Borussia Dortmund,for
2025-04-13,10:30,63516,Bundesliga 24/25,24/25,Matchweek 29,Sun,Home,L,1.0,2.0,SV Werder Bremen,1.0,12.0,4.0,33.3,0.083,0.25,,,VfB Stuttgart,for
2025-04-13,10:30,63516,Bundesliga 24/25,24/25,Matchweek 29,Sun,Away,W,2.0,1.0,VfB Stuttgart,2.0,14.0,5.0,35.7,0.143,0.4,,,SV Werder Bremen,for
2025-04-13,12:30,63516,Bundesliga 24/25,24/25,Matchweek 29,Sun,Home,W,3.0,0.0,1. FC Heidenheim,3.0,19.0,8.0,42.1,0.158,0.375,,,Eintracht Frankfurt,for
2025-04-13,12:30,63516,Bundesliga 24/25,24/25,Matchweek 29,Sun,Away,L,0.0,3.0,Eintracht Frankfurt,0.0,14.0,3.0,21.4,0.0,0.0,,,1. FC Heidenheim,for
2025-04-19,10:30,63516,Bundesliga 24/25,24/25,Matchweek 30,Sat,Home,L,0.0,4.0,FC Bayern München,0.0,4.0,1.0,25.0,0.0,0.0,,,1. FC Heidenheim,for
2025-04-19,10:30,63516,Bundesliga 24/25,24/25,Matchweek 30,Sat,Away,W,4.0,0.0,1. FC Heidenheim,4.0,18.0,11.0,61.1,0.222,0.364,,,FC Bayern München,for
2025-04-19,10:30,63516,Bundesliga 24/25,24/25,Matchweek 30,Sat,Home,D,1.0,1.0,Holstein Kiel,1.0,10.0,4.0,40.0,0.1,0.25,,,RB Leipzig,for
2025-04-19,10:30,63516,Bundesliga 24/25,24/25,Matchweek 30,Sat,Away,D,1.0,1.0,RB Leipzig,1.0,14.0,3.0,21.4,0.071,0.333,,,Holstein Kiel,for
2025-04-19,10:30,63516,Bundesliga 24/25,24/25,Matchweek 30,Sat,Home,W,3.0,2.0,TSG Hoffenheim,3.0,12.0,6.0,50.0,0.25,0.5,,,SC Freiburg,for
2025-04-19,10:30,63516,Bundesliga 24/25,24/25,Matchweek 30,Sat,Away,L,2.0,3.0,SC Freiburg,2.0,19.0,6.0,31.6,0.105,0.333,,,TSG Hoffenheim,for
2025-04-19,10:30,63516,Bundesliga 24/25,24/25,Matchweek 30,Sat,Home,D,2.0,2.0,VfL Wolfsburg,2.0,18.0,7.0,38.9,0.111,0.286,,,1. FSV Mainz 05,for
2025-04-19,10:30,63516,Bundesliga 24/25,24/25,Matchweek 30,Sat,Away,D,2.0,2.0,1. FSV Mainz 05,2.0,16.0,4.0,25.0,0.125,0.5,,,VfL Wolfsburg,for
2025-04-19,10:30,63516,Bundesliga 24/25,24/25,Matchweek 30,Sat,Home,W,1.0,0.0,VfL Bochum 1848,1.0,14.0,4.0,28.6,0.071,0.25,,,SV Werder Bremen,for
2025-04-19,10:30,63516,Bundesliga 24/25,24/25,Matchweek 30,Sat,Away,L,0.0,1.0,SV Werder Bremen,0.0,12.0,1.0,8.3,0.0,0.0,,,VfL Bochum 1848,for
2025-04-19,13:30,63516,Bundesliga 24/25,24/25,Matchweek 30,Sat,Home,D,4.0,4.0,VfB Stuttgart,4.0,12.0,5.0,41.7,0.333,0.8,,,1. FC Union Berlin,for
2025-04-19,13:30,63516,Bundesliga 24/25,24/25,Matchweek 30,Sat,Away,D,4.0,4.0,1. FC Union Berlin,4.0,12.0,6.0,50.0,0.333,0.667,,,VfB Stuttgart,for
2025-04-20,10:30,63516,Bundesliga 24/25,24/25,Matchweek 30,Sun,Home,D,0.0,0.0,Eintracht Frankfurt,0.0,13.0,2.0,15.4,0.0,0.0,,,FC Augsburg,for
2025-04-20,10:30,63516,Bundesliga 24/25,24/25,Matchweek 30,Sun,Away,D,0.0,0.0,FC Augsburg,0.0,8.0,5.0,62.5,0.0,0.0,,,Eintracht Frankfurt,for
2025-04-20,12:30,63516,Bundesliga 24/25,24/25,Matchweek 30,Sun,Home,W,3.0,2.0,Borussia M'gladbach,3.0,14.0,6.0,42.9,0.214,0.5,,,Borussia Dortmund,for
2025-04-20,12:30,63516,Bundesliga 24/25,24/25,Matchweek 30,Sun,Away,L,2.0,3.0,Borussia Dortmund,2.0,6.0,3.0,50.0,0.333,0.667,,,Borussia M'gladbach,for
2025-04-20,14:30,63516,Bundesliga 24/25,24/25,Matchweek 30,Sun,Home,D,1.0,1.0,Bayer 04 Leverkusen,1.0,10.0,5.0,50.0,0.1,0.2,,,FC St. Pauli,for
2025-04-20,14:30,63516,Bundesliga 24/25,24/25,Matchweek 30,Sun,Away,D,1.0,1.0,FC St. Pauli,1.0,6.0,4.0,66.7,0.167,0.25,,,Bayer 04 Leverkusen,for
2025-04-25,15:30,63516,Bundesliga 24/25,24/25,Matchweek 31,Fri,Home,L,0.0,1.0,1. FC Heidenheim,0.0,19.0,3.0,15.8,0.0,0.0,,,VfB Stuttgart,for
2025-04-25,15:30,63516,Bundesliga 24/25,24/25,Matchweek 31,Fri,Away,W,1.0,0.0,VfB Stuttgart,1.0,6.0,2.0,33.3,0.167,0.5,,,1. FC Heidenheim,for
2025-04-26,10:30,63516,Bundesliga 24/25,24/25,Matchweek 31,Sat,Home,W,3.0,0.0,1. FSV Mainz 05,3.0,14.0,6.0,42.9,0.214,0.5,,,FC Bayern München,for
2025-04-26,10:30,63516,Bundesliga 24/25,24/25,Matchweek 31,Sat,Away,L,0.0,3.0,FC Bayern München,0.0,8.0,3.0,37.5,0.0,0.0,,,1. FSV Mainz 05,for
2025-04-26,10:30,63516,Bundesliga 24/25,24/25,Matchweek 31,Sat,Home,L,2.0,3.0,Borussia Dortmund,2.0,11.0,3.0,27.3,0.182,0.667,,,TSG Hoffenheim,for
2025-04-26,10:30,63516,Bundesliga 24/25,24/25,Matchweek 31,Sat,Away,W,3.0,2.0,TSG Hoffenheim,3.0,16.0,8.0,50.0,0.188,0.375,,,Borussia Dortmund,for
2025-04-26,10:30,63516,Bundesliga 24/25,24/25,Matchweek 31,Sat,Home,W,2.0,0.0,FC Augsburg,2.0,14.0,5.0,35.7,0.143,0.4,,,Bayer 04 Leverkusen,for
2025-04-26,10:30,63516,Bundesliga 24/25,24/25,Matchweek 31,Sat,Away,L,0.0,2.0,Bayer 04 Leverkusen,0.0,11.0,2.0,18.2,0.0,0.0,,,FC Augsburg,for
2025-04-26,10:30,63516,Bundesliga 24/25,24/25,Matchweek 31,Sat,Home,L,0.0,1.0,SC Freiburg,0.0,7.0,1.0,14.3,0.0,0.0,,,VfL Wolfsburg,for
2025-04-26,10:30,63516,Bundesliga 24/25,24/25,Matchweek 31,Sat,Away,W,1.0,0.0,VfL Wolfsburg,1.0,15.0,2.0,13.3,0.067,0.5,,,SC Freiburg,for
2025-04-26,10:30,63516,Bundesliga 24/25,24/25,Matchweek 31,Sat,Home,W,4.0,3.0,Borussia M'gladbach,4.0,22.0,11.0,50.0,0.182,0.364,,,Holstein Kiel,for
2025-04-26,10:30,63516,Bundesliga 24/25,24/25,Matchweek 31,Sat,Away,L,3.0,4.0,Holstein Kiel,3.0,16.0,7.0,43.8,0.188,0.429,,,Borussia M'gladbach,for
2025-04-26,13:30,63516,Bundesliga 24/25,24/25,Matchweek 31,Sat,Home,W,4.0,0.0,RB Leipzig,4.0,9.0,6.0,66.7,0.444,0.667,,,Eintracht Frankfurt,for
2025-04-26,13:30,63516,Bundesliga 24/25,24/25,Matchweek 31,Sat,Away,L,0.0,4.0,Eintracht Frankfurt,0.0,7.0,3.0,42.9,0.0,0.0,,,RB Leipzig,for
2025-04-27,10:30,63516,Bundesliga 24/25,24/25,Matchweek 31,Sun,Home,D,1.0,1.0,1. FC Union Berlin,1.0,10.0,4.0,40.0,0.1,0.25,,,VfL Bochum 1848,for
2025-04-27,10:30,63516,Bundesliga 24/25,24/25,Matchweek 31,Sun,Away,D,1.0,1.0,VfL Bochum 1848,1.0,5.0,1.0,20.0,0.2,1.0,,,1. FC Union Berlin,for
2025-04-27,12:30,63516,Bundesliga 24/25,24/25,Matchweek 31,Sun,Home,D,0.0,0.0,FC St. Pauli,0.0,11.0,2.0,18.2,0.0,0.0,,,SV Werder Bremen,for
2025-04-27,12:30,63516,Bundesliga 24/25,24/25,Matchweek 31,Sun,Away,D,0.0,0.0,SV Werder Bremen,0.0,10.0,4.0,40.0,0.0,0.0,,,FC St. Pauli,for
2025-05-02,15:30,63516,Bundesliga 24/25,24/25,Matchweek 32,Fri,Home,D,0.0,0.0,VfL Bochum 1848,0.0,12.0,3.0,25.0,0.0,0.0,,,1. FC Heidenheim,for
2025-05-02,15:30,63516,Bundesliga 24/25,24/25,Matchweek 32,Fri,Away,D,0.0,0.0,1. FC Heidenheim,0.0,14.0,3.0,21.4,0.0,0.0,,,VfL Bochum 1848,for
2025-05-03,10:30,63516,Bundesliga 24/25,24/25,Matchweek 32,Sat,Home,D,3.0,3.0,FC Bayern München,3.0,8.0,6.0,75.0,0.375,0.5,,,RB Leipzig,for
2025-05-03,10:30,63516,Bundesliga 24/25,24/25,Matchweek 32,Sat,Away,D,3.0,3.0,RB Leipzig,3.0,20.0,6.0,30.0,0.15,0.5,,,FC Bayern München,for
2025-05-03,10:30,63516,Bundesliga 24/25,24/25,Matchweek 32,Sat,Home,L,0.0,1.0,VfB Stuttgart,0.0,6.0,1.0,16.7,0.0,0.0,,,FC St. Pauli,for
2025-05-03,10:30,63516,Bundesliga 24/25,24/25,Matchweek 32,Sat,Away,W,1.0,0.0,FC St. Pauli,1.0,21.0,8.0,38.1,0.048,0.125,,,VfB Stuttgart,for
2025-05-03,10:30,63516,Bundesliga 24/25,24/25,Matchweek 32,Sat,Home,D,2.0,2.0,SV Werder Bremen,2.0,18.0,8.0,44.4,0.111,0.25,,,1. FC Union Berlin,for
2025-05-03,10:30,63516,Bundesliga 24/25,24/25,Matchweek 32,Sat,Away,D,2.0,2.0,1. FC Union Berlin,2.0,13.0,6.0,46.2,0.154,0.333,,,SV Werder Bremen,for
2025-05-03,10:30,63516,Bundesliga 24/25,24/25,Matchweek 32,Sat,Home,D,4.0,4.0,TSG Hoffenheim,4.0,12.0,7.0,58.3,0.333,0.571,,,Borussia M'gladbach,for
2025-05-03,10:30,63516,Bundesliga 24/25,24/25,Matchweek 32,Sat,Away,D,4.0,4.0,Borussia M'gladbach,4.0,26.0,8.0,30.8,0.154,0.5,,,TSG Hoffenheim,for
2025-05-03,13:30,63516,Bundesliga 24/25,24/25,Matchweek 32,Sat,Home,W,4.0,0.0,VfL Wolfsburg,4.0,11.0,5.0,45.5,0.364,0.8,,,Borussia Dortmund,for
2025-05-03,13:30,63516,Bundesliga 24/25,24/25,Matchweek 32,Sat,Away,L,0.0,4.0,Borussia Dortmund,0.0,11.0,2.0,18.2,0.0,0.0,,,VfL Wolfsburg,for
2025-05-04,10:30,63516,Bundesliga 24/25,24/25,Matchweek 32,Sun,Home,L,1.0,3.0,Holstein Kiel,1.0,27.0,10.0,37.0,0.037,0.1,,,FC Augsburg,for
2025-05-04,10:30,63516,Bundesliga 24/25,24/25,Matchweek 32,Sun,Away,W,3.0,1.0,FC Augsburg,3.0,7.0,5.0,71.4,0.429,0.6,,,Holstein Kiel,for
2025-05-04,12:30,63516,Bundesliga 24/25,24/25,Matchweek 32,Sun,Home,D,2.0,2.0,Bayer 04 Leverkusen,2.0,7.0,3.0,42.9,0.286,0.667,,,SC Freiburg,for
2025-05-04,12:30,63516,Bundesliga 24/25,24/25,Matchweek 32,Sun,Away,D,2.0,2.0,SC Freiburg,2.0,5.0,2.0,40.0,0.4,1.0,,,Bayer 04 Leverkusen,for
2025-05-04,14:30,63516,Bundesliga 24/25,24/25,Matchweek 32,Sun,Home,D,1.0,1.0,Eintracht Frankfurt,1.0,12.0,3.0,25.0,0.083,0.333,,,1. FSV Mainz 05,for
2025-05-04,14:30,63516,Bundesliga 24/25,24/25,Matchweek 32,Sun,Away,D,1.0,1.0,1. FSV Mainz 05,1.0,8.0,2.0,25.0,0.125,0.5,,,Eintracht Frankfurt,for
2025-05-09,15:30,63516,Bundesliga 24/25,24/25,Matchweek 33,Fri,Home,D,2.0,2.0,TSG Hoffenheim,2.0,14.0,5.0,35.7,0.143,0.4,,,VfL Wolfsburg,for
2025-05-09,15:30,63516,Bundesliga 24/25,24/25,Matchweek 33,Fri,Away,D,2.0,2.0,VfL Wolfsburg,2.0,17.0,7.0,41.2,0.118,0.286,,,TSG Hoffenheim,for
2025-05-10,10:30,63516,Bundesliga 24/25,24/25,Matchweek 33,Sat,Home,D,0.0,0.0,RB Leipzig,0.0,21.0,6.0,28.6,0.0,0.0,,,SV Werder Bremen,for
2025-05-10,10:30,63516,Bundesliga 24/25,24/25,Matchweek 33,Sat,Away,D,0.0,0.0,SV Werder Bremen,0.0,16.0,4.0,25.0,0.0,0.0,,,RB Leipzig,for
2025-05-10,10:30,63516,Bundesliga 24/25,24/25,Matchweek 33,Sat,Home,L,0.0,3.0,1. FC Heidenheim,0.0,10.0,1.0,10.0,0.0,0.0,,,1. FC Union Berlin,for
2025-05-10,10:30,63516,Bundesliga 24/25,24/25,Matchweek 33,Sat,Away,W,3.0,0.0,1. FC Union Berlin,3.0,8.0,4.0,50.0,0.375,0.75,,,1. FC Heidenheim,for
2025-05-10,10:30,63516,Bundesliga 24/25,24/25,Matchweek 33,Sat,Home,L,1.0,2.0,SC Freiburg,1.0,15.0,3.0,20.0,0.067,0.333,,,Holstein Kiel,for
2025-05-10,10:30,63516,Bundesliga 24/25,24/25,Matchweek 33,Sat,Away,W,2.0,1.0,Holstein Kiel,2.0,9.0,4.0,44.4,0.222,0.5,,,SC Freiburg,for
2025-05-10,10:30,63516,Bundesliga 24/25,24/25,Matchweek 33,Sat,Home,L,1.0,4.0,1. FSV Mainz 05,1.0,11.0,6.0,54.5,0.091,0.167,,,VfL Bochum 1848,for
2025-05-10,10:30,63516,Bundesliga 24/25,24/25,Matchweek 33,Sat,Away,W,4.0,1.0,VfL Bochum 1848,4.0,22.0,8.0,36.4,0.182,0.5,,,1. FSV Mainz 05,for
2025-05-10,13:30,63516,Bundesliga 24/25,24/25,Matchweek 33,Sat,Home,W,2.0,0.0,Borussia M'gladbach,2.0,24.0,9.0,37.5,0.083,0.222,,,FC Bayern München,for
2025-05-10,13:30,63516,Bundesliga 24/25,24/25,Matchweek 33,Sat,Away,L,0.0,2.0,FC Bayern München,0.0,16.0,6.0,37.5,0.0,0.0,,,Borussia M'gladbach,for
2025-05-11,10:30,63516,Bundesliga 24/25,24/25,Matchweek 33,Sun,Home,L,2.0,4.0,Borussia Dortmund,2.0,19.0,10.0,52.6,0.105,0.2,,,Bayer 04 Leverkusen,for
2025-05-11,10:30,63516,Bundesliga 24/25,24/25,Matchweek 33,Sun,Away,W,4.0,2.0,Bayer 04 Leverkusen,4.0,9.0,5.0,55.6,0.444,0.8,,,Borussia Dortmund,for
2025-05-11,12:30,63516,Bundesliga 24/25,24/25,Matchweek 33,Sun,Home,D,2.0,2.0,FC St. Pauli,2.0,13.0,5.0,38.5,0.154,0.4,,,Eintracht Frankfurt,for
2025-05-11,12:30,63516,Bundesliga 24/25,24/25,Matchweek 33,Sun,Away,D,2.0,2.0,Eintracht Frankfurt,2.0,5.0,2.0,40.0,0.4,1.0,,,FC St. Pauli,for
2025-05-11,14:30,63516,Bundesliga 24/25,24/25,Matchweek 33,Sun,Home,W,4.0,0.0,FC Augsburg,4.0,29.0,11.0,37.9,0.138,0.364,,,VfB Stuttgart,for
2025-05-11,14:30,63516,Bundesliga 24/25,24/25,Matchweek 33,Sun,Away,L,0.0,4.0,VfB Stuttgart,0.0,7.0,0.0,0.0,0.0,,,,FC Augsburg,for
2025-05-17,10:30,63516,Bundesliga 24/25,24/25,Matchweek 34,Sat,Home,L,0.0,4.0,FC Bayern München,0.0,6.0,2.0,33.3,0.0,0.0,,,TSG Hoffenheim,for
2025-05-17,10:30,63516,Bundesliga 24/25,24/25,Matchweek 34,Sat,Away,W,4.0,0.0,TSG Hoffenheim,4.0,14.0,5.0,35.7,0.286,0.8,,,FC Bayern München,for
2025-05-17,10:30,63516,Bundesliga 24/25,24/25,Matchweek 34,Sat,Home,W,3.0,0.0,Holstein Kiel,3.0,19.0,6.0,31.6,0.158,0.5,,,Borussia Dortmund,for
2025-05-17,10:30,63516,Bundesliga 24/25,24/25,Matchweek 34,Sat,Away,L,0.0,3.0,Borussia Dortmund,0.0,4.0,2.0,50.0,0.0,0.0,,,Holstein Kiel,for
2025-05-17,10:30,63516,Bundesliga 24/25,24/25,Matchweek 34,Sat,Home,D,2.0,2.0,Bayer 04 Leverkusen,2.0,20.0,6.0,30.0,0.1,0.333,,,1. FSV Mainz 05,for
2025-05-17,10:30,63516,Bundesliga 24/25,24/25,Matchweek 34,Sat,Away,D,2.0,2.0,1. FSV Mainz 05,2.0,7.0,4.0,57.1,0.286,0.5,,,Bayer 04 Leverkusen,for
2025-05-17,10:30,63516,Bundesliga 24/25,24/25,Matchweek 34,Sat,Home,L,2.0,3.0,VfB Stuttgart,2.0,8.0,5.0,62.5,0.25,0.4,,,RB Leipzig,for
2025-05-17,10:30,63516,Bundesliga 24/25,24/25,Matchweek 34,Sat,Away,W,3.0,2.0,RB Leipzig,3.0,15.0,7.0,46.7,0.2,0.429,,,VfB Stuttgart,for
2025-05-17,10:30,63516,Bundesliga 24/25,24/25,Matchweek 34,Sat,Home,L,1.0,3.0,Eintracht Frankfurt,1.0,8.0,1.0,12.5,0.125,1.0,,,SC Freiburg,for
2025-05-17,10:30,63516,Bundesliga 24/25,24/25,Matchweek 34,Sat,Away,W,3.0,1.0,SC Freiburg,3.0,11.0,6.0,54.5,0.273,0.5,,,Eintracht Frankfurt,for
2025-05-17,10:30,63516,Bundesliga 24/25,24/25,Matchweek 34,Sat,Home,L,1.0,2.0,1. FC Union Berlin,1.0,19.0,4.0,21.1,0.053,0.25,,,FC Augsburg,for
2025-05-17,10:30,63516,Bundesliga 24/25,24/25,Matchweek 34,Sat,Away,W,2.0,1.0,FC Augsburg,2.0,5.0,3.0,60.0,0.4,0.667,,,1. FC Union Berlin,for
2025-05-17,10:30,63516,Bundesliga 24/25,24/25,Matchweek 34,Sat,Home,L,0.0,1.0,VfL Wolfsburg,0.0,16.0,3.0,18.8,0.0,0.0,,,Borussia M'gladbach,for
2025-05-17,10:30,63516,Bundesliga 24/25,24/25,Matchweek 34,Sat,Away,W,1.0,0.0,Borussia M'gladbach,1.0,17.0,6.0,35.3,0.059,0.167,,,VfL Wolfsburg,for
2025-05-17,10:30,63516,Bundesliga 24/25,24/25,Matchweek 34,Sat,Home,L,1.0,4.0,SV Werder Bremen,1.0,21.0,8.0,38.1,0.048,0.125,,,1. FC Heidenheim,for
2025-05-17,10:30,63516,Bundesliga 24/25,24/25,Matchweek 34,Sat,Away,W,4.0,1.0,1. FC Heidenheim,4.0,13.0,7.0,53.8,0.308,0.571,,,SV Werder Bremen,for
2025-05-17,10:30,63516,Bundesliga 24/25,24/25,Matchweek 34,Sat,Home,L,0.0,2.0,VfL Bochum 1848,0.0,10.0,2.0,20.0,0.0,0.0,,,FC St. Pauli,for
2025-05-17,10:30,63516,Bundesliga 24/25,24/25,Matchweek 34,Sat,Away,W,2.0,0.0,FC St. Pauli,2.0,9.0,6.0,66.7,0.222,0.333,,,VfL Bochum 1848,for
2025-05-22,15:30,63516,Bundesliga 24/25,24/25,Matchweek 29,Thu,Home,D,2.0,2.0,SV 07 Elversberg,2.0,22.0,8.0,36.4,0.091,0.25,,,1. FC Heidenheim,for
2025-05-22,15:30,63516,Bundesliga 24/25,24/25,Matchweek 29,Thu,Away,D,2.0,2.0,1. FC Heidenheim,2.0,13.0,4.0,30.8,0.154,0.5,,,SV 07 Elversberg,for
2025-05-26,15:30,63516,Bundesliga 24/25,24/25,Matchweek 29,Mon,Home,L,1.0,2.0,1. FC Heidenheim,1.0,8.0,2.0,25.0,0.125,0.5,,,SV 07 Elversberg,for
2025-05-26,15:30,63516,Bundesliga 24/25,24/25,Matchweek 29,Mon,Away,W,2.0,1.0,SV 07 Elversberg,2.0,11.0,4.0,36.4,0.182,0.5,,,1. FC Heidenheim,for
2023-08-18,15:30,52608,Bundesliga 23/24,23/24,Matchweek 1,Fri,Home,L,0.0,4.0,FC Bayern München,0.0,6.0,1.0,16.7,0.0,0.0,,,SV Werder Bremen,for
2023-08-18,15:30,52608,Bundesliga 23/24,23/24,Matchweek 1,Fri,Away,W,4.0,0.0,SV Werder Bremen,4.0,25.0,10.0,40.0,0.16,0.4,,,FC Bayern München,for
2023-08-19,10:30,52608,Bundesliga 23/24,23/24,Matchweek 1,Sat,Home,W,3.0,2.0,RB Leipzig,3.0,11.0,7.0,63.6,0.273,0.429,,,Bayer 04 Leverkusen,for
2023-08-19,10:30,52608,Bundesliga 23/24,23/24,Matchweek 1,Sat,Away,L,2.0,3.0,Bayer 04 Leverkusen,2.0,14.0,6.0,42.9,0.143,0.333,,,RB Leipzig,for
2023-08-19,10:30,52608,Bundesliga 23/24,23/24,Matchweek 1,Sat,Home,L,1.0,2.0,SC Freiburg,1.0,22.0,4.0,18.2,0.045,0.25,,,TSG Hoffenheim,for
2023-08-19,10:30,52608,Bundesliga 23/24,23/24,Matchweek 1,Sat,Away,W,2.0,1.0,TSG Hoffenheim,2.0,18.0,9.0,50.0,0.111,0.222,,,SC Freiburg,for
2023-08-19,10:30,52608,Bundesliga 23/24,23/24,Matchweek 1,Sat,Home,D,4.0,4.0,Borussia M'gladbach,4.0,20.0,7.0,35.0,0.2,0.571,,,FC Augsburg,for
2023-08-19,10:30,52608,Bundesliga 23/24,23/24,Matchweek 1,Sat,Away,D,4.0,4.0,FC Augsburg,4.0,10.0,6.0,60.0,0.4,0.667,,,Borussia M'gladbach,for
2023-08-19,10:30,52608,Bundesliga 23/24,23/24,Matchweek 1,Sat,Home,W,2.0,0.0,1. FC Heidenheim,2.0,18.0,8.0,44.4,0.111,0.25,,,VfL Wolfsburg,for
2023-08-19,10:30,52608,Bundesliga 23/24,23/24,Matchweek 1,Sat,Away,L,0.0,2.0,VfL Wolfsburg,0.0,14.0,1.0,7.1,0.0,0.0,,,1. FC Heidenheim,for
2023-08-19,10:30,52608,Bundesliga 23/24,23/24,Matchweek 1,Sat,Home,W,5.0,0.0,VfL Bochum 1848,5.0,21.0,9.0,42.9,0.238,0.556,,,VfB Stuttgart,for
2023-08-19,10:30,52608,Bundesliga 23/24,23/24,Matchweek 1,Sat,Away,L,0.0,5.0,VfB Stuttgart,0.0,4.0,1.0,25.0,0.0,0.0,,,VfL Bochum 1848,for
2023-08-19,13:30,52608,Bundesliga 23/24,23/24,Matchweek 1,Sat,Home,W,1.0,0.0,1. FC Köln,1.0,13.0,2.0,15.4,0.077,0.5,,,Borussia Dortmund,for
2023-08-19,13:30,52608,Bundesliga 23/24,23/24,Matchweek 1,Sat,Away,L,0.0,1.0,Borussia Dortmund,0.0,11.0,4.0,36.4,0.0,0.0,,,1. FC Köln,for
2023-08-20,10:30,52608,Bundesliga 23/24,23/24,Matchweek 1,Sun,Home,W,4.0,1.0,1. FSV Mainz 05,4.0,11.0,6.0,54.5,0.364,0.667,,,1. FC Union Berlin,for
2023-08-20,10:30,52608,Bundesliga 23/24,23/24,Matchweek 1,Sun,Away,L,1.0,4.0,1. FC Union Berlin,1.0,10.0,3.0,30.0,0.1,0.333,,,1. FSV Mainz 05,for
2023-08-20,12:30,52608,Bundesliga 23/24,23/24,Matchweek 1,Sun,Home,W,1.0,0.0,Darmstadt 98,1.0,9.0,3.0,33.3,0.111,0.333,,,Eintracht Frankfurt,for
2023-08-20,12:30,52608,Bundesliga 23/24,23/24,Matchweek 1,Sun,Away,L,0.0,1.0,Eintracht Frankfurt,0.0,10.0,2.0,20.0,0.0,0.0,,,Darmstadt 98,for
2023-08-25,15:30,52608,Bundesliga 23/24,23/24,Matchweek 2,Fri,Home,W,5.0,1.0,VfB Stuttgart,5.0,20.0,11.0,55.0,0.25,0.455,,,RB Leipzig,for
2023-08-25,15:30,52608,Bundesliga 23/24,23/24,Matchweek 2,Fri,Away,L,1.0,5.0,RB Leipzig,1.0,9.0,4.0,44.4,0.111,0.25,,,VfB Stuttgart,for
2023-08-26,10:30,52608,Bundesliga 23/24,23/24,Matchweek 2,Sat,Home,D,1.0,1.0,Borussia Dortmund,1.0,20.0,7.0,35.0,0.05,0.143,,,VfL Bochum 1848,for
2023-08-26,10:30,52608,Bundesliga 23/24,23/24,Matchweek 2,Sat,Away,D,1.0,1.0,VfL Bochum 1848,1.0,14.0,3.0,21.4,0.071,0.333,,,Borussia Dortmund,for
2023-08-26,10:30,52608,Bundesliga 23/24,23/24,Matchweek 2,Sat,Home,L,1.0,4.0,1. FC Union Berlin,1.0,21.0,6.0,28.6,0.048,0.167,,,Darmstadt 98,for
2023-08-26,10:30,52608,Bundesliga 23/24,23/24,Matchweek 2,Sat,Away,W,4.0,1.0,Darmstadt 98,4.0,13.0,6.0,46.2,0.308,0.667,,,1. FC Union Berlin,for
2023-08-26,10:30,52608,Bundesliga 23/24,23/24,Matchweek 2,Sat,Home,W,1.0,0.0,SV Werder Bremen,1.0,23.0,7.0,30.4,0.043,0.143,,,SC Freiburg,for
2023-08-26,10:30,52608,Bundesliga 23/24,23/24,Matchweek 2,Sat,Away,L,0.0,1.0,SC Freiburg,0.0,15.0,2.0,13.3,0.0,0.0,,,SV Werder Bremen,for
2023-08-26,10:30,52608,Bundesliga 23/24,23/24,Matchweek 2,Sat,Home,L,1.0,2.0,VfL Wolfsburg,1.0,13.0,2.0,15.4,0.077,0.5,,,1. FC Köln,for
2023-08-26,10:30,52608,Bundesliga 23/24,23/24,Matchweek 2,Sat,Away,W,2.0,1.0,1. FC Köln,2.0,9.0,6.0,66.7,0.222,0.333,,,VfL Wolfsburg,for
2023-08-26,10:30,52608,Bundesliga 23/24,23/24,Matchweek 2,Sat,Home,L,2.0,3.0,TSG Hoffenheim,2.0,20.0,9.0,45.0,0.1,0.222,,,1. FC Heidenheim,for
2023-08-26,10:30,52608,Bundesliga 23/24,23/24,Matchweek 2,Sat,Away,W,3.0,2.0,1. FC Heidenheim,3.0,16.0,6.0,37.5,0.188,0.5,,,TSG Hoffenheim,for
2023-08-26,13:30,52608,Bundesliga 23/24,23/24,Matchweek 2,Sat,Home,L,0.0,3.0,Bayer 04 Leverkusen,0.0,12.0,2.0,16.7,0.0,0.0,,,Borussia M'gladbach,for
2023-08-26,13:30,52608,Bundesliga 23/24,23/24,Matchweek 2,Sat,Away,W,3.0,0.0,Borussia M'gladbach,3.0,24.0,11.0,45.8,0.125,0.273,,,Bayer 04 Leverkusen,for
2023-08-27,10:30,52608,Bundesliga 23/24,23/24,Matchweek 2,Sun,Home,D,1.0,1.0,Eintracht Frankfurt,1.0,12.0,6.0,50.0,0.083,0.167,,,1. FSV Mainz 05,for
2023-08-27,10:30,52608,Bundesliga 23/24,23/24,Matchweek 2,Sun,Away,D,1.0,1.0,1. FSV Mainz 05,1.0,7.0,1.0,14.3,0.143,1.0,,,Eintracht Frankfurt,for
2023-08-27,12:30,52608,Bundesliga 23/24,23/24,Matchweek 2,Sun,Home,W,3.0,1.0,FC Augsburg,3.0,19.0,5.0,26.3,0.158,0.6,,,FC Bayern München,for
2023-08-27,12:30,52608,Bundesliga 23/24,23/24,Matchweek 2,Sun,Away,L,1.0,3.0,FC Bayern München,1.0,10.0,2.0,20.0,0.1,0.5,,,FC Augsburg,for
2023-09-01,15:30,52608,Bundesliga 23/24,23/24,Matchweek 3,Fri,Home,D,2.0,2.0,1. FC Heidenheim,2.0,19.0,8.0,42.1,0.105,0.25,,,Borussia Dortmund,for
2023-09-01,15:30,52608,Bundesliga 23/24,23/24,Matchweek 3,Fri,Away,D,2.0,2.0,Borussia Dortmund,2.0,14.0,6.0,42.9,0.143,0.333,,,1. FC Heidenheim,for
2023-09-02,10:30,52608,Bundesliga 23/24,23/24,Matchweek 3,Sat,Home,W,5.0,1.0,Darmstadt 98,5.0,25.0,13.0,52.0,0.2,0.385,,,Bayer 04 Leverkusen,for
2023-09-02,10:30,52608,Bundesliga 23/24,23/24,Matchweek 3,Sat,Away,L,1.0,5.0,Bayer 04 Leverkusen,1.0,5.0,1.0,20.0,0.2,1.0,,,Darmstadt 98,for
2023-09-02,10:30,52608,Bundesliga 23/24,23/24,Matchweek 3,Sat,Home,W,5.0,0.0,SC Freiburg,5.0,13.0,6.0,46.2,0.385,0.833,,,VfB Stuttgart,for
2023-09-02,10:30,52608,Bundesliga 23/24,23/24,Matchweek 3,Sat,Away,L,0.0,5.0,VfB Stuttgart,0.0,13.0,7.0,53.8,0.0,0.0,,,SC Freiburg,for
2023-09-02,10:30,52608,Bundesliga 23/24,23/24,Matchweek 3,Sat,Home,W,3.0,1.0,VfL Wolfsburg,3.0,10.0,5.0,50.0,0.3,0.6,,,TSG Hoffenheim,for
2023-09-02,10:30,52608,Bundesliga 23/24,23/24,Matchweek 3,Sat,Away,L,1.0,3.0,TSG Hoffenheim,1.0,13.0,7.0,53.8,0.077,0.143,,,VfL Wolfsburg,for
2023-09-02,10:30,52608,Bundesliga 23/24,23/24,Matchweek 3,Sat,Home,W,4.0,0.0,1. FSV Mainz 05,4.0,13.0,6.0,46.2,0.308,0.667,,,SV Werder Bremen,for
2023-09-02,10:30,52608,Bundesliga 23/24,23/24,Matchweek 3,Sat,Away,L,0.0,4.0,SV Werder Bremen,0.0,13.0,3.0,23.1,0.0,0.0,,,1. FSV Mainz 05,for
2023-09-02,10:30,52608,Bundesliga 23/24,23/24,Matchweek 3,Sat,Home,D,2.0,2.0,VfL Bochum 1848,2.0,11.0,4.0,36.4,0.182,0.5,,,FC Augsburg,for
2023-09-02,10:30,52608,Bundesliga 23/24,23/24,Matchweek 3,Sat,Away,D,2.0,2.0,FC Augsburg,2.0,21.0,8.0,38.1,0.095,0.25,,,VfL Bochum 1848,for
2023-09-02,13:30,52608,Bundesliga 23/24,23/24,Matchweek 3,Sat,Home,L,1.0,2.0,FC Bayern München,1.0,7.0,3.0,42.9,0.143,0.333,,,Borussia M'gladbach,for
2023-09-02,13:30,52608,Bundesliga 23/24,23/24,Matchweek 3,Sat,Away,W,2.0,1.0,Borussia M'gladbach,2.0,25.0,8.0,32.0,0.08,0.25,,,FC Bayern München,for
2023-09-03,10:30,52608,Bundesliga 23/24,23/24,Matchweek 3,Sun,Home,D,1.0,1.0,1. FC Köln,1.0,13.0,3.0,23.1,0.077,0.333,,,Eintracht Frankfurt,for
2023-09-03,10:30,52608,Bundesliga 23/24,23/24,Matchweek 3,Sun,Away,D,1.0,1.0,Eintracht Frankfurt,1.0,7.0,2.0,28.6,0.143,0.5,,,1. FC Köln,for
2023-09-03,12:30,52608,Bundesliga 23/24,23/24,Matchweek 3,Sun,Home,L,0.0,3.0,RB Leipzig,0.0,3.0,1.0,33.3,0.0,0.0,,,1. FC Union Berlin,for
2023-09-03,12:30,52608,Bundesliga 23/24,23/24,Matchweek 3,Sun,Away,W,3.0,0.0,1. FC Union Berlin,3.0,14.0,7.0,50.0,0.214,0.429,,,RB Leipzig,for
2023-09-15,15:30,52608,Bundesliga 23/24,23/24,Matchweek 4,Fri,Home,D,2.0,2.0,Bayer 04 Leverkusen,2.0,16.0,9.0,56.2,0.125,0.222,,,FC Bayern München,for
2023-09-15,15:30,52608,Bundesliga 23/24,23/24,Matchweek 4,Fri,Away,D,2.0,2.0,FC Bayern München,2.0,13.0,5.0,38.5,0.154,0.4,,,Bayer 04 Leverkusen,for
2023-09-16,10:30,52608,Bundesliga 23/24,23/24,Matchweek 4,Sat,Home,L,2.0,4.0,Borussia Dortmund,2.0,15.0,4.0,26.7,0.133,0.5,,,SC Freiburg,for
2023-09-16,10:30,52608,Bundesliga 23/24,23/24,Matchweek 4,Sat,Away,W,4.0,2.0,SC Freiburg,4.0,15.0,7.0,46.7,0.267,0.571,,,Borussia Dortmund,for
2023-09-16,10:30,52608,Bundesliga 23/24,23/24,Matchweek 4,Sat,Home,W,3.0,0.0,FC Augsburg,3.0,9.0,6.0,66.7,0.333,0.5,,,RB Leipzig,for
2023-09-16,10:30,52608,Bundesliga 23/24,23/24,Matchweek 4,Sat,Away,L,0.0,3.0,RB Leipzig,0.0,16.0,5.0,31.2,0.0,0.0,,,FC Augsburg,for
2023-09-16,10:30,52608,Bundesliga 23/24,23/24,Matchweek 4,Sat,Home,W,2.0,1.0,1. FC Union Berlin,2.0,8.0,3.0,37.5,0.25,0.667,,,VfL Wolfsburg,for
2023-09-16,10:30,52608,Bundesliga 23/24,23/24,Matchweek 4,Sat,Away,L,1.0,2.0,VfL Wolfsburg,1.0,19.0,6.0,31.6,0.053,0.167,,,1. FC Union Berlin,for
2023-09-16,10:30,52608,Bundesliga 23/24,23/24,Matchweek 4,Sat,Home,L,1.0,3.0,VfB Stuttgart,1.0,15.0,3.0,20.0,0.067,0.333,,,1. FSV Mainz 05,for
2023-09-16,10:30,52608,Bundesliga 23/24,23/24,Matchweek 4,Sat,Away,W,3.0,1.0,1. FSV Mainz 05,3.0,15.0,6.0,40.0,0.2,0.5,,,VfB Stuttgart,for
2023-09-16,10:30,52608,Bundesliga 23/24,23/24,Matchweek 4,Sat,Home,L,1.0,3.0,TSG Hoffenheim,1.0,18.0,7.0,38.9,0.056,0.143,,,1. FC Köln,for
2023-09-16,10:30,52608,Bundesliga 23/24,23/24,Matchweek 4,Sat,Away,W,3.0,1.0,1. FC Köln,3.0,13.0,5.0,38.5,0.231,0.6,,,TSG Hoffenheim,for
2023-09-16,13:30,52608,Bundesliga 23/24,23/24,Matchweek 4,Sat,Home,D,1.0,1.0,Eintracht Frankfurt,1.0,22.0,7.0,31.8,0.045,0.143,,,VfL Bochum 1848,for
2023-09-16,13:30,52608,Bundesliga 23/24,23/24,Matchweek 4,Sat,Away,D,1.0,1.0,VfL Bochum 1848,1.0,8.0,6.0,75.0,0.125,0.167,,,Eintracht Frankfurt,for
2023-09-17,10:30,52608,Bundesliga 23/24,23/24,Matchweek 4,Sun,Home,W,4.0,2.0,SV Werder Bremen,4.0,18.0,5.0,27.8,0.222,0.8,,,1. FC Heidenheim,for
2023-09-17,10:30,52608,Bundesliga 23/24,23/24,Matchweek 4,Sun,Away,L,2.0,4.0,1. FC Heidenheim,2.0,11.0,4.0,36.4,0.182,0.5,,,SV Werder Bremen,for
2023-09-17,12:30,52608,Bundesliga 23/24,23/24,Matchweek 4,Sun,Home,D,3.0,3.0,Borussia M'gladbach,3.0,15.0,8.0,53.3,0.2,0.375,,,Darmstadt 98,for
2023-09-17,12:30,52608,Bundesliga 23/24,23/24,Matchweek 4,Sun,Away,D,3.0,3.0,Darmstadt 98,3.0,22.0,10.0,45.5,0.136,0.3,,,Borussia M'gladbach,for
2023-09-22,15:30,52608,Bundesliga 23/24,23/24,Matchweek 5,Fri,Home,W,3.0,1.0,Darmstadt 98,3.0,18.0,11.0,61.1,0.167,0.273,,,VfB Stuttgart,for
2023-09-22,15:30,52608,Bundesliga 23/24,23/24,Matchweek 5,Fri,Away,L,1.0,3.0,VfB Stuttgart,1.0,4.0,0.0,0.0,0.25,,,,Darmstadt 98,for
2023-09-23,10:30,52608,Bundesliga 23/24,23/24,Matchweek 5,Sat,Home,W,7.0,0.0,VfL Bochum 1848,7.0,26.0,15.0,57.7,0.269,0.467,,,FC Bayern München,for
2023-09-23,10:30,52608,Bundesliga 23/24,23/24,Matchweek 5,Sat,Away,L,0.0,7.0,FC Bayern München,0.0,4.0,1.0,25.0,0.0,0.0,,,VfL Bochum 1848,for
2023-09-23,10:30,52608,Bundesliga 23/24,23/24,Matchweek 5,Sat,Home,W,1.0,0.0,VfL Wolfsburg,1.0,18.0,4.0,22.2,0.056,0.25,,,Borussia Dortmund,for
2023-09-23,10:30,52608,Bundesliga 23/24,23/24,Matchweek 5,Sat,Away,L,0.0,1.0,Borussia Dortmund,0.0,7.0,1.0,14.3,0.0,0.0,,,VfL Wolfsburg,for
2023-09-23,10:30,52608,Bundesliga 23/24,23/24,Matchweek 5,Sat,Home,L,0.0,1.0,RB Leipzig,0.0,14.0,1.0,7.1,0.0,0.0,,,Borussia M'gladbach,for
2023-09-23,10:30,52608,Bundesliga 23/24,23/24,Matchweek 5,Sat,Away,W,1.0,0.0,Borussia M'gladbach,1.0,8.0,4.0,50.0,0.125,0.25,,,RB Leipzig,for
2023-09-23,10:30,52608,Bundesliga 23/24,23/24,Matchweek 5,Sat,Home,L,0.0,2.0,TSG Hoffenheim,0.0,22.0,6.0,27.3,0.0,0.0,,,1. FC Union Berlin,for
2023-09-23,10:30,52608,Bundesliga 23/24,23/24,Matchweek 5,Sat,Away,W,2.0,0.0,1. FC Union Berlin,2.0,11.0,3.0,27.3,0.182,0.667,,,TSG Hoffenheim,for
2023-09-23,10:30,52608,Bundesliga 23/24,23/24,Matchweek 5,Sat,Home,W,2.0,1.0,1. FSV Mainz 05,2.0,5.0,3.0,60.0,0.4,0.667,,,FC Augsburg,for
2023-09-23,10:30,52608,Bundesliga 23/24,23/24,Matchweek 5,Sat,Away,L,1.0,2.0,FC Augsburg,1.0,12.0,3.0,25.0,0.083,0.333,,,1. FSV Mainz 05,for
2023-09-23,13:30,52608,Bundesliga 23/24,23/24,Matchweek 5,Sat,Home,W,2.0,1.0,1. FC Köln,2.0,17.0,6.0,35.3,0.118,0.333,,,SV Werder Bremen,for
2023-09-23,13:30,52608,Bundesliga 23/24,23/24,Matchweek 5,Sat,Away,L,1.0,2.0,SV Werder Bremen,1.0,14.0,5.0,35.7,0.071,0.2,,,1. FC Köln,for
2023-09-24,10:30,52608,Bundesliga 23/24,23/24,Matchweek 5,Sun,Home,W,4.0,1.0,1. FC Heidenheim,4.0,21.0,10.0,47.6,0.19,0.4,,,Bayer 04 Leverkusen,for
2023-09-24,10:30,52608,Bundesliga 23/24,23/24,Matchweek 5,Sun,Away,L,1.0,4.0,Bayer 04 Leverkusen,1.0,2.0,2.0,100.0,0.5,0.5,,,1. FC Heidenheim,for
2023-09-24,12:30,52608,Bundesliga 23/24,23/24,Matchweek 5,Sun,Home,D,0.0,0.0,SC Freiburg,0.0,12.0,4.0,33.3,0.0,0.0,,,Eintracht Frankfurt,for
2023-09-24,12:30,52608,Bundesliga 23/24,23/24,Matchweek 5,Sun,Away,D,0.0,0.0,Eintracht Frankfurt,0.0,7.0,1.0,14.3,0.0,0.0,,,SC Freiburg,for
2023-09-29,15:30,52608,Bundesliga 23/24,23/24,Matchweek 6,Fri,Home,L,1.0,3.0,Borussia Dortmund,1.0,15.0,3.0,20.0,0.067,0.333,,,TSG Hoffenheim,for
2023-09-29,15:30,52608,Bundesliga 23/24,23/24,Matchweek 6,Fri,Away,W,3.0,1.0,TSG Hoffenheim,3.0,6.0,5.0,83.3,0.5,0.6,,,Borussia Dortmund,for
2023-09-30,10:30,52608,Bundesliga 23/24,23/24,Matchweek 6,Sat,Home,L,0.0,3.0,Bayer 04 Leverkusen,0.0,10.0,3.0,30.0,0.0,0.0,,,1. FSV Mainz 05,for
2023-09-30,10:30,52608,Bundesliga 23/24,23/24,Matchweek 6,Sat,Away,W,3.0,0.0,1. FSV Mainz 05,3.0,6.0,3.0,50.0,0.5,1.0,,,Bayer 04 Leverkusen,for
2023-09-30,10:30,52608,Bundesliga 23/24,23/24,Matchweek 6,Sat,Home,W,2.0,0.0,Eintracht Frankfurt,2.0,18.0,8.0,44.4,0.111,0.25,,,VfL Wolfsburg,for
2023-09-30,10:30,52608,Bundesliga 23/24,23/24,Matchweek 6,Sat,Away,L,0.0,2.0,VfL Wolfsburg,0.0,8.0,4.0,50.0,0.0,0.0,,,Eintracht Frankfurt,for
2023-09-30,10:30,52608,Bundesliga 23/24,23/24,Matchweek 6,Sat,Home,W,1.0,0.0,1. FC Union Berlin,1.0,10.0,4.0,40.0,0.1,0.25,,,1. FC Heidenheim,for
2023-09-30,10:30,52608,Bundesliga 23/24,23/24,Matchweek 6,Sat,Away,L,0.0,1.0,1. FC Heidenheim,0.0,20.0,8.0,40.0,0.0,0.0,,,1. FC Union Berlin,for
2023-09-30,10:30,52608,Bundesliga 23/24,23/24,Matchweek 6,Sat,Home,L,0.0,2.0,VfB Stuttgart,0.0,14.0,5.0,35.7,0.0,0.0,,,1. FC Köln,for
2023-09-30,10:30,52608,Bundesliga 23/24,23/24,Matchweek 6,Sat,Away,W,2.0,0.0,1. FC Köln,2.0,18.0,4.0,22.2,0.111,0.5,,,VfB Stuttgart,for
2023-09-30,10:30,52608,Bundesliga 23/24,23/24,Matchweek 6,Sat,Home,L,1.0,3.0,Borussia M'gladbach,1.0,24.0,5.0,20.8,0.042,0.2,,,VfL Bochum 1848,for
2023-09-30,10:30,52608,Bundesliga 23/24,23/24,Matchweek 6,Sat,Away,W,3.0,1.0,VfL Bochum 1848,3.0,27.0,9.0,33.3,0.111,0.333,,,Borussia M'gladbach,for
2023-09-30,13:30,52608,Bundesliga 23/24,23/24,Matchweek 6,Sat,Home,D,2.0,2.0,FC Bayern München,2.0,6.0,2.0,33.3,0.333,1.0,,,RB Leipzig,for
2023-09-30,13:30,52608,Bundesliga 23/24,23/24,Matchweek 6,Sat,Away,D,2.0,2.0,RB Leipzig,2.0,11.0,5.0,45.5,0.182,0.4,,,FC Bayern München,for
2023-10-01,10:30,52608,Bundesliga 23/24,23/24,Matchweek 6,Sun,Home,W,4.0,2.0,SV Werder Bremen,4.0,14.0,5.0,35.7,0.286,0.8,,,Darmstadt 98,for
2023-10-01,10:30,52608,Bundesliga 23/24,23/24,Matchweek 6,Sun,Away,L,2.0,4.0,Darmstadt 98,2.0,11.0,6.0,54.5,0.182,0.333,,,SV Werder Bremen,for
2023-10-01,12:30,52608,Bundesliga 23/24,23/24,Matchweek 6,Sun,Home,W,2.0,0.0,FC Augsburg,2.0,7.0,3.0,42.9,0.286,0.667,,,SC Freiburg,for
2023-10-01,12:30,52608,Bundesliga 23/24,23/24,Matchweek 6,Sun,Away,L,0.0,2.0,SC Freiburg,0.0,13.0,3.0,23.1,0.0,0.0,,,FC Augsburg,for
2023-10-06,15:30,52608,Bundesliga 23/24,23/24,Matchweek 7,Fri,Home,D,2.0,2.0,1. FSV Mainz 05,2.0,21.0,9.0,42.9,0.095,0.222,,,Borussia M'gladbach,for
2023-10-06,15:30,52608,Bundesliga 23/24,23/24,Matchweek 7,Fri,Away,D,2.0,2.0,Borussia M'gladbach,2.0,14.0,7.0,50.0,0.143,0.286,,,1. FSV Mainz 05,for
2023-10-07,10:30,52608,Bundesliga 23/24,23/24,Matchweek 7,Sat,Home,W,4.0,2.0,1. FC Union Berlin,4.0,14.0,7.0,50.0,0.286,0.571,,,Borussia Dortmund,for
2023-10-07,10:30,52608,Bundesliga 23/24,23/24,Matchweek 7,Sat,Away,L,2.0,4.0,Borussia Dortmund,2.0,13.0,5.0,38.5,0.154,0.4,,,1. FC Union Berlin,for
2023-10-07,10:30,52608,Bundesliga 23/24,23/24,Matchweek 7,Sat,Home,D,0.0,0.0,VfL Bochum 1848,0.0,17.0,5.0,29.4,0.0,0.0,,,RB Leipzig,for
2023-10-07,10:30,52608,Bundesliga 23/24,23/24,Matchweek 7,Sat,Away,D,0.0,0.0,RB Leipzig,0.0,9.0,2.0,22.2,0.0,0.0,,,VfL Bochum 1848,for
2023-10-07,10:30,52608,Bundesliga 23/24,23/24,Matchweek 7,Sat,Home,W,3.0,1.0,VfL Wolfsburg,3.0,14.0,8.0,57.1,0.214,0.375,,,VfB Stuttgart,for
2023-10-07,10:30,52608,Bundesliga 23/24,23/24,Matchweek 7,Sat,Away,L,1.0,3.0,VfB Stuttgart,1.0,12.0,5.0,41.7,0.083,0.2,,,VfL Wolfsburg,for
2023-10-07,10:30,52608,Bundesliga 23/24,23/24,Matchweek 7,Sat,Home,L,1.0,2.0,Darmstadt 98,1.0,18.0,3.0,16.7,0.056,0.333,,,FC Augsburg,for
2023-10-07,10:30,52608,Bundesliga 23/24,23/24,Matchweek 7,Sat,Away,W,2.0,1.0,FC Augsburg,2.0,17.0,5.0,29.4,0.118,0.4,,,Darmstadt 98,for
2023-10-07,13:30,52608,Bundesliga 23/24,23/24,Matchweek 7,Sat,Home,L,2.0,3.0,TSG Hoffenheim,2.0,13.0,3.0,23.1,0.154,0.667,,,SV Werder Bremen,for
2023-10-07,13:30,52608,Bundesliga 23/24,23/24,Matchweek 7,Sat,Away,W,3.0,2.0,SV Werder Bremen,3.0,10.0,4.0,40.0,0.3,0.75,,,TSG Hoffenheim,for
2023-10-08,10:30,52608,Bundesliga 23/24,23/24,Matchweek 7,Sun,Home,W,3.0,0.0,1. FC Köln,3.0,23.0,10.0,43.5,0.13,0.3,,,Bayer 04 Leverkusen,for
2023-10-08,10:30,52608,Bundesliga 23/24,23/24,Matchweek 7,Sun,Away,L,0.0,3.0,Bayer 04 Leverkusen,0.0,7.0,3.0,42.9,0.0,0.0,,,1. FC Köln,for
2023-10-08,12:30,52608,Bundesliga 23/24,23/24,Matchweek 7,Sun,Home,W,3.0,0.0,SC Freiburg,3.0,21.0,6.0,28.6,0.143,0.5,,,FC Bayern München,for
2023-10-08,12:30,52608,Bundesliga 23/24,23/24,Matchweek 7,Sun,Away,L,0.0,3.0,FC Bayern München,0.0,2.0,0.0,0.0,0.0,,,,SC Freiburg,for
2023-10-08,14:30,52608,Bundesliga 23/24,23/24,Matchweek 7,Sun,Home,W,2.0,0.0,1. FC Heidenheim,2.0,13.0,6.0,46.2,0.154,0.333,,,Eintracht Frankfurt,for
2023-10-08,14:30,52608,Bundesliga 23/24,23/24,Matchweek 7,Sun,Away,L,0.0,2.0,Eintracht Frankfurt,0.0,7.0,2.0,28.6,0.0,0.0,,,1. FC Heidenheim,for
2023-10-20,15:30,52608,Bundesliga 23/24,23/24,Matchweek 8,Fri,Home,W,1.0,0.0,SV Werder Bremen,1.0,23.0,5.0,21.7,0.043,0.2,,,Borussia Dortmund,for
2023-10-20,15:30,52608,Bundesliga 23/24,23/24,Matchweek 8,Fri,Away,L,0.0,1.0,Borussia Dortmund,0.0,5.0,1.0,20.0,0.0,0.0,,,SV Werder Bremen,for
2023-10-21,10:30,52608,Bundesliga 23/24,23/24,Matchweek 8,Sat,Home,L,1.0,3.0,RB Leipzig,1.0,18.0,4.0,22.2,0.056,0.25,,,Darmstadt 98,for
2023-10-21,10:30,52608,Bundesliga 23/24,23/24,Matchweek 8,Sat,Away,W,3.0,1.0,Darmstadt 98,3.0,10.0,7.0,70.0,0.3,0.429,,,RB Leipzig,for
2023-10-21,10:30,52608,Bundesliga 23/24,23/24,Matchweek 8,Sat,Home,L,1.0,2.0,Bayer 04 Leverkusen,1.0,18.0,6.0,33.3,0.056,0.167,,,VfL Wolfsburg,for
2023-10-21,10:30,52608,Bundesliga 23/24,23/24,Matchweek 8,Sat,Away,W,2.0,1.0,VfL Wolfsburg,2.0,13.0,7.0,53.8,0.154,0.286,,,Bayer 04 Leverkusen,for
2023-10-21,10:30,52608,Bundesliga 23/24,23/24,Matchweek 8,Sat,Home,L,0.0,3.0,VfB Stuttgart,0.0,9.0,1.0,11.1,0.0,0.0,,,1. FC Union Berlin,for
2023-10-21,10:30,52608,Bundesliga 23/24,23/24,Matchweek 8,Sat,Away,W,3.0,0.0,1. FC Union Berlin,3.0,10.0,5.0,50.0,0.3,0.6,,,VfB Stuttgart,for
2023-10-21,10:30,52608,Bundesliga 23/24,23/24,Matchweek 8,Sat,Home,L,1.0,3.0,Eintracht Frankfurt,1.0,14.0,4.0,28.6,0.071,0.25,,,TSG Hoffenheim,for
2023-10-21,10:30,52608,Bundesliga 23/24,23/24,Matchweek 8,Sat,Away,W,3.0,1.0,TSG Hoffenheim,3.0,15.0,5.0,33.3,0.2,0.6,,,Eintracht Frankfurt,for
2023-10-21,10:30,52608,Bundesliga 23/24,23/24,Matchweek 8,Sat,Home,W,2.0,1.0,VfL Bochum 1848,2.0,17.0,5.0,29.4,0.118,0.4,,,SC Freiburg,for
2023-10-21,10:30,52608,Bundesliga 23/24,23/24,Matchweek 8,Sat,Away,L,1.0,2.0,SC Freiburg,1.0,13.0,4.0,30.8,0.077,0.25,,,VfL Bochum 1848,for
2023-10-21,13:30,52608,Bundesliga 23/24,23/24,Matchweek 8,Sat,Home,L,1.0,3.0,FC Bayern München,1.0,16.0,3.0,18.8,0.062,0.333,,,1. FSV Mainz 05,for
2023-10-21,13:30,52608,Bundesliga 23/24,23/24,Matchweek 8,Sat,Away,W,3.0,1.0,1. FSV Mainz 05,3.0,13.0,5.0,38.5,0.231,0.6,,,FC Bayern München,for
2023-10-22,10:30,52608,Bundesliga 23/24,23/24,Matchweek 8,Sun,Home,W,3.0,1.0,Borussia M'gladbach,3.0,23.0,8.0,34.8,0.13,0.375,,,1. FC Köln,for
2023-10-22,10:30,52608,Bundesliga 23/24,23/24,Matchweek 8,Sun,Away,L,1.0,3.0,1. FC Köln,1.0,5.0,2.0,40.0,0.2,0.5,,,Borussia M'gladbach,for
2023-10-22,12:30,52608,Bundesliga 23/24,23/24,Matchweek 8,Sun,Home,L,2.0,5.0,FC Augsburg,2.0,15.0,5.0,33.3,0.133,0.4,,,1. FC Heidenheim,for
2023-10-22,12:30,52608,Bundesliga 23/24,23/24,Matchweek 8,Sun,Away,W,5.0,2.0,1. FC Heidenheim,5.0,9.0,6.0,66.7,0.556,0.833,,,FC Augsburg,for
2023-10-27,15:30,52608,Bundesliga 23/24,23/24,Matchweek 9,Fri,Home,D,2.0,2.0,1. FSV Mainz 05,2.0,12.0,4.0,33.3,0.167,0.5,,,VfL Bochum 1848,for
2023-10-27,15:30,52608,Bundesliga 23/24,23/24,Matchweek 9,Fri,Away,D,2.0,2.0,VfL Bochum 1848,2.0,9.0,3.0,33.3,0.222,0.667,,,1. FSV Mainz 05,for
2023-10-28,10:30,52608,Bundesliga 23/24,23/24,Matchweek 9,Sat,Home,W,8.0,0.0,Darmstadt 98,8.0,29.0,16.0,55.2,0.276,0.5,,,FC Bayern München,for
2023-10-28,10:30,52608,Bundesliga 23/24,23/24,Matchweek 9,Sat,Away,L,0.0,8.0,FC Bayern München,0.0,9.0,4.0,44.4,0.0,0.0,,,Darmstadt 98,for
2023-10-28,10:30,52608,Bundesliga 23/24,23/24,Matchweek 9,Sat,Home,W,2.0,0.0,1. FC Union Berlin,2.0,10.0,4.0,40.0,0.2,0.5,,,SV Werder Bremen,for
2023-10-28,10:30,52608,Bundesliga 23/24,23/24,Matchweek 9,Sat,Away,L,0.0,2.0,SV Werder Bremen,0.0,7.0,2.0,28.6,0.0,0.0,,,1. FC Union Berlin,for
2023-10-28,10:30,52608,Bundesliga 23/24,23/24,Matchweek 9,Sat,Home,L,2.0,3.0,TSG Hoffenheim,2.0,23.0,10.0,43.5,0.087,0.2,,,VfB Stuttgart,for
2023-10-28,10:30,52608,Bundesliga 23/24,23/24,Matchweek 9,Sat,Away,W,3.0,2.0,VfB Stuttgart,3.0,7.0,5.0,71.4,0.429,0.6,,,TSG Hoffenheim,for
2023-10-28,10:30,52608,Bundesliga 23/24,23/24,Matchweek 9,Sat,Home,W,2.0,1.0,1. FC Heidenheim,2.0,13.0,6.0,46.2,0.154,0.333,,,Borussia M'gladbach,for
2023-10-28,10:30,52608,Bundesliga 23/24,23/24,Matchweek 9,Sat,Away,L,1.0,2.0,Borussia M'gladbach,1.0,9.0,4.0,44.4,0.111,0.25,,,1. FC Heidenheim,for
2023-10-28,10:30,52608,Bundesliga 23/24,23/24,Matchweek 9,Sat,Home,W,3.0,2.0,VfL Wolfsburg,3.0,8.0,5.0,62.5,0.375,0.6,,,FC Augsburg,for
2023-10-28,10:30,52608,Bundesliga 23/24,23/24,Matchweek 9,Sat,Away,L,2.0,3.0,FC Augsburg,2.0,13.0,6.0,46.2,0.154,0.333,,,VfL Wolfsburg,for
2023-10-28,13:30,52608,Bundesliga 23/24,23/24,Matchweek 9,Sat,Home,W,6.0,0.0,1. FC Köln,6.0,26.0,13.0,50.0,0.231,0.462,,,RB Leipzig,for
2023-10-28,13:30,52608,Bundesliga 23/24,23/24,Matchweek 9,Sat,Away,L,0.0,6.0,RB Leipzig,0.0,6.0,2.0,33.3,0.0,0.0,,,1. FC Köln,for
2023-10-29,11:30,52608,Bundesliga 23/24,23/24,Matchweek 9,Sun,Home,D,3.0,3.0,Borussia Dortmund,3.0,12.0,7.0,58.3,0.25,0.429,,,Eintracht Frankfurt,for
2023-10-29,11:30,52608,Bundesliga 23/24,23/24,Matchweek 9,Sun,Away,D,3.0,3.0,Eintracht Frankfurt,3.0,14.0,4.0,28.6,0.214,0.75,,,Borussia Dortmund,for
2023-10-29,13:30,52608,Bundesliga 23/24,23/24,Matchweek 9,Sun,Home,W,2.0,1.0,SC Freiburg,2.0,18.0,4.0,22.2,0.111,0.5,,,Bayer 04 Leverkusen,for
2023-10-29,13:30,52608,Bundesliga 23/24,23/24,Matchweek 9,Sun,Away,L,1.0,2.0,Bayer 04 Leverkusen,1.0,10.0,3.0,30.0,0.1,0.333,,,SC Freiburg,for
2023-11-03,16:30,52608,Bundesliga 23/24,23/24,Matchweek 10,Fri,Home,L,1.0,2.0,VfL Bochum 1848,1.0,15.0,4.0,26.7,0.067,0.25,,,Darmstadt 98,for
2023-11-03,16:30,52608,Bundesliga 23/24,23/24,Matchweek 10,Fri,Away,W,2.0,1.0,Darmstadt 98,2.0,9.0,4.0,44.4,0.222,0.5,,,VfL Bochum 1848,for
2023-11-04,11:30,52608,Bundesliga 23/24,23/24,Matchweek 10,Sat,Home,W,2.0,0.0,RB Leipzig,2.0,10.0,3.0,30.0,0.2,0.667,,,1. FSV Mainz 05,for
2023-11-04,11:30,52608,Bundesliga 23/24,23/24,Matchweek 10,Sat,Away,L,0.0,2.0,1. FSV Mainz 05,0.0,10.0,2.0,20.0,0.0,0.0,,,RB Leipzig,for
2023-11-04,11:30,52608,Bundesliga 23/24,23/24,Matchweek 10,Sat,Home,L,2.0,3.0,Bayer 04 Leverkusen,2.0,12.0,7.0,58.3,0.167,0.286,,,TSG Hoffenheim,for
2023-11-04,11:30,52608,Bundesliga 23/24,23/24,Matchweek 10,Sat,Away,W,3.0,2.0,TSG Hoffenheim,3.0,9.0,5.0,55.6,0.333,0.6,,,Bayer 04 Leverkusen,for
2023-11-04,11:30,52608,Bundesliga 23/24,23/24,Matchweek 10,Sat,Home,L,0.0,3.0,Eintracht Frankfurt,0.0,11.0,3.0,27.3,0.0,0.0,,,1. FC Union Berlin,for
2023-11-04,11:30,52608,Bundesliga 23/24,23/24,Matchweek 10,Sat,Away,W,3.0,0.0,1. FC Union Berlin,3.0,4.0,3.0,75.0,0.75,1.0,,,Eintracht Frankfurt,for
2023-11-04,11:30,52608,Bundesliga 23/24,23/24,Matchweek 10,Sat,Home,D,3.0,3.0,Borussia M'gladbach,3.0,16.0,9.0,56.2,0.188,0.333,,,SC Freiburg,for
2023-11-04,11:30,52608,Bundesliga 23/24,23/24,Matchweek 10,Sat,Away,D,3.0,3.0,SC Freiburg,3.0,10.0,5.0,50.0,0.3,0.6,,,Borussia M'gladbach,for
2023-11-04,11:30,52608,Bundesliga 23/24,23/24,Matchweek 10,Sat,Home,D,1.0,1.0,FC Augsburg,1.0,26.0,11.0,42.3,0.038,0.091,,,1. FC Köln,for
2023-11-04,11:30,52608,Bundesliga 23/24,23/24,Matchweek 10,Sat,Away,D,1.0,1.0,1. FC Köln,1.0,18.0,2.0,11.1,0.056,0.5,,,FC Augsburg,for
2023-11-04,14:30,52608,Bundesliga 23/24,23/24,Matchweek 10,Sat,Home,L,0.0,4.0,FC Bayern München,0.0,15.0,1.0,6.7,0.0,0.0,,,Borussia Dortmund,for
2023-11-04,14:30,52608,Bundesliga 23/24,23/24,Matchweek 10,Sat,Away,W,4.0,0.0,Borussia Dortmund,4.0,14.0,8.0,57.1,0.286,0.5,,,FC Bayern München,for
2023-11-05,11:30,52608,Bundesliga 23/24,23/24,Matchweek 10,Sun,Home,D,2.0,2.0,SV Werder Bremen,2.0,14.0,4.0,28.6,0.143,0.5,,,VfL Wolfsburg,for
2023-11-05,11:30,52608,Bundesliga 23/24,23/24,Matchweek 10,Sun,Away,D,2.0,2.0,VfL Wolfsburg,2.0,13.0,4.0,30.8,0.154,0.5,,,SV Werder Bremen,for
2023-11-05,13:30,52608,Bundesliga 23/24,23/24,Matchweek 10,Sun,Home,W,2.0,0.0,VfB Stuttgart,2.0,19.0,3.0,15.8,0.105,0.667,,,1. FC Heidenheim,for
2023-11-05,13:30,52608,Bundesliga 23/24,23/24,Matchweek 10,Sun,Away,L,0.0,2.0,1. FC Heidenheim,0.0,17.0,2.0,11.8,0.0,0.0,,,VfB Stuttgart,for
2023-11-10,16:30,52608,Bundesliga 23/24,23/24,Matchweek 11,Fri,Home,W,4.0,0.0,VfL Wolfsburg,4.0,15.0,8.0,53.3,0.267,0.5,,,Borussia M'gladbach,for
2023-11-10,16:30,52608,Bundesliga 23/24,23/24,Matchweek 11,Fri,Away,L,0.0,4.0,Borussia M'gladbach,0.0,12.0,4.0,33.3,0.0,0.0,,,VfL Wolfsburg,for
2023-11-11,11:30,52608,Bundesliga 23/24,23/24,Matchweek 11,Sat,Home,W,4.0,2.0,1. FC Heidenheim,4.0,19.0,8.0,42.1,0.211,0.5,,,FC Bayern München,for
2023-11-11,11:30,52608,Bundesliga 23/24,23/24,Matchweek 11,Sat,Away,L,2.0,4.0,FC Bayern München,2.0,8.0,2.0,25.0,0.25,1.0,,,1. FC Heidenheim,for
2023-11-11,11:30,52608,Bundesliga 23/24,23/24,Matchweek 11,Sat,Home,W,2.0,1.0,Borussia Dortmund,2.0,22.0,10.0,45.5,0.091,0.2,,,VfB Stuttgart,for
2023-11-11,11:30,52608,Bundesliga 23/24,23/24,Matchweek 11,Sat,Away,L,1.0,2.0,VfB Stuttgart,1.0,5.0,1.0,20.0,0.2,1.0,,,Borussia Dortmund,for
2023-11-11,11:30,52608,Bundesliga 23/24,23/24,Matchweek 11,Sat,Home,D,1.0,1.0,TSG Hoffenheim,1.0,11.0,6.0,54.5,0.091,0.167,,,FC Augsburg,for
2023-11-11,11:30,52608,Bundesliga 23/24,23/24,Matchweek 11,Sat,Away,D,1.0,1.0,FC Augsburg,1.0,12.0,6.0,50.0,0.083,0.167,,,TSG Hoffenheim,for
2023-11-11,11:30,52608,Bundesliga 23/24,23/24,Matchweek 11,Sat,Home,D,0.0,0.0,1. FSV Mainz 05,0.0,10.0,3.0,30.0,0.0,0.0,,,Darmstadt 98,for
2023-11-11,11:30,52608,Bundesliga 23/24,23/24,Matchweek 11,Sat,Away,D,0.0,0.0,Darmstadt 98,0.0,11.0,1.0,9.1,0.0,0.0,,,1. FSV Mainz 05,for
2023-11-11,14:30,52608,Bundesliga 23/24,23/24,Matchweek 11,Sat,Home,D,1.0,1.0,1. FC Köln,1.0,25.0,9.0,36.0,0.04,0.111,,,VfL Bochum 1848,for
2023-11-11,14:30,52608,Bundesliga 23/24,23/24,Matchweek 11,Sat,Away,D,1.0,1.0,VfL Bochum 1848,1.0,11.0,6.0,54.5,0.091,0.167,,,1. FC Köln,for
2023-11-12,11:30,52608,Bundesliga 23/24,23/24,Matchweek 11,Sun,Home,W,4.0,0.0,1. FC Union Berlin,4.0,18.0,10.0,55.6,0.222,0.4,,,Bayer 04 Leverkusen,for
2023-11-12,11:30,52608,Bundesliga 23/24,23/24,Matchweek 11,Sun,Away,L,0.0,4.0,Bayer 04 Leverkusen,0.0,2.0,2.0,100.0,0.0,0.0,,,1. FC Union Berlin,for
2023-11-12,13:30,52608,Bundesliga 23/24,23/24,Matchweek 11,Sun,Home,D,2.0,2.0,Eintracht Frankfurt,2.0,13.0,5.0,38.5,0.154,0.4,,,SV Werder Bremen,for
2023-11-12,13:30,52608,Bundesliga 23/24,23/24,Matchweek 11,Sun,Away,D,2.0,2.0,SV Werder Bremen,2.0,14.0,4.0,28.6,0.143,0.5,,,Eintracht Frankfurt,for
2023-11-12,15:30,52608,Bundesliga 23/24,23/24,Matchweek 11,Sun,Home,W,3.0,1.0,SC Freiburg,3.0,15.0,6.0,40.0,0.2,0.5,,,RB Leipzig,for
2023-11-12,15:30,52608,Bundesliga 23/24,23/24,Matchweek 11,Sun,Away,L,1.0,3.0,RB Leipzig,1.0,9.0,3.0,33.3,0.111,0.333,,,SC Freiburg,for
2023-11-24,16:30,52608,Bundesliga 23/24,23/24,Matchweek 12,Fri,Home,L,0.0,1.0,FC Bayern München,0.0,6.0,1.0,16.7,0.0,0.0,,,1. FC Köln,for
2023-11-24,16:30,52608,Bundesliga 23/24,23/24,Matchweek 12,Fri,Away,W,1.0,0.0,1. FC Köln,1.0,21.0,5.0,23.8,0.048,0.2,,,FC Bayern München,for
2023-11-25,11:30,52608,Bundesliga 23/24,23/24,Matchweek 12,Sat,Home,W,4.0,2.0,Borussia M'gladbach,4.0,23.0,13.0,56.5,0.174,0.308,,,Borussia Dortmund,for
2023-11-25,11:30,52608,Bundesliga 23/24,23/24,Matchweek 12,Sat,Away,L,2.0,4.0,Borussia Dortmund,2.0,10.0,3.0,30.0,0.2,0.667,,,Borussia M'gladbach,for
2023-11-25,11:30,52608,Bundesliga 23/24,23/24,Matchweek 12,Sat,Home,W,2.0,1.0,RB Leipzig,2.0,10.0,4.0,40.0,0.2,0.5,,,VfL Wolfsburg,for
2023-11-25,11:30,52608,Bundesliga 23/24,23/24,Matchweek 12,Sat,Away,L,1.0,2.0,VfL Wolfsburg,1.0,25.0,9.0,36.0,0.04,0.111,,,RB Leipzig,for
2023-11-25,11:30,52608,Bundesliga 23/24,23/24,Matchweek 12,Sat,Home,L,0.0,3.0,Bayer 04 Leverkusen,0.0,2.0,1.0,50.0,0.0,0.0,,,SV Werder Bremen,for
2023-11-25,11:30,52608,Bundesliga 23/24,23/24,Matchweek 12,Sat,Away,W,3.0,0.0,SV Werder Bremen,3.0,14.0,4.0,28.6,0.214,0.75,,,Bayer 04 Leverkusen,for
2023-11-25,11:30,52608,Bundesliga 23/24,23/24,Matchweek 12,Sat,Home,D,1.0,1.0,FC Augsburg,1.0,15.0,6.0,40.0,0.067,0.167,,,1. FC Union Berlin,for
2023-11-25,11:30,52608,Bundesliga 23/24,23/24,Matchweek 12,Sat,Away,D,1.0,1.0,1. FC Union Berlin,1.0,11.0,2.0,18.2,0.091,0.5,,,FC Augsburg,for
2023-11-25,11:30,52608,Bundesliga 23/24,23/24,Matchweek 12,Sat,Home,D,1.0,1.0,Darmstadt 98,1.0,15.0,3.0,20.0,0.067,0.333,,,SC Freiburg,for
2023-11-25,11:30,52608,Bundesliga 23/24,23/24,Matchweek 12,Sat,Away,D,1.0,1.0,SC Freiburg,1.0,7.0,1.0,14.3,0.143,1.0,,,Darmstadt 98,for
2023-11-25,14:30,52608,Bundesliga 23/24,23/24,Matchweek 12,Sat,Home,L,1.0,2.0,VfB Stuttgart,1.0,14.0,1.0,7.1,0.071,1.0,,,Eintracht Frankfurt,for
2023-11-25,14:30,52608,Bundesliga 23/24,23/24,Matchweek 12,Sat,Away,W,2.0,1.0,Eintracht Frankfurt,2.0,11.0,5.0,45.5,0.182,0.4,,,VfB Stuttgart,for
2023-11-26,11:30,52608,Bundesliga 23/24,23/24,Matchweek 12,Sun,Home,D,0.0,0.0,VfL Bochum 1848,0.0,9.0,3.0,33.3,0.0,0.0,,,1. FC Heidenheim,for
2023-11-26,11:30,52608,Bundesliga 23/24,23/24,Matchweek 12,Sun,Away,D,0.0,0.0,1. FC Heidenheim,0.0,10.0,2.0,20.0,0.0,0.0,,,VfL Bochum 1848,for
2023-11-26,13:30,52608,Bundesliga 23/24,23/24,Matchweek 12,Sun,Home,D,1.0,1.0,1. FSV Mainz 05,1.0,15.0,4.0,26.7,0.067,0.25,,,TSG Hoffenheim,for
2023-11-26,13:30,52608,Bundesliga 23/24,23/24,Matchweek 12,Sun,Away,D,1.0,1.0,TSG Hoffenheim,1.0,14.0,5.0,35.7,0.071,0.2,,,1. FSV Mainz 05,for
2023-12-01,16:30,52608,Bundesliga 23/24,23/24,Matchweek 13,Fri,Home,L,0.0,1.0,1. FC Köln,0.0,11.0,2.0,18.2,0.0,0.0,,,Darmstadt 98,for
2023-12-01,16:30,52608,Bundesliga 23/24,23/24,Matchweek 13,Fri,Away,W,1.0,0.0,Darmstadt 98,1.0,12.0,6.0,50.0,0.083,0.167,,,1. FC Köln,for
2023-12-02,11:30,52608,Bundesliga 23/24,23/24,Matchweek 13,Sat,Home,W,2.0,1.0,1. FC Heidenheim,2.0,23.0,8.0,34.8,0.087,0.25,,,RB Leipzig,for
2023-12-02,11:30,52608,Bundesliga 23/24,23/24,Matchweek 13,Sat,Away,L,1.0,2.0,RB Leipzig,1.0,7.0,1.0,14.3,0.143,1.0,,,1. FC Heidenheim,for
2023-12-02,11:30,52608,Bundesliga 23/24,23/24,Matchweek 13,Sat,Home,W,2.0,1.0,TSG Hoffenheim,2.0,9.0,3.0,33.3,0.222,0.667,,,Borussia M'gladbach,for
2023-12-02,11:30,52608,Bundesliga 23/24,23/24,Matchweek 13,Sat,Away,L,1.0,2.0,Borussia M'gladbach,1.0,19.0,5.0,26.3,0.053,0.2,,,TSG Hoffenheim,for
2023-12-02,11:30,52608,Bundesliga 23/24,23/24,Matchweek 13,Sat,Home,W,3.0,1.0,VfL Wolfsburg,3.0,20.0,8.0,40.0,0.15,0.375,,,VfL Bochum 1848,for
2023-12-02,11:30,52608,Bundesliga 23/24,23/24,Matchweek 13,Sat,Away,L,1.0,3.0,VfL Bochum 1848,1.0,16.0,6.0,37.5,0.062,0.167,,,VfL Wolfsburg,for
2023-12-02,14:30,52608,Bundesliga 23/24,23/24,Matchweek 13,Sat,Home,W,2.0,0.0,SV Werder Bremen,2.0,19.0,6.0,31.6,0.105,0.333,,,VfB Stuttgart,for
2023-12-02,14:30,52608,Bundesliga 23/24,23/24,Matchweek 13,Sat,Away,L,0.0,2.0,VfB Stuttgart,0.0,12.0,3.0,25.0,0.0,0.0,,,SV Werder Bremen,for
2023-12-03,11:30,52608,Bundesliga 23/24,23/24,Matchweek 13,Sun,Home,L,0.0,1.0,SC Freiburg,0.0,20.0,5.0,25.0,0.0,0.0,,,1. FSV Mainz 05,for
2023-12-03,11:30,52608,Bundesliga 23/24,23/24,Matchweek 13,Sun,Away,W,1.0,0.0,1. FSV Mainz 05,1.0,13.0,5.0,38.5,0.077,0.2,,,SC Freiburg,for
2023-12-03,13:30,52608,Bundesliga 23/24,23/24,Matchweek 13,Sun,Home,D,1.0,1.0,Borussia Dortmund,1.0,23.0,6.0,26.1,0.043,0.167,,,Bayer 04 Leverkusen,for
2023-12-03,13:30,52608,Bundesliga 23/24,23/24,Matchweek 13,Sun,Away,D,1.0,1.0,Bayer 04 Leverkusen,1.0,6.0,2.0,33.3,0.167,0.5,,,Borussia Dortmund,for
2023-12-03,15:30,52608,Bundesliga 23/24,23/24,Matchweek 13,Sun,Home,W,2.0,1.0,Eintracht Frankfurt,2.0,8.0,4.0,50.0,0.25,0.5,,,FC Augsburg,for
2023-12-03,15:30,52608,Bundesliga 23/24,23/24,Matchweek 13,Sun,Away,L,1.0,2.0,FC Augsburg,1.0,14.0,6.0,42.9,0.071,0.167,,,Eintracht Frankfurt,for
2023-12-08,16:30,52608,Bundesliga 23/24,23/24,Matchweek 14,Fri,Home,W,3.0,1.0,VfL Bochum 1848,3.0,17.0,7.0,41.2,0.176,0.429,,,TSG Hoffenheim,for
2023-12-08,16:30,52608,Bundesliga 23/24,23/24,Matchweek 14,Fri,Away,L,1.0,3.0,TSG Hoffenheim,1.0,22.0,5.0,22.7,0.045,0.2,,,VfL Bochum 1848,for
2023-12-09,11:30,52608,Bundesliga 23/24,23/24,Matchweek 14,Sat,Home,W,5.0,1.0,FC Bayern München,5.0,14.0,6.0,42.9,0.357,0.833,,,Eintracht Frankfurt,for
2023-12-09,11:30,52608,Bundesliga 23/24,23/24,Matchweek 14,Sat,Away,L,1.0,5.0,Eintracht Frankfurt,1.0,20.0,4.0,20.0,0.05,0.25,,,FC Bayern München,for
2023-12-09,11:30,52608,Bundesliga 23/24,23/24,Matchweek 14,Sat,Home,W,3.0,1.0,Borussia M'gladbach,3.0,16.0,6.0,37.5,0.188,0.5,,,1. FC Union Berlin,for
2023-12-09,11:30,52608,Bundesliga 23/24,23/24,Matchweek 14,Sat,Away,L,1.0,3.0,1. FC Union Berlin,1.0,11.0,3.0,27.3,0.091,0.333,,,Borussia M'gladbach,for
2023-12-09,11:30,52608,Bundesliga 23/24,23/24,Matchweek 14,Sat,Home,L,0.0,1.0,SC Freiburg,0.0,10.0,2.0,20.0,0.0,0.0,,,VfL Wolfsburg,for
2023-12-09,11:30,52608,Bundesliga 23/24,23/24,Matchweek 14,Sat,Away,W,1.0,0.0,VfL Wolfsburg,1.0,4.0,1.0,25.0,0.25,1.0,,,SC Freiburg,for
2023-12-09,11:30,52608,Bundesliga 23/24,23/24,Matchweek 14,Sat,Home,W,2.0,0.0,FC Augsburg,2.0,14.0,5.0,35.7,0.143,0.4,,,SV Werder Bremen,for
2023-12-09,11:30,52608,Bundesliga 23/24,23/24,Matchweek 14,Sat,Away,L,0.0,2.0,SV Werder Bremen,0.0,11.0,1.0,9.1,0.0,0.0,,,FC Augsburg,for
2023-12-09,11:30,52608,Bundesliga 23/24,23/24,Matchweek 14,Sat,Home,W,3.0,2.0,Darmstadt 98,3.0,16.0,7.0,43.8,0.188,0.429,,,1. FC Heidenheim,for
2023-12-09,11:30,52608,Bundesliga 23/24,23/24,Matchweek 14,Sat,Away,L,2.0,3.0,1. FC Heidenheim,2.0,20.0,7.0,35.0,0.1,0.286,,,Darmstadt 98,for
2023-12-09,14:30,52608,Bundesliga 23/24,23/24,Matchweek 14,Sat,Home,L,2.0,3.0,RB Leipzig,2.0,18.0,6.0,33.3,0.111,0.333,,,Borussia Dortmund,for
2023-12-09,14:30,52608,Bundesliga 23/24,23/24,Matchweek 14,Sat,Away,W,3.0,2.0,Borussia Dortmund,3.0,26.0,8.0,30.8,0.115,0.375,,,RB Leipzig,for
2023-12-10,11:30,52608,Bundesliga 23/24,23/24,Matchweek 14,Sun,Home,D,1.0,1.0,Bayer 04 Leverkusen,1.0,22.0,12.0,54.5,0.045,0.083,,,VfB Stuttgart,for
2023-12-10,11:30,52608,Bundesliga 23/24,23/24,Matchweek 14,Sun,Away,D,1.0,1.0,VfB Stuttgart,1.0,18.0,5.0,27.8,0.056,0.2,,,Bayer 04 Leverkusen,for
2023-12-10,13:30,52608,Bundesliga 23/24,23/24,Matchweek 14,Sun,Home,D,0.0,0.0,1. FSV Mainz 05,0.0,5.0,3.0,60.0,0.0,0.0,,,1. FC Köln,for
2023-12-10,13:30,52608,Bundesliga 23/24,23/24,Matchweek 14,Sun,Away,D,0.0,0.0,1. FC Köln,0.0,13.0,5.0,38.5,0.0,0.0,,,1. FSV Mainz 05,for
2023-12-15,16:30,52608,Bundesliga 23/24,23/24,Matchweek 15,Fri,Home,D,2.0,2.0,SV Werder Bremen,2.0,14.0,4.0,28.6,0.143,0.5,,,Borussia M'gladbach,for
2023-12-15,16:30,52608,Bundesliga 23/24,23/24,Matchweek 15,Fri,Away,D,2.0,2.0,Borussia M'gladbach,2.0,12.0,5.0,41.7,0.167,0.4,,,SV Werder Bremen,for
2023-12-16,11:30,52608,Bundesliga 23/24,23/24,Matchweek 15,Sat,Home,D,1.0,1.0,Borussia Dortmund,1.0,20.0,3.0,15.0,0.05,0.333,,,FC Augsburg,for
2023-12-16,11:30,52608,Bundesliga 23/24,23/24,Matchweek 15,Sat,Away,D,1.0,1.0,FC Augsburg,1.0,24.0,7.0,29.2,0.042,0.143,,,Borussia Dortmund,for
2023-12-16,11:30,52608,Bundesliga 23/24,23/24,Matchweek 15,Sat,Home,W,3.0,0.0,1. FC Union Berlin,3.0,22.0,7.0,31.8,0.136,0.429,,,VfL Bochum 1848,for
2023-12-16,11:30,52608,Bundesliga 23/24,23/24,Matchweek 15,Sat,Away,L,0.0,3.0,VfL Bochum 1848,0.0,9.0,2.0,22.2,0.0,0.0,,,1. FC Union Berlin,for
2023-12-16,11:30,52608,Bundesliga 23/24,23/24,Matchweek 15,Sat,Home,L,0.0,1.0,VfL Wolfsburg,0.0,13.0,4.0,30.8,0.0,0.0,,,Darmstadt 98,for
2023-12-16,11:30,52608,Bundesliga 23/24,23/24,Matchweek 15,Sat,Away,W,1.0,0.0,Darmstadt 98,1.0,11.0,2.0,18.2,0.091,0.5,,,VfL Wolfsburg,for
2023-12-16,11:30,52608,Bundesliga 23/24,23/24,Matchweek 15,Sat,Home,L,0.0,1.0,1. FC Heidenheim,0.0,19.0,4.0,21.1,0.0,0.0,,,1. FSV Mainz 05,for
2023-12-16,11:30,52608,Bundesliga 23/24,23/24,Matchweek 15,Sat,Away,W,1.0,0.0,1. FSV Mainz 05,1.0,6.0,2.0,33.3,0.167,0.5,,,1. FC Heidenheim,for
2023-12-16,14:30,52608,Bundesliga 23/24,23/24,Matchweek 15,Sat,Home,W,3.0,1.0,TSG Hoffenheim,3.0,22.0,10.0,45.5,0.136,0.3,,,RB Leipzig,for
2023-12-16,14:30,52608,Bundesliga 23/24,23/24,Matchweek 15,Sat,Away,L,1.0,3.0,RB Leipzig,1.0,9.0,4.0,44.4,0.111,0.25,,,TSG Hoffenheim,for
2023-12-17,11:30,52608,Bundesliga 23/24,23/24,Matchweek 15,Sun,Home,W,2.0,0.0,1. FC Köln,2.0,22.0,7.0,31.8,0.091,0.286,,,SC Freiburg,for
2023-12-17,11:30,52608,Bundesliga 23/24,23/24,Matchweek 15,Sun,Away,L,0.0,2.0,SC Freiburg,0.0,7.0,1.0,14.3,0.0,0.0,,,1. FC Köln,for
2023-12-17,13:30,52608,Bundesliga 23/24,23/24,Matchweek 15,Sun,Home,W,3.0,0.0,Eintracht Frankfurt,3.0,14.0,5.0,35.7,0.214,0.6,,,Bayer 04 Leverkusen,for
2023-12-17,13:30,52608,Bundesliga 23/24,23/24,Matchweek 15,Sun,Away,L,0.0,3.0,Bayer 04 Leverkusen,0.0,4.0,2.0,50.0,0.0,0.0,,,Eintracht Frankfurt,for
2023-12-17,15:30,52608,Bundesliga 23/24,23/24,Matchweek 15,Sun,Home,W,3.0,0.0,VfB Stuttgart,3.0,17.0,8.0,47.1,0.176,0.375,,,FC Bayern München,for
2023-12-17,15:30,52608,Bundesliga 23/24,23/24,Matchweek 15,Sun,Away,L,0.0,3.0,FC Bayern München,0.0,6.0,2.0,33.3,0.0,0.0,,,VfB Stuttgart,for
2023-12-19,14:30,52608,Bundesliga 23/24,23/24,Matchweek 16,Tue,Home,D,1.0,1.0,RB Leipzig,1.0,11.0,2.0,18.2,0.091,0.5,,,SV Werder Bremen,for
2023-12-19,14:30,52608,Bundesliga 23/24,23/24,Matchweek 16,Tue,Away,D,1.0,1.0,SV Werder Bremen,1.0,17.0,8.0,47.1,0.059,0.125,,,RB Leipzig,for
2023-12-19,16:30,52608,Bundesliga 23/24,23/24,Matchweek 16,Tue,Home,D,1.0,1.0,1. FSV Mainz 05,1.0,22.0,7.0,31.8,0.045,0.143,,,Borussia Dortmund,for
2023-12-19,16:30,52608,Bundesliga 23/24,23/24,Matchweek 16,Tue,Away,D,1.0,1.0,Borussia Dortmund,1.0,11.0,6.0,54.5,0.091,0.167,,,1. FSV Mainz 05,for
2023-12-19,16:30,52608,Bundesliga 23/24,23/24,Matchweek 16,Tue,Home,D,3.0,3.0,Darmstadt 98,3.0,14.0,4.0,28.6,0.214,0.75,,,TSG Hoffenheim,for
2023-12-19,16:30,52608,Bundesliga 23/24,23/24,Matchweek 16,Tue,Away,D,3.0,3.0,TSG Hoffenheim,3.0,15.0,3.0,20.0,0.2,1.0,,,Darmstadt 98,for
2023-12-20,14:30,52608,Bundesliga 23/24,23/24,Matchweek 16,Wed,Home,W,2.0,0.0,1. FC Köln,2.0,11.0,7.0,63.6,0.182,0.286,,,1. FC Union Berlin,for
2023-12-20,14:30,52608,Bundesliga 23/24,23/24,Matchweek 16,Wed,Away,L,0.0,2.0,1. FC Union Berlin,0.0,16.0,7.0,43.8,0.0,0.0,,,1. FC Köln,for
2023-12-20,16:30,52608,Bundesliga 23/24,23/24,Matchweek 16,Wed,Home,L,1.0,2.0,FC Bayern München,1.0,5.0,4.0,80.0,0.2,0.25,,,VfL Wolfsburg,for
2023-12-20,16:30,52608,Bundesliga 23/24,23/24,Matchweek 16,Wed,Away,W,2.0,1.0,VfL Wolfsburg,2.0,21.0,8.0,38.1,0.095,0.25,,,FC Bayern München,for
2023-12-20,16:30,52608,Bundesliga 23/24,23/24,Matchweek 16,Wed,Home,W,4.0,0.0,VfL Bochum 1848,4.0,16.0,8.0,50.0,0.25,0.5,,,Bayer 04 Leverkusen,for
2023-12-20,16:30,52608,Bundesliga 23/24,23/24,Matchweek 16,Wed,Away,L,0.0,4.0,Bayer 04 Leverkusen,0.0,6.0,1.0,16.7,0.0,0.0,,,VfL Bochum 1848,for
2023-12-20,16:30,52608,Bundesliga 23/24,23/24,Matchweek 16,Wed,Home,W,2.0,1.0,Borussia M'gladbach,2.0,14.0,6.0,42.9,0.143,0.333,,,Eintracht Frankfurt,for
2023-12-20,16:30,52608,Bundesliga 23/24,23/24,Matchweek 16,Wed,Away,L,1.0,2.0,Eintracht Frankfurt,1.0,7.0,2.0,28.6,0.143,0.5,,,Borussia M'gladbach,for
2023-12-20,16:30,52608,Bundesliga 23/24,23/24,Matchweek 16,Wed,Home,W,3.0,0.0,FC Augsburg,3.0,17.0,8.0,47.1,0.176,0.375,,,VfB Stuttgart,for
2023-12-20,16:30,52608,Bundesliga 23/24,23/24,Matchweek 16,Wed,Away,L,0.0,3.0,VfB Stuttgart,0.0,6.0,4.0,66.7,0.0,0.0,,,FC Augsburg,for
2023-12-20,16:30,52608,Bundesliga 23/24,23/24,Matchweek 16,Wed,Home,W,3.0,2.0,SC Freiburg,3.0,15.0,3.0,20.0,0.2,1.0,,,1. FC Heidenheim,for
2023-12-20,16:30,52608,Bundesliga 23/24,23/24,Matchweek 16,Wed,Away,L,2.0,3.0,1. FC Heidenheim,2.0,11.0,4.0,36.4,0.182,0.5,,,SC Freiburg,for
2024-01-12,16:30,52608,Bundesliga 23/24,23/24,Matchweek 17,Fri,Home,W,3.0,0.0,TSG Hoffenheim,3.0,27.0,11.0,40.7,0.111,0.273,,,FC Bayern München,for
2024-01-12,16:30,52608,Bundesliga 23/24,23/24,Matchweek 17,Fri,Away,L,0.0,3.0,FC Bayern München,0.0,11.0,4.0,36.4,0.0,0.0,,,TSG Hoffenheim,for
2024-01-13,11:30,52608,Bundesliga 23/24,23/24,Matchweek 17,Sat,Home,L,0.0,1.0,Eintracht Frankfurt,0.0,31.0,8.0,25.8,0.0,0.0,,,RB Leipzig,for
2024-01-13,11:30,52608,Bundesliga 23/24,23/24,Matchweek 17,Sat,Away,W,1.0,0.0,RB Leipzig,1.0,5.0,1.0,20.0,0.2,1.0,,,Eintracht Frankfurt,for
2024-01-13,11:30,52608,Bundesliga 23/24,23/24,Matchweek 17,Sat,Home,L,0.0,1.0,Bayer 04 Leverkusen,0.0,3.0,0.0,0.0,0.0,,,,FC Augsburg,for
2024-01-13,11:30,52608,Bundesliga 23/24,23/24,Matchweek 17,Sat,Away,W,1.0,0.0,FC Augsburg,1.0,24.0,6.0,25.0,0.042,0.167,,,Bayer 04 Leverkusen,for
2024-01-13,11:30,52608,Bundesliga 23/24,23/24,Matchweek 17,Sat,Home,D,0.0,0.0,1. FC Union Berlin,0.0,13.0,3.0,23.1,0.0,0.0,,,SC Freiburg,for
2024-01-13,11:30,52608,Bundesliga 23/24,23/24,Matchweek 17,Sat,Away,D,0.0,0.0,SC Freiburg,0.0,9.0,4.0,44.4,0.0,0.0,,,1. FC Union Berlin,for
2024-01-13,11:30,52608,Bundesliga 23/24,23/24,Matchweek 17,Sat,Home,D,1.0,1.0,VfL Wolfsburg,1.0,11.0,2.0,18.2,0.091,0.5,,,1. FSV Mainz 05,for
2024-01-13,11:30,52608,Bundesliga 23/24,23/24,Matchweek 17,Sat,Away,D,1.0,1.0,1. FSV Mainz 05,1.0,9.0,4.0,44.4,0.111,0.25,,,VfL Wolfsburg,for
2024-01-13,11:30,52608,Bundesliga 23/24,23/24,Matchweek 17,Sat,Home,D,1.0,1.0,1. FC Heidenheim,1.0,14.0,5.0,35.7,0.071,0.2,,,1. FC Köln,for
2024-01-13,11:30,52608,Bundesliga 23/24,23/24,Matchweek 17,Sat,Away,D,1.0,1.0,1. FC Köln,1.0,9.0,2.0,22.2,0.111,0.5,,,1. FC Heidenheim,for
2024-01-13,14:30,52608,Bundesliga 23/24,23/24,Matchweek 17,Sat,Home,L,0.0,3.0,Borussia Dortmund,0.0,11.0,2.0,18.2,0.0,0.0,,,Darmstadt 98,for
2024-01-13,14:30,52608,Bundesliga 23/24,23/24,Matchweek 17,Sat,Away,W,3.0,0.0,Darmstadt 98,3.0,17.0,8.0,47.1,0.176,0.375,,,Borussia Dortmund,for
2024-01-14,11:30,52608,Bundesliga 23/24,23/24,Matchweek 17,Sun,Home,D,1.0,1.0,SV Werder Bremen,1.0,14.0,4.0,28.6,0.071,0.25,,,VfL Bochum 1848,for
2024-01-14,11:30,52608,Bundesliga 23/24,23/24,Matchweek 17,Sun,Away,D,1.0,1.0,VfL Bochum 1848,1.0,16.0,3.0,18.8,0.062,0.333,,,SV Werder Bremen,for
2024-01-14,13:30,52608,Bundesliga 23/24,23/24,Matchweek 17,Sun,Home,W,3.0,1.0,VfB Stuttgart,3.0,8.0,4.0,50.0,0.375,0.75,,,Borussia M'gladbach,for
2024-01-14,13:30,52608,Bundesliga 23/24,23/24,Matchweek 17,Sun,Away,L,1.0,3.0,Borussia M'gladbach,1.0,15.0,2.0,13.3,0.067,0.5,,,VfB Stuttgart,for
2024-01-20,11:30,52608,Bundesliga 23/24,23/24,Matchweek 18,Sat,Home,L,0.0,4.0,Borussia Dortmund,0.0,19.0,5.0,26.3,0.0,0.0,,,1. FC Köln,for
2024-01-20,11:30,52608,Bundesliga 23/24,23/24,Matchweek 18,Sat,Away,W,4.0,0.0,1. FC Köln,4.0,11.0,7.0,63.6,0.364,0.571,,,Borussia Dortmund,for
2024-01-20,11:30,52608,Bundesliga 23/24,23/24,Matchweek 18,Sat,Home,D,2.0,2.0,Eintracht Frankfurt,2.0,12.0,3.0,25.0,0.167,0.667,,,Darmstadt 98,for
2024-01-20,11:30,52608,Bundesliga 23/24,23/24,Matchweek 18,Sat,Away,D,2.0,2.0,Darmstadt 98,2.0,8.0,4.0,50.0,0.25,0.5,,,Eintracht Frankfurt,for
2024-01-20,11:30,52608,Bundesliga 23/24,23/24,Matchweek 18,Sat,Home,W,1.0,0.0,VfB Stuttgart,1.0,6.0,1.0,16.7,0.167,1.0,,,VfL Bochum 1848,for
2024-01-20,11:30,52608,Bundesliga 23/24,23/24,Matchweek 18,Sat,Away,L,0.0,1.0,VfL Bochum 1848,0.0,19.0,5.0,26.3,0.0,0.0,,,VfB Stuttgart,for
2024-01-20,11:30,52608,Bundesliga 23/24,23/24,Matchweek 18,Sat,Home,W,3.0,2.0,TSG Hoffenheim,3.0,18.0,9.0,50.0,0.167,0.333,,,SC Freiburg,for
2024-01-20,11:30,52608,Bundesliga 23/24,23/24,Matchweek 18,Sat,Away,L,2.0,3.0,SC Freiburg,2.0,16.0,4.0,25.0,0.125,0.5,,,TSG Hoffenheim,for
2024-01-20,11:30,52608,Bundesliga 23/24,23/24,Matchweek 18,Sat,Home,D,1.0,1.0,VfL Wolfsburg,1.0,12.0,3.0,25.0,0.083,0.333,,,1. FC Heidenheim,for
2024-01-20,11:30,52608,Bundesliga 23/24,23/24,Matchweek 18,Sat,Away,D,1.0,1.0,1. FC Heidenheim,1.0,13.0,3.0,23.1,0.077,0.333,,,VfL Wolfsburg,for
2024-01-20,14:30,52608,Bundesliga 23/24,23/24,Matchweek 18,Sat,Home,L,2.0,3.0,Bayer 04 Leverkusen,2.0,10.0,6.0,60.0,0.2,0.333,,,RB Leipzig,for
2024-01-20,14:30,52608,Bundesliga 23/24,23/24,Matchweek 18,Sat,Away,W,3.0,2.0,RB Leipzig,3.0,18.0,5.0,27.8,0.167,0.6,,,Bayer 04 Leverkusen,for
2024-01-21,11:30,52608,Bundesliga 23/24,23/24,Matchweek 18,Sun,Home,L,0.0,1.0,SV Werder Bremen,0.0,22.0,7.0,31.8,0.0,0.0,,,FC Bayern München,for
2024-01-21,11:30,52608,Bundesliga 23/24,23/24,Matchweek 18,Sun,Away,W,1.0,0.0,FC Bayern München,1.0,8.0,3.0,37.5,0.125,0.333,,,SV Werder Bremen,for
2024-01-21,13:30,52608,Bundesliga 23/24,23/24,Matchweek 18,Sun,Home,L,1.0,2.0,FC Augsburg,1.0,18.0,4.0,22.2,0.056,0.25,,,Borussia M'gladbach,for
2024-01-21,13:30,52608,Bundesliga 23/24,23/24,Matchweek 18,Sun,Away,W,2.0,1.0,Borussia M'gladbach,2.0,15.0,7.0,46.7,0.133,0.286,,,FC Augsburg,for
2024-01-24,16:30,52608,Bundesliga 23/24,23/24,Matchweek 13,Wed,Home,W,1.0,0.0,1. FC Union Berlin,1.0,22.0,10.0,45.5,0.045,0.1,,,FC Bayern München,for
2024-01-24,16:30,52608,Bundesliga 23/24,23/24,Matchweek 13,Wed,Away,L,0.0,1.0,FC Bayern München,0.0,4.0,1.0,25.0,0.0,0.0,,,1. FC Union Berlin,for
2024-01-26,16:30,52608,Bundesliga 23/24,23/24,Matchweek 19,Fri,Home,W,1.0,0.0,1. FSV Mainz 05,1.0,11.0,3.0,27.3,0.091,0.333,,,Eintracht Frankfurt,for
2024-01-26,16:30,52608,Bundesliga 23/24,23/24,Matchweek 19,Fri,Away,L,0.0,1.0,Eintracht Frankfurt,0.0,7.0,0.0,0.0,0.0,,,,1. FSV Mainz 05,for
2024-01-27,11:30,52608,Bundesliga 23/24,23/24,Matchweek 19,Sat,Home,L,2.0,3.0,FC Bayern München,2.0,15.0,7.0,46.7,0.133,0.286,,,FC Augsburg,for
2024-01-27,11:30,52608,Bundesliga 23/24,23/24,Matchweek 19,Sat,Away,W,3.0,2.0,FC Augsburg,3.0,13.0,4.0,30.8,0.231,0.75,,,FC Bayern München,for
2024-01-27,11:30,52608,Bundesliga 23/24,23/24,Matchweek 19,Sat,Home,W,5.0,2.0,RB Leipzig,5.0,18.0,9.0,50.0,0.278,0.556,,,VfB Stuttgart,for
2024-01-27,11:30,52608,Bundesliga 23/24,23/24,Matchweek 19,Sat,Away,L,2.0,5.0,VfB Stuttgart,2.0,4.0,2.0,50.0,0.5,1.0,,,RB Leipzig,for
2024-01-27,11:30,52608,Bundesliga 23/24,23/24,Matchweek 19,Sat,Home,W,3.0,1.0,SC Freiburg,3.0,14.0,3.0,21.4,0.214,1.0,,,SV Werder Bremen,for
2024-01-27,11:30,52608,Bundesliga 23/24,23/24,Matchweek 19,Sat,Away,L,1.0,3.0,SV Werder Bremen,1.0,7.0,4.0,57.1,0.143,0.25,,,SC Freiburg,for
2024-01-27,11:30,52608,Bundesliga 23/24,23/24,Matchweek 19,Sat,Home,D,1.0,1.0,1. FC Köln,1.0,14.0,4.0,28.6,0.071,0.25,,,VfL Wolfsburg,for
2024-01-27,11:30,52608,Bundesliga 23/24,23/24,Matchweek 19,Sat,Away,D,1.0,1.0,VfL Wolfsburg,1.0,6.0,2.0,33.3,0.167,0.5,,,1. FC Köln,for
2024-01-27,11:30,52608,Bundesliga 23/24,23/24,Matchweek 19,Sat,Home,D,1.0,1.0,1. FC Heidenheim,1.0,23.0,7.0,30.4,0.043,0.143,,,TSG Hoffenheim,for
2024-01-27,11:30,52608,Bundesliga 23/24,23/24,Matchweek 19,Sat,Away,D,1.0,1.0,TSG Hoffenheim,1.0,14.0,3.0,21.4,0.071,0.333,,,1. FC Heidenheim,for
2024-01-27,14:30,52608,Bundesliga 23/24,23/24,Matchweek 19,Sat,Home,D,0.0,0.0,Borussia M'gladbach,0.0,28.0,9.0,32.1,0.0,0.0,,,Bayer 04 Leverkusen,for
2024-01-27,14:30,52608,Bundesliga 23/24,23/24,Matchweek 19,Sat,Away,D,0.0,0.0,Bayer 04 Leverkusen,0.0,4.0,3.0,75.0,0.0,0.0,,,Borussia M'gladbach,for
2024-01-28,11:30,52608,Bundesliga 23/24,23/24,Matchweek 19,Sun,Home,W,1.0,0.0,Darmstadt 98,1.0,21.0,6.0,28.6,0.048,0.167,,,1. FC Union Berlin,for
2024-01-28,11:30,52608,Bundesliga 23/24,23/24,Matchweek 19,Sun,Away,L,0.0,1.0,1. FC Union Berlin,0.0,16.0,1.0,6.2,0.0,0.0,,,Darmstadt 98,for
2024-01-28,13:30,52608,Bundesliga 23/24,23/24,Matchweek 19,Sun,Home,W,3.0,1.0,VfL Bochum 1848,3.0,19.0,6.0,31.6,0.158,0.5,,,Borussia Dortmund,for
2024-01-28,13:30,52608,Bundesliga 23/24,23/24,Matchweek 19,Sun,Away,L,1.0,3.0,Borussia Dortmund,1.0,11.0,4.0,36.4,0.091,0.25,,,VfL Bochum 1848,for
2024-02-02,16:30,52608,Bundesliga 23/24,23/24,Matchweek 20,Fri,Home,D,0.0,0.0,Borussia Dortmund,0.0,12.0,0.0,0.0,0.0,,,,1. FC Heidenheim,for
2024-02-02,16:30,52608,Bundesliga 23/24,23/24,Matchweek 20,Fri,Away,D,0.0,0.0,1. FC Heidenheim,0.0,14.0,5.0,35.7,0.0,0.0,,,Borussia Dortmund,for
2024-02-03,11:30,52608,Bundesliga 23/24,23/24,Matchweek 20,Sat,Home,W,3.0,1.0,Borussia M'gladbach,3.0,20.0,6.0,30.0,0.15,0.5,,,FC Bayern München,for
2024-02-03,11:30,52608,Bundesliga 23/24,23/24,Matchweek 20,Sat,Away,L,1.0,3.0,FC Bayern München,1.0,11.0,3.0,27.3,0.091,0.333,,,Borussia M'gladbach,for
2024-02-03,11:30,52608,Bundesliga 23/24,23/24,Matchweek 20,Sat,Home,L,0.0,2.0,Bayer 04 Leverkusen,0.0,8.0,6.0,75.0,0.0,0.0,,,Darmstadt 98,for
2024-02-03,11:30,52608,Bundesliga 23/24,23/24,Matchweek 20,Sat,Away,W,2.0,0.0,Darmstadt 98,2.0,20.0,7.0,35.0,0.1,0.286,,,Bayer 04 Leverkusen,for
2024-02-03,11:30,52608,Bundesliga 23/24,23/24,Matchweek 20,Sat,Home,L,1.0,3.0,VfB Stuttgart,1.0,6.0,4.0,66.7,0.167,0.25,,,SC Freiburg,for
2024-02-03,11:30,52608,Bundesliga 23/24,23/24,Matchweek 20,Sat,Away,W,3.0,1.0,SC Freiburg,3.0,17.0,9.0,52.9,0.176,0.333,,,VfB Stuttgart,for
2024-02-03,11:30,52608,Bundesliga 23/24,23/24,Matchweek 20,Sat,Home,L,0.0,1.0,SV Werder Bremen,0.0,23.0,5.0,21.7,0.0,0.0,,,1. FSV Mainz 05,for
2024-02-03,11:30,52608,Bundesliga 23/24,23/24,Matchweek 20,Sat,Away,W,1.0,0.0,1. FSV Mainz 05,1.0,6.0,1.0,16.7,0.167,1.0,,,SV Werder Bremen,for
2024-02-03,11:30,52608,Bundesliga 23/24,23/24,Matchweek 20,Sat,Home,D,1.0,1.0,FC Augsburg,1.0,10.0,4.0,40.0,0.1,0.25,,,VfL Bochum 1848,for
2024-02-03,11:30,52608,Bundesliga 23/24,23/24,Matchweek 20,Sat,Away,D,1.0,1.0,VfL Bochum 1848,1.0,14.0,3.0,21.4,0.071,0.333,,,FC Augsburg,for
2024-02-03,14:30,52608,Bundesliga 23/24,23/24,Matchweek 20,Sat,Home,W,2.0,0.0,Eintracht Frankfurt,2.0,15.0,4.0,26.7,0.133,0.5,,,1. FC Köln,for
2024-02-03,14:30,52608,Bundesliga 23/24,23/24,Matchweek 20,Sat,Away,L,0.0,2.0,1. FC Köln,0.0,11.0,4.0,36.4,0.0,0.0,,,Eintracht Frankfurt,for
2024-02-04,11:30,52608,Bundesliga 23/24,23/24,Matchweek 20,Sun,Home,D,2.0,2.0,TSG Hoffenheim,2.0,14.0,7.0,50.0,0.143,0.286,,,VfL Wolfsburg,for
2024-02-04,11:30,52608,Bundesliga 23/24,23/24,Matchweek 20,Sun,Away,D,2.0,2.0,VfL Wolfsburg,2.0,17.0,7.0,41.2,0.118,0.286,,,TSG Hoffenheim,for
2024-02-04,13:30,52608,Bundesliga 23/24,23/24,Matchweek 20,Sun,Home,W,2.0,0.0,1. FC Union Berlin,2.0,16.0,6.0,37.5,0.125,0.333,,,RB Leipzig,for
2024-02-04,13:30,52608,Bundesliga 23/24,23/24,Matchweek 20,Sun,Away,L,0.0,2.0,RB Leipzig,0.0,10.0,2.0,20.0,0.0,0.0,,,1. FC Union Berlin,for
2024-02-07,14:30,52608,Bundesliga 23/24,23/24,Matchweek 18,Wed,Home,D,1.0,1.0,1. FC Union Berlin,1.0,16.0,8.0,50.0,0.062,0.125,,,1. FSV Mainz 05,for
2024-02-07,14:30,52608,Bundesliga 23/24,23/24,Matchweek 18,Wed,Away,D,1.0,1.0,1. FSV Mainz 05,1.0,16.0,4.0,25.0,0.062,0.25,,,1. FC Union Berlin,for
2024-02-09,16:30,52608,Bundesliga 23/24,23/24,Matchweek 21,Fri,Home,W,3.0,0.0,SC Freiburg,3.0,17.0,8.0,47.1,0.176,0.375,,,Borussia Dortmund,for
2024-02-09,16:30,52608,Bundesliga 23/24,23/24,Matchweek 21,Fri,Away,L,0.0,3.0,Borussia Dortmund,0.0,6.0,3.0,50.0,0.0,0.0,,,SC Freiburg,for
2024-02-10,11:30,52608,Bundesliga 23/24,23/24,Matchweek 21,Sat,Home,D,2.0,2.0,RB Leipzig,2.0,11.0,4.0,36.4,0.182,0.5,,,FC Augsburg,for
2024-02-10,11:30,52608,Bundesliga 23/24,23/24,Matchweek 21,Sat,Away,D,2.0,2.0,FC Augsburg,2.0,9.0,7.0,77.8,0.222,0.286,,,RB Leipzig,for
2024-02-10,11:30,52608,Bundesliga 23/24,23/24,Matchweek 21,Sat,Home,W,1.0,0.0,VfL Wolfsburg,1.0,8.0,1.0,12.5,0.125,1.0,,,1. FC Union Berlin,for
2024-02-10,11:30,52608,Bundesliga 23/24,23/24,Matchweek 21,Sat,Away,L,0.0,1.0,1. FC Union Berlin,0.0,17.0,4.0,23.5,0.0,0.0,,,VfL Wolfsburg,for
2024-02-10,11:30,52608,Bundesliga 23/24,23/24,Matchweek 21,Sat,Home,D,1.0,1.0,VfL Bochum 1848,1.0,9.0,2.0,22.2,0.111,0.5,,,Eintracht Frankfurt,for
2024-02-10,11:30,52608,Bundesliga 23/24,23/24,Matchweek 21,Sat,Away,D,1.0,1.0,Eintracht Frankfurt,1.0,14.0,5.0,35.7,0.071,0.2,,,VfL Bochum 1848,for
2024-02-10,11:30,52608,Bundesliga 23/24,23/24,Matchweek 21,Sat,Home,D,0.0,0.0,Darmstadt 98,0.0,24.0,8.0,33.3,0.0,0.0,,,Borussia M'gladbach,for
2024-02-10,11:30,52608,Bundesliga 23/24,23/24,Matchweek 21,Sat,Away,D,0.0,0.0,Borussia M'gladbach,0.0,10.0,1.0,10.0,0.0,0.0,,,Darmstadt 98,for
2024-02-10,11:30,52608,Bundesliga 23/24,23/24,Matchweek 21,Sat,Home,L,1.0,2.0,1. FC Heidenheim,1.0,15.0,3.0,20.0,0.067,0.333,,,SV Werder Bremen,for
2024-02-10,11:30,52608,Bundesliga 23/24,23/24,Matchweek 21,Sat,Away,W,2.0,1.0,SV Werder Bremen,2.0,11.0,3.0,27.3,0.182,0.667,,,1. FC Heidenheim,for
2024-02-10,14:30,52608,Bundesliga 23/24,23/24,Matchweek 21,Sat,Home,W,3.0,0.0,FC Bayern München,3.0,14.0,8.0,57.1,0.214,0.375,,,Bayer 04 Leverkusen,for
2024-02-10,14:30,52608,Bundesliga 23/24,23/24,Matchweek 21,Sat,Away,L,0.0,3.0,Bayer 04 Leverkusen,0.0,9.0,1.0,11.1,0.0,0.0,,,FC Bayern München,for
2024-02-11,11:30,52608,Bundesliga 23/24,23/24,Matchweek 21,Sun,Home,W,3.0,1.0,1. FSV Mainz 05,3.0,11.0,7.0,63.6,0.273,0.429,,,VfB Stuttgart,for
2024-02-11,11:30,52608,Bundesliga 23/24,23/24,Matchweek 21,Sun,Away,L,1.0,3.0,VfB Stuttgart,1.0,17.0,6.0,35.3,0.059,0.167,,,1. FSV Mainz 05,for
2024-02-11,13:30,52608,Bundesliga 23/24,23/24,Matchweek 21,Sun,Home,D,1.0,1.0,1. FC Köln,1.0,10.0,3.0,30.0,0.1,0.333,,,TSG Hoffenheim,for
2024-02-11,13:30,52608,Bundesliga 23/24,23/24,Matchweek 21,Sun,Away,D,1.0,1.0,TSG Hoffenheim,1.0,6.0,1.0,16.7,0.167,1.0,,,1. FC Köln,for
2024-02-16,16:30,52608,Bundesliga 23/24,23/24,Matchweek 22,Fri,Home,L,0.0,1.0,SV Werder Bremen,0.0,13.0,3.0,23.1,0.0,0.0,,,1. FC Köln,for
2024-02-16,16:30,52608,Bundesliga 23/24,23/24,Matchweek 22,Fri,Away,W,1.0,0.0,1. FC Köln,1.0,13.0,4.0,30.8,0.077,0.25,,,SV Werder Bremen,for
2024-02-17,11:30,52608,Bundesliga 23/24,23/24,Matchweek 22,Sat,Home,D,1.0,1.0,Borussia Dortmund,1.0,11.0,4.0,36.4,0.091,0.25,,,VfL Wolfsburg,for
2024-02-17,11:30,52608,Bundesliga 23/24,23/24,Matchweek 22,Sat,Away,D,1.0,1.0,VfL Wolfsburg,1.0,12.0,5.0,41.7,0.083,0.2,,,Borussia Dortmund,for
2024-02-17,11:30,52608,Bundesliga 23/24,23/24,Matchweek 22,Sat,Home,L,1.0,2.0,Bayer 04 Leverkusen,1.0,6.0,3.0,50.0,0.167,0.333,,,1. FC Heidenheim,for
2024-02-17,11:30,52608,Bundesliga 23/24,23/24,Matchweek 22,Sat,Away,W,2.0,1.0,1. FC Heidenheim,2.0,18.0,3.0,16.7,0.111,0.667,,,Bayer 04 Leverkusen,for
2024-02-17,11:30,52608,Bundesliga 23/24,23/24,Matchweek 22,Sat,Home,L,0.0,1.0,1. FC Union Berlin,0.0,18.0,4.0,22.2,0.0,0.0,,,TSG Hoffenheim,for
2024-02-17,11:30,52608,Bundesliga 23/24,23/24,Matchweek 22,Sat,Away,W,1.0,0.0,TSG Hoffenheim,1.0,10.0,3.0,30.0,0.1,0.333,,,1. FC Union Berlin,for
2024-02-17,11:30,52608,Bundesliga 23/24,23/24,Matchweek 22,Sat,Home,L,1.0,2.0,VfB Stuttgart,1.0,20.0,8.0,40.0,0.05,0.125,,,Darmstadt 98,for
2024-02-17,11:30,52608,Bundesliga 23/24,23/24,Matchweek 22,Sat,Away,W,2.0,1.0,Darmstadt 98,2.0,14.0,4.0,28.6,0.143,0.5,,,VfB Stuttgart,for
2024-02-17,11:30,52608,Bundesliga 23/24,23/24,Matchweek 22,Sat,Home,W,1.0,0.0,FC Augsburg,1.0,18.0,4.0,22.2,0.056,0.25,,,1. FSV Mainz 05,for
2024-02-17,11:30,52608,Bundesliga 23/24,23/24,Matchweek 22,Sat,Away,L,0.0,1.0,1. FSV Mainz 05,0.0,10.0,3.0,30.0,0.0,0.0,,,FC Augsburg,for
2024-02-17,14:30,52608,Bundesliga 23/24,23/24,Matchweek 22,Sat,Home,W,2.0,0.0,Borussia M'gladbach,2.0,16.0,9.0,56.2,0.125,0.222,,,RB Leipzig,for
2024-02-17,14:30,52608,Bundesliga 23/24,23/24,Matchweek 22,Sat,Away,L,0.0,2.0,RB Leipzig,0.0,15.0,0.0,0.0,0.0,,,,Borussia M'gladbach,for
2024-02-18,11:30,52608,Bundesliga 23/24,23/24,Matchweek 22,Sun,Home,D,3.0,3.0,Eintracht Frankfurt,3.0,13.0,8.0,61.5,0.231,0.375,,,SC Freiburg,for
2024-02-18,11:30,52608,Bundesliga 23/24,23/24,Matchweek 22,Sun,Away,D,3.0,3.0,SC Freiburg,3.0,10.0,6.0,60.0,0.3,0.5,,,Eintracht Frankfurt,for
2024-02-18,13:30,52608,Bundesliga 23/24,23/24,Matchweek 22,Sun,Home,W,3.0,2.0,FC Bayern München,3.0,13.0,4.0,30.8,0.231,0.75,,,VfL Bochum 1848,for
2024-02-18,13:30,52608,Bundesliga 23/24,23/24,Matchweek 22,Sun,Away,L,2.0,3.0,VfL Bochum 1848,2.0,27.0,10.0,37.0,0.074,0.2,,,FC Bayern München,for
2024-02-23,16:30,52608,Bundesliga 23/24,23/24,Matchweek 23,Fri,Home,W,2.0,1.0,1. FSV Mainz 05,2.0,17.0,7.0,41.2,0.118,0.286,,,Bayer 04 Leverkusen,for
2024-02-23,16:30,52608,Bundesliga 23/24,23/24,Matchweek 23,Fri,Away,L,1.0,2.0,Bayer 04 Leverkusen,1.0,13.0,5.0,38.5,0.077,0.2,,,1. FSV Mainz 05,for
2024-02-24,11:30,52608,Bundesliga 23/24,23/24,Matchweek 23,Sat,Home,D,1.0,1.0,1. FC Köln,1.0,13.0,5.0,38.5,0.077,0.2,,,VfB Stuttgart,for
2024-02-24,11:30,52608,Bundesliga 23/24,23/24,Matchweek 23,Sat,Away,D,1.0,1.0,VfB Stuttgart,1.0,12.0,6.0,50.0,0.083,0.167,,,1. FC Köln,for
2024-02-24,11:30,52608,Bundesliga 23/24,23/24,Matchweek 23,Sat,Home,D,2.0,2.0,1. FC Heidenheim,2.0,12.0,3.0,25.0,0.167,0.667,,,1. FC Union Berlin,for
2024-02-24,11:30,52608,Bundesliga 23/24,23/24,Matchweek 23,Sat,Away,D,2.0,2.0,1. FC Union Berlin,2.0,10.0,4.0,40.0,0.2,0.5,,,1. FC Heidenheim,for
2024-02-24,11:30,52608,Bundesliga 23/24,23/24,Matchweek 23,Sat,Home,W,5.0,2.0,VfL Bochum 1848,5.0,22.0,6.0,27.3,0.227,0.833,,,Borussia M'gladbach,for
2024-02-24,11:30,52608,Bundesliga 23/24,23/24,Matchweek 23,Sat,Away,L,2.0,5.0,Borussia M'gladbach,2.0,16.0,4.0,25.0,0.125,0.5,,,VfL Bochum 1848,for
2024-02-24,11:30,52608,Bundesliga 23/24,23/24,Matchweek 23,Sat,Home,D,1.0,1.0,Darmstadt 98,1.0,15.0,4.0,26.7,0.067,0.25,,,SV Werder Bremen,for
2024-02-24,11:30,52608,Bundesliga 23/24,23/24,Matchweek 23,Sat,Away,D,1.0,1.0,SV Werder Bremen,1.0,12.0,3.0,25.0,0.083,0.333,,,Darmstadt 98,for
2024-02-24,14:30,52608,Bundesliga 23/24,23/24,Matchweek 23,Sat,Home,W,2.0,1.0,RB Leipzig,2.0,16.0,4.0,25.0,0.125,0.5,,,FC Bayern München,for
2024-02-24,14:30,52608,Bundesliga 23/24,23/24,Matchweek 23,Sat,Away,L,1.0,2.0,FC Bayern München,1.0,11.0,6.0,54.5,0.091,0.167,,,RB Leipzig,for
2024-02-25,11:30,52608,Bundesliga 23/24,23/24,Matchweek 23,Sun,Home,D,2.0,2.0,VfL Wolfsburg,2.0,12.0,5.0,41.7,0.167,0.4,,,Eintracht Frankfurt,for
2024-02-25,11:30,52608,Bundesliga 23/24,23/24,Matchweek 23,Sun,Away,D,2.0,2.0,Eintracht Frankfurt,2.0,14.0,8.0,57.1,0.143,0.25,,,VfL Wolfsburg,for
2024-02-25,13:30,52608,Bundesliga 23/24,23/24,Matchweek 23,Sun,Home,L,2.0,3.0,TSG Hoffenheim,2.0,21.0,7.0,33.3,0.095,0.286,,,Borussia Dortmund,for
2024-02-25,13:30,52608,Bundesliga 23/24,23/24,Matchweek 23,Sun,Away,W,3.0,2.0,Borussia Dortmund,3.0,9.0,5.0,55.6,0.333,0.6,,,TSG Hoffenheim,for
2024-02-25,15:30,52608,Bundesliga 23/24,23/24,Matchweek 23,Sun,Home,W,2.0,1.0,SC Freiburg,2.0,19.0,8.0,42.1,0.105,0.25,,,FC Augsburg,for
2024-02-25,15:30,52608,Bundesliga 23/24,23/24,Matchweek 23,Sun,Away,L,1.0,2.0,FC Augsburg,1.0,5.0,1.0,20.0,0.2,1.0,,,SC Freiburg,for
2024-03-01,16:30,52608,Bundesliga 23/24,23/24,Matchweek 24,Fri,Home,D,2.0,2.0,FC Bayern München,2.0,17.0,6.0,35.3,0.118,0.333,,,SC Freiburg,for
2024-03-01,16:30,52608,Bundesliga 23/24,23/24,Matchweek 24,Fri,Away,D,2.0,2.0,SC Freiburg,2.0,20.0,8.0,40.0,0.1,0.25,,,FC Bayern München,for
2024-03-02,11:30,52608,Bundesliga 23/24,23/24,Matchweek 24,Sat,Home,L,0.0,2.0,Borussia Dortmund,0.0,14.0,3.0,21.4,0.0,0.0,,,1. FC Union Berlin,for
2024-03-02,11:30,52608,Bundesliga 23/24,23/24,Matchweek 24,Sat,Away,W,2.0,0.0,1. FC Union Berlin,2.0,13.0,7.0,53.8,0.154,0.286,,,Borussia Dortmund,for
2024-03-02,11:30,52608,Bundesliga 23/24,23/24,Matchweek 24,Sat,Home,L,1.0,4.0,RB Leipzig,1.0,14.0,3.0,21.4,0.071,0.333,,,VfL Bochum 1848,for
2024-03-02,11:30,52608,Bundesliga 23/24,23/24,Matchweek 24,Sat,Away,W,4.0,1.0,VfL Bochum 1848,4.0,12.0,4.0,33.3,0.333,1.0,,,RB Leipzig,for
2024-03-02,11:30,52608,Bundesliga 23/24,23/24,Matchweek 24,Sat,Home,L,1.0,2.0,Eintracht Frankfurt,1.0,15.0,3.0,20.0,0.067,0.333,,,1. FC Heidenheim,for
2024-03-02,11:30,52608,Bundesliga 23/24,23/24,Matchweek 24,Sat,Away,W,2.0,1.0,1. FC Heidenheim,2.0,10.0,5.0,50.0,0.2,0.4,,,Eintracht Frankfurt,for
2024-03-02,11:30,52608,Bundesliga 23/24,23/24,Matchweek 24,Sat,Home,D,1.0,1.0,Borussia M'gladbach,1.0,19.0,3.0,15.8,0.053,0.333,,,1. FSV Mainz 05,for
2024-03-02,11:30,52608,Bundesliga 23/24,23/24,Matchweek 24,Sat,Away,D,1.0,1.0,1. FSV Mainz 05,1.0,14.0,5.0,35.7,0.071,0.2,,,Borussia M'gladbach,for
2024-03-02,11:30,52608,Bundesliga 23/24,23/24,Matchweek 24,Sat,Home,L,0.0,6.0,FC Augsburg,0.0,10.0,5.0,50.0,0.0,0.0,,,Darmstadt 98,for
2024-03-02,11:30,52608,Bundesliga 23/24,23/24,Matchweek 24,Sat,Away,W,6.0,0.0,Darmstadt 98,6.0,22.0,7.0,31.8,0.273,0.857,,,FC Augsburg,for
2024-03-02,14:30,52608,Bundesliga 23/24,23/24,Matchweek 24,Sat,Home,L,2.0,3.0,VfB Stuttgart,2.0,12.0,2.0,16.7,0.167,1.0,,,VfL Wolfsburg,for
2024-03-02,14:30,52608,Bundesliga 23/24,23/24,Matchweek 24,Sat,Away,W,3.0,2.0,VfL Wolfsburg,3.0,7.0,3.0,42.9,0.429,1.0,,,VfB Stuttgart,for
2024-03-03,11:30,52608,Bundesliga 23/24,23/24,Matchweek 24,Sun,Home,L,0.0,2.0,Bayer 04 Leverkusen,0.0,6.0,0.0,0.0,0.0,,,,1. FC Köln,for
2024-03-03,11:30,52608,Bundesliga 23/24,23/24,Matchweek 24,Sun,Away,W,2.0,0.0,1. FC Köln,2.0,17.0,5.0,29.4,0.118,0.4,,,Bayer 04 Leverkusen,for
2024-03-03,13:30,52608,Bundesliga 23/24,23/24,Matchweek 24,Sun,Home,W,2.0,1.0,SV Werder Bremen,2.0,14.0,7.0,50.0,0.143,0.286,,,TSG Hoffenheim,for
2024-03-03,13:30,52608,Bundesliga 23/24,23/24,Matchweek 24,Sun,Away,L,1.0,2.0,TSG Hoffenheim,1.0,18.0,7.0,38.9,0.056,0.143,,,SV Werder Bremen,for
2024-03-08,16:30,52608,Bundesliga 23/24,23/24,Matchweek 25,Fri,Home,W,2.0,0.0,1. FC Union Berlin,2.0,14.0,5.0,35.7,0.143,0.4,,,VfB Stuttgart,for
2024-03-08,16:30,52608,Bundesliga 23/24,23/24,Matchweek 25,Fri,Away,L,0.0,2.0,VfB Stuttgart,0.0,9.0,4.0,44.4,0.0,0.0,,,1. FC Union Berlin,for
2024-03-09,11:30,52608,Bundesliga 23/24,23/24,Matchweek 25,Sat,Home,W,8.0,1.0,1. FSV Mainz 05,8.0,24.0,12.0,50.0,0.333,0.667,,,FC Bayern München,for
2024-03-09,11:30,52608,Bundesliga 23/24,23/24,Matchweek 25,Sat,Away,L,1.0,8.0,FC Bayern München,1.0,14.0,2.0,14.3,0.071,0.5,,,1. FSV Mainz 05,for
2024-03-09,11:30,52608,Bundesliga 23/24,23/24,Matchweek 25,Sat,Home,W,2.0,0.0,Darmstadt 98,2.0,29.0,8.0,27.6,0.069,0.25,,,RB Leipzig,for
2024-03-09,11:30,52608,Bundesliga 23/24,23/24,Matchweek 25,Sat,Away,L,0.0,2.0,RB Leipzig,0.0,9.0,4.0,44.4,0.0,0.0,,,Darmstadt 98,for
2024-03-09,11:30,52608,Bundesliga 23/24,23/24,Matchweek 25,Sat,Home,D,3.0,3.0,1. FC Köln,3.0,17.0,5.0,29.4,0.176,0.6,,,Borussia M'gladbach,for
2024-03-09,11:30,52608,Bundesliga 23/24,23/24,Matchweek 25,Sat,Away,D,3.0,3.0,Borussia M'gladbach,3.0,12.0,5.0,41.7,0.25,0.6,,,1. FC Köln,for
2024-03-09,11:30,52608,Bundesliga 23/24,23/24,Matchweek 25,Sat,Home,W,1.0,0.0,1. FC Heidenheim,1.0,7.0,3.0,42.9,0.143,0.333,,,FC Augsburg,for
2024-03-09,11:30,52608,Bundesliga 23/24,23/24,Matchweek 25,Sat,Away,L,0.0,1.0,FC Augsburg,0.0,6.0,1.0,16.7,0.0,0.0,,,1. FC Heidenheim,for
2024-03-09,14:30,52608,Bundesliga 23/24,23/24,Matchweek 25,Sat,Home,L,1.0,2.0,Borussia Dortmund,1.0,16.0,5.0,31.2,0.062,0.2,,,SV Werder Bremen,for
2024-03-09,14:30,52608,Bundesliga 23/24,23/24,Matchweek 25,Sat,Away,W,2.0,1.0,SV Werder Bremen,2.0,13.0,6.0,46.2,0.154,0.333,,,Borussia Dortmund,for
2024-03-10,11:30,52608,Bundesliga 23/24,23/24,Matchweek 25,Sun,Home,L,1.0,2.0,SC Freiburg,1.0,24.0,7.0,29.2,0.042,0.143,,,VfL Bochum 1848,for
2024-03-10,11:30,52608,Bundesliga 23/24,23/24,Matchweek 25,Sun,Away,W,2.0,1.0,VfL Bochum 1848,2.0,9.0,5.0,55.6,0.222,0.4,,,SC Freiburg,for
2024-03-10,13:30,52608,Bundesliga 23/24,23/24,Matchweek 25,Sun,Home,W,3.0,1.0,TSG Hoffenheim,3.0,17.0,7.0,41.2,0.176,0.429,,,Eintracht Frankfurt,for
2024-03-10,13:30,52608,Bundesliga 23/24,23/24,Matchweek 25,Sun,Away,L,1.0,3.0,Eintracht Frankfurt,1.0,6.0,2.0,33.3,0.167,0.5,,,TSG Hoffenheim,for
2024-03-10,15:30,52608,Bundesliga 23/24,23/24,Matchweek 25,Sun,Home,W,2.0,0.0,VfL Wolfsburg,2.0,19.0,8.0,42.1,0.105,0.25,,,Bayer 04 Leverkusen,for
2024-03-10,15:30,52608,Bundesliga 23/24,23/24,Matchweek 25,Sun,Away,L,0.0,2.0,Bayer 04 Leverkusen,0.0,2.0,1.0,50.0,0.0,0.0,,,VfL Wolfsburg,for
2024-03-15,16:30,52608,Bundesliga 23/24,23/24,Matchweek 26,Fri,Home,L,1.0,5.0,RB Leipzig,1.0,10.0,2.0,20.0,0.1,0.5,,,1. FC Köln,for
2024-03-15,16:30,52608,Bundesliga 23/24,23/24,Matchweek 26,Fri,Away,W,5.0,1.0,1. FC Köln,5.0,22.0,8.0,36.4,0.227,0.625,,,RB Leipzig,for
2024-03-16,11:30,52608,Bundesliga 23/24,23/24,Matchweek 26,Sat,Home,L,2.0,5.0,FC Bayern München,2.0,7.0,3.0,42.9,0.286,0.667,,,Darmstadt 98,for
2024-03-16,11:30,52608,Bundesliga 23/24,23/24,Matchweek 26,Sat,Away,W,5.0,2.0,Darmstadt 98,5.0,27.0,6.0,22.2,0.185,0.833,,,FC Bayern München,for
2024-03-16,11:30,52608,Bundesliga 23/24,23/24,Matchweek 26,Sat,Home,W,2.0,1.0,SV Werder Bremen,2.0,11.0,6.0,54.5,0.182,0.333,,,1. FC Union Berlin,for
2024-03-16,11:30,52608,Bundesliga 23/24,23/24,Matchweek 26,Sat,Away,L,1.0,2.0,1. FC Union Berlin,1.0,11.0,2.0,18.2,0.091,0.5,,,SV Werder Bremen,for
2024-03-16,11:30,52608,Bundesliga 23/24,23/24,Matchweek 26,Sat,Home,D,1.0,1.0,Borussia M'gladbach,1.0,19.0,3.0,15.8,0.053,0.333,,,1. FC Heidenheim,for
2024-03-16,11:30,52608,Bundesliga 23/24,23/24,Matchweek 26,Sat,Away,D,1.0,1.0,1. FC Heidenheim,1.0,7.0,2.0,28.6,0.143,0.5,,,Borussia M'gladbach,for
2024-03-16,11:30,52608,Bundesliga 23/24,23/24,Matchweek 26,Sat,Home,L,1.0,3.0,FC Augsburg,1.0,15.0,4.0,26.7,0.067,0.25,,,VfL Wolfsburg,for
2024-03-16,11:30,52608,Bundesliga 23/24,23/24,Matchweek 26,Sat,Away,W,3.0,1.0,VfL Wolfsburg,3.0,15.0,5.0,33.3,0.2,0.6,,,FC Augsburg,for
2024-03-16,11:30,52608,Bundesliga 23/24,23/24,Matchweek 26,Sat,Home,W,2.0,0.0,VfL Bochum 1848,2.0,15.0,4.0,26.7,0.133,0.5,,,1. FSV Mainz 05,for
2024-03-16,11:30,52608,Bundesliga 23/24,23/24,Matchweek 26,Sat,Away,L,0.0,2.0,1. FSV Mainz 05,0.0,11.0,2.0,18.2,0.0,0.0,,,VfL Bochum 1848,for
2024-03-16,14:30,52608,Bundesliga 23/24,23/24,Matchweek 26,Sat,Home,L,0.0,3.0,VfB Stuttgart,0.0,7.0,1.0,14.3,0.0,0.0,,,TSG Hoffenheim,for
2024-03-16,14:30,52608,Bundesliga 23/24,23/24,Matchweek 26,Sat,Away,W,3.0,0.0,TSG Hoffenheim,3.0,25.0,11.0,44.0,0.12,0.273,,,VfB Stuttgart,for
2024-03-17,11:30,52608,Bundesliga 23/24,23/24,Matchweek 26,Sun,Home,L,2.0,3.0,Bayer 04 Leverkusen,2.0,11.0,3.0,27.3,0.182,0.667,,,SC Freiburg,for
2024-03-17,11:30,52608,Bundesliga 23/24,23/24,Matchweek 26,Sun,Away,W,3.0,2.0,SC Freiburg,3.0,19.0,7.0,36.8,0.158,0.429,,,Bayer 04 Leverkusen,for
2024-03-17,13:30,52608,Bundesliga 23/24,23/24,Matchweek 26,Sun,Home,W,3.0,1.0,Eintracht Frankfurt,3.0,16.0,6.0,37.5,0.188,0.5,,,Borussia Dortmund,for
2024-03-17,13:30,52608,Bundesliga 23/24,23/24,Matchweek 26,Sun,Away,L,1.0,3.0,Borussia Dortmund,1.0,9.0,6.0,66.7,0.111,0.167,,,Eintracht Frankfurt,for
2024-03-30,11:30,52608,Bundesliga 23/24,23/24,Matchweek 27,Sat,Home,W,2.0,1.0,TSG Hoffenheim,2.0,34.0,11.0,32.4,0.059,0.182,,,Bayer 04 Leverkusen,for
2024-03-30,11:30,52608,Bundesliga 23/24,23/24,Matchweek 27,Sat,Away,L,1.0,2.0,Bayer 04 Leverkusen,1.0,6.0,2.0,33.3,0.167,0.5,,,TSG Hoffenheim,for
2024-03-30,11:30,52608,Bundesliga 23/24,23/24,Matchweek 27,Sat,Home,D,0.0,0.0,1. FSV Mainz 05,0.0,20.0,10.0,50.0,0.0,0.0,,,RB Leipzig,for
2024-03-30,11:30,52608,Bundesliga 23/24,23/24,Matchweek 27,Sat,Away,D,0.0,0.0,RB Leipzig,0.0,8.0,2.0,25.0,0.0,0.0,,,1. FSV Mainz 05,for
2024-03-30,11:30,52608,Bundesliga 23/24,23/24,Matchweek 27,Sat,Home,D,0.0,0.0,1. FC Union Berlin,0.0,16.0,4.0,25.0,0.0,0.0,,,Eintracht Frankfurt,for
2024-03-30,11:30,52608,Bundesliga 23/24,23/24,Matchweek 27,Sat,Away,D,0.0,0.0,Eintracht Frankfurt,0.0,11.0,2.0,18.2,0.0,0.0,,,1. FC Union Berlin,for
2024-03-30,11:30,52608,Bundesliga 23/24,23/24,Matchweek 27,Sat,Home,L,0.0,3.0,SC Freiburg,0.0,19.0,4.0,21.1,0.0,0.0,,,Borussia M'gladbach,for
2024-03-30,11:30,52608,Bundesliga 23/24,23/24,Matchweek 27,Sat,Away,W,3.0,0.0,Borussia M'gladbach,3.0,14.0,8.0,57.1,0.214,0.375,,,SC Freiburg,for
2024-03-30,11:30,52608,Bundesliga 23/24,23/24,Matchweek 27,Sat,Home,L,0.0,2.0,VfL Wolfsburg,0.0,6.0,1.0,16.7,0.0,0.0,,,SV Werder Bremen,for
2024-03-30,11:30,52608,Bundesliga 23/24,23/24,Matchweek 27,Sat,Away,W,2.0,0.0,SV Werder Bremen,2.0,16.0,6.0,37.5,0.125,0.333,,,VfL Wolfsburg,for
2024-03-30,14:30,52608,Bundesliga 23/24,23/24,Matchweek 27,Sat,Home,L,0.0,2.0,Borussia Dortmund,0.0,17.0,2.0,11.8,0.0,0.0,,,FC Bayern München,for
2024-03-30,14:30,52608,Bundesliga 23/24,23/24,Matchweek 27,Sat,Away,W,2.0,0.0,FC Bayern München,2.0,11.0,5.0,45.5,0.182,0.4,,,Borussia Dortmund,for
2024-03-31,10:30,52608,Bundesliga 23/24,23/24,Matchweek 27,Sun,Home,D,1.0,1.0,1. FC Köln,1.0,25.0,6.0,24.0,0.04,0.167,,,FC Augsburg,for
2024-03-31,10:30,52608,Bundesliga 23/24,23/24,Matchweek 27,Sun,Away,D,1.0,1.0,FC Augsburg,1.0,12.0,2.0,16.7,0.083,0.5,,,1. FC Köln,for
2024-03-31,12:30,52608,Bundesliga 23/24,23/24,Matchweek 27,Sun,Home,D,3.0,3.0,1. FC Heidenheim,3.0,20.0,6.0,30.0,0.15,0.5,,,VfB Stuttgart,for
2024-03-31,12:30,52608,Bundesliga 23/24,23/24,Matchweek 27,Sun,Away,D,3.0,3.0,VfB Stuttgart,3.0,6.0,3.0,50.0,0.5,1.0,,,1. FC Heidenheim,for
2024-03-31,14:30,52608,Bundesliga 23/24,23/24,Matchweek 27,Sun,Home,D,2.0,2.0,Darmstadt 98,2.0,21.0,7.0,33.3,0.095,0.286,,,VfL Bochum 1848,for
2024-03-31,14:30,52608,Bundesliga 23/24,23/24,Matchweek 27,Sun,Away,D,2.0,2.0,VfL Bochum 1848,2.0,12.0,3.0,25.0,0.167,0.667,,,Darmstadt 98,for
2024-04-05,15:30,52608,Bundesliga 23/24,23/24,Matchweek 28,Fri,Home,D,1.0,1.0,SV Werder Bremen,1.0,24.0,5.0,20.8,0.042,0.2,,,Eintracht Frankfurt,for
2024-04-05,15:30,52608,Bundesliga 23/24,23/24,Matchweek 28,Fri,Away,D,1.0,1.0,Eintracht Frankfurt,1.0,11.0,7.0,63.6,0.091,0.143,,,SV Werder Bremen,for
2024-04-06,10:30,52608,Bundesliga 23/24,23/24,Matchweek 28,Sat,Home,W,3.0,2.0,FC Bayern München,3.0,9.0,4.0,44.4,0.333,0.75,,,1. FC Heidenheim,for
2024-04-06,10:30,52608,Bundesliga 23/24,23/24,Matchweek 28,Sat,Away,L,2.0,3.0,1. FC Heidenheim,2.0,15.0,7.0,46.7,0.133,0.286,,,FC Bayern München,for
2024-04-06,10:30,52608,Bundesliga 23/24,23/24,Matchweek 28,Sat,Home,L,0.0,1.0,Bayer 04 Leverkusen,0.0,9.0,0.0,0.0,0.0,,,,1. FC Union Berlin,for
2024-04-06,10:30,52608,Bundesliga 23/24,23/24,Matchweek 28,Sat,Away,W,1.0,0.0,1. FC Union Berlin,1.0,20.0,8.0,40.0,0.05,0.125,,,Bayer 04 Leverkusen,for
2024-04-06,10:30,52608,Bundesliga 23/24,23/24,Matchweek 28,Sat,Home,L,1.0,4.0,RB Leipzig,1.0,13.0,2.0,15.4,0.077,0.5,,,SC Freiburg,for
2024-04-06,10:30,52608,Bundesliga 23/24,23/24,Matchweek 28,Sat,Away,W,4.0,1.0,SC Freiburg,4.0,14.0,6.0,42.9,0.286,0.667,,,RB Leipzig,for
2024-04-06,10:30,52608,Bundesliga 23/24,23/24,Matchweek 28,Sat,Home,W,2.0,1.0,VfL Bochum 1848,2.0,20.0,7.0,35.0,0.1,0.286,,,1. FC Köln,for
2024-04-06,10:30,52608,Bundesliga 23/24,23/24,Matchweek 28,Sat,Away,L,1.0,2.0,1. FC Köln,1.0,11.0,2.0,18.2,0.091,0.5,,,VfL Bochum 1848,for
2024-04-06,10:30,52608,Bundesliga 23/24,23/24,Matchweek 28,Sat,Home,W,4.0,0.0,Darmstadt 98,4.0,18.0,9.0,50.0,0.222,0.444,,,1. FSV Mainz 05,for
2024-04-06,10:30,52608,Bundesliga 23/24,23/24,Matchweek 28,Sat,Away,L,0.0,4.0,1. FSV Mainz 05,0.0,14.0,2.0,14.3,0.0,0.0,,,Darmstadt 98,for
2024-04-06,13:30,52608,Bundesliga 23/24,23/24,Matchweek 28,Sat,Home,L,0.0,1.0,VfB Stuttgart,0.0,16.0,7.0,43.8,0.0,0.0,,,Borussia Dortmund,for
2024-04-06,13:30,52608,Bundesliga 23/24,23/24,Matchweek 28,Sat,Away,W,1.0,0.0,Borussia Dortmund,1.0,10.0,2.0,20.0,0.1,0.5,,,VfB Stuttgart,for
2024-04-07,10:30,52608,Bundesliga 23/24,23/24,Matchweek 28,Sun,Home,W,3.0,1.0,FC Augsburg,3.0,18.0,6.0,33.3,0.167,0.5,,,TSG Hoffenheim,for
2024-04-07,10:30,52608,Bundesliga 23/24,23/24,Matchweek 28,Sun,Away,L,1.0,3.0,TSG Hoffenheim,1.0,15.0,7.0,46.7,0.067,0.143,,,FC Augsburg,for
2024-04-07,12:30,52608,Bundesliga 23/24,23/24,Matchweek 28,Sun,Home,L,1.0,3.0,Borussia M'gladbach,1.0,13.0,4.0,30.8,0.077,0.25,,,VfL Wolfsburg,for
2024-04-07,12:30,52608,Bundesliga 23/24,23/24,Matchweek 28,Sun,Away,W,3.0,1.0,VfL Wolfsburg,3.0,10.0,6.0,60.0,0.3,0.5,,,Borussia M'gladbach,for
2024-04-12,15:30,52608,Bundesliga 23/24,23/24,Matchweek 29,Fri,Home,W,2.0,0.0,1. FC Union Berlin,2.0,10.0,4.0,40.0,0.2,0.5,,,FC Augsburg,for
2024-04-12,15:30,52608,Bundesliga 23/24,23/24,Matchweek 29,Fri,Away,L,0.0,2.0,FC Augsburg,0.0,17.0,3.0,17.6,0.0,0.0,,,1. FC Union Berlin,for
2024-04-13,10:30,52608,Bundesliga 23/24,23/24,Matchweek 29,Sat,Home,W,2.0,0.0,1. FC Köln,2.0,16.0,6.0,37.5,0.125,0.333,,,FC Bayern München,for
2024-04-13,10:30,52608,Bundesliga 23/24,23/24,Matchweek 29,Sat,Away,L,0.0,2.0,FC Bayern München,0.0,11.0,5.0,45.5,0.0,0.0,,,1. FC Köln,for
2024-04-13,10:30,52608,Bundesliga 23/24,23/24,Matchweek 29,Sat,Home,L,1.0,2.0,Borussia Dortmund,1.0,18.0,4.0,22.2,0.056,0.25,,,Borussia M'gladbach,for
2024-04-13,10:30,52608,Bundesliga 23/24,23/24,Matchweek 29,Sat,Away,W,2.0,1.0,Borussia M'gladbach,2.0,12.0,4.0,33.3,0.167,0.5,,,Borussia Dortmund,for
2024-04-13,10:30,52608,Bundesliga 23/24,23/24,Matchweek 29,Sat,Home,W,3.0,0.0,VfL Wolfsburg,3.0,16.0,6.0,37.5,0.188,0.5,,,RB Leipzig,for
2024-04-13,10:30,52608,Bundesliga 23/24,23/24,Matchweek 29,Sat,Away,L,0.0,3.0,RB Leipzig,0.0,10.0,3.0,30.0,0.0,0.0,,,VfL Wolfsburg,for
2024-04-13,10:30,52608,Bundesliga 23/24,23/24,Matchweek 29,Sat,Home,W,4.0,1.0,TSG Hoffenheim,4.0,25.0,8.0,32.0,0.16,0.5,,,1. FSV Mainz 05,for
2024-04-13,10:30,52608,Bundesliga 23/24,23/24,Matchweek 29,Sat,Away,L,1.0,4.0,1. FSV Mainz 05,1.0,5.0,1.0,20.0,0.2,1.0,,,TSG Hoffenheim,for
2024-04-13,10:30,52608,Bundesliga 23/24,23/24,Matchweek 29,Sat,Home,D,1.0,1.0,1. FC Heidenheim,1.0,23.0,5.0,21.7,0.043,0.2,,,VfL Bochum 1848,for
2024-04-13,10:30,52608,Bundesliga 23/24,23/24,Matchweek 29,Sat,Away,D,1.0,1.0,VfL Bochum 1848,1.0,11.0,3.0,27.3,0.091,0.333,,,1. FC Heidenheim,for
2024-04-13,13:30,52608,Bundesliga 23/24,23/24,Matchweek 29,Sat,Home,W,3.0,0.0,Eintracht Frankfurt,3.0,9.0,6.0,66.7,0.333,0.5,,,VfB Stuttgart,for
2024-04-13,13:30,52608,Bundesliga 23/24,23/24,Matchweek 29,Sat,Away,L,0.0,3.0,VfB Stuttgart,0.0,10.0,3.0,30.0,0.0,0.0,,,Eintracht Frankfurt,for
2024-04-14,10:30,52608,Bundesliga 23/24,23/24,Matchweek 29,Sun,Home,L,0.0,1.0,SC Freiburg,0.0,17.0,5.0,29.4,0.0,0.0,,,Darmstadt 98,for
2024-04-14,10:30,52608,Bundesliga 23/24,23/24,Matchweek 29,Sun,Away,W,1.0,0.0,Darmstadt 98,1.0,9.0,3.0,33.3,0.111,0.333,,,SC Freiburg,for
2024-04-14,12:30,52608,Bundesliga 23/24,23/24,Matchweek 29,Sun,Home,W,5.0,0.0,SV Werder Bremen,5.0,20.0,10.0,50.0,0.25,0.5,,,Bayer 04 Leverkusen,for
2024-04-14,12:30,52608,Bundesliga 23/24,23/24,Matchweek 29,Sun,Away,L,0.0,5.0,Bayer 04 Leverkusen,0.0,7.0,3.0,42.9,0.0,0.0,,,SV Werder Bremen,for
2024-04-19,15:30,52608,Bundesliga 23/24,23/24,Matchweek 30,Fri,Home,W,3.0,1.0,FC Augsburg,3.0,12.0,7.0,58.3,0.25,0.429,,,Eintracht Frankfurt,for
2024-04-19,15:30,52608,Bundesliga 23/24,23/24,Matchweek 30,Fri,Away,L,1.0,3.0,Eintracht Frankfurt,1.0,6.0,1.0,16.7,0.167,1.0,,,FC Augsburg,for
2024-04-20,10:30,52608,Bundesliga 23/24,23/24,Matchweek 30,Sat,Home,L,1.0,2.0,RB Leipzig,1.0,10.0,4.0,40.0,0.1,0.25,,,1. FC Heidenheim,for
2024-04-20,10:30,52608,Bundesliga 23/24,23/24,Matchweek 30,Sat,Away,W,2.0,1.0,1. FC Heidenheim,2.0,12.0,4.0,33.3,0.167,0.5,,,RB Leipzig,for
2024-04-20,10:30,52608,Bundesliga 23/24,23/24,Matchweek 30,Sat,Home,W,4.0,3.0,Borussia M'gladbach,4.0,28.0,9.0,32.1,0.143,0.444,,,TSG Hoffenheim,for
2024-04-20,10:30,52608,Bundesliga 23/24,23/24,Matchweek 30,Sat,Away,L,3.0,4.0,TSG Hoffenheim,3.0,13.0,7.0,53.8,0.231,0.429,,,Borussia M'gladbach,for
2024-04-20,10:30,52608,Bundesliga 23/24,23/24,Matchweek 30,Sat,Home,W,1.0,0.0,VfL Bochum 1848,1.0,9.0,5.0,55.6,0.111,0.2,,,VfL Wolfsburg,for
2024-04-20,10:30,52608,Bundesliga 23/24,23/24,Matchweek 30,Sat,Away,L,0.0,1.0,VfL Wolfsburg,0.0,13.0,1.0,7.7,0.0,0.0,,,VfL Bochum 1848,for
2024-04-20,10:30,52608,Bundesliga 23/24,23/24,Matchweek 30,Sat,Home,L,0.0,2.0,Darmstadt 98,0.0,19.0,4.0,21.1,0.0,0.0,,,1. FC Köln,for
2024-04-20,10:30,52608,Bundesliga 23/24,23/24,Matchweek 30,Sat,Away,W,2.0,0.0,1. FC Köln,2.0,12.0,6.0,50.0,0.167,0.333,,,Darmstadt 98,for
2024-04-20,13:30,52608,Bundesliga 23/24,23/24,Matchweek 30,Sat,Home,L,1.0,5.0,FC Bayern München,1.0,15.0,4.0,26.7,0.067,0.25,,,1. FC Union Berlin,for
2024-04-20,13:30,52608,Bundesliga 23/24,23/24,Matchweek 30,Sat,Away,W,5.0,1.0,1. FC Union Berlin,5.0,19.0,9.0,47.4,0.263,0.556,,,FC Bayern München,for
2024-04-21,10:30,52608,Bundesliga 23/24,23/24,Matchweek 30,Sun,Home,W,2.0,1.0,VfB Stuttgart,2.0,9.0,2.0,22.2,0.222,1.0,,,SV Werder Bremen,for
2024-04-21,10:30,52608,Bundesliga 23/24,23/24,Matchweek 30,Sun,Away,L,1.0,2.0,SV Werder Bremen,1.0,15.0,5.0,33.3,0.067,0.2,,,VfB Stuttgart,for
2024-04-21,12:30,52608,Bundesliga 23/24,23/24,Matchweek 30,Sun,Home,D,1.0,1.0,Bayer 04 Leverkusen,1.0,8.0,2.0,25.0,0.125,0.5,,,Borussia Dortmund,for
2024-04-21,12:30,52608,Bundesliga 23/24,23/24,Matchweek 30,Sun,Away,D,1.0,1.0,Borussia Dortmund,1.0,13.0,3.0,23.1,0.077,0.333,,,Bayer 04 Leverkusen,for
2024-04-21,14:30,52608,Bundesliga 23/24,23/24,Matchweek 30,Sun,Home,D,1.0,1.0,1. FSV Mainz 05,1.0,6.0,3.0,50.0,0.167,0.333,,,SC Freiburg,for
2024-04-21,14:30,52608,Bundesliga 23/24,23/24,Matchweek 30,Sun,Away,D,1.0,1.0,SC Freiburg,1.0,16.0,3.0,18.8,0.062,0.333,,,1. FSV Mainz 05,for
2024-04-26,15:30,52608,Bundesliga 23/24,23/24,Matchweek 31,Fri,Home,W,3.0,2.0,TSG Hoffenheim,3.0,36.0,13.0,36.1,0.083,0.231,,,VfL Bochum 1848,for
2024-04-26,15:30,52608,Bundesliga 23/24,23/24,Matchweek 31,Fri,Away,L,2.0,3.0,VfL Bochum 1848,2.0,10.0,4.0,40.0,0.2,0.5,,,TSG Hoffenheim,for
2024-04-27,10:30,52608,Bundesliga 23/24,23/24,Matchweek 31,Sat,Home,W,2.0,1.0,Eintracht Frankfurt,2.0,20.0,9.0,45.0,0.1,0.222,,,FC Bayern München,for
2024-04-27,10:30,52608,Bundesliga 23/24,23/24,Matchweek 31,Sat,Away,L,1.0,2.0,FC Bayern München,1.0,10.0,3.0,30.0,0.1,0.333,,,Eintracht Frankfurt,for
2024-04-27,10:30,52608,Bundesliga 23/24,23/24,Matchweek 31,Sat,Home,W,4.0,1.0,Borussia Dortmund,4.0,21.0,7.0,33.3,0.19,0.571,,,RB Leipzig,for
2024-04-27,10:30,52608,Bundesliga 23/24,23/24,Matchweek 31,Sat,Away,L,1.0,4.0,RB Leipzig,1.0,12.0,5.0,41.7,0.083,0.2,,,Borussia Dortmund,for
2024-04-27,10:30,52608,Bundesliga 23/24,23/24,Matchweek 31,Sat,Home,L,1.0,2.0,VfL Wolfsburg,1.0,15.0,3.0,20.0,0.067,0.333,,,SC Freiburg,for
2024-04-27,10:30,52608,Bundesliga 23/24,23/24,Matchweek 31,Sat,Away,W,2.0,1.0,SC Freiburg,2.0,12.0,4.0,33.3,0.167,0.5,,,VfL Wolfsburg,for
2024-04-27,10:30,52608,Bundesliga 23/24,23/24,Matchweek 31,Sat,Home,L,0.0,3.0,SV Werder Bremen,0.0,13.0,1.0,7.7,0.0,0.0,,,FC Augsburg,for
2024-04-27,10:30,52608,Bundesliga 23/24,23/24,Matchweek 31,Sat,Away,W,3.0,0.0,FC Augsburg,3.0,15.0,6.0,40.0,0.2,0.5,,,SV Werder Bremen,for
2024-04-27,13:30,52608,Bundesliga 23/24,23/24,Matchweek 31,Sat,Home,D,2.0,2.0,VfB Stuttgart,2.0,14.0,6.0,42.9,0.143,0.333,,,Bayer 04 Leverkusen,for
2024-04-27,13:30,52608,Bundesliga 23/24,23/24,Matchweek 31,Sat,Away,D,2.0,2.0,Bayer 04 Leverkusen,2.0,11.0,4.0,36.4,0.182,0.5,,,VfB Stuttgart,for
2024-04-28,10:30,52608,Bundesliga 23/24,23/24,Matchweek 31,Sun,Home,D,0.0,0.0,1. FC Union Berlin,0.0,13.0,4.0,30.8,0.0,0.0,,,Borussia M'gladbach,for
2024-04-28,10:30,52608,Bundesliga 23/24,23/24,Matchweek 31,Sun,Away,D,0.0,0.0,Borussia M'gladbach,0.0,14.0,7.0,50.0,0.0,0.0,,,1. FC Union Berlin,for
2024-04-28,12:30,52608,Bundesliga 23/24,23/24,Matchweek 31,Sun,Home,D,1.0,1.0,1. FC Köln,1.0,16.0,4.0,25.0,0.062,0.25,,,1. FSV Mainz 05,for
2024-04-28,12:30,52608,Bundesliga 23/24,23/24,Matchweek 31,Sun,Away,D,1.0,1.0,1. FSV Mainz 05,1.0,17.0,6.0,35.3,0.059,0.167,,,1. FC Köln,for
2024-04-28,14:30,52608,Bundesliga 23/24,23/24,Matchweek 31,Sun,Home,L,0.0,1.0,1. FC Heidenheim,0.0,11.0,3.0,27.3,0.0,0.0,,,Darmstadt 98,for
2024-04-28,14:30,52608,Bundesliga 23/24,23/24,Matchweek 31,Sun,Away,W,1.0,0.0,Darmstadt 98,1.0,17.0,5.0,29.4,0.059,0.2,,,1. FC Heidenheim,for
2024-05-03,15:30,52608,Bundesliga 23/24,23/24,Matchweek 32,Fri,Home,D,1.0,1.0,RB Leipzig,1.0,20.0,8.0,40.0,0.05,0.125,,,TSG Hoffenheim,for
2024-05-03,15:30,52608,Bundesliga 23/24,23/24,Matchweek 32,Fri,Away,D,1.0,1.0,TSG Hoffenheim,1.0,8.0,4.0,50.0,0.125,0.25,,,RB Leipzig,for
2024-05-04,10:30,52608,Bundesliga 23/24,23/24,Matchweek 32,Sat,Home,W,3.0,1.0,FC Bayern München,3.0,24.0,10.0,41.7,0.125,0.3,,,VfB Stuttgart,for
2024-05-04,10:30,52608,Bundesliga 23/24,23/24,Matchweek 32,Sat,Away,L,1.0,3.0,VfB Stuttgart,1.0,10.0,3.0,30.0,0.1,0.333,,,FC Bayern München,for
2024-05-04,10:30,52608,Bundesliga 23/24,23/24,Matchweek 32,Sat,Home,W,5.0,1.0,FC Augsburg,5.0,21.0,10.0,47.6,0.238,0.5,,,Borussia Dortmund,for
2024-05-04,10:30,52608,Bundesliga 23/24,23/24,Matchweek 32,Sat,Away,L,1.0,5.0,Borussia Dortmund,1.0,22.0,4.0,18.2,0.045,0.25,,,FC Augsburg,for
2024-05-04,10:30,52608,Bundesliga 23/24,23/24,Matchweek 32,Sat,Home,D,2.0,2.0,Borussia M'gladbach,2.0,18.0,6.0,33.3,0.111,0.333,,,SV Werder Bremen,for
2024-05-04,10:30,52608,Bundesliga 23/24,23/24,Matchweek 32,Sat,Away,D,2.0,2.0,SV Werder Bremen,2.0,17.0,6.0,35.3,0.118,0.333,,,Borussia M'gladbach,for
2024-05-04,10:30,52608,Bundesliga 23/24,23/24,Matchweek 32,Sat,Home,W,3.0,0.0,Darmstadt 98,3.0,21.0,7.0,33.3,0.143,0.429,,,VfL Wolfsburg,for
2024-05-04,10:30,52608,Bundesliga 23/24,23/24,Matchweek 32,Sat,Away,L,0.0,3.0,VfL Wolfsburg,0.0,6.0,1.0,16.7,0.0,0.0,,,Darmstadt 98,for
2024-05-04,13:30,52608,Bundesliga 23/24,23/24,Matchweek 32,Sat,Home,D,0.0,0.0,SC Freiburg,0.0,19.0,7.0,36.8,0.0,0.0,,,1. FC Köln,for
2024-05-04,13:30,52608,Bundesliga 23/24,23/24,Matchweek 32,Sat,Away,D,0.0,0.0,1. FC Köln,0.0,4.0,0.0,0.0,0.0,,,,SC Freiburg,for
2024-05-05,10:30,52608,Bundesliga 23/24,23/24,Matchweek 32,Sun,Home,L,3.0,4.0,VfL Bochum 1848,3.0,12.0,5.0,41.7,0.25,0.6,,,1. FC Union Berlin,for
2024-05-05,10:30,52608,Bundesliga 23/24,23/24,Matchweek 32,Sun,Away,W,4.0,3.0,1. FC Union Berlin,4.0,18.0,5.0,27.8,0.222,0.8,,,VfL Bochum 1848,for
2024-05-05,12:30,52608,Bundesliga 23/24,23/24,Matchweek 32,Sun,Home,L,1.0,5.0,Bayer 04 Leverkusen,1.0,17.0,5.0,29.4,0.059,0.2,,,Eintracht Frankfurt,for
2024-05-05,12:30,52608,Bundesliga 23/24,23/24,Matchweek 32,Sun,Away,W,5.0,1.0,Eintracht Frankfurt,5.0,9.0,7.0,77.8,0.556,0.714,,,Bayer 04 Leverkusen,for
2024-05-05,14:30,52608,Bundesliga 23/24,23/24,Matchweek 32,Sun,Home,D,1.0,1.0,1. FSV Mainz 05,1.0,15.0,5.0,33.3,0.067,0.2,,,1. FC Heidenheim,for
2024-05-05,14:30,52608,Bundesliga 23/24,23/24,Matchweek 32,Sun,Away,D,1.0,1.0,1. FC Heidenheim,1.0,10.0,4.0,40.0,0.1,0.25,,,1. FSV Mainz 05,for
2024-05-10,15:30,52608,Bundesliga 23/24,23/24,Matchweek 33,Fri,Home,L,0.0,1.0,VfB Stuttgart,0.0,9.0,1.0,11.1,0.0,0.0,,,FC Augsburg,for
2024-05-10,15:30,52608,Bundesliga 23/24,23/24,Matchweek 33,Fri,Away,W,1.0,0.0,FC Augsburg,1.0,19.0,7.0,36.8,0.053,0.143,,,VfB Stuttgart,for
2024-05-11,10:30,52608,Bundesliga 23/24,23/24,Matchweek 33,Sat,Home,D,1.0,1.0,SV Werder Bremen,1.0,13.0,5.0,38.5,0.077,0.2,,,RB Leipzig,for
2024-05-11,10:30,52608,Bundesliga 23/24,23/24,Matchweek 33,Sat,Away,D,1.0,1.0,RB Leipzig,1.0,11.0,2.0,18.2,0.091,0.5,,,SV Werder Bremen,for
2024-05-11,10:30,52608,Bundesliga 23/24,23/24,Matchweek 33,Sat,Home,D,1.0,1.0,Eintracht Frankfurt,1.0,6.0,3.0,50.0,0.167,0.333,,,Borussia M'gladbach,for
2024-05-11,10:30,52608,Bundesliga 23/24,23/24,Matchweek 33,Sat,Away,D,1.0,1.0,Borussia M'gladbach,1.0,17.0,2.0,11.8,0.059,0.5,,,Eintracht Frankfurt,for
2024-05-11,10:30,52608,Bundesliga 23/24,23/24,Matchweek 33,Sat,Home,W,3.0,2.0,1. FC Union Berlin,3.0,18.0,5.0,27.8,0.167,0.6,,,1. FC Köln,for
2024-05-11,10:30,52608,Bundesliga 23/24,23/24,Matchweek 33,Sat,Away,L,2.0,3.0,1. FC Köln,2.0,13.0,6.0,46.2,0.154,0.333,,,1. FC Union Berlin,for
2024-05-11,10:30,52608,Bundesliga 23/24,23/24,Matchweek 33,Sat,Home,D,1.0,1.0,1. FC Heidenheim,1.0,20.0,4.0,20.0,0.05,0.25,,,SC Freiburg,for
2024-05-11,10:30,52608,Bundesliga 23/24,23/24,Matchweek 33,Sat,Away,D,1.0,1.0,SC Freiburg,1.0,8.0,3.0,37.5,0.125,0.333,,,1. FC Heidenheim,for
2024-05-11,13:30,52608,Bundesliga 23/24,23/24,Matchweek 33,Sat,Home,W,3.0,0.0,Borussia Dortmund,3.0,14.0,6.0,42.9,0.214,0.5,,,1. FSV Mainz 05,for
2024-05-11,13:30,52608,Bundesliga 23/24,23/24,Matchweek 33,Sat,Away,L,0.0,3.0,1. FSV Mainz 05,0.0,9.0,2.0,22.2,0.0,0.0,,,Borussia Dortmund,for
2024-05-12,10:30,52608,Bundesliga 23/24,23/24,Matchweek 33,Sun,Home,L,0.0,6.0,TSG Hoffenheim,0.0,10.0,0.0,0.0,0.0,,,,Darmstadt 98,for
2024-05-12,10:30,52608,Bundesliga 23/24,23/24,Matchweek 33,Sun,Away,W,6.0,0.0,Darmstadt 98,6.0,12.0,7.0,58.3,0.5,0.857,,,TSG Hoffenheim,for
2024-05-12,12:30,52608,Bundesliga 23/24,23/24,Matchweek 33,Sun,Home,W,2.0,0.0,VfL Wolfsburg,2.0,6.0,3.0,50.0,0.333,0.667,,,FC Bayern München,for
2024-05-12,12:30,52608,Bundesliga 23/24,23/24,Matchweek 33,Sun,Away,L,0.0,2.0,FC Bayern München,0.0,5.0,2.0,40.0,0.0,0.0,,,VfL Wolfsburg,for
2024-05-12,14:30,52608,Bundesliga 23/24,23/24,Matchweek 33,Sun,Home,L,0.0,5.0,Bayer 04 Leverkusen,0.0,3.0,0.0,0.0,0.0,,,,VfL Bochum 1848,for
2024-05-12,14:30,52608,Bundesliga 23/24,23/24,Matchweek 33,Sun,Away,W,5.0,0.0,VfL Bochum 1848,5.0,29.0,10.0,34.5,0.172,0.5,,,Bayer 04 Leverkusen,for
2024-05-18,10:30,52608,Bundesliga 23/24,23/24,Matchweek 34,Sat,Home,W,4.0,2.0,FC Bayern München,4.0,17.0,9.0,52.9,0.235,0.444,,,TSG Hoffenheim,for
2024-05-18,10:30,52608,Bundesliga 23/24,23/24,Matchweek 34,Sat,Away,L,2.0,4.0,TSG Hoffenheim,2.0,11.0,4.0,36.4,0.182,0.5,,,FC Bayern München,for
2024-05-18,10:30,52608,Bundesliga 23/24,23/24,Matchweek 34,Sat,Home,W,4.0,0.0,Darmstadt 98,4.0,21.0,9.0,42.9,0.19,0.444,,,Borussia Dortmund,for
2024-05-18,10:30,52608,Bundesliga 23/24,23/24,Matchweek 34,Sat,Away,L,0.0,4.0,Borussia Dortmund,0.0,6.0,0.0,0.0,0.0,,,,Darmstadt 98,for
2024-05-18,10:30,52608,Bundesliga 23/24,23/24,Matchweek 34,Sat,Home,W,2.0,1.0,FC Augsburg,2.0,20.0,8.0,40.0,0.1,0.25,,,Bayer 04 Leverkusen,for
2024-05-18,10:30,52608,Bundesliga 23/24,23/24,Matchweek 34,Sat,Away,L,1.0,2.0,Bayer 04 Leverkusen,1.0,10.0,2.0,20.0,0.1,0.5,,,FC Augsburg,for
2024-05-18,10:30,52608,Bundesliga 23/24,23/24,Matchweek 34,Sat,Home,D,2.0,2.0,RB Leipzig,2.0,22.0,6.0,27.3,0.091,0.333,,,Eintracht Frankfurt,for
2024-05-18,10:30,52608,Bundesliga 23/24,23/24,Matchweek 34,Sat,Away,D,2.0,2.0,Eintracht Frankfurt,2.0,9.0,5.0,55.6,0.222,0.4,,,RB Leipzig,for
2024-05-18,10:30,52608,Bundesliga 23/24,23/24,Matchweek 34,Sat,Home,W,2.0,1.0,SC Freiburg,2.0,13.0,5.0,38.5,0.154,0.4,,,1. FC Union Berlin,for
2024-05-18,10:30,52608,Bundesliga 23/24,23/24,Matchweek 34,Sat,Away,L,1.0,2.0,1. FC Union Berlin,1.0,13.0,4.0,30.8,0.077,0.25,,,SC Freiburg,for
2024-05-18,10:30,52608,Bundesliga 23/24,23/24,Matchweek 34,Sat,Home,W,4.0,0.0,Borussia M'gladbach,4.0,21.0,11.0,52.4,0.19,0.364,,,VfB Stuttgart,for
2024-05-18,10:30,52608,Bundesliga 23/24,23/24,Matchweek 34,Sat,Away,L,0.0,4.0,VfB Stuttgart,0.0,14.0,5.0,35.7,0.0,0.0,,,Borussia M'gladbach,for
2024-05-18,10:30,52608,Bundesliga 23/24,23/24,Matchweek 34,Sat,Home,L,1.0,3.0,1. FSV Mainz 05,1.0,13.0,3.0,23.1,0.077,0.333,,,VfL Wolfsburg,for
2024-05-18,10:30,52608,Bundesliga 23/24,23/24,Matchweek 34,Sat,Away,W,3.0,1.0,VfL Wolfsburg,3.0,12.0,6.0,50.0,0.25,0.5,,,1. FSV Mainz 05,for
2024-05-18,10:30,52608,Bundesliga 23/24,23/24,Matchweek 34,Sat,Home,W,4.0,1.0,VfL Bochum 1848,4.0,26.0,13.0,50.0,0.154,0.308,,,SV Werder Bremen,for
2024-05-18,10:30,52608,Bundesliga 23/24,23/24,Matchweek 34,Sat,Away,L,1.0,4.0,SV Werder Bremen,1.0,27.0,7.0,25.9,0.037,0.143,,,VfL Bochum 1848,for
2024-05-18,10:30,52608,Bundesliga 23/24,23/24,Matchweek 34,Sat,Home,W,4.0,1.0,1. FC Köln,4.0,16.0,8.0,50.0,0.25,0.5,,,1. FC Heidenheim,for
2024-05-18,10:30,52608,Bundesliga 23/24,23/24,Matchweek 34,Sat,Away,L,1.0,4.0,1. FC Heidenheim,1.0,22.0,9.0,40.9,0.045,0.111,,,1. FC Köln,for
2024-05-23,15:30,52608,Bundesliga 23/24,23/24,Matchweek 29,Thu,Home,L,0.0,3.0,Fortuna Düsseldorf,0.0,17.0,3.0,17.6,0.0,0.0,,,VfL Bochum 1848,for
2024-05-23,15:30,52608,Bundesliga 23/24,23/24,Matchweek 29,Thu,Away,W,3.0,0.0,VfL Bochum 1848,3.0,21.0,7.0,33.3,0.143,0.429,,,Fortuna Düsseldorf,for
2024-05-27,15:30,52608,Bundesliga 23/24,23/24,Matchweek 29,Mon,Home,L,0.0,3.0,VfL Bochum 1848,0.0,22.0,6.0,27.3,0.0,0.0,,,Fortuna Düsseldorf,for
2024-05-27,15:30,52608,Bundesliga 23/24,23/24,Matchweek 29,Mon,Away,W,3.0,0.0,Fortuna Düsseldorf,3.0,23.0,8.0,34.8,0.13,0.375,,,VfL Bochum 1848,for
