date,round_num,local_team,away_team,Target,gf_local,ga_local,gf_away,ga_away,result_local,table_mp_prev_local,table_pts_prev_local,table_ppg_prev_local,table_gf_prev_local,table_ga_prev_local,table_gd_prev_local,table_rank_prev_local,_gf_rolling5_local,_ga_rolling5_local,_poss_rolling5_local,_sh_rolling5_local,_sot_rolling5_local,_sot_pct_rolling5_local,_sh_allowed_rolling5_local,_sot_allowed_rolling5_local,_sot_allowed_pct_rolling5_local,_winrate_rolling5_local,_gf_rolling3_local,_ga_rolling3_local,_poss_rolling3_local,_sh_rolling3_local,_sot_rolling3_local,_sot_pct_rolling3_local,_sh_allowed_rolling3_local,_sot_allowed_rolling3_local,_sot_allowed_pct_rolling3_local,_winrate_rolling3_local,_gf_season_avg_local,_ga_season_avg_local,_poss_season_avg_local,_sh_season_avg_local,_sot_season_avg_local,_sot_pct_season_avg_local,_sh_allowed_season_avg_local,_sot_allowed_season_avg_local,_sot_allowed_pct_season_avg_local,_winrate_season_avg_local,home_gf_rolling5_local,home_ga_rolling5_local,home_poss_rolling5_local,home_sh_rolling5_local,home_sot_rolling5_local,home_sot_pct_rolling5_local,home_sh_allowed_rolling5_local,home_sot_allowed_rolling5_local,home_sot_allowed_pct_rolling5_local,home_winrate_rolling5_local,home_gf_rolling3_local,home_ga_rolling3_local,home_poss_rolling3_local,home_sh_rolling3_local,home_sot_rolling3_local,home_sot_pct_rolling3_local,home_sh_allowed_rolling3_local,home_sot_allowed_rolling3_local,home_sot_allowed_pct_rolling3_local,home_winrate_rolling3_local,home_gf_season_avg_local,home_ga_season_avg_local,home_poss_season_avg_local,home_sh_season_avg_local,home_sot_season_avg_local,home_sot_pct_season_avg_local,home_sh_allowed_season_avg_local,home_sot_allowed_season_avg_local,home_sot_allowed_pct_season_avg_local,home_winrate_season_avg_local,away_gf_rolling5_local,away_ga_rolling5_local,away_poss_rolling5_local,away_sh_rolling5_local,away_sot_rolling5_local,away_sot_pct_rolling5_local,away_sh_allowed_rolling5_local,away_sot_allowed_rolling5_local,away_sot_allowed_pct_rolling5_local,away_winrate_rolling5_local,away_gf_rolling3_local,away_ga_rolling3_local,away_poss_rolling3_local,away_sh_rolling3_local,away_sot_rolling3_local,away_sot_pct_rolling3_local,away_sh_allowed_rolling3_local,away_sot_allowed_rolling3_local,away_sot_allowed_pct_rolling3_local,away_winrate_rolling3_local,away_gf_season_avg_local,away_ga_season_avg_local,away_poss_season_avg_local,away_sh_season_avg_local,away_sot_season_avg_local,away_sot_pct_season_avg_local,away_sh_allowed_season_avg_local,away_sot_allowed_season_avg_local,away_sot_allowed_pct_season_avg_local,away_winrate_season_avg_local,table_mp_prev_away,table_pts_prev_away,table_ppg_prev_away,table_gf_prev_away,table_ga_prev_away,table_gd_prev_away,table_rank_prev_away,_gf_rolling5_away,_ga_rolling5_away,_poss_rolling5_away,_sh_rolling5_away,_sot_rolling5_away,_sot_pct_rolling5_away,_sh_allowed_rolling5_away,_sot_allowed_rolling5_away,_sot_allowed_pct_rolling5_away,_winrate_rolling5_away,_gf_rolling3_away,_ga_rolling3_away,_poss_rolling3_away,_sh_rolling3_away,_sot_rolling3_away,_sot_pct_rolling3_away,_sh_allowed_rolling3_away,_sot_allowed_rolling3_away,_sot_allowed_pct_rolling3_away,_winrate_rolling3_away,_gf_season_avg_away,_ga_season_avg_away,_poss_season_avg_away,_sh_season_avg_away,_sot_season_avg_away,_sot_pct_season_avg_away,_sh_allowed_season_avg_away,_sot_allowed_season_avg_away,_sot_allowed_pct_season_avg_away,_winrate_season_avg_away,home_gf_rolling5_away,home_ga_rolling5_away,home_poss_rolling5_away,home_sh_rolling5_away,home_sot_rolling5_away,home_sot_pct_rolling5_away,home_sh_allowed_rolling5_away,home_sot_allowed_rolling5_away,home_sot_allowed_pct_rolling5_away,home_winrate_rolling5_away,home_gf_rolling3_away,home_ga_rolling3_away,home_poss_rolling3_away,home_sh_rolling3_away,home_sot_rolling3_away,home_sot_pct_rolling3_away,home_sh_allowed_rolling3_away,home_sot_allowed_rolling3_away,home_sot_allowed_pct_rolling3_away,home_winrate_rolling3_away,home_gf_season_avg_away,home_ga_season_avg_away,home_poss_season_avg_away,home_sh_season_avg_away,home_sot_season_avg_away,home_sot_pct_season_avg_away,home_sh_allowed_season_avg_away,home_sot_allowed_season_avg_away,home_sot_allowed_pct_season_avg_away,home_winrate_season_avg_away,away_gf_rolling5_away,away_ga_rolling5_away,away_poss_rolling5_away,away_sh_rolling5_away,away_sot_rolling5_away,away_sot_pct_rolling5_away,away_sh_allowed_rolling5_away,away_sot_allowed_rolling5_away,away_sot_allowed_pct_rolling5_away,away_winrate_rolling5_away,away_gf_rolling3_away,away_ga_rolling3_away,away_poss_rolling3_away,away_sh_rolling3_away,away_sot_rolling3_away,away_sot_pct_rolling3_away,away_sh_allowed_rolling3_away,away_sot_allowed_rolling3_away,away_sot_allowed_pct_rolling3_away,away_winrate_rolling3_away,away_gf_season_avg_away,away_ga_season_avg_away,away_poss_season_avg_away,away_sh_season_avg_away,away_sot_season_avg_away,away_sot_pct_season_avg_away,away_sh_allowed_season_avg_away,away_sot_allowed_season_avg_away,away_sot_allowed_pct_season_avg_away,away_winrate_season_avg_away,diff_gf_rolling5,diff_ga_rolling5,diff_poss_rolling5,diff_sh_rolling5,diff_sot_rolling5,diff_sot_pct_rolling5,diff_sh_allowed_rolling5,diff_sot_allowed_rolling5,diff_sot_allowed_pct_rolling5,diff_winrate_rolling5,diff_gf_rolling3,diff_ga_rolling3,diff_poss_rolling3,diff_sh_rolling3,diff_sot_rolling3,diff_sot_pct_rolling3,diff_sh_allowed_rolling3,diff_sot_allowed_rolling3,diff_sot_allowed_pct_rolling3,diff_winrate_rolling3,diff_gf_season_avg,diff_ga_season_avg,diff_poss_season_avg,diff_sh_season_avg,diff_sot_season_avg,diff_sot_pct_season_avg,diff_sh_allowed_season_avg,diff_sot_allowed_season_avg,diff_sot_allowed_pct_season_avg,diff_winrate_season_avg,diff_home_gf_rolling5,diff_home_ga_rolling5,diff_home_poss_rolling5,diff_home_sh_rolling5,diff_home_sot_rolling5,diff_home_sot_pct_rolling5,diff_home_sh_allowed_rolling5,diff_home_sot_allowed_rolling5,diff_home_sot_allowed_pct_rolling5,diff_home_winrate_rolling5,diff_home_gf_rolling3,diff_home_ga_rolling3,diff_home_poss_rolling3,diff_home_sh_rolling3,diff_home_sot_rolling3,diff_home_sot_pct_rolling3,diff_home_sh_allowed_rolling3,diff_home_sot_allowed_rolling3,diff_home_sot_allowed_pct_rolling3,diff_home_winrate_rolling3,diff_home_gf_season_avg,diff_home_ga_season_avg,diff_home_poss_season_avg,diff_home_sh_season_avg,diff_home_sot_season_avg,diff_home_sot_pct_season_avg,diff_home_sh_allowed_season_avg,diff_home_sot_allowed_season_avg,diff_home_sot_allowed_pct_season_avg,diff_home_winrate_season_avg,diff_away_gf_rolling5,diff_away_ga_rolling5,diff_away_poss_rolling5,diff_away_sh_rolling5,diff_away_sot_rolling5,diff_away_sot_pct_rolling5,diff_away_sh_allowed_rolling5,diff_away_sot_allowed_rolling5,diff_away_sot_allowed_pct_rolling5,diff_away_winrate_rolling5,diff_away_gf_rolling3,diff_away_ga_rolling3,diff_away_poss_rolling3,diff_away_sh_rolling3,diff_away_sot_rolling3,diff_away_sot_pct_rolling3,diff_away_sh_allowed_rolling3,diff_away_sot_allowed_rolling3,diff_away_sot_allowed_pct_rolling3,diff_away_winrate_rolling3,diff_away_gf_season_avg,diff_away_ga_season_avg,diff_away_poss_season_avg,diff_away_sh_season_avg,diff_away_sot_season_avg,diff_away_sot_pct_season_avg,diff_away_sh_allowed_season_avg,diff_away_sot_allowed_season_avg,diff_away_sot_allowed_pct_season_avg,diff_away_winrate_season_avg,diff_table_mp_prev,diff_table_pts_prev,diff_table_ppg_prev,diff_table_gf_prev,diff_table_ga_prev,diff_table_gd_prev,diff_table_rank_prev
2026-02-06,2,Audax Italiano,Universidad de Concepcion,1.0,3.0,0.0,0.0,3.0,W,1,1,1.0,0,0,0,10,,,,,,,,,,,,,,,,,,,,,,,,,,,,,,,,,,,,,,,,,,,,,,,,,,,,,,,,,,,,,,,,,,,,,,,,,,,,,,,,,,,,,,,,,,,1,3,3.0,1,0,1,5,,,,,,,,,,,,,,,,,,,,,,,,,,,,,,,,,,,,,,,,,,,,,,,,,,,,,,,,,,,,,,,,,,,,,,,,,,,,,,,,,,,,,,,,,,,,,,,,,,,,,,,,,,,,,,,,,,,,,,,,,,,,,,,,,,,,,,,,,,,,,,,,,,,,,,,,,,,,,,,,,,,,,,,,,,,,,,,,,,,,,0,-2,-2.0,-1,0,-1,5
2026-02-22,4,Audax Italiano,Everton,1.0,1.0,0.0,0.0,1.0,W,3,4,1.3333333333333333,3,1,2,10,,,,,,,,,,,1.0,0.3333333333333333,56.0,9.666666666666666,4.333333333333333,44.333333333333336,10.666666666666666,2.0,19.2,0.3333333333333333,,,,,,,,,,,,,,,,,,,,,,,,,,,,,,,,,,,,,,,,,,,,,,,,,,,,,,,,,,,,,,,,,,,,,,,3,3,1.0,3,5,-2,11,,,,,,,,,,,1.0,1.6666666666666667,50.666666666666664,12.0,2.3333333333333335,18.8,14.666666666666666,6.666666666666667,44.93333333333334,0.3333333333333333,,,,,,,,,,,,,,,,,,,,,,,,,,,,,,,,,,,,,,,,,,,,,,,,,,,,,,,,,,,,,,,,,,,,,,,,,,,,,,,,,0.0,-1.3333333333333335,5.333333333333336,-2.333333333333334,1.9999999999999996,25.533333333333335,-4.0,-4.666666666666667,-25.733333333333338,0.0,,,,,,,,,,,,,,,,,,,,,,,,,,,,,,,,,,,,,,,,,,,,,,,,,,,,,,,,,,,,,,,,,,,,,,,0,1,0.33333333333333326,0,-4,4,-1
2026-03-07,6,Audax Italiano,Colo-Colo,-1.0,0.0,1.0,1.0,0.0,L,5,7,1.4,4,4,0,10,0.8,0.8,56.2,10.4,4.0,38.980000000000004,9.8,2.6,25.76,0.4,0.3333333333333333,1.3333333333333333,57.666666666666664,11.333333333333334,4.333333333333333,38.800000000000004,9.0,3.0,30.399999999999995,0.3333333333333333,0.8,0.8,56.2,10.4,4.0,38.980000000000004,9.8,2.6,25.76,0.3333333333333333,,,,,,,,,,,,,,,,,,,,0.6666666666666666,,,,,,,,,,,,,,,,,,,,,,,,,,,,,,0.6666666666666666,,,,,,,,,,,5,9,1.8,5,4,1,7,1.0,0.8,60.6,17.2,5.6,32.82,8.2,2.2,26.74,0.6,0.6666666666666666,0.3333333333333333,59.0,15.0,4.333333333333333,30.133333333333336,7.333333333333333,2.0,26.433333333333334,0.6666666666666666,1.0,0.8,60.6,17.2,5.6,32.82,8.2,2.2,26.74,0.5,,,,,,,,,,,,,,,,,,,,0.3333333333333333,,,,,,,,,,,,,,,,,,,,,,,,,,,,,,0.3333333333333333,,,,,,,,,,,-0.19999999999999996,0.0,-4.399999999999999,-6.799999999999999,-1.5999999999999996,6.160000000000004,1.6000000000000014,0.3999999999999999,-0.9799999999999969,-0.19999999999999996,-0.3333333333333333,1.0,-1.3333333333333357,-3.666666666666666,0.0,8.666666666666668,1.666666666666667,1.0,3.9666666666666615,-0.3333333333333333,-0.19999999999999996,0.0,-4.399999999999999,-6.799999999999999,-1.5999999999999996,6.160000000000004,1.6000000000000014,0.3999999999999999,-0.9799999999999969,-0.16666666666666669,,,,,,,,,,,,,,,,,,,,0.3333333333333333,,,,,,,,,,,,,,,,,,,,,,,,,,,,,,0.3333333333333333,,,,,,,,,,,0,-2,-0.40000000000000013,-1,0,-1,3
2026-03-13,7,Audax Italiano,Deportes Concepcion,1.0,3.0,0.0,0.0,3.0,W,6,7,1.1666666666666667,4,5,-1,14,0.8,1.0,52.8,10.6,3.6,30.98,11.0,2.8,25.4,0.4,0.3333333333333333,1.3333333333333333,52.333333333333336,9.666666666666666,2.3333333333333335,20.633333333333333,9.333333333333334,3.0,29.799999999999997,0.3333333333333333,0.6666666666666666,0.8333333333333334,54.166666666666664,9.666666666666666,3.3333333333333335,32.483333333333334,10.0,2.5,24.5,0.2857142857142857,,,,,,,,,,,1.3333333333333333,0.3333333333333333,52.333333333333336,9.333333333333334,2.6666666666666665,23.933333333333334,11.333333333333334,2.0,17.5,0.6666666666666666,,,,,,,,,,,,,,,,,,,,,1.3333333333333333,0.3333333333333333,52.333333333333336,9.333333333333334,2.6666666666666665,23.933333333333334,11.333333333333334,2.0,17.5,0.6666666666666666,,,,,,,,,,,6,4,0.6666666666666666,4,9,-5,15,0.6,1.4,52.2,12.0,3.2,25.72,12.6,5.2,43.459999999999994,0.2,0.6666666666666666,1.0,52.333333333333336,12.666666666666666,4.0,31.433333333333337,13.333333333333334,4.0,31.266666666666666,0.3333333333333333,0.6666666666666666,1.5,52.333333333333336,12.0,3.1666666666666665,25.599999999999998,12.666666666666666,5.333333333333333,43.916666666666664,0.14285714285714285,,,,,,,,,,0.2,0.6666666666666666,1.3333333333333333,46.0,10.0,2.3333333333333335,23.933333333333334,13.333333333333334,5.666666666666667,47.03333333333333,0.3333333333333333,,,,,,,,,,0.2,,,,,,,,,,0.2,0.6666666666666666,1.3333333333333333,46.0,10.0,2.3333333333333335,23.933333333333334,13.333333333333334,5.666666666666667,47.03333333333333,0.3333333333333333,,,,,,,,,,0.2,0.20000000000000007,-0.3999999999999999,0.5999999999999943,-1.4000000000000004,0.3999999999999999,5.260000000000002,-1.5999999999999996,-2.4000000000000004,-18.059999999999995,0.2,-0.3333333333333333,0.33333333333333326,0.0,-3.0,-1.6666666666666665,-10.800000000000004,-4.0,-1.0,-1.4666666666666686,0.0,0.0,-0.6666666666666666,1.8333333333333286,-2.333333333333334,0.16666666666666696,6.883333333333336,-2.666666666666666,-2.833333333333333,-19.416666666666664,0.14285714285714285,,,,,,,,,,,0.6666666666666666,-1.0,6.333333333333336,-0.6666666666666661,0.33333333333333304,0.0,-2.0,-3.666666666666667,-29.53333333333333,0.3333333333333333,,,,,,,,,,,,,,,,,,,,,0.6666666666666666,-1.0,6.333333333333336,-0.6666666666666661,0.33333333333333304,0.0,-2.0,-3.666666666666667,-29.53333333333333,0.3333333333333333,,,,,,,,,,,0,3,0.5000000000000001,0,-4,4,-1
2026-04-11,9,Audax Italiano,Universidad Catolica,-1.0,3.0,4.0,4.0,3.0,L,8,10,1.25,8,7,1,12,1.0,1.2,51.8,9.6,2.6,25.96,13.4,4.0,28.68,0.4,1.3333333333333333,1.0,48.666666666666664,8.333333333333334,2.0,22.633333333333336,16.666666666666668,4.333333333333333,24.066666666666663,0.3333333333333333,1.0,0.875,53.375,9.625,3.25,32.85,12.375,3.25,25.125,0.3333333333333333,,,,,,,,,,0.6,1.3333333333333333,0.3333333333333333,53.333333333333336,7.333333333333333,2.0,25.399999999999995,11.333333333333334,2.0,17.5,0.6666666666666666,,,,,,,,,,0.6,,,,,,,,,,0.6,1.3333333333333333,0.3333333333333333,53.333333333333336,7.333333333333333,2.0,25.399999999999995,11.333333333333334,2.0,17.5,0.6666666666666666,,,,,,,,,,0.6,8,14,1.75,19,11,8,4,2.6,1.2,60.2,12.6,5.2,41.36,7.8,3.0,42.8,0.6,2.6666666666666665,1.3333333333333333,60.666666666666664,12.333333333333334,4.333333333333333,35.199999999999996,8.0,2.6666666666666665,39.86666666666667,0.3333333333333333,2.375,1.375,58.875,13.875,5.125,38.175,9.375,3.875,44.5875,0.4444444444444444,,,,,,,,,,0.2,1.3333333333333333,1.6666666666666667,61.666666666666664,14.0,5.0,39.36666666666667,8.0,4.666666666666667,55.199999999999996,0.3333333333333333,,,,,,,,,,0.2,,,,,,,,,,0.2,1.3333333333333333,1.6666666666666667,61.666666666666664,14.0,5.0,39.36666666666667,8.0,4.666666666666667,55.199999999999996,0.3333333333333333,,,,,,,,,,0.2,-1.6,0.0,-8.400000000000006,-3.0,-2.6,-15.399999999999999,5.6000000000000005,1.0,-14.119999999999997,-0.19999999999999996,-1.3333333333333333,-0.33333333333333326,-12.0,-4.0,-2.333333333333333,-12.56666666666666,8.666666666666668,1.6666666666666665,-15.800000000000004,0.0,-1.375,-0.5,-5.5,-4.25,-1.875,-5.324999999999996,3.0,-0.625,-19.4625,-0.1111111111111111,,,,,,,,,,0.39999999999999997,0.0,-1.3333333333333335,-8.333333333333329,-6.666666666666667,-3.0,-13.966666666666672,3.333333333333334,-2.666666666666667,-37.699999999999996,0.3333333333333333,,,,,,,,,,0.39999999999999997,,,,,,,,,,0.39999999999999997,0.0,-1.3333333333333335,-8.333333333333329,-6.666666666666667,-3.0,-13.966666666666672,3.333333333333334,-2.666666666666667,-37.699999999999996,0.3333333333333333,,,,,,,,,,0.39999999999999997,0,-4,-0.5,-11,-4,-7,8
2026-04-24,11,Audax Italiano,CD Limache,0.0,2.0,2.0,2.0,2.0,D,10,10,1.0,13,14,-1,13,1.8,2.0,48.6,10.0,3.0,28.919999999999998,14.6,5.0,35.2,0.2,2.0,3.0,49.666666666666664,12.333333333333334,4.0,33.9,15.0,6.666666666666667,46.73333333333333,0.0,1.3,1.4,52.4,10.2,3.5,33.95,12.2,3.8,30.48,0.2727272727272727,2.0,1.0,50.6,9.0,3.2,32.94,12.6,3.2,25.68,0.6,2.0,1.6666666666666667,46.666666666666664,7.666666666666667,2.6666666666666665,30.96666666666667,13.333333333333334,4.0,31.366666666666664,0.3333333333333333,2.0,1.0,50.6,9.0,3.2,32.94,12.6,3.2,25.68,0.5,2.0,1.0,50.6,9.0,3.2,32.94,12.6,3.2,25.68,0.6,2.0,1.6666666666666667,46.666666666666664,7.666666666666667,2.6666666666666665,30.96666666666667,13.333333333333334,4.0,31.366666666666664,0.3333333333333333,2.0,1.0,50.6,9.0,3.2,32.94,12.6,3.2,25.68,0.5,10,20,2.0,23,9,14,1,2.4,0.8,51.2,14.8,5.4,35.32,13.0,3.2,24.259999999999998,0.6,2.3333333333333335,0.3333333333333333,51.0,15.666666666666666,5.666666666666667,33.6,10.333333333333334,2.6666666666666665,23.266666666666666,0.6666666666666666,2.3,0.9,43.8,12.0,5.0,43.910000000000004,14.1,3.6,25.6,0.5454545454545454,1.6,1.4,48.2,8.6,3.4,41.0,15.2,3.6,26.560000000000002,0.2,1.6666666666666667,1.3333333333333333,56.333333333333336,11.0,3.6666666666666665,30.833333333333332,14.333333333333334,3.3333333333333335,24.566666666666663,0.3333333333333333,1.6,1.4,48.2,8.6,3.4,41.0,15.2,3.6,26.560000000000002,0.16666666666666666,1.6,1.4,48.2,8.6,3.4,41.0,15.2,3.6,26.560000000000002,0.2,1.6666666666666667,1.3333333333333333,56.333333333333336,11.0,3.6666666666666665,30.833333333333332,14.333333333333334,3.3333333333333335,24.566666666666663,0.3333333333333333,1.6,1.4,48.2,8.6,3.4,41.0,15.2,3.6,26.560000000000002,0.16666666666666666,-0.5999999999999999,1.2,-2.6000000000000014,-4.800000000000001,-2.4000000000000004,-6.400000000000002,1.5999999999999996,1.7999999999999998,10.940000000000005,-0.39999999999999997,-0.3333333333333335,2.6666666666666665,-1.3333333333333357,-3.333333333333332,-1.666666666666667,0.29999999999999716,4.666666666666666,4.0,23.46666666666666,-0.6666666666666666,-0.9999999999999998,0.4999999999999999,8.600000000000001,-1.8000000000000007,-1.5,-9.96,-1.9000000000000004,0.19999999999999973,4.879999999999999,-0.2727272727272727,0.3999999999999999,-0.3999999999999999,2.3999999999999986,0.40000000000000036,-0.19999999999999973,-8.060000000000002,-2.5999999999999996,-0.3999999999999999,-0.8800000000000026,0.39999999999999997,0.33333333333333326,0.3333333333333335,-9.666666666666671,-3.333333333333333,-1.0,0.1333333333333364,-1.0,0.6666666666666665,6.800000000000001,0.0,0.3999999999999999,-0.3999999999999999,2.3999999999999986,0.40000000000000036,-0.19999999999999973,-8.060000000000002,-2.5999999999999996,-0.3999999999999999,-0.8800000000000026,0.33333333333333337,0.3999999999999999,-0.3999999999999999,2.3999999999999986,0.40000000000000036,-0.19999999999999973,-8.060000000000002,-2.5999999999999996,-0.3999999999999999,-0.8800000000000026,0.39999999999999997,0.33333333333333326,0.3333333333333335,-9.666666666666671,-3.333333333333333,-1.0,0.1333333333333364,-1.0,0.6666666666666665,6.800000000000001,0.0,0.3999999999999999,-0.3999999999999999,2.3999999999999986,0.40000000000000036,-0.19999999999999973,-8.060000000000002,-2.5999999999999996,-0.3999999999999999,-0.8800000000000026,0.33333333333333337,0,-10,-1.0,-10,5,-15,12
2026-05-23,13,Audax Italiano,Cobresal,,,,,,,11,11,1.0,15,16,-1,13,,,,,,,,,,0.0,,,,,,,,,,0.0,1.3636363636363635,1.4545454545454546,51.81818181818182,10.454545454545455,3.3636363636363638,32.26363636363636,12.090909090909092,3.727272727272727,30.19090909090909,0.23076923076923078,1.8,1.4,50.4,9.0,2.6,28.32,11.4,3.2,27.619999999999997,0.4,2.6666666666666665,2.0,47.333333333333336,10.0,3.3333333333333335,36.1,13.333333333333334,4.333333333333333,34.4,0.3333333333333333,2.0,1.1666666666666667,49.833333333333336,9.666666666666666,3.0,30.016666666666666,12.333333333333334,3.1666666666666665,25.95,0.42857142857142855,1.8,1.4,50.4,9.0,2.6,28.32,11.4,3.2,27.619999999999997,0.4,2.6666666666666665,2.0,47.333333333333336,10.0,3.3333333333333335,36.1,13.333333333333334,4.333333333333333,34.4,0.3333333333333333,2.0,1.1666666666666667,49.833333333333336,9.666666666666666,3.0,30.016666666666666,12.333333333333334,3.1666666666666665,25.95,0.42857142857142855,11,10,0.9090909090909091,17,23,-6,14,,,,,,,,,,0.0,,,,,,,,,,0.0,1.5454545454545454,2.090909090909091,45.18181818181818,13.0,4.2727272727272725,34.38181818181818,17.454545454545453,5.636363636363637,31.472727272727273,0.23076923076923078,1.2,2.4,41.4,11.0,3.8,35.64,20.4,7.0,32.82000000000001,0.0,1.0,2.3333333333333335,45.333333333333336,12.666666666666666,3.6666666666666665,27.46666666666667,17.333333333333332,6.0,32.199999999999996,0.0,1.5,2.0,43.0,10.666666666666666,3.3333333333333335,31.55,19.333333333333332,6.666666666666667,33.300000000000004,0.14285714285714285,1.2,2.4,41.4,11.0,3.8,35.64,20.4,7.0,32.82000000000001,0.0,1.0,2.3333333333333335,45.333333333333336,12.666666666666666,3.6666666666666665,27.46666666666667,17.333333333333332,6.0,32.199999999999996,0.0,1.5,2.0,43.0,10.666666666666666,3.3333333333333335,31.55,19.333333333333332,6.666666666666667,33.300000000000004,0.14285714285714285,,,,,,,,,,0.0,,,,,,,,,,0.0,-0.18181818181818188,-0.6363636363636362,6.63636363636364,-2.545454545454545,-0.9090909090909087,-2.1181818181818244,-5.3636363636363615,-1.9090909090909096,-1.2818181818181813,0.0,0.6000000000000001,-1.0,9.0,-2.0,-1.1999999999999997,-7.32,-8.999999999999998,-3.8,-5.20000000000001,0.4,1.6666666666666665,-0.3333333333333335,2.0,-2.666666666666666,-0.33333333333333304,8.633333333333333,-3.9999999999999982,-1.666666666666667,2.200000000000003,0.3333333333333333,0.5,-0.8333333333333333,6.833333333333336,-1.0,-0.3333333333333335,-1.533333333333335,-6.999999999999998,-3.5000000000000004,-7.350000000000005,0.2857142857142857,0.6000000000000001,-1.0,9.0,-2.0,-1.1999999999999997,-7.32,-8.999999999999998,-3.8,-5.20000000000001,0.4,1.6666666666666665,-0.3333333333333335,2.0,-2.666666666666666,-0.33333333333333304,8.633333333333333,-3.9999999999999982,-1.666666666666667,2.200000000000003,0.3333333333333333,0.5,-0.8333333333333333,6.833333333333336,-1.0,-0.3333333333333335,-1.533333333333335,-6.999999999999998,-3.5000000000000004,-7.350000000000005,0.2857142857142857,0,1,0.09090909090909094,-2,-7,5,-1
2026-06-12,15,Audax Italiano,La Serena,,,,,,,11,11,1.0,15,16,-1,13,,,,,,,,,,0.0,,,,,,,,,,0.0,1.3636363636363635,1.4545454545454546,51.81818181818182,10.454545454545455,3.3636363636363638,32.26363636363636,12.090909090909092,3.727272727272727,30.19090909090909,0.2,,,,,,,,,,0.2,,,,,,,,,,0.0,2.0,1.1666666666666667,49.833333333333336,9.666666666666666,3.0,30.016666666666666,12.333333333333334,3.1666666666666665,25.95,0.375,,,,,,,,,,0.2,,,,,,,,,,0.0,2.0,1.1666666666666667,49.833333333333336,9.666666666666666,3.0,30.016666666666666,12.333333333333334,3.1666666666666665,25.95,0.375,11,14,1.2727272727272727,13,14,-1,10,,,,,,,,,,0.0,,,,,,,,,,0.0,1.1818181818181819,1.2727272727272727,49.72727272727273,10.909090909090908,3.8181818181818183,34.199999999999996,12.090909090909092,4.181818181818182,34.699999999999996,0.2,,,,,,,,,,0.2,,,,,,,,,,0.0,1.2,2.0,49.4,11.2,3.4,33.2,13.4,4.8,36.14,0.14285714285714285,,,,,,,,,,0.2,,,,,,,,,,0.0,1.2,2.0,49.4,11.2,3.4,33.2,13.4,4.8,36.14,0.14285714285714285,,,,,,,,,,0.0,,,,,,,,,,0.0,0.18181818181818166,0.18181818181818188,2.0909090909090935,-0.45454545454545325,-0.4545454545454546,-1.9363636363636374,0.0,-0.4545454545454546,-4.509090909090904,0.0,,,,,,,,,,0.0,,,,,,,,,,0.0,0.8,-0.8333333333333333,0.4333333333333371,-1.5333333333333332,-0.3999999999999999,-3.183333333333337,-1.0666666666666664,-1.6333333333333333,-10.190000000000001,0.23214285714285715,,,,,,,,,,0.0,,,,,,,,,,0.0,0.8,-0.8333333333333333,0.4333333333333371,-1.5333333333333332,-0.3999999999999999,-3.183333333333337,-1.0666666666666664,-1.6333333333333333,-10.190000000000001,0.23214285714285715,0,-3,-0.2727272727272727,2,2,0,3
2026-07-26,16,Audax Italiano,Universidad de Chile,,,,,,,11,11,1.0,15,16,-1,13,,,,,,,,,,0.0,,,,,,,,,,0.0,1.3636363636363635,1.4545454545454546,51.81818181818182,10.454545454545455,3.3636363636363638,32.26363636363636,12.090909090909092,3.727272727272727,30.19090909090909,0.1875,,,,,,,,,,0.2,,,,,,,,,,0.0,2.0,1.1666666666666667,49.833333333333336,9.666666666666666,3.0,30.016666666666666,12.333333333333334,3.1666666666666665,25.95,0.3333333333333333,,,,,,,,,,0.2,,,,,,,,,,0.0,2.0,1.1666666666666667,49.833333333333336,9.666666666666666,3.0,30.016666666666666,12.333333333333334,3.1666666666666665,25.95,0.3333333333333333,11,17,1.5454545454545454,11,6,5,6,,,,,,,,,,0.2,,,,,,,,,,0.0,1.0,0.5454545454545454,55.18181818181818,11.363636363636363,3.727272727272727,32.445454545454545,10.090909090909092,4.2727272727272725,45.38181818181818,0.25,,,,,,,,,,0.2,,,,,,,,,,0.0,0.5,0.5,56.5,10.0,3.0,31.133333333333336,11.833333333333334,4.666666666666667,42.71666666666667,0.2222222222222222,,,,,,,,,,0.2,,,,,,,,,,0.0,0.5,0.5,56.5,10.0,3.0,31.133333333333336,11.833333333333334,4.666666666666667,42.71666666666667,0.2222222222222222,,,,,,,,,,-0.2,,,,,,,,,,0.0,0.36363636363636354,0.9090909090909092,-3.3636363636363598,-0.9090909090909083,-0.3636363636363633,-0.18181818181818699,2.0,-0.5454545454545454,-15.190909090909091,-0.0625,,,,,,,,,,0.0,,,,,,,,,,0.0,1.5,0.6666666666666667,-6.666666666666664,-0.3333333333333339,0.0,-1.1166666666666707,0.5,-1.5000000000000004,-16.76666666666667,0.1111111111111111,,,,,,,,,,0.0,,,,,,,,,,0.0,1.5,0.6666666666666667,-6.666666666666664,-0.3333333333333339,0.0,-1.1166666666666707,0.5,-1.5000000000000004,-16.76666666666667,0.1111111111111111,0,-6,-0.5454545454545454,4,10,-6,7
2026-08-09,18,Audax Italiano,Nublense,,,,,,,11,11,1.0,15,16,-1,13,,,,,,,,,,0.0,,,,,,,,,,0.0,1.3636363636363635,1.4545454545454546,51.81818181818182,10.454545454545455,3.3636363636363638,32.26363636363636,12.090909090909092,3.727272727272727,30.19090909090909,0.16666666666666666,,,,,,,,,,0.0,,,,,,,,,,0.0,2.0,1.1666666666666667,49.833333333333336,9.666666666666666,3.0,30.016666666666666,12.333333333333334,3.1666666666666665,25.95,0.3,,,,,,,,,,0.0,,,,,,,,,,0.0,2.0,1.1666666666666667,49.833333333333336,9.666666666666666,3.0,30.016666666666666,12.333333333333334,3.1666666666666665,25.95,0.3,11,17,1.5454545454545454,11,9,2,7,,,,,,,,,,0.0,,,,,,,,,,0.0,1.0,0.8181818181818182,46.63636363636363,12.636363636363637,3.5454545454545454,29.545454545454547,9.272727272727273,3.5454545454545454,40.03636363636363,0.2222222222222222,,,,,,,,,,0.0,,,,,,,,,,0.0,1.0,0.4,46.6,11.6,4.0,32.06,9.6,3.6,37.0,0.2222222222222222,,,,,,,,,,0.0,,,,,,,,,,0.0,1.0,0.4,46.6,11.6,4.0,32.06,9.6,3.6,37.0,0.2222222222222222,,,,,,,,,,0.0,,,,,,,,,,0.0,0.36363636363636354,0.6363636363636364,5.181818181818187,-2.1818181818181817,-0.18181818181818166,2.7181818181818116,2.8181818181818183,0.18181818181818166,-9.84545454545454,-0.05555555555555555,,,,,,,,,,0.0,,,,,,,,,,0.0,1.0,0.7666666666666667,3.2333333333333343,-1.9333333333333336,-1.0,-2.0433333333333366,2.7333333333333343,-0.43333333333333357,-11.05,0.07777777777777778,,,,,,,,,,0.0,,,,,,,,,,0.0,1.0,0.7666666666666667,3.2333333333333343,-1.9333333333333336,-1.0,-2.0433333333333366,2.7333333333333343,-0.43333333333333357,-11.05,0.07777777777777778,0,-6,-0.5454545454545454,4,7,-3,6
2026-08-23,20,Audax Italiano,Union La Calera,,,,,,,11,11,1.0,15,16,-1,13,,,,,,,,,,0.0,,,,,,,,,,0.0,1.3636363636363635,1.4545454545454546,51.81818181818182,10.454545454545455,3.3636363636363638,32.26363636363636,12.090909090909092,3.727272727272727,30.19090909090909,0.15,,,,,,,,,,0.0,,,,,,,,,,0.0,2.0,1.1666666666666667,49.833333333333336,9.666666666666666,3.0,30.016666666666666,12.333333333333334,3.1666666666666665,25.95,0.2727272727272727,,,,,,,,,,0.0,,,,,,,,,,0.0,2.0,1.1666666666666667,49.833333333333336,9.666666666666666,3.0,30.016666666666666,12.333333333333334,3.1666666666666665,25.95,0.2727272727272727,11,10,0.9090909090909091,10,21,-11,15,,,,,,,,,,0.0,,,,,,,,,,0.0,0.9090909090909091,1.9090909090909092,51.81818181818182,10.818181818181818,3.3636363636363638,30.872727272727275,12.363636363636363,4.2727272727272725,34.47272727272727,0.15,,,,,,,,,,0.2,,,,,,,,,,0.0,0.4,2.4,49.8,8.4,2.2,23.619999999999997,14.2,5.2,38.8,0.1,,,,,,,,,,0.2,,,,,,,,,,0.0,0.4,2.4,49.8,8.4,2.2,23.619999999999997,14.2,5.2,38.8,0.1,,,,,,,,,,0.0,,,,,,,,,,0.0,0.4545454545454545,-0.4545454545454546,0.0,-0.3636363636363633,0.0,1.3909090909090835,-0.2727272727272716,-0.5454545454545454,-4.281818181818178,0.0,,,,,,,,,,-0.2,,,,,,,,,,0.0,1.6,-1.2333333333333332,0.033333333333338544,1.2666666666666657,0.7999999999999998,6.396666666666668,-1.8666666666666654,-2.0333333333333337,-12.849999999999998,0.1727272727272727,,,,,,,,,,-0.2,,,,,,,,,,0.0,1.6,-1.2333333333333332,0.033333333333338544,1.2666666666666657,0.7999999999999998,6.396666666666668,-1.8666666666666654,-2.0333333333333337,-12.849999999999998,0.1727272727272727,0,1,0.09090909090909094,5,-5,10,-2
2026-09-13,23,Audax Italiano,O'Higgins,,,,,,,11,11,1.0,15,16,-1,13,,,,,,,,,,0.0,,,,,,,,,,0.0,1.3636363636363635,1.4545454545454546,51.81818181818182,10.454545454545455,3.3636363636363638,32.26363636363636,12.090909090909092,3.727272727272727,30.19090909090909,0.13043478260869565,,,,,,,,,,0.0,,,,,,,,,,0.0,2.0,1.1666666666666667,49.833333333333336,9.666666666666666,3.0,30.016666666666666,12.333333333333334,3.1666666666666665,25.95,0.25,,,,,,,,,,0.0,,,,,,,,,,0.0,2.0,1.1666666666666667,49.833333333333336,9.666666666666666,3.0,30.016666666666666,12.333333333333334,3.1666666666666665,25.95,0.25,11,19,1.7272727272727273,17,16,1,4,,,,,,,,,,0.0,,,,,,,,,,0.0,1.5454545454545454,1.4545454545454546,50.72727272727273,12.272727272727273,4.636363636363637,40.10909090909092,12.272727272727273,4.0,34.25454545454546,0.2608695652173913,,,,,,,,,,0.0,,,,,,,,,,0.0,2.2,2.2,53.4,11.4,4.8,46.0,14.6,4.8,35.339999999999996,0.16666666666666666,,,,,,,,,,0.0,,,,,,,,,,0.0,2.2,2.2,53.4,11.4,4.8,46.0,14.6,4.8,35.339999999999996,0.16666666666666666,,,,,,,,,,0.0,,,,,,,,,,0.0,-0.18181818181818188,0.0,1.0909090909090935,-1.8181818181818183,-1.272727272727273,-7.845454545454558,-0.18181818181818166,-0.27272727272727293,-4.063636363636366,-0.13043478260869565,,,,,,,,,,0.0,,,,,,,,,,0.0,-0.20000000000000018,-1.0333333333333334,-3.566666666666663,-1.7333333333333343,-1.7999999999999998,-15.983333333333334,-2.2666666666666657,-1.6333333333333333,-9.389999999999997,0.08333333333333334,,,,,,,,,,0.0,,,,,,,,,,0.0,-0.20000000000000018,-1.0333333333333334,-3.566666666666663,-1.7333333333333343,-1.7999999999999998,-15.983333333333334,-2.2666666666666657,-1.6333333333333333,-9.389999999999997,0.08333333333333334,0,-8,-0.7272727272727273,-2,0,-2,9
2026-10-25,25,Audax Italiano,Huachipato,,,,,,,11,11,1.0,15,16,-1,13,,,,,,,,,,0.0,,,,,,,,,,0.0,1.3636363636363635,1.4545454545454546,51.81818181818182,10.454545454545455,3.3636363636363638,32.26363636363636,12.090909090909092,3.727272727272727,30.19090909090909,0.12,,,,,,,,,,0.0,,,,,,,,,,0.0,2.0,1.1666666666666667,49.833333333333336,9.666666666666666,3.0,30.016666666666666,12.333333333333334,3.1666666666666665,25.95,0.23076923076923078,,,,,,,,,,0.0,,,,,,,,,,0.0,2.0,1.1666666666666667,49.833333333333336,9.666666666666666,3.0,30.016666666666666,12.333333333333334,3.1666666666666665,25.95,0.23076923076923078,11,19,1.7272727272727273,18,14,4,3,,,,,,,,,,0.0,,,,,,,,,,0.0,1.6363636363636365,1.2727272727272727,47.54545454545455,12.727272727272727,5.181818181818182,38.81818181818182,14.272727272727273,4.0,26.94545454545454,0.24,,,,,,,,,,0.0,,,,,,,,,,0.0,0.8333333333333334,1.0,46.0,11.0,3.5,30.46666666666667,14.5,4.0,26.666666666666668,0.15384615384615385,,,,,,,,,,0.0,,,,,,,,,,0.0,0.8333333333333334,1.0,46.0,11.0,3.5,30.46666666666667,14.5,4.0,26.666666666666668,0.15384615384615385,,,,,,,,,,0.0,,,,,,,,,,0.0,-0.27272727272727293,0.18181818181818188,4.272727272727273,-2.2727272727272716,-1.818181818181818,-6.554545454545462,-2.1818181818181817,-0.27272727272727293,3.2454545454545496,-0.12,,,,,,,,,,0.0,,,,,,,,,,0.0,1.1666666666666665,0.16666666666666674,3.8333333333333357,-1.333333333333334,-0.5,-0.45000000000000284,-2.166666666666666,-0.8333333333333335,-0.7166666666666686,0.07692307692307693,,,,,,,,,,0.0,,,,,,,,,,0.0,1.1666666666666665,0.16666666666666674,3.8333333333333357,-1.333333333333334,-0.5,-0.45000000000000284,-2.166666666666666,-0.8333333333333335,-0.7166666666666686,0.07692307692307693,0,-8,-0.7272727272727273,-3,2,-5,10
2026-11-08,27,Audax Italiano,Coquimbo Unido,,,,,,,11,11,1.0,15,16,-1,13,,,,,,,,,,0.0,,,,,,,,,,0.0,1.3636363636363635,1.4545454545454546,51.81818181818182,10.454545454545455,3.3636363636363638,32.26363636363636,12.090909090909092,3.727272727272727,30.19090909090909,0.1111111111111111,,,,,,,,,,0.0,,,,,,,,,,0.0,2.0,1.1666666666666667,49.833333333333336,9.666666666666666,3.0,30.016666666666666,12.333333333333334,3.1666666666666665,25.95,0.21428571428571427,,,,,,,,,,0.0,,,,,,,,,,0.0,2.0,1.1666666666666667,49.833333333333336,9.666666666666666,3.0,30.016666666666666,12.333333333333334,3.1666666666666665,25.95,0.21428571428571427,10,16,1.6,14,12,2,8,,,,,,,,,,0.0,,,,,,,,,,0.0,1.4,1.2,47.9,13.9,4.5,32.68,11.2,4.0,32.87,0.18518518518518517,,,,,,,,,,0.0,,,,,,,,,,0.0,1.4,1.2,45.2,11.2,4.2,37.04,11.2,3.4,25.5,0.21428571428571427,,,,,,,,,,0.0,,,,,,,,,,0.0,1.4,1.2,45.2,11.2,4.2,37.04,11.2,3.4,25.5,0.21428571428571427,,,,,,,,,,0.0,,,,,,,,,,0.0,-0.036363636363636376,0.25454545454545463,3.9181818181818215,-3.4454545454545453,-1.1363636363636362,-0.4163636363636414,0.8909090909090924,-0.27272727272727293,-2.679090909090906,-0.07407407407407407,,,,,,,,,,0.0,,,,,,,,,,0.0,0.6000000000000001,-0.033333333333333215,4.633333333333333,-1.5333333333333332,-1.2000000000000002,-7.023333333333333,1.1333333333333346,-0.2333333333333334,0.4499999999999993,0.0,,,,,,,,,,0.0,,,,,,,,,,0.0,0.6000000000000001,-0.033333333333333215,4.633333333333333,-1.5333333333333332,-1.2000000000000002,-7.023333333333333,1.1333333333333346,-0.2333333333333334,0.4499999999999993,0.0,1,-5,-0.6000000000000001,1,4,-3,5
2026-11-29,29,Audax Italiano,Palestino,,,,,,,11,11,1.0,15,16,-1,13,,,,,,,,,,0.0,,,,,,,,,,0.0,1.3636363636363635,1.4545454545454546,51.81818181818182,10.454545454545455,3.3636363636363638,32.26363636363636,12.090909090909092,3.727272727272727,30.19090909090909,0.10344827586206896,,,,,,,,,,0.0,,,,,,,,,,0.0,2.0,1.1666666666666667,49.833333333333336,9.666666666666666,3.0,30.016666666666666,12.333333333333334,3.1666666666666665,25.95,0.2,,,,,,,,,,0.0,,,,,,,,,,0.0,2.0,1.1666666666666667,49.833333333333336,9.666666666666666,3.0,30.016666666666666,12.333333333333334,3.1666666666666665,25.95,0.2,11,14,1.2727272727272727,14,18,-4,11,,,,,,,,,,0.0,,,,,,,,,,0.0,1.2727272727272727,1.6363636363636365,50.36363636363637,13.909090909090908,4.363636363636363,31.781818181818185,11.818181818181818,4.090909090909091,34.627272727272725,0.13793103448275862,,,,,,,,,,0.0,,,,,,,,,,0.0,0.8,2.4,47.8,11.2,3.4,31.380000000000003,15.8,5.2,31.68,0.06666666666666667,,,,,,,,,,0.0,,,,,,,,,,0.0,0.8,2.4,47.8,11.2,3.4,31.380000000000003,15.8,5.2,31.68,0.06666666666666667,,,,,,,,,,0.0,,,,,,,,,,0.0,0.09090909090909083,-0.18181818181818188,1.4545454545454533,-3.4545454545454533,-0.9999999999999996,0.4818181818181735,0.2727272727272734,-0.36363636363636376,-4.436363636363634,-0.034482758620689655,,,,,,,,,,0.0,,,,,,,,,,0.0,1.2,-1.2333333333333332,2.0333333333333385,-1.5333333333333332,-0.3999999999999999,-1.3633333333333368,-3.466666666666667,-2.0333333333333337,-5.73,0.13333333333333336,,,,,,,,,,0.0,,,,,,,,,,0.0,1.2,-1.2333333333333332,2.0333333333333385,-1.5333333333333332,-0.3999999999999999,-1.3633333333333368,-3.466666666666667,-2.0333333333333337,-5.73,0.13333333333333336,0,-3,-0.2727272727272727,1,-2,3,2
2026-01-31,1,CD Limache,Colo-Colo,1.0,3.0,1.0,1.0,3.0,W,0,0,0.0,0,0,0,3,,,,,,,,,,,,,,,,,,,,,,,,,,,,,,,,,,,,,,,,,,,,,,,,,,,,,,,,,,,,,,,,,,,,,,,,,,,,,,,,,,,,,,,,,,,0,0,0.0,0,0,0,5,,,,,,,,,,,,,,,,,,,,,,,,,,,,,,,,,,,,,,,,,,,,,,,,,,,,,,,,,,,,,,,,,,,,,,,,,,,,,,,,,,,,,,,,,,,,,,,,,,,,,,,,,,,,,,,,,,,,,,,,,,,,,,,,,,,,,,,,,,,,,,,,,,,,,,,,,,,,,,,,,,,,,,,,,,,,,,,,,,,,,0,0,0.0,0,0,0,-2
2026-02-14,3,CD Limache,O'Higgins,1.0,2.0,1.0,1.0,2.0,W,2,4,2.0,4,2,2,6,,,,,,,,,,,,,,,,,,,,0.3333333333333333,,,,,,,,,,,,,,,,,,,,,,,,,,,,,,,,,,,,,,,,,,,,,,,,,,,,,,,,,,,,,,,,,,,,,,,2,6,3.0,3,1,2,4,,,,,,,,,,,,,,,,,,,,0.6666666666666666,,,,,,,,,,,,,,,,,,,,,,,,,,,,,,,,,,,,,,,,,,,,,,,,,,,,,,,,,,,,,,,,,,,,,,,,,,,,,,,,,,,,,,,,,,-0.3333333333333333,,,,,,,,,,,,,,,,,,,,,,,,,,,,,,,,,,,,,,,,,,,,,,,,,,,,,,,,,,,,,,,,,,,,,,,0,-2,-1.0,1,1,0,2
2026-02-28,5,CD Limache,Huachipato,1.0,3.0,0.0,0.0,3.0,W,4,8,2.0,8,5,3,4,,,,,,,,,,0.4,1.6666666666666667,1.3333333333333333,36.0,6.333333333333333,4.0,59.73333333333333,16.0,4.0,28.599999999999998,0.3333333333333333,,,,,,,,,,0.4,,,,,,,,,,,,,,,,,,,,0.6666666666666666,,,,,,,,,,,,,,,,,,,,,,,,,,,,,,0.6666666666666666,,,,,,,,,,,4,9,2.25,7,3,4,2,,,,,,,,,,0.6,2.3333333333333335,0.6666666666666666,47.0,16.0,9.0,60.93333333333334,11.0,2.3333333333333335,21.3,1.0,,,,,,,,,,0.6,,,,,,,,,,,,,,,,,,,,0.3333333333333333,,,,,,,,,,,,,,,,,,,,,,,,,,,,,,0.3333333333333333,,,,,,,,,,,,,,,,,,,,-0.19999999999999996,-0.6666666666666667,0.6666666666666666,-11.0,-9.666666666666668,-5.0,-1.20000000000001,5.0,1.6666666666666665,7.299999999999997,-0.6666666666666667,,,,,,,,,,-0.19999999999999996,,,,,,,,,,,,,,,,,,,,0.3333333333333333,,,,,,,,,,,,,,,,,,,,,,,,,,,,,,0.3333333333333333,,,,,,,,,,,0,-1,-0.25,1,2,-1,2
2026-04-04,8,CD Limache,Union La Calera,1.0,4.0,0.0,0.0,4.0,W,7,14,2.0,16,8,8,3,2.4,1.2,44.2,12.4,5.6,48.779999999999994,14.0,3.6,26.74,0.6,2.6666666666666665,1.0,50.0,15.0,5.666666666666667,38.233333333333334,14.666666666666666,3.0,20.5,0.6666666666666666,2.2857142857142856,1.1428571428571428,40.714285714285715,10.428571428571429,4.714285714285714,48.32857142857143,15.714285714285714,4.0,26.599999999999998,0.5,,,,,,,,,,,2.6666666666666665,0.6666666666666666,36.666666666666664,12.0,5.666666666666667,50.0,14.333333333333334,4.0,25.2,1.0,,,,,,,,,,,,,,,,,,,,,2.6666666666666665,0.6666666666666666,36.666666666666664,12.0,5.666666666666667,50.0,14.333333333333334,4.0,25.2,1.0,,,,,,,,,,,7,4,0.5714285714285714,6,14,-8,15,1.2,1.6,53.4,10.4,3.6,33.32,13.0,4.2,32.58,0.2,2.0,2.0,55.666666666666664,13.333333333333334,5.0,38.86666666666667,12.333333333333334,5.0,41.6,0.3333333333333333,0.8571428571428571,2.0,52.142857142857146,10.428571428571429,3.5714285714285716,32.98571428571429,12.571428571428571,3.5714285714285716,27.914285714285715,0.125,,,,,,,,,,,0.0,2.3333333333333335,48.666666666666664,8.666666666666666,2.0,19.8,15.0,4.333333333333333,31.733333333333334,0.0,,,,,,,,,,,,,,,,,,,,,0.0,2.3333333333333335,48.666666666666664,8.666666666666666,2.0,19.8,15.0,4.333333333333333,31.733333333333334,0.0,,,,,,,,,,,1.2,-0.40000000000000013,-9.199999999999996,2.0,1.9999999999999996,15.459999999999994,1.0,-0.6000000000000001,-5.84,0.39999999999999997,0.6666666666666665,-1.0,-5.666666666666664,1.666666666666666,0.666666666666667,-0.6333333333333329,2.333333333333332,-2.0,-21.1,0.3333333333333333,1.4285714285714284,-0.8571428571428572,-11.42857142857143,0.0,1.1428571428571428,15.342857142857142,3.1428571428571423,0.4285714285714284,-1.3142857142857167,0.375,,,,,,,,,,,2.6666666666666665,-1.666666666666667,-12.0,3.333333333333334,3.666666666666667,30.2,-0.6666666666666661,-0.33333333333333304,-6.533333333333335,1.0,,,,,,,,,,,,,,,,,,,,,2.6666666666666665,-1.666666666666667,-12.0,3.333333333333334,3.666666666666667,30.2,-0.6666666666666661,-0.33333333333333304,-6.533333333333335,1.0,,,,,,,,,,,0,10,1.4285714285714286,10,-6,16,-12
2026-04-17,10,CD Limache,Universidad de Concepcion,1.0,3.0,0.0,0.0,3.0,W,9,17,1.8888888888888888,20,9,11,2,2.4,0.8,51.0,13.2,5.2,36.94,12.0,2.4,19.6,0.6,3.0,1.0,51.333333333333336,11.333333333333334,5.666666666666667,43.833333333333336,12.666666666666666,2.3333333333333335,18.233333333333334,0.6666666666666666,2.2222222222222223,1.0,43.333333333333336,10.444444444444445,4.666666666666667,45.36666666666667,14.0,3.4444444444444446,24.744444444444444,0.5,,,,,,,,,,0.8,3.0,0.3333333333333333,40.666666666666664,14.0,7.0,52.96666666666667,10.666666666666666,2.0,17.0,1.0,,,,,,,,,,0.8,,,,,,,,,,0.8,3.0,0.3333333333333333,40.666666666666664,14.0,7.0,52.96666666666667,10.666666666666666,2.0,17.0,1.0,,,,,,,,,,0.8,9,14,1.5555555555555556,8,14,-6,6,0.8,1.8,46.8,14.2,3.4,23.779999999999998,15.2,6.6,40.16,0.4,1.0,1.6666666666666667,49.0,12.666666666666666,3.0,22.2,13.0,5.333333333333333,35.666666666666664,0.6666666666666666,0.8888888888888888,1.5555555555555556,47.44444444444444,13.555555555555555,4.111111111111111,32.12222222222223,13.222222222222221,5.222222222222222,34.75555555555556,0.4,,,,,,,,,,0.0,1.0,2.3333333333333335,42.333333333333336,13.333333333333334,4.666666666666667,35.53333333333333,17.333333333333332,8.666666666666666,50.76666666666667,0.0,,,,,,,,,,0.0,,,,,,,,,,0.0,1.0,2.3333333333333335,42.333333333333336,13.333333333333334,4.666666666666667,35.53333333333333,17.333333333333332,8.666666666666666,50.76666666666667,0.0,,,,,,,,,,0.0,1.5999999999999999,-1.0,4.200000000000003,-1.0,1.8000000000000003,13.16,-3.1999999999999993,-4.199999999999999,-20.559999999999995,0.19999999999999996,2.0,-0.6666666666666667,2.3333333333333357,-1.3333333333333321,2.666666666666667,21.633333333333336,-0.3333333333333339,-2.9999999999999996,-17.43333333333333,0.0,1.3333333333333335,-0.5555555555555556,-4.111111111111107,-3.1111111111111107,0.5555555555555562,13.24444444444444,0.7777777777777786,-1.7777777777777777,-10.011111111111116,0.09999999999999998,,,,,,,,,,0.8,2.0,-2.0,-1.6666666666666714,0.6666666666666661,2.333333333333333,17.433333333333337,-6.666666666666666,-6.666666666666666,-33.76666666666667,1.0,,,,,,,,,,0.8,,,,,,,,,,0.8,2.0,-2.0,-1.6666666666666714,0.6666666666666661,2.333333333333333,17.433333333333337,-6.666666666666666,-6.666666666666666,-33.76666666666667,1.0,,,,,,,,,,0.8,0,3,0.33333333333333326,12,-5,17,-4
2026-05-16,12,CD Limache,Universidad Catolica,,,,,,,11,21,1.9090909090909092,25,11,14,1,2.8,1.0,51.2,14.2,5.6,37.92,13.2,2.8,20.68,0.6,1.6666666666666667,1.0,56.0,14.333333333333334,4.0,24.933333333333334,12.333333333333334,3.0,23.633333333333336,0.3333333333333333,2.272727272727273,1.0,44.72727272727273,11.909090909090908,4.818181818181818,42.4,14.0,3.4545454545454546,24.672727272727272,0.5,3.0,0.4,39.4,15.4,6.6,46.82,13.0,3.6,24.639999999999997,1.0,3.3333333333333335,0.0,44.666666666666664,19.666666666666668,7.666666666666667,41.00000000000001,10.666666666666666,2.3333333333333335,19.2,1.0,3.0,0.4,39.4,15.4,6.6,46.82,13.0,3.6,24.639999999999997,0.8333333333333334,3.0,0.4,39.4,15.4,6.6,46.82,13.0,3.6,24.639999999999997,1.0,3.3333333333333335,0.0,44.666666666666664,19.666666666666668,7.666666666666667,41.00000000000001,10.666666666666666,2.3333333333333335,19.2,1.0,3.0,0.4,39.4,15.4,6.6,46.82,13.0,3.6,24.639999999999997,0.8333333333333334,11,17,1.5454545454545454,24,17,7,5,2.6,1.8,57.0,11.8,5.2,45.8,10.2,3.6,39.56,0.4,1.6666666666666667,2.0,54.666666666666664,10.0,5.333333333333333,53.63333333333333,11.333333333333334,4.333333333333333,40.36666666666667,0.3333333333333333,2.1818181818181817,1.5454545454545454,57.72727272727273,12.818181818181818,5.181818181818182,42.39090909090909,9.909090909090908,4.0,43.43636363636364,0.4166666666666667,1.6,1.8,58.2,12.2,5.2,46.7,9.8,4.6,48.46,0.4,1.3333333333333333,1.6666666666666667,55.666666666666664,9.0,4.666666666666667,50.96666666666667,10.666666666666666,4.0,39.86666666666667,0.3333333333333333,1.6666666666666667,1.8333333333333333,58.333333333333336,12.333333333333334,5.0,44.050000000000004,9.833333333333334,4.666666666666667,48.71666666666667,0.2857142857142857,1.6,1.8,58.2,12.2,5.2,46.7,9.8,4.6,48.46,0.4,1.3333333333333333,1.6666666666666667,55.666666666666664,9.0,4.666666666666667,50.96666666666667,10.666666666666666,4.0,39.86666666666667,0.3333333333333333,1.6666666666666667,1.8333333333333333,58.333333333333336,12.333333333333334,5.0,44.050000000000004,9.833333333333334,4.666666666666667,48.71666666666667,0.2857142857142857,0.19999999999999973,-0.8,-5.799999999999997,2.3999999999999986,0.39999999999999947,-7.8799999999999955,3.0,-0.8000000000000003,-18.880000000000003,0.19999999999999996,0.0,-1.0,1.3333333333333357,4.333333333333334,-1.333333333333333,-28.7,1.0,-1.333333333333333,-16.73333333333333,0.0,0.09090909090909127,-0.5454545454545454,-13.0,-0.9090909090909101,-0.3636363636363633,0.009090909090907928,4.090909090909092,-0.5454545454545454,-18.763636363636365,0.08333333333333331,1.4,-1.4,-18.800000000000004,3.200000000000001,1.3999999999999995,0.11999999999999744,3.1999999999999993,-0.9999999999999996,-23.820000000000004,0.6,2.0,-1.6666666666666667,-11.0,10.666666666666668,3.0,-9.966666666666661,0.0,-1.6666666666666665,-20.666666666666668,0.6666666666666667,1.3333333333333333,-1.4333333333333331,-18.933333333333337,3.0666666666666664,1.5999999999999996,2.769999999999996,3.166666666666666,-1.0666666666666669,-24.07666666666667,0.5476190476190477,1.4,-1.4,-18.800000000000004,3.200000000000001,1.3999999999999995,0.11999999999999744,3.1999999999999993,-0.9999999999999996,-23.820000000000004,0.6,2.0,-1.6666666666666667,-11.0,10.666666666666668,3.0,-9.966666666666661,0.0,-1.6666666666666665,-20.666666666666668,0.6666666666666667,1.3333333333333333,-1.4333333333333331,-18.933333333333337,3.0666666666666664,1.5999999999999996,2.769999999999996,3.166666666666666,-1.0666666666666669,-24.07666666666667,0.5476190476190477,0,4,0.36363636363636376,1,-6,7,-4
2026-05-31,14,CD Limache,Coquimbo Unido,,,,,,,11,21,1.9090909090909092,25,11,14,1,,,,,,,,,,0.2,,,,,,,,,,0.0,2.272727272727273,1.0,44.72727272727273,11.909090909090908,4.818181818181818,42.4,14.0,3.4545454545454546,24.672727272727272,0.42857142857142855,,,,,,,,,,0.8,,,,,,,,,,0.6666666666666666,3.0,0.4,39.4,15.4,6.6,46.82,13.0,3.6,24.639999999999997,0.7142857142857143,,,,,,,,,,0.8,,,,,,,,,,0.6666666666666666,3.0,0.4,39.4,15.4,6.6,46.82,13.0,3.6,24.639999999999997,0.7142857142857143,10,16,1.6,14,12,2,8,,,,,,,,,,0.2,,,,,,,,,,0.0,1.4,1.2,47.9,13.9,4.5,32.68,11.2,4.0,32.87,0.35714285714285715,,,,,,,,,,0.4,,,,,,,,,,0.3333333333333333,1.4,1.2,45.2,11.2,4.2,37.04,11.2,3.4,25.5,0.375,,,,,,,,,,0.4,,,,,,,,,,0.3333333333333333,1.4,1.2,45.2,11.2,4.2,37.04,11.2,3.4,25.5,0.375,,,,,,,,,,0.0,,,,,,,,,,0.0,0.872727272727273,-0.19999999999999996,-3.172727272727272,-1.990909090909092,0.31818181818181834,9.719999999999999,2.8000000000000007,-0.5454545454545454,-8.197272727272725,0.0714285714285714,,,,,,,,,,0.4,,,,,,,,,,0.3333333333333333,1.6,-0.7999999999999999,-5.800000000000004,4.200000000000001,2.3999999999999995,9.780000000000001,1.8000000000000007,0.20000000000000018,-0.860000000000003,0.3392857142857143,,,,,,,,,,0.4,,,,,,,,,,0.3333333333333333,1.6,-0.7999999999999999,-5.800000000000004,4.200000000000001,2.3999999999999995,9.780000000000001,1.8000000000000007,0.20000000000000018,-0.860000000000003,0.3392857142857143,1,5,0.3090909090909091,11,-1,12,-7
2026-08-02,17,CD Limache,Nublense,,,,,,,11,21,1.9090909090909092,25,11,14,1,,,,,,,,,,0.0,,,,,,,,,,0.0,2.272727272727273,1.0,44.72727272727273,11.909090909090908,4.818181818181818,42.4,14.0,3.4545454545454546,24.672727272727272,0.35294117647058826,,,,,,,,,,0.6,,,,,,,,,,0.3333333333333333,3.0,0.4,39.4,15.4,6.6,46.82,13.0,3.6,24.639999999999997,0.625,,,,,,,,,,0.6,,,,,,,,,,0.3333333333333333,3.0,0.4,39.4,15.4,6.6,46.82,13.0,3.6,24.639999999999997,0.625,11,17,1.5454545454545454,11,9,2,7,,,,,,,,,,0.0,,,,,,,,,,0.0,1.0,0.8181818181818182,46.63636363636363,12.636363636363637,3.5454545454545454,29.545454545454547,9.272727272727273,3.5454545454545454,40.03636363636363,0.23529411764705882,,,,,,,,,,0.2,,,,,,,,,,0.0,1.0,0.4,46.6,11.6,4.0,32.06,9.6,3.6,37.0,0.25,,,,,,,,,,0.2,,,,,,,,,,0.0,1.0,0.4,46.6,11.6,4.0,32.06,9.6,3.6,37.0,0.25,,,,,,,,,,0.0,,,,,,,,,,0.0,1.272727272727273,0.18181818181818177,-1.9090909090909065,-0.7272727272727284,1.272727272727273,12.854545454545452,4.727272727272727,-0.09090909090909083,-15.36363636363636,0.11764705882352944,,,,,,,,,,0.39999999999999997,,,,,,,,,,0.3333333333333333,2.0,0.0,-7.200000000000003,3.8000000000000007,2.5999999999999996,14.759999999999998,3.4000000000000004,0.0,-12.360000000000003,0.375,,,,,,,,,,0.39999999999999997,,,,,,,,,,0.3333333333333333,2.0,0.0,-7.200000000000003,3.8000000000000007,2.5999999999999996,14.759999999999998,3.4000000000000004,0.0,-12.360000000000003,0.375,0,4,0.36363636363636376,14,2,12,-6
2026-08-16,19,CD Limache,Universidad de Chile,,,,,,,11,21,1.9090909090909092,25,11,14,1,,,,,,,,,,0.0,,,,,,,,,,0.0,2.272727272727273,1.0,44.72727272727273,11.909090909090908,4.818181818181818,42.4,14.0,3.4545454545454546,24.672727272727272,0.3157894736842105,,,,,,,,,,0.4,,,,,,,,,,0.0,3.0,0.4,39.4,15.4,6.6,46.82,13.0,3.6,24.639999999999997,0.5555555555555556,,,,,,,,,,0.4,,,,,,,,,,0.0,3.0,0.4,39.4,15.4,6.6,46.82,13.0,3.6,24.639999999999997,0.5555555555555556,11,17,1.5454545454545454,11,6,5,6,,,,,,,,,,0.0,,,,,,,,,,0.0,1.0,0.5454545454545454,55.18181818181818,11.363636363636363,3.727272727272727,32.445454545454545,10.090909090909092,4.2727272727272725,45.38181818181818,0.21052631578947367,,,,,,,,,,0.0,,,,,,,,,,0.0,0.5,0.5,56.5,10.0,3.0,31.133333333333336,11.833333333333334,4.666666666666667,42.71666666666667,0.2,,,,,,,,,,0.0,,,,,,,,,,0.0,0.5,0.5,56.5,10.0,3.0,31.133333333333336,11.833333333333334,4.666666666666667,42.71666666666667,0.2,,,,,,,,,,0.0,,,,,,,,,,0.0,1.272727272727273,0.4545454545454546,-10.454545454545453,0.545454545454545,1.0909090909090913,9.954545454545453,3.9090909090909083,-0.8181818181818179,-20.70909090909091,0.10526315789473684,,,,,,,,,,0.4,,,,,,,,,,0.0,2.5,-0.09999999999999998,-17.1,5.4,3.5999999999999996,15.686666666666664,1.166666666666666,-1.0666666666666669,-18.07666666666667,0.35555555555555557,,,,,,,,,,0.4,,,,,,,,,,0.0,2.5,-0.09999999999999998,-17.1,5.4,3.5999999999999996,15.686666666666664,1.166666666666666,-1.0666666666666669,-18.07666666666667,0.35555555555555557,0,4,0.36363636363636376,14,5,9,-5
2026-08-30,21,CD Limache,Everton,,,,,,,11,21,1.9090909090909092,25,11,14,1,,,,,,,,,,0.0,,,,,,,,,,0.0,2.272727272727273,1.0,44.72727272727273,11.909090909090908,4.818181818181818,42.4,14.0,3.4545454545454546,24.672727272727272,0.2857142857142857,,,,,,,,,,0.2,,,,,,,,,,0.0,3.0,0.4,39.4,15.4,6.6,46.82,13.0,3.6,24.639999999999997,0.5,,,,,,,,,,0.2,,,,,,,,,,0.0,3.0,0.4,39.4,15.4,6.6,46.82,13.0,3.6,24.639999999999997,0.5,11,15,1.3636363636363635,12,10,2,9,,,,,,,,,,0.0,,,,,,,,,,0.0,1.0909090909090908,0.9090909090909091,45.63636363636363,11.272727272727273,3.727272727272727,33.418181818181814,14.363636363636363,4.7272727272727275,33.127272727272725,0.19047619047619047,,,,,,,,,,0.0,,,,,,,,,,0.0,1.0,1.2,41.8,9.0,3.4,34.82,16.0,4.6,29.4,0.1,,,,,,,,,,0.0,,,,,,,,,,0.0,1.0,1.2,41.8,9.0,3.4,34.82,16.0,4.6,29.4,0.1,,,,,,,,,,0.0,,,,,,,,,,0.0,1.181818181818182,0.09090909090909094,-0.9090909090909065,0.6363636363636349,1.0909090909090913,8.981818181818184,-0.3636363636363633,-1.272727272727273,-8.454545454545453,0.09523809523809523,,,,,,,,,,0.2,,,,,,,,,,0.0,2.0,-0.7999999999999999,-2.3999999999999986,6.4,3.1999999999999997,12.0,-3.0,-0.9999999999999996,-4.760000000000002,0.4,,,,,,,,,,0.2,,,,,,,,,,0.0,2.0,-0.7999999999999999,-2.3999999999999986,6.4,3.1999999999999997,12.0,-3.0,-0.9999999999999996,-4.760000000000002,0.4,0,6,0.5454545454545456,13,1,12,-8
2026-09-06,22,CD Limache,Cobresal,,,,,,,11,21,1.9090909090909092,25,11,14,1,,,,,,,,,,0.0,,,,,,,,,,0.0,2.272727272727273,1.0,44.72727272727273,11.909090909090908,4.818181818181818,42.4,14.0,3.4545454545454546,24.672727272727272,0.2727272727272727,,,,,,,,,,0.0,,,,,,,,,,0.0,3.0,0.4,39.4,15.4,6.6,46.82,13.0,3.6,24.639999999999997,0.45454545454545453,,,,,,,,,,0.0,,,,,,,,,,0.0,3.0,0.4,39.4,15.4,6.6,46.82,13.0,3.6,24.639999999999997,0.45454545454545453,11,10,0.9090909090909091,17,23,-6,14,,,,,,,,,,0.0,,,,,,,,,,0.0,1.5454545454545454,2.090909090909091,45.18181818181818,13.0,4.2727272727272725,34.38181818181818,17.454545454545453,5.636363636363637,31.472727272727273,0.13636363636363635,,,,,,,,,,0.0,,,,,,,,,,0.0,1.5,2.0,43.0,10.666666666666666,3.3333333333333335,31.55,19.333333333333332,6.666666666666667,33.300000000000004,0.08333333333333333,,,,,,,,,,0.0,,,,,,,,,,0.0,1.5,2.0,43.0,10.666666666666666,3.3333333333333335,31.55,19.333333333333332,6.666666666666667,33.300000000000004,0.08333333333333333,,,,,,,,,,0.0,,,,,,,,,,0.0,0.7272727272727275,-1.0909090909090908,-0.45454545454545325,-1.0909090909090917,0.5454545454545459,8.018181818181816,-3.4545454545454533,-2.181818181818182,-6.800000000000001,0.13636363636363635,,,,,,,,,,0.0,,,,,,,,,,0.0,1.5,-1.6,-3.6000000000000014,4.733333333333334,3.266666666666666,15.27,-6.333333333333332,-3.066666666666667,-8.660000000000007,0.3712121212121212,,,,,,,,,,0.0,,,,,,,,,,0.0,1.5,-1.6,-3.6000000000000014,4.733333333333334,3.266666666666666,15.27,-6.333333333333332,-3.066666666666667,-8.660000000000007,0.3712121212121212,0,11,1.0,8,-12,20,-13
2026-10-11,24,CD Limache,Palestino,,,,,,,11,21,1.9090909090909092,25,11,14,1,,,,,,,,,,0.0,,,,,,,,,,0.0,2.272727272727273,1.0,44.72727272727273,11.909090909090908,4.818181818181818,42.4,14.0,3.4545454545454546,24.672727272727272,0.25,,,,,,,,,,0.0,,,,,,,,,,0.0,3.0,0.4,39.4,15.4,6.6,46.82,13.0,3.6,24.639999999999997,0.4166666666666667,,,,,,,,,,0.0,,,,,,,,,,0.0,3.0,0.4,39.4,15.4,6.6,46.82,13.0,3.6,24.639999999999997,0.4166666666666667,11,14,1.2727272727272727,14,18,-4,11,,,,,,,,,,0.0,,,,,,,,,,0.0,1.2727272727272727,1.6363636363636365,50.36363636363637,13.909090909090908,4.363636363636363,31.781818181818185,11.818181818181818,4.090909090909091,34.627272727272725,0.16666666666666666,,,,,,,,,,0.0,,,,,,,,,,0.0,0.8,2.4,47.8,11.2,3.4,31.380000000000003,15.8,5.2,31.68,0.08333333333333333,,,,,,,,,,0.0,,,,,,,,,,0.0,0.8,2.4,47.8,11.2,3.4,31.380000000000003,15.8,5.2,31.68,0.08333333333333333,,,,,,,,,,0.0,,,,,,,,,,0.0,1.0000000000000002,-0.6363636363636365,-5.63636363636364,-2.0,0.45454545454545503,10.618181818181814,2.1818181818181817,-0.6363636363636362,-9.954545454545453,0.08333333333333334,,,,,,,,,,0.0,,,,,,,,,,0.0,2.2,-2.0,-8.399999999999999,4.200000000000001,3.1999999999999997,15.439999999999998,-2.8000000000000007,-1.6,-7.040000000000003,0.33333333333333337,,,,,,,,,,0.0,,,,,,,,,,0.0,2.2,-2.0,-8.399999999999999,4.200000000000001,3.1999999999999997,15.439999999999998,-2.8000000000000007,-1.6,-7.040000000000003,0.33333333333333337,0,7,0.6363636363636365,11,-7,18,-10
2026-11-01,26,CD Limache,Audax Italiano,,,,,,,11,21,1.9090909090909092,25,11,14,1,,,,,,,,,,0.0,,,,,,,,,,0.0,2.272727272727273,1.0,44.72727272727273,11.909090909090908,4.818181818181818,42.4,14.0,3.4545454545454546,24.672727272727272,0.23076923076923078,,,,,,,,,,0.0,,,,,,,,,,0.0,3.0,0.4,39.4,15.4,6.6,46.82,13.0,3.6,24.639999999999997,0.38461538461538464,,,,,,,,,,0.0,,,,,,,,,,0.0,3.0,0.4,39.4,15.4,6.6,46.82,13.0,3.6,24.639999999999997,0.38461538461538464,11,11,1.0,15,16,-1,13,,,,,,,,,,0.0,,,,,,,,,,0.0,1.3636363636363635,1.4545454545454546,51.81818181818182,10.454545454545455,3.3636363636363638,32.26363636363636,12.090909090909092,3.727272727272727,30.19090909090909,0.11538461538461539,,,,,,,,,,0.0,,,,,,,,,,0.0,0.6,1.8,54.2,11.4,3.8,34.96,11.8,4.4,35.28,0.0,,,,,,,,,,0.0,,,,,,,,,,0.0,0.6,1.8,54.2,11.4,3.8,34.96,11.8,4.4,35.28,0.0,,,,,,,,,,0.0,,,,,,,,,,0.0,0.9090909090909094,-0.4545454545454546,-7.0909090909090935,1.4545454545454533,1.4545454545454546,10.13636363636364,1.9090909090909083,-0.2727272727272725,-5.518181818181819,0.11538461538461539,,,,,,,,,,0.0,,,,,,,,,,0.0,2.4,-1.4,-14.800000000000004,4.0,2.8,11.86,1.1999999999999993,-0.8000000000000003,-10.640000000000004,0.38461538461538464,,,,,,,,,,0.0,,,,,,,,,,0.0,2.4,-1.4,-14.800000000000004,4.0,2.8,11.86,1.1999999999999993,-0.8000000000000003,-10.640000000000004,0.38461538461538464,0,10,0.9090909090909092,10,-5,15,-12
2026-11-22,28,CD Limache,La Serena,,,,,,,11,21,1.9090909090909092,25,11,14,1,,,,,,,,,,0.0,,,,,,,,,,0.0,2.272727272727273,1.0,44.72727272727273,11.909090909090908,4.818181818181818,42.4,14.0,3.4545454545454546,24.672727272727272,0.21428571428571427,,,,,,,,,,0.0,,,,,,,,,,0.0,3.0,0.4,39.4,15.4,6.6,46.82,13.0,3.6,24.639999999999997,0.35714285714285715,,,,,,,,,,0.0,,,,,,,,,,0.0,3.0,0.4,39.4,15.4,6.6,46.82,13.0,3.6,24.639999999999997,0.35714285714285715,11,14,1.2727272727272727,13,14,-1,10,,,,,,,,,,0.0,,,,,,,,,,0.0,1.1818181818181819,1.2727272727272727,49.72727272727273,10.909090909090908,3.8181818181818183,34.199999999999996,12.090909090909092,4.181818181818182,34.699999999999996,0.10714285714285714,,,,,,,,,,0.0,,,,,,,,,,0.0,1.2,2.0,49.4,11.2,3.4,33.2,13.4,4.8,36.14,0.07142857142857142,,,,,,,,,,0.0,,,,,,,,,,0.0,1.2,2.0,49.4,11.2,3.4,33.2,13.4,4.8,36.14,0.07142857142857142,,,,,,,,,,0.0,,,,,,,,,,0.0,1.090909090909091,-0.2727272727272727,-5.0,1.0,1.0,8.200000000000003,1.9090909090909083,-0.7272727272727271,-10.027272727272724,0.10714285714285714,,,,,,,,,,0.0,,,,,,,,,,0.0,1.8,-1.6,-10.0,4.200000000000001,3.1999999999999997,13.619999999999997,-0.40000000000000036,-1.1999999999999997,-11.500000000000004,0.2857142857142857,,,,,,,,,,0.0,,,,,,,,,,0.0,1.8,-1.6,-10.0,4.200000000000001,3.1999999999999997,13.619999999999997,-0.40000000000000036,-1.1999999999999997,-11.500000000000004,0.2857142857142857,0,7,0.6363636363636365,12,-3,15,-9
2026-12-06,30,CD Limache,Deportes Concepcion,,,,,,,11,21,1.9090909090909092,25,11,14,1,,,,,,,,,,0.0,,,,,,,,,,0.0,2.272727272727273,1.0,44.72727272727273,11.909090909090908,4.818181818181818,42.4,14.0,3.4545454545454546,24.672727272727272,0.2,,,,,,,,,,0.0,,,,,,,,,,0.0,3.0,0.4,39.4,15.4,6.6,46.82,13.0,3.6,24.639999999999997,0.3333333333333333,,,,,,,,,,0.0,,,,,,,,,,0.0,3.0,0.4,39.4,15.4,6.6,46.82,13.0,3.6,24.639999999999997,0.3333333333333333,11,8,0.7272727272727273,8,17,-9,16,,,,,,,,,,0.0,,,,,,,,,,0.0,0.7272727272727273,1.5454545454545454,48.45454545454545,11.727272727272727,2.909090909090909,24.427272727272726,13.090909090909092,4.363636363636363,37.14545454545455,0.06666666666666667,,,,,,,,,,0.0,,,,,,,,,,0.0,0.5714285714285714,1.4285714285714286,47.285714285714285,11.571428571428571,2.7142857142857144,24.2,13.857142857142858,4.428571428571429,36.771428571428565,0.13333333333333333,,,,,,,,,,0.0,,,,,,,,,,0.0,0.5714285714285714,1.4285714285714286,47.285714285714285,11.571428571428571,2.7142857142857144,24.2,13.857142857142858,4.428571428571429,36.771428571428565,0.13333333333333333,,,,,,,,,,0.0,,,,,,,,,,0.0,1.5454545454545456,-0.5454545454545454,-3.7272727272727266,0.18181818181818166,1.9090909090909092,17.972727272727273,0.9090909090909083,-0.9090909090909087,-12.472727272727276,0.13333333333333336,,,,,,,,,,0.0,,,,,,,,,,0.0,2.428571428571429,-1.0285714285714285,-7.885714285714286,3.828571428571429,3.8857142857142852,22.62,-0.8571428571428577,-0.8285714285714287,-12.131428571428568,0.19999999999999998,,,,,,,,,,0.0,,,,,,,,,,0.0,2.428571428571429,-1.0285714285714285,-7.885714285714286,3.828571428571429,3.8857142857142852,22.62,-0.8571428571428577,-0.8285714285714287,-12.131428571428568,0.19999999999999998,0,13,1.1818181818181819,17,-6,23,-15
2026-01-31,1,Cobresal,Huachipato,1.0,1.0,0.0,0.0,1.0,W,0,0,0.0,0,0,0,5,,,,,,,,,,,,,,,,,,,,,,,,,,,,,,,,,,,,,,,,,,,,,,,,,,,,,,,,,,,,,,,,,,,,,,,,,,,,,,,,,,,,,,,,,,,0,0,0.0,0,0,0,8,,,,,,,,,,,,,,,,,,,,,,,,,,,,,,,,,,,,,,,,,,,,,,,,,,,,,,,,,,,,,,,,,,,,,,,,,,,,,,,,,,,,,,,,,,,,,,,,,,,,,,,,,,,,,,,,,,,,,,,,,,,,,,,,,,,,,,,,,,,,,,,,,,,,,,,,,,,,,,,,,,,,,,,,,,,,,,,,,,,,,0,0,0.0,0,0,0,-3
2026-02-14,3,Cobresal,Universidad Catolica,1.0,3.0,2.0,2.0,3.0,W,2,6,3.0,4,0,4,2,,,,,,,,,,,,,,,,,,,,0.6666666666666666,,,,,,,,,,,,,,,,,,,,,,,,,,,,,,,,,,,,,,,,,,,,,,,,,,,,,,,,,,,,,,,,,,,,,,,2,4,2.0,4,2,2,7,,,,,,,,,,,,,,,,,,,,0.3333333333333333,,,,,,,,,,,,,,,,,,,,,,,,,,,,,,,,,,,,,,,,,,,,,,,,,,,,,,,,,,,,,,,,,,,,,,,,,,,,,,,,,,,,,,,,,,0.3333333333333333,,,,,,,,,,,,,,,,,,,,,,,,,,,,,,,,,,,,,,,,,,,,,,,,,,,,,,,,,,,,,,,,,,,,,,,0,2,1.0,0,-2,2,-5
2026-02-27,5,Cobresal,La Serena,-1.0,0.0,1.0,1.0,0.0,L,4,10,2.5,8,3,5,1,,,,,,,,,,0.6,2.3333333333333335,1.0,40.333333333333336,9.666666666666666,4.0,39.03333333333334,19.666666666666668,6.0,31.200000000000003,0.6666666666666666,,,,,,,,,,0.6,,,,,,,,,,,,,,,,,,,,0.6666666666666666,,,,,,,,,,,,,,,,,,,,,,,,,,,,,,0.6666666666666666,,,,,,,,,,,4,2,0.5,3,5,-2,13,,,,,,,,,,0.0,0.3333333333333333,1.0,54.0,8.666666666666666,3.3333333333333335,29.866666666666664,11.0,4.0,36.93333333333333,0.0,,,,,,,,,,0.0,,,,,,,,,,,,,,,,,,,,,,,,,,,,,,,,,,,,,,,,,,,,,,,,,,,,,,,,,,,,,,,,,,,,,,0.6,2.0,0.0,-13.666666666666664,1.0,0.6666666666666665,9.166666666666675,8.666666666666668,2.0,-5.733333333333327,0.6666666666666666,,,,,,,,,,0.6,,,,,,,,,,,,,,,,,,,,,,,,,,,,,,,,,,,,,,,,,,,,,,,,,,,,,,,,,,,,,0,8,2.0,5,-2,7,-12
2026-03-15,7,Cobresal,CD Limache,-1.0,2.0,5.0,5.0,2.0,L,6,10,1.6666666666666667,10,8,2,6,1.8,1.6,43.2,10.4,4.6,43.92,20.0,6.2,30.48,0.4,1.0,2.0,43.0,10.666666666666666,4.666666666666667,45.26666666666667,21.0,6.666666666666667,30.2,0.0,1.6666666666666667,1.3333333333333333,44.666666666666664,11.5,4.666666666666667,41.5,18.833333333333332,5.166666666666667,25.400000000000002,0.42857142857142855,,,,,,,,,,,1.3333333333333333,1.0,48.666666666666664,14.333333333333334,6.333333333333333,47.366666666666674,16.333333333333332,3.0,16.400000000000002,0.6666666666666666,,,,,,,,,,,,,,,,,,,,,1.3333333333333333,1.0,48.666666666666664,14.333333333333334,6.333333333333333,47.366666666666674,16.333333333333332,3.0,16.400000000000002,0.6666666666666666,,,,,,,,,,,6,11,1.8333333333333333,11,6,5,2,1.6,1.0,41.8,10.2,4.2,46.48,14.0,3.4,25.82,0.4,1.6666666666666667,1.0,45.333333333333336,13.333333333333334,4.666666666666667,38.56666666666667,11.0,3.3333333333333335,29.599999999999998,0.3333333333333333,1.8333333333333333,1.0,39.333333333333336,10.0,4.166666666666667,46.13333333333333,14.666666666666666,4.0,28.0,0.42857142857142855,,,,,,,,,,,1.0,1.3333333333333333,42.0,8.0,2.6666666666666665,42.266666666666666,15.0,4.0,30.8,0.0,,,,,,,,,,,,,,,,,,,,,1.0,1.3333333333333333,42.0,8.0,2.6666666666666665,42.266666666666666,15.0,4.0,30.8,0.0,,,,,,,,,,,0.19999999999999996,0.6000000000000001,1.4000000000000057,0.20000000000000107,0.39999999999999947,-2.559999999999995,6.0,2.8000000000000003,4.66,0.0,-0.6666666666666667,1.0,-2.3333333333333357,-2.666666666666668,0.0,6.700000000000003,10.0,3.3333333333333335,0.6000000000000014,-0.3333333333333333,-0.16666666666666652,0.33333333333333326,5.333333333333329,1.5,0.5,-4.633333333333333,4.166666666666666,1.166666666666667,-2.599999999999998,0.0,,,,,,,,,,,0.33333333333333326,-0.33333333333333326,6.666666666666664,6.333333333333334,3.6666666666666665,5.1000000000000085,1.3333333333333321,-1.0,-14.399999999999999,0.6666666666666666,,,,,,,,,,,,,,,,,,,,,0.33333333333333326,-0.33333333333333326,6.666666666666664,6.333333333333334,3.6666666666666665,5.1000000000000085,1.3333333333333321,-1.0,-14.399999999999999,0.6666666666666666,,,,,,,,,,,0,-1,-0.16666666666666652,-1,2,-3,4
2026-04-19,10,Cobresal,O'Higgins,-1.0,2.0,3.0,3.0,2.0,L,9,10,1.1111111111111112,14,17,-3,14,1.2,2.8,47.8,13.6,4.0,32.62,17.0,6.8,38.62,0.0,1.3333333333333333,3.0,48.0,15.0,3.0,20.2,14.666666666666666,7.0,44.76666666666666,0.0,1.5555555555555556,1.8888888888888888,45.77777777777778,12.666666666666666,4.111111111111111,34.400000000000006,17.444444444444443,5.777777777777778,31.855555555555554,0.3,,,,,,,,,,0.4,1.6666666666666667,2.6666666666666665,48.333333333333336,16.0,6.0,43.63333333333333,16.333333333333332,5.666666666666667,36.9,0.3333333333333333,,,,,,,,,,0.4,,,,,,,,,,0.4,1.6666666666666667,2.6666666666666665,48.333333333333336,16.0,6.0,43.63333333333333,16.333333333333332,5.666666666666667,36.9,0.3333333333333333,,,,,,,,,,0.4,9,13,1.4444444444444444,12,14,-2,10,1.6,2.0,48.4,13.4,5.0,39.8,13.2,4.4,33.4,0.4,1.6666666666666667,2.0,52.333333333333336,17.333333333333332,6.0,35.36666666666667,13.0,4.0,30.900000000000002,0.3333333333333333,1.3333333333333333,1.5555555555555556,49.55555555555556,12.666666666666666,4.555555555555555,37.12222222222223,11.777777777777779,4.222222222222222,37.21111111111111,0.4,,,,,,,,,,,2.0,3.0,51.666666666666664,12.0,4.666666666666667,40.96666666666667,14.666666666666666,6.0,44.93333333333334,0.0,,,,,,,,,,,,,,,,,,,,,2.0,3.0,51.666666666666664,12.0,4.666666666666667,40.96666666666667,14.666666666666666,6.0,44.93333333333334,0.0,,,,,,,,,,,-0.40000000000000013,0.7999999999999998,-0.6000000000000014,0.1999999999999993,-1.0,-7.18,3.8000000000000007,2.3999999999999995,5.219999999999999,-0.4,-0.3333333333333335,1.0,-4.333333333333336,-2.333333333333332,-3.0,-15.166666666666668,1.666666666666666,3.0,13.866666666666656,-0.3333333333333333,0.22222222222222232,0.33333333333333326,-3.7777777777777786,0.0,-0.44444444444444464,-2.7222222222222214,5.666666666666664,1.5555555555555554,-5.355555555555554,-0.10000000000000003,,,,,,,,,,,-0.33333333333333326,-0.3333333333333335,-3.3333333333333286,4.0,1.333333333333333,2.6666666666666643,1.666666666666666,-0.33333333333333304,-8.033333333333339,0.3333333333333333,,,,,,,,,,,,,,,,,,,,,-0.33333333333333326,-0.3333333333333335,-3.3333333333333286,4.0,1.333333333333333,2.6666666666666643,1.666666666666666,-0.33333333333333304,-8.033333333333339,0.3333333333333333,,,,,,,,,,,0,-3,-0.33333333333333326,2,3,-1,4
2026-05-17,12,Cobresal,Universidad de Chile,,,,,,,11,10,0.9090909090909091,17,23,-6,14,1.4,3.0,45.8,14.8,3.8,25.839999999999996,15.8,6.2,38.760000000000005,0.0,1.0,2.3333333333333335,45.333333333333336,13.333333333333334,3.6666666666666665,25.900000000000006,14.333333333333334,4.0,28.166666666666668,0.0,1.5454545454545454,2.090909090909091,45.18181818181818,13.0,4.2727272727272725,34.38181818181818,17.454545454545453,5.636363636363637,31.472727272727273,0.25,1.6,2.2,47.8,15.8,5.4,37.78,15.2,4.4,29.28,0.4,1.3333333333333333,3.0,50.333333333333336,17.0,4.666666666666667,28.933333333333337,13.333333333333334,5.333333333333333,40.1,0.0,1.6,2.2,47.8,15.8,5.4,37.78,15.2,4.4,29.28,0.3333333333333333,1.6,2.2,47.8,15.8,5.4,37.78,15.2,4.4,29.28,0.4,1.3333333333333333,3.0,50.333333333333336,17.0,4.666666666666667,28.933333333333337,13.333333333333334,5.333333333333333,40.1,0.0,1.6,2.2,47.8,15.8,5.4,37.78,15.2,4.4,29.28,0.3333333333333333,11,17,1.5454545454545454,11,6,5,6,1.2,0.2,54.6,12.6,3.8,29.419999999999998,10.8,4.0,43.519999999999996,0.6,0.3333333333333333,0.3333333333333333,58.333333333333336,13.666666666666666,3.3333333333333335,22.233333333333334,9.0,4.666666666666667,52.36666666666667,0.3333333333333333,1.0,0.5454545454545454,55.18181818181818,11.363636363636363,3.727272727272727,32.445454545454545,10.090909090909092,4.2727272727272725,45.38181818181818,0.3333333333333333,0.4,0.2,55.6,10.2,3.2,32.92,11.8,3.8,36.260000000000005,0.4,0.3333333333333333,0.3333333333333333,58.666666666666664,11.333333333333334,3.0,25.833333333333332,13.0,4.0,36.833333333333336,0.3333333333333333,0.5,0.5,56.5,10.0,3.0,31.133333333333336,11.833333333333334,4.666666666666667,42.71666666666667,0.2857142857142857,0.4,0.2,55.6,10.2,3.2,32.92,11.8,3.8,36.260000000000005,0.4,0.3333333333333333,0.3333333333333333,58.666666666666664,11.333333333333334,3.0,25.833333333333332,13.0,4.0,36.833333333333336,0.3333333333333333,0.5,0.5,56.5,10.0,3.0,31.133333333333336,11.833333333333334,4.666666666666667,42.71666666666667,0.2857142857142857,0.19999999999999996,2.8,-8.800000000000004,2.200000000000001,0.0,-3.580000000000002,5.0,2.2,-4.759999999999991,-0.6,0.6666666666666667,2.0,-13.0,-0.33333333333333215,0.33333333333333304,3.6666666666666714,5.333333333333334,-0.666666666666667,-24.2,-0.3333333333333333,0.5454545454545454,1.5454545454545454,-10.0,1.6363636363636367,0.5454545454545454,1.9363636363636374,7.3636363636363615,1.3636363636363642,-13.90909090909091,-0.08333333333333331,1.2000000000000002,2.0,-7.800000000000004,5.600000000000001,2.2,4.859999999999999,3.3999999999999986,0.6000000000000005,-6.980000000000004,0.0,1.0,2.6666666666666665,-8.333333333333329,5.666666666666666,1.666666666666667,3.100000000000005,0.3333333333333339,1.333333333333333,3.2666666666666657,-0.3333333333333333,1.1,1.7000000000000002,-8.700000000000003,5.800000000000001,2.4000000000000004,6.646666666666665,3.3666666666666654,-0.2666666666666666,-13.436666666666667,0.047619047619047616,1.2000000000000002,2.0,-7.800000000000004,5.600000000000001,2.2,4.859999999999999,3.3999999999999986,0.6000000000000005,-6.980000000000004,0.0,1.0,2.6666666666666665,-8.333333333333329,5.666666666666666,1.666666666666667,3.100000000000005,0.3333333333333339,1.333333333333333,3.2666666666666657,-0.3333333333333333,1.1,1.7000000000000002,-8.700000000000003,5.800000000000001,2.4000000000000004,6.646666666666665,3.3666666666666654,-0.2666666666666666,-13.436666666666667,0.047619047619047616,0,-7,-0.6363636363636364,6,17,-11,8
2026-05-29,14,Cobresal,Nublense,,,,,,,11,10,0.9090909090909091,17,23,-6,14,,,,,,,,,,0.0,,,,,,,,,,0.0,1.5454545454545454,2.090909090909091,45.18181818181818,13.0,4.2727272727272725,34.38181818181818,17.454545454545453,5.636363636363637,31.472727272727273,0.21428571428571427,,,,,,,,,,0.2,,,,,,,,,,0.0,1.6,2.2,47.8,15.8,5.4,37.78,15.2,4.4,29.28,0.2857142857142857,,,,,,,,,,0.2,,,,,,,,,,0.0,1.6,2.2,47.8,15.8,5.4,37.78,15.2,4.4,29.28,0.2857142857142857,11,17,1.5454545454545454,11,9,2,7,,,,,,,,,,0.2,,,,,,,,,,0.0,1.0,0.8181818181818182,46.63636363636363,12.636363636363637,3.5454545454545454,29.545454545454547,9.272727272727273,3.5454545454545454,40.03636363636363,0.2857142857142857,,,,,,,,,,0.4,,,,,,,,,,0.0,1.0,0.4,46.6,11.6,4.0,32.06,9.6,3.6,37.0,0.2857142857142857,,,,,,,,,,0.4,,,,,,,,,,0.0,1.0,0.4,46.6,11.6,4.0,32.06,9.6,3.6,37.0,0.2857142857142857,,,,,,,,,,-0.2,,,,,,,,,,0.0,0.5454545454545454,1.2727272727272725,-1.4545454545454533,0.3636363636363633,0.7272727272727271,4.836363636363636,8.18181818181818,2.0909090909090913,-8.563636363636359,-0.07142857142857142,,,,,,,,,,-0.2,,,,,,,,,,0.0,0.6000000000000001,1.8000000000000003,1.1999999999999957,4.200000000000001,1.4000000000000004,5.719999999999999,5.6,0.8000000000000003,-7.719999999999999,0.0,,,,,,,,,,-0.2,,,,,,,,,,0.0,0.6000000000000001,1.8000000000000003,1.1999999999999957,4.200000000000001,1.4000000000000004,5.719999999999999,5.6,0.8000000000000003,-7.719999999999999,0.0,0,-7,-0.6363636363636364,6,14,-8,7
2026-08-02,17,Cobresal,Union La Calera,,,,,,,11,10,0.9090909090909091,17,23,-6,14,,,,,,,,,,0.0,,,,,,,,,,0.0,1.5454545454545454,2.090909090909091,45.18181818181818,13.0,4.2727272727272725,34.38181818181818,17.454545454545453,5.636363636363637,31.472727272727273,0.17647058823529413,,,,,,,,,,0.0,,,,,,,,,,0.0,1.6,2.2,47.8,15.8,5.4,37.78,15.2,4.4,29.28,0.25,,,,,,,,,,0.0,,,,,,,,,,0.0,1.6,2.2,47.8,15.8,5.4,37.78,15.2,4.4,29.28,0.25,11,10,0.9090909090909091,10,21,-11,15,,,,,,,,,,0.0,,,,,,,,,,0.0,0.9090909090909091,1.9090909090909092,51.81818181818182,10.818181818181818,3.3636363636363638,30.872727272727275,12.363636363636363,4.2727272727272725,34.47272727272727,0.17647058823529413,,,,,,,,,,0.2,,,,,,,,,,0.3333333333333333,0.4,2.4,49.8,8.4,2.2,23.619999999999997,14.2,5.2,38.8,0.125,,,,,,,,,,0.2,,,,,,,,,,0.3333333333333333,0.4,2.4,49.8,8.4,2.2,23.619999999999997,14.2,5.2,38.8,0.125,,,,,,,,,,0.0,,,,,,,,,,0.0,0.6363636363636364,0.18181818181818166,-6.63636363636364,2.1818181818181817,0.9090909090909087,3.509090909090908,5.09090909090909,1.3636363636363642,-2.9999999999999964,0.0,,,,,,,,,,-0.2,,,,,,,,,,-0.3333333333333333,1.2000000000000002,-0.19999999999999973,-2.0,7.4,3.2,14.160000000000004,1.0,-0.7999999999999998,-9.519999999999996,0.125,,,,,,,,,,-0.2,,,,,,,,,,-0.3333333333333333,1.2000000000000002,-0.19999999999999973,-2.0,7.4,3.2,14.160000000000004,1.0,-0.7999999999999998,-9.519999999999996,0.125,0,0,0.0,7,2,5,-1
2026-08-16,19,Cobresal,Deportes Concepcion,,,,,,,11,10,0.9090909090909091,17,23,-6,14,,,,,,,,,,0.0,,,,,,,,,,0.0,1.5454545454545454,2.090909090909091,45.18181818181818,13.0,4.2727272727272725,34.38181818181818,17.454545454545453,5.636363636363637,31.472727272727273,0.15789473684210525,,,,,,,,,,0.0,,,,,,,,,,0.0,1.6,2.2,47.8,15.8,5.4,37.78,15.2,4.4,29.28,0.2222222222222222,,,,,,,,,,0.0,,,,,,,,,,0.0,1.6,2.2,47.8,15.8,5.4,37.78,15.2,4.4,29.28,0.2222222222222222,11,8,0.7272727272727273,8,17,-9,16,,,,,,,,,,0.0,,,,,,,,,,0.0,0.7272727272727273,1.5454545454545454,48.45454545454545,11.727272727272727,2.909090909090909,24.427272727272726,13.090909090909092,4.363636363636363,37.14545454545455,0.10526315789473684,,,,,,,,,,0.4,,,,,,,,,,0.3333333333333333,0.5714285714285714,1.4285714285714286,47.285714285714285,11.571428571428571,2.7142857142857144,24.2,13.857142857142858,4.428571428571429,36.771428571428565,0.2222222222222222,,,,,,,,,,0.4,,,,,,,,,,0.3333333333333333,0.5714285714285714,1.4285714285714286,47.285714285714285,11.571428571428571,2.7142857142857144,24.2,13.857142857142858,4.428571428571429,36.771428571428565,0.2222222222222222,,,,,,,,,,0.0,,,,,,,,,,0.0,0.8181818181818181,0.5454545454545454,-3.2727272727272734,1.2727272727272734,1.3636363636363633,9.954545454545457,4.3636363636363615,1.2727272727272734,-5.6727272727272755,0.05263157894736842,,,,,,,,,,-0.4,,,,,,,,,,-0.3333333333333333,1.0285714285714287,0.7714285714285716,0.5142857142857125,4.2285714285714295,2.685714285714286,13.580000000000002,1.3428571428571416,-0.02857142857142847,-7.491428571428564,0.0,,,,,,,,,,-0.4,,,,,,,,,,-0.3333333333333333,1.0285714285714287,0.7714285714285716,0.5142857142857125,4.2285714285714295,2.685714285714286,13.580000000000002,1.3428571428571416,-0.02857142857142847,-7.491428571428564,0.0,0,2,0.18181818181818177,9,6,3,-2
2026-08-30,21,Cobresal,Palestino,,,,,,,11,10,0.9090909090909091,17,23,-6,14,,,,,,,,,,0.0,,,,,,,,,,0.0,1.5454545454545454,2.090909090909091,45.18181818181818,13.0,4.2727272727272725,34.38181818181818,17.454545454545453,5.636363636363637,31.472727272727273,0.14285714285714285,,,,,,,,,,0.0,,,,,,,,,,0.0,1.6,2.2,47.8,15.8,5.4,37.78,15.2,4.4,29.28,0.2,,,,,,,,,,0.0,,,,,,,,,,0.0,1.6,2.2,47.8,15.8,5.4,37.78,15.2,4.4,29.28,0.2,11,14,1.2727272727272727,14,18,-4,11,,,,,,,,,,0.0,,,,,,,,,,0.0,1.2727272727272727,1.6363636363636365,50.36363636363637,13.909090909090908,4.363636363636363,31.781818181818185,11.818181818181818,4.090909090909091,34.627272727272725,0.19047619047619047,,,,,,,,,,0.0,,,,,,,,,,0.0,0.8,2.4,47.8,11.2,3.4,31.380000000000003,15.8,5.2,31.68,0.09090909090909091,,,,,,,,,,0.0,,,,,,,,,,0.0,0.8,2.4,47.8,11.2,3.4,31.380000000000003,15.8,5.2,31.68,0.09090909090909091,,,,,,,,,,0.0,,,,,,,,,,0.0,0.2727272727272727,0.45454545454545436,-5.181818181818187,-0.9090909090909083,-0.09090909090909083,2.599999999999998,5.636363636363635,1.5454545454545459,-3.1545454545454525,-0.047619047619047616,,,,,,,,,,0.0,,,,,,,,,,0.0,0.8,-0.19999999999999973,0.0,4.600000000000001,2.0000000000000004,6.399999999999999,-0.6000000000000014,-0.7999999999999998,-2.3999999999999986,0.1090909090909091,,,,,,,,,,0.0,,,,,,,,,,0.0,0.8,-0.19999999999999973,0.0,4.600000000000001,2.0000000000000004,6.399999999999999,-0.6000000000000014,-0.7999999999999998,-2.3999999999999986,0.1090909090909091,0,-4,-0.36363636363636365,3,5,-2,3
2026-09-13,23,Cobresal,Coquimbo Unido,,,,,,,11,10,0.9090909090909091,17,23,-6,14,,,,,,,,,,0.0,,,,,,,,,,0.0,1.5454545454545454,2.090909090909091,45.18181818181818,13.0,4.2727272727272725,34.38181818181818,17.454545454545453,5.636363636363637,31.472727272727273,0.13043478260869565,,,,,,,,,,0.0,,,,,,,,,,0.0,1.6,2.2,47.8,15.8,5.4,37.78,15.2,4.4,29.28,0.18181818181818182,,,,,,,,,,0.0,,,,,,,,,,0.0,1.6,2.2,47.8,15.8,5.4,37.78,15.2,4.4,29.28,0.18181818181818182,10,16,1.6,14,12,2,8,,,,,,,,,,0.0,,,,,,,,,,0.0,1.4,1.2,47.9,13.9,4.5,32.68,11.2,4.0,32.87,0.21739130434782608,,,,,,,,,,0.0,,,,,,,,,,0.0,1.4,1.2,45.2,11.2,4.2,37.04,11.2,3.4,25.5,0.25,,,,,,,,,,0.0,,,,,,,,,,0.0,1.4,1.2,45.2,11.2,4.2,37.04,11.2,3.4,25.5,0.25,,,,,,,,,,0.0,,,,,,,,,,0.0,0.1454545454545455,0.8909090909090909,-2.7181818181818187,-0.9000000000000004,-0.22727272727272751,1.701818181818183,6.254545454545454,1.6363636363636367,-1.3972727272727248,-0.08695652173913043,,,,,,,,,,0.0,,,,,,,,,,0.0,0.20000000000000018,1.0000000000000002,2.5999999999999943,4.600000000000001,1.2000000000000002,0.740000000000002,4.0,1.0000000000000004,3.780000000000001,-0.06818181818181818,,,,,,,,,,0.0,,,,,,,,,,0.0,0.20000000000000018,1.0000000000000002,2.5999999999999943,4.600000000000001,1.2000000000000002,0.740000000000002,4.0,1.0000000000000004,3.780000000000001,-0.06818181818181818,1,-6,-0.690909090909091,3,11,-8,6
2026-10-11,24,Cobresal,Universidad de Concepcion,,,,,,,11,10,0.9090909090909091,17,23,-6,14,,,,,,,,,,0.0,,,,,,,,,,0.0,1.5454545454545454,2.090909090909091,45.18181818181818,13.0,4.2727272727272725,34.38181818181818,17.454545454545453,5.636363636363637,31.472727272727273,0.125,,,,,,,,,,0.0,,,,,,,,,,0.0,1.6,2.2,47.8,15.8,5.4,37.78,15.2,4.4,29.28,0.16666666666666666,,,,,,,,,,0.0,,,,,,,,,,0.0,1.6,2.2,47.8,15.8,5.4,37.78,15.2,4.4,29.28,0.16666666666666666,11,14,1.2727272727272727,9,19,-10,12,,,,,,,,,,0.0,,,,,,,,,,0.0,0.8181818181818182,1.7272727272727273,46.72727272727273,13.272727272727273,4.2727272727272725,34.36363636363637,14.727272727272727,5.454545454545454,33.90909090909091,0.16666666666666666,,,,,,,,,,0.0,,,,,,,,,,0.0,0.6,2.6,46.4,14.4,4.4,31.5,18.2,7.8,44.32,0.0,,,,,,,,,,0.0,,,,,,,,,,0.0,0.6,2.6,46.4,14.4,4.4,31.5,18.2,7.8,44.32,0.0,,,,,,,,,,0.0,,,,,,,,,,0.0,0.7272727272727272,0.36363636363636354,-1.5454545454545467,-0.2727272727272734,0.0,0.018181818181815856,2.7272727272727266,0.18181818181818254,-2.436363636363634,-0.04166666666666666,,,,,,,,,,0.0,,,,,,,,,,0.0,1.0,-0.3999999999999999,1.3999999999999986,1.4000000000000004,1.0,6.280000000000001,-3.0,-3.3999999999999995,-15.04,0.16666666666666666,,,,,,,,,,0.0,,,,,,,,,,0.0,1.0,-0.3999999999999999,1.3999999999999986,1.4000000000000004,1.0,6.280000000000001,-3.0,-3.3999999999999995,-15.04,0.16666666666666666,0,-4,-0.36363636363636365,8,4,4,2
2026-11-01,26,Cobresal,Everton,,,,,,,11,10,0.9090909090909091,17,23,-6,14,,,,,,,,,,0.0,,,,,,,,,,0.0,1.5454545454545454,2.090909090909091,45.18181818181818,13.0,4.2727272727272725,34.38181818181818,17.454545454545453,5.636363636363637,31.472727272727273,0.11538461538461539,,,,,,,,,,0.0,,,,,,,,,,0.0,1.6,2.2,47.8,15.8,5.4,37.78,15.2,4.4,29.28,0.15384615384615385,,,,,,,,,,0.0,,,,,,,,,,0.0,1.6,2.2,47.8,15.8,5.4,37.78,15.2,4.4,29.28,0.15384615384615385,11,15,1.3636363636363635,12,10,2,9,,,,,,,,,,0.0,,,,,,,,,,0.0,1.0909090909090908,0.9090909090909091,45.63636363636363,11.272727272727273,3.727272727272727,33.418181818181814,14.363636363636363,4.7272727272727275,33.127272727272725,0.15384615384615385,,,,,,,,,,0.0,,,,,,,,,,0.0,1.0,1.2,41.8,9.0,3.4,34.82,16.0,4.6,29.4,0.07692307692307693,,,,,,,,,,0.0,,,,,,,,,,0.0,1.0,1.2,41.8,9.0,3.4,34.82,16.0,4.6,29.4,0.07692307692307693,,,,,,,,,,0.0,,,,,,,,,,0.0,0.4545454545454546,1.1818181818181817,-0.45454545454545325,1.7272727272727266,0.5454545454545454,0.9636363636363683,3.09090909090909,0.9090909090909092,-1.6545454545454525,-0.038461538461538464,,,,,,,,,,0.0,,,,,,,,,,0.0,0.6000000000000001,1.0000000000000002,6.0,6.800000000000001,2.0000000000000004,2.960000000000001,-0.8000000000000007,-0.1999999999999993,-0.11999999999999744,0.07692307692307693,,,,,,,,,,0.0,,,,,,,,,,0.0,0.6000000000000001,1.0000000000000002,6.0,6.800000000000001,2.0000000000000004,2.960000000000001,-0.8000000000000007,-0.1999999999999993,-0.11999999999999744,0.07692307692307693,0,-5,-0.4545454545454545,5,13,-8,5
2026-11-22,28,Cobresal,Audax Italiano,,,,,,,11,10,0.9090909090909091,17,23,-6,14,,,,,,,,,,0.0,,,,,,,,,,0.0,1.5454545454545454,2.090909090909091,45.18181818181818,13.0,4.2727272727272725,34.38181818181818,17.454545454545453,5.636363636363637,31.472727272727273,0.10714285714285714,,,,,,,,,,0.0,,,,,,,,,,0.0,1.6,2.2,47.8,15.8,5.4,37.78,15.2,4.4,29.28,0.14285714285714285,,,,,,,,,,0.0,,,,,,,,,,0.0,1.6,2.2,47.8,15.8,5.4,37.78,15.2,4.4,29.28,0.14285714285714285,11,11,1.0,15,16,-1,13,,,,,,,,,,0.0,,,,,,,,,,0.0,1.3636363636363635,1.4545454545454546,51.81818181818182,10.454545454545455,3.3636363636363638,32.26363636363636,12.090909090909092,3.727272727272727,30.19090909090909,0.10714285714285714,,,,,,,,,,0.0,,,,,,,,,,0.0,0.6,1.8,54.2,11.4,3.8,34.96,11.8,4.4,35.28,0.0,,,,,,,,,,0.0,,,,,,,,,,0.0,0.6,1.8,54.2,11.4,3.8,34.96,11.8,4.4,35.28,0.0,,,,,,,,,,0.0,,,,,,,,,,0.0,0.18181818181818188,0.6363636363636362,-6.63636363636364,2.545454545454545,0.9090909090909087,2.1181818181818244,5.3636363636363615,1.9090909090909096,1.2818181818181813,0.0,,,,,,,,,,0.0,,,,,,,,,,0.0,1.0,0.40000000000000013,-6.400000000000006,4.4,1.6000000000000005,2.8200000000000003,3.3999999999999986,0.0,-6.0,0.14285714285714285,,,,,,,,,,0.0,,,,,,,,,,0.0,1.0,0.40000000000000013,-6.400000000000006,4.4,1.6000000000000005,2.8200000000000003,3.3999999999999986,0.0,-6.0,0.14285714285714285,0,-1,-0.09090909090909094,2,7,-5,1
2026-12-06,30,Cobresal,Colo-Colo,,,,,,,11,10,0.9090909090909091,17,23,-6,14,,,,,,,,,,0.0,,,,,,,,,,0.0,1.5454545454545454,2.090909090909091,45.18181818181818,13.0,4.2727272727272725,34.38181818181818,17.454545454545453,5.636363636363637,31.472727272727273,0.1,,,,,,,,,,0.0,,,,,,,,,,0.0,1.6,2.2,47.8,15.8,5.4,37.78,15.2,4.4,29.28,0.13333333333333333,,,,,,,,,,0.0,,,,,,,,,,0.0,1.6,2.2,47.8,15.8,5.4,37.78,15.2,4.4,29.28,0.13333333333333333,10,21,2.1,11,6,5,2,,,,,,,,,,0.0,,,,,,,,,,0.0,1.1,0.6,61.7,14.9,4.6,31.119999999999997,8.0,2.3,27.68,0.23333333333333334,,,,,,,,,,0.0,,,,,,,,,,0.0,1.2,0.8,63.6,13.2,4.4,33.959999999999994,8.2,2.4,26.939999999999998,0.26666666666666666,,,,,,,,,,0.0,,,,,,,,,,0.0,1.2,0.8,63.6,13.2,4.4,33.959999999999994,8.2,2.4,26.939999999999998,0.26666666666666666,,,,,,,,,,0.0,,,,,,,,,,0.0,0.4454545454545453,1.4909090909090907,-16.518181818181823,-1.9000000000000004,-0.32727272727272716,3.2618181818181853,9.454545454545453,3.336363636363637,3.792727272727273,-0.13333333333333333,,,,,,,,,,0.0,,,,,,,,,,0.0,0.40000000000000013,1.4000000000000001,-15.800000000000004,2.6000000000000014,1.0,3.8200000000000074,7.0,2.0000000000000004,2.3400000000000034,-0.13333333333333333,,,,,,,,,,0.0,,,,,,,,,,0.0,0.40000000000000013,1.4000000000000001,-15.800000000000004,2.6000000000000014,1.0,3.8200000000000074,7.0,2.0000000000000004,2.3400000000000034,-0.13333333333333333,1,-11,-1.190909090909091,6,17,-11,12
2026-02-07,2,Colo-Colo,Everton,1.0,2.0,0.0,0.0,2.0,W,1,0,0.0,1,3,-2,15,,,,,,,,,,,,,,,,,,,,,,,,,,,,,,,,,,,,,,,,,,,,,,,,,,,,,,,,,,,,,,,,,,,,,,,,,,,,,,,,,,,,,,,,,,,1,3,3.0,3,0,3,3,,,,,,,,,,,,,,,,,,,,,,,,,,,,,,,,,,,,,,,,,,,,,,,,,,,,,,,,,,,,,,,,,,,,,,,,,,,,,,,,,,,,,,,,,,,,,,,,,,,,,,,,,,,,,,,,,,,,,,,,,,,,,,,,,,,,,,,,,,,,,,,,,,,,,,,,,,,,,,,,,,,,,,,,,,,,,,,,,,,,,0,-3,-3.0,-2,3,-5,12
2026-02-15,3,Colo-Colo,Union La Calera,1.0,1.0,0.0,0.0,1.0,W,2,3,1.5,3,3,0,10,,,,,,,,,,,,,,,,,,,,0.3333333333333333,,,,,,,,,,,,,,,,,,,,,,,,,,,,,,,,,,,,,,,,,,,,,,,,,,,,,,,,,,,,,,,,,,,,,,,2,0,0.0,0,6,-6,16,,,,,,,,,,,,,,,,,,,,0.0,,,,,,,,,,,,,,,,,,,,,,,,,,,,,,,,,,,,,,,,,,,,,,,,,,,,,,,,,,,,,,,,,,,,,,,,,,,,,,,,,,,,,,,,,,0.3333333333333333,,,,,,,,,,,,,,,,,,,,,,,,,,,,,,,,,,,,,,,,,,,,,,,,,,,,,,,,,,,,,,,,,,,,,,,0,3,1.5,3,-3,6,-6
2026-03-01,5,Colo-Colo,Universidad de Chile,-1.0,0.0,1.0,1.0,0.0,L,4,9,2.25,5,3,2,3,,,,,,,,,,0.6,1.3333333333333333,0.0,57.333333333333336,18.666666666666668,5.666666666666667,30.633333333333336,8.333333333333334,1.0,10.733333333333334,1.0,,,,,,,,,,0.6,,,,,,,,,,,,,,,,,,,,0.6666666666666666,,,,,,,,,,,,,,,,,,,,,,,,,,,,,,0.6666666666666666,,,,,,,,,,,4,3,0.75,3,4,-1,15,,,,,,,,,,0.0,1.0,1.3333333333333333,62.0,10.0,3.3333333333333335,32.56666666666667,9.333333333333334,5.666666666666667,58.333333333333336,0.0,,,,,,,,,,0.0,,,,,,,,,,,,,,,,,,,,0.0,,,,,,,,,,,,,,,,,,,,,,,,,,,,,,0.0,,,,,,,,,,,,,,,,,,,,0.6,0.33333333333333326,-1.3333333333333333,-4.666666666666664,8.666666666666668,2.3333333333333335,-1.9333333333333336,-1.0,-4.666666666666667,-47.6,1.0,,,,,,,,,,0.6,,,,,,,,,,,,,,,,,,,,0.6666666666666666,,,,,,,,,,,,,,,,,,,,,,,,,,,,,,0.6666666666666666,,,,,,,,,,,0,6,1.5,2,-1,3,-12
2026-03-16,7,Colo-Colo,Huachipato,1.0,2.0,0.0,0.0,2.0,W,6,12,2.0,6,4,2,3,1.0,0.2,57.2,15.8,4.6,28.679999999999996,7.6,1.4,17.86,0.8,0.6666666666666666,0.3333333333333333,57.0,11.666666666666666,3.3333333333333335,28.266666666666666,7.333333333333333,2.0,26.433333333333334,0.6666666666666666,1.0,0.6666666666666666,59.833333333333336,16.166666666666668,5.0,30.38333333333333,7.833333333333333,1.8333333333333333,22.28333333333333,0.5714285714285714,,,,,,,,,,,1.0,0.3333333333333333,57.666666666666664,18.666666666666668,5.666666666666667,30.63333333333333,7.666666666666667,1.6666666666666667,22.366666666666664,0.6666666666666666,,,,,,,,,,,,,,,,,,,,,1.0,0.3333333333333333,57.666666666666664,18.666666666666668,5.666666666666667,30.63333333333333,7.666666666666667,1.6666666666666667,22.366666666666664,0.6666666666666666,,,,,,,,,,,6,9,1.5,8,9,-1,13,1.6,1.6,50.4,14.0,6.0,41.9,13.4,4.0,28.059999999999995,0.6,1.0,2.3333333333333335,55.666666666666664,14.666666666666666,3.6666666666666665,21.03333333333333,15.333333333333334,5.0,31.03333333333333,0.3333333333333333,1.3333333333333333,1.5,50.166666666666664,13.833333333333334,5.0,34.916666666666664,14.0,4.166666666666667,28.28333333333333,0.42857142857142855,,,,,,,,,,,1.0,1.3333333333333333,49.666666666666664,12.333333333333334,3.6666666666666665,27.133333333333336,15.666666666666666,5.0,31.099999999999998,0.3333333333333333,,,,,,,,,,,,,,,,,,,,,1.0,1.3333333333333333,49.666666666666664,12.333333333333334,3.6666666666666665,27.133333333333336,15.666666666666666,5.0,31.099999999999998,0.3333333333333333,,,,,,,,,,,-0.6000000000000001,-1.4000000000000001,6.800000000000004,1.8000000000000007,-1.4000000000000004,-13.220000000000002,-5.800000000000001,-2.6,-10.199999999999996,0.20000000000000007,-0.33333333333333337,-2.0,1.3333333333333357,-3.0,-0.33333333333333304,7.233333333333334,-8.0,-3.0,-4.599999999999998,0.3333333333333333,-0.33333333333333326,-0.8333333333333334,9.666666666666671,2.333333333333334,0.0,-4.533333333333335,-6.166666666666667,-2.333333333333334,-6.0,0.14285714285714285,,,,,,,,,,,0.0,-1.0,8.0,6.333333333333334,2.0000000000000004,3.499999999999993,-7.999999999999999,-3.333333333333333,-8.733333333333334,0.3333333333333333,,,,,,,,,,,,,,,,,,,,,0.0,-1.0,8.0,6.333333333333334,2.0000000000000004,3.499999999999993,-7.999999999999999,-3.333333333333333,-8.733333333333334,0.3333333333333333,,,,,,,,,,,0,3,0.5,-2,-5,3,-10
2026-04-19,10,Colo-Colo,Palestino,-1.0,0.0,1.0,1.0,0.0,L,8,18,2.25,9,4,5,2,1.0,0.2,58.6,10.8,3.2,30.6,7.6,1.8,23.360000000000003,0.8,1.3333333333333333,0.0,59.333333333333336,10.0,2.6666666666666665,28.8,7.333333333333333,1.0,12.5,1.0,1.125,0.5,60.125,14.5,4.5,31.3125,7.875,1.75,21.4,0.6666666666666666,,,,,,,,,,0.6,1.0,0.3333333333333333,58.333333333333336,14.666666666666666,3.6666666666666665,25.099999999999998,7.0,2.0,27.366666666666664,0.6666666666666666,,,,,,,,,,0.6,,,,,,,,,,0.6,1.0,0.3333333333333333,58.333333333333336,14.666666666666666,3.6666666666666665,25.099999999999998,7.0,2.0,27.366666666666664,0.6666666666666666,,,,,,,,,,0.6,9,11,1.2222222222222223,13,17,-4,12,2.0,2.2,50.4,15.8,4.8,27.74,9.8,3.6,36.839999999999996,0.6,0.6666666666666666,2.3333333333333335,45.0,10.666666666666666,2.3333333333333335,22.066666666666666,11.0,3.0,23.900000000000002,0.3333333333333333,1.4444444444444444,1.8888888888888888,50.888888888888886,14.0,4.666666666666667,32.12222222222223,11.555555555555555,4.111111111111111,35.51111111111111,0.3,,,,,,,,,,0.0,0.6666666666666666,3.0,48.333333333333336,11.666666666666666,2.3333333333333335,20.233333333333334,16.333333333333332,5.333333333333333,30.46666666666667,0.0,,,,,,,,,,0.0,,,,,,,,,,0.0,0.6666666666666666,3.0,48.333333333333336,11.666666666666666,2.3333333333333335,20.233333333333334,16.333333333333332,5.333333333333333,30.46666666666667,0.0,,,,,,,,,,0.0,-1.0,-2.0,8.200000000000003,-5.0,-1.5999999999999996,2.860000000000003,-2.200000000000001,-1.8,-13.479999999999993,0.20000000000000007,0.6666666666666666,-2.3333333333333335,14.333333333333336,-0.6666666666666661,0.33333333333333304,6.733333333333334,-3.666666666666667,-2.0,-11.400000000000002,0.6666666666666667,-0.3194444444444444,-1.3888888888888888,9.236111111111114,0.5,-0.16666666666666696,-0.8097222222222271,-3.6805555555555554,-2.3611111111111107,-14.111111111111114,0.36666666666666664,,,,,,,,,,0.6,0.33333333333333337,-2.6666666666666665,10.0,3.0,1.333333333333333,4.866666666666664,-9.333333333333332,-3.333333333333333,-3.100000000000005,0.6666666666666666,,,,,,,,,,0.6,,,,,,,,,,0.6,0.33333333333333337,-2.6666666666666665,10.0,3.0,1.333333333333333,4.866666666666664,-9.333333333333332,-3.333333333333333,-3.100000000000005,0.6666666666666666,,,,,,,,,,0.6,-1,7,1.0277777777777777,-4,-13,9,-10
2026-05-03,9,Colo-Colo,Coquimbo Unido,,,,,,,10,21,2.1,11,6,5,2,1.2,0.4,62.8,12.6,3.6,29.419999999999998,7.8,2.4,28.619999999999997,0.8,1.0,0.6666666666666666,67.66666666666667,13.666666666666666,4.666666666666667,36.900000000000006,8.333333333333334,3.3333333333333335,39.36666666666667,0.6666666666666666,1.1,0.6,61.7,14.9,4.6,31.119999999999997,8.0,2.3,27.68,0.6363636363636364,1.0,0.4,59.8,16.6,4.8,28.279999999999994,7.8,2.2,28.419999999999998,0.6,0.6666666666666666,0.6666666666666666,61.333333333333336,13.0,3.6666666666666665,27.599999999999998,7.666666666666667,3.3333333333333335,44.03333333333333,0.3333333333333333,1.0,0.4,59.8,16.6,4.8,28.279999999999994,7.8,2.2,28.419999999999998,0.5,1.0,0.4,59.8,16.6,4.8,28.279999999999994,7.8,2.2,28.419999999999998,0.6,0.6666666666666666,0.6666666666666666,61.333333333333336,13.0,3.6666666666666665,27.599999999999998,7.666666666666667,3.3333333333333335,44.03333333333333,0.3333333333333333,1.0,0.4,59.8,16.6,4.8,28.279999999999994,7.8,2.2,28.419999999999998,0.5,10,16,1.6,14,12,2,8,1.8,1.2,47.4,15.6,5.6,37.160000000000004,11.8,4.0,33.5,0.6,2.0,1.3333333333333333,47.666666666666664,14.333333333333334,6.666666666666667,45.93333333333334,13.0,5.0,37.766666666666666,0.6666666666666666,1.4,1.2,47.9,13.9,4.5,32.68,11.2,4.0,32.87,0.45454545454545453,1.4,1.2,45.2,11.2,4.2,37.04,11.2,3.4,25.5,0.6,2.0,1.6666666666666667,42.0,11.666666666666666,5.333333333333333,47.300000000000004,13.0,4.333333333333333,32.233333333333334,0.6666666666666666,1.4,1.2,45.2,11.2,4.2,37.04,11.2,3.4,25.5,0.5,1.4,1.2,45.2,11.2,4.2,37.04,11.2,3.4,25.5,0.6,2.0,1.6666666666666667,42.0,11.666666666666666,5.333333333333333,47.300000000000004,13.0,4.333333333333333,32.233333333333334,0.6666666666666666,1.4,1.2,45.2,11.2,4.2,37.04,11.2,3.4,25.5,0.5,-0.6000000000000001,-0.7999999999999999,15.399999999999999,-3.0,-1.9999999999999996,-7.7400000000000055,-4.000000000000001,-1.6,-4.880000000000003,0.20000000000000007,-1.0,-0.6666666666666666,20.000000000000007,-0.6666666666666679,-2.0,-9.033333333333331,-4.666666666666666,-1.6666666666666665,1.6000000000000014,0.0,-0.2999999999999998,-0.6,13.800000000000004,1.0,0.09999999999999964,-1.5600000000000023,-3.1999999999999993,-1.7000000000000002,-5.189999999999998,0.18181818181818182,-0.3999999999999999,-0.7999999999999999,14.599999999999994,5.400000000000002,0.5999999999999996,-8.760000000000005,-3.3999999999999995,-1.1999999999999997,2.919999999999998,0.0,-1.3333333333333335,-1.0,19.333333333333336,1.333333333333334,-1.6666666666666665,-19.700000000000006,-5.333333333333333,-0.9999999999999996,11.799999999999997,-0.3333333333333333,-0.3999999999999999,-0.7999999999999999,14.599999999999994,5.400000000000002,0.5999999999999996,-8.760000000000005,-3.3999999999999995,-1.1999999999999997,2.919999999999998,0.0,-0.3999999999999999,-0.7999999999999999,14.599999999999994,5.400000000000002,0.5999999999999996,-8.760000000000005,-3.3999999999999995,-1.1999999999999997,2.919999999999998,0.0,-1.3333333333333335,-1.0,19.333333333333336,1.333333333333334,-1.6666666666666665,-19.700000000000006,-5.333333333333333,-0.9999999999999996,11.799999999999997,-0.3333333333333333,-0.3999999999999999,-0.7999999999999999,14.599999999999994,5.400000000000002,0.5999999999999996,-8.760000000000005,-3.3999999999999995,-1.1999999999999997,2.919999999999998,0.0,0,5,0.5,-3,-6,3,-6
2026-05-17,12,Colo-Colo,Nublense,,,,,,,10,21,2.1,11,6,5,2,,,,,,,,,,0.6,,,,,,,,,,0.3333333333333333,1.1,0.6,61.7,14.9,4.6,31.119999999999997,8.0,2.3,27.68,0.5833333333333334,,,,,,,,,,0.4,,,,,,,,,,0.3333333333333333,1.0,0.4,59.8,16.6,4.8,28.279999999999994,7.8,2.2,28.419999999999998,0.42857142857142855,,,,,,,,,,0.4,,,,,,,,,,0.3333333333333333,1.0,0.4,59.8,16.6,4.8,28.279999999999994,7.8,2.2,28.419999999999998,0.42857142857142855,11,17,1.5454545454545454,11,9,2,7,0.8,1.0,49.0,14.2,4.2,30.18,10.0,2.8,31.28,0.2,0.6666666666666666,1.0,47.0,13.333333333333334,4.333333333333333,33.333333333333336,9.333333333333334,2.6666666666666665,33.800000000000004,0.3333333333333333,1.0,0.8181818181818182,46.63636363636363,12.636363636363637,3.5454545454545454,29.545454545454547,9.272727272727273,3.5454545454545454,40.03636363636363,0.3333333333333333,1.0,0.4,46.6,11.6,4.0,32.06,9.6,3.6,37.0,0.4,1.0,0.3333333333333333,50.666666666666664,14.0,5.333333333333333,37.56666666666667,9.333333333333334,2.6666666666666665,28.333333333333332,0.3333333333333333,1.0,0.4,46.6,11.6,4.0,32.06,9.6,3.6,37.0,0.3333333333333333,1.0,0.4,46.6,11.6,4.0,32.06,9.6,3.6,37.0,0.4,1.0,0.3333333333333333,50.666666666666664,14.0,5.333333333333333,37.56666666666667,9.333333333333334,2.6666666666666665,28.333333333333332,0.3333333333333333,1.0,0.4,46.6,11.6,4.0,32.06,9.6,3.6,37.0,0.3333333333333333,,,,,,,,,,0.39999999999999997,,,,,,,,,,0.0,0.10000000000000009,-0.21818181818181825,15.06363636363637,2.2636363636363637,1.0545454545454542,1.5745454545454507,-1.2727272727272734,-1.2454545454545456,-12.356363636363632,0.25000000000000006,,,,,,,,,,0.0,,,,,,,,,,0.0,0.0,0.0,13.199999999999996,5.000000000000002,0.7999999999999998,-3.7800000000000082,-1.7999999999999998,-1.4,-8.580000000000002,0.09523809523809523,,,,,,,,,,0.0,,,,,,,,,,0.0,0.0,0.0,13.199999999999996,5.000000000000002,0.7999999999999998,-3.7800000000000082,-1.7999999999999998,-1.4,-8.580000000000002,0.09523809523809523,-1,4,0.5545454545454547,0,-3,3,-5
2026-06-13,15,Colo-Colo,Cobresal,,,,,,,10,21,2.1,11,6,5,2,,,,,,,,,,0.2,,,,,,,,,,0.0,1.1,0.6,61.7,14.9,4.6,31.119999999999997,8.0,2.3,27.68,0.4666666666666667,,,,,,,,,,0.2,,,,,,,,,,0.0,1.0,0.4,59.8,16.6,4.8,28.279999999999994,7.8,2.2,28.419999999999998,0.375,,,,,,,,,,0.2,,,,,,,,,,0.0,1.0,0.4,59.8,16.6,4.8,28.279999999999994,7.8,2.2,28.419999999999998,0.375,11,10,0.9090909090909091,17,23,-6,14,,,,,,,,,,0.0,,,,,,,,,,0.0,1.5454545454545454,2.090909090909091,45.18181818181818,13.0,4.2727272727272725,34.38181818181818,17.454545454545453,5.636363636363637,31.472727272727273,0.2,,,,,,,,,,0.0,,,,,,,,,,0.0,1.5,2.0,43.0,10.666666666666666,3.3333333333333335,31.55,19.333333333333332,6.666666666666667,33.300000000000004,0.125,,,,,,,,,,0.0,,,,,,,,,,0.0,1.5,2.0,43.0,10.666666666666666,3.3333333333333335,31.55,19.333333333333332,6.666666666666667,33.300000000000004,0.125,,,,,,,,,,0.2,,,,,,,,,,0.0,-0.4454545454545453,-1.4909090909090907,16.518181818181823,1.9000000000000004,0.32727272727272716,-3.2618181818181853,-9.454545454545453,-3.336363636363637,-3.792727272727273,0.26666666666666666,,,,,,,,,,0.2,,,,,,,,,,0.0,-0.5,-1.6,16.799999999999997,5.933333333333335,1.4666666666666663,-3.2700000000000067,-11.533333333333331,-4.466666666666667,-4.880000000000006,0.25,,,,,,,,,,0.2,,,,,,,,,,0.0,-0.5,-1.6,16.799999999999997,5.933333333333335,1.4666666666666663,-3.2700000000000067,-11.533333333333331,-4.466666666666667,-4.880000000000006,0.25,-1,11,1.190909090909091,-6,-17,11,-12
2026-07-26,16,Colo-Colo,CD Limache,,,,,,,10,21,2.1,11,6,5,2,,,,,,,,,,0.0,,,,,,,,,,0.0,1.1,0.6,61.7,14.9,4.6,31.119999999999997,8.0,2.3,27.68,0.4375,,,,,,,,,,0.2,,,,,,,,,,0.0,1.0,0.4,59.8,16.6,4.8,28.279999999999994,7.8,2.2,28.419999999999998,0.3333333333333333,,,,,,,,,,0.2,,,,,,,,,,0.0,1.0,0.4,59.8,16.6,4.8,28.279999999999994,7.8,2.2,28.419999999999998,0.3333333333333333,11,21,1.9090909090909092,25,11,14,1,,,,,,,,,,0.0,,,,,,,,,,0.0,2.272727272727273,1.0,44.72727272727273,11.909090909090908,4.818181818181818,42.4,14.0,3.4545454545454546,24.672727272727272,0.375,,,,,,,,,,0.2,,,,,,,,,,0.0,1.6666666666666667,1.5,49.166666666666664,9.0,3.3333333333333335,38.71666666666667,14.833333333333334,3.3333333333333335,24.7,0.1111111111111111,,,,,,,,,,0.2,,,,,,,,,,0.0,1.6666666666666667,1.5,49.166666666666664,9.0,3.3333333333333335,38.71666666666667,14.833333333333334,3.3333333333333335,24.7,0.1111111111111111,,,,,,,,,,0.0,,,,,,,,,,0.0,-1.1727272727272728,-0.4,16.972727272727276,2.990909090909092,-0.2181818181818187,-11.280000000000001,-6.0,-1.1545454545454548,3.0072727272727278,0.0625,,,,,,,,,,0.0,,,,,,,,,,0.0,-0.6666666666666667,-1.1,10.633333333333333,7.600000000000001,1.4666666666666663,-10.436666666666675,-7.033333333333334,-1.1333333333333333,3.719999999999999,0.2222222222222222,,,,,,,,,,0.0,,,,,,,,,,0.0,-0.6666666666666667,-1.1,10.633333333333333,7.600000000000001,1.4666666666666663,-10.436666666666675,-7.033333333333334,-1.1333333333333333,3.719999999999999,0.2222222222222222,-1,0,0.19090909090909092,-14,-5,-9,1
2026-08-16,19,Colo-Colo,O'Higgins,,,,,,,10,21,2.1,11,6,5,2,,,,,,,,,,0.0,,,,,,,,,,0.0,1.1,0.6,61.7,14.9,4.6,31.119999999999997,8.0,2.3,27.68,0.3684210526315789,,,,,,,,,,0.0,,,,,,,,,,0.0,1.0,0.4,59.8,16.6,4.8,28.279999999999994,7.8,2.2,28.419999999999998,0.3,,,,,,,,,,0.0,,,,,,,,,,0.0,1.0,0.4,59.8,16.6,4.8,28.279999999999994,7.8,2.2,28.419999999999998,0.3,11,19,1.7272727272727273,17,16,1,4,,,,,,,,,,0.0,,,,,,,,,,0.0,1.5454545454545454,1.4545454545454546,50.72727272727273,12.272727272727273,4.636363636363637,40.10909090909092,12.272727272727273,4.0,34.25454545454546,0.3157894736842105,,,,,,,,,,0.2,,,,,,,,,,0.0,2.2,2.2,53.4,11.4,4.8,46.0,14.6,4.8,35.339999999999996,0.2,,,,,,,,,,0.2,,,,,,,,,,0.0,2.2,2.2,53.4,11.4,4.8,46.0,14.6,4.8,35.339999999999996,0.2,,,,,,,,,,0.0,,,,,,,,,,0.0,-0.4454545454545453,-0.8545454545454546,10.972727272727276,2.627272727272727,-0.03636363636363704,-8.989090909090919,-4.272727272727273,-1.7000000000000002,-6.574545454545458,0.05263157894736842,,,,,,,,,,-0.2,,,,,,,,,,0.0,-1.2000000000000002,-1.8000000000000003,6.399999999999999,5.200000000000001,0.0,-17.720000000000006,-6.8,-2.5999999999999996,-6.919999999999998,0.09999999999999998,,,,,,,,,,-0.2,,,,,,,,,,0.0,-1.2000000000000002,-1.8000000000000003,6.399999999999999,5.200000000000001,0.0,-17.720000000000006,-6.8,-2.5999999999999996,-6.919999999999998,0.09999999999999998,-1,2,0.3727272727272728,-6,-10,4,-2
2026-08-30,21,Colo-Colo,Audax Italiano,,,,,,,10,21,2.1,11,6,5,2,,,,,,,,,,0.0,,,,,,,,,,0.0,1.1,0.6,61.7,14.9,4.6,31.119999999999997,8.0,2.3,27.68,0.3333333333333333,,,,,,,,,,0.0,,,,,,,,,,0.0,1.0,0.4,59.8,16.6,4.8,28.279999999999994,7.8,2.2,28.419999999999998,0.2727272727272727,,,,,,,,,,0.0,,,,,,,,,,0.0,1.0,0.4,59.8,16.6,4.8,28.279999999999994,7.8,2.2,28.419999999999998,0.2727272727272727,11,11,1.0,15,16,-1,13,,,,,,,,,,0.0,,,,,,,,,,0.0,1.3636363636363635,1.4545454545454546,51.81818181818182,10.454545454545455,3.3636363636363638,32.26363636363636,12.090909090909092,3.727272727272727,30.19090909090909,0.14285714285714285,,,,,,,,,,0.0,,,,,,,,,,0.0,0.6,1.8,54.2,11.4,3.8,34.96,11.8,4.4,35.28,0.0,,,,,,,,,,0.0,,,,,,,,,,0.0,0.6,1.8,54.2,11.4,3.8,34.96,11.8,4.4,35.28,0.0,,,,,,,,,,0.0,,,,,,,,,,0.0,-0.26363636363636345,-0.8545454545454546,9.881818181818183,4.445454545454545,1.2363636363636359,-1.143636363636361,-4.090909090909092,-1.4272727272727272,-2.5109090909090916,0.19047619047619047,,,,,,,,,,0.0,,,,,,,,,,0.0,0.4,-1.4,5.599999999999994,5.200000000000001,1.0,-6.680000000000007,-4.000000000000001,-2.2,-6.860000000000003,0.2727272727272727,,,,,,,,,,0.0,,,,,,,,,,0.0,0.4,-1.4,5.599999999999994,5.200000000000001,1.0,-6.680000000000007,-4.000000000000001,-2.2,-6.860000000000003,0.2727272727272727,-1,10,1.1,-4,-10,6,-11
2026-09-13,23,Colo-Colo,Deportes Concepcion,,,,,,,10,21,2.1,11,6,5,2,,,,,,,,,,0.0,,,,,,,,,,0.0,1.1,0.6,61.7,14.9,4.6,31.119999999999997,8.0,2.3,27.68,0.30434782608695654,,,,,,,,,,0.0,,,,,,,,,,0.0,1.0,0.4,59.8,16.6,4.8,28.279999999999994,7.8,2.2,28.419999999999998,0.25,,,,,,,,,,0.0,,,,,,,,,,0.0,1.0,0.4,59.8,16.6,4.8,28.279999999999994,7.8,2.2,28.419999999999998,0.25,11,8,0.7272727272727273,8,17,-9,16,,,,,,,,,,0.0,,,,,,,,,,0.0,0.7272727272727273,1.5454545454545454,48.45454545454545,11.727272727272727,2.909090909090909,24.427272727272726,13.090909090909092,4.363636363636363,37.14545454545455,0.08695652173913043,,,,,,,,,,0.2,,,,,,,,,,0.0,0.5714285714285714,1.4285714285714286,47.285714285714285,11.571428571428571,2.7142857142857144,24.2,13.857142857142858,4.428571428571429,36.771428571428565,0.18181818181818182,,,,,,,,,,0.2,,,,,,,,,,0.0,0.5714285714285714,1.4285714285714286,47.285714285714285,11.571428571428571,2.7142857142857144,24.2,13.857142857142858,4.428571428571429,36.771428571428565,0.18181818181818182,,,,,,,,,,0.0,,,,,,,,,,0.0,0.3727272727272728,-0.9454545454545454,13.24545454545455,3.1727272727272737,1.6909090909090905,6.6927272727272715,-5.090909090909092,-2.0636363636363635,-9.465454545454548,0.2173913043478261,,,,,,,,,,-0.2,,,,,,,,,,0.0,0.4285714285714286,-1.0285714285714285,12.514285714285712,5.02857142857143,2.0857142857142854,4.079999999999995,-6.057142857142858,-2.2285714285714286,-8.351428571428567,0.06818181818181818,,,,,,,,,,-0.2,,,,,,,,,,0.0,0.4285714285714286,-1.0285714285714285,12.514285714285712,5.02857142857143,2.0857142857142854,4.079999999999995,-6.057142857142858,-2.2285714285714286,-8.351428571428567,0.06818181818181818,-1,13,1.3727272727272728,3,-11,14,-14
2026-11-01,26,Colo-Colo,Universidad de Concepcion,,,,,,,10,21,2.1,11,6,5,2,,,,,,,,,,0.0,,,,,,,,,,0.0,1.1,0.6,61.7,14.9,4.6,31.119999999999997,8.0,2.3,27.68,0.2692307692307692,,,,,,,,,,0.0,,,,,,,,,,0.0,1.0,0.4,59.8,16.6,4.8,28.279999999999994,7.8,2.2,28.419999999999998,0.23076923076923078,,,,,,,,,,0.0,,,,,,,,,,0.0,1.0,0.4,59.8,16.6,4.8,28.279999999999994,7.8,2.2,28.419999999999998,0.23076923076923078,11,14,1.2727272727272727,9,19,-10,12,,,,,,,,,,0.0,,,,,,,,,,0.0,0.8181818181818182,1.7272727272727273,46.72727272727273,13.272727272727273,4.2727272727272725,34.36363636363637,14.727272727272727,5.454545454545454,33.90909090909091,0.15384615384615385,,,,,,,,,,0.0,,,,,,,,,,0.0,0.6,2.6,46.4,14.4,4.4,31.5,18.2,7.8,44.32,0.0,,,,,,,,,,0.0,,,,,,,,,,0.0,0.6,2.6,46.4,14.4,4.4,31.5,18.2,7.8,44.32,0.0,,,,,,,,,,0.0,,,,,,,,,,0.0,0.28181818181818186,-1.1272727272727274,14.972727272727276,1.627272727272727,0.32727272727272716,-3.2436363636363694,-6.727272727272727,-3.1545454545454543,-6.229090909090907,0.11538461538461536,,,,,,,,,,0.0,,,,,,,,,,0.0,0.4,-2.2,13.399999999999999,2.200000000000001,0.39999999999999947,-3.220000000000006,-10.399999999999999,-5.6,-15.900000000000002,0.23076923076923078,,,,,,,,,,0.0,,,,,,,,,,0.0,0.4,-2.2,13.399999999999999,2.200000000000001,0.39999999999999947,-3.220000000000006,-10.399999999999999,-5.6,-15.900000000000002,0.23076923076923078,-1,7,0.8272727272727274,2,-13,15,-10
2026-11-22,28,Colo-Colo,Universidad Catolica,,,,,,,10,21,2.1,11,6,5,2,,,,,,,,,,0.0,,,,,,,,,,0.0,1.1,0.6,61.7,14.9,4.6,31.119999999999997,8.0,2.3,27.68,0.25,,,,,,,,,,0.0,,,,,,,,,,0.0,1.0,0.4,59.8,16.6,4.8,28.279999999999994,7.8,2.2,28.419999999999998,0.21428571428571427,,,,,,,,,,0.0,,,,,,,,,,0.0,1.0,0.4,59.8,16.6,4.8,28.279999999999994,7.8,2.2,28.419999999999998,0.21428571428571427,11,17,1.5454545454545454,24,17,7,5,,,,,,,,,,0.0,,,,,,,,,,0.0,2.1818181818181817,1.5454545454545454,57.72727272727273,12.818181818181818,5.181818181818182,42.39090909090909,9.909090909090908,4.0,43.43636363636364,0.17857142857142858,,,,,,,,,,0.0,,,,,,,,,,0.0,1.6666666666666667,1.8333333333333333,58.333333333333336,12.333333333333334,5.0,44.050000000000004,9.833333333333334,4.666666666666667,48.71666666666667,0.14285714285714285,,,,,,,,,,0.0,,,,,,,,,,0.0,1.6666666666666667,1.8333333333333333,58.333333333333336,12.333333333333334,5.0,44.050000000000004,9.833333333333334,4.666666666666667,48.71666666666667,0.14285714285714285,,,,,,,,,,0.0,,,,,,,,,,0.0,-1.0818181818181816,-0.9454545454545454,3.972727272727276,2.081818181818182,-0.581818181818182,-11.270909090909093,-1.9090909090909083,-1.7000000000000002,-15.756363636363638,0.07142857142857142,,,,,,,,,,0.0,,,,,,,,,,0.0,-0.6666666666666667,-1.4333333333333331,1.4666666666666615,4.2666666666666675,-0.20000000000000018,-15.77000000000001,-2.033333333333334,-2.466666666666667,-20.29666666666667,0.07142857142857142,,,,,,,,,,0.0,,,,,,,,,,0.0,-0.6666666666666667,-1.4333333333333331,1.4666666666666615,4.2666666666666675,-0.20000000000000018,-15.77000000000001,-2.033333333333334,-2.466666666666667,-20.29666666666667,0.07142857142857142,-1,4,0.5545454545454547,-13,-11,-2,-3
2026-11-29,29,Colo-Colo,La Serena,,,,,,,10,21,2.1,11,6,5,2,,,,,,,,,,0.0,,,,,,,,,,0.0,1.1,0.6,61.7,14.9,4.6,31.119999999999997,8.0,2.3,27.68,0.2413793103448276,,,,,,,,,,0.0,,,,,,,,,,0.0,1.0,0.4,59.8,16.6,4.8,28.279999999999994,7.8,2.2,28.419999999999998,0.2,,,,,,,,,,0.0,,,,,,,,,,0.0,1.0,0.4,59.8,16.6,4.8,28.279999999999994,7.8,2.2,28.419999999999998,0.2,11,14,1.2727272727272727,13,14,-1,10,,,,,,,,,,0.0,,,,,,,,,,0.0,1.1818181818181819,1.2727272727272727,49.72727272727273,10.909090909090908,3.8181818181818183,34.199999999999996,12.090909090909092,4.181818181818182,34.699999999999996,0.10344827586206896,,,,,,,,,,0.0,,,,,,,,,,0.0,1.2,2.0,49.4,11.2,3.4,33.2,13.4,4.8,36.14,0.06666666666666667,,,,,,,,,,0.0,,,,,,,,,,0.0,1.2,2.0,49.4,11.2,3.4,33.2,13.4,4.8,36.14,0.06666666666666667,,,,,,,,,,0.0,,,,,,,,,,0.0,-0.08181818181818179,-0.6727272727272727,11.972727272727276,3.990909090909092,0.7818181818181813,-3.0799999999999983,-4.090909090909092,-1.8818181818181818,-7.019999999999996,0.13793103448275862,,,,,,,,,,0.0,,,,,,,,,,0.0,-0.19999999999999996,-1.6,10.399999999999999,5.400000000000002,1.4,-4.920000000000009,-5.6000000000000005,-2.5999999999999996,-7.720000000000002,0.13333333333333336,,,,,,,,,,0.0,,,,,,,,,,0.0,-0.19999999999999996,-1.6,10.399999999999999,5.400000000000002,1.4,-4.920000000000009,-5.6000000000000005,-2.5999999999999996,-7.720000000000002,0.13333333333333336,-1,7,0.8272727272727274,-2,-8,6,-8
2026-02-07,2,Coquimbo Unido,Palestino,1.0,3.0,1.0,1.0,3.0,W,1,0,0.0,0,1,-1,13,,,,,,,,,,,,,,,,,,,,,,,,,,,,,,,,,,,,,,,,,,,,,,,,,,,,,,,,,,,,,,,,,,,,,,,,,,,,,,,,,,,,,,,,,,,1,1,1.0,1,1,0,10,,,,,,,,,,,,,,,,,,,,,,,,,,,,,,,,,,,,,,,,,,,,,,,,,,,,,,,,,,,,,,,,,,,,,,,,,,,,,,,,,,,,,,,,,,,,,,,,,,,,,,,,,,,,,,,,,,,,,,,,,,,,,,,,,,,,,,,,,,,,,,,,,,,,,,,,,,,,,,,,,,,,,,,,,,,,,,,,,,,,,0,-1,-1.0,-1,0,-1,3
2026-02-28,5,Coquimbo Unido,Deportes Concepcion,-1.0,0.0,1.0,1.0,0.0,L,4,6,1.5,5,5,0,9,,,,,,,,,,0.4,1.6666666666666667,1.3333333333333333,42.0,12.0,4.333333333333333,36.96666666666667,10.666666666666666,4.333333333333333,30.96666666666667,0.6666666666666666,,,,,,,,,,0.4,,,,,,,,,,,,,,,,,,,,,,,,,,,,,,,,,,,,,,,,,,,,,,,,,,,,,,,,,,,,,4,1,0.25,3,7,-4,16,,,,,,,,,,0.0,0.6666666666666666,1.6666666666666667,56.666666666666664,14.666666666666666,3.6666666666666665,22.03333333333333,10.666666666666666,5.666666666666667,52.26666666666667,0.0,,,,,,,,,,0.0,,,,,,,,,,,0.6666666666666666,2.0,52.333333333333336,11.333333333333334,2.3333333333333335,19.766666666666666,12.0,6.666666666666667,56.56666666666666,0.0,,,,,,,,,,,,,,,,,,,,,0.6666666666666666,2.0,52.333333333333336,11.333333333333334,2.3333333333333335,19.766666666666666,12.0,6.666666666666667,56.56666666666666,0.0,,,,,,,,,,,,,,,,,,,,0.4,1.0,-0.3333333333333335,-14.666666666666664,-2.666666666666666,0.6666666666666665,14.933333333333337,0.0,-1.333333333333334,-21.300000000000004,0.6666666666666666,,,,,,,,,,0.4,,,,,,,,,,,,,,,,,,,,,,,,,,,,,,,,,,,,,,,,,,,,,,,,,,,,,,,,,,,,,0,5,1.25,2,-2,4,-7
2026-03-14,7,Coquimbo Unido,Universidad de Chile,-1.0,0.0,1.0,1.0,0.0,L,6,9,1.5,8,7,1,7,1.6,1.2,47.0,13.8,4.4,33.2,10.4,3.6,29.419999999999998,0.6,1.3333333333333333,1.6666666666666667,50.0,14.0,4.333333333333333,33.166666666666664,11.666666666666666,4.0,33.63333333333333,0.3333333333333333,1.3333333333333333,1.1666666666666667,47.5,12.833333333333334,3.8333333333333335,29.75,10.833333333333334,3.6666666666666665,29.650000000000002,0.42857142857142855,,,,,,,,,,,,,,,,,,,,0.3333333333333333,,,,,,,,,,,,,,,,,,,,,,,,,,,,,,0.3333333333333333,,,,,,,,,,,6,7,1.1666666666666667,5,5,0,14,1.0,1.0,59.0,11.4,4.2,37.96,10.4,5.0,48.32,0.2,1.3333333333333333,1.0,58.0,12.666666666666666,5.333333333333333,45.86666666666667,10.666666666666666,4.333333333333333,43.03333333333333,0.3333333333333333,0.8333333333333334,0.8333333333333334,55.666666666666664,10.333333333333334,3.6666666666666665,34.96666666666667,9.5,4.5,46.93333333333334,0.14285714285714285,,,,,,,,,,,0.6666666666666666,0.6666666666666666,54.333333333333336,8.666666666666666,3.0,36.43333333333333,10.666666666666666,5.333333333333333,48.6,0.3333333333333333,,,,,,,,,,,,,,,,,,,,,0.6666666666666666,0.6666666666666666,54.333333333333336,8.666666666666666,3.0,36.43333333333333,10.666666666666666,5.333333333333333,48.6,0.3333333333333333,,,,,,,,,,,0.6000000000000001,0.19999999999999996,-12.0,2.4000000000000004,0.20000000000000018,-4.759999999999998,0.0,-1.4,-18.900000000000002,0.39999999999999997,0.0,0.6666666666666667,-8.0,1.333333333333334,-1.0,-12.700000000000003,1.0,-0.33333333333333304,-9.399999999999999,0.0,0.4999999999999999,0.33333333333333337,-8.166666666666664,2.5,0.16666666666666696,-5.216666666666669,1.333333333333334,-0.8333333333333335,-17.283333333333335,0.2857142857142857,,,,,,,,,,,,,,,,,,,,0.0,,,,,,,,,,,,,,,,,,,,,,,,,,,,,,0.0,,,,,,,,,,,0,2,0.33333333333333326,3,2,1,-7
2026-04-03,8,Coquimbo Unido,Cobresal,1.0,3.0,2.0,2.0,3.0,W,7,9,1.2857142857142858,8,8,0,12,1.0,1.2,50.2,14.8,3.8,28.160000000000004,9.4,3.0,27.68,0.4,1.0,1.0,53.333333333333336,17.333333333333332,3.6666666666666665,21.866666666666664,9.333333333333334,2.6666666666666665,30.566666666666666,0.3333333333333333,1.1428571428571428,1.1428571428571428,48.0,13.714285714285714,3.5714285714285716,27.0,10.428571428571429,3.5714285714285716,30.771428571428572,0.375,,,,,,,,,,,1.0,1.0,50.666666666666664,16.666666666666668,3.3333333333333335,21.26666666666667,9.666666666666666,4.0,40.4,0.3333333333333333,,,,,,,,,,,,,,,,,,,,,1.0,1.0,50.666666666666664,16.666666666666668,3.3333333333333335,21.26666666666667,9.666666666666666,4.0,40.4,0.3333333333333333,,,,,,,,,,,7,10,1.4285714285714286,12,13,-1,9,1.6,2.6,43.2,13.0,5.2,45.339999999999996,19.8,6.8,35.64,0.2,1.3333333333333333,3.3333333333333335,48.666666666666664,15.0,5.0,40.233333333333334,18.0,7.0,40.1,0.0,1.7142857142857142,1.8571428571428572,45.57142857142857,13.0,4.571428571428571,38.17142857142857,18.0,5.571428571428571,30.557142857142857,0.375,,,,,,,,,,,2.0,1.6666666666666667,40.666666666666664,8.666666666666666,3.0,35.63333333333333,21.333333333333332,7.333333333333333,34.4,0.3333333333333333,,,,,,,,,,,,,,,,,,,,,2.0,1.6666666666666667,40.666666666666664,8.666666666666666,3.0,35.63333333333333,21.333333333333332,7.333333333333333,34.4,0.3333333333333333,,,,,,,,,,,-0.6000000000000001,-1.4000000000000001,7.0,1.8000000000000007,-1.4000000000000004,-17.179999999999993,-10.4,-3.8,-7.960000000000001,0.2,-0.33333333333333326,-2.3333333333333335,4.666666666666671,2.333333333333332,-1.3333333333333335,-18.36666666666667,-8.666666666666666,-4.333333333333334,-9.533333333333335,0.3333333333333333,-0.5714285714285714,-0.7142857142857144,2.4285714285714306,0.7142857142857135,-0.9999999999999996,-11.17142857142857,-7.571428571428571,-1.9999999999999996,0.2142857142857153,0.0,,,,,,,,,,,-1.0,-0.6666666666666667,10.0,8.000000000000002,0.3333333333333335,-14.366666666666664,-11.666666666666666,-3.333333333333333,6.0,0.0,,,,,,,,,,,,,,,,,,,,,-1.0,-0.6666666666666667,10.0,8.000000000000002,0.3333333333333335,-14.366666666666664,-11.666666666666666,-3.333333333333333,6.0,0.0,,,,,,,,,,,0,-1,-0.1428571428571428,-4,-5,1,3
2026-04-19,10,Coquimbo Unido,Nublense,0.0,1.0,1.0,1.0,1.0,D,8,12,1.5,11,10,1,10,1.4,1.6,52.0,16.8,5.2,31.560000000000002,11.0,3.8,34.339999999999996,0.4,2.0,1.3333333333333333,51.0,19.333333333333332,6.333333333333333,31.933333333333334,10.666666666666666,3.0,29.166666666666668,0.6666666666666666,1.375,1.25,49.375,14.875,4.5,29.6,10.625,3.625,31.0875,0.4444444444444444,,,,,,,,,,0.4,1.0,1.3333333333333333,58.666666666666664,19.666666666666668,5.333333333333333,25.3,9.333333333333334,3.3333333333333335,36.1,0.3333333333333333,,,,,,,,,,0.4,,,,,,,,,,0.4,1.0,1.3333333333333333,58.666666666666664,19.666666666666668,5.333333333333333,25.3,9.333333333333334,3.3333333333333335,36.1,0.3333333333333333,,,,,,,,,,0.4,9,16,1.7777777777777777,10,6,4,4,1.2,0.8,44.8,12.2,4.2,36.760000000000005,10.4,2.8,26.9,0.4,1.0,0.6666666666666666,47.0,13.666666666666666,4.0,30.3,11.0,2.0,18.333333333333332,0.3333333333333333,1.1111111111111112,0.6666666666666666,45.44444444444444,12.11111111111111,3.3333333333333335,29.444444444444443,9.444444444444445,3.4444444444444446,37.666666666666664,0.4,,,,,,,,,,0.4,1.0,0.0,44.0,11.333333333333334,3.3333333333333335,26.76666666666667,8.0,2.6666666666666665,35.0,0.6666666666666666,,,,,,,,,,0.4,,,,,,,,,,0.4,1.0,0.0,44.0,11.333333333333334,3.3333333333333335,26.76666666666667,8.0,2.6666666666666665,35.0,0.6666666666666666,,,,,,,,,,0.4,0.19999999999999996,0.8,7.200000000000003,4.600000000000001,1.0,-5.200000000000003,0.5999999999999996,1.0,7.439999999999998,0.0,1.0,0.6666666666666666,4.0,5.666666666666666,2.333333333333333,1.6333333333333329,-0.3333333333333339,1.0,10.833333333333336,0.3333333333333333,0.26388888888888884,0.5833333333333334,3.930555555555557,2.7638888888888893,1.1666666666666665,0.15555555555555856,1.1805555555555554,0.18055555555555536,-6.579166666666666,0.0444444444444444,,,,,,,,,,0.0,0.0,1.3333333333333333,14.666666666666664,8.333333333333334,1.9999999999999996,-1.4666666666666686,1.333333333333334,0.666666666666667,1.1000000000000014,-0.3333333333333333,,,,,,,,,,0.0,,,,,,,,,,0.0,0.0,1.3333333333333333,14.666666666666664,8.333333333333334,1.9999999999999996,-1.4666666666666686,1.333333333333334,0.666666666666667,1.1000000000000014,-0.3333333333333333,,,,,,,,,,0.0,-1,-4,-0.2777777777777777,1,4,-3,6
2026-05-15,12,Coquimbo Unido,Audax Italiano,,,,,,,10,16,1.6,14,12,2,8,,,,,,,,,,0.4,,,,,,,,,,0.3333333333333333,1.4,1.2,47.9,13.9,4.5,32.68,11.2,4.0,32.87,0.4166666666666667,1.4,1.2,50.6,16.6,4.8,28.32,11.2,4.6,40.239999999999995,0.4,1.3333333333333333,1.3333333333333333,50.666666666666664,17.333333333333332,5.333333333333333,29.433333333333334,11.666666666666666,4.666666666666667,39.166666666666664,0.3333333333333333,1.4,1.2,50.6,16.6,4.8,28.32,11.2,4.6,40.239999999999995,0.3333333333333333,1.4,1.2,50.6,16.6,4.8,28.32,11.2,4.6,40.239999999999995,0.4,1.3333333333333333,1.3333333333333333,50.666666666666664,17.333333333333332,5.333333333333333,29.433333333333334,11.666666666666666,4.666666666666667,39.166666666666664,0.3333333333333333,1.4,1.2,50.6,16.6,4.8,28.32,11.2,4.6,40.239999999999995,0.3333333333333333,11,11,1.0,15,16,-1,13,2.2,2.2,49.0,11.4,3.4,32.0,14.6,5.2,37.02,0.2,2.3333333333333335,3.0,47.666666666666664,12.666666666666666,3.6666666666666665,30.7,11.333333333333334,5.0,43.699999999999996,0.0,1.3636363636363635,1.4545454545454546,51.81818181818182,10.454545454545455,3.3636363636363638,32.26363636363636,12.090909090909092,3.727272727272727,30.19090909090909,0.25,0.6,1.8,54.2,11.4,3.8,34.96,11.8,4.4,35.28,0.0,1.0,2.6666666666666665,50.0,13.666666666666666,3.6666666666666665,26.766666666666666,14.666666666666666,6.333333333333333,45.46666666666667,0.0,0.6,1.8,54.2,11.4,3.8,34.96,11.8,4.4,35.28,0.0,0.6,1.8,54.2,11.4,3.8,34.96,11.8,4.4,35.28,0.0,1.0,2.6666666666666665,50.0,13.666666666666666,3.6666666666666665,26.766666666666666,14.666666666666666,6.333333333333333,45.46666666666667,0.0,0.6,1.8,54.2,11.4,3.8,34.96,11.8,4.4,35.28,0.0,,,,,,,,,,0.2,,,,,,,,,,0.3333333333333333,0.036363636363636376,-0.25454545454545463,-3.9181818181818215,3.4454545454545453,1.1363636363636362,0.4163636363636414,-0.8909090909090924,0.27272727272727293,2.679090909090906,0.16666666666666669,0.7999999999999999,-0.6000000000000001,-3.6000000000000014,5.200000000000001,1.0,-6.640000000000001,-0.6000000000000014,0.1999999999999993,4.959999999999994,0.4,0.33333333333333326,-1.3333333333333333,0.6666666666666643,3.666666666666666,1.6666666666666665,2.666666666666668,-3.0,-1.666666666666666,-6.300000000000004,0.3333333333333333,0.7999999999999999,-0.6000000000000001,-3.6000000000000014,5.200000000000001,1.0,-6.640000000000001,-0.6000000000000014,0.1999999999999993,4.959999999999994,0.3333333333333333,0.7999999999999999,-0.6000000000000001,-3.6000000000000014,5.200000000000001,1.0,-6.640000000000001,-0.6000000000000014,0.1999999999999993,4.959999999999994,0.4,0.33333333333333326,-1.3333333333333333,0.6666666666666643,3.666666666666666,1.6666666666666665,2.666666666666668,-3.0,-1.666666666666666,-6.300000000000004,0.3333333333333333,0.7999999999999999,-0.6000000000000001,-3.6000000000000014,5.200000000000001,1.0,-6.640000000000001,-0.6000000000000014,0.1999999999999993,4.959999999999994,0.3333333333333333,-1,5,0.6000000000000001,-1,-4,3,-5
2026-06-14,15,Coquimbo Unido,O'Higgins,,,,,,,10,16,1.6,14,12,2,8,,,,,,,,,,0.2,,,,,,,,,,0.0,1.4,1.2,47.9,13.9,4.5,32.68,11.2,4.0,32.87,0.3333333333333333,,,,,,,,,,0.2,,,,,,,,,,0.3333333333333333,1.4,1.2,50.6,16.6,4.8,28.32,11.2,4.6,40.239999999999995,0.2857142857142857,,,,,,,,,,0.2,,,,,,,,,,0.3333333333333333,1.4,1.2,50.6,16.6,4.8,28.32,11.2,4.6,40.239999999999995,0.2857142857142857,11,19,1.7272727272727273,17,16,1,4,,,,,,,,,,0.4,,,,,,,,,,0.0,1.5454545454545454,1.4545454545454546,50.72727272727273,12.272727272727273,4.636363636363637,40.10909090909092,12.272727272727273,4.0,34.25454545454546,0.4,,,,,,,,,,0.4,,,,,,,,,,0.6666666666666666,2.2,2.2,53.4,11.4,4.8,46.0,14.6,4.8,35.339999999999996,0.2857142857142857,,,,,,,,,,0.4,,,,,,,,,,0.6666666666666666,2.2,2.2,53.4,11.4,4.8,46.0,14.6,4.8,35.339999999999996,0.2857142857142857,,,,,,,,,,-0.2,,,,,,,,,,0.0,-0.1454545454545455,-0.25454545454545463,-2.827272727272728,1.627272727272727,-0.1363636363636367,-7.429090909090917,-1.072727272727274,0.0,-1.38454545454546,-0.06666666666666671,,,,,,,,,,-0.2,,,,,,,,,,-0.3333333333333333,-0.8000000000000003,-1.0000000000000002,-2.799999999999997,5.200000000000001,0.0,-17.68,-3.4000000000000004,-0.20000000000000018,4.899999999999999,0.0,,,,,,,,,,-0.2,,,,,,,,,,-0.3333333333333333,-0.8000000000000003,-1.0000000000000002,-2.799999999999997,5.200000000000001,0.0,-17.68,-3.4000000000000004,-0.20000000000000018,4.899999999999999,0.0,-1,-3,-0.1272727272727272,-3,-4,1,4
2026-07-26,16,Coquimbo Unido,Universidad de Concepcion,,,,,,,10,16,1.6,14,12,2,8,,,,,,,,,,0.0,,,,,,,,,,0.0,1.4,1.2,47.9,13.9,4.5,32.68,11.2,4.0,32.87,0.3125,,,,,,,,,,0.2,,,,,,,,,,0.0,1.4,1.2,50.6,16.6,4.8,28.32,11.2,4.6,40.239999999999995,0.25,,,,,,,,,,0.2,,,,,,,,,,0.0,1.4,1.2,50.6,16.6,4.8,28.32,11.2,4.6,40.239999999999995,0.25,11,14,1.2727272727272727,9,19,-10,12,,,,,,,,,,0.0,,,,,,,,,,0.0,0.8181818181818182,1.7272727272727273,46.72727272727273,13.272727272727273,4.2727272727272725,34.36363636363637,14.727272727272727,5.454545454545454,33.90909090909091,0.25,,,,,,,,,,0.0,,,,,,,,,,0.0,0.6,2.6,46.4,14.4,4.4,31.5,18.2,7.8,44.32,0.0,,,,,,,,,,0.0,,,,,,,,,,0.0,0.6,2.6,46.4,14.4,4.4,31.5,18.2,7.8,44.32,0.0,,,,,,,,,,0.0,,,,,,,,,,0.0,0.5818181818181817,-0.5272727272727273,1.172727272727272,0.627272727272727,0.22727272727272751,-1.6836363636363672,-3.5272727272727273,-1.4545454545454541,-1.039090909090909,0.0625,,,,,,,,,,0.2,,,,,,,,,,0.0,0.7999999999999999,-1.4000000000000001,4.200000000000003,2.200000000000001,0.39999999999999947,-3.1799999999999997,-7.0,-3.2,-4.080000000000005,0.25,,,,,,,,,,0.2,,,,,,,,,,0.0,0.7999999999999999,-1.4000000000000001,4.200000000000003,2.200000000000001,0.39999999999999947,-3.1799999999999997,-7.0,-3.2,-4.080000000000005,0.25,-1,2,0.3272727272727274,5,-7,12,-4
2026-08-09,18,Coquimbo Unido,La Serena,,,,,,,10,16,1.6,14,12,2,8,,,,,,,,,,0.0,,,,,,,,,,0.0,1.4,1.2,47.9,13.9,4.5,32.68,11.2,4.0,32.87,0.2777777777777778,,,,,,,,,,0.2,,,,,,,,,,0.0,1.4,1.2,50.6,16.6,4.8,28.32,11.2,4.6,40.239999999999995,0.2222222222222222,,,,,,,,,,0.2,,,,,,,,,,0.0,1.4,1.2,50.6,16.6,4.8,28.32,11.2,4.6,40.239999999999995,0.2222222222222222,11,14,1.2727272727272727,13,14,-1,10,,,,,,,,,,0.0,,,,,,,,,,0.0,1.1818181818181819,1.2727272727272727,49.72727272727273,10.909090909090908,3.8181818181818183,34.199999999999996,12.090909090909092,4.181818181818182,34.699999999999996,0.16666666666666666,,,,,,,,,,0.0,,,,,,,,,,0.0,1.2,2.0,49.4,11.2,3.4,33.2,13.4,4.8,36.14,0.1111111111111111,,,,,,,,,,0.0,,,,,,,,,,0.0,1.2,2.0,49.4,11.2,3.4,33.2,13.4,4.8,36.14,0.1111111111111111,,,,,,,,,,0.0,,,,,,,,,,0.0,0.21818181818181803,-0.07272727272727275,-1.827272727272728,2.990909090909092,0.6818181818181817,-1.519999999999996,-0.8909090909090924,-0.18181818181818166,-1.8299999999999983,0.11111111111111113,,,,,,,,,,0.2,,,,,,,,,,0.0,0.19999999999999996,-0.8,1.2000000000000028,5.400000000000002,1.4,-4.880000000000003,-2.200000000000001,-0.20000000000000018,4.099999999999994,0.1111111111111111,,,,,,,,,,0.2,,,,,,,,,,0.0,0.19999999999999996,-0.8,1.2000000000000028,5.400000000000002,1.4,-4.880000000000003,-2.200000000000001,-0.20000000000000018,4.099999999999994,0.1111111111111111,-1,2,0.3272727272727274,1,-2,3,-2
2026-08-16,19,Coquimbo Unido,Universidad Catolica,,,,,,,10,16,1.6,14,12,2,8,,,,,,,,,,0.0,,,,,,,,,,0.0,1.4,1.2,47.9,13.9,4.5,32.68,11.2,4.0,32.87,0.2631578947368421,,,,,,,,,,0.0,,,,,,,,,,0.0,1.4,1.2,50.6,16.6,4.8,28.32,11.2,4.6,40.239999999999995,0.2,,,,,,,,,,0.0,,,,,,,,,,0.0,1.4,1.2,50.6,16.6,4.8,28.32,11.2,4.6,40.239999999999995,0.2,11,17,1.5454545454545454,24,17,7,5,,,,,,,,,,0.0,,,,,,,,,,0.0,2.1818181818181817,1.5454545454545454,57.72727272727273,12.818181818181818,5.181818181818182,42.39090909090909,9.909090909090908,4.0,43.43636363636364,0.2631578947368421,,,,,,,,,,0.2,,,,,,,,,,0.0,1.6666666666666667,1.8333333333333333,58.333333333333336,12.333333333333334,5.0,44.050000000000004,9.833333333333334,4.666666666666667,48.71666666666667,0.2,,,,,,,,,,0.2,,,,,,,,,,0.0,1.6666666666666667,1.8333333333333333,58.333333333333336,12.333333333333334,5.0,44.050000000000004,9.833333333333334,4.666666666666667,48.71666666666667,0.2,,,,,,,,,,0.0,,,,,,,,,,0.0,-0.7818181818181817,-0.34545454545454546,-9.827272727272728,1.081818181818182,-0.6818181818181817,-9.710909090909091,1.290909090909091,0.0,-10.56636363636364,0.0,,,,,,,,,,-0.2,,,,,,,,,,0.0,-0.26666666666666683,-0.6333333333333333,-7.733333333333334,4.2666666666666675,-0.20000000000000018,-15.730000000000004,1.3666666666666654,-0.06666666666666732,-8.476666666666674,0.0,,,,,,,,,,-0.2,,,,,,,,,,0.0,-0.26666666666666683,-0.6333333333333333,-7.733333333333334,4.2666666666666675,-0.20000000000000018,-15.730000000000004,1.3666666666666654,-0.06666666666666732,-8.476666666666674,0.0,-1,-1,0.054545454545454675,-10,-5,-5,3
2026-08-30,21,Coquimbo Unido,Huachipato,,,,,,,10,16,1.6,14,12,2,8,,,,,,,,,,0.0,,,,,,,,,,0.0,1.4,1.2,47.9,13.9,4.5,32.68,11.2,4.0,32.87,0.23809523809523808,,,,,,,,,,0.0,,,,,,,,,,0.0,1.4,1.2,50.6,16.6,4.8,28.32,11.2,4.6,40.239999999999995,0.18181818181818182,,,,,,,,,,0.0,,,,,,,,,,0.0,1.4,1.2,50.6,16.6,4.8,28.32,11.2,4.6,40.239999999999995,0.18181818181818182,11,19,1.7272727272727273,18,14,4,3,,,,,,,,,,0.0,,,,,,,,,,0.0,1.6363636363636365,1.2727272727272727,47.54545454545455,12.727272727272727,5.181818181818182,38.81818181818182,14.272727272727273,4.0,26.94545454545454,0.2857142857142857,,,,,,,,,,0.0,,,,,,,,,,0.0,0.8333333333333334,1.0,46.0,11.0,3.5,30.46666666666667,14.5,4.0,26.666666666666668,0.18181818181818182,,,,,,,,,,0.0,,,,,,,,,,0.0,0.8333333333333334,1.0,46.0,11.0,3.5,30.46666666666667,14.5,4.0,26.666666666666668,0.18181818181818182,,,,,,,,,,0.0,,,,,,,,,,0.0,-0.23636363636363655,-0.07272727272727275,0.35454545454545183,1.1727272727272737,-0.6818181818181817,-6.13818181818182,-3.072727272727274,0.0,5.924545454545456,-0.047619047619047616,,,,,,,,,,0.0,,,,,,,,,,0.0,0.5666666666666665,0.19999999999999996,4.600000000000001,5.600000000000001,1.2999999999999998,-2.1466666666666683,-3.3000000000000007,0.5999999999999996,13.573333333333327,0.0,,,,,,,,,,0.0,,,,,,,,,,0.0,0.5666666666666665,0.19999999999999996,4.600000000000001,5.600000000000001,1.2999999999999998,-2.1466666666666683,-3.3000000000000007,0.5999999999999996,13.573333333333327,0.0,-1,-3,-0.1272727272727272,-4,-2,-2,5
2026-10-11,24,Coquimbo Unido,Colo-Colo,,,,,,,10,16,1.6,14,12,2,8,,,,,,,,,,0.0,,,,,,,,,,0.0,1.4,1.2,47.9,13.9,4.5,32.68,11.2,4.0,32.87,0.20833333333333334,,,,,,,,,,0.0,,,,,,,,,,0.0,1.4,1.2,50.6,16.6,4.8,28.32,11.2,4.6,40.239999999999995,0.16666666666666666,,,,,,,,,,0.0,,,,,,,,,,0.0,1.4,1.2,50.6,16.6,4.8,28.32,11.2,4.6,40.239999999999995,0.16666666666666666,10,21,2.1,11,6,5,2,,,,,,,,,,0.0,,,,,,,,,,0.0,1.1,0.6,61.7,14.9,4.6,31.119999999999997,8.0,2.3,27.68,0.2916666666666667,,,,,,,,,,0.0,,,,,,,,,,0.0,1.2,0.8,63.6,13.2,4.4,33.959999999999994,8.2,2.4,26.939999999999998,0.3333333333333333,,,,,,,,,,0.0,,,,,,,,,,0.0,1.2,0.8,63.6,13.2,4.4,33.959999999999994,8.2,2.4,26.939999999999998,0.3333333333333333,,,,,,,,,,0.0,,,,,,,,,,0.0,0.2999999999999998,0.6,-13.800000000000004,-1.0,-0.09999999999999964,1.5600000000000023,3.1999999999999993,1.7000000000000002,5.189999999999998,-0.08333333333333334,,,,,,,,,,0.0,,,,,,,,,,0.0,0.19999999999999996,0.3999999999999999,-13.0,3.400000000000002,0.39999999999999947,-5.6399999999999935,3.0,2.1999999999999997,13.299999999999997,-0.16666666666666666,,,,,,,,,,0.0,,,,,,,,,,0.0,0.19999999999999996,0.3999999999999999,-13.0,3.400000000000002,0.39999999999999947,-5.6399999999999935,3.0,2.1999999999999997,13.299999999999997,-0.16666666666666666,0,-5,-0.5,3,6,-3,6
2026-11-01,26,Coquimbo Unido,Union La Calera,,,,,,,10,16,1.6,14,12,2,8,,,,,,,,,,0.0,,,,,,,,,,0.0,1.4,1.2,47.9,13.9,4.5,32.68,11.2,4.0,32.87,0.19230769230769232,,,,,,,,,,0.0,,,,,,,,,,0.0,1.4,1.2,50.6,16.6,4.8,28.32,11.2,4.6,40.239999999999995,0.15384615384615385,,,,,,,,,,0.0,,,,,,,,,,0.0,1.4,1.2,50.6,16.6,4.8,28.32,11.2,4.6,40.239999999999995,0.15384615384615385,11,10,0.9090909090909091,10,21,-11,15,,,,,,,,,,0.0,,,,,,,,,,0.0,0.9090909090909091,1.9090909090909092,51.81818181818182,10.818181818181818,3.3636363636363638,30.872727272727275,12.363636363636363,4.2727272727272725,34.47272727272727,0.11538461538461539,,,,,,,,,,0.0,,,,,,,,,,0.0,0.4,2.4,49.8,8.4,2.2,23.619999999999997,14.2,5.2,38.8,0.07692307692307693,,,,,,,,,,0.0,,,,,,,,,,0.0,0.4,2.4,49.8,8.4,2.2,23.619999999999997,14.2,5.2,38.8,0.07692307692307693,,,,,,,,,,0.0,,,,,,,,,,0.0,0.49090909090909085,-0.7090909090909092,-3.9181818181818215,3.081818181818182,1.1363636363636362,1.807272727272725,-1.163636363636364,-0.2727272727272725,-1.6027272727272717,0.07692307692307693,,,,,,,,,,0.0,,,,,,,,,,0.0,0.9999999999999999,-1.2,0.8000000000000043,8.200000000000001,2.5999999999999996,4.700000000000003,-3.0,-0.6000000000000005,1.4399999999999977,0.07692307692307693,,,,,,,,,,0.0,,,,,,,,,,0.0,0.9999999999999999,-1.2,0.8000000000000043,8.200000000000001,2.5999999999999996,4.700000000000003,-3.0,-0.6000000000000005,1.4399999999999977,0.07692307692307693,-1,6,0.690909090909091,4,-9,13,-7
2026-11-22,28,Coquimbo Unido,Everton,,,,,,,10,16,1.6,14,12,2,8,,,,,,,,,,0.0,,,,,,,,,,0.0,1.4,1.2,47.9,13.9,4.5,32.68,11.2,4.0,32.87,0.17857142857142858,,,,,,,,,,0.0,,,,,,,,,,0.0,1.4,1.2,50.6,16.6,4.8,28.32,11.2,4.6,40.239999999999995,0.14285714285714285,,,,,,,,,,0.0,,,,,,,,,,0.0,1.4,1.2,50.6,16.6,4.8,28.32,11.2,4.6,40.239999999999995,0.14285714285714285,11,15,1.3636363636363635,12,10,2,9,,,,,,,,,,0.0,,,,,,,,,,0.0,1.0909090909090908,0.9090909090909091,45.63636363636363,11.272727272727273,3.727272727272727,33.418181818181814,14.363636363636363,4.7272727272727275,33.127272727272725,0.14285714285714285,,,,,,,,,,0.0,,,,,,,,,,0.0,1.0,1.2,41.8,9.0,3.4,34.82,16.0,4.6,29.4,0.07142857142857142,,,,,,,,,,0.0,,,,,,,,,,0.0,1.0,1.2,41.8,9.0,3.4,34.82,16.0,4.6,29.4,0.07142857142857142,,,,,,,,,,0.0,,,,,,,,,,0.0,0.3090909090909091,0.2909090909090909,2.2636363636363654,2.627272727272727,0.7727272727272729,-0.7381818181818147,-3.163636363636364,-0.7272727272727275,-0.25727272727272776,0.035714285714285726,,,,,,,,,,0.0,,,,,,,,,,0.0,0.3999999999999999,0.0,8.800000000000004,7.600000000000001,1.4,-6.5,-4.800000000000001,0.0,10.839999999999996,0.07142857142857142,,,,,,,,,,0.0,,,,,,,,,,0.0,0.3999999999999999,0.0,8.800000000000004,7.600000000000001,1.4,-6.5,-4.800000000000001,0.0,10.839999999999996,0.07142857142857142,-1,1,0.23636363636363655,2,2,0,-1
2026-11-29,29,Coquimbo Unido,CD Limache,,,,,,,10,16,1.6,14,12,2,8,,,,,,,,,,0.0,,,,,,,,,,0.0,1.4,1.2,47.9,13.9,4.5,32.68,11.2,4.0,32.87,0.1724137931034483,,,,,,,,,,0.0,,,,,,,,,,0.0,1.4,1.2,50.6,16.6,4.8,28.32,11.2,4.6,40.239999999999995,0.13333333333333333,,,,,,,,,,0.0,,,,,,,,,,0.0,1.4,1.2,50.6,16.6,4.8,28.32,11.2,4.6,40.239999999999995,0.13333333333333333,11,21,1.9090909090909092,25,11,14,1,,,,,,,,,,0.0,,,,,,,,,,0.0,2.272727272727273,1.0,44.72727272727273,11.909090909090908,4.818181818181818,42.4,14.0,3.4545454545454546,24.672727272727272,0.20689655172413793,,,,,,,,,,0.0,,,,,,,,,,0.0,1.6666666666666667,1.5,49.166666666666664,9.0,3.3333333333333335,38.71666666666667,14.833333333333334,3.3333333333333335,24.7,0.06666666666666667,,,,,,,,,,0.0,,,,,,,,,,0.0,1.6666666666666667,1.5,49.166666666666664,9.0,3.3333333333333335,38.71666666666667,14.833333333333334,3.3333333333333335,24.7,0.06666666666666667,,,,,,,,,,0.0,,,,,,,,,,0.0,-0.872727272727273,0.19999999999999996,3.172727272727272,1.990909090909092,-0.31818181818181834,-9.719999999999999,-2.8000000000000007,0.5454545454545454,8.197272727272725,-0.03448275862068964,,,,,,,,,,0.0,,,,,,,,,,0.0,-0.26666666666666683,-0.30000000000000004,1.4333333333333371,7.600000000000001,1.4666666666666663,-10.396666666666668,-3.6333333333333346,1.2666666666666662,15.539999999999996,0.06666666666666667,,,,,,,,,,0.0,,,,,,,,,,0.0,-0.26666666666666683,-0.30000000000000004,1.4333333333333371,7.600000000000001,1.4666666666666663,-10.396666666666668,-3.6333333333333346,1.2666666666666662,15.539999999999996,0.06666666666666667,-1,-5,-0.3090909090909091,-11,1,-12,7
2026-02-20,4,Deportes Concepcion,Cobresal,0.0,1.0,1.0,1.0,1.0,D,3,0,0.0,2,6,-4,15,,,,,,,,,,,0.6666666666666666,2.0,52.333333333333336,11.333333333333334,2.3333333333333335,19.766666666666666,12.0,6.666666666666667,56.56666666666666,0.0,,,,,,,,,,,,,,,,,,,,,,,,,,,,,,,,,,,,,,,,,,,,,,,,,,,,,,,,,,,,,,,,,,,,,,,3,9,3.0,7,2,5,1,,,,,,,,,,,2.3333333333333335,0.6666666666666666,46.333333333333336,12.333333333333334,4.666666666666667,37.733333333333334,16.666666666666668,3.6666666666666665,20.6,1.0,,,,,,,,,,,,,,,,,,,,,,,,,,,,,,,,,,,,,,,,,,,,,,,,,,,,,,,,,,,,,,,,,,,,,,,,,,,,,,,,,-1.666666666666667,1.3333333333333335,6.0,-1.0,-2.3333333333333335,-17.96666666666667,-4.666666666666668,3.0000000000000004,35.96666666666666,-1.0,,,,,,,,,,,,,,,,,,,,,,,,,,,,,,,,,,,,,,,,,,,,,,,,,,,,,,,,,,,,,,,,,,,,,,,0,-9,-3.0,-5,4,-9,14
2026-03-06,6,Deportes Concepcion,Nublense,-1.0,0.0,2.0,2.0,0.0,L,5,4,0.8,4,7,-3,15,0.8,1.4,51.4,12.8,3.4,25.72,12.4,5.2,44.12,0.2,1.0,1.0,50.333333333333336,12.333333333333334,3.6666666666666665,27.866666666666664,12.333333333333334,5.0,44.23333333333333,0.3333333333333333,0.8,1.4,51.4,12.8,3.4,25.72,12.4,5.2,44.12,0.16666666666666666,,,,,,,,,,,,,,,,,,,,,,,,,,,,,,,,,,,,,,,,,,,,,,,,,,,,,,,,,,,,,5,8,1.6,5,4,1,7,1.0,0.8,45.0,10.8,2.4,26.24,8.8,4.6,51.8,0.4,1.0,0.6666666666666666,39.666666666666664,7.666666666666667,2.0,28.100000000000005,9.333333333333334,5.0,53.0,0.6666666666666666,1.0,0.8,45.0,10.8,2.4,26.24,8.8,4.6,51.8,0.3333333333333333,,,,,,,,,,,,,,,,,,,,0.3333333333333333,,,,,,,,,,,,,,,,,,,,,,,,,,,,,,0.3333333333333333,,,,,,,,,,,-0.19999999999999996,0.5999999999999999,6.399999999999999,2.0,1.0,-0.5199999999999996,3.5999999999999996,0.6000000000000005,-7.68,-0.2,0.0,0.33333333333333337,10.666666666666671,4.666666666666667,1.6666666666666665,-0.2333333333333414,3.0,0.0,-8.766666666666673,-0.3333333333333333,-0.19999999999999996,0.5999999999999999,6.399999999999999,2.0,1.0,-0.5199999999999996,3.5999999999999996,0.6000000000000005,-7.68,-0.16666666666666666,,,,,,,,,,,,,,,,,,,,,,,,,,,,,,,,,,,,,,,,,,,,,,,,,,,,,,,,,,,,,0,-4,-0.8,-1,3,-4,8
2026-04-05,8,Deportes Concepcion,Colo-Colo,-1.0,0.0,1.0,1.0,0.0,L,7,4,0.5714285714285714,4,12,-8,15,0.6,1.6,51.8,12.4,3.2,25.240000000000002,11.6,4.8,43.7,0.2,0.3333333333333333,1.6666666666666667,47.333333333333336,11.0,2.6666666666666665,26.7,12.666666666666666,4.0,34.46666666666667,0.3333333333333333,0.5714285714285714,1.7142857142857142,52.142857142857146,12.714285714285714,3.142857142857143,24.457142857142856,11.857142857142858,5.0,43.771428571428565,0.125,,,,,,,,,,,,,,,,,,,,0.0,,,,,,,,,,,,,,,,,,,,,,,,,,,,,,0.0,,,,,,,,,,,7,15,2.142857142857143,8,4,4,2,1.0,0.2,57.6,13.4,3.4,25.360000000000003,7.2,1.6,20.860000000000003,0.8,1.0,0.3333333333333333,56.333333333333336,11.333333333333334,2.6666666666666665,23.233333333333334,7.0,2.0,27.366666666666664,0.6666666666666666,1.1428571428571428,0.5714285714285714,59.142857142857146,15.428571428571429,4.571428571428571,28.642857142857142,7.857142857142857,1.8571428571428572,22.67142857142857,0.625,,,,,,,,,,,1.0,1.0,62.0,13.666666666666666,4.333333333333333,30.13333333333333,8.0,2.0,22.2,0.6666666666666666,,,,,,,,,,,,,,,,,,,,,1.0,1.0,62.0,13.666666666666666,4.333333333333333,30.13333333333333,8.0,2.0,22.2,0.6666666666666666,,,,,,,,,,,-0.4,1.4000000000000001,-5.800000000000004,-1.0,-0.19999999999999973,-0.120000000000001,4.3999999999999995,3.1999999999999997,22.84,-0.6000000000000001,-0.6666666666666667,1.3333333333333335,-9.0,-0.3333333333333339,0.0,3.466666666666665,5.666666666666666,2.0,7.100000000000005,-0.3333333333333333,-0.5714285714285714,1.1428571428571428,-7.0,-2.7142857142857153,-1.4285714285714284,-4.185714285714287,4.000000000000001,3.142857142857143,21.099999999999994,-0.5,,,,,,,,,,,,,,,,,,,,-0.6666666666666666,,,,,,,,,,,,,,,,,,,,,,,,,,,,,,-0.6666666666666666,,,,,,,,,,,0,-11,-1.5714285714285714,-4,8,-12,13
2026-04-18,10,Deportes Concepcion,La Serena,0.0,3.0,3.0,3.0,3.0,D,9,4,0.4444444444444444,4,14,-10,16,0.2,1.4,46.2,10.6,2.4,23.52,12.8,3.8,34.019999999999996,0.2,0.0,1.6666666666666667,46.666666666666664,12.333333333333334,2.3333333333333335,18.366666666666667,11.0,3.3333333333333335,36.53333333333333,0.0,0.4444444444444444,1.5555555555555556,50.44444444444444,12.11111111111111,2.888888888888889,23.188888888888886,12.11111111111111,4.666666666666667,41.455555555555556,0.1,,,,,,,,,,,0.3333333333333333,1.3333333333333333,52.0,12.666666666666666,3.3333333333333335,23.099999999999998,10.333333333333334,4.333333333333333,42.06666666666666,0.0,,,,,,,,,,,,,,,,,,,,,0.3333333333333333,1.3333333333333333,52.0,12.666666666666666,3.3333333333333335,23.099999999999998,10.333333333333334,4.333333333333333,42.06666666666666,0.0,,,,,,,,,,,9,12,1.3333333333333333,10,11,-1,11,1.4,1.2,47.0,11.2,4.0,37.32000000000001,13.4,4.6,34.019999999999996,0.6,1.0,2.0,50.333333333333336,11.0,4.0,37.833333333333336,13.0,4.333333333333333,33.1,0.3333333333333333,1.1111111111111112,1.2222222222222223,48.666666666666664,10.222222222222221,3.888888888888889,36.24444444444444,12.555555555555555,4.333333333333333,34.63333333333333,0.3,,,,,,,,,,0.2,1.0,2.0,47.0,11.0,3.3333333333333335,32.699999999999996,15.666666666666666,5.666666666666667,36.9,0.3333333333333333,,,,,,,,,,0.2,,,,,,,,,,0.2,1.0,2.0,47.0,11.0,3.3333333333333335,32.699999999999996,15.666666666666666,5.666666666666667,36.9,0.3333333333333333,,,,,,,,,,0.2,-1.2,0.19999999999999996,-0.7999999999999972,-0.5999999999999996,-1.6,-13.800000000000008,-0.5999999999999996,-0.7999999999999998,0.0,-0.39999999999999997,-1.0,-0.33333333333333326,-3.6666666666666714,1.333333333333334,-1.6666666666666665,-19.46666666666667,-2.0,-0.9999999999999996,3.43333333333333,-0.3333333333333333,-0.6666666666666667,0.33333333333333326,1.7777777777777786,1.8888888888888893,-1.0,-13.055555555555554,-0.44444444444444464,0.3333333333333339,6.822222222222223,-0.19999999999999998,,,,,,,,,,,-0.6666666666666667,-0.6666666666666667,5.0,1.666666666666666,0.0,-9.599999999999998,-5.333333333333332,-1.333333333333334,5.166666666666664,-0.3333333333333333,,,,,,,,,,,,,,,,,,,,,-0.6666666666666667,-0.6666666666666667,5.0,1.666666666666666,0.0,-9.599999999999998,-5.333333333333332,-1.333333333333334,5.166666666666664,-0.3333333333333333,,,,,,,,,,,0,-8,-0.8888888888888888,-6,3,-9,5
2026-05-17,12,Deportes Concepcion,Everton,,,,,,,11,8,0.7272727272727273,8,17,-9,16,0.8,1.6,43.8,11.4,2.6,23.02,13.6,3.2,29.02,0.2,1.3333333333333333,1.3333333333333333,45.0,10.666666666666666,3.0,28.333333333333332,17.666666666666668,3.0,17.400000000000002,0.3333333333333333,0.7272727272727273,1.5454545454545454,48.45454545454545,11.727272727272727,2.909090909090909,24.427272727272726,13.090909090909092,4.363636363636363,37.14545454545455,0.16666666666666666,,,,,,,,,,0.0,1.0,2.0,45.333333333333336,8.666666666666666,2.0,22.5,12.666666666666666,4.666666666666667,39.300000000000004,0.0,,,,,,,,,,0.0,,,,,,,,,,0.0,1.0,2.0,45.333333333333336,8.666666666666666,2.0,22.5,12.666666666666666,4.666666666666667,39.300000000000004,0.0,,,,,,,,,,0.0,11,15,1.3636363636363635,12,10,2,9,1.0,0.8,44.8,10.6,3.8,40.480000000000004,14.0,4.6,32.6,0.2,1.0,0.6666666666666666,47.0,12.666666666666666,4.333333333333333,37.46666666666667,14.333333333333334,5.666666666666667,39.5,0.3333333333333333,1.0909090909090908,0.9090909090909091,45.63636363636363,11.272727272727273,3.727272727272727,33.418181818181814,14.363636363636363,4.7272727272727275,33.127272727272725,0.3333333333333333,1.0,1.2,41.8,9.0,3.4,34.82,16.0,4.6,29.4,0.2,1.6666666666666667,1.0,42.666666666666664,9.666666666666666,5.0,49.13333333333333,16.0,4.0,26.3,0.3333333333333333,1.0,1.2,41.8,9.0,3.4,34.82,16.0,4.6,29.4,0.16666666666666666,1.0,1.2,41.8,9.0,3.4,34.82,16.0,4.6,29.4,0.2,1.6666666666666667,1.0,42.666666666666664,9.666666666666666,5.0,49.13333333333333,16.0,4.0,26.3,0.3333333333333333,1.0,1.2,41.8,9.0,3.4,34.82,16.0,4.6,29.4,0.16666666666666666,-0.19999999999999996,0.8,-1.0,0.8000000000000007,-1.1999999999999997,-17.460000000000004,-0.40000000000000036,-1.3999999999999995,-3.580000000000002,0.0,0.33333333333333326,0.6666666666666666,-2.0,-2.0,-1.333333333333333,-9.133333333333336,3.333333333333334,-2.666666666666667,-22.099999999999998,0.0,-0.36363636363636354,0.6363636363636364,2.81818181818182,0.45454545454545325,-0.8181818181818179,-8.990909090909089,-1.2727272727272716,-0.3636363636363642,4.018181818181823,-0.16666666666666666,,,,,,,,,,-0.2,-0.6666666666666667,1.0,2.6666666666666714,-1.0,-3.0,-26.633333333333333,-3.333333333333334,0.666666666666667,13.000000000000004,-0.3333333333333333,,,,,,,,,,-0.16666666666666666,,,,,,,,,,-0.2,-0.6666666666666667,1.0,2.6666666666666714,-1.0,-3.0,-26.633333333333333,-3.333333333333334,0.666666666666667,13.000000000000004,-0.3333333333333333,,,,,,,,,,-0.16666666666666666,0,-7,-0.6363636363636362,-4,7,-11,7
2026-05-24,13,Deportes Concepcion,Huachipato,,,,,,,11,8,0.7272727272727273,8,17,-9,16,,,,,,,,,,0.2,,,,,,,,,,0.3333333333333333,0.7272727272727273,1.5454545454545454,48.45454545454545,11.727272727272727,2.909090909090909,24.427272727272726,13.090909090909092,4.363636363636363,37.14545454545455,0.15384615384615385,,,,,,,,,,0.0,,,,,,,,,,0.0,,,,,,,,,,0.0,,,,,,,,,,0.0,,,,,,,,,,0.0,,,,,,,,,,0.0,11,19,1.7272727272727273,18,14,4,3,,,,,,,,,,0.6,,,,,,,,,,0.3333333333333333,1.6363636363636365,1.2727272727272727,47.54545454545455,12.727272727272727,5.181818181818182,38.81818181818182,14.272727272727273,4.0,26.94545454545454,0.46153846153846156,1.0,1.0,45.4,10.6,4.2,36.56,14.0,3.8,26.119999999999997,0.4,0.6666666666666666,0.6666666666666666,42.333333333333336,9.666666666666666,3.3333333333333335,33.800000000000004,13.333333333333334,3.0,22.233333333333334,0.3333333333333333,0.8333333333333334,1.0,46.0,11.0,3.5,30.46666666666667,14.5,4.0,26.666666666666668,0.2857142857142857,1.0,1.0,45.4,10.6,4.2,36.56,14.0,3.8,26.119999999999997,0.4,0.6666666666666666,0.6666666666666666,42.333333333333336,9.666666666666666,3.3333333333333335,33.800000000000004,13.333333333333334,3.0,22.233333333333334,0.3333333333333333,0.8333333333333334,1.0,46.0,11.0,3.5,30.46666666666667,14.5,4.0,26.666666666666668,0.2857142857142857,,,,,,,,,,-0.39999999999999997,,,,,,,,,,0.0,-0.9090909090909092,0.2727272727272727,0.9090909090909065,-1.0,-2.2727272727272725,-14.390909090909094,-1.1818181818181817,0.3636363636363633,10.200000000000006,-0.3076923076923077,,,,,,,,,,-0.4,,,,,,,,,,-0.3333333333333333,,,,,,,,,,-0.2857142857142857,,,,,,,,,,-0.4,,,,,,,,,,-0.3333333333333333,,,,,,,,,,-0.2857142857142857,0,-11,-1.0,-10,3,-13,13
2026-06-14,15,Deportes Concepcion,CD Limache,,,,,,,11,8,0.7272727272727273,8,17,-9,16,,,,,,,,,,0.2,,,,,,,,,,0.0,0.7272727272727273,1.5454545454545454,48.45454545454545,11.727272727272727,2.909090909090909,24.427272727272726,13.090909090909092,4.363636363636363,37.14545454545455,0.13333333333333333,,,,,,,,,,0.0,,,,,,,,,,0.0,,,,,,,,,,0.0,,,,,,,,,,0.0,,,,,,,,,,0.0,,,,,,,,,,0.0,11,21,1.9090909090909092,25,11,14,1,,,,,,,,,,0.2,,,,,,,,,,0.0,2.272727272727273,1.0,44.72727272727273,11.909090909090908,4.818181818181818,42.4,14.0,3.4545454545454546,24.672727272727272,0.4,,,,,,,,,,0.2,,,,,,,,,,0.0,1.6666666666666667,1.5,49.166666666666664,9.0,3.3333333333333335,38.71666666666667,14.833333333333334,3.3333333333333335,24.7,0.125,,,,,,,,,,0.2,,,,,,,,,,0.0,1.6666666666666667,1.5,49.166666666666664,9.0,3.3333333333333335,38.71666666666667,14.833333333333334,3.3333333333333335,24.7,0.125,,,,,,,,,,0.0,,,,,,,,,,0.0,-1.5454545454545456,0.5454545454545454,3.7272727272727266,-0.18181818181818166,-1.9090909090909092,-17.972727272727273,-0.9090909090909083,0.9090909090909087,12.472727272727276,-0.2666666666666667,,,,,,,,,,-0.2,,,,,,,,,,0.0,,,,,,,,,,-0.125,,,,,,,,,,-0.2,,,,,,,,,,0.0,,,,,,,,,,-0.125,0,-13,-1.1818181818181819,-17,6,-23,15
2026-07-26,16,Deportes Concepcion,O'Higgins,,,,,,,11,8,0.7272727272727273,8,17,-9,16,,,,,,,,,,0.2,,,,,,,,,,0.0,0.7272727272727273,1.5454545454545454,48.45454545454545,11.727272727272727,2.909090909090909,24.427272727272726,13.090909090909092,4.363636363636363,37.14545454545455,0.125,,,,,,,,,,0.0,,,,,,,,,,0.0,,,,,,,,,,0.0,,,,,,,,,,0.0,,,,,,,,,,0.0,,,,,,,,,,0.0,11,19,1.7272727272727273,17,16,1,4,,,,,,,,,,0.2,,,,,,,,,,0.0,1.5454545454545454,1.4545454545454546,50.72727272727273,12.272727272727273,4.636363636363637,40.10909090909092,12.272727272727273,4.0,34.25454545454546,0.375,,,,,,,,,,0.4,,,,,,,,,,0.3333333333333333,2.2,2.2,53.4,11.4,4.8,46.0,14.6,4.8,35.339999999999996,0.25,,,,,,,,,,0.4,,,,,,,,,,0.3333333333333333,2.2,2.2,53.4,11.4,4.8,46.0,14.6,4.8,35.339999999999996,0.25,,,,,,,,,,0.0,,,,,,,,,,0.0,-0.8181818181818181,0.09090909090909083,-2.2727272727272734,-0.5454545454545467,-1.7272727272727275,-15.68181818181819,0.8181818181818183,0.3636363636363633,2.8909090909090907,-0.25,,,,,,,,,,-0.4,,,,,,,,,,-0.3333333333333333,,,,,,,,,,-0.25,,,,,,,,,,-0.4,,,,,,,,,,-0.3333333333333333,,,,,,,,,,-0.25,0,-11,-1.0,-9,1,-10,12
2026-08-02,17,Deportes Concepcion,Universidad Catolica,,,,,,,11,8,0.7272727272727273,8,17,-9,16,,,,,,,,,,0.0,,,,,,,,,,0.0,0.7272727272727273,1.5454545454545454,48.45454545454545,11.727272727272727,2.909090909090909,24.427272727272726,13.090909090909092,4.363636363636363,37.14545454545455,0.11764705882352941,,,,,,,,,,0.0,,,,,,,,,,0.0,,,,,,,,,,0.0,,,,,,,,,,0.0,,,,,,,,,,0.0,,,,,,,,,,0.0,11,17,1.5454545454545454,24,17,7,5,,,,,,,,,,0.0,,,,,,,,,,0.0,2.1818181818181817,1.5454545454545454,57.72727272727273,12.818181818181818,5.181818181818182,42.39090909090909,9.909090909090908,4.0,43.43636363636364,0.29411764705882354,,,,,,,,,,0.2,,,,,,,,,,0.0,1.6666666666666667,1.8333333333333333,58.333333333333336,12.333333333333334,5.0,44.050000000000004,9.833333333333334,4.666666666666667,48.71666666666667,0.2222222222222222,,,,,,,,,,0.2,,,,,,,,,,0.0,1.6666666666666667,1.8333333333333333,58.333333333333336,12.333333333333334,5.0,44.050000000000004,9.833333333333334,4.666666666666667,48.71666666666667,0.2222222222222222,,,,,,,,,,0.0,,,,,,,,,,0.0,-1.4545454545454544,0.0,-9.272727272727273,-1.0909090909090917,-2.2727272727272725,-17.963636363636365,3.1818181818181834,0.3636363636363633,-6.290909090909089,-0.17647058823529413,,,,,,,,,,-0.2,,,,,,,,,,0.0,,,,,,,,,,-0.2222222222222222,,,,,,,,,,-0.2,,,,,,,,,,0.0,,,,,,,,,,-0.2222222222222222,0,-9,-0.8181818181818181,-16,0,-16,11
2026-08-09,18,Deportes Concepcion,Universidad de Concepcion,,,,,,,11,8,0.7272727272727273,8,17,-9,16,,,,,,,,,,0.0,,,,,,,,,,0.0,0.7272727272727273,1.5454545454545454,48.45454545454545,11.727272727272727,2.909090909090909,24.427272727272726,13.090909090909092,4.363636363636363,37.14545454545455,0.1111111111111111,,,,,,,,,,0.0,,,,,,,,,,0.0,,,,,,,,,,0.0,,,,,,,,,,0.0,,,,,,,,,,0.0,,,,,,,,,,0.0,11,14,1.2727272727272727,9,19,-10,12,,,,,,,,,,0.0,,,,,,,,,,0.0,0.8181818181818182,1.7272727272727273,46.72727272727273,13.272727272727273,4.2727272727272725,34.36363636363637,14.727272727272727,5.454545454545454,33.90909090909091,0.2222222222222222,,,,,,,,,,0.0,,,,,,,,,,0.0,0.6,2.6,46.4,14.4,4.4,31.5,18.2,7.8,44.32,0.0,,,,,,,,,,0.0,,,,,,,,,,0.0,0.6,2.6,46.4,14.4,4.4,31.5,18.2,7.8,44.32,0.0,,,,,,,,,,0.0,,,,,,,,,,0.0,-0.09090909090909094,-0.18181818181818188,1.7272727272727266,-1.5454545454545467,-1.3636363636363633,-9.936363636363641,-1.636363636363635,-1.0909090909090908,3.2363636363636417,-0.1111111111111111,,,,,,,,,,0.0,,,,,,,,,,0.0,,,,,,,,,,0.0,,,,,,,,,,0.0,,,,,,,,,,0.0,,,,,,,,,,0.0,0,-6,-0.5454545454545454,-1,-2,1,4
2026-08-23,20,Deportes Concepcion,Coquimbo Unido,,,,,,,11,8,0.7272727272727273,8,17,-9,16,,,,,,,,,,0.0,,,,,,,,,,0.0,0.7272727272727273,1.5454545454545454,48.45454545454545,11.727272727272727,2.909090909090909,24.427272727272726,13.090909090909092,4.363636363636363,37.14545454545455,0.1,,,,,,,,,,0.0,,,,,,,,,,0.0,,,,,,,,,,0.0,,,,,,,,,,0.0,,,,,,,,,,0.0,,,,,,,,,,0.0,10,16,1.6,14,12,2,8,,,,,,,,,,0.0,,,,,,,,,,0.0,1.4,1.2,47.9,13.9,4.5,32.68,11.2,4.0,32.87,0.25,,,,,,,,,,0.2,,,,,,,,,,0.0,1.4,1.2,45.2,11.2,4.2,37.04,11.2,3.4,25.5,0.3,,,,,,,,,,0.2,,,,,,,,,,0.0,1.4,1.2,45.2,11.2,4.2,37.04,11.2,3.4,25.5,0.3,,,,,,,,,,0.0,,,,,,,,,,0.0,-0.6727272727272726,0.34545454545454546,0.5545454545454547,-2.1727272727272737,-1.5909090909090908,-8.252727272727274,1.8909090909090924,0.3636363636363633,4.275454545454551,-0.15,,,,,,,,,,-0.2,,,,,,,,,,0.0,,,,,,,,,,-0.3,,,,,,,,,,-0.2,,,,,,,,,,0.0,,,,,,,,,,-0.3,1,-8,-0.8727272727272728,-6,5,-11,8
2026-09-06,22,Deportes Concepcion,Audax Italiano,,,,,,,11,8,0.7272727272727273,8,17,-9,16,,,,,,,,,,0.0,,,,,,,,,,0.0,0.7272727272727273,1.5454545454545454,48.45454545454545,11.727272727272727,2.909090909090909,24.427272727272726,13.090909090909092,4.363636363636363,37.14545454545455,0.09090909090909091,,,,,,,,,,0.0,,,,,,,,,,0.0,,,,,,,,,,0.0,,,,,,,,,,0.0,,,,,,,,,,0.0,,,,,,,,,,0.0,11,11,1.0,15,16,-1,13,,,,,,,,,,0.0,,,,,,,,,,0.0,1.3636363636363635,1.4545454545454546,51.81818181818182,10.454545454545455,3.3636363636363638,32.26363636363636,12.090909090909092,3.727272727272727,30.19090909090909,0.13636363636363635,,,,,,,,,,0.0,,,,,,,,,,0.0,0.6,1.8,54.2,11.4,3.8,34.96,11.8,4.4,35.28,0.0,,,,,,,,,,0.0,,,,,,,,,,0.0,0.6,1.8,54.2,11.4,3.8,34.96,11.8,4.4,35.28,0.0,,,,,,,,,,0.0,,,,,,,,,,0.0,-0.6363636363636362,0.09090909090909083,-3.363636363636367,1.2727272727272716,-0.4545454545454546,-7.836363636363632,1.0,0.6363636363636362,6.954545454545457,-0.04545454545454544,,,,,,,,,,0.0,,,,,,,,,,0.0,,,,,,,,,,0.0,,,,,,,,,,0.0,,,,,,,,,,0.0,,,,,,,,,,0.0,0,-3,-0.2727272727272727,-7,1,-8,3
2026-10-11,24,Deportes Concepcion,Union La Calera,,,,,,,11,8,0.7272727272727273,8,17,-9,16,,,,,,,,,,0.0,,,,,,,,,,0.0,0.7272727272727273,1.5454545454545454,48.45454545454545,11.727272727272727,2.909090909090909,24.427272727272726,13.090909090909092,4.363636363636363,37.14545454545455,0.08333333333333333,,,,,,,,,,0.0,,,,,,,,,,0.0,,,,,,,,,,0.0,,,,,,,,,,0.0,,,,,,,,,,0.0,,,,,,,,,,0.0,11,10,0.9090909090909091,10,21,-11,15,,,,,,,,,,0.0,,,,,,,,,,0.0,0.9090909090909091,1.9090909090909092,51.81818181818182,10.818181818181818,3.3636363636363638,30.872727272727275,12.363636363636363,4.2727272727272725,34.47272727272727,0.125,,,,,,,,,,0.0,,,,,,,,,,0.0,0.4,2.4,49.8,8.4,2.2,23.619999999999997,14.2,5.2,38.8,0.08333333333333333,,,,,,,,,,0.0,,,,,,,,,,0.0,0.4,2.4,49.8,8.4,2.2,23.619999999999997,14.2,5.2,38.8,0.08333333333333333,,,,,,,,,,0.0,,,,,,,,,,0.0,-0.18181818181818177,-0.36363636363636376,-3.363636363636367,0.9090909090909083,-0.4545454545454546,-6.445454545454549,0.7272727272727284,0.09090909090909083,2.672727272727279,-0.04166666666666667,,,,,,,,,,0.0,,,,,,,,,,0.0,,,,,,,,,,-0.08333333333333333,,,,,,,,,,0.0,,,,,,,,,,0.0,,,,,,,,,,-0.08333333333333333,0,-2,-0.18181818181818177,-2,-4,2,1
2026-11-01,26,Deportes Concepcion,Palestino,,,,,,,11,8,0.7272727272727273,8,17,-9,16,,,,,,,,,,0.0,,,,,,,,,,0.0,0.7272727272727273,1.5454545454545454,48.45454545454545,11.727272727272727,2.909090909090909,24.427272727272726,13.090909090909092,4.363636363636363,37.14545454545455,0.07692307692307693,,,,,,,,,,0.0,,,,,,,,,,0.0,,,,,,,,,,0.0,,,,,,,,,,0.0,,,,,,,,,,0.0,,,,,,,,,,0.0,11,14,1.2727272727272727,14,18,-4,11,,,,,,,,,,0.0,,,,,,,,,,0.0,1.2727272727272727,1.6363636363636365,50.36363636363637,13.909090909090908,4.363636363636363,31.781818181818185,11.818181818181818,4.090909090909091,34.627272727272725,0.15384615384615385,,,,,,,,,,0.0,,,,,,,,,,0.0,0.8,2.4,47.8,11.2,3.4,31.380000000000003,15.8,5.2,31.68,0.07692307692307693,,,,,,,,,,0.0,,,,,,,,,,0.0,0.8,2.4,47.8,11.2,3.4,31.380000000000003,15.8,5.2,31.68,0.07692307692307693,,,,,,,,,,0.0,,,,,,,,,,0.0,-0.5454545454545454,-0.09090909090909105,-1.9090909090909136,-2.1818181818181817,-1.4545454545454541,-7.354545454545459,1.2727272727272734,0.2727272727272725,2.518181818181823,-0.07692307692307693,,,,,,,,,,0.0,,,,,,,,,,0.0,,,,,,,,,,-0.07692307692307693,,,,,,,,,,0.0,,,,,,,,,,0.0,,,,,,,,,,-0.07692307692307693,0,-6,-0.5454545454545454,-6,-1,-5,5
2026-11-29,29,Deportes Concepcion,Universidad de Chile,,,,,,,11,8,0.7272727272727273,8,17,-9,16,,,,,,,,,,0.0,,,,,,,,,,0.0,0.7272727272727273,1.5454545454545454,48.45454545454545,11.727272727272727,2.909090909090909,24.427272727272726,13.090909090909092,4.363636363636363,37.14545454545455,0.06896551724137931,,,,,,,,,,0.0,,,,,,,,,,0.0,,,,,,,,,,0.0,,,,,,,,,,0.0,,,,,,,,,,0.0,,,,,,,,,,0.0,11,17,1.5454545454545454,11,6,5,6,,,,,,,,,,0.0,,,,,,,,,,0.0,1.0,0.5454545454545454,55.18181818181818,11.363636363636363,3.727272727272727,32.445454545454545,10.090909090909092,4.2727272727272725,45.38181818181818,0.13793103448275862,,,,,,,,,,0.0,,,,,,,,,,0.0,0.5,0.5,56.5,10.0,3.0,31.133333333333336,11.833333333333334,4.666666666666667,42.71666666666667,0.13333333333333333,,,,,,,,,,0.0,,,,,,,,,,0.0,0.5,0.5,56.5,10.0,3.0,31.133333333333336,11.833333333333334,4.666666666666667,42.71666666666667,0.13333333333333333,,,,,,,,,,0.0,,,,,,,,,,0.0,-0.2727272727272727,1.0,-6.727272727272727,0.3636363636363633,-0.8181818181818179,-8.01818181818182,3.0,0.09090909090909083,-8.236363636363635,-0.06896551724137931,,,,,,,,,,0.0,,,,,,,,,,0.0,,,,,,,,,,-0.13333333333333333,,,,,,,,,,0.0,,,,,,,,,,0.0,,,,,,,,,,-0.13333333333333333,0,-9,-0.8181818181818181,-3,11,-14,10
2026-02-02,1,Everton,Union La Calera,1.0,3.0,0.0,0.0,3.0,W,0,0,0.0,0,0,0,11,,,,,,,,,,,,,,,,,,,,,,,,,,,,,,,,,,,,,,,,,,,,,,,,,,,,,,,,,,,,,,,,,,,,,,,,,,,,,,,,,,,,,,,,,,,0,0,0.0,0,0,0,13,,,,,,,,,,,,,,,,,,,,,,,,,,,,,,,,,,,,,,,,,,,,,,,,,,,,,,,,,,,,,,,,,,,,,,,,,,,,,,,,,,,,,,,,,,,,,,,,,,,,,,,,,,,,,,,,,,,,,,,,,,,,,,,,,,,,,,,,,,,,,,,,,,,,,,,,,,,,,,,,,,,,,,,,,,,,,,,,,,,,,0,0,0.0,0,0,0,-2
2026-02-13,3,Everton,Huachipato,-1.0,0.0,3.0,3.0,0.0,L,2,3,1.5,3,2,1,7,,,,,,,,,,,,,,,,,,,,0.3333333333333333,,,,,,,,,,,,,,,,,,,,,,,,,,,,,,,,,,,,,,,,,,,,,,,,,,,,,,,,,,,,,,,,,,,,,,,2,3,1.5,2,2,0,9,,,,,,,,,,,,,,,,,,,,0.3333333333333333,,,,,,,,,,,,,,,,,,,,,,,,,,,,,,,,,,,,,,,,,,,,,,,,,,,,,,,,,,,,,,,,,,,,,,,,,,,,,,,,,,,,,,,,,,0.0,,,,,,,,,,,,,,,,,,,,,,,,,,,,,,,,,,,,,,,,,,,,,,,,,,,,,,,,,,,,,,,,,,,,,,,0,0,0.0,1,0,1,-2
2026-03-07,6,Everton,CD Limache,1.0,1.0,0.0,0.0,1.0,W,5,6,1.2,6,6,0,10,1.2,1.2,46.4,11.8,3.6,26.379999999999995,14.8,5.4,37.42,0.4,1.0,1.3333333333333333,44.666666666666664,11.666666666666666,4.666666666666667,33.5,14.666666666666666,5.666666666666667,41.233333333333334,0.3333333333333333,1.2,1.2,46.4,11.8,3.6,26.379999999999995,14.8,5.4,37.42,0.3333333333333333,,,,,,,,,,,,,,,,,,,,0.3333333333333333,,,,,,,,,,,,,,,,,,,,,,,,,,,,,,0.3333333333333333,,,,,,,,,,,5,11,2.2,11,5,6,1,2.2,1.0,36.4,9.2,4.6,52.5,15.2,4.0,26.939999999999998,0.6,2.3333333333333335,1.0,39.333333333333336,11.666666666666666,6.0,56.03333333333333,12.0,3.3333333333333335,27.400000000000002,0.6666666666666666,2.2,1.0,36.4,9.2,4.6,52.5,15.2,4.0,26.939999999999998,0.5,,,,,,,,,,,,,,,,,,,,0.0,,,,,,,,,,,,,,,,,,,,,,,,,,,,,,0.0,,,,,,,,,,,-1.0000000000000002,0.19999999999999996,10.0,2.6000000000000014,-0.9999999999999996,-26.120000000000005,-0.3999999999999986,1.4000000000000004,10.480000000000004,-0.19999999999999996,-1.3333333333333335,0.33333333333333326,5.333333333333329,0.0,-1.333333333333333,-22.53333333333333,2.666666666666666,2.3333333333333335,13.833333333333332,-0.3333333333333333,-1.0000000000000002,0.19999999999999996,10.0,2.6000000000000014,-0.9999999999999996,-26.120000000000005,-0.3999999999999986,1.4000000000000004,10.480000000000004,-0.16666666666666669,,,,,,,,,,,,,,,,,,,,0.3333333333333333,,,,,,,,,,,,,,,,,,,,,,,,,,,,,,0.3333333333333333,,,,,,,,,,,0,-5,-1.0000000000000002,-5,1,-6,9
2026-04-04,8,Everton,Nublense,0.0,0.0,0.0,0.0,0.0,D,7,10,1.4285714285714286,9,8,1,8,1.2,1.2,42.8,10.4,4.2,38.76,14.4,4.4,31.880000000000003,0.4,2.0,0.6666666666666666,42.0,11.333333333333334,5.666666666666667,50.699999999999996,16.333333333333332,3.0,18.233333333333334,0.6666666666666666,1.2857142857142858,1.1428571428571428,44.57142857142857,10.857142857142858,3.5714285714285716,32.17142857142857,14.571428571428571,4.571428571428571,31.82857142857143,0.375,,,,,,,,,,,1.3333333333333333,1.0,50.333333333333336,12.666666666666666,3.3333333333333335,26.566666666666663,11.666666666666666,4.666666666666667,38.1,0.6666666666666666,,,,,,,,,,,,,,,,,,,,,1.3333333333333333,1.0,50.333333333333336,12.666666666666666,3.3333333333333335,26.566666666666663,11.666666666666666,4.666666666666667,38.1,0.6666666666666666,,,,,,,,,,,7,12,1.7142857142857142,9,6,3,5,1.4,0.8,43.0,11.0,3.4,31.0,9.6,4.0,41.8,0.6,1.6666666666666667,1.3333333333333333,45.333333333333336,12.666666666666666,4.666666666666667,40.233333333333334,10.333333333333334,3.6666666666666665,34.833333333333336,0.3333333333333333,1.2857142857142858,0.8571428571428571,45.857142857142854,12.285714285714286,3.2857142857142856,28.842857142857145,9.142857142857142,4.0,44.142857142857146,0.375,,,,,,,,,,,1.3333333333333333,0.3333333333333333,41.333333333333336,10.0,3.3333333333333335,30.166666666666668,9.333333333333334,4.0,41.666666666666664,0.6666666666666666,,,,,,,,,,,,,,,,,,,,,1.3333333333333333,0.3333333333333333,41.333333333333336,10.0,3.3333333333333335,30.166666666666668,9.333333333333334,4.0,41.666666666666664,0.6666666666666666,,,,,,,,,,,-0.19999999999999996,0.3999999999999999,-0.20000000000000284,-0.5999999999999996,0.8000000000000003,7.759999999999998,4.800000000000001,0.40000000000000036,-9.919999999999995,-0.19999999999999996,0.33333333333333326,-0.6666666666666666,-3.3333333333333357,-1.3333333333333321,1.0,10.466666666666661,5.999999999999998,-0.6666666666666665,-16.6,0.3333333333333333,0.0,0.2857142857142857,-1.2857142857142847,-1.4285714285714288,0.28571428571428603,3.3285714285714256,5.428571428571429,0.5714285714285712,-12.314285714285717,0.0,,,,,,,,,,,0.0,0.6666666666666667,9.0,2.666666666666666,0.0,-3.600000000000005,2.333333333333332,0.666666666666667,-3.566666666666663,0.0,,,,,,,,,,,,,,,,,,,,,0.0,0.6666666666666667,9.0,2.666666666666666,0.0,-3.600000000000005,2.333333333333332,0.666666666666667,-3.566666666666663,0.0,,,,,,,,,,,0,-2,-0.2857142857142856,0,2,-2,3
2026-04-18,10,Everton,Universidad de Chile,0.0,0.0,0.0,0.0,0.0,D,9,11,1.2222222222222223,9,9,0,11,1.2,0.6,44.6,10.2,4.4,42.14,15.0,3.4,23.259999999999998,0.4,0.6666666666666666,1.0,43.666666666666664,7.333333333333333,2.6666666666666665,39.53333333333333,13.333333333333334,3.6666666666666665,27.666666666666668,0.0,1.0,1.0,45.44444444444444,10.333333333333334,3.3333333333333335,31.533333333333335,14.222222222222221,4.444444444444445,31.599999999999998,0.3,,,,,,,,,,0.4,0.3333333333333333,1.0,49.666666666666664,11.333333333333334,3.3333333333333335,29.433333333333334,13.666666666666666,5.0,36.266666666666666,0.3333333333333333,,,,,,,,,,0.4,,,,,,,,,,0.4,0.3333333333333333,1.0,49.666666666666664,11.333333333333334,3.3333333333333335,29.433333333333334,13.666666666666666,5.0,36.266666666666666,0.3333333333333333,,,,,,,,,,0.4,9,13,1.4444444444444444,10,6,4,7,1.4,0.4,54.0,12.0,4.0,34.5,12.2,3.6,33.42,0.6,1.6666666666666667,0.3333333333333333,53.666666666666664,11.0,3.0,26.8,12.333333333333334,3.3333333333333335,33.5,0.6666666666666666,1.1111111111111112,0.6666666666666666,55.0,10.555555555555555,3.4444444444444446,32.24444444444444,10.444444444444445,4.111111111111111,42.455555555555556,0.3,0.6,0.6,55.0,9.0,2.4,29.360000000000003,12.2,4.4,39.260000000000005,0.4,0.6666666666666666,0.3333333333333333,51.333333333333336,8.666666666666666,2.3333333333333335,31.53333333333333,13.666666666666666,3.3333333333333335,27.933333333333334,0.6666666666666666,0.6,0.6,55.0,9.0,2.4,29.360000000000003,12.2,4.4,39.260000000000005,0.3333333333333333,0.6,0.6,55.0,9.0,2.4,29.360000000000003,12.2,4.4,39.260000000000005,0.4,0.6666666666666666,0.3333333333333333,51.333333333333336,8.666666666666666,2.3333333333333335,31.53333333333333,13.666666666666666,3.3333333333333335,27.933333333333334,0.6666666666666666,0.6,0.6,55.0,9.0,2.4,29.360000000000003,12.2,4.4,39.260000000000005,0.3333333333333333,-0.19999999999999996,0.19999999999999996,-9.399999999999999,-1.8000000000000007,0.40000000000000036,7.640000000000001,2.8000000000000007,-0.20000000000000018,-10.160000000000004,-0.19999999999999996,-1.0,0.6666666666666667,-10.0,-3.666666666666667,-0.3333333333333335,12.73333333333333,1.0,0.33333333333333304,-5.833333333333332,-0.6666666666666666,-0.11111111111111116,0.33333333333333337,-9.555555555555557,-0.22222222222222143,-0.11111111111111116,-0.711111111111105,3.777777777777777,0.3333333333333339,-10.855555555555558,0.0,,,,,,,,,,0.0,-0.3333333333333333,0.6666666666666667,-1.6666666666666714,2.666666666666668,1.0,-2.099999999999998,0.0,1.6666666666666665,8.333333333333332,-0.3333333333333333,,,,,,,,,,0.06666666666666671,,,,,,,,,,0.0,-0.3333333333333333,0.6666666666666667,-1.6666666666666714,2.666666666666668,1.0,-2.099999999999998,0.0,1.6666666666666665,8.333333333333332,-0.3333333333333333,,,,,,,,,,0.06666666666666671,0,-2,-0.2222222222222221,-1,3,-4,4
2026-04-26,11,Everton,Cobresal,1.0,3.0,1.0,1.0,3.0,W,10,12,1.2,9,9,0,12,0.6,0.6,42.6,8.8,3.6,42.379999999999995,13.8,3.8,27.46,0.2,0.0,0.3333333333333333,44.333333333333336,9.0,3.6666666666666665,39.53333333333333,13.666666666666666,4.666666666666667,33.86666666666667,0.0,0.9,0.9,44.5,10.3,3.6,34.38,14.3,4.6,32.44,0.2727272727272727,0.8,0.6,47.2,11.6,3.8,33.94,12.6,4.6,35.480000000000004,0.4,0.3333333333333333,0.0,43.666666666666664,10.666666666666666,4.333333333333333,41.1,14.0,3.6666666666666665,25.799999999999997,0.3333333333333333,0.8,0.6,47.2,11.6,3.8,33.94,12.6,4.6,35.480000000000004,0.3333333333333333,0.8,0.6,47.2,11.6,3.8,33.94,12.6,4.6,35.480000000000004,0.4,0.3333333333333333,0.0,43.666666666666664,10.666666666666666,4.333333333333333,41.1,14.0,3.6666666666666665,25.799999999999997,0.3333333333333333,0.8,0.6,47.2,11.6,3.8,33.94,12.6,4.6,35.480000000000004,0.3333333333333333,10,10,1.0,16,20,-4,14,1.6,3.2,44.6,13.4,3.6,30.339999999999996,17.2,7.2,41.14,0.0,1.3333333333333333,2.3333333333333335,45.0,12.333333333333334,3.0,23.666666666666668,15.0,6.0,36.166666666666664,0.0,1.6,2.0,45.4,12.8,4.1,33.82,17.1,5.7,32.239999999999995,0.2727272727272727,1.6,1.8,43.0,9.8,2.8,29.859999999999996,19.0,7.0,35.2,0.2,1.3333333333333333,2.6666666666666665,43.333333333333336,10.333333333333334,3.3333333333333335,34.96666666666666,19.666666666666668,7.666666666666667,36.166666666666664,0.0,1.6,1.8,43.0,9.8,2.8,29.859999999999996,19.0,7.0,35.2,0.16666666666666666,1.6,1.8,43.0,9.8,2.8,29.859999999999996,19.0,7.0,35.2,0.2,1.3333333333333333,2.6666666666666665,43.333333333333336,10.333333333333334,3.3333333333333335,34.96666666666666,19.666666666666668,7.666666666666667,36.166666666666664,0.0,1.6,1.8,43.0,9.8,2.8,29.859999999999996,19.0,7.0,35.2,0.16666666666666666,-1.0,-2.6,-2.0,-4.6,0.0,12.04,-3.3999999999999986,-3.4000000000000004,-13.68,0.2,-1.3333333333333333,-2.0,-0.6666666666666643,-3.333333333333334,0.6666666666666665,15.866666666666664,-1.333333333333334,-1.333333333333333,-2.299999999999997,0.0,-0.7000000000000001,-1.1,-0.8999999999999986,-2.5,-0.49999999999999956,0.5600000000000023,-2.8000000000000007,-1.1000000000000005,0.20000000000000284,0.0,-0.8,-1.2000000000000002,4.200000000000003,1.799999999999999,1.0,4.080000000000002,-6.4,-2.4000000000000004,0.28000000000000114,0.2,-1.0,-2.6666666666666665,0.3333333333333286,0.33333333333333215,0.9999999999999996,6.13333333333334,-5.666666666666668,-4.0,-10.366666666666667,0.3333333333333333,-0.8,-1.2000000000000002,4.200000000000003,1.799999999999999,1.0,4.080000000000002,-6.4,-2.4000000000000004,0.28000000000000114,0.16666666666666666,-0.8,-1.2000000000000002,4.200000000000003,1.799999999999999,1.0,4.080000000000002,-6.4,-2.4000000000000004,0.28000000000000114,0.2,-1.0,-2.6666666666666665,0.3333333333333286,0.33333333333333215,0.9999999999999996,6.13333333333334,-5.666666666666668,-4.0,-10.366666666666667,0.3333333333333333,-0.8,-1.2000000000000002,4.200000000000003,1.799999999999999,1.0,4.080000000000002,-6.4,-2.4000000000000004,0.28000000000000114,0.16666666666666666,0,2,0.19999999999999996,-7,-11,4,-2
2026-05-22,13,Everton,Coquimbo Unido,,,,,,,11,15,1.3636363636363635,12,10,2,9,,,,,,,,,,0.2,,,,,,,,,,0.3333333333333333,1.0909090909090908,0.9090909090909091,45.63636363636363,11.272727272727273,3.727272727272727,33.418181818181814,14.363636363636363,4.7272727272727275,33.127272727272725,0.3076923076923077,0.8,0.8,48.4,13.0,4.2,34.42,14.2,5.4,37.760000000000005,0.4,1.0,0.3333333333333333,47.333333333333336,13.666666666666666,4.666666666666667,37.93333333333333,14.333333333333334,5.0,34.36666666666667,0.3333333333333333,1.1666666666666667,0.6666666666666666,48.833333333333336,13.166666666666666,4.0,32.25,13.0,4.833333333333333,36.233333333333334,0.42857142857142855,0.8,0.8,48.4,13.0,4.2,34.42,14.2,5.4,37.760000000000005,0.4,1.0,0.3333333333333333,47.333333333333336,13.666666666666666,4.666666666666667,37.93333333333333,14.333333333333334,5.0,34.36666666666667,0.3333333333333333,1.1666666666666667,0.6666666666666666,48.833333333333336,13.166666666666666,4.0,32.25,13.0,4.833333333333333,36.233333333333334,0.42857142857142855,10,16,1.6,14,12,2,8,,,,,,,,,,0.4,,,,,,,,,,0.3333333333333333,1.4,1.2,47.9,13.9,4.5,32.68,11.2,4.0,32.87,0.38461538461538464,,,,,,,,,,0.6,,,,,,,,,,0.6666666666666666,1.4,1.2,45.2,11.2,4.2,37.04,11.2,3.4,25.5,0.42857142857142855,,,,,,,,,,0.6,,,,,,,,,,0.6666666666666666,1.4,1.2,45.2,11.2,4.2,37.04,11.2,3.4,25.5,0.42857142857142855,,,,,,,,,,-0.2,,,,,,,,,,0.0,-0.3090909090909091,-0.2909090909090909,-2.2636363636363654,-2.627272727272727,-0.7727272727272729,0.7381818181818147,3.163636363636364,0.7272727272727275,0.25727272727272776,-0.07692307692307693,,,,,,,,,,-0.19999999999999996,,,,,,,,,,-0.3333333333333333,-0.23333333333333317,-0.5333333333333333,3.633333333333333,1.9666666666666668,-0.20000000000000018,-4.789999999999999,1.8000000000000007,1.4333333333333331,10.733333333333334,0.0,,,,,,,,,,-0.19999999999999996,,,,,,,,,,-0.3333333333333333,-0.23333333333333317,-0.5333333333333333,3.633333333333333,1.9666666666666668,-0.20000000000000018,-4.789999999999999,1.8000000000000007,1.4333333333333331,10.733333333333334,0.0,1,-1,-0.23636363636363655,-2,-2,0,1
2026-06-13,15,Everton,Palestino,,,,,,,11,15,1.3636363636363635,12,10,2,9,,,,,,,,,,0.2,,,,,,,,,,0.0,1.0909090909090908,0.9090909090909091,45.63636363636363,11.272727272727273,3.727272727272727,33.418181818181814,14.363636363636363,4.7272727272727275,33.127272727272725,0.26666666666666666,,,,,,,,,,0.4,,,,,,,,,,0.3333333333333333,1.1666666666666667,0.6666666666666666,48.833333333333336,13.166666666666666,4.0,32.25,13.0,4.833333333333333,36.233333333333334,0.375,,,,,,,,,,0.4,,,,,,,,,,0.3333333333333333,1.1666666666666667,0.6666666666666666,48.833333333333336,13.166666666666666,4.0,32.25,13.0,4.833333333333333,36.233333333333334,0.375,11,14,1.2727272727272727,14,18,-4,11,,,,,,,,,,0.2,,,,,,,,,,0.0,1.2727272727272727,1.6363636363636365,50.36363636363637,13.909090909090908,4.363636363636363,31.781818181818185,11.818181818181818,4.090909090909091,34.627272727272725,0.26666666666666666,,,,,,,,,,0.2,,,,,,,,,,0.3333333333333333,0.8,2.4,47.8,11.2,3.4,31.380000000000003,15.8,5.2,31.68,0.14285714285714285,,,,,,,,,,0.2,,,,,,,,,,0.3333333333333333,0.8,2.4,47.8,11.2,3.4,31.380000000000003,15.8,5.2,31.68,0.14285714285714285,,,,,,,,,,0.0,,,,,,,,,,0.0,-0.18181818181818188,-0.7272727272727274,-4.727272727272734,-2.636363636363635,-0.6363636363636362,1.6363636363636296,2.545454545454545,0.6363636363636367,-1.5,0.0,,,,,,,,,,0.2,,,,,,,,,,0.0,0.3666666666666667,-1.7333333333333334,1.0333333333333385,1.9666666666666668,0.6000000000000001,0.8699999999999974,-2.8000000000000007,-0.36666666666666714,4.553333333333335,0.23214285714285715,,,,,,,,,,0.2,,,,,,,,,,0.0,0.3666666666666667,-1.7333333333333334,1.0333333333333385,1.9666666666666668,0.6000000000000001,0.8699999999999974,-2.8000000000000007,-0.36666666666666714,4.553333333333335,0.23214285714285715,0,1,0.09090909090909083,-2,-8,6,-2
2026-08-02,17,Everton,Colo-Colo,,,,,,,11,15,1.3636363636363635,12,10,2,9,,,,,,,,,,0.0,,,,,,,,,,0.0,1.0909090909090908,0.9090909090909091,45.63636363636363,11.272727272727273,3.727272727272727,33.418181818181814,14.363636363636363,4.7272727272727275,33.127272727272725,0.23529411764705882,,,,,,,,,,0.2,,,,,,,,,,0.3333333333333333,1.1666666666666667,0.6666666666666666,48.833333333333336,13.166666666666666,4.0,32.25,13.0,4.833333333333333,36.233333333333334,0.3333333333333333,,,,,,,,,,0.2,,,,,,,,,,0.3333333333333333,1.1666666666666667,0.6666666666666666,48.833333333333336,13.166666666666666,4.0,32.25,13.0,4.833333333333333,36.233333333333334,0.3333333333333333,10,21,2.1,11,6,5,2,,,,,,,,,,0.0,,,,,,,,,,0.0,1.1,0.6,61.7,14.9,4.6,31.119999999999997,8.0,2.3,27.68,0.4117647058823529,,,,,,,,,,0.6,,,,,,,,,,0.3333333333333333,1.2,0.8,63.6,13.2,4.4,33.959999999999994,8.2,2.4,26.939999999999998,0.5,,,,,,,,,,0.6,,,,,,,,,,0.3333333333333333,1.2,0.8,63.6,13.2,4.4,33.959999999999994,8.2,2.4,26.939999999999998,0.5,,,,,,,,,,0.0,,,,,,,,,,0.0,-0.00909090909090926,0.3090909090909091,-16.06363636363637,-3.627272727272727,-0.8727272727272726,2.298181818181817,6.363636363636363,2.4272727272727277,5.4472727272727255,-0.1764705882352941,,,,,,,,,,-0.39999999999999997,,,,,,,,,,0.0,-0.033333333333333215,-0.13333333333333341,-14.766666666666666,-0.033333333333333215,-0.40000000000000036,-1.7099999999999937,4.800000000000001,2.433333333333333,9.293333333333337,-0.16666666666666669,,,,,,,,,,-0.39999999999999997,,,,,,,,,,0.0,-0.033333333333333215,-0.13333333333333341,-14.766666666666666,-0.033333333333333215,-0.40000000000000036,-1.7099999999999937,4.800000000000001,2.433333333333333,9.293333333333337,-0.16666666666666669,1,-6,-0.7363636363636366,1,4,-3,7
2026-08-16,19,Everton,Audax Italiano,,,,,,,11,15,1.3636363636363635,12,10,2,9,,,,,,,,,,0.0,,,,,,,,,,0.0,1.0909090909090908,0.9090909090909091,45.63636363636363,11.272727272727273,3.727272727272727,33.418181818181814,14.363636363636363,4.7272727272727275,33.127272727272725,0.21052631578947367,,,,,,,,,,0.2,,,,,,,,,,0.0,1.1666666666666667,0.6666666666666666,48.833333333333336,13.166666666666666,4.0,32.25,13.0,4.833333333333333,36.233333333333334,0.3,,,,,,,,,,0.2,,,,,,,,,,0.0,1.1666666666666667,0.6666666666666666,48.833333333333336,13.166666666666666,4.0,32.25,13.0,4.833333333333333,36.233333333333334,0.3,11,11,1.0,15,16,-1,13,,,,,,,,,,0.0,,,,,,,,,,0.0,1.3636363636363635,1.4545454545454546,51.81818181818182,10.454545454545455,3.3636363636363638,32.26363636363636,12.090909090909092,3.727272727272727,30.19090909090909,0.15789473684210525,,,,,,,,,,0.0,,,,,,,,,,0.0,0.6,1.8,54.2,11.4,3.8,34.96,11.8,4.4,35.28,0.0,,,,,,,,,,0.0,,,,,,,,,,0.0,0.6,1.8,54.2,11.4,3.8,34.96,11.8,4.4,35.28,0.0,,,,,,,,,,0.0,,,,,,,,,,0.0,-0.2727272727272727,-0.5454545454545455,-6.181818181818187,0.8181818181818183,0.3636363636363633,1.154545454545456,2.2727272727272716,1.0000000000000004,2.936363636363634,0.05263157894736842,,,,,,,,,,0.2,,,,,,,,,,0.0,0.5666666666666668,-1.1333333333333333,-5.366666666666667,1.7666666666666657,0.20000000000000018,-2.710000000000001,1.1999999999999993,0.4333333333333327,0.9533333333333331,0.3,,,,,,,,,,0.2,,,,,,,,,,0.0,0.5666666666666668,-1.1333333333333333,-5.366666666666667,1.7666666666666657,0.20000000000000018,-2.710000000000001,1.1999999999999993,0.4333333333333327,0.9533333333333331,0.3,0,4,0.36363636363636354,-3,-6,3,-4
2026-08-23,20,Everton,Universidad de Concepcion,,,,,,,11,15,1.3636363636363635,12,10,2,9,,,,,,,,,,0.0,,,,,,,,,,0.0,1.0909090909090908,0.9090909090909091,45.63636363636363,11.272727272727273,3.727272727272727,33.418181818181814,14.363636363636363,4.7272727272727275,33.127272727272725,0.2,,,,,,,,,,0.2,,,,,,,,,,0.0,1.1666666666666667,0.6666666666666666,48.833333333333336,13.166666666666666,4.0,32.25,13.0,4.833333333333333,36.233333333333334,0.2727272727272727,,,,,,,,,,0.2,,,,,,,,,,0.0,1.1666666666666667,0.6666666666666666,48.833333333333336,13.166666666666666,4.0,32.25,13.0,4.833333333333333,36.233333333333334,0.2727272727272727,11,14,1.2727272727272727,9,19,-10,12,,,,,,,,,,0.0,,,,,,,,,,0.0,0.8181818181818182,1.7272727272727273,46.72727272727273,13.272727272727273,4.2727272727272725,34.36363636363637,14.727272727272727,5.454545454545454,33.90909090909091,0.2,,,,,,,,,,0.0,,,,,,,,,,0.0,0.6,2.6,46.4,14.4,4.4,31.5,18.2,7.8,44.32,0.0,,,,,,,,,,0.0,,,,,,,,,,0.0,0.6,2.6,46.4,14.4,4.4,31.5,18.2,7.8,44.32,0.0,,,,,,,,,,0.0,,,,,,,,,,0.0,0.2727272727272726,-0.8181818181818182,-1.0909090909090935,-2.0,-0.5454545454545454,-0.9454545454545524,-0.3636363636363633,-0.7272727272727266,-0.7818181818181813,0.0,,,,,,,,,,0.2,,,,,,,,,,0.0,0.5666666666666668,-1.9333333333333336,2.433333333333337,-1.2333333333333343,-0.40000000000000036,0.75,-5.199999999999999,-2.966666666666667,-8.086666666666666,0.2727272727272727,,,,,,,,,,0.2,,,,,,,,,,0.0,0.5666666666666668,-1.9333333333333336,2.433333333333337,-1.2333333333333343,-0.40000000000000036,0.75,-5.199999999999999,-2.966666666666667,-8.086666666666666,0.2727272727272727,0,1,0.09090909090909083,3,-9,12,-3
2026-09-06,22,Everton,Universidad Catolica,,,,,,,11,15,1.3636363636363635,12,10,2,9,,,,,,,,,,0.0,,,,,,,,,,0.0,1.0909090909090908,0.9090909090909091,45.63636363636363,11.272727272727273,3.727272727272727,33.418181818181814,14.363636363636363,4.7272727272727275,33.127272727272725,0.18181818181818182,,,,,,,,,,0.0,,,,,,,,,,0.0,1.1666666666666667,0.6666666666666666,48.833333333333336,13.166666666666666,4.0,32.25,13.0,4.833333333333333,36.233333333333334,0.25,,,,,,,,,,0.0,,,,,,,,,,0.0,1.1666666666666667,0.6666666666666666,48.833333333333336,13.166666666666666,4.0,32.25,13.0,4.833333333333333,36.233333333333334,0.25,11,17,1.5454545454545454,24,17,7,5,,,,,,,,,,0.0,,,,,,,,,,0.0,2.1818181818181817,1.5454545454545454,57.72727272727273,12.818181818181818,5.181818181818182,42.39090909090909,9.909090909090908,4.0,43.43636363636364,0.22727272727272727,,,,,,,,,,0.0,,,,,,,,,,0.0,1.6666666666666667,1.8333333333333333,58.333333333333336,12.333333333333334,5.0,44.050000000000004,9.833333333333334,4.666666666666667,48.71666666666667,0.18181818181818182,,,,,,,,,,0.0,,,,,,,,,,0.0,1.6666666666666667,1.8333333333333333,58.333333333333336,12.333333333333334,5.0,44.050000000000004,9.833333333333334,4.666666666666667,48.71666666666667,0.18181818181818182,,,,,,,,,,0.0,,,,,,,,,,0.0,-1.0909090909090908,-0.6363636363636364,-12.090909090909093,-1.545454545454545,-1.4545454545454546,-8.972727272727276,4.454545454545455,0.7272727272727275,-10.309090909090912,-0.04545454545454544,,,,,,,,,,0.0,,,,,,,,,,0.0,-0.5,-1.1666666666666665,-9.5,0.8333333333333321,-1.0,-11.800000000000004,3.166666666666666,0.16666666666666607,-12.483333333333334,0.06818181818181818,,,,,,,,,,0.0,,,,,,,,,,0.0,-0.5,-1.1666666666666665,-9.5,0.8333333333333321,-1.0,-11.800000000000004,3.166666666666666,0.16666666666666607,-12.483333333333334,0.06818181818181818,0,-2,-0.18181818181818188,-12,-7,-5,4
2026-10-11,24,Everton,La Serena,,,,,,,11,15,1.3636363636363635,12,10,2,9,,,,,,,,,,0.0,,,,,,,,,,0.0,1.0909090909090908,0.9090909090909091,45.63636363636363,11.272727272727273,3.727272727272727,33.418181818181814,14.363636363636363,4.7272727272727275,33.127272727272725,0.16666666666666666,,,,,,,,,,0.0,,,,,,,,,,0.0,1.1666666666666667,0.6666666666666666,48.833333333333336,13.166666666666666,4.0,32.25,13.0,4.833333333333333,36.233333333333334,0.23076923076923078,,,,,,,,,,0.0,,,,,,,,,,0.0,1.1666666666666667,0.6666666666666666,48.833333333333336,13.166666666666666,4.0,32.25,13.0,4.833333333333333,36.233333333333334,0.23076923076923078,11,14,1.2727272727272727,13,14,-1,10,,,,,,,,,,0.0,,,,,,,,,,0.0,1.1818181818181819,1.2727272727272727,49.72727272727273,10.909090909090908,3.8181818181818183,34.199999999999996,12.090909090909092,4.181818181818182,34.699999999999996,0.125,,,,,,,,,,0.0,,,,,,,,,,0.0,1.2,2.0,49.4,11.2,3.4,33.2,13.4,4.8,36.14,0.08333333333333333,,,,,,,,,,0.0,,,,,,,,,,0.0,1.2,2.0,49.4,11.2,3.4,33.2,13.4,4.8,36.14,0.08333333333333333,,,,,,,,,,0.0,,,,,,,,,,0.0,-0.09090909090909105,-0.36363636363636365,-4.0909090909090935,0.3636363636363651,-0.09090909090909127,-0.7818181818181813,2.2727272727272716,0.5454545454545459,-1.5727272727272705,0.04166666666666666,,,,,,,,,,0.0,,,,,,,,,,0.0,-0.033333333333333215,-1.3333333333333335,-0.5666666666666629,1.9666666666666668,0.6000000000000001,-0.9500000000000028,-0.40000000000000036,0.033333333333333215,0.09333333333333371,0.14743589743589747,,,,,,,,,,0.0,,,,,,,,,,0.0,-0.033333333333333215,-1.3333333333333335,-0.5666666666666629,1.9666666666666668,0.6000000000000001,-0.9500000000000028,-0.40000000000000036,0.033333333333333215,0.09333333333333371,0.14743589743589747,0,1,0.09090909090909083,-1,-4,3,-1
2026-11-08,27,Everton,Deportes Concepcion,,,,,,,11,15,1.3636363636363635,12,10,2,9,,,,,,,,,,0.0,,,,,,,,,,0.0,1.0909090909090908,0.9090909090909091,45.63636363636363,11.272727272727273,3.727272727272727,33.418181818181814,14.363636363636363,4.7272727272727275,33.127272727272725,0.14814814814814814,,,,,,,,,,0.0,,,,,,,,,,0.0,1.1666666666666667,0.6666666666666666,48.833333333333336,13.166666666666666,4.0,32.25,13.0,4.833333333333333,36.233333333333334,0.21428571428571427,,,,,,,,,,0.0,,,,,,,,,,0.0,1.1666666666666667,0.6666666666666666,48.833333333333336,13.166666666666666,4.0,32.25,13.0,4.833333333333333,36.233333333333334,0.21428571428571427,11,8,0.7272727272727273,8,17,-9,16,,,,,,,,,,0.0,,,,,,,,,,0.0,0.7272727272727273,1.5454545454545454,48.45454545454545,11.727272727272727,2.909090909090909,24.427272727272726,13.090909090909092,4.363636363636363,37.14545454545455,0.07407407407407407,,,,,,,,,,0.0,,,,,,,,,,0.0,0.5714285714285714,1.4285714285714286,47.285714285714285,11.571428571428571,2.7142857142857144,24.2,13.857142857142858,4.428571428571429,36.771428571428565,0.15384615384615385,,,,,,,,,,0.0,,,,,,,,,,0.0,0.5714285714285714,1.4285714285714286,47.285714285714285,11.571428571428571,2.7142857142857144,24.2,13.857142857142858,4.428571428571429,36.771428571428565,0.15384615384615385,,,,,,,,,,0.0,,,,,,,,,,0.0,0.36363636363636354,-0.6363636363636364,-2.81818181818182,-0.45454545454545325,0.8181818181818179,8.990909090909089,1.2727272727272716,0.3636363636363642,-4.018181818181823,0.07407407407407407,,,,,,,,,,0.0,,,,,,,,,,0.0,0.5952380952380953,-0.761904761904762,1.547619047619051,1.595238095238095,1.2857142857142856,8.05,-0.8571428571428577,0.4047619047619042,-0.5380952380952309,0.06043956043956042,,,,,,,,,,0.0,,,,,,,,,,0.0,0.5952380952380953,-0.761904761904762,1.547619047619051,1.595238095238095,1.2857142857142856,8.05,-0.8571428571428577,0.4047619047619042,-0.5380952380952309,0.06043956043956042,0,7,0.6363636363636362,4,-7,11,-7
2026-11-29,29,Everton,O'Higgins,,,,,,,11,15,1.3636363636363635,12,10,2,9,,,,,,,,,,0.0,,,,,,,,,,0.0,1.0909090909090908,0.9090909090909091,45.63636363636363,11.272727272727273,3.727272727272727,33.418181818181814,14.363636363636363,4.7272727272727275,33.127272727272725,0.13793103448275862,,,,,,,,,,0.0,,,,,,,,,,0.0,1.1666666666666667,0.6666666666666666,48.833333333333336,13.166666666666666,4.0,32.25,13.0,4.833333333333333,36.233333333333334,0.2,,,,,,,,,,0.0,,,,,,,,,,0.0,1.1666666666666667,0.6666666666666666,48.833333333333336,13.166666666666666,4.0,32.25,13.0,4.833333333333333,36.233333333333334,0.2,11,19,1.7272727272727273,17,16,1,4,,,,,,,,,,0.0,,,,,,,,,,0.0,1.5454545454545454,1.4545454545454546,50.72727272727273,12.272727272727273,4.636363636363637,40.10909090909092,12.272727272727273,4.0,34.25454545454546,0.20689655172413793,,,,,,,,,,0.0,,,,,,,,,,0.0,2.2,2.2,53.4,11.4,4.8,46.0,14.6,4.8,35.339999999999996,0.13333333333333333,,,,,,,,,,0.0,,,,,,,,,,0.0,2.2,2.2,53.4,11.4,4.8,46.0,14.6,4.8,35.339999999999996,0.13333333333333333,,,,,,,,,,0.0,,,,,,,,,,0.0,-0.4545454545454546,-0.5454545454545455,-5.0909090909090935,-1.0,-0.9090909090909096,-6.690909090909102,2.09090909090909,0.7272727272727275,-1.1272727272727323,-0.06896551724137931,,,,,,,,,,0.0,,,,,,,,,,0.0,-1.0333333333333334,-1.5333333333333337,-4.566666666666663,1.7666666666666657,-0.7999999999999998,-13.75,-1.5999999999999996,0.033333333333333215,0.893333333333338,0.06666666666666668,,,,,,,,,,0.0,,,,,,,,,,0.0,-1.0333333333333334,-1.5333333333333337,-4.566666666666663,1.7666666666666657,-0.7999999999999998,-13.75,-1.5999999999999996,0.033333333333333215,0.893333333333338,0.06666666666666668,0,-4,-0.36363636363636376,-5,-6,1,5
2026-02-08,2,Huachipato,Universidad de Chile,1.0,2.0,1.0,1.0,2.0,W,1,0,0.0,0,1,-1,15,,,,,,,,,,,,,,,,,,,,,,,,,,,,,,,,,,,,,,,,,,,,,,,,,,,,,,,,,,,,,,,,,,,,,,,,,,,,,,,,,,,,,,,,,,,1,1,1.0,0,0,0,11,,,,,,,,,,,,,,,,,,,,,,,,,,,,,,,,,,,,,,,,,,,,,,,,,,,,,,,,,,,,,,,,,,,,,,,,,,,,,,,,,,,,,,,,,,,,,,,,,,,,,,,,,,,,,,,,,,,,,,,,,,,,,,,,,,,,,,,,,,,,,,,,,,,,,,,,,,,,,,,,,,,,,,,,,,,,,,,,,,,,,0,-1,-1.0,0,1,-1,4
2026-02-21,4,Huachipato,Palestino,1.0,2.0,1.0,1.0,2.0,W,3,6,2.0,5,2,3,4,,,,,,,,,,,1.6666666666666667,0.6666666666666666,44.666666666666664,13.0,6.333333333333333,48.800000000000004,12.666666666666666,3.3333333333333335,25.53333333333333,0.6666666666666666,,,,,,,,,,,,,,,,,,,,,,,,,,,,,,,,,,,,,,,,,,,,,,,,,,,,,,,,,,,,,,,,,,,,,,,3,2,0.6666666666666666,2,4,-2,13,,,,,,,,,,,0.6666666666666666,1.3333333333333333,54.0,11.666666666666666,5.333333333333333,44.56666666666666,11.0,3.6666666666666665,33.0,0.0,,,,,,,,,,,,,,,,,,,,,,,,,,,,,,,,,,,,,,,,,,,,,,,,,,,,,,,,,,,,,,,,,,,,,,,,,,,,,,,,,1.0,-0.6666666666666666,-9.333333333333336,1.333333333333334,1.0,4.233333333333341,1.666666666666666,-0.33333333333333304,-7.466666666666669,0.6666666666666666,,,,,,,,,,,,,,,,,,,,,,,,,,,,,,,,,,,,,,,,,,,,,,,,,,,,,,,,,,,,,,,,,,,,,,,0,4,1.3333333333333335,3,-2,5,-9
2026-03-07,6,Huachipato,Coquimbo Unido,-1.0,1.0,3.0,3.0,1.0,L,5,9,1.8,7,6,1,5,1.4,1.2,48.8,14.2,5.6,38.56,13.6,3.8,26.439999999999998,0.6,1.6666666666666667,1.3333333333333333,52.0,15.333333333333334,6.333333333333333,39.26666666666667,14.0,4.0,26.866666666666664,0.6666666666666666,1.4,1.2,48.8,14.2,5.6,38.56,13.6,3.8,26.439999999999998,0.5,,,,,,,,,,,,,,,,,,,,0.6666666666666666,,,,,,,,,,,,,,,,,,,,,,,,,,,,,,0.6666666666666666,,,,,,,,,,,5,6,1.2,5,6,-1,12,1.0,1.2,48.4,12.2,3.4,28.2,10.6,4.0,32.239999999999995,0.4,0.6666666666666666,1.3333333333333333,52.333333333333336,13.0,3.6666666666666665,30.933333333333337,9.0,3.3333333333333335,28.066666666666666,0.3333333333333333,1.0,1.2,48.4,12.2,3.4,28.2,10.6,4.0,32.239999999999995,0.3333333333333333,,,,,,,,,,,0.6666666666666666,1.3333333333333333,47.0,10.0,3.0,29.233333333333334,10.666666666666666,3.6666666666666665,25.833333333333332,0.3333333333333333,,,,,,,,,,,,,,,,,,,,,0.6666666666666666,1.3333333333333333,47.0,10.0,3.0,29.233333333333334,10.666666666666666,3.6666666666666665,25.833333333333332,0.3333333333333333,,,,,,,,,,,0.3999999999999999,0.0,0.3999999999999986,2.0,2.1999999999999997,10.360000000000003,3.0,-0.20000000000000018,-5.799999999999997,0.19999999999999996,1.0,0.0,-0.3333333333333357,2.333333333333334,2.6666666666666665,8.333333333333336,5.0,0.6666666666666665,-1.2000000000000028,0.3333333333333333,0.3999999999999999,0.0,0.3999999999999986,2.0,2.1999999999999997,10.360000000000003,3.0,-0.20000000000000018,-5.799999999999997,0.16666666666666669,,,,,,,,,,,,,,,,,,,,0.3333333333333333,,,,,,,,,,,,,,,,,,,,,,,,,,,,,,0.3333333333333333,,,,,,,,,,,0,3,0.6000000000000001,2,0,2,-7
2026-04-06,8,Huachipato,Universidad de Concepcion,1.0,5.0,1.0,1.0,5.0,W,7,9,1.2857142857142858,8,11,-3,13,1.2,1.8,51.6,13.2,4.6,31.9,13.8,4.0,27.26,0.4,0.3333333333333333,2.6666666666666665,52.0,10.0,1.6666666666666667,17.233333333333334,15.0,5.0,31.53333333333333,0.0,1.1428571428571428,1.5714285714285714,49.42857142857143,13.0,4.571428571428571,33.5,13.571428571428571,3.857142857142857,26.842857142857145,0.375,,,,,,,,,,,1.6666666666666667,1.6666666666666667,50.666666666666664,15.333333333333334,6.333333333333333,42.699999999999996,12.333333333333334,3.3333333333333335,25.46666666666667,0.6666666666666666,,,,,,,,,,,,,,,,,,,,,1.6666666666666667,1.6666666666666667,50.666666666666664,15.333333333333334,6.333333333333333,42.699999999999996,12.333333333333334,3.3333333333333335,25.46666666666667,0.6666666666666666,,,,,,,,,,,7,11,1.5714285714285714,6,9,-3,9,1.0,1.2,44.0,13.2,4.4,36.480000000000004,14.0,5.6,36.42,0.4,0.6666666666666666,1.3333333333333333,43.666666666666664,15.0,3.0,20.2,16.0,6.666666666666667,40.36666666666667,0.3333333333333333,0.8571428571428571,1.2857142857142858,46.285714285714285,13.714285714285714,4.142857142857143,32.971428571428575,13.0,4.857142857142857,33.3,0.375,,,,,,,,,,,0.6666666666666666,1.6666666666666667,42.0,13.0,3.6666666666666665,30.3,16.0,6.333333333333333,40.06666666666667,0.0,,,,,,,,,,,,,,,,,,,,,0.6666666666666666,1.6666666666666667,42.0,13.0,3.6666666666666665,30.3,16.0,6.333333333333333,40.06666666666667,0.0,,,,,,,,,,,0.19999999999999996,0.6000000000000001,7.600000000000001,0.0,0.1999999999999993,-4.580000000000005,-0.1999999999999993,-1.5999999999999996,-9.16,0.0,-0.3333333333333333,1.3333333333333333,8.333333333333336,-5.0,-1.3333333333333333,-2.966666666666665,-1.0,-1.666666666666667,-8.833333333333336,-0.3333333333333333,0.2857142857142857,0.2857142857142856,3.142857142857146,-0.7142857142857135,0.42857142857142794,0.5285714285714249,0.5714285714285712,-0.9999999999999996,-6.457142857142852,0.0,,,,,,,,,,,1.0,0.0,8.666666666666664,2.333333333333334,2.6666666666666665,12.399999999999995,-3.666666666666666,-2.9999999999999996,-14.600000000000001,0.6666666666666666,,,,,,,,,,,,,,,,,,,,,1.0,0.0,8.666666666666664,2.333333333333334,2.6666666666666665,12.399999999999995,-3.666666666666666,-2.9999999999999996,-14.600000000000001,0.6666666666666666,,,,,,,,,,,0,-2,-0.2857142857142856,2,2,0,4
2026-04-19,10,Huachipato,Audax Italiano,1.0,3.0,2.0,2.0,3.0,W,9,15,1.6666666666666667,15,12,3,6,1.6,1.8,47.8,11.6,4.2,31.74,16.0,5.0,30.279999999999994,0.4,2.3333333333333335,1.0,42.666666666666664,12.0,6.0,44.0,15.333333333333334,4.0,25.0,0.6666666666666666,1.6666666666666667,1.3333333333333333,47.666666666666664,13.222222222222221,5.333333333333333,37.94444444444444,14.444444444444445,4.111111111111111,27.188888888888886,0.5,,,,,,,,,,0.6,2.6666666666666665,1.6666666666666667,53.0,17.0,7.333333333333333,41.23333333333333,15.333333333333334,4.666666666666667,29.166666666666668,0.6666666666666666,,,,,,,,,,0.6,,,,,,,,,,0.6,2.6666666666666665,1.6666666666666667,53.0,17.0,7.333333333333333,41.23333333333333,15.333333333333334,4.666666666666667,29.166666666666668,0.6666666666666666,,,,,,,,,,0.6,9,10,1.1111111111111112,11,11,0,13,1.4,2.0,47.8,9.8,3.0,29.3,14.6,5.2,37.0,0.2,2.3333333333333335,2.0,49.333333333333336,9.666666666666666,3.6666666666666665,39.300000000000004,17.0,6.0,37.43333333333333,0.3333333333333333,1.2222222222222223,1.2222222222222223,52.55555555555556,9.666666666666666,3.4444444444444446,34.75555555555556,12.333333333333334,3.6666666666666665,28.811111111111114,0.3,,,,,,,,,,0.0,0.3333333333333333,2.0,53.0,12.333333333333334,4.333333333333333,36.03333333333333,14.333333333333334,5.333333333333333,36.96666666666667,0.0,,,,,,,,,,0.0,,,,,,,,,,0.0,0.3333333333333333,2.0,53.0,12.333333333333334,4.333333333333333,36.03333333333333,14.333333333333334,5.333333333333333,36.96666666666667,0.0,,,,,,,,,,0.0,0.20000000000000018,-0.19999999999999996,0.0,1.799999999999999,1.2000000000000002,2.4399999999999977,1.4000000000000004,-0.20000000000000018,-6.720000000000006,0.2,0.0,-1.0,-6.666666666666671,2.333333333333334,2.3333333333333335,4.699999999999996,-1.666666666666666,-2.0,-12.43333333333333,0.3333333333333333,0.4444444444444444,0.11111111111111094,-4.888888888888893,3.5555555555555554,1.8888888888888884,3.188888888888883,2.1111111111111107,0.4444444444444442,-1.6222222222222271,0.2,,,,,,,,,,0.6,2.333333333333333,-0.33333333333333326,0.0,4.666666666666666,3.0,5.199999999999996,1.0,-0.6666666666666661,-7.800000000000001,0.6666666666666666,,,,,,,,,,0.6,,,,,,,,,,0.6,2.333333333333333,-0.33333333333333326,0.0,4.666666666666666,3.0,5.199999999999996,1.0,-0.6666666666666661,-7.800000000000001,0.6666666666666666,,,,,,,,,,0.6,0,5,0.5555555555555556,4,1,3,-7
2026-05-17,12,Huachipato,Union La Calera,,,,,,,11,19,1.7272727272727273,18,14,4,3,2.0,1.0,44.4,11.4,5.4,43.5,14.6,3.8,25.339999999999996,0.6,1.6666666666666667,0.6666666666666666,43.666666666666664,10.666666666666666,4.333333333333333,40.63333333333333,14.666666666666666,3.6666666666666665,25.066666666666663,0.6666666666666666,1.6363636363636365,1.2727272727272727,47.54545454545455,12.727272727272727,5.181818181818182,38.81818181818182,14.272727272727273,4.0,26.94545454545454,0.5,2.6,1.6,49.4,14.8,7.2,48.839999999999996,14.0,4.0,27.28,0.8,3.0,2.0,50.666666666666664,13.333333333333334,6.333333333333333,44.26666666666666,16.333333333333332,5.333333333333333,32.5,0.6666666666666666,2.6,1.6,49.4,14.8,7.2,48.839999999999996,14.0,4.0,27.28,0.6666666666666666,2.6,1.6,49.4,14.8,7.2,48.839999999999996,14.0,4.0,27.28,0.8,3.0,2.0,50.666666666666664,13.333333333333334,6.333333333333333,44.26666666666666,16.333333333333332,5.333333333333333,32.5,0.6666666666666666,2.6,1.6,49.4,14.8,7.2,48.839999999999996,14.0,4.0,27.28,0.6666666666666666,11,10,0.9090909090909091,10,21,-11,15,1.4,2.0,52.0,12.4,3.4,28.0,12.2,5.6,46.0,0.4,1.3333333333333333,1.0,48.0,13.0,3.6666666666666665,31.46666666666667,11.0,4.666666666666667,43.5,0.6666666666666666,0.9090909090909091,1.9090909090909092,51.81818181818182,10.818181818181818,3.3636363636363638,30.872727272727275,12.363636363636363,4.2727272727272725,34.47272727272727,0.25,0.4,2.4,49.8,8.4,2.2,23.619999999999997,14.2,5.2,38.8,0.2,0.6666666666666666,2.6666666666666665,54.0,9.666666666666666,3.0,29.833333333333332,12.0,6.0,49.6,0.3333333333333333,0.4,2.4,49.8,8.4,2.2,23.619999999999997,14.2,5.2,38.8,0.16666666666666666,0.4,2.4,49.8,8.4,2.2,23.619999999999997,14.2,5.2,38.8,0.2,0.6666666666666666,2.6666666666666665,54.0,9.666666666666666,3.0,29.833333333333332,12.0,6.0,49.6,0.3333333333333333,0.4,2.4,49.8,8.4,2.2,23.619999999999997,14.2,5.2,38.8,0.16666666666666666,0.6000000000000001,-1.0,-7.600000000000001,-1.0,2.0000000000000004,15.5,2.4000000000000004,-1.7999999999999998,-20.660000000000004,0.19999999999999996,0.3333333333333335,-0.33333333333333337,-4.333333333333336,-2.333333333333334,0.6666666666666665,9.166666666666664,3.666666666666666,-1.0000000000000004,-18.433333333333337,0.0,0.7272727272727274,-0.6363636363636365,-4.272727272727273,1.9090909090909083,1.818181818181818,7.945454545454545,1.90909090909091,-0.2727272727272725,-7.527272727272727,0.25,2.2,-0.7999999999999998,-0.3999999999999986,6.4,5.0,25.22,-0.1999999999999993,-1.2000000000000002,-11.519999999999996,0.6000000000000001,2.3333333333333335,-0.6666666666666665,-3.3333333333333357,3.666666666666668,3.333333333333333,14.433333333333326,4.333333333333332,-0.666666666666667,-17.1,0.3333333333333333,2.2,-0.7999999999999998,-0.3999999999999986,6.4,5.0,25.22,-0.1999999999999993,-1.2000000000000002,-11.519999999999996,0.5,2.2,-0.7999999999999998,-0.3999999999999986,6.4,5.0,25.22,-0.1999999999999993,-1.2000000000000002,-11.519999999999996,0.6000000000000001,2.3333333333333335,-0.6666666666666665,-3.3333333333333357,3.666666666666668,3.333333333333333,14.433333333333326,4.333333333333332,-0.666666666666667,-17.1,0.3333333333333333,2.2,-0.7999999999999998,-0.3999999999999986,6.4,5.0,25.22,-0.1999999999999993,-1.2000000000000002,-11.519999999999996,0.5,0,9,0.8181818181818182,8,-7,15,-12
2026-05-31,14,Huachipato,Universidad Catolica,,,,,,,11,19,1.7272727272727273,18,14,4,3,,,,,,,,,,0.4,,,,,,,,,,0.0,1.6363636363636365,1.2727272727272727,47.54545454545455,12.727272727272727,5.181818181818182,38.81818181818182,14.272727272727273,4.0,26.94545454545454,0.42857142857142855,,,,,,,,,,0.6,,,,,,,,,,0.6666666666666666,2.6,1.6,49.4,14.8,7.2,48.839999999999996,14.0,4.0,27.28,0.5714285714285714,,,,,,,,,,0.6,,,,,,,,,,0.6666666666666666,2.6,1.6,49.4,14.8,7.2,48.839999999999996,14.0,4.0,27.28,0.5714285714285714,11,17,1.5454545454545454,24,17,7,5,,,,,,,,,,0.2,,,,,,,,,,0.0,2.1818181818181817,1.5454545454545454,57.72727272727273,12.818181818181818,5.181818181818182,42.39090909090909,9.909090909090908,4.0,43.43636363636364,0.35714285714285715,,,,,,,,,,0.4,,,,,,,,,,0.3333333333333333,1.6666666666666667,1.8333333333333333,58.333333333333336,12.333333333333334,5.0,44.050000000000004,9.833333333333334,4.666666666666667,48.71666666666667,0.25,,,,,,,,,,0.4,,,,,,,,,,0.3333333333333333,1.6666666666666667,1.8333333333333333,58.333333333333336,12.333333333333334,5.0,44.050000000000004,9.833333333333334,4.666666666666667,48.71666666666667,0.25,,,,,,,,,,0.2,,,,,,,,,,0.0,-0.5454545454545452,-0.2727272727272727,-10.18181818181818,-0.09090909090909172,0.0,-3.5727272727272705,4.363636363636365,0.0,-16.490909090909096,0.0714285714285714,,,,,,,,,,0.19999999999999996,,,,,,,,,,0.3333333333333333,0.9333333333333333,-0.23333333333333317,-8.933333333333337,2.466666666666667,2.2,4.789999999999992,4.166666666666666,-0.666666666666667,-21.436666666666667,0.3214285714285714,,,,,,,,,,0.19999999999999996,,,,,,,,,,0.3333333333333333,0.9333333333333333,-0.23333333333333317,-8.933333333333337,2.466666666666667,2.2,4.789999999999992,4.166666666666666,-0.666666666666667,-21.436666666666667,0.3214285714285714,0,2,0.18181818181818188,-6,-3,-3,-2
2026-07-26,16,Huachipato,Cobresal,,,,,,,11,19,1.7272727272727273,18,14,4,3,,,,,,,,,,0.0,,,,,,,,,,0.0,1.6363636363636365,1.2727272727272727,47.54545454545455,12.727272727272727,5.181818181818182,38.81818181818182,14.272727272727273,4.0,26.94545454545454,0.375,,,,,,,,,,0.4,,,,,,,,,,0.3333333333333333,2.6,1.6,49.4,14.8,7.2,48.839999999999996,14.0,4.0,27.28,0.5,,,,,,,,,,0.4,,,,,,,,,,0.3333333333333333,2.6,1.6,49.4,14.8,7.2,48.839999999999996,14.0,4.0,27.28,0.5,11,10,0.9090909090909091,17,23,-6,14,,,,,,,,,,0.0,,,,,,,,,,0.0,1.5454545454545454,2.090909090909091,45.18181818181818,13.0,4.2727272727272725,34.38181818181818,17.454545454545453,5.636363636363637,31.472727272727273,0.1875,,,,,,,,,,0.0,,,,,,,,,,0.0,1.5,2.0,43.0,10.666666666666666,3.3333333333333335,31.55,19.333333333333332,6.666666666666667,33.300000000000004,0.1111111111111111,,,,,,,,,,0.0,,,,,,,,,,0.0,1.5,2.0,43.0,10.666666666666666,3.3333333333333335,31.55,19.333333333333332,6.666666666666667,33.300000000000004,0.1111111111111111,,,,,,,,,,0.0,,,,,,,,,,0.0,0.09090909090909105,-0.8181818181818181,2.363636363636367,-0.2727272727272734,0.9090909090909092,4.436363636363637,-3.18181818181818,-1.6363636363636367,-4.527272727272731,0.1875,,,,,,,,,,0.4,,,,,,,,,,0.3333333333333333,1.1,-0.3999999999999999,6.399999999999999,4.133333333333335,3.8666666666666667,17.289999999999996,-5.333333333333332,-2.666666666666667,-6.020000000000003,0.3888888888888889,,,,,,,,,,0.4,,,,,,,,,,0.3333333333333333,1.1,-0.3999999999999999,6.399999999999999,4.133333333333335,3.8666666666666667,17.289999999999996,-5.333333333333332,-2.666666666666667,-6.020000000000003,0.3888888888888889,0,9,0.8181818181818182,1,-9,10,-11
2026-08-09,18,Huachipato,Everton,,,,,,,11,19,1.7272727272727273,18,14,4,3,,,,,,,,,,0.0,,,,,,,,,,0.0,1.6363636363636365,1.2727272727272727,47.54545454545455,12.727272727272727,5.181818181818182,38.81818181818182,14.272727272727273,4.0,26.94545454545454,0.3333333333333333,,,,,,,,,,0.4,,,,,,,,,,0.0,2.6,1.6,49.4,14.8,7.2,48.839999999999996,14.0,4.0,27.28,0.4444444444444444,,,,,,,,,,0.4,,,,,,,,,,0.0,2.6,1.6,49.4,14.8,7.2,48.839999999999996,14.0,4.0,27.28,0.4444444444444444,11,15,1.3636363636363635,12,10,2,9,,,,,,,,,,0.0,,,,,,,,,,0.0,1.0909090909090908,0.9090909090909091,45.63636363636363,11.272727272727273,3.727272727272727,33.418181818181814,14.363636363636363,4.7272727272727275,33.127272727272725,0.2222222222222222,,,,,,,,,,0.0,,,,,,,,,,0.0,1.0,1.2,41.8,9.0,3.4,34.82,16.0,4.6,29.4,0.1111111111111111,,,,,,,,,,0.0,,,,,,,,,,0.0,1.0,1.2,41.8,9.0,3.4,34.82,16.0,4.6,29.4,0.1111111111111111,,,,,,,,,,0.0,,,,,,,,,,0.0,0.5454545454545456,0.36363636363636365,1.9090909090909136,1.4545454545454533,1.4545454545454546,5.400000000000006,-0.09090909090908994,-0.7272727272727275,-6.181818181818183,0.1111111111111111,,,,,,,,,,0.4,,,,,,,,,,0.0,1.6,0.40000000000000013,7.600000000000001,5.800000000000001,3.8000000000000003,14.019999999999996,-2.0,-0.5999999999999996,-2.1199999999999974,0.3333333333333333,,,,,,,,,,0.4,,,,,,,,,,0.0,1.6,0.40000000000000013,7.600000000000001,5.800000000000001,3.8000000000000003,14.019999999999996,-2.0,-0.5999999999999996,-2.1199999999999974,0.3333333333333333,0,4,0.36363636363636376,6,4,2,-6
2026-08-23,20,Huachipato,CD Limache,,,,,,,11,19,1.7272727272727273,18,14,4,3,,,,,,,,,,0.0,,,,,,,,,,0.0,1.6363636363636365,1.2727272727272727,47.54545454545455,12.727272727272727,5.181818181818182,38.81818181818182,14.272727272727273,4.0,26.94545454545454,0.3,,,,,,,,,,0.2,,,,,,,,,,0.0,2.6,1.6,49.4,14.8,7.2,48.839999999999996,14.0,4.0,27.28,0.4,,,,,,,,,,0.2,,,,,,,,,,0.0,2.6,1.6,49.4,14.8,7.2,48.839999999999996,14.0,4.0,27.28,0.4,11,21,1.9090909090909092,25,11,14,1,,,,,,,,,,0.0,,,,,,,,,,0.0,2.272727272727273,1.0,44.72727272727273,11.909090909090908,4.818181818181818,42.4,14.0,3.4545454545454546,24.672727272727272,0.3,,,,,,,,,,0.0,,,,,,,,,,0.0,1.6666666666666667,1.5,49.166666666666664,9.0,3.3333333333333335,38.71666666666667,14.833333333333334,3.3333333333333335,24.7,0.09090909090909091,,,,,,,,,,0.0,,,,,,,,,,0.0,1.6666666666666667,1.5,49.166666666666664,9.0,3.3333333333333335,38.71666666666667,14.833333333333334,3.3333333333333335,24.7,0.09090909090909091,,,,,,,,,,0.0,,,,,,,,,,0.0,-0.6363636363636365,0.2727272727272727,2.81818181818182,0.8181818181818183,0.3636363636363633,-3.5818181818181785,0.2727272727272734,0.5454545454545454,2.27272727272727,0.0,,,,,,,,,,0.2,,,,,,,,,,0.0,0.9333333333333333,0.10000000000000009,0.23333333333333428,5.800000000000001,3.8666666666666667,10.123333333333328,-0.8333333333333339,0.6666666666666665,2.580000000000002,0.3090909090909091,,,,,,,,,,0.2,,,,,,,,,,0.0,0.9333333333333333,0.10000000000000009,0.23333333333333428,5.800000000000001,3.8666666666666667,10.123333333333328,-0.8333333333333339,0.6666666666666665,2.580000000000002,0.3090909090909091,0,-2,-0.18181818181818188,-7,3,-10,2
2026-09-06,22,Huachipato,Colo-Colo,,,,,,,11,19,1.7272727272727273,18,14,4,3,,,,,,,,,,0.0,,,,,,,,,,0.0,1.6363636363636365,1.2727272727272727,47.54545454545455,12.727272727272727,5.181818181818182,38.81818181818182,14.272727272727273,4.0,26.94545454545454,0.2727272727272727,,,,,,,,,,0.0,,,,,,,,,,0.0,2.6,1.6,49.4,14.8,7.2,48.839999999999996,14.0,4.0,27.28,0.36363636363636365,,,,,,,,,,0.0,,,,,,,,,,0.0,2.6,1.6,49.4,14.8,7.2,48.839999999999996,14.0,4.0,27.28,0.36363636363636365,10,21,2.1,11,6,5,2,,,,,,,,,,0.0,,,,,,,,,,0.0,1.1,0.6,61.7,14.9,4.6,31.119999999999997,8.0,2.3,27.68,0.3181818181818182,,,,,,,,,,0.0,,,,,,,,,,0.0,1.2,0.8,63.6,13.2,4.4,33.959999999999994,8.2,2.4,26.939999999999998,0.36363636363636365,,,,,,,,,,0.0,,,,,,,,,,0.0,1.2,0.8,63.6,13.2,4.4,33.959999999999994,8.2,2.4,26.939999999999998,0.36363636363636365,,,,,,,,,,0.0,,,,,,,,,,0.0,0.5363636363636364,0.6727272727272727,-14.154545454545456,-2.1727272727272737,0.581818181818182,7.698181818181823,6.272727272727273,1.7000000000000002,-0.7345454545454579,-0.04545454545454547,,,,,,,,,,0.0,,,,,,,,,,0.0,1.4000000000000001,0.8,-14.200000000000003,1.6000000000000014,2.8,14.880000000000003,5.800000000000001,1.6,0.3400000000000034,0.0,,,,,,,,,,0.0,,,,,,,,,,0.0,1.4000000000000001,0.8,-14.200000000000003,1.6000000000000014,2.8,14.880000000000003,5.800000000000001,1.6,0.3400000000000034,0.0,1,-2,-0.3727272727272728,7,8,-1,1
2026-10-11,24,Huachipato,O'Higgins,,,,,,,11,19,1.7272727272727273,18,14,4,3,,,,,,,,,,0.0,,,,,,,,,,0.0,1.6363636363636365,1.2727272727272727,47.54545454545455,12.727272727272727,5.181818181818182,38.81818181818182,14.272727272727273,4.0,26.94545454545454,0.25,,,,,,,,,,0.0,,,,,,,,,,0.0,2.6,1.6,49.4,14.8,7.2,48.839999999999996,14.0,4.0,27.28,0.3333333333333333,,,,,,,,,,0.0,,,,,,,,,,0.0,2.6,1.6,49.4,14.8,7.2,48.839999999999996,14.0,4.0,27.28,0.3333333333333333,11,19,1.7272727272727273,17,16,1,4,,,,,,,,,,0.0,,,,,,,,,,0.0,1.5454545454545454,1.4545454545454546,50.72727272727273,12.272727272727273,4.636363636363637,40.10909090909092,12.272727272727273,4.0,34.25454545454546,0.25,,,,,,,,,,0.0,,,,,,,,,,0.0,2.2,2.2,53.4,11.4,4.8,46.0,14.6,4.8,35.339999999999996,0.15384615384615385,,,,,,,,,,0.0,,,,,,,,,,0.0,2.2,2.2,53.4,11.4,4.8,46.0,14.6,4.8,35.339999999999996,0.15384615384615385,,,,,,,,,,0.0,,,,,,,,,,0.0,0.09090909090909105,-0.18181818181818188,-3.18181818181818,0.45454545454545325,0.545454545454545,-1.2909090909090963,2.0,0.0,-7.309090909090916,0.0,,,,,,,,,,0.0,,,,,,,,,,0.0,0.3999999999999999,-0.6000000000000001,-4.0,3.4000000000000004,2.4000000000000004,2.8399999999999963,-0.5999999999999996,-0.7999999999999998,-8.059999999999995,0.17948717948717946,,,,,,,,,,0.0,,,,,,,,,,0.0,0.3999999999999999,-0.6000000000000001,-4.0,3.4000000000000004,2.4000000000000004,2.8399999999999963,-0.5999999999999996,-0.7999999999999998,-8.059999999999995,0.17948717948717946,0,0,0.0,1,-2,3,-1
2026-11-01,26,Huachipato,La Serena,,,,,,,11,19,1.7272727272727273,18,14,4,3,,,,,,,,,,0.0,,,,,,,,,,0.0,1.6363636363636365,1.2727272727272727,47.54545454545455,12.727272727272727,5.181818181818182,38.81818181818182,14.272727272727273,4.0,26.94545454545454,0.23076923076923078,,,,,,,,,,0.0,,,,,,,,,,0.0,2.6,1.6,49.4,14.8,7.2,48.839999999999996,14.0,4.0,27.28,0.3076923076923077,,,,,,,,,,0.0,,,,,,,,,,0.0,2.6,1.6,49.4,14.8,7.2,48.839999999999996,14.0,4.0,27.28,0.3076923076923077,11,14,1.2727272727272727,13,14,-1,10,,,,,,,,,,0.0,,,,,,,,,,0.0,1.1818181818181819,1.2727272727272727,49.72727272727273,10.909090909090908,3.8181818181818183,34.199999999999996,12.090909090909092,4.181818181818182,34.699999999999996,0.11538461538461539,,,,,,,,,,0.0,,,,,,,,,,0.0,1.2,2.0,49.4,11.2,3.4,33.2,13.4,4.8,36.14,0.07692307692307693,,,,,,,,,,0.0,,,,,,,,,,0.0,1.2,2.0,49.4,11.2,3.4,33.2,13.4,4.8,36.14,0.07692307692307693,,,,,,,,,,0.0,,,,,,,,,,0.0,0.4545454545454546,0.0,-2.18181818181818,1.8181818181818183,1.3636363636363633,4.618181818181824,2.1818181818181817,-0.18181818181818166,-7.754545454545454,0.11538461538461539,,,,,,,,,,0.0,,,,,,,,,,0.0,1.4000000000000001,-0.3999999999999999,0.0,3.6000000000000014,3.8000000000000003,15.639999999999993,0.5999999999999996,-0.7999999999999998,-8.86,0.23076923076923078,,,,,,,,,,0.0,,,,,,,,,,0.0,1.4000000000000001,-0.3999999999999999,0.0,3.6000000000000014,3.8000000000000003,15.639999999999993,0.5999999999999996,-0.7999999999999998,-8.86,0.23076923076923078,0,5,0.4545454545454546,5,0,5,-7
2026-11-22,28,Huachipato,Deportes Concepcion,,,,,,,11,19,1.7272727272727273,18,14,4,3,,,,,,,,,,0.0,,,,,,,,,,0.0,1.6363636363636365,1.2727272727272727,47.54545454545455,12.727272727272727,5.181818181818182,38.81818181818182,14.272727272727273,4.0,26.94545454545454,0.21428571428571427,,,,,,,,,,0.0,,,,,,,,,,0.0,2.6,1.6,49.4,14.8,7.2,48.839999999999996,14.0,4.0,27.28,0.2857142857142857,,,,,,,,,,0.0,,,,,,,,,,0.0,2.6,1.6,49.4,14.8,7.2,48.839999999999996,14.0,4.0,27.28,0.2857142857142857,11,8,0.7272727272727273,8,17,-9,16,,,,,,,,,,0.0,,,,,,,,,,0.0,0.7272727272727273,1.5454545454545454,48.45454545454545,11.727272727272727,2.909090909090909,24.427272727272726,13.090909090909092,4.363636363636363,37.14545454545455,0.07142857142857142,,,,,,,,,,0.0,,,,,,,,,,0.0,0.5714285714285714,1.4285714285714286,47.285714285714285,11.571428571428571,2.7142857142857144,24.2,13.857142857142858,4.428571428571429,36.771428571428565,0.14285714285714285,,,,,,,,,,0.0,,,,,,,,,,0.0,0.5714285714285714,1.4285714285714286,47.285714285714285,11.571428571428571,2.7142857142857144,24.2,13.857142857142858,4.428571428571429,36.771428571428565,0.14285714285714285,,,,,,,,,,0.0,,,,,,,,,,0.0,0.9090909090909092,-0.2727272727272727,-0.9090909090909065,1.0,2.2727272727272725,14.390909090909094,1.1818181818181817,-0.3636363636363633,-10.200000000000006,0.14285714285714285,,,,,,,,,,0.0,,,,,,,,,,0.0,2.0285714285714285,0.17142857142857149,2.114285714285714,3.2285714285714295,4.485714285714286,24.639999999999997,0.14285714285714235,-0.4285714285714288,-9.491428571428564,0.14285714285714285,,,,,,,,,,0.0,,,,,,,,,,0.0,2.0285714285714285,0.17142857142857149,2.114285714285714,3.2285714285714295,4.485714285714286,24.639999999999997,0.14285714285714235,-0.4285714285714288,-9.491428571428564,0.14285714285714285,0,11,1.0,10,-3,13,-13
2026-12-06,30,Huachipato,Nublense,,,,,,,11,19,1.7272727272727273,18,14,4,3,,,,,,,,,,0.0,,,,,,,,,,0.0,1.6363636363636365,1.2727272727272727,47.54545454545455,12.727272727272727,5.181818181818182,38.81818181818182,14.272727272727273,4.0,26.94545454545454,0.2,,,,,,,,,,0.0,,,,,,,,,,0.0,2.6,1.6,49.4,14.8,7.2,48.839999999999996,14.0,4.0,27.28,0.26666666666666666,,,,,,,,,,0.0,,,,,,,,,,0.0,2.6,1.6,49.4,14.8,7.2,48.839999999999996,14.0,4.0,27.28,0.26666666666666666,11,17,1.5454545454545454,11,9,2,7,,,,,,,,,,0.0,,,,,,,,,,0.0,1.0,0.8181818181818182,46.63636363636363,12.636363636363637,3.5454545454545454,29.545454545454547,9.272727272727273,3.5454545454545454,40.03636363636363,0.13333333333333333,,,,,,,,,,0.0,,,,,,,,,,0.0,1.0,0.4,46.6,11.6,4.0,32.06,9.6,3.6,37.0,0.13333333333333333,,,,,,,,,,0.0,,,,,,,,,,0.0,1.0,0.4,46.6,11.6,4.0,32.06,9.6,3.6,37.0,0.13333333333333333,,,,,,,,,,0.0,,,,,,,,,,0.0,0.6363636363636365,0.4545454545454545,0.9090909090909136,0.09090909090908994,1.6363636363636362,9.272727272727273,5.0,0.4545454545454546,-13.09090909090909,0.06666666666666668,,,,,,,,,,0.0,,,,,,,,,,0.0,1.6,1.2000000000000002,2.799999999999997,3.200000000000001,3.2,16.779999999999994,4.4,0.3999999999999999,-9.719999999999999,0.13333333333333333,,,,,,,,,,0.0,,,,,,,,,,0.0,1.6,1.2000000000000002,2.799999999999997,3.200000000000001,3.2,16.779999999999994,4.4,0.3999999999999999,-9.719999999999999,0.13333333333333333,0,2,0.18181818181818188,7,5,2,-4
2026-02-01,1,La Serena,Universidad Catolica,0.0,2.0,2.0,2.0,2.0,D,0,0,0.0,0,0,0,8,,,,,,,,,,,,,,,,,,,,,,,,,,,,,,,,,,,,,,,,,,,,,,,,,,,,,,,,,,,,,,,,,,,,,,,,,,,,,,,,,,,,,,,,,,,0,0,0.0,0,0,0,13,,,,,,,,,,,,,,,,,,,,,,,,,,,,,,,,,,,,,,,,,,,,,,,,,,,,,,,,,,,,,,,,,,,,,,,,,,,,,,,,,,,,,,,,,,,,,,,,,,,,,,,,,,,,,,,,,,,,,,,,,,,,,,,,,,,,,,,,,,,,,,,,,,,,,,,,,,,,,,,,,,,,,,,,,,,,,,,,,,,,,0,0,0.0,0,0,0,-5
2026-02-14,3,La Serena,Coquimbo Unido,-1.0,0.0,1.0,1.0,0.0,L,2,1,0.5,2,3,-1,14,,,,,,,,,,,,,,,,,,,,0.0,,,,,,,,,,,,,,,,,,,,,,,,,,,,,,,,,,,,,,,,,,,,,,,,,,,,,,,,,,,,,,,,,,,,,,,2,3,1.5,3,2,1,7,,,,,,,,,,,,,,,,,,,,0.3333333333333333,,,,,,,,,,,,,,,,,,,,,,,,,,,,,,,,,,,,,,,,,,,,,,,,,,,,,,,,,,,,,,,,,,,,,,,,,,,,,,,,,,,,,,,,,,-0.3333333333333333,,,,,,,,,,,,,,,,,,,,,,,,,,,,,,,,,,,,,,,,,,,,,,,,,,,,,,,,,,,,,,,,,,,,,,,0,-2,-1.0,-1,1,-2,7
2026-02-22,4,La Serena,Universidad de Concepcion,0.0,1.0,1.0,1.0,1.0,D,3,1,0.3333333333333333,2,4,-2,14,,,,,,,,,,,0.6666666666666666,1.3333333333333333,47.666666666666664,7.0,2.6666666666666665,30.96666666666667,12.0,4.0,33.86666666666667,0.0,,,,,,,,,,,,,,,,,,,,,,,,,,,,,,0.0,,,,,,,,,,,,,,,,,,,,,,,,,,,,,,0.0,,,,,,,,,,,3,6,2.0,3,4,-1,9,,,,,,,,,,,1.0,1.3333333333333333,51.0,13.666666666666666,5.333333333333333,43.4,9.333333333333334,2.3333333333333335,21.766666666666666,0.6666666666666666,,,,,,,,,,,,,,,,,,,,,,,,,,,,,,,,,,,,,,,,,,,,,,,,,,,,,,,,,,,,,,,,,,,,,,,,,,,,,,,,,-0.33333333333333337,0.0,-3.3333333333333357,-6.666666666666666,-2.6666666666666665,-12.43333333333333,2.666666666666666,1.6666666666666665,12.100000000000001,-0.6666666666666666,,,,,,,,,,,,,,,,,,,,,,,,,,,,,,,,,,,,,,,,,,,,,,,,,,,,,,,,,,,,,,,,,,,,,,,0,-5,-1.6666666666666667,-1,0,-1,5
2026-03-06,6,La Serena,Union La Calera,1.0,3.0,0.0,0.0,3.0,W,5,5,1.0,4,5,-1,14,0.8,1.0,49.0,9.8,3.6,32.54,12.2,4.4,36.32,0.2,0.6666666666666666,0.6666666666666666,50.666666666666664,10.666666666666666,3.3333333333333335,23.26666666666667,12.666666666666666,4.666666666666667,36.93333333333333,0.3333333333333333,0.8,1.0,49.0,9.8,3.6,32.54,12.2,4.4,36.32,0.16666666666666666,,,,,,,,,,,1.0,1.3333333333333333,50.333333333333336,9.666666666666666,4.0,32.233333333333334,12.0,4.0,33.86666666666667,0.0,,,,,,,,,,,,,,,,,,,,,1.0,1.3333333333333333,50.333333333333336,9.666666666666666,4.0,32.233333333333334,12.0,4.0,33.86666666666667,0.0,,,,,,,,,,,5,3,0.6,3,8,-5,16,0.6,1.6,50.2,8.8,3.2,33.760000000000005,13.0,2.8,19.84,0.2,1.0,0.6666666666666666,51.0,7.666666666666667,3.0,34.833333333333336,14.0,3.3333333333333335,22.233333333333334,0.3333333333333333,0.6,1.6,50.2,8.8,3.2,33.760000000000005,13.0,2.8,19.84,0.16666666666666666,,,,,,,,,,,,,,,,,,,,0.0,,,,,,,,,,,,,,,,,,,,,,,,,,,,,,0.0,,,,,,,,,,,0.20000000000000007,-0.6000000000000001,-1.2000000000000028,1.0,0.3999999999999999,-1.220000000000006,-0.8000000000000007,1.6000000000000005,16.48,0.0,-0.33333333333333337,0.0,-0.3333333333333357,2.999999999999999,0.3333333333333335,-11.566666666666666,-1.333333333333334,1.3333333333333335,14.699999999999996,0.0,0.20000000000000007,-0.6000000000000001,-1.2000000000000028,1.0,0.3999999999999999,-1.220000000000006,-0.8000000000000007,1.6000000000000005,16.48,0.0,,,,,,,,,,,,,,,,,,,,0.0,,,,,,,,,,,,,,,,,,,,,,,,,,,,,,0.0,,,,,,,,,,,0,2,0.4,1,-3,4,-2
2026-04-11,9,La Serena,Everton,1.0,1.0,0.0,0.0,1.0,W,8,9,1.125,9,11,-2,13,1.4,1.4,48.6,11.6,4.4,38.96,14.0,5.0,36.3,0.4,1.6666666666666667,2.0,47.0,10.0,4.0,41.666666666666664,15.0,5.0,33.833333333333336,0.3333333333333333,1.125,1.375,48.25,9.875,3.75,35.9625,13.25,4.625,35.3875,0.2222222222222222,,,,,,,,,,0.2,1.3333333333333333,0.6666666666666666,50.666666666666664,9.666666666666666,4.0,32.233333333333334,12.0,4.0,33.86666666666667,0.3333333333333333,,,,,,,,,,0.2,,,,,,,,,,0.2,1.3333333333333333,0.6666666666666666,50.666666666666664,9.666666666666666,4.0,32.233333333333334,12.0,4.0,33.86666666666667,0.3333333333333333,,,,,,,,,,0.2,8,11,1.375,9,8,1,9,1.2,0.6,41.8,10.0,4.2,39.76,14.2,3.0,22.22,0.4,1.0,0.6666666666666666,43.0,9.0,3.3333333333333335,41.1,13.666666666666666,2.6666666666666665,19.599999999999998,0.3333333333333333,1.125,1.0,45.125,10.75,3.5,31.9,14.375,4.375,30.7375,0.3333333333333333,,,,,,,,,,0.2,1.6666666666666667,1.0,38.0,9.333333333333334,4.666666666666667,45.166666666666664,14.666666666666666,3.3333333333333335,24.566666666666663,0.3333333333333333,,,,,,,,,,0.2,,,,,,,,,,0.2,1.6666666666666667,1.0,38.0,9.333333333333334,4.666666666666667,45.166666666666664,14.666666666666666,3.3333333333333335,24.566666666666663,0.3333333333333333,,,,,,,,,,0.2,0.19999999999999996,0.7999999999999999,6.800000000000004,1.5999999999999996,0.20000000000000018,-0.7999999999999972,-0.1999999999999993,2.0,14.079999999999998,0.0,0.6666666666666667,1.3333333333333335,4.0,1.0,0.6666666666666665,0.5666666666666629,1.333333333333334,2.3333333333333335,14.233333333333338,0.0,0.0,0.375,3.125,-0.875,0.25,4.0625,-1.125,0.25,4.650000000000002,-0.1111111111111111,,,,,,,,,,0.0,-0.3333333333333335,-0.33333333333333337,12.666666666666664,0.33333333333333215,-0.666666666666667,-12.93333333333333,-2.666666666666666,0.6666666666666665,9.300000000000004,0.0,,,,,,,,,,0.0,,,,,,,,,,0.0,-0.3333333333333335,-0.33333333333333337,12.666666666666664,0.33333333333333215,-0.666666666666667,-12.93333333333333,-2.666666666666666,0.6666666666666665,9.300000000000004,0.0,,,,,,,,,,0.0,0,-2,-0.25,0,3,-3,4
2026-04-26,11,La Serena,Huachipato,0.0,0.0,0.0,0.0,0.0,D,10,13,1.3,13,14,-1,11,1.8,1.8,49.4,11.8,4.2,37.7,12.4,4.0,32.019999999999996,0.4,1.3333333333333333,2.3333333333333335,52.333333333333336,12.333333333333334,4.333333333333333,37.833333333333336,10.333333333333334,3.6666666666666665,33.833333333333336,0.3333333333333333,1.3,1.4,49.2,10.8,3.9,35.12,12.3,4.2,34.17,0.2727272727272727,1.4,0.8,49.0,10.4,4.4,37.04,11.2,3.6,32.2,0.4,1.6666666666666667,0.3333333333333333,51.333333333333336,12.666666666666666,5.666666666666667,45.06666666666666,10.0,3.3333333333333335,33.13333333333333,0.6666666666666666,1.4,0.8,49.0,10.4,4.4,37.04,11.2,3.6,32.2,0.3333333333333333,1.4,0.8,49.0,10.4,4.4,37.04,11.2,3.6,32.2,0.4,1.6666666666666667,0.3333333333333333,51.333333333333336,12.666666666666666,5.666666666666667,45.06666666666666,10.0,3.3333333333333335,33.13333333333333,0.6666666666666666,1.4,0.8,49.0,10.4,4.4,37.04,11.2,3.6,32.2,0.3333333333333333,10,18,1.8,18,14,4,3,2.2,1.6,46.8,11.8,5.0,38.839999999999996,15.4,4.4,27.839999999999996,0.6,3.3333333333333335,1.0,44.0,13.0,7.0,50.833333333333336,16.666666666666668,4.666666666666667,27.83333333333333,1.0,1.8,1.4,47.8,13.0,5.3,38.7,14.5,4.1,27.139999999999997,0.5454545454545454,1.0,1.2,46.2,11.2,3.4,28.560000000000002,15.0,4.2,27.0,0.4,0.6666666666666666,1.6666666666666667,45.333333333333336,9.666666666666666,2.3333333333333335,23.8,15.333333333333334,4.333333333333333,26.866666666666664,0.3333333333333333,1.0,1.2,46.2,11.2,3.4,28.560000000000002,15.0,4.2,27.0,0.3333333333333333,1.0,1.2,46.2,11.2,3.4,28.560000000000002,15.0,4.2,27.0,0.4,0.6666666666666666,1.6666666666666667,45.333333333333336,9.666666666666666,2.3333333333333335,23.8,15.333333333333334,4.333333333333333,26.866666666666664,0.3333333333333333,1.0,1.2,46.2,11.2,3.4,28.560000000000002,15.0,4.2,27.0,0.3333333333333333,-0.40000000000000013,0.19999999999999996,2.6000000000000014,0.0,-0.7999999999999998,-1.1399999999999935,-3.0,-0.40000000000000036,4.18,-0.19999999999999996,-2.0,1.3333333333333335,8.333333333333336,-0.6666666666666661,-2.666666666666667,-13.0,-6.333333333333334,-1.0000000000000004,6.000000000000007,-0.6666666666666667,-0.5,0.0,1.4000000000000057,-2.1999999999999993,-1.4,-3.5800000000000054,-2.1999999999999993,0.10000000000000053,7.030000000000005,-0.2727272727272727,0.3999999999999999,-0.3999999999999999,2.799999999999997,-0.7999999999999989,1.0000000000000004,8.479999999999997,-3.8000000000000007,-0.6000000000000001,5.200000000000003,0.0,1.0,-1.3333333333333335,6.0,3.0,3.3333333333333335,21.266666666666662,-5.333333333333334,-0.9999999999999996,6.266666666666669,0.3333333333333333,0.3999999999999999,-0.3999999999999999,2.799999999999997,-0.7999999999999989,1.0000000000000004,8.479999999999997,-3.8000000000000007,-0.6000000000000001,5.200000000000003,0.0,0.3999999999999999,-0.3999999999999999,2.799999999999997,-0.7999999999999989,1.0000000000000004,8.479999999999997,-3.8000000000000007,-0.6000000000000001,5.200000000000003,0.0,1.0,-1.3333333333333335,6.0,3.0,3.3333333333333335,21.266666666666662,-5.333333333333334,-0.9999999999999996,6.266666666666669,0.3333333333333333,0.3999999999999999,-0.3999999999999999,2.799999999999997,-0.7999999999999989,1.0000000000000004,8.479999999999997,-3.8000000000000007,-0.6000000000000001,5.200000000000003,0.0,0,-5,-0.5,-5,0,-5,8
2026-05-24,13,La Serena,CD Limache,,,,,,,11,14,1.2727272727272727,13,14,-1,10,,,,,,,,,,0.2,,,,,,,,,,0.0,1.1818181818181819,1.2727272727272727,49.72727272727273,10.909090909090908,3.8181818181818183,34.199999999999996,12.090909090909092,4.181818181818182,34.699999999999996,0.23076923076923078,1.0,0.4,51.8,10.8,4.0,32.04,10.6,3.6,34.04,0.4,1.3333333333333333,0.0,49.666666666666664,11.666666666666666,4.333333333333333,37.833333333333336,10.0,3.3333333333333335,33.13333333333333,0.6666666666666666,1.1666666666666667,0.6666666666666666,50.0,10.666666666666666,4.166666666666667,35.03333333333333,11.0,3.6666666666666665,33.5,0.2857142857142857,1.0,0.4,51.8,10.8,4.0,32.04,10.6,3.6,34.04,0.4,1.3333333333333333,0.0,49.666666666666664,11.666666666666666,4.333333333333333,37.833333333333336,10.0,3.3333333333333335,33.13333333333333,0.6666666666666666,1.1666666666666667,0.6666666666666666,50.0,10.666666666666666,4.166666666666667,35.03333333333333,11.0,3.6666666666666665,33.5,0.2857142857142857,11,21,1.9090909090909092,25,11,14,1,,,,,,,,,,0.4,,,,,,,,,,0.3333333333333333,2.272727272727273,1.0,44.72727272727273,11.909090909090908,4.818181818181818,42.4,14.0,3.4545454545454546,24.672727272727272,0.46153846153846156,1.8,1.6,51.6,10.4,3.8,36.46,13.4,3.4,26.919999999999998,0.2,2.3333333333333335,1.6666666666666667,56.333333333333336,10.0,4.0,35.166666666666664,14.666666666666666,2.6666666666666665,18.599999999999998,0.3333333333333333,1.6666666666666667,1.5,49.166666666666664,9.0,3.3333333333333335,38.71666666666667,14.833333333333334,3.3333333333333335,24.7,0.14285714285714285,1.8,1.6,51.6,10.4,3.8,36.46,13.4,3.4,26.919999999999998,0.2,2.3333333333333335,1.6666666666666667,56.333333333333336,10.0,4.0,35.166666666666664,14.666666666666666,2.6666666666666665,18.599999999999998,0.3333333333333333,1.6666666666666667,1.5,49.166666666666664,9.0,3.3333333333333335,38.71666666666667,14.833333333333334,3.3333333333333335,24.7,0.14285714285714285,,,,,,,,,,-0.2,,,,,,,,,,-0.3333333333333333,-1.090909090909091,0.2727272727272727,5.0,-1.0,-1.0,-8.200000000000003,-1.9090909090909083,0.7272727272727271,10.027272727272724,-0.23076923076923078,-0.8,-1.2000000000000002,0.19999999999999574,0.40000000000000036,0.20000000000000018,-4.420000000000002,-2.8000000000000007,0.20000000000000018,7.120000000000001,0.2,-1.0000000000000002,-1.6666666666666667,-6.666666666666671,1.666666666666666,0.33333333333333304,2.6666666666666714,-4.666666666666666,0.666666666666667,14.533333333333335,0.3333333333333333,-0.5,-0.8333333333333334,0.8333333333333357,1.666666666666666,0.8333333333333335,-3.683333333333337,-3.833333333333334,0.33333333333333304,8.8,0.14285714285714285,-0.8,-1.2000000000000002,0.19999999999999574,0.40000000000000036,0.20000000000000018,-4.420000000000002,-2.8000000000000007,0.20000000000000018,7.120000000000001,0.2,-1.0000000000000002,-1.6666666666666667,-6.666666666666671,1.666666666666666,0.33333333333333304,2.6666666666666714,-4.666666666666666,0.666666666666667,14.533333333333335,0.3333333333333333,-0.5,-0.8333333333333334,0.8333333333333357,1.666666666666666,0.8333333333333335,-3.683333333333337,-3.833333333333334,0.33333333333333304,8.8,0.14285714285714285,0,-7,-0.6363636363636365,-12,3,-15,9
2026-05-30,14,La Serena,Colo-Colo,,,,,,,11,14,1.2727272727272727,13,14,-1,10,,,,,,,,,,0.2,,,,,,,,,,0.0,1.1818181818181819,1.2727272727272727,49.72727272727273,10.909090909090908,3.8181818181818183,34.199999999999996,12.090909090909092,4.181818181818182,34.699999999999996,0.21428571428571427,,,,,,,,,,0.4,,,,,,,,,,0.3333333333333333,1.1666666666666667,0.6666666666666666,50.0,10.666666666666666,4.166666666666667,35.03333333333333,11.0,3.6666666666666665,33.5,0.25,,,,,,,,,,0.4,,,,,,,,,,0.3333333333333333,1.1666666666666667,0.6666666666666666,50.0,10.666666666666666,4.166666666666667,35.03333333333333,11.0,3.6666666666666665,33.5,0.25,10,21,2.1,11,6,5,2,,,,,,,,,,0.2,,,,,,,,,,0.0,1.1,0.6,61.7,14.9,4.6,31.119999999999997,8.0,2.3,27.68,0.5,,,,,,,,,,0.8,,,,,,,,,,0.6666666666666666,1.2,0.8,63.6,13.2,4.4,33.959999999999994,8.2,2.4,26.939999999999998,0.5714285714285714,,,,,,,,,,0.8,,,,,,,,,,0.6666666666666666,1.2,0.8,63.6,13.2,4.4,33.959999999999994,8.2,2.4,26.939999999999998,0.5714285714285714,,,,,,,,,,0.0,,,,,,,,,,0.0,0.08181818181818179,0.6727272727272727,-11.972727272727276,-3.990909090909092,-0.7818181818181813,3.0799999999999983,4.090909090909092,1.8818181818181818,7.019999999999996,-0.2857142857142857,,,,,,,,,,-0.4,,,,,,,,,,-0.3333333333333333,-0.033333333333333215,-0.13333333333333341,-13.600000000000001,-2.533333333333333,-0.2333333333333334,1.0733333333333377,2.8000000000000007,1.2666666666666666,6.560000000000002,-0.3214285714285714,,,,,,,,,,-0.4,,,,,,,,,,-0.3333333333333333,-0.033333333333333215,-0.13333333333333341,-13.600000000000001,-2.533333333333333,-0.2333333333333334,1.0733333333333377,2.8000000000000007,1.2666666666666666,6.560000000000002,-0.3214285714285714,1,-7,-0.8272727272727274,2,8,-6,8
2026-08-02,17,La Serena,O'Higgins,,,,,,,11,14,1.2727272727272727,13,14,-1,10,,,,,,,,,,0.0,,,,,,,,,,0.0,1.1818181818181819,1.2727272727272727,49.72727272727273,10.909090909090908,3.8181818181818183,34.199999999999996,12.090909090909092,4.181818181818182,34.699999999999996,0.17647058823529413,,,,,,,,,,0.4,,,,,,,,,,0.0,1.1666666666666667,0.6666666666666666,50.0,10.666666666666666,4.166666666666667,35.03333333333333,11.0,3.6666666666666665,33.5,0.2222222222222222,,,,,,,,,,0.4,,,,,,,,,,0.0,1.1666666666666667,0.6666666666666666,50.0,10.666666666666666,4.166666666666667,35.03333333333333,11.0,3.6666666666666665,33.5,0.2222222222222222,11,19,1.7272727272727273,17,16,1,4,,,,,,,,,,0.0,,,,,,,,,,0.0,1.5454545454545454,1.4545454545454546,50.72727272727273,12.272727272727273,4.636363636363637,40.10909090909092,12.272727272727273,4.0,34.25454545454546,0.35294117647058826,,,,,,,,,,0.4,,,,,,,,,,0.0,2.2,2.2,53.4,11.4,4.8,46.0,14.6,4.8,35.339999999999996,0.2222222222222222,,,,,,,,,,0.4,,,,,,,,,,0.0,2.2,2.2,53.4,11.4,4.8,46.0,14.6,4.8,35.339999999999996,0.2222222222222222,,,,,,,,,,0.0,,,,,,,,,,0.0,-0.36363636363636354,-0.18181818181818188,-1.0,-1.363636363636365,-0.8181818181818183,-5.909090909090921,-0.18181818181818166,0.18181818181818166,0.4454545454545382,-0.17647058823529413,,,,,,,,,,0.0,,,,,,,,,,0.0,-1.0333333333333334,-1.5333333333333337,-3.3999999999999986,-0.7333333333333343,-0.6333333333333329,-10.966666666666669,-3.5999999999999996,-1.1333333333333333,-1.8399999999999963,0.0,,,,,,,,,,0.0,,,,,,,,,,0.0,-1.0333333333333334,-1.5333333333333337,-3.3999999999999986,-0.7333333333333343,-0.6333333333333329,-10.966666666666669,-3.5999999999999996,-1.1333333333333333,-1.8399999999999963,0.0,0,-5,-0.4545454545454546,-4,-2,-2,6
2026-08-23,20,La Serena,Cobresal,,,,,,,11,14,1.2727272727272727,13,14,-1,10,,,,,,,,,,0.0,,,,,,,,,,0.0,1.1818181818181819,1.2727272727272727,49.72727272727273,10.909090909090908,3.8181818181818183,34.199999999999996,12.090909090909092,4.181818181818182,34.699999999999996,0.15,,,,,,,,,,0.2,,,,,,,,,,0.0,1.1666666666666667,0.6666666666666666,50.0,10.666666666666666,4.166666666666667,35.03333333333333,11.0,3.6666666666666665,33.5,0.2,,,,,,,,,,0.2,,,,,,,,,,0.0,1.1666666666666667,0.6666666666666666,50.0,10.666666666666666,4.166666666666667,35.03333333333333,11.0,3.6666666666666665,33.5,0.2,11,10,0.9090909090909091,17,23,-6,14,,,,,,,,,,0.0,,,,,,,,,,0.0,1.5454545454545454,2.090909090909091,45.18181818181818,13.0,4.2727272727272725,34.38181818181818,17.454545454545453,5.636363636363637,31.472727272727273,0.15,,,,,,,,,,0.0,,,,,,,,,,0.0,1.5,2.0,43.0,10.666666666666666,3.3333333333333335,31.55,19.333333333333332,6.666666666666667,33.300000000000004,0.09090909090909091,,,,,,,,,,0.0,,,,,,,,,,0.0,1.5,2.0,43.0,10.666666666666666,3.3333333333333335,31.55,19.333333333333332,6.666666666666667,33.300000000000004,0.09090909090909091,,,,,,,,,,0.0,,,,,,,,,,0.0,-0.36363636363636354,-0.8181818181818181,4.545454545454547,-2.0909090909090917,-0.45454545454545414,-0.18181818181818699,-5.3636363636363615,-1.454545454545455,3.227272727272723,0.0,,,,,,,,,,0.2,,,,,,,,,,0.0,-0.33333333333333326,-1.3333333333333335,7.0,0.0,0.8333333333333335,3.4833333333333307,-8.333333333333332,-3.0000000000000004,0.19999999999999574,0.1090909090909091,,,,,,,,,,0.2,,,,,,,,,,0.0,-0.33333333333333326,-1.3333333333333335,7.0,0.0,0.8333333333333335,3.4833333333333307,-8.333333333333332,-3.0000000000000004,0.19999999999999574,0.1090909090909091,0,4,0.36363636363636365,-4,-9,5,-4
2026-09-06,22,La Serena,Nublense,,,,,,,11,14,1.2727272727272727,13,14,-1,10,,,,,,,,,,0.0,,,,,,,,,,0.0,1.1818181818181819,1.2727272727272727,49.72727272727273,10.909090909090908,3.8181818181818183,34.199999999999996,12.090909090909092,4.181818181818182,34.699999999999996,0.13636363636363635,,,,,,,,,,0.0,,,,,,,,,,0.0,1.1666666666666667,0.6666666666666666,50.0,10.666666666666666,4.166666666666667,35.03333333333333,11.0,3.6666666666666665,33.5,0.18181818181818182,,,,,,,,,,0.0,,,,,,,,,,0.0,1.1666666666666667,0.6666666666666666,50.0,10.666666666666666,4.166666666666667,35.03333333333333,11.0,3.6666666666666665,33.5,0.18181818181818182,11,17,1.5454545454545454,11,9,2,7,,,,,,,,,,0.0,,,,,,,,,,0.0,1.0,0.8181818181818182,46.63636363636363,12.636363636363637,3.5454545454545454,29.545454545454547,9.272727272727273,3.5454545454545454,40.03636363636363,0.18181818181818182,,,,,,,,,,0.0,,,,,,,,,,0.0,1.0,0.4,46.6,11.6,4.0,32.06,9.6,3.6,37.0,0.18181818181818182,,,,,,,,,,0.0,,,,,,,,,,0.0,1.0,0.4,46.6,11.6,4.0,32.06,9.6,3.6,37.0,0.18181818181818182,,,,,,,,,,0.0,,,,,,,,,,0.0,0.18181818181818188,0.4545454545454545,3.0909090909090935,-1.7272727272727284,0.27272727272727293,4.654545454545449,2.8181818181818183,0.6363636363636362,-5.336363636363636,-0.04545454545454547,,,,,,,,,,0.0,,,,,,,,,,0.0,0.16666666666666674,0.2666666666666666,3.3999999999999986,-0.9333333333333336,0.16666666666666696,2.973333333333329,1.4000000000000004,0.06666666666666643,-3.5,0.0,,,,,,,,,,0.0,,,,,,,,,,0.0,0.16666666666666674,0.2666666666666666,3.3999999999999986,-0.9333333333333336,0.16666666666666696,2.973333333333329,1.4000000000000004,0.06666666666666643,-3.5,0.0,0,-3,-0.2727272727272727,2,5,-3,3
2026-09-13,23,La Serena,Universidad de Chile,,,,,,,11,14,1.2727272727272727,13,14,-1,10,,,,,,,,,,0.0,,,,,,,,,,0.0,1.1818181818181819,1.2727272727272727,49.72727272727273,10.909090909090908,3.8181818181818183,34.199999999999996,12.090909090909092,4.181818181818182,34.699999999999996,0.13043478260869565,,,,,,,,,,0.0,,,,,,,,,,0.0,1.1666666666666667,0.6666666666666666,50.0,10.666666666666666,4.166666666666667,35.03333333333333,11.0,3.6666666666666665,33.5,0.16666666666666666,,,,,,,,,,0.0,,,,,,,,,,0.0,1.1666666666666667,0.6666666666666666,50.0,10.666666666666666,4.166666666666667,35.03333333333333,11.0,3.6666666666666665,33.5,0.16666666666666666,11,17,1.5454545454545454,11,6,5,6,,,,,,,,,,0.0,,,,,,,,,,0.0,1.0,0.5454545454545454,55.18181818181818,11.363636363636363,3.727272727272727,32.445454545454545,10.090909090909092,4.2727272727272725,45.38181818181818,0.17391304347826086,,,,,,,,,,0.0,,,,,,,,,,0.0,0.5,0.5,56.5,10.0,3.0,31.133333333333336,11.833333333333334,4.666666666666667,42.71666666666667,0.16666666666666666,,,,,,,,,,0.0,,,,,,,,,,0.0,0.5,0.5,56.5,10.0,3.0,31.133333333333336,11.833333333333334,4.666666666666667,42.71666666666667,0.16666666666666666,,,,,,,,,,0.0,,,,,,,,,,0.0,0.18181818181818188,0.7272727272727273,-5.454545454545453,-0.45454545454545503,0.09090909090909127,1.7545454545454504,2.0,-0.09090909090909083,-10.681818181818187,-0.043478260869565216,,,,,,,,,,0.0,,,,,,,,,,0.0,0.6666666666666667,0.16666666666666663,-6.5,0.6666666666666661,1.166666666666667,3.899999999999995,-0.8333333333333339,-1.0000000000000004,-9.216666666666669,0.0,,,,,,,,,,0.0,,,,,,,,,,0.0,0.6666666666666667,0.16666666666666663,-6.5,0.6666666666666661,1.166666666666667,3.899999999999995,-0.8333333333333339,-1.0000000000000004,-9.216666666666669,0.0,0,-3,-0.2727272727272727,2,8,-6,4
2026-10-25,25,La Serena,Deportes Concepcion,,,,,,,11,14,1.2727272727272727,13,14,-1,10,,,,,,,,,,0.0,,,,,,,,,,0.0,1.1818181818181819,1.2727272727272727,49.72727272727273,10.909090909090908,3.8181818181818183,34.199999999999996,12.090909090909092,4.181818181818182,34.699999999999996,0.12,,,,,,,,,,0.0,,,,,,,,,,0.0,1.1666666666666667,0.6666666666666666,50.0,10.666666666666666,4.166666666666667,35.03333333333333,11.0,3.6666666666666665,33.5,0.15384615384615385,,,,,,,,,,0.0,,,,,,,,,,0.0,1.1666666666666667,0.6666666666666666,50.0,10.666666666666666,4.166666666666667,35.03333333333333,11.0,3.6666666666666665,33.5,0.15384615384615385,11,8,0.7272727272727273,8,17,-9,16,,,,,,,,,,0.0,,,,,,,,,,0.0,0.7272727272727273,1.5454545454545454,48.45454545454545,11.727272727272727,2.909090909090909,24.427272727272726,13.090909090909092,4.363636363636363,37.14545454545455,0.08,,,,,,,,,,0.2,,,,,,,,,,0.0,0.5714285714285714,1.4285714285714286,47.285714285714285,11.571428571428571,2.7142857142857144,24.2,13.857142857142858,4.428571428571429,36.771428571428565,0.16666666666666666,,,,,,,,,,0.2,,,,,,,,,,0.0,0.5714285714285714,1.4285714285714286,47.285714285714285,11.571428571428571,2.7142857142857144,24.2,13.857142857142858,4.428571428571429,36.771428571428565,0.16666666666666666,,,,,,,,,,0.0,,,,,,,,,,0.0,0.4545454545454546,-0.2727272727272727,1.2727272727272734,-0.8181818181818183,0.9090909090909092,9.77272727272727,-1.0,-0.18181818181818166,-2.4454545454545524,0.039999999999999994,,,,,,,,,,-0.2,,,,,,,,,,0.0,0.5952380952380953,-0.761904761904762,2.7142857142857153,-0.9047619047619051,1.4523809523809526,10.833333333333332,-2.8571428571428577,-0.7619047619047623,-3.271428571428565,-0.012820512820512803,,,,,,,,,,-0.2,,,,,,,,,,0.0,0.5952380952380953,-0.761904761904762,2.7142857142857153,-0.9047619047619051,1.4523809523809526,10.833333333333332,-2.8571428571428577,-0.7619047619047623,-3.271428571428565,-0.012820512820512803,0,6,0.5454545454545454,5,-3,8,-6
2026-11-08,27,La Serena,Palestino,,,,,,,11,14,1.2727272727272727,13,14,-1,10,,,,,,,,,,0.0,,,,,,,,,,0.0,1.1818181818181819,1.2727272727272727,49.72727272727273,10.909090909090908,3.8181818181818183,34.199999999999996,12.090909090909092,4.181818181818182,34.699999999999996,0.1111111111111111,,,,,,,,,,0.0,,,,,,,,,,0.0,1.1666666666666667,0.6666666666666666,50.0,10.666666666666666,4.166666666666667,35.03333333333333,11.0,3.6666666666666665,33.5,0.14285714285714285,,,,,,,,,,0.0,,,,,,,,,,0.0,1.1666666666666667,0.6666666666666666,50.0,10.666666666666666,4.166666666666667,35.03333333333333,11.0,3.6666666666666665,33.5,0.14285714285714285,11,14,1.2727272727272727,14,18,-4,11,,,,,,,,,,0.0,,,,,,,,,,0.0,1.2727272727272727,1.6363636363636365,50.36363636363637,13.909090909090908,4.363636363636363,31.781818181818185,11.818181818181818,4.090909090909091,34.627272727272725,0.14814814814814814,,,,,,,,,,0.0,,,,,,,,,,0.0,0.8,2.4,47.8,11.2,3.4,31.380000000000003,15.8,5.2,31.68,0.07142857142857142,,,,,,,,,,0.0,,,,,,,,,,0.0,0.8,2.4,47.8,11.2,3.4,31.380000000000003,15.8,5.2,31.68,0.07142857142857142,,,,,,,,,,0.0,,,,,,,,,,0.0,-0.09090909090909083,-0.36363636363636376,-0.6363636363636402,-3.0,-0.545454545454545,2.418181818181811,0.2727272727272734,0.09090909090909083,0.07272727272727053,-0.037037037037037035,,,,,,,,,,0.0,,,,,,,,,,0.0,0.3666666666666667,-1.7333333333333334,2.200000000000003,-0.5333333333333332,0.766666666666667,3.653333333333329,-4.800000000000001,-1.5333333333333337,1.8200000000000003,0.07142857142857142,,,,,,,,,,0.0,,,,,,,,,,0.0,0.3666666666666667,-1.7333333333333334,2.200000000000003,-0.5333333333333332,0.766666666666667,3.653333333333329,-4.800000000000001,-1.5333333333333337,1.8200000000000003,0.07142857142857142,0,0,0.0,-1,-4,3,-1
2026-12-06,30,La Serena,Audax Italiano,,,,,,,11,14,1.2727272727272727,13,14,-1,10,,,,,,,,,,0.0,,,,,,,,,,0.0,1.1818181818181819,1.2727272727272727,49.72727272727273,10.909090909090908,3.8181818181818183,34.199999999999996,12.090909090909092,4.181818181818182,34.699999999999996,0.1,,,,,,,,,,0.0,,,,,,,,,,0.0,1.1666666666666667,0.6666666666666666,50.0,10.666666666666666,4.166666666666667,35.03333333333333,11.0,3.6666666666666665,33.5,0.13333333333333333,,,,,,,,,,0.0,,,,,,,,,,0.0,1.1666666666666667,0.6666666666666666,50.0,10.666666666666666,4.166666666666667,35.03333333333333,11.0,3.6666666666666665,33.5,0.13333333333333333,11,11,1.0,15,16,-1,13,,,,,,,,,,0.0,,,,,,,,,,0.0,1.3636363636363635,1.4545454545454546,51.81818181818182,10.454545454545455,3.3636363636363638,32.26363636363636,12.090909090909092,3.727272727272727,30.19090909090909,0.1,,,,,,,,,,0.0,,,,,,,,,,0.0,0.6,1.8,54.2,11.4,3.8,34.96,11.8,4.4,35.28,0.0,,,,,,,,,,0.0,,,,,,,,,,0.0,0.6,1.8,54.2,11.4,3.8,34.96,11.8,4.4,35.28,0.0,,,,,,,,,,0.0,,,,,,,,,,0.0,-0.18181818181818166,-0.18181818181818188,-2.0909090909090935,0.45454545454545325,0.4545454545454546,1.9363636363636374,0.0,0.4545454545454546,4.509090909090904,0.0,,,,,,,,,,0.0,,,,,,,,,,0.0,0.5666666666666668,-1.1333333333333333,-4.200000000000003,-0.7333333333333343,0.36666666666666714,0.07333333333333059,-0.8000000000000007,-0.7333333333333338,-1.7800000000000011,0.13333333333333333,,,,,,,,,,0.0,,,,,,,,,,0.0,0.5666666666666668,-1.1333333333333333,-4.200000000000003,-0.7333333333333343,0.36666666666666714,0.07333333333333059,-0.8000000000000007,-0.7333333333333338,-1.7800000000000011,0.13333333333333333,0,3,0.2727272727272727,-2,-2,0,-3
2026-02-08,2,Nublense,CD Limache,0.0,1.0,1.0,1.0,1.0,D,1,1,1.0,1,1,0,11,,,,,,,,,,,,,,,,,,,,,,,,,,,,,,,,,,,,,,,,,,,,,,,,,,,,,,,,,,,,,,,,,,,,,,,,,,,,,,,,,,,,,,,,,,,1,3,3.0,3,1,2,3,,,,,,,,,,,,,,,,,,,,,,,,,,,,,,,,,,,,,,,,,,,,,,,,,,,,,,,,,,,,,,,,,,,,,,,,,,,,,,,,,,,,,,,,,,,,,,,,,,,,,,,,,,,,,,,,,,,,,,,,,,,,,,,,,,,,,,,,,,,,,,,,,,,,,,,,,,,,,,,,,,,,,,,,,,,,,,,,,,,,,0,-2,-2.0,-2,0,-2,8
2026-02-15,3,Nublense,Audax Italiano,1.0,1.0,0.0,0.0,1.0,W,2,2,1.0,2,2,0,11,,,,,,,,,,,,,,,,,,,,0.0,,,,,,,,,,,,,,,,,,,,,,,,,,,,,,,,,,,,,,,,,,,,,,,,,,,,,,,,,,,,,,,,,,,,,,,2,4,2.0,3,0,3,7,,,,,,,,,,,,,,,,,,,,0.3333333333333333,,,,,,,,,,,,,,,,,,,,,,,,,,,,,,,,,,,,,,,,,,,,,,,,,,,,,,,,,,,,,,,,,,,,,,,,,,,,,,,,,,,,,,,,,,-0.3333333333333333,,,,,,,,,,,,,,,,,,,,,,,,,,,,,,,,,,,,,,,,,,,,,,,,,,,,,,,,,,,,,,,,,,,,,,,0,-2,-1.0,-1,2,-3,4
2026-03-01,5,Nublense,Universidad Catolica,-1.0,1.0,2.0,2.0,1.0,L,4,8,2.0,4,2,2,5,,,,,,,,,,0.4,1.0,0.3333333333333333,47.333333333333336,13.0,2.0,15.966666666666669,6.333333333333333,3.3333333333333335,51.5,0.6666666666666666,,,,,,,,,,0.4,,,,,,,,,,,,,,,,,,,,0.3333333333333333,,,,,,,,,,,,,,,,,,,,,,,,,,,,,,0.3333333333333333,,,,,,,,,,,4,7,1.75,9,6,3,6,,,,,,,,,,0.4,2.3333333333333335,1.3333333333333333,56.666666666666664,16.666666666666668,6.0,38.166666666666664,11.666666666666666,5.0,45.699999999999996,0.6666666666666666,,,,,,,,,,0.4,,,,,,,,,,,,,,,,,,,,0.0,,,,,,,,,,,,,,,,,,,,,,,,,,,,,,0.0,,,,,,,,,,,,,,,,,,,,0.0,-1.3333333333333335,-1.0,-9.333333333333329,-3.666666666666668,-4.0,-22.199999999999996,-5.333333333333333,-1.6666666666666665,5.800000000000004,0.0,,,,,,,,,,0.0,,,,,,,,,,,,,,,,,,,,0.3333333333333333,,,,,,,,,,,,,,,,,,,,,,,,,,,,,,0.3333333333333333,,,,,,,,,,,0,1,0.25,-5,-4,-1,-1
2026-03-15,7,Nublense,La Serena,0.0,2.0,2.0,2.0,2.0,D,6,11,1.8333333333333333,7,4,3,4,1.2,0.6,45.0,11.8,3.0,28.160000000000004,7.6,3.6,46.8,0.6,1.3333333333333333,0.6666666666666666,40.333333333333336,9.0,3.3333333333333335,35.733333333333334,8.333333333333334,3.6666666666666665,43.166666666666664,0.6666666666666666,1.1666666666666667,0.6666666666666666,44.666666666666664,11.333333333333334,3.0,29.016666666666666,8.666666666666666,4.166666666666667,47.333333333333336,0.42857142857142855,,,,,,,,,,,1.0,1.0,48.0,12.666666666666666,2.6666666666666665,27.866666666666664,8.0,4.333333333333333,53.0,0.3333333333333333,,,,,,,,,,,,,,,,,,,,,1.0,1.0,48.0,12.666666666666666,2.6666666666666665,27.866666666666664,8.0,4.333333333333333,53.0,0.3333333333333333,,,,,,,,,,,6,8,1.3333333333333333,7,5,2,13,1.0,0.6,49.2,9.8,3.6,32.54,12.2,4.4,36.32,0.4,1.6666666666666667,0.3333333333333333,48.0,12.666666666666666,5.0,39.93333333333334,12.666666666666666,4.666666666666667,36.93333333333333,0.6666666666666666,1.1666666666666667,0.8333333333333334,47.833333333333336,9.833333333333334,3.8333333333333335,35.449999999999996,12.333333333333334,4.333333333333333,35.4,0.2857142857142857,,,,,,,,,,,,,,,,,,,,0.3333333333333333,,,,,,,,,,,,,,,,,,,,,,,,,,,,,,0.3333333333333333,,,,,,,,,,,0.19999999999999996,0.0,-4.200000000000003,2.0,-0.6000000000000001,-4.3799999999999955,-4.6,-0.8000000000000003,10.479999999999997,0.19999999999999996,-0.3333333333333335,0.3333333333333333,-7.666666666666664,-3.666666666666666,-1.6666666666666665,-4.200000000000003,-4.333333333333332,-1.0000000000000004,6.233333333333334,0.0,0.0,-0.16666666666666674,-3.1666666666666714,1.5,-0.8333333333333335,-6.43333333333333,-3.666666666666668,-0.16666666666666607,11.933333333333337,0.14285714285714285,,,,,,,,,,,,,,,,,,,,0.0,,,,,,,,,,,,,,,,,,,,,,,,,,,,,,0.0,,,,,,,,,,,0,3,0.5,0,-1,1,-9
2026-04-12,9,Nublense,Universidad de Chile,1.0,1.0,0.0,0.0,1.0,W,8,13,1.625,9,6,3,6,1.2,0.8,45.0,11.6,3.6,31.620000000000005,9.4,3.4,36.9,0.4,1.3333333333333333,0.6666666666666666,49.0,15.0,4.666666666666667,31.26666666666667,10.0,2.6666666666666665,26.666666666666668,0.3333333333333333,1.125,0.75,46.5,12.375,3.25,28.125,9.25,3.875,42.375,0.3333333333333333,,,,,,,,,,0.2,1.3333333333333333,1.3333333333333333,44.666666666666664,11.333333333333334,3.3333333333333335,32.6,11.333333333333334,5.0,44.666666666666664,0.3333333333333333,,,,,,,,,,0.2,,,,,,,,,,0.2,1.3333333333333333,1.3333333333333333,44.666666666666664,11.333333333333334,3.3333333333333335,32.6,11.333333333333334,5.0,44.666666666666664,0.3333333333333333,,,,,,,,,,0.2,8,13,1.625,10,5,5,5,1.8,0.6,54.4,12.0,5.0,43.6,11.8,3.8,37.92,0.6,2.0,0.3333333333333333,55.0,14.0,5.333333333333333,38.46666666666667,13.0,3.3333333333333335,31.266666666666666,0.6666666666666666,1.25,0.625,54.0,10.5,3.875,36.275,10.5,4.125,42.7625,0.3333333333333333,,,,,,,,,,0.4,0.6666666666666666,0.0,50.333333333333336,8.333333333333334,3.3333333333333335,41.53333333333333,13.0,3.0,27.099999999999998,0.6666666666666666,,,,,,,,,,0.4,,,,,,,,,,0.4,0.6666666666666666,0.0,50.333333333333336,8.333333333333334,3.3333333333333335,41.53333333333333,13.0,3.0,27.099999999999998,0.6666666666666666,,,,,,,,,,0.4,-0.6000000000000001,0.20000000000000007,-9.399999999999999,-0.40000000000000036,-1.4,-11.979999999999997,-2.4000000000000004,-0.3999999999999999,-1.0200000000000031,-0.19999999999999996,-0.6666666666666667,0.3333333333333333,-6.0,1.0,-0.6666666666666661,-7.199999999999999,-3.0,-0.666666666666667,-4.599999999999998,-0.3333333333333333,-0.125,0.125,-7.5,1.875,-0.625,-8.149999999999999,-1.25,-0.25,-0.38750000000000284,0.0,,,,,,,,,,-0.2,0.6666666666666666,1.3333333333333333,-5.666666666666671,3.0,0.0,-8.93333333333333,-1.666666666666666,2.0,17.566666666666666,-0.3333333333333333,,,,,,,,,,-0.2,,,,,,,,,,-0.2,0.6666666666666666,1.3333333333333333,-5.666666666666671,3.0,0.0,-8.93333333333333,-1.666666666666666,2.0,17.566666666666666,-0.3333333333333333,,,,,,,,,,-0.2,0,0,0.0,-1,1,-2,1
2026-04-25,11,Nublense,O'Higgins,-1.0,0.0,2.0,2.0,0.0,L,10,17,1.7,11,7,4,5,1.2,0.6,48.4,14.0,5.0,36.1,10.2,2.2,22.0,0.4,0.6666666666666666,0.3333333333333333,48.666666666666664,12.666666666666666,4.666666666666667,36.6,10.333333333333334,2.0,20.0,0.3333333333333333,1.1,0.7,46.7,12.4,3.7,31.169999999999998,9.5,3.4,36.9,0.36363636363636365,1.2,1.0,46.8,13.2,3.4,30.28,9.4,3.2,36.8,0.4,1.3333333333333333,1.3333333333333333,43.333333333333336,11.333333333333334,4.0,39.26666666666667,11.333333333333334,3.0,26.5,0.3333333333333333,1.2,1.0,46.8,13.2,3.4,30.28,9.4,3.2,36.8,0.3333333333333333,1.2,1.0,46.8,13.2,3.4,30.28,9.4,3.2,36.8,0.4,1.3333333333333333,1.3333333333333333,43.333333333333336,11.333333333333334,4.0,39.26666666666667,11.333333333333334,3.0,26.5,0.3333333333333333,1.2,1.0,46.8,13.2,3.4,30.28,9.4,3.2,36.8,0.3333333333333333,10,16,1.6,15,16,-1,7,1.8,1.6,50.8,14.6,5.2,36.940000000000005,12.2,3.8,31.76,0.6,1.6666666666666667,1.6666666666666667,56.666666666666664,17.666666666666668,5.666666666666667,31.866666666666664,12.333333333333334,3.6666666666666665,30.0,0.6666666666666666,1.5,1.6,50.4,12.8,4.6,36.980000000000004,12.0,4.2,36.35,0.45454545454545453,,,,,,,,,,0.2,2.6666666666666665,3.0,49.666666666666664,11.666666666666666,5.0,43.96666666666667,16.333333333333332,5.333333333333333,32.233333333333334,0.3333333333333333,,,,,,,,,,0.2,,,,,,,,,,0.2,2.6666666666666665,3.0,49.666666666666664,11.666666666666666,5.0,43.96666666666667,16.333333333333332,5.333333333333333,32.233333333333334,0.3333333333333333,,,,,,,,,,0.2,-0.6000000000000001,-1.0,-2.3999999999999986,-0.5999999999999996,-0.20000000000000018,-0.8400000000000034,-2.0,-1.5999999999999996,-9.760000000000002,-0.19999999999999996,-1.0,-1.3333333333333335,-8.0,-5.000000000000002,-1.0,4.733333333333338,-2.0,-1.6666666666666665,-10.0,-0.3333333333333333,-0.3999999999999999,-0.9000000000000001,-3.6999999999999957,-0.40000000000000036,-0.8999999999999995,-5.810000000000006,-2.5,-0.8000000000000003,0.5499999999999972,-0.09090909090909088,,,,,,,,,,0.2,-1.3333333333333333,-1.6666666666666667,-6.333333333333329,-0.33333333333333215,-1.0,-4.699999999999996,-4.999999999999998,-2.333333333333333,-5.733333333333334,0.0,,,,,,,,,,0.1333333333333333,,,,,,,,,,0.2,-1.3333333333333333,-1.6666666666666667,-6.333333333333329,-0.33333333333333215,-1.0,-4.699999999999996,-4.999999999999998,-2.333333333333333,-5.733333333333334,0.0,,,,,,,,,,0.1333333333333333,0,1,0.09999999999999987,-4,-9,5,-2
2026-05-23,13,Nublense,Universidad de Concepcion,,,,,,,11,17,1.5454545454545454,11,9,2,7,,,,,,,,,,0.2,,,,,,,,,,0.0,1.0,0.8181818181818182,46.63636363636363,12.636363636363637,3.5454545454545454,29.545454545454547,9.272727272727273,3.5454545454545454,40.03636363636363,0.3076923076923077,1.0,1.2,43.4,11.8,3.2,30.220000000000006,10.4,4.0,41.08,0.4,1.0,1.3333333333333333,45.333333333333336,14.333333333333334,3.6666666666666665,27.033333333333335,10.0,2.6666666666666665,32.13333333333333,0.3333333333333333,1.0,1.1666666666666667,46.666666666666664,13.5,3.1666666666666665,27.450000000000003,9.0,3.5,42.56666666666667,0.2857142857142857,1.0,1.2,43.4,11.8,3.2,30.220000000000006,10.4,4.0,41.08,0.4,1.0,1.3333333333333333,45.333333333333336,14.333333333333334,3.6666666666666665,27.033333333333335,10.0,2.6666666666666665,32.13333333333333,0.3333333333333333,1.0,1.1666666666666667,46.666666666666664,13.5,3.1666666666666665,27.450000000000003,9.0,3.5,42.56666666666667,0.2857142857142857,11,14,1.2727272727272727,9,19,-10,12,,,,,,,,,,0.2,,,,,,,,,,0.0,0.8181818181818182,1.7272727272727273,46.72727272727273,13.272727272727273,4.2727272727272725,34.36363636363637,14.727272727272727,5.454545454545454,33.90909090909091,0.3076923076923077,,,,,,,,,,0.0,,,,,,,,,,0.0,0.6,2.6,46.4,14.4,4.4,31.5,18.2,7.8,44.32,0.0,,,,,,,,,,0.0,,,,,,,,,,0.0,0.6,2.6,46.4,14.4,4.4,31.5,18.2,7.8,44.32,0.0,,,,,,,,,,0.0,,,,,,,,,,0.0,0.18181818181818177,-0.9090909090909091,-0.09090909090909349,-0.6363636363636367,-0.7272727272727271,-4.81818181818182,-5.454545454545453,-1.9090909090909087,6.127272727272725,0.0,,,,,,,,,,0.4,,,,,,,,,,0.3333333333333333,0.4,-1.4333333333333333,0.2666666666666657,-0.9000000000000004,-1.2333333333333338,-4.049999999999997,-9.2,-4.3,-1.7533333333333303,0.2857142857142857,,,,,,,,,,0.4,,,,,,,,,,0.3333333333333333,0.4,-1.4333333333333333,0.2666666666666657,-0.9000000000000004,-1.2333333333333338,-4.049999999999997,-9.2,-4.3,-1.7533333333333303,0.2857142857142857,0,3,0.2727272727272727,2,-10,12,-5
2026-06-13,15,Nublense,Huachipato,,,,,,,11,17,1.5454545454545454,11,9,2,7,,,,,,,,,,0.0,,,,,,,,,,0.0,1.0,0.8181818181818182,46.63636363636363,12.636363636363637,3.5454545454545454,29.545454545454547,9.272727272727273,3.5454545454545454,40.03636363636363,0.26666666666666666,,,,,,,,,,0.2,,,,,,,,,,0.3333333333333333,1.0,1.1666666666666667,46.666666666666664,13.5,3.1666666666666665,27.450000000000003,9.0,3.5,42.56666666666667,0.25,,,,,,,,,,0.2,,,,,,,,,,0.3333333333333333,1.0,1.1666666666666667,46.666666666666664,13.5,3.1666666666666665,27.450000000000003,9.0,3.5,42.56666666666667,0.25,11,19,1.7272727272727273,18,14,4,3,,,,,,,,,,0.2,,,,,,,,,,0.0,1.6363636363636365,1.2727272727272727,47.54545454545455,12.727272727272727,5.181818181818182,38.81818181818182,14.272727272727273,4.0,26.94545454545454,0.4,,,,,,,,,,0.2,,,,,,,,,,0.3333333333333333,0.8333333333333334,1.0,46.0,11.0,3.5,30.46666666666667,14.5,4.0,26.666666666666668,0.25,,,,,,,,,,0.2,,,,,,,,,,0.3333333333333333,0.8333333333333334,1.0,46.0,11.0,3.5,30.46666666666667,14.5,4.0,26.666666666666668,0.25,,,,,,,,,,-0.2,,,,,,,,,,0.0,-0.6363636363636365,-0.4545454545454545,-0.9090909090909136,-0.09090909090908994,-1.6363636363636362,-9.272727272727273,-5.0,-0.4545454545454546,13.09090909090909,-0.13333333333333336,,,,,,,,,,0.0,,,,,,,,,,0.0,0.16666666666666663,0.16666666666666674,0.6666666666666643,2.5,-0.3333333333333335,-3.0166666666666657,-5.5,-0.5,15.900000000000002,0.0,,,,,,,,,,0.0,,,,,,,,,,0.0,0.16666666666666663,0.16666666666666674,0.6666666666666643,2.5,-0.3333333333333335,-3.0166666666666657,-5.5,-0.5,15.900000000000002,0.0,0,-2,-0.18181818181818188,-7,-5,-2,4
2026-07-26,16,Nublense,Palestino,,,,,,,11,17,1.5454545454545454,11,9,2,7,,,,,,,,,,0.0,,,,,,,,,,0.0,1.0,0.8181818181818182,46.63636363636363,12.636363636363637,3.5454545454545454,29.545454545454547,9.272727272727273,3.5454545454545454,40.03636363636363,0.25,,,,,,,,,,0.2,,,,,,,,,,0.0,1.0,1.1666666666666667,46.666666666666664,13.5,3.1666666666666665,27.450000000000003,9.0,3.5,42.56666666666667,0.2222222222222222,,,,,,,,,,0.2,,,,,,,,,,0.0,1.0,1.1666666666666667,46.666666666666664,13.5,3.1666666666666665,27.450000000000003,9.0,3.5,42.56666666666667,0.2222222222222222,11,14,1.2727272727272727,14,18,-4,11,,,,,,,,,,0.0,,,,,,,,,,0.0,1.2727272727272727,1.6363636363636365,50.36363636363637,13.909090909090908,4.363636363636363,31.781818181818185,11.818181818181818,4.090909090909091,34.627272727272725,0.25,,,,,,,,,,0.2,,,,,,,,,,0.3333333333333333,0.8,2.4,47.8,11.2,3.4,31.380000000000003,15.8,5.2,31.68,0.125,,,,,,,,,,0.2,,,,,,,,,,0.3333333333333333,0.8,2.4,47.8,11.2,3.4,31.380000000000003,15.8,5.2,31.68,0.125,,,,,,,,,,0.0,,,,,,,,,,0.0,-0.2727272727272727,-0.8181818181818182,-3.7272727272727337,-1.2727272727272716,-0.8181818181818179,-2.236363636363638,-2.545454545454545,-0.5454545454545454,5.4090909090909065,0.0,,,,,,,,,,0.0,,,,,,,,,,-0.3333333333333333,0.19999999999999996,-1.2333333333333332,-1.1333333333333329,2.3000000000000007,-0.2333333333333334,-3.9299999999999997,-6.800000000000001,-1.7000000000000002,10.88666666666667,0.09722222222222221,,,,,,,,,,0.0,,,,,,,,,,-0.3333333333333333,0.19999999999999996,-1.2333333333333332,-1.1333333333333329,2.3000000000000007,-0.2333333333333334,-3.9299999999999997,-6.800000000000001,-1.7000000000000002,10.88666666666667,0.09722222222222221,0,3,0.2727272727272727,-3,-9,6,-4
2026-08-16,19,Nublense,Union La Calera,,,,,,,11,17,1.5454545454545454,11,9,2,7,,,,,,,,,,0.0,,,,,,,,,,0.0,1.0,0.8181818181818182,46.63636363636363,12.636363636363637,3.5454545454545454,29.545454545454547,9.272727272727273,3.5454545454545454,40.03636363636363,0.21052631578947367,,,,,,,,,,0.2,,,,,,,,,,0.0,1.0,1.1666666666666667,46.666666666666664,13.5,3.1666666666666665,27.450000000000003,9.0,3.5,42.56666666666667,0.2,,,,,,,,,,0.2,,,,,,,,,,0.0,1.0,1.1666666666666667,46.666666666666664,13.5,3.1666666666666665,27.450000000000003,9.0,3.5,42.56666666666667,0.2,11,10,0.9090909090909091,10,21,-11,15,,,,,,,,,,0.0,,,,,,,,,,0.0,0.9090909090909091,1.9090909090909092,51.81818181818182,10.818181818181818,3.3636363636363638,30.872727272727275,12.363636363636363,4.2727272727272725,34.47272727272727,0.15789473684210525,,,,,,,,,,0.2,,,,,,,,,,0.0,0.4,2.4,49.8,8.4,2.2,23.619999999999997,14.2,5.2,38.8,0.1111111111111111,,,,,,,,,,0.2,,,,,,,,,,0.0,0.4,2.4,49.8,8.4,2.2,23.619999999999997,14.2,5.2,38.8,0.1111111111111111,,,,,,,,,,0.0,,,,,,,,,,0.0,0.09090909090909094,-1.0909090909090908,-5.181818181818187,1.8181818181818183,0.18181818181818166,-1.327272727272728,-3.09090909090909,-0.7272727272727271,5.563636363636363,0.05263157894736842,,,,,,,,,,0.0,,,,,,,,,,0.0,0.6,-1.2333333333333332,-3.133333333333333,5.1,0.9666666666666663,3.8300000000000054,-5.199999999999999,-1.7000000000000002,3.766666666666673,0.0888888888888889,,,,,,,,,,0.0,,,,,,,,,,0.0,0.6,-1.2333333333333332,-3.133333333333333,5.1,0.9666666666666663,3.8300000000000054,-5.199999999999999,-1.7000000000000002,3.766666666666673,0.0888888888888889,0,7,0.6363636363636364,1,-12,13,-8
2026-08-30,21,Nublense,Deportes Concepcion,,,,,,,11,17,1.5454545454545454,11,9,2,7,,,,,,,,,,0.0,,,,,,,,,,0.0,1.0,0.8181818181818182,46.63636363636363,12.636363636363637,3.5454545454545454,29.545454545454547,9.272727272727273,3.5454545454545454,40.03636363636363,0.19047619047619047,,,,,,,,,,0.0,,,,,,,,,,0.0,1.0,1.1666666666666667,46.666666666666664,13.5,3.1666666666666665,27.450000000000003,9.0,3.5,42.56666666666667,0.18181818181818182,,,,,,,,,,0.0,,,,,,,,,,0.0,1.0,1.1666666666666667,46.666666666666664,13.5,3.1666666666666665,27.450000000000003,9.0,3.5,42.56666666666667,0.18181818181818182,11,8,0.7272727272727273,8,17,-9,16,,,,,,,,,,0.0,,,,,,,,,,0.0,0.7272727272727273,1.5454545454545454,48.45454545454545,11.727272727272727,2.909090909090909,24.427272727272726,13.090909090909092,4.363636363636363,37.14545454545455,0.09523809523809523,,,,,,,,,,0.2,,,,,,,,,,0.3333333333333333,0.5714285714285714,1.4285714285714286,47.285714285714285,11.571428571428571,2.7142857142857144,24.2,13.857142857142858,4.428571428571429,36.771428571428565,0.2,,,,,,,,,,0.2,,,,,,,,,,0.3333333333333333,0.5714285714285714,1.4285714285714286,47.285714285714285,11.571428571428571,2.7142857142857144,24.2,13.857142857142858,4.428571428571429,36.771428571428565,0.2,,,,,,,,,,0.0,,,,,,,,,,0.0,0.2727272727272727,-0.7272727272727272,-1.8181818181818201,0.9090909090909101,0.6363636363636362,5.118181818181821,-3.8181818181818183,-0.8181818181818179,2.8909090909090835,0.09523809523809523,,,,,,,,,,-0.2,,,,,,,,,,-0.3333333333333333,0.4285714285714286,-0.26190476190476186,-0.6190476190476204,1.9285714285714288,0.4523809523809521,3.2500000000000036,-4.857142857142858,-0.9285714285714288,5.795238095238105,-0.018181818181818188,,,,,,,,,,-0.2,,,,,,,,,,-0.3333333333333333,0.4285714285714286,-0.26190476190476186,-0.6190476190476204,1.9285714285714288,0.4523809523809521,3.2500000000000036,-4.857142857142858,-0.9285714285714288,5.795238095238105,-0.018181818181818188,0,9,0.8181818181818181,3,-8,11,-9
2026-09-13,23,Nublense,Everton,,,,,,,11,17,1.5454545454545454,11,9,2,7,,,,,,,,,,0.0,,,,,,,,,,0.0,1.0,0.8181818181818182,46.63636363636363,12.636363636363637,3.5454545454545454,29.545454545454547,9.272727272727273,3.5454545454545454,40.03636363636363,0.17391304347826086,,,,,,,,,,0.0,,,,,,,,,,0.0,1.0,1.1666666666666667,46.666666666666664,13.5,3.1666666666666665,27.450000000000003,9.0,3.5,42.56666666666667,0.16666666666666666,,,,,,,,,,0.0,,,,,,,,,,0.0,1.0,1.1666666666666667,46.666666666666664,13.5,3.1666666666666665,27.450000000000003,9.0,3.5,42.56666666666667,0.16666666666666666,11,15,1.3636363636363635,12,10,2,9,,,,,,,,,,0.0,,,,,,,,,,0.0,1.0909090909090908,0.9090909090909091,45.63636363636363,11.272727272727273,3.727272727272727,33.418181818181814,14.363636363636363,4.7272727272727275,33.127272727272725,0.17391304347826086,,,,,,,,,,0.0,,,,,,,,,,0.0,1.0,1.2,41.8,9.0,3.4,34.82,16.0,4.6,29.4,0.09090909090909091,,,,,,,,,,0.0,,,,,,,,,,0.0,1.0,1.2,41.8,9.0,3.4,34.82,16.0,4.6,29.4,0.09090909090909091,,,,,,,,,,0.0,,,,,,,,,,0.0,-0.09090909090909083,-0.09090909090909083,1.0,1.3636363636363633,-0.18181818181818166,-3.8727272727272677,-5.09090909090909,-1.181818181818182,6.9090909090909065,0.0,,,,,,,,,,0.0,,,,,,,,,,0.0,0.0,-0.033333333333333215,4.866666666666667,4.5,-0.2333333333333334,-7.369999999999997,-7.0,-1.0999999999999996,13.166666666666671,0.07575757575757575,,,,,,,,,,0.0,,,,,,,,,,0.0,0.0,-0.033333333333333215,4.866666666666667,4.5,-0.2333333333333334,-7.369999999999997,-7.0,-1.0999999999999996,13.166666666666671,0.07575757575757575,0,2,0.18181818181818188,-1,-1,0,-2
2026-10-25,25,Nublense,Coquimbo Unido,,,,,,,11,17,1.5454545454545454,11,9,2,7,,,,,,,,,,0.0,,,,,,,,,,0.0,1.0,0.8181818181818182,46.63636363636363,12.636363636363637,3.5454545454545454,29.545454545454547,9.272727272727273,3.5454545454545454,40.03636363636363,0.16,,,,,,,,,,0.0,,,,,,,,,,0.0,1.0,1.1666666666666667,46.666666666666664,13.5,3.1666666666666665,27.450000000000003,9.0,3.5,42.56666666666667,0.15384615384615385,,,,,,,,,,0.0,,,,,,,,,,0.0,1.0,1.1666666666666667,46.666666666666664,13.5,3.1666666666666665,27.450000000000003,9.0,3.5,42.56666666666667,0.15384615384615385,10,16,1.6,14,12,2,8,,,,,,,,,,0.0,,,,,,,,,,0.0,1.4,1.2,47.9,13.9,4.5,32.68,11.2,4.0,32.87,0.2,,,,,,,,,,0.0,,,,,,,,,,0.0,1.4,1.2,45.2,11.2,4.2,37.04,11.2,3.4,25.5,0.23076923076923078,,,,,,,,,,0.0,,,,,,,,,,0.0,1.4,1.2,45.2,11.2,4.2,37.04,11.2,3.4,25.5,0.23076923076923078,,,,,,,,,,0.0,,,,,,,,,,0.0,-0.3999999999999999,-0.3818181818181817,-1.2636363636363654,-1.2636363636363637,-0.9545454545454546,-3.134545454545453,-1.927272727272726,-0.4545454545454546,7.166363636363634,-0.04000000000000001,,,,,,,,,,0.0,,,,,,,,,,0.0,-0.3999999999999999,-0.033333333333333215,1.4666666666666615,2.3000000000000007,-1.0333333333333337,-9.589999999999996,-2.1999999999999993,0.10000000000000009,17.06666666666667,-0.07692307692307693,,,,,,,,,,0.0,,,,,,,,,,0.0,-0.3999999999999999,-0.033333333333333215,1.4666666666666615,2.3000000000000007,-1.0333333333333337,-9.589999999999996,-2.1999999999999993,0.10000000000000009,17.06666666666667,-0.07692307692307693,1,1,-0.054545454545454675,-3,-3,0,-1
2026-11-08,27,Nublense,Colo-Colo,,,,,,,11,17,1.5454545454545454,11,9,2,7,,,,,,,,,,0.0,,,,,,,,,,0.0,1.0,0.8181818181818182,46.63636363636363,12.636363636363637,3.5454545454545454,29.545454545454547,9.272727272727273,3.5454545454545454,40.03636363636363,0.14814814814814814,,,,,,,,,,0.0,,,,,,,,,,0.0,1.0,1.1666666666666667,46.666666666666664,13.5,3.1666666666666665,27.450000000000003,9.0,3.5,42.56666666666667,0.14285714285714285,,,,,,,,,,0.0,,,,,,,,,,0.0,1.0,1.1666666666666667,46.666666666666664,13.5,3.1666666666666665,27.450000000000003,9.0,3.5,42.56666666666667,0.14285714285714285,10,21,2.1,11,6,5,2,,,,,,,,,,0.0,,,,,,,,,,0.0,1.1,0.6,61.7,14.9,4.6,31.119999999999997,8.0,2.3,27.68,0.25925925925925924,,,,,,,,,,0.0,,,,,,,,,,0.0,1.2,0.8,63.6,13.2,4.4,33.959999999999994,8.2,2.4,26.939999999999998,0.2857142857142857,,,,,,,,,,0.0,,,,,,,,,,0.0,1.2,0.8,63.6,13.2,4.4,33.959999999999994,8.2,2.4,26.939999999999998,0.2857142857142857,,,,,,,,,,0.0,,,,,,,,,,0.0,-0.10000000000000009,0.21818181818181825,-15.06363636363637,-2.2636363636363637,-1.0545454545454542,-1.5745454545454507,1.2727272727272734,1.2454545454545456,12.356363636363632,-0.1111111111111111,,,,,,,,,,0.0,,,,,,,,,,0.0,-0.19999999999999996,0.3666666666666667,-16.933333333333337,0.3000000000000007,-1.2333333333333338,-6.509999999999991,0.8000000000000007,1.1,15.626666666666672,-0.14285714285714285,,,,,,,,,,0.0,,,,,,,,,,0.0,-0.19999999999999996,0.3666666666666667,-16.933333333333337,0.3000000000000007,-1.2333333333333338,-6.509999999999991,0.8000000000000007,1.1,15.626666666666672,-0.14285714285714285,1,-4,-0.5545454545454547,0,3,-3,5
2026-11-29,29,Nublense,Cobresal,,,,,,,11,17,1.5454545454545454,11,9,2,7,,,,,,,,,,0.0,,,,,,,,,,0.0,1.0,0.8181818181818182,46.63636363636363,12.636363636363637,3.5454545454545454,29.545454545454547,9.272727272727273,3.5454545454545454,40.03636363636363,0.13793103448275862,,,,,,,,,,0.0,,,,,,,,,,0.0,1.0,1.1666666666666667,46.666666666666664,13.5,3.1666666666666665,27.450000000000003,9.0,3.5,42.56666666666667,0.13333333333333333,,,,,,,,,,0.0,,,,,,,,,,0.0,1.0,1.1666666666666667,46.666666666666664,13.5,3.1666666666666665,27.450000000000003,9.0,3.5,42.56666666666667,0.13333333333333333,11,10,0.9090909090909091,17,23,-6,14,,,,,,,,,,0.0,,,,,,,,,,0.0,1.5454545454545454,2.090909090909091,45.18181818181818,13.0,4.2727272727272725,34.38181818181818,17.454545454545453,5.636363636363637,31.472727272727273,0.10344827586206896,,,,,,,,,,0.0,,,,,,,,,,0.0,1.5,2.0,43.0,10.666666666666666,3.3333333333333335,31.55,19.333333333333332,6.666666666666667,33.300000000000004,0.06666666666666667,,,,,,,,,,0.0,,,,,,,,,,0.0,1.5,2.0,43.0,10.666666666666666,3.3333333333333335,31.55,19.333333333333332,6.666666666666667,33.300000000000004,0.06666666666666667,,,,,,,,,,0.0,,,,,,,,,,0.0,-0.5454545454545454,-1.2727272727272725,1.4545454545454533,-0.3636363636363633,-0.7272727272727271,-4.836363636363636,-8.18181818181818,-2.0909090909090913,8.563636363636359,0.034482758620689655,,,,,,,,,,0.0,,,,,,,,,,0.0,-0.5,-0.8333333333333333,3.6666666666666643,2.833333333333334,-0.16666666666666696,-4.099999999999998,-10.333333333333332,-3.166666666666667,9.266666666666666,0.06666666666666667,,,,,,,,,,0.0,,,,,,,,,,0.0,-0.5,-0.8333333333333333,3.6666666666666643,2.833333333333334,-0.16666666666666696,-4.099999999999998,-10.333333333333332,-3.166666666666667,9.266666666666666,0.06666666666666667,0,7,0.6363636363636364,-6,-14,8,-7
2026-02-02,1,O'Higgins,Deportes Concepcion,1.0,2.0,1.0,1.0,2.0,W,0,0,0.0,0,0,0,12,,,,,,,,,,,,,,,,,,,,,,,,,,,,,,,,,,,,,,,,,,,,,,,,,,,,,,,,,,,,,,,,,,,,,,,,,,,,,,,,,,,,,,,,,,,0,0,0.0,0,0,0,11,,,,,,,,,,,,,,,,,,,,,,,,,,,,,,,,,,,,,,,,,,,,,,,,,,,,,,,,,,,,,,,,,,,,,,,,,,,,,,,,,,,,,,,,,,,,,,,,,,,,,,,,,,,,,,,,,,,,,,,,,,,,,,,,,,,,,,,,,,,,,,,,,,,,,,,,,,,,,,,,,,,,,,,,,,,,,,,,,,,,,0,0,0.0,0,0,0,1
2026-02-07,2,O'Higgins,La Serena,1.0,1.0,0.0,0.0,1.0,W,1,3,3.0,2,1,1,5,,,,,,,,,,,,,,,,,,,,,,,,,,,,,,,,,,,,,,,,,,,,,,,,,,,,,,,,,,,,,,,,,,,,,,,,,,,,,,,,,,,,,,,,,,,1,1,1.0,2,2,0,8,,,,,,,,,,,,,,,,,,,,,,,,,,,,,,,,,,,,,,,,,,,,,,,,,,,,,,,,,,,,,,,,,,,,,,,,,,,,,,,,,,,,,,,,,,,,,,,,,,,,,,,,,,,,,,,,,,,,,,,,,,,,,,,,,,,,,,,,,,,,,,,,,,,,,,,,,,,,,,,,,,,,,,,,,,,,,,,,,,,,,0,2,2.0,0,-1,1,-3
2026-02-21,4,O'Higgins,Colo-Colo,-1.0,0.0,1.0,1.0,0.0,L,3,6,2.0,4,3,1,7,,,,,,,,,,,1.3333333333333333,1.0,53.333333333333336,12.666666666666666,4.666666666666667,37.63333333333333,9.333333333333334,4.0,44.86666666666667,0.6666666666666666,,,,,,,,,,,,,,,,,,,,,,,,,,,,,,0.6666666666666666,,,,,,,,,,,,,,,,,,,,,,,,,,,,,,0.6666666666666666,,,,,,,,,,,3,6,2.0,4,3,1,6,,,,,,,,,,,1.3333333333333333,1.0,62.666666666666664,20.666666666666668,6.666666666666667,32.5,8.333333333333334,1.6666666666666667,18.133333333333333,0.6666666666666666,,,,,,,,,,,,,,,,,,,,,,,,,,,,,,,,,,,,,,,,,,,,,,,,,,,,,,,,,,,,,,,,,,,,,,,,,,,,,,,,,0.0,0.0,-9.333333333333329,-8.000000000000002,-2.0,5.133333333333333,1.0,2.333333333333333,26.733333333333334,0.0,,,,,,,,,,,,,,,,,,,,,,,,,,,,,,,,,,,,,,,,,,,,,,,,,,,,,,,,,,,,,,,,,,,,,,,0,0,0.0,0,0,0,1
2026-03-07,6,O'Higgins,Universidad Catolica,1.0,1.0,0.0,0.0,1.0,W,5,6,1.2,6,8,-2,13,1.2,1.6,50.0,11.0,4.0,37.019999999999996,11.8,4.6,40.94,0.4,1.0,2.3333333333333335,51.333333333333336,10.666666666666666,3.3333333333333335,32.96666666666667,13.333333333333334,5.666666666666667,45.599999999999994,0.0,1.2,1.6,50.0,11.0,4.0,37.019999999999996,11.8,4.6,40.94,0.3333333333333333,,,,,,,,,,,1.0,0.6666666666666666,46.666666666666664,10.666666666666666,4.0,36.13333333333333,10.333333333333334,3.3333333333333335,33.73333333333333,0.6666666666666666,,,,,,,,,,,,,,,,,,,,,1.0,0.6666666666666666,46.666666666666664,10.666666666666666,4.0,36.13333333333333,10.333333333333334,3.3333333333333335,33.73333333333333,0.6666666666666666,,,,,,,,,,,5,10,2.0,11,7,4,4,2.2,1.4,57.8,14.8,5.6,39.96,10.2,4.6,47.42,0.6,2.3333333333333335,1.6666666666666667,61.0,16.333333333333332,6.333333333333333,42.43333333333334,8.666666666666666,5.0,55.699999999999996,0.6666666666666666,2.2,1.4,57.8,14.8,5.6,39.96,10.2,4.6,47.42,0.5,,,,,,,,,,,2.0,2.0,61.0,15.666666666666666,5.333333333333333,37.13333333333333,9.0,5.333333333333333,57.56666666666666,0.3333333333333333,,,,,,,,,,,,,,,,,,,,,2.0,2.0,61.0,15.666666666666666,5.333333333333333,37.13333333333333,9.0,5.333333333333333,57.56666666666666,0.3333333333333333,,,,,,,,,,,-1.0000000000000002,0.20000000000000018,-7.799999999999997,-3.8000000000000007,-1.5999999999999996,-2.940000000000005,1.6000000000000014,0.0,-6.480000000000004,-0.19999999999999996,-1.3333333333333335,0.6666666666666667,-9.666666666666664,-5.666666666666666,-2.9999999999999996,-9.466666666666669,4.666666666666668,0.666666666666667,-10.100000000000001,-0.6666666666666666,-1.0000000000000002,0.20000000000000018,-7.799999999999997,-3.8000000000000007,-1.5999999999999996,-2.940000000000005,1.6000000000000014,0.0,-6.480000000000004,-0.16666666666666669,,,,,,,,,,,-1.0,-1.3333333333333335,-14.333333333333336,-5.0,-1.333333333333333,-1.0,1.333333333333334,-1.9999999999999996,-23.833333333333336,0.3333333333333333,,,,,,,,,,,,,,,,,,,,,-1.0,-1.3333333333333335,-14.333333333333336,-5.0,-1.333333333333333,-1.0,1.333333333333334,-1.9999999999999996,-23.833333333333336,0.3333333333333333,,,,,,,,,,,0,-4,-0.8,-5,1,-6,9
2026-04-03,8,O'Higgins,Audax Italiano,1.0,2.0,1.0,1.0,2.0,W,7,10,1.4285714285714286,10,11,-1,10,1.4,2.0,47.6,10.4,3.8,37.6,12.8,5.0,41.12,0.2,2.0,2.3333333333333335,43.333333333333336,9.333333333333334,4.333333333333333,46.366666666666674,14.333333333333334,5.0,35.199999999999996,0.3333333333333333,1.4285714285714286,1.5714285714285714,47.714285714285715,10.714285714285714,4.142857142857143,39.17142857142857,11.857142857142858,4.428571428571429,39.07142857142857,0.375,,,,,,,,,,0.6,0.6666666666666666,0.3333333333333333,43.666666666666664,8.666666666666666,3.0,35.03333333333333,9.0,3.3333333333333335,37.9,0.6666666666666666,,,,,,,,,,0.6,,,,,,,,,,0.6,0.6666666666666666,0.3333333333333333,43.666666666666664,8.666666666666666,3.0,35.03333333333333,9.0,3.3333333333333335,37.9,0.6666666666666666,,,,,,,,,,0.6,7,10,1.4285714285714286,7,5,2,7,0.8,1.0,53.4,9.4,3.2,31.860000000000003,11.0,2.8,25.4,0.4,1.0,1.3333333333333333,47.0,9.0,2.3333333333333335,23.833333333333332,13.0,3.6666666666666665,30.099999999999998,0.3333333333333333,1.0,0.7142857142857143,53.57142857142857,9.285714285714286,3.2857142857142856,33.971428571428575,11.0,2.5714285714285716,23.514285714285712,0.375,,,,,,,,,,,0.0,1.3333333333333333,56.0,10.0,4.0,41.03333333333333,8.666666666666666,3.0,31.5,0.0,,,,,,,,,,,,,,,,,,,,,0.0,1.3333333333333333,56.0,10.0,4.0,41.03333333333333,8.666666666666666,3.0,31.5,0.0,,,,,,,,,,,0.5999999999999999,1.0,-5.799999999999997,1.0,0.5999999999999996,5.739999999999998,1.8000000000000007,2.2,15.719999999999999,-0.2,1.0,1.0000000000000002,-3.6666666666666643,0.3333333333333339,1.9999999999999996,22.533333333333342,1.333333333333334,1.3333333333333335,5.099999999999998,0.0,0.4285714285714286,0.8571428571428571,-5.857142857142854,1.428571428571427,0.8571428571428577,5.199999999999996,0.8571428571428577,1.8571428571428572,15.557142857142857,0.0,,,,,,,,,,,0.6666666666666666,-1.0,-12.333333333333336,-1.333333333333334,-1.0,-6.0,0.3333333333333339,0.3333333333333335,6.399999999999999,0.6666666666666666,,,,,,,,,,,,,,,,,,,,,0.6666666666666666,-1.0,-12.333333333333336,-1.333333333333334,-1.0,-6.0,0.3333333333333339,0.3333333333333335,6.399999999999999,0.6666666666666666,,,,,,,,,,,0,0,0.0,3,6,-3,3
2026-04-10,9,O'Higgins,Huachipato,-1.0,0.0,2.0,2.0,0.0,L,8,13,1.625,12,12,0,6,1.6,1.8,44.4,11.8,4.6,39.54,13.4,4.4,32.78,0.4,2.0,1.3333333333333333,44.0,14.0,5.666666666666667,41.833333333333336,12.0,3.6666666666666665,31.266666666666666,0.6666666666666666,1.5,1.5,47.75,12.125,4.625,38.825,11.875,4.25,37.3125,0.4444444444444444,1.2,0.6,45.4,12.2,4.6,37.54,10.2,3.2,32.739999999999995,0.8,1.0,0.6666666666666666,43.666666666666664,12.666666666666666,4.333333333333333,33.833333333333336,10.666666666666666,3.3333333333333335,31.933333333333326,0.6666666666666666,1.2,0.6,45.4,12.2,4.6,37.54,10.2,3.2,32.739999999999995,0.6666666666666666,1.2,0.6,45.4,12.2,4.6,37.54,10.2,3.2,32.739999999999995,0.8,1.0,0.6666666666666666,43.666666666666664,12.666666666666666,4.333333333333333,33.833333333333336,10.666666666666666,3.3333333333333335,31.933333333333326,0.6666666666666666,1.2,0.6,45.4,12.2,4.6,37.54,10.2,3.2,32.739999999999995,0.6666666666666666,8,12,1.5,13,12,1,7,1.6,2.0,51.6,13.8,5.0,31.74,15.0,4.6,28.919999999999998,0.4,2.0,2.0,49.333333333333336,12.333333333333334,5.333333333333333,37.43333333333333,15.0,4.666666666666667,29.666666666666668,0.3333333333333333,1.625,1.5,49.0,13.5,5.5,38.1375,14.125,4.125,27.65,0.4444444444444444,,,,,,,,,,0.2,1.0,1.6666666666666667,48.333333333333336,10.666666666666666,4.333333333333333,35.46666666666667,13.666666666666666,4.0,27.366666666666664,0.3333333333333333,,,,,,,,,,0.2,,,,,,,,,,0.2,1.0,1.6666666666666667,48.333333333333336,10.666666666666666,4.333333333333333,35.46666666666667,13.666666666666666,4.0,27.366666666666664,0.3333333333333333,,,,,,,,,,0.2,0.0,-0.19999999999999996,-7.200000000000003,-2.0,-0.40000000000000036,7.800000000000001,-1.5999999999999996,-0.1999999999999993,3.860000000000003,0.0,0.0,-0.6666666666666667,-5.333333333333336,1.666666666666666,0.3333333333333339,4.400000000000006,-3.0,-1.0000000000000004,1.5999999999999979,0.3333333333333333,-0.125,0.0,-1.25,-1.375,-0.875,0.6875,-2.25,0.125,9.662500000000001,0.0,,,,,,,,,,0.6000000000000001,0.0,-1.0,-4.666666666666671,2.0,0.0,-1.6333333333333329,-3.0,-0.6666666666666665,4.566666666666663,0.3333333333333333,,,,,,,,,,0.4666666666666666,,,,,,,,,,0.6000000000000001,0.0,-1.0,-4.666666666666671,2.0,0.0,-1.6333333333333329,-3.0,-0.6666666666666665,4.566666666666663,0.3333333333333333,,,,,,,,,,0.4666666666666666,0,1,0.125,-1,0,-1,-1
2026-05-16,12,O'Higgins,Universidad de Concepcion,,,,,,,11,19,1.7272727272727273,17,16,1,4,2.0,1.6,53.8,14.6,5.6,42.64,13.6,3.6,26.919999999999998,0.6,1.6666666666666667,1.3333333333333333,58.666666666666664,12.666666666666666,4.666666666666667,43.53333333333333,13.333333333333334,3.3333333333333335,26.100000000000005,0.6666666666666666,1.5454545454545454,1.4545454545454546,50.72727272727273,12.272727272727273,4.636363636363637,40.10909090909092,12.272727272727273,4.0,34.25454545454546,0.5,0.8,0.8,48.6,13.0,4.2,33.0,10.0,3.4,35.019999999999996,0.6,1.0,1.0,50.333333333333336,15.333333333333334,5.0,34.26666666666666,10.333333333333334,3.3333333333333335,32.96666666666667,0.6666666666666666,1.0,0.8333333333333334,48.5,13.0,4.5,35.199999999999996,10.333333333333334,3.3333333333333335,33.35,0.5714285714285714,0.8,0.8,48.6,13.0,4.2,33.0,10.0,3.4,35.019999999999996,0.6,1.0,1.0,50.333333333333336,15.333333333333334,5.0,34.26666666666666,10.333333333333334,3.3333333333333335,32.96666666666667,0.6666666666666666,1.0,0.8333333333333334,48.5,13.0,4.5,35.199999999999996,10.333333333333334,3.3333333333333335,33.35,0.5714285714285714,11,14,1.2727272727272727,9,19,-10,12,0.8,2.0,46.8,12.4,3.8,31.1,16.4,5.8,33.44,0.4,0.6666666666666666,1.6666666666666667,45.333333333333336,10.666666666666666,4.0,37.96666666666667,18.0,4.666666666666667,23.099999999999998,0.3333333333333333,0.8181818181818182,1.7272727272727273,46.72727272727273,13.272727272727273,4.2727272727272725,34.36363636363637,14.727272727272727,5.454545454545454,33.90909090909091,0.3333333333333333,0.6,2.6,46.4,14.4,4.4,31.5,18.2,7.8,44.32,0.0,0.6666666666666666,3.0,46.333333333333336,15.0,5.0,33.3,21.0,9.0,45.46666666666667,0.0,0.6,2.6,46.4,14.4,4.4,31.5,18.2,7.8,44.32,0.0,0.6,2.6,46.4,14.4,4.4,31.5,18.2,7.8,44.32,0.0,0.6666666666666666,3.0,46.333333333333336,15.0,5.0,33.3,21.0,9.0,45.46666666666667,0.0,0.6,2.6,46.4,14.4,4.4,31.5,18.2,7.8,44.32,0.0,1.2,-0.3999999999999999,7.0,2.1999999999999993,1.7999999999999998,11.54,-2.799999999999999,-2.1999999999999997,-6.52,0.19999999999999996,1.0,-0.3333333333333335,13.333333333333329,2.0,0.666666666666667,5.566666666666663,-4.666666666666666,-1.3333333333333335,3.000000000000007,0.3333333333333333,0.7272727272727272,-0.2727272727272727,4.0,-1.0,0.3636363636363642,5.74545454545455,-2.4545454545454533,-1.4545454545454541,0.345454545454551,0.16666666666666669,0.20000000000000007,-1.8,2.200000000000003,-1.4000000000000004,-0.20000000000000018,1.5,-8.2,-4.4,-9.300000000000004,0.6,0.33333333333333337,-2.0,4.0,0.3333333333333339,0.0,0.9666666666666615,-10.666666666666666,-5.666666666666666,-12.5,0.6666666666666666,0.4,-1.7666666666666666,2.1000000000000014,-1.4000000000000004,0.09999999999999964,3.6999999999999957,-7.866666666666665,-4.466666666666667,-10.969999999999999,0.5714285714285714,0.20000000000000007,-1.8,2.200000000000003,-1.4000000000000004,-0.20000000000000018,1.5,-8.2,-4.4,-9.300000000000004,0.6,0.33333333333333337,-2.0,4.0,0.3333333333333339,0.0,0.9666666666666615,-10.666666666666666,-5.666666666666666,-12.5,0.6666666666666666,0.4,-1.7666666666666666,2.1000000000000014,-1.4000000000000004,0.09999999999999964,3.6999999999999957,-7.866666666666665,-4.466666666666667,-10.969999999999999,0.5714285714285714,0,5,0.4545454545454546,8,-3,11,-8
2026-05-31,14,O'Higgins,Everton,,,,,,,11,19,1.7272727272727273,17,16,1,4,,,,,,,,,,0.4,,,,,,,,,,0.3333333333333333,1.5454545454545454,1.4545454545454546,50.72727272727273,12.272727272727273,4.636363636363637,40.10909090909092,12.272727272727273,4.0,34.25454545454546,0.42857142857142855,,,,,,,,,,0.4,,,,,,,,,,0.3333333333333333,1.0,0.8333333333333334,48.5,13.0,4.5,35.199999999999996,10.333333333333334,3.3333333333333335,33.35,0.5,,,,,,,,,,0.4,,,,,,,,,,0.3333333333333333,1.0,0.8333333333333334,48.5,13.0,4.5,35.199999999999996,10.333333333333334,3.3333333333333335,33.35,0.5,11,15,1.3636363636363635,12,10,2,9,,,,,,,,,,0.2,,,,,,,,,,0.3333333333333333,1.0909090909090908,0.9090909090909091,45.63636363636363,11.272727272727273,3.727272727272727,33.418181818181814,14.363636363636363,4.7272727272727275,33.127272727272725,0.2857142857142857,,,,,,,,,,0.2,,,,,,,,,,0.0,1.0,1.2,41.8,9.0,3.4,34.82,16.0,4.6,29.4,0.14285714285714285,,,,,,,,,,0.2,,,,,,,,,,0.0,1.0,1.2,41.8,9.0,3.4,34.82,16.0,4.6,29.4,0.14285714285714285,,,,,,,,,,0.2,,,,,,,,,,0.0,0.4545454545454546,0.5454545454545455,5.0909090909090935,1.0,0.9090909090909096,6.690909090909102,-2.09090909090909,-0.7272727272727275,1.1272727272727323,0.14285714285714285,,,,,,,,,,0.2,,,,,,,,,,0.3333333333333333,0.0,-0.3666666666666666,6.700000000000003,4.0,1.1,0.37999999999999545,-5.666666666666666,-1.2666666666666662,3.950000000000003,0.35714285714285715,,,,,,,,,,0.2,,,,,,,,,,0.3333333333333333,0.0,-0.3666666666666666,6.700000000000003,4.0,1.1,0.37999999999999545,-5.666666666666666,-1.2666666666666662,3.950000000000003,0.35714285714285715,0,4,0.36363636363636376,5,6,-1,-5
2026-08-09,18,O'Higgins,CD Limache,,,,,,,11,19,1.7272727272727273,17,16,1,4,,,,,,,,,,0.0,,,,,,,,,,0.0,1.5454545454545454,1.4545454545454546,50.72727272727273,12.272727272727273,4.636363636363637,40.10909090909092,12.272727272727273,4.0,34.25454545454546,0.3333333333333333,,,,,,,,,,0.4,,,,,,,,,,0.0,1.0,0.8333333333333334,48.5,13.0,4.5,35.199999999999996,10.333333333333334,3.3333333333333335,33.35,0.4444444444444444,,,,,,,,,,0.4,,,,,,,,,,0.0,1.0,0.8333333333333334,48.5,13.0,4.5,35.199999999999996,10.333333333333334,3.3333333333333335,33.35,0.4444444444444444,11,21,1.9090909090909092,25,11,14,1,,,,,,,,,,0.0,,,,,,,,,,0.0,2.272727272727273,1.0,44.72727272727273,11.909090909090908,4.818181818181818,42.4,14.0,3.4545454545454546,24.672727272727272,0.3333333333333333,,,,,,,,,,0.0,,,,,,,,,,0.0,1.6666666666666667,1.5,49.166666666666664,9.0,3.3333333333333335,38.71666666666667,14.833333333333334,3.3333333333333335,24.7,0.1,,,,,,,,,,0.0,,,,,,,,,,0.0,1.6666666666666667,1.5,49.166666666666664,9.0,3.3333333333333335,38.71666666666667,14.833333333333334,3.3333333333333335,24.7,0.1,,,,,,,,,,0.0,,,,,,,,,,0.0,-0.7272727272727275,0.4545454545454546,6.0,0.3636363636363651,-0.18181818181818166,-2.290909090909082,-1.7272727272727266,0.5454545454545454,9.581818181818186,0.0,,,,,,,,,,0.4,,,,,,,,,,0.0,-0.6666666666666667,-0.6666666666666666,-0.6666666666666643,4.0,1.1666666666666665,-3.516666666666673,-4.5,0.0,8.650000000000002,0.34444444444444444,,,,,,,,,,0.4,,,,,,,,,,0.0,-0.6666666666666667,-0.6666666666666666,-0.6666666666666643,4.0,1.1666666666666665,-3.516666666666673,-4.5,0.0,8.650000000000002,0.34444444444444444,0,-2,-0.18181818181818188,-8,5,-13,3
2026-08-23,20,O'Higgins,Palestino,,,,,,,11,19,1.7272727272727273,17,16,1,4,,,,,,,,,,0.0,,,,,,,,,,0.0,1.5454545454545454,1.4545454545454546,50.72727272727273,12.272727272727273,4.636363636363637,40.10909090909092,12.272727272727273,4.0,34.25454545454546,0.3,,,,,,,,,,0.2,,,,,,,,,,0.0,1.0,0.8333333333333334,48.5,13.0,4.5,35.199999999999996,10.333333333333334,3.3333333333333335,33.35,0.4,,,,,,,,,,0.2,,,,,,,,,,0.0,1.0,0.8333333333333334,48.5,13.0,4.5,35.199999999999996,10.333333333333334,3.3333333333333335,33.35,0.4,11,14,1.2727272727272727,14,18,-4,11,,,,,,,,,,0.0,,,,,,,,,,0.0,1.2727272727272727,1.6363636363636365,50.36363636363637,13.909090909090908,4.363636363636363,31.781818181818185,11.818181818181818,4.090909090909091,34.627272727272725,0.2,,,,,,,,,,0.2,,,,,,,,,,0.0,0.8,2.4,47.8,11.2,3.4,31.380000000000003,15.8,5.2,31.68,0.1,,,,,,,,,,0.2,,,,,,,,,,0.0,0.8,2.4,47.8,11.2,3.4,31.380000000000003,15.8,5.2,31.68,0.1,,,,,,,,,,0.0,,,,,,,,,,0.0,0.2727272727272727,-0.18181818181818188,0.36363636363635976,-1.636363636363635,0.2727272727272734,8.327272727272732,0.45454545454545503,-0.09090909090909083,-0.3727272727272677,0.09999999999999998,,,,,,,,,,0.0,,,,,,,,,,0.0,0.19999999999999996,-1.5666666666666664,0.7000000000000028,1.8000000000000007,1.1,3.819999999999993,-5.466666666666667,-1.8666666666666667,1.6700000000000017,0.30000000000000004,,,,,,,,,,0.0,,,,,,,,,,0.0,0.19999999999999996,-1.5666666666666664,0.7000000000000028,1.8000000000000007,1.1,3.819999999999993,-5.466666666666667,-1.8666666666666667,1.6700000000000017,0.30000000000000004,0,5,0.4545454545454546,3,-2,5,-7
2026-09-06,22,O'Higgins,Union La Calera,,,,,,,11,19,1.7272727272727273,17,16,1,4,,,,,,,,,,0.0,,,,,,,,,,0.0,1.5454545454545454,1.4545454545454546,50.72727272727273,12.272727272727273,4.636363636363637,40.10909090909092,12.272727272727273,4.0,34.25454545454546,0.2727272727272727,,,,,,,,,,0.0,,,,,,,,,,0.0,1.0,0.8333333333333334,48.5,13.0,4.5,35.199999999999996,10.333333333333334,3.3333333333333335,33.35,0.36363636363636365,,,,,,,,,,0.0,,,,,,,,,,0.0,1.0,0.8333333333333334,48.5,13.0,4.5,35.199999999999996,10.333333333333334,3.3333333333333335,33.35,0.36363636363636365,11,10,0.9090909090909091,10,21,-11,15,,,,,,,,,,0.0,,,,,,,,,,0.0,0.9090909090909091,1.9090909090909092,51.81818181818182,10.818181818181818,3.3636363636363638,30.872727272727275,12.363636363636363,4.2727272727272725,34.47272727272727,0.13636363636363635,,,,,,,,,,0.0,,,,,,,,,,0.0,0.4,2.4,49.8,8.4,2.2,23.619999999999997,14.2,5.2,38.8,0.09090909090909091,,,,,,,,,,0.0,,,,,,,,,,0.0,0.4,2.4,49.8,8.4,2.2,23.619999999999997,14.2,5.2,38.8,0.09090909090909091,,,,,,,,,,0.0,,,,,,,,,,0.0,0.6363636363636364,-0.4545454545454546,-1.0909090909090935,1.454545454545455,1.272727272727273,9.236363636363642,-0.09090909090908994,-0.2727272727272725,-0.2181818181818116,0.13636363636363635,,,,,,,,,,0.0,,,,,,,,,,0.0,0.6,-1.5666666666666664,-1.2999999999999972,4.6,2.3,11.579999999999998,-3.8666666666666654,-1.8666666666666667,-5.449999999999996,0.2727272727272727,,,,,,,,,,0.0,,,,,,,,,,0.0,0.6,-1.5666666666666664,-1.2999999999999972,4.6,2.3,11.579999999999998,-3.8666666666666654,-1.8666666666666667,-5.449999999999996,0.2727272727272727,0,9,0.8181818181818182,7,-5,12,-11
2026-10-25,25,O'Higgins,Cobresal,,,,,,,11,19,1.7272727272727273,17,16,1,4,,,,,,,,,,0.0,,,,,,,,,,0.0,1.5454545454545454,1.4545454545454546,50.72727272727273,12.272727272727273,4.636363636363637,40.10909090909092,12.272727272727273,4.0,34.25454545454546,0.24,,,,,,,,,,0.0,,,,,,,,,,0.0,1.0,0.8333333333333334,48.5,13.0,4.5,35.199999999999996,10.333333333333334,3.3333333333333335,33.35,0.3333333333333333,,,,,,,,,,0.0,,,,,,,,,,0.0,1.0,0.8333333333333334,48.5,13.0,4.5,35.199999999999996,10.333333333333334,3.3333333333333335,33.35,0.3333333333333333,11,10,0.9090909090909091,17,23,-6,14,,,,,,,,,,0.0,,,,,,,,,,0.0,1.5454545454545454,2.090909090909091,45.18181818181818,13.0,4.2727272727272725,34.38181818181818,17.454545454545453,5.636363636363637,31.472727272727273,0.12,,,,,,,,,,0.0,,,,,,,,,,0.0,1.5,2.0,43.0,10.666666666666666,3.3333333333333335,31.55,19.333333333333332,6.666666666666667,33.300000000000004,0.07692307692307693,,,,,,,,,,0.0,,,,,,,,,,0.0,1.5,2.0,43.0,10.666666666666666,3.3333333333333335,31.55,19.333333333333332,6.666666666666667,33.300000000000004,0.07692307692307693,,,,,,,,,,0.0,,,,,,,,,,0.0,0.0,-0.6363636363636362,5.545454545454547,-0.7272727272727266,0.3636363636363642,5.727272727272734,-5.18181818181818,-1.6363636363636367,2.781818181818185,0.12,,,,,,,,,,0.0,,,,,,,,,,0.0,-0.5,-1.1666666666666665,5.5,2.333333333333334,1.1666666666666665,3.649999999999995,-8.999999999999998,-3.3333333333333335,0.04999999999999716,0.2564102564102564,,,,,,,,,,0.0,,,,,,,,,,0.0,-0.5,-1.1666666666666665,5.5,2.333333333333334,1.1666666666666665,3.649999999999995,-8.999999999999998,-3.3333333333333335,0.04999999999999716,0.2564102564102564,0,9,0.8181818181818182,0,-7,7,-10
2026-11-01,26,O'Higgins,Nublense,,,,,,,11,19,1.7272727272727273,17,16,1,4,,,,,,,,,,0.0,,,,,,,,,,0.0,1.5454545454545454,1.4545454545454546,50.72727272727273,12.272727272727273,4.636363636363637,40.10909090909092,12.272727272727273,4.0,34.25454545454546,0.23076923076923078,,,,,,,,,,0.0,,,,,,,,,,0.0,1.0,0.8333333333333334,48.5,13.0,4.5,35.199999999999996,10.333333333333334,3.3333333333333335,33.35,0.3076923076923077,,,,,,,,,,0.0,,,,,,,,,,0.0,1.0,0.8333333333333334,48.5,13.0,4.5,35.199999999999996,10.333333333333334,3.3333333333333335,33.35,0.3076923076923077,11,17,1.5454545454545454,11,9,2,7,,,,,,,,,,0.0,,,,,,,,,,0.0,1.0,0.8181818181818182,46.63636363636363,12.636363636363637,3.5454545454545454,29.545454545454547,9.272727272727273,3.5454545454545454,40.03636363636363,0.15384615384615385,,,,,,,,,,0.0,,,,,,,,,,0.0,1.0,0.4,46.6,11.6,4.0,32.06,9.6,3.6,37.0,0.15384615384615385,,,,,,,,,,0.0,,,,,,,,,,0.0,1.0,0.4,46.6,11.6,4.0,32.06,9.6,3.6,37.0,0.15384615384615385,,,,,,,,,,0.0,,,,,,,,,,0.0,0.5454545454545454,0.6363636363636364,4.0909090909090935,-0.3636363636363633,1.0909090909090913,10.56363636363637,3.0,0.4545454545454546,-5.781818181818174,0.07692307692307693,,,,,,,,,,0.0,,,,,,,,,,0.0,0.0,0.43333333333333335,1.8999999999999986,1.4000000000000004,0.5,3.1399999999999935,0.7333333333333343,-0.2666666666666666,-3.6499999999999986,0.15384615384615385,,,,,,,,,,0.0,,,,,,,,,,0.0,0.0,0.43333333333333335,1.8999999999999986,1.4000000000000004,0.5,3.1399999999999935,0.7333333333333343,-0.2666666666666666,-3.6499999999999986,0.15384615384615385,0,2,0.18181818181818188,6,7,-1,-3
2026-11-22,28,O'Higgins,Universidad de Chile,,,,,,,11,19,1.7272727272727273,17,16,1,4,,,,,,,,,,0.0,,,,,,,,,,0.0,1.5454545454545454,1.4545454545454546,50.72727272727273,12.272727272727273,4.636363636363637,40.10909090909092,12.272727272727273,4.0,34.25454545454546,0.21428571428571427,,,,,,,,,,0.0,,,,,,,,,,0.0,1.0,0.8333333333333334,48.5,13.0,4.5,35.199999999999996,10.333333333333334,3.3333333333333335,33.35,0.2857142857142857,,,,,,,,,,0.0,,,,,,,,,,0.0,1.0,0.8333333333333334,48.5,13.0,4.5,35.199999999999996,10.333333333333334,3.3333333333333335,33.35,0.2857142857142857,11,17,1.5454545454545454,11,6,5,6,,,,,,,,,,0.0,,,,,,,,,,0.0,1.0,0.5454545454545454,55.18181818181818,11.363636363636363,3.727272727272727,32.445454545454545,10.090909090909092,4.2727272727272725,45.38181818181818,0.14285714285714285,,,,,,,,,,0.0,,,,,,,,,,0.0,0.5,0.5,56.5,10.0,3.0,31.133333333333336,11.833333333333334,4.666666666666667,42.71666666666667,0.14285714285714285,,,,,,,,,,0.0,,,,,,,,,,0.0,0.5,0.5,56.5,10.0,3.0,31.133333333333336,11.833333333333334,4.666666666666667,42.71666666666667,0.14285714285714285,,,,,,,,,,0.0,,,,,,,,,,0.0,0.5454545454545454,0.9090909090909092,-4.454545454545453,0.9090909090909101,0.9090909090909096,7.663636363636371,2.1818181818181817,-0.2727272727272725,-11.127272727272725,0.07142857142857142,,,,,,,,,,0.0,,,,,,,,,,0.0,0.5,0.33333333333333337,-8.0,3.0,1.5,4.066666666666659,-1.5,-1.3333333333333335,-9.366666666666667,0.14285714285714285,,,,,,,,,,0.0,,,,,,,,,,0.0,0.5,0.33333333333333337,-8.0,3.0,1.5,4.066666666666659,-1.5,-1.3333333333333335,-9.366666666666667,0.14285714285714285,0,2,0.18181818181818188,6,10,-4,-2
2026-12-06,30,O'Higgins,Coquimbo Unido,,,,,,,11,19,1.7272727272727273,17,16,1,4,,,,,,,,,,0.0,,,,,,,,,,0.0,1.5454545454545454,1.4545454545454546,50.72727272727273,12.272727272727273,4.636363636363637,40.10909090909092,12.272727272727273,4.0,34.25454545454546,0.2,,,,,,,,,,0.0,,,,,,,,,,0.0,1.0,0.8333333333333334,48.5,13.0,4.5,35.199999999999996,10.333333333333334,3.3333333333333335,33.35,0.26666666666666666,,,,,,,,,,0.0,,,,,,,,,,0.0,1.0,0.8333333333333334,48.5,13.0,4.5,35.199999999999996,10.333333333333334,3.3333333333333335,33.35,0.26666666666666666,10,16,1.6,14,12,2,8,,,,,,,,,,0.0,,,,,,,,,,0.0,1.4,1.2,47.9,13.9,4.5,32.68,11.2,4.0,32.87,0.16666666666666666,,,,,,,,,,0.0,,,,,,,,,,0.0,1.4,1.2,45.2,11.2,4.2,37.04,11.2,3.4,25.5,0.2,,,,,,,,,,0.0,,,,,,,,,,0.0,1.4,1.2,45.2,11.2,4.2,37.04,11.2,3.4,25.5,0.2,,,,,,,,,,0.0,,,,,,,,,,0.0,0.1454545454545455,0.25454545454545463,2.827272727272728,-1.627272727272727,0.1363636363636367,7.429090909090917,1.072727272727274,0.0,1.38454545454546,0.033333333333333354,,,,,,,,,,0.0,,,,,,,,,,0.0,-0.3999999999999999,-0.3666666666666666,3.299999999999997,1.8000000000000007,0.2999999999999998,-1.8400000000000034,-0.8666666666666654,-0.06666666666666643,7.850000000000001,0.06666666666666665,,,,,,,,,,0.0,,,,,,,,,,0.0,-0.3999999999999999,-0.3666666666666666,3.299999999999997,1.8000000000000007,0.2999999999999998,-1.8400000000000034,-0.8666666666666654,-0.06666666666666643,7.850000000000001,0.06666666666666665,1,3,0.1272727272727272,3,4,-1,-4
2026-02-01,1,Palestino,Nublense,0.0,1.0,1.0,1.0,1.0,D,0,0,0.0,0,0,0,12,,,,,,,,,,,,,,,,,,,,,,,,,,,,,,,,,,,,,,,,,,,,,,,,,,,,,,,,,,,,,,,,,,,,,,,,,,,,,,,,,,,,,,,,,,,0,0,0.0,0,0,0,10,,,,,,,,,,,,,,,,,,,,,,,,,,,,,,,,,,,,,,,,,,,,,,,,,,,,,,,,,,,,,,,,,,,,,,,,,,,,,,,,,,,,,,,,,,,,,,,,,,,,,,,,,,,,,,,,,,,,,,,,,,,,,,,,,,,,,,,,,,,,,,,,,,,,,,,,,,,,,,,,,,,,,,,,,,,,,,,,,,,,,0,0,0.0,0,0,0,2
2026-02-13,3,Palestino,Universidad de Chile,0.0,0.0,0.0,0.0,0.0,D,2,1,0.5,2,4,-2,14,,,,,,,,,,,,,,,,,,,,0.0,,,,,,,,,,,,,,,,,,,,,,,,,,,,,,,,,,,,,,,,,,,,,,,,,,,,,,,,,,,,,,,,,,,,,,,2,1,0.5,1,2,-1,13,,,,,,,,,,,,,,,,,,,,0.0,,,,,,,,,,,,,,,,,,,,,,,,,,,,,,,,,,,,,,,,,,,,,,,,,,,,,,,,,,,,,,,,,,,,,,,,,,,,,,,,,,,,,,,,,,0.0,,,,,,,,,,,,,,,,,,,,,,,,,,,,,,,,,,,,,,,,,,,,,,,,,,,,,,,,,,,,,,,,,,,,,,,0,0,0.0,1,2,-1,1
2026-02-28,5,Palestino,O'Higgins,1.0,4.0,2.0,2.0,4.0,W,4,2,0.5,3,6,-3,16,,,,,,,,,,0.0,0.6666666666666666,1.6666666666666667,49.666666666666664,11.0,3.6666666666666665,33.46666666666667,15.333333333333334,5.333333333333333,34.03333333333333,0.0,,,,,,,,,,0.0,,,,,,,,,,,,,,,,,,,,0.0,,,,,,,,,,,,,,,,,,,,,,,,,,,,,,0.0,,,,,,,,,,,4,6,1.5,4,4,0,9,,,,,,,,,,0.4,0.6666666666666666,1.0,52.0,11.333333333333334,3.3333333333333335,29.633333333333336,9.333333333333334,4.333333333333333,47.633333333333326,0.3333333333333333,,,,,,,,,,0.4,,,,,,,,,,,,,,,,,,,,,,,,,,,,,,,,,,,,,,,,,,,,,,,,,,,,,,,,,,,,,,,,,,,,,,-0.4,0.0,0.6666666666666667,-2.3333333333333357,-0.3333333333333339,0.33333333333333304,3.833333333333332,6.0,1.0,-13.599999999999994,-0.3333333333333333,,,,,,,,,,-0.4,,,,,,,,,,,,,,,,,,,,,,,,,,,,,,,,,,,,,,,,,,,,,,,,,,,,,,,,,,,,,0,-4,-1.0,-1,2,-3,7
2026-03-08,6,Palestino,Cobresal,1.0,4.0,2.0,2.0,4.0,W,5,5,1.0,7,8,-1,14,1.4,1.6,52.0,13.2,5.0,37.44,12.6,4.6,37.08,0.2,1.6666666666666667,1.3333333333333333,46.0,13.0,4.0,30.333333333333332,13.333333333333334,5.0,38.800000000000004,0.3333333333333333,1.4,1.6,52.0,13.2,5.0,37.44,12.6,4.6,37.08,0.16666666666666666,,,,,,,,,,,1.6666666666666667,1.0,50.333333333333336,13.666666666666666,5.666666666666667,41.43333333333333,9.0,3.3333333333333335,37.766666666666666,0.3333333333333333,,,,,,,,,,,,,,,,,,,,,1.6666666666666667,1.0,50.333333333333336,13.666666666666666,5.666666666666667,41.43333333333333,9.0,3.3333333333333335,37.766666666666666,0.3333333333333333,,,,,,,,,,,5,10,2.0,8,4,4,4,1.6,0.8,46.2,12.2,4.6,37.3,17.0,4.2,23.34,0.6,1.3333333333333333,1.3333333333333333,42.666666666666664,11.666666666666666,5.666666666666667,48.666666666666664,19.333333333333332,5.333333333333333,27.0,0.3333333333333333,1.6,0.8,46.2,12.2,4.6,37.3,17.0,4.2,23.34,0.5,,,,,,,,,,,,,,,,,,,,0.3333333333333333,,,,,,,,,,,,,,,,,,,,,,,,,,,,,,0.3333333333333333,,,,,,,,,,,-0.20000000000000018,0.8,5.799999999999997,1.0,0.40000000000000036,0.14000000000000057,-4.4,0.39999999999999947,13.739999999999998,-0.39999999999999997,0.3333333333333335,0.0,3.3333333333333357,1.333333333333334,-1.666666666666667,-18.333333333333332,-5.999999999999998,-0.33333333333333304,11.800000000000004,0.0,-0.20000000000000018,0.8,5.799999999999997,1.0,0.40000000000000036,0.14000000000000057,-4.4,0.39999999999999947,13.739999999999998,-0.33333333333333337,,,,,,,,,,,,,,,,,,,,0.0,,,,,,,,,,,,,,,,,,,,,,,,,,,,,,0.0,,,,,,,,,,,0,-5,-1.0,-1,4,-5,10
2026-04-11,9,Palestino,CD Limache,1.0,1.0,0.0,0.0,1.0,W,8,8,1.0,12,17,-5,14,2.0,2.6,52.4,16.4,4.8,26.639999999999997,13.0,5.0,40.78,0.4,1.6666666666666667,3.0,54.666666666666664,17.0,5.0,26.566666666666666,11.666666666666666,4.333333333333333,39.16666666666667,0.3333333333333333,1.5,2.125,53.0,14.625,5.0,33.3625,12.25,4.5,37.8625,0.2222222222222222,,,,,,,,,,0.4,2.6666666666666665,1.3333333333333333,52.333333333333336,18.333333333333332,6.666666666666667,36.666666666666664,8.666666666666666,4.0,47.5,0.6666666666666666,,,,,,,,,,0.4,,,,,,,,,,0.4,2.6666666666666665,1.3333333333333333,52.333333333333336,18.333333333333332,6.666666666666667,36.666666666666664,8.666666666666666,4.0,47.5,0.6666666666666666,,,,,,,,,,0.4,8,17,2.125,20,8,12,2,2.8,1.0,44.8,13.6,6.0,46.1,12.4,3.0,24.26,0.6,3.0,1.0,47.333333333333336,14.0,6.0,43.03333333333334,13.666666666666666,3.0,21.933333333333334,0.6666666666666666,2.5,1.0,40.5,11.0,5.125,48.95,14.625,3.625,25.0625,0.5555555555555556,,,,,,,,,,0.2,2.3333333333333335,1.6666666666666667,46.0,11.666666666666666,5.0,46.1,15.0,4.333333333333333,32.333333333333336,0.3333333333333333,,,,,,,,,,0.2,,,,,,,,,,0.2,2.3333333333333335,1.6666666666666667,46.0,11.666666666666666,5.0,46.1,15.0,4.333333333333333,32.333333333333336,0.3333333333333333,,,,,,,,,,0.2,-0.7999999999999998,1.6,7.600000000000001,2.799999999999999,-1.2000000000000002,-19.460000000000004,0.5999999999999996,2.0,16.52,-0.19999999999999996,-1.3333333333333333,2.0,7.333333333333329,3.0,-1.0,-16.466666666666672,-2.0,1.333333333333333,17.233333333333338,-0.3333333333333333,-1.0,1.125,12.5,3.625,-0.125,-15.587500000000006,-2.375,0.875,12.799999999999997,-0.33333333333333337,,,,,,,,,,0.2,0.33333333333333304,-0.3333333333333335,6.333333333333336,6.666666666666666,1.666666666666667,-9.433333333333337,-6.333333333333334,-0.33333333333333304,15.166666666666664,0.3333333333333333,,,,,,,,,,0.2,,,,,,,,,,0.2,0.33333333333333304,-0.3333333333333335,6.333333333333336,6.666666666666666,1.666666666666667,-9.433333333333337,-6.333333333333334,-0.33333333333333304,15.166666666666664,0.3333333333333333,,,,,,,,,,0.2,0,-9,-1.125,-8,9,-17,12
2026-04-23,11,Palestino,Deportes Concepcion,-1.0,0.0,1.0,1.0,0.0,L,10,14,1.4,14,17,-3,8,1.4,1.8,45.4,13.6,4.2,30.380000000000003,11.4,3.8,33.1,0.6,1.0,2.0,36.0,9.666666666666666,2.6666666666666665,29.633333333333336,12.333333333333334,4.333333333333333,31.566666666666674,0.6666666666666666,1.4,1.7,48.7,13.4,4.6,33.910000000000004,12.0,4.2,35.089999999999996,0.36363636363636365,2.0,1.0,49.6,15.6,5.8,36.44,8.2,3.2,38.5,0.6,3.0,1.3333333333333333,50.333333333333336,18.666666666666668,6.333333333333333,31.566666666666666,7.333333333333333,3.3333333333333335,43.06666666666666,1.0,2.0,1.0,49.6,15.6,5.8,36.44,8.2,3.2,38.5,0.5,2.0,1.0,49.6,15.6,5.8,36.44,8.2,3.2,38.5,0.6,3.0,1.3333333333333333,50.333333333333336,18.666666666666668,6.333333333333333,31.566666666666666,7.333333333333333,3.3333333333333335,43.06666666666666,1.0,2.0,1.0,49.6,15.6,5.8,36.44,8.2,3.2,38.5,0.5,10,5,0.5,7,17,-10,16,0.6,2.0,48.6,11.0,2.4,22.02,12.6,4.0,35.5,0.0,1.0,1.6666666666666667,45.0,10.0,2.3333333333333335,22.5,14.0,3.6666666666666665,30.566666666666663,0.0,0.7,1.7,50.0,11.9,2.9,23.869999999999997,12.5,4.6,39.81,0.09090909090909091,0.4,1.6,49.0,11.8,2.6,22.880000000000003,13.0,4.6,40.14,0.2,0.3333333333333333,1.3333333333333333,47.0,12.333333333333334,3.0,26.7,14.0,3.0,25.733333333333334,0.3333333333333333,0.5,1.6666666666666667,49.666666666666664,11.833333333333334,2.6666666666666665,23.233333333333334,13.0,4.833333333333333,41.15,0.14285714285714285,0.4,1.6,49.0,11.8,2.6,22.880000000000003,13.0,4.6,40.14,0.2,0.3333333333333333,1.3333333333333333,47.0,12.333333333333334,3.0,26.7,14.0,3.0,25.733333333333334,0.3333333333333333,0.5,1.6666666666666667,49.666666666666664,11.833333333333334,2.6666666666666665,23.233333333333334,13.0,4.833333333333333,41.15,0.14285714285714285,0.7999999999999999,-0.19999999999999996,-3.200000000000003,2.5999999999999996,1.8000000000000003,8.360000000000003,-1.1999999999999993,-0.20000000000000018,-2.3999999999999986,0.6,0.0,0.33333333333333326,-9.0,-0.3333333333333339,0.33333333333333304,7.133333333333336,-1.666666666666666,0.6666666666666665,1.0000000000000107,0.6666666666666666,0.7,0.0,-1.2999999999999972,1.5,1.6999999999999997,10.040000000000006,-0.5,-0.39999999999999947,-4.720000000000006,0.2727272727272727,1.6,-0.6000000000000001,0.6000000000000014,3.799999999999999,3.1999999999999997,13.559999999999995,-4.800000000000001,-1.3999999999999995,-1.6400000000000006,0.39999999999999997,2.6666666666666665,0.0,3.3333333333333357,6.333333333333334,3.333333333333333,4.866666666666667,-6.666666666666667,0.3333333333333335,17.33333333333333,0.6666666666666667,1.5,-0.6666666666666667,-0.06666666666666288,3.7666666666666657,3.1333333333333333,13.206666666666663,-4.800000000000001,-1.6333333333333329,-2.6499999999999986,0.35714285714285715,1.6,-0.6000000000000001,0.6000000000000014,3.799999999999999,3.1999999999999997,13.559999999999995,-4.800000000000001,-1.3999999999999995,-1.6400000000000006,0.39999999999999997,2.6666666666666665,0.0,3.3333333333333357,6.333333333333334,3.333333333333333,4.866666666666667,-6.666666666666667,0.3333333333333335,17.33333333333333,0.6666666666666667,1.5,-0.6666666666666667,-0.06666666666666288,3.7666666666666657,3.1333333333333333,13.206666666666663,-4.800000000000001,-1.6333333333333329,-2.6499999999999986,0.35714285714285715,0,9,0.8999999999999999,7,0,7,-8
2026-05-15,12,Palestino,La Serena,,,,,,,11,14,1.2727272727272727,14,18,-4,11,0.6,1.6,46.2,11.8,2.6,25.34,11.8,3.4,26.6,0.4,0.6666666666666666,0.3333333333333333,43.333333333333336,12.0,2.6666666666666665,27.566666666666666,10.666666666666666,3.0,26.0,0.6666666666666666,1.2727272727272727,1.6363636363636365,50.36363636363637,13.909090909090908,4.363636363636363,31.781818181818185,11.818181818181818,4.090909090909091,34.627272727272725,0.3333333333333333,1.8,1.0,51.6,16.6,4.8,28.54,8.4,3.2,37.839999999999996,0.6,1.6666666666666667,1.0,54.666666666666664,18.666666666666668,4.666666666666667,22.8,8.0,3.0,36.4,0.6666666666666666,1.6666666666666667,1.0,52.5,16.166666666666668,5.166666666666667,32.11666666666667,8.5,3.1666666666666665,37.083333333333336,0.42857142857142855,1.8,1.0,51.6,16.6,4.8,28.54,8.4,3.2,37.839999999999996,0.6,1.6666666666666667,1.0,54.666666666666664,18.666666666666668,4.666666666666667,22.8,8.0,3.0,36.4,0.6666666666666666,1.6666666666666667,1.0,52.5,16.166666666666668,5.166666666666667,32.11666666666667,8.5,3.1666666666666665,37.083333333333336,0.42857142857142855,11,14,1.2727272727272727,13,14,-1,10,1.2,1.8,52.0,12.2,3.8,32.7,11.8,4.0,33.86,0.2,1.3333333333333333,1.0,53.666666666666664,13.666666666666666,4.0,29.5,9.0,3.0,32.86666666666667,0.3333333333333333,1.1818181818181819,1.2727272727272727,49.72727272727273,10.909090909090908,3.8181818181818183,34.199999999999996,12.090909090909092,4.181818181818182,34.699999999999996,0.25,1.2,2.0,49.4,11.2,3.4,33.2,13.4,4.8,36.14,0.2,1.6666666666666667,3.0,51.0,12.0,3.6666666666666665,33.333333333333336,14.0,4.666666666666667,33.56666666666667,0.0,1.2,2.0,49.4,11.2,3.4,33.2,13.4,4.8,36.14,0.16666666666666666,1.2,2.0,49.4,11.2,3.4,33.2,13.4,4.8,36.14,0.2,1.6666666666666667,3.0,51.0,12.0,3.6666666666666665,33.333333333333336,14.0,4.666666666666667,33.56666666666667,0.0,1.2,2.0,49.4,11.2,3.4,33.2,13.4,4.8,36.14,0.16666666666666666,-0.6,-0.19999999999999996,-5.799999999999997,-0.3999999999999986,-1.1999999999999997,-7.360000000000003,0.0,-0.6000000000000001,-7.259999999999998,0.2,-0.6666666666666666,-0.6666666666666667,-10.333333333333329,-1.666666666666666,-1.3333333333333335,-1.9333333333333336,1.666666666666666,0.0,-6.866666666666667,0.3333333333333333,0.09090909090909083,0.36363636363636376,0.6363636363636402,3.0,0.545454545454545,-2.418181818181811,-0.2727272727272734,-0.09090909090909083,-0.07272727272727053,0.08333333333333331,0.6000000000000001,-1.0,2.200000000000003,5.400000000000002,1.4,-4.660000000000004,-5.0,-1.5999999999999996,1.6999999999999957,0.39999999999999997,0.0,-2.0,3.6666666666666643,6.666666666666668,1.0000000000000004,-10.533333333333335,-6.0,-1.666666666666667,2.8333333333333286,0.6666666666666666,0.4666666666666668,-1.0,3.1000000000000014,4.966666666666669,1.766666666666667,-1.0833333333333357,-4.9,-1.6333333333333333,0.9433333333333351,0.26190476190476186,0.6000000000000001,-1.0,2.200000000000003,5.400000000000002,1.4,-4.660000000000004,-5.0,-1.5999999999999996,1.6999999999999957,0.39999999999999997,0.0,-2.0,3.6666666666666643,6.666666666666668,1.0000000000000004,-10.533333333333335,-6.0,-1.666666666666667,2.8333333333333286,0.6666666666666666,0.4666666666666668,-1.0,3.1000000000000014,4.966666666666669,1.766666666666667,-1.0833333333333357,-4.9,-1.6333333333333333,0.9433333333333351,0.26190476190476186,0,0,0.0,1,4,-3,1
2026-05-31,14,Palestino,Audax Italiano,,,,,,,11,14,1.2727272727272727,14,18,-4,11,,,,,,,,,,0.4,,,,,,,,,,0.0,1.2727272727272727,1.6363636363636365,50.36363636363637,13.909090909090908,4.363636363636363,31.781818181818185,11.818181818181818,4.090909090909091,34.627272727272725,0.2857142857142857,,,,,,,,,,0.6,,,,,,,,,,0.3333333333333333,1.6666666666666667,1.0,52.5,16.166666666666668,5.166666666666667,32.11666666666667,8.5,3.1666666666666665,37.083333333333336,0.375,,,,,,,,,,0.6,,,,,,,,,,0.3333333333333333,1.6666666666666667,1.0,52.5,16.166666666666668,5.166666666666667,32.11666666666667,8.5,3.1666666666666665,37.083333333333336,0.375,11,11,1.0,15,16,-1,13,,,,,,,,,,0.0,,,,,,,,,,0.0,1.3636363636363635,1.4545454545454546,51.81818181818182,10.454545454545455,3.3636363636363638,32.26363636363636,12.090909090909092,3.727272727272727,30.19090909090909,0.21428571428571427,,,,,,,,,,0.0,,,,,,,,,,0.0,0.6,1.8,54.2,11.4,3.8,34.96,11.8,4.4,35.28,0.0,,,,,,,,,,0.0,,,,,,,,,,0.0,0.6,1.8,54.2,11.4,3.8,34.96,11.8,4.4,35.28,0.0,,,,,,,,,,0.4,,,,,,,,,,0.0,-0.09090909090909083,0.18181818181818188,-1.4545454545454533,3.4545454545454533,0.9999999999999996,-0.4818181818181735,-0.2727272727272734,0.36363636363636376,4.436363636363634,0.07142857142857142,,,,,,,,,,0.6,,,,,,,,,,0.3333333333333333,1.0666666666666669,-0.8,-1.7000000000000028,4.7666666666666675,1.3666666666666671,-2.8433333333333337,-3.3000000000000007,-1.2333333333333338,1.8033333333333346,0.375,,,,,,,,,,0.6,,,,,,,,,,0.3333333333333333,1.0666666666666669,-0.8,-1.7000000000000028,4.7666666666666675,1.3666666666666671,-2.8433333333333337,-3.3000000000000007,-1.2333333333333338,1.8033333333333346,0.375,0,3,0.2727272727272727,-1,2,-3,-2
2026-08-02,17,Palestino,Coquimbo Unido,,,,,,,11,14,1.2727272727272727,14,18,-4,11,,,,,,,,,,0.0,,,,,,,,,,0.0,1.2727272727272727,1.6363636363636365,50.36363636363637,13.909090909090908,4.363636363636363,31.781818181818185,11.818181818181818,4.090909090909091,34.627272727272725,0.23529411764705882,,,,,,,,,,0.4,,,,,,,,,,0.0,1.6666666666666667,1.0,52.5,16.166666666666668,5.166666666666667,32.11666666666667,8.5,3.1666666666666665,37.083333333333336,0.3333333333333333,,,,,,,,,,0.4,,,,,,,,,,0.0,1.6666666666666667,1.0,52.5,16.166666666666668,5.166666666666667,32.11666666666667,8.5,3.1666666666666665,37.083333333333336,0.3333333333333333,10,16,1.6,14,12,2,8,,,,,,,,,,0.0,,,,,,,,,,0.0,1.4,1.2,47.9,13.9,4.5,32.68,11.2,4.0,32.87,0.29411764705882354,,,,,,,,,,0.4,,,,,,,,,,0.0,1.4,1.2,45.2,11.2,4.2,37.04,11.2,3.4,25.5,0.3333333333333333,,,,,,,,,,0.4,,,,,,,,,,0.0,1.4,1.2,45.2,11.2,4.2,37.04,11.2,3.4,25.5,0.3333333333333333,,,,,,,,,,0.0,,,,,,,,,,0.0,-0.1272727272727272,0.4363636363636365,2.4636363636363683,0.009090909090907928,-0.1363636363636367,-0.8981818181818149,0.618181818181819,0.09090909090909083,1.7572727272727278,-0.05882352941176472,,,,,,,,,,0.0,,,,,,,,,,0.0,0.26666666666666683,-0.19999999999999996,7.299999999999997,4.966666666666669,0.9666666666666668,-4.923333333333332,-2.6999999999999993,-0.2333333333333334,11.583333333333336,0.0,,,,,,,,,,0.0,,,,,,,,,,0.0,0.26666666666666683,-0.19999999999999996,7.299999999999997,4.966666666666669,0.9666666666666668,-4.923333333333332,-2.6999999999999993,-0.2333333333333334,11.583333333333336,0.0,1,-2,-0.3272727272727274,0,6,-6,3
2026-08-16,19,Palestino,Huachipato,,,,,,,11,14,1.2727272727272727,14,18,-4,11,,,,,,,,,,0.0,,,,,,,,,,0.0,1.2727272727272727,1.6363636363636365,50.36363636363637,13.909090909090908,4.363636363636363,31.781818181818185,11.818181818181818,4.090909090909091,34.627272727272725,0.21052631578947367,,,,,,,,,,0.2,,,,,,,,,,0.0,1.6666666666666667,1.0,52.5,16.166666666666668,5.166666666666667,32.11666666666667,8.5,3.1666666666666665,37.083333333333336,0.3,,,,,,,,,,0.2,,,,,,,,,,0.0,1.6666666666666667,1.0,52.5,16.166666666666668,5.166666666666667,32.11666666666667,8.5,3.1666666666666665,37.083333333333336,0.3,11,19,1.7272727272727273,18,14,4,3,,,,,,,,,,0.0,,,,,,,,,,0.0,1.6363636363636365,1.2727272727272727,47.54545454545455,12.727272727272727,5.181818181818182,38.81818181818182,14.272727272727273,4.0,26.94545454545454,0.3157894736842105,,,,,,,,,,0.2,,,,,,,,,,0.0,0.8333333333333334,1.0,46.0,11.0,3.5,30.46666666666667,14.5,4.0,26.666666666666668,0.2,,,,,,,,,,0.2,,,,,,,,,,0.0,0.8333333333333334,1.0,46.0,11.0,3.5,30.46666666666667,14.5,4.0,26.666666666666668,0.2,,,,,,,,,,0.0,,,,,,,,,,0.0,-0.36363636363636376,0.36363636363636376,2.81818181818182,1.1818181818181817,-0.8181818181818183,-7.036363636363635,-2.454545454545455,0.09090909090909083,7.681818181818183,-0.10526315789473684,,,,,,,,,,0.0,,,,,,,,,,0.0,0.8333333333333334,0.0,6.5,5.166666666666668,1.666666666666667,1.6499999999999986,-6.0,-0.8333333333333335,10.416666666666668,0.09999999999999998,,,,,,,,,,0.0,,,,,,,,,,0.0,0.8333333333333334,0.0,6.5,5.166666666666668,1.666666666666667,1.6499999999999986,-6.0,-0.8333333333333335,10.416666666666668,0.09999999999999998,0,-5,-0.4545454545454546,-4,4,-8,8
2026-09-06,22,Palestino,Universidad de Concepcion,,,,,,,11,14,1.2727272727272727,14,18,-4,11,,,,,,,,,,0.0,,,,,,,,,,0.0,1.2727272727272727,1.6363636363636365,50.36363636363637,13.909090909090908,4.363636363636363,31.781818181818185,11.818181818181818,4.090909090909091,34.627272727272725,0.18181818181818182,,,,,,,,,,0.0,,,,,,,,,,0.0,1.6666666666666667,1.0,52.5,16.166666666666668,5.166666666666667,32.11666666666667,8.5,3.1666666666666665,37.083333333333336,0.2727272727272727,,,,,,,,,,0.0,,,,,,,,,,0.0,1.6666666666666667,1.0,52.5,16.166666666666668,5.166666666666667,32.11666666666667,8.5,3.1666666666666665,37.083333333333336,0.2727272727272727,11,14,1.2727272727272727,9,19,-10,12,,,,,,,,,,0.0,,,,,,,,,,0.0,0.8181818181818182,1.7272727272727273,46.72727272727273,13.272727272727273,4.2727272727272725,34.36363636363637,14.727272727272727,5.454545454545454,33.90909090909091,0.18181818181818182,,,,,,,,,,0.0,,,,,,,,,,0.0,0.6,2.6,46.4,14.4,4.4,31.5,18.2,7.8,44.32,0.0,,,,,,,,,,0.0,,,,,,,,,,0.0,0.6,2.6,46.4,14.4,4.4,31.5,18.2,7.8,44.32,0.0,,,,,,,,,,0.0,,,,,,,,,,0.0,0.4545454545454545,-0.09090909090909083,3.6363636363636402,0.6363636363636349,0.09090909090909083,-2.581818181818182,-2.9090909090909083,-1.3636363636363633,0.7181818181818187,0.0,,,,,,,,,,0.0,,,,,,,,,,0.0,1.0666666666666669,-1.6,6.100000000000001,1.7666666666666675,0.7666666666666666,0.6166666666666671,-9.7,-4.633333333333333,-7.236666666666665,0.2727272727272727,,,,,,,,,,0.0,,,,,,,,,,0.0,1.0666666666666669,-1.6,6.100000000000001,1.7666666666666675,0.7666666666666666,0.6166666666666671,-9.7,-4.633333333333333,-7.236666666666665,0.2727272727272727,0,0,0.0,5,-1,6,-1
2026-09-13,23,Palestino,Universidad Catolica,,,,,,,11,14,1.2727272727272727,14,18,-4,11,,,,,,,,,,0.0,,,,,,,,,,0.0,1.2727272727272727,1.6363636363636365,50.36363636363637,13.909090909090908,4.363636363636363,31.781818181818185,11.818181818181818,4.090909090909091,34.627272727272725,0.17391304347826086,,,,,,,,,,0.0,,,,,,,,,,0.0,1.6666666666666667,1.0,52.5,16.166666666666668,5.166666666666667,32.11666666666667,8.5,3.1666666666666665,37.083333333333336,0.25,,,,,,,,,,0.0,,,,,,,,,,0.0,1.6666666666666667,1.0,52.5,16.166666666666668,5.166666666666667,32.11666666666667,8.5,3.1666666666666665,37.083333333333336,0.25,11,17,1.5454545454545454,24,17,7,5,,,,,,,,,,0.0,,,,,,,,,,0.0,2.1818181818181817,1.5454545454545454,57.72727272727273,12.818181818181818,5.181818181818182,42.39090909090909,9.909090909090908,4.0,43.43636363636364,0.21739130434782608,,,,,,,,,,0.0,,,,,,,,,,0.0,1.6666666666666667,1.8333333333333333,58.333333333333336,12.333333333333334,5.0,44.050000000000004,9.833333333333334,4.666666666666667,48.71666666666667,0.16666666666666666,,,,,,,,,,0.0,,,,,,,,,,0.0,1.6666666666666667,1.8333333333333333,58.333333333333336,12.333333333333334,5.0,44.050000000000004,9.833333333333334,4.666666666666667,48.71666666666667,0.16666666666666666,,,,,,,,,,0.0,,,,,,,,,,0.0,-0.909090909090909,0.09090909090909105,-7.36363636363636,1.09090909090909,-0.8181818181818183,-10.609090909090906,1.90909090909091,0.09090909090909083,-8.809090909090912,-0.043478260869565216,,,,,,,,,,0.0,,,,,,,,,,0.0,0.0,-0.8333333333333333,-5.833333333333336,3.833333333333334,0.16666666666666696,-11.933333333333337,-1.333333333333334,-1.5000000000000004,-11.633333333333333,0.08333333333333334,,,,,,,,,,0.0,,,,,,,,,,0.0,0.0,-0.8333333333333333,-5.833333333333336,3.833333333333334,0.16666666666666696,-11.933333333333337,-1.333333333333334,-1.5000000000000004,-11.633333333333333,0.08333333333333334,0,-3,-0.2727272727272727,-10,1,-11,6
2026-10-25,25,Palestino,Colo-Colo,,,,,,,11,14,1.2727272727272727,14,18,-4,11,,,,,,,,,,0.0,,,,,,,,,,0.0,1.2727272727272727,1.6363636363636365,50.36363636363637,13.909090909090908,4.363636363636363,31.781818181818185,11.818181818181818,4.090909090909091,34.627272727272725,0.16,,,,,,,,,,0.0,,,,,,,,,,0.0,1.6666666666666667,1.0,52.5,16.166666666666668,5.166666666666667,32.11666666666667,8.5,3.1666666666666665,37.083333333333336,0.23076923076923078,,,,,,,,,,0.0,,,,,,,,,,0.0,1.6666666666666667,1.0,52.5,16.166666666666668,5.166666666666667,32.11666666666667,8.5,3.1666666666666665,37.083333333333336,0.23076923076923078,10,21,2.1,11,6,5,2,,,,,,,,,,0.0,,,,,,,,,,0.0,1.1,0.6,61.7,14.9,4.6,31.119999999999997,8.0,2.3,27.68,0.28,,,,,,,,,,0.0,,,,,,,,,,0.0,1.2,0.8,63.6,13.2,4.4,33.959999999999994,8.2,2.4,26.939999999999998,0.3076923076923077,,,,,,,,,,0.0,,,,,,,,,,0.0,1.2,0.8,63.6,13.2,4.4,33.959999999999994,8.2,2.4,26.939999999999998,0.3076923076923077,,,,,,,,,,0.0,,,,,,,,,,0.0,0.17272727272727262,1.0363636363636366,-11.336363636363636,-0.9909090909090921,-0.23636363636363633,0.6618181818181874,3.8181818181818183,1.790909090909091,6.9472727272727255,-0.12000000000000002,,,,,,,,,,0.0,,,,,,,,,,0.0,0.4666666666666668,0.19999999999999996,-11.100000000000001,2.9666666666666686,0.7666666666666666,-1.8433333333333266,0.3000000000000007,0.7666666666666666,10.143333333333338,-0.07692307692307693,,,,,,,,,,0.0,,,,,,,,,,0.0,0.4666666666666668,0.19999999999999996,-11.100000000000001,2.9666666666666686,0.7666666666666666,-1.8433333333333266,0.3000000000000007,0.7666666666666666,10.143333333333338,-0.07692307692307693,1,-7,-0.8272727272727274,3,12,-9,9
2026-11-22,28,Palestino,Union La Calera,,,,,,,11,14,1.2727272727272727,14,18,-4,11,,,,,,,,,,0.0,,,,,,,,,,0.0,1.2727272727272727,1.6363636363636365,50.36363636363637,13.909090909090908,4.363636363636363,31.781818181818185,11.818181818181818,4.090909090909091,34.627272727272725,0.14285714285714285,,,,,,,,,,0.0,,,,,,,,,,0.0,1.6666666666666667,1.0,52.5,16.166666666666668,5.166666666666667,32.11666666666667,8.5,3.1666666666666665,37.083333333333336,0.21428571428571427,,,,,,,,,,0.0,,,,,,,,,,0.0,1.6666666666666667,1.0,52.5,16.166666666666668,5.166666666666667,32.11666666666667,8.5,3.1666666666666665,37.083333333333336,0.21428571428571427,11,10,0.9090909090909091,10,21,-11,15,,,,,,,,,,0.0,,,,,,,,,,0.0,0.9090909090909091,1.9090909090909092,51.81818181818182,10.818181818181818,3.3636363636363638,30.872727272727275,12.363636363636363,4.2727272727272725,34.47272727272727,0.10714285714285714,,,,,,,,,,0.0,,,,,,,,,,0.0,0.4,2.4,49.8,8.4,2.2,23.619999999999997,14.2,5.2,38.8,0.07142857142857142,,,,,,,,,,0.0,,,,,,,,,,0.0,0.4,2.4,49.8,8.4,2.2,23.619999999999997,14.2,5.2,38.8,0.07142857142857142,,,,,,,,,,0.0,,,,,,,,,,0.0,0.36363636363636365,-0.2727272727272727,-1.4545454545454533,3.09090909090909,0.9999999999999996,0.9090909090909101,-0.545454545454545,-0.18181818181818166,0.1545454545454561,0.03571428571428571,,,,,,,,,,0.0,,,,,,,,,,0.0,1.2666666666666666,-1.4,2.700000000000003,7.7666666666666675,2.966666666666667,8.49666666666667,-5.699999999999999,-2.0333333333333337,-1.7166666666666615,0.14285714285714285,,,,,,,,,,0.0,,,,,,,,,,0.0,1.2666666666666666,-1.4,2.700000000000003,7.7666666666666675,2.966666666666667,8.49666666666667,-5.699999999999999,-2.0333333333333337,-1.7166666666666615,0.14285714285714285,0,4,0.36363636363636365,4,-3,7,-4
2026-12-06,30,Palestino,Everton,,,,,,,11,14,1.2727272727272727,14,18,-4,11,,,,,,,,,,0.0,,,,,,,,,,0.0,1.2727272727272727,1.6363636363636365,50.36363636363637,13.909090909090908,4.363636363636363,31.781818181818185,11.818181818181818,4.090909090909091,34.627272727272725,0.13333333333333333,,,,,,,,,,0.0,,,,,,,,,,0.0,1.6666666666666667,1.0,52.5,16.166666666666668,5.166666666666667,32.11666666666667,8.5,3.1666666666666665,37.083333333333336,0.2,,,,,,,,,,0.0,,,,,,,,,,0.0,1.6666666666666667,1.0,52.5,16.166666666666668,5.166666666666667,32.11666666666667,8.5,3.1666666666666665,37.083333333333336,0.2,11,15,1.3636363636363635,12,10,2,9,,,,,,,,,,0.0,,,,,,,,,,0.0,1.0909090909090908,0.9090909090909091,45.63636363636363,11.272727272727273,3.727272727272727,33.418181818181814,14.363636363636363,4.7272727272727275,33.127272727272725,0.13333333333333333,,,,,,,,,,0.0,,,,,,,,,,0.0,1.0,1.2,41.8,9.0,3.4,34.82,16.0,4.6,29.4,0.06666666666666667,,,,,,,,,,0.0,,,,,,,,,,0.0,1.0,1.2,41.8,9.0,3.4,34.82,16.0,4.6,29.4,0.06666666666666667,,,,,,,,,,0.0,,,,,,,,,,0.0,0.18181818181818188,0.7272727272727274,4.727272727272734,2.636363636363635,0.6363636363636362,-1.6363636363636296,-2.545454545454545,-0.6363636363636367,1.5,0.0,,,,,,,,,,0.0,,,,,,,,,,0.0,0.6666666666666667,-0.19999999999999996,10.700000000000003,7.166666666666668,1.766666666666667,-2.703333333333333,-7.5,-1.4333333333333331,7.683333333333337,0.13333333333333336,,,,,,,,,,0.0,,,,,,,,,,0.0,0.6666666666666667,-0.19999999999999996,10.700000000000003,7.166666666666668,1.766666666666667,-2.703333333333333,-7.5,-1.4333333333333331,7.683333333333337,0.13333333333333336,0,-1,-0.09090909090909083,2,8,-6,2
2026-02-09,2,Union La Calera,Cobresal,-1.0,0.0,3.0,3.0,0.0,L,1,0,0.0,0,3,-3,16,,,,,,,,,,,,,,,,,,,,,,,,,,,,,,,,,,,,,,,,,,,,,,,,,,,,,,,,,,,,,,,,,,,,,,,,,,,,,,,,,,,,,,,,,,,1,3,3.0,1,0,1,7,,,,,,,,,,,,,,,,,,,,,,,,,,,,,,,,,,,,,,,,,,,,,,,,,,,,,,,,,,,,,,,,,,,,,,,,,,,,,,,,,,,,,,,,,,,,,,,,,,,,,,,,,,,,,,,,,,,,,,,,,,,,,,,,,,,,,,,,,,,,,,,,,,,,,,,,,,,,,,,,,,,,,,,,,,,,,,,,,,,,,0,-3,-3.0,-1,3,-4,9
2026-02-20,4,Union La Calera,Nublense,-1.0,0.0,1.0,1.0,0.0,L,3,0,0.0,0,7,-7,16,,,,,,,,,,,0.0,2.3333333333333335,45.333333333333336,9.0,2.3333333333333335,21.433333333333337,14.666666666666666,3.0,18.766666666666666,0.0,,,,,,,,,,,,,,,,,,,,,,,,,,,,,,,,,,,,,,,,,,,,,,,,,,,,,,,,,,,,,,,,,,,,,,,3,5,1.6666666666666667,3,2,1,8,,,,,,,,,,,1.0,0.6666666666666666,49.0,13.666666666666666,2.6666666666666665,22.3,9.0,4.666666666666667,51.5,0.3333333333333333,,,,,,,,,,,,,,,,,,,,,,,,,,,,,,,,,,,,,,,,,,,,,,,,,,,,,,,,,,,,,,,,,,,,,,,,,,,,,,,,,-1.0,1.666666666666667,-3.6666666666666643,-4.666666666666666,-0.33333333333333304,-0.8666666666666636,5.666666666666666,-1.666666666666667,-32.733333333333334,-0.3333333333333333,,,,,,,,,,,,,,,,,,,,,,,,,,,,,,,,,,,,,,,,,,,,,,,,,,,,,,,,,,,,,,,,,,,,,,,0,-5,-1.6666666666666667,-3,5,-8,8
2026-02-27,5,Union La Calera,Audax Italiano,1.0,3.0,0.0,0.0,3.0,W,4,0,0.0,0,8,-8,16,,,,,,,,,,0.0,0.0,1.6666666666666667,49.666666666666664,8.666666666666666,2.6666666666666665,28.566666666666666,12.333333333333334,2.3333333333333335,16.400000000000002,0.0,,,,,,,,,,0.0,,,,,,,,,,,,,,,,,,,,0.0,,,,,,,,,,,,,,,,,,,,,,,,,,,,,,0.0,,,,,,,,,,,4,7,1.75,4,1,3,7,,,,,,,,,,0.4,1.3333333333333333,0.3333333333333333,57.666666666666664,11.0,4.666666666666667,42.1,11.0,2.0,18.099999999999998,0.6666666666666666,,,,,,,,,,0.4,,,,,,,,,,,,,,,,,,,,0.0,,,,,,,,,,,,,,,,,,,,,,,,,,,,,,0.0,,,,,,,,,,,,,,,,,,,,-0.4,-1.3333333333333333,1.3333333333333335,-8.0,-2.333333333333334,-2.0000000000000004,-13.533333333333335,1.333333333333334,0.3333333333333335,-1.6999999999999957,-0.6666666666666666,,,,,,,,,,-0.4,,,,,,,,,,,,,,,,,,,,0.0,,,,,,,,,,,,,,,,,,,,,,,,,,,,,,0.0,,,,,,,,,,,0,-7,-1.75,-4,7,-11,9
2026-03-16,7,Union La Calera,O'Higgins,0.0,3.0,3.0,3.0,3.0,D,6,3,0.5,3,11,-8,16,0.6,1.6,52.2,10.0,3.6,34.2,12.2,3.2,25.560000000000002,0.2,1.0,1.3333333333333333,58.0,10.0,4.333333333333333,45.1,10.333333333333334,3.3333333333333335,30.96666666666667,0.3333333333333333,0.5,1.8333333333333333,51.666666666666664,9.5,3.3333333333333335,33.266666666666666,12.5,3.1666666666666665,24.866666666666664,0.14285714285714285,,,,,,,,,,,1.0,1.3333333333333333,54.666666666666664,10.333333333333334,4.666666666666667,46.73333333333333,10.0,2.0,18.0,0.3333333333333333,,,,,,,,,,,,,,,,,,,,,1.0,1.3333333333333333,54.666666666666664,10.333333333333334,4.666666666666667,46.73333333333333,10.0,2.0,18.0,0.3333333333333333,,,,,,,,,,,6,9,1.5,7,8,-1,13,1.0,1.4,48.2,9.8,3.4,36.36,11.0,4.6,43.44,0.4,1.0,1.6666666666666667,43.0,8.0,3.0,38.36666666666667,13.0,4.666666666666667,35.86666666666667,0.3333333333333333,1.1666666666666667,1.3333333333333333,48.166666666666664,10.333333333333334,3.8333333333333335,38.0,11.166666666666666,4.333333333333333,40.36666666666667,0.42857142857142855,,,,,,,,,,,,,,,,,,,,0.0,,,,,,,,,,,,,,,,,,,,,,,,,,,,,,0.0,,,,,,,,,,,-0.4,0.20000000000000018,4.0,0.1999999999999993,0.20000000000000018,-2.1599999999999966,1.1999999999999993,-1.3999999999999995,-17.879999999999995,-0.2,0.0,-0.3333333333333335,15.0,2.0,1.333333333333333,6.733333333333334,-2.666666666666666,-1.3333333333333335,-4.899999999999999,0.0,-0.6666666666666667,0.5,3.5,-0.8333333333333339,-0.5,-4.733333333333334,1.333333333333334,-1.1666666666666665,-15.500000000000004,-0.2857142857142857,,,,,,,,,,,,,,,,,,,,0.3333333333333333,,,,,,,,,,,,,,,,,,,,,,,,,,,,,,0.3333333333333333,,,,,,,,,,,0,-6,-1.0,-4,3,-7,3
2026-04-13,9,Union La Calera,Deportes Concepcion,1.0,1.0,0.0,0.0,1.0,W,8,4,0.5,6,18,-12,16,1.2,2.2,58.0,10.6,3.8,36.18,11.8,4.8,38.480000000000004,0.2,1.0,3.3333333333333335,58.333333333333336,12.0,3.3333333333333335,25.46666666666667,12.666666666666666,6.333333333333333,49.833333333333336,0.0,0.75,2.25,53.25,10.0,3.25,30.650000000000002,12.875,4.125,31.0875,0.1111111111111111,,,,,,,,,,0.2,2.0,1.3333333333333333,56.666666666666664,11.0,4.666666666666667,45.26666666666667,11.333333333333334,3.6666666666666665,29.7,0.3333333333333333,,,,,,,,,,0.2,,,,,,,,,,0.2,2.0,1.3333333333333333,56.666666666666664,11.0,4.666666666666667,45.26666666666667,11.333333333333334,3.6666666666666665,29.7,0.3333333333333333,,,,,,,,,,0.2,8,4,0.5,4,13,-9,15,0.4,1.4,48.2,12.6,3.2,24.880000000000003,11.0,3.8,37.339999999999996,0.2,0.0,2.0,47.0,11.0,2.0,18.366666666666667,9.666666666666666,4.333333333333333,45.26666666666667,0.0,0.5,1.625,49.75,12.125,2.875,22.9625,11.375,4.875,44.55,0.1111111111111111,0.6,1.8,48.4,11.8,2.6,22.880000000000003,12.0,5.2,46.04,0.2,0.6666666666666666,1.6666666666666667,45.333333333333336,10.666666666666666,2.3333333333333335,23.133333333333336,11.666666666666666,5.0,47.43333333333334,0.3333333333333333,0.6,1.8,48.4,11.8,2.6,22.880000000000003,12.0,5.2,46.04,0.16666666666666666,0.6,1.8,48.4,11.8,2.6,22.880000000000003,12.0,5.2,46.04,0.2,0.6666666666666666,1.6666666666666667,45.333333333333336,10.666666666666666,2.3333333333333335,23.133333333333336,11.666666666666666,5.0,47.43333333333334,0.3333333333333333,0.6,1.8,48.4,11.8,2.6,22.880000000000003,12.0,5.2,46.04,0.16666666666666666,0.7999999999999999,0.8000000000000003,9.799999999999997,-2.0,0.5999999999999996,11.299999999999997,0.8000000000000007,1.0,1.1400000000000077,0.0,1.0,1.3333333333333335,11.333333333333336,1.0,1.3333333333333335,7.100000000000001,3.0,2.0,4.566666666666663,0.0,0.25,0.625,3.5,-2.125,0.375,7.6875000000000036,1.5,-0.75,-13.462499999999999,0.0,,,,,,,,,,0.0,1.3333333333333335,-0.3333333333333335,11.333333333333329,0.3333333333333339,2.3333333333333335,22.133333333333336,-0.33333333333333215,-1.3333333333333335,-17.733333333333338,0.0,,,,,,,,,,0.033333333333333354,,,,,,,,,,0.0,1.3333333333333335,-0.3333333333333335,11.333333333333329,0.3333333333333339,2.3333333333333335,22.133333333333336,-0.33333333333333215,-1.3333333333333335,-17.733333333333338,0.0,,,,,,,,,,0.033333333333333354,0,0,0.0,2,5,-3,1
2026-04-24,11,Union La Calera,Coquimbo Unido,-1.0,1.0,2.0,2.0,1.0,L,10,10,1.0,9,19,-10,15,1.2,2.2,52.2,12.6,3.4,27.5,12.2,5.4,44.0,0.4,1.0,1.6666666666666667,49.0,11.333333333333334,2.6666666666666665,25.133333333333336,12.666666666666666,5.333333333333333,41.266666666666666,0.6666666666666666,0.9,1.9,51.2,10.7,3.3,30.630000000000003,12.6,4.1,31.919999999999998,0.2727272727272727,1.4,1.4,52.6,13.0,4.4,37.64,11.0,3.0,25.04,0.4,2.3333333333333335,1.0,50.666666666666664,15.0,4.666666666666667,34.166666666666664,13.0,4.333333333333333,33.26666666666667,0.6666666666666666,1.4,1.4,52.6,13.0,4.4,37.64,11.0,3.0,25.04,0.3333333333333333,1.4,1.4,52.6,13.0,4.4,37.64,11.0,3.0,25.04,0.4,2.3333333333333335,1.0,50.666666666666664,15.0,4.666666666666667,34.166666666666664,13.0,4.333333333333333,33.26666666666667,0.6666666666666666,1.4,1.4,52.6,13.0,4.4,37.64,11.0,3.0,25.04,0.3333333333333333,9,13,1.4444444444444444,12,11,1,10,1.4,1.2,52.2,17.0,5.0,28.68,11.0,3.8,34.339999999999996,0.4,1.3333333333333333,1.3333333333333333,50.666666666666664,17.333333333333332,5.333333333333333,29.433333333333334,11.666666666666666,4.666666666666667,39.166666666666664,0.3333333333333333,1.3333333333333333,1.2222222222222223,48.55555555555556,14.333333333333334,4.333333333333333,29.644444444444446,11.11111111111111,4.0,32.82222222222222,0.4,,,,,,,,,,0.4,1.6666666666666667,1.3333333333333333,44.666666666666664,12.666666666666666,4.666666666666667,37.56666666666667,10.333333333333334,3.0,21.133333333333336,0.6666666666666666,,,,,,,,,,0.4,,,,,,,,,,0.4,1.6666666666666667,1.3333333333333333,44.666666666666664,12.666666666666666,4.666666666666667,37.56666666666667,10.333333333333334,3.0,21.133333333333336,0.6666666666666666,,,,,,,,,,0.4,-0.19999999999999996,1.0000000000000002,0.0,-4.4,-1.6,-1.1799999999999997,1.1999999999999993,1.6000000000000005,9.660000000000004,0.0,-0.33333333333333326,0.3333333333333335,-1.6666666666666643,-5.999999999999998,-2.6666666666666665,-4.299999999999997,1.0,0.6666666666666661,2.1000000000000014,0.3333333333333333,-0.43333333333333324,0.6777777777777776,2.6444444444444457,-3.6333333333333346,-1.0333333333333332,0.9855555555555569,1.488888888888889,0.09999999999999964,-0.9022222222222247,-0.12727272727272732,,,,,,,,,,0.0,0.6666666666666667,-0.33333333333333326,6.0,2.333333333333334,0.0,-3.4000000000000057,2.666666666666666,1.333333333333333,12.133333333333336,0.0,,,,,,,,,,-0.06666666666666671,,,,,,,,,,0.0,0.6666666666666667,-0.33333333333333326,6.0,2.333333333333334,0.0,-3.4000000000000057,2.666666666666666,1.333333333333333,12.133333333333336,0.0,,,,,,,,,,-0.06666666666666671,1,-3,-0.4444444444444444,-3,8,-11,5
2026-05-23,13,Union La Calera,Palestino,,,,,,,11,10,0.9090909090909091,10,21,-11,15,,,,,,,,,,0.4,,,,,,,,,,0.3333333333333333,0.9090909090909091,1.9090909090909092,51.81818181818182,10.818181818181818,3.3636363636363638,30.872727272727275,12.363636363636363,4.2727272727272725,34.47272727272727,0.23076923076923078,1.6,1.2,54.4,12.6,4.2,37.160000000000004,11.2,4.0,34.82000000000001,0.4,1.6666666666666667,1.6666666666666667,52.333333333333336,15.333333333333334,4.0,27.099999999999998,11.666666666666666,5.0,43.73333333333334,0.3333333333333333,1.3333333333333333,1.5,53.5,12.833333333333334,4.333333333333333,36.916666666666664,10.833333333333334,3.5,30.866666666666664,0.2857142857142857,1.6,1.2,54.4,12.6,4.2,37.160000000000004,11.2,4.0,34.82000000000001,0.4,1.6666666666666667,1.6666666666666667,52.333333333333336,15.333333333333334,4.0,27.099999999999998,11.666666666666666,5.0,43.73333333333334,0.3333333333333333,1.3333333333333333,1.5,53.5,12.833333333333334,4.333333333333333,36.916666666666664,10.833333333333334,3.5,30.866666666666664,0.2857142857142857,11,14,1.2727272727272727,14,18,-4,11,,,,,,,,,,0.4,,,,,,,,,,0.3333333333333333,1.2727272727272727,1.6363636363636365,50.36363636363637,13.909090909090908,4.363636363636363,31.781818181818185,11.818181818181818,4.090909090909091,34.627272727272725,0.3076923076923077,0.8,2.4,47.8,11.2,3.4,31.380000000000003,15.8,5.2,31.68,0.2,0.6666666666666666,2.3333333333333335,43.333333333333336,10.333333333333334,3.0,31.333333333333332,14.333333333333334,4.333333333333333,28.76666666666667,0.3333333333333333,0.8,2.4,47.8,11.2,3.4,31.380000000000003,15.8,5.2,31.68,0.16666666666666666,0.8,2.4,47.8,11.2,3.4,31.380000000000003,15.8,5.2,31.68,0.2,0.6666666666666666,2.3333333333333335,43.333333333333336,10.333333333333334,3.0,31.333333333333332,14.333333333333334,4.333333333333333,28.76666666666667,0.3333333333333333,0.8,2.4,47.8,11.2,3.4,31.380000000000003,15.8,5.2,31.68,0.16666666666666666,,,,,,,,,,0.0,,,,,,,,,,0.0,-0.36363636363636365,0.2727272727272727,1.4545454545454533,-3.09090909090909,-0.9999999999999996,-0.9090909090909101,0.545454545454545,0.18181818181818166,-0.1545454545454561,-0.07692307692307693,0.8,-1.2,6.600000000000001,1.4000000000000004,0.8000000000000003,5.780000000000001,-4.600000000000001,-1.2000000000000002,3.1400000000000077,0.2,1.0,-0.6666666666666667,9.0,5.0,1.0,-4.233333333333334,-2.666666666666668,0.666666666666667,14.966666666666672,0.0,0.5333333333333332,-0.8999999999999999,5.700000000000003,1.6333333333333346,0.9333333333333331,5.536666666666662,-4.966666666666667,-1.7000000000000002,-0.8133333333333361,0.11904761904761904,0.8,-1.2,6.600000000000001,1.4000000000000004,0.8000000000000003,5.780000000000001,-4.600000000000001,-1.2000000000000002,3.1400000000000077,0.2,1.0,-0.6666666666666667,9.0,5.0,1.0,-4.233333333333334,-2.666666666666668,0.666666666666667,14.966666666666672,0.0,0.5333333333333332,-0.8999999999999999,5.700000000000003,1.6333333333333346,0.9333333333333331,5.536666666666662,-4.966666666666667,-1.7000000000000002,-0.8133333333333361,0.11904761904761904,0,-4,-0.36363636363636365,-4,3,-7,4
2026-06-14,15,Union La Calera,Universidad de Chile,,,,,,,11,10,0.9090909090909091,10,21,-11,15,,,,,,,,,,0.2,,,,,,,,,,0.0,0.9090909090909091,1.9090909090909092,51.81818181818182,10.818181818181818,3.3636363636363638,30.872727272727275,12.363636363636363,4.2727272727272725,34.47272727272727,0.2,,,,,,,,,,0.4,,,,,,,,,,0.3333333333333333,1.3333333333333333,1.5,53.5,12.833333333333334,4.333333333333333,36.916666666666664,10.833333333333334,3.5,30.866666666666664,0.25,,,,,,,,,,0.4,,,,,,,,,,0.3333333333333333,1.3333333333333333,1.5,53.5,12.833333333333334,4.333333333333333,36.916666666666664,10.833333333333334,3.5,30.866666666666664,0.25,11,17,1.5454545454545454,11,6,5,6,,,,,,,,,,0.2,,,,,,,,,,0.0,1.0,0.5454545454545454,55.18181818181818,11.363636363636363,3.727272727272727,32.445454545454545,10.090909090909092,4.2727272727272725,45.38181818181818,0.26666666666666666,,,,,,,,,,0.4,,,,,,,,,,0.0,0.5,0.5,56.5,10.0,3.0,31.133333333333336,11.833333333333334,4.666666666666667,42.71666666666667,0.25,,,,,,,,,,0.4,,,,,,,,,,0.0,0.5,0.5,56.5,10.0,3.0,31.133333333333336,11.833333333333334,4.666666666666667,42.71666666666667,0.25,,,,,,,,,,0.0,,,,,,,,,,0.0,-0.09090909090909094,1.3636363636363638,-3.3636363636363598,-0.545454545454545,-0.3636363636363633,-1.5727272727272705,2.2727272727272716,0.0,-10.909090909090914,-0.06666666666666665,,,,,,,,,,0.0,,,,,,,,,,0.3333333333333333,0.8333333333333333,1.0,-3.0,2.833333333333334,1.333333333333333,5.783333333333328,-1.0,-1.166666666666667,-11.850000000000005,0.0,,,,,,,,,,0.0,,,,,,,,,,0.3333333333333333,0.8333333333333333,1.0,-3.0,2.833333333333334,1.333333333333333,5.783333333333328,-1.0,-1.166666666666667,-11.850000000000005,0.0,0,-7,-0.6363636363636364,-1,15,-16,9
2026-07-26,16,Union La Calera,Everton,,,,,,,11,10,0.9090909090909091,10,21,-11,15,,,,,,,,,,0.0,,,,,,,,,,0.0,0.9090909090909091,1.9090909090909092,51.81818181818182,10.818181818181818,3.3636363636363638,30.872727272727275,12.363636363636363,4.2727272727272725,34.47272727272727,0.1875,,,,,,,,,,0.2,,,,,,,,,,0.0,1.3333333333333333,1.5,53.5,12.833333333333334,4.333333333333333,36.916666666666664,10.833333333333334,3.5,30.866666666666664,0.2222222222222222,,,,,,,,,,0.2,,,,,,,,,,0.0,1.3333333333333333,1.5,53.5,12.833333333333334,4.333333333333333,36.916666666666664,10.833333333333334,3.5,30.866666666666664,0.2222222222222222,11,15,1.3636363636363635,12,10,2,9,,,,,,,,,,0.2,,,,,,,,,,0.0,1.0909090909090908,0.9090909090909091,45.63636363636363,11.272727272727273,3.727272727272727,33.418181818181814,14.363636363636363,4.7272727272727275,33.127272727272725,0.25,,,,,,,,,,0.2,,,,,,,,,,0.0,1.0,1.2,41.8,9.0,3.4,34.82,16.0,4.6,29.4,0.125,,,,,,,,,,0.2,,,,,,,,,,0.0,1.0,1.2,41.8,9.0,3.4,34.82,16.0,4.6,29.4,0.125,,,,,,,,,,-0.2,,,,,,,,,,0.0,-0.18181818181818177,1.0,6.181818181818187,-0.45454545454545503,-0.3636363636363633,-2.5454545454545396,-2.0,-0.45454545454545503,1.345454545454544,-0.0625,,,,,,,,,,0.0,,,,,,,,,,0.0,0.33333333333333326,0.30000000000000004,11.700000000000003,3.833333333333334,0.9333333333333331,2.096666666666664,-5.166666666666666,-1.0999999999999996,1.466666666666665,0.09722222222222221,,,,,,,,,,0.0,,,,,,,,,,0.0,0.33333333333333326,0.30000000000000004,11.700000000000003,3.833333333333334,0.9333333333333331,2.096666666666664,-5.166666666666666,-1.0999999999999996,1.466666666666665,0.09722222222222221,0,-5,-0.4545454545454545,-2,11,-13,6
2026-08-09,18,Union La Calera,Colo-Colo,,,,,,,11,10,0.9090909090909091,10,21,-11,15,,,,,,,,,,0.0,,,,,,,,,,0.0,0.9090909090909091,1.9090909090909092,51.81818181818182,10.818181818181818,3.3636363636363638,30.872727272727275,12.363636363636363,4.2727272727272725,34.47272727272727,0.16666666666666666,,,,,,,,,,0.2,,,,,,,,,,0.0,1.3333333333333333,1.5,53.5,12.833333333333334,4.333333333333333,36.916666666666664,10.833333333333334,3.5,30.866666666666664,0.2,,,,,,,,,,0.2,,,,,,,,,,0.0,1.3333333333333333,1.5,53.5,12.833333333333334,4.333333333333333,36.916666666666664,10.833333333333334,3.5,30.866666666666664,0.2,10,21,2.1,11,6,5,2,,,,,,,,,,0.0,,,,,,,,,,0.0,1.1,0.6,61.7,14.9,4.6,31.119999999999997,8.0,2.3,27.68,0.3888888888888889,,,,,,,,,,0.4,,,,,,,,,,0.0,1.2,0.8,63.6,13.2,4.4,33.959999999999994,8.2,2.4,26.939999999999998,0.4444444444444444,,,,,,,,,,0.4,,,,,,,,,,0.0,1.2,0.8,63.6,13.2,4.4,33.959999999999994,8.2,2.4,26.939999999999998,0.4444444444444444,,,,,,,,,,0.0,,,,,,,,,,0.0,-0.19090909090909103,1.309090909090909,-9.881818181818183,-4.081818181818182,-1.2363636363636359,-0.24727272727272265,4.363636363636363,1.9727272727272727,6.792727272727269,-0.22222222222222224,,,,,,,,,,-0.2,,,,,,,,,,0.0,0.1333333333333333,0.7,-10.100000000000001,-0.36666666666666536,-0.06666666666666732,2.9566666666666706,2.6333333333333346,1.1,3.926666666666666,-0.2444444444444444,,,,,,,,,,-0.2,,,,,,,,,,0.0,0.1333333333333333,0.7,-10.100000000000001,-0.36666666666666536,-0.06666666666666732,2.9566666666666706,2.6333333333333346,1.1,3.926666666666666,-0.2444444444444444,1,-11,-1.190909090909091,-1,15,-16,13
2026-08-30,21,Union La Calera,La Serena,,,,,,,11,10,0.9090909090909091,10,21,-11,15,,,,,,,,,,0.0,,,,,,,,,,0.0,0.9090909090909091,1.9090909090909092,51.81818181818182,10.818181818181818,3.3636363636363638,30.872727272727275,12.363636363636363,4.2727272727272725,34.47272727272727,0.14285714285714285,,,,,,,,,,0.0,,,,,,,,,,0.0,1.3333333333333333,1.5,53.5,12.833333333333334,4.333333333333333,36.916666666666664,10.833333333333334,3.5,30.866666666666664,0.18181818181818182,,,,,,,,,,0.0,,,,,,,,,,0.0,1.3333333333333333,1.5,53.5,12.833333333333334,4.333333333333333,36.916666666666664,10.833333333333334,3.5,30.866666666666664,0.18181818181818182,11,14,1.2727272727272727,13,14,-1,10,,,,,,,,,,0.0,,,,,,,,,,0.0,1.1818181818181819,1.2727272727272727,49.72727272727273,10.909090909090908,3.8181818181818183,34.199999999999996,12.090909090909092,4.181818181818182,34.699999999999996,0.14285714285714285,,,,,,,,,,0.0,,,,,,,,,,0.0,1.2,2.0,49.4,11.2,3.4,33.2,13.4,4.8,36.14,0.09090909090909091,,,,,,,,,,0.0,,,,,,,,,,0.0,1.2,2.0,49.4,11.2,3.4,33.2,13.4,4.8,36.14,0.09090909090909091,,,,,,,,,,0.0,,,,,,,,,,0.0,-0.2727272727272728,0.6363636363636365,2.0909090909090935,-0.09090909090908994,-0.4545454545454546,-3.327272727272721,0.2727272727272716,0.09090909090909083,-0.22727272727272663,0.0,,,,,,,,,,0.0,,,,,,,,,,0.0,0.1333333333333333,-0.5,4.100000000000001,1.6333333333333346,0.9333333333333331,3.7166666666666615,-2.5666666666666664,-1.2999999999999998,-5.273333333333337,0.09090909090909091,,,,,,,,,,0.0,,,,,,,,,,0.0,0.1333333333333333,-0.5,4.100000000000001,1.6333333333333346,0.9333333333333331,3.7166666666666615,-2.5666666666666664,-1.2999999999999998,-5.273333333333337,0.09090909090909091,0,-4,-0.36363636363636365,-3,7,-10,5
2026-09-13,23,Union La Calera,CD Limache,,,,,,,11,10,0.9090909090909091,10,21,-11,15,,,,,,,,,,0.0,,,,,,,,,,0.0,0.9090909090909091,1.9090909090909092,51.81818181818182,10.818181818181818,3.3636363636363638,30.872727272727275,12.363636363636363,4.2727272727272725,34.47272727272727,0.13043478260869565,,,,,,,,,,0.0,,,,,,,,,,0.0,1.3333333333333333,1.5,53.5,12.833333333333334,4.333333333333333,36.916666666666664,10.833333333333334,3.5,30.866666666666664,0.16666666666666666,,,,,,,,,,0.0,,,,,,,,,,0.0,1.3333333333333333,1.5,53.5,12.833333333333334,4.333333333333333,36.916666666666664,10.833333333333334,3.5,30.866666666666664,0.16666666666666666,11,21,1.9090909090909092,25,11,14,1,,,,,,,,,,0.0,,,,,,,,,,0.0,2.272727272727273,1.0,44.72727272727273,11.909090909090908,4.818181818181818,42.4,14.0,3.4545454545454546,24.672727272727272,0.2608695652173913,,,,,,,,,,0.0,,,,,,,,,,0.0,1.6666666666666667,1.5,49.166666666666664,9.0,3.3333333333333335,38.71666666666667,14.833333333333334,3.3333333333333335,24.7,0.08333333333333333,,,,,,,,,,0.0,,,,,,,,,,0.0,1.6666666666666667,1.5,49.166666666666664,9.0,3.3333333333333335,38.71666666666667,14.833333333333334,3.3333333333333335,24.7,0.08333333333333333,,,,,,,,,,0.0,,,,,,,,,,0.0,-1.3636363636363638,0.9090909090909092,7.0909090909090935,-1.09090909090909,-1.4545454545454546,-11.527272727272724,-1.6363636363636367,0.8181818181818179,9.799999999999997,-0.13043478260869565,,,,,,,,,,0.0,,,,,,,,,,0.0,-0.3333333333333335,0.0,4.333333333333336,3.833333333333334,0.9999999999999996,-1.8000000000000043,-4.0,0.16666666666666652,6.166666666666664,0.08333333333333333,,,,,,,,,,0.0,,,,,,,,,,0.0,-0.3333333333333335,0.0,4.333333333333336,3.833333333333334,0.9999999999999996,-1.8000000000000043,-4.0,0.16666666666666652,6.166666666666664,0.08333333333333333,0,-11,-1.0,-15,10,-25,14
2026-10-25,25,Union La Calera,Universidad Catolica,,,,,,,11,10,0.9090909090909091,10,21,-11,15,,,,,,,,,,0.0,,,,,,,,,,0.0,0.9090909090909091,1.9090909090909092,51.81818181818182,10.818181818181818,3.3636363636363638,30.872727272727275,12.363636363636363,4.2727272727272725,34.47272727272727,0.12,,,,,,,,,,0.0,,,,,,,,,,0.0,1.3333333333333333,1.5,53.5,12.833333333333334,4.333333333333333,36.916666666666664,10.833333333333334,3.5,30.866666666666664,0.15384615384615385,,,,,,,,,,0.0,,,,,,,,,,0.0,1.3333333333333333,1.5,53.5,12.833333333333334,4.333333333333333,36.916666666666664,10.833333333333334,3.5,30.866666666666664,0.15384615384615385,11,17,1.5454545454545454,24,17,7,5,,,,,,,,,,0.0,,,,,,,,,,0.0,2.1818181818181817,1.5454545454545454,57.72727272727273,12.818181818181818,5.181818181818182,42.39090909090909,9.909090909090908,4.0,43.43636363636364,0.2,,,,,,,,,,0.0,,,,,,,,,,0.0,1.6666666666666667,1.8333333333333333,58.333333333333336,12.333333333333334,5.0,44.050000000000004,9.833333333333334,4.666666666666667,48.71666666666667,0.15384615384615385,,,,,,,,,,0.0,,,,,,,,,,0.0,1.6666666666666667,1.8333333333333333,58.333333333333336,12.333333333333334,5.0,44.050000000000004,9.833333333333334,4.666666666666667,48.71666666666667,0.15384615384615385,,,,,,,,,,0.0,,,,,,,,,,0.0,-1.2727272727272725,0.36363636363636376,-5.9090909090909065,-2.0,-1.818181818181818,-11.518181818181816,2.454545454545455,0.2727272727272725,-8.963636363636368,-0.08000000000000002,,,,,,,,,,0.0,,,,,,,,,,0.0,-0.3333333333333335,-0.33333333333333326,-4.833333333333336,0.5,-0.666666666666667,-7.13333333333334,1.0,-1.166666666666667,-17.850000000000005,0.0,,,,,,,,,,0.0,,,,,,,,,,0.0,-0.3333333333333335,-0.33333333333333326,-4.833333333333336,0.5,-0.666666666666667,-7.13333333333334,1.0,-1.166666666666667,-17.850000000000005,0.0,0,-7,-0.6363636363636364,-14,4,-18,10
2026-11-08,27,Union La Calera,Huachipato,,,,,,,11,10,0.9090909090909091,10,21,-11,15,,,,,,,,,,0.0,,,,,,,,,,0.0,0.9090909090909091,1.9090909090909092,51.81818181818182,10.818181818181818,3.3636363636363638,30.872727272727275,12.363636363636363,4.2727272727272725,34.47272727272727,0.1111111111111111,,,,,,,,,,0.0,,,,,,,,,,0.0,1.3333333333333333,1.5,53.5,12.833333333333334,4.333333333333333,36.916666666666664,10.833333333333334,3.5,30.866666666666664,0.14285714285714285,,,,,,,,,,0.0,,,,,,,,,,0.0,1.3333333333333333,1.5,53.5,12.833333333333334,4.333333333333333,36.916666666666664,10.833333333333334,3.5,30.866666666666664,0.14285714285714285,11,19,1.7272727272727273,18,14,4,3,,,,,,,,,,0.0,,,,,,,,,,0.0,1.6363636363636365,1.2727272727272727,47.54545454545455,12.727272727272727,5.181818181818182,38.81818181818182,14.272727272727273,4.0,26.94545454545454,0.2222222222222222,,,,,,,,,,0.0,,,,,,,,,,0.0,0.8333333333333334,1.0,46.0,11.0,3.5,30.46666666666667,14.5,4.0,26.666666666666668,0.14285714285714285,,,,,,,,,,0.0,,,,,,,,,,0.0,0.8333333333333334,1.0,46.0,11.0,3.5,30.46666666666667,14.5,4.0,26.666666666666668,0.14285714285714285,,,,,,,,,,0.0,,,,,,,,,,0.0,-0.7272727272727274,0.6363636363636365,4.272727272727273,-1.9090909090909083,-1.818181818181818,-7.945454545454545,-1.90909090909091,0.2727272727272725,7.527272727272727,-0.1111111111111111,,,,,,,,,,0.0,,,,,,,,,,0.0,0.4999999999999999,0.5,7.5,1.833333333333334,0.833333333333333,6.449999999999996,-3.666666666666666,-0.5,4.199999999999996,0.0,,,,,,,,,,0.0,,,,,,,,,,0.0,0.4999999999999999,0.5,7.5,1.833333333333334,0.833333333333333,6.449999999999996,-3.666666666666666,-0.5,4.199999999999996,0.0,0,-9,-0.8181818181818182,-8,7,-15,12
2026-11-29,29,Union La Calera,Universidad de Concepcion,,,,,,,11,10,0.9090909090909091,10,21,-11,15,,,,,,,,,,0.0,,,,,,,,,,0.0,0.9090909090909091,1.9090909090909092,51.81818181818182,10.818181818181818,3.3636363636363638,30.872727272727275,12.363636363636363,4.2727272727272725,34.47272727272727,0.10344827586206896,,,,,,,,,,0.0,,,,,,,,,,0.0,1.3333333333333333,1.5,53.5,12.833333333333334,4.333333333333333,36.916666666666664,10.833333333333334,3.5,30.866666666666664,0.13333333333333333,,,,,,,,,,0.0,,,,,,,,,,0.0,1.3333333333333333,1.5,53.5,12.833333333333334,4.333333333333333,36.916666666666664,10.833333333333334,3.5,30.866666666666664,0.13333333333333333,11,14,1.2727272727272727,9,19,-10,12,,,,,,,,,,0.0,,,,,,,,,,0.0,0.8181818181818182,1.7272727272727273,46.72727272727273,13.272727272727273,4.2727272727272725,34.36363636363637,14.727272727272727,5.454545454545454,33.90909090909091,0.13793103448275862,,,,,,,,,,0.0,,,,,,,,,,0.0,0.6,2.6,46.4,14.4,4.4,31.5,18.2,7.8,44.32,0.0,,,,,,,,,,0.0,,,,,,,,,,0.0,0.6,2.6,46.4,14.4,4.4,31.5,18.2,7.8,44.32,0.0,,,,,,,,,,0.0,,,,,,,,,,0.0,0.09090909090909083,0.18181818181818188,5.0909090909090935,-2.454545454545455,-0.9090909090909087,-3.490909090909092,-2.3636363636363633,-1.1818181818181817,0.5636363636363626,-0.034482758620689655,,,,,,,,,,0.0,,,,,,,,,,0.0,0.7333333333333333,-1.1,7.100000000000001,-1.5666666666666664,-0.06666666666666732,5.416666666666664,-7.366666666666665,-4.3,-13.453333333333337,0.13333333333333333,,,,,,,,,,0.0,,,,,,,,,,0.0,0.7333333333333333,-1.1,7.100000000000001,-1.5666666666666664,-0.06666666666666732,5.416666666666664,-7.366666666666665,-4.3,-13.453333333333337,0.13333333333333333,0,-4,-0.36363636363636365,1,2,-1,3
2026-02-08,2,Universidad Catolica,Deportes Concepcion,1.0,2.0,0.0,0.0,2.0,W,1,1,1.0,2,2,0,11,,,,,,,,,,,,,,,,,,,,,,,,,,,,,,,,,,,,,,,,,,,,,,,,,,,,,,,,,,,,,,,,,,,,,,,,,,,,,,,,,,,,,,,,,,,1,0,0.0,1,2,-1,15,,,,,,,,,,,,,,,,,,,,,,,,,,,,,,,,,,,,,,,,,,,,,,,,,,,,,,,,,,,,,,,,,,,,,,,,,,,,,,,,,,,,,,,,,,,,,,,,,,,,,,,,,,,,,,,,,,,,,,,,,,,,,,,,,,,,,,,,,,,,,,,,,,,,,,,,,,,,,,,,,,,,,,,,,,,,,,,,,,,,,0,1,1.0,1,0,1,-4
2026-02-21,4,Universidad Catolica,Coquimbo Unido,1.0,3.0,1.0,1.0,3.0,W,3,4,1.3333333333333333,6,5,1,10,,,,,,,,,,,2.0,1.6666666666666667,56.666666666666664,16.0,5.0,32.86666666666667,12.0,5.333333333333333,47.56666666666666,0.3333333333333333,,,,,,,,,,,,,,,,,,,,,,,,,,,,,,,,,,,,,,,,,,,,,,,,,,,,,,,,,,,,,,,,,,,,,,,3,6,2.0,4,2,2,6,,,,,,,,,,,1.3333333333333333,0.6666666666666666,45.0,11.666666666666666,3.3333333333333335,26.333333333333332,10.0,3.3333333333333335,25.666666666666668,0.6666666666666666,,,,,,,,,,,,,,,,,,,,,,,,,,,,,,0.3333333333333333,,,,,,,,,,,,,,,,,,,,,,,,,,,,,,0.3333333333333333,,,,,,,,,,,,,,,,,,,,,0.6666666666666667,1.0,11.666666666666664,4.333333333333334,1.6666666666666665,6.533333333333335,2.0,1.9999999999999996,21.899999999999995,-0.3333333333333333,,,,,,,,,,,,,,,,,,,,,,,,,,,,,,,,,,,,,,,,,,,,,,,,,,,,,,,,,,,,,,,,,,,,,,,0,-2,-0.6666666666666667,2,3,-1,4
2026-03-14,7,Universidad Catolica,Everton,0.0,2.0,2.0,2.0,2.0,D,6,10,1.6666666666666667,11,8,3,4,1.8,1.2,58.2,13.8,5.4,41.3,9.6,4.2,46.0,0.6,1.6666666666666667,1.0,60.0,11.333333333333334,5.333333333333333,46.23333333333334,7.333333333333333,3.3333333333333335,45.76666666666667,0.6666666666666666,1.8333333333333333,1.3333333333333333,58.333333333333336,13.666666666666666,5.166666666666667,39.550000000000004,9.666666666666666,4.333333333333333,46.666666666666664,0.42857142857142855,,,,,,,,,,,,,,,,,,,,0.6666666666666666,,,,,,,,,,,,,,,,,,,,,,,,,,,,,,0.6666666666666666,,,,,,,,,,,6,9,1.5,7,6,1,8,0.8,1.2,45.4,11.4,3.8,28.759999999999998,16.2,5.4,34.56,0.4,1.3333333333333333,0.3333333333333333,42.0,11.666666666666666,5.0,36.266666666666666,14.666666666666666,3.0,22.2,0.6666666666666666,1.1666666666666667,1.0,46.333333333333336,11.833333333333334,3.6666666666666665,27.53333333333333,14.666666666666666,4.833333333333333,33.56666666666667,0.42857142857142855,,,,,,,,,,,1.0,1.0,42.333333333333336,11.0,4.0,28.5,17.666666666666668,5.0,29.03333333333333,0.3333333333333333,,,,,,,,,,,,,,,,,,,,,1.0,1.0,42.333333333333336,11.0,4.0,28.5,17.666666666666668,5.0,29.03333333333333,0.3333333333333333,,,,,,,,,,,1.0,0.0,12.800000000000004,2.4000000000000004,1.6000000000000005,12.54,-6.6,-1.2000000000000002,11.439999999999998,0.19999999999999996,0.3333333333333335,0.6666666666666667,18.0,-0.33333333333333215,0.33333333333333304,9.966666666666676,-7.333333333333333,0.3333333333333335,23.566666666666674,0.0,0.6666666666666665,0.33333333333333326,12.0,1.8333333333333321,1.5000000000000004,12.016666666666673,-5.0,-0.5,13.099999999999994,0.0,,,,,,,,,,,,,,,,,,,,0.3333333333333333,,,,,,,,,,,,,,,,,,,,,,,,,,,,,,0.3333333333333333,,,,,,,,,,,0,1,0.16666666666666674,4,2,2,-4
2026-04-02,8,Universidad Catolica,Palestino,1.0,6.0,1.0,1.0,6.0,W,7,11,1.5714285714285714,13,10,3,4,1.8,1.6,62.0,14.2,5.0,37.239999999999995,7.6,4.2,54.0,0.4,1.3333333333333333,1.3333333333333333,62.333333333333336,11.0,4.0,37.8,6.0,3.0,50.96666666666666,0.3333333333333333,1.8571428571428572,1.4285714285714286,59.42857142857143,13.714285714285714,4.857142857142857,36.957142857142856,9.0,4.142857142857143,48.57142857142857,0.375,,,,,,,,,,,2.3333333333333335,1.0,57.333333333333336,13.666666666666666,5.0,36.6,9.666666666666666,3.3333333333333335,41.46666666666667,0.6666666666666666,,,,,,,,,,,,,,,,,,,,,2.3333333333333335,1.0,57.333333333333336,13.666666666666666,5.0,36.6,9.666666666666666,3.3333333333333335,41.46666666666667,0.6666666666666666,,,,,,,,,,,7,8,1.1428571428571428,11,11,0,14,1.8,1.4,51.4,15.6,5.0,30.8,12.0,4.2,37.44,0.4,2.6666666666666665,1.6666666666666667,57.666666666666664,19.333333333333332,6.666666666666667,33.266666666666666,9.333333333333334,3.3333333333333335,40.266666666666666,0.6666666666666666,1.5714285714285714,1.5714285714285714,54.142857142857146,15.0,5.428571428571429,35.74285714285715,11.857142857142858,4.142857142857143,36.6,0.25,,,,,,,,,,,0.6666666666666666,2.0,55.0,12.0,3.6666666666666665,30.066666666666666,16.0,4.666666666666667,26.8,0.0,,,,,,,,,,,,,,,,,,,,,0.6666666666666666,2.0,55.0,12.0,3.6666666666666665,30.066666666666666,16.0,4.666666666666667,26.8,0.0,,,,,,,,,,,0.0,0.20000000000000018,10.600000000000001,-1.4000000000000004,0.0,6.439999999999994,-4.4,0.0,16.560000000000002,0.0,-1.3333333333333333,-0.3333333333333335,4.666666666666671,-8.333333333333332,-2.666666666666667,4.533333333333331,-3.333333333333334,-0.3333333333333335,10.699999999999996,-0.3333333333333333,0.2857142857142858,-0.1428571428571428,5.285714285714285,-1.2857142857142865,-0.5714285714285721,1.2142857142857082,-2.8571428571428577,0.0,11.971428571428568,0.125,,,,,,,,,,,1.666666666666667,-1.0,2.3333333333333357,1.666666666666666,1.3333333333333335,6.533333333333335,-6.333333333333334,-1.3333333333333335,14.666666666666668,0.6666666666666666,,,,,,,,,,,,,,,,,,,,,1.666666666666667,-1.0,2.3333333333333357,1.666666666666666,1.3333333333333335,6.533333333333335,-6.333333333333334,-1.3333333333333335,14.666666666666668,0.6666666666666666,,,,,,,,,,,0,3,0.4285714285714286,2,-1,3,-10
2026-04-20,10,Universidad Catolica,Union La Calera,-1.0,1.0,2.0,2.0,1.0,L,9,17,1.8888888888888888,23,14,9,4,2.8,1.6,59.2,12.0,5.2,43.67999999999999,8.0,3.2,43.92,0.6,4.0,2.0,58.333333333333336,13.666666666666666,5.666666666666667,42.13333333333333,9.0,3.3333333333333335,42.233333333333334,0.6666666666666666,2.5555555555555554,1.5555555555555556,58.333333333333336,13.666666666666666,5.333333333333333,40.41111111111111,9.444444444444445,4.0,45.18888888888889,0.5,,,,,,,,,,0.6,3.6666666666666665,1.3333333333333333,60.0,14.666666666666666,5.666666666666667,38.26666666666667,8.666666666666666,3.0,40.36666666666667,0.6666666666666666,,,,,,,,,,0.6,,,,,,,,,,0.6,3.6666666666666665,1.3333333333333333,60.0,14.666666666666666,5.666666666666667,38.26666666666667,8.666666666666666,3.0,40.36666666666667,0.6666666666666666,,,,,,,,,,0.6,9,7,0.7777777777777778,7,18,-11,15,1.4,2.0,54.4,13.0,3.8,29.52,12.8,5.2,40.620000000000005,0.4,1.3333333333333333,2.3333333333333335,53.333333333333336,13.666666666666666,3.0,20.76666666666667,13.333333333333334,5.666666666666667,41.5,0.3333333333333333,0.7777777777777778,2.0,52.22222222222222,10.88888888888889,3.2222222222222223,29.099999999999998,12.777777777777779,4.0,30.41111111111111,0.2,,,,,,,,,,0.0,0.0,2.6666666666666665,52.666666666666664,8.666666666666666,1.6666666666666667,15.033333333333333,15.333333333333334,6.0,42.36666666666667,0.0,,,,,,,,,,0.0,,,,,,,,,,0.0,0.0,2.6666666666666665,52.666666666666664,8.666666666666666,1.6666666666666667,15.033333333333333,15.333333333333334,6.0,42.36666666666667,0.0,,,,,,,,,,0.0,1.4,-0.3999999999999999,4.800000000000004,-1.0,1.4000000000000004,14.159999999999993,-4.800000000000001,-2.0,3.299999999999997,0.19999999999999996,2.666666666666667,-0.3333333333333335,5.0,0.0,2.666666666666667,21.366666666666664,-4.333333333333334,-2.3333333333333335,0.7333333333333343,0.3333333333333333,1.7777777777777777,-0.4444444444444444,6.111111111111114,2.777777777777777,2.1111111111111107,11.311111111111114,-3.333333333333334,0.0,14.777777777777779,0.3,,,,,,,,,,0.6,3.6666666666666665,-1.3333333333333333,7.333333333333336,6.0,4.0,23.23333333333334,-6.666666666666668,-3.0,-2.0,0.6666666666666666,,,,,,,,,,0.6,,,,,,,,,,0.6,3.6666666666666665,-1.3333333333333333,7.333333333333336,6.0,4.0,23.23333333333334,-6.666666666666668,-3.0,-2.0,0.6666666666666666,,,,,,,,,,0.6,0,10,1.1111111111111112,16,-4,20,-11
2026-05-24,13,Universidad Catolica,Colo-Colo,,,,,,,11,17,1.5454545454545454,24,17,7,5,,,,,,,,,,0.4,,,,,,,,,,0.0,2.1818181818181817,1.5454545454545454,57.72727272727273,12.818181818181818,5.181818181818182,42.39090909090909,9.909090909090908,4.0,43.43636363636364,0.38461538461538464,2.8,1.2,57.0,13.4,5.4,40.4,10.0,3.2,37.1,0.6,3.0,1.6666666666666667,59.666666666666664,13.333333333333334,5.0,37.86666666666667,8.666666666666666,3.0,40.36666666666667,0.3333333333333333,2.8,1.2,57.0,13.4,5.4,40.4,10.0,3.2,37.1,0.5,2.8,1.2,57.0,13.4,5.4,40.4,10.0,3.2,37.1,0.6,3.0,1.6666666666666667,59.666666666666664,13.333333333333334,5.0,37.86666666666667,8.666666666666666,3.0,40.36666666666667,0.3333333333333333,2.8,1.2,57.0,13.4,5.4,40.4,10.0,3.2,37.1,0.5,10,21,2.1,11,6,5,2,,,,,,,,,,0.4,,,,,,,,,,0.3333333333333333,1.1,0.6,61.7,14.9,4.6,31.119999999999997,8.0,2.3,27.68,0.5384615384615384,1.2,0.8,63.6,13.2,4.4,33.959999999999994,8.2,2.4,26.939999999999998,0.8,1.3333333333333333,0.3333333333333333,62.666666666666664,12.0,3.6666666666666665,32.53333333333333,7.666666666666667,2.0,22.7,1.0,1.2,0.8,63.6,13.2,4.4,33.959999999999994,8.2,2.4,26.939999999999998,0.6666666666666666,1.2,0.8,63.6,13.2,4.4,33.959999999999994,8.2,2.4,26.939999999999998,0.8,1.3333333333333333,0.3333333333333333,62.666666666666664,12.0,3.6666666666666665,32.53333333333333,7.666666666666667,2.0,22.7,1.0,1.2,0.8,63.6,13.2,4.4,33.959999999999994,8.2,2.4,26.939999999999998,0.6666666666666666,,,,,,,,,,0.0,,,,,,,,,,-0.3333333333333333,1.0818181818181816,0.9454545454545454,-3.972727272727276,-2.081818181818182,0.581818181818182,11.270909090909093,1.9090909090909083,1.7000000000000002,15.756363636363638,-0.1538461538461538,1.5999999999999999,0.3999999999999999,-6.600000000000001,0.20000000000000107,1.0,6.440000000000005,1.8000000000000007,0.8000000000000003,10.160000000000004,-0.20000000000000007,1.6666666666666667,1.3333333333333335,-3.0,1.333333333333334,1.3333333333333335,5.333333333333336,0.9999999999999991,1.0,17.666666666666668,-0.6666666666666667,1.5999999999999999,0.3999999999999999,-6.600000000000001,0.20000000000000107,1.0,6.440000000000005,1.8000000000000007,0.8000000000000003,10.160000000000004,-0.16666666666666663,1.5999999999999999,0.3999999999999999,-6.600000000000001,0.20000000000000107,1.0,6.440000000000005,1.8000000000000007,0.8000000000000003,10.160000000000004,-0.20000000000000007,1.6666666666666667,1.3333333333333335,-3.0,1.333333333333334,1.3333333333333335,5.333333333333336,0.9999999999999991,1.0,17.666666666666668,-0.6666666666666667,1.5999999999999999,0.3999999999999999,-6.600000000000001,0.20000000000000107,1.0,6.440000000000005,1.8000000000000007,0.8000000000000003,10.160000000000004,-0.16666666666666663,1,-4,-0.5545454545454547,13,11,2,3
2026-06-14,15,Universidad Catolica,Universidad de Concepcion,,,,,,,11,17,1.5454545454545454,24,17,7,5,,,,,,,,,,0.0,,,,,,,,,,0.0,2.1818181818181817,1.5454545454545454,57.72727272727273,12.818181818181818,5.181818181818182,42.39090909090909,9.909090909090908,4.0,43.43636363636364,0.3333333333333333,,,,,,,,,,0.4,,,,,,,,,,0.3333333333333333,2.8,1.2,57.0,13.4,5.4,40.4,10.0,3.2,37.1,0.42857142857142855,,,,,,,,,,0.4,,,,,,,,,,0.3333333333333333,2.8,1.2,57.0,13.4,5.4,40.4,10.0,3.2,37.1,0.42857142857142855,11,14,1.2727272727272727,9,19,-10,12,,,,,,,,,,0.0,,,,,,,,,,0.0,0.8181818181818182,1.7272727272727273,46.72727272727273,13.272727272727273,4.2727272727272725,34.36363636363637,14.727272727272727,5.454545454545454,33.90909090909091,0.26666666666666666,,,,,,,,,,0.0,,,,,,,,,,0.0,0.6,2.6,46.4,14.4,4.4,31.5,18.2,7.8,44.32,0.0,,,,,,,,,,0.0,,,,,,,,,,0.0,0.6,2.6,46.4,14.4,4.4,31.5,18.2,7.8,44.32,0.0,,,,,,,,,,0.0,,,,,,,,,,0.0,1.3636363636363633,-0.18181818181818188,11.0,-0.45454545454545503,0.9090909090909092,8.027272727272724,-4.818181818181818,-1.4545454545454541,9.527272727272731,0.06666666666666665,,,,,,,,,,0.4,,,,,,,,,,0.3333333333333333,2.1999999999999997,-1.4000000000000001,10.600000000000001,-1.0,1.0,8.899999999999999,-8.2,-4.6,-7.219999999999999,0.42857142857142855,,,,,,,,,,0.4,,,,,,,,,,0.3333333333333333,2.1999999999999997,-1.4000000000000001,10.600000000000001,-1.0,1.0,8.899999999999999,-8.2,-4.6,-7.219999999999999,0.42857142857142855,0,3,0.2727272727272727,15,-2,17,-7
2026-07-26,16,Universidad Catolica,La Serena,,,,,,,11,17,1.5454545454545454,24,17,7,5,,,,,,,,,,0.0,,,,,,,,,,0.0,2.1818181818181817,1.5454545454545454,57.72727272727273,12.818181818181818,5.181818181818182,42.39090909090909,9.909090909090908,4.0,43.43636363636364,0.3125,,,,,,,,,,0.2,,,,,,,,,,0.0,2.8,1.2,57.0,13.4,5.4,40.4,10.0,3.2,37.1,0.375,,,,,,,,,,0.2,,,,,,,,,,0.0,2.8,1.2,57.0,13.4,5.4,40.4,10.0,3.2,37.1,0.375,11,14,1.2727272727272727,13,14,-1,10,,,,,,,,,,0.0,,,,,,,,,,0.0,1.1818181818181819,1.2727272727272727,49.72727272727273,10.909090909090908,3.8181818181818183,34.199999999999996,12.090909090909092,4.181818181818182,34.699999999999996,0.1875,,,,,,,,,,0.0,,,,,,,,,,0.0,1.2,2.0,49.4,11.2,3.4,33.2,13.4,4.8,36.14,0.125,,,,,,,,,,0.0,,,,,,,,,,0.0,1.2,2.0,49.4,11.2,3.4,33.2,13.4,4.8,36.14,0.125,,,,,,,,,,0.0,,,,,,,,,,0.0,0.9999999999999998,0.2727272727272727,8.0,1.90909090909091,1.3636363636363633,8.190909090909095,-2.1818181818181834,-0.18181818181818166,8.736363636363642,0.125,,,,,,,,,,0.2,,,,,,,,,,0.0,1.5999999999999999,-0.8,7.600000000000001,2.200000000000001,2.0000000000000004,7.199999999999996,-3.4000000000000004,-1.5999999999999996,0.9600000000000009,0.25,,,,,,,,,,0.2,,,,,,,,,,0.0,1.5999999999999999,-0.8,7.600000000000001,2.200000000000001,2.0000000000000004,7.199999999999996,-3.4000000000000004,-1.5999999999999996,0.9600000000000009,0.25,0,3,0.2727272727272727,11,3,8,-5
2026-08-09,18,Universidad Catolica,Cobresal,,,,,,,11,17,1.5454545454545454,24,17,7,5,,,,,,,,,,0.0,,,,,,,,,,0.0,2.1818181818181817,1.5454545454545454,57.72727272727273,12.818181818181818,5.181818181818182,42.39090909090909,9.909090909090908,4.0,43.43636363636364,0.2777777777777778,,,,,,,,,,0.2,,,,,,,,,,0.0,2.8,1.2,57.0,13.4,5.4,40.4,10.0,3.2,37.1,0.3333333333333333,,,,,,,,,,0.2,,,,,,,,,,0.0,2.8,1.2,57.0,13.4,5.4,40.4,10.0,3.2,37.1,0.3333333333333333,11,10,0.9090909090909091,17,23,-6,14,,,,,,,,,,0.0,,,,,,,,,,0.0,1.5454545454545454,2.090909090909091,45.18181818181818,13.0,4.2727272727272725,34.38181818181818,17.454545454545453,5.636363636363637,31.472727272727273,0.16666666666666666,,,,,,,,,,0.0,,,,,,,,,,0.0,1.5,2.0,43.0,10.666666666666666,3.3333333333333335,31.55,19.333333333333332,6.666666666666667,33.300000000000004,0.1,,,,,,,,,,0.0,,,,,,,,,,0.0,1.5,2.0,43.0,10.666666666666666,3.3333333333333335,31.55,19.333333333333332,6.666666666666667,33.300000000000004,0.1,,,,,,,,,,0.0,,,,,,,,,,0.0,0.6363636363636362,-0.5454545454545454,12.545454545454547,-0.18181818181818166,0.9090909090909092,8.009090909090908,-7.545454545454545,-1.6363636363636367,11.963636363636365,0.11111111111111113,,,,,,,,,,0.2,,,,,,,,,,0.0,1.2999999999999998,-0.8,14.0,2.7333333333333343,2.066666666666667,8.849999999999998,-9.333333333333332,-3.466666666666667,3.799999999999997,0.2333333333333333,,,,,,,,,,0.2,,,,,,,,,,0.0,1.2999999999999998,-0.8,14.0,2.7333333333333343,2.066666666666667,8.849999999999998,-9.333333333333332,-3.466666666666667,3.799999999999997,0.2333333333333333,0,7,0.6363636363636364,7,-6,13,-9
2026-08-23,20,Universidad Catolica,Nublense,,,,,,,11,17,1.5454545454545454,24,17,7,5,,,,,,,,,,0.0,,,,,,,,,,0.0,2.1818181818181817,1.5454545454545454,57.72727272727273,12.818181818181818,5.181818181818182,42.39090909090909,9.909090909090908,4.0,43.43636363636364,0.25,,,,,,,,,,0.0,,,,,,,,,,0.0,2.8,1.2,57.0,13.4,5.4,40.4,10.0,3.2,37.1,0.3,,,,,,,,,,0.0,,,,,,,,,,0.0,2.8,1.2,57.0,13.4,5.4,40.4,10.0,3.2,37.1,0.3,11,17,1.5454545454545454,11,9,2,7,,,,,,,,,,0.0,,,,,,,,,,0.0,1.0,0.8181818181818182,46.63636363636363,12.636363636363637,3.5454545454545454,29.545454545454547,9.272727272727273,3.5454545454545454,40.03636363636363,0.2,,,,,,,,,,0.0,,,,,,,,,,0.0,1.0,0.4,46.6,11.6,4.0,32.06,9.6,3.6,37.0,0.2,,,,,,,,,,0.0,,,,,,,,,,0.0,1.0,0.4,46.6,11.6,4.0,32.06,9.6,3.6,37.0,0.2,,,,,,,,,,0.0,,,,,,,,,,0.0,1.1818181818181817,0.7272727272727272,11.090909090909093,0.18181818181818166,1.6363636363636362,12.845454545454544,0.6363636363636349,0.4545454545454546,3.4000000000000057,0.04999999999999999,,,,,,,,,,0.0,,,,,,,,,,0.0,1.7999999999999998,0.7999999999999999,10.399999999999999,1.8000000000000007,1.4000000000000004,8.339999999999996,0.40000000000000036,-0.3999999999999999,0.10000000000000142,0.09999999999999998,,,,,,,,,,0.0,,,,,,,,,,0.0,1.7999999999999998,0.7999999999999999,10.399999999999999,1.8000000000000007,1.4000000000000004,8.339999999999996,0.40000000000000036,-0.3999999999999999,0.10000000000000142,0.09999999999999998,0,0,0.0,13,8,5,-2
2026-08-30,21,Universidad Catolica,O'Higgins,,,,,,,11,17,1.5454545454545454,24,17,7,5,,,,,,,,,,0.0,,,,,,,,,,0.0,2.1818181818181817,1.5454545454545454,57.72727272727273,12.818181818181818,5.181818181818182,42.39090909090909,9.909090909090908,4.0,43.43636363636364,0.23809523809523808,,,,,,,,,,0.0,,,,,,,,,,0.0,2.8,1.2,57.0,13.4,5.4,40.4,10.0,3.2,37.1,0.2727272727272727,,,,,,,,,,0.0,,,,,,,,,,0.0,2.8,1.2,57.0,13.4,5.4,40.4,10.0,3.2,37.1,0.2727272727272727,11,19,1.7272727272727273,17,16,1,4,,,,,,,,,,0.0,,,,,,,,,,0.0,1.5454545454545454,1.4545454545454546,50.72727272727273,12.272727272727273,4.636363636363637,40.10909090909092,12.272727272727273,4.0,34.25454545454546,0.2857142857142857,,,,,,,,,,0.0,,,,,,,,,,0.0,2.2,2.2,53.4,11.4,4.8,46.0,14.6,4.8,35.339999999999996,0.18181818181818182,,,,,,,,,,0.0,,,,,,,,,,0.0,2.2,2.2,53.4,11.4,4.8,46.0,14.6,4.8,35.339999999999996,0.18181818181818182,,,,,,,,,,0.0,,,,,,,,,,0.0,0.6363636363636362,0.09090909090909083,7.0,0.545454545454545,0.545454545454545,2.281818181818174,-2.363636363636365,0.0,9.18181818181818,-0.047619047619047616,,,,,,,,,,0.0,,,,,,,,,,0.0,0.5999999999999996,-1.0000000000000002,3.6000000000000014,2.0,0.6000000000000005,-5.600000000000001,-4.6,-1.5999999999999996,1.7600000000000051,0.09090909090909088,,,,,,,,,,0.0,,,,,,,,,,0.0,0.5999999999999996,-1.0000000000000002,3.6000000000000014,2.0,0.6000000000000005,-5.600000000000001,-4.6,-1.5999999999999996,1.7600000000000051,0.09090909090909088,0,-2,-0.18181818181818188,7,1,6,1
2026-10-11,24,Universidad Catolica,Audax Italiano,,,,,,,11,17,1.5454545454545454,24,17,7,5,,,,,,,,,,0.0,,,,,,,,,,0.0,2.1818181818181817,1.5454545454545454,57.72727272727273,12.818181818181818,5.181818181818182,42.39090909090909,9.909090909090908,4.0,43.43636363636364,0.20833333333333334,,,,,,,,,,0.0,,,,,,,,,,0.0,2.8,1.2,57.0,13.4,5.4,40.4,10.0,3.2,37.1,0.25,,,,,,,,,,0.0,,,,,,,,,,0.0,2.8,1.2,57.0,13.4,5.4,40.4,10.0,3.2,37.1,0.25,11,11,1.0,15,16,-1,13,,,,,,,,,,0.0,,,,,,,,,,0.0,1.3636363636363635,1.4545454545454546,51.81818181818182,10.454545454545455,3.3636363636363638,32.26363636363636,12.090909090909092,3.727272727272727,30.19090909090909,0.125,,,,,,,,,,0.0,,,,,,,,,,0.0,0.6,1.8,54.2,11.4,3.8,34.96,11.8,4.4,35.28,0.0,,,,,,,,,,0.0,,,,,,,,,,0.0,0.6,1.8,54.2,11.4,3.8,34.96,11.8,4.4,35.28,0.0,,,,,,,,,,0.0,,,,,,,,,,0.0,0.8181818181818181,0.09090909090909083,5.9090909090909065,2.3636363636363633,1.818181818181818,10.127272727272732,-2.1818181818181834,0.27272727272727293,13.245454545454546,0.08333333333333334,,,,,,,,,,0.0,,,,,,,,,,0.0,2.1999999999999997,-0.6000000000000001,2.799999999999997,2.0,1.6000000000000005,5.439999999999998,-1.8000000000000007,-1.2000000000000002,1.8200000000000003,0.25,,,,,,,,,,0.0,,,,,,,,,,0.0,2.1999999999999997,-0.6000000000000001,2.799999999999997,2.0,1.6000000000000005,5.439999999999998,-1.8000000000000007,-1.2000000000000002,1.8200000000000003,0.25,0,6,0.5454545454545454,9,1,8,-8
2026-11-01,26,Universidad Catolica,Universidad de Chile,,,,,,,11,17,1.5454545454545454,24,17,7,5,,,,,,,,,,0.0,,,,,,,,,,0.0,2.1818181818181817,1.5454545454545454,57.72727272727273,12.818181818181818,5.181818181818182,42.39090909090909,9.909090909090908,4.0,43.43636363636364,0.19230769230769232,,,,,,,,,,0.0,,,,,,,,,,0.0,2.8,1.2,57.0,13.4,5.4,40.4,10.0,3.2,37.1,0.23076923076923078,,,,,,,,,,0.0,,,,,,,,,,0.0,2.8,1.2,57.0,13.4,5.4,40.4,10.0,3.2,37.1,0.23076923076923078,11,17,1.5454545454545454,11,6,5,6,,,,,,,,,,0.0,,,,,,,,,,0.0,1.0,0.5454545454545454,55.18181818181818,11.363636363636363,3.727272727272727,32.445454545454545,10.090909090909092,4.2727272727272725,45.38181818181818,0.15384615384615385,,,,,,,,,,0.0,,,,,,,,,,0.0,0.5,0.5,56.5,10.0,3.0,31.133333333333336,11.833333333333334,4.666666666666667,42.71666666666667,0.15384615384615385,,,,,,,,,,0.0,,,,,,,,,,0.0,0.5,0.5,56.5,10.0,3.0,31.133333333333336,11.833333333333334,4.666666666666667,42.71666666666667,0.15384615384615385,,,,,,,,,,0.0,,,,,,,,,,0.0,1.1818181818181817,1.0,2.5454545454545467,1.454545454545455,1.4545454545454546,9.945454545454545,-0.18181818181818343,-0.2727272727272725,-1.9454545454545453,0.038461538461538464,,,,,,,,,,0.0,,,,,,,,,,0.0,2.3,0.7,0.5,3.4000000000000004,2.4000000000000004,9.266666666666662,-1.833333333333334,-1.4666666666666668,-5.616666666666667,0.07692307692307693,,,,,,,,,,0.0,,,,,,,,,,0.0,2.3,0.7,0.5,3.4000000000000004,2.4000000000000004,9.266666666666662,-1.833333333333334,-1.4666666666666668,-5.616666666666667,0.07692307692307693,0,0,0.0,13,11,2,-1
2026-11-08,27,Universidad Catolica,CD Limache,,,,,,,11,17,1.5454545454545454,24,17,7,5,,,,,,,,,,0.0,,,,,,,,,,0.0,2.1818181818181817,1.5454545454545454,57.72727272727273,12.818181818181818,5.181818181818182,42.39090909090909,9.909090909090908,4.0,43.43636363636364,0.18518518518518517,,,,,,,,,,0.0,,,,,,,,,,0.0,2.8,1.2,57.0,13.4,5.4,40.4,10.0,3.2,37.1,0.21428571428571427,,,,,,,,,,0.0,,,,,,,,,,0.0,2.8,1.2,57.0,13.4,5.4,40.4,10.0,3.2,37.1,0.21428571428571427,11,21,1.9090909090909092,25,11,14,1,,,,,,,,,,0.0,,,,,,,,,,0.0,2.272727272727273,1.0,44.72727272727273,11.909090909090908,4.818181818181818,42.4,14.0,3.4545454545454546,24.672727272727272,0.2222222222222222,,,,,,,,,,0.0,,,,,,,,,,0.0,1.6666666666666667,1.5,49.166666666666664,9.0,3.3333333333333335,38.71666666666667,14.833333333333334,3.3333333333333335,24.7,0.07142857142857142,,,,,,,,,,0.0,,,,,,,,,,0.0,1.6666666666666667,1.5,49.166666666666664,9.0,3.3333333333333335,38.71666666666667,14.833333333333334,3.3333333333333335,24.7,0.07142857142857142,,,,,,,,,,0.0,,,,,,,,,,0.0,-0.09090909090909127,0.5454545454545454,13.0,0.9090909090909101,0.3636363636363633,-0.009090909090907928,-4.090909090909092,0.5454545454545454,18.763636363636365,-0.037037037037037035,,,,,,,,,,0.0,,,,,,,,,,0.0,1.133333333333333,-0.30000000000000004,7.833333333333336,4.4,2.066666666666667,1.68333333333333,-4.833333333333334,-0.1333333333333333,12.400000000000002,0.14285714285714285,,,,,,,,,,0.0,,,,,,,,,,0.0,1.133333333333333,-0.30000000000000004,7.833333333333336,4.4,2.066666666666667,1.68333333333333,-4.833333333333334,-0.1333333333333333,12.400000000000002,0.14285714285714285,0,-4,-0.36363636363636376,-1,6,-7,4
2026-11-29,29,Universidad Catolica,Huachipato,,,,,,,11,17,1.5454545454545454,24,17,7,5,,,,,,,,,,0.0,,,,,,,,,,0.0,2.1818181818181817,1.5454545454545454,57.72727272727273,12.818181818181818,5.181818181818182,42.39090909090909,9.909090909090908,4.0,43.43636363636364,0.1724137931034483,,,,,,,,,,0.0,,,,,,,,,,0.0,2.8,1.2,57.0,13.4,5.4,40.4,10.0,3.2,37.1,0.2,,,,,,,,,,0.0,,,,,,,,,,0.0,2.8,1.2,57.0,13.4,5.4,40.4,10.0,3.2,37.1,0.2,11,19,1.7272727272727273,18,14,4,3,,,,,,,,,,0.0,,,,,,,,,,0.0,1.6363636363636365,1.2727272727272727,47.54545454545455,12.727272727272727,5.181818181818182,38.81818181818182,14.272727272727273,4.0,26.94545454545454,0.20689655172413793,,,,,,,,,,0.0,,,,,,,,,,0.0,0.8333333333333334,1.0,46.0,11.0,3.5,30.46666666666667,14.5,4.0,26.666666666666668,0.13333333333333333,,,,,,,,,,0.0,,,,,,,,,,0.0,0.8333333333333334,1.0,46.0,11.0,3.5,30.46666666666667,14.5,4.0,26.666666666666668,0.13333333333333333,,,,,,,,,,0.0,,,,,,,,,,0.0,0.5454545454545452,0.2727272727272727,10.18181818181818,0.09090909090909172,0.0,3.5727272727272705,-4.363636363636365,0.0,16.490909090909096,-0.03448275862068964,,,,,,,,,,0.0,,,,,,,,,,0.0,1.9666666666666663,0.19999999999999996,11.0,2.4000000000000004,1.9000000000000004,9.93333333333333,-4.5,-0.7999999999999998,10.433333333333334,0.06666666666666668,,,,,,,,,,0.0,,,,,,,,,,0.0,1.9666666666666663,0.19999999999999996,11.0,2.4000000000000004,1.9000000000000004,9.93333333333333,-4.5,-0.7999999999999998,10.433333333333334,0.06666666666666668,0,-2,-0.18181818181818188,6,3,3,2
2026-01-30,1,Universidad de Chile,Audax Italiano,0.0,0.0,0.0,0.0,0.0,D,0,0,0.0,0,0,0,15,,,,,,,,,,,,,,,,,,,,,,,,,,,,,,,,,,,,,,,,,,,,,,,,,,,,,,,,,,,,,,,,,,,,,,,,,,,,,,,,,,,,,,,,,,,0,0,0.0,0,0,0,1,,,,,,,,,,,,,,,,,,,,,,,,,,,,,,,,,,,,,,,,,,,,,,,,,,,,,,,,,,,,,,,,,,,,,,,,,,,,,,,,,,,,,,,,,,,,,,,,,,,,,,,,,,,,,,,,,,,,,,,,,,,,,,,,,,,,,,,,,,,,,,,,,,,,,,,,,,,,,,,,,,,,,,,,,,,,,,,,,,,,,0,0,0.0,0,0,0,14
2026-02-22,4,Universidad de Chile,CD Limache,0.0,2.0,2.0,2.0,2.0,D,3,2,0.6666666666666666,1,2,-1,12,,,,,,,,,,,0.3333333333333333,0.6666666666666666,53.333333333333336,8.0,2.0,24.066666666666666,8.333333333333334,4.666666666666667,50.833333333333336,0.0,,,,,,,,,,,,,,,,,,,,,,,,,,,,,,,,,,,,,,,,,,,,,,,,,,,,,,,,,,,,,,,,,,,,,,,3,7,2.3333333333333335,6,3,3,6,,,,,,,,,,,2.0,1.0,33.333333333333336,6.666666666666667,3.6666666666666665,53.699999999999996,18.333333333333332,4.666666666666667,26.399999999999995,0.6666666666666666,,,,,,,,,,,,,,,,,,,,,,,,,,,,,,,,,,,,,,,,,,,,,,,,,,,,,,,,,,,,,,,,,,,,,,,,,,,,,,,,,-1.6666666666666667,-0.33333333333333337,20.0,1.333333333333333,-1.6666666666666665,-29.63333333333333,-9.999999999999998,0.0,24.43333333333334,-0.6666666666666666,,,,,,,,,,,,,,,,,,,,,,,,,,,,,,,,,,,,,,,,,,,,,,,,,,,,,,,,,,,,,,,,,,,,,,,0,-5,-1.666666666666667,-5,-1,-4,6
2026-03-09,6,Universidad de Chile,Universidad de Concepcion,0.0,1.0,1.0,1.0,1.0,D,5,6,1.2,4,4,0,14,0.8,0.8,53.4,8.4,3.0,34.96,9.0,4.6,49.660000000000004,0.2,1.0,0.6666666666666666,55.666666666666664,9.333333333333334,4.0,44.199999999999996,9.333333333333334,4.0,44.43333333333334,0.3333333333333333,0.8,0.8,53.4,8.4,3.0,34.96,9.0,4.6,49.660000000000004,0.16666666666666666,,,,,,,,,,,,,,,,,,,,0.0,,,,,,,,,,,,,,,,,,,,,,,,,,,,,,0.0,,,,,,,,,,,5,7,1.4,4,8,-4,13,0.8,1.6,49.4,14.4,4.8,37.839999999999996,12.0,4.8,34.160000000000004,0.4,1.0,1.6666666666666667,47.666666666666664,14.0,5.666666666666667,46.93333333333334,13.0,6.0,39.93333333333333,0.3333333333333333,0.8,1.6,49.4,14.4,4.8,37.839999999999996,12.0,4.8,34.160000000000004,0.3333333333333333,,,,,,,,,,,,,,,,,,,,0.0,,,,,,,,,,,,,,,,,,,,,,,,,,,,,,0.0,,,,,,,,,,,0.0,-0.8,4.0,-6.0,-1.7999999999999998,-2.8799999999999955,-3.0,-0.20000000000000018,15.5,-0.2,0.0,-1.0,8.0,-4.666666666666666,-1.666666666666667,-2.7333333333333414,-3.666666666666666,-2.0,4.500000000000007,0.0,0.0,-0.8,4.0,-6.0,-1.7999999999999998,-2.8799999999999955,-3.0,-0.20000000000000018,15.5,-0.16666666666666666,,,,,,,,,,,,,,,,,,,,0.0,,,,,,,,,,,,,,,,,,,,,,,,,,,,,,0.0,,,,,,,,,,,0,-1,-0.19999999999999996,0,-4,4,1
2026-04-05,8,Universidad de Chile,La Serena,1.0,4.0,0.0,0.0,4.0,W,7,10,1.4285714285714286,6,5,1,10,1.0,0.6,56.6,11.2,4.4,41.02,11.8,3.6,35.42,0.4,1.0,0.3333333333333333,52.666666666666664,11.666666666666666,4.666666666666667,43.199999999999996,14.333333333333334,3.3333333333333335,25.7,0.6666666666666666,0.8571428571428571,0.7142857142857143,54.714285714285715,10.0,3.5714285714285716,35.32857142857143,10.857142857142858,4.142857142857143,41.728571428571435,0.25,,,,,,,,,,,1.0,1.0,57.0,12.0,4.333333333333333,33.5,8.333333333333334,3.6666666666666665,45.26666666666667,0.0,,,,,,,,,,,,,,,,,,,,,1.0,1.0,57.0,12.0,4.333333333333333,33.5,8.333333333333334,3.6666666666666665,45.26666666666667,0.0,,,,,,,,,,,7,9,1.2857142857142858,9,7,2,12,1.4,0.8,48.4,10.8,3.6,28.96,13.8,4.6,33.88,0.4,2.0,0.6666666666666666,44.0,11.666666666666666,3.6666666666666665,32.699999999999996,15.333333333333334,5.0,32.86666666666667,0.6666666666666666,1.2857142857142858,1.0,47.857142857142854,10.142857142857142,3.7142857142857144,33.957142857142856,13.142857142857142,4.428571428571429,34.31428571428571,0.25,,,,,,,,,,,1.0,1.0,47.333333333333336,10.666666666666666,3.0,30.333333333333332,14.333333333333334,5.0,35.93333333333333,0.3333333333333333,,,,,,,,,,,,,,,,,,,,,1.0,1.0,47.333333333333336,10.666666666666666,3.0,30.333333333333332,14.333333333333334,5.0,35.93333333333333,0.3333333333333333,,,,,,,,,,,-0.3999999999999999,-0.20000000000000007,8.200000000000003,0.3999999999999986,0.8000000000000003,12.060000000000002,-2.0,-0.9999999999999996,1.5399999999999991,0.0,-1.0,-0.3333333333333333,8.666666666666664,0.0,1.0000000000000004,10.5,-1.0,-1.6666666666666665,-7.166666666666668,0.0,-0.4285714285714287,-0.2857142857142857,6.857142857142861,-0.14285714285714235,-0.1428571428571428,1.3714285714285737,-2.2857142857142847,-0.2857142857142856,7.414285714285725,0.0,,,,,,,,,,,0.0,0.0,9.666666666666664,1.333333333333334,1.333333333333333,3.166666666666668,-6.0,-1.3333333333333335,9.333333333333343,-0.3333333333333333,,,,,,,,,,,,,,,,,,,,,0.0,0.0,9.666666666666664,1.333333333333334,1.333333333333333,3.166666666666668,-6.0,-1.3333333333333335,9.333333333333343,-0.3333333333333333,,,,,,,,,,,0,1,0.1428571428571428,-3,-2,-1,-2
2026-04-25,11,Universidad de Chile,Universidad Catolica,1.0,1.0,0.0,0.0,1.0,W,10,14,1.4,10,6,4,8,1.2,0.4,58.4,13.6,4.4,31.079999999999995,11.8,4.0,38.760000000000005,0.4,1.3333333333333333,0.3333333333333333,58.666666666666664,13.333333333333334,4.0,27.633333333333336,9.333333333333334,4.666666666666667,50.0,0.3333333333333333,1.0,0.6,55.9,11.0,3.7,33.019999999999996,10.4,4.3,44.21,0.2727272727272727,,,,,,,,,,0.2,2.3333333333333335,1.0,60.333333333333336,15.0,6.0,41.13333333333333,9.333333333333334,4.333333333333333,48.6,0.3333333333333333,,,,,,,,,,0.2,,,,,,,,,,0.2,2.3333333333333335,1.0,60.333333333333336,15.0,6.0,41.13333333333333,9.333333333333334,4.333333333333333,48.6,0.3333333333333333,,,,,,,,,,0.2,10,17,1.7,24,16,8,5,2.6,1.8,58.8,12.0,5.0,41.879999999999995,8.6,3.4,42.8,0.4,3.6666666666666665,2.0,55.666666666666664,12.666666666666666,6.333333333333333,50.166666666666664,10.333333333333334,3.6666666666666665,37.03333333333333,0.6666666666666666,2.4,1.6,58.3,13.4,5.3,40.92,9.4,4.0,45.11,0.45454545454545453,2.0,2.0,59.6,13.4,5.2,41.44,8.8,4.8,53.120000000000005,0.4,2.0,1.6666666666666667,58.333333333333336,10.333333333333334,5.333333333333333,50.1,7.666666666666667,3.6666666666666665,47.63333333333333,0.6666666666666666,2.0,2.0,59.6,13.4,5.2,41.44,8.8,4.8,53.120000000000005,0.3333333333333333,2.0,2.0,59.6,13.4,5.2,41.44,8.8,4.8,53.120000000000005,0.4,2.0,1.6666666666666667,58.333333333333336,10.333333333333334,5.333333333333333,50.1,7.666666666666667,3.6666666666666665,47.63333333333333,0.6666666666666666,2.0,2.0,59.6,13.4,5.2,41.44,8.8,4.8,53.120000000000005,0.3333333333333333,-1.4000000000000001,-1.4,-0.3999999999999986,1.5999999999999996,-0.5999999999999996,-10.8,3.200000000000001,0.6000000000000001,-4.039999999999992,0.0,-2.333333333333333,-1.6666666666666667,3.0,0.6666666666666679,-2.333333333333333,-22.533333333333328,-1.0,1.0000000000000004,12.966666666666669,-0.3333333333333333,-1.4,-1.0,-2.3999999999999986,-2.4000000000000004,-1.5999999999999996,-7.900000000000006,1.0,0.2999999999999998,-0.8999999999999986,-0.18181818181818182,,,,,,,,,,-0.2,0.3333333333333335,-0.6666666666666667,2.0,4.666666666666666,0.666666666666667,-8.966666666666669,1.666666666666667,0.6666666666666665,0.9666666666666686,-0.3333333333333333,,,,,,,,,,-0.1333333333333333,,,,,,,,,,-0.2,0.3333333333333335,-0.6666666666666667,2.0,4.666666666666666,0.666666666666667,-8.966666666666669,1.666666666666667,0.6666666666666665,0.9666666666666686,-0.3333333333333333,,,,,,,,,,-0.1333333333333333,0,-3,-0.30000000000000004,-14,-10,-4,3
2026-05-23,13,Universidad de Chile,O'Higgins,,,,,,,11,17,1.5454545454545454,11,6,5,6,,,,,,,,,,0.4,,,,,,,,,,0.3333333333333333,1.0,0.5454545454545454,55.18181818181818,11.363636363636363,3.727272727272727,32.445454545454545,10.090909090909092,4.2727272727272725,45.38181818181818,0.3076923076923077,1.6,0.6,53.6,13.0,4.6,34.019999999999996,8.0,3.8,48.58,0.4,2.0,0.3333333333333333,54.666666666666664,16.333333333333332,5.666666666666667,34.86666666666667,9.0,4.0,46.800000000000004,0.6666666666666666,1.6,0.6,53.6,13.0,4.6,34.019999999999996,8.0,3.8,48.58,0.3333333333333333,1.6,0.6,53.6,13.0,4.6,34.019999999999996,8.0,3.8,48.58,0.4,2.0,0.3333333333333333,54.666666666666664,16.333333333333332,5.666666666666667,34.86666666666667,9.0,4.0,46.800000000000004,0.6666666666666666,1.6,0.6,53.6,13.0,4.6,34.019999999999996,8.0,3.8,48.58,0.3333333333333333,11,19,1.7272727272727273,17,16,1,4,,,,,,,,,,0.6,,,,,,,,,,0.6666666666666666,1.5454545454545454,1.4545454545454546,50.72727272727273,12.272727272727273,4.636363636363637,40.10909090909092,12.272727272727273,4.0,34.25454545454546,0.46153846153846156,2.2,2.2,53.4,11.4,4.8,46.0,14.6,4.8,35.339999999999996,0.4,2.6666666666666665,1.6666666666666667,52.333333333333336,11.333333333333334,5.333333333333333,51.1,15.0,3.6666666666666665,24.400000000000002,0.6666666666666666,2.2,2.2,53.4,11.4,4.8,46.0,14.6,4.8,35.339999999999996,0.3333333333333333,2.2,2.2,53.4,11.4,4.8,46.0,14.6,4.8,35.339999999999996,0.4,2.6666666666666665,1.6666666666666667,52.333333333333336,11.333333333333334,5.333333333333333,51.1,15.0,3.6666666666666665,24.400000000000002,0.6666666666666666,2.2,2.2,53.4,11.4,4.8,46.0,14.6,4.8,35.339999999999996,0.3333333333333333,,,,,,,,,,-0.19999999999999996,,,,,,,,,,-0.3333333333333333,-0.5454545454545454,-0.9090909090909092,4.454545454545453,-0.9090909090909101,-0.9090909090909096,-7.663636363636371,-2.1818181818181817,0.2727272727272725,11.127272727272725,-0.15384615384615385,-0.6000000000000001,-1.6,0.20000000000000284,1.5999999999999996,-0.20000000000000018,-11.980000000000004,-6.6,-1.0,13.240000000000002,0.0,-0.6666666666666665,-1.3333333333333335,2.3333333333333286,4.999999999999998,0.3333333333333339,-16.233333333333334,-6.0,0.3333333333333335,22.400000000000002,0.0,-0.6000000000000001,-1.6,0.20000000000000284,1.5999999999999996,-0.20000000000000018,-11.980000000000004,-6.6,-1.0,13.240000000000002,0.0,-0.6000000000000001,-1.6,0.20000000000000284,1.5999999999999996,-0.20000000000000018,-11.980000000000004,-6.6,-1.0,13.240000000000002,0.0,-0.6666666666666665,-1.3333333333333335,2.3333333333333286,4.999999999999998,0.3333333333333339,-16.233333333333334,-6.0,0.3333333333333335,22.400000000000002,0.0,-0.6000000000000001,-1.6,0.20000000000000284,1.5999999999999996,-0.20000000000000018,-11.980000000000004,-6.6,-1.0,13.240000000000002,0.0,0,-2,-0.18181818181818188,-6,-10,4,2
2026-05-30,14,Universidad de Chile,Deportes Concepcion,,,,,,,11,17,1.5454545454545454,11,6,5,6,,,,,,,,,,0.2,,,,,,,,,,0.3333333333333333,1.0,0.5454545454545454,55.18181818181818,11.363636363636363,3.727272727272727,32.445454545454545,10.090909090909092,4.2727272727272725,45.38181818181818,0.2857142857142857,,,,,,,,,,0.4,,,,,,,,,,0.6666666666666666,1.6,0.6,53.6,13.0,4.6,34.019999999999996,8.0,3.8,48.58,0.2857142857142857,,,,,,,,,,0.4,,,,,,,,,,0.6666666666666666,1.6,0.6,53.6,13.0,4.6,34.019999999999996,8.0,3.8,48.58,0.2857142857142857,11,8,0.7272727272727273,8,17,-9,16,,,,,,,,,,0.2,,,,,,,,,,0.3333333333333333,0.7272727272727273,1.5454545454545454,48.45454545454545,11.727272727272727,2.909090909090909,24.427272727272726,13.090909090909092,4.363636363636363,37.14545454545455,0.14285714285714285,0.6,1.2,45.0,10.8,2.6,24.880000000000003,14.4,4.0,33.9,0.4,0.3333333333333333,1.3333333333333333,46.666666666666664,13.0,3.0,24.2,14.666666666666666,2.6666666666666665,23.366666666666664,0.3333333333333333,0.5714285714285714,1.4285714285714286,47.285714285714285,11.571428571428571,2.7142857142857144,24.2,13.857142857142858,4.428571428571429,36.771428571428565,0.25,0.6,1.2,45.0,10.8,2.6,24.880000000000003,14.4,4.0,33.9,0.4,0.3333333333333333,1.3333333333333333,46.666666666666664,13.0,3.0,24.2,14.666666666666666,2.6666666666666665,23.366666666666664,0.3333333333333333,0.5714285714285714,1.4285714285714286,47.285714285714285,11.571428571428571,2.7142857142857144,24.2,13.857142857142858,4.428571428571429,36.771428571428565,0.25,,,,,,,,,,0.0,,,,,,,,,,0.0,0.2727272727272727,-1.0,6.727272727272727,-0.3636363636363633,0.8181818181818179,8.01818181818182,-3.0,-0.09090909090909083,8.236363636363635,0.14285714285714285,,,,,,,,,,0.0,,,,,,,,,,0.3333333333333333,1.0285714285714287,-0.8285714285714286,6.314285714285717,1.4285714285714288,1.8857142857142852,9.819999999999997,-5.857142857142858,-0.628571428571429,11.808571428571433,0.0357142857142857,,,,,,,,,,0.0,,,,,,,,,,0.3333333333333333,1.0285714285714287,-0.8285714285714286,6.314285714285717,1.4285714285714288,1.8857142857142852,9.819999999999997,-5.857142857142858,-0.628571428571429,11.808571428571433,0.0357142857142857,0,9,0.8181818181818181,3,-11,14,-10
2026-08-02,17,Universidad de Chile,Huachipato,,,,,,,11,17,1.5454545454545454,11,6,5,6,,,,,,,,,,0.0,,,,,,,,,,0.0,1.0,0.5454545454545454,55.18181818181818,11.363636363636363,3.727272727272727,32.445454545454545,10.090909090909092,4.2727272727272725,45.38181818181818,0.23529411764705882,,,,,,,,,,0.4,,,,,,,,,,0.3333333333333333,1.6,0.6,53.6,13.0,4.6,34.019999999999996,8.0,3.8,48.58,0.25,,,,,,,,,,0.4,,,,,,,,,,0.3333333333333333,1.6,0.6,53.6,13.0,4.6,34.019999999999996,8.0,3.8,48.58,0.25,11,19,1.7272727272727273,18,14,4,3,,,,,,,,,,0.0,,,,,,,,,,0.0,1.6363636363636365,1.2727272727272727,47.54545454545455,12.727272727272727,5.181818181818182,38.81818181818182,14.272727272727273,4.0,26.94545454545454,0.35294117647058826,,,,,,,,,,0.2,,,,,,,,,,0.0,0.8333333333333334,1.0,46.0,11.0,3.5,30.46666666666667,14.5,4.0,26.666666666666668,0.2222222222222222,,,,,,,,,,0.2,,,,,,,,,,0.0,0.8333333333333334,1.0,46.0,11.0,3.5,30.46666666666667,14.5,4.0,26.666666666666668,0.2222222222222222,,,,,,,,,,0.0,,,,,,,,,,0.0,-0.6363636363636365,-0.7272727272727273,7.636363636363633,-1.3636363636363633,-1.4545454545454546,-6.372727272727275,-4.181818181818182,0.2727272727272725,18.43636363636364,-0.11764705882352944,,,,,,,,,,0.2,,,,,,,,,,0.3333333333333333,0.7666666666666667,-0.4,7.600000000000001,2.0,1.0999999999999996,3.5533333333333275,-6.5,-0.20000000000000018,21.91333333333333,0.02777777777777779,,,,,,,,,,0.2,,,,,,,,,,0.3333333333333333,0.7666666666666667,-0.4,7.600000000000001,2.0,1.0999999999999996,3.5533333333333275,-6.5,-0.20000000000000018,21.91333333333333,0.02777777777777779,0,-2,-0.18181818181818188,-7,-8,1,3
2026-08-09,18,Universidad de Chile,Palestino,,,,,,,11,17,1.5454545454545454,11,6,5,6,,,,,,,,,,0.0,,,,,,,,,,0.0,1.0,0.5454545454545454,55.18181818181818,11.363636363636363,3.727272727272727,32.445454545454545,10.090909090909092,4.2727272727272725,45.38181818181818,0.2222222222222222,,,,,,,,,,0.4,,,,,,,,,,0.0,1.6,0.6,53.6,13.0,4.6,34.019999999999996,8.0,3.8,48.58,0.2222222222222222,,,,,,,,,,0.4,,,,,,,,,,0.0,1.6,0.6,53.6,13.0,4.6,34.019999999999996,8.0,3.8,48.58,0.2222222222222222,11,14,1.2727272727272727,14,18,-4,11,,,,,,,,,,0.0,,,,,,,,,,0.0,1.2727272727272727,1.6363636363636365,50.36363636363637,13.909090909090908,4.363636363636363,31.781818181818185,11.818181818181818,4.090909090909091,34.627272727272725,0.2222222222222222,,,,,,,,,,0.2,,,,,,,,,,0.0,0.8,2.4,47.8,11.2,3.4,31.380000000000003,15.8,5.2,31.68,0.1111111111111111,,,,,,,,,,0.2,,,,,,,,,,0.0,0.8,2.4,47.8,11.2,3.4,31.380000000000003,15.8,5.2,31.68,0.1111111111111111,,,,,,,,,,0.0,,,,,,,,,,0.0,-0.2727272727272727,-1.090909090909091,4.818181818181813,-2.545454545454545,-0.6363636363636362,0.6636363636363605,-1.7272727272727266,0.18181818181818166,10.754545454545458,0.0,,,,,,,,,,0.2,,,,,,,,,,0.0,0.8,-1.7999999999999998,5.800000000000004,1.8000000000000007,1.1999999999999997,2.6399999999999935,-7.800000000000001,-1.4000000000000004,16.9,0.1111111111111111,,,,,,,,,,0.2,,,,,,,,,,0.0,0.8,-1.7999999999999998,5.800000000000004,1.8000000000000007,1.1999999999999997,2.6399999999999935,-7.800000000000001,-1.4000000000000004,16.9,0.1111111111111111,0,3,0.2727272727272727,-3,-12,9,-5
2026-08-23,20,Universidad de Chile,Colo-Colo,,,,,,,11,17,1.5454545454545454,11,6,5,6,,,,,,,,,,0.0,,,,,,,,,,0.0,1.0,0.5454545454545454,55.18181818181818,11.363636363636363,3.727272727272727,32.445454545454545,10.090909090909092,4.2727272727272725,45.38181818181818,0.2,,,,,,,,,,0.2,,,,,,,,,,0.0,1.6,0.6,53.6,13.0,4.6,34.019999999999996,8.0,3.8,48.58,0.2,,,,,,,,,,0.2,,,,,,,,,,0.0,1.6,0.6,53.6,13.0,4.6,34.019999999999996,8.0,3.8,48.58,0.2,10,21,2.1,11,6,5,2,,,,,,,,,,0.0,,,,,,,,,,0.0,1.1,0.6,61.7,14.9,4.6,31.119999999999997,8.0,2.3,27.68,0.35,,,,,,,,,,0.2,,,,,,,,,,0.0,1.2,0.8,63.6,13.2,4.4,33.959999999999994,8.2,2.4,26.939999999999998,0.4,,,,,,,,,,0.2,,,,,,,,,,0.0,1.2,0.8,63.6,13.2,4.4,33.959999999999994,8.2,2.4,26.939999999999998,0.4,,,,,,,,,,0.0,,,,,,,,,,0.0,-0.10000000000000009,-0.054545454545454564,-6.518181818181823,-3.536363636363637,-0.8727272727272726,1.3254545454545479,2.0909090909090917,1.9727272727272727,17.701818181818183,-0.14999999999999997,,,,,,,,,,0.0,,,,,,,,,,0.0,0.40000000000000013,-0.20000000000000007,-10.0,-0.1999999999999993,0.1999999999999993,0.060000000000002274,-0.1999999999999993,1.4,21.64,-0.2,,,,,,,,,,0.0,,,,,,,,,,0.0,0.40000000000000013,-0.20000000000000007,-10.0,-0.1999999999999993,0.1999999999999993,0.060000000000002274,-0.1999999999999993,1.4,21.64,-0.2,1,-4,-0.5545454545454547,0,0,0,4
2026-09-06,22,Universidad de Chile,Coquimbo Unido,,,,,,,11,17,1.5454545454545454,11,6,5,6,,,,,,,,,,0.0,,,,,,,,,,0.0,1.0,0.5454545454545454,55.18181818181818,11.363636363636363,3.727272727272727,32.445454545454545,10.090909090909092,4.2727272727272725,45.38181818181818,0.18181818181818182,,,,,,,,,,0.0,,,,,,,,,,0.0,1.6,0.6,53.6,13.0,4.6,34.019999999999996,8.0,3.8,48.58,0.18181818181818182,,,,,,,,,,0.0,,,,,,,,,,0.0,1.6,0.6,53.6,13.0,4.6,34.019999999999996,8.0,3.8,48.58,0.18181818181818182,10,16,1.6,14,12,2,8,,,,,,,,,,0.0,,,,,,,,,,0.0,1.4,1.2,47.9,13.9,4.5,32.68,11.2,4.0,32.87,0.22727272727272727,,,,,,,,,,0.0,,,,,,,,,,0.0,1.4,1.2,45.2,11.2,4.2,37.04,11.2,3.4,25.5,0.2727272727272727,,,,,,,,,,0.0,,,,,,,,,,0.0,1.4,1.2,45.2,11.2,4.2,37.04,11.2,3.4,25.5,0.2727272727272727,,,,,,,,,,0.0,,,,,,,,,,0.0,-0.3999999999999999,-0.6545454545454545,7.281818181818181,-2.536363636363637,-0.7727272727272729,-0.2345454545454544,-1.1090909090909076,0.2727272727272725,12.511818181818185,-0.04545454545454544,,,,,,,,,,0.0,,,,,,,,,,0.0,0.20000000000000018,-0.6,8.399999999999999,1.8000000000000007,0.39999999999999947,-3.020000000000003,-3.1999999999999993,0.3999999999999999,23.08,-0.09090909090909088,,,,,,,,,,0.0,,,,,,,,,,0.0,0.20000000000000018,-0.6,8.399999999999999,1.8000000000000007,0.39999999999999947,-3.020000000000003,-3.1999999999999993,0.3999999999999999,23.08,-0.09090909090909088,1,1,-0.054545454545454675,-3,-6,3,-2
2026-10-11,24,Universidad de Chile,Nublense,,,,,,,11,17,1.5454545454545454,11,6,5,6,,,,,,,,,,0.0,,,,,,,,,,0.0,1.0,0.5454545454545454,55.18181818181818,11.363636363636363,3.727272727272727,32.445454545454545,10.090909090909092,4.2727272727272725,45.38181818181818,0.16666666666666666,,,,,,,,,,0.0,,,,,,,,,,0.0,1.6,0.6,53.6,13.0,4.6,34.019999999999996,8.0,3.8,48.58,0.16666666666666666,,,,,,,,,,0.0,,,,,,,,,,0.0,1.6,0.6,53.6,13.0,4.6,34.019999999999996,8.0,3.8,48.58,0.16666666666666666,11,17,1.5454545454545454,11,9,2,7,,,,,,,,,,0.0,,,,,,,,,,0.0,1.0,0.8181818181818182,46.63636363636363,12.636363636363637,3.5454545454545454,29.545454545454547,9.272727272727273,3.5454545454545454,40.03636363636363,0.16666666666666666,,,,,,,,,,0.0,,,,,,,,,,0.0,1.0,0.4,46.6,11.6,4.0,32.06,9.6,3.6,37.0,0.16666666666666666,,,,,,,,,,0.0,,,,,,,,,,0.0,1.0,0.4,46.6,11.6,4.0,32.06,9.6,3.6,37.0,0.16666666666666666,,,,,,,,,,0.0,,,,,,,,,,0.0,0.0,-0.2727272727272728,8.545454545454547,-1.2727272727272734,0.18181818181818166,2.8999999999999986,0.8181818181818183,0.7272727272727271,5.345454545454551,0.0,,,,,,,,,,0.0,,,,,,,,,,0.0,0.6000000000000001,0.19999999999999996,7.0,1.4000000000000004,0.5999999999999996,1.9599999999999937,-1.5999999999999996,0.19999999999999973,11.579999999999998,0.0,,,,,,,,,,0.0,,,,,,,,,,0.0,0.6000000000000001,0.19999999999999996,7.0,1.4000000000000004,0.5999999999999996,1.9599999999999937,-1.5999999999999996,0.19999999999999973,11.579999999999998,0.0,0,0,0.0,0,-3,3,-1
2026-10-25,25,Universidad de Chile,Everton,,,,,,,11,17,1.5454545454545454,11,6,5,6,,,,,,,,,,0.0,,,,,,,,,,0.0,1.0,0.5454545454545454,55.18181818181818,11.363636363636363,3.727272727272727,32.445454545454545,10.090909090909092,4.2727272727272725,45.38181818181818,0.16,,,,,,,,,,0.0,,,,,,,,,,0.0,1.6,0.6,53.6,13.0,4.6,34.019999999999996,8.0,3.8,48.58,0.15384615384615385,,,,,,,,,,0.0,,,,,,,,,,0.0,1.6,0.6,53.6,13.0,4.6,34.019999999999996,8.0,3.8,48.58,0.15384615384615385,11,15,1.3636363636363635,12,10,2,9,,,,,,,,,,0.0,,,,,,,,,,0.0,1.0909090909090908,0.9090909090909091,45.63636363636363,11.272727272727273,3.727272727272727,33.418181818181814,14.363636363636363,4.7272727272727275,33.127272727272725,0.16,,,,,,,,,,0.0,,,,,,,,,,0.0,1.0,1.2,41.8,9.0,3.4,34.82,16.0,4.6,29.4,0.08333333333333333,,,,,,,,,,0.0,,,,,,,,,,0.0,1.0,1.2,41.8,9.0,3.4,34.82,16.0,4.6,29.4,0.08333333333333333,,,,,,,,,,0.0,,,,,,,,,,0.0,-0.09090909090909083,-0.36363636363636365,9.545454545454547,0.09090909090908994,0.0,-0.9727272727272691,-4.272727272727272,-0.45454545454545503,12.254545454545458,0.0,,,,,,,,,,0.0,,,,,,,,,,0.0,0.6000000000000001,-0.6,11.800000000000004,4.0,1.1999999999999997,-0.8000000000000043,-8.0,-0.7999999999999998,19.18,0.07051282051282053,,,,,,,,,,0.0,,,,,,,,,,0.0,0.6000000000000001,-0.6,11.800000000000004,4.0,1.1999999999999997,-0.8000000000000043,-8.0,-0.7999999999999998,19.18,0.07051282051282053,0,2,0.18181818181818188,-1,-4,3,-3
2026-11-08,27,Universidad de Chile,Cobresal,,,,,,,11,17,1.5454545454545454,11,6,5,6,,,,,,,,,,0.0,,,,,,,,,,0.0,1.0,0.5454545454545454,55.18181818181818,11.363636363636363,3.727272727272727,32.445454545454545,10.090909090909092,4.2727272727272725,45.38181818181818,0.14814814814814814,,,,,,,,,,0.0,,,,,,,,,,0.0,1.6,0.6,53.6,13.0,4.6,34.019999999999996,8.0,3.8,48.58,0.14285714285714285,,,,,,,,,,0.0,,,,,,,,,,0.0,1.6,0.6,53.6,13.0,4.6,34.019999999999996,8.0,3.8,48.58,0.14285714285714285,11,10,0.9090909090909091,17,23,-6,14,,,,,,,,,,0.0,,,,,,,,,,0.0,1.5454545454545454,2.090909090909091,45.18181818181818,13.0,4.2727272727272725,34.38181818181818,17.454545454545453,5.636363636363637,31.472727272727273,0.1111111111111111,,,,,,,,,,0.0,,,,,,,,,,0.0,1.5,2.0,43.0,10.666666666666666,3.3333333333333335,31.55,19.333333333333332,6.666666666666667,33.300000000000004,0.07142857142857142,,,,,,,,,,0.0,,,,,,,,,,0.0,1.5,2.0,43.0,10.666666666666666,3.3333333333333335,31.55,19.333333333333332,6.666666666666667,33.300000000000004,0.07142857142857142,,,,,,,,,,0.0,,,,,,,,,,0.0,-0.5454545454545454,-1.5454545454545454,10.0,-1.6363636363636367,-0.5454545454545454,-1.9363636363636374,-7.3636363636363615,-1.3636363636363642,13.90909090909091,0.037037037037037035,,,,,,,,,,0.0,,,,,,,,,,0.0,0.10000000000000009,-1.4,10.600000000000001,2.333333333333334,1.2666666666666662,2.4699999999999953,-11.333333333333332,-2.866666666666667,15.279999999999994,0.07142857142857142,,,,,,,,,,0.0,,,,,,,,,,0.0,0.10000000000000009,-1.4,10.600000000000001,2.333333333333334,1.2666666666666662,2.4699999999999953,-11.333333333333332,-2.866666666666667,15.279999999999994,0.07142857142857142,0,7,0.6363636363636364,-6,-17,11,-8
2026-12-06,30,Universidad de Chile,Union La Calera,,,,,,,11,17,1.5454545454545454,11,6,5,6,,,,,,,,,,0.0,,,,,,,,,,0.0,1.0,0.5454545454545454,55.18181818181818,11.363636363636363,3.727272727272727,32.445454545454545,10.090909090909092,4.2727272727272725,45.38181818181818,0.13333333333333333,,,,,,,,,,0.0,,,,,,,,,,0.0,1.6,0.6,53.6,13.0,4.6,34.019999999999996,8.0,3.8,48.58,0.13333333333333333,,,,,,,,,,0.0,,,,,,,,,,0.0,1.6,0.6,53.6,13.0,4.6,34.019999999999996,8.0,3.8,48.58,0.13333333333333333,11,10,0.9090909090909091,10,21,-11,15,,,,,,,,,,0.0,,,,,,,,,,0.0,0.9090909090909091,1.9090909090909092,51.81818181818182,10.818181818181818,3.3636363636363638,30.872727272727275,12.363636363636363,4.2727272727272725,34.47272727272727,0.1,,,,,,,,,,0.0,,,,,,,,,,0.0,0.4,2.4,49.8,8.4,2.2,23.619999999999997,14.2,5.2,38.8,0.06666666666666667,,,,,,,,,,0.0,,,,,,,,,,0.0,0.4,2.4,49.8,8.4,2.2,23.619999999999997,14.2,5.2,38.8,0.06666666666666667,,,,,,,,,,0.0,,,,,,,,,,0.0,0.09090909090909094,-1.3636363636363638,3.3636363636363598,0.545454545454545,0.3636363636363633,1.5727272727272705,-2.2727272727272716,0.0,10.909090909090914,0.033333333333333326,,,,,,,,,,0.0,,,,,,,,,,0.0,1.2000000000000002,-1.7999999999999998,3.8000000000000043,4.6,2.3999999999999995,10.399999999999999,-6.199999999999999,-1.4000000000000004,9.780000000000001,0.06666666666666667,,,,,,,,,,0.0,,,,,,,,,,0.0,1.2000000000000002,-1.7999999999999998,3.8000000000000043,4.6,2.3999999999999995,10.399999999999999,-6.199999999999999,-1.4000000000000004,9.780000000000001,0.06666666666666667,0,7,0.6363636363636364,1,-15,16,-9
2026-01-31,1,Universidad de Concepcion,Coquimbo Unido,1.0,1.0,0.0,0.0,1.0,W,0,0,0.0,0,0,0,15,,,,,,,,,,,,,,,,,,,,,,,,,,,,,,,,,,,,,,,,,,,,,,,,,,,,,,,,,,,,,,,,,,,,,,,,,,,,,,,,,,,,,,,,,,,0,0,0.0,0,0,0,5,,,,,,,,,,,,,,,,,,,,,,,,,,,,,,,,,,,,,,,,,,,,,,,,,,,,,,,,,,,,,,,,,,,,,,,,,,,,,,,,,,,,,,,,,,,,,,,,,,,,,,,,,,,,,,,,,,,,,,,,,,,,,,,,,,,,,,,,,,,,,,,,,,,,,,,,,,,,,,,,,,,,,,,,,,,,,,,,,,,,,0,0,0.0,0,0,0,10
2026-02-15,3,Universidad de Concepcion,Deportes Concepcion,1.0,2.0,1.0,1.0,2.0,W,2,3,1.5,1,3,-2,10,,,,,,,,,,,,,,,,,,,,0.3333333333333333,,,,,,,,,,,,,,,,,,,,,,,,,,,,,,,,,,,,,,,,,,,,,,,,,,,,,,,,,,,,,,,,,,,,,,,2,0,0.0,1,4,-3,15,,,,,,,,,,,,,,,,,,,,0.0,,,,,,,,,,,,,,,,,,,,,,,,,,,,,,0.0,,,,,,,,,,,,,,,,,,,,,,,,,,,,,,0.0,,,,,,,,,,,,,,,,,,,,,,,,,,,,,,0.3333333333333333,,,,,,,,,,,,,,,,,,,,,,,,,,,,,,,,,,,,,,,,,,,,,,,,,,,,,,,,,,,,,,,,,,,,,,,0,3,1.5,0,-1,1,-5
2026-03-01,5,Universidad de Concepcion,Everton,-1.0,0.0,3.0,3.0,0.0,L,4,7,1.75,4,5,-1,8,,,,,,,,,,0.4,1.0,1.6666666666666667,47.333333333333336,12.666666666666666,5.333333333333333,46.46666666666667,11.666666666666666,4.333333333333333,33.166666666666664,0.3333333333333333,,,,,,,,,,0.4,,,,,,,,,,,,,,,,,,,,0.6666666666666666,,,,,,,,,,,,,,,,,,,,,,,,,,,,,,0.6666666666666666,,,,,,,,,,,4,3,0.75,3,6,-3,15,,,,,,,,,,0.2,0.0,2.0,45.0,9.333333333333334,1.6666666666666667,17.233333333333334,15.333333333333334,7.0,46.5,0.0,,,,,,,,,,0.2,,,,,,,,,,,,,,,,,,,,0.0,,,,,,,,,,,,,,,,,,,,,,,,,,,,,,0.0,,,,,,,,,,,,,,,,,,,,0.2,1.0,-0.33333333333333326,2.3333333333333357,3.333333333333332,3.666666666666666,29.233333333333334,-3.666666666666668,-2.666666666666667,-13.333333333333336,0.3333333333333333,,,,,,,,,,0.2,,,,,,,,,,,,,,,,,,,,0.6666666666666666,,,,,,,,,,,,,,,,,,,,,,,,,,,,,,0.6666666666666666,,,,,,,,,,,0,4,1.0,1,-1,2,-7
2026-03-15,7,Universidad de Concepcion,Palestino,1.0,1.0,0.0,0.0,1.0,W,6,8,1.3333333333333333,5,9,-4,14,0.8,1.8,45.8,14.2,4.8,38.339999999999996,14.4,6.0,38.660000000000004,0.2,0.6666666666666666,1.6666666666666667,42.333333333333336,14.333333333333334,4.0,30.766666666666666,17.333333333333332,8.0,46.833333333333336,0.0,0.8333333333333334,1.5,46.666666666666664,14.0,4.666666666666667,37.083333333333336,13.333333333333334,5.166666666666667,34.300000000000004,0.2857142857142857,,,,,,,,,,,1.0,1.3333333333333333,51.333333333333336,15.0,5.666666666666667,43.86666666666667,10.666666666666666,4.0,28.53333333333333,0.6666666666666666,,,,,,,,,,,,,,,,,,,,,1.0,1.3333333333333333,51.333333333333336,15.0,5.666666666666667,43.86666666666667,10.666666666666666,4.0,28.53333333333333,0.6666666666666666,,,,,,,,,,,6,8,1.3333333333333333,11,10,1,13,2.0,1.8,53.2,16.0,5.6,34.58,12.4,5.0,42.92,0.4,3.0,2.0,53.666666666666664,19.666666666666668,6.333333333333333,29.733333333333334,12.666666666666666,5.666666666666667,49.63333333333333,0.6666666666666666,1.8333333333333333,1.6666666666666667,53.833333333333336,15.666666666666666,5.833333333333333,37.15,11.833333333333334,4.666666666666667,41.31666666666667,0.2857142857142857,,,,,,,,,,,,,,,,,,,,0.0,,,,,,,,,,,,,,,,,,,,,,,,,,,,,,0.0,,,,,,,,,,,-1.2,0.0,-7.400000000000006,-1.8000000000000007,-0.7999999999999998,3.759999999999998,2.0,1.0,-4.259999999999998,-0.2,-2.3333333333333335,-0.33333333333333326,-11.333333333333329,-5.333333333333334,-2.333333333333333,1.0333333333333314,4.666666666666666,2.333333333333333,-2.799999999999997,-0.6666666666666666,-0.9999999999999999,-0.16666666666666674,-7.166666666666671,-1.666666666666666,-1.166666666666666,-0.06666666666666288,1.5,0.5,-7.016666666666666,0.0,,,,,,,,,,,,,,,,,,,,0.6666666666666666,,,,,,,,,,,,,,,,,,,,,,,,,,,,,,0.6666666666666666,,,,,,,,,,,0,0,0.0,-6,-1,-5,1
2026-04-12,9,Universidad de Concepcion,Cobresal,1.0,1.0,0.0,0.0,1.0,W,8,11,1.375,7,14,-7,12,0.8,2.0,45.0,14.6,3.8,26.779999999999994,16.0,7.8,47.67999999999999,0.2,1.0,2.0,43.666666666666664,14.0,3.6666666666666665,24.966666666666665,16.0,7.333333333333333,44.29999999999999,0.3333333333333333,0.875,1.75,47.25,14.25,4.375,33.0125,13.5,5.75,37.9625,0.3333333333333333,,,,,,,,,,0.6,1.0,1.3333333333333333,49.0,14.666666666666666,4.666666666666667,36.36666666666667,11.666666666666666,4.666666666666667,33.46666666666666,0.6666666666666666,,,,,,,,,,0.6,,,,,,,,,,0.6,1.0,1.3333333333333333,49.0,14.666666666666666,4.666666666666667,36.36666666666667,11.666666666666666,4.666666666666667,33.46666666666666,0.6666666666666666,,,,,,,,,,0.6,8,10,1.25,14,16,-2,14,1.4,2.8,44.4,13.2,4.4,37.46,19.8,7.8,39.980000000000004,0.0,2.0,4.0,43.333333333333336,14.0,4.333333333333333,38.0,21.333333333333332,9.666666666666666,48.333333333333336,0.0,1.75,2.0,45.125,12.875,4.5,37.5625,18.625,6.25,32.7125,0.3333333333333333,,,,,,,,,,0.2,1.6666666666666667,2.6666666666666665,37.666666666666664,9.666666666666666,4.0,43.03333333333333,24.333333333333332,9.333333333333334,38.43333333333333,0.0,,,,,,,,,,0.2,,,,,,,,,,0.2,1.6666666666666667,2.6666666666666665,37.666666666666664,9.666666666666666,4.0,43.03333333333333,24.333333333333332,9.333333333333334,38.43333333333333,0.0,,,,,,,,,,0.2,-0.5999999999999999,-0.7999999999999998,0.6000000000000014,1.4000000000000004,-0.6000000000000005,-10.680000000000007,-3.8000000000000007,0.0,7.699999999999989,0.2,-1.0,-2.0,0.3333333333333286,0.0,-0.6666666666666665,-13.033333333333335,-5.333333333333332,-2.333333333333333,-4.033333333333346,0.3333333333333333,-0.875,-0.25,2.125,1.375,-0.125,-4.549999999999997,-5.125,-0.5,5.25,0.0,,,,,,,,,,0.39999999999999997,-0.6666666666666667,-1.3333333333333333,11.333333333333336,5.0,0.666666666666667,-6.666666666666664,-12.666666666666666,-4.666666666666667,-4.966666666666669,0.6666666666666666,,,,,,,,,,0.39999999999999997,,,,,,,,,,0.39999999999999997,-0.6666666666666667,-1.3333333333333333,11.333333333333336,5.0,0.666666666666667,-6.666666666666664,-12.666666666666666,-4.666666666666667,-4.966666666666669,0.6666666666666666,,,,,,,,,,0.39999999999999997,0,1,0.125,-7,-2,-5,-2
2026-04-26,11,Universidad de Concepcion,Colo-Colo,-1.0,1.0,2.0,2.0,1.0,L,10,14,1.4,8,17,-9,11,0.8,1.8,46.4,13.0,3.6,26.639999999999997,17.0,6.2,34.56,0.4,0.6666666666666666,2.6666666666666665,51.666666666666664,13.666666666666666,4.333333333333333,30.53333333333333,18.0,7.0,36.833333333333336,0.3333333333333333,0.8,1.7,47.9,13.7,4.2,32.239999999999995,14.5,5.5,34.36,0.36363636363636365,1.0,0.8,49.4,13.0,4.0,32.980000000000004,10.8,3.2,24.4,0.8,0.6666666666666666,1.0,49.0,13.666666666666666,2.3333333333333335,17.433333333333334,13.0,4.666666666666667,31.733333333333334,0.6666666666666666,1.0,0.8,49.4,13.0,4.0,32.980000000000004,10.8,3.2,24.4,0.6666666666666666,1.0,0.8,49.4,13.0,4.0,32.980000000000004,10.8,3.2,24.4,0.8,0.6666666666666666,1.0,49.0,13.666666666666666,2.3333333333333335,17.433333333333334,13.0,4.666666666666667,31.733333333333334,0.6666666666666666,1.0,0.8,49.4,13.0,4.0,32.980000000000004,10.8,3.2,24.4,0.6666666666666666,9,18,2.0,9,5,4,4,0.8,0.4,61.4,11.6,3.4,30.2,7.4,2.2,28.920000000000005,0.6,1.0,0.3333333333333333,64.33333333333333,11.666666666666666,3.6666666666666665,33.166666666666664,8.0,2.3333333333333335,29.166666666666668,0.6666666666666666,1.0,0.5555555555555556,61.333333333333336,14.666666666666666,4.555555555555555,31.311111111111114,7.888888888888889,2.0,24.577777777777776,0.6,,,,,,,,,,0.6,1.0,0.0,60.0,10.333333333333334,3.3333333333333335,33.833333333333336,7.666666666666667,1.0,11.566666666666668,1.0,,,,,,,,,,0.6,,,,,,,,,,0.6,1.0,0.0,60.0,10.333333333333334,3.3333333333333335,33.833333333333336,7.666666666666667,1.0,11.566666666666668,1.0,,,,,,,,,,0.6,0.0,1.4,-15.0,1.4000000000000004,0.20000000000000018,-3.5600000000000023,9.6,4.0,5.639999999999997,-0.19999999999999996,-0.33333333333333337,2.333333333333333,-12.666666666666664,2.0,0.6666666666666665,-2.633333333333333,10.0,4.666666666666666,7.666666666666668,-0.3333333333333333,-0.19999999999999996,1.1444444444444444,-13.433333333333337,-0.9666666666666668,-0.3555555555555552,0.9288888888888813,6.611111111111111,3.5,9.782222222222224,-0.23636363636363633,,,,,,,,,,0.20000000000000007,-0.33333333333333337,1.0,-11.0,3.333333333333332,-1.0,-16.400000000000002,5.333333333333333,3.666666666666667,20.166666666666664,-0.33333333333333337,,,,,,,,,,0.06666666666666665,,,,,,,,,,0.20000000000000007,-0.33333333333333337,1.0,-11.0,3.333333333333332,-1.0,-16.400000000000002,5.333333333333333,3.666666666666667,20.166666666666664,-0.33333333333333337,,,,,,,,,,0.06666666666666665,1,-4,-0.6000000000000001,-1,12,-13,7
2026-05-29,14,Universidad de Concepcion,Union La Calera,,,,,,,11,14,1.2727272727272727,9,19,-10,12,,,,,,,,,,0.2,,,,,,,,,,0.0,0.8181818181818182,1.7272727272727273,46.72727272727273,13.272727272727273,4.2727272727272725,34.36363636363637,14.727272727272727,5.454545454545454,33.90909090909091,0.2857142857142857,1.0,1.2,46.2,12.2,4.2,37.94,12.6,4.0,27.779999999999994,0.6,1.0,0.6666666666666666,42.666666666666664,9.666666666666666,2.6666666666666665,29.633333333333336,13.0,3.0,21.933333333333334,0.6666666666666666,1.0,1.0,47.0,12.333333333333334,4.166666666666667,36.75,11.833333333333334,3.5,25.23333333333333,0.5714285714285714,1.0,1.2,46.2,12.2,4.2,37.94,12.6,4.0,27.779999999999994,0.6,1.0,0.6666666666666666,42.666666666666664,9.666666666666666,2.6666666666666665,29.633333333333336,13.0,3.0,21.933333333333334,0.6666666666666666,1.0,1.0,47.0,12.333333333333334,4.166666666666667,36.75,11.833333333333334,3.5,25.23333333333333,0.5714285714285714,11,10,0.9090909090909091,10,21,-11,15,,,,,,,,,,0.4,,,,,,,,,,0.0,0.9090909090909091,1.9090909090909092,51.81818181818182,10.818181818181818,3.3636363636363638,30.872727272727275,12.363636363636363,4.2727272727272725,34.47272727272727,0.21428571428571427,,,,,,,,,,0.2,,,,,,,,,,0.3333333333333333,0.4,2.4,49.8,8.4,2.2,23.619999999999997,14.2,5.2,38.8,0.14285714285714285,,,,,,,,,,0.2,,,,,,,,,,0.3333333333333333,0.4,2.4,49.8,8.4,2.2,23.619999999999997,14.2,5.2,38.8,0.14285714285714285,,,,,,,,,,-0.2,,,,,,,,,,0.0,-0.09090909090909083,-0.18181818181818188,-5.0909090909090935,2.454545454545455,0.9090909090909087,3.490909090909092,2.3636363636363633,1.1818181818181817,-0.5636363636363626,0.07142857142857142,,,,,,,,,,0.39999999999999997,,,,,,,,,,0.3333333333333333,0.6,-1.4,-2.799999999999997,3.9333333333333336,1.9666666666666668,13.130000000000003,-2.3666666666666654,-1.7000000000000002,-13.566666666666666,0.42857142857142855,,,,,,,,,,0.39999999999999997,,,,,,,,,,0.3333333333333333,0.6,-1.4,-2.799999999999997,3.9333333333333336,1.9666666666666668,13.130000000000003,-2.3666666666666654,-1.7000000000000002,-13.566666666666666,0.42857142857142855,0,4,0.36363636363636365,-1,-2,1,-3
2026-08-02,17,Universidad de Concepcion,Audax Italiano,,,,,,,11,14,1.2727272727272727,9,19,-10,12,,,,,,,,,,0.0,,,,,,,,,,0.0,0.8181818181818182,1.7272727272727273,46.72727272727273,13.272727272727273,4.2727272727272725,34.36363636363637,14.727272727272727,5.454545454545454,33.90909090909091,0.23529411764705882,,,,,,,,,,0.4,,,,,,,,,,0.3333333333333333,1.0,1.0,47.0,12.333333333333334,4.166666666666667,36.75,11.833333333333334,3.5,25.23333333333333,0.5,,,,,,,,,,0.4,,,,,,,,,,0.3333333333333333,1.0,1.0,47.0,12.333333333333334,4.166666666666667,36.75,11.833333333333334,3.5,25.23333333333333,0.5,11,11,1.0,15,16,-1,13,,,,,,,,,,0.0,,,,,,,,,,0.0,1.3636363636363635,1.4545454545454546,51.81818181818182,10.454545454545455,3.3636363636363638,32.26363636363636,12.090909090909092,3.727272727272727,30.19090909090909,0.17647058823529413,,,,,,,,,,0.0,,,,,,,,,,0.0,0.6,1.8,54.2,11.4,3.8,34.96,11.8,4.4,35.28,0.0,,,,,,,,,,0.0,,,,,,,,,,0.0,0.6,1.8,54.2,11.4,3.8,34.96,11.8,4.4,35.28,0.0,,,,,,,,,,0.0,,,,,,,,,,0.0,-0.5454545454545453,0.2727272727272727,-5.0909090909090935,2.8181818181818183,0.9090909090909087,2.1000000000000085,2.636363636363635,1.727272727272727,3.718181818181815,0.05882352941176469,,,,,,,,,,0.4,,,,,,,,,,0.3333333333333333,0.4,-0.8,-7.200000000000003,0.9333333333333336,0.36666666666666714,1.7899999999999991,0.033333333333333215,-0.9000000000000004,-10.04666666666667,0.5,,,,,,,,,,0.4,,,,,,,,,,0.3333333333333333,0.4,-0.8,-7.200000000000003,0.9333333333333336,0.36666666666666714,1.7899999999999991,0.033333333333333215,-0.9000000000000004,-10.04666666666667,0.5,0,3,0.2727272727272727,-6,3,-9,-1
2026-08-16,19,Universidad de Concepcion,La Serena,,,,,,,11,14,1.2727272727272727,9,19,-10,12,,,,,,,,,,0.0,,,,,,,,,,0.0,0.8181818181818182,1.7272727272727273,46.72727272727273,13.272727272727273,4.2727272727272725,34.36363636363637,14.727272727272727,5.454545454545454,33.90909090909091,0.21052631578947367,,,,,,,,,,0.4,,,,,,,,,,0.0,1.0,1.0,47.0,12.333333333333334,4.166666666666667,36.75,11.833333333333334,3.5,25.23333333333333,0.4444444444444444,,,,,,,,,,0.4,,,,,,,,,,0.0,1.0,1.0,47.0,12.333333333333334,4.166666666666667,36.75,11.833333333333334,3.5,25.23333333333333,0.4444444444444444,11,14,1.2727272727272727,13,14,-1,10,,,,,,,,,,0.0,,,,,,,,,,0.0,1.1818181818181819,1.2727272727272727,49.72727272727273,10.909090909090908,3.8181818181818183,34.199999999999996,12.090909090909092,4.181818181818182,34.699999999999996,0.15789473684210525,,,,,,,,,,0.0,,,,,,,,,,0.0,1.2,2.0,49.4,11.2,3.4,33.2,13.4,4.8,36.14,0.1,,,,,,,,,,0.0,,,,,,,,,,0.0,1.2,2.0,49.4,11.2,3.4,33.2,13.4,4.8,36.14,0.1,,,,,,,,,,0.0,,,,,,,,,,0.0,-0.36363636363636365,0.4545454545454546,-3.0,2.363636363636365,0.45454545454545414,0.16363636363637113,2.636363636363635,1.2727272727272725,-0.7909090909090892,0.05263157894736842,,,,,,,,,,0.4,,,,,,,,,,0.0,-0.19999999999999996,-1.0,-2.3999999999999986,1.1333333333333346,0.766666666666667,3.549999999999997,-1.5666666666666664,-1.2999999999999998,-10.90666666666667,0.34444444444444444,,,,,,,,,,0.4,,,,,,,,,,0.0,-0.19999999999999996,-1.0,-2.3999999999999986,1.1333333333333346,0.766666666666667,3.549999999999997,-1.5666666666666664,-1.2999999999999998,-10.90666666666667,0.34444444444444444,0,0,0.0,-4,5,-9,2
2026-08-30,21,Universidad de Concepcion,Universidad de Chile,,,,,,,11,14,1.2727272727272727,9,19,-10,12,,,,,,,,,,0.0,,,,,,,,,,0.0,0.8181818181818182,1.7272727272727273,46.72727272727273,13.272727272727273,4.2727272727272725,34.36363636363637,14.727272727272727,5.454545454545454,33.90909090909091,0.19047619047619047,,,,,,,,,,0.2,,,,,,,,,,0.0,1.0,1.0,47.0,12.333333333333334,4.166666666666667,36.75,11.833333333333334,3.5,25.23333333333333,0.4,,,,,,,,,,0.2,,,,,,,,,,0.0,1.0,1.0,47.0,12.333333333333334,4.166666666666667,36.75,11.833333333333334,3.5,25.23333333333333,0.4,11,17,1.5454545454545454,11,6,5,6,,,,,,,,,,0.0,,,,,,,,,,0.0,1.0,0.5454545454545454,55.18181818181818,11.363636363636363,3.727272727272727,32.445454545454545,10.090909090909092,4.2727272727272725,45.38181818181818,0.19047619047619047,,,,,,,,,,0.0,,,,,,,,,,0.0,0.5,0.5,56.5,10.0,3.0,31.133333333333336,11.833333333333334,4.666666666666667,42.71666666666667,0.18181818181818182,,,,,,,,,,0.0,,,,,,,,,,0.0,0.5,0.5,56.5,10.0,3.0,31.133333333333336,11.833333333333334,4.666666666666667,42.71666666666667,0.18181818181818182,,,,,,,,,,0.0,,,,,,,,,,0.0,-0.18181818181818177,1.1818181818181819,-8.454545454545453,1.90909090909091,0.5454545454545454,1.9181818181818215,4.636363636363635,1.1818181818181817,-11.472727272727276,0.0,,,,,,,,,,0.2,,,,,,,,,,0.0,0.5,0.5,-9.5,2.333333333333334,1.166666666666667,5.616666666666664,0.0,-1.166666666666667,-17.483333333333338,0.2181818181818182,,,,,,,,,,0.2,,,,,,,,,,0.0,0.5,0.5,-9.5,2.333333333333334,1.166666666666667,5.616666666666664,0.0,-1.166666666666667,-17.483333333333338,0.2181818181818182,0,-3,-0.2727272727272727,-2,13,-15,6
2026-09-13,23,Universidad de Concepcion,Huachipato,,,,,,,11,14,1.2727272727272727,9,19,-10,12,,,,,,,,,,0.0,,,,,,,,,,0.0,0.8181818181818182,1.7272727272727273,46.72727272727273,13.272727272727273,4.2727272727272725,34.36363636363637,14.727272727272727,5.454545454545454,33.90909090909091,0.17391304347826086,,,,,,,,,,0.0,,,,,,,,,,0.0,1.0,1.0,47.0,12.333333333333334,4.166666666666667,36.75,11.833333333333334,3.5,25.23333333333333,0.36363636363636365,,,,,,,,,,0.0,,,,,,,,,,0.0,1.0,1.0,47.0,12.333333333333334,4.166666666666667,36.75,11.833333333333334,3.5,25.23333333333333,0.36363636363636365,11,19,1.7272727272727273,18,14,4,3,,,,,,,,,,0.0,,,,,,,,,,0.0,1.6363636363636365,1.2727272727272727,47.54545454545455,12.727272727272727,5.181818181818182,38.81818181818182,14.272727272727273,4.0,26.94545454545454,0.2608695652173913,,,,,,,,,,0.0,,,,,,,,,,0.0,0.8333333333333334,1.0,46.0,11.0,3.5,30.46666666666667,14.5,4.0,26.666666666666668,0.16666666666666666,,,,,,,,,,0.0,,,,,,,,,,0.0,0.8333333333333334,1.0,46.0,11.0,3.5,30.46666666666667,14.5,4.0,26.666666666666668,0.16666666666666666,,,,,,,,,,0.0,,,,,,,,,,0.0,-0.8181818181818182,0.4545454545454546,-0.8181818181818201,0.5454545454545467,-0.9090909090909092,-4.454545454545453,0.45454545454545325,1.4545454545454541,6.963636363636365,-0.08695652173913043,,,,,,,,,,0.0,,,,,,,,,,0.0,0.16666666666666663,0.0,1.0,1.333333333333334,0.666666666666667,6.283333333333331,-2.666666666666666,-0.5,-1.4333333333333371,0.196969696969697,,,,,,,,,,0.0,,,,,,,,,,0.0,0.16666666666666663,0.0,1.0,1.333333333333334,0.666666666666667,6.283333333333331,-2.666666666666666,-0.5,-1.4333333333333371,0.196969696969697,0,-5,-0.4545454545454546,-9,5,-14,9
2026-10-25,25,Universidad de Concepcion,CD Limache,,,,,,,11,14,1.2727272727272727,9,19,-10,12,,,,,,,,,,0.0,,,,,,,,,,0.0,0.8181818181818182,1.7272727272727273,46.72727272727273,13.272727272727273,4.2727272727272725,34.36363636363637,14.727272727272727,5.454545454545454,33.90909090909091,0.16,,,,,,,,,,0.0,,,,,,,,,,0.0,1.0,1.0,47.0,12.333333333333334,4.166666666666667,36.75,11.833333333333334,3.5,25.23333333333333,0.3333333333333333,,,,,,,,,,0.0,,,,,,,,,,0.0,1.0,1.0,47.0,12.333333333333334,4.166666666666667,36.75,11.833333333333334,3.5,25.23333333333333,0.3333333333333333,11,21,1.9090909090909092,25,11,14,1,,,,,,,,,,0.0,,,,,,,,,,0.0,2.272727272727273,1.0,44.72727272727273,11.909090909090908,4.818181818181818,42.4,14.0,3.4545454545454546,24.672727272727272,0.24,,,,,,,,,,0.0,,,,,,,,,,0.0,1.6666666666666667,1.5,49.166666666666664,9.0,3.3333333333333335,38.71666666666667,14.833333333333334,3.3333333333333335,24.7,0.07692307692307693,,,,,,,,,,0.0,,,,,,,,,,0.0,1.6666666666666667,1.5,49.166666666666664,9.0,3.3333333333333335,38.71666666666667,14.833333333333334,3.3333333333333335,24.7,0.07692307692307693,,,,,,,,,,0.0,,,,,,,,,,0.0,-1.4545454545454546,0.7272727272727273,2.0,1.363636363636365,-0.5454545454545459,-8.036363636363632,0.7272727272727266,1.9999999999999996,9.236363636363635,-0.07999999999999999,,,,,,,,,,0.0,,,,,,,,,,0.0,-0.6666666666666667,-0.5,-2.1666666666666643,3.333333333333334,0.8333333333333335,-1.9666666666666686,-3.0,0.16666666666666652,0.5333333333333314,0.2564102564102564,,,,,,,,,,0.0,,,,,,,,,,0.0,-0.6666666666666667,-0.5,-2.1666666666666643,3.333333333333334,0.8333333333333335,-1.9666666666666686,-3.0,0.16666666666666652,0.5333333333333314,0.2564102564102564,0,-7,-0.6363636363636365,-16,8,-24,11
2026-11-08,27,Universidad de Concepcion,O'Higgins,,,,,,,11,14,1.2727272727272727,9,19,-10,12,,,,,,,,,,0.0,,,,,,,,,,0.0,0.8181818181818182,1.7272727272727273,46.72727272727273,13.272727272727273,4.2727272727272725,34.36363636363637,14.727272727272727,5.454545454545454,33.90909090909091,0.14814814814814814,,,,,,,,,,0.0,,,,,,,,,,0.0,1.0,1.0,47.0,12.333333333333334,4.166666666666667,36.75,11.833333333333334,3.5,25.23333333333333,0.3076923076923077,,,,,,,,,,0.0,,,,,,,,,,0.0,1.0,1.0,47.0,12.333333333333334,4.166666666666667,36.75,11.833333333333334,3.5,25.23333333333333,0.3076923076923077,11,19,1.7272727272727273,17,16,1,4,,,,,,,,,,0.0,,,,,,,,,,0.0,1.5454545454545454,1.4545454545454546,50.72727272727273,12.272727272727273,4.636363636363637,40.10909090909092,12.272727272727273,4.0,34.25454545454546,0.2222222222222222,,,,,,,,,,0.0,,,,,,,,,,0.0,2.2,2.2,53.4,11.4,4.8,46.0,14.6,4.8,35.339999999999996,0.14285714285714285,,,,,,,,,,0.0,,,,,,,,,,0.0,2.2,2.2,53.4,11.4,4.8,46.0,14.6,4.8,35.339999999999996,0.14285714285714285,,,,,,,,,,0.0,,,,,,,,,,0.0,-0.7272727272727272,0.2727272727272727,-4.0,1.0,-0.3636363636363642,-5.74545454545455,2.4545454545454533,1.4545454545454541,-0.345454545454551,-0.07407407407407407,,,,,,,,,,0.0,,,,,,,,,,0.0,-1.2000000000000002,-1.2000000000000002,-6.399999999999999,0.9333333333333336,-0.6333333333333329,-9.25,-2.7666666666666657,-1.2999999999999998,-10.106666666666666,0.16483516483516486,,,,,,,,,,0.0,,,,,,,,,,0.0,-1.2000000000000002,-1.2000000000000002,-6.399999999999999,0.9333333333333336,-0.6333333333333329,-9.25,-2.7666666666666657,-1.2999999999999998,-10.106666666666666,0.16483516483516486,0,-5,-0.4545454545454546,-8,3,-11,8
2026-11-22,28,Universidad de Concepcion,Nublense,,,,,,,11,14,1.2727272727272727,9,19,-10,12,,,,,,,,,,0.0,,,,,,,,,,0.0,0.8181818181818182,1.7272727272727273,46.72727272727273,13.272727272727273,4.2727272727272725,34.36363636363637,14.727272727272727,5.454545454545454,33.90909090909091,0.14285714285714285,,,,,,,,,,0.0,,,,,,,,,,0.0,1.0,1.0,47.0,12.333333333333334,4.166666666666667,36.75,11.833333333333334,3.5,25.23333333333333,0.2857142857142857,,,,,,,,,,0.0,,,,,,,,,,0.0,1.0,1.0,47.0,12.333333333333334,4.166666666666667,36.75,11.833333333333334,3.5,25.23333333333333,0.2857142857142857,11,17,1.5454545454545454,11,9,2,7,,,,,,,,,,0.0,,,,,,,,,,0.0,1.0,0.8181818181818182,46.63636363636363,12.636363636363637,3.5454545454545454,29.545454545454547,9.272727272727273,3.5454545454545454,40.03636363636363,0.14285714285714285,,,,,,,,,,0.0,,,,,,,,,,0.0,1.0,0.4,46.6,11.6,4.0,32.06,9.6,3.6,37.0,0.14285714285714285,,,,,,,,,,0.0,,,,,,,,,,0.0,1.0,0.4,46.6,11.6,4.0,32.06,9.6,3.6,37.0,0.14285714285714285,,,,,,,,,,0.0,,,,,,,,,,0.0,-0.18181818181818177,0.9090909090909091,0.09090909090909349,0.6363636363636367,0.7272727272727271,4.81818181818182,5.454545454545453,1.9090909090909087,-6.127272727272725,0.0,,,,,,,,,,0.0,,,,,,,,,,0.0,0.0,0.6,0.3999999999999986,0.7333333333333343,0.16666666666666696,4.689999999999998,2.2333333333333343,-0.10000000000000009,-11.76666666666667,0.14285714285714285,,,,,,,,,,0.0,,,,,,,,,,0.0,0.0,0.6,0.3999999999999986,0.7333333333333343,0.16666666666666696,4.689999999999998,2.2333333333333343,-0.10000000000000009,-11.76666666666667,0.14285714285714285,0,-3,-0.2727272727272727,-2,10,-12,5
2026-12-06,30,Universidad de Concepcion,Universidad Catolica,,,,,,,11,14,1.2727272727272727,9,19,-10,12,,,,,,,,,,0.0,,,,,,,,,,0.0,0.8181818181818182,1.7272727272727273,46.72727272727273,13.272727272727273,4.2727272727272725,34.36363636363637,14.727272727272727,5.454545454545454,33.90909090909091,0.13333333333333333,,,,,,,,,,0.0,,,,,,,,,,0.0,1.0,1.0,47.0,12.333333333333334,4.166666666666667,36.75,11.833333333333334,3.5,25.23333333333333,0.26666666666666666,,,,,,,,,,0.0,,,,,,,,,,0.0,1.0,1.0,47.0,12.333333333333334,4.166666666666667,36.75,11.833333333333334,3.5,25.23333333333333,0.26666666666666666,11,17,1.5454545454545454,24,17,7,5,,,,,,,,,,0.0,,,,,,,,,,0.0,2.1818181818181817,1.5454545454545454,57.72727272727273,12.818181818181818,5.181818181818182,42.39090909090909,9.909090909090908,4.0,43.43636363636364,0.16666666666666666,,,,,,,,,,0.0,,,,,,,,,,0.0,1.6666666666666667,1.8333333333333333,58.333333333333336,12.333333333333334,5.0,44.050000000000004,9.833333333333334,4.666666666666667,48.71666666666667,0.13333333333333333,,,,,,,,,,0.0,,,,,,,,,,0.0,1.6666666666666667,1.8333333333333333,58.333333333333336,12.333333333333334,5.0,44.050000000000004,9.833333333333334,4.666666666666667,48.71666666666667,0.13333333333333333,,,,,,,,,,0.0,,,,,,,,,,0.0,-1.3636363636363633,0.18181818181818188,-11.0,0.45454545454545503,-0.9090909090909092,-8.027272727272724,4.818181818181818,1.4545454545454541,-9.527272727272731,-0.033333333333333326,,,,,,,,,,0.0,,,,,,,,,,0.0,-0.6666666666666667,-0.8333333333333333,-11.333333333333336,0.0,-0.833333333333333,-7.300000000000004,2.0,-1.166666666666667,-23.483333333333338,0.13333333333333333,,,,,,,,,,0.0,,,,,,,,,,0.0,-0.6666666666666667,-0.8333333333333333,-11.333333333333336,0.0,-0.833333333333333,-7.300000000000004,2.0,-1.166666666666667,-23.483333333333338,0.13333333333333333,0,-3,-0.2727272727272727,-15,2,-17,7
