source_url,date,time,local_team,away_team,decimal_home_win,decimal_draw,decimal_away_win,decimal_home_or_draw,decimal_draw_or_away,decimal_home_or_away,decimal_btts_yes,decimal_btts_no,season_id,season_name
https://www.sofascore.com/bournemouth-liverpool/Uskb,2025-08-15,16:00,Liverpool,Bournemouth,1.29,6.0,9.0,1.0714,3.5,1.125,1.6154,2.2,76986,Premier League 25/26
https://www.sofascore.com/aston-villa-newcastle-united/OP,2025-08-16,08:30,Aston Villa,Newcastle United,2.35,3.5,2.9,1.4,1.5714,1.2857,1.6154,2.2,76986,Premier League 25/26
https://www.sofascore.com/tottenham-hotspur-burnley/gsI,2025-08-16,11:00,Tottenham Hotspur,Burnley,1.53,4.0,6.5,1.125,2.375,1.25,1.95,1.8,76986,Premier League 25/26
https://www.sofascore.com/fulham-brighton-and-hove-albion/FsT,2025-08-16,11:00,Brighton,Fulham,1.85,3.7,4.0,1.2,1.95,1.2857,1.8,1.95,76986,Premier League 25/26
https://www.sofascore.com/sunderland-west-ham-united/MsQ,2025-08-16,11:00,Sunderland,West Ham United,3.4,3.2,2.25,1.6154,1.3,1.3636,1.9091,1.9091,76986,Premier League 25/26
https://www.sofascore.com/manchester-city-wolverhampton/dsr,2025-08-16,13:30,Wolves,Manchester City,6.25,4.2,1.53,2.375,1.125,1.2,1.9091,1.9091,76986,Premier League 25/26
https://www.sofascore.com/chelsea-crystal-palace/hN,2025-08-17,10:00,Chelsea,Crystal Palace,1.85,3.7,4.1,1.2,1.95,1.25,1.7,2.05,76986,Premier League 25/26
https://www.sofascore.com/brentford-nottingham-forest/osab,2025-08-17,10:00,Nottingham Forest,Brentford,1.9,3.5,4.2,1.2222,1.9091,1.2857,1.8,1.95,76986,Premier League 25/26
https://www.sofascore.com/arsenal-manchester-united/KR,2025-08-17,12:30,Manchester Utd,Arsenal,3.7,3.7,1.91,1.8333,1.2857,1.2857,1.6154,2.2,76986,Premier League 25/26
https://www.sofascore.com/everton-leeds-united/JsY,2025-08-18,16:00,Leeds United,Everton,2.25,3.25,3.25,1.3333,1.6154,1.3333,1.8,1.95,76986,Premier League 25/26
https://www.sofascore.com/chelsea-west-ham-united/MsN,2025-08-22,16:00,West Ham United,Chelsea,4.75,3.9,1.7,2.1,1.1818,1.25,1.7,2.05,76986,Premier League 25/26
https://www.sofascore.com/tottenham-hotspur-manchester-city/rI,2025-08-23,08:30,Manchester City,Tottenham Hotspur,1.55,4.3333,5.25,1.1429,2.375,1.2,1.6154,2.2,76986,Premier League 25/26
https://www.sofascore.com/brentford-aston-villa/Psab,2025-08-23,11:00,Brentford,Aston Villa,3.2,3.4,2.2,1.6667,1.3636,1.3,1.75,2.0,76986,Premier League 25/26
https://www.sofascore.com/bournemouth-wolverhampton/dskb,2025-08-23,11:00,Bournemouth,Wolves,1.8,3.8,4.2,1.1818,2.0,1.25,1.8,1.95,76986,Premier League 25/26
https://www.sofascore.com/sunderland-burnley/gsQ,2025-08-23,11:00,Burnley,Sunderland,2.35,3.2,3.25,1.3636,1.5333,1.3636,1.95,1.8,76986,Premier League 25/26
https://www.sofascore.com/nottingham-forest-crystal-palace/hso,2025-08-24,10:00,Crystal Palace,Nottingham Forest,2.3,3.3,3.2,1.3636,1.5714,1.3333,1.75,2.0,76986,Premier League 25/26
https://www.sofascore.com/fulham-manchester-united/KsT,2025-08-24,12:30,Fulham,Manchester Utd,3.4,3.6,2.05,1.8,1.2857,1.2857,1.6667,2.1,76986,Premier League 25/26
https://www.sofascore.com/liverpool-newcastle-united/OU,2025-08-25,16:00,Newcastle United,Liverpool,3.0,3.75,2.25,1.5714,1.4,1.2857,1.5,2.5,76986,Premier League 25/26
https://www.sofascore.com/fulham-chelsea/NsT,2025-08-30,08:30,Chelsea,Fulham,1.67,3.9,4.75,1.1818,2.15,1.25,1.8,1.95,76986,Premier League 25/26
https://www.sofascore.com/manchester-united-burnley/gK,2025-08-30,11:00,Manchester Utd,Burnley,1.4,5.0,7.5,1.1,3.0,1.1667,1.8,1.95,76986,Premier League 25/26
https://www.sofascore.com/bournemouth-tottenham-hotspur/Iskb,2025-08-30,11:00,Tottenham Hotspur,Bournemouth,1.85,3.8,4.0,1.25,1.9091,1.25,1.6154,2.2,76986,Premier League 25/26
https://www.sofascore.com/everton-wolverhampton/dsY,2025-08-30,11:00,Wolves,Everton,3.3,3.2,2.25,1.6154,1.3,1.3636,2.1,1.6667,76986,Premier League 25/26
https://www.sofascore.com/brentford-sunderland/Qsab,2025-08-30,11:00,Sunderland,Brentford,3.0,3.3,2.38,1.5714,1.3636,1.3333,1.8,1.95,76986,Premier League 25/26
https://www.sofascore.com/newcastle-united-leeds-united/JsO,2025-08-30,13:30,Leeds United,Newcastle United,4.0,3.4,2.0,1.6667,1.3,1.3333,1.8,1.95,76986,Premier League 25/26
https://www.sofascore.com/brighton-and-hove-albion-manchester-city/rsF,2025-08-31,10:00,Brighton,Manchester City,3.4,3.6,2.05,1.7273,1.3,1.2857,1.5,2.5,76986,Premier League 25/26
https://www.sofascore.com/west-ham-united-nottingham-forest/osM,2025-08-31,10:00,Nottingham Forest,West Ham United,1.7,4.0,4.75,1.1667,2.15,1.2222,1.7,2.05,76986,Premier League 25/26
https://www.sofascore.com/liverpool-arsenal/HQfh,2025-08-31,12:30,Liverpool,Arsenal,2.4,3.3,3.0,1.3636,1.5333,1.3,1.6154,2.2,76986,Premier League 25/26
https://www.sofascore.com/aston-villa-crystal-palace/hP,2025-08-31,15:00,Aston Villa,Crystal Palace,2.05,3.6,3.4,1.3,1.7273,1.2857,1.7,2.05,76986,Premier League 25/26
https://www.sofascore.com/arsenal-nottingham-forest/osR,2025-09-13,08:30,Arsenal,Nottingham Forest,1.4,4.75,7.5,1.1,2.75,1.1818,1.9091,1.9091,76986,Premier League 25/26
https://www.sofascore.com/everton-aston-villa/PY,2025-09-13,11:00,Everton,Aston Villa,2.6,3.1,2.9,1.4,1.4444,1.3636,1.8,1.95,76986,Premier League 25/26
https://www.sofascore.com/newcastle-united-wolverhampton/dsO,2025-09-13,11:00,Newcastle United,Wolves,1.36,5.0,8.5,1.0833,3.0,1.1667,2.0,1.75,76986,Premier League 25/26
https://www.sofascore.com/bournemouth-brighton-and-hove-albion/Fskb,2025-09-13,11:00,Bournemouth,Brighton,2.45,3.5,2.8,1.4,1.5333,1.2857,1.5333,2.375,76986,Premier League 25/26
https://www.sofascore.com/sunderland-crystal-palace/hQ,2025-09-13,11:00,Crystal Palace,Sunderland,1.67,3.6,5.5,1.1429,2.15,1.2857,2.1,1.6667,76986,Premier League 25/26
https://www.sofascore.com/fulham-leeds-united/JsT,2025-09-13,11:00,Fulham,Leeds United,2.0,3.4,3.75,1.2857,1.7,1.3,1.9091,1.9091,76986,Premier League 25/26
https://www.sofascore.com/west-ham-united-tottenham-hotspur/IM,2025-09-13,13:30,West Ham United,Tottenham Hotspur,3.1,3.5,2.2,1.6667,1.3333,1.3,1.6667,2.1,76986,Premier League 25/26
https://www.sofascore.com/brentford-chelsea/Nsab,2025-09-13,16:00,Brentford,Chelsea,4.3333,3.75,1.8,1.95,1.2,1.25,1.75,2.0,76986,Premier League 25/26
https://www.sofascore.com/liverpool-burnley/gsU,2025-09-14,10:00,Burnley,Liverpool,9.0,5.75,1.3,3.4,1.0714,1.1429,1.8,1.95,76986,Premier League 25/26
https://www.sofascore.com/manchester-united-manchester-city/rK,2025-09-14,12:30,Manchester City,Manchester Utd,1.62,4.2,5.0,1.1818,2.1,1.2222,1.5714,2.25,76986,Premier League 25/26
https://www.sofascore.com/everton-liverpool/UsY,2025-09-20,08:30,Liverpool,Everton,1.5,4.3333,6.25,1.125,2.5,1.2,1.8,1.95,76986,Premier League 25/26
https://www.sofascore.com/tottenham-hotspur-brighton-and-hove-albion/FsI,2025-09-20,11:00,Brighton,Tottenham Hotspur,2.2,3.6,3.1,1.3636,1.6667,1.2857,1.5333,2.375,76986,Premier League 25/26
https://www.sofascore.com/west-ham-united-crystal-palace/hsM,2025-09-20,11:00,West Ham United,Crystal Palace,3.1,3.3,2.3,1.5714,1.3636,1.3333,1.7,2.05,76986,Premier League 25/26
https://www.sofascore.com/nottingham-forest-burnley/gso,2025-09-20,11:00,Burnley,Nottingham Forest,3.25,3.3,2.25,1.6154,1.3333,1.3333,1.8,1.95,76986,Premier League 25/26
https://www.sofascore.com/leeds-united-wolverhampton/dsJ,2025-09-20,11:00,Wolves,Leeds United,3.0,3.1,2.55,1.5333,1.3636,1.3636,1.95,1.8,76986,Premier League 25/26
https://www.sofascore.com/chelsea-manchester-united/mcYb,2025-09-20,13:30,Manchester Utd,Chelsea,2.55,3.75,2.5,1.5,1.4444,1.2857,1.5,2.5,76986,Premier League 25/26
https://www.sofascore.com/brentford-fulham/Tsab,2025-09-20,16:00,Fulham,Brentford,2.1,3.3,3.7,1.2857,1.7,1.3333,1.8,1.95,76986,Premier League 25/26
https://www.sofascore.com/bournemouth-newcastle-united/Okb,2025-09-21,10:00,Bournemouth,Newcastle United,2.25,3.3,3.25,1.3333,1.5714,1.3636,1.7,2.05,76986,Premier League 25/26
https://www.sofascore.com/sunderland-aston-villa/nrqc,2025-09-21,10:00,Sunderland,Aston Villa,3.6,3.3,2.1,1.7273,1.25,1.3333,1.9091,1.9091,76986,Premier League 25/26
https://www.sofascore.com/arsenal-manchester-city/rsR,2025-09-21,12:30,Arsenal,Manchester City,2.05,3.6,3.4,1.2857,1.8,1.2857,1.6154,2.2,76986,Premier League 25/26
https://www.sofascore.com/brentford-manchester-united/Ksab,2025-09-27,08:30,Brentford,Manchester Utd,3.3,3.75,2.05,1.7,1.3636,1.25,1.5,2.5,76986,Premier League 25/26
https://www.sofascore.com/manchester-city-burnley/gsr,2025-09-27,11:00,Manchester City,Burnley,1.17,7.5,15.0,1.0303,5.0,1.1,2.1,1.6667,76986,Premier League 25/26
https://www.sofascore.com/liverpool-crystal-palace/hsU,2025-09-27,11:00,Crystal Palace,Liverpool,4.0,3.6,1.9,1.9091,1.2222,1.2857,1.6667,2.1,76986,Premier League 25/26
https://www.sofascore.com/chelsea-brighton-and-hove-albion/FsN,2025-09-27,11:00,Chelsea,Brighton,1.95,3.8,3.6,1.2857,1.8,1.25,1.6154,2.2,76986,Premier League 25/26
https://www.sofascore.com/bournemouth-leeds-united/Jskb,2025-09-27,11:00,Leeds United,Bournemouth,3.0,3.2,2.45,1.5333,1.3636,1.3636,1.75,2.0,76986,Premier League 25/26
https://www.sofascore.com/sunderland-nottingham-forest/osQ,2025-09-27,13:30,Nottingham Forest,Sunderland,1.75,3.8,4.75,1.1818,2.0,1.25,1.95,1.8,76986,Premier League 25/26
https://www.sofascore.com/tottenham-hotspur-wolverhampton/dsI,2025-09-27,16:00,Tottenham Hotspur,Wolves,1.53,4.1,6.5,1.1111,2.375,1.2222,1.8,1.95,76986,Premier League 25/26
https://www.sofascore.com/fulham-aston-villa/PsT,2025-09-28,10:00,Aston Villa,Fulham,2.25,3.25,3.3,1.3333,1.6154,1.3333,1.8,1.95,76986,Premier League 25/26
https://www.sofascore.com/arsenal-newcastle-united/Ardc,2025-09-28,12:30,Newcastle United,Arsenal,3.3,3.3,2.2,1.6667,1.3,1.3636,1.95,1.8,76986,Premier League 25/26
https://www.sofascore.com/everton-west-ham-united/MY,2025-09-29,16:00,Everton,West Ham United,1.67,3.8,5.25,1.1667,2.15,1.25,1.9091,1.9091,76986,Premier League 25/26
https://www.sofascore.com/bournemouth-fulham/Tskb,2025-10-03,16:00,Bournemouth,Fulham,1.95,3.4,4.1,1.2222,1.8,1.3,1.95,1.8,76986,Premier League 25/26
https://www.sofascore.com/leeds-united-tottenham-hotspur/IsJ,2025-10-04,08:30,Leeds United,Tottenham Hotspur,2.7,3.4,2.6,1.5,1.4444,1.3,1.7,2.05,76986,Premier League 25/26
https://www.sofascore.com/sunderland-manchester-united/KsQ,2025-10-04,11:00,Manchester Utd,Sunderland,1.6,4.3333,5.0,1.1667,2.3,1.2,1.75,2.0,76986,Premier League 25/26
https://www.sofascore.com/arsenal-west-ham-united/MR,2025-10-04,11:00,Arsenal,West Ham United,1.17,8.0,15.0,1.0303,5.0,1.0833,2.05,1.7,76986,Premier League 25/26
https://www.sofascore.com/liverpool-chelsea/NsU,2025-10-04,13:30,Chelsea,Liverpool,2.88,3.7,2.3,1.5714,1.4,1.2857,1.4444,2.625,76986,Premier League 25/26
https://www.sofascore.com/newcastle-united-nottingham-forest/osO,2025-10-05,10:00,Newcastle United,Nottingham Forest,1.48,4.5,6.25,1.125,2.625,1.1818,1.8,1.95,76986,Premier League 25/26
https://www.sofascore.com/aston-villa-burnley/gsP,2025-10-05,10:00,Aston Villa,Burnley,1.57,4.0,5.75,1.125,2.3,1.2222,1.95,1.8,76986,Premier League 25/26
https://www.sofascore.com/brighton-and-hove-albion-wolverhampton/dsF,2025-10-05,10:00,Wolves,Brighton,3.8,3.6,1.95,1.8,1.25,1.2857,1.6667,2.1,76986,Premier League 25/26
https://www.sofascore.com/everton-crystal-palace/hY,2025-10-05,10:00,Everton,Crystal Palace,2.6,3.2,2.8,1.4,1.5,1.3636,1.9091,1.9091,76986,Premier League 25/26
https://www.sofascore.com/brentford-manchester-city/rsab,2025-10-05,12:30,Brentford,Manchester City,4.75,4.2,1.62,2.25,1.1818,1.2222,1.6154,2.2,76986,Premier League 25/26
https://www.sofascore.com/chelsea-nottingham-forest/osN,2025-10-18,08:30,Nottingham Forest,Chelsea,3.1,3.5,2.25,1.6154,1.3636,1.2857,1.6667,2.1,76986,Premier League 25/26
https://www.sofascore.com/everton-manchester-city/rY,2025-10-18,11:00,Manchester City,Everton,1.42,4.5,8.0,1.0833,2.75,1.2,1.8,1.95,76986,Premier League 25/26
https://www.sofascore.com/newcastle-united-brighton-and-hove-albion/FsO,2025-10-18,11:00,Brighton,Newcastle United,2.88,3.4,2.4,1.5333,1.4,1.3,1.6154,2.2,76986,Premier League 25/26
https://www.sofascore.com/bournemouth-crystal-palace/hkb,2025-10-18,11:00,Crystal Palace,Bournemouth,2.1,3.4,3.6,1.2857,1.6667,1.3333,1.6154,2.2,76986,Premier League 25/26
https://www.sofascore.com/sunderland-wolverhampton/dsQ,2025-10-18,11:00,Sunderland,Wolves,2.4,3.0,3.2,1.3636,1.5,1.3636,1.95,1.8,76986,Premier League 25/26
https://www.sofascore.com/leeds-united-burnley/gsJ,2025-10-18,11:00,Burnley,Leeds United,3.6,3.25,2.1,1.6667,1.3,1.3333,1.95,1.8,76986,Premier League 25/26
https://www.sofascore.com/fulham-arsenal/RsT,2025-10-18,13:30,Fulham,Arsenal,6.25,4.2,1.5,2.625,1.1111,1.2,2.0,1.75,76986,Premier League 25/26
https://www.sofascore.com/aston-villa-tottenham-hotspur/IP,2025-10-19,10:00,Tottenham Hotspur,Aston Villa,2.15,3.4,3.25,1.3333,1.6667,1.3,1.7,2.05,76986,Premier League 25/26
https://www.sofascore.com/liverpool-manchester-united/KU,2025-10-19,12:30,Liverpool,Manchester Utd,1.67,4.3333,4.3333,1.2222,2.1,1.2222,1.5,2.5,76986,Premier League 25/26
https://www.sofascore.com/brentford-west-ham-united/Msab,2025-10-20,16:00,West Ham United,Brentford,2.8,3.25,2.55,1.5,1.4,1.3333,1.7,2.05,76986,Premier League 25/26
https://www.sofascore.com/west-ham-united-leeds-united/JsM,2025-10-24,16:00,Leeds United,West Ham United,1.75,3.7,4.75,1.1818,1.95,1.2857,1.9091,1.9091,76986,Premier League 25/26
https://www.sofascore.com/sunderland-chelsea/NsQ,2025-10-25,11:00,Chelsea,Sunderland,1.45,4.5,7.0,1.1,2.625,1.1818,1.9091,1.9091,76986,Premier League 25/26
https://www.sofascore.com/fulham-newcastle-united/OsT,2025-10-25,11:00,Newcastle United,Fulham,1.62,4.1,5.25,1.1429,2.3,1.2222,1.8,1.95,76986,Premier League 25/26
https://www.sofascore.com/manchester-united-brighton-and-hove-albion/FsK,2025-10-25,13:30,Manchester Utd,Brighton,1.95,3.8,3.4,1.3,1.8,1.25,1.5,2.5,76986,Premier League 25/26
https://www.sofascore.com/brentford-liverpool/Usab,2025-10-25,16:00,Brentford,Liverpool,3.7,4.0,1.85,1.9091,1.25,1.2222,1.5333,2.375,76986,Premier League 25/26
https://www.sofascore.com/aston-villa-manchester-city/rP,2025-10-26,11:00,Aston Villa,Manchester City,4.3333,3.8,1.8,1.9091,1.2222,1.25,1.6667,2.1,76986,Premier League 25/26
https://www.sofascore.com/arsenal-crystal-palace/hsR,2025-10-26,11:00,Arsenal,Crystal Palace,1.4,5.0,7.5,1.1,3.0,1.1667,1.95,1.8,76986,Premier League 25/26
https://www.sofascore.com/bournemouth-nottingham-forest/oskb,2025-10-26,11:00,Bournemouth,Nottingham Forest,1.95,3.75,3.7,1.2857,1.8,1.25,1.7,2.05,76986,Premier League 25/26
https://www.sofascore.com/burnley-wolverhampton/dsg,2025-10-26,11:00,Wolves,Burnley,1.91,3.3,4.3333,1.2,1.8333,1.3333,2.0,1.75,76986,Premier League 25/26
https://www.sofascore.com/everton-tottenham-hotspur/UwXh,2025-10-26,13:30,Everton,Tottenham Hotspur,2.2,3.5,3.25,1.3333,1.6667,1.2857,1.75,2.0,76986,Premier League 25/26
https://www.sofascore.com/manchester-united-nottingham-forest/osK,2025-11-01,12:00,Nottingham Forest,Manchester Utd,3.2,3.75,2.1,1.6667,1.3636,1.25,1.6154,2.2,76986,Premier League 25/26
https://www.sofascore.com/arsenal-burnley/gsR,2025-11-01,12:00,Burnley,Arsenal,13.0,6.25,1.22,4.0,1.04,1.125,2.625,1.4444,76986,Premier League 25/26
https://www.sofascore.com/leeds-united-brighton-and-hove-albion/FsJ,2025-11-01,12:00,Brighton,Leeds United,1.95,3.6,3.75,1.25,1.8333,1.2857,1.75,2.0,76986,Premier League 25/26
https://www.sofascore.com/brentford-crystal-palace/hsab,2025-11-01,12:00,Crystal Palace,Brentford,2.05,3.4,3.5,1.2857,1.7273,1.3,1.7,2.05,76986,Premier League 25/26
https://www.sofascore.com/fulham-wolverhampton/dsT,2025-11-01,12:00,Fulham,Wolves,1.83,3.7,4.2,1.2,1.95,1.25,1.8,1.95,76986,Premier League 25/26
https://www.sofascore.com/chelsea-tottenham-hotspur/IN,2025-11-01,14:30,Tottenham Hotspur,Chelsea,3.1,3.5,2.25,1.5714,1.3636,1.3,1.6667,2.1,76986,Premier League 25/26
https://www.sofascore.com/liverpool-aston-villa/PU,2025-11-01,17:00,Liverpool,Aston Villa,1.62,4.3333,4.5,1.1818,2.25,1.2,1.6154,2.2,76986,Premier League 25/26
https://www.sofascore.com/newcastle-united-west-ham-united/MO,2025-11-02,11:00,West Ham United,Newcastle United,4.75,4.2,1.65,2.2,1.1818,1.2222,1.7,2.05,76986,Premier League 25/26
https://www.sofascore.com/bournemouth-manchester-city/rkb,2025-11-02,13:30,Manchester City,Bournemouth,1.42,5.0,7.0,1.1111,2.625,1.1818,1.6667,2.1,76986,Premier League 25/26
https://www.sofascore.com/everton-sunderland/QY,2025-11-03,17:00,Sunderland,Everton,3.2,3.0,2.4,1.5714,1.3333,1.3636,2.0,1.75,76986,Premier League 25/26
https://www.sofascore.com/manchester-united-tottenham-hotspur/IsK,2025-11-08,09:30,Tottenham Hotspur,Manchester Utd,2.9,3.4,2.35,1.5333,1.4,1.3,1.5714,2.25,76986,Premier League 25/26
https://www.sofascore.com/west-ham-united-burnley/gsM,2025-11-08,12:00,West Ham United,Burnley,1.85,3.7,4.2,1.2222,1.9091,1.2857,1.8,1.95,76986,Premier League 25/26
https://www.sofascore.com/everton-fulham/TsY,2025-11-08,12:00,Everton,Fulham,2.35,3.3,3.1,1.3636,1.5714,1.3333,1.8,1.95,76986,Premier League 25/26
https://www.sofascore.com/arsenal-sunderland/QR,2025-11-08,14:30,Sunderland,Arsenal,7.5,4.3333,1.44,2.625,1.1,1.2,2.25,1.5714,76986,Premier League 25/26
https://www.sofascore.com/chelsea-wolverhampton/dsN,2025-11-08,17:00,Chelsea,Wolves,1.36,5.0,8.0,1.0833,3.0,1.1667,1.8,1.95,76986,Premier League 25/26
https://www.sofascore.com/brentford-newcastle-united/Osab,2025-11-09,11:00,Brentford,Newcastle United,2.88,3.4,2.5,1.5,1.4,1.3,1.6154,2.2,76986,Premier League 25/26
https://www.sofascore.com/bournemouth-aston-villa/Pkb,2025-11-09,11:00,Aston Villa,Bournemouth,2.25,3.4,3.2,1.3636,1.6154,1.3,1.6667,2.1,76986,Premier League 25/26
https://www.sofascore.com/brighton-and-hove-albion-crystal-palace/hsF,2025-11-09,11:00,Crystal Palace,Brighton,2.38,3.4,3.0,1.4,1.5333,1.3,1.6667,2.1,76986,Premier League 25/26
https://www.sofascore.com/leeds-united-nottingham-forest/osJ,2025-11-09,11:00,Nottingham Forest,Leeds United,2.2,3.1,3.5,1.2857,1.6667,1.3636,1.95,1.8,76986,Premier League 25/26
https://www.sofascore.com/liverpool-manchester-city/rU,2025-11-09,13:30,Manchester City,Liverpool,1.9,3.9,3.7,1.25,1.9091,1.2222,1.4444,2.625,76986,Premier League 25/26
https://www.sofascore.com/chelsea-burnley/gsN,2025-11-22,09:30,Burnley,Chelsea,5.0,4.2,1.6,2.375,1.1429,1.2222,1.8,1.95,76986,Premier League 25/26
https://www.sofascore.com/liverpool-nottingham-forest/osU,2025-11-22,12:00,Liverpool,Nottingham Forest,1.42,4.75,7.5,1.1,2.625,1.1818,1.75,2.0,76986,Premier League 25/26
https://www.sofascore.com/bournemouth-west-ham-united/Mkb,2025-11-22,12:00,Bournemouth,West Ham United,1.67,4.1,4.75,1.1818,2.2,1.2222,1.7,2.05,76986,Premier League 25/26
https://www.sofascore.com/brentford-brighton-and-hove-albion/Fsab,2025-11-22,12:00,Brighton,Brentford,2.1,3.4,3.6,1.3,1.6667,1.3,1.5714,2.25,76986,Premier League 25/26
https://www.sofascore.com/crystal-palace-wolverhampton/dsh,2025-11-22,12:00,Wolves,Crystal Palace,4.5,3.8,1.8,1.95,1.1818,1.25,1.9091,1.9091,76986,Premier League 25/26
https://www.sofascore.com/fulham-sunderland/QsT,2025-11-22,12:00,Fulham,Sunderland,2.1,3.3,3.7,1.25,1.7273,1.3333,1.9091,1.9091,76986,Premier League 25/26
https://www.sofascore.com/newcastle-united-manchester-city/rO,2025-11-22,14:30,Newcastle United,Manchester City,3.75,3.75,1.95,1.9091,1.25,1.25,1.5333,2.375,76986,Premier League 25/26
https://www.sofascore.com/aston-villa-leeds-united/JsP,2025-11-23,11:00,Leeds United,Aston Villa,3.1,3.3,2.3,1.6154,1.3636,1.3333,1.8,1.95,76986,Premier League 25/26
https://www.sofascore.com/arsenal-tottenham-hotspur/IsR,2025-11-23,13:30,Arsenal,Tottenham Hotspur,1.48,4.3333,7.0,1.1,2.625,1.1818,2.05,1.7,76986,Premier League 25/26
https://www.sofascore.com/everton-manchester-united/KsY,2025-11-24,17:00,Manchester Utd,Everton,1.85,3.7,4.1,1.2222,1.9091,1.2857,1.7,2.05,76986,Premier League 25/26
https://www.sofascore.com/leeds-united-manchester-city/rsJ,2025-11-29,12:00,Manchester City,Leeds United,1.22,7.0,11.0,1.05,4.3333,1.1,1.9091,1.9091,76986,Premier League 25/26
https://www.sofascore.com/bournemouth-sunderland/Qkb,2025-11-29,12:00,Sunderland,Bournemouth,3.2,3.3,2.3,1.5714,1.3636,1.3333,1.75,2.0,76986,Premier League 25/26
https://www.sofascore.com/brentford-burnley/gsab,2025-11-29,12:00,Brentford,Burnley,1.48,4.5,6.5,1.1111,2.625,1.2,1.95,1.8,76986,Premier League 25/26
https://www.sofascore.com/everton-newcastle-united/OY,2025-11-29,14:30,Everton,Newcastle United,2.7,3.25,2.7,1.4444,1.4444,1.3333,1.6154,2.2,76986,Premier League 25/26
https://www.sofascore.com/fulham-tottenham-hotspur/IsT,2025-11-29,17:00,Tottenham Hotspur,Fulham,2.38,3.4,3.0,1.3636,1.5333,1.3,1.6667,2.1,76986,Premier League 25/26
https://www.sofascore.com/manchester-united-crystal-palace/hK,2025-11-30,09:00,Crystal Palace,Manchester Utd,2.0,3.7,3.5,1.3,1.7273,1.2857,1.6154,2.2,76986,Premier League 25/26
https://www.sofascore.com/liverpool-west-ham-united/MU,2025-11-30,11:05,West Ham United,Liverpool,4.5,4.3333,1.6,2.3,1.1818,1.1818,1.5714,2.25,76986,Premier League 25/26
https://www.sofascore.com/aston-villa-wolverhampton/dsP,2025-11-30,11:05,Aston Villa,Wolves,1.5,4.5,6.25,1.1111,2.625,1.1818,1.9091,1.9091,76986,Premier League 25/26
https://www.sofascore.com/brighton-and-hove-albion-nottingham-forest/osF,2025-11-30,11:05,Nottingham Forest,Brighton,2.8,3.3,2.6,1.5,1.4,1.3333,1.7,2.05,76986,Premier League 25/26
https://www.sofascore.com/arsenal-chelsea/NR,2025-11-30,13:30,Chelsea,Arsenal,3.0,3.2,2.45,1.5,1.3636,1.3636,1.9091,1.9091,76986,Premier League 25/26
https://www.sofascore.com/fulham-manchester-city/rsT,2025-12-02,16:30,Fulham,Manchester City,5.0,4.2,1.62,2.2,1.1818,1.2222,1.7,2.05,76986,Premier League 25/26
https://www.sofascore.com/bournemouth-everton/Yskb,2025-12-02,16:30,Bournemouth,Everton,2.15,3.5,3.3,1.3333,1.6667,1.3,1.6667,2.1,76986,Premier League 25/26
https://www.sofascore.com/newcastle-united-tottenham-hotspur/IO,2025-12-02,17:15,Newcastle United,Tottenham Hotspur,1.85,3.75,4.0,1.2222,1.9091,1.25,1.6154,2.2,76986,Premier League 25/26
https://www.sofascore.com/brentford-arsenal/Rsab,2025-12-03,16:30,Arsenal,Brentford,1.42,4.5,7.5,1.1,2.75,1.1818,2.0,1.75,76986,Premier League 25/26
https://www.sofascore.com/aston-villa-brighton-and-hove-albion/FP,2025-12-03,16:30,Brighton,Aston Villa,2.25,3.4,3.2,1.3333,1.6667,1.3,1.6667,2.1,76986,Premier League 25/26
https://www.sofascore.com/nottingham-forest-wolverhampton/dso,2025-12-03,16:30,Wolves,Nottingham Forest,3.1,3.25,2.38,1.5333,1.3636,1.3333,1.8,1.95,76986,Premier League 25/26
https://www.sofascore.com/crystal-palace-burnley/gsh,2025-12-03,16:30,Burnley,Crystal Palace,4.75,3.75,1.73,2.1,1.1667,1.25,2.05,1.7,76986,Premier League 25/26
https://www.sofascore.com/liverpool-sunderland/QU,2025-12-03,17:15,Liverpool,Sunderland,1.36,5.25,7.0,1.1,3.0,1.1429,1.95,1.8,76986,Premier League 25/26
https://www.sofascore.com/chelsea-leeds-united/JsN,2025-12-03,17:15,Leeds United,Chelsea,3.8,3.5,2.0,1.8,1.25,1.2857,1.8,1.95,76986,Premier League 25/26
https://www.sofascore.com/west-ham-united-manchester-united/KM,2025-12-04,17:00,Manchester Utd,West Ham United,1.42,5.25,6.25,1.1111,2.75,1.1667,1.7,2.05,76986,Premier League 25/26
https://www.sofascore.com/arsenal-aston-villa/PR,2025-12-06,09:30,Aston Villa,Arsenal,4.2,3.5,1.91,1.8333,1.2222,1.2857,1.9091,1.9091,76986,Premier League 25/26
https://www.sofascore.com/sunderland-manchester-city/rQ,2025-12-06,12:00,Manchester City,Sunderland,1.25,6.25,10.0,1.0625,3.75,1.1111,1.8,1.95,76986,Premier League 25/26
https://www.sofascore.com/bournemouth-chelsea/Nskb,2025-12-06,12:00,Bournemouth,Chelsea,3.2,3.75,2.1,1.7273,1.3333,1.25,1.5333,2.375,76986,Premier League 25/26
https://www.sofascore.com/brentford-tottenham-hotspur/Isab,2025-12-06,12:00,Tottenham Hotspur,Brentford,2.4,3.3,3.0,1.4,1.5,1.3333,1.7,2.05,76986,Premier League 25/26
https://www.sofascore.com/newcastle-united-burnley/gsO,2025-12-06,12:00,Newcastle United,Burnley,1.3,5.5,9.5,1.0714,3.4,1.1429,1.95,1.8,76986,Premier League 25/26
https://www.sofascore.com/everton-nottingham-forest/osY,2025-12-06,12:00,Everton,Nottingham Forest,2.1,3.25,3.7,1.25,1.7273,1.3333,1.9091,1.9091,76986,Premier League 25/26
https://www.sofascore.com/liverpool-leeds-united/JsU,2025-12-06,14:30,Leeds United,Liverpool,4.5,4.0,1.73,1.9091,1.2222,1.25,1.75,2.0,76986,Premier League 25/26
https://www.sofascore.com/west-ham-united-brighton-and-hove-albion/FsM,2025-12-07,11:00,Brighton,West Ham United,1.57,4.2,5.5,1.1429,2.3,1.2222,1.6667,2.1,76986,Premier League 25/26
https://www.sofascore.com/fulham-crystal-palace/hsT,2025-12-07,13:30,Fulham,Crystal Palace,2.45,3.4,2.88,1.4,1.5,1.3333,1.75,2.0,76986,Premier League 25/26
https://www.sofascore.com/manchester-united-wolverhampton/dsK,2025-12-08,17:00,Wolves,Manchester Utd,5.0,4.1,1.62,2.25,1.1667,1.2222,1.75,2.0,76986,Premier League 25/26
https://www.sofascore.com/liverpool-brighton-and-hove-albion/FsU,2025-12-13,12:00,Liverpool,Brighton,1.73,4.0,4.5,1.1818,2.05,1.2222,1.6154,2.2,76986,Premier League 25/26
https://www.sofascore.com/everton-chelsea/BQy,2025-12-13,12:00,Chelsea,Everton,1.73,3.8,4.75,1.1818,2.05,1.25,1.75,2.0,76986,Premier League 25/26
https://www.sofascore.com/fulham-burnley/gsT,2025-12-13,14:30,Burnley,Fulham,3.9,3.5,1.95,1.8,1.2222,1.3,1.9091,1.9091,76986,Premier League 25/26
https://www.sofascore.com/arsenal-wolverhampton/dsR,2025-12-13,17:00,Arsenal,Wolves,1.11,9.0,21.0,1.0152,6.0,1.0714,2.625,1.4444,76986,Premier League 25/26
https://www.sofascore.com/manchester-city-crystal-palace/hr,2025-12-14,11:00,Crystal Palace,Manchester City,4.0,3.8,1.85,1.9091,1.2222,1.25,1.6154,2.2,76986,Premier League 25/26
https://www.sofascore.com/tottenham-hotspur-nottingham-forest/osI,2025-12-14,11:00,Nottingham Forest,Tottenham Hotspur,2.7,3.3,2.7,1.4444,1.4444,1.3333,1.75,2.0,76986,Premier League 25/26
https://www.sofascore.com/aston-villa-west-ham-united/MP,2025-12-14,11:00,West Ham United,Aston Villa,3.2,3.5,2.2,1.6667,1.3636,1.2857,1.5714,2.25,76986,Premier League 25/26
https://www.sofascore.com/sunderland-newcastle-united/OQ,2025-12-14,11:00,Sunderland,Newcastle United,3.4,3.4,2.15,1.6667,1.3,1.3,1.7,2.05,76986,Premier League 25/26
https://www.sofascore.com/brentford-leeds-united/Jsab,2025-12-14,13:30,Brentford,Leeds United,2.15,3.3,3.6,1.2857,1.6667,1.3333,1.9091,1.9091,76986,Premier League 25/26
https://www.sofascore.com/bournemouth-manchester-united/Kkb,2025-12-15,17:00,Manchester Utd,Bournemouth,1.8,4.1,3.9,1.25,1.95,1.2222,1.5,2.5,76986,Premier League 25/26
https://www.sofascore.com/newcastle-united-chelsea/NO,2025-12-20,09:30,Newcastle United,Chelsea,2.8,3.6,2.3,1.5333,1.4444,1.2857,1.5333,2.375,76986,Premier League 25/26
https://www.sofascore.com/west-ham-united-manchester-city/rM,2025-12-20,12:00,Manchester City,West Ham United,1.2,7.5,11.0,1.05,4.3333,1.1,1.9091,1.9091,76986,Premier League 25/26
https://www.sofascore.com/sunderland-brighton-and-hove-albion/FsQ,2025-12-20,12:00,Brighton,Sunderland,1.75,3.9,4.5,1.2222,1.9091,1.25,1.75,2.0,76986,Premier League 25/26
https://www.sofascore.com/brentford-wolverhampton/dsab,2025-12-20,12:00,Wolves,Brentford,3.25,3.4,2.2,1.6667,1.3333,1.3,1.75,2.0,76986,Premier League 25/26
https://www.sofascore.com/bournemouth-burnley/gskb,2025-12-20,12:00,Bournemouth,Burnley,1.48,4.5,6.25,1.125,2.625,1.1818,1.7,2.05,76986,Premier League 25/26
https://www.sofascore.com/liverpool-tottenham-hotspur/IsU,2025-12-20,14:30,Tottenham Hotspur,Liverpool,3.5,3.6,2.05,1.8,1.2857,1.2857,1.6667,2.1,76986,Premier League 25/26
https://www.sofascore.com/everton-arsenal/RY,2025-12-20,17:00,Everton,Arsenal,6.25,4.0,1.55,2.375,1.125,1.2222,2.05,1.7,76986,Premier League 25/26
https://www.sofascore.com/leeds-united-crystal-palace/hsJ,2025-12-20,17:00,Leeds United,Crystal Palace,2.8,3.2,2.63,1.4444,1.4,1.3636,1.95,1.8,76986,Premier League 25/26
https://www.sofascore.com/aston-villa-manchester-united/KP,2025-12-21,13:30,Aston Villa,Manchester Utd,1.95,3.7,3.7,1.2857,1.8,1.2857,1.5714,2.25,76986,Premier League 25/26
https://www.sofascore.com/fulham-nottingham-forest/osT,2025-12-22,17:00,Fulham,Nottingham Forest,2.625,3.3,2.75,1.4,1.4444,1.3333,1.7,2.05,76986,Premier League 25/26
https://www.sofascore.com/newcastle-united-manchester-united/DYBe,2025-12-26,17:00,Manchester Utd,Newcastle United,2.45,3.7,2.7,1.4444,1.5,1.2857,1.5,2.5,76986,Premier League 25/26
https://www.sofascore.com/manchester-city-nottingham-forest/osr,2025-12-27,09:30,Nottingham Forest,Manchester City,5.0,4.2,1.6154,2.3,1.1667,1.2,1.6667,2.1,76986,Premier League 25/26
https://www.sofascore.com/liverpool-wolverhampton/dsU,2025-12-27,12:00,Liverpool,Wolves,1.2222,7.0,11.0,1.05,4.0,1.1,1.95,1.8,76986,Premier League 25/26
https://www.sofascore.com/arsenal-brighton-and-hove-albion/FsR,2025-12-27,12:00,Arsenal,Brighton,1.3333,5.5,8.0,1.0833,3.25,1.1429,1.9091,1.9091,76986,Premier League 25/26
https://www.sofascore.com/fulham-west-ham-united/MsT,2025-12-27,12:00,West Ham United,Fulham,3.0,3.3,2.35,1.5714,1.3636,1.3333,1.6667,2.1,76986,Premier League 25/26
https://www.sofascore.com/bournemouth-brentford/abskb,2025-12-27,12:00,Brentford,Bournemouth,2.25,3.4,3.2,1.3636,1.6154,1.3,1.6667,2.1,76986,Premier League 25/26
https://www.sofascore.com/everton-burnley/gsY,2025-12-27,12:00,Burnley,Everton,3.6,3.1,2.2,1.6667,1.2857,1.3636,2.05,1.7,76986,Premier League 25/26
https://www.sofascore.com/aston-villa-chelsea/NP,2025-12-27,14:30,Chelsea,Aston Villa,1.75,4.0,4.2,1.1818,2.0,1.25,1.75,2.0,76986,Premier League 25/26
https://www.sofascore.com/sunderland-leeds-united/JQ,2025-12-28,11:00,Sunderland,Leeds United,2.9,3.2,2.55,1.5,1.4,1.3636,1.95,1.8,76986,Premier League 25/26
https://www.sofascore.com/tottenham-hotspur-crystal-palace/hI,2025-12-28,13:30,Crystal Palace,Tottenham Hotspur,2.2,3.4,3.25,1.3333,1.6667,1.3,1.75,2.0,76986,Premier League 25/26
https://www.sofascore.com/bournemouth-chelsea/Nskb,2025-12-30,16:30,Chelsea,Bournemouth,1.6154,4.5,5.0,1.1667,2.25,1.1818,1.5,2.5,76986,Premier League 25/26
https://www.sofascore.com/newcastle-united-burnley/gsO,2025-12-30,16:30,Burnley,Newcastle United,5.5,4.2,1.5714,2.3,1.1429,1.2222,1.8,1.95,76986,Premier League 25/26
https://www.sofascore.com/west-ham-united-brighton-and-hove-albion/FsM,2025-12-30,16:30,West Ham United,Brighton,3.2,3.7,2.1,1.7,1.3333,1.2857,1.5714,2.25,76986,Premier League 25/26
https://www.sofascore.com/everton-nottingham-forest/osY,2025-12-30,16:30,Nottingham Forest,Everton,1.8333,3.5,4.2,1.2222,1.8,1.3333,2.0,1.75,76986,Premier League 25/26
https://www.sofascore.com/arsenal-aston-villa/PR,2025-12-30,17:15,Arsenal,Aston Villa,1.3636,5.25,7.5,1.1,2.75,1.1667,1.95,1.8,76986,Premier League 25/26
https://www.sofascore.com/manchester-united-wolverhampton/dsK,2025-12-30,17:15,Manchester Utd,Wolves,1.3636,5.25,7.0,1.1,3.0,1.1667,1.75,2.0,76986,Premier League 25/26
https://www.sofascore.com/liverpool-leeds-united/JsU,2026-01-01,14:30,Liverpool,Leeds United,1.48,4.5,6.5,1.125,2.5,1.2,1.8,1.95,76986,Premier League 25/26
https://www.sofascore.com/fulham-crystal-palace/hsT,2026-01-01,14:30,Crystal Palace,Fulham,2.2,3.25,3.4,1.3,1.6667,1.3333,1.8,1.95,76986,Premier League 25/26
https://www.sofascore.com/sunderland-manchester-city/rQ,2026-01-01,17:00,Sunderland,Manchester City,7.0,5.0,1.42,2.75,1.1,1.1667,1.8,1.95,76986,Premier League 25/26
https://www.sofascore.com/brentford-tottenham-hotspur/Isab,2026-01-01,17:00,Brentford,Tottenham Hotspur,2.4,3.5,2.875,1.4,1.5333,1.2857,1.75,2.0,76986,Premier League 25/26
https://www.sofascore.com/aston-villa-nottingham-forest/osP,2026-01-03,09:30,Aston Villa,Nottingham Forest,1.9091,3.5,4.0,1.2222,1.8333,1.2857,1.75,2.0,76986,Premier League 25/26
https://www.sofascore.com/west-ham-united-wolverhampton/dsM,2026-01-03,12:00,Wolves,West Ham United,2.6,3.4,2.625,1.4444,1.5,1.3,1.6667,2.1,76986,Premier League 25/26
https://www.sofascore.com/brighton-and-hove-albion-burnley/gsF,2026-01-03,12:00,Brighton,Burnley,1.4444,4.5,7.0,1.1,2.625,1.1818,1.9091,1.9091,76986,Premier League 25/26
https://www.sofascore.com/bournemouth-arsenal/Rkb,2026-01-03,14:30,Bournemouth,Arsenal,6.0,4.5,1.5,2.5,1.125,1.1818,1.75,2.0,76986,Premier League 25/26
https://www.sofascore.com/manchester-united-leeds-united/JsK,2026-01-04,09:30,Leeds United,Manchester Utd,2.8,3.2,2.6,1.4444,1.4,1.3636,1.75,2.0,76986,Premier League 25/26
https://www.sofascore.com/sunderland-tottenham-hotspur/IQ,2026-01-04,12:00,Tottenham Hotspur,Sunderland,1.95,3.5,3.9,1.25,1.8,1.2857,1.9091,1.9091,76986,Premier League 25/26
https://www.sofascore.com/newcastle-united-crystal-palace/hO,2026-01-04,12:00,Newcastle United,Crystal Palace,1.6667,4.1,4.75,1.1818,2.05,1.25,1.75,2.0,76986,Premier League 25/26
https://www.sofascore.com/brentford-everton/Ysab,2026-01-04,12:00,Everton,Brentford,2.4,3.25,3.1,1.3636,1.5333,1.3333,1.9091,1.9091,76986,Premier League 25/26
https://www.sofascore.com/liverpool-fulham/TsU,2026-01-04,12:15,Fulham,Liverpool,3.9,3.7,1.9,1.8333,1.25,1.2857,1.8,1.95,76986,Premier League 25/26
https://www.sofascore.com/chelsea-manchester-city/rN,2026-01-04,14:30,Manchester City,Chelsea,1.48,5.0,5.75,1.1429,2.5,1.1818,1.5,2.5,76986,Premier League 25/26
https://www.sofascore.com/west-ham-united-nottingham-forest/osM,2026-01-06,17:00,West Ham United,Nottingham Forest,2.9,3.4,2.35,1.5333,1.4,1.3,1.6667,2.1,76986,Premier League 25/26
https://www.sofascore.com/brighton-and-hove-albion-manchester-city/rsF,2026-01-07,16:30,Manchester City,Brighton,1.5,4.5,5.75,1.1429,2.375,1.1818,1.5,2.5,76986,Premier League 25/26
https://www.sofascore.com/fulham-chelsea/NsT,2026-01-07,16:30,Fulham,Chelsea,3.6,3.4,2.05,1.7273,1.2857,1.2857,1.7,2.05,76986,Premier League 25/26
https://www.sofascore.com/bournemouth-tottenham-hotspur/Iskb,2026-01-07,16:30,Bournemouth,Tottenham Hotspur,2.15,3.5,3.2,1.3636,1.6667,1.2857,1.6154,2.2,76986,Premier League 25/26
https://www.sofascore.com/aston-villa-crystal-palace/hP,2026-01-07,16:30,Crystal Palace,Aston Villa,2.9,3.4,2.4,1.5333,1.3636,1.3333,1.7,2.05,76986,Premier League 25/26
https://www.sofascore.com/everton-wolverhampton/dsY,2026-01-07,16:30,Everton,Wolves,1.85,3.5,4.3333,1.1818,1.9091,1.2857,1.9091,1.9091,76986,Premier League 25/26
https://www.sofascore.com/brentford-sunderland/Qsab,2026-01-07,16:30,Brentford,Sunderland,2.0,3.3,3.9,1.25,1.8,1.3333,2.05,1.7,76986,Premier League 25/26
https://www.sofascore.com/manchester-united-burnley/gK,2026-01-07,17:15,Burnley,Manchester Utd,4.75,3.9,1.73,2.05,1.1818,1.25,1.8,1.95,76986,Premier League 25/26
https://www.sofascore.com/newcastle-united-leeds-united/JsO,2026-01-07,17:15,Newcastle United,Leeds United,1.62,3.8,5.5,1.1429,2.25,1.25,1.8,1.95,76986,Premier League 25/26
https://www.sofascore.com/liverpool-arsenal/HQfh,2026-01-08,17:00,Arsenal,Liverpool,1.55,4.2,6.0,1.125,2.3,1.2222,1.9091,1.9091,76986,Premier League 25/26
https://www.sofascore.com/manchester-united-manchester-city/rK,2026-01-17,09:30,Manchester Utd,Manchester City,2.9,3.7,2.2,1.6667,1.3636,1.25,1.4444,2.625,76986,Premier League 25/26
https://www.sofascore.com/liverpool-burnley/gsU,2026-01-17,12:00,Liverpool,Burnley,1.22,6.5,12.0,1.05,4.0,1.1111,2.05,1.7,76986,Premier League 25/26
https://www.sofascore.com/brentford-chelsea/Nsab,2026-01-17,12:00,Chelsea,Brentford,1.85,3.8,4.1,1.2222,1.9091,1.25,1.5714,2.25,76986,Premier League 25/26
https://www.sofascore.com/west-ham-united-tottenham-hotspur/IM,2026-01-17,12:00,Tottenham Hotspur,West Ham United,1.8,3.9,4.1,1.2222,1.95,1.25,1.6667,2.1,76986,Premier League 25/26
https://www.sofascore.com/sunderland-crystal-palace/hQ,2026-01-17,12:00,Sunderland,Crystal Palace,2.4,3.2,3.1,1.3636,1.5333,1.3636,1.9091,1.9091,76986,Premier League 25/26
https://www.sofascore.com/fulham-leeds-united/JsT,2026-01-17,12:00,Leeds United,Fulham,2.3,3.4,3.0,1.3636,1.5714,1.3,1.7,2.05,76986,Premier League 25/26
https://www.sofascore.com/arsenal-nottingham-forest/osR,2026-01-17,14:30,Nottingham Forest,Arsenal,5.5,3.9,1.62,2.25,1.1429,1.25,2.05,1.7,76986,Premier League 25/26
https://www.sofascore.com/newcastle-united-wolverhampton/dsO,2026-01-18,11:00,Wolves,Newcastle United,4.5,4.0,1.7,2.1,1.1818,1.2222,1.6154,2.2,76986,Premier League 25/26
https://www.sofascore.com/everton-aston-villa/PY,2026-01-18,13:30,Aston Villa,Everton,1.62,3.9,5.75,1.1429,2.25,1.25,1.8,1.95,76986,Premier League 25/26
https://www.sofascore.com/bournemouth-brighton-and-hove-albion/Fskb,2026-01-19,17:00,Brighton,Bournemouth,1.95,3.75,3.6,1.2857,1.8,1.25,1.4444,2.625,76986,Premier League 25/26
https://www.sofascore.com/sunderland-west-ham-united/MsQ,2026-01-24,09:30,West Ham United,Sunderland,2.2,3.3,3.25,1.3333,1.6667,1.3333,1.75,2.0,76986,Premier League 25/26
https://www.sofascore.com/manchester-city-wolverhampton/dsr,2026-01-24,12:00,Manchester City,Wolves,1.3,5.75,9.0,1.0714,3.4,1.1429,1.95,1.8,76986,Premier League 25/26
https://www.sofascore.com/tottenham-hotspur-burnley/gsI,2026-01-24,12:00,Burnley,Tottenham Hotspur,3.9,3.4,2.0,1.8,1.25,1.3,1.9091,1.9091,76986,Premier League 25/26
https://www.sofascore.com/fulham-brighton-and-hove-albion/FsT,2026-01-24,12:00,Fulham,Brighton,2.55,3.3,2.75,1.4,1.5,1.3333,1.6667,2.1,76986,Premier League 25/26
https://www.sofascore.com/bournemouth-liverpool/Uskb,2026-01-24,14:30,Bournemouth,Liverpool,4.2,4.0,1.75,1.9091,1.25,1.25,1.5,2.5,76986,Premier League 25/26
https://www.sofascore.com/chelsea-crystal-palace/hN,2026-01-25,11:00,Crystal Palace,Chelsea,3.4,3.5,2.15,1.7,1.3,1.2857,1.6667,2.1,76986,Premier League 25/26
https://www.sofascore.com/aston-villa-newcastle-united/OP,2026-01-25,11:00,Newcastle United,Aston Villa,2.15,3.6,3.25,1.3333,1.6667,1.2857,1.5333,2.375,76986,Premier League 25/26
https://www.sofascore.com/brentford-nottingham-forest/osab,2026-01-25,11:00,Brentford,Nottingham Forest,1.85,3.6,4.3333,1.2,1.9091,1.2857,1.8,1.95,76986,Premier League 25/26
https://www.sofascore.com/arsenal-manchester-united/KR,2026-01-25,13:30,Arsenal,Manchester Utd,1.53,4.5,5.75,1.1429,2.375,1.1818,1.75,2.0,76986,Premier League 25/26
https://www.sofascore.com/everton-leeds-united/JsY,2026-01-26,17:00,Everton,Leeds United,2.5,3.1,3.0,1.3636,1.5,1.3636,1.95,1.8,76986,Premier League 25/26
https://www.sofascore.com/arsenal-leeds-united/JsR,2026-01-31,12:00,Leeds United,Arsenal,5.75,4.1,1.57,2.375,1.125,1.2222,1.95,1.8,76986,Premier League 25/26
https://www.sofascore.com/everton-brighton-and-hove-albion/FsY,2026-01-31,12:00,Brighton,Everton,1.91,3.5,4.0,1.2222,1.8333,1.2857,1.8,1.95,76986,Premier League 25/26
https://www.sofascore.com/bournemouth-wolverhampton/dskb,2026-01-31,12:00,Wolves,Bournemouth,2.9,3.5,2.38,1.5714,1.4,1.2857,1.6667,2.1,76986,Premier League 25/26
https://www.sofascore.com/chelsea-west-ham-united/MsN,2026-01-31,14:30,Chelsea,West Ham United,1.62,4.3333,5.0,1.1667,2.3,1.2222,1.5714,2.25,76986,Premier League 25/26
https://www.sofascore.com/liverpool-newcastle-united/OU,2026-01-31,17:00,Liverpool,Newcastle United,1.65,4.3333,4.75,1.1818,2.25,1.2,1.5,2.5,76986,Premier League 25/26
https://www.sofascore.com/fulham-manchester-united/KsT,2026-02-01,11:00,Manchester Utd,Fulham,1.55,4.5,5.25,1.1667,2.375,1.1818,1.5333,2.375,76986,Premier League 25/26
https://www.sofascore.com/brentford-aston-villa/Psab,2026-02-01,11:00,Aston Villa,Brentford,2.3,3.4,3.1,1.3636,1.5714,1.3,1.6667,2.1,76986,Premier League 25/26
https://www.sofascore.com/nottingham-forest-crystal-palace/hso,2026-02-01,11:00,Nottingham Forest,Crystal Palace,2.1,3.3,3.6,1.2857,1.7,1.3333,1.95,1.8,76986,Premier League 25/26
https://www.sofascore.com/tottenham-hotspur-manchester-city/rI,2026-02-01,13:30,Tottenham Hotspur,Manchester City,4.75,4.1,1.67,2.15,1.1818,1.2222,1.6154,2.2,76986,Premier League 25/26
https://www.sofascore.com/sunderland-burnley/gsQ,2026-02-02,17:00,Sunderland,Burnley,1.91,3.3,4.3333,1.2,1.8333,1.3333,2.2,1.6154,76986,Premier League 25/26
https://www.sofascore.com/leeds-united-nottingham-forest/osJ,2026-02-06,17:00,Leeds United,Nottingham Forest,2.15,3.4,3.4,1.2857,1.7,1.3,1.75,2.0,76986,Premier League 25/26
https://www.sofascore.com/manchester-united-tottenham-hotspur/IsK,2026-02-07,09:30,Manchester Utd,Tottenham Hotspur,1.6,4.5,4.75,1.1667,2.3,1.1818,1.5714,2.25,76986,Premier League 25/26
https://www.sofascore.com/arsenal-sunderland/QR,2026-02-07,12:00,Arsenal,Sunderland,1.25,6.0,11.0,1.05,3.75,1.125,2.5,1.5,76986,Premier League 25/26
https://www.sofascore.com/chelsea-wolverhampton/dsN,2026-02-07,12:00,Wolves,Chelsea,5.25,4.3333,1.57,2.3,1.1667,1.2,1.7,2.05,76986,Premier League 25/26
https://www.sofascore.com/bournemouth-aston-villa/Pkb,2026-02-07,12:00,Bournemouth,Aston Villa,2.88,3.6,2.35,1.5333,1.4,1.2857,1.5,2.5,76986,Premier League 25/26
https://www.sofascore.com/everton-fulham/TsY,2026-02-07,12:00,Fulham,Everton,2.25,3.4,3.3,1.3333,1.6154,1.3,1.75,2.0,76986,Premier League 25/26
https://www.sofascore.com/west-ham-united-burnley/gsM,2026-02-07,12:00,Burnley,West Ham United,3.0,3.6,2.25,1.6667,1.3636,1.2857,1.5714,2.25,76986,Premier League 25/26
https://www.sofascore.com/brentford-newcastle-united/Osab,2026-02-07,14:30,Newcastle United,Brentford,1.9091,3.75,3.75,1.25,1.8333,1.25,1.5714,2.25,76986,Premier League 25/26
https://www.sofascore.com/brighton-and-hove-albion-crystal-palace/hsF,2026-02-08,11:00,Brighton,Crystal Palace,2.2,3.3,3.4,1.3,1.6667,1.3333,1.7,2.05,76986,Premier League 25/26
https://www.sofascore.com/liverpool-manchester-city/rU,2026-02-08,13:30,Liverpool,Manchester City,2.1,3.9,3.0,1.4,1.6667,1.25,1.4444,2.625,76986,Premier League 25/26
https://www.sofascore.com/chelsea-leeds-united/JsN,2026-02-10,16:30,Chelsea,Leeds United,1.53,4.3333,5.75,1.125,2.5,1.1818,1.7,2.05,76986,Premier League 25/26
https://www.sofascore.com/newcastle-united-tottenham-hotspur/IO,2026-02-10,16:30,Tottenham Hotspur,Newcastle United,3.0,3.7,2.25,1.6667,1.3636,1.2857,1.5,2.5,76986,Premier League 25/26
https://www.sofascore.com/bournemouth-everton/Yskb,2026-02-10,16:30,Everton,Bournemouth,2.3,3.4,3.1,1.3636,1.5714,1.3,1.6154,2.2,76986,Premier League 25/26
https://www.sofascore.com/west-ham-united-manchester-united/KM,2026-02-10,17:15,West Ham United,Manchester Utd,4.3333,4.3333,1.7,2.1,1.2,1.2,1.5333,2.375,76986,Premier League 25/26
https://www.sofascore.com/fulham-manchester-city/rsT,2026-02-11,16:30,Manchester City,Fulham,1.36,5.5,7.5,1.1,3.0,1.1429,1.6667,2.1,76986,Premier League 25/26
https://www.sofascore.com/aston-villa-brighton-and-hove-albion/FP,2026-02-11,16:30,Aston Villa,Brighton,2.05,3.75,3.4,1.2857,1.8,1.25,1.5714,2.25,76986,Premier League 25/26
https://www.sofascore.com/nottingham-forest-wolverhampton/dso,2026-02-11,16:30,Nottingham Forest,Wolves,1.73,3.9,4.5,1.1667,2.15,1.25,1.8,1.95,76986,Premier League 25/26
https://www.sofascore.com/crystal-palace-burnley/gsh,2026-02-11,16:30,Crystal Palace,Burnley,1.45,4.5,7.0,1.1111,2.625,1.1818,1.9091,1.9091,76986,Premier League 25/26
https://www.sofascore.com/liverpool-sunderland/QU,2026-02-11,17:15,Sunderland,Liverpool,4.5,3.8,1.75,2.0,1.2,1.25,1.7,2.05,76986,Premier League 25/26
https://www.sofascore.com/brentford-arsenal/Rsab,2026-02-12,17:00,Brentford,Arsenal,5.0,3.75,1.67,2.15,1.1667,1.25,1.8,1.95,76986,Premier League 25/26
https://www.sofascore.com/arsenal-wolverhampton/dsR,2026-02-18,17:00,Wolves,Arsenal,12.0,6.25,1.25,3.75,1.05,1.125,2.2,1.6154,76986,Premier League 25/26
https://www.sofascore.com/chelsea-burnley/gsN,2026-02-21,12:00,Chelsea,Burnley,1.25,6.5,11.0,1.05,3.75,1.1111,1.95,1.8,76986,Premier League 25/26
https://www.sofascore.com/aston-villa-leeds-united/JsP,2026-02-21,12:00,Aston Villa,Leeds United,1.85,3.7,4.1,1.2222,1.9091,1.2857,1.6154,2.2,76986,Premier League 25/26
https://www.sofascore.com/brentford-brighton-and-hove-albion/Fsab,2026-02-21,12:00,Brentford,Brighton,2.25,3.4,3.2,1.3636,1.5714,1.3,1.6154,2.2,76986,Premier League 25/26
https://www.sofascore.com/bournemouth-west-ham-united/Mkb,2026-02-21,14:30,West Ham United,Bournemouth,2.75,3.6,2.45,1.5333,1.4,1.2857,1.5,2.5,76986,Premier League 25/26
https://www.sofascore.com/newcastle-united-manchester-city/rO,2026-02-21,17:00,Manchester City,Newcastle United,1.55,4.75,5.0,1.1667,2.375,1.1818,1.5333,2.375,76986,Premier League 25/26
https://www.sofascore.com/liverpool-nottingham-forest/osU,2026-02-22,11:00,Nottingham Forest,Liverpool,3.75,3.9,1.85,1.9091,1.25,1.25,1.6154,2.2,76986,Premier League 25/26
https://www.sofascore.com/crystal-palace-wolverhampton/dsh,2026-02-22,11:00,Crystal Palace,Wolves,1.8,3.8,4.2,1.2222,1.95,1.25,1.8,1.95,76986,Premier League 25/26
https://www.sofascore.com/fulham-sunderland/QsT,2026-02-22,11:00,Sunderland,Fulham,2.63,3.1,2.4,1.5,1.4,1.3333,1.8,1.95,76986,Premier League 25/26
https://www.sofascore.com/arsenal-tottenham-hotspur/IsR,2026-02-22,13:30,Tottenham Hotspur,Arsenal,7.0,4.3333,1.45,2.625,1.1,1.2,2.05,1.7,76986,Premier League 25/26
https://www.sofascore.com/everton-manchester-united/KsY,2026-02-23,17:00,Everton,Manchester Utd,3.6,3.7,2.0,1.8,1.2857,1.2857,1.6667,2.1,76986,Premier League 25/26
https://www.sofascore.com/aston-villa-wolverhampton/dsP,2026-02-27,17:00,Wolves,Aston Villa,4.75,3.7,1.75,2.0,1.1818,1.2857,1.8,1.95,76986,Premier League 25/26
https://www.sofascore.com/bournemouth-sunderland/Qkb,2026-02-28,09:30,Bournemouth,Sunderland,1.8,3.7,4.3333,1.2,1.95,1.2857,1.75,2.0,76986,Premier League 25/26
https://www.sofascore.com/liverpool-west-ham-united/MU,2026-02-28,12:00,Liverpool,West Ham United,1.44,5.0,6.5,1.1111,2.625,1.1667,1.6154,2.2,76986,Premier League 25/26
https://www.sofascore.com/everton-newcastle-united/OY,2026-02-28,12:00,Newcastle United,Everton,1.8,3.8,4.2,1.2222,1.95,1.25,1.7,2.05,76986,Premier League 25/26
https://www.sofascore.com/brentford-burnley/gsab,2026-02-28,12:00,Burnley,Brentford,4.3333,4.0,1.73,2.05,1.2,1.2222,1.6667,2.1,76986,Premier League 25/26
https://www.sofascore.com/leeds-united-manchester-city/rsJ,2026-02-28,14:30,Leeds United,Manchester City,4.75,3.9,1.7,2.1,1.1818,1.25,1.8,1.95,76986,Premier League 25/26
https://www.sofascore.com/manchester-united-crystal-palace/hK,2026-03-01,11:00,Manchester Utd,Crystal Palace,1.53,4.5,5.75,1.1429,2.375,1.1818,1.8,1.95,76986,Premier League 25/26
https://www.sofascore.com/fulham-tottenham-hotspur/IsT,2026-03-01,11:00,Fulham,Tottenham Hotspur,2.0,3.6,3.6,1.2857,1.8,1.2857,1.6154,2.2,76986,Premier League 25/26
https://www.sofascore.com/brighton-and-hove-albion-nottingham-forest/osF,2026-03-01,11:00,Brighton,Nottingham Forest,2.1,3.5,3.5,1.2857,1.7,1.2857,1.75,2.0,76986,Premier League 25/26
https://www.sofascore.com/arsenal-chelsea/NR,2026-03-01,13:30,Arsenal,Chelsea,1.5,4.3333,6.25,1.125,2.5,1.2,1.8,1.95,76986,Premier League 25/26
https://www.sofascore.com/manchester-city-nottingham-forest/osr,2026-03-04,16:30,Manchester City,Nottingham Forest,1.38,5.0,8.0,1.0833,3.0,1.1667,1.8,1.95,76986,Premier League 25/26
https://www.sofascore.com/arsenal-brighton-and-hove-albion/FsR,2026-03-04,16:30,Brighton,Arsenal,5.0,3.8,1.67,2.15,1.1667,1.25,1.8,1.95,76986,Premier League 25/26
https://www.sofascore.com/aston-villa-chelsea/NP,2026-03-04,16:30,Aston Villa,Chelsea,2.63,3.4,2.55,1.5,1.4444,1.3,1.5714,2.25,76986,Premier League 25/26
https://www.sofascore.com/fulham-west-ham-united/MsT,2026-03-04,16:30,Fulham,West Ham United,2.2,3.5,3.1,1.3636,1.6667,1.2857,1.5333,2.375,76986,Premier League 25/26
https://www.sofascore.com/newcastle-united-manchester-united/DYBe,2026-03-04,17:15,Newcastle United,Manchester Utd,2.63,3.6,2.5,1.5,1.5,1.2857,1.4444,2.625,76986,Premier League 25/26
https://www.sofascore.com/tottenham-hotspur-crystal-palace/hI,2026-03-05,17:00,Tottenham Hotspur,Crystal Palace,2.45,3.3,2.88,1.4,1.5333,1.3333,1.7,2.05,76986,Premier League 25/26
https://www.sofascore.com/sunderland-brighton-and-hove-albion/FsQ,2026-03-14,12:00,Sunderland,Brighton,3.8,3.4,2.0,1.8,1.25,1.3,1.8,1.95,76986,Premier League 25/26
https://www.sofascore.com/bournemouth-burnley/gskb,2026-03-14,12:00,Burnley,Bournemouth,3.8,4.0,1.85,1.9091,1.25,1.2222,1.5714,2.25,76986,Premier League 25/26
https://www.sofascore.com/everton-arsenal/RY,2026-03-14,14:30,Arsenal,Everton,1.4,4.75,8.0,1.0833,2.75,1.1818,2.1,1.6667,76986,Premier League 25/26
https://www.sofascore.com/newcastle-united-chelsea/NO,2026-03-14,14:30,Chelsea,Newcastle United,1.73,4.2,4.2,1.2222,2.05,1.2222,1.5333,2.375,76986,Premier League 25/26
https://www.sofascore.com/west-ham-united-manchester-city/rM,2026-03-14,17:00,West Ham United,Manchester City,4.6,4.2,1.67,2.15,1.1818,1.2,1.5333,2.375,76986,Premier League 25/26
https://www.sofascore.com/aston-villa-manchester-united/KP,2026-03-15,11:00,Manchester Utd,Aston Villa,1.7,4.0,4.6,1.1818,2.1,1.2222,1.6154,2.2,76986,Premier League 25/26
https://www.sofascore.com/fulham-nottingham-forest/osT,2026-03-15,11:00,Nottingham Forest,Fulham,2.3,3.3,3.25,1.3636,1.5714,1.3333,1.7,2.05,76986,Premier League 25/26
https://www.sofascore.com/leeds-united-crystal-palace/hsJ,2026-03-15,11:00,Crystal Palace,Leeds United,2.7,3.3,2.63,1.4444,1.4444,1.3333,1.75,2.0,76986,Premier League 25/26
https://www.sofascore.com/liverpool-tottenham-hotspur/IsU,2026-03-15,13:30,Liverpool FC,Tottenham Hotspur,1.3,6.0,8.5,1.0833,3.4,1.125,1.6154,2.2,76986,Premier League 25/26
https://www.sofascore.com/brentford-wolverhampton/dsab,2026-03-16,17:00,Brentford,Wolves,1.55,4.2,5.75,1.1429,2.3,1.2222,1.75,2.0,76986,Premier League 25/26
https://www.sofascore.com/bournemouth-manchester-united/Kkb,2026-03-20,17:00,Bournemouth,Manchester Utd,3.1,3.75,2.15,1.6667,1.4,1.2857,1.5,2.5,76986,Premier League 25/26
https://www.sofascore.com/liverpool-brighton-and-hove-albion/FsU,2026-03-21,09:45,Brighton,Liverpool FC,3.1,3.7,2.2,1.6667,1.3636,1.2857,1.5,2.5,76986,Premier League 25/26
https://www.sofascore.com/fulham-burnley/gsT,2026-03-21,12:00,Fulham,Burnley,1.5,4.2,6.25,1.125,2.5,1.2222,1.75,2.0,76986,Premier League 25/26
https://www.sofascore.com/everton-chelsea/BQy,2026-03-21,14:30,Everton,Chelsea,3.2,3.4,2.2,1.6667,1.3636,1.3,1.6667,2.1,76986,Premier League 25/26
https://www.sofascore.com/brentford-leeds-united/Jsab,2026-03-21,17:00,Leeds United,Brentford,2.3,3.5,3.1,1.3636,1.5714,1.2857,1.7,2.05,76986,Premier League 25/26
https://www.sofascore.com/sunderland-newcastle-united/OQ,2026-03-22,09:00,Newcastle United,Sunderland,1.55,4.2,6.0,1.125,2.375,1.2222,1.8,1.95,76986,Premier League 25/26
https://www.sofascore.com/tottenham-hotspur-nottingham-forest/osI,2026-03-22,11:15,Tottenham Hotspur,Nottingham Forest,2.4,3.3,3.0,1.3636,1.5714,1.3,1.75,2.0,76986,Premier League 25/26
https://www.sofascore.com/aston-villa-west-ham-united/MP,2026-03-22,11:15,Aston Villa,West Ham United,1.73,3.9,4.3333,1.2,2.05,1.25,1.7,2.05,76986,Premier League 25/26
https://www.sofascore.com/west-ham-united-wolverhampton/dsM,2026-04-10,16:00,West Ham United,Wolves,1.8,3.6,4.5,1.1818,1.95,1.2857,1.7,2.05,76986,Premier League 25/26
https://www.sofascore.com/bournemouth-arsenal/Rkb,2026-04-11,08:30,Arsenal,Bournemouth,1.44,4.3333,7.0,1.1,2.625,1.2,1.7,2.05,76986,Premier League 25/26
https://www.sofascore.com/brentford-everton/Ysab,2026-04-11,11:00,Brentford,Everton,2.2,3.3,3.4,1.3,1.6667,1.3333,1.7,2.05,76986,Premier League 25/26
https://www.sofascore.com/brighton-and-hove-albion-burnley/gsF,2026-04-11,11:00,Burnley,Brighton,5.0,4.2,1.6,2.3,1.1667,1.2222,1.7,2.05,76986,Premier League 25/26
https://www.sofascore.com/liverpool-fulham/TsU,2026-04-11,13:30,Liverpool FC,Fulham,1.73,4.1,4.2,1.2,2.05,1.2222,1.5,2.5,76986,Premier League 25/26
https://www.sofascore.com/sunderland-tottenham-hotspur/IQ,2026-04-12,10:00,Sunderland,Tottenham Hotspur,2.88,3.2,2.6,1.5,1.4,1.3636,1.6154,2.2,76986,Premier League 25/26
https://www.sofascore.com/aston-villa-nottingham-forest/osP,2026-04-12,10:00,Nottingham Forest,Aston Villa,2.55,3.3,2.8,1.5,1.4444,1.3333,1.7,2.05,76986,Premier League 25/26
https://www.sofascore.com/newcastle-united-crystal-palace/hO,2026-04-12,10:00,Crystal Palace,Newcastle United,3.0,3.3,2.4,1.5333,1.3636,1.3333,1.7,2.05,76986,Premier League 25/26
https://www.sofascore.com/chelsea-manchester-city/rN,2026-04-12,12:30,Chelsea,Manchester City,3.6,3.9,1.91,1.8333,1.2857,1.25,1.5,2.5,76986,Premier League 25/26
https://www.sofascore.com/manchester-united-leeds-united/JsK,2026-04-13,16:00,Manchester Utd,Leeds United,1.62,4.1,5.25,1.1667,2.25,1.2222,1.7,2.05,76986,Premier League 25/26
https://www.sofascore.com/brentford-fulham/Tsab,2026-04-18,08:30,Brentford,Fulham,1.95,3.8,3.6,1.2857,1.8,1.25,1.5714,2.25,76986,Premier League 25/26
https://www.sofascore.com/bournemouth-newcastle-united/Okb,2026-04-18,11:00,Newcastle United,Bournemouth,2.2,3.75,3.0,1.3636,1.6667,1.25,1.4444,2.625,76986,Premier League 25/26
https://www.sofascore.com/leeds-united-wolverhampton/dsJ,2026-04-18,11:00,Leeds United,Wolves,1.53,4.1,6.5,1.1111,2.375,1.2222,1.95,1.8,76986,Premier League 25/26
https://www.sofascore.com/tottenham-hotspur-brighton-and-hove-albion/FsI,2026-04-18,13:30,Tottenham Hotspur,Brighton,3.0,3.8,2.15,1.6667,1.3636,1.25,1.5333,2.375,76986,Premier League 25/26
https://www.sofascore.com/chelsea-manchester-united/mcYb,2026-04-18,16:00,Chelsea,Manchester Utd,2.05,3.75,3.25,1.3333,1.7273,1.25,1.4444,2.625,76986,Premier League 25/26
https://www.sofascore.com/everton-liverpool/UsY,2026-04-19,10:00,Everton,Liverpool FC,3.1,3.4,2.25,1.6154,1.3636,1.3,1.6154,2.2,76986,Premier League 25/26
https://www.sofascore.com/sunderland-aston-villa/nrqc,2026-04-19,10:00,Aston Villa,Sunderland,1.75,3.6,5.0,1.1667,2.0,1.2857,1.8,1.95,76986,Premier League 25/26
https://www.sofascore.com/nottingham-forest-burnley/gso,2026-04-19,10:00,Nottingham Forest,Burnley,1.45,4.5,7.0,1.1,2.625,1.1818,1.9091,1.9091,76986,Premier League 25/26
https://www.sofascore.com/arsenal-manchester-city/rsR,2026-04-19,12:30,Manchester City,Arsenal,1.85,3.7,4.1,1.1818,1.95,1.25,1.8,1.95,76986,Premier League 25/26
https://www.sofascore.com/west-ham-united-crystal-palace/hsM,2026-04-20,16:00,Crystal Palace,West Ham United,2.6,3.2,2.8,1.4,1.5,1.3636,1.6667,2.1,76986,Premier League 25/26
https://www.sofascore.com/chelsea-brighton-and-hove-albion/FsN,2026-04-21,16:00,Brighton,Chelsea,2.3,3.6,2.9,1.3636,1.6154,1.2857,1.7,2.05,76986,Premier League 25/26
https://www.sofascore.com/manchester-city-burnley/gsr,2026-04-22,16:00,Burnley,Manchester City,15.0,8.5,1.14,5.5,1.0303,1.0833,2.0,1.75,76986,Premier League 25/26
https://www.sofascore.com/bournemouth-leeds-united/Jskb,2026-04-22,16:00,Bournemouth,Leeds United,1.9,3.8,3.9,1.25,1.9091,1.25,1.5714,2.25,76986,Premier League 25/26
https://www.sofascore.com/sunderland-nottingham-forest/osQ,2026-04-24,16:00,Sunderland,Nottingham Forest,2.7,3.2,2.7,1.4444,1.4444,1.3636,1.9091,1.9091,76986,Premier League 25/26
https://www.sofascore.com/fulham-aston-villa/PsT,2026-04-25,08:30,Fulham,Aston Villa,2.45,3.6,2.75,1.4,1.5333,1.2857,1.6154,2.2,76986,Premier League 25/26
https://www.sofascore.com/liverpool-crystal-palace/hsU,2026-04-25,11:00,Liverpool FC,Crystal Palace,1.57,4.5,5.0,1.1667,2.3,1.1818,1.6154,2.2,76986,Premier League 25/26
https://www.sofascore.com/tottenham-hotspur-wolverhampton/dsI,2026-04-25,11:00,Wolves,Tottenham Hotspur,4.5,4.3333,1.67,2.15,1.1818,1.2,1.7,2.05,76986,Premier League 25/26
https://www.sofascore.com/everton-west-ham-united/MY,2026-04-25,11:00,West Ham United,Everton,2.45,3.4,2.8,1.4,1.5333,1.3,1.6667,2.1,76986,Premier League 25/26
https://www.sofascore.com/arsenal-newcastle-united/Ardc,2026-04-25,13:30,Arsenal,Newcastle United,1.4,4.75,7.0,1.1,2.75,1.1818,1.95,1.8,76986,Premier League 25/26
https://www.sofascore.com/brentford-manchester-united/Ksab,2026-04-27,16:00,Manchester Utd,Brentford,2.0,3.7,3.6,1.2857,1.8,1.2857,1.5,2.5,76986,Premier League 25/26
https://www.sofascore.com/leeds-united-burnley/gsJ,2026-05-01,16:00,Leeds United,Burnley,1.38,4.75,8.5,1.0833,3.0,1.1818,2.0,1.75,76986,Premier League 25/26
https://www.sofascore.com/newcastle-united-brighton-and-hove-albion/FsO,2026-05-02,11:00,Newcastle United,Brighton,2.7,3.7,2.4,1.5333,1.4444,1.2857,1.5714,2.25,76986,Premier League 25/26
https://www.sofascore.com/brentford-west-ham-united/Msab,2026-05-02,11:00,Brentford,West Ham United,1.85,3.9,3.8,1.25,1.9091,1.25,1.5333,2.375,76986,Premier League 25/26
https://www.sofascore.com/sunderland-wolverhampton/dsQ,2026-05-02,11:00,Wolves,Sunderland,3.8,3.5,1.95,1.8,1.25,1.2857,1.8,1.95,76986,Premier League 25/26
https://www.sofascore.com/fulham-arsenal/RsT,2026-05-02,13:30,Arsenal,Fulham,1.45,4.5,7.0,1.1,2.625,1.1818,2.05,1.7,76986,Premier League 25/26
https://www.sofascore.com/bournemouth-crystal-palace/hkb,2026-05-03,10:00,Bournemouth,Crystal Palace,1.62,4.0,5.25,1.1667,2.25,1.2222,1.7,2.05,76986,Premier League 25/26
https://www.sofascore.com/liverpool-manchester-united/KU,2026-05-03,11:30,Manchester Utd,Liverpool FC,2.2,3.8,2.9,1.4,1.6667,1.25,1.4444,2.625,76986,Premier League 25/26
https://www.sofascore.com/aston-villa-tottenham-hotspur/IP,2026-05-03,15:00,Aston Villa,Tottenham Hotspur,2.2,3.6,3.1,1.3636,1.6667,1.2857,1.6154,2.2,76986,Premier League 25/26
https://www.sofascore.com/chelsea-nottingham-forest/osN,2026-05-04,11:00,Chelsea,Nottingham Forest,1.67,4.0,5.0,1.1667,2.15,1.2222,1.7,2.05,76986,Premier League 25/26
https://www.sofascore.com/everton-manchester-city/rY,2026-05-04,16:00,Everton,Manchester City,5.75,4.75,1.48,2.625,1.1429,1.1818,1.75,2.0,76986,Premier League 25/26
https://www.sofascore.com/liverpool-chelsea/NsU,2026-05-09,08:30,Liverpool FC,Chelsea,1.9,3.75,3.6,1.2857,1.9091,1.25,1.4444,2.625,76986,Premier League 25/26
https://www.sofascore.com/sunderland-manchester-united/KsQ,2026-05-09,11:00,Sunderland,Manchester Utd,4.0,3.6,1.83,1.9091,1.2222,1.2857,1.75,2.0,76986,Premier League 25/26
https://www.sofascore.com/brighton-and-hove-albion-wolverhampton/dsF,2026-05-09,11:00,Brighton,Wolves,1.3,5.0,8.5,1.0833,3.4,1.1667,1.9091,1.9091,76986,Premier League 25/26
https://www.sofascore.com/bournemouth-fulham/Tskb,2026-05-09,11:00,Fulham,Bournemouth,2.5,3.6,2.5,1.5,1.5,1.2857,1.5,2.5,76986,Premier League 25/26
https://www.sofascore.com/brentford-manchester-city/rsab,2026-05-09,13:30,Manchester City,Brentford,1.36,5.0,7.5,1.1,3.0,1.1667,1.6667,2.1,76986,Premier League 25/26
https://www.sofascore.com/newcastle-united-nottingham-forest/osO,2026-05-10,10:00,Nottingham Forest,Newcastle United,2.4,3.4,2.75,,,,,,76986,Premier League 25/26
https://www.sofascore.com/aston-villa-burnley/gsP,2026-05-10,10:00,Burnley,Aston Villa,5.25,3.9,1.62,,,,,,76986,Premier League 25/26
https://www.sofascore.com/everton-crystal-palace/hY,2026-05-10,10:00,Crystal Palace,Everton,2.63,3.3,2.55,,,,,,76986,Premier League 25/26
https://www.sofascore.com/arsenal-west-ham-united/MR,2026-05-10,12:30,West Ham United,Arsenal,5.0,4.0,1.62,,,,,,76986,Premier League 25/26
https://www.sofascore.com/leeds-united-tottenham-hotspur/IsJ,2026-05-11,16:00,Tottenham Hotspur,Leeds United,2.0,3.5,3.5,,,,,,76986,Premier League 25/26
https://www.sofascore.com/fulham-manchester-united/KsT,2024-08-16,16:00,Manchester Utd,Fulham,1.65,4.2,5.0,1.1667,2.2,1.2222,1.6154,2.2,61627,Premier League 24/25
https://www.sofascore.com/liverpool-ipswich-town/HsU,2024-08-17,08:30,Ipswich Town,Liverpool,8.0,5.75,1.33,3.0,1.0833,1.1429,1.6154,2.2,61627,Premier League 24/25
https://www.sofascore.com/arsenal-wolverhampton/dsR,2024-08-17,11:00,Arsenal,Wolves,1.14,8.5,15.0,1.0303,5.5,1.0833,2.2,1.6154,61627,Premier League 24/25
https://www.sofascore.com/southampton-newcastle-united/OV,2024-08-17,11:00,Newcastle United,Southampton,1.38,5.25,7.5,1.1,3.0,1.1667,1.6154,2.2,61627,Premier League 24/25
https://www.sofascore.com/everton-brighton-and-hove-albion/FsY,2024-08-17,11:00,Everton,Brighton,3.0,3.4,2.35,1.5714,1.3636,1.3,1.6667,2.1,61627,Premier League 24/25
https://www.sofascore.com/bournemouth-nottingham-forest/oskb,2024-08-17,11:00,Nottingham Forest,Bournemouth,2.25,3.4,3.2,1.3333,1.6667,1.3,1.6667,2.1,61627,Premier League 24/25
https://www.sofascore.com/aston-villa-west-ham-united/MP,2024-08-17,13:30,West Ham United,Aston Villa,2.38,3.5,2.88,1.4,1.5333,1.2857,1.5714,2.25,61627,Premier League 24/25
https://www.sofascore.com/brentford-crystal-palace/hsab,2024-08-18,10:00,Brentford,Crystal Palace,2.75,3.3,2.6,1.5,1.4,1.3333,1.7,2.05,61627,Premier League 24/25
https://www.sofascore.com/chelsea-manchester-city/rN,2024-08-18,12:30,Chelsea,Manchester City,3.6,3.9,1.95,1.8,1.2857,1.25,1.5333,2.375,61627,Premier League 24/25
https://www.sofascore.com/tottenham-hotspur-leicester-city/MXpf,2024-08-19,16:00,Leicester City,Tottenham Hotspur,4.5,4.2,1.7,2.1,1.1818,1.2222,1.5714,2.25,61627,Premier League 24/25
https://www.sofascore.com/manchester-united-brighton-and-hove-albion/FsK,2024-08-24,08:30,Brighton,Manchester Utd,2.4,3.8,2.75,1.4,1.5333,1.25,1.4444,2.625,61627,Premier League 24/25
https://www.sofascore.com/ipswich-town-manchester-city/rsH,2024-08-24,11:00,Manchester City,Ipswich Town,1.09,13.0,21.0,1.01,8.0,1.05,2.25,1.5714,61627,Premier League 24/25
https://www.sofascore.com/everton-tottenham-hotspur/UwXh,2024-08-24,11:00,Tottenham Hotspur,Everton,1.36,5.5,7.0,1.1,3.0,1.1667,1.6154,2.2,61627,Premier League 24/25
https://www.sofascore.com/west-ham-united-crystal-palace/hsM,2024-08-24,11:00,Crystal Palace,West Ham United,1.95,3.75,3.7,1.25,1.8333,1.25,1.6154,2.2,61627,Premier League 24/25
https://www.sofascore.com/fulham-leicester-city/GsT,2024-08-24,11:00,Fulham,Leicester City,1.9,3.7,3.9,1.2222,1.9091,1.2857,1.75,2.0,61627,Premier League 24/25
https://www.sofascore.com/southampton-nottingham-forest/osV,2024-08-24,11:00,Southampton,Nottingham Forest,2.25,3.6,3.0,1.3636,1.6154,1.2857,1.6667,2.1,61627,Premier League 24/25
https://www.sofascore.com/arsenal-aston-villa/PR,2024-08-24,13:30,Aston Villa,Arsenal,4.5,4.0,1.73,2.05,1.1818,1.2222,1.7,2.05,61627,Premier League 24/25
https://www.sofascore.com/chelsea-wolverhampton/dsN,2024-08-25,10:00,Wolves,Chelsea,3.75,3.8,1.9,1.9091,1.25,1.25,1.5714,2.25,61627,Premier League 24/25
https://www.sofascore.com/bournemouth-newcastle-united/Okb,2024-08-25,10:00,Bournemouth,Newcastle United,2.5,3.75,2.63,1.4444,1.5,1.25,1.5,2.5,61627,Premier League 24/25
https://www.sofascore.com/brentford-liverpool/Usab,2024-08-25,12:30,Liverpool,Brentford,1.2,7.0,13.0,1.04,4.3333,1.1,1.7,2.05,61627,Premier League 24/25
https://www.sofascore.com/arsenal-brighton-and-hove-albion/FsR,2024-08-31,08:30,Arsenal,Brighton,1.36,5.25,7.5,1.1,3.0,1.1667,1.8,1.95,61627,Premier League 24/25
https://www.sofascore.com/aston-villa-leicester-city/GP,2024-08-31,11:00,Leicester City,Aston Villa,3.9,3.7,1.85,1.9091,1.25,1.2857,1.7,2.05,61627,Premier League 24/25
https://www.sofascore.com/bournemouth-everton/Yskb,2024-08-31,11:00,Everton,Bournemouth,2.9,3.4,2.38,1.5333,1.4,1.3,1.6667,2.1,61627,Premier League 24/25
https://www.sofascore.com/nottingham-forest-wolverhampton/dso,2024-08-31,11:00,Nottingham Forest,Wolves,1.95,3.6,3.7,1.2857,1.8,1.2857,1.7,2.05,61627,Premier League 24/25
https://www.sofascore.com/fulham-ipswich-town/HsT,2024-08-31,11:00,Ipswich Town,Fulham,3.0,3.5,2.38,1.5333,1.3636,1.2857,1.6667,2.1,61627,Premier League 24/25
https://www.sofascore.com/brentford-southampton/Vsab,2024-08-31,11:00,Brentford,Southampton,1.75,3.9,4.5,1.1818,2.0,1.25,1.75,2.0,61627,Premier League 24/25
https://www.sofascore.com/west-ham-united-manchester-city/rM,2024-08-31,13:30,West Ham United,Manchester City,7.5,5.0,1.4,2.75,1.1,1.1667,1.75,2.0,61627,Premier League 24/25
https://www.sofascore.com/chelsea-crystal-palace/hN,2024-09-01,09:30,Chelsea,Crystal Palace,1.65,4.3333,4.75,1.1818,2.2,1.2,1.5714,2.25,61627,Premier League 24/25
https://www.sofascore.com/newcastle-united-tottenham-hotspur/IO,2024-09-01,09:30,Newcastle United,Tottenham Hotspur,2.45,3.9,2.55,1.5,1.5333,1.25,1.3636,3.0,61627,Premier League 24/25
https://www.sofascore.com/liverpool-manchester-united/KU,2024-09-01,12:00,Manchester Utd,Liverpool,3.5,4.1,1.91,1.8333,1.2857,1.2222,1.4444,2.625,61627,Premier League 24/25
https://www.sofascore.com/southampton-manchester-united/KV,2024-09-14,08:30,Southampton,Manchester Utd,3.9,4.0,1.8,2.0,1.2222,1.2222,1.5714,2.25,61627,Premier League 24/25
https://www.sofascore.com/brentford-manchester-city/rsab,2024-09-14,11:00,Manchester City,Brentford,1.17,8.0,15.0,1.0303,5.0,1.0833,1.95,1.8,61627,Premier League 24/25
https://www.sofascore.com/liverpool-nottingham-forest/osU,2024-09-14,11:00,Liverpool,Nottingham Forest,1.25,6.25,11.0,1.05,4.0,1.125,1.8,1.95,61627,Premier League 24/25
https://www.sofascore.com/fulham-west-ham-united/MsT,2024-09-14,11:00,Fulham,West Ham United,2.25,3.3,3.2,1.3636,1.6154,1.3333,1.6154,2.2,61627,Premier League 24/25
https://www.sofascore.com/ipswich-town-brighton-and-hove-albion/FsH,2024-09-14,11:00,Brighton,Ipswich Town,1.45,4.75,6.5,1.1111,2.625,1.1818,1.75,2.0,61627,Premier League 24/25
https://www.sofascore.com/leicester-city-crystal-palace/hsG,2024-09-14,11:00,Crystal Palace,Leicester City,1.65,3.9,5.25,1.1667,2.2,1.25,1.8,1.95,61627,Premier League 24/25
https://www.sofascore.com/everton-aston-villa/PY,2024-09-14,13:30,Aston Villa,Everton,1.67,3.75,5.25,1.1667,2.15,1.25,1.75,2.0,61627,Premier League 24/25
https://www.sofascore.com/bournemouth-chelsea/Nskb,2024-09-14,16:00,Bournemouth,Chelsea,3.0,3.6,2.25,1.6154,1.3636,1.2857,1.4,2.75,61627,Premier League 24/25
https://www.sofascore.com/arsenal-tottenham-hotspur/IsR,2024-09-15,10:00,Tottenham Hotspur,Arsenal,2.75,3.4,2.5,1.5,1.4,1.3,1.5,2.5,61627,Premier League 24/25
https://www.sofascore.com/newcastle-united-wolverhampton/dsO,2024-09-15,12:30,Wolves,Newcastle United,3.7,3.5,2.0,1.7273,1.2857,1.2857,1.5333,2.375,61627,Premier League 24/25
https://www.sofascore.com/chelsea-west-ham-united/MsN,2024-09-21,08:30,West Ham United,Chelsea,3.5,3.9,1.95,1.8,1.2857,1.25,1.5,2.5,61627,Premier League 24/25
https://www.sofascore.com/bournemouth-liverpool/Uskb,2024-09-21,11:00,Liverpool,Bournemouth,1.27,6.5,9.0,1.0714,3.75,1.1111,1.6154,2.2,61627,Premier League 24/25
https://www.sofascore.com/brentford-tottenham-hotspur/Isab,2024-09-21,11:00,Tottenham Hotspur,Brentford,1.5,4.75,5.75,1.1429,2.625,1.1667,1.5333,2.375,61627,Premier League 24/25
https://www.sofascore.com/fulham-newcastle-united/OsT,2024-09-21,11:00,Fulham,Newcastle United,2.8,3.4,2.5,1.5,1.4,1.3,1.5333,2.375,61627,Premier League 24/25
https://www.sofascore.com/aston-villa-wolverhampton/dsP,2024-09-21,11:00,Aston Villa,Wolves,1.57,4.2,5.25,1.1667,2.3,1.2222,1.6667,2.1,61627,Premier League 24/25
https://www.sofascore.com/everton-leicester-city/GY,2024-09-21,11:00,Leicester City,Everton,2.05,3.6,3.6,1.2857,1.7,1.2857,1.6667,2.1,61627,Premier League 24/25
https://www.sofascore.com/southampton-ipswich-town/HV,2024-09-21,11:00,Southampton,Ipswich Town,2.4,3.5,3.0,1.3636,1.5333,1.2857,1.6154,2.2,61627,Premier League 24/25
https://www.sofascore.com/manchester-united-crystal-palace/hK,2024-09-21,13:30,Crystal Palace,Manchester Utd,2.88,3.5,2.38,1.5,1.4444,1.2857,1.5333,2.375,61627,Premier League 24/25
https://www.sofascore.com/brighton-and-hove-albion-nottingham-forest/osF,2024-09-22,10:00,Brighton,Nottingham Forest,1.83,3.7,4.2,1.2222,1.9091,1.2857,1.7,2.05,61627,Premier League 24/25
https://www.sofascore.com/arsenal-manchester-city/rsR,2024-09-22,12:30,Manchester City,Arsenal,1.75,3.5,5.0,1.1667,2.0,1.2857,1.95,1.8,61627,Premier League 24/25
https://www.sofascore.com/newcastle-united-manchester-city/rO,2024-09-28,08:30,Newcastle United,Manchester City,4.75,4.1,1.67,2.25,1.1667,1.2222,1.5714,2.25,61627,Premier League 24/25
https://www.sofascore.com/arsenal-leicester-city/GR,2024-09-28,11:00,Arsenal,Leicester City,1.2,7.5,13.0,1.04,4.3333,1.1,2.375,1.5333,61627,Premier League 24/25
https://www.sofascore.com/chelsea-brighton-and-hove-albion/FsN,2024-09-28,11:00,Chelsea,Brighton,1.73,4.2,4.2,1.2222,2.05,1.2222,1.5,2.5,61627,Premier League 24/25
https://www.sofascore.com/brentford-west-ham-united/Msab,2024-09-28,11:00,Brentford,West Ham United,2.2,3.6,3.1,1.3636,1.6667,1.2857,1.5,2.5,61627,Premier League 24/25
https://www.sofascore.com/everton-crystal-palace/hY,2024-09-28,11:00,Everton,Crystal Palace,2.7,3.25,2.63,1.5,1.4444,1.3333,1.6667,2.1,61627,Premier League 24/25
https://www.sofascore.com/fulham-nottingham-forest/osT,2024-09-28,11:00,Nottingham Forest,Fulham,2.45,3.1,3.0,1.3636,1.5333,1.3636,1.9091,1.9091,61627,Premier League 24/25
https://www.sofascore.com/liverpool-wolverhampton/dsU,2024-09-28,13:30,Wolves,Liverpool,8.0,5.75,1.33,3.4,1.0833,1.125,1.6667,2.1,61627,Premier League 24/25
https://www.sofascore.com/aston-villa-ipswich-town/HsP,2024-09-29,10:00,Ipswich Town,Aston Villa,3.6,3.6,2.05,1.7273,1.2857,1.2857,1.6154,2.2,61627,Premier League 24/25
https://www.sofascore.com/manchester-united-tottenham-hotspur/IsK,2024-09-29,12:30,Manchester Utd,Tottenham Hotspur,2.05,3.8,3.25,1.3333,1.8,1.25,1.4,2.75,61627,Premier League 24/25
https://www.sofascore.com/bournemouth-southampton/Vkb,2024-09-30,16:00,Bournemouth,Southampton,1.53,4.2,5.75,1.1429,2.375,1.2222,1.6154,2.2,61627,Premier League 24/25
https://www.sofascore.com/liverpool-crystal-palace/hsU,2024-10-05,08:30,Crystal Palace,Liverpool,5.0,4.0,1.67,2.15,1.1667,1.2222,1.6667,2.1,61627,Premier League 24/25
https://www.sofascore.com/fulham-manchester-city/rsT,2024-10-05,11:00,Manchester City,Fulham,1.25,6.5,10.0,1.0625,3.75,1.1111,1.95,1.8,61627,Premier League 24/25
https://www.sofascore.com/southampton-arsenal/RV,2024-10-05,11:00,Arsenal,Southampton,1.18,7.5,12.0,1.04,4.5,1.1,2.05,1.7,61627,Premier League 24/25
https://www.sofascore.com/west-ham-united-ipswich-town/HsM,2024-10-05,11:00,West Ham United,Ipswich Town,1.9,3.8,3.9,1.25,1.9091,1.25,1.6667,2.1,61627,Premier League 24/25
https://www.sofascore.com/bournemouth-leicester-city/Gskb,2024-10-05,11:00,Leicester City,Bournemouth,3.3,3.8,2.05,1.7273,1.3333,1.25,1.5714,2.25,61627,Premier League 24/25
https://www.sofascore.com/brentford-wolverhampton/dsab,2024-10-05,11:00,Brentford,Wolves,2.0,3.6,3.6,1.2857,1.8,1.2857,1.6154,2.2,61627,Premier League 24/25
https://www.sofascore.com/everton-newcastle-united/OY,2024-10-05,13:30,Everton,Newcastle United,3.7,3.7,1.95,1.8,1.2857,1.2857,1.5714,2.25,61627,Premier League 24/25
https://www.sofascore.com/aston-villa-manchester-united/KP,2024-10-06,10:00,Aston Villa,Manchester Utd,2.2,3.9,3.0,1.3636,1.6667,1.25,1.4,2.75,61627,Premier League 24/25
https://www.sofascore.com/chelsea-nottingham-forest/osN,2024-10-06,10:00,Chelsea,Nottingham Forest,1.5,4.3333,6.25,1.125,2.5,1.2,1.7,2.05,61627,Premier League 24/25
https://www.sofascore.com/tottenham-hotspur-brighton-and-hove-albion/FsI,2024-10-06,12:30,Brighton,Tottenham Hotspur,2.8,3.9,2.2,1.6667,1.4,1.25,1.3636,3.0,61627,Premier League 24/25
https://www.sofascore.com/west-ham-united-tottenham-hotspur/IM,2024-10-19,08:30,Tottenham Hotspur,West Ham United,1.45,5.25,5.75,1.1429,2.625,1.1667,1.4444,2.625,61627,Premier League 24/25
https://www.sofascore.com/brentford-manchester-united/Ksab,2024-10-19,11:00,Manchester Utd,Brentford,1.7,4.1,4.5,1.1818,2.1,1.2222,1.5333,2.375,61627,Premier League 24/25
https://www.sofascore.com/newcastle-united-brighton-and-hove-albion/FsO,2024-10-19,11:00,Newcastle United,Brighton,1.7273,4.0,4.5,1.1818,2.15,1.2222,1.5333,2.375,61627,Premier League 24/25
https://www.sofascore.com/fulham-aston-villa/PsT,2024-10-19,11:00,Fulham,Aston Villa,2.45,3.4,2.8,1.4,1.5333,1.3,1.6154,2.2,61627,Premier League 24/25
https://www.sofascore.com/southampton-leicester-city/GsV,2024-10-19,11:00,Southampton,Leicester City,2.15,3.6,3.25,1.3333,1.6667,1.2857,1.6154,2.2,61627,Premier League 24/25
https://www.sofascore.com/everton-ipswich-town/HsY,2024-10-19,11:15,Ipswich Town,Everton,2.3,3.5,3.0,1.3636,1.5714,1.2857,1.6667,2.1,61627,Premier League 24/25
https://www.sofascore.com/bournemouth-arsenal/Rkb,2024-10-19,13:30,Bournemouth,Arsenal,4.75,3.7,1.75,1.95,1.1818,1.2857,1.75,2.0,61627,Premier League 24/25
https://www.sofascore.com/manchester-city-wolverhampton/dsr,2024-10-20,10:00,Wolves,Manchester City,8.5,5.5,1.33,3.25,1.0833,1.1429,1.75,2.0,61627,Premier League 24/25
https://www.sofascore.com/liverpool-chelsea/NsU,2024-10-20,12:30,Liverpool,Chelsea,1.65,4.3333,4.5,1.1818,2.2,1.2,1.4444,2.625,61627,Premier League 24/25
https://www.sofascore.com/nottingham-forest-crystal-palace/hso,2024-10-21,16:00,Nottingham Forest,Crystal Palace,2.3,3.3,3.1,1.3636,1.5714,1.3333,1.95,1.8,61627,Premier League 24/25
https://www.sofascore.com/leicester-city-nottingham-forest/osG,2024-10-25,16:00,Leicester City,Nottingham Forest,2.88,3.4,2.45,1.5333,1.4,1.3,1.75,2.0,61627,Premier League 24/25
https://www.sofascore.com/southampton-manchester-city/rV,2024-10-26,11:00,Manchester City,Southampton,1.13,9.5,15.0,1.0303,6.0,1.0714,1.95,1.8,61627,Premier League 24/25
https://www.sofascore.com/bournemouth-aston-villa/Pkb,2024-10-26,11:00,Aston Villa,Bournemouth,1.75,3.9,4.3333,1.2,1.95,1.25,1.6154,2.2,61627,Premier League 24/25
https://www.sofascore.com/brighton-and-hove-albion-wolverhampton/dsF,2024-10-26,11:00,Brighton,Wolves,1.57,4.3333,5.5,1.1429,2.3,1.2,1.6667,2.1,61627,Premier League 24/25
https://www.sofascore.com/brentford-ipswich-town/Hsab,2024-10-26,11:00,Brentford,Ipswich Town,1.6667,4.2,4.75,1.1667,2.2,1.2222,1.7,2.05,61627,Premier League 24/25
https://www.sofascore.com/everton-fulham/TsY,2024-10-26,13:30,Everton,Fulham,2.6,3.4,2.63,1.4444,1.4444,1.3333,1.6154,2.2,61627,Premier League 24/25
https://www.sofascore.com/west-ham-united-manchester-united/KM,2024-10-27,11:00,West Ham United,Manchester Utd,3.2,3.7,2.15,1.6667,1.3636,1.2857,1.5714,2.25,61627,Premier League 24/25
https://www.sofascore.com/newcastle-united-chelsea/NO,2024-10-27,11:00,Chelsea,Newcastle United,1.75,4.2,4.0,1.2222,2.0,1.2222,1.5,2.5,61627,Premier League 24/25
https://www.sofascore.com/tottenham-hotspur-crystal-palace/hI,2024-10-27,11:00,Crystal Palace,Tottenham Hotspur,3.7,3.9,1.9,1.8333,1.2857,1.2222,1.5,2.5,61627,Premier League 24/25
https://www.sofascore.com/liverpool-arsenal/HQfh,2024-10-27,13:30,Arsenal,Liverpool,2.2,3.3,3.3,1.3333,1.6667,1.3333,1.6667,2.1,61627,Premier League 24/25
https://www.sofascore.com/arsenal-newcastle-united/Ardc,2024-11-02,09:30,Newcastle United,Arsenal,4.0,3.6,1.95,1.8,1.2222,1.2857,1.75,2.0,61627,Premier League 24/25
https://www.sofascore.com/bournemouth-manchester-city/rkb,2024-11-02,12:00,Bournemouth,Manchester City,5.5,4.3333,1.55,2.375,1.1429,1.2,1.6154,2.2,61627,Premier League 24/25
https://www.sofascore.com/liverpool-brighton-and-hove-albion/FsU,2024-11-02,12:00,Liverpool,Brighton,1.38,5.25,7.0,1.1,3.0,1.1667,1.5714,2.25,61627,Premier League 24/25
https://www.sofascore.com/west-ham-united-nottingham-forest/osM,2024-11-02,12:00,Nottingham Forest,West Ham United,2.0,3.5,3.75,1.25,1.8,1.2857,1.8,1.95,61627,Premier League 24/25
https://www.sofascore.com/ipswich-town-leicester-city/GsH,2024-11-02,12:00,Ipswich Town,Leicester City,2.38,3.6,2.88,1.4,1.5333,1.2857,1.5714,2.25,61627,Premier League 24/25
https://www.sofascore.com/everton-southampton/VY,2024-11-02,12:00,Southampton,Everton,2.7,3.25,2.63,1.4444,1.4444,1.3333,1.7,2.05,61627,Premier League 24/25
https://www.sofascore.com/crystal-palace-wolverhampton/dsh,2024-11-02,14:30,Wolves,Crystal Palace,2.35,3.4,3.0,1.3636,1.5714,1.3,1.75,2.0,61627,Premier League 24/25
https://www.sofascore.com/aston-villa-tottenham-hotspur/IP,2024-11-03,11:00,Tottenham Hotspur,Aston Villa,1.91,4.0,3.7,1.2857,1.8333,1.2222,1.4444,2.625,61627,Premier League 24/25
https://www.sofascore.com/chelsea-manchester-united/mcYb,2024-11-03,13:30,Manchester Utd,Chelsea,2.63,3.5,2.6,1.5,1.4444,1.2857,1.4,2.75,61627,Premier League 24/25
https://www.sofascore.com/brentford-fulham/Tsab,2024-11-04,17:00,Fulham,Brentford,1.95,3.8,3.6,1.2857,1.8,1.25,1.6154,2.2,61627,Premier League 24/25
https://www.sofascore.com/everton-west-ham-united/MY,2024-11-09,12:00,West Ham United,Everton,2.15,3.3,3.5,1.2857,1.6667,1.3333,1.7,2.05,61627,Premier League 24/25
https://www.sofascore.com/fulham-crystal-palace/hsT,2024-11-09,12:00,Crystal Palace,Fulham,3.4,3.3,2.2,1.6667,1.3,1.3333,1.8,1.95,61627,Premier League 24/25
https://www.sofascore.com/southampton-wolverhampton/dsV,2024-11-09,12:00,Wolves,Southampton,1.85,3.8,4.0,1.2222,1.9091,1.25,1.6154,2.2,61627,Premier League 24/25
https://www.sofascore.com/bournemouth-brentford/abskb,2024-11-09,12:00,Brentford,Bournemouth,2.55,3.6,2.6,1.5,1.5,1.2857,1.5,2.5,61627,Premier League 24/25
https://www.sofascore.com/brighton-and-hove-albion-manchester-city/rsF,2024-11-09,14:30,Brighton,Manchester City,4.0,4.0,1.8,1.95,1.2222,1.2222,1.4444,2.625,61627,Premier League 24/25
https://www.sofascore.com/liverpool-aston-villa/PU,2024-11-09,17:00,Liverpool,Aston Villa,1.48,4.75,6.0,1.125,2.625,1.1818,1.7,2.05,61627,Premier League 24/25
https://www.sofascore.com/manchester-united-leicester-city/GK,2024-11-10,11:00,Manchester Utd,Leicester City,1.33,5.75,7.5,1.1,3.25,1.1429,1.75,2.0,61627,Premier League 24/25
https://www.sofascore.com/tottenham-hotspur-ipswich-town/HsI,2024-11-10,11:00,Tottenham Hotspur,Ipswich Town,1.25,7.0,9.5,1.0714,3.75,1.1,1.7,2.05,61627,Premier League 24/25
https://www.sofascore.com/newcastle-united-nottingham-forest/osO,2024-11-10,11:00,Nottingham Forest,Newcastle United,2.7,3.3,2.63,1.4444,1.4444,1.3333,1.7,2.05,61627,Premier League 24/25
https://www.sofascore.com/arsenal-chelsea/NR,2024-11-10,13:30,Chelsea,Arsenal,2.88,3.4,2.45,1.5,1.4,1.3,1.6154,2.2,61627,Premier League 24/25
https://www.sofascore.com/chelsea-leicester-city/GsN,2024-11-23,09:30,Leicester City,Chelsea,7.0,4.75,1.44,2.625,1.1,1.1818,1.7,2.05,61627,Premier League 24/25
https://www.sofascore.com/arsenal-nottingham-forest/osR,2024-11-23,12:00,Arsenal,Nottingham Forest,1.4,4.75,7.5,1.1,2.75,1.1818,2.1,1.6667,61627,Premier League 24/25
https://www.sofascore.com/aston-villa-crystal-palace/hP,2024-11-23,12:00,Aston Villa,Crystal Palace,1.67,3.8,5.25,1.1667,2.15,1.25,1.8,1.95,61627,Premier League 24/25
https://www.sofascore.com/bournemouth-brighton-and-hove-albion/Fskb,2024-11-23,12:00,Bournemouth,Brighton,2.45,3.6,2.75,1.4,1.5333,1.2857,1.5,2.5,61627,Premier League 24/25
https://www.sofascore.com/brentford-everton/Ysab,2024-11-23,12:00,Everton,Brentford,2.3,3.4,3.1,1.3636,1.5714,1.3,1.6667,2.1,61627,Premier League 24/25
https://www.sofascore.com/fulham-wolverhampton/dsT,2024-11-23,12:00,Fulham,Wolves,1.53,4.3333,5.75,1.1429,2.375,1.2,1.6667,2.1,61627,Premier League 24/25
https://www.sofascore.com/tottenham-hotspur-manchester-city/rI,2024-11-23,14:30,Manchester City,Tottenham Hotspur,1.4,5.0,7.0,1.1,2.75,1.1667,1.5,2.5,61627,Premier League 24/25
https://www.sofascore.com/southampton-liverpool/UsV,2024-11-24,11:00,Southampton,Liverpool FC,8.5,5.25,1.33,3.25,1.0833,1.1667,1.6154,2.2,61627,Premier League 24/25
https://www.sofascore.com/manchester-united-ipswich-town/HsK,2024-11-24,13:30,Ipswich Town,Manchester Utd,5.0,4.1,1.65,2.2,1.1667,1.2222,1.6667,2.1,61627,Premier League 24/25
https://www.sofascore.com/newcastle-united-west-ham-united/MO,2024-11-25,17:00,Newcastle United,West Ham United,1.45,4.75,6.25,1.1111,2.625,1.1818,1.6667,2.1,61627,Premier League 24/25
https://www.sofascore.com/southampton-brighton-and-hove-albion/FV,2024-11-29,17:00,Brighton,Southampton,1.38,5.25,7.5,1.1,3.0,1.1667,1.5714,2.25,61627,Premier League 24/25
https://www.sofascore.com/newcastle-united-crystal-palace/hO,2024-11-30,12:00,Crystal Palace,Newcastle United,3.2,3.4,2.2,1.6667,1.3636,1.3,1.7,2.05,61627,Premier League 24/25
https://www.sofascore.com/brentford-leicester-city/Gsab,2024-11-30,12:00,Brentford,Leicester City,1.57,4.3333,5.25,1.1667,2.3,1.2,1.6667,2.1,61627,Premier League 24/25
https://www.sofascore.com/bournemouth-wolverhampton/dskb,2024-11-30,12:00,Wolves,Bournemouth,2.63,3.5,2.6,1.5,1.4444,1.2857,1.5714,2.25,61627,Premier League 24/25
https://www.sofascore.com/ipswich-town-nottingham-forest/osH,2024-11-30,12:00,Nottingham Forest,Ipswich Town,1.7,4.0,4.5,1.1818,2.1,1.2222,1.75,2.0,61627,Premier League 24/25
https://www.sofascore.com/arsenal-west-ham-united/MR,2024-11-30,14:30,West Ham United,Arsenal,7.0,4.5,1.42,2.75,1.1,1.1818,1.8,1.95,61627,Premier League 24/25
https://www.sofascore.com/everton-manchester-united/KsY,2024-12-01,10:30,Manchester Utd,Everton,1.57,4.0,5.75,1.1429,2.3,1.2222,1.8,1.95,61627,Premier League 24/25
https://www.sofascore.com/aston-villa-chelsea/NP,2024-12-01,10:30,Chelsea,Aston Villa,1.67,4.1,4.5,1.1818,2.15,1.2222,1.5714,2.25,61627,Premier League 24/25
https://www.sofascore.com/fulham-tottenham-hotspur/IsT,2024-12-01,10:30,Tottenham Hotspur,Fulham,1.91,4.2,3.4,1.3,1.8333,1.2222,1.4,2.75,61627,Premier League 24/25
https://www.sofascore.com/liverpool-manchester-city/rU,2024-12-01,13:00,Liverpool FC,Manchester City,2.0,3.8,3.5,1.2857,1.8,1.25,1.5,2.5,61627,Premier League 24/25
https://www.sofascore.com/ipswich-town-crystal-palace/hsH,2024-12-03,16:30,Ipswich Town,Crystal Palace,3.2,3.4,2.25,1.5714,1.3636,1.3,1.75,2.0,61627,Premier League 24/25
https://www.sofascore.com/west-ham-united-leicester-city/GsM,2024-12-03,17:15,Leicester City,West Ham United,2.88,3.5,2.38,1.5333,1.4,1.2857,1.5714,2.25,61627,Premier League 24/25
https://www.sofascore.com/manchester-city-nottingham-forest/osr,2024-12-04,16:30,Manchester City,Nottingham Forest,1.3,5.25,9.5,1.0714,3.4,1.1667,1.8,1.95,61627,Premier League 24/25
https://www.sofascore.com/liverpool-newcastle-united/OU,2024-12-04,16:30,Newcastle United,Liverpool FC,3.5,3.75,2.0,1.8,1.2857,1.25,1.5714,2.25,61627,Premier League 24/25
https://www.sofascore.com/southampton-chelsea/NV,2024-12-04,16:30,Southampton,Chelsea,8.5,5.5,1.3,3.4,1.0833,1.1429,1.6154,2.2,61627,Premier League 24/25
https://www.sofascore.com/everton-wolverhampton/dsY,2024-12-04,16:30,Everton,Wolves,2.1,3.3,3.6,1.25,1.7273,1.3333,1.8,1.95,61627,Premier League 24/25
https://www.sofascore.com/arsenal-manchester-united/KR,2024-12-04,17:15,Arsenal,Manchester Utd,1.42,4.5,6.5,1.1111,2.75,1.1818,1.75,2.0,61627,Premier League 24/25
https://www.sofascore.com/brentford-aston-villa/Psab,2024-12-04,17:15,Aston Villa,Brentford,1.67,4.0,5.0,1.1667,2.15,1.2222,1.5714,2.25,61627,Premier League 24/25
https://www.sofascore.com/fulham-brighton-and-hove-albion/FsT,2024-12-05,16:30,Fulham,Brighton,2.55,3.6,2.6,1.5,1.5,1.2857,1.5333,2.375,61627,Premier League 24/25
https://www.sofascore.com/bournemouth-tottenham-hotspur/Iskb,2024-12-05,17:15,Bournemouth,Tottenham Hotspur,2.15,3.8,3.1,1.3636,1.7,1.25,1.4,2.75,61627,Premier League 24/25
https://www.sofascore.com/everton-liverpool/UsY,2024-12-07,09:30,Everton,Liverpool FC,1.0,1.0,1.0,2.5,1.1429,1.2,1.8,1.95,61627,Premier League 24/25
https://www.sofascore.com/manchester-city-crystal-palace/hr,2024-12-07,12:00,Crystal Palace,Manchester City,4.5,3.9,1.73,2.0,1.1818,1.25,1.6154,2.2,61627,Premier League 24/25
https://www.sofascore.com/brentford-newcastle-united/Osab,2024-12-07,12:00,Brentford,Newcastle United,2.9,3.7,2.3,1.5714,1.4,1.2857,1.5333,2.375,61627,Premier League 24/25
https://www.sofascore.com/southampton-aston-villa/PV,2024-12-07,12:00,Aston Villa,Southampton,1.3,5.5,9.0,1.0714,3.4,1.1429,1.75,2.0,61627,Premier League 24/25
https://www.sofascore.com/manchester-united-nottingham-forest/osK,2024-12-07,14:30,Manchester Utd,Nottingham Forest,1.67,3.9,5.0,1.1667,2.1,1.25,1.8,1.95,61627,Premier League 24/25
https://www.sofascore.com/fulham-arsenal/RsT,2024-12-08,11:00,Fulham,Arsenal,4.75,4.3333,1.65,2.2,1.1818,1.2,1.75,2.0,61627,Premier League 24/25
https://www.sofascore.com/leicester-city-brighton-and-hove-albion/FsG,2024-12-08,11:00,Leicester City,Brighton,5.0,4.1,1.65,2.2,1.1667,1.2222,1.6154,2.2,61627,Premier League 24/25
https://www.sofascore.com/bournemouth-ipswich-town/Hskb,2024-12-08,11:00,Ipswich Town,Bournemouth,3.75,3.9,1.85,1.9091,1.25,1.25,1.5714,2.25,61627,Premier League 24/25
https://www.sofascore.com/chelsea-tottenham-hotspur/IN,2024-12-08,13:30,Tottenham Hotspur,Chelsea,2.88,4.0,2.2,1.6667,1.4,1.2222,1.3333,3.25,61627,Premier League 24/25
https://www.sofascore.com/west-ham-united-wolverhampton/dsM,2024-12-09,17:00,West Ham United,Wolves,1.83,3.9,4.1,1.2222,1.9091,1.25,1.6154,2.2,61627,Premier League 24/25
https://www.sofascore.com/liverpool-fulham/TsU,2024-12-14,12:00,Liverpool,Fulham,1.29,6.0,9.0,1.0714,3.5,1.125,1.7,2.05,61627,Premier League 24/25
https://www.sofascore.com/everton-arsenal/RY,2024-12-14,12:00,Arsenal,Everton,1.22,6.5,13.0,1.04,4.0,1.1111,2.1,1.6667,61627,Premier League 24/25
https://www.sofascore.com/newcastle-united-leicester-city/GO,2024-12-14,12:00,Newcastle United,Leicester City,1.29,6.25,9.0,1.0714,3.5,1.125,1.7,2.05,61627,Premier League 24/25
https://www.sofascore.com/ipswich-town-wolverhampton/dsH,2024-12-14,12:00,Wolves,Ipswich Town,1.95,3.7,3.75,1.25,1.8,1.2857,1.7,2.05,61627,Premier League 24/25
https://www.sofascore.com/aston-villa-nottingham-forest/osP,2024-12-14,14:30,Nottingham Forest,Aston Villa,2.7,3.2,2.75,1.4,1.4444,1.3636,1.8,1.95,61627,Premier League 24/25
https://www.sofascore.com/brighton-and-hove-albion-crystal-palace/hsF,2024-12-15,11:00,Brighton,Crystal Palace,1.9,3.6,4.0,1.2222,1.9091,1.2857,1.75,2.0,61627,Premier League 24/25
https://www.sofascore.com/manchester-united-manchester-city/rK,2024-12-15,13:30,Manchester City,Manchester Utd,1.5,4.75,5.75,1.1429,2.5,1.1818,1.5714,2.25,61627,Premier League 24/25
https://www.sofascore.com/brentford-chelsea/Nsab,2024-12-15,16:00,Chelsea,Brentford,1.36,5.75,7.0,1.1,3.0,1.1429,1.5714,2.25,61627,Premier League 24/25
https://www.sofascore.com/southampton-tottenham-hotspur/IV,2024-12-15,16:00,Southampton,Tottenham Hotspur,3.9,4.3333,1.8,1.95,1.25,1.2,1.3333,3.25,61627,Premier League 24/25
https://www.sofascore.com/bournemouth-west-ham-united/Mkb,2024-12-16,17:00,Bournemouth,West Ham United,1.7,4.2,4.5,1.1818,2.1,1.2222,1.5333,2.375,61627,Premier League 24/25
https://www.sofascore.com/aston-villa-manchester-city/rP,2024-12-21,09:30,Aston Villa,Manchester City,3.1,3.6,2.2,1.6667,1.3636,1.2857,1.5,2.5,61627,Premier League 24/25
https://www.sofascore.com/newcastle-united-ipswich-town/HsO,2024-12-21,12:00,Ipswich Town,Newcastle United,4.75,3.9,1.73,2.05,1.1818,1.25,1.5714,2.25,61627,Premier League 24/25
https://www.sofascore.com/west-ham-united-brighton-and-hove-albion/FsM,2024-12-21,12:00,West Ham United,Brighton,2.75,3.6,2.45,1.5333,1.4,1.2857,1.4444,2.625,61627,Premier League 24/25
https://www.sofascore.com/brentford-nottingham-forest/osab,2024-12-21,12:00,Brentford,Nottingham Forest,2.4,3.7,2.75,1.4,1.5333,1.2857,1.5,2.5,61627,Premier League 24/25
https://www.sofascore.com/arsenal-crystal-palace/hsR,2024-12-21,14:30,Crystal Palace,Arsenal,7.0,4.3333,1.48,2.625,1.1,1.2,1.95,1.8,61627,Premier League 24/25
https://www.sofascore.com/bournemouth-manchester-united/Kkb,2024-12-22,11:00,Manchester Utd,Bournemouth,1.85,3.6,4.1,1.2222,1.9091,1.2857,1.6154,2.2,61627,Premier League 24/25
https://www.sofascore.com/everton-chelsea/BQy,2024-12-22,11:00,Everton,Chelsea,4.5,4.1,1.67,2.15,1.1818,1.2222,1.6667,2.1,61627,Premier League 24/25
https://www.sofascore.com/leicester-city-wolverhampton/dsG,2024-12-22,11:00,Leicester City,Wolves,3.0,3.4,2.3,1.5333,1.4,1.3,1.5333,2.375,61627,Premier League 24/25
https://www.sofascore.com/southampton-fulham/TsV,2024-12-22,11:00,Fulham,Southampton,1.67,4.1,5.0,1.1667,2.15,1.2222,1.7,2.05,61627,Premier League 24/25
https://www.sofascore.com/liverpool-tottenham-hotspur/IsU,2024-12-22,13:30,Tottenham Hotspur,Liverpool,4.75,4.5,1.6,2.3,1.1818,1.1818,1.3333,3.25,61627,Premier League 24/25
https://www.sofascore.com/everton-manchester-city/rY,2024-12-26,09:30,Manchester City,Everton,1.33,5.5,8.5,1.0833,3.25,1.1429,1.8,1.95,61627,Premier League 24/25
https://www.sofascore.com/fulham-chelsea/NsT,2024-12-26,12:00,Chelsea,Fulham,1.48,5.0,5.75,1.1429,2.625,1.1667,1.6667,2.1,61627,Premier League 24/25
https://www.sofascore.com/tottenham-hotspur-nottingham-forest/osI,2024-12-26,12:00,Nottingham Forest,Tottenham Hotspur,2.15,3.9,3.0,1.3636,1.7,1.25,1.4,2.75,61627,Premier League 24/25
https://www.sofascore.com/aston-villa-newcastle-united/OP,2024-12-26,12:00,Newcastle United,Aston Villa,1.9,3.8,3.8,1.25,1.9091,1.25,1.5714,2.25,61627,Premier League 24/25
https://www.sofascore.com/southampton-west-ham-united/MV,2024-12-26,12:00,Southampton,West Ham United,3.0,3.5,2.3,1.5714,1.3636,1.2857,1.5714,2.25,61627,Premier League 24/25
https://www.sofascore.com/bournemouth-crystal-palace/hkb,2024-12-26,12:00,Bournemouth,Crystal Palace,2.1,3.6,3.4,1.3333,1.6667,1.2857,1.5714,2.25,61627,Premier League 24/25
https://www.sofascore.com/manchester-united-wolverhampton/dsK,2024-12-26,14:30,Wolves,Manchester Utd,4.3333,3.8,1.8,1.95,1.2,1.25,1.6667,2.1,61627,Premier League 24/25
https://www.sofascore.com/liverpool-leicester-city/GU,2024-12-26,17:00,Liverpool,Leicester City,1.07,12.0,23.0,1.0125,9.0,1.05,1.95,1.8,61627,Premier League 24/25
https://www.sofascore.com/brentford-brighton-and-hove-albion/Fsab,2024-12-27,16:30,Brighton,Brentford,1.6,4.5,4.75,1.1818,2.3,1.1818,1.5,2.5,61627,Premier League 24/25
https://www.sofascore.com/arsenal-ipswich-town/HsR,2024-12-27,17:15,Arsenal,Ipswich Town,1.14,9.0,15.0,1.0303,5.5,1.0714,2.05,1.7,61627,Premier League 24/25
https://www.sofascore.com/leicester-city-manchester-city/rG,2024-12-29,11:30,Leicester City,Manchester City,9.5,6.25,1.27,3.75,1.0714,1.125,1.6667,2.1,61627,Premier League 24/25
https://www.sofascore.com/tottenham-hotspur-wolverhampton/dsI,2024-12-29,12:00,Tottenham Hotspur,Wolves,1.62,4.5,4.75,1.1818,2.25,1.1818,1.4444,2.625,61627,Premier League 24/25
https://www.sofascore.com/everton-nottingham-forest/osY,2024-12-29,12:00,Everton,Nottingham Forest,2.63,3.1,2.88,1.4,1.4444,1.3636,1.95,1.8,61627,Premier League 24/25
https://www.sofascore.com/bournemouth-fulham/Tskb,2024-12-29,12:00,Fulham,Bournemouth,2.25,3.4,3.2,1.3636,1.6154,1.3,1.6667,2.1,61627,Premier League 24/25
https://www.sofascore.com/southampton-crystal-palace/hV,2024-12-29,12:00,Crystal Palace,Southampton,1.5,4.3333,6.25,1.125,2.5,1.2,1.8,1.95,61627,Premier League 24/25
https://www.sofascore.com/liverpool-west-ham-united/MU,2024-12-29,14:15,West Ham United,Liverpool,7.0,5.5,1.36,3.0,1.1,1.1429,1.6154,2.2,61627,Premier League 24/25
https://www.sofascore.com/chelsea-ipswich-town/HsN,2024-12-30,16:45,Ipswich Town,Chelsea,7.0,5.0,1.4,3.0,1.1,1.1667,1.7,2.05,61627,Premier League 24/25
https://www.sofascore.com/aston-villa-brighton-and-hove-albion/FP,2024-12-30,16:45,Aston Villa,Brighton,1.9,3.7,4.0,1.2222,1.9091,1.2857,1.5714,2.25,61627,Premier League 24/25
https://www.sofascore.com/newcastle-united-manchester-united/DYBe,2024-12-30,17:00,Manchester Utd,Newcastle United,2.75,3.5,2.5,1.5,1.4,1.2857,1.5333,2.375,61627,Premier League 24/25
https://www.sofascore.com/brentford-arsenal/Rsab,2025-01-01,14:30,Brentford,Arsenal,5.5,4.3333,1.55,2.375,1.1429,1.2,1.75,2.0,61627,Premier League 24/25
https://www.sofascore.com/newcastle-united-tottenham-hotspur/IO,2025-01-04,09:30,Tottenham Hotspur,Newcastle United,3.8,4.5,1.75,2.0,1.25,1.1818,1.3,3.4,61627,Premier League 24/25
https://www.sofascore.com/west-ham-united-manchester-city/rM,2025-01-04,12:00,Manchester City,West Ham United,1.25,7.0,9.0,1.0714,3.75,1.1,1.6667,2.1,61627,Premier League 24/25
https://www.sofascore.com/chelsea-crystal-palace/hN,2025-01-04,12:00,Crystal Palace,Chelsea,3.6,3.75,1.95,1.8,1.2857,1.25,1.5,2.5,61627,Premier League 24/25
https://www.sofascore.com/aston-villa-leicester-city/GP,2025-01-04,12:00,Aston Villa,Leicester City,1.3,5.5,9.0,1.0714,3.4,1.1429,1.75,2.0,61627,Premier League 24/25
https://www.sofascore.com/bournemouth-everton/Yskb,2025-01-04,12:00,Bournemouth,Everton,1.7,3.9,4.75,1.1818,2.1,1.25,1.75,2.0,61627,Premier League 24/25
https://www.sofascore.com/brentford-southampton/Vsab,2025-01-04,12:00,Southampton,Brentford,3.25,3.6,2.1,1.7,1.3333,1.2857,1.5714,2.25,61627,Premier League 24/25
https://www.sofascore.com/arsenal-brighton-and-hove-albion/FsR,2025-01-04,14:30,Brighton,Arsenal,5.0,3.5,1.75,2.0,1.1667,1.2857,1.9091,1.9091,61627,Premier League 24/25
https://www.sofascore.com/fulham-ipswich-town/HsT,2025-01-05,11:00,Fulham,Ipswich Town,1.55,4.2,5.75,1.1429,2.375,1.2222,1.9091,1.9091,61627,Premier League 24/25
https://www.sofascore.com/liverpool-manchester-united/KU,2025-01-05,13:30,Liverpool,Manchester Utd,1.36,5.5,7.5,1.1,3.0,1.1429,1.8,1.95,61627,Premier League 24/25
https://www.sofascore.com/nottingham-forest-wolverhampton/dso,2025-01-06,17:00,Wolves,Nottingham Forest,3.9,3.5,1.95,1.8,1.25,1.2857,1.75,2.0,61627,Premier League 24/25
https://www.sofascore.com/brentford-manchester-city/rsab,2025-01-14,16:30,Brentford,Manchester City,5.25,4.2,1.6,2.3,1.1667,1.2222,1.5,2.5,61627,Premier League 24/25
https://www.sofascore.com/bournemouth-chelsea/Nskb,2025-01-14,16:30,Chelsea,Bournemouth,1.5,4.75,5.25,1.1667,2.5,1.1818,1.5333,2.375,61627,Premier League 24/25
https://www.sofascore.com/fulham-west-ham-united/MsT,2025-01-14,16:30,West Ham United,Fulham,3.0,3.3,2.35,1.5333,1.4,1.3333,1.7,2.05,61627,Premier League 24/25
https://www.sofascore.com/liverpool-nottingham-forest/osU,2025-01-14,17:00,Nottingham Forest,Liverpool,5.25,4.1,1.62,2.25,1.1667,1.2222,1.6154,2.2,61627,Premier League 24/25
https://www.sofascore.com/newcastle-united-wolverhampton/dsO,2025-01-15,16:30,Newcastle United,Wolves,1.36,5.0,7.5,1.1,3.0,1.1667,1.7,2.05,61627,Premier League 24/25
https://www.sofascore.com/everton-aston-villa/PY,2025-01-15,16:30,Everton,Aston Villa,3.4,3.1,2.25,1.6667,1.3,1.3636,1.95,1.8,61627,Premier League 24/25
https://www.sofascore.com/leicester-city-crystal-palace/hsG,2025-01-15,16:30,Leicester City,Crystal Palace,3.8,3.7,1.91,1.8333,1.25,1.2857,1.7,2.05,61627,Premier League 24/25
https://www.sofascore.com/arsenal-tottenham-hotspur/IsR,2025-01-15,17:00,Arsenal,Tottenham Hotspur,1.36,5.5,7.5,1.1,3.0,1.1429,1.75,2.0,61627,Premier League 24/25
https://www.sofascore.com/ipswich-town-brighton-and-hove-albion/FsH,2025-01-16,16:30,Ipswich Town,Brighton,3.7,3.6,1.95,1.8,1.2857,1.2857,1.6667,2.1,61627,Premier League 24/25
https://www.sofascore.com/southampton-manchester-united/KV,2025-01-16,17:00,Manchester Utd,Southampton,1.27,6.25,10.0,1.0625,3.75,1.125,2.0,1.75,61627,Premier League 24/25
https://www.sofascore.com/bournemouth-newcastle-united/Okb,2025-01-18,09:30,Newcastle United,Bournemouth,1.65,4.2,5.0,1.1667,2.25,1.2,1.5333,2.375,61627,Premier League 24/25
https://www.sofascore.com/brentford-liverpool/Usab,2025-01-18,12:00,Brentford,Liverpool,6.0,5.0,1.45,2.625,1.125,1.1667,1.5,2.5,61627,Premier League 24/25
https://www.sofascore.com/west-ham-united-crystal-palace/hsM,2025-01-18,12:00,West Ham United,Crystal Palace,2.75,3.3,2.6,1.5,1.4,1.3333,1.8,1.95,61627,Premier League 24/25
https://www.sofascore.com/fulham-leicester-city/GsT,2025-01-18,12:00,Leicester City,Fulham,4.5,3.7,1.8,1.95,1.1818,1.2857,1.75,2.0,61627,Premier League 24/25
https://www.sofascore.com/arsenal-aston-villa/PR,2025-01-18,14:30,Arsenal,Aston Villa,1.53,4.1,6.25,1.125,2.375,1.2222,1.8,1.95,61627,Premier League 24/25
https://www.sofascore.com/manchester-united-brighton-and-hove-albion/FsK,2025-01-19,11:00,Manchester Utd,Brighton,2.3,3.4,3.0,1.3636,1.5714,1.3,1.6154,2.2,61627,Premier League 24/25
https://www.sofascore.com/everton-tottenham-hotspur/UwXh,2025-01-19,11:00,Everton,Tottenham Hotspur,2.55,3.4,2.75,1.4,1.5,1.3,1.6667,2.1,61627,Premier League 24/25
https://www.sofascore.com/southampton-nottingham-forest/osV,2025-01-19,11:00,Nottingham Forest,Southampton,1.4,4.75,7.5,1.1,2.75,1.1818,1.95,1.8,61627,Premier League 24/25
https://www.sofascore.com/ipswich-town-manchester-city/rsH,2025-01-19,13:30,Ipswich Town,Manchester City,7.5,5.0,1.38,3.0,1.1,1.1667,1.75,2.0,61627,Premier League 24/25
https://www.sofascore.com/chelsea-wolverhampton/dsN,2025-01-20,17:00,Chelsea,Wolves,1.42,5.0,6.5,1.1,2.75,1.1667,1.5714,2.25,61627,Premier League 24/25
https://www.sofascore.com/liverpool-ipswich-town/HsU,2025-01-25,12:00,Liverpool,Ipswich Town,1.11,11.0,15.0,1.0303,6.5,1.05,2.05,1.7,61627,Premier League 24/25
https://www.sofascore.com/arsenal-wolverhampton/dsR,2025-01-25,12:00,Wolves,Arsenal,5.75,4.0,1.6,2.3,1.1429,1.2222,1.95,1.8,61627,Premier League 24/25
https://www.sofascore.com/southampton-newcastle-united/OV,2025-01-25,12:00,Southampton,Newcastle United,6.25,4.75,1.45,2.625,1.125,1.1818,1.6667,2.1,61627,Premier League 24/25
https://www.sofascore.com/everton-brighton-and-hove-albion/FsY,2025-01-25,12:00,Brighton,Everton,1.7273,3.6,5.25,1.1667,2.1,1.2857,1.95,1.8,61627,Premier League 24/25
https://www.sofascore.com/bournemouth-nottingham-forest/oskb,2025-01-25,12:00,Bournemouth,Nottingham Forest,1.95,3.6,3.8,1.25,1.8,1.2857,1.7,2.05,61627,Premier League 24/25
https://www.sofascore.com/chelsea-manchester-city/rN,2025-01-25,14:30,Manchester City,Chelsea,2.37,3.7,2.7,1.4,1.5714,1.25,1.4,2.75,61627,Premier League 24/25
https://www.sofascore.com/tottenham-hotspur-leicester-city/MXpf,2025-01-26,11:00,Tottenham Hotspur,Leicester City,1.5,4.75,5.5,1.1429,2.5,1.1818,1.4444,2.625,61627,Premier League 24/25
https://www.sofascore.com/brentford-crystal-palace/hsab,2025-01-26,11:00,Crystal Palace,Brentford,1.95,3.7,3.75,1.25,1.8,1.2857,1.5333,2.375,61627,Premier League 24/25
https://www.sofascore.com/aston-villa-west-ham-united/MP,2025-01-26,13:30,Aston Villa,West Ham United,1.45,4.75,6.25,1.125,2.625,1.1818,1.75,2.0,61627,Premier League 24/25
https://www.sofascore.com/fulham-manchester-united/KsT,2025-01-26,16:00,Fulham,Manchester Utd,2.38,3.5,3.0,1.3636,1.5714,1.2857,1.6667,2.1,61627,Premier League 24/25
https://www.sofascore.com/brighton-and-hove-albion-nottingham-forest/osF,2025-02-01,09:30,Nottingham Forest,Brighton,2.63,3.3,2.7,1.4,1.5,1.3,1.6154,2.2,61627,Premier League 24/25
https://www.sofascore.com/bournemouth-liverpool/Uskb,2025-02-01,12:00,Bournemouth,Liverpool,4.3333,4.2,1.7,2.1,1.2,1.2222,1.5,2.5,61627,Premier League 24/25
https://www.sofascore.com/fulham-newcastle-united/OsT,2025-02-01,12:00,Newcastle United,Fulham,1.7,3.9,4.75,1.1818,2.1,1.25,1.6667,2.1,61627,Premier League 24/25
https://www.sofascore.com/everton-leicester-city/GY,2025-02-01,12:00,Everton,Leicester City,1.95,3.3,4.2,1.2222,1.8,1.3333,2.0,1.75,61627,Premier League 24/25
https://www.sofascore.com/southampton-ipswich-town/HV,2025-02-01,12:00,Ipswich Town,Southampton,1.95,3.6,3.8,1.25,1.8333,1.2857,1.6667,2.1,61627,Premier League 24/25
https://www.sofascore.com/aston-villa-wolverhampton/dsP,2025-02-01,14:30,Wolves,Aston Villa,3.0,3.4,2.35,1.5714,1.3636,1.3,1.6154,2.2,61627,Premier League 24/25
https://www.sofascore.com/manchester-united-crystal-palace/hK,2025-02-02,11:00,Manchester Utd,Crystal Palace,1.73,3.7,5.0,1.1667,2.05,1.2857,1.8,1.95,61627,Premier League 24/25
https://www.sofascore.com/brentford-tottenham-hotspur/Isab,2025-02-02,11:00,Brentford,Tottenham Hotspur,1.95,3.9,3.4,1.3,1.8,1.25,1.3333,3.25,61627,Premier League 24/25
https://www.sofascore.com/arsenal-manchester-city/rsR,2025-02-02,13:30,Arsenal,Manchester City,1.85,3.75,4.0,1.2222,1.9091,1.25,1.5714,2.25,61627,Premier League 24/25
https://www.sofascore.com/chelsea-west-ham-united/MsN,2025-02-03,17:00,Chelsea,West Ham United,1.29,5.75,9.5,1.0714,3.75,1.125,1.6667,2.1,61627,Premier League 24/25
https://www.sofascore.com/everton-liverpool/UsY,2025-02-12,16:30,Everton,Liverpool,7.0,4.3333,1.44,2.625,1.1,1.2,1.9091,1.9091,61627,Premier League 24/25
https://www.sofascore.com/chelsea-brighton-and-hove-albion/FsN,2025-02-14,17:00,Brighton,Chelsea,2.88,3.6,2.35,1.5714,1.4,1.2857,1.5,2.5,61627,Premier League 24/25
https://www.sofascore.com/arsenal-leicester-city/GR,2025-02-15,09:30,Leicester City,Arsenal,9.5,5.25,1.33,3.4,1.0833,1.1429,2.1,1.6667,61627,Premier League 24/25
https://www.sofascore.com/newcastle-united-manchester-city/rO,2025-02-15,12:00,Manchester City,Newcastle United,2.0,3.9,3.3,1.3333,1.8,1.25,1.4,2.75,61627,Premier League 24/25
https://www.sofascore.com/aston-villa-ipswich-town/HsP,2025-02-15,12:00,Aston Villa,Ipswich Town,1.42,4.75,7.0,1.1,2.75,1.1818,1.7,2.05,61627,Premier League 24/25
https://www.sofascore.com/brentford-west-ham-united/Msab,2025-02-15,12:00,West Ham United,Brentford,2.35,3.6,2.88,1.4,1.5714,1.2857,1.5,2.5,61627,Premier League 24/25
https://www.sofascore.com/fulham-nottingham-forest/osT,2025-02-15,12:00,Fulham,Nottingham Forest,2.1,3.3,3.6,1.2857,1.7,1.3333,1.75,2.0,61627,Premier League 24/25
https://www.sofascore.com/bournemouth-southampton/Vkb,2025-02-15,12:00,Southampton,Bournemouth,6.0,4.5,1.48,2.625,1.125,1.1818,1.5714,2.25,61627,Premier League 24/25
https://www.sofascore.com/everton-crystal-palace/hY,2025-02-15,14:30,Crystal Palace,Everton,1.91,3.2,4.5,1.1818,1.8333,1.3636,2.1,1.6667,61627,Premier League 24/25
https://www.sofascore.com/liverpool-wolverhampton/dsU,2025-02-16,11:00,Liverpool,Wolves,1.22,7.0,11.0,1.05,4.0,1.1,1.9091,1.9091,61627,Premier League 24/25
https://www.sofascore.com/manchester-united-tottenham-hotspur/IsK,2025-02-16,13:30,Tottenham Hotspur,Manchester Utd,2.15,3.8,3.1,1.3636,1.6667,1.25,1.4444,2.625,61627,Premier League 24/25
https://www.sofascore.com/liverpool-aston-villa/PU,2025-02-19,16:30,Aston Villa,Liverpool,3.7,4.0,1.9,1.9091,1.2857,1.2222,1.5333,2.375,61627,Premier League 24/25
https://www.sofascore.com/brentford-leicester-city/Gsab,2025-02-21,17:00,Leicester City,Brentford,3.5,3.8,1.95,1.8,1.2857,1.25,1.5333,2.375,61627,Premier League 24/25
https://www.sofascore.com/everton-manchester-united/KsY,2025-02-22,09:30,Everton,Manchester Utd,2.63,3.0,2.88,1.4,1.4444,1.3636,1.95,1.8,61627,Premier League 24/25
https://www.sofascore.com/arsenal-west-ham-united/MR,2025-02-22,12:00,Arsenal,West Ham United,1.29,5.5,9.5,1.0714,3.5,1.1429,2.25,1.5714,61627,Premier League 24/25
https://www.sofascore.com/tottenham-hotspur-ipswich-town/HsI,2025-02-22,12:00,Ipswich Town,Tottenham Hotspur,3.1,3.75,2.1,1.7,1.3636,1.25,1.4444,2.625,61627,Premier League 24/25
https://www.sofascore.com/southampton-brighton-and-hove-albion/FV,2025-02-22,12:00,Southampton,Brighton,5.5,4.3333,1.53,2.375,1.1429,1.2,1.6154,2.2,61627,Premier League 24/25
https://www.sofascore.com/fulham-crystal-palace/hsT,2025-02-22,12:00,Fulham,Crystal Palace,2.05,3.4,3.75,1.25,1.7273,1.3,1.75,2.0,61627,Premier League 24/25
https://www.sofascore.com/bournemouth-wolverhampton/dskb,2025-02-22,12:00,Bournemouth,Wolves,1.6,4.2,5.25,1.1667,2.25,1.2222,1.7,2.05,61627,Premier League 24/25
https://www.sofascore.com/aston-villa-chelsea/NP,2025-02-22,14:30,Aston Villa,Chelsea,2.6,3.3,2.63,1.4444,1.4444,1.3333,1.5,2.5,61627,Premier League 24/25
https://www.sofascore.com/newcastle-united-nottingham-forest/osO,2025-02-23,11:00,Newcastle United,Nottingham Forest,1.9,3.8,3.75,1.25,1.9091,1.25,1.5333,2.375,61627,Premier League 24/25
https://www.sofascore.com/liverpool-manchester-city/rU,2025-02-23,13:30,Manchester City,Liverpool FC,3.0,3.8,2.2,1.6667,1.3636,1.25,1.4444,2.625,61627,Premier League 24/25
https://www.sofascore.com/aston-villa-crystal-palace/hP,2025-02-25,16:30,Crystal Palace,Aston Villa,2.2,3.5,3.1,1.3636,1.6154,1.2857,1.6667,2.1,61627,Premier League 24/25
https://www.sofascore.com/bournemouth-brighton-and-hove-albion/Fskb,2025-02-25,16:30,Brighton,Bournemouth,1.95,3.8,3.6,1.2857,1.8,1.25,1.5333,2.375,61627,Premier League 24/25
https://www.sofascore.com/fulham-wolverhampton/dsT,2025-02-25,16:30,Wolves,Fulham,2.35,3.3,2.9,1.4,1.5714,1.3333,1.8,1.95,61627,Premier League 24/25
https://www.sofascore.com/southampton-chelsea/NV,2025-02-25,17:15,Chelsea,Southampton,1.17,8.5,15.0,1.0303,5.5,1.0833,1.9091,1.9091,61627,Premier League 24/25
https://www.sofascore.com/tottenham-hotspur-manchester-city/rI,2025-02-26,16:30,Tottenham Hotspur,Manchester City,3.8,4.2,1.8,2.0,1.25,1.2222,1.3636,3.0,61627,Premier League 24/25
https://www.sofascore.com/manchester-united-ipswich-town/HsK,2025-02-26,16:30,Manchester Utd,Ipswich Town,1.5,4.3333,6.25,1.1429,2.375,1.2,1.6667,2.1,61627,Premier League 24/25
https://www.sofascore.com/arsenal-nottingham-forest/osR,2025-02-26,16:30,Nottingham Forest,Arsenal,4.1,3.4,1.95,1.8333,1.2222,1.2857,1.9091,1.9091,61627,Premier League 24/25
https://www.sofascore.com/brentford-everton/Ysab,2025-02-26,16:30,Brentford,Everton,2.0,3.5,3.4,1.3333,1.7273,1.2857,1.6667,2.1,61627,Premier League 24/25
https://www.sofascore.com/liverpool-newcastle-united/OU,2025-02-26,17:15,Liverpool FC,Newcastle United,1.36,5.25,8.0,1.0833,3.0,1.1667,1.7,2.05,61627,Premier League 24/25
https://www.sofascore.com/west-ham-united-leicester-city/GsM,2025-02-27,17:00,West Ham United,Leicester City,1.73,3.75,4.75,1.1818,2.0,1.2857,1.8,1.95,61627,Premier League 24/25
https://www.sofascore.com/manchester-city-nottingham-forest/osr,2025-03-08,09:30,Nottingham Forest,Manchester City,3.8,3.8,1.91,1.8,1.25,1.25,1.5333,2.375,61627,Premier League 24/25
https://www.sofascore.com/southampton-liverpool/UsV,2025-03-08,12:00,Liverpool FC,Southampton,1.11,10.0,19.0,1.02,6.5,1.0625,1.95,1.8,61627,Premier League 24/25
https://www.sofascore.com/fulham-brighton-and-hove-albion/FsT,2025-03-08,12:00,Brighton,Fulham,2.0,3.5,3.75,1.25,1.8,1.2857,1.6667,2.1,61627,Premier League 24/25
https://www.sofascore.com/ipswich-town-crystal-palace/hsH,2025-03-08,12:00,Crystal Palace,Ipswich Town,1.55,4.2,5.75,1.125,2.375,1.2222,1.95,1.8,61627,Premier League 24/25
https://www.sofascore.com/brentford-aston-villa/Psab,2025-03-08,14:30,Brentford,Aston Villa,2.15,3.8,3.1,1.3636,1.7,1.25,1.4,2.75,61627,Premier League 24/25
https://www.sofascore.com/everton-wolverhampton/dsY,2025-03-08,17:00,Wolves,Everton,2.8,2.9,2.8,1.4,1.4,1.4,2.05,1.7,61627,Premier League 24/25
https://www.sofascore.com/chelsea-leicester-city/GsN,2025-03-09,11:00,Chelsea,Leicester City,1.22,7.0,11.0,1.05,4.0,1.1,1.95,1.8,61627,Premier League 24/25
https://www.sofascore.com/bournemouth-tottenham-hotspur/Iskb,2025-03-09,11:00,Tottenham Hotspur,Bournemouth,2.75,3.75,2.4,1.5714,1.4,1.25,1.4,2.75,61627,Premier League 24/25
https://www.sofascore.com/arsenal-manchester-united/KR,2025-03-09,13:30,Manchester Utd,Arsenal,5.0,3.6,1.75,2.0,1.1667,1.2857,1.95,1.8,61627,Premier League 24/25
https://www.sofascore.com/newcastle-united-west-ham-united/MO,2025-03-10,17:00,West Ham United,Newcastle United,3.3,3.4,2.2,1.6667,1.3333,1.3,1.6667,2.1,61627,Premier League 24/25
https://www.sofascore.com/brighton-and-hove-albion-manchester-city/rsF,2025-03-15,12:00,Manchester City,Brighton,1.8,4.1,3.9,1.25,1.95,1.2222,1.5,2.5,61627,Premier League 24/25
https://www.sofascore.com/everton-west-ham-united/MY,2025-03-15,12:00,Everton,West Ham United,2.1,3.1,3.8,1.25,1.6667,1.3636,2.0,1.75,61627,Premier League 24/25
https://www.sofascore.com/ipswich-town-nottingham-forest/osH,2025-03-15,12:00,Ipswich Town,Nottingham Forest,3.9,3.5,1.95,1.8,1.25,1.2857,1.75,2.0,61627,Premier League 24/25
https://www.sofascore.com/southampton-wolverhampton/dsV,2025-03-15,12:00,Southampton,Wolves,4.0,3.4,1.95,1.8,1.25,1.3333,1.8,1.95,61627,Premier League 24/25
https://www.sofascore.com/bournemouth-brentford/abskb,2025-03-15,14:30,Bournemouth,Brentford,1.73,4.2,4.1,1.2222,2.05,1.2222,1.5,2.5,61627,Premier League 24/25
https://www.sofascore.com/arsenal-chelsea/NR,2025-03-16,10:30,Arsenal,Chelsea,1.7,3.6,5.25,1.1429,2.15,1.2857,2.0,1.75,61627,Premier League 24/25
https://www.sofascore.com/fulham-tottenham-hotspur/IsT,2025-03-16,10:30,Fulham,Tottenham Hotspur,1.8,3.9,4.1,1.2222,1.95,1.2857,1.6154,2.2,61627,Premier League 24/25
https://www.sofascore.com/manchester-united-leicester-city/GK,2025-03-16,16:00,Leicester City,Manchester Utd,4.2,3.6,1.85,1.9091,1.2222,1.2857,1.8,1.95,61627,Premier League 24/25
https://www.sofascore.com/fulham-arsenal/RsT,2025-04-01,15:45,Arsenal,Fulham,1.5,4.1,7.0,1.1,2.5,1.2222,2.1,1.6667,61627,Premier League 24/25
https://www.sofascore.com/west-ham-united-wolverhampton/dsM,2025-04-01,15:45,Wolves,West Ham United,2.3,3.2,3.25,1.3333,1.6154,1.3333,1.95,1.8,61627,Premier League 24/25
https://www.sofascore.com/manchester-united-nottingham-forest/osK,2025-04-01,16:00,Nottingham Forest,Manchester Utd,2.25,3.3,3.2,1.3636,1.5714,1.3333,1.75,2.0,61627,Premier League 24/25
https://www.sofascore.com/leicester-city-manchester-city/rG,2025-04-02,15:45,Manchester City,Leicester City,1.2,7.5,12.0,1.0625,4.0,1.1,1.9091,1.9091,61627,Premier League 24/25
https://www.sofascore.com/aston-villa-brighton-and-hove-albion/FP,2025-04-02,15:45,Brighton,Aston Villa,2.3,3.4,3.0,1.3636,1.6154,1.2857,1.6154,2.2,61627,Premier League 24/25
https://www.sofascore.com/brentford-newcastle-united/Osab,2025-04-02,15:45,Newcastle United,Brentford,1.67,4.2,4.5,1.1818,2.15,1.2,1.5,2.5,61627,Premier League 24/25
https://www.sofascore.com/southampton-crystal-palace/hV,2025-04-02,15:45,Southampton,Crystal Palace,5.5,4.1,1.6,2.3,1.1429,1.2222,1.8,1.95,61627,Premier League 24/25
https://www.sofascore.com/bournemouth-ipswich-town/Hskb,2025-04-02,15:45,Bournemouth,Ipswich Town,1.4,5.0,7.5,1.1,2.75,1.1667,1.9091,1.9091,61627,Premier League 24/25
https://www.sofascore.com/everton-liverpool/UsY,2025-04-02,16:00,Liverpool,Everton,1.48,4.5,6.5,1.1111,2.625,1.2,1.95,1.8,61627,Premier League 24/25
https://www.sofascore.com/chelsea-tottenham-hotspur/IN,2025-04-03,16:00,Chelsea,Tottenham Hotspur,1.62,4.3333,4.5,1.1818,2.2,1.2,1.5,2.5,61627,Premier League 24/25
https://www.sofascore.com/everton-arsenal/RY,2025-04-05,08:30,Everton,Arsenal,4.0,3.2,2.05,1.8,1.2222,1.3636,2.1,1.6667,61627,Premier League 24/25
https://www.sofascore.com/bournemouth-west-ham-united/Mkb,2025-04-05,11:00,West Ham United,Bournemouth,3.0,3.5,2.3,1.5333,1.4,1.2857,1.6667,2.1,61627,Premier League 24/25
https://www.sofascore.com/brighton-and-hove-albion-crystal-palace/hsF,2025-04-05,11:00,Crystal Palace,Brighton,2.5,3.5,2.7,1.4444,1.5,1.2857,1.6667,2.1,61627,Premier League 24/25
https://www.sofascore.com/ipswich-town-wolverhampton/dsH,2025-04-05,11:00,Ipswich Town,Wolves,2.75,3.2,2.63,1.4444,1.4,1.3636,1.9091,1.9091,61627,Premier League 24/25
https://www.sofascore.com/aston-villa-nottingham-forest/osP,2025-04-05,13:30,Aston Villa,Nottingham Forest,2.1,3.3,3.4,1.3,1.7,1.3333,1.75,2.0,61627,Premier League 24/25
https://www.sofascore.com/liverpool-fulham/TsU,2025-04-06,10:00,Fulham,Liverpool,4.3333,3.4,1.9,1.9091,1.2,1.3,1.7,2.05,61627,Premier League 24/25
https://www.sofascore.com/brentford-chelsea/Nsab,2025-04-06,10:00,Brentford,Chelsea,2.9,3.5,2.35,1.5714,1.4,1.2857,1.5,2.5,61627,Premier League 24/25
https://www.sofascore.com/southampton-tottenham-hotspur/IV,2025-04-06,10:00,Tottenham Hotspur,Southampton,1.38,5.25,7.0,1.1,3.0,1.1667,1.6667,2.1,61627,Premier League 24/25
https://www.sofascore.com/manchester-united-manchester-city/rK,2025-04-06,12:30,Manchester Utd,Manchester City,3.3,3.6,2.1,1.7273,1.3,1.2857,1.5714,2.25,61627,Premier League 24/25
https://www.sofascore.com/newcastle-united-leicester-city/GO,2025-04-07,16:00,Leicester City,Newcastle United,6.25,4.5,1.48,2.625,1.1,1.1818,1.9091,1.9091,61627,Premier League 24/25
https://www.sofascore.com/manchester-city-crystal-palace/hr,2025-04-12,08:30,Manchester City,Crystal Palace,1.62,4.2,5.0,1.1667,2.25,1.2222,1.6667,2.1,61627,Premier League 24/25
https://www.sofascore.com/southampton-aston-villa/PV,2025-04-12,11:00,Southampton,Aston Villa,6.0,4.3333,1.53,2.375,1.125,1.2,1.6667,2.1,61627,Premier League 24/25
https://www.sofascore.com/leicester-city-brighton-and-hove-albion/FsG,2025-04-12,11:00,Brighton,Leicester City,1.3,5.75,8.5,1.0714,3.5,1.125,1.95,1.8,61627,Premier League 24/25
https://www.sofascore.com/everton-nottingham-forest/osY,2025-04-12,11:00,Nottingham Forest,Everton,1.95,3.3,4.0,1.2222,1.8,1.3333,1.95,1.8,61627,Premier League 24/25
https://www.sofascore.com/brentford-arsenal/Rsab,2025-04-12,13:30,Arsenal,Brentford,1.62,4.2,5.0,1.1667,2.25,1.2222,1.75,2.0,61627,Premier League 24/25
https://www.sofascore.com/liverpool-west-ham-united/MU,2025-04-13,10:00,Liverpool,West Ham United,1.29,5.5,10.0,1.05,3.5,1.1429,1.95,1.8,61627,Premier League 24/25
https://www.sofascore.com/chelsea-ipswich-town/HsN,2025-04-13,10:00,Chelsea,Ipswich Town,1.2,7.5,12.0,1.05,4.3333,1.1,2.05,1.7,61627,Premier League 24/25
https://www.sofascore.com/tottenham-hotspur-wolverhampton/dsI,2025-04-13,10:00,Wolves,Tottenham Hotspur,2.3,3.5,3.0,1.3636,1.5714,1.2857,1.6667,2.1,61627,Premier League 24/25
https://www.sofascore.com/newcastle-united-manchester-united/DYBe,2025-04-13,12:30,Newcastle United,Manchester Utd,1.6,4.5,5.0,1.1667,2.3,1.2,1.6667,2.1,61627,Premier League 24/25
https://www.sofascore.com/bournemouth-fulham/Tskb,2025-04-14,16:00,Bournemouth,Fulham,2.2,3.3,3.3,1.3333,1.6667,1.3333,1.6154,2.2,61627,Premier League 24/25
https://www.sofascore.com/newcastle-united-crystal-palace/hO,2025-04-16,15:30,Newcastle United,Crystal Palace,1.65,3.9,5.0,1.1667,2.2,1.25,1.6667,2.1,61627,Premier League 24/25
https://www.sofascore.com/everton-manchester-city/rY,2025-04-19,11:00,Everton,Manchester City,4.0,3.6,1.9,1.9091,1.2222,1.2857,1.7,2.05,61627,Premier League 24/25
https://www.sofascore.com/brentford-brighton-and-hove-albion/Fsab,2025-04-19,11:00,Brentford,Brighton,2.55,3.5,2.6,1.5,1.5,1.2857,1.5,2.5,61627,Premier League 24/25
https://www.sofascore.com/southampton-west-ham-united/MV,2025-04-19,11:00,West Ham United,Southampton,1.57,4.3333,5.25,1.1667,2.3,1.2,1.6667,2.1,61627,Premier League 24/25
https://www.sofascore.com/bournemouth-crystal-palace/hkb,2025-04-19,11:00,Crystal Palace,Bournemouth,2.55,3.6,2.6,1.4444,1.5,1.2857,1.6154,2.2,61627,Premier League 24/25
https://www.sofascore.com/aston-villa-newcastle-united/OP,2025-04-19,13:30,Aston Villa,Newcastle United,2.5,3.7,2.63,1.4,1.5333,1.2857,1.5333,2.375,61627,Premier League 24/25
https://www.sofascore.com/manchester-united-wolverhampton/dsK,2025-04-20,10:00,Manchester Utd,Wolves,2.6,3.5,2.63,1.4444,1.5,1.2857,1.7,2.05,61627,Premier League 24/25
https://www.sofascore.com/arsenal-ipswich-town/HsR,2025-04-20,10:00,Ipswich Town,Arsenal,9.5,5.0,1.36,3.0,1.0714,1.1667,1.95,1.8,61627,Premier League 24/25
https://www.sofascore.com/fulham-chelsea/NsT,2025-04-20,10:00,Fulham,Chelsea,3.0,3.6,2.3,1.5714,1.3636,1.2857,1.6154,2.2,61627,Premier League 24/25
https://www.sofascore.com/liverpool-leicester-city/GU,2025-04-20,12:30,Leicester City,Liverpool,10.0,6.5,1.22,4.0,1.0625,1.1111,1.8,1.95,61627,Premier League 24/25
https://www.sofascore.com/tottenham-hotspur-nottingham-forest/osI,2025-04-21,16:00,Tottenham Hotspur,Nottingham Forest,2.35,3.5,2.88,1.4,1.5714,1.2857,1.5714,2.25,61627,Premier League 24/25
https://www.sofascore.com/aston-villa-manchester-city/rP,2025-04-22,16:00,Manchester City,Aston Villa,1.91,3.9,3.6,1.2857,1.8333,1.25,1.5333,2.375,61627,Premier League 24/25
https://www.sofascore.com/arsenal-crystal-palace/hsR,2025-04-23,16:00,Arsenal,Crystal Palace,1.4,4.5,8.5,1.0833,2.75,1.1818,1.95,1.8,61627,Premier League 24/25
https://www.sofascore.com/everton-chelsea/BQy,2025-04-26,08:30,Chelsea,Everton,1.4,4.75,7.5,1.1,2.625,1.1818,1.9091,1.9091,61627,Premier League 24/25
https://www.sofascore.com/newcastle-united-ipswich-town/HsO,2025-04-26,11:00,Newcastle United,Ipswich Town,1.17,8.0,15.0,1.0303,5.0,1.1,1.95,1.8,61627,Premier League 24/25
https://www.sofascore.com/west-ham-united-brighton-and-hove-albion/FsM,2025-04-26,11:00,Brighton,West Ham United,1.75,4.0,4.2,1.2222,2.0,1.2222,1.6667,2.1,61627,Premier League 24/25
https://www.sofascore.com/leicester-city-wolverhampton/dsG,2025-04-26,11:00,Wolves,Leicester City,1.53,4.2,6.0,1.125,2.375,1.2222,1.8,1.95,61627,Premier League 24/25
https://www.sofascore.com/southampton-fulham/TsV,2025-04-26,11:00,Southampton,Fulham,5.25,4.0,1.62,2.25,1.1667,1.2222,1.75,2.0,61627,Premier League 24/25
https://www.sofascore.com/bournemouth-manchester-united/Kkb,2025-04-27,10:00,Bournemouth,Manchester Utd,1.9,3.9,3.7,1.2857,1.9091,1.25,1.6154,2.2,61627,Premier League 24/25
https://www.sofascore.com/liverpool-tottenham-hotspur/IsU,2025-04-27,12:30,Liverpool,Tottenham Hotspur,1.2,6.5,13.0,1.05,3.75,1.125,1.6667,2.1,61627,Premier League 24/25
https://www.sofascore.com/brentford-nottingham-forest/osab,2025-05-01,15:30,Nottingham Forest,Brentford,2.3,3.5,3.0,1.3636,1.6154,1.2857,1.5714,2.25,61627,Premier League 24/25
https://www.sofascore.com/manchester-city-wolverhampton/dsr,2025-05-02,16:00,Manchester City,Wolves,1.33,5.25,8.5,1.0714,3.25,1.1667,1.9091,1.9091,61627,Premier League 24/25
https://www.sofascore.com/fulham-aston-villa/PsT,2025-05-03,08:30,Aston Villa,Fulham,1.85,3.75,4.0,1.2222,1.9091,1.25,1.6154,2.2,61627,Premier League 24/25
https://www.sofascore.com/southampton-leicester-city/GsV,2025-05-03,11:00,Leicester City,Southampton,2.38,3.5,2.8,1.4,1.5333,1.2857,1.6154,2.2,61627,Premier League 24/25
https://www.sofascore.com/everton-ipswich-town/HsY,2025-05-03,11:00,Everton,Ipswich Town,1.57,4.3333,5.5,1.1429,2.3,1.2,1.9091,1.9091,61627,Premier League 24/25
https://www.sofascore.com/bournemouth-arsenal/Rkb,2025-05-03,13:30,Arsenal,Bournemouth,1.65,4.1,5.0,1.1818,2.1,1.25,1.7,2.05,61627,Premier League 24/25
https://www.sofascore.com/brentford-manchester-united/Ksab,2025-05-04,10:00,Brentford,Manchester Utd,1.65,4.3333,4.75,1.1818,2.15,1.2,1.5714,2.25,61627,Premier League 24/25
https://www.sofascore.com/west-ham-united-tottenham-hotspur/IM,2025-05-04,10:00,West Ham United,Tottenham Hotspur,1.83,3.9,4.0,1.2222,1.9091,1.25,1.5333,2.375,61627,Premier League 24/25
https://www.sofascore.com/newcastle-united-brighton-and-hove-albion/FsO,2025-05-04,10:00,Brighton,Newcastle United,3.0,3.7,2.2,1.6667,1.3636,1.2857,1.5,2.5,61627,Premier League 24/25
https://www.sofascore.com/liverpool-chelsea/NsU,2025-05-04,12:30,Chelsea,Liverpool,2.3,3.6,2.8,1.4,1.5714,1.2857,1.4444,2.625,61627,Premier League 24/25
https://www.sofascore.com/nottingham-forest-crystal-palace/hso,2025-05-05,16:00,Crystal Palace,Nottingham Forest,2.2,3.4,3.25,1.3333,1.6667,1.3,1.75,2.0,61627,Premier League 24/25
https://www.sofascore.com/southampton-manchester-city/rV,2025-05-10,11:00,Southampton,Manchester City,13.0,7.0,1.2,4.3333,1.04,1.1,1.95,1.8,61627,Premier League 24/25
https://www.sofascore.com/brighton-and-hove-albion-wolverhampton/dsF,2025-05-10,11:00,Wolves,Brighton,3.0,3.4,2.35,1.5714,1.3636,1.3,1.75,2.0,61627,Premier League 24/25
https://www.sofascore.com/everton-fulham/TsY,2025-05-10,11:00,Fulham,Everton,1.75,3.6,5.0,1.1667,2.0,1.2857,1.9091,1.9091,61627,Premier League 24/25
https://www.sofascore.com/brentford-ipswich-town/Hsab,2025-05-10,11:00,Ipswich Town,Brentford,5.5,4.5,1.53,2.375,1.1429,1.1818,1.5333,2.375,61627,Premier League 24/25
https://www.sofascore.com/bournemouth-aston-villa/Pkb,2025-05-10,13:30,Bournemouth,Aston Villa,2.55,3.5,2.63,1.5,1.5,1.2857,1.5333,2.375,61627,Premier League 24/25
https://www.sofascore.com/newcastle-united-chelsea/NO,2025-05-11,08:00,Newcastle United,Chelsea,2.15,3.5,2.8,1.3636,1.6667,1.25,1.5,2.5,61627,Premier League 24/25
https://www.sofascore.com/west-ham-united-manchester-united/KM,2025-05-11,10:15,Manchester Utd,West Ham United,2.0,3.7,3.6,1.2857,1.8,1.2857,1.6667,2.1,61627,Premier League 24/25
https://www.sofascore.com/tottenham-hotspur-crystal-palace/hI,2025-05-11,10:15,Tottenham Hotspur,Crystal Palace,3.0,3.7,2.25,1.6154,1.3636,1.2857,1.5714,2.25,61627,Premier League 24/25
https://www.sofascore.com/leicester-city-nottingham-forest/osG,2025-05-11,10:15,Nottingham Forest,Leicester City,1.4,5.0,7.0,1.1,3.0,1.1667,1.95,1.8,61627,Premier League 24/25
https://www.sofascore.com/liverpool-arsenal/HQfh,2025-05-11,12:30,Liverpool,Arsenal,2.25,3.5,3.1,1.3636,1.5714,1.2857,1.5714,2.25,61627,Premier League 24/25
https://www.sofascore.com/aston-villa-tottenham-hotspur/IP,2025-05-16,15:30,Aston Villa,Tottenham Hotspur,1.27,6.5,9.5,1.0833,3.75,1.1111,1.75,2.0,61627,Premier League 24/25
https://www.sofascore.com/chelsea-manchester-united/mcYb,2025-05-16,16:15,Chelsea,Manchester Utd,1.55,4.5,5.25,1.1667,2.375,1.1818,1.6154,2.2,61627,Premier League 24/25
https://www.sofascore.com/everton-southampton/VY,2025-05-18,08:00,Everton,Southampton,1.4,4.75,7.5,1.1,2.75,1.1818,2.0,1.75,61627,Premier League 24/25
https://www.sofascore.com/west-ham-united-nottingham-forest/osM,2025-05-18,10:15,West Ham United,Nottingham Forest,2.9,3.3,2.4,1.5333,1.4,1.3333,1.7,2.05,61627,Premier League 24/25
https://www.sofascore.com/ipswich-town-leicester-city/GsH,2025-05-18,11:00,Leicester City,Ipswich Town,2.25,3.6,3.0,1.3636,1.6154,1.2857,1.6154,2.2,61627,Premier League 24/25
https://www.sofascore.com/brentford-fulham/Tsab,2025-05-18,11:00,Brentford,Fulham,2.0,3.8,3.4,1.3,1.8,1.25,1.5714,2.25,61627,Premier League 24/25
https://www.sofascore.com/arsenal-newcastle-united/Ardc,2025-05-18,12:30,Arsenal,Newcastle United,1.85,3.7,4.0,1.2222,1.9091,1.2857,1.6667,2.1,61627,Premier League 24/25
https://www.sofascore.com/liverpool-brighton-and-hove-albion/FsU,2025-05-19,16:00,Brighton,Liverpool,2.2,3.8,2.9,1.4,1.6667,1.25,1.4444,2.625,61627,Premier League 24/25
https://www.sofascore.com/bournemouth-manchester-city/rkb,2025-05-20,16:00,Manchester City,Bournemouth,1.36,5.25,8.0,1.0833,3.25,1.1667,1.8,1.95,61627,Premier League 24/25
https://www.sofascore.com/crystal-palace-wolverhampton/dsh,2025-05-20,16:00,Crystal Palace,Wolves,2.35,3.4,3.0,1.3636,1.5714,1.3,1.6667,2.1,61627,Premier League 24/25
https://www.sofascore.com/fulham-manchester-city/rsT,2025-05-25,12:00,Fulham,Manchester City,5.5,4.3333,1.53,2.375,1.1429,1.2,1.6667,2.1,61627,Premier League 24/25
https://www.sofascore.com/aston-villa-manchester-united/KP,2025-05-25,12:00,Manchester Utd,Aston Villa,4.5,4.3333,1.67,2.15,1.1818,1.2,1.5714,2.25,61627,Premier League 24/25
https://www.sofascore.com/liverpool-crystal-palace/hsU,2025-05-25,12:00,Liverpool,Crystal Palace,1.33,6.25,6.5,1.125,3.25,1.125,1.5333,2.375,61627,Premier League 24/25
https://www.sofascore.com/southampton-arsenal/RV,2025-05-25,12:00,Southampton,Arsenal,12.0,6.0,1.25,3.75,1.05,1.125,1.8,1.95,61627,Premier League 24/25
https://www.sofascore.com/chelsea-nottingham-forest/osN,2025-05-25,12:00,Nottingham Forest,Chelsea,3.4,3.7,2.0,1.8,1.3,1.2857,1.6154,2.2,61627,Premier League 24/25
https://www.sofascore.com/tottenham-hotspur-brighton-and-hove-albion/FsI,2025-05-25,12:00,Tottenham Hotspur,Brighton,3.7,4.0,1.85,1.9091,1.2857,1.2222,1.4444,2.625,61627,Premier League 24/25
https://www.sofascore.com/everton-newcastle-united/OY,2025-05-25,12:00,Newcastle United,Everton,1.25,6.25,11.0,1.05,3.75,1.125,2.0,1.75,61627,Premier League 24/25
https://www.sofascore.com/west-ham-united-ipswich-town/HsM,2025-05-25,12:00,Ipswich Town,West Ham United,3.2,3.6,2.2,1.6667,1.3636,1.2857,1.5333,2.375,61627,Premier League 24/25
https://www.sofascore.com/bournemouth-leicester-city/Gskb,2025-05-25,12:00,Bournemouth,Leicester City,1.33,5.5,8.0,1.0833,3.25,1.1429,1.6667,2.1,61627,Premier League 24/25
https://www.sofascore.com/brentford-wolverhampton/dsab,2025-05-25,12:00,Wolves,Brentford,2.9,3.7,2.25,1.6154,1.4,1.2857,1.4444,2.625,61627,Premier League 24/25
https://www.sofascore.com/manchester-city-burnley/gsr,2023-08-11,16:00,Burnley,Manchester City,8.5,5.25,1.33,3.25,1.0833,1.1667,2.0,1.75,52186,Premier League 23/24
https://www.sofascore.com/arsenal-nottingham-forest/osR,2023-08-12,09:00,Arsenal,Nottingham Forest,1.1818,7.0,15.0,1.0303,4.5,1.1,2.2,1.6154,52186,Premier League 23/24
https://www.sofascore.com/bournemouth-west-ham-united/Mkb,2023-08-12,11:00,Bournemouth,West Ham United,2.63,3.5,2.6,1.5,1.4444,1.2857,1.6154,2.2,52186,Premier League 23/24
https://www.sofascore.com/everton-fulham/TsY,2023-08-12,11:00,Everton,Fulham,2.2,3.25,3.4,1.3,1.6667,1.3333,1.9091,1.9091,52186,Premier League 23/24
https://www.sofascore.com/luton-town-brighton-and-hove-albion/Fsxb,2023-08-12,11:00,Brighton,Luton Town,1.3,5.75,9.5,1.0714,3.4,1.1429,1.95,1.8,52186,Premier League 23/24
https://www.sofascore.com/sheffield-united-crystal-palace/hsp,2023-08-12,11:00,Sheffield United,Crystal Palace,3.6,3.2,2.15,1.6667,1.2857,1.3636,2.05,1.7,52186,Premier League 23/24
https://www.sofascore.com/aston-villa-newcastle-united/OP,2023-08-12,13:30,Newcastle United,Aston Villa,1.62,4.0,5.25,1.1667,2.25,1.2222,1.7,2.05,52186,Premier League 23/24
https://www.sofascore.com/brentford-tottenham-hotspur/Isab,2023-08-13,10:00,Brentford,Tottenham Hotspur,2.6,3.6,2.6,1.5,1.5,1.2857,1.6154,2.2,52186,Premier League 23/24
https://www.sofascore.com/liverpool-chelsea/NsU,2023-08-13,12:30,Chelsea,Liverpool,3.1,3.6,2.15,1.6667,1.3636,1.2857,1.4444,2.625,52186,Premier League 23/24
https://www.sofascore.com/manchester-united-wolverhampton/dsK,2023-08-14,16:00,Manchester Utd,Wolves,1.29,5.75,9.5,1.0714,3.5,1.1429,2.0,1.75,52186,Premier League 23/24
https://www.sofascore.com/sheffield-united-nottingham-forest/osp,2023-08-18,15:45,Nottingham Forest,Sheffield United,1.91,3.4,4.2,1.2222,1.8333,1.3,2.0,1.75,52186,Premier League 23/24
https://www.sofascore.com/bournemouth-liverpool/Uskb,2023-08-19,11:00,Liverpool,Bournemouth,1.2,7.5,12.0,1.05,4.3333,1.1,1.6667,2.1,52186,Premier League 23/24
https://www.sofascore.com/brighton-and-hove-albion-wolverhampton/dsF,2023-08-19,11:00,Wolves,Brighton,4.2,4.0,1.8,1.95,1.2222,1.2222,1.5714,2.25,52186,Premier League 23/24
https://www.sofascore.com/brentford-fulham/Tsab,2023-08-19,11:00,Fulham,Brentford,2.8,3.2,2.63,1.4444,1.4,1.3636,1.9091,1.9091,52186,Premier League 23/24
https://www.sofascore.com/manchester-united-tottenham-hotspur/IsK,2023-08-19,13:30,Tottenham Hotspur,Manchester Utd,3.0,3.75,2.2,1.6667,1.3636,1.25,1.4444,2.625,52186,Premier League 23/24
https://www.sofascore.com/newcastle-united-manchester-city/rO,2023-08-19,16:00,Manchester City,Newcastle United,1.85,3.75,4.2,1.2222,1.9091,1.25,1.7,2.05,52186,Premier League 23/24
https://www.sofascore.com/everton-aston-villa/PY,2023-08-20,10:00,Aston Villa,Everton,1.8,3.8,4.2,1.2222,1.95,1.25,1.7,2.05,52186,Premier League 23/24
https://www.sofascore.com/chelsea-west-ham-united/MsN,2023-08-20,12:30,West Ham United,Chelsea,3.1,3.6,2.15,1.6667,1.3636,1.2857,1.6154,2.2,52186,Premier League 23/24
https://www.sofascore.com/arsenal-crystal-palace/hsR,2023-08-21,16:00,Crystal Palace,Arsenal,4.2,3.4,1.91,1.8333,1.2222,1.3,1.95,1.8,52186,Premier League 23/24
https://www.sofascore.com/luton-town-chelsea/Nsxb,2023-08-25,16:00,Chelsea,Luton Town,1.22,6.5,13.0,1.04,4.0,1.1111,2.1,1.6667,52186,Premier League 23/24
https://www.sofascore.com/bournemouth-tottenham-hotspur/Iskb,2023-08-26,08:30,Bournemouth,Tottenham Hotspur,3.5,3.8,2.0,1.8,1.25,1.25,1.5333,2.375,52186,Premier League 23/24
https://www.sofascore.com/manchester-united-nottingham-forest/osK,2023-08-26,11:00,Manchester Utd,Nottingham Forest,1.36,5.0,8.0,1.0833,3.0,1.1667,1.8,1.95,52186,Premier League 23/24
https://www.sofascore.com/fulham-arsenal/RsT,2023-08-26,11:00,Arsenal,Fulham,1.3,5.75,10.0,1.0625,3.4,1.1429,1.95,1.8,52186,Premier League 23/24
https://www.sofascore.com/everton-wolverhampton/dsY,2023-08-26,11:00,Everton,Wolves,2.4,3.3,2.9,1.3636,1.5714,1.3333,1.7,2.05,52186,Premier League 23/24
https://www.sofascore.com/brentford-crystal-palace/hsab,2023-08-26,11:00,Brentford,Crystal Palace,2.15,3.4,3.5,1.2857,1.6667,1.3,1.95,1.8,52186,Premier League 23/24
https://www.sofascore.com/west-ham-united-brighton-and-hove-albion/FsM,2023-08-26,13:30,Brighton,West Ham United,1.5,4.75,5.5,1.1429,2.5,1.1818,1.6154,2.2,52186,Premier League 23/24
https://www.sofascore.com/manchester-city-sheffield-united/psr,2023-08-27,10:00,Sheffield United,Manchester City,11.0,6.5,1.22,4.3333,1.0303,1.1,2.2,1.6154,52186,Premier League 23/24
https://www.sofascore.com/aston-villa-burnley/gsP,2023-08-27,10:00,Burnley,Aston Villa,3.2,3.4,2.25,1.6154,1.3636,1.3,1.6154,2.2,52186,Premier League 23/24
https://www.sofascore.com/liverpool-newcastle-united/OU,2023-08-27,12:30,Newcastle United,Liverpool FC,2.2,3.8,3.0,1.3636,1.6667,1.25,1.4444,2.625,52186,Premier League 23/24
https://www.sofascore.com/luton-town-west-ham-united/Msxb,2023-09-01,16:00,Luton Town,West Ham United,4.5,4.0,1.7,2.1,1.1818,1.2222,1.7,2.05,52186,Premier League 23/24
https://www.sofascore.com/everton-sheffield-united/psY,2023-09-02,08:30,Sheffield United,Everton,3.1,3.4,2.38,1.5333,1.3636,1.3,1.75,2.0,52186,Premier League 23/24
https://www.sofascore.com/fulham-manchester-city/rsT,2023-09-02,11:00,Manchester City,Fulham,1.1818,8.0,13.0,1.04,4.5,1.0833,2.05,1.7,52186,Premier League 23/24
https://www.sofascore.com/chelsea-nottingham-forest/osN,2023-09-02,11:00,Chelsea,Nottingham Forest,1.4,4.75,7.5,1.1,2.75,1.1818,1.95,1.8,52186,Premier League 23/24
https://www.sofascore.com/tottenham-hotspur-burnley/gsI,2023-09-02,11:00,Burnley,Tottenham Hotspur,3.75,3.8,1.91,1.8333,1.25,1.25,1.6154,2.2,52186,Premier League 23/24
https://www.sofascore.com/bournemouth-brentford/abskb,2023-09-02,11:00,Brentford,Bournemouth,1.67,4.0,5.0,1.1667,2.15,1.2222,1.75,2.0,52186,Premier League 23/24
https://www.sofascore.com/newcastle-united-brighton-and-hove-albion/FsO,2023-09-02,13:30,Brighton,Newcastle United,2.5,3.8,2.5,1.5,1.5,1.25,1.4444,2.625,52186,Premier League 23/24
https://www.sofascore.com/liverpool-aston-villa/PU,2023-09-03,10:00,Liverpool FC,Aston Villa,1.6,4.75,4.75,1.1818,2.3,1.1818,1.4444,2.625,52186,Premier League 23/24
https://www.sofascore.com/crystal-palace-wolverhampton/dsh,2023-09-03,10:00,Crystal Palace,Wolves,2.5,3.75,2.25,1.1818,1.9091,1.3,1.9091,1.9091,52186,Premier League 23/24
https://www.sofascore.com/arsenal-manchester-united/KR,2023-09-03,12:30,Arsenal,Manchester Utd,1.75,4.1,4.2,1.2222,2.0,1.2222,1.5,2.5,52186,Premier League 23/24
https://www.sofascore.com/liverpool-wolverhampton/dsU,2023-09-16,08:30,Wolves,Liverpool FC,4.3333,4.3333,1.7,2.25,1.1818,1.1818,1.5714,2.25,52186,Premier League 23/24
https://www.sofascore.com/west-ham-united-manchester-city/rM,2023-09-16,11:00,West Ham United,Manchester City,5.75,4.2,1.55,2.375,1.1429,1.2,1.8,1.95,52186,Premier League 23/24
https://www.sofascore.com/manchester-united-brighton-and-hove-albion/FsK,2023-09-16,11:00,Manchester Utd,Brighton,1.91,4.0,3.4,1.3333,1.8,1.2222,1.4,2.75,52186,Premier League 23/24
https://www.sofascore.com/tottenham-hotspur-sheffield-united/psI,2023-09-16,11:00,Tottenham Hotspur,Sheffield United,1.29,5.75,10.0,1.0625,3.5,1.1429,1.75,2.0,52186,Premier League 23/24
https://www.sofascore.com/aston-villa-crystal-palace/hP,2023-09-16,11:00,Aston Villa,Crystal Palace,1.95,3.6,4.0,1.2222,1.8,1.2857,1.75,2.0,52186,Premier League 23/24
https://www.sofascore.com/luton-town-fulham/Tsxb,2023-09-16,11:00,Fulham,Luton Town,1.67,3.6,5.75,1.125,2.2,1.2857,2.0,1.75,52186,Premier League 23/24
https://www.sofascore.com/brentford-newcastle-united/Osab,2023-09-16,13:30,Newcastle United,Brentford,1.6,4.0,5.5,1.1429,2.3,1.2222,1.8,1.95,52186,Premier League 23/24
https://www.sofascore.com/bournemouth-chelsea/Nskb,2023-09-17,10:00,Bournemouth,Chelsea,3.8,3.75,1.85,1.9091,1.25,1.25,1.6154,2.2,52186,Premier League 23/24
https://www.sofascore.com/everton-arsenal/RY,2023-09-17,12:30,Everton,Arsenal,6.0,4.5,1.5,2.5,1.125,1.1818,1.75,2.0,52186,Premier League 23/24
https://www.sofascore.com/nottingham-forest-burnley/gso,2023-09-18,15:45,Nottingham Forest,Burnley,2.05,3.5,3.5,1.2857,1.7273,1.2857,1.8,1.95,52186,Premier League 23/24
https://www.sofascore.com/manchester-city-nottingham-forest/osr,2023-09-23,11:00,Manchester City,Nottingham Forest,1.18,8.0,12.0,1.05,4.5,1.0833,2.25,1.5714,52186,Premier League 23/24
https://www.sofascore.com/fulham-crystal-palace/hsT,2023-09-23,11:00,Crystal Palace,Fulham,2.05,3.25,3.8,1.25,1.7273,1.3333,1.95,1.8,52186,Premier League 23/24
https://www.sofascore.com/luton-town-wolverhampton/dsxb,2023-09-23,11:00,Luton Town,Wolves,3.1,3.3,2.38,1.5333,1.3636,1.3333,1.8,1.95,52186,Premier League 23/24
https://www.sofascore.com/brentford-everton/Ysab,2023-09-23,13:30,Brentford,Everton,1.91,3.5,4.3333,1.2,1.8333,1.2857,1.9091,1.9091,52186,Premier League 23/24
https://www.sofascore.com/manchester-united-burnley/gK,2023-09-23,16:00,Burnley,Manchester Utd,3.75,3.8,1.91,1.8333,1.25,1.25,1.6667,2.1,52186,Premier League 23/24
https://www.sofascore.com/liverpool-west-ham-united/MU,2023-09-24,10:00,Liverpool,West Ham United,1.33,5.25,8.0,1.0833,3.25,1.1667,1.6154,2.2,52186,Premier League 23/24
https://www.sofascore.com/arsenal-tottenham-hotspur/IsR,2023-09-24,10:00,Arsenal,Tottenham Hotspur,1.62,4.3333,4.75,1.1818,2.25,1.2,1.5714,2.25,52186,Premier League 23/24
https://www.sofascore.com/aston-villa-chelsea/NP,2023-09-24,10:00,Chelsea,Aston Villa,1.85,3.75,4.0,1.2,2.0,1.25,1.6667,2.1,52186,Premier League 23/24
https://www.sofascore.com/bournemouth-brighton-and-hove-albion/Fskb,2023-09-24,10:00,Brighton,Bournemouth,1.5,4.75,5.5,1.1429,2.5,1.1818,1.5333,2.375,52186,Premier League 23/24
https://www.sofascore.com/newcastle-united-sheffield-united/psO,2023-09-24,12:30,Sheffield United,Newcastle United,6.0,4.2,1.53,2.375,1.125,1.2222,1.95,1.8,52186,Premier League 23/24
https://www.sofascore.com/aston-villa-brighton-and-hove-albion/FP,2023-09-30,08:30,Aston Villa,Brighton,2.45,3.6,2.7,1.5,1.5,1.2857,1.4444,2.625,52186,Premier League 23/24
https://www.sofascore.com/manchester-city-wolverhampton/dsr,2023-09-30,11:00,Wolves,Manchester City,8.0,5.25,1.36,2.75,1.1,1.1667,1.9091,1.9091,52186,Premier League 23/24
https://www.sofascore.com/manchester-united-crystal-palace/hK,2023-09-30,11:00,Manchester Utd,Crystal Palace,1.55,4.2,6.0,1.125,2.375,1.2222,1.9091,1.9091,52186,Premier League 23/24
https://www.sofascore.com/bournemouth-arsenal/Rkb,2023-09-30,11:00,Bournemouth,Arsenal,5.75,4.5,1.5,2.5,1.1429,1.1818,1.75,2.0,52186,Premier League 23/24
https://www.sofascore.com/newcastle-united-burnley/gsO,2023-09-30,11:00,Newcastle United,Burnley,1.4,5.0,7.0,1.1,2.75,1.1667,1.95,1.8,52186,Premier League 23/24
https://www.sofascore.com/west-ham-united-sheffield-united/pM,2023-09-30,11:00,West Ham United,Sheffield United,1.4,4.75,7.5,1.1,2.75,1.1818,1.9091,1.9091,52186,Premier League 23/24
https://www.sofascore.com/luton-town-everton/Ysxb,2023-09-30,11:00,Everton,Luton Town,1.6667,3.75,5.25,1.1429,2.25,1.25,1.95,1.8,52186,Premier League 23/24
https://www.sofascore.com/liverpool-tottenham-hotspur/IsU,2023-09-30,13:30,Tottenham Hotspur,Liverpool,3.0,3.8,2.2,1.6667,1.3636,1.2222,1.4,2.75,52186,Premier League 23/24
https://www.sofascore.com/brentford-nottingham-forest/osab,2023-10-01,10:00,Nottingham Forest,Brentford,2.7,3.0,2.8,1.4,1.4444,1.3636,1.8,1.95,52186,Premier League 23/24
https://www.sofascore.com/fulham-chelsea/NsT,2023-10-02,16:00,Fulham,Chelsea,3.4,3.4,2.15,1.6667,1.3,1.3,1.8,1.95,52186,Premier League 23/24
https://www.sofascore.com/luton-town-burnley/gsxb,2023-10-03,15:30,Luton Town,Burnley,2.88,3.1,2.6,1.5,1.4,1.3636,1.9091,1.9091,52186,Premier League 23/24
https://www.sofascore.com/luton-town-tottenham-hotspur/Isxb,2023-10-07,08:30,Luton Town,Tottenham Hotspur,7.0,5.0,1.4,2.75,1.1,1.1667,1.6154,2.2,52186,Premier League 23/24
https://www.sofascore.com/brentford-manchester-united/Ksab,2023-10-07,11:00,Manchester Utd,Brentford,1.6,4.3333,5.0,1.1818,2.2,1.2222,1.7,2.05,52186,Premier League 23/24
https://www.sofascore.com/chelsea-burnley/gsN,2023-10-07,11:00,Burnley,Chelsea,5.25,4.0,1.67,2.15,1.1667,1.2222,1.9091,1.9091,52186,Premier League 23/24
https://www.sofascore.com/bournemouth-everton/Yskb,2023-10-07,11:00,Everton,Bournemouth,1.91,3.75,4.0,1.2222,1.8333,1.25,1.7,2.05,52186,Premier League 23/24
https://www.sofascore.com/fulham-sheffield-united/psT,2023-10-07,11:00,Fulham,Sheffield United,1.45,4.2,7.5,1.1,2.5,1.2222,1.9091,1.9091,52186,Premier League 23/24
https://www.sofascore.com/nottingham-forest-crystal-palace/hso,2023-10-07,13:30,Crystal Palace,Nottingham Forest,2.25,3.1,3.4,1.3,1.6154,1.3636,2.0,1.75,52186,Premier League 23/24
https://www.sofascore.com/liverpool-brighton-and-hove-albion/FsU,2023-10-08,10:00,Brighton,Liverpool,3.4,4.0,1.95,1.8,1.3,1.2222,1.3,3.4,52186,Premier League 23/24
https://www.sofascore.com/newcastle-united-west-ham-united/MO,2023-10-08,10:00,West Ham United,Newcastle United,3.1,3.6,2.15,1.6667,1.3636,1.2857,1.6667,2.1,52186,Premier League 23/24
https://www.sofascore.com/aston-villa-wolverhampton/dsP,2023-10-08,10:00,Wolves,Aston Villa,3.5,3.4,2.1,1.7,1.2857,1.3,1.6667,2.1,52186,Premier League 23/24
https://www.sofascore.com/arsenal-manchester-city/rsR,2023-10-08,12:30,Arsenal,Manchester City,2.9,3.3,2.5,1.5,1.4,1.3333,1.75,2.0,52186,Premier League 23/24
https://www.sofascore.com/everton-liverpool/UsY,2023-10-21,08:30,Liverpool,Everton,1.4,5.25,6.5,1.1,3.0,1.1429,1.6667,2.1,52186,Premier League 23/24
https://www.sofascore.com/brighton-and-hove-albion-manchester-city/rsF,2023-10-21,11:00,Manchester City,Brighton,1.36,5.75,7.0,1.1,3.0,1.1429,1.6667,2.1,52186,Premier League 23/24
https://www.sofascore.com/newcastle-united-crystal-palace/hO,2023-10-21,11:00,Newcastle United,Crystal Palace,1.5,4.3333,6.5,1.1,2.5,1.2,2.2,1.6154,52186,Premier League 23/24
https://www.sofascore.com/brentford-burnley/gsab,2023-10-21,11:00,Brentford,Burnley,1.75,3.75,4.5,1.1818,2.0,1.25,1.8,1.95,52186,Premier League 23/24
https://www.sofascore.com/bournemouth-wolverhampton/dskb,2023-10-21,11:00,Bournemouth,Wolves,2.3,3.4,3.0,1.3636,1.5714,1.3,1.7,2.05,52186,Premier League 23/24
https://www.sofascore.com/luton-town-nottingham-forest/osxb,2023-10-21,11:00,Nottingham Forest,Luton Town,1.73,3.75,5.25,1.1667,2.05,1.25,1.95,1.8,52186,Premier League 23/24
https://www.sofascore.com/arsenal-chelsea/NR,2023-10-21,13:30,Chelsea,Arsenal,3.4,3.2,2.25,1.5714,1.3,1.3636,1.9091,1.9091,52186,Premier League 23/24
https://www.sofascore.com/manchester-united-sheffield-united/psK,2023-10-21,16:00,Sheffield United,Manchester Utd,7.5,5.75,1.3636,3.0,1.1,1.1429,1.7,2.05,52186,Premier League 23/24
https://www.sofascore.com/aston-villa-west-ham-united/MP,2023-10-22,12:30,Aston Villa,West Ham United,1.8,3.75,4.3333,1.1818,2.05,1.25,1.6154,2.2,52186,Premier League 23/24
https://www.sofascore.com/fulham-tottenham-hotspur/IsT,2023-10-23,16:00,Tottenham Hotspur,Fulham,1.5,4.75,5.75,1.1429,2.5,1.1818,1.6154,2.2,52186,Premier League 23/24
https://www.sofascore.com/tottenham-hotspur-crystal-palace/hI,2023-10-27,16:00,Crystal Palace,Tottenham Hotspur,4.5,3.8,1.75,2.0,1.1818,1.25,1.8,1.95,52186,Premier League 23/24
https://www.sofascore.com/brentford-chelsea/Nsab,2023-10-28,08:30,Chelsea,Brentford,1.62,4.0,5.25,1.1667,2.2,1.2222,1.8,1.95,52186,Premier League 23/24
https://www.sofascore.com/arsenal-sheffield-united/psR,2023-10-28,11:00,Arsenal,Sheffield United,1.13,8.5,19.0,1.02,6.0,1.0833,2.2,1.6154,52186,Premier League 23/24
https://www.sofascore.com/bournemouth-burnley/gskb,2023-10-28,11:00,Bournemouth,Burnley,2.15,3.5,3.25,1.3333,1.6667,1.2857,1.6667,2.1,52186,Premier League 23/24
https://www.sofascore.com/newcastle-united-wolverhampton/dsO,2023-10-28,13:30,Wolves,Newcastle United,3.8,3.8,1.85,1.9091,1.25,1.25,1.75,2.0,52186,Premier League 23/24
https://www.sofascore.com/everton-west-ham-united/MY,2023-10-29,10:00,West Ham United,Everton,2.0,3.6,3.6,1.2857,1.8,1.2857,1.6667,2.1,52186,Premier League 23/24
https://www.sofascore.com/liverpool-nottingham-forest/osU,2023-10-29,11:00,Liverpool,Nottingham Forest,1.22,7.0,11.0,1.05,4.0,1.1,1.95,1.8,52186,Premier League 23/24
https://www.sofascore.com/fulham-brighton-and-hove-albion/FsT,2023-10-29,11:00,Brighton,Fulham,1.6,4.0,5.5,1.1429,2.3,1.2222,1.7,2.05,52186,Premier League 23/24
https://www.sofascore.com/luton-town-aston-villa/Psxb,2023-10-29,11:00,Aston Villa,Luton Town,1.33,5.75,8.5,1.0833,3.25,1.1429,1.75,2.0,52186,Premier League 23/24
https://www.sofascore.com/manchester-united-manchester-city/rK,2023-10-29,12:30,Manchester Utd,Manchester City,5.5,4.2,1.57,2.3,1.1429,1.2222,1.75,2.0,52186,Premier League 23/24
https://www.sofascore.com/fulham-manchester-united/KsT,2023-11-04,09:30,Fulham,Manchester Utd,3.2,3.6,2.2,1.6667,1.3636,1.2857,1.6667,2.1,52186,Premier League 23/24
https://www.sofascore.com/bournemouth-manchester-city/rkb,2023-11-04,12:00,Manchester City,Bournemouth,1.1,11.0,19.0,1.02,7.0,1.05,2.2,1.6154,52186,Premier League 23/24
https://www.sofascore.com/everton-brighton-and-hove-albion/FsY,2023-11-04,12:00,Everton,Brighton,3.1,3.6,2.2,1.6667,1.3636,1.2857,1.5,2.5,52186,Premier League 23/24
https://www.sofascore.com/brentford-west-ham-united/Msab,2023-11-04,12:00,Brentford,West Ham United,2.05,3.6,3.5,1.2857,1.7273,1.2857,1.6154,2.2,52186,Premier League 23/24
https://www.sofascore.com/sheffield-united-wolverhampton/dsp,2023-11-04,12:00,Sheffield United,Wolves,3.8,3.5,2.0,1.8,1.25,1.2857,1.75,2.0,52186,Premier League 23/24
https://www.sofascore.com/crystal-palace-burnley/gsh,2023-11-04,12:00,Burnley,Crystal Palace,2.75,3.25,2.6,1.5,1.4,1.3333,1.95,1.8,52186,Premier League 23/24
https://www.sofascore.com/arsenal-newcastle-united/Ardc,2023-11-04,14:30,Newcastle United,Arsenal,2.8,3.0,2.7,1.4444,1.4,1.3636,1.8,1.95,52186,Premier League 23/24
https://www.sofascore.com/aston-villa-nottingham-forest/osP,2023-11-05,11:00,Nottingham Forest,Aston Villa,3.8,3.6,1.91,1.8333,1.25,1.2857,1.7,2.05,52186,Premier League 23/24
https://www.sofascore.com/luton-town-liverpool/Usxb,2023-11-05,13:30,Luton Town,Liverpool,11.0,7.5,1.2,4.3333,1.05,1.1,1.8,1.95,52186,Premier League 23/24
https://www.sofascore.com/chelsea-tottenham-hotspur/IN,2023-11-06,17:00,Tottenham Hotspur,Chelsea,2.25,3.6,3.1,1.3636,1.6154,1.2857,1.5714,2.25,52186,Premier League 23/24
https://www.sofascore.com/tottenham-hotspur-wolverhampton/dsI,2023-11-11,09:30,Wolves,Tottenham Hotspur,3.1,3.5,2.3,1.5714,1.3636,1.2857,1.7,2.05,52186,Premier League 23/24
https://www.sofascore.com/luton-town-manchester-united/Ksxb,2023-11-11,12:00,Manchester Utd,Luton Town,1.3,5.75,9.0,1.0714,3.4,1.1429,1.8,1.95,52186,Premier League 23/24
https://www.sofascore.com/arsenal-burnley/gsR,2023-11-11,12:00,Arsenal,Burnley,1.18,7.0,15.0,1.0303,4.5,1.1,2.5,1.5,52186,Premier League 23/24
https://www.sofascore.com/everton-crystal-palace/hY,2023-11-11,12:00,Crystal Palace,Everton,2.6,3.0,2.9,1.4,1.4444,1.3636,1.95,1.8,52186,Premier League 23/24
https://www.sofascore.com/bournemouth-newcastle-united/Okb,2023-11-11,14:30,Bournemouth,Newcastle United,4.0,3.6,1.91,1.8333,1.2222,1.2857,1.75,2.0,52186,Premier League 23/24
https://www.sofascore.com/brentford-liverpool/Usab,2023-11-12,11:00,Liverpool,Brentford,1.4,5.0,7.0,1.1,2.75,1.1667,1.6667,2.1,52186,Premier League 23/24
https://www.sofascore.com/fulham-aston-villa/PsT,2023-11-12,11:00,Aston Villa,Fulham,1.65,4.0,5.0,1.1667,2.2,1.2222,1.6667,2.1,52186,Premier League 23/24
https://www.sofascore.com/west-ham-united-nottingham-forest/osM,2023-11-12,11:00,West Ham United,Nottingham Forest,1.8,3.75,4.5,1.1818,1.95,1.25,1.8,1.95,52186,Premier League 23/24
https://www.sofascore.com/brighton-and-hove-albion-sheffield-united/psF,2023-11-12,11:00,Brighton,Sheffield United,1.3,5.75,8.5,1.0833,3.4,1.1429,1.8,1.95,52186,Premier League 23/24
https://www.sofascore.com/chelsea-manchester-city/rN,2023-11-12,13:30,Chelsea,Manchester City,4.75,3.75,1.73,2.05,1.1818,1.25,1.75,2.0,52186,Premier League 23/24
https://www.sofascore.com/liverpool-manchester-city/rU,2023-11-25,09:30,Manchester City,Liverpool,1.7,4.2,4.3333,1.2,2.1,1.2222,1.5333,2.375,52186,Premier League 23/24
https://www.sofascore.com/newcastle-united-chelsea/NO,2023-11-25,12:00,Newcastle United,Chelsea,2.5,3.6,2.63,1.5,1.5,1.2857,1.6154,2.2,52186,Premier League 23/24
https://www.sofascore.com/west-ham-united-burnley/gsM,2023-11-25,12:00,Burnley,West Ham United,3.3,3.4,2.15,1.6667,1.3333,1.2857,1.75,2.0,52186,Premier League 23/24
https://www.sofascore.com/brighton-and-hove-albion-nottingham-forest/osF,2023-11-25,12:00,Nottingham Forest,Brighton,3.3,3.5,2.1,1.7,1.3333,1.2857,1.75,2.0,52186,Premier League 23/24
https://www.sofascore.com/luton-town-crystal-palace/hsxb,2023-11-25,12:00,Luton Town,Crystal Palace,4.0,3.25,2.0,1.8,1.2222,1.3333,2.0,1.75,52186,Premier League 23/24
https://www.sofascore.com/bournemouth-sheffield-united/pskb,2023-11-25,12:00,Sheffield United,Bournemouth,3.2,3.4,2.25,1.6154,1.3636,1.3,1.7,2.05,52186,Premier League 23/24
https://www.sofascore.com/brentford-arsenal/Rsab,2023-11-25,14:30,Brentford,Arsenal,5.5,3.8,1.6,2.3,1.1429,1.25,1.95,1.8,52186,Premier League 23/24
https://www.sofascore.com/aston-villa-tottenham-hotspur/IP,2023-11-26,11:00,Tottenham Hotspur,Aston Villa,2.6,3.8,2.45,1.5333,1.5,1.25,1.4444,2.625,52186,Premier League 23/24
https://www.sofascore.com/everton-manchester-united/KsY,2023-11-26,13:30,Everton,Manchester Utd,2.63,3.3,2.7,1.4444,1.4444,1.3333,1.6667,2.1,52186,Premier League 23/24
https://www.sofascore.com/fulham-wolverhampton/dsT,2023-11-27,17:00,Fulham,Wolves,2.38,3.3,3.0,1.3636,1.5333,1.3333,1.9091,1.9091,52186,Premier League 23/24
https://www.sofascore.com/arsenal-wolverhampton/dsR,2023-12-02,12:00,Arsenal,Wolves,1.25,6.0,12.0,1.05,3.75,1.125,2.2,1.6154,52186,Premier League 23/24
https://www.sofascore.com/luton-town-brentford/absxb,2023-12-02,12:00,Brentford,Luton Town,1.53,4.2,6.0,1.125,2.375,1.2222,1.95,1.8,52186,Premier League 23/24
https://www.sofascore.com/sheffield-united-burnley/gsp,2023-12-02,12:00,Burnley,Sheffield United,1.73,3.75,5.0,1.1667,2.05,1.25,1.95,1.8,52186,Premier League 23/24
https://www.sofascore.com/everton-nottingham-forest/osY,2023-12-02,14:30,Nottingham Forest,Everton,2.8,3.1,2.7,1.4444,1.4,1.3636,1.95,1.8,52186,Premier League 23/24
https://www.sofascore.com/newcastle-united-manchester-united/DYBe,2023-12-02,17:00,Newcastle United,Manchester Utd,2.0,3.75,3.5,1.2857,1.8,1.25,1.6154,2.2,52186,Premier League 23/24
https://www.sofascore.com/liverpool-fulham/TsU,2023-12-03,11:00,Liverpool,Fulham,1.25,7.0,10.0,1.0625,3.75,1.1,1.8,1.95,52186,Premier League 23/24
https://www.sofascore.com/chelsea-brighton-and-hove-albion/FsN,2023-12-03,11:00,Chelsea,Brighton,1.62,4.3333,4.75,1.1818,2.25,1.2,1.6667,2.1,52186,Premier League 23/24
https://www.sofascore.com/west-ham-united-crystal-palace/hsM,2023-12-03,11:00,West Ham United,Crystal Palace,1.91,3.6,4.0,1.2222,1.8333,1.2857,1.95,1.8,52186,Premier League 23/24
https://www.sofascore.com/bournemouth-aston-villa/Pkb,2023-12-03,11:00,Bournemouth,Aston Villa,3.25,3.8,2.05,1.7273,1.3333,1.25,1.5,2.5,52186,Premier League 23/24
https://www.sofascore.com/tottenham-hotspur-manchester-city/rI,2023-12-03,13:30,Manchester City,Tottenham Hotspur,1.25,6.5,10.0,1.0625,3.75,1.1111,1.6154,2.2,52186,Premier League 23/24
https://www.sofascore.com/burnley-wolverhampton/dsg,2023-12-05,16:30,Wolves,Burnley,1.91,3.6,4.0,1.2222,1.8333,1.2857,1.8,1.95,52186,Premier League 23/24
https://www.sofascore.com/luton-town-arsenal/Rsxb,2023-12-05,17:15,Luton Town,Arsenal,15.0,7.0,1.2,5.0,1.025,1.1,2.25,1.5714,52186,Premier League 23/24
https://www.sofascore.com/liverpool-sheffield-united/psU,2023-12-06,16:30,Sheffield United,Liverpool FC,15.0,7.5,1.18,4.5,1.0303,1.1,1.8,1.95,52186,Premier League 23/24
https://www.sofascore.com/brentford-brighton-and-hove-albion/Fsab,2023-12-06,16:30,Brighton,Brentford,1.75,4.0,4.5,1.25,1.8333,1.25,1.6667,2.1,52186,Premier League 23/24
https://www.sofascore.com/fulham-nottingham-forest/osT,2023-12-06,16:30,Fulham,Nottingham Forest,1.95,3.6,3.8,1.25,1.8,1.3,1.95,1.8,52186,Premier League 23/24
https://www.sofascore.com/bournemouth-crystal-palace/hkb,2023-12-06,16:30,Crystal Palace,Bournemouth,2.3,3.5,3.0,1.3636,1.5714,1.2857,1.8,1.95,52186,Premier League 23/24
https://www.sofascore.com/chelsea-manchester-united/mcYb,2023-12-06,17:15,Manchester Utd,Chelsea,2.8,3.5,2.4,1.5333,1.4,1.2857,1.5333,2.375,52186,Premier League 23/24
https://www.sofascore.com/aston-villa-manchester-city/rP,2023-12-06,17:15,Aston Villa,Manchester City,5.0,4.2,1.65,2.2,1.1667,1.2222,1.6667,2.1,52186,Premier League 23/24
https://www.sofascore.com/everton-newcastle-united/OY,2023-12-07,16:30,Everton,Newcastle United,3.1,3.4,2.25,1.5714,1.3636,1.3,1.7,2.05,52186,Premier League 23/24
https://www.sofascore.com/west-ham-united-tottenham-hotspur/IM,2023-12-07,17:15,Tottenham Hotspur,West Ham United,1.7,4.2,4.75,1.1818,2.1,1.2222,1.5714,2.25,52186,Premier League 23/24
https://www.sofascore.com/liverpool-crystal-palace/hsU,2023-12-09,09:30,Crystal Palace,Liverpool FC,6.5,4.75,1.44,2.625,1.1111,1.1818,1.8,1.95,52186,Premier League 23/24
https://www.sofascore.com/bournemouth-manchester-united/Kkb,2023-12-09,12:00,Manchester Utd,Bournemouth,1.65,4.3333,4.5,1.1818,2.2,1.2,1.5,2.5,52186,Premier League 23/24
https://www.sofascore.com/brighton-and-hove-albion-burnley/gsF,2023-12-09,12:00,Brighton,Burnley,1.53,4.5,5.75,1.1429,2.375,1.1818,1.8,1.95,52186,Premier League 23/24
https://www.sofascore.com/nottingham-forest-wolverhampton/dso,2023-12-09,12:00,Wolves,Nottingham Forest,1.91,3.4,4.3333,1.1818,1.8333,1.3333,2.1,1.6667,52186,Premier League 23/24
https://www.sofascore.com/brentford-sheffield-united/psab,2023-12-09,12:00,Sheffield United,Brentford,4.5,3.8,1.75,2.05,1.1818,1.25,1.8,1.95,52186,Premier League 23/24
https://www.sofascore.com/arsenal-aston-villa/PR,2023-12-09,14:30,Aston Villa,Arsenal,3.6,3.75,2.0,1.7273,1.3,1.25,1.6154,2.2,52186,Premier League 23/24
https://www.sofascore.com/luton-town-manchester-city/rsxb,2023-12-10,11:00,Luton Town,Manchester City,13.0,7.5,1.18,4.5,1.04,1.1,2.2,1.6154,52186,Premier League 23/24
https://www.sofascore.com/everton-chelsea/BQy,2023-12-10,11:00,Everton,Chelsea,2.5,3.5,2.75,1.4,1.5,1.2857,1.7,2.05,52186,Premier League 23/24
https://www.sofascore.com/fulham-west-ham-united/MsT,2023-12-10,11:00,Fulham,West Ham United,2.2,3.5,3.25,1.3333,1.6667,1.2857,1.6667,2.1,52186,Premier League 23/24
https://www.sofascore.com/newcastle-united-tottenham-hotspur/IO,2023-12-10,13:30,Tottenham Hotspur,Newcastle United,2.0,3.75,3.4,1.3,1.8,1.25,1.4444,2.625,52186,Premier League 23/24
https://www.sofascore.com/tottenham-hotspur-nottingham-forest/osI,2023-12-15,17:00,Nottingham Forest,Tottenham Hotspur,4.5,4.2,1.67,2.15,1.1818,1.2222,1.7,2.05,52186,Premier League 23/24
https://www.sofascore.com/manchester-city-crystal-palace/hr,2023-12-16,12:00,Manchester City,Crystal Palace,1.1667,7.5,15.0,1.04,4.5,1.1,2.625,1.4444,52186,Premier League 23/24
https://www.sofascore.com/chelsea-sheffield-united/psN,2023-12-16,12:00,Chelsea,Sheffield United,1.2,7.0,12.0,1.05,4.3333,1.1,1.95,1.8,52186,Premier League 23/24
https://www.sofascore.com/fulham-newcastle-united/OsT,2023-12-16,12:00,Newcastle United,Fulham,1.91,3.8,4.0,1.2222,1.8333,1.25,1.7,2.05,52186,Premier League 23/24
https://www.sofascore.com/everton-burnley/gsY,2023-12-16,14:30,Burnley,Everton,3.2,3.5,2.25,1.6154,1.3636,1.2857,1.75,2.0,52186,Premier League 23/24
https://www.sofascore.com/arsenal-brighton-and-hove-albion/FsR,2023-12-17,11:00,Arsenal,Brighton,1.5,4.75,5.75,1.1429,2.5,1.1818,1.8,1.95,52186,Premier League 23/24
https://www.sofascore.com/brentford-aston-villa/Psab,2023-12-17,11:00,Brentford,Aston Villa,3.0,3.5,2.25,1.6154,1.3636,1.2857,1.75,2.0,52186,Premier League 23/24
https://www.sofascore.com/west-ham-united-wolverhampton/dsM,2023-12-17,11:00,West Ham United,Wolves,1.91,3.6,4.0,1.2222,1.8333,1.2857,1.8,1.95,52186,Premier League 23/24
https://www.sofascore.com/liverpool-manchester-united/KU,2023-12-17,13:30,Liverpool FC,Manchester Utd,1.33,5.75,7.0,1.1,3.25,1.1429,1.6667,2.1,52186,Premier League 23/24
https://www.sofascore.com/brighton-and-hove-albion-crystal-palace/hsF,2023-12-21,17:00,Crystal Palace,Brighton,3.25,3.3,2.25,1.6154,1.3333,1.3333,1.8,1.95,52186,Premier League 23/24
https://www.sofascore.com/aston-villa-sheffield-united/psP,2023-12-22,17:00,Aston Villa,Sheffield United,1.2,7.0,13.0,1.04,4.3333,1.1,1.95,1.8,52186,Premier League 23/24
https://www.sofascore.com/west-ham-united-manchester-united/KM,2023-12-23,09:30,West Ham United,Manchester Utd,2.1,3.8,3.25,1.3333,1.7,1.25,1.5714,2.25,52186,Premier League 23/24
https://www.sofascore.com/everton-tottenham-hotspur/UwXh,2023-12-23,12:00,Tottenham Hotspur,Everton,1.67,4.2,4.5,1.1818,2.15,1.2222,1.6154,2.2,52186,Premier League 23/24
https://www.sofascore.com/luton-town-newcastle-united/Osxb,2023-12-23,12:00,Luton Town,Newcastle United,5.0,4.0,1.65,2.2,1.1667,1.2222,1.8,1.95,52186,Premier League 23/24
https://www.sofascore.com/fulham-burnley/gsT,2023-12-23,12:00,Fulham,Burnley,1.7,3.6,5.0,1.1667,2.1,1.2857,1.9091,1.9091,52186,Premier League 23/24
https://www.sofascore.com/bournemouth-nottingham-forest/oskb,2023-12-23,12:00,Nottingham Forest,Bournemouth,2.8,3.4,2.5,1.5,1.4,1.3,1.7,2.05,52186,Premier League 23/24
https://www.sofascore.com/liverpool-arsenal/HQfh,2023-12-23,14:30,Liverpool FC,Arsenal,2.45,3.75,2.63,1.4444,1.5333,1.25,1.5333,2.375,52186,Premier League 23/24
https://www.sofascore.com/chelsea-wolverhampton/dsN,2023-12-24,10:00,Wolves,Chelsea,3.1,3.6,2.15,1.6667,1.3636,1.25,1.6154,2.2,52186,Premier League 23/24
https://www.sofascore.com/newcastle-united-nottingham-forest/osO,2023-12-26,09:30,Newcastle United,Nottingham Forest,1.4,5.0,6.5,1.1111,2.75,1.1667,1.9091,1.9091,52186,Premier League 23/24
https://www.sofascore.com/bournemouth-fulham/Tskb,2023-12-26,12:00,Bournemouth,Fulham,1.91,3.8,3.6,1.2857,1.8333,1.25,1.5714,2.25,52186,Premier League 23/24
https://www.sofascore.com/luton-town-sheffield-united/psxb,2023-12-26,12:00,Sheffield United,Luton Town,2.45,3.25,2.9,1.4,1.5333,1.3333,1.9091,1.9091,52186,Premier League 23/24
https://www.sofascore.com/liverpool-burnley/gsU,2023-12-26,14:30,Burnley,Liverpool FC,8.0,5.25,1.36,3.0,1.0833,1.1667,1.6667,2.1,52186,Premier League 23/24
https://www.sofascore.com/aston-villa-manchester-united/KP,2023-12-26,17:00,Manchester Utd,Aston Villa,2.3,3.75,2.8,1.4,1.5714,1.25,1.4444,2.625,52186,Premier League 23/24
https://www.sofascore.com/chelsea-crystal-palace/hN,2023-12-27,16:30,Chelsea,Crystal Palace,1.75,3.75,4.75,1.1818,2.0,1.25,1.9091,1.9091,52186,Premier League 23/24
https://www.sofascore.com/brentford-wolverhampton/dsab,2023-12-27,16:30,Brentford,Wolves,2.2,3.4,3.3,1.3333,1.6667,1.3,1.8,1.95,52186,Premier League 23/24
https://www.sofascore.com/everton-manchester-city/rY,2023-12-27,17:15,Everton,Manchester City,5.5,4.0,1.6,2.3,1.1429,1.2222,1.95,1.8,52186,Premier League 23/24
https://www.sofascore.com/tottenham-hotspur-brighton-and-hove-albion/FsI,2023-12-28,16:30,Brighton,Tottenham Hotspur,2.5,3.75,2.63,1.4444,1.5,1.25,1.4,2.75,52186,Premier League 23/24
https://www.sofascore.com/arsenal-west-ham-united/MR,2023-12-28,17:15,Arsenal,West Ham United,1.29,5.75,9.5,1.0714,3.5,1.1429,2.0,1.75,52186,Premier League 23/24
https://www.sofascore.com/luton-town-chelsea/Nsxb,2023-12-30,09:30,Luton Town,Chelsea,5.25,4.3333,1.57,2.3,1.1667,1.2,1.6667,2.1,52186,Premier League 23/24
https://www.sofascore.com/manchester-city-sheffield-united/psr,2023-12-30,12:00,Manchester City,Sheffield United,1.08,13.0,19.0,1.02,8.0,1.04,2.625,1.4444,52186,Premier League 23/24
https://www.sofascore.com/aston-villa-burnley/gsP,2023-12-30,12:00,Aston Villa,Burnley,1.44,5.0,6.5,1.1111,2.625,1.1667,1.7,2.05,52186,Premier League 23/24
https://www.sofascore.com/everton-wolverhampton/dsY,2023-12-30,12:00,Wolves,Everton,2.7,3.3,2.63,1.4444,1.4444,1.3333,1.8,1.95,52186,Premier League 23/24
https://www.sofascore.com/brentford-crystal-palace/hsab,2023-12-30,12:00,Crystal Palace,Brentford,2.05,3.4,3.6,1.2857,1.7273,1.3,1.95,1.8,52186,Premier League 23/24
https://www.sofascore.com/manchester-united-nottingham-forest/osK,2023-12-30,14:30,Nottingham Forest,Manchester Utd,3.2,3.6,2.15,1.6667,1.3636,1.2857,1.6154,2.2,52186,Premier League 23/24
https://www.sofascore.com/fulham-arsenal/RsT,2023-12-31,11:00,Fulham,Arsenal,6.0,4.0,1.57,2.3,1.125,1.2222,1.9091,1.9091,52186,Premier League 23/24
https://www.sofascore.com/bournemouth-tottenham-hotspur/Iskb,2023-12-31,11:00,Tottenham Hotspur,Bournemouth,1.75,4.5,3.8,1.25,2.0,1.1818,1.3636,3.0,52186,Premier League 23/24
https://www.sofascore.com/liverpool-newcastle-united/OU,2024-01-01,17:00,Liverpool FC,Newcastle United,1.4,5.0,7.0,1.1,2.75,1.1667,1.5714,2.25,52186,Premier League 23/24
https://www.sofascore.com/west-ham-united-brighton-and-hove-albion/FsM,2024-01-02,16:30,West Ham United,Brighton,3.1,3.6,2.2,1.6667,1.3636,1.2857,1.5333,2.375,52186,Premier League 23/24
https://www.sofascore.com/luton-town-burnley/gsxb,2024-01-12,16:45,Burnley,Luton Town,2.15,3.4,3.4,1.3,1.6667,1.3,1.75,2.0,52186,Premier League 23/24
https://www.sofascore.com/fulham-chelsea/NsT,2024-01-13,09:30,Chelsea,Fulham,1.62,4.2,5.25,1.1667,2.25,1.2222,1.75,2.0,52186,Premier League 23/24
https://www.sofascore.com/newcastle-united-manchester-city/rO,2024-01-13,14:30,Newcastle United,Manchester City,5.0,4.0,1.65,2.1,1.1818,1.2222,1.6667,2.1,52186,Premier League 23/24
https://www.sofascore.com/everton-aston-villa/PY,2024-01-14,11:00,Everton,Aston Villa,2.55,3.5,2.7,1.4444,1.5,1.2857,1.5714,2.25,52186,Premier League 23/24
https://www.sofascore.com/manchester-united-tottenham-hotspur/IsK,2024-01-14,13:30,Manchester Utd,Tottenham Hotspur,2.05,4.0,3.25,1.3333,1.7273,1.2222,1.4444,2.625,52186,Premier League 23/24
https://www.sofascore.com/arsenal-crystal-palace/hsR,2024-01-20,09:30,Arsenal,Crystal Palace,1.25,6.0,12.0,1.05,3.75,1.125,2.25,1.5714,52186,Premier League 23/24
https://www.sofascore.com/brentford-nottingham-forest/osab,2024-01-20,14:30,Brentford,Nottingham Forest,1.75,3.75,4.75,1.1818,2.0,1.25,1.8,1.95,52186,Premier League 23/24
https://www.sofascore.com/west-ham-united-sheffield-united/pM,2024-01-21,11:00,Sheffield United,West Ham United,2.9,3.3,2.5,1.5,1.4,1.3333,1.75,2.0,52186,Premier League 23/24
https://www.sofascore.com/bournemouth-liverpool/Uskb,2024-01-21,13:30,Bournemouth,Liverpool,4.3333,4.5,1.67,2.05,1.2222,1.1818,1.5,2.5,52186,Premier League 23/24
https://www.sofascore.com/brighton-and-hove-albion-wolverhampton/dsF,2024-01-22,16:45,Brighton,Wolves,1.62,4.0,5.0,1.1667,2.25,1.2222,1.6667,2.1,52186,Premier League 23/24
https://www.sofascore.com/arsenal-nottingham-forest/osR,2024-01-30,16:30,Nottingham Forest,Arsenal,8.5,5.0,1.4,2.75,1.1,1.1818,1.9091,1.9091,52186,Premier League 23/24
https://www.sofascore.com/luton-town-brighton-and-hove-albion/Fsxb,2024-01-30,16:45,Luton Town,Brighton,4.2,4.2,1.8,1.95,1.2222,1.2222,1.6667,2.1,52186,Premier League 23/24
https://www.sofascore.com/everton-fulham/TsY,2024-01-30,16:45,Fulham,Everton,2.25,3.2,3.5,1.2857,1.6154,1.3636,1.9091,1.9091,52186,Premier League 23/24
https://www.sofascore.com/sheffield-united-crystal-palace/hsp,2024-01-30,17:00,Crystal Palace,Sheffield United,1.62,3.8,6.0,1.125,2.25,1.25,1.95,1.8,52186,Premier League 23/24
https://www.sofascore.com/aston-villa-newcastle-united/OP,2024-01-30,17:15,Aston Villa,Newcastle United,1.85,4.0,3.8,1.25,1.9091,1.2222,1.5333,2.375,52186,Premier League 23/24
https://www.sofascore.com/manchester-city-burnley/gsr,2024-01-31,16:30,Manchester City,Burnley,1.1,11.0,19.0,1.025,6.5,1.0625,2.25,1.5714,52186,Premier League 23/24
https://www.sofascore.com/brentford-tottenham-hotspur/Isab,2024-01-31,16:30,Tottenham Hotspur,Brentford,1.6,4.3333,5.0,1.1667,2.3,1.2,1.5333,2.375,52186,Premier League 23/24
https://www.sofascore.com/liverpool-chelsea/NsU,2024-01-31,17:15,Liverpool,Chelsea,1.6,4.3333,5.0,1.1667,2.3,1.2,1.5333,2.375,52186,Premier League 23/24
https://www.sofascore.com/bournemouth-west-ham-united/Mkb,2024-02-01,16:30,West Ham United,Bournemouth,2.38,3.6,2.8,1.4,1.5714,1.25,1.5714,2.25,52186,Premier League 23/24
https://www.sofascore.com/manchester-united-wolverhampton/dsK,2024-02-01,17:15,Wolves,Manchester Utd,2.8,3.5,2.4,1.5333,1.4,1.2857,1.7,2.05,52186,Premier League 23/24
https://www.sofascore.com/everton-tottenham-hotspur/UwXh,2024-02-03,09:30,Everton,Tottenham Hotspur,3.1,3.75,2.15,1.6667,1.3636,1.2857,1.5333,2.375,52186,Premier League 23/24
https://www.sofascore.com/luton-town-newcastle-united/Osxb,2024-02-03,12:00,Newcastle United,Luton Town,1.55,4.5,5.25,1.1667,2.375,1.1818,1.7,2.05,52186,Premier League 23/24
https://www.sofascore.com/brighton-and-hove-albion-crystal-palace/hsF,2024-02-03,12:00,Brighton,Crystal Palace,1.7,4.0,5.0,1.1667,2.1,1.2222,1.95,1.8,52186,Premier League 23/24
https://www.sofascore.com/fulham-burnley/gsT,2024-02-03,12:00,Burnley,Fulham,2.9,3.3,2.4,1.5333,1.4,1.3333,1.8,1.95,52186,Premier League 23/24
https://www.sofascore.com/aston-villa-sheffield-united/psP,2024-02-03,14:30,Sheffield United,Aston Villa,5.0,4.2,1.62,2.25,1.1667,1.2222,1.7,2.05,52186,Premier League 23/24
https://www.sofascore.com/west-ham-united-manchester-united/KM,2024-02-04,11:00,Manchester Utd,West Ham United,1.55,4.3333,5.5,1.1429,2.375,1.2,1.6667,2.1,52186,Premier League 23/24
https://www.sofascore.com/chelsea-wolverhampton/dsN,2024-02-04,11:00,Chelsea,Wolves,1.55,4.2,5.75,1.1429,2.375,1.2222,1.7,2.05,52186,Premier League 23/24
https://www.sofascore.com/bournemouth-nottingham-forest/oskb,2024-02-04,11:00,Bournemouth,Nottingham Forest,1.65,4.3333,4.75,1.1818,2.2,1.2,1.6154,2.2,52186,Premier League 23/24
https://www.sofascore.com/liverpool-arsenal/HQfh,2024-02-04,13:30,Arsenal,Liverpool,2.1,3.6,3.25,1.3333,1.7,1.2857,1.6154,2.2,52186,Premier League 23/24
https://www.sofascore.com/brentford-manchester-city/rsab,2024-02-05,17:00,Brentford,Manchester City,7.5,5.25,1.36,3.0,1.1,1.1667,1.7,2.05,52186,Premier League 23/24
https://www.sofascore.com/everton-manchester-city/rY,2024-02-10,09:30,Manchester City,Everton,1.2,7.0,13.0,1.05,4.0,1.1,2.0,1.75,52186,Premier League 23/24
https://www.sofascore.com/liverpool-burnley/gsU,2024-02-10,12:00,Liverpool,Burnley,1.18,8.0,17.0,1.025,4.5,1.0833,1.8,1.95,52186,Premier League 23/24
https://www.sofascore.com/tottenham-hotspur-brighton-and-hove-albion/FsI,2024-02-10,12:00,Tottenham Hotspur,Brighton,1.73,4.3333,4.0,1.2222,2.05,1.2,1.3636,3.0,52186,Premier League 23/24
https://www.sofascore.com/brentford-wolverhampton/dsab,2024-02-10,12:00,Wolves,Brentford,2.1,3.5,3.4,1.3,1.7,1.2857,1.6154,2.2,52186,Premier League 23/24
https://www.sofascore.com/bournemouth-fulham/Tskb,2024-02-10,12:00,Fulham,Bournemouth,2.45,3.6,2.7,1.4444,1.5333,1.2857,1.6154,2.2,52186,Premier League 23/24
https://www.sofascore.com/luton-town-sheffield-united/psxb,2024-02-10,12:00,Luton Town,Sheffield United,1.7,3.9,4.75,1.1818,2.1,1.25,1.75,2.0,52186,Premier League 23/24
https://www.sofascore.com/newcastle-united-nottingham-forest/osO,2024-02-10,14:30,Nottingham Forest,Newcastle United,3.1,3.75,2.15,1.7,1.3636,1.25,1.5714,2.25,52186,Premier League 23/24
https://www.sofascore.com/arsenal-west-ham-united/MR,2024-02-11,11:00,West Ham United,Arsenal,6.5,4.3333,1.5,2.5,1.1111,1.2,1.9091,1.9091,52186,Premier League 23/24
https://www.sofascore.com/aston-villa-manchester-united/KP,2024-02-11,13:30,Aston Villa,Manchester Utd,2.15,3.8,3.1,1.3636,1.6667,1.25,1.4444,2.625,52186,Premier League 23/24
https://www.sofascore.com/chelsea-crystal-palace/hN,2024-02-12,17:00,Crystal Palace,Chelsea,4.75,4.0,1.73,2.05,1.1818,1.2222,1.75,2.0,52186,Premier League 23/24
https://www.sofascore.com/brentford-liverpool/Usab,2024-02-17,09:30,Brentford,Liverpool,4.75,4.2,1.67,2.25,1.1818,1.2222,1.5333,2.375,52186,Premier League 23/24
https://www.sofascore.com/arsenal-burnley/gsR,2024-02-17,12:00,Burnley,Arsenal,9.5,5.5,1.3,3.4,1.0714,1.1429,1.95,1.8,52186,Premier League 23/24
https://www.sofascore.com/tottenham-hotspur-wolverhampton/dsI,2024-02-17,12:00,Tottenham Hotspur,Wolves,1.53,4.75,5.25,1.1667,2.375,1.1818,1.5,2.5,52186,Premier League 23/24
https://www.sofascore.com/bournemouth-newcastle-united/Okb,2024-02-17,12:00,Newcastle United,Bournemouth,2.0,4.0,3.4,1.3,1.8,1.2222,1.5,2.5,52186,Premier League 23/24
https://www.sofascore.com/fulham-aston-villa/PsT,2024-02-17,12:00,Fulham,Aston Villa,2.88,3.75,2.3,1.5714,1.4,1.25,1.5333,2.375,52186,Premier League 23/24
https://www.sofascore.com/west-ham-united-nottingham-forest/osM,2024-02-17,12:00,Nottingham Forest,West Ham United,2.25,3.6,3.2,1.3636,1.6154,1.2857,1.7,2.05,52186,Premier League 23/24
https://www.sofascore.com/chelsea-manchester-city/rN,2024-02-17,14:30,Manchester City,Chelsea,1.33,6.0,7.5,1.1,3.25,1.125,1.5714,2.25,52186,Premier League 23/24
https://www.sofascore.com/brighton-and-hove-albion-sheffield-united/psF,2024-02-18,11:00,Sheffield United,Brighton,4.5,4.3333,1.6667,2.05,1.2,1.2222,1.6154,2.2,52186,Premier League 23/24
https://www.sofascore.com/luton-town-manchester-united/Ksxb,2024-02-18,13:30,Luton Town,Manchester Utd,4.0,4.0,1.83,2.0,1.2222,1.2222,1.5333,2.375,52186,Premier League 23/24
https://www.sofascore.com/everton-crystal-palace/hY,2024-02-19,17:00,Everton,Crystal Palace,1.8,3.3,5.0,1.1667,1.95,1.3333,2.1,1.6667,52186,Premier League 23/24
https://www.sofascore.com/brentford-manchester-city/rsab,2024-02-20,16:30,Manchester City,Brentford,1.18,7.5,13.0,1.04,4.5,1.1,1.9091,1.9091,52186,Premier League 23/24
https://www.sofascore.com/luton-town-liverpool/Usxb,2024-02-21,16:30,Liverpool,Luton Town,1.29,6.0,8.0,1.0714,3.75,1.1111,1.7,2.05,52186,Premier League 23/24
https://www.sofascore.com/fulham-manchester-united/KsT,2024-02-24,12:00,Manchester Utd,Fulham,1.65,4.3333,5.0,1.1667,2.2,1.2,1.5714,2.25,52186,Premier League 23/24
https://www.sofascore.com/aston-villa-nottingham-forest/osP,2024-02-24,12:00,Aston Villa,Nottingham Forest,1.57,4.5,5.5,1.1667,2.3,1.2,1.5714,2.25,52186,Premier League 23/24
https://www.sofascore.com/everton-brighton-and-hove-albion/FsY,2024-02-24,12:00,Brighton,Everton,1.8333,3.8,4.0,1.25,1.9091,1.25,1.5714,2.25,52186,Premier League 23/24
https://www.sofascore.com/crystal-palace-burnley/gsh,2024-02-24,12:00,Crystal Palace,Burnley,1.95,3.5,4.0,1.2222,1.8,1.2857,1.9091,1.9091,52186,Premier League 23/24
https://www.sofascore.com/bournemouth-manchester-city/rkb,2024-02-24,14:30,Bournemouth,Manchester City,7.0,4.5,1.41,2.625,1.1111,1.1818,1.6154,2.2,52186,Premier League 23/24
https://www.sofascore.com/arsenal-newcastle-united/Ardc,2024-02-24,17:00,Arsenal,Newcastle United,1.33,5.5,8.0,1.1,3.0,1.1429,1.7,2.05,52186,Premier League 23/24
https://www.sofascore.com/sheffield-united-wolverhampton/dsp,2024-02-25,10:30,Wolves,Sheffield United,1.45,4.5,7.0,1.1,2.625,1.1818,1.9091,1.9091,52186,Premier League 23/24
https://www.sofascore.com/brentford-west-ham-united/Msab,2024-02-26,17:00,West Ham United,Brentford,2.3,3.6,3.0,1.3636,1.5714,1.2857,1.6154,2.2,52186,Premier League 23/24
https://www.sofascore.com/liverpool-nottingham-forest/osU,2024-03-02,12:00,Nottingham Forest,Liverpool,5.0,4.3333,1.65,2.3,1.1667,1.2,1.5714,2.25,52186,Premier League 23/24
https://www.sofascore.com/brentford-chelsea/Nsab,2024-03-02,12:00,Brentford,Chelsea,3.2,3.6,2.15,1.6667,1.3636,1.2857,1.5333,2.375,52186,Premier League 23/24
https://www.sofascore.com/tottenham-hotspur-crystal-palace/hI,2024-03-02,12:00,Tottenham Hotspur,Crystal Palace,1.53,4.5,5.75,1.1429,2.375,1.1818,1.6154,2.2,52186,Premier League 23/24
https://www.sofascore.com/newcastle-united-wolverhampton/dsO,2024-03-02,12:00,Newcastle United,Wolves,1.75,4.2,4.2,1.2222,2.0,1.2222,1.5714,2.25,52186,Premier League 23/24
https://www.sofascore.com/everton-west-ham-united/MY,2024-03-02,12:00,Everton,West Ham United,2.05,3.6,3.5,1.3,1.7,1.2857,1.75,2.0,52186,Premier League 23/24
https://www.sofascore.com/fulham-brighton-and-hove-albion/FsT,2024-03-02,12:00,Fulham,Brighton,2.5,3.5,2.75,1.4,1.5,1.2857,1.6154,2.2,52186,Premier League 23/24
https://www.sofascore.com/luton-town-aston-villa/Psxb,2024-03-02,14:30,Luton Town,Aston Villa,4.3333,4.3333,1.7,2.2,1.1818,1.2,1.5,2.5,52186,Premier League 23/24
https://www.sofascore.com/bournemouth-burnley/gskb,2024-03-03,10:00,Burnley,Bournemouth,3.6,3.6,2.0,1.8,1.2857,1.2857,1.5714,2.25,52186,Premier League 23/24
https://www.sofascore.com/manchester-united-manchester-city/rK,2024-03-03,12:30,Manchester City,Manchester Utd,1.25,6.5,9.5,1.0714,3.75,1.1111,1.7,2.05,52186,Premier League 23/24
https://www.sofascore.com/arsenal-sheffield-united/psR,2024-03-04,17:00,Sheffield United,Arsenal,13.0,7.5,1.18,4.5,1.04,1.1,2.2,1.6154,52186,Premier League 23/24
https://www.sofascore.com/everton-manchester-united/KsY,2024-03-09,09:30,Manchester Utd,Everton,1.85,3.75,4.0,1.2222,1.9091,1.25,1.6154,2.2,52186,Premier League 23/24
https://www.sofascore.com/fulham-wolverhampton/dsT,2024-03-09,12:00,Wolves,Fulham,2.38,3.4,2.9,1.4,1.5333,1.3,1.7,2.05,52186,Premier League 23/24
https://www.sofascore.com/luton-town-crystal-palace/hsxb,2024-03-09,12:00,Crystal Palace,Luton Town,1.8,3.75,4.0,1.2222,1.9091,1.25,1.75,2.0,52186,Premier League 23/24
https://www.sofascore.com/bournemouth-sheffield-united/pskb,2024-03-09,12:00,Bournemouth,Sheffield United,1.33,5.25,8.0,1.1,3.25,1.1429,1.8,1.95,52186,Premier League 23/24
https://www.sofascore.com/brentford-arsenal/Rsab,2024-03-09,14:30,Arsenal,Brentford,1.2,7.0,13.0,1.04,4.3333,1.1,1.95,1.8,52186,Premier League 23/24
https://www.sofascore.com/aston-villa-tottenham-hotspur/IP,2024-03-10,10:00,Aston Villa,Tottenham Hotspur,2.4,4.0,2.6,1.5,1.5333,1.2222,1.3333,3.25,52186,Premier League 23/24
https://www.sofascore.com/west-ham-united-burnley/gsM,2024-03-10,11:00,West Ham United,Burnley,1.62,4.0,5.25,1.1667,2.25,1.2222,1.75,2.0,52186,Premier League 23/24
https://www.sofascore.com/brighton-and-hove-albion-nottingham-forest/osF,2024-03-10,11:00,Brighton,Nottingham Forest,1.62,4.2,4.75,1.1818,2.25,1.2222,1.6667,2.1,52186,Premier League 23/24
https://www.sofascore.com/liverpool-manchester-city/rU,2024-03-10,12:45,Liverpool,Manchester City,3.4,3.8,2.05,1.7273,1.3,1.25,1.4444,2.625,52186,Premier League 23/24
https://www.sofascore.com/newcastle-united-chelsea/NO,2024-03-11,17:00,Chelsea,Newcastle United,1.85,4.0,3.6,1.2857,1.9091,1.2222,1.4444,2.625,52186,Premier League 23/24
https://www.sofascore.com/luton-town-bournemouth/kbsxb,2024-03-13,16:30,Bournemouth,Luton Town,1.53,4.75,5.5,1.1429,2.375,1.1818,1.5,2.5,52186,Premier League 23/24
https://www.sofascore.com/brentford-burnley/gsab,2024-03-16,12:00,Burnley,Brentford,3.1,3.75,2.2,1.6667,1.3636,1.25,1.6154,2.2,52186,Premier League 23/24
https://www.sofascore.com/luton-town-nottingham-forest/osxb,2024-03-16,12:00,Luton Town,Nottingham Forest,2.6,3.5,2.6,1.4444,1.4444,1.2857,1.5333,2.375,52186,Premier League 23/24
https://www.sofascore.com/fulham-tottenham-hotspur/IsT,2024-03-16,14:30,Fulham,Tottenham Hotspur,3.25,4.0,2.0,1.8,1.3333,1.2222,1.4444,2.625,52186,Premier League 23/24
https://www.sofascore.com/aston-villa-west-ham-united/MP,2024-03-17,11:00,West Ham United,Aston Villa,2.5,3.75,2.7,1.4444,1.5,1.25,1.5,2.5,52186,Premier League 23/24
https://www.sofascore.com/newcastle-united-west-ham-united/MO,2024-03-30,09:30,Newcastle United,West Ham United,1.83,4.2,3.75,1.25,1.9091,1.2222,1.5,2.5,52186,Premier League 23/24
https://www.sofascore.com/chelsea-burnley/gsN,2024-03-30,12:00,Chelsea,Burnley,1.29,6.5,9.0,1.0714,3.5,1.1111,1.75,2.0,52186,Premier League 23/24
https://www.sofascore.com/luton-town-tottenham-hotspur/Isxb,2024-03-30,12:00,Tottenham Hotspur,Luton Town,1.22,8.0,9.0,1.0714,4.0,1.0833,1.5333,2.375,52186,Premier League 23/24
https://www.sofascore.com/bournemouth-everton/Yskb,2024-03-30,12:00,Bournemouth,Everton,2.15,3.75,3.2,1.3636,1.6667,1.25,1.5714,2.25,52186,Premier League 23/24
https://www.sofascore.com/fulham-sheffield-united/psT,2024-03-30,12:00,Sheffield United,Fulham,4.75,4.0,1.7,2.1,1.1818,1.2222,1.7,2.05,52186,Premier League 23/24
https://www.sofascore.com/nottingham-forest-crystal-palace/hso,2024-03-30,12:00,Nottingham Forest,Crystal Palace,2.25,3.3,3.3,1.3,1.6667,1.3333,1.8,1.95,52186,Premier League 23/24
https://www.sofascore.com/aston-villa-wolverhampton/dsP,2024-03-30,14:30,Aston Villa,Wolves,1.53,4.3333,5.75,1.1429,2.375,1.2,1.75,2.0,52186,Premier League 23/24
https://www.sofascore.com/brentford-manchester-united/Ksab,2024-03-30,17:00,Brentford,Manchester Utd,3.2,4.0,2.05,1.7273,1.3636,1.2222,1.4,2.75,52186,Premier League 23/24
https://www.sofascore.com/liverpool-brighton-and-hove-albion/FsU,2024-03-31,10:00,Liverpool,Brighton,1.3,6.0,8.5,1.0833,3.4,1.125,1.5333,2.375,52186,Premier League 23/24
https://www.sofascore.com/arsenal-manchester-city/rsR,2024-03-31,12:30,Manchester City,Arsenal,2.05,3.75,3.5,1.2857,1.8,1.25,1.7,2.05,52186,Premier League 23/24
https://www.sofascore.com/everton-newcastle-united/OY,2024-04-02,15:30,Newcastle United,Everton,1.95,3.75,3.6,1.3333,1.7,1.25,1.5714,2.25,52186,Premier League 23/24
https://www.sofascore.com/fulham-nottingham-forest/osT,2024-04-02,15:30,Nottingham Forest,Fulham,2.7,3.4,2.6,1.4444,1.4444,1.3,1.6154,2.2,52186,Premier League 23/24
https://www.sofascore.com/burnley-wolverhampton/dsg,2024-04-02,15:45,Burnley,Wolves,2.2,3.6,3.0,1.4,1.5714,1.2857,1.7,2.05,52186,Premier League 23/24
https://www.sofascore.com/bournemouth-crystal-palace/hkb,2024-04-02,15:45,Bournemouth,Crystal Palace,1.85,3.8,3.8,1.25,1.9091,1.25,1.7,2.05,52186,Premier League 23/24
https://www.sofascore.com/west-ham-united-tottenham-hotspur/IM,2024-04-02,16:15,West Ham United,Tottenham Hotspur,3.4,4.2,1.95,1.8,1.3,1.2222,1.4,2.75,52186,Premier League 23/24
https://www.sofascore.com/luton-town-arsenal/Rsxb,2024-04-03,15:30,Arsenal,Luton Town,1.14,9.5,15.0,1.0303,5.5,1.0714,1.95,1.8,52186,Premier League 23/24
https://www.sofascore.com/brentford-brighton-and-hove-albion/Fsab,2024-04-03,15:30,Brentford,Brighton,2.38,3.8,2.7,1.4444,1.5333,1.25,1.5,2.5,52186,Premier League 23/24
https://www.sofascore.com/aston-villa-manchester-city/rP,2024-04-03,16:15,Manchester City,Aston Villa,1.29,6.0,9.5,1.0625,3.75,1.1111,1.95,1.8,52186,Premier League 23/24
https://www.sofascore.com/liverpool-sheffield-united/psU,2024-04-04,15:30,Liverpool,Sheffield United,1.07,15.0,21.0,1.0152,9.0,1.0303,1.95,1.8,52186,Premier League 23/24
https://www.sofascore.com/chelsea-manchester-united/mcYb,2024-04-04,16:15,Chelsea,Manchester Utd,1.85,4.2,3.75,1.25,1.9091,1.2222,1.4,2.75,52186,Premier League 23/24
https://www.sofascore.com/manchester-city-crystal-palace/hr,2024-04-06,08:30,Crystal Palace,Manchester City,10.0,5.0,1.33,3.4,1.05,1.1667,2.0,1.75,52186,Premier League 23/24
https://www.sofascore.com/fulham-newcastle-united/OsT,2024-04-06,11:00,Fulham,Newcastle United,2.45,3.6,2.8,1.4,1.5333,1.2857,1.5,2.5,52186,Premier League 23/24
https://www.sofascore.com/brentford-aston-villa/Psab,2024-04-06,11:00,Aston Villa,Brentford,1.65,4.0,5.25,1.1429,2.25,1.2222,1.6154,2.2,52186,Premier League 23/24
https://www.sofascore.com/west-ham-united-wolverhampton/dsM,2024-04-06,11:00,Wolves,West Ham United,2.7,3.6,2.5,1.5,1.4444,1.2857,1.6667,2.1,52186,Premier League 23/24
https://www.sofascore.com/everton-burnley/gsY,2024-04-06,11:00,Everton,Burnley,1.75,3.8,4.5,1.1818,2.0,1.25,1.6667,2.1,52186,Premier League 23/24
https://www.sofascore.com/luton-town-bournemouth/kbsxb,2024-04-06,11:00,Luton Town,Bournemouth,4.0,3.75,1.85,1.8333,1.25,1.25,1.5,2.5,52186,Premier League 23/24
https://www.sofascore.com/arsenal-brighton-and-hove-albion/FsR,2024-04-06,13:30,Brighton,Arsenal,6.5,4.5,1.5,2.5,1.1111,1.1818,1.75,2.0,52186,Premier League 23/24
https://www.sofascore.com/liverpool-manchester-united/KU,2024-04-07,11:30,Manchester Utd,Liverpool,4.75,4.5,1.57,2.3,1.1818,1.1818,1.3636,3.0,52186,Premier League 23/24
https://www.sofascore.com/chelsea-sheffield-united/psN,2024-04-07,13:30,Sheffield United,Chelsea,6.5,5.25,1.44,2.625,1.1111,1.1667,1.5714,2.25,52186,Premier League 23/24
https://www.sofascore.com/tottenham-hotspur-nottingham-forest/osI,2024-04-07,14:00,Tottenham Hotspur,Nottingham Forest,1.44,5.25,5.75,1.1429,2.625,1.1667,1.5714,2.25,52186,Premier League 23/24
https://www.sofascore.com/newcastle-united-tottenham-hotspur/IO,2024-04-13,08:30,Newcastle United,Tottenham Hotspur,2.55,4.0,2.45,1.5714,1.4444,1.2222,1.3333,3.25,52186,Premier League 23/24
https://www.sofascore.com/luton-town-manchester-city/rsxb,2024-04-13,11:00,Manchester City,Luton Town,1.08,13.0,17.0,1.025,8.0,1.04,1.95,1.8,52186,Premier League 23/24
https://www.sofascore.com/brighton-and-hove-albion-burnley/gsF,2024-04-13,11:00,Burnley,Brighton,3.6,3.8,1.91,1.8333,1.2857,1.25,1.5714,2.25,52186,Premier League 23/24
https://www.sofascore.com/nottingham-forest-wolverhampton/dso,2024-04-13,11:00,Nottingham Forest,Wolves,2.0,3.4,3.75,1.25,1.8,1.3,1.75,2.0,52186,Premier League 23/24
https://www.sofascore.com/brentford-sheffield-united/psab,2024-04-13,11:00,Brentford,Sheffield United,1.5,4.75,6.0,1.125,2.5,1.1818,1.6667,2.1,52186,Premier League 23/24
https://www.sofascore.com/bournemouth-manchester-united/Kkb,2024-04-13,13:30,Bournemouth,Manchester Utd,2.3,4.0,2.63,1.4444,1.5714,1.2222,1.3636,3.0,52186,Premier League 23/24
https://www.sofascore.com/liverpool-crystal-palace/hsU,2024-04-14,10:00,Liverpool,Crystal Palace,1.22,7.0,11.0,1.05,4.0,1.1,1.7,2.05,52186,Premier League 23/24
https://www.sofascore.com/fulham-west-ham-united/MsT,2024-04-14,10:00,West Ham United,Fulham,2.4,3.6,2.8,1.4,1.5333,1.2857,1.5714,2.25,52186,Premier League 23/24
https://www.sofascore.com/arsenal-aston-villa/PR,2024-04-14,12:30,Arsenal,Aston Villa,1.25,6.0,10.0,1.0625,3.75,1.125,1.8,1.95,52186,Premier League 23/24
https://www.sofascore.com/everton-chelsea/BQy,2024-04-15,16:00,Chelsea,Everton,1.67,4.0,4.75,1.1818,2.15,1.2222,1.6154,2.2,52186,Premier League 23/24
https://www.sofascore.com/luton-town-brentford/absxb,2024-04-20,11:00,Luton Town,Brentford,2.8,3.75,2.3,1.5714,1.4,1.25,1.5714,2.25,52186,Premier League 23/24
https://www.sofascore.com/sheffield-united-burnley/gsp,2024-04-20,11:00,Sheffield United,Burnley,2.6,3.5,2.63,1.4444,1.5,1.2857,1.5714,2.25,52186,Premier League 23/24
https://www.sofascore.com/arsenal-wolverhampton/dsR,2024-04-20,15:30,Wolves,Arsenal,10.0,5.75,1.25,4.0,1.05,1.125,2.05,1.7,52186,Premier League 23/24
https://www.sofascore.com/everton-nottingham-forest/osY,2024-04-21,09:30,Everton,Nottingham Forest,2.25,3.2,3.4,1.3,1.6154,1.3636,1.9091,1.9091,52186,Premier League 23/24
https://www.sofascore.com/bournemouth-aston-villa/Pkb,2024-04-21,11:00,Aston Villa,Bournemouth,1.83,4.0,3.8,1.25,1.9091,1.2222,1.4444,2.625,52186,Premier League 23/24
https://www.sofascore.com/west-ham-united-crystal-palace/hsM,2024-04-21,11:00,Crystal Palace,West Ham United,2.15,3.5,3.25,1.3333,1.6667,1.2857,1.6154,2.2,52186,Premier League 23/24
https://www.sofascore.com/liverpool-fulham/TsU,2024-04-21,12:30,Fulham,Liverpool,4.3333,4.5,1.67,2.15,1.2,1.1818,1.5,2.5,52186,Premier League 23/24
https://www.sofascore.com/arsenal-chelsea/NR,2024-04-23,16:00,Arsenal,Chelsea,1.36,5.0,7.5,1.1,3.0,1.1667,1.8,1.95,52186,Premier League 23/24
https://www.sofascore.com/bournemouth-wolverhampton/dskb,2024-04-24,15:45,Wolves,Bournemouth,2.7,3.75,2.4,1.5333,1.4444,1.25,1.5333,2.375,52186,Premier League 23/24
https://www.sofascore.com/everton-liverpool/UsY,2024-04-24,16:00,Everton,Liverpool,7.0,5.0,1.4,2.75,1.1,1.1667,1.7,2.05,52186,Premier League 23/24
https://www.sofascore.com/manchester-united-sheffield-united/psK,2024-04-24,16:00,Manchester Utd,Sheffield United,1.3,6.0,8.5,1.0833,3.4,1.125,1.5714,2.25,52186,Premier League 23/24
https://www.sofascore.com/newcastle-united-crystal-palace/hO,2024-04-24,16:00,Crystal Palace,Newcastle United,3.1,3.6,2.2,1.6667,1.3636,1.2857,1.5333,2.375,52186,Premier League 23/24
https://www.sofascore.com/brighton-and-hove-albion-manchester-city/rsF,2024-04-25,16:00,Brighton,Manchester City,8.0,5.5,1.33,3.25,1.0833,1.1429,1.6154,2.2,52186,Premier League 23/24
https://www.sofascore.com/liverpool-west-ham-united/MU,2024-04-27,08:30,West Ham United,Liverpool,5.0,4.75,1.55,2.375,1.1667,1.1818,1.4444,2.625,52186,Premier League 23/24
https://www.sofascore.com/manchester-united-burnley/gK,2024-04-27,11:00,Manchester Utd,Burnley,1.5,5.0,5.5,1.1429,2.5,1.1667,1.4,2.75,52186,Premier League 23/24
https://www.sofascore.com/newcastle-united-sheffield-united/psO,2024-04-27,11:00,Newcastle United,Sheffield United,1.2,7.5,11.0,1.05,4.3333,1.1,1.6154,2.2,52186,Premier League 23/24
https://www.sofascore.com/fulham-crystal-palace/hsT,2024-04-27,11:00,Fulham,Crystal Palace,2.05,3.5,3.5,1.2857,1.7273,1.2857,1.7,2.05,52186,Premier League 23/24
https://www.sofascore.com/luton-town-wolverhampton/dsxb,2024-04-27,11:00,Wolves,Luton Town,1.8,3.8,4.0,1.2222,1.95,1.25,1.5714,2.25,52186,Premier League 23/24
https://www.sofascore.com/brentford-everton/Ysab,2024-04-27,13:30,Everton,Brentford,2.8,3.5,2.4,1.5333,1.4,1.2857,1.7,2.05,52186,Premier League 23/24
https://www.sofascore.com/aston-villa-chelsea/NP,2024-04-27,16:00,Aston Villa,Chelsea,2.05,4.0,3.3,1.3333,1.7273,1.2222,1.4,2.75,52186,Premier League 23/24
https://www.sofascore.com/arsenal-tottenham-hotspur/IsR,2024-04-28,10:00,Tottenham Hotspur,Arsenal,4.3333,4.0,1.7273,2.1,1.2,1.2222,1.5333,2.375,52186,Premier League 23/24
https://www.sofascore.com/bournemouth-brighton-and-hove-albion/Fskb,2024-04-28,10:00,Bournemouth,Brighton,1.95,4.0,3.4,1.3,1.8,1.2222,1.4,2.75,52186,Premier League 23/24
https://www.sofascore.com/manchester-city-nottingham-forest/osr,2024-04-28,12:30,Nottingham Forest,Manchester City,12.0,6.0,1.25,3.75,1.05,1.125,1.9091,1.9091,52186,Premier League 23/24
https://www.sofascore.com/chelsea-tottenham-hotspur/IN,2024-05-02,15:30,Chelsea,Tottenham Hotspur,2.4,4.0,2.6,1.4444,1.5333,1.2222,1.3,3.4,52186,Premier League 23/24
https://www.sofascore.com/luton-town-everton/Ysxb,2024-05-03,16:00,Luton Town,Everton,2.7,3.75,2.4,1.5333,1.4444,1.25,1.6154,2.2,52186,Premier League 23/24
https://www.sofascore.com/bournemouth-arsenal/Rkb,2024-05-04,08:30,Arsenal,Bournemouth,1.2,7.0,13.0,1.0303,4.5,1.1,1.75,2.0,52186,Premier League 23/24
https://www.sofascore.com/newcastle-united-burnley/gsO,2024-05-04,11:00,Burnley,Newcastle United,3.4,4.0,1.95,1.8,1.3,1.2222,1.4,2.75,52186,Premier League 23/24
https://www.sofascore.com/brentford-fulham/Tsab,2024-05-04,11:00,Brentford,Fulham,2.05,4.0,3.25,1.3636,1.7273,1.2222,1.5,2.5,52186,Premier League 23/24
https://www.sofascore.com/sheffield-united-nottingham-forest/osp,2024-05-04,11:00,Sheffield United,Nottingham Forest,4.75,4.2,1.67,2.15,1.1818,1.2222,1.5714,2.25,52186,Premier League 23/24
https://www.sofascore.com/manchester-city-wolverhampton/dsr,2024-05-04,13:30,Manchester City,Wolves,1.08,13.0,19.0,1.02,8.0,1.04,2.0,1.75,52186,Premier League 23/24
https://www.sofascore.com/chelsea-west-ham-united/MsN,2024-05-05,10:00,Chelsea,West Ham United,1.5,5.0,5.5,1.1429,2.5,1.1667,1.4444,2.625,52186,Premier League 23/24
https://www.sofascore.com/aston-villa-brighton-and-hove-albion/FP,2024-05-05,10:00,Brighton,Aston Villa,2.45,3.75,2.63,1.4444,1.5333,1.25,1.3636,3.0,52186,Premier League 23/24
https://www.sofascore.com/liverpool-tottenham-hotspur/IsU,2024-05-05,12:30,Liverpool,Tottenham Hotspur,1.44,5.75,5.5,1.1429,2.625,1.1429,1.4,2.75,52186,Premier League 23/24
https://www.sofascore.com/manchester-united-crystal-palace/hK,2024-05-06,16:00,Crystal Palace,Manchester Utd,2.0,3.75,3.5,1.2857,1.8,1.25,1.5,2.5,52186,Premier League 23/24
https://www.sofascore.com/fulham-manchester-city/rsT,2024-05-11,08:30,Fulham,Manchester City,12.0,7.0,1.2,4.3333,1.05,1.1,1.6667,2.1,52186,Premier League 23/24
https://www.sofascore.com/tottenham-hotspur-burnley/gsI,2024-05-11,11:00,Tottenham Hotspur,Burnley,1.3,6.5,8.0,1.1,3.4,1.1111,1.4444,2.625,52186,Premier League 23/24
https://www.sofascore.com/newcastle-united-brighton-and-hove-albion/FsO,2024-05-11,11:00,Newcastle United,Brighton,1.6,4.75,4.75,1.1818,2.3,1.1818,1.4444,2.625,52186,Premier League 23/24
https://www.sofascore.com/luton-town-west-ham-united/Msxb,2024-05-11,11:00,West Ham United,Luton Town,1.8,4.0,3.8,1.25,1.95,1.2222,1.3636,3.0,52186,Premier League 23/24
https://www.sofascore.com/crystal-palace-wolverhampton/dsh,2024-05-11,11:00,Wolves,Crystal Palace,3.2,3.5,2.2,1.6667,1.3636,1.2857,1.6667,2.1,52186,Premier League 23/24
https://www.sofascore.com/everton-sheffield-united/psY,2024-05-11,11:00,Everton,Sheffield United,1.44,5.0,6.5,1.1111,2.625,1.1667,1.7,2.05,52186,Premier League 23/24
https://www.sofascore.com/bournemouth-brentford/abskb,2024-05-11,11:00,Bournemouth,Brentford,2.1,3.75,3.2,1.3636,1.7,1.25,1.4,2.75,52186,Premier League 23/24
https://www.sofascore.com/chelsea-nottingham-forest/osN,2024-05-11,13:30,Nottingham Forest,Chelsea,4.2,4.0,1.75,1.95,1.2222,1.2222,1.5714,2.25,52186,Premier League 23/24
https://www.sofascore.com/arsenal-manchester-united/KR,2024-05-12,12:30,Manchester Utd,Arsenal,9.5,6.0,1.29,3.5,1.0714,1.125,1.7,2.05,52186,Premier League 23/24
https://www.sofascore.com/liverpool-aston-villa/PU,2024-05-13,16:00,Aston Villa,Liverpool,3.7,4.75,1.75,2.0,1.2857,1.1818,1.3636,3.0,52186,Premier League 23/24
https://www.sofascore.com/tottenham-hotspur-manchester-city/rI,2024-05-14,16:00,Tottenham Hotspur,Manchester City,6.5,6.0,1.36,3.0,1.1111,1.125,1.5,2.5,52186,Premier League 23/24
https://www.sofascore.com/chelsea-brighton-and-hove-albion/FsN,2024-05-15,15:45,Brighton,Chelsea,3.2,4.0,2.0,1.8,1.3636,1.2222,1.3636,3.0,52186,Premier League 23/24
https://www.sofascore.com/newcastle-united-manchester-united/DYBe,2024-05-15,16:00,Manchester Utd,Newcastle United,2.75,3.9,2.3,1.5714,1.4,1.25,1.3636,3.0,52186,Premier League 23/24
https://www.sofascore.com/west-ham-united-manchester-city/rM,2024-05-19,12:00,Manchester City,West Ham United,1.0714,15.0,19.0,1.0152,9.0,1.0303,2.0,1.75,52186,Premier League 23/24
https://www.sofascore.com/manchester-united-brighton-and-hove-albion/FsK,2024-05-19,12:00,Brighton,Manchester Utd,2.5,4.0,2.5,1.5,1.5,1.2222,1.3,3.4,52186,Premier League 23/24
https://www.sofascore.com/liverpool-wolverhampton/dsU,2024-05-19,12:00,Liverpool,Wolves,1.13,9.5,17.0,1.025,6.0,1.0714,1.5714,2.25,52186,Premier League 23/24
https://www.sofascore.com/everton-arsenal/RY,2024-05-19,12:00,Arsenal,Everton,1.22,7.5,10.0,1.0625,4.0,1.1,1.8,1.95,52186,Premier League 23/24
https://www.sofascore.com/bournemouth-chelsea/Nskb,2024-05-19,12:00,Chelsea,Bournemouth,1.4,5.25,6.5,1.1111,2.75,1.1667,1.4,2.75,52186,Premier League 23/24
https://www.sofascore.com/tottenham-hotspur-sheffield-united/psI,2024-05-19,12:00,Sheffield United,Tottenham Hotspur,7.0,5.75,1.36,3.0,1.1,1.1429,1.4444,2.625,52186,Premier League 23/24
https://www.sofascore.com/brentford-newcastle-united/Osab,2024-05-19,12:00,Brentford,Newcastle United,2.9,3.9,2.15,1.6667,1.4,1.25,1.3333,3.25,52186,Premier League 23/24
https://www.sofascore.com/aston-villa-crystal-palace/hP,2024-05-19,12:00,Crystal Palace,Aston Villa,1.67,4.3333,4.3333,1.2,2.15,1.2,1.5,2.5,52186,Premier League 23/24
https://www.sofascore.com/luton-town-fulham/Tsxb,2024-05-19,12:00,Luton Town,Fulham,2.9,3.9,2.2,1.6667,1.3636,1.25,1.4444,2.625,52186,Premier League 23/24
https://www.sofascore.com/nottingham-forest-burnley/gso,2024-05-19,12:00,Burnley,Nottingham Forest,2.88,3.75,2.3,1.5714,1.4,1.25,1.5,2.5,52186,Premier League 23/24
