source_url,date,time,local_team,away_team,decimal_home_win,decimal_draw,decimal_away_win,decimal_home_or_draw,decimal_draw_or_away,decimal_home_or_away,decimal_btts_yes,decimal_btts_no,decimal_over_15,decimal_under_15,decimal_over_25,decimal_under_25
https://www.sofascore.com/fc-bayern-munchen-sv-werder-bremen/Jabsxdb,2023-08-18,15:30,SV Werder Bremen,FC Bayern München,7.5,6.0,1.3,3.4,1.0833,1.125,1.6667,2.1,1.1111,6.5,1.3636,3.2
https://www.sofascore.com/rb-leipzig-bayer-04-leverkusen/GdbskCo,2023-08-19,10:30,Bayer 04 Leverkusen,RB Leipzig,2.38,3.6,2.8,1.4,1.5333,1.2857,1.5714,2.25,1.2222,4.3333,1.6667,2.2
https://www.sofascore.com/tsg-hoffenheim-sc-freiburg/Nabsubb,2023-08-19,10:30,TSG Hoffenheim,SC Freiburg,2.15,3.6,3.1,1.3636,1.6667,1.2857,1.5714,2.25,1.2,4.5,1.6667,2.2
https://www.sofascore.com/fc-augsburg-borussia-mgladbach/Cabsacb,2023-08-19,10:30,FC Augsburg,Borussia M'gladbach,2.8,3.6,2.38,1.5333,1.4,1.2857,1.5333,2.375,1.2,4.5,1.6154,2.3
https://www.sofascore.com/1-fc-heidenheim-vfl-wolfsburg/zabsKrc,2023-08-19,10:30,VfL Wolfsburg,1. FC Heidenheim,1.62,4.2,5.0,1.1667,2.25,1.2222,1.6154,2.2,1.1667,5.0,1.5714,2.375
https://www.sofascore.com/vfb-stuttgart-vfl-bochum-1848/RabsCdb,2023-08-19,10:30,VfB Stuttgart,VfL Bochum 1848,1.73,4.2,4.2,1.2222,2.05,1.2222,1.6667,2.1,1.2,4.5,1.6154,2.3
https://www.sofascore.com/borussia-dortmund-1-fc-koln/wdbsydb,2023-08-19,13:30,Borussia Dortmund,1. FC Köln,1.45,5.0,6.0,1.125,2.625,1.1667,1.6154,2.2,1.1429,5.5,1.4444,2.75
https://www.sofascore.com/1-fsv-mainz-05-1-fc-union-berlin/Xabsgbb,2023-08-20,10:30,1. FC Union Berlin,1. FSV Mainz 05,2.15,3.4,3.5,1.2857,1.6667,1.3,1.95,1.8,1.4,3.0,2.2,1.6667
https://www.sofascore.com/eintracht-frankfurt-darmstadt-98/Bbbszdb,2023-08-20,12:30,Eintracht Frankfurt,Darmstadt 98,1.45,5.0,5.75,1.1429,2.625,1.1667,1.8,1.95,1.2222,4.3333,1.6667,2.2
https://www.sofascore.com/rb-leipzig-vfb-stuttgart/CdbskCo,2023-08-25,15:30,RB Leipzig,VfB Stuttgart,1.6,4.3333,5.0,1.1429,2.5,1.1818,1.6154,2.2,1.1667,5.0,1.5,2.625
https://www.sofascore.com/borussia-dortmund-vfl-bochum-1848/Rabsydb,2023-08-26,10:30,VfL Bochum 1848,Borussia Dortmund,6.0,4.5,1.53,2.5,1.125,1.1818,1.5333,2.375,1.125,6.0,1.4444,2.75
https://www.sofascore.com/darmstadt-98-1-fc-union-berlin/XabsBbb,2023-08-26,10:30,Darmstadt 98,1. FC Union Berlin,3.8,3.4,2.0,1.7,1.2857,1.3333,1.95,1.8,1.4,3.0,2.2,1.6667
https://www.sofascore.com/sc-freiburg-sv-werder-bremen/JabsNab,2023-08-26,10:30,SC Freiburg,SV Werder Bremen,1.73,4.0,4.5,1.2,2.0,1.2222,1.5714,2.25,1.2,4.5,1.6154,2.3
https://www.sofascore.com/1-fc-koln-vfl-wolfsburg/zabswdb,2023-08-26,10:30,1. FC Köln,VfL Wolfsburg,2.1,3.5,3.4,1.3,1.7,1.2857,1.5714,2.25,1.2222,4.3333,1.7273,2.1
https://www.sofascore.com/1-fc-heidenheim-tsg-hoffenheim/ubbsKrc,2023-08-26,10:30,1. FC Heidenheim,TSG Hoffenheim,3.1,3.75,2.15,1.6667,1.3636,1.25,1.5,2.5,1.1667,5.0,1.5714,2.375
https://www.sofascore.com/bayer-04-leverkusen-borussia-mgladbach/CabsGdb,2023-08-26,13:30,Borussia M'gladbach,Bayer 04 Leverkusen,4.2,3.8,1.8,2.05,1.1818,1.2222,1.5714,2.25,1.2,4.5,1.6154,2.3
https://www.sofascore.com/eintracht-frankfurt-1-fsv-mainz-05/gbbszdb,2023-08-27,10:30,1. FSV Mainz 05,Eintracht Frankfurt,2.45,3.25,2.88,1.4,1.5,1.3333,1.75,2.0,1.3,3.5,2.0,1.8
https://www.sofascore.com/fc-bayern-munchen-fc-augsburg/acbsxdb,2023-08-27,12:30,FC Bayern München,FC Augsburg,1.09,12.0,19.0,1.02,8.0,1.05,1.8,1.95,1.04,13.0,1.1667,5.0
https://www.sofascore.com/1-fc-heidenheim-borussia-dortmund/ydbsKrc,2023-09-01,15:30,Borussia Dortmund,1. FC Heidenheim,1.25,7.0,9.0,1.0714,3.75,1.1,1.6154,2.2,1.0833,8.0,1.2857,3.75
https://www.sofascore.com/bayer-04-leverkusen-darmstadt-98/BbbsGdb,2023-09-02,10:30,Bayer 04 Leverkusen,Darmstadt 98,1.22,6.5,11.0,1.05,4.0,1.1111,1.95,1.8,1.1429,5.5,1.4444,2.75
https://www.sofascore.com/vfb-stuttgart-sc-freiburg/NabsCdb,2023-09-02,10:30,VfB Stuttgart,SC Freiburg,2.25,3.5,3.1,1.3636,1.6154,1.2857,1.6154,2.2,1.2222,4.3333,1.7273,2.1
https://www.sofascore.com/tsg-hoffenheim-vfl-wolfsburg/zabsubb,2023-09-02,10:30,TSG Hoffenheim,VfL Wolfsburg,2.5,3.75,2.55,1.5,1.5,1.25,1.4,2.75,1.125,6.0,1.4444,2.75
https://www.sofascore.com/1-fsv-mainz-05-sv-werder-bremen/Jabsgbb,2023-09-02,10:30,SV Werder Bremen,1. FSV Mainz 05,2.6,3.4,2.6,1.5,1.5,1.3,1.6154,2.2,1.25,4.0,1.8,2.0
https://www.sofascore.com/fc-augsburg-vfl-bochum-1848/Rabsacb,2023-09-02,10:30,FC Augsburg,VfL Bochum 1848,2.2,3.6,3.2,1.3636,1.6667,1.2857,1.6154,2.2,1.2222,4.3333,1.6667,2.2
https://www.sofascore.com/fc-bayern-munchen-borussia-mgladbach/Cabsxdb,2023-09-02,13:30,Borussia M'gladbach,FC Bayern München,10.0,6.5,1.25,3.75,1.0625,1.1111,1.5333,2.375,1.0625,10.0,1.25,4.0
https://www.sofascore.com/eintracht-frankfurt-1-fc-koln/wdbszdb,2023-09-03,10:30,Eintracht Frankfurt,1. FC Köln,2.15,3.4,3.4,1.3,1.6667,1.3,1.75,2.0,1.3333,3.4,2.0,1.8
https://www.sofascore.com/rb-leipzig-1-fc-union-berlin/XabskCo,2023-09-03,12:30,1. FC Union Berlin,RB Leipzig,3.5,3.5,2.05,1.7273,1.2857,1.2857,1.7,2.05,1.25,4.0,1.8,2.0
https://www.sofascore.com/bayer-04-leverkusen-fc-bayern-munchen/xdbsGdb,2023-09-15,15:30,FC Bayern München,Bayer 04 Leverkusen,1.57,4.75,5.0,1.1818,2.3,1.1818,1.4444,2.625,1.1111,6.5,1.4,3.0
https://www.sofascore.com/borussia-dortmund-sc-freiburg/Nabsydb,2023-09-16,10:30,SC Freiburg,Borussia Dortmund,2.88,3.75,2.3,1.5714,1.4,1.25,1.4444,2.625,1.1429,5.5,1.4444,2.75
https://www.sofascore.com/rb-leipzig-fc-augsburg/acbskCo,2023-09-16,10:30,RB Leipzig,FC Augsburg,1.29,6.5,8.5,1.0833,3.5,1.1111,1.7,2.05,1.1111,6.5,1.3636,3.2
https://www.sofascore.com/1-fc-union-berlin-vfl-wolfsburg/zabsXab,2023-09-16,10:30,VfL Wolfsburg,1. FC Union Berlin,2.1,3.3,3.6,1.3333,1.6667,1.3,1.75,2.0,1.2857,3.75,1.9091,1.9091
https://www.sofascore.com/vfb-stuttgart-1-fsv-mainz-05/gbbsCdb,2023-09-16,10:30,1. FSV Mainz 05,VfB Stuttgart,2.63,3.4,2.63,1.4444,1.4444,1.3,1.6154,2.2,1.25,4.0,1.8,2.0
https://www.sofascore.com/1-fc-koln-tsg-hoffenheim/ubbswdb,2023-09-16,10:30,1. FC Köln,TSG Hoffenheim,2.2,3.75,3.0,1.3636,1.6667,1.25,1.5,2.5,1.1667,5.0,1.5714,2.375
https://www.sofascore.com/eintracht-frankfurt-vfl-bochum-1848/Rabszdb,2023-09-16,13:30,VfL Bochum 1848,Eintracht Frankfurt,2.8,3.4,2.5,1.5,1.4,1.3,1.75,2.0,1.3333,3.4,2.0,1.8
https://www.sofascore.com/1-fc-heidenheim-sv-werder-bremen/JabsKrc,2023-09-17,10:30,1. FC Heidenheim,SV Werder Bremen,2.25,4.0,2.8,1.4,1.6154,1.2222,1.5333,2.375,1.2,4.5,1.6154,2.3
https://www.sofascore.com/darmstadt-98-borussia-mgladbach/CabsBbb,2023-09-17,12:30,Darmstadt 98,Borussia M'gladbach,2.38,3.5,2.9,1.4,1.5333,1.2857,1.5714,2.25,1.2,4.5,1.6667,2.2
https://www.sofascore.com/vfb-stuttgart-darmstadt-98/BbbsCdb,2023-09-22,15:30,VfB Stuttgart,Darmstadt 98,1.36,4.75,8.0,1.0833,3.0,1.1818,1.8,1.95,1.1667,5.0,1.5333,2.5
https://www.sofascore.com/fc-bayern-munchen-vfl-bochum-1848/Rabsxdb,2023-09-23,10:30,FC Bayern München,VfL Bochum 1848,1.13,9.0,17.0,1.025,6.0,1.0714,1.8,1.95,1.0625,10.0,1.2222,4.3333
https://www.sofascore.com/borussia-dortmund-vfl-wolfsburg/zabsydb,2023-09-23,10:30,Borussia Dortmund,VfL Wolfsburg,1.73,4.2,4.3333,1.2222,2.1,1.2,1.4444,2.625,1.1111,6.5,1.4,3.0
https://www.sofascore.com/rb-leipzig-borussia-mgladbach/CabskCo,2023-09-23,10:30,Borussia M'gladbach,RB Leipzig,4.2,4.3333,1.7,2.15,1.2,1.1818,1.4444,2.625,1.125,6.0,1.4,3.0
https://www.sofascore.com/tsg-hoffenheim-1-fc-union-berlin/Xabsubb,2023-09-23,10:30,1. FC Union Berlin,TSG Hoffenheim,2.05,3.6,3.3,1.3333,1.7,1.2857,1.6154,2.2,1.2,4.5,1.6667,2.2
https://www.sofascore.com/fc-augsburg-1-fsv-mainz-05/gbbsacb,2023-09-23,10:30,FC Augsburg,1. FSV Mainz 05,2.5,3.4,2.75,1.4,1.5,1.3,1.6154,2.2,1.25,4.0,1.8,2.0
https://www.sofascore.com/1-fc-koln-sv-werder-bremen/Jabswdb,2023-09-23,13:30,SV Werder Bremen,1. FC Köln,2.38,3.6,2.75,1.4,1.5333,1.2857,1.5714,2.25,1.2222,4.3333,1.7273,2.1
https://www.sofascore.com/1-fc-heidenheim-bayer-04-leverkusen/GdbsKrc,2023-09-24,10:30,Bayer 04 Leverkusen,1. FC Heidenheim,1.2,6.5,13.0,1.04,4.3333,1.1111,1.8,1.95,1.1,7.0,1.3636,3.2
https://www.sofascore.com/eintracht-frankfurt-sc-freiburg/Nabszdb,2023-09-24,12:30,Eintracht Frankfurt,SC Freiburg,2.2,3.4,3.2,1.3636,1.6667,1.3,1.8,1.95,1.3,3.5,1.9091,1.9091
https://www.sofascore.com/borussia-dortmund-tsg-hoffenheim/ubbsydb,2023-09-29,15:30,TSG Hoffenheim,Borussia Dortmund,3.1,4.0,2.1,1.7,1.3636,1.2222,1.3636,3.0,1.1111,6.5,1.3636,3.2
https://www.sofascore.com/bayer-04-leverkusen-1-fsv-mainz-05/gbbsGdb,2023-09-30,10:30,1. FSV Mainz 05,Bayer 04 Leverkusen,5.25,4.5,1.6,2.3,1.1429,1.1818,1.6667,2.1,1.1667,5.0,1.5714,2.375
https://www.sofascore.com/eintracht-frankfurt-vfl-wolfsburg/zabszdb,2023-09-30,10:30,VfL Wolfsburg,Eintracht Frankfurt,2.05,3.5,3.4,1.3,1.7273,1.2857,1.75,2.0,1.2857,3.75,1.9091,1.9091
https://www.sofascore.com/1-fc-heidenheim-1-fc-union-berlin/XabsKrc,2023-09-30,10:30,1. FC Heidenheim,1. FC Union Berlin,3.1,3.5,2.25,1.6154,1.3636,1.2857,1.6667,2.1,1.25,4.0,1.8,2.0
https://www.sofascore.com/vfb-stuttgart-1-fc-koln/wdbsCdb,2023-09-30,10:30,1. FC Köln,VfB Stuttgart,2.8,3.5,2.45,1.5333,1.4,1.3,1.6154,2.2,1.2222,4.3333,1.7273,2.1
https://www.sofascore.com/vfl-bochum-1848-borussia-mgladbach/CabsRab,2023-09-30,10:30,VfL Bochum 1848,Borussia M'gladbach,2.25,3.6,3.1,1.3636,1.6154,1.2857,1.5333,2.375,1.2,4.5,1.6154,2.3
https://www.sofascore.com/rb-leipzig-fc-bayern-munchen/xdbskCo,2023-09-30,13:30,RB Leipzig,FC Bayern München,4.0,4.5,1.73,1.9091,1.25,1.2222,1.4444,2.625,1.125,6.0,1.4,3.0
https://www.sofascore.com/darmstadt-98-sv-werder-bremen/JabsBbb,2023-10-01,10:30,Darmstadt 98,SV Werder Bremen,2.75,3.8,2.25,1.6154,1.4,1.25,1.5333,2.375,1.1667,5.0,1.5714,2.375
https://www.sofascore.com/fc-augsburg-sc-freiburg/Nabsacb,2023-10-01,12:30,SC Freiburg,FC Augsburg,1.85,3.75,4.3333,1.2,1.9091,1.25,1.75,2.0,1.3,3.5,1.9091,1.9091
https://www.sofascore.com/1-fsv-mainz-05-borussia-mgladbach/Cabsgbb,2023-10-06,15:30,Borussia M'gladbach,1. FSV Mainz 05,2.2,3.6,3.1,1.3636,1.6667,1.2857,1.5,2.5,1.2,4.5,1.6154,2.3
https://www.sofascore.com/borussia-dortmund-1-fc-union-berlin/Xabsydb,2023-10-07,10:30,Borussia Dortmund,1. FC Union Berlin,1.7,4.0,4.5,1.1818,2.1,1.2222,1.7,2.05,1.2222,4.3333,1.6667,2.2
https://www.sofascore.com/rb-leipzig-vfl-bochum-1848/RabskCo,2023-10-07,10:30,RB Leipzig,VfL Bochum 1848,1.29,6.0,9.0,1.0714,3.4,1.125,1.9091,1.9091,,,,
https://www.sofascore.com/vfb-stuttgart-vfl-wolfsburg/zabsCdb,2023-10-07,10:30,VfB Stuttgart,VfL Wolfsburg,1.83,3.6,4.3333,1.2,1.9091,1.2857,1.6154,2.2,1.2,4.5,1.6667,2.2
https://www.sofascore.com/fc-augsburg-darmstadt-98/Bbbsacb,2023-10-07,10:30,FC Augsburg,Darmstadt 98,1.8,3.75,4.5,1.1818,1.95,1.25,1.75,2.0,1.2857,3.75,1.9091,1.9091
https://www.sofascore.com/tsg-hoffenheim-sv-werder-bremen/Jabsubb,2023-10-07,13:30,SV Werder Bremen,TSG Hoffenheim,2.63,3.6,2.5,1.5,1.4444,1.2857,1.4444,2.625,1.1667,5.0,1.5333,2.5
https://www.sofascore.com/bayer-04-leverkusen-1-fc-koln/wdbsGdb,2023-10-08,10:30,Bayer 04 Leverkusen,1. FC Köln,1.29,6.0,10.0,1.0625,3.5,1.125,1.95,1.8,1.1667,5.0,1.5714,2.375
https://www.sofascore.com/fc-bayern-munchen-sc-freiburg/Nabsxdb,2023-10-08,12:30,FC Bayern München,SC Freiburg,1.09,10.0,21.0,1.0152,8.0,1.0625,1.95,1.8,1.0625,10.0,1.2222,4.3333
https://www.sofascore.com/1-fc-heidenheim-eintracht-frankfurt/zdbsKrc,2023-10-08,14:30,Eintracht Frankfurt,1. FC Heidenheim,1.75,3.8,4.5,1.1818,2.0,1.25,1.75,2.0,1.25,4.0,1.8,2.0
https://www.sofascore.com/borussia-dortmund-sv-werder-bremen/Jabsydb,2023-10-20,15:30,Borussia Dortmund,SV Werder Bremen,1.29,6.5,8.5,1.0833,3.4,1.1111,1.5,2.5,1.0714,9.0,1.25,4.0
https://www.sofascore.com/rb-leipzig-darmstadt-98/BbbskCo,2023-10-21,10:30,Darmstadt 98,RB Leipzig,5.75,4.75,1.5,2.5,1.1429,1.1818,1.75,2.0,1.1667,5.0,1.5333,2.5
https://www.sofascore.com/bayer-04-leverkusen-vfl-wolfsburg/zabsGdb,2023-10-21,10:30,VfL Wolfsburg,Bayer 04 Leverkusen,4.2,4.2,1.73,2.05,1.2222,1.2222,1.5714,2.25,1.1667,5.0,1.5714,2.375
https://www.sofascore.com/vfb-stuttgart-1-fc-union-berlin/XabsCdb,2023-10-21,10:30,1. FC Union Berlin,VfB Stuttgart,2.5,3.25,2.88,1.4,1.5,1.3333,1.75,2.0,1.3333,3.4,2.0,1.8
https://www.sofascore.com/eintracht-frankfurt-tsg-hoffenheim/ubbszdb,2023-10-21,10:30,TSG Hoffenheim,Eintracht Frankfurt,1.95,3.4,3.75,1.2857,1.7,1.3,1.6154,2.2,1.2222,4.3333,1.7273,2.1
https://www.sofascore.com/vfl-bochum-1848-sc-freiburg/NabsRab,2023-10-21,10:30,SC Freiburg,VfL Bochum 1848,1.75,3.6,4.5,1.1667,2.15,1.25,1.7,2.05,1.2222,4.3333,1.7273,2.1
https://www.sofascore.com/fc-bayern-munchen-1-fsv-mainz-05/gbbsxdb,2023-10-21,13:30,1. FSV Mainz 05,FC Bayern München,8.5,6.0,1.2857,3.25,1.1,1.1429,1.6154,2.2,1.1111,6.5,1.3636,3.2
https://www.sofascore.com/1-fc-koln-borussia-mgladbach/Cabswdb,2023-10-22,10:30,1. FC Köln,Borussia M'gladbach,2.4,3.75,2.75,1.4,1.5333,1.25,1.5714,2.25,1.2,4.5,1.6154,2.3
https://www.sofascore.com/1-fc-heidenheim-fc-augsburg/acbsKrc,2023-10-22,12:30,1. FC Heidenheim,FC Augsburg,2.25,3.5,3.0,1.3636,1.6154,1.2857,1.6667,2.1,1.25,4.0,1.8,2.0
https://www.sofascore.com/1-fsv-mainz-05-vfl-bochum-1848/Rabsgbb,2023-10-27,15:30,VfL Bochum 1848,1. FSV Mainz 05,2.8,3.4,2.45,1.5333,1.4,1.3,1.5714,2.25,1.2222,4.3333,1.7273,2.1
https://www.sofascore.com/fc-bayern-munchen-darmstadt-98/Bbbsxdb,2023-10-28,10:30,FC Bayern München,Darmstadt 98,1.06,12.0,23.0,1.0152,9.0,1.05,1.75,2.0,1.0303,15.0,1.1429,5.5
https://www.sofascore.com/1-fc-union-berlin-sv-werder-bremen/JabsXab,2023-10-28,10:30,SV Werder Bremen,1. FC Union Berlin,2.8,3.25,2.45,1.5333,1.4,1.3333,1.6154,2.2,1.25,4.0,1.8,2.0
https://www.sofascore.com/vfb-stuttgart-tsg-hoffenheim/ubbsCdb,2023-10-28,10:30,VfB Stuttgart,TSG Hoffenheim,1.65,4.2,4.75,1.1818,2.15,1.2222,1.5714,2.25,1.1667,5.0,1.5333,2.5
https://www.sofascore.com/1-fc-heidenheim-borussia-mgladbach/CabsKrc,2023-10-28,10:30,Borussia M'gladbach,1. FC Heidenheim,1.67,4.0,4.5,1.2,2.05,1.2222,1.4444,2.625,1.125,6.0,1.4444,2.75
https://www.sofascore.com/fc-augsburg-vfl-wolfsburg/zabsacb,2023-10-28,10:30,FC Augsburg,VfL Wolfsburg,2.45,3.6,2.75,1.5333,1.4,1.2857,1.5714,2.25,1.2,4.5,1.6667,2.2
https://www.sofascore.com/rb-leipzig-1-fc-koln/wdbskCo,2023-10-28,13:30,RB Leipzig,1. FC Köln,1.5,4.5,6.5,1.1111,2.5,1.1818,1.7,2.05,1.1667,5.0,1.5714,2.375
https://www.sofascore.com/eintracht-frankfurt-borussia-dortmund/ydbszdb,2023-10-29,11:30,Eintracht Frankfurt,Borussia Dortmund,3.2,3.4,2.25,1.6154,1.3636,1.3,1.5333,2.375,1.2,4.5,1.6667,2.2
https://www.sofascore.com/bayer-04-leverkusen-sc-freiburg/NabsGdb,2023-10-29,13:30,Bayer 04 Leverkusen,SC Freiburg,1.22,7.0,10.0,1.0625,4.0,1.1,1.95,1.8,1.125,6.0,1.4444,2.75
https://www.sofascore.com/darmstadt-98-vfl-bochum-1848/RabsBbb,2023-11-03,16:30,Darmstadt 98,VfL Bochum 1848,2.38,3.75,2.88,1.4,1.5333,1.25,1.5333,2.375,,,,
https://www.sofascore.com/rb-leipzig-1-fsv-mainz-05/gbbskCo,2023-11-04,11:30,1. FSV Mainz 05,RB Leipzig,5.5,4.2,1.6,2.375,1.125,1.2222,1.6667,2.1,,,,
https://www.sofascore.com/bayer-04-leverkusen-tsg-hoffenheim/ubbsGdb,2023-11-04,11:30,TSG Hoffenheim,Bayer 04 Leverkusen,5.0,4.5,1.57,2.3,1.1667,1.1818,1.4,2.75,,,,
https://www.sofascore.com/eintracht-frankfurt-1-fc-union-berlin/Xabszdb,2023-11-04,11:30,1. FC Union Berlin,Eintracht Frankfurt,2.55,3.1,2.9,1.4,1.5,1.3636,1.75,2.0,,,,
https://www.sofascore.com/sc-freiburg-borussia-mgladbach/CabsNab,2023-11-04,11:30,SC Freiburg,Borussia M'gladbach,2.1,3.8,3.2,1.3636,1.7,1.25,1.5333,2.375,,,,
https://www.sofascore.com/1-fc-koln-fc-augsburg/acbswdb,2023-11-04,11:30,1. FC Köln,FC Augsburg,2.38,3.6,2.8,1.4,1.5333,1.2857,1.5333,2.375,,,,
https://www.sofascore.com/borussia-dortmund-fc-bayern-munchen/xdbsydb,2023-11-04,14:30,Borussia Dortmund,FC Bayern München,4.0,4.3333,1.75,2.0,1.2222,1.2,1.3636,3.0,1.0833,8.0,1.3333,3.4
https://www.sofascore.com/sv-werder-bremen-vfl-wolfsburg/zabsJab,2023-11-05,11:30,VfL Wolfsburg,SV Werder Bremen,1.7,4.3333,4.2,1.2222,2.1,1.2,1.5,2.5,1.1429,5.5,1.4444,2.75
https://www.sofascore.com/1-fc-heidenheim-vfb-stuttgart/CdbsKrc,2023-11-05,13:30,1. FC Heidenheim,VfB Stuttgart,5.5,4.3333,1.57,2.25,1.1667,1.2222,1.75,2.0,1.2222,4.3333,1.6667,2.2
https://www.sofascore.com/borussia-mgladbach-vfl-wolfsburg/zabsCab,2023-11-10,16:30,Borussia M'gladbach,VfL Wolfsburg,2.3,3.8,2.7,1.4444,1.5714,1.25,1.4444,2.625,1.1429,5.5,1.5,2.625
https://www.sofascore.com/1-fc-heidenheim-fc-bayern-munchen/xdbsKrc,2023-11-11,11:30,FC Bayern München,1. FC Heidenheim,1.11,12.0,15.0,1.02,9.0,1.0303,1.8,1.95,,,,
https://www.sofascore.com/vfb-stuttgart-borussia-dortmund/ydbsCdb,2023-11-11,11:30,VfB Stuttgart,Borussia Dortmund,2.45,3.8,2.63,1.4444,1.5333,1.25,1.4444,2.625,1.1429,5.5,1.5333,2.5
https://www.sofascore.com/fc-augsburg-tsg-hoffenheim/ubbsacb,2023-11-11,11:30,FC Augsburg,TSG Hoffenheim,2.38,3.8,2.75,1.4,1.5333,1.25,1.4,2.75,1.1429,5.5,1.4444,2.75
https://www.sofascore.com/darmstadt-98-1-fsv-mainz-05/gbbsBbb,2023-11-11,11:30,Darmstadt 98,1. FSV Mainz 05,3.1,3.5,2.25,1.6154,1.3636,1.2857,1.6667,2.1,1.2857,3.75,1.9091,1.9091
https://www.sofascore.com/1-fc-koln-vfl-bochum-1848/Rabswdb,2023-11-11,14:30,VfL Bochum 1848,1. FC Köln,2.55,3.5,2.63,1.4444,1.5,1.2857,1.5333,2.375,1.2,4.5,1.6667,2.2
https://www.sofascore.com/bayer-04-leverkusen-1-fc-union-berlin/XabsGdb,2023-11-12,11:30,Bayer 04 Leverkusen,1. FC Union Berlin,1.36,5.25,7.5,1.1,3.0,1.1667,1.9091,1.9091,1.2,4.5,1.6154,2.3
https://www.sofascore.com/eintracht-frankfurt-sv-werder-bremen/Jabszdb,2023-11-12,13:30,SV Werder Bremen,Eintracht Frankfurt,2.7,3.5,2.5,1.5,1.4444,1.2857,1.5714,2.25,1.2,4.5,1.6667,2.2
https://www.sofascore.com/rb-leipzig-sc-freiburg/NabskCo,2023-11-12,15:30,RB Leipzig,SC Freiburg,1.44,4.75,6.5,1.1111,2.625,1.1818,1.75,2.0,1.1667,5.0,1.5333,2.5
https://www.sofascore.com/fc-bayern-munchen-1-fc-koln/wdbsxdb,2023-11-24,16:30,1. FC Köln,FC Bayern München,10.0,7.0,1.25,3.75,1.0625,1.1,1.6667,2.1,1.1,7.0,1.3333,3.4
https://www.sofascore.com/borussia-dortmund-borussia-mgladbach/Cabsydb,2023-11-25,11:30,Borussia Dortmund,Borussia M'gladbach,1.5,5.25,4.75,1.1667,2.625,1.1429,1.4444,2.625,1.1,7.0,1.3,3.5
https://www.sofascore.com/rb-leipzig-vfl-wolfsburg/zabskCo,2023-11-25,11:30,VfL Wolfsburg,RB Leipzig,3.6,4.0,1.91,1.8333,1.2857,1.2222,1.5714,2.25,1.2,4.5,1.5714,2.375
https://www.sofascore.com/bayer-04-leverkusen-sv-werder-bremen/JabsGdb,2023-11-25,11:30,SV Werder Bremen,Bayer 04 Leverkusen,5.5,5.25,1.45,2.625,1.1429,1.1667,1.5714,2.25,1.125,6.0,1.4444,2.75
https://www.sofascore.com/fc-augsburg-1-fc-union-berlin/Xabsacb,2023-11-25,11:30,1. FC Union Berlin,FC Augsburg,1.95,3.5,4.0,1.25,1.8,1.3,1.8,1.95,1.3333,3.4,2.0,1.8
https://www.sofascore.com/darmstadt-98-sc-freiburg/NabsBbb,2023-11-25,11:30,SC Freiburg,Darmstadt 98,1.53,4.3333,5.75,1.1429,2.375,1.2,1.8,1.95,1.2,4.5,1.6667,2.2
https://www.sofascore.com/vfb-stuttgart-eintracht-frankfurt/zdbsCdb,2023-11-25,14:30,Eintracht Frankfurt,VfB Stuttgart,2.88,3.5,2.4,1.5,1.4444,1.2857,1.6154,2.2,1.25,4.0,1.8,2.0
https://www.sofascore.com/1-fc-heidenheim-vfl-bochum-1848/RabsKrc,2023-11-26,11:30,1. FC Heidenheim,VfL Bochum 1848,2.25,3.5,3.1,1.3636,1.6154,1.2857,1.5714,2.25,1.2222,4.3333,1.7273,2.1
https://www.sofascore.com/tsg-hoffenheim-1-fsv-mainz-05/gbbsubb,2023-11-26,13:30,TSG Hoffenheim,1. FSV Mainz 05,1.85,3.8,3.8,1.25,1.8333,1.25,1.5714,2.25,1.1667,5.0,1.5714,2.375
https://www.sofascore.com/1-fc-koln-darmstadt-98/Bbbswdb,2023-12-01,16:30,Darmstadt 98,1. FC Köln,2.7,3.25,2.63,1.5,1.4444,1.3,1.6154,2.2,1.2222,4.3333,1.7273,2.1
https://www.sofascore.com/rb-leipzig-1-fc-heidenheim/KrcskCo,2023-12-02,11:30,RB Leipzig,1. FC Heidenheim,1.2,7.5,12.0,1.05,4.3333,1.1,1.8,1.95,1.1,7.0,1.3333,3.4
https://www.sofascore.com/tsg-hoffenheim-borussia-mgladbach/Cabsubb,2023-12-02,11:30,Borussia M'gladbach,TSG Hoffenheim,2.15,4.0,2.9,1.4,1.6667,1.2222,1.3636,3.0,1.1111,6.5,1.3636,3.2
https://www.sofascore.com/vfl-bochum-1848-vfl-wolfsburg/zabsRab,2023-12-02,11:30,VfL Bochum 1848,VfL Wolfsburg,2.6,3.5,2.63,1.4444,1.5,1.2857,1.5714,2.25,1.2222,4.3333,1.7273,2.1
https://www.sofascore.com/vfb-stuttgart-sv-werder-bremen/JabsCdb,2023-12-02,14:30,VfB Stuttgart,SV Werder Bremen,1.3,5.5,8.0,1.0833,3.4,1.1429,1.6667,2.1,1.1111,6.5,1.3636,3.2
https://www.sofascore.com/1-fsv-mainz-05-sc-freiburg/Nabsgbb,2023-12-03,11:30,1. FSV Mainz 05,SC Freiburg,2.2,3.4,3.2,1.3636,1.6667,1.3,1.7,2.05,1.2857,3.75,1.9091,1.9091
https://www.sofascore.com/bayer-04-leverkusen-borussia-dortmund/ydbsGdb,2023-12-03,13:30,Bayer 04 Leverkusen,Borussia Dortmund,1.6,4.5,5.0,1.1667,2.3,1.1818,1.5,2.5,1.125,6.0,1.4444,2.75
https://www.sofascore.com/eintracht-frankfurt-fc-augsburg/acbszdb,2023-12-03,15:30,FC Augsburg,Eintracht Frankfurt,2.6,3.5,2.63,1.4444,1.5,1.2857,1.75,2.0,1.3333,3.4,2.0,1.8
https://www.sofascore.com/tsg-hoffenheim-vfl-bochum-1848/Rabsubb,2023-12-08,16:30,TSG Hoffenheim,VfL Bochum 1848,1.75,3.8,4.2,1.2222,2.0,1.25,1.5333,2.375,1.1667,5.0,1.5714,2.375
https://www.sofascore.com/eintracht-frankfurt-fc-bayern-munchen/xdbszdb,2023-12-09,11:30,Eintracht Frankfurt,FC Bayern München,8.5,6.0,1.3,3.4,1.0833,1.125,1.7,2.05,1.1429,5.5,1.4444,2.75
https://www.sofascore.com/1-fc-union-berlin-borussia-mgladbach/CabsXab,2023-12-09,11:30,1. FC Union Berlin,Borussia M'gladbach,2.05,3.4,3.6,1.2857,1.7273,1.3,1.7,2.05,1.25,4.0,1.8,2.0
https://www.sofascore.com/sc-freiburg-vfl-wolfsburg/zabsNab,2023-12-09,11:30,VfL Wolfsburg,SC Freiburg,2.15,3.6,3.2,1.3636,1.6667,1.2857,1.7,2.05,1.25,4.0,1.8,2.0
https://www.sofascore.com/fc-augsburg-sv-werder-bremen/Jabsacb,2023-12-09,11:30,SV Werder Bremen,FC Augsburg,2.2,3.75,3.0,1.3636,1.6667,1.25,1.5333,2.375,1.2,4.5,1.6154,2.3
https://www.sofascore.com/1-fc-heidenheim-darmstadt-98/BbbsKrc,2023-12-09,11:30,1. FC Heidenheim,Darmstadt 98,1.8,3.8,4.2,1.2222,1.95,1.25,1.75,2.0,1.25,4.0,1.7273,2.1
https://www.sofascore.com/rb-leipzig-borussia-dortmund/ydbskCo,2023-12-09,14:30,Borussia Dortmund,RB Leipzig,2.6,4.0,2.4,1.5714,1.4444,1.2222,1.4,2.75,1.1429,5.5,1.4444,2.75
https://www.sofascore.com/bayer-04-leverkusen-vfb-stuttgart/CdbsGdb,2023-12-10,11:30,VfB Stuttgart,Bayer 04 Leverkusen,2.9,3.5,2.3,1.5333,1.4,1.2857,1.5333,2.375,1.2,4.5,1.6154,2.3
https://www.sofascore.com/1-fc-koln-1-fsv-mainz-05/gbbswdb,2023-12-10,13:30,1. FC Köln,1. FSV Mainz 05,2.63,3.5,2.6,1.5,1.4444,1.2857,1.7,2.05,1.2857,3.75,1.9091,1.9091
https://www.sofascore.com/sv-werder-bremen-borussia-mgladbach/CabsJab,2023-12-15,16:30,Borussia M'gladbach,SV Werder Bremen,2.1,3.8,3.1,1.3636,1.7,1.25,1.5,2.5,1.1667,5.0,1.5714,2.375
https://www.sofascore.com/borussia-dortmund-fc-augsburg/acbsydb,2023-12-16,11:30,FC Augsburg,Borussia Dortmund,3.0,4.0,2.1,1.7,1.3636,1.2222,1.4444,2.625,1.1429,5.5,1.4444,2.75
https://www.sofascore.com/1-fc-union-berlin-vfl-bochum-1848/RabsXab,2023-12-16,11:30,VfL Bochum 1848,1. FC Union Berlin,2.55,3.4,2.7,1.4444,1.5,1.3,1.8,1.95,1.3333,3.4,2.0,1.8
https://www.sofascore.com/darmstadt-98-vfl-wolfsburg/zabsBbb,2023-12-16,11:30,Darmstadt 98,VfL Wolfsburg,3.75,3.75,1.91,1.9091,1.25,1.25,1.7,2.05,1.25,4.0,1.8,2.0
https://www.sofascore.com/1-fc-heidenheim-1-fsv-mainz-05/gbbsKrc,2023-12-16,11:30,1. FSV Mainz 05,1. FC Heidenheim,1.7,4.2,4.5,1.1818,2.1,1.2222,1.7,2.05,1.2,4.5,1.6667,2.2
https://www.sofascore.com/rb-leipzig-tsg-hoffenheim/ubbskCo,2023-12-16,14:30,RB Leipzig,TSG Hoffenheim,1.33,5.75,8.0,1.0833,3.25,1.1429,1.6154,2.2,1.1,7.0,1.3333,3.4
https://www.sofascore.com/1-fc-koln-sc-freiburg/Nabswdb,2023-12-17,11:30,SC Freiburg,1. FC Köln,1.85,3.6,4.2,1.2222,1.9091,1.2857,1.8,1.95,1.2857,3.75,1.9091,1.9091
https://www.sofascore.com/bayer-04-leverkusen-eintracht-frankfurt/zdbsGdb,2023-12-17,13:30,Bayer 04 Leverkusen,Eintracht Frankfurt,1.25,6.0,10.0,1.0625,3.75,1.125,1.95,1.8,1.1429,5.5,1.4444,2.75
https://www.sofascore.com/vfb-stuttgart-fc-bayern-munchen/xdbsCdb,2023-12-17,15:30,FC Bayern München,VfB Stuttgart,1.53,5.25,4.75,1.1818,2.375,1.1667,1.4444,2.625,1.1,7.0,1.3333,3.4
https://www.sofascore.com/rb-leipzig-sv-werder-bremen/JabskCo,2023-12-19,14:30,SV Werder Bremen,RB Leipzig,5.0,4.5,1.53,2.375,1.1667,1.1818,1.5333,2.375,1.125,6.0,1.4444,2.75
https://www.sofascore.com/borussia-dortmund-1-fsv-mainz-05/gbbsydb,2023-12-19,16:30,Borussia Dortmund,1. FSV Mainz 05,1.57,4.75,4.75,1.1818,2.3,1.1818,1.5714,2.25,1.1429,5.5,1.4444,2.75
https://www.sofascore.com/darmstadt-98-tsg-hoffenheim/ubbsBbb,2023-12-19,16:30,TSG Hoffenheim,Darmstadt 98,1.5,4.75,5.75,1.1429,2.5,1.1818,1.7,2.05,1.1667,5.0,1.5714,2.375
https://www.sofascore.com/1-fc-koln-1-fc-union-berlin/Xabswdb,2023-12-20,14:30,1. FC Union Berlin,1. FC Köln,1.8,3.8,4.2,1.2222,1.95,1.25,1.8,1.95,1.2857,3.75,1.9091,1.9091
https://www.sofascore.com/fc-bayern-munchen-vfl-wolfsburg/zabsxdb,2023-12-20,16:30,VfL Wolfsburg,FC Bayern München,5.5,5.0,1.5,2.5,1.1429,1.1667,1.6154,2.2,1.1429,5.5,1.5,2.625
https://www.sofascore.com/bayer-04-leverkusen-vfl-bochum-1848/RabsGdb,2023-12-20,16:30,Bayer 04 Leverkusen,VfL Bochum 1848,1.22,7.0,11.0,1.05,4.0,1.1,1.9091,1.9091,1.125,6.0,1.4444,2.75
https://www.sofascore.com/eintracht-frankfurt-borussia-mgladbach/Cabszdb,2023-12-20,16:30,Eintracht Frankfurt,Borussia M'gladbach,1.73,4.2,4.2,1.2,2.1,1.2222,1.6154,2.2,1.2,4.5,1.6154,2.3
https://www.sofascore.com/vfb-stuttgart-fc-augsburg/acbsCdb,2023-12-20,16:30,VfB Stuttgart,FC Augsburg,1.36,5.25,8.0,1.0833,3.0,1.1667,1.8,1.95,1.1667,5.0,1.5,2.625
https://www.sofascore.com/1-fc-heidenheim-sc-freiburg/NabsKrc,2023-12-20,16:30,1. FC Heidenheim,SC Freiburg,3.1,3.5,2.25,1.6154,1.3636,1.2857,1.75,2.0,1.3,3.5,2.0,1.8
https://www.sofascore.com/fc-bayern-munchen-tsg-hoffenheim/ubbsxdb,2024-01-12,16:30,FC Bayern München,TSG Hoffenheim,1.13,9.5,17.0,1.02,6.5,1.0625,1.8,1.95,1.05,11.0,1.2,4.5
https://www.sofascore.com/rb-leipzig-eintracht-frankfurt/zdbskCo,2024-01-13,11:30,RB Leipzig,Eintracht Frankfurt,1.4,4.75,7.5,1.1,2.75,1.1818,1.75,2.0,1.1667,5.0,1.5333,2.5
https://www.sofascore.com/bayer-04-leverkusen-fc-augsburg/acbsGdb,2024-01-13,11:30,FC Augsburg,Bayer 04 Leverkusen,5.25,4.75,1.5,2.5,1.1667,1.1818,1.6667,2.1,1.1667,5.0,1.5333,2.5
https://www.sofascore.com/1-fc-union-berlin-sc-freiburg/NabsXab,2024-01-13,11:30,SC Freiburg,1. FC Union Berlin,2.1,3.3,3.75,1.25,1.7,1.3333,1.95,1.8,1.3636,3.2,2.2,1.6667
https://www.sofascore.com/1-fsv-mainz-05-vfl-wolfsburg/zabsgbb,2024-01-13,11:30,1. FSV Mainz 05,VfL Wolfsburg,2.0,3.4,3.8,1.25,1.8,1.3,1.8,1.95,1.3333,3.4,2.0,1.8
https://www.sofascore.com/1-fc-heidenheim-1-fc-koln/wdbsKrc,2024-01-13,11:30,1. FC Köln,1. FC Heidenheim,2.0,3.6,3.75,1.25,1.8,1.2857,1.6667,2.1,1.2222,4.3333,1.7273,2.1
https://www.sofascore.com/borussia-dortmund-darmstadt-98/Bbbsydb,2024-01-13,14:30,Darmstadt 98,Borussia Dortmund,4.5,4.3333,1.65,2.2,1.1818,1.2,1.5,2.5,1.1429,5.5,1.4444,2.75
https://www.sofascore.com/vfl-bochum-1848-sv-werder-bremen/JabsRab,2024-01-14,11:30,VfL Bochum 1848,SV Werder Bremen,2.1,3.6,3.25,1.3333,1.7,1.2857,1.6154,2.2,1.2222,4.3333,1.7273,2.1
https://www.sofascore.com/vfb-stuttgart-borussia-mgladbach/CabsCdb,2024-01-14,13:30,Borussia M'gladbach,VfB Stuttgart,3.75,3.8,1.91,1.8333,1.25,1.25,1.5714,2.25,1.2,4.5,1.6154,2.3
https://www.sofascore.com/borussia-dortmund-1-fc-koln/wdbsydb,2024-01-20,11:30,1. FC Köln,Borussia Dortmund,3.6,4.0,1.85,1.9091,1.2857,1.2222,1.4444,2.625,1.1429,5.5,1.4444,2.75
https://www.sofascore.com/eintracht-frankfurt-darmstadt-98/Bbbszdb,2024-01-20,11:30,Darmstadt 98,Eintracht Frankfurt,3.6,3.6,2.0,1.7273,1.2857,1.2857,1.9091,1.9091,1.3636,3.2,2.1,1.7273
https://www.sofascore.com/vfb-stuttgart-vfl-bochum-1848/RabsCdb,2024-01-20,11:30,VfL Bochum 1848,VfB Stuttgart,4.0,4.0,1.8,2.0,1.2222,1.2222,1.6667,2.1,1.2,4.5,1.6667,2.2
https://www.sofascore.com/tsg-hoffenheim-sc-freiburg/Nabsubb,2024-01-20,11:30,SC Freiburg,TSG Hoffenheim,2.0,3.8,3.3,1.2857,1.8,1.2222,1.5714,2.25,1.1667,5.0,1.5714,2.375
https://www.sofascore.com/1-fc-heidenheim-vfl-wolfsburg/zabsKrc,2024-01-20,11:30,1. FC Heidenheim,VfL Wolfsburg,2.8,3.4,2.55,1.5,1.4,1.3,1.75,2.0,1.3,3.5,1.9091,1.9091
https://www.sofascore.com/rb-leipzig-bayer-04-leverkusen/GdbskCo,2024-01-20,14:30,RB Leipzig,Bayer 04 Leverkusen,2.4,4.0,2.6,1.5,1.5333,1.2222,1.4444,2.625,1.1667,5.0,1.5333,2.5
https://www.sofascore.com/fc-bayern-munchen-sv-werder-bremen/Jabsxdb,2024-01-21,11:30,FC Bayern München,SV Werder Bremen,1.09,11.0,21.0,1.0125,8.0,1.05,1.95,1.8,1.05,11.0,1.2,4.5
https://www.sofascore.com/fc-augsburg-borussia-mgladbach/Cabsacb,2024-01-21,13:30,Borussia M'gladbach,FC Augsburg,1.83,3.8,4.0,1.2222,1.95,1.2222,1.5333,2.375,1.1667,5.0,1.5333,2.5
https://www.sofascore.com/fc-bayern-munchen-1-fc-union-berlin/Xabsxdb,2024-01-24,16:30,FC Bayern München,1. FC Union Berlin,1.13,8.0,19.0,1.0152,6.5,1.0714,2.0,1.75,1.0833,8.0,1.3,3.5
https://www.sofascore.com/eintracht-frankfurt-1-fsv-mainz-05/gbbszdb,2024-01-26,16:30,Eintracht Frankfurt,1. FSV Mainz 05,2.2,3.3,3.4,1.3636,1.6154,1.3,1.8,1.95,1.3333,3.4,2.05,1.75
https://www.sofascore.com/fc-bayern-munchen-fc-augsburg/acbsxdb,2024-01-27,11:30,FC Augsburg,FC Bayern München,8.0,5.75,1.33,3.4,1.0833,1.1429,1.5714,2.25,1.0833,8.0,1.3,3.5
https://www.sofascore.com/rb-leipzig-vfb-stuttgart/CdbskCo,2024-01-27,11:30,VfB Stuttgart,RB Leipzig,2.55,3.75,2.6,1.5,1.5,1.25,1.5333,2.375,1.2,4.5,1.6154,2.3
https://www.sofascore.com/sc-freiburg-sv-werder-bremen/JabsNab,2024-01-27,11:30,SV Werder Bremen,SC Freiburg,2.4,3.4,2.9,1.4,1.5333,1.3,1.6667,2.1,1.2857,3.75,1.9091,1.9091
https://www.sofascore.com/1-fc-koln-vfl-wolfsburg/zabswdb,2024-01-27,11:30,VfL Wolfsburg,1. FC Köln,1.7,4.0,4.75,1.1818,2.1,1.2222,1.8,1.95,1.2857,3.75,1.9091,1.9091
https://www.sofascore.com/1-fc-heidenheim-tsg-hoffenheim/ubbsKrc,2024-01-27,11:30,TSG Hoffenheim,1. FC Heidenheim,1.7,4.2,4.5,1.1818,2.1,1.2222,1.5,2.5,1.1429,5.5,1.475,2.6
https://www.sofascore.com/bayer-04-leverkusen-borussia-mgladbach/CabsGdb,2024-01-27,14:30,Bayer 04 Leverkusen,Borussia M'gladbach,1.22,6.5,12.0,1.04,4.3333,1.1111,1.7,2.05,1.0833,8.0,1.3,3.5
https://www.sofascore.com/darmstadt-98-1-fc-union-berlin/XabsBbb,2024-01-28,11:30,1. FC Union Berlin,Darmstadt 98,1.7,3.75,5.0,1.1667,2.1,1.25,1.95,1.8,1.3333,3.4,2.0,1.8
https://www.sofascore.com/borussia-dortmund-vfl-bochum-1848/Rabsydb,2024-01-28,13:30,Borussia Dortmund,VfL Bochum 1848,1.36,5.5,7.0,1.1,3.0,1.1429,1.5714,2.25,1.1,7.0,1.3333,3.4
https://www.sofascore.com/1-fc-heidenheim-borussia-dortmund/ydbsKrc,2024-02-02,16:30,1. FC Heidenheim,Borussia Dortmund,3.2,4.5,1.95,1.8,1.3636,1.2,1.4,2.75,1.125,6.0,1.4,3.0
https://www.sofascore.com/fc-bayern-munchen-borussia-mgladbach/Cabsxdb,2024-02-03,11:30,FC Bayern München,Borussia M'gladbach,1.14,10.0,13.0,1.05,5.0,1.0714,1.6154,2.2,1.0625,10.0,1.2,4.5
https://www.sofascore.com/bayer-04-leverkusen-darmstadt-98/BbbsGdb,2024-02-03,11:30,Darmstadt 98,Bayer 04 Leverkusen,9.5,5.75,1.29,3.5,1.0714,1.125,1.95,1.8,1.2,4.5,1.6154,2.3
https://www.sofascore.com/vfb-stuttgart-sc-freiburg/NabsCdb,2024-02-03,11:30,SC Freiburg,VfB Stuttgart,3.2,3.5,2.2,1.6667,1.3636,1.2857,1.7,2.05,1.2857,3.75,1.9091,1.9091
https://www.sofascore.com/1-fsv-mainz-05-sv-werder-bremen/Jabsgbb,2024-02-03,11:30,1. FSV Mainz 05,SV Werder Bremen,2.0,3.5,3.8,1.2857,1.7273,1.2857,1.8,1.95,1.3333,3.4,2.0,1.8
https://www.sofascore.com/fc-augsburg-vfl-bochum-1848/Rabsacb,2024-02-03,11:30,VfL Bochum 1848,FC Augsburg,2.3,3.4,3.1,1.3333,1.6154,1.3,1.6154,2.2,1.2222,4.3333,1.7273,2.1
https://www.sofascore.com/eintracht-frankfurt-1-fc-koln/wdbszdb,2024-02-03,14:30,1. FC Köln,Eintracht Frankfurt,2.9,3.2,2.45,1.5333,1.4,1.3333,1.8,1.95,1.3333,3.4,2.1,1.7273
https://www.sofascore.com/tsg-hoffenheim-vfl-wolfsburg/zabsubb,2024-02-04,11:30,VfL Wolfsburg,TSG Hoffenheim,2.1,3.75,3.2,1.3636,1.7,1.25,1.5,2.5,1.1667,5.0,1.5714,2.375
https://www.sofascore.com/rb-leipzig-1-fc-union-berlin/XabskCo,2024-02-04,13:30,RB Leipzig,1. FC Union Berlin,1.36,5.5,8.0,1.1,3.0,1.1667,1.8,1.95,1.1667,5.0,1.5714,2.375
https://www.sofascore.com/1-fsv-mainz-05-1-fc-union-berlin/Xabsgbb,2024-02-07,14:30,1. FSV Mainz 05,1. FC Union Berlin,2.0,3.4,3.8,1.25,1.8,1.3,1.95,1.8,1.4,3.0,2.2,1.6667
https://www.sofascore.com/borussia-dortmund-sc-freiburg/Nabsydb,2024-02-09,16:30,Borussia Dortmund,SC Freiburg,1.45,5.0,5.5,1.125,2.625,1.1667,1.6154,2.2,1.125,6.0,1.4444,2.75
https://www.sofascore.com/rb-leipzig-fc-augsburg/acbskCo,2024-02-10,11:30,FC Augsburg,RB Leipzig,4.5,4.3333,1.67,2.15,1.1818,1.2,1.5,2.5,1.1429,5.5,1.5,2.625
https://www.sofascore.com/1-fc-union-berlin-vfl-wolfsburg/zabsXab,2024-02-10,11:30,1. FC Union Berlin,VfL Wolfsburg,2.3,3.3,3.1,1.3636,1.5714,1.3333,1.9091,1.9091,1.3636,3.2,2.1,1.7273
https://www.sofascore.com/eintracht-frankfurt-vfl-bochum-1848/Rabszdb,2024-02-10,11:30,Eintracht Frankfurt,VfL Bochum 1848,1.75,3.75,4.5,1.1818,2.0,1.25,1.8,1.95,1.25,4.0,1.8,2.0
https://www.sofascore.com/darmstadt-98-borussia-mgladbach/CabsBbb,2024-02-10,11:30,Borussia M'gladbach,Darmstadt 98,1.67,4.3333,4.75,1.1818,2.15,1.2,1.75,2.0,1.2222,4.3333,1.7273,2.1
https://www.sofascore.com/1-fc-heidenheim-sv-werder-bremen/JabsKrc,2024-02-10,11:30,SV Werder Bremen,1. FC Heidenheim,1.83,3.8,4.2,1.2222,1.9091,1.25,1.75,2.0,1.2857,3.75,1.9091,1.9091
https://www.sofascore.com/bayer-04-leverkusen-fc-bayern-munchen/xdbsGdb,2024-02-10,14:30,Bayer 04 Leverkusen,FC Bayern München,2.3,3.5,2.88,1.4,1.5714,1.2857,1.6154,2.2,1.25,4.0,1.8,2.0
https://www.sofascore.com/vfb-stuttgart-1-fsv-mainz-05/gbbsCdb,2024-02-11,11:30,VfB Stuttgart,1. FSV Mainz 05,1.5,4.5,7.0,1.1,2.5,1.1818,1.8,1.95,1.2222,4.3333,1.7273,2.1
https://www.sofascore.com/1-fc-koln-tsg-hoffenheim/ubbswdb,2024-02-11,13:30,TSG Hoffenheim,1. FC Köln,1.73,3.8,4.75,1.1818,2.05,1.25,1.6154,2.2,1.2,4.5,1.6154,2.3
https://www.sofascore.com/1-fc-koln-sv-werder-bremen/Jabswdb,2024-02-16,16:30,1. FC Köln,SV Werder Bremen,2.4,3.3,2.9,1.4,1.5333,1.3333,1.8,1.95,1.3333,3.4,2.0,1.8
https://www.sofascore.com/borussia-dortmund-vfl-wolfsburg/zabsydb,2024-02-17,11:30,VfL Wolfsburg,Borussia Dortmund,3.3,4.0,2.05,1.8,1.2857,1.2222,1.5333,2.375,1.1667,5.0,1.5714,2.375
https://www.sofascore.com/1-fc-heidenheim-bayer-04-leverkusen/GdbsKrc,2024-02-17,11:30,1. FC Heidenheim,Bayer 04 Leverkusen,7.5,5.25,1.36,2.75,1.1,1.1667,1.8,1.95,1.1667,5.0,1.5333,2.5
https://www.sofascore.com/tsg-hoffenheim-1-fc-union-berlin/Xabsubb,2024-02-17,11:30,TSG Hoffenheim,1. FC Union Berlin,1.85,3.6,4.0,1.2222,1.9091,1.2857,1.7,2.05,1.25,4.0,1.8,2.0
https://www.sofascore.com/vfb-stuttgart-darmstadt-98/BbbsCdb,2024-02-17,11:30,Darmstadt 98,VfB Stuttgart,6.0,4.75,1.5,2.75,1.1,1.1667,1.8,1.95,1.2,4.5,1.5714,2.375
https://www.sofascore.com/fc-augsburg-1-fsv-mainz-05/gbbsacb,2024-02-17,11:30,1. FSV Mainz 05,FC Augsburg,1.91,3.6,4.0,1.25,1.8,1.2857,1.75,2.0,1.2857,3.75,1.9091,1.9091
https://www.sofascore.com/rb-leipzig-borussia-mgladbach/CabskCo,2024-02-17,14:30,RB Leipzig,Borussia M'gladbach,1.33,5.5,8.5,1.1,3.25,1.1429,1.6154,2.2,1.1111,6.5,1.3636,3.2
https://www.sofascore.com/eintracht-frankfurt-sc-freiburg/Nabszdb,2024-02-18,11:30,SC Freiburg,Eintracht Frankfurt,2.45,3.4,2.9,1.4,1.5333,1.3,1.75,2.0,1.3,3.5,2.0,1.8
https://www.sofascore.com/fc-bayern-munchen-vfl-bochum-1848/Rabsxdb,2024-02-18,13:30,VfL Bochum 1848,FC Bayern München,6.5,5.75,1.4,2.75,1.1111,1.1429,1.6154,2.2,1.125,6.0,1.4,3.0
https://www.sofascore.com/bayer-04-leverkusen-1-fsv-mainz-05/gbbsGdb,2024-02-23,16:30,Bayer 04 Leverkusen,1. FSV Mainz 05,1.29,6.0,9.0,1.0714,3.5,1.125,1.95,1.8,1.1667,5.0,1.5714,2.375
https://www.sofascore.com/vfb-stuttgart-1-fc-koln/wdbsCdb,2024-02-24,11:30,VfB Stuttgart,1. FC Köln,1.33,5.5,8.5,1.0833,3.25,1.1429,1.95,1.8,1.2,4.5,1.5714,2.375
https://www.sofascore.com/1-fc-heidenheim-1-fc-union-berlin/XabsKrc,2024-02-24,11:30,1. FC Union Berlin,1. FC Heidenheim,1.85,3.6,4.2,1.2222,1.9091,1.2857,1.95,1.8,1.3636,3.2,2.1,1.7273
https://www.sofascore.com/vfl-bochum-1848-borussia-mgladbach/CabsRab,2024-02-24,11:30,Borussia M'gladbach,VfL Bochum 1848,2.1,3.8,3.3,1.3636,1.7,1.25,1.5333,2.375,1.2,4.5,1.6154,2.3
https://www.sofascore.com/darmstadt-98-sv-werder-bremen/JabsBbb,2024-02-24,11:30,SV Werder Bremen,Darmstadt 98,1.7,4.2,4.3333,1.2,2.1,1.2222,1.7,2.05,1.2222,4.3333,1.7273,2.1
https://www.sofascore.com/rb-leipzig-fc-bayern-munchen/xdbskCo,2024-02-24,14:30,FC Bayern München,RB Leipzig,1.77,4.5,3.8,1.1818,2.25,1.1818,1.4444,2.625,1.125,6.0,1.4,3.0
https://www.sofascore.com/eintracht-frankfurt-vfl-wolfsburg/zabszdb,2024-02-25,11:30,Eintracht Frankfurt,VfL Wolfsburg,2.45,3.4,2.9,1.4,1.5333,1.3,1.7,2.05,1.3,3.5,1.9091,1.9091
https://www.sofascore.com/borussia-dortmund-tsg-hoffenheim/ubbsydb,2024-02-25,13:30,Borussia Dortmund,TSG Hoffenheim,1.45,5.25,5.5,1.1111,2.75,1.1667,1.4444,2.625,1.0833,8.0,1.2857,3.75
https://www.sofascore.com/fc-augsburg-sc-freiburg/Nabsacb,2024-02-25,15:30,FC Augsburg,SC Freiburg,2.4,3.6,2.75,1.4,1.5714,1.2857,1.6154,2.2,1.2222,4.3333,1.7273,2.1
https://www.sofascore.com/fc-bayern-munchen-sc-freiburg/Nabsxdb,2024-03-01,16:30,SC Freiburg,FC Bayern München,6.0,5.0,1.44,2.625,1.125,1.1667,1.6667,2.1,1.1667,5.0,1.5333,2.5
https://www.sofascore.com/borussia-dortmund-1-fc-union-berlin/Xabsydb,2024-03-02,11:30,1. FC Union Berlin,Borussia Dortmund,3.2,3.6,2.1,1.7273,1.3333,1.25,1.6154,2.2,1.2222,4.3333,1.7273,2.1
https://www.sofascore.com/rb-leipzig-vfl-bochum-1848/RabskCo,2024-03-02,11:30,VfL Bochum 1848,RB Leipzig,4.5,4.5,1.65,2.2,1.1818,1.1818,1.5,2.5,1.1429,5.5,1.4444,2.75
https://www.sofascore.com/1-fc-heidenheim-eintracht-frankfurt/zdbsKrc,2024-03-02,11:30,1. FC Heidenheim,Eintracht Frankfurt,2.9,3.3,2.4,1.5333,1.4,1.3333,1.7,2.05,1.2857,3.75,1.9091,1.9091
https://www.sofascore.com/1-fsv-mainz-05-borussia-mgladbach/Cabsgbb,2024-03-02,11:30,1. FSV Mainz 05,Borussia M'gladbach,1.85,3.75,4.0,1.25,1.8333,1.25,1.6667,2.1,1.2222,4.3333,1.7273,2.1
https://www.sofascore.com/fc-augsburg-darmstadt-98/Bbbsacb,2024-03-02,11:30,Darmstadt 98,FC Augsburg,3.5,3.6,2.05,1.6667,1.3333,1.2857,1.6667,2.1,1.25,4.0,1.8,2.0
https://www.sofascore.com/vfb-stuttgart-vfl-wolfsburg/zabsCdb,2024-03-02,14:30,VfL Wolfsburg,VfB Stuttgart,3.3,3.5,2.15,1.6667,1.3333,1.2857,1.6154,2.2,1.2222,4.3333,1.7273,2.1
https://www.sofascore.com/bayer-04-leverkusen-1-fc-koln/wdbsGdb,2024-03-03,11:30,1. FC Köln,Bayer 04 Leverkusen,8.5,5.5,1.36,3.0,1.0833,1.1429,1.95,1.8,1.2,4.5,1.6154,2.3
https://www.sofascore.com/tsg-hoffenheim-sv-werder-bremen/Jabsubb,2024-03-03,13:30,TSG Hoffenheim,SV Werder Bremen,1.91,4.2,3.5,1.3,1.8,1.2222,1.5,2.5,1.1667,5.0,1.5333,2.5
https://www.sofascore.com/vfb-stuttgart-1-fc-union-berlin/XabsCdb,2024-03-08,16:30,VfB Stuttgart,1. FC Union Berlin,1.45,4.75,6.5,1.1111,2.625,1.1818,1.9091,1.9091,1.25,4.0,1.7273,2.1
https://www.sofascore.com/fc-bayern-munchen-1-fsv-mainz-05/gbbsxdb,2024-03-09,11:30,FC Bayern München,1. FSV Mainz 05,1.2,7.0,13.0,1.04,4.3333,1.1,1.8,1.95,1.1111,6.5,1.3636,3.2
https://www.sofascore.com/rb-leipzig-darmstadt-98/BbbskCo,2024-03-09,11:30,RB Leipzig,Darmstadt 98,1.11,9.0,21.0,1.0303,5.5,1.0833,1.95,1.8,1.1111,6.5,1.3636,3.2
https://www.sofascore.com/1-fc-koln-borussia-mgladbach/Cabswdb,2024-03-09,11:30,Borussia M'gladbach,1. FC Köln,1.8,3.75,4.3333,1.2222,1.9091,1.2222,1.75,2.0,1.25,4.0,1.8,2.0
https://www.sofascore.com/1-fc-heidenheim-fc-augsburg/acbsKrc,2024-03-09,11:30,FC Augsburg,1. FC Heidenheim,1.65,4.5,4.5,1.1818,2.2,1.1818,1.5714,2.25,1.1667,5.0,1.5333,2.5
https://www.sofascore.com/borussia-dortmund-sv-werder-bremen/Jabsydb,2024-03-09,14:30,SV Werder Bremen,Borussia Dortmund,3.6,4.5,1.8,1.95,1.2857,1.1818,1.4444,2.625,1.125,6.0,1.4444,2.75
https://www.sofascore.com/vfl-bochum-1848-sc-freiburg/NabsRab,2024-03-10,11:30,VfL Bochum 1848,SC Freiburg,2.45,3.5,2.75,1.4,1.5333,1.2857,1.75,2.0,1.2857,3.75,1.9091,1.9091
https://www.sofascore.com/eintracht-frankfurt-tsg-hoffenheim/ubbszdb,2024-03-10,13:30,Eintracht Frankfurt,TSG Hoffenheim,2.0,3.8,3.4,1.3333,1.8,1.2222,1.5333,2.375,1.1667,5.0,1.5333,2.5
https://www.sofascore.com/bayer-04-leverkusen-vfl-wolfsburg/zabsGdb,2024-03-10,15:30,Bayer 04 Leverkusen,VfL Wolfsburg,1.29,5.5,10.0,1.0714,3.25,1.1429,1.95,1.8,1.1667,5.0,1.5714,2.375
https://www.sofascore.com/rb-leipzig-1-fc-koln/wdbskCo,2024-03-15,16:30,1. FC Köln,RB Leipzig,6.5,4.75,1.45,2.625,1.125,1.1818,1.7,2.05,1.1667,5.0,1.5714,2.375
https://www.sofascore.com/fc-bayern-munchen-darmstadt-98/Bbbsxdb,2024-03-16,11:30,Darmstadt 98,FC Bayern München,17.0,9.5,1.13,6.0,1.025,1.0714,1.75,2.0,1.0625,10.0,1.2222,4.3333
https://www.sofascore.com/1-fc-union-berlin-sv-werder-bremen/JabsXab,2024-03-16,11:30,1. FC Union Berlin,SV Werder Bremen,2.1,3.4,3.75,1.25,1.7,1.3333,1.8,1.95,1.3333,3.4,2.0,1.8
https://www.sofascore.com/1-fc-heidenheim-borussia-mgladbach/CabsKrc,2024-03-16,11:30,1. FC Heidenheim,Borussia M'gladbach,2.6,3.6,2.55,1.5,1.5,1.2857,1.5714,2.25,1.2222,4.3333,1.7273,2.1
https://www.sofascore.com/fc-augsburg-vfl-wolfsburg/zabsacb,2024-03-16,11:30,VfL Wolfsburg,FC Augsburg,2.2,3.5,3.1,1.25,1.8,1.2857,1.6667,2.1,1.2222,4.3333,1.7273,2.1
https://www.sofascore.com/1-fsv-mainz-05-vfl-bochum-1848/Rabsgbb,2024-03-16,11:30,1. FSV Mainz 05,VfL Bochum 1848,1.8,4.0,4.2,1.2,1.95,1.25,1.7,2.05,1.2222,4.3333,1.7273,2.1
https://www.sofascore.com/vfb-stuttgart-tsg-hoffenheim/ubbsCdb,2024-03-16,14:30,TSG Hoffenheim,VfB Stuttgart,4.2,4.3333,1.73,2.05,1.2222,1.2,1.4,2.75,1.1111,6.5,1.3636,3.2
https://www.sofascore.com/bayer-04-leverkusen-sc-freiburg/NabsGdb,2024-03-17,11:30,SC Freiburg,Bayer 04 Leverkusen,6.5,4.5,1.5,2.5,1.1111,1.1818,1.8,1.95,1.2,4.5,1.6154,2.3
https://www.sofascore.com/eintracht-frankfurt-borussia-dortmund/ydbszdb,2024-03-17,13:30,Borussia Dortmund,Eintracht Frankfurt,1.65,4.3333,4.75,1.1818,2.2,1.2,1.4444,2.625,1.125,6.0,1.4,3.0
https://www.sofascore.com/bayer-04-leverkusen-tsg-hoffenheim/ubbsGdb,2024-03-30,11:30,Bayer 04 Leverkusen,TSG Hoffenheim,1.22,7.5,9.5,1.0625,4.3333,1.1,1.75,2.0,1.0833,8.0,1.2857,3.75
https://www.sofascore.com/rb-leipzig-1-fsv-mainz-05/gbbskCo,2024-03-30,11:30,RB Leipzig,1. FSV Mainz 05,1.36,5.5,7.5,1.0833,3.25,1.1429,1.7,2.05,1.125,6.0,1.4444,2.75
https://www.sofascore.com/eintracht-frankfurt-1-fc-union-berlin/Xabszdb,2024-03-30,11:30,Eintracht Frankfurt,1. FC Union Berlin,1.91,3.6,4.2,1.2222,1.8333,1.2857,1.95,1.8,1.3636,3.2,2.1,1.7273
https://www.sofascore.com/sc-freiburg-borussia-mgladbach/CabsNab,2024-03-30,11:30,Borussia M'gladbach,SC Freiburg,2.1,3.6,3.4,1.3,1.7,1.2857,1.5714,2.25,1.2,4.5,1.6667,2.2
https://www.sofascore.com/sv-werder-bremen-vfl-wolfsburg/zabsJab,2024-03-30,11:30,SV Werder Bremen,VfL Wolfsburg,2.63,3.5,2.6,1.5,1.4444,1.2857,1.6667,2.1,1.25,4.0,1.8,2.0
https://www.sofascore.com/borussia-dortmund-fc-bayern-munchen/xdbsydb,2024-03-30,14:30,FC Bayern München,Borussia Dortmund,1.36,6.0,6.5,1.125,2.75,1.125,1.3636,3.0,1.0625,10.0,1.2222,4.3333
https://www.sofascore.com/1-fc-koln-fc-augsburg/acbswdb,2024-03-31,10:30,FC Augsburg,1. FC Köln,1.65,4.2,4.75,1.1818,2.2,1.2222,1.6667,2.1,1.2,4.5,1.6154,2.3
https://www.sofascore.com/1-fc-heidenheim-vfb-stuttgart/CdbsKrc,2024-03-31,12:30,VfB Stuttgart,1. FC Heidenheim,1.3,6.0,9.0,1.0714,3.4,1.1429,1.7,2.05,1.125,6.0,1.4,3.0
https://www.sofascore.com/darmstadt-98-vfl-bochum-1848/RabsBbb,2024-03-31,14:30,VfL Bochum 1848,Darmstadt 98,1.45,4.5,6.0,1.1111,2.625,1.1818,1.6154,2.2,1.1429,5.5,,
https://www.sofascore.com/eintracht-frankfurt-sv-werder-bremen/Jabszdb,2024-04-05,15:30,Eintracht Frankfurt,SV Werder Bremen,1.8,3.75,4.2,1.2,2.0,1.25,1.6667,2.1,1.2,4.5,1.6667,2.2
https://www.sofascore.com/1-fc-heidenheim-fc-bayern-munchen/xdbsKrc,2024-04-06,10:30,1. FC Heidenheim,FC Bayern München,6.5,5.75,1.4,3.0,1.1111,1.125,1.5333,2.375,1.1,7.0,1.3333,3.4
https://www.sofascore.com/bayer-04-leverkusen-1-fc-union-berlin/XabsGdb,2024-04-06,10:30,1. FC Union Berlin,Bayer 04 Leverkusen,5.25,3.8,1.67,2.3,1.1667,1.2222,1.9091,1.9091,1.2857,3.75,1.9091,1.9091
https://www.sofascore.com/rb-leipzig-sc-freiburg/NabskCo,2024-04-06,10:30,SC Freiburg,RB Leipzig,5.25,4.5,1.57,2.3,1.1667,1.1818,1.5333,2.375,1.1429,5.5,1.4444,2.75
https://www.sofascore.com/1-fc-koln-vfl-bochum-1848/Rabswdb,2024-04-06,10:30,1. FC Köln,VfL Bochum 1848,2.25,3.5,3.1,1.3636,1.5714,1.2857,1.6154,2.2,1.2222,4.3333,1.7273,2.1
https://www.sofascore.com/darmstadt-98-1-fsv-mainz-05/gbbsBbb,2024-04-06,10:30,1. FSV Mainz 05,Darmstadt 98,1.44,5.0,6.5,1.1,2.625,1.1667,1.95,1.8,1.2222,4.3333,1.6667,2.2
https://www.sofascore.com/vfb-stuttgart-borussia-dortmund/ydbsCdb,2024-04-06,13:30,Borussia Dortmund,VfB Stuttgart,1.91,4.2,3.5,1.3333,1.8,1.2222,1.3636,3.0,1.1111,6.5,1.3636,3.2
https://www.sofascore.com/fc-augsburg-tsg-hoffenheim/ubbsacb,2024-04-07,10:30,TSG Hoffenheim,FC Augsburg,2.2,4.0,2.8,1.4,1.6667,1.2222,1.3636,3.0,1.1111,6.5,1.4,3.0
https://www.sofascore.com/borussia-mgladbach-vfl-wolfsburg/zabsCab,2024-04-07,12:30,VfL Wolfsburg,Borussia M'gladbach,1.91,4.0,3.5,1.2857,1.8333,1.2222,1.5714,2.25,1.2,4.5,1.6667,2.2
https://www.sofascore.com/fc-augsburg-1-fc-union-berlin/Xabsacb,2024-04-12,15:30,FC Augsburg,1. FC Union Berlin,2.1,3.4,3.4,1.3,1.7,1.3,1.75,2.0,1.3,3.5,1.9091,1.9091
https://www.sofascore.com/fc-bayern-munchen-1-fc-koln/wdbsxdb,2024-04-13,10:30,FC Bayern München,1. FC Köln,1.22,7.5,11.0,1.0714,3.75,1.1,1.8,1.95,1.1,7.0,1.3333,3.4
https://www.sofascore.com/borussia-dortmund-borussia-mgladbach/Cabsydb,2024-04-13,10:30,Borussia M'gladbach,Borussia Dortmund,3.1,3.75,2.15,1.7273,1.3333,1.25,1.4444,2.625,1.1429,5.5,1.5,2.625
https://www.sofascore.com/rb-leipzig-vfl-wolfsburg/zabskCo,2024-04-13,10:30,RB Leipzig,VfL Wolfsburg,1.25,6.0,11.0,1.05,3.75,1.125,1.75,2.0,,,1.4,3.0
https://www.sofascore.com/tsg-hoffenheim-1-fsv-mainz-05/gbbsubb,2024-04-13,10:30,1. FSV Mainz 05,TSG Hoffenheim,1.75,4.2,4.2,1.2222,2.0,1.2222,1.5333,2.375,,,1.5333,2.5
https://www.sofascore.com/1-fc-heidenheim-vfl-bochum-1848/RabsKrc,2024-04-13,10:30,VfL Bochum 1848,1. FC Heidenheim,2.05,3.75,3.4,1.3,1.7273,1.25,1.6154,2.2,1.2222,4.3333,1.7273,2.1
https://www.sofascore.com/vfb-stuttgart-eintracht-frankfurt/zdbsCdb,2024-04-13,13:30,VfB Stuttgart,Eintracht Frankfurt,1.45,5.0,6.0,1.125,2.625,1.1667,1.5714,2.25,1.125,6.0,1.4444,2.75
https://www.sofascore.com/darmstadt-98-sc-freiburg/NabsBbb,2024-04-14,10:30,Darmstadt 98,SC Freiburg,4.5,4.0,1.73,2.05,1.1818,1.2222,1.6154,2.2,1.2222,4.3333,1.6667,2.2
https://www.sofascore.com/bayer-04-leverkusen-sv-werder-bremen/JabsGdb,2024-04-14,12:30,Bayer 04 Leverkusen,SV Werder Bremen,1.2,7.0,13.0,1.04,4.3333,1.1,1.9091,1.9091,1.1111,6.5,1.3636,3.2
https://www.sofascore.com/eintracht-frankfurt-fc-augsburg/acbszdb,2024-04-19,15:30,Eintracht Frankfurt,FC Augsburg,1.91,4.0,3.6,1.2857,1.8333,1.2222,1.5,2.5,1.1667,5.0,1.5714,2.375
https://www.sofascore.com/rb-leipzig-1-fc-heidenheim/KrcskCo,2024-04-20,10:30,1. FC Heidenheim,RB Leipzig,6.0,5.0,1.44,2.625,1.125,1.1667,1.5714,2.25,1.125,6.0,1.4,3.0
https://www.sofascore.com/tsg-hoffenheim-borussia-mgladbach/Cabsubb,2024-04-20,10:30,TSG Hoffenheim,Borussia M'gladbach,2.25,3.8,2.9,1.4,1.6667,1.2222,1.4,2.75,1.1429,5.5,1.4444,2.75
https://www.sofascore.com/vfl-bochum-1848-vfl-wolfsburg/zabsRab,2024-04-20,10:30,VfL Wolfsburg,VfL Bochum 1848,1.91,3.6,3.8,1.25,1.8333,1.2857,1.75,2.0,1.2857,3.75,1.9091,1.9091
https://www.sofascore.com/1-fc-koln-darmstadt-98/Bbbswdb,2024-04-20,10:30,1. FC Köln,Darmstadt 98,1.44,5.0,6.5,1.1111,2.625,1.1667,1.8,1.95,1.1667,5.0,1.5714,2.375
https://www.sofascore.com/fc-bayern-munchen-1-fc-union-berlin/Xabsxdb,2024-04-20,13:30,1. FC Union Berlin,FC Bayern München,4.5,4.3333,1.67,2.15,1.1818,1.2,1.75,2.0,1.2222,4.3333,1.7273,2.1
https://www.sofascore.com/vfb-stuttgart-sv-werder-bremen/JabsCdb,2024-04-21,10:30,SV Werder Bremen,VfB Stuttgart,4.2,4.3333,1.7,2.05,1.2222,1.2,1.5714,2.25,1.1667,5.0,1.5714,2.375
https://www.sofascore.com/bayer-04-leverkusen-borussia-dortmund/ydbsGdb,2024-04-21,12:30,Borussia Dortmund,Bayer 04 Leverkusen,2.63,3.5,2.6,1.5,1.4444,1.2857,1.5714,2.25,1.2222,4.3333,1.7273,2.1
https://www.sofascore.com/1-fsv-mainz-05-sc-freiburg/Nabsgbb,2024-04-21,14:30,SC Freiburg,1. FSV Mainz 05,3.0,3.5,2.3,1.5333,1.4,1.2857,1.6667,2.1,1.25,4.0,1.8,2.0
https://www.sofascore.com/tsg-hoffenheim-vfl-bochum-1848/Rabsubb,2024-04-26,15:30,VfL Bochum 1848,TSG Hoffenheim,2.1,4.0,3.0,1.3636,1.7,1.2222,1.3636,3.0,1.1111,6.5,1.4,3.0
https://www.sofascore.com/eintracht-frankfurt-fc-bayern-munchen/xdbszdb,2024-04-27,10:30,FC Bayern München,Eintracht Frankfurt,1.44,5.0,6.0,1.125,2.625,1.1667,1.5,2.5,1.1111,6.5,1.3636,3.2
https://www.sofascore.com/rb-leipzig-borussia-dortmund/ydbskCo,2024-04-27,10:30,RB Leipzig,Borussia Dortmund,1.53,4.5,5.25,1.1667,2.375,1.1818,1.4444,2.625,1.1111,6.5,1.3636,3.2
https://www.sofascore.com/sc-freiburg-vfl-wolfsburg/zabsNab,2024-04-27,10:30,SC Freiburg,VfL Wolfsburg,2.25,3.5,3.1,1.3636,1.6154,1.2857,1.8,1.95,1.3333,3.4,2.0,1.8
https://www.sofascore.com/fc-augsburg-sv-werder-bremen/Jabsacb,2024-04-27,10:30,FC Augsburg,SV Werder Bremen,1.67,4.3333,4.5,1.2,2.1,1.2,1.5,2.5,1.125,6.0,1.4444,2.75
https://www.sofascore.com/bayer-04-leverkusen-vfb-stuttgart/CdbsGdb,2024-04-27,13:30,Bayer 04 Leverkusen,VfB Stuttgart,1.8,4.0,4.2,1.2222,1.95,1.2222,1.5714,2.25,1.1667,5.0,1.5714,2.375
https://www.sofascore.com/1-fc-union-berlin-borussia-mgladbach/CabsXab,2024-04-28,10:30,Borussia M'gladbach,1. FC Union Berlin,2.5,3.5,2.7,1.4444,1.5,1.2857,1.7,2.05,1.2857,3.75,1.9091,1.9091
https://www.sofascore.com/1-fc-koln-1-fsv-mainz-05/gbbswdb,2024-04-28,12:30,1. FSV Mainz 05,1. FC Köln,1.55,4.2,5.75,1.1429,2.375,1.2222,1.8,1.95,1.2222,4.3333,1.6667,2.2
https://www.sofascore.com/1-fc-heidenheim-darmstadt-98/BbbsKrc,2024-04-28,14:30,Darmstadt 98,1. FC Heidenheim,3.1,3.75,2.2,1.6667,1.3636,1.25,1.5714,2.25,1.2,4.5,1.6667,2.2
https://www.sofascore.com/rb-leipzig-tsg-hoffenheim/ubbskCo,2024-05-03,15:30,TSG Hoffenheim,RB Leipzig,5.5,5.25,1.5,2.5,1.1429,1.1667,1.3636,3.0,1.0714,9.0,1.25,4.0
https://www.sofascore.com/vfb-stuttgart-fc-bayern-munchen/xdbsCdb,2024-05-04,10:30,VfB Stuttgart,FC Bayern München,2.5,3.8,2.5,1.5,1.5,1.25,1.4,2.75,1.1429,5.5,1.4444,2.75
https://www.sofascore.com/borussia-dortmund-fc-augsburg/acbsydb,2024-05-04,10:30,Borussia Dortmund,FC Augsburg,1.95,4.0,3.4,1.3,1.8,1.2222,1.3636,3.0,1.1111,6.5,1.3636,3.2
https://www.sofascore.com/sv-werder-bremen-borussia-mgladbach/CabsJab,2024-05-04,10:30,SV Werder Bremen,Borussia M'gladbach,2.1,3.75,3.2,1.3,1.7273,1.25,1.5,2.5,1.1667,5.0,1.5714,2.375
https://www.sofascore.com/darmstadt-98-vfl-wolfsburg/zabsBbb,2024-05-04,10:30,VfL Wolfsburg,Darmstadt 98,1.29,6.0,9.0,1.0714,3.5,1.125,1.8,1.95,1.125,6.0,1.4444,2.75
https://www.sofascore.com/1-fc-koln-sc-freiburg/Nabswdb,2024-05-04,13:30,1. FC Köln,SC Freiburg,2.45,3.75,2.75,1.4,1.5333,1.25,1.6154,2.2,1.2222,4.3333,1.7273,2.1
https://www.sofascore.com/1-fc-union-berlin-vfl-bochum-1848/RabsXab,2024-05-05,10:30,1. FC Union Berlin,VfL Bochum 1848,1.95,3.6,3.8,1.25,1.8,1.2857,1.8,1.95,1.2857,3.75,1.9091,1.9091
https://www.sofascore.com/bayer-04-leverkusen-eintracht-frankfurt/zdbsGdb,2024-05-05,12:30,Eintracht Frankfurt,Bayer 04 Leverkusen,2.8,3.5,2.4,1.5333,1.4,1.2857,1.5714,2.25,1.2222,4.3333,1.7273,2.1
https://www.sofascore.com/1-fc-heidenheim-1-fsv-mainz-05/gbbsKrc,2024-05-05,14:30,1. FC Heidenheim,1. FSV Mainz 05,2.88,3.4,2.4,1.5333,1.3636,1.3,1.6667,2.1,1.25,4.0,1.8,2.0
https://www.sofascore.com/vfb-stuttgart-fc-augsburg/acbsCdb,2024-05-10,15:30,FC Augsburg,VfB Stuttgart,4.0,4.2,1.75,2.0,1.2222,1.2222,1.4,2.75,1.1111,6.5,1.4,3.0
https://www.sofascore.com/rb-leipzig-sv-werder-bremen/JabskCo,2024-05-11,10:30,RB Leipzig,SV Werder Bremen,1.36,5.5,7.0,1.1111,2.75,1.1667,1.5333,2.375,1.1,7.0,1.3636,3.2
https://www.sofascore.com/eintracht-frankfurt-borussia-mgladbach/Cabszdb,2024-05-11,10:30,Borussia M'gladbach,Eintracht Frankfurt,2.6,3.75,2.45,1.5333,1.5,1.25,1.5,2.5,1.1667,5.0,1.5714,2.375
https://www.sofascore.com/1-fc-koln-1-fc-union-berlin/Xabswdb,2024-05-11,10:30,1. FC Köln,1. FC Union Berlin,2.55,3.3,2.75,1.4,1.5,1.3333,1.7,2.05,1.2857,3.75,1.9091,1.9091
https://www.sofascore.com/1-fc-heidenheim-sc-freiburg/NabsKrc,2024-05-11,10:30,SC Freiburg,1. FC Heidenheim,1.75,4.0,4.3333,1.2,2.0,1.2222,1.6154,2.2,1.2222,4.3333,1.6667,2.2
https://www.sofascore.com/borussia-dortmund-1-fsv-mainz-05/gbbsydb,2024-05-11,13:30,1. FSV Mainz 05,Borussia Dortmund,1.85,4.0,3.75,1.25,1.9091,1.2222,1.4444,2.625,1.125,6.0,1.4444,2.75
https://www.sofascore.com/darmstadt-98-tsg-hoffenheim/ubbsBbb,2024-05-12,10:30,Darmstadt 98,TSG Hoffenheim,4.75,4.75,1.57,2.375,1.1667,1.1667,1.4,2.75,1.0833,8.0,1.2857,3.75
https://www.sofascore.com/fc-bayern-munchen-vfl-wolfsburg/zabsxdb,2024-05-12,12:30,FC Bayern München,VfL Wolfsburg,1.5,5.25,5.25,1.1667,2.5,1.1667,1.6667,2.1,1.1429,5.5,1.4444,2.75
https://www.sofascore.com/bayer-04-leverkusen-vfl-bochum-1848/RabsGdb,2024-05-12,14:30,VfL Bochum 1848,Bayer 04 Leverkusen,4.2,4.2,1.73,2.05,1.2222,1.2222,1.5714,2.25,1.1667,5.0,1.5714,2.375
https://www.sofascore.com/fc-bayern-munchen-tsg-hoffenheim/ubbsxdb,2024-05-18,10:30,TSG Hoffenheim,FC Bayern München,3.4,4.3333,1.9,1.9091,1.2857,1.2,1.3333,3.25,1.0833,8.0,1.3,3.5
https://www.sofascore.com/borussia-dortmund-darmstadt-98/Bbbsydb,2024-05-18,10:30,Borussia Dortmund,Darmstadt 98,1.13,9.5,19.0,1.02,6.0,1.0714,1.7,2.05,1.05,11.0,1.2,4.5
https://www.sofascore.com/bayer-04-leverkusen-fc-augsburg/acbsGdb,2024-05-18,10:30,Bayer 04 Leverkusen,FC Augsburg,1.2,7.5,12.0,1.05,4.3333,1.1,1.6667,2.1,1.0625,10.0,1.25,4.0
https://www.sofascore.com/rb-leipzig-eintracht-frankfurt/zdbskCo,2024-05-18,10:30,Eintracht Frankfurt,RB Leipzig,2.2,3.9,2.9,1.3636,1.6667,1.25,1.4,2.75,1.1429,5.5,1.4444,2.75
https://www.sofascore.com/1-fc-union-berlin-sc-freiburg/NabsXab,2024-05-18,10:30,1. FC Union Berlin,SC Freiburg,1.85,3.7,4.1,1.2222,1.9091,1.2857,1.6667,2.1,1.2222,4.3333,1.7273,2.1
https://www.sofascore.com/vfb-stuttgart-borussia-mgladbach/CabsCdb,2024-05-18,10:30,VfB Stuttgart,Borussia M'gladbach,1.22,7.0,10.0,1.05,4.3333,1.1,1.5714,2.25,1.0625,10.0,1.2222,4.3333
https://www.sofascore.com/1-fsv-mainz-05-vfl-wolfsburg/zabsgbb,2024-05-18,10:30,VfL Wolfsburg,1. FSV Mainz 05,3.1,3.5,2.25,1.6154,1.3636,1.2857,1.6154,2.2,1.2222,4.3333,1.7273,2.1
https://www.sofascore.com/vfl-bochum-1848-sv-werder-bremen/JabsRab,2024-05-18,10:30,SV Werder Bremen,VfL Bochum 1848,2.15,3.8,3.1,1.3636,1.6667,1.25,1.4,2.75,1.1429,5.5,1.4444,2.75
https://www.sofascore.com/1-fc-heidenheim-1-fc-koln/wdbsKrc,2024-05-18,10:30,1. FC Heidenheim,1. FC Köln,2.05,4.2,3.1,1.3636,1.7273,1.2222,1.4444,2.625,1.1429,5.5,1.4444,2.75
https://www.sofascore.com/fortuna-dusseldorf-vfl-bochum-1848/RabsNbb,2024-05-23,15:30,VfL Bochum 1848,Fortuna Düsseldorf,2.15,3.5,3.2,1.3636,1.6667,1.2857,1.6667,2.1,1.25,3.75,1.8,2.0
https://www.sofascore.com/fortuna-dusseldorf-vfl-bochum-1848/RabsNbb,2024-05-27,15:30,Fortuna Düsseldorf,VfL Bochum 1848,2.05,3.7,3.4,1.3,1.7273,1.2857,1.5,2.5,1.1667,5.0,1.5714,2.35
https://www.sofascore.com/bayer-04-leverkusen-borussia-mgladbach/CabsGdb,2024-08-23,15:30,Borussia M'gladbach,Bayer 04 Leverkusen,4.75,4.5,1.62,2.375,1.1667,1.1818,1.5714,2.25,1.1429,5.5,1.4444,2.75
https://www.sofascore.com/rb-leipzig-vfl-bochum-1848/RabskCo,2024-08-24,10:30,RB Leipzig,VfL Bochum 1848,1.22,7.5,11.0,1.05,4.0,1.1,1.8,1.95,1.1,7.0,1.3333,3.4
https://www.sofascore.com/vfb-stuttgart-sc-freiburg/NabsCdb,2024-08-24,10:30,SC Freiburg,VfB Stuttgart,3.7,3.8,1.91,1.8,1.2857,1.25,1.5333,2.375,1.1667,5.0,1.5714,2.375
https://www.sofascore.com/1-fsv-mainz-05-1-fc-union-berlin/Xabsgbb,2024-08-24,10:30,1. FSV Mainz 05,1. FC Union Berlin,2.05,3.3,3.75,1.25,1.7273,1.3333,1.8,1.95,1.3333,3.4,2.0,1.8
https://www.sofascore.com/fc-augsburg-sv-werder-bremen/Jabsacb,2024-08-24,10:30,FC Augsburg,SV Werder Bremen,2.45,3.6,2.7,1.4,1.5714,1.2857,1.5714,2.25,1.2,4.5,1.6667,2.2
https://www.sofascore.com/holstein-kiel-tsg-hoffenheim/ubbsybb,2024-08-24,10:30,TSG Hoffenheim,Holstein Kiel,1.62,4.75,4.5,1.2222,2.15,1.1818,1.5,2.5,1.1429,5.5,1.4444,2.75
https://www.sofascore.com/eintracht-frankfurt-borussia-dortmund/ydbszdb,2024-08-24,13:30,Borussia Dortmund,Eintracht Frankfurt,1.73,4.0,4.3333,1.1818,2.1,1.2222,1.5,2.5,1.1429,5.5,1.5,2.625
https://www.sofascore.com/fc-bayern-munchen-vfl-wolfsburg/zabsxdb,2024-08-25,10:30,VfL Wolfsburg,FC Bayern München,6.0,4.75,1.45,2.625,1.125,1.1818,1.5714,2.25,1.1429,5.5,1.5,2.625
https://www.sofascore.com/1-fc-heidenheim-fc-st-pauli/BabsKrc,2024-08-25,12:30,FC St. Pauli,1. FC Heidenheim,1.95,3.5,3.75,1.25,1.8,1.2857,1.75,2.0,1.3,3.5,2.0,1.8
https://www.sofascore.com/1-fc-union-berlin-fc-st-pauli/BabsXab,2024-08-30,15:30,1. FC Union Berlin,FC St. Pauli,1.95,3.4,4.2,1.25,1.8,1.2857,1.8,1.95,1.3,3.5,2.0,1.8
https://www.sofascore.com/borussia-dortmund-sv-werder-bremen/Jabsydb,2024-08-31,10:30,SV Werder Bremen,Borussia Dortmund,3.9,3.75,1.91,1.8333,1.25,1.25,1.5333,2.375,1.1667,5.0,1.5714,2.375
https://www.sofascore.com/eintracht-frankfurt-tsg-hoffenheim/ubbszdb,2024-08-31,10:30,Eintracht Frankfurt,TSG Hoffenheim,1.65,4.5,4.5,1.1818,2.25,1.1818,1.5,2.5,1.125,6.0,1.4,3.0
https://www.sofascore.com/vfb-stuttgart-1-fsv-mainz-05/gbbsCdb,2024-08-31,10:30,VfB Stuttgart,1. FSV Mainz 05,1.62,4.3333,5.25,1.1818,2.15,1.2,1.5714,2.25,1.1667,5.0,1.5714,2.375
https://www.sofascore.com/vfl-bochum-1848-borussia-mgladbach/CabsRab,2024-08-31,10:30,VfL Bochum 1848,Borussia M'gladbach,2.8,3.75,2.35,1.5714,1.4,1.25,1.4444,2.625,1.1429,5.5,1.5,2.625
https://www.sofascore.com/holstein-kiel-vfl-wolfsburg/zabsybb,2024-08-31,10:30,Holstein Kiel,VfL Wolfsburg,2.9,3.7,2.3,1.5714,1.4,1.2857,1.5333,2.375,1.2,4.5,1.6154,2.3
https://www.sofascore.com/rb-leipzig-bayer-04-leverkusen/GdbskCo,2024-08-31,13:30,Bayer 04 Leverkusen,RB Leipzig,1.62,4.5,4.75,1.1818,2.25,1.1818,1.5,2.5,1.1429,5.5,1.4444,2.75
https://www.sofascore.com/1-fc-heidenheim-fc-augsburg/acbsKrc,2024-09-01,10:30,1. FC Heidenheim,FC Augsburg,2.38,3.5,2.9,1.4,1.5333,1.2857,1.6154,2.2,1.25,4.0,1.8,2.0
https://www.sofascore.com/fc-bayern-munchen-sc-freiburg/Nabsxdb,2024-09-01,12:30,FC Bayern München,SC Freiburg,1.2,7.5,11.0,1.05,4.3333,1.1,1.7,2.05,1.0833,8.0,1.2857,3.75
https://www.sofascore.com/1-fc-heidenheim-borussia-dortmund/ydbsKrc,2024-09-13,15:30,Borussia Dortmund,1. FC Heidenheim,1.33,5.75,7.5,1.1,3.0,1.1429,1.7,2.05,1.1429,5.5,1.4444,2.75
https://www.sofascore.com/bayer-04-leverkusen-tsg-hoffenheim/ubbsGdb,2024-09-14,10:30,TSG Hoffenheim,Bayer 04 Leverkusen,7.0,4.75,1.42,2.75,1.1,1.1667,1.4444,2.625,1.0833,8.0,1.3333,3.4
https://www.sofascore.com/rb-leipzig-1-fc-union-berlin/XabskCo,2024-09-14,10:30,RB Leipzig,1. FC Union Berlin,1.45,4.75,6.5,1.1111,2.625,1.1818,1.75,2.0,,,,
https://www.sofascore.com/eintracht-frankfurt-vfl-wolfsburg/zabszdb,2024-09-14,10:30,VfL Wolfsburg,Eintracht Frankfurt,2.7,3.6,2.45,1.5333,1.4444,1.2857,1.6667,2.1,1.25,4.0,1.8,2.0
https://www.sofascore.com/vfb-stuttgart-borussia-mgladbach/CabsCdb,2024-09-14,10:30,Borussia M'gladbach,VfB Stuttgart,2.63,3.8,2.45,1.5333,1.4444,1.25,1.4,2.75,1.1429,5.5,1.4444,2.75
https://www.sofascore.com/vfl-bochum-1848-sc-freiburg/NabsRab,2024-09-14,10:30,SC Freiburg,VfL Bochum 1848,1.55,4.2,5.75,1.1429,2.3,1.2222,1.6667,2.1,1.1667,5.0,1.6154,2.3
https://www.sofascore.com/fc-bayern-munchen-holstein-kiel/ybbsxdb,2024-09-14,13:30,Holstein Kiel,FC Bayern München,11.0,7.5,1.2,4.0,1.05,1.1,1.6667,2.1,1.0833,8.0,1.2857,3.75
https://www.sofascore.com/fc-augsburg-fc-st-pauli/Babsacb,2024-09-15,10:30,FC Augsburg,FC St. Pauli,2.1,3.25,3.7,1.25,1.7,1.3636,1.9091,1.9091,1.3636,3.2,2.1,1.7273
https://www.sofascore.com/1-fsv-mainz-05-sv-werder-bremen/Jabsgbb,2024-09-15,12:30,1. FSV Mainz 05,SV Werder Bremen,2.15,3.6,3.2,1.3636,1.6667,1.2857,1.6154,2.2,1.2222,4.3333,1.7273,2.1
https://www.sofascore.com/fc-augsburg-1-fsv-mainz-05/gbbsacb,2024-09-20,15:30,FC Augsburg,1. FSV Mainz 05,2.3,3.5,3.0,1.3636,1.5714,1.2857,1.5714,2.25,1.2222,4.3333,1.7273,2.1
https://www.sofascore.com/fc-bayern-munchen-sv-werder-bremen/Jabsxdb,2024-09-21,10:30,SV Werder Bremen,FC Bayern München,8.5,5.75,1.33,3.25,1.0714,1.125,1.6154,2.2,1.1,7.0,1.3636,3.2
https://www.sofascore.com/tsg-hoffenheim-1-fc-union-berlin/Xabsubb,2024-09-21,10:30,1. FC Union Berlin,TSG Hoffenheim,1.8,3.9,4.2,1.2222,1.9091,1.25,1.5333,2.375,1.1667,5.0,1.5714,2.375
https://www.sofascore.com/1-fc-heidenheim-sc-freiburg/NabsKrc,2024-09-21,10:30,1. FC Heidenheim,SC Freiburg,3.25,3.5,2.2,1.5714,1.3636,1.2857,1.5714,2.25,1.2222,4.3333,1.7273,2.1
https://www.sofascore.com/holstein-kiel-vfl-bochum-1848/Rabsybb,2024-09-21,10:30,VfL Bochum 1848,Holstein Kiel,1.75,3.8,4.3333,1.25,1.8333,1.2857,1.4444,2.625,1.1429,5.5,1.5,2.625
https://www.sofascore.com/eintracht-frankfurt-borussia-mgladbach/Cabszdb,2024-09-21,13:30,Eintracht Frankfurt,Borussia M'gladbach,1.73,4.2,4.3333,1.2,2.05,1.2222,1.4444,2.625,1.125,6.0,1.4444,2.75
https://www.sofascore.com/bayer-04-leverkusen-vfl-wolfsburg/zabsGdb,2024-09-22,10:30,Bayer 04 Leverkusen,VfL Wolfsburg,1.27,6.0,8.5,1.0833,3.75,1.125,1.75,2.0,1.1111,6.5,1.3636,3.2
https://www.sofascore.com/vfb-stuttgart-borussia-dortmund/ydbsCdb,2024-09-22,12:30,VfB Stuttgart,Borussia Dortmund,2.25,3.75,3.0,1.3636,1.6154,1.25,1.4,2.75,1.1429,5.5,1.4444,2.75
https://www.sofascore.com/rb-leipzig-fc-st-pauli/BabskCo,2024-09-22,14:30,FC St. Pauli,RB Leipzig,5.5,3.9,1.6154,2.25,1.1429,1.25,1.6667,2.1,1.2,4.5,1.6154,2.3
https://www.sofascore.com/borussia-dortmund-vfl-bochum-1848/Rabsydb,2024-09-27,15:30,Borussia Dortmund,VfL Bochum 1848,1.22,7.0,11.0,1.05,4.0,1.1,1.6667,2.1,1.0833,8.0,1.2857,3.75
https://www.sofascore.com/rb-leipzig-fc-augsburg/acbskCo,2024-09-28,10:30,RB Leipzig,FC Augsburg,1.5,4.75,5.5,1.1429,2.625,1.1818,1.6154,2.2,1.1429,5.5,1.5,2.625
https://www.sofascore.com/vfb-stuttgart-vfl-wolfsburg/zabsCdb,2024-09-28,10:30,VfL Wolfsburg,VfB Stuttgart,3.5,3.75,2.0,1.7273,1.3,1.25,1.5,2.5,1.1667,5.0,1.5333,2.5
https://www.sofascore.com/1-fc-union-berlin-borussia-mgladbach/CabsXab,2024-09-28,10:30,Borussia M'gladbach,1. FC Union Berlin,2.15,3.5,3.25,1.3636,1.6667,1.2857,1.6154,2.2,1.25,4.0,1.8,2.0
https://www.sofascore.com/sc-freiburg-fc-st-pauli/BabsNab,2024-09-28,10:30,SC Freiburg,FC St. Pauli,1.55,4.2,5.75,1.1429,2.375,1.2222,1.8,1.95,1.2222,4.3333,1.7273,2.1
https://www.sofascore.com/1-fc-heidenheim-1-fsv-mainz-05/gbbsKrc,2024-09-28,10:30,1. FSV Mainz 05,1. FC Heidenheim,1.83,3.7,4.3333,1.2,1.9091,1.2857,1.75,2.0,1.25,4.0,1.8,2.0
https://www.sofascore.com/bayer-04-leverkusen-fc-bayern-munchen/xdbsGdb,2024-09-28,13:30,FC Bayern München,Bayer 04 Leverkusen,1.65,4.5,4.5,1.2,2.15,1.1818,1.4,2.75,1.1,7.0,1.3333,3.4
https://www.sofascore.com/eintracht-frankfurt-holstein-kiel/ybbszdb,2024-09-29,10:30,Holstein Kiel,Eintracht Frankfurt,3.6,3.9,1.95,1.8,1.2857,1.25,1.5333,2.375,1.1667,5.0,1.5714,2.375
https://www.sofascore.com/tsg-hoffenheim-sv-werder-bremen/Jabsubb,2024-09-29,12:30,TSG Hoffenheim,SV Werder Bremen,2.2,3.8,3.0,1.4,1.6154,1.25,1.4444,2.625,1.1429,5.5,1.5,2.625
https://www.sofascore.com/fc-augsburg-borussia-mgladbach/Cabsacb,2024-10-04,15:30,FC Augsburg,Borussia M'gladbach,2.4,3.6,2.75,1.4,1.5714,1.2857,1.4444,2.625,1.1667,5.0,1.5714,2.375
https://www.sofascore.com/borussia-dortmund-1-fc-union-berlin/Xabsydb,2024-10-05,10:30,1. FC Union Berlin,Borussia Dortmund,3.75,3.6,2.0,1.8,1.2857,1.2857,1.6667,2.1,1.2222,4.3333,1.7273,2.1
https://www.sofascore.com/bayer-04-leverkusen-holstein-kiel/ybbsGdb,2024-10-05,10:30,Bayer 04 Leverkusen,Holstein Kiel,1.08,12.0,21.0,1.0152,8.0,1.05,1.95,1.8,1.05,11.0,1.2,4.5
https://www.sofascore.com/sc-freiburg-sv-werder-bremen/JabsNab,2024-10-05,10:30,SV Werder Bremen,SC Freiburg,2.63,3.4,2.6,1.5,1.4444,1.3,1.5714,2.25,1.2222,4.3333,1.7273,2.1
https://www.sofascore.com/vfl-bochum-1848-vfl-wolfsburg/zabsRab,2024-10-05,10:30,VfL Bochum 1848,VfL Wolfsburg,3.0,3.7,2.2,1.6667,1.3636,1.2857,1.5333,2.375,1.2,4.5,1.6154,2.3
https://www.sofascore.com/1-fsv-mainz-05-fc-st-pauli/Babsgbb,2024-10-05,13:30,FC St. Pauli,1. FSV Mainz 05,2.15,3.3,3.4,1.2857,1.6667,1.3333,1.75,2.0,1.3,3.5,1.9091,1.9091
https://www.sofascore.com/rb-leipzig-1-fc-heidenheim/KrcskCo,2024-10-06,10:30,1. FC Heidenheim,RB Leipzig,4.8,4.0,1.67,2.15,1.1818,1.2222,1.6154,2.2,1.2,4.5,1.6154,2.3
https://www.sofascore.com/eintracht-frankfurt-fc-bayern-munchen/xdbszdb,2024-10-06,12:30,Eintracht Frankfurt,FC Bayern München,5.5,4.5,1.53,2.375,1.1429,1.1818,1.5,2.5,1.1111,6.5,1.4,3.0
https://www.sofascore.com/vfb-stuttgart-tsg-hoffenheim/ubbsCdb,2024-10-06,14:30,VfB Stuttgart,TSG Hoffenheim,1.3,6.0,8.5,1.0833,3.4,1.125,1.5,2.5,1.0833,8.0,1.2857,3.75
https://www.sofascore.com/borussia-dortmund-fc-st-pauli/Babsydb,2024-10-18,15:30,Borussia Dortmund,FC St. Pauli,1.29,5.5,11.0,1.05,3.5,1.1429,1.95,1.8,1.1667,5.0,1.5333,2.5
https://www.sofascore.com/bayer-04-leverkusen-eintracht-frankfurt/zdbsGdb,2024-10-19,10:30,Bayer 04 Leverkusen,Eintracht Frankfurt,1.44,4.5,6.5,1.1111,2.625,1.1818,1.5714,2.25,1.1429,5.5,1.4444,2.75
https://www.sofascore.com/rb-leipzig-1-fsv-mainz-05/gbbskCo,2024-10-19,10:30,1. FSV Mainz 05,RB Leipzig,3.8,3.9,1.83,1.9091,1.25,1.25,1.5714,2.25,1.2,4.5,1.6154,2.3
https://www.sofascore.com/fc-augsburg-sc-freiburg/Nabsacb,2024-10-19,10:30,SC Freiburg,FC Augsburg,1.62,4.0,5.25,1.1667,2.15,1.25,1.7,2.05,1.2222,4.3333,1.6667,2.2
https://www.sofascore.com/1-fc-heidenheim-borussia-mgladbach/CabsKrc,2024-10-19,10:30,Borussia M'gladbach,1. FC Heidenheim,1.9,3.7,3.8,1.25,1.9091,1.2857,1.5333,2.375,1.2,4.5,1.6154,2.3
https://www.sofascore.com/tsg-hoffenheim-vfl-bochum-1848/Rabsubb,2024-10-19,10:30,TSG Hoffenheim,VfL Bochum 1848,1.48,5.25,5.25,1.1667,2.625,1.1667,1.4444,2.625,1.0833,8.0,1.3,3.5
https://www.sofascore.com/vfb-stuttgart-fc-bayern-munchen/xdbsCdb,2024-10-19,13:30,FC Bayern München,VfB Stuttgart,1.33,5.5,8.0,1.0833,3.25,1.1429,1.5,2.5,1.0714,9.0,1.2857,3.75
https://www.sofascore.com/holstein-kiel-1-fc-union-berlin/Xabsybb,2024-10-20,10:30,Holstein Kiel,1. FC Union Berlin,3.5,3.5,2.05,1.8,1.2857,1.2857,1.7,2.05,1.25,4.0,1.8,2.0
https://www.sofascore.com/sv-werder-bremen-vfl-wolfsburg/zabsJab,2024-10-20,12:30,VfL Wolfsburg,SV Werder Bremen,1.95,3.75,3.6,1.3333,1.7,1.2857,1.5,2.5,1.1667,5.0,1.5714,2.375
https://www.sofascore.com/1-fsv-mainz-05-borussia-mgladbach/Cabsgbb,2024-10-25,15:30,1. FSV Mainz 05,Borussia M'gladbach,2.25,3.75,2.88,1.3636,1.6667,1.25,1.5,2.5,1.1667,5.0,1.5714,2.375
https://www.sofascore.com/borussia-dortmund-fc-augsburg/acbsydb,2024-10-26,10:30,FC Augsburg,Borussia Dortmund,4.0,4.0,1.8,1.95,1.2222,1.2222,1.4444,2.625,1.1429,5.5,1.5,2.625
https://www.sofascore.com/rb-leipzig-sc-freiburg/NabskCo,2024-10-26,10:30,RB Leipzig,SC Freiburg,1.75,4.0,4.1,1.2222,2.0,1.2222,1.6154,2.2,1.2,4.5,1.6667,2.2
https://www.sofascore.com/vfb-stuttgart-holstein-kiel/ybbsCdb,2024-10-26,10:30,VfB Stuttgart,Holstein Kiel,1.2,7.5,9.5,1.0833,3.75,1.1,1.6154,2.2,1.0833,8.0,1.3,3.5
https://www.sofascore.com/fc-st-pauli-vfl-wolfsburg/zabsBab,2024-10-26,10:30,FC St. Pauli,VfL Wolfsburg,2.45,3.5,2.75,1.4,1.5333,1.2857,1.7,2.05,1.2857,3.75,1.9091,1.9091
https://www.sofascore.com/bayer-04-leverkusen-sv-werder-bremen/JabsGdb,2024-10-26,13:30,SV Werder Bremen,Bayer 04 Leverkusen,6.0,5.25,1.42,2.625,1.1429,1.1667,1.5714,2.25,1.125,6.0,1.4,3.0
https://www.sofascore.com/fc-bayern-munchen-vfl-bochum-1848/Rabsxdb,2024-10-27,11:30,VfL Bochum 1848,FC Bayern München,11.0,9.5,1.17,5.0,1.05,1.0714,1.6667,2.1,1.0625,10.0,1.2,4.5
https://www.sofascore.com/eintracht-frankfurt-1-fc-union-berlin/Xabszdb,2024-10-27,13:30,1. FC Union Berlin,Eintracht Frankfurt,2.45,3.3,2.88,1.4,1.5333,1.3333,1.7,2.05,1.2857,3.75,1.9091,1.9091
https://www.sofascore.com/1-fc-heidenheim-tsg-hoffenheim/ubbsKrc,2024-10-27,15:30,1. FC Heidenheim,TSG Hoffenheim,2.63,3.4,2.6,1.5,1.4,1.3,1.5333,2.375,1.2222,4.3333,1.7273,2.1
https://www.sofascore.com/bayer-04-leverkusen-vfb-stuttgart/CdbsGdb,2024-11-01,16:30,Bayer 04 Leverkusen,VfB Stuttgart,1.62,4.5,4.75,1.1818,2.25,1.1818,1.4444,2.625,1.125,6.0,1.4,3.0
https://www.sofascore.com/fc-bayern-munchen-1-fc-union-berlin/Xabsxdb,2024-11-02,11:30,FC Bayern München,1. FC Union Berlin,1.14,8.5,15.0,1.0303,5.5,1.0714,2.1,1.6667,1.1111,6.5,1.3636,3.2
https://www.sofascore.com/eintracht-frankfurt-vfl-bochum-1848/Rabszdb,2024-11-02,11:30,Eintracht Frankfurt,VfL Bochum 1848,1.45,5.25,5.5,1.125,2.75,1.1429,1.5333,2.375,1.1111,6.5,1.3636,3.2
https://www.sofascore.com/fc-augsburg-vfl-wolfsburg/zabsacb,2024-11-02,11:30,VfL Wolfsburg,FC Augsburg,2.0,3.6,3.5,1.3333,1.7,1.2857,1.6154,2.2,1.2222,4.3333,1.7273,2.1
https://www.sofascore.com/tsg-hoffenheim-fc-st-pauli/Babsubb,2024-11-02,11:30,TSG Hoffenheim,FC St. Pauli,1.9,3.7,3.9,1.25,1.9091,1.2857,1.6154,2.2,1.2,4.5,1.6667,2.2
https://www.sofascore.com/1-fc-heidenheim-holstein-kiel/ybbsKrc,2024-11-02,11:30,Holstein Kiel,1. FC Heidenheim,2.4,3.5,2.8,1.4,1.5333,1.2857,1.7,2.05,1.2857,3.75,1.9091,1.9091
https://www.sofascore.com/rb-leipzig-borussia-dortmund/ydbskCo,2024-11-02,14:30,Borussia Dortmund,RB Leipzig,2.15,3.8,3.1,1.3636,1.6667,1.25,1.4,2.75,1.1429,5.5,1.4444,2.75
https://www.sofascore.com/1-fsv-mainz-05-sc-freiburg/Nabsgbb,2024-11-03,11:30,SC Freiburg,1. FSV Mainz 05,1.73,3.8,4.5,1.1818,2.05,1.25,1.75,2.0,1.25,4.0,1.8,2.0
https://www.sofascore.com/sv-werder-bremen-borussia-mgladbach/CabsJab,2024-11-03,13:30,Borussia M'gladbach,SV Werder Bremen,2.2,3.8,3.0,1.4,1.5714,1.25,1.4444,2.625,1.1429,5.5,1.5,2.625
https://www.sofascore.com/1-fc-union-berlin-sc-freiburg/NabsXab,2024-11-08,16:30,1. FC Union Berlin,SC Freiburg,2.38,3.1,3.1,1.3636,1.5333,1.3333,2.0,1.75,1.4444,2.75,2.3,1.6154
https://www.sofascore.com/fc-bayern-munchen-fc-st-pauli/Babsxdb,2024-11-09,11:30,FC St. Pauli,FC Bayern München,13.0,7.0,1.2,4.3333,1.04,1.1,2.0,1.75,1.1429,5.5,1.4444,2.75
https://www.sofascore.com/borussia-dortmund-1-fsv-mainz-05/gbbsydb,2024-11-09,11:30,1. FSV Mainz 05,Borussia Dortmund,4.0,3.6,1.9,1.9091,1.25,1.2857,1.5333,2.375,1.1667,5.0,1.5714,2.375
https://www.sofascore.com/bayer-04-leverkusen-vfl-bochum-1848/RabsGdb,2024-11-09,11:30,VfL Bochum 1848,Bayer 04 Leverkusen,9.5,6.25,1.27,3.75,1.0714,1.125,1.7,2.05,1.1,7.0,1.3636,3.2
https://www.sofascore.com/holstein-kiel-sv-werder-bremen/Jabsybb,2024-11-09,11:30,SV Werder Bremen,Holstein Kiel,1.57,4.3333,5.0,1.1667,2.3,1.2,1.6154,2.2,1.1667,5.0,1.5714,2.375
https://www.sofascore.com/rb-leipzig-borussia-mgladbach/CabskCo,2024-11-09,14:30,RB Leipzig,Borussia M'gladbach,1.62,4.2,4.75,1.1667,2.25,1.2222,1.5,2.5,1.125,6.0,1.4444,2.75
https://www.sofascore.com/fc-augsburg-tsg-hoffenheim/ubbsacb,2024-11-10,11:30,FC Augsburg,TSG Hoffenheim,2.05,3.4,3.4,1.3,1.7273,1.3,1.6667,2.1,1.2857,3.75,1.9091,1.9091
https://www.sofascore.com/vfb-stuttgart-eintracht-frankfurt/zdbsCdb,2024-11-10,13:30,VfB Stuttgart,Eintracht Frankfurt,1.73,3.9,4.5,1.1818,2.05,1.25,1.6154,2.2,1.2,4.5,1.6154,2.3
https://www.sofascore.com/1-fc-heidenheim-vfl-wolfsburg/zabsKrc,2024-11-10,15:30,1. FC Heidenheim,VfL Wolfsburg,2.88,3.2,2.55,1.5,1.4,1.3636,1.75,2.0,1.3,3.5,2.0,1.8
https://www.sofascore.com/fc-bayern-munchen-fc-augsburg/acbsxdb,2024-11-22,16:30,FC Bayern München,FC Augsburg,1.13,10.0,15.0,1.0303,6.0,1.0625,1.95,1.8,1.0833,8.0,1.2857,3.75
https://www.sofascore.com/borussia-dortmund-sc-freiburg/Nabsydb,2024-11-23,11:30,Borussia Dortmund,SC Freiburg,1.75,3.7,4.75,1.1818,2.0,1.2857,1.6667,2.1,1.2222,4.3333,1.7273,2.1
https://www.sofascore.com/1-fc-heidenheim-bayer-04-leverkusen/GdbsKrc,2024-11-23,11:30,Bayer 04 Leverkusen,1. FC Heidenheim,1.22,6.25,13.0,1.04,4.0,1.125,1.95,1.8,1.1429,5.5,1.4444,2.75
https://www.sofascore.com/rb-leipzig-tsg-hoffenheim/ubbskCo,2024-11-23,11:30,TSG Hoffenheim,RB Leipzig,3.3,3.5,2.1,1.6667,1.3333,1.3,1.5,2.5,,,,
https://www.sofascore.com/vfb-stuttgart-vfl-bochum-1848/RabsCdb,2024-11-23,11:30,VfB Stuttgart,VfL Bochum 1848,1.33,5.5,8.5,1.0625,3.75,1.125,1.7,2.05,1.1,7.0,1.3636,3.2
https://www.sofascore.com/1-fc-union-berlin-vfl-wolfsburg/zabsXab,2024-11-23,11:30,VfL Wolfsburg,1. FC Union Berlin,2.1,3.3,3.7,1.3636,1.5333,1.3636,1.8,1.95,,,,
https://www.sofascore.com/eintracht-frankfurt-sv-werder-bremen/Jabszdb,2024-11-23,14:30,Eintracht Frankfurt,SV Werder Bremen,1.75,4.0,4.3333,1.2,2.05,1.2222,1.5,2.5,1.1429,5.5,1.5,2.625
https://www.sofascore.com/holstein-kiel-1-fsv-mainz-05/gbbsybb,2024-11-24,11:30,Holstein Kiel,1. FSV Mainz 05,3.2,3.3,2.25,1.6154,1.3636,1.3333,1.6667,2.1,1.25,4.0,1.8,2.0
https://www.sofascore.com/borussia-mgladbach-fc-st-pauli/BabsCab,2024-11-24,13:30,Borussia M'gladbach,FC St. Pauli,1.9,3.7,3.9,1.25,1.9091,1.2857,1.6667,2.1,1.2222,4.3333,1.7273,2.1
https://www.sofascore.com/holstein-kiel-fc-st-pauli/Babsybb,2024-11-29,16:30,FC St. Pauli,Holstein Kiel,1.67,3.7,5.25,1.1667,2.15,1.2857,1.95,1.8,1.3,3.5,1.9091,1.9091
https://www.sofascore.com/bayer-04-leverkusen-1-fc-union-berlin/XabsGdb,2024-11-30,11:30,1. FC Union Berlin,Bayer 04 Leverkusen,4.3333,3.4,1.85,1.9091,1.2,1.3,1.95,1.8,1.3636,3.2,2.1,1.7273
https://www.sofascore.com/rb-leipzig-vfl-wolfsburg/zabskCo,2024-11-30,11:30,RB Leipzig,VfL Wolfsburg,1.75,3.9,4.75,1.1818,2.0,1.25,1.6154,2.2,1.2,4.5,1.6154,2.3
https://www.sofascore.com/vfb-stuttgart-sv-werder-bremen/JabsCdb,2024-11-30,11:30,SV Werder Bremen,VfB Stuttgart,2.5,3.6,2.7,1.5333,1.4,1.2857,1.5333,2.375,1.2,4.5,1.6667,2.2
https://www.sofascore.com/sc-freiburg-borussia-mgladbach/CabsNab,2024-11-30,11:30,SC Freiburg,Borussia M'gladbach,2.05,3.75,3.4,1.3,1.7273,1.25,1.5714,2.25,1.2,4.5,1.6667,2.2
https://www.sofascore.com/fc-augsburg-vfl-bochum-1848/Rabsacb,2024-11-30,11:30,FC Augsburg,VfL Bochum 1848,1.75,3.9,4.5,1.2,1.95,1.25,1.75,2.0,1.25,4.0,1.8,2.0
https://www.sofascore.com/borussia-dortmund-fc-bayern-munchen/xdbsydb,2024-11-30,14:30,Borussia Dortmund,FC Bayern München,4.5,4.0,1.73,2.2,1.1667,1.2222,1.5333,2.375,1.1429,5.5,1.5,2.625
https://www.sofascore.com/tsg-hoffenheim-1-fsv-mainz-05/gbbsubb,2024-12-01,11:30,1. FSV Mainz 05,TSG Hoffenheim,2.0,3.5,3.7,1.2857,1.8,1.3,1.6154,2.2,1.2222,4.3333,1.7273,2.1
https://www.sofascore.com/1-fc-heidenheim-eintracht-frankfurt/zdbsKrc,2024-12-01,13:30,1. FC Heidenheim,Eintracht Frankfurt,3.75,3.7,1.91,1.8333,1.25,1.2857,1.6667,2.1,1.2222,4.3333,1.7273,2.1
https://www.sofascore.com/vfb-stuttgart-1-fc-union-berlin/XabsCdb,2024-12-06,16:30,VfB Stuttgart,1. FC Union Berlin,1.91,3.5,4.1,1.2222,1.9091,1.2857,1.95,1.8,1.3636,3.2,2.1,1.7273
https://www.sofascore.com/1-fc-heidenheim-fc-bayern-munchen/xdbsKrc,2024-12-07,11:30,FC Bayern München,1. FC Heidenheim,1.13,9.5,15.0,1.0303,6.0,1.0714,1.95,1.8,1.0833,8.0,1.2857,3.75
https://www.sofascore.com/bayer-04-leverkusen-fc-st-pauli/BabsGdb,2024-12-07,11:30,Bayer 04 Leverkusen,FC St. Pauli,1.29,6.0,9.5,1.0714,3.5,1.125,2.0,1.75,1.2,4.5,1.6154,2.3
https://www.sofascore.com/rb-leipzig-holstein-kiel/ybbskCo,2024-12-07,11:30,Holstein Kiel,RB Leipzig,7.0,4.75,1.44,2.5,1.125,1.1818,1.6154,2.2,1.1667,5.0,1.5,2.625
https://www.sofascore.com/eintracht-frankfurt-fc-augsburg/acbszdb,2024-12-07,11:30,Eintracht Frankfurt,FC Augsburg,1.53,4.3333,6.0,1.125,2.375,1.2,1.75,2.0,1.2,4.5,1.6667,2.2
https://www.sofascore.com/vfl-bochum-1848-sv-werder-bremen/JabsRab,2024-12-07,11:30,VfL Bochum 1848,SV Werder Bremen,3.6,3.75,1.95,1.8,1.2857,1.25,1.5333,2.375,1.1667,5.0,1.5714,2.375
https://www.sofascore.com/borussia-dortmund-borussia-mgladbach/Cabsydb,2024-12-07,14:30,Borussia M'gladbach,Borussia Dortmund,3.2,3.9,2.05,1.7273,1.3636,1.25,1.5,2.5,1.1667,5.0,1.5333,2.5
https://www.sofascore.com/1-fsv-mainz-05-vfl-wolfsburg/zabsgbb,2024-12-08,11:30,VfL Wolfsburg,1. FSV Mainz 05,2.1,3.3,3.7,1.2857,1.7,1.3333,1.7,2.05,1.2857,3.75,1.9091,1.9091
https://www.sofascore.com/tsg-hoffenheim-sc-freiburg/Nabsubb,2024-12-08,13:30,TSG Hoffenheim,SC Freiburg,2.5,3.25,2.9,1.4,1.5,1.3333,1.7,2.05,1.2857,3.75,1.9091,1.9091
https://www.sofascore.com/sc-freiburg-vfl-wolfsburg/zabsNab,2024-12-13,16:30,SC Freiburg,VfL Wolfsburg,2.25,3.4,3.2,1.3636,1.6154,1.3,1.7,2.05,1.2857,3.75,1.9091,1.9091
https://www.sofascore.com/fc-bayern-munchen-1-fsv-mainz-05/gbbsxdb,2024-12-14,11:30,1. FSV Mainz 05,FC Bayern München,6.0,4.1,1.53,2.375,1.125,1.2222,1.7,2.05,1.1667,5.0,1.5714,2.375
https://www.sofascore.com/bayer-04-leverkusen-fc-augsburg/acbsGdb,2024-12-14,11:30,FC Augsburg,Bayer 04 Leverkusen,6.25,3.75,1.6,2.25,1.125,1.2857,1.9091,1.9091,1.2857,3.75,1.9091,1.9091
https://www.sofascore.com/1-fc-union-berlin-vfl-bochum-1848/RabsXab,2024-12-14,11:30,1. FC Union Berlin,VfL Bochum 1848,1.65,3.9,5.25,1.1667,2.2,1.25,1.8,1.95,1.2857,3.75,1.9091,1.9091
https://www.sofascore.com/holstein-kiel-borussia-mgladbach/Cabsybb,2024-12-14,11:30,Borussia M'gladbach,Holstein Kiel,1.4,5.0,7.0,1.1,2.75,1.1667,1.5714,2.25,1.125,6.0,1.4,3.0
https://www.sofascore.com/sv-werder-bremen-fc-st-pauli/BabsJab,2024-12-14,14:30,FC St. Pauli,SV Werder Bremen,2.8,3.3,2.5,1.5,1.4,1.3333,1.8,1.95,1.3333,3.4,2.0,1.8
https://www.sofascore.com/1-fc-heidenheim-vfb-stuttgart/CdbsKrc,2024-12-15,11:30,1. FC Heidenheim,VfB Stuttgart,4.3333,4.0,1.73,2.05,1.2,1.2222,1.5714,2.25,1.1667,5.0,1.5714,2.375
https://www.sofascore.com/borussia-dortmund-tsg-hoffenheim/ubbsydb,2024-12-15,13:30,Borussia Dortmund,TSG Hoffenheim,1.33,5.5,7.5,1.1,3.25,1.1429,1.7,2.05,1.1429,5.5,1.4444,2.75
https://www.sofascore.com/rb-leipzig-eintracht-frankfurt/zdbskCo,2024-12-15,15:30,RB Leipzig,Eintracht Frankfurt,2.25,3.9,2.88,1.4,1.6154,1.25,1.4444,2.625,1.1667,5.0,1.5333,2.5
https://www.sofascore.com/rb-leipzig-fc-bayern-munchen/xdbskCo,2024-12-20,16:30,FC Bayern München,RB Leipzig,1.2,7.0,13.0,1.05,4.0,1.1,1.6667,2.1,1.0833,8.0,1.2857,3.75
https://www.sofascore.com/eintracht-frankfurt-1-fsv-mainz-05/gbbszdb,2024-12-21,11:30,Eintracht Frankfurt,1. FSV Mainz 05,2.1,3.7,3.4,1.3,1.7,1.2857,1.5714,2.25,1.2222,4.3333,1.7273,2.1
https://www.sofascore.com/vfb-stuttgart-fc-st-pauli/BabsCdb,2024-12-21,11:30,VfB Stuttgart,FC St. Pauli,1.45,4.75,6.25,1.125,2.625,1.1818,1.8,1.95,1.2,4.5,1.6154,2.3
https://www.sofascore.com/1-fc-union-berlin-sv-werder-bremen/JabsXab,2024-12-21,11:30,SV Werder Bremen,1. FC Union Berlin,2.25,3.25,3.3,1.3333,1.6154,1.3333,1.8,1.95,1.3333,3.4,2.1,1.7273
https://www.sofascore.com/tsg-hoffenheim-borussia-mgladbach/Cabsubb,2024-12-21,11:30,TSG Hoffenheim,Borussia M'gladbach,2.25,3.6,2.9,1.4,1.6154,1.2857,1.5,2.5,1.1667,5.0,1.5714,2.375
https://www.sofascore.com/fc-augsburg-holstein-kiel/ybbsacb,2024-12-21,11:30,Holstein Kiel,FC Augsburg,3.3,3.5,2.15,1.7,1.3,1.2857,1.7,2.05,1.2857,3.75,1.9091,1.9091
https://www.sofascore.com/bayer-04-leverkusen-sc-freiburg/NabsGdb,2024-12-21,14:30,Bayer 04 Leverkusen,SC Freiburg,1.38,5.0,7.5,1.1,3.0,1.1667,1.8,1.95,1.1667,5.0,1.5333,2.5
https://www.sofascore.com/1-fc-heidenheim-vfl-bochum-1848/RabsKrc,2024-12-22,11:30,VfL Bochum 1848,1. FC Heidenheim,2.05,3.6,3.5,1.2857,1.7273,1.2857,1.5714,2.25,1.25,4.0,1.8,2.0
https://www.sofascore.com/borussia-dortmund-vfl-wolfsburg/zabsydb,2024-12-22,13:30,VfL Wolfsburg,Borussia Dortmund,3.1,3.8,2.15,1.6667,1.3636,1.25,1.5,2.5,1.2,4.5,1.6154,2.3
https://www.sofascore.com/bayer-04-leverkusen-borussia-dortmund/ydbsGdb,2025-01-10,16:45,Borussia Dortmund,Bayer 04 Leverkusen,3.7,3.8,1.91,1.8333,1.2857,1.25,1.5,2.5,1.1667,5.0,1.5333,2.5
https://www.sofascore.com/eintracht-frankfurt-fc-st-pauli/Babszdb,2025-01-11,11:30,FC St. Pauli,Eintracht Frankfurt,3.5,3.4,2.15,1.6667,1.2857,1.3,1.6667,2.1,1.25,4.0,1.8,2.0
https://www.sofascore.com/1-fc-heidenheim-1-fc-union-berlin/XabsKrc,2025-01-11,11:30,1. FC Heidenheim,1. FC Union Berlin,3.2,3.3,2.25,1.6154,1.3636,1.3333,1.6667,2.1,1.25,4.0,1.8,2.0
https://www.sofascore.com/tsg-hoffenheim-vfl-wolfsburg/zabsubb,2025-01-11,11:30,TSG Hoffenheim,VfL Wolfsburg,2.3,3.5,3.0,1.3636,1.5714,1.2857,1.5714,2.25,1.2222,4.3333,1.7273,2.1
https://www.sofascore.com/holstein-kiel-sc-freiburg/Nabsybb,2025-01-11,11:30,SC Freiburg,Holstein Kiel,1.45,5.0,6.5,1.1111,2.625,1.1667,1.6667,2.1,1.1429,5.5,1.5,2.625
https://www.sofascore.com/1-fsv-mainz-05-vfl-bochum-1848/Rabsgbb,2025-01-11,11:30,1. FSV Mainz 05,VfL Bochum 1848,1.65,4.0,5.0,1.1667,2.2,1.2222,1.8,1.95,1.2857,3.75,1.9091,1.9091
https://www.sofascore.com/fc-bayern-munchen-borussia-mgladbach/Cabsxdb,2025-01-11,14:30,Borussia M'gladbach,FC Bayern München,8.0,5.25,1.33,3.25,1.0833,1.1667,1.6154,2.2,1.1111,6.5,1.3636,3.2
https://www.sofascore.com/rb-leipzig-sv-werder-bremen/JabskCo,2025-01-12,11:30,RB Leipzig,SV Werder Bremen,1.85,3.9,3.7,1.2857,1.9091,1.25,1.5333,2.375,1.1667,5.0,1.5714,2.375
https://www.sofascore.com/vfb-stuttgart-fc-augsburg/acbsCdb,2025-01-12,13:30,FC Augsburg,VfB Stuttgart,3.9,3.7,1.9,1.9091,1.25,1.2857,1.7,2.05,1.25,4.0,1.7273,2.1
https://www.sofascore.com/borussia-dortmund-holstein-kiel/ybbsydb,2025-01-14,14:30,Holstein Kiel,Borussia Dortmund,6.5,4.75,1.45,2.5,1.1429,1.1818,1.6154,2.2,1.1429,5.5,1.5,2.625
https://www.sofascore.com/bayer-04-leverkusen-1-fsv-mainz-05/gbbsGdb,2025-01-14,16:30,Bayer 04 Leverkusen,1. FSV Mainz 05,1.36,5.25,8.0,1.0833,3.0,1.1667,2.0,1.75,1.2222,4.3333,1.6667,2.2
https://www.sofascore.com/eintracht-frankfurt-sc-freiburg/Nabszdb,2025-01-14,16:30,Eintracht Frankfurt,SC Freiburg,1.67,4.3333,4.5,1.1818,2.15,1.2,1.5333,2.375,1.1667,5.0,1.5333,2.5
https://www.sofascore.com/borussia-mgladbach-vfl-wolfsburg/zabsCab,2025-01-14,16:30,VfL Wolfsburg,Borussia M'gladbach,1.85,3.75,4.0,1.25,1.9091,1.25,1.5333,2.375,1.1667,5.0,1.5714,2.375
https://www.sofascore.com/vfl-bochum-1848-fc-st-pauli/BabsRab,2025-01-15,14:30,VfL Bochum 1848,FC St. Pauli,2.45,3.2,3.0,1.4,1.4444,1.3636,1.7,2.05,1.3,3.5,2.0,1.8
https://www.sofascore.com/fc-bayern-munchen-tsg-hoffenheim/ubbsxdb,2025-01-15,16:30,FC Bayern München,TSG Hoffenheim,1.11,9.5,19.0,1.025,5.5,1.0833,1.9091,1.9091,1.0833,8.0,1.2857,3.75
https://www.sofascore.com/rb-leipzig-vfb-stuttgart/CdbskCo,2025-01-15,16:30,VfB Stuttgart,RB Leipzig,1.95,3.8,3.5,1.2857,1.9091,1.2222,1.4444,2.625,1.125,6.0,1.4444,2.75
https://www.sofascore.com/fc-augsburg-1-fc-union-berlin/Xabsacb,2025-01-15,16:30,1. FC Union Berlin,FC Augsburg,2.15,3.3,3.6,1.25,1.7273,1.3333,1.9091,1.9091,1.3636,3.2,2.1,1.7273
https://www.sofascore.com/1-fc-heidenheim-sv-werder-bremen/JabsKrc,2025-01-15,16:30,SV Werder Bremen,1. FC Heidenheim,1.73,4.0,4.5,1.1818,2.05,1.2222,1.6154,2.2,1.2,4.5,1.6154,2.3
https://www.sofascore.com/eintracht-frankfurt-borussia-dortmund/ydbszdb,2025-01-17,16:30,Eintracht Frankfurt,Borussia Dortmund,2.8,3.5,2.45,1.5,1.4444,1.2857,1.5,2.5,1.1667,5.0,1.5714,2.375
https://www.sofascore.com/fc-bayern-munchen-vfl-wolfsburg/zabsxdb,2025-01-18,11:30,FC Bayern München,VfL Wolfsburg,1.13,8.0,21.0,1.02,5.5,1.0833,2.0,1.75,1.1,7.0,1.3333,3.4
https://www.sofascore.com/rb-leipzig-vfl-bochum-1848/RabskCo,2025-01-18,11:30,VfL Bochum 1848,RB Leipzig,3.3,3.4,2.15,1.6667,1.3333,1.3,1.6154,2.2,1.2222,4.3333,1.7273,2.1
https://www.sofascore.com/vfb-stuttgart-sc-freiburg/NabsCdb,2025-01-18,11:30,VfB Stuttgart,SC Freiburg,1.57,4.3333,5.25,1.1667,2.3,1.2,1.6667,2.1,1.2,4.5,1.6154,2.3
https://www.sofascore.com/holstein-kiel-tsg-hoffenheim/ubbsybb,2025-01-18,11:30,Holstein Kiel,TSG Hoffenheim,2.9,3.4,2.4,1.5333,1.4,1.3,1.5,2.5,1.2,4.5,1.6667,2.2
https://www.sofascore.com/1-fc-heidenheim-fc-st-pauli/BabsKrc,2025-01-18,11:30,1. FC Heidenheim,FC St. Pauli,2.38,3.4,2.9,1.4,1.5333,1.3,1.75,2.0,1.3,3.5,1.9091,1.9091
https://www.sofascore.com/bayer-04-leverkusen-borussia-mgladbach/CabsGdb,2025-01-18,14:30,Bayer 04 Leverkusen,Borussia M'gladbach,1.27,6.0,11.0,1.0625,3.75,1.125,1.8,1.95,1.125,6.0,1.4,3.0
https://www.sofascore.com/1-fsv-mainz-05-1-fc-union-berlin/Xabsgbb,2025-01-19,11:30,1. FC Union Berlin,1. FSV Mainz 05,2.7,3.25,2.63,1.4444,1.4444,1.3333,1.75,2.0,1.3333,3.4,2.0,1.8
https://www.sofascore.com/fc-augsburg-sv-werder-bremen/Jabsacb,2025-01-19,13:30,SV Werder Bremen,FC Augsburg,1.9,3.8,3.8,1.25,1.9091,1.25,1.7,2.05,1.25,4.0,1.8,2.0
https://www.sofascore.com/holstein-kiel-vfl-wolfsburg/zabsybb,2025-01-24,16:30,VfL Wolfsburg,Holstein Kiel,1.45,5.0,6.25,1.125,2.625,1.1667,1.5714,2.25,1.1429,5.5,1.4444,2.75
https://www.sofascore.com/fc-bayern-munchen-sc-freiburg/Nabsxdb,2025-01-25,11:30,SC Freiburg,FC Bayern München,9.5,6.5,1.25,3.75,1.0714,1.1111,1.8,1.95,1.1111,6.5,1.3636,3.2
https://www.sofascore.com/borussia-dortmund-sv-werder-bremen/Jabsydb,2025-01-25,11:30,Borussia Dortmund,SV Werder Bremen,1.48,4.75,5.75,1.1429,2.625,1.1818,1.5714,2.25,1.1429,5.5,1.4444,2.75
https://www.sofascore.com/rb-leipzig-bayer-04-leverkusen/GdbskCo,2025-01-25,11:30,RB Leipzig,Bayer 04 Leverkusen,3.4,3.5,2.1,1.8333,1.2857,1.25,1.5714,2.25,1.2,4.5,1.6667,2.2
https://www.sofascore.com/vfb-stuttgart-1-fsv-mainz-05/gbbsCdb,2025-01-25,11:30,1. FSV Mainz 05,VfB Stuttgart,3.2,3.5,2.2,1.6667,1.3636,1.2857,1.6154,2.2,1.2222,4.3333,1.7273,2.1
https://www.sofascore.com/1-fc-heidenheim-fc-augsburg/acbsKrc,2025-01-25,11:30,FC Augsburg,1. FC Heidenheim,1.95,3.5,3.75,1.25,1.8,1.2857,1.75,2.0,1.2857,3.75,1.9091,1.9091
https://www.sofascore.com/vfl-bochum-1848-borussia-mgladbach/CabsRab,2025-01-25,14:30,Borussia M'gladbach,VfL Bochum 1848,1.69,4.0,4.5,1.1818,2.05,1.2222,1.5714,2.25,1.1667,5.0,1.5714,2.375
https://www.sofascore.com/eintracht-frankfurt-tsg-hoffenheim/ubbszdb,2025-01-26,11:30,TSG Hoffenheim,Eintracht Frankfurt,3.2,3.8,2.1,1.7,1.3636,1.25,1.4,2.75,1.1429,5.5,1.4444,2.75
https://www.sofascore.com/1-fc-union-berlin-fc-st-pauli/BabsXab,2025-01-26,13:30,FC St. Pauli,1. FC Union Berlin,2.35,3.2,3.2,1.3636,1.5714,1.3636,1.8,1.95,1.3636,3.2,2.1,1.7273
https://www.sofascore.com/1-fsv-mainz-05-sv-werder-bremen/Jabsgbb,2025-01-31,16:30,SV Werder Bremen,1. FSV Mainz 05,2.35,3.4,3.1,1.3636,1.5714,1.3,1.6154,2.2,1.25,4.0,1.8,2.0
https://www.sofascore.com/fc-bayern-munchen-holstein-kiel/ybbsxdb,2025-02-01,11:30,FC Bayern München,Holstein Kiel,1.04,19.0,29.0,1.01,15.0,1.02,2.1,1.6667,1.0303,15.0,1.125,6.0
https://www.sofascore.com/1-fc-heidenheim-borussia-dortmund/ydbsKrc,2025-02-01,11:30,1. FC Heidenheim,Borussia Dortmund,4.75,3.9,1.7,2.1,1.1818,1.25,1.5714,2.25,1.1667,5.0,1.5714,2.375
https://www.sofascore.com/vfb-stuttgart-borussia-mgladbach/CabsCdb,2025-02-01,11:30,VfB Stuttgart,Borussia M'gladbach,1.65,4.2,4.75,1.1818,2.25,1.2,1.5,2.5,1.125,6.0,1.4444,2.75
https://www.sofascore.com/vfl-bochum-1848-sc-freiburg/NabsRab,2025-02-01,11:30,VfL Bochum 1848,SC Freiburg,2.75,3.3,2.55,1.4444,1.4444,1.3333,1.7,2.05,1.2857,3.75,1.9091,1.9091
https://www.sofascore.com/fc-augsburg-fc-st-pauli/Babsacb,2025-02-01,11:30,FC St. Pauli,FC Augsburg,2.1,3.3,3.6,1.2857,1.7,1.3333,1.95,1.8,1.3636,3.2,2.2,1.6667
https://www.sofascore.com/rb-leipzig-1-fc-union-berlin/XabskCo,2025-02-01,14:30,1. FC Union Berlin,RB Leipzig,3.25,3.3,2.25,1.6154,1.3333,1.3333,1.6154,2.2,1.2222,4.3333,1.7273,2.1
https://www.sofascore.com/eintracht-frankfurt-vfl-wolfsburg/zabszdb,2025-02-02,11:30,Eintracht Frankfurt,VfL Wolfsburg,2.05,3.6,3.4,1.3,1.7273,1.2857,1.5333,2.375,1.2,4.5,1.6667,2.2
https://www.sofascore.com/bayer-04-leverkusen-tsg-hoffenheim/ubbsGdb,2025-02-02,13:30,Bayer 04 Leverkusen,TSG Hoffenheim,1.14,10.0,15.0,1.0303,5.5,1.0625,1.9091,1.9091,1.0714,9.0,1.25,4.0
https://www.sofascore.com/fc-bayern-munchen-sv-werder-bremen/Jabsxdb,2025-02-07,16:30,FC Bayern München,SV Werder Bremen,1.1,11.0,19.0,1.02,7.0,1.05,1.95,1.8,1.0625,10.0,1.2222,4.3333
https://www.sofascore.com/vfb-stuttgart-borussia-dortmund/ydbsCdb,2025-02-08,11:30,Borussia Dortmund,VfB Stuttgart,1.95,3.8,3.5,1.2857,1.8,1.25,1.5,2.5,1.1667,5.0,1.5333,2.5
https://www.sofascore.com/bayer-04-leverkusen-vfl-wolfsburg/zabsGdb,2025-02-08,11:30,VfL Wolfsburg,Bayer 04 Leverkusen,3.4,3.3,2.15,1.7,1.2857,1.3,1.6154,2.2,1.2222,4.3333,1.7273,2.1
https://www.sofascore.com/tsg-hoffenheim-1-fc-union-berlin/Xabsubb,2025-02-08,11:30,TSG Hoffenheim,1. FC Union Berlin,2.3,3.5,3.0,1.3636,1.5714,1.2857,1.5714,2.25,1.2222,4.3333,1.7273,2.1
https://www.sofascore.com/1-fc-heidenheim-sc-freiburg/NabsKrc,2025-02-08,11:30,SC Freiburg,1. FC Heidenheim,1.7,3.75,5.0,1.1667,2.1,1.25,1.75,2.0,1.25,4.0,1.8,2.0
https://www.sofascore.com/fc-augsburg-1-fsv-mainz-05/gbbsacb,2025-02-08,11:30,1. FSV Mainz 05,FC Augsburg,1.8,3.6,4.5,1.1818,2.0,1.2857,1.95,1.8,1.3333,3.4,2.0,1.8
https://www.sofascore.com/eintracht-frankfurt-borussia-mgladbach/Cabszdb,2025-02-08,14:30,Borussia M'gladbach,Eintracht Frankfurt,2.55,3.5,2.63,1.4444,1.5,1.2857,1.5,2.5,1.1667,5.0,1.5714,2.375
https://www.sofascore.com/holstein-kiel-vfl-bochum-1848/Rabsybb,2025-02-09,11:30,Holstein Kiel,VfL Bochum 1848,2.25,3.6,3.0,1.3636,1.5714,1.2857,1.6154,2.2,1.2222,4.3333,1.7273,2.1
https://www.sofascore.com/rb-leipzig-fc-st-pauli/BabskCo,2025-02-09,13:30,RB Leipzig,FC St. Pauli,1.67,3.9,4.75,1.1818,2.2,1.2222,1.8,1.95,1.25,4.0,1.8,2.0
https://www.sofascore.com/rb-leipzig-fc-augsburg/acbskCo,2025-02-14,16:30,FC Augsburg,RB Leipzig,3.0,3.25,2.38,1.5714,1.3636,1.3333,1.6667,2.1,1.25,4.0,1.8,2.0
https://www.sofascore.com/borussia-dortmund-vfl-bochum-1848/Rabsydb,2025-02-15,11:30,VfL Bochum 1848,Borussia Dortmund,5.5,4.5,1.55,2.3,1.1667,1.2,1.6154,2.2,1.1667,5.0,1.5333,2.5
https://www.sofascore.com/vfb-stuttgart-vfl-wolfsburg/zabsCdb,2025-02-15,11:30,VfB Stuttgart,VfL Wolfsburg,1.53,4.75,5.25,1.1667,2.375,1.1818,1.5714,2.25,1.1429,5.5,1.5,2.625
https://www.sofascore.com/1-fc-union-berlin-borussia-mgladbach/CabsXab,2025-02-15,11:30,1. FC Union Berlin,Borussia M'gladbach,2.15,3.5,3.3,1.3333,1.6667,1.2857,1.5714,2.25,1.2,4.5,1.6667,2.2
https://www.sofascore.com/sc-freiburg-fc-st-pauli/BabsNab,2025-02-15,11:30,FC St. Pauli,SC Freiburg,2.5,3.1,3.0,1.3636,1.5714,1.3636,1.9091,1.9091,1.4,3.0,2.2,1.6667
https://www.sofascore.com/bayer-04-leverkusen-fc-bayern-munchen/xdbsGdb,2025-02-15,14:30,Bayer 04 Leverkusen,FC Bayern München,3.0,3.5,2.3,1.6667,1.3636,1.2857,1.5714,2.25,1.2222,4.3333,1.7273,2.1
https://www.sofascore.com/tsg-hoffenheim-sv-werder-bremen/Jabsubb,2025-02-16,11:30,SV Werder Bremen,TSG Hoffenheim,1.85,3.8,3.9,1.25,1.9091,1.25,1.5333,2.375,1.1667,5.0,1.5714,2.375
https://www.sofascore.com/eintracht-frankfurt-holstein-kiel/ybbszdb,2025-02-16,13:30,Eintracht Frankfurt,Holstein Kiel,1.33,5.75,8.0,1.1,3.25,1.1429,1.6667,2.1,1.125,6.0,1.4,3.0
https://www.sofascore.com/1-fc-heidenheim-1-fsv-mainz-05/gbbsKrc,2025-02-16,15:30,1. FC Heidenheim,1. FSV Mainz 05,3.7,3.5,2.0,1.8,1.2857,1.2857,1.75,2.0,1.2857,3.75,1.9091,1.9091
https://www.sofascore.com/sc-freiburg-sv-werder-bremen/JabsNab,2025-02-21,16:30,SC Freiburg,SV Werder Bremen,1.95,3.5,3.9,1.25,1.8,1.2857,1.7,2.05,1.2857,3.75,1.9091,1.9091
https://www.sofascore.com/bayer-04-leverkusen-holstein-kiel/ybbsGdb,2025-02-22,11:30,Holstein Kiel,Bayer 04 Leverkusen,13.0,6.5,1.2,4.5,1.0303,1.1111,2.1,1.6667,1.1667,5.0,1.5,2.625
https://www.sofascore.com/fc-augsburg-borussia-mgladbach/Cabsacb,2025-02-22,11:30,Borussia M'gladbach,FC Augsburg,1.9,3.6,3.9,1.2222,1.9091,1.2857,1.7,2.05,1.25,4.0,1.8,2.0
https://www.sofascore.com/vfl-bochum-1848-vfl-wolfsburg/zabsRab,2025-02-22,11:30,VfL Wolfsburg,VfL Bochum 1848,1.62,4.2,5.0,1.1429,2.375,1.2,1.6154,2.2,1.1667,5.0,1.5333,2.5
https://www.sofascore.com/1-fsv-mainz-05-fc-st-pauli/Babsgbb,2025-02-22,11:30,1. FSV Mainz 05,FC St. Pauli,1.73,3.6,5.25,1.1667,2.05,1.2857,2.0,1.75,1.3636,3.2,2.1,1.7273
https://www.sofascore.com/borussia-dortmund-1-fc-union-berlin/Xabsydb,2025-02-22,14:30,Borussia Dortmund,1. FC Union Berlin,1.5,4.5,6.25,1.125,2.625,1.1818,1.7,2.05,1.1667,5.0,1.5714,2.375
https://www.sofascore.com/rb-leipzig-1-fc-heidenheim/KrcskCo,2025-02-23,11:30,RB Leipzig,1. FC Heidenheim,1.3,5.25,9.0,1.0714,3.4,1.1667,1.8,1.95,1.1429,5.5,1.5,2.625
https://www.sofascore.com/eintracht-frankfurt-fc-bayern-munchen/xdbszdb,2025-02-23,13:30,FC Bayern München,Eintracht Frankfurt,1.25,7.0,8.5,1.0833,3.75,1.1,1.8,1.95,1.1111,6.5,1.3636,3.2
https://www.sofascore.com/vfb-stuttgart-tsg-hoffenheim/ubbsCdb,2025-02-23,15:30,TSG Hoffenheim,VfB Stuttgart,3.4,3.8,2.0,1.8,1.3,1.25,1.4444,2.625,1.1667,5.0,1.5333,2.5
https://www.sofascore.com/vfb-stuttgart-fc-bayern-munchen/xdbsCdb,2025-02-28,16:30,VfB Stuttgart,FC Bayern München,4.3333,4.1,1.7,2.1,1.1818,1.2222,1.5333,2.375,1.1667,5.0,1.5,2.625
https://www.sofascore.com/borussia-dortmund-fc-st-pauli/Babsydb,2025-03-01,11:30,FC St. Pauli,Borussia Dortmund,4.3333,3.7,1.8,1.9091,1.2222,1.2857,1.75,2.0,1.2857,3.75,1.9091,1.9091
https://www.sofascore.com/rb-leipzig-1-fsv-mainz-05/gbbskCo,2025-03-01,11:30,RB Leipzig,1. FSV Mainz 05,1.9,3.7,3.8,1.2222,1.8333,1.2857,1.6667,2.1,1.2222,4.3333,1.7273,2.1
https://www.sofascore.com/sv-werder-bremen-vfl-wolfsburg/zabsJab,2025-03-01,11:30,SV Werder Bremen,VfL Wolfsburg,3.0,3.5,2.3,1.5714,1.3636,1.2857,1.5714,2.25,1.2222,4.3333,1.7273,2.1
https://www.sofascore.com/1-fc-heidenheim-borussia-mgladbach/CabsKrc,2025-03-01,11:30,1. FC Heidenheim,Borussia M'gladbach,2.63,3.4,2.6,1.5,1.4444,1.3,1.5714,2.25,1.2222,4.3333,1.7273,2.1
https://www.sofascore.com/tsg-hoffenheim-vfl-bochum-1848/Rabsubb,2025-03-01,11:30,VfL Bochum 1848,TSG Hoffenheim,2.38,3.3,2.9,1.4,1.5,1.3333,1.5714,2.25,1.2222,4.3333,1.7273,2.1
https://www.sofascore.com/bayer-04-leverkusen-eintracht-frankfurt/zdbsGdb,2025-03-01,14:30,Eintracht Frankfurt,Bayer 04 Leverkusen,4.0,3.9,1.8,1.95,1.2,1.25,1.6154,2.2,1.2,4.5,1.6154,2.3
https://www.sofascore.com/holstein-kiel-1-fc-union-berlin/Xabsybb,2025-03-02,11:30,1. FC Union Berlin,Holstein Kiel,1.55,4.3333,5.5,1.1667,2.3,1.2,1.75,2.0,1.2222,4.3333,1.6667,2.2
https://www.sofascore.com/fc-augsburg-sc-freiburg/Nabsacb,2025-03-02,13:30,FC Augsburg,SC Freiburg,2.45,3.25,2.9,1.4,1.5333,1.3333,1.95,1.8,1.4,3.0,2.3,1.6154
https://www.sofascore.com/1-fsv-mainz-05-borussia-mgladbach/Cabsgbb,2025-03-07,16:30,Borussia M'gladbach,1. FSV Mainz 05,2.63,3.4,2.6,1.5,1.4444,1.3,1.5714,2.25,1.2222,4.3333,1.7273,2.1
https://www.sofascore.com/fc-bayern-munchen-vfl-bochum-1848/Rabsxdb,2025-03-08,11:30,FC Bayern München,VfL Bochum 1848,1.17,8.5,13.0,1.02,6.5,1.0625,1.9091,1.9091,1.0833,8.0,1.2857,3.75
https://www.sofascore.com/borussia-dortmund-fc-augsburg/acbsydb,2025-03-08,11:30,Borussia Dortmund,FC Augsburg,1.38,4.75,8.0,1.0833,2.75,1.2,1.95,1.8,1.2222,4.3333,1.7273,2.1
https://www.sofascore.com/bayer-04-leverkusen-sv-werder-bremen/JabsGdb,2025-03-08,11:30,Bayer 04 Leverkusen,SV Werder Bremen,1.33,5.5,8.5,1.0833,3.25,1.1429,1.9091,1.9091,1.1667,5.0,1.5333,2.5
https://www.sofascore.com/vfb-stuttgart-holstein-kiel/ybbsCdb,2025-03-08,11:30,Holstein Kiel,VfB Stuttgart,6.0,4.75,1.48,2.625,1.125,1.1818,1.6154,2.2,1.1429,5.5,1.5,2.625
https://www.sofascore.com/fc-st-pauli-vfl-wolfsburg/zabsBab,2025-03-08,11:30,VfL Wolfsburg,FC St. Pauli,1.83,3.5,4.5,1.1818,1.9091,1.2857,1.8,1.95,1.3,3.5,1.9091,1.9091
https://www.sofascore.com/rb-leipzig-sc-freiburg/NabskCo,2025-03-08,14:30,SC Freiburg,RB Leipzig,2.5,3.25,2.88,1.4444,1.5,1.3333,1.6667,2.1,1.2857,3.75,1.9091,1.9091
https://www.sofascore.com/eintracht-frankfurt-1-fc-union-berlin/Xabszdb,2025-03-09,11:30,Eintracht Frankfurt,1. FC Union Berlin,1.95,3.6,3.75,1.2857,1.8333,1.25,1.6154,2.2,1.2,4.5,1.6667,2.2
https://www.sofascore.com/1-fc-heidenheim-tsg-hoffenheim/ubbsKrc,2025-03-09,13:30,TSG Hoffenheim,1. FC Heidenheim,1.9,3.8,3.9,1.25,1.9091,1.25,1.6667,2.1,1.2222,4.3333,1.7273,2.1
https://www.sofascore.com/tsg-hoffenheim-fc-st-pauli/Babsubb,2025-03-14,16:30,FC St. Pauli,TSG Hoffenheim,2.25,3.25,3.3,1.3,1.6667,1.3333,1.8,1.95,1.3333,3.4,2.1,1.7273
https://www.sofascore.com/fc-bayern-munchen-1-fc-union-berlin/Xabsxdb,2025-03-15,11:30,1. FC Union Berlin,FC Bayern München,8.5,5.25,1.33,3.5,1.0625,1.1429,2.05,1.7,1.2,4.5,1.6154,2.3
https://www.sofascore.com/1-fsv-mainz-05-sc-freiburg/Nabsgbb,2025-03-15,11:30,1. FSV Mainz 05,SC Freiburg,1.8,3.5,4.5,1.2222,1.9091,1.2857,1.8,1.95,1.3,3.5,2.0,1.8
https://www.sofascore.com/sv-werder-bremen-borussia-mgladbach/CabsJab,2025-03-15,11:30,SV Werder Bremen,Borussia M'gladbach,2.2,3.6,3.1,1.3636,1.6667,1.2857,1.5333,2.375,1.1667,5.0,1.5714,2.375
https://www.sofascore.com/fc-augsburg-vfl-wolfsburg/zabsacb,2025-03-15,11:30,FC Augsburg,VfL Wolfsburg,2.4,3.25,3.0,1.3636,1.5333,1.3636,1.8,1.95,1.3333,3.4,2.1,1.7273
https://www.sofascore.com/rb-leipzig-borussia-dortmund/ydbskCo,2025-03-15,14:30,RB Leipzig,Borussia Dortmund,2.7,3.6,2.45,1.5,1.4444,1.2857,1.5333,2.375,1.2,4.5,1.6667,2.2
https://www.sofascore.com/eintracht-frankfurt-vfl-bochum-1848/Rabszdb,2025-03-16,11:30,VfL Bochum 1848,Eintracht Frankfurt,2.63,3.6,2.5,1.5,1.4444,1.2857,1.5333,2.375,1.2,4.5,1.6667,2.2
https://www.sofascore.com/1-fc-heidenheim-holstein-kiel/ybbsKrc,2025-03-16,13:30,1. FC Heidenheim,Holstein Kiel,2.0,3.5,3.7,1.2857,1.8,1.2857,1.6154,2.2,1.2222,4.3333,1.7273,2.1
https://www.sofascore.com/bayer-04-leverkusen-vfb-stuttgart/CdbsGdb,2025-03-16,15:30,VfB Stuttgart,Bayer 04 Leverkusen,3.3,3.3,2.2,1.6667,1.3333,1.3333,1.6667,2.1,1.25,4.0,1.8,2.0
https://www.sofascore.com/bayer-04-leverkusen-vfl-bochum-1848/RabsGdb,2025-03-28,16:30,Bayer 04 Leverkusen,VfL Bochum 1848,1.22,6.5,12.0,1.05,4.0,1.1111,1.95,1.8,1.1429,5.5,1.4444,2.75
https://www.sofascore.com/fc-bayern-munchen-fc-st-pauli/Babsxdb,2025-03-29,11:30,FC Bayern München,FC St. Pauli,1.13,9.5,19.0,1.025,5.5,1.0833,2.0,1.75,1.1,7.0,1.3636,3.2
https://www.sofascore.com/rb-leipzig-borussia-mgladbach/CabskCo,2025-03-29,11:30,Borussia M'gladbach,RB Leipzig,2.8,3.6,2.3,1.5333,1.4,1.2857,1.4444,2.625,1.1429,5.5,1.5,2.625
https://www.sofascore.com/1-fc-heidenheim-vfl-wolfsburg/zabsKrc,2025-03-29,11:30,VfL Wolfsburg,1. FC Heidenheim,1.7,3.9,4.75,1.1818,2.1,1.25,1.75,2.0,1.2222,4.3333,1.7273,2.1
https://www.sofascore.com/fc-augsburg-tsg-hoffenheim/ubbsacb,2025-03-29,11:30,TSG Hoffenheim,FC Augsburg,2.3,3.4,3.0,1.3636,1.5714,1.3,1.7,2.05,1.2857,3.75,1.9091,1.9091
https://www.sofascore.com/holstein-kiel-sv-werder-bremen/Jabsybb,2025-03-29,11:30,Holstein Kiel,SV Werder Bremen,3.1,3.7,2.2,1.7,1.3636,1.25,1.5333,2.375,1.2,4.5,1.6154,2.3
https://www.sofascore.com/vfb-stuttgart-eintracht-frankfurt/zdbsCdb,2025-03-29,14:30,Eintracht Frankfurt,VfB Stuttgart,2.55,3.75,2.55,1.5,1.5,1.25,1.4444,2.625,1.1429,5.5,1.5,2.625
https://www.sofascore.com/1-fc-union-berlin-sc-freiburg/NabsXab,2025-03-30,10:30,SC Freiburg,1. FC Union Berlin,1.95,3.4,3.9,1.25,1.8,1.3,1.8,1.95,1.3,3.5,2.0,1.8
https://www.sofascore.com/borussia-dortmund-1-fsv-mainz-05/gbbsydb,2025-03-30,12:30,Borussia Dortmund,1. FSV Mainz 05,1.62,4.1,4.75,1.1818,2.25,1.2222,1.75,2.0,1.2222,4.3333,1.7273,2.1
https://www.sofascore.com/fc-bayern-munchen-fc-augsburg/acbsxdb,2025-04-04,15:30,FC Augsburg,FC Bayern München,7.5,5.0,1.38,2.75,1.1,1.1818,1.75,2.0,1.1667,5.0,1.5333,2.5
https://www.sofascore.com/borussia-dortmund-sc-freiburg/Nabsydb,2025-04-05,10:30,SC Freiburg,Borussia Dortmund,3.3,3.5,2.1,1.7,1.3333,1.2857,1.5714,2.25,1.2222,4.3333,1.6667,2.2
https://www.sofascore.com/1-fc-heidenheim-bayer-04-leverkusen/GdbsKrc,2025-04-05,10:30,1. FC Heidenheim,Bayer 04 Leverkusen,6.0,4.5,1.5,2.5,1.125,1.1818,1.8,1.95,1.2222,4.3333,1.7273,2.1
https://www.sofascore.com/rb-leipzig-tsg-hoffenheim/ubbskCo,2025-04-05,10:30,RB Leipzig,TSG Hoffenheim,1.67,4.0,4.75,1.1667,2.25,1.2222,1.5333,2.375,1.1429,5.5,1.5,2.625
https://www.sofascore.com/vfb-stuttgart-vfl-bochum-1848/RabsCdb,2025-04-05,10:30,VfL Bochum 1848,VfB Stuttgart,2.5,3.4,2.75,1.4444,1.5,1.2857,1.4444,2.625,1.1667,5.0,1.5333,2.5
https://www.sofascore.com/holstein-kiel-1-fsv-mainz-05/gbbsybb,2025-04-05,10:30,1. FSV Mainz 05,Holstein Kiel,1.42,4.5,7.5,1.1,2.625,1.1818,1.7,2.05,1.1667,5.0,1.5714,2.375
https://www.sofascore.com/eintracht-frankfurt-sv-werder-bremen/Jabszdb,2025-04-05,13:30,SV Werder Bremen,Eintracht Frankfurt,2.25,3.6,2.9,1.4,1.6154,1.2857,1.4444,2.625,1.1429,5.5,1.5333,2.5
https://www.sofascore.com/borussia-mgladbach-fc-st-pauli/BabsCab,2025-04-06,10:30,FC St. Pauli,Borussia M'gladbach,2.25,3.5,3.1,1.3636,1.6667,1.2857,1.6154,2.2,1.2222,4.3333,1.7273,2.1
https://www.sofascore.com/1-fc-union-berlin-vfl-wolfsburg/zabsXab,2025-04-06,12:30,1. FC Union Berlin,VfL Wolfsburg,2.25,3.4,3.2,1.3636,1.6154,1.3,1.7,2.05,1.3,3.5,1.9091,1.9091
https://www.sofascore.com/rb-leipzig-vfl-wolfsburg/zabskCo,2025-04-11,15:30,VfL Wolfsburg,RB Leipzig,2.75,3.7,2.4,1.5333,1.4444,1.25,1.5,2.5,1.1667,5.0,1.5714,2.375
https://www.sofascore.com/bayer-04-leverkusen-1-fc-union-berlin/XabsGdb,2025-04-12,10:30,Bayer 04 Leverkusen,1. FC Union Berlin,1.38,4.75,7.5,1.0833,3.0,1.1667,1.95,1.8,1.2,4.5,1.6154,2.3
https://www.sofascore.com/sc-freiburg-borussia-mgladbach/CabsNab,2025-04-12,10:30,Borussia M'gladbach,SC Freiburg,2.25,3.7,3.0,1.3636,1.5714,1.2857,1.5,2.5,1.1667,5.0,1.6154,2.3
https://www.sofascore.com/tsg-hoffenheim-1-fsv-mainz-05/gbbsubb,2025-04-12,10:30,TSG Hoffenheim,1. FSV Mainz 05,2.4,3.5,2.9,1.4,1.5,1.2857,1.6154,2.2,1.2222,4.3333,1.7273,2.1
https://www.sofascore.com/fc-augsburg-vfl-bochum-1848/Rabsacb,2025-04-12,10:30,VfL Bochum 1848,FC Augsburg,2.3,3.4,3.1,1.3636,1.5714,1.3,1.8,1.95,1.3333,3.4,2.1,1.7273
https://www.sofascore.com/holstein-kiel-fc-st-pauli/Babsybb,2025-04-12,10:30,Holstein Kiel,FC St. Pauli,3.3,3.4,2.15,1.6667,1.3333,1.3,1.7,2.05,,,,
https://www.sofascore.com/borussia-dortmund-fc-bayern-munchen/xdbsydb,2025-04-12,13:30,FC Bayern München,Borussia Dortmund,1.45,5.25,5.75,1.1429,2.625,1.1667,1.5,2.5,1.1,7.0,1.3333,3.4
https://www.sofascore.com/vfb-stuttgart-sv-werder-bremen/JabsCdb,2025-04-13,10:30,VfB Stuttgart,SV Werder Bremen,1.73,4.2,4.1,1.2222,2.05,1.2222,1.5,2.5,1.1429,5.5,1.5,2.625
https://www.sofascore.com/1-fc-heidenheim-eintracht-frankfurt/zdbsKrc,2025-04-13,12:30,Eintracht Frankfurt,1. FC Heidenheim,1.73,4.2,4.2,1.2222,2.0,1.2222,1.6667,2.1,1.2222,4.3333,1.6667,2.2
https://www.sofascore.com/1-fc-heidenheim-fc-bayern-munchen/xdbsKrc,2025-04-19,10:30,1. FC Heidenheim,FC Bayern München,10.0,6.0,1.27,3.4,1.1,1.125,1.5714,2.25,1.0833,8.0,1.3,3.5
https://www.sofascore.com/rb-leipzig-holstein-kiel/ybbskCo,2025-04-19,10:30,RB Leipzig,Holstein Kiel,1.45,4.75,6.5,1.1111,2.625,1.1818,1.6154,2.2,1.1429,5.5,1.4444,2.75
https://www.sofascore.com/tsg-hoffenheim-sc-freiburg/Nabsubb,2025-04-19,10:30,SC Freiburg,TSG Hoffenheim,1.9,3.8,3.8,1.25,1.9091,1.25,1.5714,2.25,1.2222,4.3333,1.7273,2.1
https://www.sofascore.com/1-fsv-mainz-05-vfl-wolfsburg/zabsgbb,2025-04-19,10:30,1. FSV Mainz 05,VfL Wolfsburg,2.0,3.7,3.5,1.2857,1.8,1.2857,1.6154,2.2,1.2222,4.3333,1.7273,2.1
https://www.sofascore.com/vfl-bochum-1848-sv-werder-bremen/JabsRab,2025-04-19,10:30,SV Werder Bremen,VfL Bochum 1848,1.57,4.5,5.0,1.1667,2.375,1.1818,1.5714,2.25,1.1667,5.0,1.5333,2.5
https://www.sofascore.com/vfb-stuttgart-1-fc-union-berlin/XabsCdb,2025-04-19,13:30,1. FC Union Berlin,VfB Stuttgart,3.0,3.4,2.25,1.5333,1.4,1.3,1.6154,2.2,1.25,4.0,1.8,2.0
https://www.sofascore.com/eintracht-frankfurt-fc-augsburg/acbszdb,2025-04-20,10:30,FC Augsburg,Eintracht Frankfurt,2.55,3.4,2.7,1.4444,1.5,1.3,1.6154,2.2,1.25,4.0,1.8,2.0
https://www.sofascore.com/borussia-dortmund-borussia-mgladbach/Cabsydb,2025-04-20,12:30,Borussia Dortmund,Borussia M'gladbach,1.36,5.75,7.0,1.1,3.0,1.1429,1.5333,2.375,1.1,7.0,1.3333,3.4
https://www.sofascore.com/bayer-04-leverkusen-fc-st-pauli/BabsGdb,2025-04-20,14:30,FC St. Pauli,Bayer 04 Leverkusen,4.75,3.9,1.67,2.15,1.1818,1.25,1.8,1.95,1.2857,3.75,1.9091,1.9091
https://www.sofascore.com/1-fc-heidenheim-vfb-stuttgart/CdbsKrc,2025-04-25,15:30,VfB Stuttgart,1. FC Heidenheim,1.45,4.75,6.0,1.125,2.625,1.1818,1.6154,2.2,1.1429,5.5,1.5,2.625
https://www.sofascore.com/fc-bayern-munchen-1-fsv-mainz-05/gbbsxdb,2025-04-26,10:30,FC Bayern München,1. FSV Mainz 05,1.25,7.0,9.5,1.0714,3.75,1.1,1.5714,2.25,1.0833,8.0,1.2857,3.75
https://www.sofascore.com/borussia-dortmund-tsg-hoffenheim/ubbsydb,2025-04-26,10:30,TSG Hoffenheim,Borussia Dortmund,4.0,3.9,1.83,1.9091,1.25,1.25,1.5333,2.375,1.1667,5.0,1.5333,2.5
https://www.sofascore.com/bayer-04-leverkusen-fc-augsburg/acbsGdb,2025-04-26,10:30,Bayer 04 Leverkusen,FC Augsburg,1.5,4.75,6.0,1.1111,2.625,1.1818,1.8,1.95,1.2,4.5,1.6154,2.3
https://www.sofascore.com/sc-freiburg-vfl-wolfsburg/zabsNab,2025-04-26,10:30,VfL Wolfsburg,SC Freiburg,2.3,3.6,2.88,1.4,1.5714,1.2857,1.5,2.5,1.2,4.5,1.6154,2.3
https://www.sofascore.com/holstein-kiel-borussia-mgladbach/Cabsybb,2025-04-26,10:30,Holstein Kiel,Borussia M'gladbach,2.5,3.75,2.6,1.5,1.5,1.25,1.4,2.75,1.1429,5.5,1.5,2.625
https://www.sofascore.com/rb-leipzig-eintracht-frankfurt/zdbskCo,2025-04-26,13:30,Eintracht Frankfurt,RB Leipzig,2.0,4.0,3.4,1.2857,1.8333,1.2222,1.4444,2.625,1.1429,5.5,1.4444,2.75
https://www.sofascore.com/1-fc-union-berlin-vfl-bochum-1848/RabsXab,2025-04-27,10:30,VfL Bochum 1848,1. FC Union Berlin,2.3,3.3,3.1,1.3333,1.6667,1.3,1.6667,2.1,1.25,4.0,1.9091,1.9091
https://www.sofascore.com/sv-werder-bremen-fc-st-pauli/BabsJab,2025-04-27,12:30,SV Werder Bremen,FC St. Pauli,1.95,3.6,3.8,1.25,1.8,1.2857,1.75,2.0,1.25,4.0,1.8,2.0
https://www.sofascore.com/1-fc-heidenheim-vfl-bochum-1848/RabsKrc,2025-05-02,15:30,1. FC Heidenheim,VfL Bochum 1848,2.35,3.4,3.0,1.3636,1.5714,1.3,1.7,2.05,1.2857,3.75,1.9091,1.9091
https://www.sofascore.com/rb-leipzig-fc-bayern-munchen/xdbskCo,2025-05-03,10:30,RB Leipzig,FC Bayern München,4.0,4.3333,1.73,2.05,1.2222,1.2,1.3636,3.0,1.0833,8.0,1.3333,3.4
https://www.sofascore.com/vfb-stuttgart-fc-st-pauli/BabsCdb,2025-05-03,10:30,FC St. Pauli,VfB Stuttgart,2.8,3.4,2.45,1.5,1.4444,1.2857,1.6154,2.2,1.25,4.0,1.7273,2.1
https://www.sofascore.com/1-fc-union-berlin-sv-werder-bremen/JabsXab,2025-05-03,10:30,1. FC Union Berlin,SV Werder Bremen,3.1,3.5,2.2,1.5714,1.3636,1.2857,1.6667,2.1,1.2857,3.75,1.9091,1.9091
https://www.sofascore.com/tsg-hoffenheim-borussia-mgladbach/Cabsubb,2025-05-03,10:30,Borussia M'gladbach,TSG Hoffenheim,2.25,3.8,2.88,1.4,1.6667,1.25,1.3,3.4,1.0833,8.0,1.3333,3.4
https://www.sofascore.com/borussia-dortmund-vfl-wolfsburg/zabsydb,2025-05-03,13:30,Borussia Dortmund,VfL Wolfsburg,1.27,6.0,9.0,1.0714,3.5,1.125,1.6667,2.1,1.1,7.0,1.3636,3.2
https://www.sofascore.com/fc-augsburg-holstein-kiel/ybbsacb,2025-05-04,10:30,FC Augsburg,Holstein Kiel,1.75,4.0,4.2,1.2222,2.0,1.2222,1.6154,2.2,1.2,4.5,1.6154,2.3
https://www.sofascore.com/bayer-04-leverkusen-sc-freiburg/NabsGdb,2025-05-04,12:30,SC Freiburg,Bayer 04 Leverkusen,3.1,3.5,2.2,1.6667,1.3636,1.2857,1.5333,2.375,1.2,4.5,1.6667,2.2
https://www.sofascore.com/eintracht-frankfurt-1-fsv-mainz-05/gbbszdb,2025-05-04,14:30,1. FSV Mainz 05,Eintracht Frankfurt,2.25,3.7,2.9,1.4,1.5714,1.2857,1.5,2.5,1.1667,5.0,1.5714,2.375
https://www.sofascore.com/tsg-hoffenheim-vfl-wolfsburg/zabsubb,2025-05-09,15:30,VfL Wolfsburg,TSG Hoffenheim,2.6,3.6,2.45,1.5333,1.5,1.2857,1.4,2.75,1.1429,5.5,1.5,2.625
https://www.sofascore.com/rb-leipzig-sv-werder-bremen/JabskCo,2025-05-10,10:30,SV Werder Bremen,RB Leipzig,1.9,4.0,3.5,1.3333,1.8,1.25,1.4,2.75,1.125,6.0,1.4,3.0
https://www.sofascore.com/1-fc-heidenheim-1-fc-union-berlin/XabsKrc,2025-05-10,10:30,1. FC Union Berlin,1. FC Heidenheim,2.0,3.6,3.6,1.2857,1.7,1.2857,1.7,2.05,1.25,4.0,1.9091,1.9091
https://www.sofascore.com/holstein-kiel-sc-freiburg/Nabsybb,2025-05-10,10:30,Holstein Kiel,SC Freiburg,3.4,3.7,2.0,1.7273,1.3333,1.2857,1.5333,2.375,1.1667,5.0,1.5714,2.375
https://www.sofascore.com/1-fsv-mainz-05-vfl-bochum-1848/Rabsgbb,2025-05-10,10:30,VfL Bochum 1848,1. FSV Mainz 05,3.0,3.8,2.15,1.6667,1.4,1.25,1.5,2.5,1.1667,5.0,1.5714,2.375
https://www.sofascore.com/fc-bayern-munchen-borussia-mgladbach/Cabsxdb,2025-05-10,13:30,FC Bayern München,Borussia M'gladbach,1.13,10.0,13.0,1.04,6.0,1.0625,1.5333,2.375,1.04,13.0,1.1429,5.5
https://www.sofascore.com/bayer-04-leverkusen-borussia-dortmund/ydbsGdb,2025-05-11,10:30,Bayer 04 Leverkusen,Borussia Dortmund,2.5,3.8,2.55,1.6667,1.4,1.25,1.4444,2.625,1.1429,5.5,1.5,2.625
https://www.sofascore.com/eintracht-frankfurt-fc-st-pauli/Babszdb,2025-05-11,12:30,Eintracht Frankfurt,FC St. Pauli,1.55,4.3333,5.5,1.1429,2.375,1.1818,1.6667,2.1,1.1667,5.0,1.5714,2.375
https://www.sofascore.com/vfb-stuttgart-fc-augsburg/acbsCdb,2025-05-11,14:30,VfB Stuttgart,FC Augsburg,1.5,4.75,5.5,1.1667,2.3,1.1818,1.5714,2.25,1.1429,5.5,1.5,2.625
https://www.sofascore.com/fc-bayern-munchen-tsg-hoffenheim/ubbsxdb,2025-05-17,10:30,TSG Hoffenheim,FC Bayern München,4.5,4.5,1.65,2.25,1.1818,1.1818,1.4,2.75,1.1,7.0,1.3333,3.4
https://www.sofascore.com/borussia-dortmund-holstein-kiel/ybbsydb,2025-05-17,10:30,Borussia Dortmund,Holstein Kiel,1.13,9.5,15.0,1.04,5.5,1.0714,1.5714,2.25,1.04,13.0,1.1667,5.0
https://www.sofascore.com/bayer-04-leverkusen-1-fsv-mainz-05/gbbsGdb,2025-05-17,10:30,1. FSV Mainz 05,Bayer 04 Leverkusen,2.4,3.9,2.63,1.4,1.6154,1.25,1.4,2.75,1.1429,5.5,1.4444,2.75
https://www.sofascore.com/rb-leipzig-vfb-stuttgart/CdbskCo,2025-05-17,10:30,RB Leipzig,VfB Stuttgart,1.9,4.5,3.3,1.3636,1.7273,1.1818,1.2857,3.5,1.0714,9.0,1.25,4.0
https://www.sofascore.com/eintracht-frankfurt-sc-freiburg/Nabszdb,2025-05-17,10:30,SC Freiburg,Eintracht Frankfurt,2.3,3.6,2.9,1.4,1.5714,1.2857,1.5333,2.375,1.2,4.5,1.6154,2.3
https://www.sofascore.com/fc-augsburg-1-fc-union-berlin/Xabsacb,2025-05-17,10:30,FC Augsburg,1. FC Union Berlin,1.85,3.7,4.1,1.2222,1.9091,1.2857,1.6667,2.1,1.2222,4.3333,1.7273,2.1
https://www.sofascore.com/borussia-mgladbach-vfl-wolfsburg/zabsCab,2025-05-17,10:30,Borussia M'gladbach,VfL Wolfsburg,2.25,4.1,2.7,1.4,1.6154,1.2222,1.3,3.4,1.0833,8.0,1.3,3.5
https://www.sofascore.com/1-fc-heidenheim-sv-werder-bremen/JabsKrc,2025-05-17,10:30,1. FC Heidenheim,SV Werder Bremen,2.6,3.9,2.4,1.5,1.5333,1.25,1.4,2.75,1.1429,5.5,1.4444,2.75
https://www.sofascore.com/vfl-bochum-1848-fc-st-pauli/BabsRab,2025-05-17,10:30,FC St. Pauli,VfL Bochum 1848,1.73,4.1,4.3333,1.1818,2.25,1.2,1.6154,2.2,1.1667,5.0,1.5714,2.375
https://www.sofascore.com/3rd-2-bundesliga-16th-bundesliga/YbbsKrc,2025-05-22,15:30,1. FC Heidenheim,SV 07 Elversberg,2.2,3.5,3.1,1.3636,1.6154,1.2857,1.7,2.05,1.25,3.75,1.85,1.95
https://www.sofascore.com/3rd-2-bundesliga-16th-bundesliga/YbbsKrc,2025-05-26,15:30,SV 07 Elversberg,1. FC Heidenheim,2.05,3.5,3.5,1.2857,1.7273,1.2857,1.5714,2.25,1.2,4.3333,1.7,2.1
https://www.sofascore.com/rb-leipzig-fc-bayern-munchen/xdbskCo,2025-08-22,15:30,FC Bayern München,RB Leipzig,1.22,7.0,11.0,1.05,4.0,1.1,1.5333,2.375,1.0625,10.0,1.2222,4.3333
https://www.sofascore.com/bayer-04-leverkusen-tsg-hoffenheim/ubbsGdb,2025-08-23,10:30,Bayer 04 Leverkusen,TSG Hoffenheim,1.73,4.2,4.1,1.2222,2.1,1.2222,1.5714,2.25,1.1667,5.0,1.5333,2.5
https://www.sofascore.com/vfb-stuttgart-1-fc-union-berlin/XabsCdb,2025-08-23,10:30,1. FC Union Berlin,VfB Stuttgart,4.1,3.75,1.83,1.95,1.2222,1.2222,1.6154,2.2,1.2,4.5,1.6154,2.3
https://www.sofascore.com/eintracht-frankfurt-sv-werder-bremen/Jabszdb,2025-08-23,10:30,Eintracht Frankfurt,SV Werder Bremen,1.53,4.75,5.25,1.1818,2.25,1.1818,1.5714,2.25,1.1667,5.0,1.5333,2.5
https://www.sofascore.com/fc-augsburg-sc-freiburg/Nabsacb,2025-08-23,10:30,SC Freiburg,FC Augsburg,1.91,3.6,3.9,1.25,1.8333,1.2857,1.8,1.95,1.3,3.5,1.9091,1.9091
https://www.sofascore.com/1-fc-heidenheim-vfl-wolfsburg/zabsKrc,2025-08-23,10:30,1. FC Heidenheim,VfL Wolfsburg,2.8,3.3,2.55,1.5,1.4,1.3,1.6154,2.2,1.25,4.0,1.8,2.0
https://www.sofascore.com/borussia-dortmund-fc-st-pauli/Babsydb,2025-08-23,13:30,FC St. Pauli,Borussia Dortmund,4.2,3.6,1.9,1.9091,1.2222,1.2857,1.7,2.05,1.25,4.0,1.8,2.0
https://www.sofascore.com/1-fc-koln-1-fsv-mainz-05/gbbswdb,2025-08-24,10:30,1. FSV Mainz 05,1. FC Köln,1.91,3.6,3.8,1.25,1.8333,1.2857,1.7,2.05,1.25,4.0,1.8,2.0
https://www.sofascore.com/hamburger-sv-borussia-mgladbach/CabsBdb,2025-08-24,12:30,Borussia M'gladbach,Hamburger SV,1.85,3.9,3.8,1.25,1.9091,1.25,1.5333,2.375,1.1667,5.0,1.5714,2.375
https://www.sofascore.com/hamburger-sv-fc-st-pauli/BabsBdb,2025-08-29,15:30,Hamburger SV,FC St. Pauli,2.45,3.2,3.0,1.3636,1.5333,1.3,1.75,2.0,1.3,3.5,2.0,1.8
https://www.sofascore.com/bayer-04-leverkusen-sv-werder-bremen/JabsGdb,2025-08-30,10:30,SV Werder Bremen,Bayer 04 Leverkusen,3.6,3.9,1.91,1.8333,1.2857,1.25,1.4444,2.625,1.1429,5.5,1.4444,2.75
https://www.sofascore.com/rb-leipzig-1-fc-heidenheim/KrcskCo,2025-08-30,10:30,RB Leipzig,1. FC Heidenheim,1.48,4.75,5.75,1.125,2.625,1.1818,1.6667,2.1,1.1429,5.5,1.4444,2.75
https://www.sofascore.com/eintracht-frankfurt-tsg-hoffenheim/ubbszdb,2025-08-30,10:30,TSG Hoffenheim,Eintracht Frankfurt,2.6,3.8,2.45,1.5333,1.5,1.25,1.4,2.75,1.125,6.0,1.4444,2.75
https://www.sofascore.com/vfb-stuttgart-borussia-mgladbach/CabsCdb,2025-08-30,10:30,VfB Stuttgart,Borussia M'gladbach,1.57,4.5,5.0,1.1667,2.3,1.1818,1.5,2.5,1.1111,6.5,1.4,3.0
https://www.sofascore.com/fc-bayern-munchen-fc-augsburg/acbsxdb,2025-08-30,13:30,FC Augsburg,FC Bayern München,9.0,6.0,1.29,3.4,1.0833,1.1429,1.75,2.0,1.125,6.0,1.4444,2.75
https://www.sofascore.com/1-fsv-mainz-05-vfl-wolfsburg/zabsgbb,2025-08-31,10:30,VfL Wolfsburg,1. FSV Mainz 05,2.15,3.5,3.2,1.3333,1.7,1.2857,1.6154,2.2,1.2222,4.3333,1.7273,2.1
https://www.sofascore.com/borussia-dortmund-1-fc-union-berlin/Xabsydb,2025-08-31,12:30,Borussia Dortmund,1. FC Union Berlin,1.4,4.75,6.5,1.1111,2.75,1.1818,1.8,1.95,1.1667,5.0,1.5714,2.375
https://www.sofascore.com/1-fc-koln-sc-freiburg/Nabswdb,2025-08-31,14:30,1. FC Köln,SC Freiburg,2.55,3.3,2.8,1.4444,1.5,1.3333,1.6667,2.1,1.2857,3.75,1.9091,1.9091
https://www.sofascore.com/bayer-04-leverkusen-eintracht-frankfurt/zdbsGdb,2025-09-12,15:30,Bayer 04 Leverkusen,Eintracht Frankfurt,2.15,3.6,3.1,1.3,1.8,1.25,1.5,2.5,1.1667,5.0,1.5714,2.375
https://www.sofascore.com/1-fc-heidenheim-borussia-dortmund/ydbsKrc,2025-09-13,10:30,1. FC Heidenheim,Borussia Dortmund,5.0,4.5,1.57,2.3,1.1667,1.2,1.5714,2.25,1.1429,5.5,1.5,2.625
https://www.sofascore.com/rb-leipzig-1-fsv-mainz-05/gbbskCo,2025-09-13,10:30,1. FSV Mainz 05,RB Leipzig,2.35,3.8,2.8,1.4,1.5714,1.25,1.5,2.5,1.1667,5.0,1.5714,2.375
https://www.sofascore.com/vfb-stuttgart-sc-freiburg/NabsCdb,2025-09-13,10:30,SC Freiburg,VfB Stuttgart,2.63,3.5,2.63,1.4444,1.4444,1.2857,1.5333,2.375,1.2,4.5,1.6667,2.2
https://www.sofascore.com/tsg-hoffenheim-1-fc-union-berlin/Xabsubb,2025-09-13,10:30,1. FC Union Berlin,TSG Hoffenheim,2.88,3.4,2.45,1.5,1.4,1.2857,1.6154,2.2,1.25,4.0,1.8,2.0
https://www.sofascore.com/1-fc-koln-vfl-wolfsburg/zabswdb,2025-09-13,10:30,VfL Wolfsburg,1. FC Köln,1.9,3.6,3.9,1.25,1.8333,1.2857,1.6667,2.1,1.2222,4.3333,1.7273,2.1
https://www.sofascore.com/hamburger-sv-fc-bayern-munchen/xdbsBdb,2025-09-13,13:30,FC Bayern München,Hamburger SV,1.06,12.0,23.0,1.0125,10.0,1.05,1.95,1.8,1.04,13.0,1.1667,5.0
https://www.sofascore.com/fc-augsburg-fc-st-pauli/Babsacb,2025-09-14,10:30,FC St. Pauli,FC Augsburg,2.1,3.4,3.4,1.3333,1.6667,1.3,1.9091,1.9091,1.3636,3.2,2.1,1.7273
https://www.sofascore.com/sv-werder-bremen-borussia-mgladbach/CabsJab,2025-09-14,12:30,Borussia M'gladbach,SV Werder Bremen,2.1,3.9,3.0,1.3636,1.7,1.2222,1.4,2.75,1.125,6.0,1.4444,2.75
https://www.sofascore.com/vfb-stuttgart-fc-st-pauli/BabsCdb,2025-09-19,15:30,VfB Stuttgart,FC St. Pauli,1.83,3.9,4.0,1.25,1.9091,1.2222,1.5714,2.25,1.2,4.5,1.6154,2.3
https://www.sofascore.com/fc-bayern-munchen-tsg-hoffenheim/ubbsxdb,2025-09-20,10:30,TSG Hoffenheim,FC Bayern München,7.5,5.25,1.36,3.0,1.1,1.1429,1.5,2.5,1.1,7.0,1.3333,3.4
https://www.sofascore.com/sc-freiburg-sv-werder-bremen/JabsNab,2025-09-20,10:30,SV Werder Bremen,SC Freiburg,2.4,3.6,2.75,1.4,1.5333,1.2857,1.5,2.5,1.2,4.5,1.6154,2.3
https://www.sofascore.com/fc-augsburg-1-fsv-mainz-05/gbbsacb,2025-09-20,10:30,FC Augsburg,1. FSV Mainz 05,2.63,3.5,2.63,1.4444,1.4444,1.3,1.6667,2.1,1.2857,3.75,1.9091,1.9091
https://www.sofascore.com/1-fc-heidenheim-hamburger-sv/BdbsKrc,2025-09-20,10:30,Hamburger SV,1. FC Heidenheim,1.75,3.9,4.5,1.2,2.0,1.25,1.6154,2.2,1.2,4.5,1.6154,2.3
https://www.sofascore.com/rb-leipzig-1-fc-koln/wdbskCo,2025-09-20,13:30,RB Leipzig,1. FC Köln,1.9,4.0,3.75,1.25,1.9091,1.2222,1.4,2.75,1.125,6.0,1.4,3.0
https://www.sofascore.com/eintracht-frankfurt-1-fc-union-berlin/Xabszdb,2025-09-21,10:30,Eintracht Frankfurt,1. FC Union Berlin,1.62,4.2,4.75,1.1818,2.25,1.2,1.6154,2.2,1.1667,5.0,1.5714,2.375
https://www.sofascore.com/bayer-04-leverkusen-borussia-mgladbach/CabsGdb,2025-09-21,12:30,Bayer 04 Leverkusen,Borussia M'gladbach,1.5,4.5,6.25,1.125,2.5,1.1818,1.7,2.05,1.1667,5.0,1.5714,2.375
https://www.sofascore.com/borussia-dortmund-vfl-wolfsburg/zabsydb,2025-09-21,14:30,Borussia Dortmund,VfL Wolfsburg,1.53,4.5,5.25,1.1667,2.375,1.1818,1.5,2.5,1.1429,5.5,1.4444,2.75
https://www.sofascore.com/fc-bayern-munchen-sv-werder-bremen/Jabsxdb,2025-09-26,15:30,FC Bayern München,SV Werder Bremen,1.09,11.0,21.0,1.0152,8.0,1.05,1.6667,2.1,1.04,13.0,1.1667,5.0
https://www.sofascore.com/borussia-dortmund-1-fsv-mainz-05/gbbsydb,2025-09-27,10:30,1. FSV Mainz 05,Borussia Dortmund,3.4,3.8,2.0,1.8,1.2857,1.25,1.5,2.5,1.1667,5.0,1.5333,2.5
https://www.sofascore.com/bayer-04-leverkusen-fc-st-pauli/BabsGdb,2025-09-27,10:30,FC St. Pauli,Bayer 04 Leverkusen,3.0,3.4,2.38,1.5714,1.3636,1.3,1.7,2.05,1.25,4.0,1.8,2.0
https://www.sofascore.com/rb-leipzig-vfl-wolfsburg/zabskCo,2025-09-27,10:30,VfL Wolfsburg,RB Leipzig,2.63,3.6,2.5,1.5,1.4444,1.2857,1.4444,2.625,1.1429,5.5,1.5,2.625
https://www.sofascore.com/1-fc-heidenheim-fc-augsburg/acbsKrc,2025-09-27,10:30,1. FC Heidenheim,FC Augsburg,2.9,3.5,2.35,1.5714,1.4,1.2857,1.6154,2.2,1.2222,4.3333,1.7273,2.1
https://www.sofascore.com/eintracht-frankfurt-borussia-mgladbach/Cabszdb,2025-09-27,13:30,Borussia M'gladbach,Eintracht Frankfurt,3.0,3.6,2.2,1.5333,1.4444,1.2857,1.5,2.5,1.1667,5.0,1.5714,2.375
https://www.sofascore.com/tsg-hoffenheim-sc-freiburg/Nabsubb,2025-09-28,10:30,SC Freiburg,TSG Hoffenheim,2.3,3.4,3.1,1.3636,1.6154,1.2857,1.5333,2.375,1.2222,4.3333,1.7273,2.1
https://www.sofascore.com/vfb-stuttgart-1-fc-koln/wdbsCdb,2025-09-28,12:30,1. FC Köln,VfB Stuttgart,2.5,3.7,2.63,1.4444,1.5,1.2857,1.4444,2.625,1.1667,5.0,1.5333,2.5
https://www.sofascore.com/hamburger-sv-1-fc-union-berlin/XabsBdb,2025-09-28,14:30,1. FC Union Berlin,Hamburger SV,1.95,3.6,3.8,1.2857,1.8,1.2857,1.75,2.0,1.2857,3.75,1.9091,1.9091
https://www.sofascore.com/1-fc-koln-tsg-hoffenheim/ubbswdb,2025-10-03,15:30,TSG Hoffenheim,1. FC Köln,1.9,3.75,3.7,1.2857,1.8,1.25,1.5,2.5,1.1667,5.0,1.5714,2.375
https://www.sofascore.com/rb-leipzig-borussia-dortmund/ydbskCo,2025-10-04,10:30,Borussia Dortmund,RB Leipzig,1.67,4.75,4.2,1.2222,2.15,1.1818,1.3636,3.0,1.1,7.0,1.3333,3.4
https://www.sofascore.com/bayer-04-leverkusen-1-fc-union-berlin/XabsGdb,2025-10-04,10:30,Bayer 04 Leverkusen,1. FC Union Berlin,1.73,4.0,4.5,1.1818,2.1,1.2222,1.7,2.05,1.2222,4.3333,1.7273,2.1
https://www.sofascore.com/fc-augsburg-vfl-wolfsburg/zabsacb,2025-10-04,10:30,FC Augsburg,VfL Wolfsburg,2.45,3.6,2.7,1.4444,1.5,1.2857,1.5714,2.25,1.2222,4.3333,1.7273,2.1
https://www.sofascore.com/sv-werder-bremen-fc-st-pauli/BabsJab,2025-10-04,10:30,SV Werder Bremen,FC St. Pauli,2.3,3.4,3.0,1.4,1.5714,1.2857,1.5,2.5,1.2,4.5,1.6154,2.3
https://www.sofascore.com/eintracht-frankfurt-fc-bayern-munchen/xdbszdb,2025-10-04,13:30,Eintracht Frankfurt,FC Bayern München,7.5,5.75,1.33,3.0,1.1,1.1429,1.4,2.75,1.0714,9.0,1.25,4.0
https://www.sofascore.com/1-fc-heidenheim-vfb-stuttgart/CdbsKrc,2025-10-05,10:30,VfB Stuttgart,1. FC Heidenheim,1.4,5.0,7.0,1.1,3.0,1.1667,1.6667,2.1,1.125,6.0,1.4444,2.75
https://www.sofascore.com/hamburger-sv-1-fsv-mainz-05/gbbsBdb,2025-10-05,12:30,Hamburger SV,1. FSV Mainz 05,3.25,3.75,2.05,1.6667,1.3636,1.25,1.5,2.5,1.1667,5.0,1.5333,2.5
https://www.sofascore.com/sc-freiburg-borussia-mgladbach/CabsNab,2025-10-05,14:30,Borussia M'gladbach,SC Freiburg,2.63,3.25,2.7,1.4444,1.4444,1.3333,1.6667,2.1,1.2857,3.75,1.9091,1.9091
https://www.sofascore.com/1-fc-union-berlin-borussia-mgladbach/CabsXab,2025-10-17,15:30,1. FC Union Berlin,Borussia M'gladbach,2.25,3.3,3.2,1.3636,1.5714,1.3333,1.6667,2.1,1.2857,3.75,1.9091,1.9091
https://www.sofascore.com/bayer-04-leverkusen-1-fsv-mainz-05/gbbsGdb,2025-10-18,10:30,1. FSV Mainz 05,Bayer 04 Leverkusen,2.5,3.4,2.75,1.4444,1.5,1.3,1.5714,2.25,1.2,4.5,1.6667,2.2
https://www.sofascore.com/rb-leipzig-hamburger-sv/BdbskCo,2025-10-18,10:30,RB Leipzig,Hamburger SV,1.45,5.0,6.0,1.125,2.625,1.1667,1.5,2.5,1.1,7.0,1.3636,3.2
https://www.sofascore.com/vfb-stuttgart-vfl-wolfsburg/zabsCdb,2025-10-18,10:30,VfL Wolfsburg,VfB Stuttgart,2.88,3.5,2.35,1.5714,1.4,1.2857,1.5714,2.25,1.2222,4.3333,1.7273,2.1
https://www.sofascore.com/1-fc-heidenheim-sv-werder-bremen/JabsKrc,2025-10-18,10:30,1. FC Heidenheim,SV Werder Bremen,2.63,3.4,2.55,1.5,1.4444,1.3,1.5714,2.25,1.2,4.5,1.7273,2.1
https://www.sofascore.com/1-fc-koln-fc-augsburg/acbswdb,2025-10-18,10:30,1. FC Köln,FC Augsburg,2.05,3.8,3.3,1.2857,1.9091,1.25,1.5333,2.375,1.1667,5.0,1.5714,2.375
https://www.sofascore.com/borussia-dortmund-fc-bayern-munchen/xdbsydb,2025-10-18,13:30,FC Bayern München,Borussia Dortmund,1.36,5.5,7.5,1.1,3.0,1.1429,1.5,2.5,1.0833,8.0,1.3,3.5
https://www.sofascore.com/eintracht-frankfurt-sc-freiburg/Nabszdb,2025-10-19,10:30,SC Freiburg,Eintracht Frankfurt,2.45,3.5,2.8,1.4444,1.5,1.2857,1.5333,2.375,1.2,4.5,1.6667,2.2
https://www.sofascore.com/tsg-hoffenheim-fc-st-pauli/Babsubb,2025-10-19,12:30,FC St. Pauli,TSG Hoffenheim,2.7,3.4,2.55,1.5,1.4444,1.2857,1.5714,2.25,1.2222,4.3333,1.7273,2.1
https://www.sofascore.com/1-fc-union-berlin-sv-werder-bremen/JabsXab,2025-10-24,15:30,SV Werder Bremen,1. FC Union Berlin,2.3,3.5,3.0,1.4,1.6154,1.2857,1.5714,2.25,1.2222,4.3333,1.7273,2.1
https://www.sofascore.com/rb-leipzig-fc-augsburg/acbskCo,2025-10-25,10:30,FC Augsburg,RB Leipzig,3.25,3.9,2.05,1.8,1.3333,1.25,1.4444,2.625,1.1429,5.5,1.5,2.625
https://www.sofascore.com/eintracht-frankfurt-fc-st-pauli/Babszdb,2025-10-25,10:30,Eintracht Frankfurt,FC St. Pauli,1.65,4.3333,4.5,1.2222,2.05,1.2222,1.5714,2.25,1.1667,5.0,1.5333,2.5
https://www.sofascore.com/hamburger-sv-vfl-wolfsburg/zabsBdb,2025-10-25,10:30,Hamburger SV,VfL Wolfsburg,2.2,3.6,3.1,1.3636,1.6667,1.2857,1.5,2.5,1.1667,5.0,1.5714,2.375
https://www.sofascore.com/1-fc-heidenheim-tsg-hoffenheim/ubbsKrc,2025-10-25,10:30,TSG Hoffenheim,1. FC Heidenheim,1.57,4.5,5.25,1.1667,2.3,1.1818,1.5333,2.375,1.1429,5.5,1.4444,2.75
https://www.sofascore.com/fc-bayern-munchen-borussia-mgladbach/Cabsxdb,2025-10-25,10:45,Borussia M'gladbach,FC Bayern München,11.0,7.0,1.22,4.0,1.05,1.1,1.4444,2.625,1.0625,10.0,1.2222,4.3333
https://www.sofascore.com/borussia-dortmund-1-fc-koln/wdbsydb,2025-10-25,13:30,Borussia Dortmund,1. FC Köln,1.36,5.25,7.5,1.1,3.0,1.1667,1.75,2.0,1.1667,5.0,1.5333,2.5
https://www.sofascore.com/bayer-04-leverkusen-sc-freiburg/NabsGdb,2025-10-26,11:30,Bayer 04 Leverkusen,SC Freiburg,2.0,3.7,3.5,1.25,1.8333,1.25,1.6667,2.1,1.2222,4.3333,1.7273,2.1
https://www.sofascore.com/vfb-stuttgart-1-fsv-mainz-05/gbbsCdb,2025-10-26,13:30,VfB Stuttgart,1. FSV Mainz 05,2.88,3.5,2.35,1.6667,1.3636,1.2857,1.5333,2.375,1.1667,5.0,1.6,2.3
https://www.sofascore.com/borussia-dortmund-fc-augsburg/acbsydb,2025-10-31,16:30,FC Augsburg,Borussia Dortmund,5.25,4.3333,1.55,2.3,1.1667,1.2,1.6154,2.2,1.1667,5.0,1.5333,2.5
https://www.sofascore.com/rb-leipzig-vfb-stuttgart/CdbskCo,2025-11-01,11:30,RB Leipzig,VfB Stuttgart,2.1,3.8,3.25,1.3636,1.6667,1.25,1.4,2.75,1.125,6.0,1.4444,2.75
https://www.sofascore.com/1-fc-heidenheim-eintracht-frankfurt/zdbsKrc,2025-11-01,11:30,1. FC Heidenheim,Eintracht Frankfurt,4.1,4.1,1.8,1.95,1.2222,1.2222,1.5,2.5,1.1429,5.5,1.5,2.625
https://www.sofascore.com/1-fc-union-berlin-sc-freiburg/NabsXab,2025-11-01,11:30,1. FC Union Berlin,SC Freiburg,2.63,3.2,2.75,1.4,1.4444,1.3636,1.9091,1.9091,1.3636,3.2,2.2,1.6667
https://www.sofascore.com/borussia-mgladbach-fc-st-pauli/BabsCab,2025-11-01,11:30,FC St. Pauli,Borussia M'gladbach,2.3,3.4,3.1,1.3636,1.5714,1.2857,1.6667,2.1,1.25,4.0,1.8,2.0
https://www.sofascore.com/1-fsv-mainz-05-sv-werder-bremen/Jabsgbb,2025-11-01,11:30,1. FSV Mainz 05,SV Werder Bremen,1.85,3.7,3.9,1.25,1.9091,1.2857,1.5,2.5,1.1429,5.5,1.5333,2.5
https://www.sofascore.com/bayer-04-leverkusen-fc-bayern-munchen/xdbsGdb,2025-11-01,14:30,FC Bayern München,Bayer 04 Leverkusen,1.25,6.5,10.0,1.05,4.3333,1.1,1.7,2.05,1.1111,6.5,1.3636,3.2
https://www.sofascore.com/hamburger-sv-1-fc-koln/wdbsBdb,2025-11-02,11:30,1. FC Köln,Hamburger SV,2.4,3.7,2.75,1.4,1.5,1.2857,1.5333,2.375,1.2,4.5,1.6667,2.2
https://www.sofascore.com/tsg-hoffenheim-vfl-wolfsburg/zabsubb,2025-11-02,13:30,VfL Wolfsburg,TSG Hoffenheim,2.7,3.75,2.38,1.5714,1.4,1.25,1.4,2.75,1.125,6.0,1.4444,2.75
https://www.sofascore.com/sv-werder-bremen-vfl-wolfsburg/zabsJab,2025-11-07,16:30,SV Werder Bremen,VfL Wolfsburg,2.15,3.6,3.1,1.3333,1.7,1.2857,1.5,2.5,1.1667,5.0,1.5714,2.375
https://www.sofascore.com/fc-bayern-munchen-1-fc-union-berlin/Xabsxdb,2025-11-08,11:30,1. FC Union Berlin,FC Bayern München,11.0,6.5,1.22,4.0,1.05,1.1111,1.9091,1.9091,1.1,7.0,1.3636,3.2
https://www.sofascore.com/hamburger-sv-borussia-dortmund/ydbsBdb,2025-11-08,11:30,Hamburger SV,Borussia Dortmund,3.9,3.9,1.85,1.8333,1.2857,1.25,1.5333,2.375,1.1667,5.0,1.5714,2.375
https://www.sofascore.com/1-fc-heidenheim-bayer-04-leverkusen/GdbsKrc,2025-11-08,11:30,Bayer 04 Leverkusen,1. FC Heidenheim,1.4,5.0,7.5,1.1,2.75,1.1667,1.75,2.0,1.1667,5.0,1.5333,2.5
https://www.sofascore.com/rb-leipzig-tsg-hoffenheim/ubbskCo,2025-11-08,11:30,TSG Hoffenheim,RB Leipzig,2.75,3.9,2.3,1.5714,1.4444,1.25,1.4,2.75,1.125,6.0,1.4444,2.75
https://www.sofascore.com/1-fc-koln-borussia-mgladbach/Cabswdb,2025-11-08,14:30,Borussia M'gladbach,1. FC Köln,2.05,3.75,3.4,1.3636,1.6667,1.2857,1.5,2.5,1.2,4.5,1.6154,2.3
https://www.sofascore.com/sc-freiburg-fc-st-pauli/BabsNab,2025-11-09,11:30,SC Freiburg,FC St. Pauli,1.75,3.6,4.75,1.1818,2.0,1.2857,1.9091,1.9091,1.3,3.5,2.0,1.8
https://www.sofascore.com/vfb-stuttgart-fc-augsburg/acbsCdb,2025-11-09,13:30,VfB Stuttgart,FC Augsburg,1.5,4.5,6.0,1.1429,2.375,1.2,1.5714,2.25,1.1429,5.5,1.5,2.625
https://www.sofascore.com/eintracht-frankfurt-1-fsv-mainz-05/gbbszdb,2025-11-09,15:30,Eintracht Frankfurt,1. FSV Mainz 05,1.83,4.0,3.9,1.25,1.9091,1.2222,1.5333,2.375,1.1667,5.0,1.5714,2.375
https://www.sofascore.com/tsg-hoffenheim-1-fsv-mainz-05/gbbsubb,2025-11-21,16:30,1. FSV Mainz 05,TSG Hoffenheim,2.45,3.5,2.7,1.4444,1.5333,1.2857,1.5333,2.375,1.2,4.5,1.6667,2.2
https://www.sofascore.com/fc-bayern-munchen-sc-freiburg/Nabsxdb,2025-11-22,11:30,FC Bayern München,SC Freiburg,1.17,8.0,13.0,1.04,5.0,1.0833,2.0,1.75,1.1111,6.5,1.3636,3.2
https://www.sofascore.com/vfb-stuttgart-borussia-dortmund/ydbsCdb,2025-11-22,11:30,Borussia Dortmund,VfB Stuttgart,1.75,3.9,4.2,1.2222,2.0,1.25,1.5714,2.25,1.1667,5.0,1.5714,2.375
https://www.sofascore.com/bayer-04-leverkusen-vfl-wolfsburg/zabsGdb,2025-11-22,11:30,VfL Wolfsburg,Bayer 04 Leverkusen,3.4,3.8,2.0,1.8333,1.2857,1.25,1.5,2.5,1.1667,5.0,1.5333,2.5
https://www.sofascore.com/1-fc-heidenheim-borussia-mgladbach/CabsKrc,2025-11-22,11:30,1. FC Heidenheim,Borussia M'gladbach,3.3,3.6,2.1,1.7,1.3333,1.2857,1.5333,2.375,1.2,4.5,1.6667,2.2
https://www.sofascore.com/hamburger-sv-fc-augsburg/acbsBdb,2025-11-22,11:30,FC Augsburg,Hamburger SV,2.5,3.4,2.8,1.3636,1.5714,1.3,1.6154,2.2,1.25,4.0,1.8,2.0
https://www.sofascore.com/eintracht-frankfurt-1-fc-koln/wdbszdb,2025-11-22,14:30,1. FC Köln,Eintracht Frankfurt,2.7,3.6,2.4,1.5333,1.4444,1.2857,1.5,2.5,1.1667,5.0,1.5714,2.375
https://www.sofascore.com/rb-leipzig-sv-werder-bremen/JabskCo,2025-11-23,11:30,RB Leipzig,SV Werder Bremen,1.53,4.75,5.25,1.1667,2.5,1.1667,1.4444,2.625,1.0833,8.0,1.3333,3.4
https://www.sofascore.com/1-fc-union-berlin-fc-st-pauli/BabsXab,2025-11-23,13:30,FC St. Pauli,1. FC Union Berlin,2.63,3.0,2.9,1.4,1.4444,1.3636,2.0,1.75,1.4444,2.75,2.375,1.5714
https://www.sofascore.com/rb-leipzig-borussia-mgladbach/CabskCo,2025-11-28,16:30,Borussia M'gladbach,RB Leipzig,2.8,3.75,2.25,1.6154,1.4,1.25,1.4,2.75,1.1429,5.5,1.4444,2.75
https://www.sofascore.com/fc-bayern-munchen-fc-st-pauli/Babsxdb,2025-11-29,11:30,FC Bayern München,FC St. Pauli,1.1,10.0,21.0,1.0152,7.0,1.0714,2.2,1.6154,1.0833,8.0,1.3,3.5
https://www.sofascore.com/1-fc-heidenheim-1-fc-union-berlin/XabsKrc,2025-11-29,11:30,1. FC Union Berlin,1. FC Heidenheim,1.57,3.9,6.5,1.1429,2.3,1.25,1.95,1.8,1.3,3.5,2.0,1.8
https://www.sofascore.com/1-fc-koln-sv-werder-bremen/Jabswdb,2025-11-29,11:30,SV Werder Bremen,1. FC Köln,2.15,3.8,3.0,1.3636,1.6667,1.25,1.5,2.5,1.1667,5.0,1.5714,2.375
https://www.sofascore.com/fc-augsburg-tsg-hoffenheim/ubbsacb,2025-11-29,11:30,TSG Hoffenheim,FC Augsburg,1.73,4.2,4.2,1.2222,2.05,1.2,1.5333,2.375,1.1667,5.0,1.5333,2.5
https://www.sofascore.com/bayer-04-leverkusen-borussia-dortmund/ydbsGdb,2025-11-29,14:30,Bayer 04 Leverkusen,Borussia Dortmund,2.7,3.6,2.45,1.5,1.4444,1.2857,1.5,2.5,1.2,4.5,1.6154,2.3
https://www.sofascore.com/vfb-stuttgart-hamburger-sv/BdbsCdb,2025-11-30,11:30,Hamburger SV,VfB Stuttgart,2.7,3.5,2.45,1.5333,1.4444,1.2857,1.5333,2.375,1.2,4.5,1.6667,2.2
https://www.sofascore.com/eintracht-frankfurt-vfl-wolfsburg/zabszdb,2025-11-30,13:30,Eintracht Frankfurt,VfL Wolfsburg,1.95,3.9,3.5,1.2857,1.8333,1.25,1.5,2.5,1.1429,5.5,1.5,2.625
https://www.sofascore.com/1-fsv-mainz-05-sc-freiburg/Nabsgbb,2025-11-30,15:30,SC Freiburg,1. FSV Mainz 05,1.73,3.75,4.5,1.2,1.95,1.2857,1.7,2.05,1.25,4.0,1.8,2.0
https://www.sofascore.com/1-fsv-mainz-05-borussia-mgladbach/Cabsgbb,2025-12-05,16:30,1. FSV Mainz 05,Borussia M'gladbach,2.63,3.4,2.55,1.5,1.4444,1.3,1.5333,2.375,1.2,4.5,1.6667,2.2
https://www.sofascore.com/vfb-stuttgart-fc-bayern-munchen/xdbsCdb,2025-12-06,11:30,VfB Stuttgart,FC Bayern München,4.5,4.75,1.6,2.3,1.1818,1.1818,1.4,2.75,1.1,7.0,1.3636,3.2
https://www.sofascore.com/bayer-04-leverkusen-fc-augsburg/acbsGdb,2025-12-06,11:30,FC Augsburg,Bayer 04 Leverkusen,3.25,3.6,2.1,1.7,1.3333,1.2857,1.5714,2.25,1.2222,4.3333,1.6667,2.2
https://www.sofascore.com/1-fc-union-berlin-vfl-wolfsburg/zabsXab,2025-12-06,11:30,VfL Wolfsburg,1. FC Union Berlin,1.95,3.5,3.8,1.2857,1.8,1.2857,1.75,2.0,1.2857,3.75,1.9091,1.9091
https://www.sofascore.com/1-fc-heidenheim-sc-freiburg/NabsKrc,2025-12-06,11:30,1. FC Heidenheim,SC Freiburg,4.75,3.6,1.75,1.95,1.1818,1.2857,1.95,1.8,1.3636,3.2,2.1,1.7273
https://www.sofascore.com/1-fc-koln-fc-st-pauli/Babswdb,2025-12-06,11:30,1. FC Köln,FC St. Pauli,2.0,3.5,3.7,1.25,1.8,1.2857,1.75,2.0,1.2857,3.75,1.9091,1.9091
https://www.sofascore.com/rb-leipzig-eintracht-frankfurt/zdbskCo,2025-12-06,14:30,RB Leipzig,Eintracht Frankfurt,1.73,4.0,4.3333,1.2,2.05,1.2222,1.5714,2.25,1.1667,5.0,1.5714,2.375
https://www.sofascore.com/hamburger-sv-sv-werder-bremen/JabsBdb,2025-12-07,11:30,Hamburger SV,SV Werder Bremen,2.45,3.5,2.8,1.4,1.5714,1.3,1.6154,2.2,1.25,4.0,1.8,2.0
https://www.sofascore.com/borussia-dortmund-tsg-hoffenheim/ubbsydb,2025-12-07,13:30,Borussia Dortmund,TSG Hoffenheim,1.62,4.5,4.5,1.1818,2.2,1.1818,1.5,2.5,1.125,6.0,1.4444,2.75
https://www.sofascore.com/rb-leipzig-1-fc-union-berlin/XabskCo,2025-12-12,16:30,1. FC Union Berlin,RB Leipzig,3.0,3.4,2.35,1.5714,1.3636,1.2857,1.7,2.05,1.2857,3.75,1.9091,1.9091
https://www.sofascore.com/eintracht-frankfurt-fc-augsburg/acbszdb,2025-12-13,11:30,Eintracht Frankfurt,FC Augsburg,1.85,3.75,4.0,1.2222,1.9091,1.25,1.7,2.05,1.2222,4.3333,1.7273,2.1
https://www.sofascore.com/borussia-mgladbach-vfl-wolfsburg/zabsCab,2025-12-13,11:30,Borussia M'gladbach,VfL Wolfsburg,2.0,3.75,3.4,1.3,1.8,1.25,1.5714,2.25,1.2,4.5,1.6154,2.3
https://www.sofascore.com/hamburger-sv-tsg-hoffenheim/ubbsBdb,2025-12-13,11:30,TSG Hoffenheim,Hamburger SV,1.7,4.2,4.2,1.2,2.15,1.1818,1.5,2.5,1.1429,5.5,1.4444,2.75
https://www.sofascore.com/1-fc-heidenheim-fc-st-pauli/BabsKrc,2025-12-13,11:30,FC St. Pauli,1. FC Heidenheim,1.85,3.4,4.3333,1.1818,1.9091,1.2857,2.0,1.75,1.3636,3.2,2.2,1.6667
https://www.sofascore.com/bayer-04-leverkusen-1-fc-koln/wdbsGdb,2025-12-13,14:30,Bayer 04 Leverkusen,1. FC Köln,1.75,4.1,4.0,1.2,2.1,1.2222,1.5,2.5,1.1429,5.5,1.5,2.625
https://www.sofascore.com/borussia-dortmund-sc-freiburg/Nabsydb,2025-12-14,11:30,SC Freiburg,Borussia Dortmund,3.75,3.6,1.95,1.7,1.2857,1.3,1.7,2.05,1.2857,3.75,1.9091,1.9091
https://www.sofascore.com/fc-bayern-munchen-1-fsv-mainz-05/gbbsxdb,2025-12-14,13:30,FC Bayern München,1. FSV Mainz 05,1.08,12.0,19.0,1.0152,8.0,1.05,1.9091,1.9091,1.0625,10.0,1.2222,4.3333
https://www.sofascore.com/vfb-stuttgart-sv-werder-bremen/JabsCdb,2025-12-14,15:30,SV Werder Bremen,VfB Stuttgart,2.8,3.8,2.35,1.5714,1.4,1.25,1.5,2.5,1.1667,5.0,1.5714,2.375
https://www.sofascore.com/borussia-dortmund-borussia-mgladbach/Cabsydb,2025-12-19,16:30,Borussia Dortmund,Borussia M'gladbach,1.48,4.75,6.0,1.125,2.625,1.1818,1.5714,2.25,1.1429,5.5,1.4444,2.75
https://www.sofascore.com/hamburger-sv-eintracht-frankfurt/zdbsBdb,2025-12-20,11:30,Hamburger SV,Eintracht Frankfurt,2.35,3.4,2.9,1.4,1.5333,1.2857,1.6667,2.1,1.25,4.0,1.8,2.0
https://www.sofascore.com/vfb-stuttgart-tsg-hoffenheim/ubbsCdb,2025-12-20,11:30,VfB Stuttgart,TSG Hoffenheim,1.95,3.8,3.7,1.2857,1.8,1.25,1.4444,2.625,1.1429,5.5,1.4444,2.75
https://www.sofascore.com/sc-freiburg-vfl-wolfsburg/zabsNab,2025-12-20,11:30,VfL Wolfsburg,SC Freiburg,2.35,3.5,2.9,1.4444,1.5,1.2857,1.6667,2.1,1.25,4.0,1.8,2.0
https://www.sofascore.com/1-fc-koln-1-fc-union-berlin/Xabswdb,2025-12-20,11:30,1. FC Köln,1. FC Union Berlin,2.6,3.1,2.8,1.4444,1.4444,1.3636,1.8,1.95,1.3333,3.4,2.1,1.7273
https://www.sofascore.com/fc-augsburg-sv-werder-bremen/Jabsacb,2025-12-20,11:30,FC Augsburg,SV Werder Bremen,2.2,3.5,3.2,1.3636,1.6154,1.2857,1.6154,2.2,1.25,4.0,1.8,2.0
https://www.sofascore.com/rb-leipzig-bayer-04-leverkusen/GdbskCo,2025-12-20,14:30,RB Leipzig,Bayer 04 Leverkusen,2.15,3.9,3.1,1.3636,1.6667,1.25,1.5,2.5,1.1667,5.0,1.5714,2.375
https://www.sofascore.com/1-fsv-mainz-05-fc-st-pauli/Babsgbb,2025-12-21,11:30,1. FSV Mainz 05,FC St. Pauli,1.95,3.3,4.1,1.2222,1.8,1.3333,1.95,1.8,1.4,3.0,2.2,1.6667
https://www.sofascore.com/1-fc-heidenheim-fc-bayern-munchen/xdbsKrc,2025-12-21,13:30,1. FC Heidenheim,FC Bayern München,13.0,9.5,1.14,5.5,1.04,1.0714,1.8,1.95,1.0833,8.0,1.2857,3.75
https://www.sofascore.com/eintracht-frankfurt-borussia-dortmund/ydbszdb,2026-01-09,16:30,Eintracht Frankfurt,Borussia Dortmund,3.3,3.75,2.05,1.8,1.3,1.25,1.5333,2.375,1.1667,5.0,1.5714,2.375
https://www.sofascore.com/rb-leipzig-fc-st-pauli/BabskCo,2026-01-10,11:30,FC St. Pauli,RB Leipzig,1.0,1.0,1.0,1.9091,1.2222,1.25,1.6667,2.1,1.25,4.0,1.8,2.0
https://www.sofascore.com/1-fsv-mainz-05-1-fc-union-berlin/Xabsgbb,2026-01-10,11:30,1. FC Union Berlin,1. FSV Mainz 05,2.05,3.3,3.9,1.2857,1.6667,1.3636,1.95,1.8,1.4,3.0,2.25,1.6154
https://www.sofascore.com/hamburger-sv-sc-freiburg/NabsBdb,2026-01-10,11:30,SC Freiburg,Hamburger SV,1.8,3.5,4.75,1.1667,2.0,1.2857,1.8,1.95,1.2857,3.75,1.9091,1.9091
https://www.sofascore.com/tsg-hoffenheim-sv-werder-bremen/Jabsubb,2026-01-10,11:30,SV Werder Bremen,TSG Hoffenheim,1.0,1.0,1.0,1.6154,1.4,1.25,1.5,2.5,,,,
https://www.sofascore.com/1-fc-heidenheim-1-fc-koln/wdbsKrc,2026-01-10,11:30,1. FC Heidenheim,1. FC Köln,2.75,3.4,2.5,1.5,1.4444,1.3,1.6154,2.2,1.25,4.0,1.8,2.0
https://www.sofascore.com/bayer-04-leverkusen-vfb-stuttgart/CdbsGdb,2026-01-10,14:30,Bayer 04 Leverkusen,VfB Stuttgart,2.2,3.7,3.0,1.3636,1.6667,1.25,1.5,2.5,1.1667,5.0,1.5714,2.375
https://www.sofascore.com/fc-augsburg-borussia-mgladbach/Cabsacb,2026-01-11,11:30,Borussia M'gladbach,FC Augsburg,1.91,3.7,3.8,1.2857,1.8,1.2857,1.7,2.05,1.25,4.0,1.8,2.0
https://www.sofascore.com/fc-bayern-munchen-vfl-wolfsburg/zabsxdb,2026-01-11,13:30,FC Bayern München,VfL Wolfsburg,1.13,9.5,17.0,1.0303,5.5,1.0714,1.75,2.0,1.0625,10.0,1.2222,4.3333
https://www.sofascore.com/vfb-stuttgart-eintracht-frankfurt/zdbsCdb,2026-01-13,14:30,VfB Stuttgart,Eintracht Frankfurt,1.67,4.3333,4.3333,1.1818,2.2,1.2,1.5,2.5,1.125,6.0,1.4444,2.75
https://www.sofascore.com/borussia-dortmund-sv-werder-bremen/Jabsydb,2026-01-13,16:30,Borussia Dortmund,SV Werder Bremen,1.42,5.0,6.5,1.125,2.625,1.1667,1.7,2.05,1.1667,5.0,1.5333,2.5
https://www.sofascore.com/bayer-04-leverkusen-hamburger-sv/BdbsGdb,2026-01-13,16:30,Hamburger SV,Bayer 04 Leverkusen,3.5,3.6,2.05,1.7273,1.2857,1.2857,1.6154,2.2,1.2222,4.3333,1.7273,2.1
https://www.sofascore.com/1-fc-heidenheim-1-fsv-mainz-05/gbbsKrc,2026-01-13,16:30,1. FSV Mainz 05,1. FC Heidenheim,1.75,3.8,4.5,1.1818,2.05,1.25,1.7,2.05,1.2222,4.3333,1.7273,2.1
https://www.sofascore.com/fc-st-pauli-vfl-wolfsburg/zabsBab,2026-01-14,14:30,VfL Wolfsburg,FC St. Pauli,1.85,3.6,4.3333,1.2,1.9091,1.2857,1.95,1.8,1.3636,3.2,2.1,1.7273
https://www.sofascore.com/fc-bayern-munchen-1-fc-koln/wdbsxdb,2026-01-14,16:30,1. FC Köln,FC Bayern München,11.0,7.0,1.2,4.3333,1.05,1.1,1.5714,2.25,1.0714,9.0,1.25,4.0
https://www.sofascore.com/rb-leipzig-sc-freiburg/NabskCo,2026-01-14,16:30,RB Leipzig,SC Freiburg,1.75,3.9,4.3333,1.2,2.0,1.25,1.6667,2.1,1.2222,4.3333,1.6667,2.2
https://www.sofascore.com/tsg-hoffenheim-borussia-mgladbach/Cabsubb,2026-01-14,16:30,TSG Hoffenheim,Borussia M'gladbach,1.95,3.9,3.5,1.2857,1.9091,1.2222,1.5,2.5,1.1667,5.0,1.5333,2.5
https://www.sofascore.com/fc-augsburg-1-fc-union-berlin/Xabsacb,2026-01-15,16:30,FC Augsburg,1. FC Union Berlin,2.55,3.2,2.8,1.4,1.5,1.3636,1.9091,1.9091,1.3636,3.2,2.2,1.6667
https://www.sofascore.com/eintracht-frankfurt-sv-werder-bremen/Jabszdb,2026-01-16,16:30,SV Werder Bremen,Eintracht Frankfurt,2.63,3.6,2.5,1.5,1.4444,1.2857,1.5714,2.25,1.2222,4.3333,1.6667,2.2
https://www.sofascore.com/borussia-dortmund-fc-st-pauli/Babsydb,2026-01-17,11:30,Borussia Dortmund,FC St. Pauli,1.33,4.75,10.0,1.05,3.4,1.1667,2.25,1.5714,1.25,4.0,1.8,2.0
https://www.sofascore.com/bayer-04-leverkusen-tsg-hoffenheim/ubbsGdb,2026-01-17,11:30,TSG Hoffenheim,Bayer 04 Leverkusen,2.3,3.75,2.88,1.4444,1.5333,1.25,1.4444,2.625,1.1667,5.0,1.5333,2.5
https://www.sofascore.com/hamburger-sv-borussia-mgladbach/CabsBdb,2026-01-17,11:30,Hamburger SV,Borussia M'gladbach,2.4,3.5,2.8,1.4,1.5333,1.3,1.6154,2.2,1.25,4.0,1.8,2.0
https://www.sofascore.com/1-fc-heidenheim-vfl-wolfsburg/zabsKrc,2026-01-17,11:30,VfL Wolfsburg,1. FC Heidenheim,1.7,4.1,4.75,1.1818,2.2,1.2222,1.6154,2.2,1.2,4.5,1.6154,2.3
https://www.sofascore.com/1-fc-koln-1-fsv-mainz-05/gbbswdb,2026-01-17,11:30,1. FC Köln,1. FSV Mainz 05,2.15,3.4,3.4,1.2857,1.7,1.2857,1.6667,2.1,1.25,4.0,1.8,2.0
https://www.sofascore.com/rb-leipzig-fc-bayern-munchen/xdbskCo,2026-01-17,14:30,RB Leipzig,FC Bayern München,4.1,4.3333,1.7,2.1,1.2222,1.2,1.4,2.75,1.1,7.0,1.3636,3.2
https://www.sofascore.com/vfb-stuttgart-1-fc-union-berlin/XabsCdb,2026-01-18,11:30,VfB Stuttgart,1. FC Union Berlin,1.6,4.0,5.5,1.1429,2.3,1.2222,1.75,2.0,1.2222,4.3333,1.6667,2.2
https://www.sofascore.com/fc-augsburg-sc-freiburg/Nabsacb,2026-01-18,13:30,FC Augsburg,SC Freiburg,2.63,3.25,2.75,1.4,1.4444,1.3333,1.75,2.0,1.3,3.5,2.0,1.8
https://www.sofascore.com/hamburger-sv-fc-st-pauli/BabsBdb,2026-01-23,16:30,FC St. Pauli,Hamburger SV,2.8,2.9,2.8,1.4,1.4,1.4,2.05,1.7,1.5,2.625,2.625,1.5
https://www.sofascore.com/fc-bayern-munchen-fc-augsburg/acbsxdb,2026-01-24,11:30,FC Bayern München,FC Augsburg,1.13,10.0,17.0,1.0303,6.0,1.05,1.75,2.0,1.05,11.0,1.2,4.5
https://www.sofascore.com/bayer-04-leverkusen-sv-werder-bremen/JabsGdb,2026-01-24,11:30,Bayer 04 Leverkusen,SV Werder Bremen,1.57,4.3333,5.5,1.1429,2.3,1.2,1.5714,2.25,1.1429,5.5,1.5,2.625
https://www.sofascore.com/rb-leipzig-1-fc-heidenheim/KrcskCo,2026-01-24,11:30,1. FC Heidenheim,RB Leipzig,4.3333,4.3333,1.65,2.3,1.1818,1.1818,1.5,2.5,1.125,6.0,1.4444,2.75
https://www.sofascore.com/eintracht-frankfurt-tsg-hoffenheim/ubbszdb,2026-01-24,11:30,Eintracht Frankfurt,TSG Hoffenheim,3.0,3.6,2.2,1.6667,1.3636,1.2857,1.5333,2.375,1.1667,5.0,1.5714,2.375
https://www.sofascore.com/1-fsv-mainz-05-vfl-wolfsburg/zabsgbb,2026-01-24,11:30,1. FSV Mainz 05,VfL Wolfsburg,2.25,3.4,3.2,1.3636,1.5714,1.3333,1.75,2.0,1.2857,3.75,1.9091,1.9091
https://www.sofascore.com/borussia-dortmund-1-fc-union-berlin/Xabsydb,2026-01-24,14:30,1. FC Union Berlin,Borussia Dortmund,3.2,3.3,2.3,1.6154,1.3333,1.3333,1.9091,1.9091,1.3333,3.4,2.1,1.7273
https://www.sofascore.com/vfb-stuttgart-borussia-mgladbach/CabsCdb,2026-01-25,11:30,Borussia M'gladbach,VfB Stuttgart,2.88,3.7,2.3,1.6154,1.4,1.2857,1.5,2.5,1.2,4.5,1.6154,2.3
https://www.sofascore.com/1-fc-koln-sc-freiburg/Nabswdb,2026-01-25,13:30,SC Freiburg,1. FC Köln,2.0,3.7,3.5,1.2857,1.8,1.25,1.6154,2.2,1.2222,4.3333,1.7273,2.1
https://www.sofascore.com/rb-leipzig-fc-st-pauli/BabskCo,2026-01-27,16:30,FC St. Pauli,RB Leipzig,5.0,3.5,1.75,2.0,1.1818,1.2857,1.95,1.8,1.3333,3.4,2.0,1.8
https://www.sofascore.com/tsg-hoffenheim-sv-werder-bremen/Jabsubb,2026-01-27,16:30,SV Werder Bremen,TSG Hoffenheim,3.7,3.7,1.91,1.8333,1.2857,1.2857,1.5714,2.25,1.2,4.5,1.6154,2.3
https://www.sofascore.com/1-fc-koln-vfl-wolfsburg/zabswdb,2026-01-30,16:30,1. FC Köln,VfL Wolfsburg,2.05,3.7,3.3,1.3,1.8,1.2857,1.5714,2.25,1.2,4.5,1.6154,2.3
https://www.sofascore.com/bayer-04-leverkusen-eintracht-frankfurt/zdbsGdb,2026-01-31,11:30,Eintracht Frankfurt,Bayer 04 Leverkusen,3.4,3.75,2.0,1.6154,1.3636,1.2857,1.5333,2.375,1.2,4.5,1.6154,2.3
https://www.sofascore.com/rb-leipzig-1-fsv-mainz-05/gbbskCo,2026-01-31,11:30,RB Leipzig,1. FSV Mainz 05,1.53,4.75,5.5,1.1429,2.375,1.1818,1.6154,2.2,1.1667,5.0,1.5333,2.5
https://www.sofascore.com/tsg-hoffenheim-1-fc-union-berlin/Xabsubb,2026-01-31,11:30,TSG Hoffenheim,1. FC Union Berlin,1.83,3.8,4.2,1.1818,2.0,1.25,1.75,2.0,1.25,4.0,1.8,2.0
https://www.sofascore.com/sv-werder-bremen-borussia-mgladbach/CabsJab,2026-01-31,11:30,SV Werder Bremen,Borussia M'gladbach,2.15,3.6,3.25,1.3333,1.6667,1.2857,1.6154,2.2,1.2222,4.3333,1.7273,2.1
https://www.sofascore.com/fc-augsburg-fc-st-pauli/Babsacb,2026-01-31,11:30,FC Augsburg,FC St. Pauli,2.1,3.2,3.75,1.2222,1.7273,1.3636,2.05,1.7,1.4444,2.75,2.375,1.5714
https://www.sofascore.com/hamburger-sv-fc-bayern-munchen/xdbsBdb,2026-01-31,14:30,Hamburger SV,FC Bayern München,7.5,6.5,1.3,3.4,1.0833,1.125,1.7,2.05,1.1111,6.5,1.3636,3.2
https://www.sofascore.com/vfb-stuttgart-sc-freiburg/NabsCdb,2026-02-01,11:30,VfB Stuttgart,SC Freiburg,1.65,4.2,4.75,1.1667,2.25,1.2222,1.6154,2.2,1.2,4.5,1.6154,2.3
https://www.sofascore.com/1-fc-heidenheim-borussia-dortmund/ydbsKrc,2026-02-01,13:30,Borussia Dortmund,1. FC Heidenheim,1.27,6.5,8.5,1.0833,3.75,1.1111,1.8,1.95,1.1429,5.5,1.4444,2.75
https://www.sofascore.com/eintracht-frankfurt-1-fc-union-berlin/Xabszdb,2026-02-06,16:30,1. FC Union Berlin,Eintracht Frankfurt,2.1,3.5,3.25,1.3,1.7,1.2857,1.75,2.0,1.3,3.5,1.9091,1.9091
https://www.sofascore.com/borussia-dortmund-vfl-wolfsburg/zabsydb,2026-02-07,11:30,VfL Wolfsburg,Borussia Dortmund,4.2,4.3333,1.7,2.2,1.1818,1.2,1.5714,2.25,1.1667,5.0,1.5333,2.5
https://www.sofascore.com/vfb-stuttgart-fc-st-pauli/BabsCdb,2026-02-07,11:30,FC St. Pauli,VfB Stuttgart,5.0,3.9,1.67,2.1,1.1818,1.25,1.8,1.95,1.2857,3.75,1.9091,1.9091
https://www.sofascore.com/sc-freiburg-sv-werder-bremen/JabsNab,2026-02-07,11:30,SC Freiburg,SV Werder Bremen,2.1,3.4,3.5,1.2857,1.8,1.2857,1.7,2.05,1.25,4.0,1.8,2.0
https://www.sofascore.com/fc-augsburg-1-fsv-mainz-05/gbbsacb,2026-02-07,11:30,1. FSV Mainz 05,FC Augsburg,1.95,3.7,3.75,1.25,1.8,1.2857,1.6667,2.1,1.25,4.0,1.8,2.0
https://www.sofascore.com/1-fc-heidenheim-hamburger-sv/BdbsKrc,2026-02-07,11:30,1. FC Heidenheim,Hamburger SV,2.8,3.4,2.45,1.5333,1.4,1.3,1.7,2.05,1.2857,3.75,1.9091,1.9091
https://www.sofascore.com/bayer-04-leverkusen-borussia-mgladbach/CabsGdb,2026-02-07,14:30,Borussia M'gladbach,Bayer 04 Leverkusen,3.7,3.7,1.95,1.8,1.2857,1.2857,1.6154,2.2,1.2222,4.3333,1.6667,2.2
https://www.sofascore.com/rb-leipzig-1-fc-koln/wdbskCo,2026-02-08,11:30,1. FC Köln,RB Leipzig,3.4,3.9,2.0,1.8,1.2857,1.25,1.4444,2.625,1.1429,5.5,1.5,2.625
https://www.sofascore.com/fc-bayern-munchen-tsg-hoffenheim/ubbsxdb,2026-02-08,13:30,FC Bayern München,TSG Hoffenheim,1.22,8.0,9.5,1.0833,3.75,1.1,1.5714,2.25,1.0714,9.0,1.25,4.0
https://www.sofascore.com/borussia-dortmund-1-fsv-mainz-05/gbbsydb,2026-02-13,16:30,Borussia Dortmund,1. FSV Mainz 05,1.65,4.2,4.75,1.1818,2.15,1.2222,1.6154,2.2,1.2,4.5,1.6154,2.3
https://www.sofascore.com/fc-bayern-munchen-sv-werder-bremen/Jabsxdb,2026-02-14,11:30,SV Werder Bremen,FC Bayern München,8.0,6.25,1.3,3.4,1.0833,1.125,1.5714,2.25,1.1,7.0,1.3333,3.4
https://www.sofascore.com/bayer-04-leverkusen-fc-st-pauli/BabsGdb,2026-02-14,11:30,Bayer 04 Leverkusen,FC St. Pauli,1.53,4.3333,6.0,1.1429,2.375,1.2,1.9091,1.9091,1.25,4.0,1.8,2.0
https://www.sofascore.com/eintracht-frankfurt-borussia-mgladbach/Cabszdb,2026-02-14,11:30,Eintracht Frankfurt,Borussia M'gladbach,2.15,3.5,3.3,1.3,1.7,1.2857,1.6154,2.2,1.2222,4.3333,1.7273,2.1
https://www.sofascore.com/tsg-hoffenheim-sc-freiburg/Nabsubb,2026-02-14,11:30,TSG Hoffenheim,SC Freiburg,1.73,3.9,4.5,1.1818,2.15,1.2222,1.7,2.05,1.2,4.5,1.6667,2.2
https://www.sofascore.com/hamburger-sv-1-fc-union-berlin/XabsBdb,2026-02-14,11:30,Hamburger SV,1. FC Union Berlin,2.3,3.25,3.2,1.3636,1.5333,1.3333,1.9091,1.9091,1.3636,3.2,2.2,1.6667
https://www.sofascore.com/vfb-stuttgart-1-fc-koln/wdbsCdb,2026-02-14,14:30,VfB Stuttgart,1. FC Köln,1.5,5.0,5.25,1.125,2.625,1.1667,1.5714,2.25,1.125,6.0,1.4444,2.75
https://www.sofascore.com/1-fc-heidenheim-fc-augsburg/acbsKrc,2026-02-15,11:30,FC Augsburg,1. FC Heidenheim,1.85,3.8,4.0,1.25,1.8333,1.2857,1.6667,2.1,1.2222,4.3333,1.7273,2.1
https://www.sofascore.com/rb-leipzig-vfl-wolfsburg/zabskCo,2026-02-15,13:30,RB Leipzig,VfL Wolfsburg,1.5,4.75,5.5,1.1429,2.375,1.1818,1.5,2.5,1.1111,6.5,1.4,3.0
https://www.sofascore.com/hamburger-sv-1-fsv-mainz-05/gbbsBdb,2026-02-20,16:30,1. FSV Mainz 05,Hamburger SV,2.1,3.4,3.6,1.2857,1.7,1.3,1.6154,2.2,1.2222,4.3333,1.7273,2.1
https://www.sofascore.com/eintracht-frankfurt-fc-bayern-munchen/xdbszdb,2026-02-21,11:30,FC Bayern München,Eintracht Frankfurt,1.08,12.0,17.0,1.025,8.0,1.05,1.7,2.05,1.0303,15.0,1.1429,5.5
https://www.sofascore.com/bayer-04-leverkusen-1-fc-union-berlin/XabsGdb,2026-02-21,11:30,1. FC Union Berlin,Bayer 04 Leverkusen,3.25,3.25,2.3,1.5333,1.4,1.3,1.6667,2.1,1.2857,3.75,1.9091,1.9091
https://www.sofascore.com/1-fc-koln-tsg-hoffenheim/ubbswdb,2026-02-21,11:30,1. FC Köln,TSG Hoffenheim,3.3,3.8,2.05,1.7273,1.3333,1.25,1.5,2.5,1.1667,5.0,1.5714,2.375
https://www.sofascore.com/fc-augsburg-vfl-wolfsburg/zabsacb,2026-02-21,11:30,VfL Wolfsburg,FC Augsburg,2.2,3.4,3.2,1.3636,1.6667,1.3,1.5714,2.25,1.2222,4.3333,1.7273,2.1
https://www.sofascore.com/rb-leipzig-borussia-dortmund/ydbskCo,2026-02-21,14:30,RB Leipzig,Borussia Dortmund,1.91,3.9,3.5,1.2857,1.8333,1.25,1.5,2.5,1.1667,5.0,1.5333,2.5
https://www.sofascore.com/sc-freiburg-borussia-mgladbach/CabsNab,2026-02-22,11:30,SC Freiburg,Borussia M'gladbach,2.1,3.25,3.7,1.2857,1.7,1.3333,1.6154,2.2,1.25,4.0,1.8,2.0
https://www.sofascore.com/sv-werder-bremen-fc-st-pauli/BabsJab,2026-02-22,13:30,FC St. Pauli,SV Werder Bremen,2.63,3.2,2.75,1.4,1.4444,1.3636,1.8,1.95,1.3333,3.4,2.0,1.8
https://www.sofascore.com/1-fc-heidenheim-vfb-stuttgart/CdbsKrc,2026-02-22,15:30,1. FC Heidenheim,VfB Stuttgart,4.3333,4.3333,1.67,2.15,1.2,1.2,1.5333,2.375,1.1429,5.5,1.5,2.625
https://www.sofascore.com/1-fc-koln-fc-augsburg/acbswdb,2026-02-27,16:30,FC Augsburg,1. FC Köln,2.15,3.4,3.3,1.3333,1.6667,1.3,1.6154,2.2,1.25,4.0,1.8,2.0
https://www.sofascore.com/bayer-04-leverkusen-1-fsv-mainz-05/gbbsGdb,2026-02-28,11:30,Bayer 04 Leverkusen,1. FSV Mainz 05,1.65,4.2,4.5,1.1818,2.2,1.2222,1.6667,2.1,1.2,4.5,1.6154,2.3
https://www.sofascore.com/1-fc-union-berlin-borussia-mgladbach/CabsXab,2026-02-28,11:30,Borussia M'gladbach,1. FC Union Berlin,2.35,3.3,3.1,1.3636,1.5714,1.3333,1.8,1.95,1.3333,3.4,2.1,1.7273
https://www.sofascore.com/tsg-hoffenheim-fc-st-pauli/Babsubb,2026-02-28,11:30,TSG Hoffenheim,FC St. Pauli,1.53,4.3333,5.75,1.1429,2.375,1.2,1.95,1.8,1.2857,3.75,1.9091,1.9091
https://www.sofascore.com/1-fc-heidenheim-sv-werder-bremen/JabsKrc,2026-02-28,11:30,SV Werder Bremen,1. FC Heidenheim,1.6,4.3333,5.25,1.1667,2.3,1.2,1.6667,2.1,1.2,4.5,1.6154,2.3
https://www.sofascore.com/borussia-dortmund-fc-bayern-munchen/xdbsydb,2026-02-28,14:30,Borussia Dortmund,FC Bayern München,4.1,4.5,1.7,2.1,1.2222,1.1818,1.3636,3.0,1.1,7.0,1.3333,3.4
https://www.sofascore.com/vfb-stuttgart-vfl-wolfsburg/zabsCdb,2026-03-01,11:30,VfB Stuttgart,VfL Wolfsburg,1.4,5.5,6.25,1.125,2.75,1.1429,1.5,2.5,1.1,7.0,1.3333,3.4
https://www.sofascore.com/eintracht-frankfurt-sc-freiburg/Nabszdb,2026-03-01,13:30,Eintracht Frankfurt,SC Freiburg,2.25,3.5,3.1,1.3636,1.6154,1.3,1.6154,2.2,1.2222,4.3333,1.7273,2.1
https://www.sofascore.com/rb-leipzig-hamburger-sv/BdbskCo,2026-03-01,15:30,Hamburger SV,RB Leipzig,3.8,4.0,1.85,1.9091,1.25,1.2222,1.5,2.5,1.1429,5.5,1.5333,2.5
https://www.sofascore.com/bayer-04-leverkusen-hamburger-sv/BdbsGdb,2026-03-04,16:30,Hamburger SV,Bayer 04 Leverkusen,3.6,3.7,2.0,1.8,1.2857,1.2857,1.5714,2.25,1.2,4.5,1.6667,2.2
https://www.sofascore.com/fc-bayern-munchen-borussia-mgladbach/Cabsxdb,2026-03-06,16:30,FC Bayern München,Borussia M'gladbach,1.22,8.0,8.5,1.0714,4.0,1.0833,1.7,2.05,1.0833,8.0,1.2857,3.75
https://www.sofascore.com/hamburger-sv-vfl-wolfsburg/zabsBdb,2026-03-07,11:30,VfL Wolfsburg,Hamburger SV,2.63,3.3,2.7,1.4444,1.4444,1.3333,1.6667,2.1,1.25,4.0,1.9091,1.9091
https://www.sofascore.com/1-fc-heidenheim-tsg-hoffenheim/ubbsKrc,2026-03-07,11:30,1. FC Heidenheim,TSG Hoffenheim,5.5,4.75,1.5,2.5,1.1429,1.1818,1.5333,2.375,1.1429,5.5,1.4444,2.75
https://www.sofascore.com/borussia-mgladbach-fc-st-pauli/BabsCab,2026-03-13,16:30,Borussia M'gladbach,FC St. Pauli,1.91,3.4,4.2,1.2222,1.8333,1.3,1.95,1.8,1.4,3.0,2.2,1.6667
https://www.sofascore.com/bayer-04-leverkusen-fc-bayern-munchen/xdbsGdb,2026-03-14,11:30,Bayer 04 Leverkusen,FC Bayern München,4.75,4.75,1.57,2.375,1.1667,1.1667,1.3636,3.0,1.0833,8.0,1.2857,3.75
https://www.sofascore.com/borussia-dortmund-fc-augsburg/acbsydb,2026-03-14,11:30,Borussia Dortmund,FC Augsburg,1.55,4.5,5.0,1.125,2.625,1.1818,1.6667,2.1,1.1667,5.0,1.5333,2.5
https://www.sofascore.com/1-fc-heidenheim-eintracht-frankfurt/zdbsKrc,2026-03-14,11:30,Eintracht Frankfurt,1. FC Heidenheim,1.65,4.3333,4.75,1.1818,2.2,1.2,1.5333,2.375,1.1429,5.5,1.5,2.625
https://www.sofascore.com/tsg-hoffenheim-vfl-wolfsburg/zabsubb,2026-03-14,11:30,TSG Hoffenheim,VfL Wolfsburg,1.45,4.75,6.25,1.125,2.625,1.1818,1.5333,2.375,1.1111,6.5,1.4,3.0
https://www.sofascore.com/hamburger-sv-1-fc-koln/wdbsBdb,2026-03-14,14:30,Hamburger SV,1. FC Köln,2.4,3.5,2.8,1.4,1.5333,1.2857,1.6667,2.1,1.25,4.0,1.8,2.0
https://www.sofascore.com/1-fsv-mainz-05-sv-werder-bremen/Jabsgbb,2026-03-15,11:30,SV Werder Bremen,1. FSV Mainz 05,2.25,3.5,3.1,1.3636,1.6154,1.2857,1.5714,2.25,1.2222,4.3333,1.7273,2.1
https://www.sofascore.com/1-fc-union-berlin-sc-freiburg/NabsXab,2026-03-15,13:30,SC Freiburg,1. FC Union Berlin,1.9,3.6,4.0,1.2222,1.9091,1.2857,1.7,2.05,1.25,4.0,1.8,2.0
https://www.sofascore.com/rb-leipzig-vfb-stuttgart/CdbskCo,2026-03-15,15:30,VfB Stuttgart,RB Leipzig,2.4,3.9,2.6,1.5,1.5333,1.25,1.3,3.4,1.0833,8.0,1.3333,3.4
https://www.sofascore.com/rb-leipzig-tsg-hoffenheim/ubbskCo,2026-03-20,16:30,RB Leipzig,TSG Hoffenheim,1.91,4.1,3.5,1.2857,1.8333,1.2222,1.4,2.75,1.125,6.0,1.4444,2.75
https://www.sofascore.com/fc-bayern-munchen-1-fc-union-berlin/Xabsxdb,2026-03-21,11:30,FC Bayern München,1. FC Union Berlin,1.14,9.0,13.0,1.04,5.5,1.0714,1.95,1.8,1.0833,8.0,1.2857,3.75
https://www.sofascore.com/1-fc-heidenheim-bayer-04-leverkusen/GdbsKrc,2026-03-21,11:30,1. FC Heidenheim,Bayer 04 Leverkusen,5.0,4.5,1.55,2.375,1.1667,1.1818,1.5714,2.25,1.125,6.0,1.4444,2.75
https://www.sofascore.com/1-fc-koln-borussia-mgladbach/Cabswdb,2026-03-21,11:30,1. FC Köln,Borussia M'gladbach,2.35,3.4,3.0,1.3636,1.5333,1.3,1.7,2.05,1.2857,3.75,1.9091,1.9091
https://www.sofascore.com/sv-werder-bremen-vfl-wolfsburg/zabsJab,2026-03-21,11:30,VfL Wolfsburg,SV Werder Bremen,2.3,3.7,2.88,1.4,1.5714,1.2857,1.5333,2.375,1.2,4.5,1.6154,2.3
https://www.sofascore.com/hamburger-sv-borussia-dortmund/ydbsBdb,2026-03-21,14:30,Borussia Dortmund,Hamburger SV,1.42,4.75,7.0,1.1,2.75,1.1818,1.75,2.0,1.2,4.5,1.6154,2.3
https://www.sofascore.com/eintracht-frankfurt-1-fsv-mainz-05/gbbszdb,2026-03-22,11:30,1. FSV Mainz 05,Eintracht Frankfurt,2.15,3.6,3.25,1.3333,1.6667,1.2857,1.6667,2.1,1.25,4.0,1.8,2.0
https://www.sofascore.com/sc-freiburg-fc-st-pauli/BabsNab,2026-03-22,13:30,FC St. Pauli,SC Freiburg,2.7,3.1,2.88,1.4,1.4444,1.3636,1.95,1.8,1.4444,2.75,2.375,1.5714
https://www.sofascore.com/vfb-stuttgart-fc-augsburg/acbsCdb,2026-03-22,15:30,FC Augsburg,VfB Stuttgart,3.5,3.8,2.0,1.8,1.2857,1.25,1.5,2.5,1.1667,5.0,1.5714,2.375
https://www.sofascore.com/fc-bayern-munchen-sc-freiburg/Nabsxdb,2026-04-04,10:30,SC Freiburg,FC Bayern München,5.25,4.75,1.53,2.375,1.1667,1.1818,1.5714,2.25,1.1429,5.5,1.4444,2.75
https://www.sofascore.com/bayer-04-leverkusen-vfl-wolfsburg/zabsGdb,2026-04-04,10:30,Bayer 04 Leverkusen,VfL Wolfsburg,1.44,4.75,6.5,1.1111,2.625,1.1818,1.6154,2.2,1.1429,5.5,1.5,2.625
https://www.sofascore.com/rb-leipzig-sv-werder-bremen/JabskCo,2026-04-04,10:30,SV Werder Bremen,RB Leipzig,3.7,4.0,1.9,1.9091,1.25,1.2222,1.4444,2.625,1.1429,5.5,1.5,2.625
https://www.sofascore.com/tsg-hoffenheim-1-fsv-mainz-05/gbbsubb,2026-04-04,10:30,TSG Hoffenheim,1. FSV Mainz 05,1.7,3.9,4.75,1.1818,2.1,1.25,1.5333,2.375,1.1667,5.0,1.5333,2.5
https://www.sofascore.com/1-fc-heidenheim-borussia-mgladbach/CabsKrc,2026-04-04,10:30,Borussia M'gladbach,1. FC Heidenheim,1.62,4.2,5.0,1.1667,2.3,1.2,1.6154,2.2,1.1667,5.0,1.5333,2.5
https://www.sofascore.com/hamburger-sv-fc-augsburg/acbsBdb,2026-04-04,10:30,Hamburger SV,FC Augsburg,2.35,3.5,2.9,1.4,1.5714,1.2857,1.6154,2.2,1.2222,4.3333,1.7273,2.1
https://www.sofascore.com/vfb-stuttgart-borussia-dortmund/ydbsCdb,2026-04-04,13:30,VfB Stuttgart,Borussia Dortmund,2.35,3.9,2.63,1.4444,1.5714,1.25,1.4444,2.625,1.1429,5.5,1.5,2.625
https://www.sofascore.com/1-fc-union-berlin-fc-st-pauli/BabsXab,2026-04-05,10:30,1. FC Union Berlin,FC St. Pauli,2.0,3.25,4.0,1.2222,1.8,1.3333,2.0,1.75,1.4,3.0,2.2,1.6667
https://www.sofascore.com/eintracht-frankfurt-1-fc-koln/wdbszdb,2026-04-05,12:30,Eintracht Frankfurt,1. FC Köln,1.91,3.9,3.6,1.2857,1.8333,1.25,1.5714,2.25,1.2,4.5,1.6154,2.3
https://www.sofascore.com/fc-augsburg-tsg-hoffenheim/ubbsacb,2026-04-10,15:30,FC Augsburg,TSG Hoffenheim,3.6,3.9,1.95,1.8,1.2857,1.25,1.4444,2.625,1.1429,5.5,1.4444,2.75
https://www.sofascore.com/bayer-04-leverkusen-borussia-dortmund/ydbsGdb,2026-04-11,10:30,Borussia Dortmund,Bayer 04 Leverkusen,2.0,3.5,3.0,1.3636,1.6667,1.25,1.4444,2.625,1.1429,5.5,1.5333,2.5
https://www.sofascore.com/rb-leipzig-borussia-mgladbach/CabskCo,2026-04-11,10:30,RB Leipzig,Borussia M'gladbach,1.44,5.0,6.25,1.125,2.625,1.1667,1.6667,2.1,1.1429,5.5,1.5,2.625
https://www.sofascore.com/eintracht-frankfurt-vfl-wolfsburg/zabszdb,2026-04-11,10:30,VfL Wolfsburg,Eintracht Frankfurt,2.5,3.6,2.63,1.4444,1.5,1.2857,1.4444,2.625,1.1667,5.0,1.5333,2.5
https://www.sofascore.com/1-fc-heidenheim-1-fc-union-berlin/XabsKrc,2026-04-11,10:30,1. FC Heidenheim,1. FC Union Berlin,2.75,3.4,2.5,1.5,1.4,1.3,1.6667,2.1,1.2857,3.75,1.9091,1.9091
https://www.sofascore.com/fc-bayern-munchen-fc-st-pauli/Babsxdb,2026-04-11,13:30,FC St. Pauli,FC Bayern München,8.0,5.5,1.33,3.25,1.0833,1.1429,1.6667,2.1,1.125,6.0,1.4,3.0
https://www.sofascore.com/1-fc-koln-sv-werder-bremen/Jabswdb,2026-04-12,10:30,1. FC Köln,SV Werder Bremen,2.3,3.4,3.1,1.3636,1.5714,1.3,1.6154,2.2,1.25,4.0,1.8,2.0
https://www.sofascore.com/vfb-stuttgart-hamburger-sv/BdbsCdb,2026-04-12,12:30,VfB Stuttgart,Hamburger SV,1.29,6.0,9.0,1.0714,3.5,1.125,1.6154,2.2,1.1,7.0,1.3333,3.4
https://www.sofascore.com/1-fsv-mainz-05-sc-freiburg/Nabsgbb,2026-04-12,14:30,1. FSV Mainz 05,SC Freiburg,2.2,3.0,3.6,1.2857,1.6667,1.3636,1.7,2.05,1.2857,3.75,1.9091,1.9091
https://www.sofascore.com/1-fc-koln-fc-st-pauli/Babswdb,2026-04-17,15:30,FC St. Pauli,1. FC Köln,2.88,3.25,2.45,1.5333,1.4,1.3333,1.8,1.95,1.3333,3.4,2.1,1.7273
https://www.sofascore.com/borussia-dortmund-tsg-hoffenheim/ubbsydb,2026-04-18,10:30,TSG Hoffenheim,Borussia Dortmund,2.15,3.9,3.0,1.3636,1.6667,1.25,1.4444,2.625,1.1429,5.5,1.4444,2.75
https://www.sofascore.com/bayer-04-leverkusen-fc-augsburg/acbsGdb,2026-04-18,10:30,Bayer 04 Leverkusen,FC Augsburg,1.38,5.25,7.0,1.1,3.0,1.1667,1.6154,2.2,1.125,6.0,1.4444,2.75
https://www.sofascore.com/1-fc-union-berlin-vfl-wolfsburg/zabsXab,2026-04-18,10:30,1. FC Union Berlin,VfL Wolfsburg,2.15,3.75,3.2,1.3333,1.6667,1.25,1.6154,2.2,1.2222,4.3333,1.7273,2.1
https://www.sofascore.com/hamburger-sv-sv-werder-bremen/JabsBdb,2026-04-18,10:30,SV Werder Bremen,Hamburger SV,1.75,3.75,4.5,1.1818,2.0,1.25,1.6667,2.1,1.2222,4.3333,1.7273,2.1
https://www.sofascore.com/rb-leipzig-eintracht-frankfurt/zdbskCo,2026-04-18,13:30,Eintracht Frankfurt,RB Leipzig,2.9,3.9,2.2,1.6667,1.4,1.25,1.3636,3.0,1.1,7.0,1.3636,3.2
https://www.sofascore.com/1-fc-heidenheim-sc-freiburg/NabsKrc,2026-04-19,10:30,SC Freiburg,1. FC Heidenheim,1.65,4.2,5.0,1.1667,2.2,1.2222,1.6154,2.2,1.1667,5.0,1.6154,2.3
https://www.sofascore.com/vfb-stuttgart-fc-bayern-munchen/xdbsCdb,2026-04-19,12:30,FC Bayern München,VfB Stuttgart,1.48,5.25,5.5,1.1429,2.625,1.1667,1.3333,3.25,1.0625,10.0,1.2222,4.3333
https://www.sofascore.com/1-fsv-mainz-05-borussia-mgladbach/Cabsgbb,2026-04-19,14:30,Borussia M'gladbach,1. FSV Mainz 05,2.25,3.5,3.1,1.3636,1.6154,1.2857,1.6667,2.1,1.25,4.0,1.8,2.0
https://www.sofascore.com/rb-leipzig-1-fc-union-berlin/XabskCo,2026-04-24,15:30,RB Leipzig,1. FC Union Berlin,1.53,4.3333,5.75,1.1429,2.375,1.2,1.6667,2.1,1.1667,5.0,1.5714,2.375
https://www.sofascore.com/fc-bayern-munchen-1-fsv-mainz-05/gbbsxdb,2026-04-25,10:30,1. FSV Mainz 05,FC Bayern München,3.6,4.2,1.85,1.9091,1.2857,1.2222,1.3636,3.0,1.1,7.0,1.3636,3.2
https://www.sofascore.com/bayer-04-leverkusen-1-fc-koln/wdbsGdb,2026-04-25,10:30,1. FC Köln,Bayer 04 Leverkusen,3.5,4.0,1.91,1.8333,1.2857,1.2222,1.4444,2.625,1.1429,5.5,1.5,2.625
https://www.sofascore.com/eintracht-frankfurt-fc-augsburg/acbszdb,2026-04-25,10:30,FC Augsburg,Eintracht Frankfurt,2.3,3.9,2.7,1.4444,1.5714,1.25,1.4,2.75,1.1429,5.5,1.4444,2.75
https://www.sofascore.com/borussia-mgladbach-vfl-wolfsburg/zabsCab,2026-04-25,10:30,VfL Wolfsburg,Borussia M'gladbach,2.1,3.8,3.25,1.3333,1.7,1.25,1.5,2.5,1.1667,5.0,1.6154,2.3
https://www.sofascore.com/1-fc-heidenheim-fc-st-pauli/BabsKrc,2026-04-25,10:30,1. FC Heidenheim,FC St. Pauli,2.3,3.5,3.0,1.3636,1.5714,1.3,1.7,2.05,1.2857,3.75,1.9091,1.9091
https://www.sofascore.com/hamburger-sv-tsg-hoffenheim/ubbsBdb,2026-04-25,13:30,Hamburger SV,TSG Hoffenheim,4.5,4.2,1.65,2.2,1.1818,1.2222,1.5,2.5,1.1429,5.5,1.4444,2.75
https://www.sofascore.com/vfb-stuttgart-sv-werder-bremen/JabsCdb,2026-04-26,10:30,VfB Stuttgart,SV Werder Bremen,1.53,4.5,5.5,1.1429,2.375,1.1818,1.5333,2.375,1.125,6.0,1.4444,2.75
https://www.sofascore.com/borussia-dortmund-sc-freiburg/Nabsydb,2026-04-26,12:30,Borussia Dortmund,SC Freiburg,1.44,5.0,6.25,1.125,2.625,1.1667,1.7,2.05,1.1667,5.0,1.5333,2.5
https://www.sofascore.com/1-fc-heidenheim-fc-bayern-munchen/xdbsKrc,2026-05-02,10:30,FC Bayern München,1. FC Heidenheim,1.25,7.0,9.0,1.0714,3.75,1.1,1.4444,2.625,1.05,11.0,1.2,4.5
https://www.sofascore.com/hamburger-sv-eintracht-frankfurt/zdbsBdb,2026-05-02,10:30,Eintracht Frankfurt,Hamburger SV,1.67,4.3333,4.5,1.1818,2.15,1.2,1.5,2.5,1.1429,5.5,1.5,2.625
https://www.sofascore.com/vfb-stuttgart-tsg-hoffenheim/ubbsCdb,2026-05-02,10:30,TSG Hoffenheim,VfB Stuttgart,2.15,4.1,2.88,1.4,1.6667,1.2222,1.3636,3.0,1.1,7.0,1.3636,3.2
https://www.sofascore.com/1-fc-koln-1-fc-union-berlin/Xabswdb,2026-05-02,10:30,1. FC Union Berlin,1. FC Köln,2.63,3.4,2.6,1.5,1.4444,1.3,1.5714,2.25,1.2222,4.3333,1.7273,2.1
https://www.sofascore.com/fc-augsburg-sv-werder-bremen/Jabsacb,2026-05-02,10:30,SV Werder Bremen,FC Augsburg,1.91,3.7,3.7,1.2857,1.8333,1.2857,1.5,2.5,1.1667,5.0,1.5333,2.5
https://www.sofascore.com/rb-leipzig-bayer-04-leverkusen/GdbskCo,2026-05-02,13:30,Bayer 04 Leverkusen,RB Leipzig,2.1,4.0,3.1,1.3636,1.7,1.2222,1.3636,3.0,1.1111,6.5,1.3636,3.2
https://www.sofascore.com/1-fsv-mainz-05-fc-st-pauli/Babsgbb,2026-05-03,10:30,FC St. Pauli,1. FSV Mainz 05,2.75,3.3,2.55,1.5,1.4,1.3333,1.8,1.95,1.3636,3.2,2.1,1.7273
https://www.sofascore.com/borussia-dortmund-borussia-mgladbach/Cabsydb,2026-05-03,12:30,Borussia M'gladbach,Borussia Dortmund,3.75,3.8,1.91,1.8333,1.25,1.25,1.5333,2.375,1.1667,5.0,1.5714,2.375
https://www.sofascore.com/sc-freiburg-vfl-wolfsburg/zabsNab,2026-05-03,14:30,SC Freiburg,VfL Wolfsburg,2.55,3.5,2.7,1.4444,1.5,1.2857,1.5333,2.375,1.2,4.5,1.6667,2.2
https://www.sofascore.com/eintracht-frankfurt-borussia-dortmund/ydbszdb,2026-05-08,15:30,Borussia Dortmund,Eintracht Frankfurt,1.48,4.5,5.5,1.1429,2.625,1.1818,1.5,2.5,1.1111,6.5,1.3636,3.2
https://www.sofascore.com/bayer-04-leverkusen-vfb-stuttgart/CdbsGdb,2026-05-09,10:30,VfB Stuttgart,Bayer 04 Leverkusen,2.05,4.0,3.0,1.3636,1.7273,1.2222,1.3636,3.0,1.1111,6.5,1.3636,3.2
https://www.sofascore.com/rb-leipzig-fc-st-pauli/BabskCo,2026-05-09,10:30,RB Leipzig,FC St. Pauli,1.44,4.3333,6.5,1.1111,2.625,1.2,1.7,2.05,1.1667,5.0,1.5714,2.375
https://www.sofascore.com/tsg-hoffenheim-sv-werder-bremen/Jabsubb,2026-05-09,10:30,TSG Hoffenheim,SV Werder Bremen,1.53,4.3333,5.25,1.1667,2.375,1.2,1.5,2.5,1.125,6.0,1.4,3.0
https://www.sofascore.com/fc-augsburg-borussia-mgladbach/Cabsacb,2026-05-09,10:30,FC Augsburg,Borussia M'gladbach,2.25,3.6,2.8,1.4,1.6154,1.2857,1.5333,2.375,1.2,4.5,1.6154,2.3
https://www.sofascore.com/fc-bayern-munchen-vfl-wolfsburg/zabsxdb,2026-05-09,13:30,VfL Wolfsburg,FC Bayern München,4.5,4.3333,1.65,2.2,1.1818,1.2,1.3,3.4,1.0625,10.0,1.25,4.0
https://www.sofascore.com/hamburger-sv-sc-freiburg/NabsBdb,2026-05-10,10:30,Hamburger SV,SC Freiburg,2.7,3.4,2.45,,,,,,,,,
https://www.sofascore.com/1-fc-heidenheim-1-fc-koln/wdbsKrc,2026-05-10,12:30,1. FC Köln,1. FC Heidenheim,1.7,3.9,4.3333,,,,,,,,,
https://www.sofascore.com/1-fsv-mainz-05-1-fc-union-berlin/Xabsgbb,2026-05-10,14:30,1. FSV Mainz 05,1. FC Union Berlin,1.8,3.7,4.1,,,,,,,,,
