date,time,local_team,away_team,event_id,custom_id,h2h_all_matches,h2h_all_local_win_pct,h2h_all_draw_pct,h2h_all_away_win_pct,h2h_all_local_goals_avg,h2h_all_away_goals_avg,h2h_all_total_goals_avg,h2h_all_btts_pct,h2h_all_over25_pct,h2h_all_local_points_avg,h2h_all_away_points_avg,h2h_last10_matches,h2h_last10_local_win_pct,h2h_last10_draw_pct,h2h_last10_away_win_pct,h2h_last10_local_goals_avg,h2h_last10_away_goals_avg,h2h_last10_total_goals_avg,h2h_last10_btts_pct,h2h_last10_over25_pct,h2h_last10_local_points_avg,h2h_last10_away_points_avg,h2h_last5_matches,h2h_last5_local_win_pct,h2h_last5_draw_pct,h2h_last5_away_win_pct,h2h_last5_local_goals_avg,h2h_last5_away_goals_avg,h2h_last5_total_goals_avg,h2h_last5_btts_pct,h2h_last5_over25_pct,h2h_last5_local_points_avg,h2h_last5_away_points_avg,season_id,season_name
2025-08-15,16:00,Liverpool,Bournemouth,14025013,Uskb,0,0.0,0.0,0.0,0.0,0.0,0.0,0.0,0.0,0.0,0.0,0,0.0,0.0,0.0,0.0,0.0,0.0,0.0,0.0,0.0,0.0,0,0.0,0.0,0.0,0.0,0.0,0.0,0.0,0.0,0.0,0.0,76986,Premier League 25/26
2025-08-16,08:30,Aston Villa,Newcastle United,14025016,OP,56,0.21428571428571427,0.30357142857142855,0.48214285714285715,0.9285714285714286,1.4821428571428572,2.4107142857142856,0.4642857142857143,0.375,0.9464285714285714,1.75,10,0.4,0.1,0.5,1.4,1.8,3.2,0.4,0.6,1.3,1.6,5,0.4,0.0,0.6,1.8,2.4,4.2,0.6,1.0,1.2,1.8,76986,Premier League 25/26
2025-08-16,11:00,Tottenham Hotspur,Burnley,14025047,gsI,18,0.6666666666666666,0.16666666666666666,0.16666666666666666,2.111111111111111,0.7777777777777778,2.888888888888889,0.4444444444444444,0.5555555555555556,2.1666666666666665,0.6666666666666666,10,0.7,0.1,0.2,2.1,0.7,2.8,0.4,0.5,2.2,0.7,5,0.8,0.0,0.2,2.4,0.8,3.2,0.4,0.6,2.4,0.6,76986,Premier League 25/26
2025-08-16,11:00,Brighton,Fulham,14025020,FsT,10,0.1,0.4,0.5,0.9,1.7,2.6,0.6,0.6,0.7,1.9,10,0.1,0.4,0.5,0.9,1.7,2.6,0.6,0.6,0.7,1.9,5,0.2,0.2,0.6,0.8,1.8,2.6,0.6,0.6,0.8,2.0,76986,Premier League 25/26
2025-08-16,11:00,Sunderland,West Ham United,14025038,MsQ,30,0.23333333333333334,0.3333333333333333,0.43333333333333335,0.8666666666666667,1.1333333333333333,2.0,0.36666666666666664,0.3,1.0333333333333334,1.6333333333333333,10,0.1,0.5,0.4,1.0,1.1,2.1,0.5,0.4,0.8,1.7,5,0.0,0.4,0.6,0.8,1.4,2.2,0.4,0.4,0.4,2.2,76986,Premier League 25/26
2025-08-16,13:30,Wolves,Manchester City,14025050,dsr,22,0.22727272727272727,0.09090909090909091,0.6818181818181818,1.0454545454545454,2.3181818181818183,3.3636363636363638,0.5454545454545454,0.6818181818181818,0.7727272727272727,2.1363636363636362,10,0.1,0.0,0.9,0.7,2.8,3.5,0.6,0.8,0.3,2.7,5,0.2,0.0,0.8,0.8,2.4,3.2,0.6,0.8,0.6,2.4,76986,Premier League 25/26
2025-08-17,10:00,Chelsea,Crystal Palace,14025053,hN,32,0.75,0.125,0.125,2.03125,0.75,2.78125,0.5625,0.59375,2.375,0.5,10,0.8,0.2,0.0,2.2,0.6,2.8,0.6,0.6,2.6,0.2,5,0.6,0.4,0.0,1.6,0.8,2.4,0.8,0.4,2.2,0.4,76986,Premier League 25/26
2025-08-17,10:00,Nottingham Forest,Brentford,14025028,osab,6,0.16666666666666666,0.3333333333333333,0.5,1.3333333333333333,1.6666666666666667,3.0,0.6666666666666666,0.5,0.8333333333333334,1.8333333333333333,6,0.16666666666666666,0.3333333333333333,0.5,1.3333333333333333,1.6666666666666667,3.0,0.6666666666666666,0.5,0.8333333333333334,1.8333333333333333,5,0.2,0.2,0.6,1.2,1.6,2.8,0.6,0.4,0.8,2.0,76986,Premier League 25/26
2025-08-17,12:30,Manchester Utd,Arsenal,14025056,KR,66,0.3939393939393939,0.2878787878787879,0.3181818181818182,1.3484848484848484,1.1666666666666667,2.515151515151515,0.5303030303030303,0.45454545454545453,1.4696969696969697,1.2424242424242424,10,0.2,0.2,0.6,1.1,1.7,2.8,0.6,0.5,0.8,2.0,5,0.0,0.2,0.8,0.8,2.0,2.8,0.6,0.4,0.2,2.6,76986,Premier League 25/26
2025-08-18,16:00,Leeds United,Everton,14025059,JsY,30,0.26666666666666666,0.4,0.3333333333333333,0.9666666666666667,1.2333333333333334,2.2,0.3333333333333333,0.3,1.2,1.4,10,0.1,0.3,0.6,0.6,1.7,2.3,0.4,0.4,0.6,2.1,5,0.0,0.4,0.6,0.8,1.8,2.6,0.6,0.6,0.4,2.2,76986,Premier League 25/26
2025-08-22,16:00,West Ham United,Chelsea,14025088,MsN,58,0.27586206896551724,0.1724137931034483,0.5517241379310345,0.9310344827586207,1.7758620689655173,2.706896551724138,0.5172413793103449,0.5517241379310345,1.0,1.8275862068965518,10,0.2,0.1,0.7,0.9,2.1,3.0,0.5,0.7,0.7,2.2,5,0.2,0.2,0.6,1.0,2.4,3.4,0.6,0.8,0.8,2.0,76986,Premier League 25/26
2025-08-23,08:30,Manchester City,Tottenham Hotspur,14025083,rI,56,0.32142857142857145,0.17857142857142858,0.5,1.4107142857142858,1.4285714285714286,2.8392857142857144,0.5178571428571429,0.5357142857142857,1.1428571428571428,1.6785714285714286,10,0.4,0.1,0.5,1.5,1.6,3.1,0.3,0.5,1.3,1.6,5,0.4,0.2,0.4,1.2,1.6,2.8,0.2,0.4,1.4,1.4,76986,Premier League 25/26
2025-08-23,11:00,Brentford,Aston Villa,14025068,Psab,8,0.125,0.375,0.5,1.125,2.0,3.125,0.75,0.625,0.75,1.875,8,0.125,0.375,0.5,1.125,2.0,3.125,0.75,0.625,0.75,1.875,5,0.0,0.4,0.6,1.2,2.0,3.2,0.8,0.6,0.4,2.2,76986,Premier League 25/26
2025-08-23,11:00,Bournemouth,Wolves,14025062,dskb,10,0.3,0.2,0.5,0.9,1.1,2.0,0.4,0.3,1.1,1.7,10,0.3,0.2,0.5,0.9,1.1,2.0,0.4,0.3,1.1,1.7,5,0.6,0.0,0.4,1.4,1.0,2.4,0.4,0.4,1.8,1.2,76986,Premier League 25/26
2025-08-23,11:00,Burnley,Sunderland,14025071,gsQ,6,0.3333333333333333,0.3333333333333333,0.3333333333333333,1.3333333333333333,1.0,2.3333333333333335,0.5,0.5,1.3333333333333333,1.3333333333333333,6,0.3333333333333333,0.3333333333333333,0.3333333333333333,1.3333333333333333,1.0,2.3333333333333335,0.5,0.5,1.3333333333333333,1.3333333333333333,5,0.2,0.4,0.4,1.0,1.0,2.0,0.4,0.4,1.0,1.6,76986,Premier League 25/26
2025-08-23,13:30,Arsenal,Leeds United,14025065,JsR,30,0.5666666666666667,0.16666666666666666,0.26666666666666666,1.9333333333333333,1.0,2.933333333333333,0.5666666666666667,0.6666666666666666,1.8666666666666667,0.9666666666666667,10,0.8,0.1,0.1,3.0,1.0,4.0,0.7,0.8,2.5,0.4,5,1.0,0.0,0.0,3.0,1.0,4.0,0.8,0.8,3.0,0.0,76986,Premier League 25/26
2025-08-24,10:00,Everton,Brighton,14025077,FsY,16,0.4375,0.25,0.3125,1.625,1.3125,2.9375,0.5625,0.4375,1.5625,1.1875,10,0.4,0.3,0.3,1.7,1.5,3.2,0.6,0.5,1.5,1.2,5,0.4,0.4,0.2,1.6,1.2,2.8,0.6,0.4,1.6,1.0,76986,Premier League 25/26
2025-08-24,10:00,Crystal Palace,Nottingham Forest,14025074,hso,10,0.0,0.6,0.4,0.6,1.0,1.6,0.6,0.1,0.6,1.8,10,0.0,0.6,0.4,0.6,1.0,1.6,0.6,0.1,0.6,1.8,5,0.0,0.8,0.2,0.6,0.8,1.4,0.6,0.0,0.8,1.4,76986,Premier League 25/26
2025-08-24,12:30,Fulham,Manchester Utd,14025080,KsT,36,0.1111111111111111,0.16666666666666666,0.7222222222222222,0.9722222222222222,2.111111111111111,3.0833333333333335,0.5555555555555556,0.6388888888888888,0.5,2.3333333333333335,10,0.1,0.1,0.8,0.7,1.8,2.5,0.6,0.6,0.4,2.5,5,0.2,0.0,0.8,0.6,1.2,1.8,0.4,0.4,0.6,2.4,76986,Premier League 25/26
2025-08-25,16:00,Newcastle United,Liverpool,14147154,OU,0,0.0,0.0,0.0,0.0,0.0,0.0,0.0,0.0,0.0,0.0,0,0.0,0.0,0.0,0.0,0.0,0.0,0.0,0.0,0.0,0.0,0,0.0,0.0,0.0,0.0,0.0,0.0,0.0,0.0,0.0,0.0,76986,Premier League 25/26
2025-08-30,08:30,Chelsea,Fulham,14025097,NsT,36,0.5833333333333334,0.3333333333333333,0.08333333333333333,1.5833333333333333,0.7222222222222222,2.3055555555555554,0.5277777777777778,0.4166666666666667,2.0833333333333335,0.5833333333333334,10,0.7,0.1,0.2,1.4,0.6,2.0,0.4,0.4,2.2,0.7,5,0.6,0.2,0.2,1.2,0.6,1.8,0.4,0.4,2.0,0.8,76986,Premier League 25/26
2025-08-30,11:00,Manchester Utd,Burnley,14025106,gK,18,0.5555555555555556,0.3333333333333333,0.1111111111111111,1.5,0.6666666666666666,2.1666666666666665,0.3888888888888889,0.3333333333333333,2.0,0.6666666666666666,10,0.6,0.3,0.1,1.6,0.8,2.4,0.5,0.3,2.1,0.6,5,0.6,0.4,0.0,1.8,0.8,2.6,0.8,0.4,2.2,0.4,76986,Premier League 25/26
2025-08-30,11:00,Tottenham Hotspur,Bournemouth,14025115,Iskb,16,0.625,0.1875,0.1875,2.3125,0.875,3.1875,0.4375,0.625,2.0625,0.75,10,0.5,0.2,0.3,2.0,1.2,3.2,0.5,0.6,1.7,1.1,5,0.4,0.2,0.4,1.8,1.4,3.2,0.6,0.6,1.4,1.4,76986,Premier League 25/26
2025-08-30,11:00,Wolves,Everton,14025118,dsY,22,0.36363636363636365,0.36363636363636365,0.2727272727272727,1.2272727272727273,1.1818181818181819,2.409090909090909,0.5454545454545454,0.5,1.4545454545454546,1.1818181818181819,10,0.5,0.2,0.3,1.2,1.1,2.3,0.5,0.5,1.7,1.1,5,0.4,0.4,0.2,1.2,1.2,2.4,0.4,0.4,1.6,1.0,76986,Premier League 25/26
2025-08-30,11:00,Sunderland,Brentford,14025112,Qsab,0,0.0,0.0,0.0,0.0,0.0,0.0,0.0,0.0,0.0,0.0,0,0.0,0.0,0.0,0.0,0.0,0.0,0.0,0.0,0.0,0.0,0,0.0,0.0,0.0,0.0,0.0,0.0,0.0,0.0,0.0,0.0,76986,Premier League 25/26
2025-08-30,13:30,Leeds United,Newcastle United,14025100,JsO,28,0.25,0.32142857142857145,0.42857142857142855,1.3571428571428572,1.5,2.857142857142857,0.6071428571428571,0.5714285714285714,1.0714285714285714,1.6071428571428572,10,0.3,0.4,0.3,1.4,1.3,2.7,0.5,0.5,1.3,1.3,5,0.2,0.6,0.2,1.0,1.0,2.0,0.6,0.4,1.2,1.2,76986,Premier League 25/26
2025-08-31,10:00,Brighton,Manchester City,14025094,rsF,16,0.125,0.125,0.75,0.8125,2.6875,3.5,0.5625,0.75,0.5,2.375,10,0.2,0.2,0.6,1.1,2.3,3.4,0.7,0.8,0.8,2.0,5,0.2,0.4,0.4,1.2,2.0,3.2,0.8,0.8,1.0,1.6,76986,Premier League 25/26
2025-08-31,10:00,Nottingham Forest,West Ham United,14025109,osM,14,0.35714285714285715,0.14285714285714285,0.5,1.0,1.2857142857142858,2.2857142857142856,0.35714285714285715,0.42857142857142855,1.2142857142857142,1.6428571428571428,10,0.5,0.1,0.4,1.2,1.2,2.4,0.3,0.5,1.6,1.3,5,0.6,0.0,0.4,1.8,1.6,3.4,0.4,0.8,1.8,1.2,76986,Premier League 25/26
2025-08-31,12:30,Liverpool,Arsenal,14025103,HQfh,0,0.0,0.0,0.0,0.0,0.0,0.0,0.0,0.0,0.0,0.0,0,0.0,0.0,0.0,0.0,0.0,0.0,0.0,0.0,0.0,0.0,0,0.0,0.0,0.0,0.0,0.0,0.0,0.0,0.0,0.0,0.0,76986,Premier League 25/26
2025-08-31,15:00,Aston Villa,Crystal Palace,14025091,hP,26,0.34615384615384615,0.2692307692307692,0.38461538461538464,1.1538461538461537,1.1923076923076923,2.3461538461538463,0.46153846153846156,0.4230769230769231,1.3076923076923077,1.4230769230769231,10,0.4,0.2,0.4,1.6,2.0,3.6,0.7,0.8,1.4,1.4,5,0.4,0.2,0.4,1.4,2.4,3.8,0.6,0.8,1.4,1.4,76986,Premier League 25/26
2025-09-13,08:30,Arsenal,Nottingham Forest,14025124,osR,16,0.625,0.25,0.125,1.5,0.625,2.125,0.4375,0.4375,2.125,0.625,10,0.7,0.1,0.2,1.7,0.6,2.3,0.4,0.6,2.2,0.7,5,0.6,0.2,0.2,1.4,0.6,2.0,0.4,0.6,2.0,0.8,76986,Premier League 25/26
2025-09-13,11:00,Everton,Aston Villa,14025136,PY,60,0.23333333333333334,0.3,0.4666666666666667,1.1166666666666667,1.4666666666666666,2.5833333333333335,0.48333333333333334,0.5166666666666667,1.0,1.7,10,0.0,0.2,0.8,0.4,1.8,2.2,0.3,0.5,0.2,2.6,5,0.0,0.2,0.8,0.4,2.0,2.4,0.2,0.4,0.2,2.6,76986,Premier League 25/26
2025-09-13,11:00,Newcastle United,Wolves,14025145,dsO,20,0.35,0.55,0.1,1.6,1.05,2.65,0.85,0.5,1.6,0.85,10,0.5,0.4,0.1,1.7,0.9,2.6,0.7,0.6,1.9,0.7,5,0.8,0.2,0.0,2.4,0.8,3.2,0.6,1.0,2.6,0.2,76986,Premier League 25/26
2025-09-13,11:00,Bournemouth,Brighton,14025121,Fskb,12,0.4166666666666667,0.08333333333333333,0.5,1.6666666666666667,1.3333333333333333,3.0,0.5,0.6666666666666666,1.3333333333333333,1.5833333333333333,10,0.4,0.0,0.6,1.6,1.3,2.9,0.4,0.6,1.2,1.8,5,0.2,0.0,0.8,1.2,1.8,3.0,0.6,0.8,0.6,2.4,76986,Premier League 25/26
2025-09-13,11:00,Crystal Palace,Sunderland,14025133,hQ,8,0.375,0.25,0.375,1.625,1.75,3.375,0.625,0.75,1.375,1.375,8,0.375,0.25,0.375,1.625,1.75,3.375,0.625,0.75,1.375,1.375,5,0.4,0.2,0.4,1.8,2.0,3.8,0.6,0.8,1.4,1.4,76986,Premier League 25/26
2025-09-13,11:00,Fulham,Leeds United,14025139,JsT,10,0.5,0.1,0.4,1.5,1.4,2.9,0.5,0.5,1.6,1.3,10,0.5,0.1,0.4,1.5,1.4,2.9,0.5,0.5,1.6,1.3,5,0.6,0.0,0.4,2.2,1.8,4.0,0.8,0.8,1.8,1.2,76986,Premier League 25/26
2025-09-13,13:30,West Ham United,Tottenham Hotspur,14025148,IM,58,0.29310344827586204,0.2413793103448276,0.46551724137931033,1.1551724137931034,1.4827586206896552,2.6379310344827585,0.5517241379310345,0.4482758620689655,1.1206896551724137,1.6379310344827587,10,0.3,0.4,0.3,1.3,1.7,3.0,0.8,0.5,1.3,1.3,5,0.2,0.4,0.4,1.0,1.8,2.8,0.8,0.4,1.0,1.6,76986,Premier League 25/26
2025-09-13,16:00,Brentford,Chelsea,14025127,Nsab,8,0.375,0.375,0.25,1.375,0.75,2.125,0.375,0.375,1.5,1.125,8,0.375,0.375,0.25,1.375,0.75,2.125,0.375,0.375,1.5,1.125,5,0.4,0.4,0.2,1.4,0.8,2.2,0.4,0.4,1.6,1.0,76986,Premier League 25/26
2025-09-14,10:00,Burnley,Liverpool,14025130,gsU,0,0.0,0.0,0.0,0.0,0.0,0.0,0.0,0.0,0.0,0.0,0,0.0,0.0,0.0,0.0,0.0,0.0,0.0,0.0,0.0,0.0,0,0.0,0.0,0.0,0.0,0.0,0.0,0.0,0.0,0.0,0.0,76986,Premier League 25/26
2025-09-14,12:30,Manchester City,Manchester Utd,14025142,rK,56,0.35714285714285715,0.19642857142857142,0.44642857142857145,1.4464285714285714,1.3928571428571428,2.8392857142857144,0.5357142857142857,0.5357142857142857,1.2678571428571428,1.5357142857142858,10,0.5,0.2,0.3,2.0,1.1,3.1,0.5,0.6,1.7,1.1,5,0.4,0.2,0.4,1.6,1.0,2.6,0.6,0.8,1.4,1.4,76986,Premier League 25/26
2025-09-20,08:30,Liverpool,Everton,14025166,UsY,0,0.0,0.0,0.0,0.0,0.0,0.0,0.0,0.0,0.0,0.0,0,0.0,0.0,0.0,0.0,0.0,0.0,0.0,0.0,0.0,0.0,0,0.0,0.0,0.0,0.0,0.0,0.0,0.0,0.0,0.0,0.0,76986,Premier League 25/26
2025-09-20,11:00,Brighton,Tottenham Hotspur,14025157,FsI,16,0.375,0.0625,0.5625,1.375,1.375,2.75,0.5625,0.5625,1.1875,1.75,10,0.5,0.0,0.5,1.6,1.4,3.0,0.6,0.6,1.5,1.5,5,0.6,0.0,0.4,2.6,1.8,4.4,1.0,1.0,1.8,1.2,76986,Premier League 25/26
2025-09-20,11:00,West Ham United,Crystal Palace,14025175,hsM,28,0.35714285714285715,0.2857142857142857,0.35714285714285715,1.7142857142857142,1.6071428571428572,3.3214285714285716,0.7142857142857143,0.6071428571428571,1.3571428571428572,1.3571428571428572,10,0.3,0.3,0.4,1.8,2.1,3.9,0.8,0.6,1.2,1.5,5,0.2,0.2,0.6,1.6,2.4,4.0,0.6,0.4,0.8,2.0,76986,Premier League 25/26
2025-09-20,11:00,Burnley,Nottingham Forest,14025160,gso,2,0.0,0.5,0.5,1.0,1.5,2.5,1.0,0.5,0.5,2.0,2,0.0,0.5,0.5,1.0,1.5,2.5,1.0,0.5,0.5,2.0,2,0.0,0.5,0.5,1.0,1.5,2.5,1.0,0.5,0.5,2.0,76986,Premier League 25/26
2025-09-20,11:00,Wolves,Leeds United,14025178,dsJ,8,0.375,0.125,0.5,1.5,1.875,3.375,0.75,0.625,1.25,1.625,8,0.375,0.125,0.5,1.5,1.875,3.375,0.75,0.625,1.25,1.625,5,0.2,0.2,0.6,1.4,2.0,3.4,0.8,0.6,0.8,2.0,76986,Premier League 25/26
2025-09-20,13:30,Manchester Utd,Chelsea,14025169,mcYb,66,0.2878787878787879,0.45454545454545453,0.25757575757575757,1.2727272727272727,1.196969696969697,2.4696969696969697,0.5606060606060606,0.42424242424242425,1.3181818181818181,1.2272727272727273,10,0.2,0.6,0.2,1.3,1.1,2.4,0.7,0.3,1.2,1.2,5,0.4,0.2,0.4,2.0,1.6,3.6,0.8,0.6,1.4,1.4,76986,Premier League 25/26
2025-09-20,16:00,Fulham,Brentford,14025163,Tsab,6,0.5,0.16666666666666666,0.3333333333333333,1.6666666666666667,1.8333333333333333,3.5,0.6666666666666666,0.8333333333333334,1.6666666666666667,1.1666666666666667,6,0.5,0.16666666666666666,0.3333333333333333,1.6666666666666667,1.8333333333333333,3.5,0.6666666666666666,0.8333333333333334,1.6666666666666667,1.1666666666666667,5,0.4,0.2,0.4,1.4,1.8,3.2,0.6,0.8,1.4,1.4,76986,Premier League 25/26
2025-09-21,10:00,Bournemouth,Newcastle United,14025151,Okb,14,0.2857142857142857,0.42857142857142855,0.2857142857142857,1.5714285714285714,1.4285714285714286,3.0,0.7857142857142857,0.5714285714285714,1.2857142857142858,1.2857142857142858,10,0.2,0.5,0.3,1.6,1.6,3.2,0.9,0.6,1.1,1.4,5,0.4,0.6,0.0,2.0,1.0,3.0,0.8,0.4,1.8,0.6,76986,Premier League 25/26
2025-09-21,10:00,Sunderland,Aston Villa,14025172,nrqc,30,0.23333333333333334,0.43333333333333335,0.3333333333333333,0.7666666666666667,1.1666666666666667,1.9333333333333333,0.43333333333333335,0.3,1.1333333333333333,1.4333333333333333,10,0.1,0.5,0.4,0.8,1.7,2.5,0.4,0.5,0.8,1.7,5,0.2,0.4,0.4,1.0,1.6,2.6,0.4,0.6,1.0,1.6,76986,Premier League 25/26
2025-09-21,12:30,Arsenal,Manchester City,14025154,rsR,56,0.42857142857142855,0.25,0.32142857142857145,1.4285714285714286,1.2857142857142858,2.7142857142857144,0.4642857142857143,0.5535714285714286,1.5357142857142858,1.2142857142857142,10,0.2,0.2,0.6,1.1,1.9,3.0,0.5,0.6,0.8,2.0,5,0.4,0.4,0.2,1.8,1.4,3.2,0.6,0.6,1.6,1.0,76986,Premier League 25/26
2025-09-27,08:30,Brentford,Manchester Utd,14025184,Ksab,8,0.25,0.125,0.625,1.5,1.875,3.375,0.625,0.75,0.875,2.0,8,0.25,0.125,0.625,1.5,1.875,3.375,0.625,0.75,0.875,2.0,5,0.2,0.2,0.6,1.4,1.8,3.2,0.8,0.6,0.8,2.0,76986,Premier League 25/26
2025-09-27,11:00,Manchester City,Burnley,14025199,gsr,18,0.7777777777777778,0.16666666666666666,0.05555555555555555,2.8333333333333335,0.6666666666666666,3.5,0.4444444444444444,0.6666666666666666,2.5,0.3333333333333333,10,1.0,0.0,0.0,3.2,0.2,3.4,0.2,0.6,3.0,0.0,5,1.0,0.0,0.0,2.4,0.2,2.6,0.2,0.4,3.0,0.0,76986,Premier League 25/26
2025-09-27,11:00,Crystal Palace,Liverpool,14025190,hsU,0,0.0,0.0,0.0,0.0,0.0,0.0,0.0,0.0,0.0,0.0,0,0.0,0.0,0.0,0.0,0.0,0.0,0.0,0.0,0.0,0.0,0,0.0,0.0,0.0,0.0,0.0,0.0,0.0,0.0,0.0,0.0,76986,Premier League 25/26
2025-09-27,11:00,Chelsea,Brighton,14025187,FsN,16,0.5625,0.25,0.1875,1.875,1.1875,3.0625,0.625,0.625,1.9375,0.8125,10,0.4,0.3,0.3,1.6,1.7,3.3,0.8,0.7,1.5,1.2,5,0.6,0.0,0.4,2.0,2.0,4.0,0.8,1.0,1.8,1.2,76986,Premier League 25/26
2025-09-27,11:00,Leeds United,Bournemouth,14025196,Jskb,2,0.5,0.0,0.5,2.5,3.5,6.0,1.0,1.0,1.5,1.5,2,0.5,0.0,0.5,2.5,3.5,6.0,1.0,1.0,1.5,1.5,2,0.5,0.0,0.5,2.5,3.5,6.0,1.0,1.0,1.5,1.5,76986,Premier League 25/26
2025-09-27,13:30,Nottingham Forest,Sunderland,14025205,osQ,2,0.0,0.5,0.5,1.0,2.5,3.5,1.0,0.5,0.5,2.0,2,0.0,0.5,0.5,1.0,2.5,3.5,1.0,0.5,0.5,2.0,2,0.0,0.5,0.5,1.0,2.5,3.5,1.0,0.5,0.5,2.0,76986,Premier League 25/26
2025-09-27,16:00,Tottenham Hotspur,Wolves,14025208,dsI,22,0.4090909090909091,0.18181818181818182,0.4090909090909091,1.5909090909090908,1.4545454545454546,3.0454545454545454,0.5909090909090909,0.5,1.4090909090909092,1.4090909090909092,10,0.3,0.2,0.5,1.1,1.4,2.5,0.5,0.4,1.1,1.7,5,0.0,0.2,0.8,1.2,2.2,3.4,0.8,0.8,0.2,2.6,76986,Premier League 25/26
2025-09-28,10:00,Aston Villa,Fulham,14025181,PsT,34,0.47058823529411764,0.3235294117647059,0.20588235294117646,1.4411764705882353,0.9411764705882353,2.3823529411764706,0.5294117647058824,0.47058823529411764,1.7352941176470589,0.9411764705882353,10,0.7,0.0,0.3,1.7,1.1,2.8,0.5,0.7,2.1,0.9,5,1.0,0.0,0.0,2.0,0.6,2.6,0.6,0.6,3.0,0.0,76986,Premier League 25/26
2025-09-28,12:30,Newcastle United,Arsenal,14025202,Ardc,60,0.21666666666666667,0.2,0.5833333333333334,0.75,1.5833333333333333,2.3333333333333335,0.3333333333333333,0.36666666666666664,0.85,1.95,10,0.3,0.1,0.6,0.5,1.4,1.9,0.1,0.2,1.0,1.9,5,0.4,0.0,0.6,0.6,1.4,2.0,0.2,0.2,1.2,1.8,76986,Premier League 25/26
2025-09-29,16:00,Everton,West Ham United,14311407,MY,58,0.5,0.27586206896551724,0.22413793103448276,1.5862068965517242,0.9137931034482759,2.5,0.4827586206896552,0.4482758620689655,1.7758620689655173,0.9482758620689655,10,0.3,0.2,0.5,0.6,1.0,1.6,0.3,0.2,1.1,1.7,5,0.2,0.4,0.4,0.6,1.2,1.8,0.4,0.2,1.0,1.6,76986,Premier League 25/26
2025-10-03,16:00,Bournemouth,Fulham,14025211,Tskb,8,0.5,0.25,0.25,1.75,1.125,2.875,0.5,0.75,1.75,1.0,8,0.5,0.25,0.25,1.75,1.125,2.875,0.5,0.75,1.75,1.0,5,0.6,0.2,0.2,1.8,1.2,3.0,0.6,0.8,2.0,0.8,76986,Premier League 25/26
2025-10-04,08:30,Leeds United,Tottenham Hotspur,14025225,IsJ,30,0.36666666666666664,0.16666666666666666,0.4666666666666667,1.3666666666666667,1.6,2.966666666666667,0.5666666666666667,0.6,1.2666666666666666,1.5666666666666667,10,0.1,0.0,0.9,1.0,2.5,3.5,0.6,0.8,0.3,2.7,5,0.2,0.0,0.8,1.6,3.0,4.6,0.8,1.0,0.6,2.4,76986,Premier League 25/26
2025-10-04,11:00,Manchester Utd,Sunderland,14025227,KsQ,32,0.71875,0.1875,0.09375,1.90625,0.59375,2.5,0.4375,0.5625,2.34375,0.46875,10,0.7,0.1,0.2,1.9,0.7,2.6,0.5,0.6,2.2,0.7,5,0.8,0.0,0.2,2.4,0.6,3.0,0.4,0.8,2.4,0.6,76986,Premier League 25/26
2025-10-04,11:00,Arsenal,West Ham United,14025214,MR,58,0.6379310344827587,0.1896551724137931,0.1724137931034483,1.896551724137931,0.7931034482758621,2.689655172413793,0.43103448275862066,0.5172413793103449,2.103448275862069,0.7068965517241379,10,0.6,0.2,0.2,2.5,1.3,3.8,0.6,0.7,2.0,0.8,5,0.4,0.2,0.4,2.6,1.4,4.0,0.4,0.6,1.4,1.4,76986,Premier League 25/26
2025-10-04,13:30,Chelsea,Liverpool,14025221,NsU,0,0.0,0.0,0.0,0.0,0.0,0.0,0.0,0.0,0.0,0.0,0,0.0,0.0,0.0,0.0,0.0,0.0,0.0,0.0,0.0,0.0,0,0.0,0.0,0.0,0.0,0.0,0.0,0.0,0.0,0.0,0.0,76986,Premier League 25/26
2025-10-05,10:00,Newcastle United,Nottingham Forest,14025229,osO,14,0.7142857142857143,0.21428571428571427,0.07142857142857142,2.0714285714285716,1.0,3.0714285714285716,0.6428571428571429,0.6428571428571429,2.357142857142857,0.42857142857142855,10,0.8,0.1,0.1,2.3,1.1,3.4,0.6,0.7,2.5,0.4,5,0.8,0.0,0.2,2.6,2.0,4.6,1.0,1.0,2.4,0.6,76986,Premier League 25/26
2025-10-05,10:00,Aston Villa,Burnley,14025217,gsP,12,0.4166666666666667,0.4166666666666667,0.16666666666666666,1.9166666666666667,1.3333333333333333,3.25,0.8333333333333334,0.5833333333333334,1.6666666666666667,0.9166666666666666,10,0.4,0.4,0.2,1.7,1.3,3.0,0.8,0.6,1.6,1.0,5,0.6,0.2,0.2,2.4,1.6,4.0,1.0,0.8,2.0,0.8,76986,Premier League 25/26
2025-10-05,10:00,Wolves,Brighton,14025231,dsF,14,0.14285714285714285,0.42857142857142855,0.42857142857142855,0.9285714285714286,1.9285714285714286,2.857142857142857,0.42857142857142855,0.5714285714285714,0.8571428571428571,1.7142857142857142,10,0.2,0.3,0.5,1.1,2.4,3.5,0.5,0.7,0.9,1.8,5,0.0,0.4,0.6,0.6,2.8,3.4,0.4,0.6,0.4,2.2,76986,Premier League 25/26
2025-10-05,10:00,Everton,Crystal Palace,14025223,hY,32,0.5,0.3125,0.1875,1.625,1.0,2.625,0.59375,0.53125,1.8125,0.875,10,0.6,0.3,0.1,1.8,1.2,3.0,0.8,0.7,2.1,0.6,5,0.6,0.4,0.0,1.6,1.0,2.6,0.8,0.6,2.2,0.4,76986,Premier League 25/26
2025-10-05,12:30,Brentford,Manchester City,14025219,rsab,8,0.25,0.125,0.625,0.875,1.5,2.375,0.5,0.5,0.875,2.0,8,0.25,0.125,0.625,0.875,1.5,2.375,0.5,0.5,0.875,2.0,5,0.2,0.2,0.6,1.0,1.6,2.6,0.6,0.6,0.8,2.0,76986,Premier League 25/26
2025-10-18,08:30,Nottingham Forest,Chelsea,14025245,osN,16,0.25,0.375,0.375,1.0625,1.0,2.0625,0.4375,0.3125,1.125,1.5,10,0.2,0.4,0.4,1.2,1.4,2.6,0.7,0.4,1.0,1.6,5,0.2,0.4,0.4,1.2,1.4,2.6,0.6,0.4,1.0,1.6,76986,Premier League 25/26
2025-10-18,11:00,Manchester City,Everton,14025243,rY,56,0.5,0.17857142857142858,0.32142857142857145,1.5892857142857142,1.0178571428571428,2.607142857142857,0.4642857142857143,0.44642857142857145,1.6785714285714286,1.1428571428571428,10,0.8,0.2,0.0,2.4,0.4,2.8,0.4,0.5,2.6,0.2,5,0.8,0.2,0.0,2.2,0.4,2.6,0.4,0.4,2.6,0.2,76986,Premier League 25/26
2025-10-18,11:00,Brighton,Newcastle United,14025233,FsO,16,0.375,0.5,0.125,1.125,0.6875,1.8125,0.4375,0.3125,1.625,0.875,10,0.4,0.4,0.2,1.5,1.0,2.5,0.6,0.5,1.6,1.0,5,0.4,0.4,0.2,1.4,1.4,2.8,0.8,0.4,1.6,1.0,76986,Premier League 25/26
2025-10-18,11:00,Crystal Palace,Bournemouth,14025237,hkb,16,0.375,0.375,0.25,1.3125,0.9375,2.25,0.375,0.3125,1.5,1.125,10,0.5,0.2,0.3,1.3,0.8,2.1,0.2,0.2,1.7,1.1,5,0.2,0.4,0.4,0.4,0.6,1.0,0.0,0.0,1.0,1.6,76986,Premier League 25/26
2025-10-18,11:00,Sunderland,Wolves,14025247,dsQ,6,0.16666666666666666,0.16666666666666666,0.6666666666666666,1.6666666666666667,2.0,3.6666666666666665,0.8333333333333334,0.8333333333333334,0.6666666666666666,2.1666666666666665,6,0.16666666666666666,0.16666666666666666,0.6666666666666666,1.6666666666666667,2.0,3.6666666666666665,0.8333333333333334,0.8333333333333334,0.6666666666666666,2.1666666666666665,5,0.0,0.2,0.8,1.0,2.0,3.0,0.8,0.8,0.2,2.6,76986,Premier League 25/26
2025-10-18,11:00,Burnley,Leeds United,14025235,gsJ,4,0.0,0.25,0.75,0.5,2.25,2.75,0.5,0.5,0.25,2.5,4,0.0,0.25,0.75,0.5,2.25,2.75,0.5,0.5,0.25,2.5,4,0.0,0.25,0.75,0.5,2.25,2.75,0.5,0.5,0.25,2.5,76986,Premier League 25/26
2025-10-18,13:30,Fulham,Arsenal,14025239,RsT,36,0.1111111111111111,0.2222222222222222,0.6666666666666666,0.8055555555555556,2.111111111111111,2.9166666666666665,0.5833333333333334,0.6666666666666666,0.5555555555555556,2.2222222222222223,10,0.1,0.3,0.6,1.0,2.4,3.4,0.8,0.8,0.6,2.1,5,0.2,0.4,0.4,1.2,1.8,3.0,0.8,0.8,1.0,1.6,76986,Premier League 25/26
2025-10-19,10:00,Tottenham Hotspur,Aston Villa,14025249,IP,60,0.45,0.23333333333333334,0.31666666666666665,1.4833333333333334,1.0666666666666667,2.55,0.5,0.4666666666666667,1.5833333333333333,1.1833333333333333,10,0.5,0.0,0.5,1.9,1.2,3.1,0.5,0.7,1.5,1.5,5,0.4,0.0,0.6,2.0,1.4,3.4,0.6,0.8,1.2,1.8,76986,Premier League 25/26
2025-10-19,12:30,Liverpool,Manchester Utd,14025241,KU,0,0.0,0.0,0.0,0.0,0.0,0.0,0.0,0.0,0.0,0.0,0,0.0,0.0,0.0,0.0,0.0,0.0,0.0,0.0,0.0,0.0,0,0.0,0.0,0.0,0.0,0.0,0.0,0.0,0.0,0.0,0.0,76986,Premier League 25/26
2025-10-20,16:00,West Ham United,Brentford,14504827,Msab,8,0.125,0.125,0.75,1.0,1.875,2.875,0.5,0.375,0.5,2.375,8,0.125,0.125,0.75,1.0,1.875,2.875,0.5,0.375,0.5,2.375,5,0.2,0.2,0.6,1.4,1.8,3.2,0.6,0.4,0.8,2.0,76986,Premier League 25/26
2025-10-24,16:00,Leeds United,West Ham United,14025265,JsM,26,0.5769230769230769,0.19230769230769232,0.23076923076923078,1.6153846153846154,0.9615384615384616,2.576923076923077,0.38461538461538464,0.5,1.9230769230769231,0.8846153846153846,10,0.4,0.2,0.4,1.6,1.6,3.2,0.6,0.7,1.4,1.4,5,0.2,0.2,0.6,1.4,2.2,3.6,0.8,0.8,0.8,2.0,76986,Premier League 25/26
2025-10-25,11:00,Chelsea,Sunderland,14025261,NsQ,32,0.71875,0.09375,0.1875,2.40625,1.21875,3.625,0.5625,0.75,2.25,0.65625,10,0.7,0.1,0.2,2.4,1.3,3.7,0.8,0.8,2.2,0.7,5,0.8,0.0,0.2,2.8,1.2,4.0,0.8,0.8,2.4,0.6,76986,Premier League 25/26
2025-10-25,11:00,Newcastle United,Fulham,14025269,OsT,34,0.4117647058823529,0.20588235294117646,0.38235294117647056,1.3529411764705883,1.1470588235294117,2.5,0.5294117647058824,0.47058823529411764,1.4411764705882353,1.3529411764705883,10,0.6,0.2,0.2,1.8,0.7,2.5,0.4,0.5,2.0,0.8,5,0.6,0.0,0.4,1.4,1.0,2.4,0.4,0.6,1.8,1.2,76986,Premier League 25/26
2025-10-25,13:30,Manchester Utd,Brighton,14025267,FsK,16,0.5,0.0,0.5,1.5,1.5,3.0,0.5625,0.6875,1.5,1.5,10,0.4,0.0,0.6,1.3,1.8,3.1,0.6,0.7,1.2,1.8,5,0.2,0.0,0.8,1.0,1.8,2.8,0.6,0.6,0.6,2.4,76986,Premier League 25/26
2025-10-25,16:00,Brentford,Liverpool,14025259,Usab,0,0.0,0.0,0.0,0.0,0.0,0.0,0.0,0.0,0.0,0.0,0,0.0,0.0,0.0,0.0,0.0,0.0,0.0,0.0,0.0,0.0,0,0.0,0.0,0.0,0.0,0.0,0.0,0.0,0.0,0.0,0.0,76986,Premier League 25/26
2025-10-26,11:00,Aston Villa,Manchester City,14025257,rP,50,0.18,0.2,0.62,0.94,2.0,2.94,0.56,0.56,0.74,2.06,10,0.2,0.1,0.7,1.1,2.0,3.1,0.8,0.7,0.7,2.2,5,0.4,0.0,0.6,1.2,2.0,3.2,0.8,0.8,1.2,1.8,76986,Premier League 25/26
2025-10-26,11:00,Arsenal,Crystal Palace,14025255,hsR,32,0.59375,0.28125,0.125,2.09375,1.03125,3.125,0.59375,0.65625,2.0625,0.65625,10,0.6,0.3,0.1,2.4,1.0,3.4,0.5,0.7,2.1,0.6,5,0.8,0.2,0.0,3.4,0.8,4.2,0.6,0.8,2.6,0.2,76986,Premier League 25/26
2025-10-26,11:00,Bournemouth,Nottingham Forest,14025253,oskb,6,0.5,0.5,0.0,2.3333333333333335,1.1666666666666667,3.5,0.8333333333333334,0.5,2.0,0.5,6,0.5,0.5,0.0,2.3333333333333335,1.1666666666666667,3.5,0.8333333333333334,0.5,2.0,0.5,5,0.4,0.6,0.0,2.2,1.0,3.2,0.8,0.4,1.8,0.6,76986,Premier League 25/26
2025-10-26,11:00,Wolves,Burnley,14025271,dsg,12,0.3333333333333333,0.3333333333333333,0.3333333333333333,0.8333333333333334,1.0833333333333333,1.9166666666666667,0.4166666666666667,0.25,1.3333333333333333,1.3333333333333333,10,0.2,0.4,0.4,0.6,1.2,1.8,0.4,0.2,1.0,1.6,5,0.2,0.4,0.4,0.4,1.2,1.6,0.2,0.2,1.0,1.6,76986,Premier League 25/26
2025-10-26,13:30,Everton,Tottenham Hotspur,14025263,UwXh,66,0.15151515151515152,0.3787878787878788,0.4696969696969697,0.9696969696969697,1.621212121212121,2.590909090909091,0.5303030303030303,0.48484848484848486,0.8333333333333334,1.7878787878787878,10,0.2,0.4,0.4,1.0,2.0,3.0,0.5,0.6,1.0,1.6,5,0.2,0.4,0.4,1.4,2.2,3.6,0.8,0.8,1.0,1.6,76986,Premier League 25/26
2025-11-01,12:00,Nottingham Forest,Manchester Utd,14025285,osK,16,0.3125,0.0625,0.625,0.875,2.5,3.375,0.4375,0.625,1.0,1.9375,10,0.3,0.0,0.7,1.0,2.9,3.9,0.5,0.8,0.9,2.1,5,0.6,0.0,0.4,1.6,1.6,3.2,0.6,0.6,1.8,1.2,76986,Premier League 25/26
2025-11-01,12:00,Burnley,Arsenal,14025275,gsR,18,0.05555555555555555,0.16666666666666666,0.7777777777777778,0.4444444444444444,1.9444444444444444,2.388888888888889,0.3888888888888889,0.5,0.3333333333333333,2.5,10,0.1,0.3,0.6,0.6,1.8,2.4,0.5,0.5,0.6,2.1,5,0.0,0.4,0.6,0.4,2.0,2.4,0.4,0.4,0.4,2.2,76986,Premier League 25/26
2025-11-01,12:00,Brighton,Leeds United,14025273,FsJ,6,0.5,0.5,0.0,1.1666666666666667,0.5,1.6666666666666667,0.3333333333333333,0.16666666666666666,2.0,0.5,6,0.5,0.5,0.0,1.1666666666666667,0.5,1.6666666666666667,0.3333333333333333,0.16666666666666666,2.0,0.5,5,0.4,0.6,0.0,1.2,0.6,1.8,0.4,0.2,1.8,0.6,76986,Premier League 25/26
2025-11-01,12:00,Crystal Palace,Brentford,14025277,hsab,8,0.125,0.625,0.25,1.0,1.0,2.0,0.75,0.375,1.0,1.375,8,0.125,0.625,0.25,1.0,1.0,2.0,0.75,0.375,1.0,1.375,5,0.2,0.4,0.4,1.4,1.4,2.8,1.0,0.6,1.0,1.6,76986,Premier League 25/26
2025-11-01,12:00,Fulham,Wolves,14025279,dsT,18,0.2222222222222222,0.3333333333333333,0.4444444444444444,1.0,1.2222222222222223,2.2222222222222223,0.5,0.3888888888888889,1.0,1.6666666666666667,10,0.2,0.3,0.5,0.9,1.4,2.3,0.6,0.4,0.9,1.8,5,0.4,0.2,0.4,1.6,2.0,3.6,1.0,0.8,1.4,1.4,76986,Premier League 25/26
2025-11-01,14:30,Tottenham Hotspur,Chelsea,14025289,IN,66,0.12121212121212122,0.30303030303030304,0.5757575757575758,0.9242424242424242,1.8181818181818181,2.742424242424242,0.5,0.48484848484848486,0.6666666666666666,2.0303030303030303,10,0.1,0.2,0.7,0.8,1.9,2.7,0.3,0.4,0.5,2.3,5,0.2,0.0,0.8,1.2,2.2,3.4,0.4,0.4,0.6,2.4,76986,Premier League 25/26
2025-11-01,17:00,Liverpool,Aston Villa,14025281,PU,0,0.0,0.0,0.0,0.0,0.0,0.0,0.0,0.0,0.0,0.0,0,0.0,0.0,0.0,0.0,0.0,0.0,0.0,0.0,0.0,0.0,0,0.0,0.0,0.0,0.0,0.0,0.0,0.0,0.0,0.0,0.0,76986,Premier League 25/26
2025-11-02,11:00,West Ham United,Newcastle United,14025291,MO,54,0.2962962962962963,0.24074074074074073,0.46296296296296297,1.2777777777777777,1.6666666666666667,2.9444444444444446,0.48148148148148145,0.5555555555555556,1.1296296296296295,1.6296296296296295,10,0.2,0.3,0.5,1.6,2.1,3.7,0.7,0.5,0.9,1.8,5,0.2,0.2,0.6,1.6,2.4,4.0,0.6,0.6,0.8,2.0,76986,Premier League 25/26
2025-11-02,13:30,Manchester City,Bournemouth,14025283,rkb,16,0.9375,0.0,0.0625,3.0625,0.625,3.6875,0.5625,0.8125,2.8125,0.1875,10,0.9,0.0,0.1,2.8,0.8,3.6,0.7,0.8,2.7,0.3,5,0.8,0.0,0.2,3.0,1.0,4.0,0.8,0.8,2.4,0.6,76986,Premier League 25/26
2025-11-03,17:00,Sunderland,Everton,14723615,QY,32,0.3125,0.15625,0.53125,1.0,1.71875,2.71875,0.34375,0.46875,1.09375,1.75,10,0.4,0.1,0.5,1.1,1.5,2.6,0.3,0.4,1.3,1.6,5,0.4,0.0,0.6,1.4,2.2,3.6,0.2,0.6,1.2,1.8,76986,Premier League 25/26
2025-11-08,09:30,Tottenham Hotspur,Manchester Utd,14025057,IsK,66,0.19696969696969696,0.24242424242424243,0.5606060606060606,1.0454545454545454,1.621212121212121,2.6666666666666665,0.4696969696969697,0.5303030303030303,0.8333333333333334,1.9242424242424243,10,0.4,0.2,0.4,1.9,1.6,3.5,0.5,0.7,1.4,1.4,5,0.6,0.4,0.0,2.0,0.8,2.8,0.4,0.6,2.2,0.4,76986,Premier League 25/26
2025-11-08,12:00,West Ham United,Burnley,14025060,gsM,18,0.5,0.2222222222222222,0.2777777777777778,1.4444444444444444,1.3333333333333333,2.7777777777777777,0.5555555555555556,0.5555555555555556,1.7222222222222223,1.0555555555555556,10,0.4,0.3,0.3,1.2,1.3,2.5,0.5,0.5,1.5,1.2,5,0.4,0.6,0.0,1.4,1.0,2.4,0.8,0.6,1.8,0.6,76986,Premier League 25/26
2025-11-08,12:00,Everton,Fulham,14025043,TsY,36,0.5,0.16666666666666666,0.3333333333333333,1.5,0.9722222222222222,2.4722222222222223,0.4166666666666667,0.4722222222222222,1.6666666666666667,1.1666666666666667,10,0.3,0.3,0.4,1.1,1.2,2.3,0.4,0.4,1.2,1.5,5,0.2,0.4,0.4,1.0,1.2,2.2,0.6,0.4,1.0,1.6,76986,Premier League 25/26
2025-11-08,14:30,Sunderland,Arsenal,14025054,QR,32,0.09375,0.3125,0.59375,0.59375,1.71875,2.3125,0.4375,0.4375,0.59375,2.09375,10,0.0,0.3,0.7,0.4,1.9,2.3,0.4,0.4,0.3,2.4,5,0.0,0.4,0.6,0.4,1.8,2.2,0.4,0.4,0.4,2.2,76986,Premier League 25/26
2025-11-08,17:00,Chelsea,Wolves,14025023,dsN,22,0.5454545454545454,0.18181818181818182,0.2727272727272727,2.272727272727273,1.0454545454545454,3.3181818181818183,0.5,0.6363636363636364,1.8181818181818181,1.0,10,0.3,0.3,0.4,1.8,1.4,3.2,0.6,0.7,1.2,1.5,5,0.4,0.0,0.6,2.4,2.0,4.4,0.8,0.8,1.2,1.8,76986,Premier League 25/26
2025-11-09,11:00,Brentford,Newcastle United,14025017,Osab,8,0.125,0.125,0.75,1.5,2.625,4.125,0.75,0.75,0.5,2.375,8,0.125,0.125,0.75,1.5,2.625,4.125,0.75,0.75,0.5,2.375,5,0.2,0.0,0.8,1.6,2.2,3.8,0.8,0.8,0.6,2.4,76986,Premier League 25/26
2025-11-09,11:00,Aston Villa,Bournemouth,14025014,Pkb,10,0.4,0.2,0.4,1.4,1.2,2.6,0.6,0.6,1.4,1.4,10,0.4,0.2,0.4,1.4,1.2,2.6,0.6,0.6,1.4,1.4,5,0.6,0.4,0.0,2.0,0.8,2.8,0.6,0.6,2.2,0.4,76986,Premier League 25/26
2025-11-09,11:00,Crystal Palace,Brighton,14025033,hsF,16,0.3125,0.4375,0.25,1.25,1.3125,2.5625,0.8125,0.4375,1.375,1.1875,10,0.3,0.5,0.2,1.3,1.3,2.6,0.9,0.4,1.4,1.1,5,0.4,0.2,0.4,1.4,1.6,3.0,0.8,0.6,1.4,1.4,76986,Premier League 25/26
2025-11-09,11:00,Nottingham Forest,Leeds United,14025051,osJ,12,0.3333333333333333,0.25,0.4166666666666667,1.3333333333333333,1.1666666666666667,2.5,0.5833333333333334,0.4166666666666667,1.25,1.5,10,0.3,0.3,0.4,1.2,1.2,2.4,0.6,0.4,1.2,1.5,5,0.2,0.4,0.4,1.0,1.4,2.4,0.8,0.4,1.0,1.6,76986,Premier League 25/26
2025-11-09,13:30,Manchester City,Liverpool,14025048,rU,0,0.0,0.0,0.0,0.0,0.0,0.0,0.0,0.0,0.0,0.0,0,0.0,0.0,0.0,0.0,0.0,0.0,0.0,0.0,0.0,0.0,0,0.0,0.0,0.0,0.0,0.0,0.0,0.0,0.0,0.0,0.0,76986,Premier League 25/26
2025-11-22,09:30,Burnley,Chelsea,14025072,gsN,18,0.05555555555555555,0.2777777777777778,0.6666666666666666,0.8888888888888888,2.5555555555555554,3.4444444444444446,0.6111111111111112,0.7777777777777778,0.4444444444444444,2.2777777777777777,10,0.0,0.3,0.7,0.8,2.9,3.7,0.5,0.8,0.3,2.4,5,0.0,0.4,0.6,0.8,2.6,3.4,0.6,0.6,0.4,2.2,76986,Premier League 25/26
2025-11-22,12:00,Liverpool,Nottingham Forest,14025081,osU,0,0.0,0.0,0.0,0.0,0.0,0.0,0.0,0.0,0.0,0.0,0,0.0,0.0,0.0,0.0,0.0,0.0,0.0,0.0,0.0,0.0,0,0.0,0.0,0.0,0.0,0.0,0.0,0.0,0.0,0.0,0.0,76986,Premier League 25/26
2025-11-22,12:00,Bournemouth,West Ham United,14025063,Mkb,16,0.25,0.4375,0.3125,1.4375,1.9375,3.375,0.6875,0.5625,1.1875,1.375,10,0.2,0.5,0.3,1.1,1.8,2.9,0.6,0.5,1.1,1.4,5,0.0,0.8,0.2,1.0,1.8,2.8,0.8,0.4,0.8,1.4,76986,Premier League 25/26
2025-11-22,12:00,Brighton,Brentford,14025069,Fsab,8,0.375,0.375,0.25,1.25,1.25,2.5,0.375,0.375,1.5,1.125,8,0.375,0.375,0.25,1.25,1.25,2.5,0.375,0.375,1.5,1.125,5,0.2,0.6,0.2,1.4,1.6,3.0,0.6,0.6,1.2,1.2,76986,Premier League 25/26
2025-11-22,12:00,Wolves,Crystal Palace,14025090,dsh,14,0.2857142857142857,0.14285714285714285,0.5714285714285714,1.1428571428571428,1.5714285714285714,2.7142857142857144,0.42857142857142855,0.35714285714285715,1.0,1.8571428571428572,10,0.2,0.1,0.7,1.2,1.9,3.1,0.5,0.5,0.7,2.2,5,0.2,0.2,0.6,1.8,2.4,4.2,0.8,0.8,0.8,2.0,76986,Premier League 25/26
2025-11-22,12:00,Fulham,Sunderland,14025075,QsT,20,0.4,0.35,0.25,1.15,0.95,2.1,0.45,0.45,1.55,1.1,10,0.4,0.4,0.2,1.1,1.0,2.1,0.4,0.5,1.6,1.0,5,0.4,0.2,0.4,1.4,2.0,3.4,0.8,0.8,1.4,1.4,76986,Premier League 25/26
2025-11-22,14:30,Newcastle United,Manchester City,14025087,rO,50,0.18,0.18,0.64,0.92,2.1,3.02,0.42,0.56,0.72,2.1,10,0.0,0.2,0.8,0.9,2.9,3.8,0.4,0.6,0.2,2.6,5,0.0,0.2,0.8,0.6,2.2,2.8,0.4,0.4,0.2,2.6,76986,Premier League 25/26
2025-11-23,11:00,Leeds United,Aston Villa,14025078,JsP,30,0.23333333333333334,0.4,0.36666666666666664,0.8333333333333334,1.0,1.8333333333333333,0.36666666666666664,0.3,1.1,1.5,10,0.2,0.4,0.4,1.0,1.2,2.2,0.3,0.5,1.0,1.6,5,0.0,0.4,0.6,0.8,1.8,2.6,0.4,0.6,0.4,2.2,76986,Premier League 25/26
2025-11-23,13:30,Arsenal,Tottenham Hotspur,14025066,IsR,66,0.42424242424242425,0.3333333333333333,0.24242424242424243,1.5606060606060606,1.196969696969697,2.757575757575758,0.6363636363636364,0.5,1.606060606060606,1.0606060606060606,10,0.7,0.1,0.2,1.8,1.3,3.1,0.6,0.7,2.2,0.7,5,0.8,0.2,0.0,2.0,1.0,3.0,0.6,0.6,2.6,0.2,76986,Premier League 25/26
2025-11-24,17:00,Manchester Utd,Everton,14723574,KsY,66,0.5909090909090909,0.25757575757575757,0.15151515151515152,1.8181818181818181,0.9393939393939394,2.757575757575758,0.4393939393939394,0.4393939393939394,2.0303030303030303,0.7121212121212122,10,0.6,0.3,0.1,2.2,0.9,3.1,0.5,0.6,2.1,0.6,5,0.8,0.2,0.0,2.6,0.4,3.0,0.2,0.6,2.6,0.2,76986,Premier League 25/26
2025-11-29,12:00,Manchester City,Leeds United,14025108,rsJ,20,0.4,0.3,0.3,1.6,1.15,2.75,0.5,0.55,1.5,1.2,10,0.5,0.3,0.2,2.2,1.1,3.3,0.7,0.7,1.8,0.9,5,0.8,0.0,0.2,3.4,0.8,4.2,0.6,1.0,2.4,0.6,76986,Premier League 25/26
2025-11-29,12:00,Sunderland,Bournemouth,14025114,Qkb,4,0.25,0.25,0.5,0.75,1.25,2.0,0.5,0.25,1.0,1.75,4,0.25,0.25,0.5,0.75,1.25,2.0,0.5,0.25,1.0,1.75,4,0.25,0.25,0.5,0.75,1.25,2.0,0.5,0.25,1.0,1.75,76986,Premier League 25/26
2025-11-29,12:00,Brentford,Burnley,14025096,gsab,4,0.5,0.0,0.5,1.75,1.25,3.0,0.5,0.75,1.5,1.5,4,0.5,0.0,0.5,1.75,1.25,3.0,0.5,0.75,1.5,1.5,4,0.5,0.0,0.5,1.75,1.25,3.0,0.5,0.75,1.5,1.5,76986,Premier League 25/26
2025-11-29,14:30,Everton,Newcastle United,14025105,OY,60,0.36666666666666664,0.23333333333333334,0.4,1.2666666666666666,1.3,2.566666666666667,0.5,0.4666666666666667,1.3333333333333333,1.4333333333333333,10,0.3,0.2,0.5,0.9,1.3,2.2,0.4,0.4,1.1,1.7,5,0.4,0.4,0.2,1.2,1.0,2.2,0.4,0.4,1.6,1.0,76986,Premier League 25/26
2025-11-29,17:00,Tottenham Hotspur,Fulham,14025117,IsT,36,0.5277777777777778,0.19444444444444445,0.2777777777777778,1.4722222222222223,0.9444444444444444,2.4166666666666665,0.4166666666666667,0.4444444444444444,1.7777777777777777,1.0277777777777777,10,0.6,0.2,0.2,1.3,1.0,2.3,0.5,0.4,2.0,0.8,5,0.4,0.2,0.4,0.8,1.2,2.0,0.2,0.2,1.4,1.4,76986,Premier League 25/26
2025-11-30,09:00,Crystal Palace,Manchester Utd,14025102,hK,32,0.1875,0.21875,0.59375,0.71875,1.5,2.21875,0.3125,0.375,0.78125,2.0,10,0.5,0.3,0.2,1.3,0.5,1.8,0.3,0.3,1.8,0.9,5,0.6,0.2,0.2,1.6,0.4,2.0,0.2,0.4,2.0,0.8,76986,Premier League 25/26
2025-11-30,11:05,West Ham United,Liverpool,14025120,MU,0,0.0,0.0,0.0,0.0,0.0,0.0,0.0,0.0,0.0,0.0,0,0.0,0.0,0.0,0.0,0.0,0.0,0.0,0.0,0.0,0.0,0,0.0,0.0,0.0,0.0,0.0,0.0,0.0,0.0,0.0,0.0,76986,Premier League 25/26
2025-11-30,11:05,Aston Villa,Wolves,14025093,dsP,20,0.4,0.25,0.35,1.35,1.1,2.45,0.5,0.45,1.45,1.3,10,0.3,0.3,0.4,1.1,1.1,2.2,0.5,0.3,1.2,1.5,5,0.4,0.2,0.4,1.2,1.0,2.2,0.4,0.2,1.4,1.4,76986,Premier League 25/26
2025-11-30,11:05,Nottingham Forest,Brighton,14025111,osF,6,0.3333333333333333,0.3333333333333333,0.3333333333333333,2.3333333333333335,1.1666666666666667,3.5,0.5,0.6666666666666666,1.3333333333333333,1.3333333333333333,6,0.3333333333333333,0.3333333333333333,0.3333333333333333,2.3333333333333335,1.1666666666666667,3.5,0.5,0.6666666666666666,1.3333333333333333,1.3333333333333333,5,0.4,0.2,0.4,2.8,1.4,4.2,0.6,0.8,1.4,1.4,76986,Premier League 25/26
2025-11-30,13:30,Chelsea,Arsenal,14025099,NR,66,0.30303030303030304,0.2727272727272727,0.42424242424242425,1.2878787878787878,1.4090909090909092,2.696969696969697,0.5303030303030303,0.5151515151515151,1.1818181818181819,1.5454545454545454,10,0.1,0.2,0.7,0.9,2.1,3.0,0.5,0.5,0.5,2.3,5,0.0,0.4,0.6,0.8,2.4,3.2,0.6,0.6,0.4,2.2,76986,Premier League 25/26
2025-12-02,16:30,Fulham,Manchester City,14025135,rsT,34,0.11764705882352941,0.2647058823529412,0.6176470588235294,1.0294117647058822,2.323529411764706,3.3529411764705883,0.6470588235294118,0.6764705882352942,0.6176470588235294,2.1176470588235294,10,0.0,0.0,1.0,0.5,2.8,3.3,0.4,0.7,0.0,3.0,5,0.0,0.0,1.0,0.8,3.2,4.0,0.6,0.8,0.0,3.0,76986,Premier League 25/26
2025-12-02,16:30,Bournemouth,Everton,14025123,Yskb,16,0.5,0.125,0.375,1.75,1.6875,3.4375,0.625,0.75,1.625,1.25,10,0.6,0.1,0.3,1.7,1.3,3.0,0.5,0.7,1.9,1.0,5,0.6,0.0,0.4,1.2,1.4,2.6,0.4,0.6,1.8,1.2,76986,Premier League 25/26
2025-12-02,17:15,Newcastle United,Tottenham Hotspur,14025141,IO,60,0.45,0.13333333333333333,0.4166666666666667,1.6166666666666667,1.5666666666666667,3.183333333333333,0.6333333333333333,0.6166666666666667,1.4833333333333334,1.3833333333333333,10,0.5,0.2,0.3,2.3,1.9,4.2,0.9,0.9,1.7,1.1,5,0.8,0.0,0.2,3.0,1.4,4.4,0.8,1.0,2.4,0.6,76986,Premier League 25/26
2025-12-03,16:30,Arsenal,Brentford,14025126,Rsab,8,0.625,0.25,0.125,1.625,0.875,2.5,0.625,0.5,2.125,0.625,8,0.625,0.25,0.125,1.625,0.875,2.5,0.625,0.5,2.125,0.625,5,0.6,0.4,0.0,1.6,0.8,2.4,0.8,0.4,2.2,0.4,76986,Premier League 25/26
2025-12-03,16:30,Brighton,Aston Villa,14025129,FP,12,0.16666666666666666,0.25,0.5833333333333334,0.8333333333333334,1.9166666666666667,2.75,0.5833333333333334,0.5833333333333334,0.75,2.0,10,0.2,0.2,0.6,0.8,2.0,2.8,0.5,0.6,0.8,2.0,5,0.2,0.2,0.6,1.0,2.6,3.6,0.6,0.8,0.8,2.0,76986,Premier League 25/26
2025-12-03,16:30,Wolves,Nottingham Forest,14025144,dso,6,0.16666666666666666,0.6666666666666666,0.16666666666666666,1.0,1.3333333333333333,2.3333333333333335,0.6666666666666666,0.3333333333333333,1.1666666666666667,1.1666666666666667,6,0.16666666666666666,0.6666666666666666,0.16666666666666666,1.0,1.3333333333333333,2.3333333333333335,0.6666666666666666,0.3333333333333333,1.1666666666666667,1.1666666666666667,5,0.0,0.8,0.2,1.0,1.6,2.6,0.8,0.4,0.8,1.4,76986,Premier League 25/26
2025-12-03,16:30,Burnley,Crystal Palace,14025132,gsh,16,0.375,0.1875,0.4375,1.125,1.375,2.5,0.3125,0.375,1.3125,1.5,10,0.3,0.2,0.5,1.0,1.6,2.6,0.3,0.4,1.1,1.7,5,0.2,0.4,0.4,1.4,1.8,3.2,0.4,0.6,1.0,1.6,76986,Premier League 25/26
2025-12-03,17:15,Liverpool,Sunderland,14025147,QU,0,0.0,0.0,0.0,0.0,0.0,0.0,0.0,0.0,0.0,0.0,0,0.0,0.0,0.0,0.0,0.0,0.0,0.0,0.0,0.0,0.0,0,0.0,0.0,0.0,0.0,0.0,0.0,0.0,0.0,0.0,0.0,76986,Premier League 25/26
2025-12-03,17:15,Leeds United,Chelsea,14025138,JsN,30,0.3,0.3,0.4,1.1333333333333333,1.0666666666666667,2.2,0.36666666666666664,0.3333333333333333,1.2,1.5,10,0.2,0.2,0.6,1.1,1.5,2.6,0.4,0.5,0.8,2.0,5,0.2,0.2,0.6,1.0,1.4,2.4,0.2,0.6,0.8,2.0,76986,Premier League 25/26
2025-12-04,17:00,Manchester Utd,West Ham United,14025150,KM,58,0.603448275862069,0.20689655172413793,0.1896551724137931,1.8275862068965518,0.896551724137931,2.7241379310344827,0.5,0.5172413793103449,2.0172413793103448,0.7758620689655172,10,0.6,0.0,0.4,1.2,0.9,2.1,0.3,0.4,1.8,1.2,5,0.2,0.0,0.8,0.8,1.4,2.2,0.2,0.4,0.6,2.4,76986,Premier League 25/26
2025-12-06,09:30,Aston Villa,Arsenal,14025156,PR,60,0.18333333333333332,0.2833333333333333,0.5333333333333333,0.9,1.6666666666666667,2.566666666666667,0.48333333333333334,0.5333333333333333,0.8333333333333334,1.8833333333333333,10,0.4,0.1,0.5,1.3,1.4,2.7,0.4,0.5,1.3,1.6,5,0.4,0.2,0.4,1.4,1.6,3.0,0.4,0.4,1.4,1.4,76986,Premier League 25/26
2025-12-06,12:00,Manchester City,Sunderland,14025171,rQ,26,0.6923076923076923,0.15384615384615385,0.15384615384615385,2.1153846153846154,0.8846153846153846,3.0,0.46153846153846156,0.6153846153846154,2.230769230769231,0.6153846153846154,10,0.7,0.1,0.2,2.1,0.9,3.0,0.5,0.6,2.2,0.7,5,1.0,0.0,0.0,2.4,0.8,3.2,0.6,0.6,3.0,0.0,76986,Premier League 25/26
2025-12-06,12:00,Bournemouth,Chelsea,14025153,Nskb,16,0.25,0.1875,0.5625,1.0625,1.5625,2.625,0.375,0.5625,0.9375,1.875,10,0.2,0.3,0.5,1.1,1.4,2.5,0.4,0.5,0.9,1.8,5,0.0,0.4,0.6,0.8,1.6,2.4,0.6,0.6,0.4,2.2,76986,Premier League 25/26
2025-12-06,12:00,Tottenham Hotspur,Brentford,14025177,Isab,8,0.5,0.375,0.125,1.875,1.25,3.125,0.625,0.625,1.875,0.75,8,0.5,0.375,0.125,1.875,1.25,3.125,0.625,0.625,1.875,0.75,5,0.6,0.2,0.2,2.2,1.6,3.8,0.8,0.8,2.0,0.8,76986,Premier League 25/26
2025-12-06,12:00,Newcastle United,Burnley,14025174,gsO,14,0.5714285714285714,0.2857142857142857,0.14285714285714285,1.6428571428571428,0.8571428571428571,2.5,0.5714285714285714,0.42857142857142855,2.0,0.7142857142857143,10,0.8,0.1,0.1,1.8,0.6,2.4,0.5,0.5,2.5,0.4,5,1.0,0.0,0.0,2.2,0.6,2.8,0.6,0.6,3.0,0.0,76986,Premier League 25/26
2025-12-06,12:00,Everton,Nottingham Forest,14025162,osY,16,0.5625,0.125,0.3125,1.4375,0.8125,2.25,0.3125,0.375,1.8125,1.0625,10,0.6,0.2,0.2,1.2,0.6,1.8,0.2,0.1,2.0,0.8,5,0.6,0.2,0.2,1.2,0.8,2.0,0.2,0.2,2.0,0.8,76986,Premier League 25/26
2025-12-06,14:30,Leeds United,Liverpool,14025168,JsU,0,0.0,0.0,0.0,0.0,0.0,0.0,0.0,0.0,0.0,0.0,0,0.0,0.0,0.0,0.0,0.0,0.0,0.0,0.0,0.0,0.0,0,0.0,0.0,0.0,0.0,0.0,0.0,0.0,0.0,0.0,0.0,76986,Premier League 25/26
2025-12-07,11:00,Brighton,West Ham United,14025159,FsM,16,0.4375,0.5,0.0625,1.9375,1.125,3.0625,0.6875,0.5625,1.8125,0.6875,10,0.4,0.5,0.1,1.8,1.1,2.9,0.7,0.5,1.7,0.8,5,0.4,0.4,0.2,1.8,1.2,3.0,0.6,0.6,1.6,1.0,76986,Premier League 25/26
2025-12-07,13:30,Fulham,Crystal Palace,14025165,hsT,14,0.2857142857142857,0.35714285714285715,0.35714285714285715,1.2857142857142858,1.2142857142857142,2.5,0.42857142857142855,0.42857142857142855,1.2142857142857142,1.4285714285714286,10,0.2,0.4,0.4,0.9,1.1,2.0,0.3,0.3,1.0,1.6,5,0.2,0.6,0.2,1.0,1.0,2.0,0.4,0.2,1.2,1.2,76986,Premier League 25/26
2025-12-08,17:00,Wolves,Manchester Utd,14912436,dsK,22,0.2727272727272727,0.13636363636363635,0.5909090909090909,0.7727272727272727,1.4545454545454546,2.227272727272727,0.36363636363636365,0.36363636363636365,0.9545454545454546,1.9090909090909092,10,0.3,0.0,0.7,0.8,1.2,2.0,0.2,0.2,0.9,2.1,5,0.4,0.0,0.6,1.2,1.4,2.6,0.2,0.2,1.2,1.8,76986,Premier League 25/26
2025-12-13,12:00,Liverpool,Brighton,14025198,FsU,0,0.0,0.0,0.0,0.0,0.0,0.0,0.0,0.0,0.0,0.0,0,0.0,0.0,0.0,0.0,0.0,0.0,0.0,0.0,0.0,0.0,0,0.0,0.0,0.0,0.0,0.0,0.0,0.0,0.0,0.0,0.0,76986,Premier League 25/26
2025-12-13,12:00,Chelsea,Everton,14025192,BQy,66,0.45454545454545453,0.3333333333333333,0.21212121212121213,1.5151515151515151,0.9696969696969697,2.484848484848485,0.45454545454545453,0.4393939393939394,1.696969696969697,0.9696969696969697,10,0.4,0.3,0.3,1.3,0.7,2.0,0.2,0.2,1.5,1.2,5,0.4,0.4,0.2,1.8,0.8,2.6,0.2,0.4,1.6,1.0,76986,Premier League 25/26
2025-12-13,14:30,Burnley,Fulham,14025189,gsT,8,0.375,0.375,0.25,1.5,1.5,3.0,0.625,0.5,1.5,1.125,8,0.375,0.375,0.25,1.5,1.5,3.0,0.625,0.5,1.5,1.125,5,0.6,0.4,0.0,1.8,0.8,2.6,0.6,0.4,2.2,0.4,76986,Premier League 25/26
2025-12-13,17:00,Arsenal,Wolves,14025183,dsR,22,0.7272727272727273,0.13636363636363635,0.13636363636363635,1.9545454545454546,0.6363636363636364,2.590909090909091,0.45454545454545453,0.45454545454545453,2.3181818181818183,0.5454545454545454,10,0.8,0.0,0.2,1.9,0.6,2.5,0.4,0.5,2.4,0.6,5,1.0,0.0,0.0,2.4,0.2,2.6,0.2,0.4,3.0,0.0,76986,Premier League 25/26
2025-12-14,11:00,Crystal Palace,Manchester City,14025195,hr,30,0.13333333333333333,0.26666666666666666,0.6,0.8333333333333334,2.1,2.933333333333333,0.43333333333333335,0.5666666666666667,0.6666666666666666,2.066666666666667,10,0.1,0.3,0.6,1.2,2.4,3.6,0.5,0.6,0.6,2.1,5,0.0,0.4,0.6,1.6,2.8,4.4,0.8,0.8,0.4,2.2,76986,Premier League 25/26
2025-12-14,11:00,Nottingham Forest,Tottenham Hotspur,14025204,osI,16,0.5,0.0625,0.4375,1.25,1.375,2.625,0.5625,0.5625,1.5625,1.375,10,0.4,0.0,0.6,0.8,1.5,2.3,0.4,0.4,1.2,1.8,5,0.4,0.0,0.6,1.0,1.8,2.8,0.6,0.6,1.2,1.8,76986,Premier League 25/26
2025-12-14,11:00,West Ham United,Aston Villa,14025210,MP,52,0.25,0.46153846153846156,0.28846153846153844,1.0769230769230769,1.1538461538461537,2.230769230769231,0.5769230769230769,0.38461538461538464,1.2115384615384615,1.3269230769230769,10,0.5,0.3,0.2,1.7,1.3,3.0,0.9,0.6,1.8,0.9,5,0.0,0.6,0.4,1.0,1.8,2.8,1.0,0.4,0.6,1.8,76986,Premier League 25/26
2025-12-14,11:00,Sunderland,Newcastle United,14025207,OQ,28,0.35714285714285715,0.35714285714285715,0.2857142857142857,1.25,1.1785714285714286,2.4285714285714284,0.6071428571428571,0.42857142857142855,1.4285714285714286,1.2142857142857142,10,0.6,0.3,0.1,1.6,0.5,2.1,0.4,0.4,2.1,0.6,5,0.8,0.2,0.0,1.8,0.2,2.0,0.2,0.4,2.6,0.2,76986,Premier League 25/26
2025-12-14,13:30,Brentford,Leeds United,14025186,Jsab,4,0.25,0.5,0.25,2.0,1.5,3.5,0.75,0.75,1.25,1.25,4,0.25,0.5,0.25,2.0,1.5,3.5,0.75,0.75,1.25,1.25,4,0.25,0.5,0.25,2.0,1.5,3.5,0.75,0.75,1.25,1.25,76986,Premier League 25/26
2025-12-15,17:00,Manchester Utd,Bournemouth,15035359,Kkb,16,0.5625,0.1875,0.25,1.8125,1.1875,3.0,0.5625,0.625,1.875,0.9375,10,0.5,0.2,0.3,1.8,1.4,3.2,0.5,0.7,1.7,1.1,5,0.2,0.4,0.4,0.8,1.8,2.6,0.4,0.6,1.0,1.6,76986,Premier League 25/26
2025-12-20,09:30,Newcastle United,Chelsea,14025228,NO,60,0.2833333333333333,0.21666666666666667,0.5,0.9666666666666667,1.45,2.4166666666666665,0.4166666666666667,0.45,1.0666666666666667,1.7166666666666666,10,0.3,0.1,0.6,1.1,1.5,2.6,0.4,0.4,1.0,1.9,5,0.4,0.2,0.4,2.0,1.4,3.4,0.8,0.6,1.4,1.4,76986,Premier League 25/26
2025-12-20,12:00,Manchester City,West Ham United,14025226,rM,48,0.6458333333333334,0.16666666666666666,0.1875,1.9166666666666667,0.8958333333333334,2.8125,0.5208333333333334,0.625,2.1041666666666665,0.7291666666666666,10,0.8,0.2,0.0,2.5,0.9,3.4,0.8,0.8,2.6,0.2,5,1.0,0.0,0.0,3.2,0.8,4.0,0.8,1.0,3.0,0.0,76986,Premier League 25/26
2025-12-20,12:00,Brighton,Sunderland,14025218,FsQ,0,0.0,0.0,0.0,0.0,0.0,0.0,0.0,0.0,0.0,0.0,0,0.0,0.0,0.0,0.0,0.0,0.0,0.0,0.0,0.0,0.0,0,0.0,0.0,0.0,0.0,0.0,0.0,0.0,0.0,0.0,0.0,76986,Premier League 25/26
2025-12-20,12:00,Wolves,Brentford,14025232,dsab,8,0.375,0.25,0.375,1.625,1.625,3.25,0.625,0.375,1.375,1.375,8,0.375,0.25,0.375,1.625,1.625,3.25,0.625,0.375,1.375,1.375,5,0.4,0.2,0.4,2.0,1.8,3.8,0.6,0.4,1.4,1.4,76986,Premier League 25/26
2025-12-20,12:00,Bournemouth,Burnley,14025213,gskb,10,0.4,0.0,0.6,1.2,1.9,3.1,0.6,0.8,1.2,1.8,10,0.4,0.0,0.6,1.2,1.9,3.1,0.6,0.8,1.2,1.8,5,0.4,0.0,0.6,1.0,1.6,2.6,0.4,0.6,1.2,1.8,76986,Premier League 25/26
2025-12-20,14:30,Tottenham Hotspur,Liverpool,14025230,IsU,0,0.0,0.0,0.0,0.0,0.0,0.0,0.0,0.0,0.0,0.0,0,0.0,0.0,0.0,0.0,0.0,0.0,0.0,0.0,0.0,0.0,0,0.0,0.0,0.0,0.0,0.0,0.0,0.0,0.0,0.0,0.0,76986,Premier League 25/26
2025-12-20,17:00,Everton,Arsenal,14025220,RY,66,0.18181818181818182,0.24242424242424243,0.5757575757575758,0.8787878787878788,1.878787878787879,2.757575757575758,0.5454545454545454,0.4696969696969697,0.7878787878787878,1.9696969696969697,10,0.4,0.2,0.4,0.9,1.5,2.4,0.5,0.5,1.4,1.4,5,0.0,0.4,0.6,0.4,1.6,2.0,0.4,0.4,0.4,2.2,76986,Premier League 25/26
2025-12-20,17:00,Leeds United,Crystal Palace,14025224,hsJ,12,0.4166666666666667,0.16666666666666666,0.4166666666666667,1.0833333333333333,1.3333333333333333,2.4166666666666665,0.4166666666666667,0.4166666666666667,1.4166666666666667,1.4166666666666667,10,0.5,0.1,0.4,1.3,1.5,2.8,0.5,0.5,1.6,1.3,5,0.4,0.2,0.4,1.0,1.4,2.4,0.4,0.4,1.4,1.4,76986,Premier League 25/26
2025-12-21,13:30,Aston Villa,Manchester Utd,14025216,KP,60,0.08333333333333333,0.23333333333333334,0.6833333333333333,0.6666666666666666,1.7833333333333334,2.45,0.45,0.48333333333333334,0.48333333333333334,2.283333333333333,10,0.2,0.2,0.6,1.1,1.6,2.7,0.6,0.6,0.8,2.0,5,0.0,0.2,0.8,0.6,1.6,2.2,0.4,0.4,0.2,2.6,76986,Premier League 25/26
2025-12-22,17:00,Fulham,Nottingham Forest,14907281,osT,6,0.8333333333333334,0.0,0.16666666666666666,2.3333333333333335,1.0,3.3333333333333335,0.5,0.6666666666666666,2.5,0.5,6,0.8333333333333334,0.0,0.16666666666666666,2.3333333333333335,1.0,3.3333333333333335,0.5,0.6666666666666666,2.5,0.5,5,0.8,0.0,0.2,2.2,0.8,3.0,0.4,0.6,2.4,0.6,76986,Premier League 25/26
2025-12-26,17:00,Manchester Utd,Newcastle United,14025246,DYBe,60,0.5666666666666667,0.25,0.18333333333333332,1.95,1.0833333333333333,3.033333333333333,0.5,0.5,1.95,0.8,10,0.4,0.2,0.4,1.6,1.5,3.1,0.6,0.5,1.4,1.4,5,0.2,0.0,0.8,0.8,2.2,3.0,0.4,0.4,0.6,2.4,76986,Premier League 25/26
2025-12-27,09:30,Nottingham Forest,Manchester City,14025248,osr,12,0.25,0.3333333333333333,0.4166666666666667,1.0,1.8333333333333333,2.8333333333333335,0.3333333333333333,0.4166666666666667,1.0833333333333333,1.5833333333333333,10,0.3,0.3,0.4,1.0,1.8,2.8,0.3,0.4,1.2,1.5,5,0.2,0.2,0.6,0.4,1.6,2.0,0.2,0.2,0.8,2.0,76986,Premier League 25/26
2025-12-27,12:00,Liverpool,Wolves,14025244,dsU,0,0.0,0.0,0.0,0.0,0.0,0.0,0.0,0.0,0.0,0.0,0,0.0,0.0,0.0,0.0,0.0,0.0,0.0,0.0,0.0,0.0,0,0.0,0.0,0.0,0.0,0.0,0.0,0.0,0.0,0.0,0.0,76986,Premier League 25/26
2025-12-27,12:00,Arsenal,Brighton,14025234,FsR,16,0.375,0.3125,0.3125,1.375,1.0625,2.4375,0.5625,0.4375,1.4375,1.25,10,0.5,0.3,0.2,1.5,0.9,2.4,0.4,0.4,1.8,0.9,5,0.4,0.4,0.2,1.4,1.0,2.4,0.4,0.4,1.6,1.0,76986,Premier League 25/26
2025-12-27,12:00,West Ham United,Fulham,14025252,MsT,30,0.5333333333333333,0.23333333333333334,0.23333333333333334,1.5333333333333334,1.1333333333333333,2.6666666666666665,0.5,0.5333333333333333,1.8333333333333333,0.9333333333333333,10,0.6,0.2,0.2,1.4,1.2,2.6,0.4,0.4,2.0,0.8,5,0.4,0.2,0.4,1.0,2.0,3.0,0.4,0.4,1.4,1.4,76986,Premier League 25/26
2025-12-27,12:00,Brentford,Bournemouth,14025236,abskb,6,0.6666666666666666,0.3333333333333333,0.0,1.8333333333333333,1.0,2.8333333333333335,0.6666666666666666,0.6666666666666666,2.3333333333333335,0.3333333333333333,6,0.6666666666666666,0.3333333333333333,0.0,1.8333333333333333,1.0,2.8333333333333335,0.6666666666666666,0.6666666666666666,2.3333333333333335,0.3333333333333333,5,0.8,0.2,0.0,2.2,1.2,3.4,0.8,0.8,2.6,0.2,76986,Premier League 25/26
2025-12-27,12:00,Burnley,Everton,14025238,gsY,18,0.3888888888888889,0.05555555555555555,0.5555555555555556,0.9444444444444444,1.6111111111111112,2.5555555555555554,0.5,0.4444444444444444,1.2222222222222223,1.7222222222222223,10,0.3,0.1,0.6,0.9,1.8,2.7,0.5,0.4,1.0,1.9,5,0.4,0.0,0.6,1.2,1.8,3.0,0.6,0.6,1.2,1.8,76986,Premier League 25/26
2025-12-27,14:30,Chelsea,Aston Villa,14025240,NP,60,0.5,0.23333333333333334,0.26666666666666666,1.6333333333333333,0.9666666666666667,2.6,0.48333333333333334,0.4666666666666667,1.7333333333333334,1.0333333333333334,10,0.4,0.2,0.4,1.6,1.1,2.7,0.5,0.6,1.4,1.4,5,0.2,0.2,0.6,1.2,1.4,2.6,0.4,0.6,0.8,2.0,76986,Premier League 25/26
2025-12-28,11:00,Sunderland,Leeds United,14025250,JQ,10,0.2,0.1,0.7,0.6,1.5,2.1,0.3,0.3,0.7,2.2,10,0.2,0.1,0.7,0.6,1.5,2.1,0.3,0.3,0.7,2.2,5,0.4,0.2,0.4,0.8,1.0,1.8,0.2,0.0,1.4,1.4,76986,Premier League 25/26
2025-12-28,13:30,Crystal Palace,Tottenham Hotspur,14025242,hI,32,0.1875,0.21875,0.59375,0.71875,1.5,2.21875,0.375,0.375,0.78125,2.0,10,0.3,0.1,0.6,1.0,1.8,2.8,0.4,0.6,1.0,1.9,5,0.4,0.0,0.6,1.0,1.2,2.2,0.4,0.4,1.2,1.8,76986,Premier League 25/26
2025-12-30,16:30,Chelsea,Bournemouth,14025260,Nskb,17,0.5294117647058824,0.23529411764705882,0.23529411764705882,1.4705882352941178,1.0,2.4705882352941178,0.35294117647058826,0.5294117647058824,1.8235294117647058,0.9411764705882353,10,0.4,0.4,0.2,1.2,1.1,2.3,0.4,0.5,1.6,1.0,5,0.4,0.6,0.0,1.0,0.6,1.6,0.4,0.4,1.8,0.6,76986,Premier League 25/26
2025-12-30,16:30,Burnley,Newcastle United,14025258,gsO,15,0.13333333333333333,0.26666666666666666,0.6,0.8666666666666667,1.6666666666666667,2.533333333333333,0.6,0.4666666666666667,0.6666666666666666,2.066666666666667,10,0.1,0.1,0.8,0.6,1.8,2.4,0.5,0.5,0.4,2.5,5,0.0,0.0,1.0,0.6,2.2,2.8,0.6,0.6,0.0,3.0,76986,Premier League 25/26
2025-12-30,16:30,West Ham United,Brighton,14025272,FsM,17,0.058823529411764705,0.5294117647058824,0.4117647058823529,1.1176470588235294,1.8823529411764706,3.0,0.7058823529411765,0.5294117647058824,0.7058823529411765,1.7647058823529411,10,0.1,0.5,0.4,1.0,1.7,2.7,0.7,0.4,0.8,1.7,5,0.2,0.6,0.2,1.4,1.2,2.6,0.8,0.4,1.2,1.2,76986,Premier League 25/26
2025-12-30,16:30,Nottingham Forest,Everton,14025268,osY,17,0.29411764705882354,0.11764705882352941,0.5882352941176471,0.7647058823529411,1.5294117647058822,2.2941176470588234,0.29411764705882354,0.4117647058823529,1.0,1.8823529411764706,10,0.2,0.2,0.6,0.6,1.4,2.0,0.2,0.2,0.8,2.0,5,0.2,0.0,0.8,0.4,1.4,1.8,0.0,0.2,0.6,2.4,76986,Premier League 25/26
2025-12-30,17:15,Arsenal,Aston Villa,14025254,PR,61,0.5245901639344263,0.2786885245901639,0.19672131147540983,1.6557377049180328,0.9180327868852459,2.5737704918032787,0.4918032786885246,0.5409836065573771,1.8524590163934427,0.8688524590163934,10,0.5,0.1,0.4,1.5,1.2,2.7,0.5,0.5,1.6,1.3,5,0.2,0.2,0.6,1.0,1.4,2.4,0.4,0.4,0.8,2.0,76986,Premier League 25/26
2025-12-30,17:15,Manchester Utd,Wolves,14025266,dsK,23,0.6086956521739131,0.13043478260869565,0.2608695652173913,1.565217391304348,0.782608695652174,2.347826086956522,0.391304347826087,0.391304347826087,1.9565217391304348,0.9130434782608695,10,0.7,0.0,0.3,1.5,0.9,2.4,0.3,0.3,2.1,0.9,5,0.6,0.0,0.4,1.8,1.4,3.2,0.4,0.4,1.8,1.2,76986,Premier League 25/26
2026-01-01,14:30,Liverpool,Leeds United,14025264,JsU,0,0.0,0.0,0.0,0.0,0.0,0.0,0.0,0.0,0.0,0.0,0,0.0,0.0,0.0,0.0,0.0,0.0,0.0,0.0,0.0,0.0,0,0.0,0.0,0.0,0.0,0.0,0.0,0.0,0.0,0.0,0.0,76986,Premier League 25/26
2026-01-01,14:30,Crystal Palace,Fulham,14025262,hsT,15,0.4,0.3333333333333333,0.26666666666666666,1.2666666666666666,1.2666666666666666,2.533333333333333,0.4666666666666667,0.4666666666666667,1.5333333333333334,1.1333333333333333,10,0.4,0.4,0.2,1.1,1.0,2.1,0.4,0.4,1.6,1.0,5,0.4,0.4,0.2,1.0,0.8,1.8,0.4,0.2,1.6,1.0,76986,Premier League 25/26
2026-01-01,17:00,Sunderland,Manchester City,14025270,rQ,27,0.14814814814814814,0.14814814814814814,0.7037037037037037,0.8518518518518519,2.1481481481481484,3.0,0.4444444444444444,0.6296296296296297,0.5925925925925926,2.259259259259259,10,0.2,0.1,0.7,0.9,2.1,3.0,0.5,0.6,0.7,2.2,5,0.0,0.0,1.0,0.4,2.4,2.8,0.4,0.6,0.0,3.0,76986,Premier League 25/26
2026-01-01,17:00,Brentford,Tottenham Hotspur,14025256,Isab,9,0.1111111111111111,0.3333333333333333,0.5555555555555556,1.1111111111111112,1.8888888888888888,3.0,0.5555555555555556,0.5555555555555556,0.6666666666666666,2.0,9,0.1111111111111111,0.3333333333333333,0.5555555555555556,1.1111111111111112,1.8888888888888888,3.0,0.5555555555555556,0.5555555555555556,0.6666666666666666,2.0,5,0.0,0.2,0.8,1.0,2.4,3.4,0.6,0.6,0.2,2.6,76986,Premier League 25/26
2026-01-03,09:30,Aston Villa,Nottingham Forest,14025276,osP,16,0.5,0.3125,0.1875,1.4375,1.0,2.4375,0.5625,0.375,1.8125,0.875,10,0.5,0.3,0.2,1.6,1.0,2.6,0.5,0.4,1.8,0.9,5,0.6,0.0,0.4,1.8,1.4,3.2,0.6,0.6,1.8,1.2,76986,Premier League 25/26
2026-01-03,12:00,Wolves,West Ham United,14025292,dsM,18,0.5,0.0,0.5,1.0555555555555556,1.2222222222222223,2.2777777777777777,0.2222222222222222,0.3888888888888889,1.5,1.5,10,0.3,0.0,0.7,0.7,1.7,2.4,0.3,0.5,0.9,2.1,5,0.4,0.0,0.6,0.8,1.4,2.2,0.4,0.6,1.2,1.8,76986,Premier League 25/26
2026-01-03,12:00,Brighton,Burnley,14025278,gsF,12,0.16666666666666666,0.5833333333333334,0.25,0.75,1.0833333333333333,1.8333333333333333,0.5833333333333334,0.3333333333333333,1.0833333333333333,1.3333333333333333,10,0.2,0.5,0.3,0.9,1.3,2.2,0.7,0.4,1.1,1.4,5,0.2,0.6,0.2,1.0,1.4,2.4,0.8,0.4,1.2,1.2,76986,Premier League 25/26
2026-01-03,14:30,Bournemouth,Arsenal,14025274,Rkb,16,0.1875,0.125,0.6875,0.9375,2.3125,3.25,0.5,0.6875,0.6875,2.1875,10,0.2,0.1,0.7,0.9,2.3,3.2,0.5,0.7,0.7,2.2,5,0.4,0.0,0.6,1.2,2.2,3.4,0.4,0.8,1.2,1.8,76986,Premier League 25/26
2026-01-04,09:30,Leeds United,Manchester Utd,14025284,JsK,30,0.13333333333333333,0.3333333333333333,0.5333333333333333,0.8,1.7333333333333334,2.533333333333333,0.4,0.36666666666666664,0.7333333333333333,1.9333333333333333,10,0.1,0.3,0.6,1.0,2.3,3.3,0.6,0.5,0.6,2.1,5,0.0,0.4,0.6,1.0,2.6,3.6,0.6,0.6,0.4,2.2,76986,Premier League 25/26
2026-01-04,12:00,Tottenham Hotspur,Sunderland,14025290,IQ,32,0.65625,0.1875,0.15625,1.8125,0.9375,2.75,0.625,0.5625,2.15625,0.65625,10,0.8,0.2,0.0,2.0,0.7,2.7,0.6,0.6,2.6,0.2,5,0.8,0.2,0.0,1.6,0.4,2.0,0.4,0.4,2.6,0.2,76986,Premier League 25/26
2026-01-04,12:00,Newcastle United,Crystal Palace,14025288,hO,28,0.4642857142857143,0.32142857142857145,0.21428571428571427,1.3214285714285714,0.8214285714285714,2.142857142857143,0.35714285714285715,0.32142857142857145,1.7142857142857142,0.9642857142857143,10,0.4,0.4,0.2,1.5,0.6,2.1,0.3,0.3,1.6,1.0,5,0.4,0.4,0.2,2.0,0.6,2.6,0.2,0.4,1.6,1.0,76986,Premier League 25/26
2026-01-04,12:00,Everton,Brentford,14025280,Ysab,8,0.375,0.375,0.25,1.125,0.875,2.0,0.5,0.25,1.5,1.125,8,0.375,0.375,0.25,1.125,0.875,2.0,0.5,0.25,1.5,1.125,5,0.6,0.4,0.0,1.2,0.4,1.6,0.4,0.2,2.2,0.4,76986,Premier League 25/26
2026-01-04,12:15,Fulham,Liverpool,14025282,TsU,0,0.0,0.0,0.0,0.0,0.0,0.0,0.0,0.0,0.0,0.0,0,0.0,0.0,0.0,0.0,0.0,0.0,0.0,0.0,0.0,0.0,0,0.0,0.0,0.0,0.0,0.0,0.0,0.0,0.0,0.0,0.0,76986,Premier League 25/26
2026-01-04,14:30,Manchester City,Chelsea,14025286,rN,56,0.3392857142857143,0.21428571428571427,0.44642857142857145,1.125,1.3214285714285714,2.4464285714285716,0.4107142857142857,0.4642857142857143,1.2321428571428572,1.5535714285714286,10,0.7,0.2,0.1,1.8,0.9,2.7,0.5,0.4,2.3,0.5,5,0.6,0.4,0.0,2.2,1.2,3.4,0.6,0.4,2.2,0.4,76986,Premier League 25/26
2026-01-06,17:00,West Ham United,Nottingham Forest,14025055,osM,15,0.5333333333333333,0.13333333333333333,0.3333333333333333,1.4,0.9333333333333333,2.3333333333333335,0.3333333333333333,0.4666666666666667,1.7333333333333334,1.1333333333333333,10,0.4,0.1,0.5,1.3,1.2,2.5,0.3,0.6,1.3,1.6,5,0.4,0.0,0.6,1.4,1.8,3.2,0.4,0.8,1.2,1.8,76986,Premier League 25/26
2026-01-07,16:30,Manchester City,Brighton,14025061,rsF,17,0.7058823529411765,0.11764705882352941,0.17647058823529413,2.588235294117647,0.8823529411764706,3.4705882352941178,0.5882352941176471,0.7647058823529411,2.235294117647059,0.6470588235294118,10,0.5,0.2,0.3,2.3,1.3,3.6,0.8,0.9,1.7,1.1,5,0.4,0.2,0.4,2.0,1.4,3.4,0.8,1.0,1.4,1.4,76986,Premier League 25/26
2026-01-07,16:30,Fulham,Chelsea,14025049,NsT,37,0.08108108108108109,0.32432432432432434,0.5945945945945946,0.7027027027027027,1.5945945945945945,2.2972972972972974,0.5135135135135135,0.40540540540540543,0.5675675675675675,2.108108108108108,10,0.2,0.1,0.7,0.6,1.4,2.0,0.4,0.4,0.7,2.2,5,0.2,0.0,0.8,0.6,1.6,2.2,0.4,0.4,0.6,2.4,76986,Premier League 25/26
2026-01-07,16:30,Bournemouth,Tottenham Hotspur,14025015,Iskb,17,0.23529411764705882,0.17647058823529413,0.5882352941176471,0.8823529411764706,2.176470588235294,3.0588235294117645,0.4117647058823529,0.5882352941176471,0.8823529411764706,1.9411764705882353,10,0.4,0.2,0.4,1.3,1.5,2.8,0.5,0.5,1.4,1.4,5,0.4,0.2,0.4,1.0,1.4,2.4,0.4,0.4,1.4,1.4,76986,Premier League 25/26
2026-01-07,16:30,Crystal Palace,Aston Villa,14025058,hP,27,0.4074074074074074,0.25925925925925924,0.3333333333333333,1.2592592592592593,1.1111111111111112,2.3703703703703702,0.4444444444444444,0.4444444444444444,1.4814814814814814,1.2592592592592593,10,0.5,0.2,0.3,2.3,1.3,3.6,0.7,0.8,1.7,1.1,5,0.6,0.2,0.2,3.0,1.2,4.2,0.6,1.0,2.0,0.8,76986,Premier League 25/26
2026-01-07,16:30,Everton,Wolves,14025046,dsY,23,0.30434782608695654,0.34782608695652173,0.34782608695652173,1.2608695652173914,1.2608695652173914,2.5217391304347827,0.5652173913043478,0.5217391304347826,1.2608695652173914,1.391304347826087,10,0.3,0.2,0.5,1.2,1.3,2.5,0.5,0.5,1.1,1.7,5,0.4,0.2,0.4,1.6,1.4,3.0,0.4,0.6,1.4,1.4,76986,Premier League 25/26
2026-01-07,16:30,Brentford,Sunderland,14025027,Qsab,1,0.0,0.0,1.0,1.0,2.0,3.0,1.0,1.0,0.0,3.0,1,0.0,0.0,1.0,1.0,2.0,3.0,1.0,1.0,0.0,3.0,1,0.0,0.0,1.0,1.0,2.0,3.0,1.0,1.0,0.0,3.0,76986,Premier League 25/26
2026-01-07,17:15,Burnley,Manchester Utd,14025037,gK,19,0.10526315789473684,0.3157894736842105,0.5789473684210527,0.7368421052631579,1.5789473684210527,2.3157894736842106,0.42105263157894735,0.3684210526315789,0.631578947368421,2.0526315789473686,10,0.1,0.3,0.6,1.0,1.7,2.7,0.6,0.4,0.6,2.1,5,0.0,0.4,0.6,1.0,1.8,2.8,0.8,0.4,0.4,2.2,76986,Premier League 25/26
2026-01-07,17:15,Newcastle United,Leeds United,14025052,JsO,29,0.41379310344827586,0.3448275862068966,0.2413793103448276,1.4482758620689655,1.3103448275862069,2.7586206896551726,0.5862068965517241,0.5517241379310345,1.5862068965517242,1.0689655172413792,10,0.3,0.5,0.2,1.3,1.2,2.5,0.5,0.5,1.4,1.1,5,0.2,0.8,0.0,0.8,0.6,1.4,0.4,0.2,1.4,0.8,76986,Premier League 25/26
2026-01-08,17:00,Arsenal,Liverpool,14025019,HQfh,0,0.0,0.0,0.0,0.0,0.0,0.0,0.0,0.0,0.0,0.0,0,0.0,0.0,0.0,0.0,0.0,0.0,0.0,0.0,0.0,0.0,0,0.0,0.0,0.0,0.0,0.0,0.0,0.0,0.0,0.0,0.0,76986,Premier League 25/26
2026-01-17,09:30,Manchester Utd,Manchester City,14025079,rK,57,0.43859649122807015,0.19298245614035087,0.3684210526315789,1.368421052631579,1.4736842105263157,2.8421052631578947,0.5263157894736842,0.543859649122807,1.5087719298245614,1.2982456140350878,10,0.3,0.1,0.6,1.1,2.3,3.4,0.5,0.7,1.0,1.9,5,0.2,0.2,0.6,0.6,2.0,2.6,0.4,0.8,0.8,2.0,76986,Premier League 25/26
2026-01-17,12:00,Liverpool,Burnley,14025076,gsU,0,0.0,0.0,0.0,0.0,0.0,0.0,0.0,0.0,0.0,0.0,0,0.0,0.0,0.0,0.0,0.0,0.0,0.0,0.0,0.0,0.0,0,0.0,0.0,0.0,0.0,0.0,0.0,0.0,0.0,0.0,0.0,76986,Premier League 25/26
2026-01-17,12:00,Chelsea,Brentford,14025070,Nsab,9,0.2222222222222222,0.4444444444444444,0.3333333333333333,0.8888888888888888,1.4444444444444444,2.3333333333333335,0.4444444444444444,0.4444444444444444,1.1111111111111112,1.4444444444444444,9,0.2222222222222222,0.4444444444444444,0.3333333333333333,0.8888888888888888,1.4444444444444444,2.3333333333333335,0.4444444444444444,0.4444444444444444,1.1111111111111112,1.4444444444444444,5,0.2,0.6,0.2,1.2,1.4,2.6,0.6,0.6,1.2,1.2,76986,Premier League 25/26
2026-01-17,12:00,Tottenham Hotspur,West Ham United,14025089,IM,59,0.4745762711864407,0.23728813559322035,0.288135593220339,1.5084745762711864,1.1355932203389831,2.6440677966101696,0.5423728813559322,0.4576271186440678,1.6610169491525424,1.1016949152542372,10,0.4,0.3,0.3,1.7,1.0,2.7,0.7,0.5,1.5,1.2,5,0.4,0.4,0.2,2.0,1.0,3.0,0.8,0.6,1.6,1.0,76986,Premier League 25/26
2026-01-17,12:00,Sunderland,Crystal Palace,14025085,hQ,9,0.3333333333333333,0.3333333333333333,0.3333333333333333,1.5555555555555556,1.4444444444444444,3.0,0.5555555555555556,0.6666666666666666,1.3333333333333333,1.3333333333333333,9,0.3333333333333333,0.3333333333333333,0.3333333333333333,1.5555555555555556,1.4444444444444444,3.0,0.5555555555555556,0.6666666666666666,1.3333333333333333,1.3333333333333333,5,0.4,0.4,0.2,1.8,1.0,2.8,0.4,0.6,1.6,1.0,76986,Premier League 25/26
2026-01-17,12:00,Leeds United,Fulham,14025073,JsT,11,0.36363636363636365,0.09090909090909091,0.5454545454545454,1.2727272727272727,1.4545454545454546,2.727272727272727,0.45454545454545453,0.45454545454545453,1.1818181818181819,1.7272727272727273,10,0.4,0.0,0.6,1.4,1.6,3.0,0.5,0.5,1.2,1.8,5,0.4,0.0,0.6,1.8,2.0,3.8,0.8,0.8,1.2,1.8,76986,Premier League 25/26
2026-01-17,14:30,Nottingham Forest,Arsenal,14025082,osR,17,0.11764705882352941,0.23529411764705882,0.6470588235294118,0.5882352941176471,1.588235294117647,2.176470588235294,0.4117647058823529,0.47058823529411764,0.5882352941176471,2.176470588235294,10,0.1,0.1,0.8,0.4,1.9,2.3,0.3,0.6,0.4,2.5,5,0.0,0.2,0.8,0.4,2.0,2.4,0.4,0.8,0.2,2.6,76986,Premier League 25/26
2026-01-18,11:00,Wolves,Newcastle United,14025092,dsO,21,0.09523809523809523,0.5238095238095238,0.38095238095238093,1.0,1.5714285714285714,2.5714285714285716,0.8095238095238095,0.47619047619047616,0.8095238095238095,1.6666666666666667,10,0.1,0.3,0.6,0.8,1.7,2.5,0.6,0.6,0.6,2.1,5,0.0,0.2,0.8,0.6,2.2,2.8,0.4,0.8,0.2,2.6,76986,Premier League 25/26
2026-01-18,13:30,Aston Villa,Everton,14025064,PY,61,0.45901639344262296,0.3114754098360656,0.22950819672131148,1.4426229508196722,1.098360655737705,2.540983606557377,0.47540983606557374,0.5081967213114754,1.6885245901639345,1.0,10,0.7,0.3,0.0,1.6,0.3,1.9,0.2,0.4,2.4,0.3,5,0.6,0.4,0.0,1.6,0.4,2.0,0.2,0.4,2.2,0.4,76986,Premier League 25/26
2026-01-19,17:00,Brighton,Bournemouth,15129445,Fskb,13,0.46153846153846156,0.07692307692307693,0.46153846153846156,1.3076923076923077,1.6923076923076923,3.0,0.5384615384615384,0.6923076923076923,1.4615384615384615,1.4615384615384615,10,0.6,0.0,0.4,1.4,1.6,3.0,0.5,0.7,1.8,1.2,5,0.6,0.0,0.4,1.6,1.6,3.2,0.8,1.0,1.8,1.2,76986,Premier League 25/26
2026-01-24,09:30,West Ham United,Sunderland,14025122,MsQ,31,0.41935483870967744,0.3225806451612903,0.25806451612903225,1.096774193548387,0.9354838709677419,2.032258064516129,0.3548387096774194,0.3225806451612903,1.5806451612903225,1.096774193548387,10,0.4,0.4,0.2,1.0,1.2,2.2,0.4,0.5,1.6,1.0,5,0.4,0.4,0.2,1.2,1.4,2.6,0.4,0.6,1.6,1.0,76986,Premier League 25/26
2026-01-24,12:00,Manchester City,Wolves,14025116,dsr,23,0.6956521739130435,0.08695652173913043,0.21739130434782608,2.391304347826087,1.0,3.391304347826087,0.5217391304347826,0.6956521739130435,2.1739130434782608,0.7391304347826086,10,0.9,0.0,0.1,2.9,0.6,3.5,0.5,0.8,2.7,0.3,5,0.8,0.0,0.2,2.6,0.8,3.4,0.6,0.8,2.4,0.6,76986,Premier League 25/26
2026-01-24,12:00,Burnley,Tottenham Hotspur,14025104,gsI,19,0.15789473684210525,0.15789473684210525,0.6842105263157895,0.7368421052631579,2.1578947368421053,2.8947368421052633,0.42105263157894735,0.5789473684210527,0.631578947368421,2.210526315789474,10,0.2,0.1,0.7,0.7,2.3,3.0,0.4,0.6,0.7,2.2,5,0.2,0.0,0.8,0.8,2.2,3.0,0.4,0.6,0.6,2.4,76986,Premier League 25/26
2026-01-24,12:00,Fulham,Brighton,14025113,FsT,11,0.45454545454545453,0.45454545454545453,0.09090909090909091,1.6363636363636365,0.9090909090909091,2.5454545454545454,0.6363636363636364,0.5454545454545454,1.8181818181818181,0.7272727272727273,10,0.5,0.4,0.1,1.6,0.8,2.4,0.6,0.5,1.9,0.7,5,0.4,0.4,0.2,1.8,1.0,2.8,0.8,0.6,1.6,1.0,76986,Premier League 25/26
2026-01-24,14:30,Bournemouth,Liverpool,14025095,Uskb,0,0.0,0.0,0.0,0.0,0.0,0.0,0.0,0.0,0.0,0.0,0,0.0,0.0,0.0,0.0,0.0,0.0,0.0,0.0,0.0,0.0,0,0.0,0.0,0.0,0.0,0.0,0.0,0.0,0.0,0.0,0.0,76986,Premier League 25/26
2026-01-25,11:00,Crystal Palace,Chelsea,14025107,hN,33,0.12121212121212122,0.15151515151515152,0.7272727272727273,0.7272727272727273,1.9696969696969697,2.696969696969697,0.5454545454545454,0.5757575757575758,0.5151515151515151,2.3333333333333335,10,0.0,0.3,0.7,0.6,1.8,2.4,0.6,0.5,0.3,2.4,5,0.0,0.6,0.4,0.8,1.4,2.2,0.8,0.4,0.6,1.8,76986,Premier League 25/26
2026-01-25,11:00,Newcastle United,Aston Villa,14025119,OP,57,0.47368421052631576,0.3157894736842105,0.21052631578947367,1.456140350877193,0.9122807017543859,2.3684210526315788,0.45614035087719296,0.3684210526315789,1.736842105263158,0.9473684210526315,10,0.5,0.2,0.3,1.8,1.2,3.0,0.4,0.6,1.7,1.1,5,0.6,0.2,0.2,2.4,1.2,3.6,0.6,0.8,2.0,0.8,76986,Premier League 25/26
2026-01-25,11:00,Brentford,Nottingham Forest,14025101,osab,7,0.42857142857142855,0.2857142857142857,0.2857142857142857,1.5714285714285714,1.5714285714285714,3.142857142857143,0.7142857142857143,0.5714285714285714,1.5714285714285714,1.1428571428571428,7,0.42857142857142855,0.2857142857142857,0.2857142857142857,1.5714285714285714,1.5714285714285714,3.142857142857143,0.7142857142857143,0.5714285714285714,1.5714285714285714,1.1428571428571428,5,0.4,0.2,0.4,1.4,1.6,3.0,0.6,0.4,1.4,1.4,76986,Premier League 25/26
2026-01-25,13:30,Arsenal,Manchester Utd,14025098,KR,67,0.3283582089552239,0.2835820895522388,0.3880597014925373,1.164179104477612,1.328358208955224,2.4925373134328357,0.5223880597014925,0.44776119402985076,1.2686567164179106,1.4477611940298507,10,0.6,0.2,0.2,1.7,1.1,2.8,0.6,0.5,2.0,0.8,5,0.8,0.2,0.0,1.6,0.4,2.0,0.4,0.2,2.6,0.2,76986,Premier League 25/26
2026-01-26,17:00,Everton,Leeds United,15129439,JsY,31,0.3225806451612903,0.3870967741935484,0.2903225806451613,1.1935483870967742,0.967741935483871,2.161290322580645,0.3225806451612903,0.2903225806451613,1.3548387096774193,1.2580645161290323,10,0.5,0.3,0.2,1.6,0.7,2.3,0.4,0.4,1.8,0.9,5,0.4,0.4,0.2,1.4,0.8,2.2,0.4,0.4,1.6,1.0,76986,Premier League 25/26
2026-01-31,12:00,Leeds United,Arsenal,14025134,JsR,31,0.25806451612903225,0.16129032258064516,0.5806451612903226,0.967741935483871,2.032258064516129,3.0,0.5483870967741935,0.6774193548387096,0.9354838709677419,1.903225806451613,10,0.1,0.1,0.8,0.9,3.1,4.0,0.6,0.8,0.4,2.5,5,0.0,0.0,1.0,0.6,3.2,3.8,0.6,0.8,0.0,3.0,76986,Premier League 25/26
2026-01-31,12:00,Brighton,Everton,14025128,FsY,17,0.29411764705882354,0.23529411764705882,0.47058823529411764,1.2352941176470589,1.6470588235294117,2.8823529411764706,0.5294117647058824,0.4117647058823529,1.1176470588235294,1.6470588235294117,10,0.3,0.3,0.4,1.3,1.5,2.8,0.5,0.4,1.2,1.5,5,0.2,0.4,0.4,1.0,1.0,2.0,0.4,0.2,1.0,1.6,76986,Premier League 25/26
2026-01-31,12:00,Wolves,Bournemouth,14025152,dskb,11,0.45454545454545453,0.18181818181818182,0.36363636363636365,1.0,0.9090909090909091,1.9090909090909092,0.36363636363636365,0.2727272727272727,1.5454545454545454,1.2727272727272727,10,0.4,0.2,0.4,0.9,1.0,1.9,0.4,0.3,1.4,1.4,5,0.4,0.0,0.6,1.0,1.4,2.4,0.4,0.4,1.2,1.8,76986,Premier League 25/26
2026-01-31,14:30,Chelsea,West Ham United,14025131,MsN,59,0.559322033898305,0.1694915254237288,0.2711864406779661,1.8305084745762712,0.9322033898305084,2.76271186440678,0.5254237288135594,0.559322033898305,1.847457627118644,0.9830508474576272,10,0.7,0.1,0.2,2.3,1.0,3.3,0.6,0.7,2.2,0.7,5,0.8,0.0,0.2,3.2,1.0,4.2,0.6,1.0,2.4,0.6,76986,Premier League 25/26
2026-01-31,17:00,Liverpool,Newcastle United,14025137,OU,0,0.0,0.0,0.0,0.0,0.0,0.0,0.0,0.0,0.0,0.0,0,0.0,0.0,0.0,0.0,0.0,0.0,0.0,0.0,0.0,0.0,0,0.0,0.0,0.0,0.0,0.0,0.0,0.0,0.0,0.0,0.0,76986,Premier League 25/26
2026-02-01,11:00,Manchester Utd,Fulham,14025140,KsT,37,0.7027027027027027,0.1891891891891892,0.10810810810810811,2.081081081081081,0.972972972972973,3.054054054054054,0.5675675675675675,0.6216216216216216,2.2972972972972974,0.5135135135135135,10,0.7,0.2,0.1,1.5,0.7,2.2,0.6,0.5,2.3,0.5,5,0.6,0.2,0.2,1.0,0.6,1.6,0.4,0.2,2.0,0.8,76986,Premier League 25/26
2026-02-01,11:00,Aston Villa,Brentford,14025125,Psab,9,0.4444444444444444,0.3333333333333333,0.2222222222222222,1.7777777777777777,1.1111111111111112,2.888888888888889,0.6666666666666666,0.5555555555555556,1.6666666666666667,1.0,9,0.4444444444444444,0.3333333333333333,0.2222222222222222,1.7777777777777777,1.1111111111111112,2.888888888888889,0.6666666666666666,0.5555555555555556,1.6666666666666667,1.0,5,0.6,0.2,0.2,1.8,1.2,3.0,0.6,0.6,2.0,0.8,76986,Premier League 25/26
2026-02-01,11:00,Nottingham Forest,Crystal Palace,14025143,hso,11,0.36363636363636365,0.6363636363636364,0.0,1.0,0.6363636363636364,1.6363636363636365,0.6363636363636364,0.09090909090909091,1.7272727272727273,0.6363636363636364,10,0.4,0.6,0.0,1.0,0.6,1.6,0.6,0.1,1.8,0.6,5,0.2,0.8,0.0,0.8,0.6,1.4,0.6,0.0,1.4,0.8,76986,Premier League 25/26
2026-02-01,13:30,Tottenham Hotspur,Manchester City,14025149,rI,57,0.5087719298245614,0.17543859649122806,0.3157894736842105,1.4385964912280702,1.3859649122807018,2.824561403508772,0.5087719298245614,0.5263157894736842,1.7017543859649122,1.1228070175438596,10,0.5,0.1,0.4,1.6,1.5,3.1,0.3,0.5,1.6,1.3,5,0.4,0.2,0.4,1.8,1.2,3.0,0.2,0.4,1.4,1.4,76986,Premier League 25/26
2026-02-02,17:00,Sunderland,Burnley,15129444,gsQ,7,0.2857142857142857,0.2857142857142857,0.42857142857142855,0.8571428571428571,1.4285714285714286,2.2857142857142856,0.42857142857142855,0.42857142857142855,1.1428571428571428,1.5714285714285714,7,0.2857142857142857,0.2857142857142857,0.42857142857142855,0.8571428571428571,1.4285714285714286,2.2857142857142856,0.42857142857142855,0.42857142857142855,1.1428571428571428,1.5714285714285714,5,0.2,0.4,0.4,0.6,1.2,1.8,0.2,0.2,1.0,1.6,76986,Premier League 25/26
2026-02-06,17:00,Leeds United,Nottingham Forest,14025170,osJ,13,0.38461538461538464,0.23076923076923078,0.38461538461538464,1.1538461538461537,1.4615384615384615,2.6153846153846154,0.6153846153846154,0.46153846153846156,1.3846153846153846,1.3846153846153846,10,0.3,0.3,0.4,1.2,1.5,2.7,0.7,0.5,1.2,1.5,5,0.4,0.2,0.4,1.4,1.4,2.8,0.8,0.6,1.4,1.4,76986,Premier League 25/26
2026-02-07,09:30,Manchester Utd,Tottenham Hotspur,14025176,IsK,67,0.5522388059701493,0.2537313432835821,0.19402985074626866,1.626865671641791,1.0597014925373134,2.6865671641791047,0.47761194029850745,0.5373134328358209,1.9104477611940298,0.835820895522388,10,0.4,0.3,0.3,1.7,1.5,3.2,0.5,0.7,1.5,1.2,5,0.0,0.4,0.6,0.8,2.0,2.8,0.4,0.6,0.4,2.2,76986,Premier League 25/26
2026-02-07,12:00,Arsenal,Sunderland,14025158,QR,33,0.5757575757575758,0.3333333333333333,0.09090909090909091,1.7272727272727273,0.6363636363636364,2.3636363636363638,0.45454545454545453,0.45454545454545453,2.0606060606060606,0.6060606060606061,10,0.7,0.3,0.0,2.1,0.6,2.7,0.5,0.5,2.4,0.3,5,0.6,0.4,0.0,2.2,0.8,3.0,0.6,0.6,2.2,0.4,76986,Premier League 25/26
2026-02-07,12:00,Wolves,Chelsea,14025182,dsN,23,0.2608695652173913,0.17391304347826086,0.5652173913043478,1.0,2.3043478260869565,3.3043478260869565,0.4782608695652174,0.6521739130434783,0.9565217391304348,1.8695652173913044,10,0.3,0.3,0.4,1.2,2.0,3.2,0.5,0.7,1.2,1.5,5,0.4,0.0,0.6,1.8,3.0,4.8,0.8,1.0,1.2,1.8,76986,Premier League 25/26
2026-02-07,12:00,Bournemouth,Aston Villa,14025155,Pkb,11,0.36363636363636365,0.18181818181818182,0.45454545454545453,1.0909090909090908,1.6363636363636365,2.727272727272727,0.5454545454545454,0.6363636363636364,1.2727272727272727,1.5454545454545454,10,0.4,0.2,0.4,1.2,1.7,2.9,0.6,0.7,1.4,1.4,5,0.0,0.4,0.6,0.8,2.2,3.0,0.6,0.6,0.4,2.2,76986,Premier League 25/26
2026-02-07,12:00,Fulham,Everton,14025167,TsY,37,0.32432432432432434,0.16216216216216217,0.5135135135135135,0.9459459459459459,1.5135135135135136,2.4594594594594597,0.40540540540540543,0.4594594594594595,1.135135135135135,1.7027027027027026,10,0.4,0.3,0.3,1.2,1.0,2.2,0.4,0.3,1.5,1.2,5,0.2,0.4,0.4,0.6,1.2,1.8,0.4,0.2,1.0,1.6,76986,Premier League 25/26
2026-02-07,12:00,Burnley,West Ham United,14025164,gsM,19,0.2631578947368421,0.21052631578947367,0.5263157894736842,1.368421052631579,1.5263157894736843,2.8947368421052633,0.5789473684210527,0.5789473684210527,1.0,1.7894736842105263,10,0.3,0.3,0.4,1.3,1.1,2.4,0.5,0.5,1.2,1.5,5,0.0,0.6,0.4,1.2,1.6,2.8,0.8,0.6,0.6,1.8,76986,Premier League 25/26
2026-02-07,14:30,Newcastle United,Brentford,14025179,Osab,9,0.6666666666666666,0.1111111111111111,0.2222222222222222,2.4444444444444446,1.6666666666666667,4.111111111111111,0.7777777777777778,0.7777777777777778,2.111111111111111,0.7777777777777778,9,0.6666666666666666,0.1111111111111111,0.2222222222222222,2.4444444444444446,1.6666666666666667,4.111111111111111,0.7777777777777778,0.7777777777777778,2.111111111111111,0.7777777777777778,5,0.6,0.0,0.4,2.0,2.0,4.0,0.8,0.8,1.8,1.2,76986,Premier League 25/26
2026-02-08,11:00,Brighton,Crystal Palace,14025161,hsF,17,0.23529411764705882,0.47058823529411764,0.29411764705882354,1.2352941176470589,1.1764705882352942,2.411764705882353,0.7647058823529411,0.4117647058823529,1.1764705882352942,1.3529411764705883,10,0.2,0.5,0.3,1.2,1.2,2.4,0.8,0.4,1.1,1.4,5,0.2,0.4,0.4,1.4,1.4,2.8,0.8,0.6,1.0,1.6,76986,Premier League 25/26
2026-02-08,13:30,Liverpool,Manchester City,14025173,rU,0,0.0,0.0,0.0,0.0,0.0,0.0,0.0,0.0,0.0,0.0,0,0.0,0.0,0.0,0.0,0.0,0.0,0.0,0.0,0.0,0.0,0,0.0,0.0,0.0,0.0,0.0,0.0,0.0,0.0,0.0,0.0,76986,Premier League 25/26
2026-02-10,16:30,Chelsea,Leeds United,14025188,JsN,31,0.3870967741935484,0.2903225806451613,0.3225806451612903,1.064516129032258,1.1935483870967742,2.2580645161290325,0.3870967741935484,0.3548387096774194,1.4516129032258065,1.2580645161290323,10,0.6,0.2,0.2,1.6,1.2,2.8,0.5,0.6,2.0,0.8,5,0.6,0.0,0.4,1.6,1.6,3.2,0.4,0.8,1.8,1.2,76986,Premier League 25/26
2026-02-10,16:30,Tottenham Hotspur,Newcastle United,14025200,IO,61,0.4098360655737705,0.14754098360655737,0.4426229508196721,1.5737704918032787,1.6229508196721312,3.19672131147541,0.639344262295082,0.6229508196721312,1.3770491803278688,1.4754098360655739,10,0.3,0.2,0.5,2.0,2.4,4.4,0.9,1.0,1.1,1.7,5,0.2,0.2,0.6,1.6,2.2,3.8,0.8,1.0,0.8,2.0,76986,Premier League 25/26
2026-02-10,16:30,Everton,Bournemouth,14025191,Yskb,17,0.4117647058823529,0.11764705882352941,0.47058823529411764,1.6470588235294117,1.6470588235294117,3.2941176470588234,0.5882352941176471,0.7058823529411765,1.3529411764705883,1.5294117647058822,10,0.4,0.0,0.6,1.2,1.5,2.7,0.4,0.6,1.2,1.8,5,0.4,0.0,0.6,1.4,1.2,2.6,0.4,0.6,1.2,1.8,76986,Premier League 25/26
2026-02-10,17:15,West Ham United,Manchester Utd,14025203,KM,59,0.1864406779661017,0.22033898305084745,0.5932203389830508,0.8983050847457628,1.8135593220338984,2.711864406779661,0.5084745762711864,0.5084745762711864,0.7796610169491526,2.0,10,0.4,0.1,0.5,0.9,1.0,1.9,0.3,0.3,1.3,1.6,5,0.6,0.2,0.2,1.4,1.0,2.4,0.4,0.4,2.0,0.8,76986,Premier League 25/26
2026-02-11,16:30,Manchester City,Fulham,14025212,rsT,35,0.6285714285714286,0.2571428571428571,0.11428571428571428,2.4,1.1142857142857143,3.5142857142857142,0.6571428571428571,0.6857142857142857,2.142857142857143,0.6,10,1.0,0.0,0.0,3.0,0.9,3.9,0.5,0.7,3.0,0.0,5,1.0,0.0,0.0,3.8,1.4,5.2,0.6,0.8,3.0,0.0,76986,Premier League 25/26
2026-02-11,16:30,Aston Villa,Brighton,14025206,FP,13,0.6153846153846154,0.23076923076923078,0.15384615384615385,2.076923076923077,1.0,3.076923076923077,0.6153846153846154,0.6153846153846154,2.076923076923077,0.6923076923076923,10,0.7,0.2,0.1,2.3,0.9,3.2,0.5,0.6,2.3,0.5,5,0.6,0.2,0.2,3.0,1.4,4.4,0.6,0.8,2.0,0.8,76986,Premier League 25/26
2026-02-11,16:30,Nottingham Forest,Wolves,14025194,dso,7,0.2857142857142857,0.5714285714285714,0.14285714285714285,1.2857142857142858,0.8571428571428571,2.142857142857143,0.5714285714285714,0.2857142857142857,1.4285714285714286,1.0,7,0.2857142857142857,0.5714285714285714,0.14285714285714285,1.2857142857142858,0.8571428571428571,2.142857142857143,0.5714285714285714,0.2857142857142857,1.4285714285714286,1.0,5,0.4,0.6,0.0,1.6,0.8,2.4,0.6,0.4,1.8,0.6,76986,Premier League 25/26
2026-02-11,16:30,Crystal Palace,Burnley,14025209,gsh,17,0.47058823529411764,0.17647058823529413,0.35294117647058826,1.3529411764705883,1.0588235294117647,2.411764705882353,0.29411764705882354,0.35294117647058826,1.588235294117647,1.2352941176470589,10,0.5,0.2,0.3,1.5,1.0,2.5,0.3,0.4,1.7,1.1,5,0.6,0.4,0.0,2.0,0.8,2.8,0.4,0.4,2.2,0.4,76986,Premier League 25/26
2026-02-11,17:15,Sunderland,Liverpool,14025197,QU,0,0.0,0.0,0.0,0.0,0.0,0.0,0.0,0.0,0.0,0.0,0,0.0,0.0,0.0,0.0,0.0,0.0,0.0,0.0,0.0,0.0,0,0.0,0.0,0.0,0.0,0.0,0.0,0.0,0.0,0.0,0.0,76986,Premier League 25/26
2026-02-12,17:00,Brentford,Arsenal,14025185,Rsab,9,0.1111111111111111,0.2222222222222222,0.6666666666666666,0.7777777777777778,1.6666666666666667,2.4444444444444446,0.5555555555555556,0.4444444444444444,0.5555555555555556,2.2222222222222223,9,0.1111111111111111,0.2222222222222222,0.6666666666666666,0.7777777777777778,1.6666666666666667,2.4444444444444446,0.5555555555555556,0.4444444444444444,0.5555555555555556,2.2222222222222223,5,0.0,0.2,0.8,0.6,1.8,2.4,0.6,0.4,0.2,2.6,76986,Premier League 25/26
2026-02-18,17:00,Wolves,Arsenal,14025018,dsR,23,0.13043478260869565,0.13043478260869565,0.7391304347826086,0.6521739130434783,1.9565217391304348,2.608695652173913,0.4782608695652174,0.4782608695652174,0.5217391304347826,2.347826086956522,10,0.1,0.0,0.9,0.5,2.0,2.5,0.4,0.5,0.3,2.7,5,0.0,0.0,1.0,0.4,1.8,2.2,0.4,0.4,0.0,3.0,76986,Premier League 25/26
2026-02-21,12:00,Chelsea,Burnley,14024007,gsN,19,0.6842105263157895,0.2631578947368421,0.05263157894736842,2.526315789473684,0.8421052631578947,3.3684210526315788,0.5789473684210527,0.7368421052631579,2.3157894736842106,0.42105263157894735,10,0.7,0.3,0.0,2.7,0.8,3.5,0.5,0.7,2.4,0.3,5,0.6,0.4,0.0,2.6,0.8,3.4,0.6,0.6,2.2,0.4,76986,Premier League 25/26
2026-02-21,12:00,Aston Villa,Leeds United,14025215,JsP,31,0.3870967741935484,0.3870967741935484,0.22580645161290322,1.032258064516129,0.8387096774193549,1.8709677419354838,0.3870967741935484,0.3225806451612903,1.5483870967741935,1.064516129032258,10,0.5,0.3,0.2,1.4,1.1,2.5,0.4,0.6,1.8,0.9,5,0.6,0.4,0.0,2.0,1.0,3.0,0.6,0.8,2.2,0.4,76986,Premier League 25/26
2026-02-21,12:00,Brentford,Brighton,14024006,Fsab,9,0.2222222222222222,0.3333333333333333,0.4444444444444444,1.2222222222222223,1.3333333333333333,2.5555555555555554,0.4444444444444444,0.4444444444444444,1.0,1.6666666666666667,9,0.2222222222222222,0.3333333333333333,0.4444444444444444,1.2222222222222223,1.3333333333333333,2.5555555555555554,0.4444444444444444,0.4444444444444444,1.0,1.6666666666666667,5,0.2,0.4,0.4,1.2,1.2,2.4,0.6,0.6,1.0,1.6,76986,Premier League 25/26
2026-02-21,14:30,West Ham United,Bournemouth,14023969,Mkb,17,0.29411764705882354,0.47058823529411764,0.23529411764705882,1.9411764705882353,1.4705882352941178,3.411764705882353,0.7058823529411765,0.5882352941176471,1.3529411764705883,1.1764705882352942,10,0.3,0.6,0.1,1.9,1.1,3.0,0.6,0.5,1.5,0.9,5,0.0,1.0,0.0,1.4,1.4,2.8,1.0,0.4,1.0,1.0,76986,Premier League 25/26
2026-02-21,17:00,Manchester City,Newcastle United,14024010,rO,51,0.6274509803921569,0.17647058823529413,0.19607843137254902,2.0784313725490198,0.9411764705882353,3.019607843137255,0.43137254901960786,0.5686274509803921,2.0588235294117645,0.7647058823529411,10,0.7,0.2,0.1,2.8,1.1,3.9,0.5,0.7,2.3,0.5,5,0.6,0.2,0.2,2.0,1.0,3.0,0.6,0.6,2.0,0.8,76986,Premier League 25/26
2026-02-22,11:00,Nottingham Forest,Liverpool,14024013,osU,0,0.0,0.0,0.0,0.0,0.0,0.0,0.0,0.0,0.0,0.0,0,0.0,0.0,0.0,0.0,0.0,0.0,0.0,0.0,0.0,0.0,0,0.0,0.0,0.0,0.0,0.0,0.0,0.0,0.0,0.0,0.0,76986,Premier League 25/26
2026-02-22,11:00,Crystal Palace,Wolves,14024008,dsh,15,0.6,0.13333333333333333,0.26666666666666666,1.6,1.0666666666666667,2.6666666666666665,0.4,0.3333333333333333,1.9333333333333333,0.9333333333333333,10,0.8,0.1,0.1,2.1,1.0,3.1,0.5,0.5,2.5,0.4,5,0.8,0.2,0.0,2.8,1.4,4.2,0.8,0.8,2.6,0.2,76986,Premier League 25/26
2026-02-22,11:00,Sunderland,Fulham,14024011,QsT,21,0.23809523809523808,0.3333333333333333,0.42857142857142855,0.9047619047619048,1.1428571428571428,2.0476190476190474,0.42857142857142855,0.42857142857142855,1.0476190476190477,1.619047619047619,10,0.2,0.4,0.4,1.0,1.1,2.1,0.4,0.5,1.0,1.6,5,0.4,0.2,0.4,1.8,1.2,3.0,0.6,0.6,1.4,1.4,76986,Premier League 25/26
2026-02-22,13:30,Tottenham Hotspur,Arsenal,14024012,IsR,67,0.23880597014925373,0.3283582089552239,0.43283582089552236,1.1940298507462686,1.5970149253731343,2.791044776119403,0.6417910447761194,0.5074626865671642,1.044776119402985,1.626865671641791,10,0.1,0.1,0.8,1.2,2.2,3.4,0.7,0.8,0.4,2.5,5,0.0,0.2,0.8,1.2,2.4,3.6,0.8,0.8,0.2,2.6,76986,Premier League 25/26
2026-02-23,17:00,Everton,Manchester Utd,15238290,KsY,67,0.16417910447761194,0.2537313432835821,0.582089552238806,0.9402985074626866,1.791044776119403,2.7313432835820897,0.43283582089552236,0.43283582089552236,0.746268656716418,2.0,10,0.2,0.3,0.5,0.9,1.9,2.8,0.4,0.5,0.9,1.8,5,0.2,0.2,0.6,0.6,2.2,2.8,0.2,0.6,0.8,2.0,76986,Premier League 25/26
2026-02-27,17:00,Wolves,Aston Villa,14023979,dsP,21,0.3333333333333333,0.23809523809523808,0.42857142857142855,1.0476190476190477,1.3333333333333333,2.380952380952381,0.47619047619047616,0.42857142857142855,1.2380952380952381,1.5238095238095237,10,0.4,0.3,0.3,1.1,1.1,2.2,0.5,0.3,1.5,1.2,5,0.2,0.2,0.6,0.8,1.4,2.2,0.4,0.2,0.8,2.0,76986,Premier League 25/26
2026-02-28,09:30,Bournemouth,Sunderland,14023970,Qkb,5,0.4,0.2,0.4,1.4,1.2,2.6,0.6,0.4,1.4,1.4,5,0.4,0.2,0.4,1.4,1.2,2.6,0.6,0.4,1.4,1.4,5,0.4,0.2,0.4,1.4,1.2,2.6,0.6,0.4,1.4,1.4,76986,Premier League 25/26
2026-02-28,12:00,Liverpool,West Ham United,14023976,MU,0,0.0,0.0,0.0,0.0,0.0,0.0,0.0,0.0,0.0,0.0,0,0.0,0.0,0.0,0.0,0.0,0.0,0.0,0.0,0.0,0.0,0,0.0,0.0,0.0,0.0,0.0,0.0,0.0,0.0,0.0,0.0,76986,Premier League 25/26
2026-02-28,12:00,Newcastle United,Everton,14023977,OY,61,0.4098360655737705,0.22950819672131148,0.36065573770491804,1.3442622950819672,1.2622950819672132,2.6065573770491803,0.5081967213114754,0.47540983606557374,1.459016393442623,1.3114754098360655,10,0.5,0.2,0.3,1.5,0.9,2.4,0.4,0.4,1.7,1.1,5,0.2,0.4,0.4,1.0,1.2,2.2,0.4,0.4,1.0,1.6,76986,Premier League 25/26
2026-02-28,12:00,Burnley,Brentford,14023975,gsab,5,0.4,0.0,0.6,1.2,2.0,3.2,0.6,0.8,1.2,1.8,5,0.4,0.0,0.6,1.2,2.0,3.2,0.6,0.8,1.2,1.8,5,0.4,0.0,0.6,1.2,2.0,3.2,0.6,0.8,1.2,1.8,76986,Premier League 25/26
2026-02-28,14:30,Leeds United,Manchester City,14023974,rsJ,21,0.2857142857142857,0.2857142857142857,0.42857142857142855,1.1904761904761905,1.6666666666666667,2.857142857142857,0.5238095238095238,0.5714285714285714,1.1428571428571428,1.5714285714285714,10,0.1,0.3,0.6,1.0,2.5,3.5,0.8,0.7,0.6,2.1,5,0.0,0.0,1.0,0.8,3.8,4.6,0.6,1.0,0.0,3.0,76986,Premier League 25/26
2026-03-01,11:00,Manchester Utd,Crystal Palace,14023978,hK,33,0.6060606060606061,0.21212121212121213,0.18181818181818182,1.5151515151515151,0.7272727272727273,2.242424242424242,0.3333333333333333,0.3939393939393939,2.0303030303030303,0.7575757575757576,10,0.3,0.3,0.4,0.6,1.1,1.7,0.3,0.3,1.2,1.5,5,0.2,0.2,0.6,0.4,1.6,2.0,0.2,0.4,0.8,2.0,76986,Premier League 25/26
2026-03-01,11:00,Fulham,Tottenham Hotspur,14023973,IsT,37,0.2972972972972973,0.1891891891891892,0.5135135135135135,0.972972972972973,1.4594594594594594,2.4324324324324325,0.43243243243243246,0.4594594594594595,1.0810810810810811,1.7297297297297298,10,0.3,0.2,0.5,1.1,1.1,2.2,0.5,0.4,1.1,1.7,5,0.6,0.2,0.2,1.6,0.8,2.4,0.4,0.4,2.0,0.8,76986,Premier League 25/26
2026-03-01,11:00,Brighton,Nottingham Forest,14023972,osF,7,0.42857142857142855,0.2857142857142857,0.2857142857142857,1.2857142857142858,2.0,3.2857142857142856,0.42857142857142855,0.5714285714285714,1.5714285714285714,1.1428571428571428,7,0.42857142857142855,0.2857142857142857,0.2857142857142857,1.2857142857142858,2.0,3.2857142857142856,0.42857142857142855,0.5714285714285714,1.5714285714285714,1.1428571428571428,5,0.6,0.2,0.2,1.6,2.2,3.8,0.4,0.6,2.0,0.8,76986,Premier League 25/26
2026-03-01,13:30,Arsenal,Chelsea,14023971,NR,67,0.417910447761194,0.2835820895522388,0.29850746268656714,1.4029850746268657,1.2835820895522387,2.6865671641791047,0.5373134328358209,0.5074626865671642,1.537313432835821,1.1791044776119404,10,0.6,0.3,0.1,1.9,0.9,2.8,0.5,0.4,2.1,0.6,5,0.4,0.6,0.0,2.0,0.8,2.8,0.6,0.4,1.8,0.6,76986,Premier League 25/26
2026-03-04,16:30,Manchester City,Nottingham Forest,14023984,osr,13,0.46153846153846156,0.3076923076923077,0.23076923076923078,1.8461538461538463,1.0,2.8461538461538463,0.38461538461538464,0.46153846153846156,1.6923076923076923,1.0,10,0.5,0.2,0.3,1.7,0.8,2.5,0.3,0.4,1.7,1.1,5,0.8,0.0,0.2,1.8,0.4,2.2,0.2,0.4,2.4,0.6,76986,Premier League 25/26
2026-03-04,16:30,Brighton,Arsenal,14023933,FsR,17,0.29411764705882354,0.29411764705882354,0.4117647058823529,1.0588235294117647,1.411764705882353,2.4705882352941178,0.5882352941176471,0.47058823529411764,1.1764705882352942,1.5294117647058822,10,0.2,0.3,0.5,1.0,1.6,2.6,0.5,0.5,0.9,1.8,5,0.0,0.4,0.6,0.6,1.8,2.4,0.6,0.4,0.4,2.2,76986,Premier League 25/26
2026-03-04,16:30,Aston Villa,Chelsea,14023986,NP,61,0.2786885245901639,0.22950819672131148,0.4918032786885246,0.9836065573770492,1.6229508196721312,2.6065573770491803,0.4918032786885246,0.47540983606557374,1.0655737704918034,1.7049180327868851,10,0.5,0.1,0.4,1.2,1.6,2.8,0.5,0.7,1.6,1.3,5,0.6,0.2,0.2,1.4,1.4,2.8,0.6,0.8,2.0,0.8,76986,Premier League 25/26
2026-03-04,16:30,Fulham,West Ham United,14023947,MsT,31,0.25806451612903225,0.22580645161290322,0.5161290322580645,1.1290322580645162,1.4838709677419355,2.6129032258064515,0.4838709677419355,0.5161290322580645,1.0,1.7741935483870968,10,0.3,0.2,0.5,1.3,1.2,2.5,0.4,0.4,1.1,1.7,5,0.6,0.2,0.2,2.2,0.8,3.0,0.4,0.4,2.0,0.8,76986,Premier League 25/26
2026-03-04,17:15,Newcastle United,Manchester Utd,14023983,DYBe,61,0.18032786885245902,0.2459016393442623,0.5737704918032787,1.0655737704918034,1.9344262295081966,3.0,0.4918032786885246,0.4918032786885246,0.7868852459016393,1.9672131147540983,10,0.4,0.2,0.4,1.4,1.3,2.7,0.5,0.4,1.4,1.4,5,0.6,0.0,0.4,1.8,1.0,2.8,0.4,0.4,1.8,1.2,76986,Premier League 25/26
2026-03-05,17:00,Tottenham Hotspur,Crystal Palace,14023981,hI,33,0.6060606060606061,0.21212121212121213,0.18181818181818182,1.4848484848484849,0.696969696969697,2.1818181818181817,0.36363636363636365,0.36363636363636365,2.0303030303030303,0.7575757575757576,10,0.7,0.0,0.3,1.8,0.9,2.7,0.3,0.6,2.1,0.9,5,0.6,0.0,0.4,1.2,1.0,2.2,0.4,0.4,1.8,1.2,76986,Premier League 25/26
2026-03-14,12:00,Sunderland,Brighton,14023996,FsQ,1,0.0,1.0,0.0,0.0,0.0,0.0,0.0,0.0,1.0,1.0,1,0.0,1.0,0.0,0.0,0.0,0.0,0.0,0.0,1.0,1.0,1,0.0,1.0,0.0,0.0,0.0,0.0,0.0,0.0,1.0,1.0,76986,Premier League 25/26
2026-03-14,12:00,Burnley,Bournemouth,14023988,gskb,11,0.5454545454545454,0.09090909090909091,0.36363636363636365,1.8181818181818181,1.1818181818181819,3.0,0.6363636363636364,0.7272727272727273,1.7272727272727273,1.1818181818181819,10,0.5,0.1,0.4,1.7,1.1,2.8,0.6,0.7,1.6,1.3,5,0.4,0.2,0.4,1.2,1.0,2.2,0.4,0.4,1.4,1.4,76986,Premier League 25/26
2026-03-14,14:30,Arsenal,Everton,14023987,RY,67,0.582089552238806,0.23880597014925373,0.1791044776119403,1.8656716417910448,0.8656716417910447,2.7313432835820897,0.5373134328358209,0.4626865671641791,1.9850746268656716,0.7761194029850746,10,0.5,0.2,0.3,1.5,0.7,2.2,0.4,0.4,1.7,1.1,5,0.6,0.4,0.0,1.0,0.4,1.4,0.4,0.2,2.2,0.4,76986,Premier League 25/26
2026-03-14,14:30,Chelsea,Newcastle United,14023990,NO,61,0.4918032786885246,0.22950819672131148,0.2786885245901639,1.459016393442623,0.9836065573770492,2.442622950819672,0.4262295081967213,0.45901639344262296,1.7049180327868851,1.0655737704918034,10,0.5,0.2,0.3,1.5,1.3,2.8,0.5,0.5,1.7,1.1,5,0.4,0.2,0.4,1.6,2.2,3.8,0.8,0.8,1.4,1.4,76986,Premier League 25/26
2026-03-14,17:00,West Ham United,Manchester City,14023993,rM,49,0.1836734693877551,0.16326530612244897,0.6530612244897959,0.8775510204081632,1.9387755102040816,2.816326530612245,0.5102040816326531,0.6326530612244898,0.7142857142857143,2.122448979591837,10,0.0,0.1,0.9,0.8,2.7,3.5,0.7,0.9,0.1,2.8,5,0.0,0.0,1.0,0.8,3.2,4.0,0.8,1.0,0.0,3.0,76986,Premier League 25/26
2026-03-15,11:00,Manchester Utd,Aston Villa,14023994,KP,61,0.6721311475409836,0.22950819672131148,0.09836065573770492,1.7704918032786885,0.6885245901639344,2.459016393442623,0.45901639344262296,0.4918032786885246,2.2459016393442623,0.5245901639344263,10,0.5,0.2,0.3,1.5,1.2,2.7,0.6,0.6,1.7,1.1,5,0.6,0.2,0.2,1.6,1.0,2.6,0.6,0.6,2.0,0.8,76986,Premier League 25/26
2026-03-15,11:00,Nottingham Forest,Fulham,14023995,osT,7,0.14285714285714285,0.0,0.8571428571428571,0.8571428571428571,2.142857142857143,3.0,0.42857142857142855,0.5714285714285714,0.42857142857142855,2.5714285714285716,7,0.14285714285714285,0.0,0.8571428571428571,0.8571428571428571,2.142857142857143,3.0,0.42857142857142855,0.5714285714285714,0.42857142857142855,2.5714285714285716,5,0.2,0.0,0.8,0.8,2.0,2.8,0.4,0.6,0.6,2.4,76986,Premier League 25/26
2026-03-15,11:00,Crystal Palace,Leeds United,14023991,hsJ,13,0.38461538461538464,0.15384615384615385,0.46153846153846156,1.3076923076923077,1.3076923076923077,2.6153846153846154,0.46153846153846156,0.46153846153846156,1.3076923076923077,1.5384615384615385,10,0.4,0.1,0.5,1.5,1.5,3.0,0.5,0.5,1.3,1.6,5,0.4,0.2,0.4,1.6,1.4,3.0,0.6,0.6,1.4,1.4,76986,Premier League 25/26
2026-03-15,13:30,Liverpool FC,Tottenham Hotspur,14023992,IsU,67,0.5074626865671642,0.26865671641791045,0.22388059701492538,1.8656716417910448,1.208955223880597,3.074626865671642,0.6268656716417911,0.6268656716417911,1.791044776119403,0.9402985074626866,10,0.7,0.2,0.1,3.0,1.7,4.7,1.0,0.9,2.3,0.5,5,0.8,0.0,0.2,3.6,1.8,5.4,1.0,1.0,2.4,0.6,76986,Premier League 25/26
2026-03-16,17:00,Brentford,Wolves,15408501,dsab,9,0.4444444444444444,0.2222222222222222,0.3333333333333333,1.6666666666666667,1.4444444444444444,3.111111111111111,0.5555555555555556,0.3333333333333333,1.5555555555555556,1.2222222222222223,9,0.4444444444444444,0.2222222222222222,0.3333333333333333,1.6666666666666667,1.4444444444444444,3.111111111111111,0.5555555555555556,0.3333333333333333,1.5555555555555556,1.2222222222222223,5,0.6,0.2,0.2,2.2,1.6,3.8,0.6,0.4,2.0,0.8,76986,Premier League 25/26
2026-03-20,17:00,Bournemouth,Manchester Utd,14023997,Kkb,17,0.23529411764705882,0.23529411764705882,0.5294117647058824,1.3529411764705883,1.9411764705882353,3.2941176470588234,0.5882352941176471,0.6470588235294118,0.9411764705882353,1.8235294117647058,10,0.3,0.3,0.4,1.7,2.0,3.7,0.5,0.7,1.2,1.5,5,0.4,0.6,0.0,2.6,1.4,4.0,0.6,0.8,1.8,0.6,76986,Premier League 25/26
2026-03-21,09:45,Brighton,Liverpool FC,14024015,FsU,17,0.17647058823529413,0.23529411764705882,0.5882352941176471,1.1764705882352942,2.0,3.176470588235294,0.5882352941176471,0.6470588235294118,0.7647058823529411,2.0,10,0.3,0.3,0.4,1.6,1.7,3.3,0.6,0.7,1.2,1.5,5,0.2,0.2,0.6,1.4,2.0,3.4,0.8,0.8,0.8,2.0,76986,Premier League 25/26
2026-03-21,12:00,Manchester City,Crystal Palace,14024019,hr,31,0.6129032258064516,0.25806451612903225,0.12903225806451613,2.129032258064516,0.8064516129032258,2.935483870967742,0.41935483870967744,0.5806451612903226,2.096774193548387,0.6451612903225806,10,0.6,0.3,0.1,2.3,1.2,3.5,0.5,0.6,2.1,0.6,5,0.6,0.4,0.0,3.2,1.6,4.8,0.8,1.0,2.2,0.4,76986,Premier League 25/26
2026-03-21,12:00,Fulham,Burnley,14024016,gsT,9,0.3333333333333333,0.3333333333333333,0.3333333333333333,1.6666666666666667,1.5555555555555556,3.2222222222222223,0.6666666666666666,0.5555555555555556,1.3333333333333333,1.3333333333333333,9,0.3333333333333333,0.3333333333333333,0.3333333333333333,1.6666666666666667,1.5555555555555556,3.2222222222222223,0.6666666666666666,0.5555555555555556,1.3333333333333333,1.3333333333333333,5,0.2,0.4,0.4,1.2,1.8,3.0,0.6,0.4,1.0,1.6,76986,Premier League 25/26
2026-03-21,14:30,Everton,Chelsea,14024017,BQy,67,0.208955223880597,0.3283582089552239,0.4626865671641791,0.9552238805970149,1.5223880597014925,2.4776119402985075,0.44776119402985076,0.43283582089552236,0.9552238805970149,1.7164179104477613,10,0.2,0.3,0.5,0.6,1.5,2.1,0.2,0.2,0.9,1.8,5,0.2,0.2,0.6,0.4,1.8,2.2,0.0,0.2,0.8,2.0,76986,Premier League 25/26
2026-03-21,17:00,Leeds United,Brentford,14024018,Jsab,5,0.2,0.6,0.2,1.4,1.8,3.2,0.8,0.6,1.2,1.2,5,0.2,0.6,0.2,1.4,1.8,3.2,0.8,0.6,1.2,1.2,5,0.2,0.6,0.2,1.4,1.8,3.2,0.8,0.6,1.2,1.2,76986,Premier League 25/26
2026-03-22,09:00,Newcastle United,Sunderland,14024021,OQ,29,0.27586206896551724,0.3448275862068966,0.3793103448275862,1.1379310344827587,1.2413793103448276,2.3793103448275863,0.5862068965517241,0.41379310344827586,1.1724137931034482,1.4827586206896552,10,0.0,0.3,0.7,0.4,1.7,2.1,0.4,0.4,0.3,2.4,5,0.0,0.2,0.8,0.2,1.4,1.6,0.2,0.2,0.2,2.6,76986,Premier League 25/26
2026-03-22,11:15,Tottenham Hotspur,Nottingham Forest,14024020,osI,17,0.4117647058823529,0.058823529411764705,0.5294117647058824,1.2941176470588236,1.3529411764705883,2.6470588235294117,0.5294117647058824,0.5882352941176471,1.2941176470588236,1.6470588235294117,10,0.6,0.0,0.4,1.4,0.9,2.3,0.3,0.4,1.8,1.2,5,0.4,0.0,0.6,1.2,1.4,2.6,0.4,0.6,1.2,1.8,76986,Premier League 25/26
2026-03-22,11:15,Aston Villa,West Ham United,14024014,MP,53,0.3018867924528302,0.4528301886792453,0.24528301886792453,1.1886792452830188,1.0943396226415094,2.2830188679245285,0.5849056603773585,0.39622641509433965,1.3584905660377358,1.1886792452830188,10,0.3,0.3,0.4,1.5,1.7,3.2,0.9,0.6,1.2,1.5,5,0.6,0.4,0.0,2.2,1.2,3.4,1.0,0.6,2.2,0.4,76986,Premier League 25/26
2026-04-10,16:00,West Ham United,Wolves,14025029,dsM,19,0.47368421052631576,0.0,0.5263157894736842,1.1578947368421053,1.1578947368421053,2.3157894736842106,0.21052631578947367,0.42105263157894735,1.4210526315789473,1.5789473684210527,10,0.6,0.0,0.4,1.3,1.0,2.3,0.3,0.5,1.8,1.2,5,0.6,0.0,0.4,1.4,1.2,2.6,0.4,0.8,1.8,1.2,76986,Premier League 25/26
2026-04-11,08:30,Arsenal,Bournemouth,14025021,Rkb,17,0.7058823529411765,0.11764705882352941,0.17647058823529413,2.3529411764705883,1.0,3.3529411764705883,0.5294117647058824,0.7058823529411765,2.235294117647059,0.6470588235294118,10,0.7,0.1,0.2,2.4,1.0,3.4,0.5,0.7,2.2,0.7,5,0.6,0.0,0.4,2.2,1.2,3.4,0.4,0.8,1.8,1.2,76986,Premier League 25/26
2026-04-11,11:00,Brentford,Everton,14025022,Ysab,9,0.3333333333333333,0.3333333333333333,0.3333333333333333,1.2222222222222223,1.2222222222222223,2.4444444444444446,0.5555555555555556,0.3333333333333333,1.3333333333333333,1.3333333333333333,9,0.3333333333333333,0.3333333333333333,0.3333333333333333,1.2222222222222223,1.2222222222222223,2.4444444444444446,0.5555555555555556,0.3333333333333333,1.3333333333333333,1.3333333333333333,5,0.2,0.4,0.4,1.2,1.4,2.6,0.6,0.4,1.0,1.6,76986,Premier League 25/26
2026-04-11,11:00,Burnley,Brighton,14024002,gsF,13,0.23076923076923078,0.5384615384615384,0.23076923076923078,1.0,0.8461538461538461,1.8461538461538463,0.5384615384615384,0.3076923076923077,1.2307692307692308,1.2307692307692308,10,0.2,0.5,0.3,1.2,1.1,2.3,0.7,0.4,1.1,1.4,5,0.2,0.4,0.4,1.2,1.2,2.4,0.6,0.4,1.0,1.6,76986,Premier League 25/26
2026-04-11,13:30,Liverpool FC,Fulham,14024000,TsU,37,0.5405405405405406,0.24324324324324326,0.21621621621621623,1.864864864864865,1.0,2.864864864864865,0.4594594594594595,0.4864864864864865,1.864864864864865,0.8918918918918919,10,0.4,0.4,0.2,1.9,1.6,3.5,0.8,0.7,1.6,1.0,5,0.4,0.4,0.2,2.6,2.2,4.8,1.0,1.0,1.6,1.0,76986,Premier League 25/26
2026-04-12,10:00,Sunderland,Tottenham Hotspur,14025026,IQ,33,0.15151515151515152,0.21212121212121213,0.6363636363636364,0.9393939393939394,1.7878787878787878,2.727272727272727,0.6363636363636364,0.5454545454545454,0.6666666666666666,2.121212121212121,10,0.0,0.3,0.7,0.7,1.9,2.6,0.6,0.5,0.3,2.4,5,0.0,0.4,0.6,0.4,1.4,1.8,0.4,0.2,0.4,2.2,76986,Premier League 25/26
2026-04-12,10:00,Nottingham Forest,Aston Villa,14025025,osP,17,0.17647058823529413,0.29411764705882354,0.5294117647058824,1.0,1.5294117647058822,2.5294117647058822,0.5882352941176471,0.4117647058823529,0.8235294117647058,1.8823529411764706,10,0.2,0.3,0.5,1.1,1.7,2.8,0.6,0.5,0.9,1.8,5,0.4,0.0,0.6,1.6,2.0,3.6,0.8,0.8,1.2,1.8,76986,Premier League 25/26
2026-04-12,10:00,Crystal Palace,Newcastle United,14023999,hO,29,0.20689655172413793,0.3103448275862069,0.4827586206896552,0.7931034482758621,1.3448275862068966,2.1379310344827585,0.3448275862068966,0.3103448275862069,0.9310344827586207,1.7586206896551724,10,0.2,0.4,0.4,0.6,1.5,2.1,0.3,0.3,1.0,1.6,5,0.2,0.2,0.6,0.6,2.4,3.0,0.2,0.4,0.8,2.0,76986,Premier League 25/26
2026-04-12,12:30,Chelsea,Manchester City,14023998,rN,57,0.43859649122807015,0.22807017543859648,0.3333333333333333,1.3157894736842106,1.1228070175438596,2.43859649122807,0.42105263157894735,0.45614035087719296,1.543859649122807,1.2280701754385965,10,0.1,0.3,0.6,0.9,1.6,2.5,0.5,0.3,0.6,2.1,5,0.0,0.6,0.4,1.4,2.2,3.6,0.8,0.4,0.6,1.8,76986,Premier League 25/26
2026-04-13,16:00,Manchester Utd,Leeds United,14025024,JsK,31,0.5161290322580645,0.3548387096774194,0.12903225806451613,1.7096774193548387,0.8064516129032258,2.5161290322580645,0.41935483870967744,0.3548387096774194,1.903225806451613,0.7419354838709677,10,0.6,0.4,0.0,2.4,1.0,3.4,0.7,0.5,2.2,0.4,5,0.6,0.4,0.0,2.8,1.2,4.0,0.8,0.6,2.2,0.4,76986,Premier League 25/26
2026-04-18,08:30,Brentford,Fulham,14025031,Tsab,7,0.2857142857142857,0.14285714285714285,0.5714285714285714,1.7142857142857142,1.8571428571428572,3.5714285714285716,0.7142857142857143,0.8571428571428571,1.0,1.8571428571428572,7,0.2857142857142857,0.14285714285714285,0.5714285714285714,1.7142857142857142,1.8571428571428572,3.5714285714285716,0.7142857142857143,0.8571428571428571,1.0,1.8571428571428572,5,0.2,0.2,0.6,1.4,1.6,3.0,0.6,0.8,0.8,2.0,76986,Premier League 25/26
2026-04-18,11:00,Newcastle United,Bournemouth,14025040,Okb,15,0.26666666666666666,0.4666666666666667,0.26666666666666666,1.3333333333333333,1.4666666666666666,2.8,0.7333333333333333,0.5333333333333333,1.2666666666666666,1.2666666666666666,10,0.2,0.6,0.2,1.4,1.5,2.9,0.8,0.5,1.2,1.2,5,0.0,0.6,0.4,0.8,1.8,2.6,0.6,0.4,0.6,1.8,76986,Premier League 25/26
2026-04-18,11:00,Leeds United,Wolves,14025036,dsJ,9,0.5555555555555556,0.1111111111111111,0.3333333333333333,2.0,1.4444444444444444,3.4444444444444446,0.7777777777777778,0.6666666666666666,1.7777777777777777,1.1111111111111112,9,0.5555555555555556,0.1111111111111111,0.3333333333333333,2.0,1.4444444444444444,3.4444444444444446,0.7777777777777778,0.6666666666666666,1.7777777777777777,1.1111111111111112,5,0.8,0.2,0.0,2.6,1.4,4.0,1.0,0.8,2.6,0.2,76986,Premier League 25/26
2026-04-18,13:30,Tottenham Hotspur,Brighton,14025042,FsI,17,0.5294117647058824,0.11764705882352941,0.35294117647058826,1.411764705882353,1.411764705882353,2.823529411764706,0.5882352941176471,0.5882352941176471,1.7058823529411764,1.1764705882352942,10,0.4,0.1,0.5,1.4,1.7,3.1,0.6,0.6,1.3,1.6,5,0.2,0.2,0.6,1.8,2.8,4.6,1.0,1.0,0.8,2.0,76986,Premier League 25/26
2026-04-18,16:00,Chelsea,Manchester Utd,14025032,mcYb,67,0.2537313432835821,0.44776119402985076,0.29850746268656714,1.1940298507462686,1.2835820895522387,2.4776119402985075,0.5671641791044776,0.43283582089552236,1.208955223880597,1.3432835820895523,10,0.2,0.5,0.3,1.2,1.5,2.7,0.8,0.4,1.1,1.4,5,0.4,0.2,0.4,1.6,1.6,3.2,0.8,0.6,1.4,1.4,76986,Premier League 25/26
2026-04-19,10:00,Everton,Liverpool FC,14025035,UsY,67,0.19402985074626866,0.373134328358209,0.43283582089552236,0.8656716417910447,1.3432835820895523,2.208955223880597,0.43283582089552236,0.373134328358209,0.9552238805970149,1.671641791044776,10,0.2,0.2,0.6,0.8,1.5,2.3,0.3,0.3,0.8,2.0,5,0.2,0.2,0.6,1.0,1.4,2.4,0.4,0.4,0.8,2.0,76986,Premier League 25/26
2026-04-19,10:00,Aston Villa,Sunderland,14025030,nrqc,31,0.3225806451612903,0.45161290322580644,0.22580645161290322,1.1612903225806452,0.7741935483870968,1.935483870967742,0.45161290322580644,0.2903225806451613,1.4193548387096775,1.1290322580645162,10,0.4,0.5,0.1,1.6,0.7,2.3,0.4,0.4,1.7,0.8,5,0.2,0.6,0.2,1.6,1.2,2.8,0.6,0.6,1.2,1.2,76986,Premier League 25/26
2026-04-19,10:00,Nottingham Forest,Burnley,14025041,gso,3,0.3333333333333333,0.6666666666666666,0.0,1.3333333333333333,1.0,2.3333333333333335,1.0,0.3333333333333333,1.6666666666666667,0.6666666666666666,3,0.3333333333333333,0.6666666666666666,0.0,1.3333333333333333,1.0,2.3333333333333335,1.0,0.3333333333333333,1.6666666666666667,0.6666666666666666,3,0.3333333333333333,0.6666666666666666,0.0,1.3333333333333333,1.0,2.3333333333333335,1.0,0.3333333333333333,1.6666666666666667,0.6666666666666666,76986,Premier League 25/26
2026-04-19,12:30,Manchester City,Arsenal,14025039,rsR,57,0.3157894736842105,0.2631578947368421,0.42105263157894735,1.280701754385965,1.4210526315789473,2.7017543859649122,0.47368421052631576,0.543859649122807,1.2105263157894737,1.5263157894736843,10,0.5,0.3,0.2,1.9,1.2,3.1,0.6,0.6,1.8,0.9,5,0.0,0.6,0.4,0.8,1.8,2.6,0.6,0.4,0.6,1.8,76986,Premier League 25/26
2026-04-20,16:00,Crystal Palace,West Ham United,14025034,hsM,29,0.3793103448275862,0.27586206896551724,0.3448275862068966,1.6206896551724137,1.6896551724137931,3.310344827586207,0.7241379310344828,0.6206896551724138,1.4137931034482758,1.3103448275862069,10,0.5,0.2,0.3,2.2,1.8,4.0,0.8,0.7,1.7,1.1,5,0.6,0.2,0.2,2.0,1.2,3.2,0.6,0.4,2.0,0.8,76986,Premier League 25/26
2026-04-21,16:00,Brighton,Chelsea,14024001,FsN,17,0.23529411764705882,0.23529411764705882,0.5294117647058824,1.2941176470588236,1.8235294117647058,3.1176470588235294,0.6470588235294118,0.6470588235294118,0.9411764705882353,1.8235294117647058,10,0.4,0.3,0.3,1.9,1.4,3.3,0.8,0.7,1.5,1.2,5,0.4,0.0,0.6,2.2,2.0,4.2,0.8,1.0,1.2,1.8,76986,Premier League 25/26
2026-04-22,16:00,Burnley,Manchester City,14024003,gsr,19,0.05263157894736842,0.15789473684210525,0.7894736842105263,0.6842105263157895,2.9473684210526314,3.6315789473684212,0.47368421052631576,0.6842105263157895,0.3157894736842105,2.526315789473684,10,0.0,0.0,1.0,0.3,3.2,3.5,0.3,0.6,0.0,3.0,5,0.0,0.0,1.0,0.4,3.0,3.4,0.4,0.6,0.0,3.0,76986,Premier League 25/26
2026-04-22,16:00,Bournemouth,Leeds United,14025044,Jskb,3,0.3333333333333333,0.3333333333333333,0.3333333333333333,3.0,2.3333333333333335,5.333333333333333,1.0,1.0,1.3333333333333333,1.3333333333333333,3,0.3333333333333333,0.3333333333333333,0.3333333333333333,3.0,2.3333333333333335,5.333333333333333,1.0,1.0,1.3333333333333333,1.3333333333333333,3,0.3333333333333333,0.3333333333333333,0.3333333333333333,3.0,2.3333333333333335,5.333333333333333,1.0,1.0,1.3333333333333333,1.3333333333333333,76986,Premier League 25/26
2026-04-24,16:00,Sunderland,Nottingham Forest,14023932,osQ,3,0.6666666666666666,0.3333333333333333,0.0,2.0,0.6666666666666666,2.6666666666666665,0.6666666666666666,0.3333333333333333,2.3333333333333335,0.3333333333333333,3,0.6666666666666666,0.3333333333333333,0.0,2.0,0.6666666666666666,2.6666666666666665,0.6666666666666666,0.3333333333333333,2.3333333333333335,0.3333333333333333,3,0.6666666666666666,0.3333333333333333,0.0,2.0,0.6666666666666666,2.6666666666666665,0.6666666666666666,0.3333333333333333,2.3333333333333335,0.3333333333333333,76986,Premier League 25/26
2026-04-25,08:30,Fulham,Aston Villa,14024004,PsT,35,0.2,0.3142857142857143,0.4857142857142857,0.9428571428571428,1.4857142857142858,2.4285714285714284,0.5428571428571428,0.4857142857142857,0.9142857142857143,1.7714285714285714,10,0.2,0.0,0.8,1.0,2.0,3.0,0.6,0.8,0.6,2.4,5,0.0,0.0,1.0,0.8,2.4,3.2,0.8,0.8,0.0,3.0,76986,Premier League 25/26
2026-04-25,11:00,Liverpool FC,Crystal Palace,14024005,hsU,33,0.5757575757575758,0.21212121212121213,0.21212121212121213,2.1515151515151514,1.0606060606060606,3.212121212121212,0.6060606060606061,0.6666666666666666,1.9393939393939394,0.8484848484848485,10,0.5,0.3,0.2,1.4,0.7,2.1,0.5,0.4,1.8,0.9,5,0.4,0.2,0.4,1.0,1.0,2.0,0.6,0.4,1.4,1.4,76986,Premier League 25/26
2026-04-25,11:00,Wolves,Tottenham Hotspur,14024022,dsI,23,0.391304347826087,0.21739130434782608,0.391304347826087,1.434782608695652,1.565217391304348,3.0,0.6086956521739131,0.4782608695652174,1.391304347826087,1.391304347826087,10,0.5,0.2,0.3,1.4,1.1,2.5,0.5,0.4,1.7,1.1,5,0.6,0.4,0.0,2.2,1.4,3.6,1.0,0.8,2.2,0.4,76986,Premier League 25/26
2026-04-25,11:00,West Ham United,Everton,14023934,MY,59,0.22033898305084745,0.288135593220339,0.4915254237288136,0.9152542372881356,1.576271186440678,2.4915254237288136,0.4915254237288136,0.4406779661016949,0.9491525423728814,1.7627118644067796,10,0.4,0.3,0.3,1.0,0.7,1.7,0.4,0.2,1.5,1.2,5,0.2,0.6,0.2,1.0,0.8,1.8,0.6,0.2,1.2,1.2,76986,Premier League 25/26
2026-04-25,13:30,Arsenal,Newcastle United,14025045,Ardc,61,0.5901639344262295,0.19672131147540983,0.21311475409836064,1.5901639344262295,0.7540983606557377,2.3442622950819674,0.3442622950819672,0.3770491803278688,1.9672131147540983,0.8360655737704918,10,0.6,0.1,0.3,1.3,0.6,1.9,0.2,0.2,1.9,1.0,5,0.6,0.0,0.4,1.4,0.8,2.2,0.4,0.4,1.8,1.2,76986,Premier League 25/26
2026-04-27,16:00,Manchester Utd,Brentford,14023926,Ksab,9,0.5555555555555556,0.1111111111111111,0.3333333333333333,1.7777777777777777,1.6666666666666667,3.4444444444444446,0.6666666666666666,0.7777777777777778,1.7777777777777777,1.1111111111111112,9,0.5555555555555556,0.1111111111111111,0.3333333333333333,1.7777777777777777,1.6666666666666667,3.4444444444444446,0.6666666666666666,0.7777777777777778,1.7777777777777777,1.1111111111111112,5,0.4,0.2,0.4,1.8,2.0,3.8,1.0,0.8,1.4,1.4,76986,Premier League 25/26
2026-05-01,16:00,Leeds United,Burnley,14023940,gsJ,5,0.6,0.2,0.2,1.8,0.8,2.6,0.4,0.4,2.0,0.8,5,0.6,0.2,0.2,1.8,0.8,2.6,0.4,0.4,2.0,0.8,5,0.6,0.2,0.2,1.8,0.8,2.6,0.4,0.4,2.0,0.8,76986,Premier League 25/26
2026-05-02,11:00,Newcastle United,Brighton,14023949,FsO,17,0.11764705882352941,0.47058823529411764,0.4117647058823529,0.7058823529411765,1.1764705882352942,1.8823529411764706,0.47058823529411764,0.35294117647058826,0.8235294117647058,1.7058823529411764,10,0.2,0.4,0.4,1.1,1.4,2.5,0.7,0.5,1.0,1.6,5,0.0,0.4,0.6,0.8,1.6,2.4,0.8,0.4,0.4,2.2,76986,Premier League 25/26
2026-05-02,11:00,Brentford,West Ham United,14023945,Msab,9,0.7777777777777778,0.1111111111111111,0.1111111111111111,1.8888888888888888,0.8888888888888888,2.7777777777777777,0.4444444444444444,0.3333333333333333,2.4444444444444446,0.4444444444444444,9,0.7777777777777778,0.1111111111111111,0.1111111111111111,1.8888888888888888,0.8888888888888888,2.7777777777777777,0.4444444444444444,0.3333333333333333,2.4444444444444446,0.4444444444444444,5,0.6,0.2,0.2,1.8,1.4,3.2,0.6,0.4,2.0,0.8,76986,Premier League 25/26
2026-05-02,11:00,Wolves,Sunderland,14023951,dsQ,7,0.5714285714285714,0.14285714285714285,0.2857142857142857,1.7142857142857142,1.7142857142857142,3.4285714285714284,0.7142857142857143,0.7142857142857143,1.8571428571428572,1.0,7,0.5714285714285714,0.14285714285714285,0.2857142857142857,1.7142857142857142,1.7142857142857142,3.4285714285714284,0.7142857142857143,0.7142857142857143,1.8571428571428572,1.0,5,0.6,0.2,0.2,1.6,1.2,2.8,0.6,0.6,2.0,0.8,76986,Premier League 25/26
2026-05-02,13:30,Arsenal,Fulham,14023931,RsT,37,0.6756756756756757,0.21621621621621623,0.10810810810810811,2.081081081081081,0.7837837837837838,2.864864864864865,0.5675675675675675,0.6486486486486487,2.2432432432432434,0.5405405405405406,10,0.6,0.3,0.1,2.0,0.9,2.9,0.7,0.7,2.1,0.6,5,0.4,0.4,0.2,1.4,1.2,2.6,0.8,0.6,1.6,1.0,76986,Premier League 25/26
2026-05-03,10:00,Bournemouth,Crystal Palace,14024023,hkb,17,0.23529411764705882,0.4117647058823529,0.35294117647058826,1.0588235294117647,1.411764705882353,2.4705882352941178,0.4117647058823529,0.35294117647058826,1.1176470588235294,1.4705882352941178,10,0.2,0.3,0.5,0.9,1.5,2.4,0.2,0.2,0.9,1.8,5,0.4,0.6,0.0,1.2,0.6,1.8,0.2,0.2,1.8,0.6,76986,Premier League 25/26
2026-05-03,11:30,Manchester Utd,Liverpool FC,14023939,KU,67,0.44776119402985076,0.2537313432835821,0.29850746268656714,1.2835820895522387,1.3582089552238805,2.6417910447761193,0.5074626865671642,0.5522388059701493,1.5970149253731343,1.1492537313432836,10,0.2,0.3,0.5,1.0,2.9,3.9,0.5,0.9,0.9,1.8,5,0.2,0.6,0.2,1.2,1.6,2.8,0.6,0.8,1.2,1.2,76986,Premier League 25/26
2026-05-03,15:00,Aston Villa,Tottenham Hotspur,14023927,IP,61,0.32786885245901637,0.22950819672131148,0.4426229508196721,1.0819672131147542,1.4754098360655739,2.557377049180328,0.5081967213114754,0.47540983606557374,1.2131147540983607,1.5573770491803278,10,0.6,0.0,0.4,1.4,1.8,3.2,0.6,0.8,1.8,1.2,5,0.6,0.0,0.4,1.4,2.0,3.4,0.6,0.8,1.8,1.2,76986,Premier League 25/26
2026-05-04,11:00,Chelsea,Nottingham Forest,14023925,osN,17,0.4117647058823529,0.35294117647058826,0.23529411764705882,1.1176470588235294,1.0,2.1176470588235294,0.4117647058823529,0.35294117647058826,1.588235294117647,1.0588235294117647,10,0.5,0.3,0.2,1.6,1.1,2.7,0.6,0.5,1.8,0.9,5,0.6,0.2,0.2,1.6,0.8,2.4,0.4,0.4,2.0,0.8,76986,Premier League 25/26
2026-05-04,16:00,Everton,Manchester City,14023930,rY,57,0.3157894736842105,0.17543859649122806,0.5087719298245614,1.0,1.5964912280701755,2.5964912280701755,0.45614035087719296,0.43859649122807015,1.1228070175438596,1.7017543859649122,10,0.0,0.2,0.8,0.3,2.3,2.6,0.3,0.4,0.2,2.6,5,0.0,0.2,0.8,0.4,2.0,2.4,0.4,0.2,0.2,2.6,76986,Premier League 25/26
2026-05-09,08:30,Liverpool FC,Chelsea,14024024,NsU,67,0.3880597014925373,0.26865671641791045,0.34328358208955223,1.2686567164179106,1.164179104477612,2.4328358208955225,0.5074626865671642,0.417910447761194,1.4328358208955223,1.2985074626865671,10,0.2,0.5,0.3,1.2,1.2,2.4,0.7,0.5,1.1,1.4,5,0.4,0.2,0.4,1.8,1.6,3.4,1.0,0.8,1.4,1.4,76986,Premier League 25/26
2026-05-09,11:00,Sunderland,Manchester Utd,14023938,KsQ,33,0.09090909090909091,0.18181818181818182,0.7272727272727273,0.5757575757575758,1.9090909090909092,2.484848484848485,0.42424242424242425,0.5454545454545454,0.45454545454545453,2.3636363636363638,10,0.2,0.1,0.7,0.6,1.8,2.4,0.4,0.5,0.7,2.2,5,0.2,0.0,0.8,0.6,2.4,3.0,0.4,0.8,0.6,2.4,76986,Premier League 25/26
2026-05-09,11:00,Brighton,Wolves,14023935,dsF,15,0.4,0.4666666666666667,0.13333333333333333,1.8666666666666667,0.9333333333333333,2.8,0.4666666666666667,0.5333333333333333,1.6666666666666667,0.8666666666666667,10,0.5,0.3,0.2,2.2,0.9,3.1,0.5,0.6,1.8,0.9,5,0.4,0.6,0.0,1.8,0.8,2.6,0.6,0.4,1.8,0.6,76986,Premier League 25/26
2026-05-09,11:00,Fulham,Bournemouth,14023948,Tskb,9,0.2222222222222222,0.2222222222222222,0.5555555555555556,1.1111111111111112,1.8888888888888888,3.0,0.5555555555555556,0.7777777777777778,0.8888888888888888,1.8888888888888888,9,0.2222222222222222,0.2222222222222222,0.5555555555555556,1.1111111111111112,1.8888888888888888,3.0,0.5555555555555556,0.7777777777777778,0.8888888888888888,1.8888888888888888,5,0.2,0.2,0.6,1.2,2.0,3.2,0.6,0.8,0.8,2.0,76986,Premier League 25/26
2026-05-09,13:30,Manchester City,Brentford,14023946,rsab,9,0.6666666666666666,0.1111111111111111,0.2222222222222222,1.4444444444444444,0.7777777777777778,2.2222222222222223,0.4444444444444444,0.4444444444444444,2.111111111111111,0.7777777777777778,9,0.6666666666666666,0.1111111111111111,0.2222222222222222,1.4444444444444444,0.7777777777777778,2.2222222222222223,0.4444444444444444,0.4444444444444444,2.111111111111111,0.7777777777777778,5,0.8,0.2,0.0,1.8,0.8,2.6,0.6,0.6,2.6,0.2,76986,Premier League 25/26
2026-05-10,10:00,Nottingham Forest,Newcastle United,14023943,osO,15,0.06666666666666667,0.2,0.7333333333333333,0.9333333333333333,2.066666666666667,3.0,0.6,0.6,0.4,2.4,10,0.1,0.0,0.9,1.1,2.5,3.6,0.6,0.7,0.3,2.7,5,0.2,0.0,0.8,1.8,2.6,4.4,0.8,0.8,0.6,2.4,76986,Premier League 25/26
2026-05-10,10:00,Burnley,Aston Villa,14023929,gsP,13,0.15384615384615385,0.38461538461538464,0.46153846153846156,1.3076923076923077,1.9230769230769231,3.230769230769231,0.8461538461538461,0.6153846153846154,0.8461538461538461,1.7692307692307692,10,0.2,0.3,0.5,1.3,1.8,3.1,0.8,0.7,0.9,1.8,5,0.0,0.2,0.8,1.2,2.4,3.6,1.0,0.8,0.2,2.6,76986,Premier League 25/26
2026-05-10,10:00,Crystal Palace,Everton,14023937,hY,33,0.18181818181818182,0.30303030303030304,0.5151515151515151,1.0,1.6363636363636365,2.6363636363636362,0.6060606060606061,0.5454545454545454,0.8484848484848485,1.8484848484848484,10,0.1,0.3,0.6,1.2,1.8,3.0,0.8,0.7,0.6,2.1,5,0.0,0.2,0.8,1.2,2.0,3.2,1.0,0.8,0.2,2.6,76986,Premier League 25/26
2026-05-10,12:30,West Ham United,Arsenal,14023942,MR,59,0.1694915254237288,0.1864406779661017,0.6440677966101694,0.7796610169491526,1.8983050847457628,2.6779661016949152,0.423728813559322,0.5084745762711864,0.6949152542372882,2.1186440677966103,10,0.2,0.2,0.6,1.2,2.5,3.7,0.5,0.6,0.8,2.0,5,0.4,0.0,0.6,1.0,2.6,3.6,0.2,0.4,1.2,1.8,76986,Premier League 25/26
2026-05-11,16:00,Tottenham Hotspur,Leeds United,14023944,IsJ,31,0.4838709677419355,0.16129032258064516,0.3548387096774194,1.6129032258064515,1.3548387096774193,2.967741935483871,0.5806451612903226,0.6129032258064516,1.6129032258064515,1.2258064516129032,10,0.9,0.0,0.1,2.5,1.1,3.6,0.7,0.9,2.7,0.3,5,1.0,0.0,0.0,3.2,1.2,4.4,0.8,1.0,3.0,0.0,76986,Premier League 25/26
2026-05-13,16:00,Manchester City,Crystal Palace,15999228,hr,31,0.6129032258064516,0.25806451612903225,0.12903225806451613,2.129032258064516,0.8064516129032258,2.935483870967742,0.41935483870967744,0.5806451612903226,2.096774193548387,0.6451612903225806,10,0.6,0.3,0.1,2.3,1.2,3.5,0.5,0.6,2.1,0.6,5,0.6,0.4,0.0,3.2,1.6,4.8,0.8,1.0,2.2,0.4,76986,Premier League 25/26
2026-05-17,08:30,Aston Villa,Liverpool FC,14023928,PU,61,0.21311475409836064,0.19672131147540983,0.5901639344262295,1.0,1.7704918032786885,2.7704918032786887,0.4918032786885246,0.5737704918032787,0.8360655737704918,1.9672131147540983,10,0.0,0.3,0.7,0.9,2.1,3.0,0.6,0.6,0.3,2.4,5,0.0,0.4,0.6,1.0,2.4,3.4,0.4,0.6,0.4,2.2,76986,Premier League 25/26
2026-05-17,08:30,Manchester Utd,Nottingham Forest,14023956,osK,17,0.5882352941176471,0.11764705882352941,0.29411764705882354,2.4705882352941178,0.9411764705882353,3.411764705882353,0.47058823529411764,0.6470588235294118,1.8823529411764706,1.0,10,0.6,0.1,0.3,2.8,1.1,3.9,0.5,0.8,1.9,1.0,5,0.2,0.2,0.6,1.6,2.0,3.6,0.8,0.8,0.8,2.0,76986,Premier League 25/26
2026-05-17,11:00,Chelsea,Tottenham Hotspur,14023952,IN,67,0.582089552238806,0.29850746268656714,0.11940298507462686,1.8059701492537314,0.9104477611940298,2.716417910447761,0.4925373134328358,0.47761194029850745,2.044776119402985,0.6567164179104478,10,0.8,0.1,0.1,2.0,0.8,2.8,0.3,0.4,2.5,0.4,5,1.0,0.0,0.0,2.4,0.8,3.2,0.4,0.4,3.0,0.0,76986,Premier League 25/26
2026-05-17,11:00,Brentford,Crystal Palace,14023953,hsab,9,0.2222222222222222,0.5555555555555556,0.2222222222222222,0.8888888888888888,1.1111111111111112,2.0,0.6666666666666666,0.3333333333333333,1.2222222222222223,1.2222222222222223,9,0.2222222222222222,0.5555555555555556,0.2222222222222222,0.8888888888888888,1.1111111111111112,2.0,0.6666666666666666,0.3333333333333333,1.2222222222222223,1.2222222222222223,5,0.4,0.2,0.4,1.2,1.6,2.8,0.8,0.6,1.4,1.4,76986,Premier League 25/26
2026-05-17,11:00,Leeds United,Brighton,14023954,FsJ,7,0.0,0.42857142857142855,0.5714285714285714,0.42857142857142855,1.4285714285714286,1.8571428571428572,0.2857142857142857,0.2857142857142857,0.42857142857142855,2.142857142857143,7,0.0,0.42857142857142855,0.5714285714285714,0.42857142857142855,1.4285714285714286,1.8571428571428572,0.2857142857142857,0.2857142857142857,0.42857142857142855,2.142857142857143,5,0.0,0.6,0.4,0.6,1.4,2.0,0.4,0.4,0.6,1.8,76986,Premier League 25/26
2026-05-17,11:00,Everton,Sunderland,14023955,QY,33,0.5151515151515151,0.18181818181818182,0.30303030303030304,1.696969696969697,1.0,2.696969696969697,0.36363636363636365,0.45454545454545453,1.7272727272727273,1.0909090909090908,10,0.4,0.2,0.4,1.4,1.1,2.5,0.3,0.3,1.4,1.4,5,0.6,0.2,0.2,2.4,1.2,3.6,0.4,0.6,2.0,0.8,76986,Premier League 25/26
2026-05-17,11:00,Wolves,Fulham,14023958,dsT,19,0.42105263157894735,0.3157894736842105,0.2631578947368421,1.1578947368421053,1.105263157894737,2.263157894736842,0.47368421052631576,0.42105263157894735,1.5789473684210527,1.105263157894737,10,0.5,0.2,0.3,1.3,1.1,2.4,0.5,0.5,1.7,1.1,5,0.4,0.0,0.6,1.8,2.0,3.8,0.8,1.0,1.2,1.8,76986,Premier League 25/26
2026-05-17,13:30,Newcastle United,West Ham United,14023957,MO,55,0.45454545454545453,0.23636363636363636,0.3090909090909091,1.6545454545454545,1.309090909090909,2.963636363636364,0.4909090909090909,0.5636363636363636,1.6,1.1636363636363636,10,0.4,0.3,0.3,2.0,1.9,3.9,0.8,0.6,1.5,1.2,5,0.4,0.2,0.4,1.6,2.0,3.6,0.6,0.6,1.4,1.4,76986,Premier League 25/26
2026-05-18,16:00,Arsenal,Burnley,14023950,gsR,19,0.7894736842105263,0.15789473684210525,0.05263157894736842,1.9473684210526316,0.42105263157894735,2.3684210526315788,0.3684210526315789,0.47368421052631576,2.526315789473684,0.3157894736842105,10,0.6,0.3,0.1,1.7,0.5,2.2,0.4,0.4,2.1,0.6,5,0.8,0.2,0.0,2.2,0.2,2.4,0.2,0.4,2.6,0.2,76986,Premier League 25/26
2026-05-19,15:30,Bournemouth,Manchester City,14023936,rkb,17,0.058823529411764705,0.0,0.9411764705882353,0.6470588235294118,3.0588235294117645,3.7058823529411766,0.5882352941176471,0.8235294117647058,0.17647058823529413,2.823529411764706,10,0.1,0.0,0.9,0.8,2.8,3.6,0.7,0.8,0.3,2.7,5,0.2,0.0,0.8,1.0,2.8,3.8,0.8,0.8,0.6,2.4,76986,Premier League 25/26
2026-05-19,16:15,Chelsea,Tottenham Hotspur,16087727,IN,67,0.582089552238806,0.29850746268656714,0.11940298507462686,1.8059701492537314,0.9104477611940298,2.716417910447761,0.4925373134328358,0.47761194029850745,2.044776119402985,0.6567164179104478,10,0.8,0.1,0.1,2.0,0.8,2.8,0.3,0.4,2.5,0.4,5,1.0,0.0,0.0,2.4,0.8,3.2,0.4,0.4,3.0,0.0,76986,Premier League 25/26
2026-05-24,12:00,Manchester City,Aston Villa,14023961,rP,51,0.6078431372549019,0.19607843137254902,0.19607843137254902,1.9607843137254901,0.9411764705882353,2.9019607843137254,0.5490196078431373,0.5490196078431373,2.019607843137255,0.7843137254901961,10,0.6,0.1,0.3,1.8,1.2,3.0,0.8,0.7,1.9,1.0,5,0.4,0.0,0.6,1.4,1.2,2.6,0.6,0.6,1.2,1.8,76986,Premier League 25/26
2026-05-24,12:00,Liverpool FC,Brentford,14023962,Usab,9,0.6666666666666666,0.1111111111111111,0.2222222222222222,2.3333333333333335,1.1111111111111112,3.4444444444444446,0.4444444444444444,0.6666666666666666,2.111111111111111,0.7777777777777778,9,0.6666666666666666,0.1111111111111111,0.2222222222222222,2.3333333333333335,1.1111111111111112,3.4444444444444446,0.4444444444444444,0.6666666666666666,2.111111111111111,0.7777777777777778,5,0.8,0.0,0.2,2.6,0.8,3.4,0.4,0.6,2.4,0.6,76986,Premier League 25/26
2026-05-24,12:00,Brighton,Manchester Utd,14023959,FsK,17,0.47058823529411764,0.0,0.5294117647058824,1.5294117647058822,1.6470588235294117,3.176470588235294,0.5882352941176471,0.7058823529411765,1.411764705882353,1.588235294117647,10,0.6,0.0,0.4,1.8,1.4,3.2,0.6,0.7,1.8,1.2,5,0.6,0.0,0.4,2.0,1.8,3.8,0.8,0.8,1.8,1.2,76986,Premier League 25/26
2026-05-24,12:00,Crystal Palace,Arsenal,14023963,hsR,33,0.12121212121212122,0.2727272727272727,0.6060606060606061,1.0,2.0606060606060606,3.0606060606060606,0.5757575757575758,0.6363636363636364,0.6363636363636364,2.090909090909091,10,0.1,0.2,0.7,1.0,2.5,3.5,0.5,0.7,0.5,2.3,5,0.0,0.2,0.8,0.6,2.8,3.4,0.4,0.6,0.2,2.6,76986,Premier League 25/26
2026-05-24,12:00,Sunderland,Chelsea,14023966,NsQ,33,0.21212121212121213,0.09090909090909091,0.696969696969697,1.2424242424242424,2.3636363636363638,3.606060606060606,0.5757575757575758,0.7575757575757576,0.7272727272727273,2.1818181818181817,10,0.3,0.1,0.6,1.4,2.2,3.6,0.8,0.8,1.0,1.9,5,0.4,0.0,0.6,1.4,2.4,3.8,0.8,0.8,1.2,1.8,76986,Premier League 25/26
2026-05-24,12:00,Tottenham Hotspur,Everton,14023967,UwXh,67,0.47761194029850745,0.373134328358209,0.14925373134328357,1.6417910447761195,0.9552238805970149,2.5970149253731343,0.5223880597014925,0.4925373134328358,1.8059701492537314,0.8208955223880597,10,0.5,0.4,0.1,2.3,0.9,3.2,0.5,0.7,1.9,0.7,5,0.6,0.2,0.2,2.6,1.2,3.8,0.6,1.0,2.0,0.8,76986,Premier League 25/26
2026-05-24,12:00,Fulham,Newcastle United,14023965,OsT,35,0.37142857142857144,0.2,0.42857142857142855,1.1428571428571428,1.3714285714285714,2.5142857142857142,0.5428571428571428,0.4857142857142857,1.3142857142857143,1.4857142857142858,10,0.2,0.1,0.7,0.8,2.0,2.8,0.5,0.6,0.7,2.2,5,0.4,0.0,0.6,1.2,1.6,2.8,0.6,0.8,1.2,1.8,76986,Premier League 25/26
2026-05-24,12:00,Nottingham Forest,Bournemouth,14023964,oskb,7,0.0,0.42857142857142855,0.5714285714285714,1.0,2.2857142857142856,3.2857142857142856,0.7142857142857143,0.42857142857142855,0.42857142857142855,2.142857142857143,7,0.0,0.42857142857142855,0.5714285714285714,1.0,2.2857142857142856,3.2857142857142856,0.7142857142857143,0.42857142857142855,0.42857142857142855,2.142857142857143,5,0.0,0.4,0.6,0.8,2.4,3.2,0.6,0.4,0.4,2.2,76986,Premier League 25/26
2026-05-24,12:00,West Ham United,Leeds United,14023968,JsM,27,0.2222222222222222,0.18518518518518517,0.5925925925925926,0.9629629629629629,1.6296296296296295,2.5925925925925926,0.4074074074074074,0.5185185185185185,0.8518518518518519,1.962962962962963,10,0.4,0.1,0.5,1.7,1.8,3.5,0.7,0.8,1.3,1.6,5,0.4,0.2,0.4,2.0,1.8,3.8,1.0,1.0,1.4,1.4,76986,Premier League 25/26
2026-05-24,12:00,Burnley,Wolves,14023960,dsg,13,0.38461538461538464,0.3076923076923077,0.3076923076923077,1.2307692307692308,0.9230769230769231,2.1538461538461537,0.46153846153846156,0.3076923076923077,1.4615384615384615,1.2307692307692308,10,0.5,0.4,0.1,1.5,0.7,2.2,0.5,0.3,1.9,0.7,5,0.4,0.4,0.2,1.0,0.8,1.8,0.4,0.2,1.6,1.0,76986,Premier League 25/26
2024-08-16,16:00,Manchester Utd,Fulham,12436870,KsT,34,0.7058823529411765,0.17647058823529413,0.11764705882352941,2.176470588235294,1.0294117647058822,3.2058823529411766,0.5882352941176471,0.6764705882352942,2.2941176470588234,0.5294117647058824,10,0.7,0.2,0.1,2.1,1.0,3.1,0.8,0.8,2.3,0.5,5,0.6,0.2,0.2,1.4,1.0,2.4,0.8,0.6,2.0,0.8,61627,Premier League 24/25
2024-08-17,08:30,Ipswich Town,Liverpool,12436871,HsU,0,0.0,0.0,0.0,0.0,0.0,0.0,0.0,0.0,0.0,0.0,0,0.0,0.0,0.0,0.0,0.0,0.0,0.0,0.0,0.0,0.0,0,0.0,0.0,0.0,0.0,0.0,0.0,0.0,0.0,0.0,0.0,61627,Premier League 24/25
2024-08-17,11:00,Arsenal,Wolves,12436872,dsR,20,0.7,0.15,0.15,2.0,0.7,2.7,0.5,0.5,2.25,0.6,10,0.7,0.1,0.2,1.9,0.7,2.6,0.5,0.5,2.2,0.7,5,1.0,0.0,0.0,2.6,0.4,3.0,0.4,0.6,3.0,0.0,61627,Premier League 24/25
2024-08-17,11:00,Newcastle United,Southampton,12436874,OV,44,0.4318181818181818,0.22727272727272727,0.3409090909090909,1.7045454545454546,1.5227272727272727,3.227272727272727,0.6818181818181818,0.7045454545454546,1.5227272727272727,1.25,10,0.7,0.2,0.1,2.0,1.1,3.1,0.7,0.7,2.3,0.5,5,0.8,0.2,0.0,2.8,1.4,4.2,1.0,1.0,2.6,0.2,61627,Premier League 24/25
2024-08-17,11:00,Everton,Brighton,12436873,FsY,14,0.42857142857142855,0.2857142857142857,0.2857142857142857,1.7857142857142858,1.2857142857142858,3.0714285714285716,0.6428571428571429,0.42857142857142855,1.5714285714285714,1.1428571428571428,10,0.4,0.3,0.3,1.9,1.5,3.4,0.7,0.5,1.5,1.2,5,0.2,0.4,0.4,2.0,2.0,4.0,1.0,0.6,1.0,1.6,61627,Premier League 24/25
2024-08-17,11:00,Nottingham Forest,Bournemouth,12436875,oskb,4,0.0,0.5,0.5,1.5,2.0,3.5,1.0,0.5,0.5,2.0,4,0.0,0.5,0.5,1.5,2.0,3.5,1.0,0.5,0.5,2.0,4,0.0,0.5,0.5,1.5,2.0,3.5,1.0,0.5,0.5,2.0,61627,Premier League 24/25
2024-08-17,13:30,West Ham United,Aston Villa,12436877,MP,50,0.26,0.46,0.28,1.08,1.14,2.22,0.56,0.38,1.24,1.3,10,0.5,0.4,0.1,1.6,1.1,2.7,0.8,0.5,1.9,0.7,5,0.4,0.4,0.2,1.2,1.4,2.6,0.8,0.4,1.6,1.0,61627,Premier League 24/25
2024-08-18,10:00,Brentford,Crystal Palace,12436879,hsab,6,0.0,0.8333333333333334,0.16666666666666666,0.6666666666666666,1.0,1.6666666666666667,0.6666666666666666,0.16666666666666666,0.8333333333333334,1.3333333333333333,6,0.0,0.8333333333333334,0.16666666666666666,0.6666666666666666,1.0,1.6666666666666667,0.6666666666666666,0.16666666666666666,0.8333333333333334,1.3333333333333333,5,0.0,0.8,0.2,0.8,1.2,2.0,0.8,0.2,0.8,1.4,61627,Premier League 24/25
2024-08-18,12:30,Chelsea,Manchester City,12436880,rN,54,0.46296296296296297,0.2222222222222222,0.3148148148148148,1.3518518518518519,1.0740740740740742,2.425925925925926,0.4074074074074074,0.46296296296296297,1.6111111111111112,1.1666666666666667,10,0.2,0.2,0.6,1.1,1.6,2.7,0.6,0.5,0.8,2.0,5,0.0,0.4,0.6,1.0,1.6,2.6,0.4,0.2,0.4,2.2,61627,Premier League 24/25
2024-08-19,16:00,Leicester City,Tottenham Hotspur,12436881,MXpf,34,0.38235294117647056,0.14705882352941177,0.47058823529411764,1.7058823529411764,2.0294117647058822,3.735294117647059,0.7352941176470589,0.7058823529411765,1.2941176470588236,1.5588235294117647,10,0.3,0.0,0.7,1.6,2.6,4.2,0.7,0.8,0.9,2.1,5,0.2,0.0,0.8,2.2,3.4,5.6,1.0,1.0,0.6,2.4,61627,Premier League 24/25
2024-08-24,08:30,Brighton,Manchester Utd,12436888,FsK,14,0.42857142857142855,0.0,0.5714285714285714,1.3571428571428572,1.5714285714285714,2.9285714285714284,0.5,0.6428571428571429,1.2857142857142858,1.7142857142857142,10,0.4,0.0,0.6,1.4,1.7,3.1,0.5,0.7,1.2,1.8,5,0.8,0.0,0.2,2.0,0.8,2.8,0.4,0.6,2.4,0.6,61627,Premier League 24/25
2024-08-24,11:00,Manchester City,Ipswich Town,12436898,rsH,8,0.625,0.0,0.375,1.875,1.5,3.375,0.875,0.875,1.875,1.125,8,0.625,0.0,0.375,1.875,1.5,3.375,0.875,0.875,1.875,1.125,5,0.6,0.0,0.4,1.8,1.4,3.2,0.8,0.8,1.8,1.2,61627,Premier League 24/25
2024-08-24,11:00,Tottenham Hotspur,Everton,12436902,UwXh,64,0.46875,0.390625,0.140625,1.578125,0.953125,2.53125,0.53125,0.46875,1.796875,0.8125,10,0.4,0.5,0.1,1.6,0.8,2.4,0.5,0.4,1.7,0.8,5,0.6,0.4,0.0,2.4,0.8,3.2,0.6,0.6,2.2,0.4,61627,Premier League 24/25
2024-08-24,11:00,Crystal Palace,West Ham United,12436892,hsM,26,0.34615384615384615,0.3076923076923077,0.34615384615384615,1.6538461538461537,1.7692307692307692,3.423076923076923,0.7692307692307693,0.6538461538461539,1.3461538461538463,1.3461538461538463,10,0.5,0.3,0.2,2.3,1.8,4.1,1.0,0.8,1.8,0.9,5,0.6,0.2,0.2,2.8,2.0,4.8,1.0,0.8,2.0,0.8,61627,Premier League 24/25
2024-08-24,11:00,Fulham,Leicester City,12436894,GsT,10,0.5,0.3,0.2,1.4,1.0,2.4,0.4,0.3,1.8,0.9,10,0.5,0.3,0.2,1.4,1.0,2.4,0.4,0.3,1.8,0.9,5,0.6,0.0,0.4,1.8,1.8,3.6,0.6,0.6,1.8,1.2,61627,Premier League 24/25
2024-08-24,11:00,Southampton,Nottingham Forest,12436900,osV,12,0.25,0.08333333333333333,0.6666666666666666,1.25,1.8333333333333333,3.0833333333333335,0.5,0.5833333333333334,0.8333333333333334,2.0833333333333335,10,0.2,0.1,0.7,1.2,1.9,3.1,0.4,0.5,0.7,2.2,5,0.4,0.0,0.6,1.4,1.6,3.0,0.4,0.4,1.2,1.8,61627,Premier League 24/25
2024-08-24,13:30,Aston Villa,Arsenal,12436886,PR,58,0.1896551724137931,0.27586206896551724,0.5344827586206896,0.896551724137931,1.6551724137931034,2.5517241379310347,0.4827586206896552,0.5344827586206896,0.8448275862068966,1.8793103448275863,10,0.5,0.0,0.5,1.4,1.3,2.7,0.4,0.5,1.5,1.5,5,0.4,0.0,0.6,1.2,1.4,2.6,0.4,0.4,1.2,1.8,61627,Premier League 24/25
2024-08-25,10:00,Wolves,Chelsea,12436904,dsN,20,0.3,0.2,0.5,1.0,2.05,3.05,0.45,0.6,1.1,1.7,10,0.4,0.3,0.3,1.3,1.6,2.9,0.5,0.6,1.5,1.2,5,0.6,0.2,0.2,1.8,1.6,3.4,0.6,0.8,2.0,0.8,61627,Premier League 24/25
2024-08-25,10:00,Bournemouth,Newcastle United,12436884,Okb,12,0.25,0.4166666666666667,0.3333333333333333,1.4166666666666667,1.5,2.9166666666666665,0.75,0.5833333333333334,1.1666666666666667,1.4166666666666667,10,0.2,0.5,0.3,1.4,1.6,3.0,0.8,0.6,1.1,1.4,5,0.2,0.6,0.2,1.4,1.6,3.0,0.8,0.4,1.2,1.2,61627,Premier League 24/25
2024-08-25,12:30,Liverpool,Brentford,12436896,Usab,0,0.0,0.0,0.0,0.0,0.0,0.0,0.0,0.0,0.0,0.0,0,0.0,0.0,0.0,0.0,0.0,0.0,0.0,0.0,0.0,0.0,0,0.0,0.0,0.0,0.0,0.0,0.0,0.0,0.0,0.0,0.0,61627,Premier League 24/25
2024-08-31,08:30,Arsenal,Brighton,12436906,FsR,14,0.42857142857142855,0.21428571428571427,0.35714285714285715,1.4285714285714286,1.0714285714285714,2.5,0.5,0.5,1.5,1.2857142857142858,10,0.5,0.1,0.4,1.5,1.1,2.6,0.4,0.6,1.6,1.3,5,0.6,0.0,0.4,2.0,1.4,3.4,0.4,0.8,1.8,1.2,61627,Premier League 24/25
2024-08-31,11:00,Leicester City,Aston Villa,12436918,GP,28,0.39285714285714285,0.35714285714285715,0.25,1.6785714285714286,1.3928571428571428,3.0714285714285716,0.6785714285714286,0.6071428571428571,1.5357142857142858,1.1071428571428572,10,0.5,0.2,0.3,2.0,1.2,3.2,0.7,0.7,1.7,1.1,5,0.4,0.2,0.4,1.6,1.4,3.0,0.8,0.8,1.4,1.4,61627,Premier League 24/25
2024-08-31,11:00,Everton,Bournemouth,12436912,Yskb,14,0.42857142857142855,0.14285714285714285,0.42857142857142855,1.7857142857142858,1.7142857142857142,3.5,0.6428571428571429,0.7857142857142857,1.4285714285714286,1.4285714285714286,10,0.4,0.1,0.5,1.4,1.6,3.0,0.6,0.8,1.3,1.6,5,0.4,0.0,0.6,1.2,1.6,2.8,0.4,0.8,1.2,1.8,61627,Premier League 24/25
2024-08-31,11:00,Nottingham Forest,Wolves,12436926,dso,4,0.0,0.75,0.25,1.0,1.25,2.25,0.75,0.25,0.75,1.5,4,0.0,0.75,0.25,1.0,1.25,2.25,0.75,0.25,0.75,1.5,4,0.0,0.75,0.25,1.0,1.25,2.25,0.75,0.25,0.75,1.5,61627,Premier League 24/25
2024-08-31,11:00,Ipswich Town,Fulham,12436915,HsT,2,0.5,0.5,0.0,1.0,0.5,1.5,0.5,0.0,2.0,0.5,2,0.5,0.5,0.0,1.0,0.5,1.5,0.5,0.0,2.0,0.5,2,0.5,0.5,0.0,1.0,0.5,1.5,0.5,0.0,2.0,0.5,61627,Premier League 24/25
2024-08-31,11:00,Brentford,Southampton,12436908,Vsab,4,0.75,0.0,0.25,2.25,1.0,3.25,0.25,0.75,2.25,0.75,4,0.75,0.0,0.25,2.25,1.0,3.25,0.25,0.75,2.25,0.75,4,0.75,0.0,0.25,2.25,1.0,3.25,0.25,0.75,2.25,0.75,61627,Premier League 24/25
2024-08-31,13:30,West Ham United,Manchester City,12436927,rM,46,0.1956521739130435,0.17391304347826086,0.6304347826086957,0.8913043478260869,1.8478260869565217,2.739130434782609,0.5,0.6086956521739131,0.7608695652173914,2.0652173913043477,10,0.0,0.2,0.8,0.7,2.5,3.2,0.6,0.7,0.2,2.6,5,0.0,0.2,0.8,0.8,2.6,3.4,0.6,0.8,0.2,2.6,61627,Premier League 24/25
2024-09-01,09:30,Chelsea,Crystal Palace,12436910,hN,30,0.8,0.06666666666666667,0.13333333333333333,2.1,0.7333333333333333,2.8333333333333335,0.5333333333333333,0.6333333333333333,2.466666666666667,0.4666666666666667,10,1.0,0.0,0.0,2.5,0.6,3.1,0.5,0.7,3.0,0.0,5,1.0,0.0,0.0,1.8,0.6,2.4,0.6,0.6,3.0,0.0,61627,Premier League 24/25
2024-09-01,09:30,Newcastle United,Tottenham Hotspur,12436923,IO,58,0.43103448275862066,0.13793103448275862,0.43103448275862066,1.603448275862069,1.5862068965517242,3.189655172413793,0.6206896551724138,0.603448275862069,1.4310344827586208,1.4310344827586208,10,0.4,0.2,0.4,2.1,2.0,4.1,0.8,0.8,1.4,1.4,5,0.6,0.0,0.4,2.8,2.2,5.0,0.8,1.0,1.8,1.2,61627,Premier League 24/25
2024-09-01,12:00,Manchester Utd,Liverpool,12436920,KU,0,0.0,0.0,0.0,0.0,0.0,0.0,0.0,0.0,0.0,0.0,0,0.0,0.0,0.0,0.0,0.0,0.0,0.0,0.0,0.0,0.0,0,0.0,0.0,0.0,0.0,0.0,0.0,0.0,0.0,0.0,0.0,61627,Premier League 24/25
2024-09-14,08:30,Southampton,Manchester Utd,12436949,KV,48,0.14583333333333334,0.2708333333333333,0.5833333333333334,1.0833333333333333,2.0416666666666665,3.125,0.625,0.5833333333333334,0.7083333333333334,2.0208333333333335,10,0.0,0.6,0.4,1.1,2.3,3.4,0.7,0.5,0.6,1.8,5,0.0,0.6,0.4,0.4,2.4,2.8,0.4,0.2,0.6,1.8,61627,Premier League 24/25
2024-09-14,11:00,Manchester City,Brentford,12436946,rsab,6,0.6666666666666666,0.0,0.3333333333333333,1.3333333333333333,0.6666666666666666,2.0,0.3333333333333333,0.3333333333333333,2.0,1.0,6,0.6666666666666666,0.0,0.3333333333333333,1.3333333333333333,0.6666666666666666,2.0,0.3333333333333333,0.3333333333333333,2.0,1.0,5,0.6,0.0,0.4,1.4,0.8,2.2,0.4,0.4,1.8,1.2,61627,Premier League 24/25
2024-09-14,11:00,Liverpool,Nottingham Forest,12436944,osU,0,0.0,0.0,0.0,0.0,0.0,0.0,0.0,0.0,0.0,0.0,0,0.0,0.0,0.0,0.0,0.0,0.0,0.0,0.0,0.0,0.0,0,0.0,0.0,0.0,0.0,0.0,0.0,0.0,0.0,0.0,0.0,61627,Premier League 24/25
2024-09-14,11:00,Fulham,West Ham United,12436941,MsT,28,0.25,0.21428571428571427,0.5357142857142857,1.1071428571428572,1.5,2.607142857142857,0.4642857142857143,0.5357142857142857,0.9642857142857143,1.8214285714285714,10,0.3,0.1,0.6,1.1,1.4,2.5,0.3,0.5,1.0,1.9,5,0.4,0.2,0.4,1.6,0.8,2.4,0.2,0.4,1.4,1.4,61627,Premier League 24/25
2024-09-14,11:00,Brighton,Ipswich Town,12436936,FsH,0,0.0,0.0,0.0,0.0,0.0,0.0,0.0,0.0,0.0,0.0,0,0.0,0.0,0.0,0.0,0.0,0.0,0.0,0.0,0.0,0.0,0,0.0,0.0,0.0,0.0,0.0,0.0,0.0,0.0,0.0,0.0,61627,Premier League 24/25
2024-09-14,11:00,Crystal Palace,Leicester City,12436938,hsG,22,0.4090909090909091,0.22727272727272727,0.36363636363636365,1.3636363636363635,1.1363636363636365,2.5,0.4090909090909091,0.5,1.4545454545454546,1.3181818181818181,10,0.3,0.3,0.4,1.2,1.4,2.6,0.6,0.6,1.2,1.5,5,0.2,0.4,0.4,1.2,1.4,2.6,0.8,0.8,1.0,1.6,61627,Premier League 24/25
2024-09-14,13:30,Aston Villa,Everton,12436933,PY,58,0.4482758620689655,0.3103448275862069,0.2413793103448276,1.4482758620689655,1.1206896551724137,2.5689655172413794,0.4827586206896552,0.5172413793103449,1.6551724137931034,1.0344827586206897,10,0.7,0.3,0.0,1.7,0.3,2.0,0.3,0.4,2.4,0.3,5,0.8,0.2,0.0,1.8,0.2,2.0,0.2,0.4,2.6,0.2,61627,Premier League 24/25
2024-09-14,16:00,Bournemouth,Chelsea,12436931,Nskb,14,0.2857142857142857,0.14285714285714285,0.5714285714285714,1.0714285714285714,1.5714285714285714,2.642857142857143,0.35714285714285715,0.5714285714285714,1.0,1.8571428571428572,10,0.3,0.2,0.5,1.2,1.2,2.4,0.3,0.5,1.1,1.7,5,0.0,0.4,0.6,0.8,1.8,2.6,0.6,0.6,0.4,2.2,61627,Premier League 24/25
2024-09-15,10:00,Tottenham Hotspur,Arsenal,12436951,IsR,64,0.25,0.34375,0.40625,1.21875,1.5625,2.78125,0.640625,0.5,1.09375,1.5625,10,0.3,0.2,0.5,1.6,1.8,3.4,0.7,0.8,1.1,1.7,5,0.2,0.2,0.6,1.6,2.0,3.6,0.6,0.8,0.8,2.0,61627,Premier League 24/25
2024-09-15,12:30,Wolves,Newcastle United,12436954,dsO,18,0.1111111111111111,0.6111111111111112,0.2777777777777778,1.1111111111111112,1.5,2.611111111111111,0.8888888888888888,0.4444444444444444,0.9444444444444444,1.4444444444444444,10,0.1,0.6,0.3,1.0,1.4,2.4,0.8,0.4,0.9,1.5,5,0.0,0.4,0.6,0.8,1.8,2.6,0.6,0.6,0.4,2.2,61627,Premier League 24/25
2024-09-21,08:30,West Ham United,Chelsea,12436980,MsN,56,0.2857142857142857,0.17857142857142858,0.5357142857142857,0.9464285714285714,1.75,2.6964285714285716,0.5178571428571429,0.5357142857142857,1.0357142857142858,1.7857142857142858,10,0.4,0.1,0.5,1.2,1.8,3.0,0.5,0.6,1.3,1.6,5,0.2,0.2,0.6,1.0,2.0,3.0,0.6,0.6,0.8,2.0,61627,Premier League 24/25
2024-09-21,11:00,Liverpool,Bournemouth,12436969,Uskb,0,0.0,0.0,0.0,0.0,0.0,0.0,0.0,0.0,0.0,0.0,0,0.0,0.0,0.0,0.0,0.0,0.0,0.0,0.0,0.0,0.0,0,0.0,0.0,0.0,0.0,0.0,0.0,0.0,0.0,0.0,0.0,61627,Premier League 24/25
2024-09-21,11:00,Tottenham Hotspur,Brentford,12436977,Isab,6,0.3333333333333333,0.5,0.16666666666666666,1.6666666666666667,1.5,3.1666666666666665,0.6666666666666666,0.6666666666666666,1.5,1.0,6,0.3333333333333333,0.5,0.16666666666666666,1.6666666666666667,1.5,3.1666666666666665,0.6666666666666666,0.6666666666666666,1.5,1.0,5,0.2,0.6,0.2,1.6,1.8,3.4,0.8,0.8,1.2,1.2,61627,Premier League 24/25
2024-09-21,11:00,Fulham,Newcastle United,12436964,OsT,32,0.34375,0.21875,0.4375,1.0625,1.375,2.4375,0.5,0.4375,1.25,1.53125,10,0.1,0.2,0.7,0.3,1.7,2.0,0.2,0.3,0.5,2.3,5,0.0,0.0,1.0,0.2,2.2,2.4,0.2,0.4,0.0,3.0,61627,Premier League 24/25
2024-09-21,11:00,Aston Villa,Wolves,12436957,dsP,18,0.3888888888888889,0.2777777777777778,0.3333333333333333,1.3333333333333333,1.0555555555555556,2.388888888888889,0.5,0.4444444444444444,1.4444444444444444,1.2777777777777777,10,0.2,0.3,0.5,0.9,1.1,2.0,0.5,0.3,0.9,1.8,5,0.2,0.4,0.4,1.0,1.0,2.0,0.6,0.2,1.0,1.6,61627,Premier League 24/25
2024-09-21,11:00,Leicester City,Everton,12436967,GY,34,0.23529411764705882,0.47058823529411764,0.29411764705882354,1.3235294117647058,1.3529411764705883,2.676470588235294,0.7352941176470589,0.5,1.1764705882352942,1.3529411764705883,10,0.3,0.3,0.4,1.2,1.3,2.5,0.7,0.5,1.2,1.5,5,0.2,0.6,0.2,1.4,1.2,2.6,0.8,0.4,1.2,1.2,61627,Premier League 24/25
2024-09-21,11:00,Southampton,Ipswich Town,12436973,HV,10,0.3,0.2,0.5,1.5,1.6,3.1,0.6,0.6,1.1,1.7,10,0.3,0.2,0.5,1.5,1.6,3.1,0.6,0.6,1.1,1.7,5,0.2,0.2,0.6,1.6,2.0,3.6,0.8,0.8,0.8,2.0,61627,Premier League 24/25
2024-09-21,13:30,Crystal Palace,Manchester Utd,12436962,hK,30,0.16666666666666666,0.2,0.6333333333333333,0.7,1.6,2.3,0.3333333333333333,0.4,0.7,2.1,10,0.5,0.2,0.3,1.3,0.8,2.1,0.4,0.4,1.7,1.1,5,0.6,0.2,0.2,1.6,0.6,2.2,0.4,0.4,2.0,0.8,61627,Premier League 24/25
2024-09-22,10:00,Brighton,Nottingham Forest,12436959,osF,4,0.5,0.25,0.25,1.25,1.25,2.5,0.5,0.5,1.75,1.0,4,0.5,0.25,0.25,1.25,1.25,2.5,0.5,0.5,1.75,1.0,4,0.5,0.25,0.25,1.25,1.25,2.5,0.5,0.5,1.75,1.0,61627,Premier League 24/25
2024-09-22,12:30,Manchester City,Arsenal,12436971,rsR,54,0.3333333333333333,0.24074074074074073,0.42592592592592593,1.2777777777777777,1.3518518518518519,2.6296296296296298,0.4444444444444444,0.5370370370370371,1.2407407407407407,1.5185185185185186,10,0.8,0.1,0.1,2.2,0.4,2.6,0.3,0.6,2.5,0.4,5,0.6,0.2,0.2,1.8,0.8,2.6,0.6,0.6,2.0,0.8,61627,Premier League 24/25
2024-09-28,08:30,Newcastle United,Manchester City,12436999,rO,48,0.1875,0.16666666666666666,0.6458333333333334,0.9375,2.0833333333333335,3.0208333333333335,0.4166666666666667,0.5625,0.7291666666666666,2.1041666666666665,10,0.0,0.2,0.8,1.0,3.1,4.1,0.4,0.7,0.2,2.6,5,0.0,0.2,0.8,1.0,2.8,3.8,0.4,0.6,0.2,2.6,61627,Premier League 24/25
2024-09-28,11:00,Arsenal,Leicester City,12436985,GR,34,0.6176470588235294,0.23529411764705882,0.14705882352941177,2.0588235294117645,1.0294117647058822,3.088235294117647,0.5882352941176471,0.5588235294117647,2.088235294117647,0.6764705882352942,10,0.6,0.1,0.3,1.6,1.1,2.7,0.4,0.4,1.9,1.0,5,1.0,0.0,0.0,2.4,0.6,3.0,0.4,0.4,3.0,0.0,61627,Premier League 24/25
2024-09-28,11:00,Chelsea,Brighton,12436989,FsN,14,0.5714285714285714,0.2857142857142857,0.14285714285714285,1.8571428571428572,1.0,2.857142857142857,0.6428571428571429,0.5714285714285714,2.0,0.7142857142857143,10,0.4,0.4,0.2,1.5,1.3,2.8,0.8,0.5,1.6,1.0,5,0.4,0.2,0.4,1.6,2.0,3.6,1.0,0.8,1.4,1.4,61627,Premier League 24/25
2024-09-28,11:00,Brentford,West Ham United,12436987,Msab,6,0.8333333333333334,0.0,0.16666666666666666,2.1666666666666665,1.1666666666666667,3.3333333333333335,0.5,0.5,2.5,0.5,6,0.8333333333333334,0.0,0.16666666666666666,2.1666666666666665,1.1666666666666667,3.3333333333333335,0.5,0.5,2.5,0.5,5,0.8,0.0,0.2,2.2,1.2,3.4,0.4,0.4,2.4,0.6,61627,Premier League 24/25
2024-09-28,11:00,Everton,Crystal Palace,12436992,hY,30,0.4666666666666667,0.3333333333333333,0.2,1.6,1.0,2.6,0.5666666666666667,0.5,1.7333333333333334,0.9333333333333333,10,0.5,0.4,0.1,1.7,1.1,2.8,0.7,0.6,1.9,0.7,5,0.6,0.4,0.0,2.0,1.0,3.0,0.6,0.6,2.2,0.4,61627,Premier League 24/25
2024-09-28,11:00,Nottingham Forest,Fulham,12437001,osT,4,0.25,0.0,0.75,1.25,2.75,4.0,0.5,0.75,0.75,2.25,4,0.25,0.0,0.75,1.25,2.75,4.0,0.5,0.75,0.75,2.25,4,0.25,0.0,0.75,1.25,2.75,4.0,0.5,0.75,0.75,2.25,61627,Premier League 24/25
2024-09-28,13:30,Wolves,Liverpool,12437002,dsU,0,0.0,0.0,0.0,0.0,0.0,0.0,0.0,0.0,0.0,0.0,0,0.0,0.0,0.0,0.0,0.0,0.0,0.0,0.0,0.0,0.0,0,0.0,0.0,0.0,0.0,0.0,0.0,0.0,0.0,0.0,0.0,61627,Premier League 24/25
2024-09-29,10:00,Ipswich Town,Aston Villa,12436993,HsP,10,0.1,0.2,0.7,0.6,1.4,2.0,0.5,0.4,0.5,2.3,10,0.1,0.2,0.7,0.6,1.4,2.0,0.5,0.4,0.5,2.3,5,0.0,0.2,0.8,0.6,1.4,2.0,0.6,0.6,0.2,2.6,61627,Premier League 24/25
2024-09-29,12:30,Manchester Utd,Tottenham Hotspur,12436995,IsK,64,0.578125,0.25,0.171875,1.671875,1.015625,2.6875,0.484375,0.53125,1.984375,0.765625,10,0.5,0.3,0.2,1.9,1.7,3.6,0.7,0.7,1.8,0.9,5,0.4,0.4,0.2,1.8,1.6,3.4,0.6,0.6,1.6,1.0,61627,Premier League 24/25
2024-09-30,16:00,Bournemouth,Southampton,12436982,Vkb,12,0.25,0.3333333333333333,0.4166666666666667,1.0,1.25,2.25,0.4166666666666667,0.3333333333333333,1.0833333333333333,1.5833333333333333,10,0.2,0.4,0.4,1.0,1.3,2.3,0.5,0.4,1.0,1.6,5,0.4,0.2,0.4,1.4,1.4,2.8,0.4,0.4,1.4,1.4,61627,Premier League 24/25
2024-10-05,08:30,Crystal Palace,Liverpool,12437015,hsU,0,0.0,0.0,0.0,0.0,0.0,0.0,0.0,0.0,0.0,0.0,0,0.0,0.0,0.0,0.0,0.0,0.0,0.0,0.0,0.0,0.0,0,0.0,0.0,0.0,0.0,0.0,0.0,0.0,0.0,0.0,0.0,61627,Premier League 24/25
2024-10-05,11:00,Manchester City,Fulham,12437022,rsT,32,0.59375,0.28125,0.125,2.3125,1.03125,3.34375,0.65625,0.6875,2.0625,0.65625,10,1.0,0.0,0.0,3.2,0.5,3.7,0.4,0.8,3.0,0.0,5,1.0,0.0,0.0,3.2,0.6,3.8,0.6,1.0,3.0,0.0,61627,Premier League 24/25
2024-10-05,11:00,Arsenal,Southampton,12437004,RV,48,0.5208333333333334,0.3125,0.16666666666666666,1.8541666666666667,1.0416666666666667,2.8958333333333335,0.5208333333333334,0.4375,1.875,0.8125,10,0.4,0.4,0.2,1.9,1.2,3.1,0.6,0.5,1.6,1.0,5,0.4,0.4,0.2,2.0,1.2,3.2,0.6,0.6,1.6,1.0,61627,Premier League 24/25
2024-10-05,11:00,West Ham United,Ipswich Town,12437024,HsM,8,0.375,0.5,0.125,1.5,1.125,2.625,0.875,0.375,1.625,0.875,8,0.375,0.5,0.125,1.5,1.125,2.625,0.875,0.375,1.625,0.875,5,0.4,0.4,0.2,1.6,1.2,2.8,0.8,0.4,1.6,1.0,61627,Premier League 24/25
2024-10-05,11:00,Leicester City,Bournemouth,12437020,Gskb,12,0.16666666666666666,0.4166666666666667,0.4166666666666667,1.0,1.3333333333333333,2.3333333333333335,0.5833333333333334,0.3333333333333333,0.9166666666666666,1.6666666666666667,10,0.2,0.3,0.5,1.1,1.5,2.6,0.6,0.4,0.9,1.8,5,0.4,0.0,0.6,1.4,1.6,3.0,0.6,0.6,1.2,1.8,61627,Premier League 24/25
2024-10-05,11:00,Brentford,Wolves,12437008,dsab,6,0.3333333333333333,0.16666666666666666,0.5,1.1666666666666667,1.5,2.6666666666666665,0.5,0.3333333333333333,1.1666666666666667,1.6666666666666667,6,0.3333333333333333,0.16666666666666666,0.5,1.1666666666666667,1.5,2.6666666666666665,0.5,0.3333333333333333,1.1666666666666667,1.6666666666666667,5,0.2,0.2,0.6,1.0,1.8,2.8,0.6,0.4,0.8,2.0,61627,Premier League 24/25
2024-10-05,13:30,Everton,Newcastle United,12437018,OY,58,0.3620689655172414,0.22413793103448276,0.41379310344827586,1.293103448275862,1.3448275862068966,2.6379310344827585,0.5172413793103449,0.4827586206896552,1.3103448275862069,1.4655172413793103,10,0.3,0.2,0.5,1.2,1.6,2.8,0.6,0.6,1.1,1.7,5,0.4,0.2,0.4,1.2,1.2,2.4,0.4,0.4,1.4,1.4,61627,Premier League 24/25
2024-10-06,10:00,Aston Villa,Manchester Utd,12437006,KP,58,0.08620689655172414,0.22413793103448276,0.6896551724137931,0.6896551724137931,1.8103448275862069,2.5,0.46551724137931033,0.5,0.4827586206896552,2.293103448275862,10,0.2,0.2,0.6,1.3,1.9,3.2,0.7,0.8,0.8,2.0,5,0.2,0.2,0.6,1.6,1.8,3.4,0.8,0.8,0.8,2.0,61627,Premier League 24/25
2024-10-06,10:00,Chelsea,Nottingham Forest,12437013,osN,14,0.35714285714285715,0.35714285714285715,0.2857142857142857,1.0,1.1428571428571428,2.142857142857143,0.42857142857142855,0.35714285714285715,1.4285714285714286,1.2142857142857142,10,0.4,0.4,0.2,1.3,1.1,2.4,0.6,0.4,1.6,1.0,5,0.4,0.4,0.2,1.8,1.4,3.2,0.8,0.6,1.6,1.0,61627,Premier League 24/25
2024-10-06,12:30,Brighton,Tottenham Hotspur,12437011,FsI,14,0.2857142857142857,0.07142857142857142,0.6428571428571429,1.0714285714285714,1.3571428571428572,2.4285714285714284,0.5,0.5,0.9285714285714286,2.0,10,0.4,0.0,0.6,1.3,1.3,2.6,0.5,0.6,1.2,1.8,5,0.4,0.0,0.6,1.4,1.4,2.8,0.6,0.6,1.2,1.8,61627,Premier League 24/25
2024-10-19,08:30,Tottenham Hotspur,West Ham United,12437038,IM,56,0.4642857142857143,0.23214285714285715,0.30357142857142855,1.4464285714285714,1.1607142857142858,2.607142857142857,0.5357142857142857,0.44642857142857145,1.625,1.1428571428571428,10,0.4,0.3,0.3,1.7,1.3,3.0,0.7,0.5,1.5,1.2,5,0.4,0.4,0.2,1.6,1.0,2.6,0.8,0.4,1.6,1.0,61627,Premier League 24/25
2024-10-19,11:00,Manchester Utd,Brentford,12437034,Ksab,6,0.6666666666666666,0.16666666666666666,0.16666666666666666,1.6666666666666667,1.1666666666666667,2.8333333333333335,0.5,0.6666666666666666,2.1666666666666665,0.6666666666666666,6,0.6666666666666666,0.16666666666666666,0.16666666666666666,1.6666666666666667,1.1666666666666667,2.8333333333333335,0.5,0.6666666666666666,2.1666666666666665,0.6666666666666666,5,0.6,0.2,0.2,1.4,1.2,2.6,0.4,0.6,2.0,0.8,61627,Premier League 24/25
2024-10-19,11:00,Newcastle United,Brighton,12437035,FsO,14,0.14285714285714285,0.5,0.35714285714285715,0.7142857142857143,1.1428571428571428,1.8571428571428572,0.42857142857142855,0.35714285714285715,0.9285714285714286,1.5714285714285714,10,0.2,0.5,0.3,0.9,1.3,2.2,0.5,0.5,1.1,1.4,5,0.4,0.4,0.2,1.6,1.2,2.8,0.8,0.6,1.6,1.0,61627,Premier League 24/25
2024-10-19,11:00,Fulham,Aston Villa,12437028,PsT,32,0.21875,0.34375,0.4375,0.96875,1.40625,2.375,0.53125,0.46875,1.0,1.65625,10,0.4,0.1,0.5,1.2,1.4,2.6,0.5,0.6,1.3,1.6,5,0.2,0.0,0.8,1.2,1.8,3.0,0.6,0.8,0.6,2.4,61627,Premier League 24/25
2024-10-19,11:00,Southampton,Leicester City,12437037,GsV,34,0.35294117647058826,0.2647058823529412,0.38235294117647056,1.3235294117647058,1.6470588235294117,2.9705882352941178,0.5588235294117647,0.6176470588235294,1.3235294117647058,1.411764705882353,10,0.4,0.2,0.4,1.2,2.3,3.5,0.7,0.7,1.4,1.4,5,0.4,0.4,0.2,1.4,1.6,3.0,0.8,0.6,1.6,1.0,61627,Premier League 24/25
2024-10-19,11:15,Ipswich Town,Everton,12437030,HsY,10,0.4,0.2,0.4,0.9,1.1,2.0,0.2,0.4,1.4,1.4,10,0.4,0.2,0.4,0.9,1.1,2.0,0.2,0.4,1.4,1.4,5,0.6,0.2,0.2,1.4,0.4,1.8,0.2,0.4,2.0,0.8,61627,Premier League 24/25
2024-10-19,13:30,Bournemouth,Arsenal,12437026,Rkb,14,0.07142857142857142,0.14285714285714285,0.7857142857142857,0.7857142857142857,2.5714285714285716,3.357142857142857,0.5,0.7142857142857143,0.35714285714285715,2.5,10,0.1,0.1,0.8,0.7,2.6,3.3,0.5,0.8,0.4,2.5,5,0.0,0.2,0.8,0.6,2.8,3.4,0.4,0.8,0.2,2.6,61627,Premier League 24/25
2024-10-20,10:00,Wolves,Manchester City,12437039,dsr,20,0.25,0.1,0.65,1.1,2.4,3.5,0.55,0.7,0.85,2.05,10,0.3,0.0,0.7,1.1,2.7,3.8,0.6,0.8,0.9,2.1,5,0.2,0.0,0.8,0.8,3.4,4.2,0.6,1.0,0.6,2.4,61627,Premier League 24/25
2024-10-20,12:30,Liverpool,Chelsea,12437032,NsU,0,0.0,0.0,0.0,0.0,0.0,0.0,0.0,0.0,0.0,0.0,0,0.0,0.0,0.0,0.0,0.0,0.0,0.0,0.0,0.0,0.0,0,0.0,0.0,0.0,0.0,0.0,0.0,0.0,0.0,0.0,0.0,61627,Premier League 24/25
2024-10-21,16:00,Nottingham Forest,Crystal Palace,12437036,hso,8,0.375,0.625,0.0,1.0,0.625,1.625,0.625,0.125,1.75,0.625,8,0.375,0.625,0.0,1.0,0.625,1.625,0.625,0.125,1.75,0.625,5,0.4,0.6,0.0,1.0,0.6,1.6,0.6,0.2,1.8,0.6,61627,Premier League 24/25
2024-10-25,16:00,Leicester City,Nottingham Forest,12437048,osG,8,0.25,0.25,0.5,1.375,1.375,2.75,0.375,0.5,1.0,1.75,8,0.25,0.25,0.5,1.375,1.375,2.75,0.375,0.5,1.0,1.75,5,0.4,0.2,0.4,1.8,1.2,3.0,0.4,0.6,1.4,1.4,61627,Premier League 24/25
2024-10-26,11:00,Manchester City,Southampton,12437049,rV,38,0.5789473684210527,0.23684210526315788,0.18421052631578946,1.868421052631579,0.9736842105263158,2.8421052631578947,0.5263157894736842,0.47368421052631576,1.9736842105263157,0.7894736842105263,10,0.7,0.2,0.1,2.6,0.8,3.4,0.6,0.6,2.3,0.5,5,0.6,0.4,0.0,2.8,0.8,3.6,0.6,0.6,2.2,0.4,61627,Premier League 24/25
2024-10-26,11:00,Aston Villa,Bournemouth,12437041,Pkb,8,0.375,0.125,0.5,1.5,1.375,2.875,0.625,0.75,1.25,1.625,8,0.375,0.125,0.5,1.5,1.375,2.875,0.625,0.75,1.25,1.625,5,0.4,0.2,0.4,1.8,1.4,3.2,0.6,0.8,1.4,1.4,61627,Premier League 24/25
2024-10-26,11:00,Brighton,Wolves,12437044,dsF,12,0.4166666666666667,0.4166666666666667,0.16666666666666666,1.9166666666666667,0.9166666666666666,2.8333333333333335,0.4166666666666667,0.5833333333333334,1.6666666666666667,0.9166666666666666,10,0.4,0.4,0.2,2.2,1.1,3.3,0.5,0.7,1.6,1.0,5,0.8,0.2,0.0,3.2,0.6,3.8,0.4,0.8,2.6,0.2,61627,Premier League 24/25
2024-10-26,11:00,Brentford,Ipswich Town,12437043,Hsab,0,0.0,0.0,0.0,0.0,0.0,0.0,0.0,0.0,0.0,0.0,0,0.0,0.0,0.0,0.0,0.0,0.0,0.0,0.0,0.0,0.0,0,0.0,0.0,0.0,0.0,0.0,0.0,0.0,0.0,0.0,0.0,61627,Premier League 24/25
2024-10-26,13:30,Everton,Fulham,12437047,TsY,34,0.5,0.14705882352941177,0.35294117647058826,1.4705882352941178,0.9705882352941176,2.4411764705882355,0.38235294117647056,0.47058823529411764,1.6470588235294117,1.2058823529411764,10,0.4,0.2,0.4,1.4,1.2,2.6,0.4,0.5,1.4,1.4,5,0.0,0.4,0.6,0.2,1.2,1.4,0.2,0.2,0.4,2.2,61627,Premier League 24/25
2024-10-27,11:00,West Ham United,Manchester Utd,12437050,KM,56,0.16071428571428573,0.21428571428571427,0.625,0.8571428571428571,1.875,2.732142857142857,0.5,0.5178571428571429,0.6964285714285714,2.0892857142857144,10,0.3,0.1,0.6,0.8,1.2,2.0,0.3,0.3,1.0,1.9,5,0.4,0.0,0.6,0.6,1.0,1.6,0.0,0.2,1.2,1.8,61627,Premier League 24/25
2024-10-27,11:00,Chelsea,Newcastle United,12437045,NO,58,0.5,0.22413793103448276,0.27586206896551724,1.4655172413793103,0.9482758620689655,2.413793103448276,0.41379310344827586,0.4482758620689655,1.7241379310344827,1.0517241379310345,10,0.6,0.1,0.3,1.4,0.9,2.3,0.3,0.3,1.9,1.0,5,0.4,0.2,0.4,1.2,1.6,2.8,0.6,0.4,1.4,1.4,61627,Premier League 24/25
2024-10-27,11:00,Crystal Palace,Tottenham Hotspur,12437046,hI,30,0.13333333333333333,0.23333333333333334,0.6333333333333333,0.6666666666666666,1.6,2.2666666666666666,0.4,0.4,0.6333333333333333,2.1333333333333333,10,0.1,0.2,0.7,0.8,2.3,3.1,0.5,0.7,0.5,2.3,5,0.0,0.0,1.0,0.4,2.6,3.0,0.4,0.8,0.0,3.0,61627,Premier League 24/25
2024-10-27,13:30,Arsenal,Liverpool,12437040,HQfh,0,0.0,0.0,0.0,0.0,0.0,0.0,0.0,0.0,0.0,0.0,0,0.0,0.0,0.0,0.0,0.0,0.0,0.0,0.0,0.0,0.0,0,0.0,0.0,0.0,0.0,0.0,0.0,0.0,0.0,0.0,0.0,61627,Premier League 24/25
2024-11-02,09:30,Newcastle United,Arsenal,12437056,Ardc,58,0.20689655172413793,0.20689655172413793,0.5862068965517241,0.7586206896551724,1.6206896551724137,2.3793103448275863,0.3448275862068966,0.3793103448275862,0.8275862068965517,1.9655172413793103,10,0.2,0.1,0.7,0.4,1.8,2.2,0.1,0.3,0.7,2.2,5,0.4,0.2,0.4,0.8,1.2,2.0,0.2,0.2,1.4,1.4,61627,Premier League 24/25
2024-11-02,12:00,Bournemouth,Manchester City,12437051,rkb,14,0.0,0.0,1.0,0.5,3.2142857142857144,3.7142857142857144,0.5,0.7857142857142857,0.0,3.0,10,0.0,0.0,1.0,0.6,3.0,3.6,0.6,0.8,0.0,3.0,5,0.0,0.0,1.0,0.6,3.4,4.0,0.6,0.8,0.0,3.0,61627,Premier League 24/25
2024-11-02,12:00,Liverpool,Brighton,12437054,FsU,0,0.0,0.0,0.0,0.0,0.0,0.0,0.0,0.0,0.0,0.0,0,0.0,0.0,0.0,0.0,0.0,0.0,0.0,0.0,0.0,0.0,0,0.0,0.0,0.0,0.0,0.0,0.0,0.0,0.0,0.0,0.0,61627,Premier League 24/25
2024-11-02,12:00,Nottingham Forest,West Ham United,12437057,osM,12,0.25,0.16666666666666666,0.5833333333333334,0.75,1.4166666666666667,2.1666666666666665,0.3333333333333333,0.3333333333333333,0.9166666666666666,1.9166666666666667,10,0.3,0.1,0.6,0.7,1.3,2.0,0.2,0.3,1.0,1.9,5,0.4,0.0,0.6,1.2,1.8,3.0,0.4,0.6,1.2,1.8,61627,Premier League 24/25
2024-11-02,12:00,Ipswich Town,Leicester City,12437053,GsH,6,0.5,0.16666666666666666,0.3333333333333333,1.5,1.0,2.5,0.3333333333333333,0.16666666666666666,1.6666666666666667,1.1666666666666667,6,0.5,0.16666666666666666,0.3333333333333333,1.5,1.0,2.5,0.3333333333333333,0.16666666666666666,1.6666666666666667,1.1666666666666667,5,0.4,0.2,0.4,1.0,1.0,2.0,0.2,0.0,1.4,1.4,61627,Premier League 24/25
2024-11-02,12:00,Southampton,Everton,12437058,VY,48,0.3125,0.25,0.4375,1.0833333333333333,1.3125,2.3958333333333335,0.4375,0.4375,1.1875,1.5625,10,0.4,0.1,0.5,1.3,1.3,2.6,0.7,0.6,1.3,1.6,5,0.4,0.0,0.6,1.2,1.4,2.6,0.6,0.6,1.2,1.8,61627,Premier League 24/25
2024-11-02,14:30,Wolves,Crystal Palace,12437060,dsh,12,0.3333333333333333,0.08333333333333333,0.5833333333333334,1.0,1.3333333333333333,2.3333333333333335,0.3333333333333333,0.25,1.0833333333333333,1.8333333333333333,10,0.3,0.1,0.6,1.1,1.4,2.5,0.4,0.3,1.0,1.9,5,0.2,0.0,0.8,1.2,2.0,3.2,0.6,0.6,0.6,2.4,61627,Premier League 24/25
2024-11-03,11:00,Tottenham Hotspur,Aston Villa,12437059,IP,58,0.4482758620689655,0.2413793103448276,0.3103448275862069,1.4655172413793103,1.0517241379310345,2.5172413793103448,0.5,0.46551724137931033,1.5862068965517242,1.1724137931034482,10,0.6,0.0,0.4,2.1,1.2,3.3,0.6,0.8,1.8,1.2,5,0.4,0.0,0.6,2.0,1.2,3.2,0.4,0.8,1.2,1.8,61627,Premier League 24/25
2024-11-03,13:30,Manchester Utd,Chelsea,12437055,mcYb,64,0.296875,0.453125,0.25,1.296875,1.203125,2.5,0.5625,0.4375,1.34375,1.203125,10,0.4,0.5,0.1,1.8,0.9,2.7,0.6,0.4,1.7,0.8,5,0.4,0.4,0.2,2.2,1.6,3.8,1.0,0.6,1.6,1.0,61627,Premier League 24/25
2024-11-04,17:00,Fulham,Brentford,12437052,Tsab,4,0.25,0.25,0.5,1.25,2.0,3.25,0.5,0.75,1.0,1.75,4,0.25,0.25,0.5,1.25,2.0,3.25,0.5,0.75,1.0,1.75,4,0.25,0.25,0.5,1.25,2.0,3.25,0.5,0.75,1.0,1.75,61627,Premier League 24/25
2024-11-09,12:00,West Ham United,Everton,12436486,MY,56,0.23214285714285715,0.25,0.5178571428571429,0.9285714285714286,1.625,2.5535714285714284,0.48214285714285715,0.4642857142857143,0.9464285714285714,1.8035714285714286,10,0.5,0.1,0.4,1.0,0.8,1.8,0.3,0.2,1.6,1.3,5,0.6,0.0,0.4,1.4,0.8,2.2,0.4,0.4,1.8,1.2,61627,Premier League 24/25
2024-11-09,12:00,Crystal Palace,Fulham,12436483,hsT,12,0.3333333333333333,0.4166666666666667,0.25,1.25,1.3333333333333333,2.5833333333333335,0.5,0.5,1.4166666666666667,1.1666666666666667,10,0.3,0.5,0.2,1.2,1.3,2.5,0.5,0.5,1.4,1.1,5,0.0,0.8,0.2,0.6,1.2,1.8,0.4,0.4,0.8,1.4,61627,Premier League 24/25
2024-11-09,12:00,Wolves,Southampton,12436485,dsV,12,0.5833333333333334,0.16666666666666666,0.25,1.5,1.3333333333333333,2.8333333333333335,0.6666666666666666,0.5,1.9166666666666667,0.9166666666666666,10,0.7,0.2,0.1,1.7,1.0,2.7,0.7,0.5,2.3,0.5,5,1.0,0.0,0.0,1.8,0.6,2.4,0.6,0.6,3.0,0.0,61627,Premier League 24/25
2024-11-09,12:00,Brentford,Bournemouth,12436876,abskb,4,0.5,0.5,0.0,1.5,0.75,2.25,0.5,0.5,2.0,0.5,4,0.5,0.5,0.0,1.5,0.75,2.25,0.5,0.5,2.0,0.5,4,0.5,0.5,0.0,1.5,0.75,2.25,0.5,0.5,2.0,0.5,61627,Premier League 24/25
2024-11-09,14:30,Brighton,Manchester City,12436882,rsF,14,0.07142857142857142,0.07142857142857142,0.8571428571428571,0.6428571428571429,2.857142857142857,3.5,0.5,0.7142857142857143,0.2857142857142857,2.642857142857143,10,0.1,0.1,0.8,0.7,2.9,3.6,0.5,0.8,0.4,2.5,5,0.0,0.2,0.8,0.6,2.6,3.2,0.6,0.8,0.2,2.6,61627,Premier League 24/25
2024-11-09,17:00,Liverpool,Aston Villa,12436484,PU,0,0.0,0.0,0.0,0.0,0.0,0.0,0.0,0.0,0.0,0.0,0,0.0,0.0,0.0,0.0,0.0,0.0,0.0,0.0,0.0,0.0,0,0.0,0.0,0.0,0.0,0.0,0.0,0.0,0.0,0.0,0.0,61627,Premier League 24/25
2024-11-10,11:00,Manchester Utd,Leicester City,12436494,GK,34,0.6176470588235294,0.2647058823529412,0.11764705882352941,2.0588235294117645,0.9117647058823529,2.9705882352941178,0.5,0.5,2.1176470588235294,0.6176470588235294,10,0.6,0.2,0.2,1.6,1.0,2.6,0.5,0.5,2.0,0.8,5,0.4,0.2,0.4,1.6,1.4,3.0,0.6,0.6,1.4,1.4,61627,Premier League 24/25
2024-11-10,11:00,Tottenham Hotspur,Ipswich Town,12436492,HsI,10,0.3,0.3,0.4,1.5,1.5,3.0,0.7,0.7,1.2,1.5,10,0.3,0.3,0.4,1.5,1.5,3.0,0.7,0.7,1.2,1.5,5,0.4,0.0,0.6,1.6,1.6,3.2,0.6,1.0,1.2,1.8,61627,Premier League 24/25
2024-11-10,11:00,Nottingham Forest,Newcastle United,12436487,osO,12,0.08333333333333333,0.25,0.6666666666666666,0.8333333333333334,1.8333333333333333,2.6666666666666665,0.5833333333333334,0.5833333333333334,0.5,2.25,10,0.1,0.2,0.7,0.9,2.0,2.9,0.6,0.6,0.5,2.3,5,0.2,0.0,0.8,1.4,2.0,3.4,0.8,0.8,0.6,2.4,61627,Premier League 24/25
2024-11-10,13:30,Chelsea,Arsenal,12436890,NR,64,0.3125,0.265625,0.421875,1.3125,1.421875,2.734375,0.53125,0.53125,1.203125,1.53125,10,0.2,0.2,0.6,1.2,2.2,3.4,0.6,0.7,0.8,2.0,5,0.0,0.2,0.8,1.0,3.0,4.0,0.6,0.8,0.2,2.6,61627,Premier League 24/25
2024-11-23,09:30,Leicester City,Chelsea,12436495,GsN,34,0.17647058823529413,0.29411764705882354,0.5294117647058824,1.0,1.7941176470588236,2.7941176470588234,0.5882352941176471,0.5882352941176471,0.8235294117647058,1.8823529411764706,10,0.2,0.4,0.4,1.0,1.4,2.4,0.6,0.5,1.0,1.6,5,0.0,0.2,0.8,0.8,2.2,3.0,0.8,0.8,0.2,2.6,61627,Premier League 24/25
2024-11-23,12:00,Arsenal,Nottingham Forest,12436489,osR,14,0.6428571428571429,0.21428571428571427,0.14285714285714285,1.5,0.7142857142857143,2.2142857142857144,0.5,0.42857142857142855,2.142857142857143,0.6428571428571429,10,0.7,0.1,0.2,1.6,0.7,2.3,0.5,0.5,2.2,0.7,5,0.8,0.0,0.2,2.0,0.6,2.6,0.4,0.6,2.4,0.6,61627,Premier League 24/25
2024-11-23,12:00,Aston Villa,Crystal Palace,12436493,hP,24,0.375,0.25,0.375,1.125,1.0416666666666667,2.1666666666666665,0.4166666666666667,0.375,1.375,1.375,10,0.5,0.1,0.4,1.5,1.5,3.0,0.5,0.6,1.6,1.3,5,0.4,0.2,0.4,1.2,2.0,3.2,0.6,0.6,1.4,1.4,61627,Premier League 24/25
2024-11-23,12:00,Bournemouth,Brighton,12436491,Fskb,10,0.5,0.1,0.4,1.8,1.2,3.0,0.4,0.6,1.6,1.3,10,0.5,0.1,0.4,1.8,1.2,3.0,0.4,0.6,1.6,1.3,5,0.4,0.0,0.6,1.4,1.4,2.8,0.4,0.6,1.2,1.8,61627,Premier League 24/25
2024-11-23,12:00,Everton,Brentford,12436488,Ysab,6,0.5,0.16666666666666666,0.3333333333333333,1.3333333333333333,1.0,2.3333333333333335,0.5,0.3333333333333333,1.6666666666666667,1.1666666666666667,6,0.5,0.16666666666666666,0.3333333333333333,1.3333333333333333,1.0,2.3333333333333335,0.5,0.3333333333333333,1.6666666666666667,1.1666666666666667,5,0.6,0.2,0.2,1.6,1.0,2.6,0.6,0.4,2.0,0.8,61627,Premier League 24/25
2024-11-23,12:00,Fulham,Wolves,12436490,dsT,16,0.1875,0.375,0.4375,0.9375,1.0625,2.0,0.4375,0.3125,0.9375,1.6875,10,0.2,0.3,0.5,1.1,1.1,2.2,0.4,0.3,0.9,1.8,5,0.2,0.4,0.4,1.0,1.2,2.2,0.6,0.4,1.0,1.6,61627,Premier League 24/25
2024-11-23,14:30,Manchester City,Tottenham Hotspur,12436499,rI,54,0.3148148148148148,0.18518518518518517,0.5,1.4444444444444444,1.4074074074074074,2.8518518518518516,0.5370370370370371,0.5370370370370371,1.1296296296296295,1.6851851851851851,10,0.3,0.2,0.5,1.6,1.6,3.2,0.4,0.5,1.1,1.7,5,0.4,0.2,0.4,2.2,1.8,4.0,0.6,0.6,1.4,1.4,61627,Premier League 24/25
2024-11-24,11:00,Southampton,Liverpool FC,12436506,UsV,48,0.22916666666666666,0.22916666666666666,0.5416666666666666,1.0625,1.8125,2.875,0.5416666666666666,0.5208333333333334,0.9166666666666666,1.8541666666666667,10,0.1,0.1,0.8,0.9,2.7,3.6,0.5,0.8,0.4,2.5,5,0.0,0.2,0.8,1.2,3.0,4.2,0.6,0.8,0.2,2.6,61627,Premier League 24/25
2024-11-24,13:30,Ipswich Town,Manchester Utd,12436497,HsK,10,0.2,0.4,0.4,0.8,2.2,3.0,0.5,0.5,1.0,1.6,10,0.2,0.4,0.4,0.8,2.2,3.0,0.5,0.5,1.0,1.6,5,0.0,0.4,0.6,0.2,3.2,3.4,0.2,0.4,0.4,2.2,61627,Premier League 24/25
2024-11-25,17:00,Newcastle United,West Ham United,12436496,MO,52,0.46153846153846156,0.25,0.28846153846153844,1.7115384615384615,1.2884615384615385,3.0,0.5,0.5769230769230769,1.6346153846153846,1.1153846153846154,10,0.5,0.4,0.1,2.5,1.8,4.3,0.9,0.7,1.9,0.7,5,0.4,0.6,0.0,2.6,1.6,4.2,1.0,0.6,1.8,0.6,61627,Premier League 24/25
2024-11-29,17:00,Brighton,Southampton,12436501,FV,12,0.25,0.5,0.25,1.4166666666666667,1.3333333333333333,2.75,0.8333333333333334,0.5,1.25,1.25,10,0.3,0.4,0.3,1.5,1.4,2.9,0.8,0.6,1.3,1.3,5,0.6,0.4,0.0,2.2,1.2,3.4,1.0,0.8,2.2,0.4,61627,Premier League 24/25
2024-11-30,12:00,Crystal Palace,Newcastle United,12436502,hO,26,0.23076923076923078,0.3076923076923077,0.46153846153846156,0.8461538461538461,1.1923076923076923,2.0384615384615383,0.34615384615384615,0.3076923076923077,1.0,1.6923076923076923,10,0.3,0.3,0.4,0.6,1.0,1.6,0.2,0.2,1.2,1.5,5,0.2,0.4,0.4,0.4,1.0,1.4,0.0,0.2,1.0,1.6,61627,Premier League 24/25
2024-11-30,12:00,Brentford,Leicester City,12436500,Gsab,4,0.0,0.5,0.5,1.25,1.75,3.0,1.0,0.75,0.5,2.0,4,0.0,0.5,0.5,1.25,1.75,3.0,1.0,0.75,0.5,2.0,4,0.0,0.5,0.5,1.25,1.75,3.0,1.0,0.75,0.5,2.0,61627,Premier League 24/25
2024-11-30,12:00,Wolves,Bournemouth,12436922,dskb,8,0.5,0.25,0.25,1.0,0.625,1.625,0.375,0.25,1.75,1.0,8,0.5,0.25,0.25,1.0,0.625,1.625,0.375,0.25,1.75,1.0,5,0.4,0.2,0.4,0.6,0.6,1.2,0.2,0.2,1.4,1.4,61627,Premier League 24/25
2024-11-30,12:00,Nottingham Forest,Ipswich Town,12436503,osH,4,0.5,0.0,0.5,1.25,0.75,2.0,0.25,0.25,1.5,1.5,4,0.5,0.0,0.5,1.25,0.75,2.0,0.25,0.25,1.5,1.5,4,0.5,0.0,0.5,1.25,0.75,2.0,0.25,0.25,1.5,1.5,61627,Premier League 24/25
2024-11-30,14:30,West Ham United,Arsenal,12436914,MR,56,0.16071428571428573,0.19642857142857142,0.6428571428571429,0.7678571428571429,1.875,2.642857142857143,0.42857142857142855,0.5178571428571429,0.6785714285714286,2.125,10,0.1,0.2,0.7,1.1,2.4,3.5,0.6,0.7,0.5,2.3,5,0.2,0.2,0.6,1.2,2.6,3.8,0.6,0.8,0.8,2.0,61627,Premier League 24/25
2024-12-01,10:30,Manchester Utd,Everton,12436505,KsY,64,0.59375,0.25,0.15625,1.78125,0.9375,2.71875,0.4375,0.421875,2.03125,0.71875,10,0.5,0.4,0.1,1.8,0.9,2.7,0.6,0.4,1.9,0.7,5,0.8,0.0,0.2,1.8,0.4,2.2,0.2,0.4,2.4,0.6,61627,Premier League 24/25
2024-12-01,10:30,Chelsea,Aston Villa,12436498,NP,58,0.5,0.2413793103448276,0.25862068965517243,1.6206896551724137,0.9655172413793104,2.586206896551724,0.4827586206896552,0.4482758620689655,1.7413793103448276,1.0172413793103448,10,0.5,0.2,0.3,1.6,1.1,2.7,0.6,0.6,1.7,1.1,5,0.4,0.2,0.4,1.4,1.2,2.6,0.4,0.4,1.4,1.4,61627,Premier League 24/25
2024-12-01,10:30,Tottenham Hotspur,Fulham,12436507,IsT,34,0.5588235294117647,0.17647058823529413,0.2647058823529412,1.5294117647058822,0.9117647058823529,2.4411764705882355,0.4117647058823529,0.47058823529411764,1.8529411764705883,0.9705882352941176,10,0.8,0.1,0.1,1.7,0.9,2.6,0.6,0.6,2.5,0.4,5,0.8,0.0,0.2,1.2,0.8,2.0,0.2,0.4,2.4,0.6,61627,Premier League 24/25
2024-12-01,13:00,Liverpool FC,Manchester City,12436504,rU,54,0.3888888888888889,0.3888888888888889,0.2222222222222222,1.5185185185185186,1.3333333333333333,2.8518518518518516,0.6296296296296297,0.5555555555555556,1.5555555555555556,1.0555555555555556,10,0.2,0.5,0.3,1.3,2.0,3.3,0.8,0.6,1.1,1.4,5,0.2,0.6,0.2,1.2,1.6,2.8,0.8,0.4,1.2,1.2,61627,Premier League 24/25
2024-12-03,16:30,Ipswich Town,Crystal Palace,12436961,hsH,4,0.0,0.25,0.75,0.75,2.25,3.0,0.5,0.75,0.25,2.5,4,0.0,0.25,0.75,0.75,2.25,3.0,0.5,0.75,0.25,2.5,4,0.0,0.25,0.75,0.75,2.25,3.0,0.5,0.75,0.25,2.5,61627,Premier League 24/25
2024-12-03,17:15,Leicester City,West Ham United,12436966,GsM,32,0.375,0.21875,0.40625,1.34375,1.5,2.84375,0.625,0.59375,1.34375,1.4375,10,0.4,0.3,0.3,1.8,1.8,3.6,0.8,0.8,1.5,1.2,5,0.4,0.2,0.4,1.8,2.0,3.8,0.8,0.8,1.4,1.4,61627,Premier League 24/25
2024-12-04,16:30,Manchester City,Nottingham Forest,12436972,osr,10,0.4,0.4,0.2,1.9,1.1,3.0,0.4,0.4,1.6,1.0,10,0.4,0.4,0.2,1.9,1.1,3.0,0.4,0.4,1.6,1.0,5,0.6,0.4,0.0,2.4,0.4,2.8,0.4,0.2,2.2,0.4,61627,Premier League 24/25
2024-12-04,16:30,Newcastle United,Liverpool FC,12436978,OU,58,0.1724137931034483,0.20689655172413793,0.6206896551724138,1.0172413793103448,2.0172413793103448,3.0344827586206895,0.5517241379310345,0.5862068965517241,0.7241379310344828,2.0689655172413794,10,0.0,0.2,0.8,0.8,2.1,2.9,0.7,0.6,0.2,2.6,5,0.0,0.0,1.0,0.8,2.2,3.0,0.6,0.6,0.0,3.0,61627,Premier League 24/25
2024-12-04,16:30,Southampton,Chelsea,12436984,NV,48,0.22916666666666666,0.25,0.5208333333333334,1.0416666666666667,1.75,2.7916666666666665,0.5208333333333334,0.4791666666666667,0.9375,1.8125,10,0.3,0.3,0.4,1.1,2.1,3.2,0.5,0.6,1.2,1.5,5,0.4,0.2,0.4,1.0,2.2,3.2,0.6,0.6,1.4,1.4,61627,Premier League 24/25
2024-12-04,16:30,Everton,Wolves,12436947,dsY,20,0.25,0.35,0.4,1.05,1.3,2.35,0.55,0.5,1.1,1.55,10,0.3,0.1,0.6,0.9,1.6,2.5,0.5,0.6,1.0,1.9,5,0.0,0.2,0.8,0.4,1.6,2.0,0.4,0.4,0.2,2.6,61627,Premier League 24/25
2024-12-04,17:15,Arsenal,Manchester Utd,12436935,KR,64,0.3125,0.28125,0.40625,1.15625,1.375,2.53125,0.53125,0.46875,1.21875,1.5,10,0.6,0.2,0.2,1.7,1.1,2.8,0.6,0.5,2.0,0.8,5,0.8,0.0,0.2,2.2,1.4,3.6,0.8,0.8,2.4,0.6,61627,Premier League 24/25
2024-12-04,17:15,Aston Villa,Brentford,12436942,Psab,6,0.3333333333333333,0.5,0.16666666666666666,2.0,1.3333333333333333,3.3333333333333335,0.8333333333333334,0.6666666666666666,1.5,1.0,6,0.3333333333333333,0.5,0.16666666666666666,2.0,1.3333333333333333,3.3333333333333335,0.8333333333333334,0.6666666666666666,1.5,1.0,5,0.4,0.4,0.2,2.2,1.4,3.6,0.8,0.8,1.6,1.0,61627,Premier League 24/25
2024-12-05,16:30,Fulham,Brighton,12436955,FsT,8,0.5,0.5,0.0,1.625,0.75,2.375,0.5,0.5,2.0,0.5,8,0.5,0.5,0.0,1.625,0.75,2.375,0.5,0.5,2.0,0.5,5,0.6,0.4,0.0,1.4,0.4,1.8,0.4,0.4,2.2,0.4,61627,Premier League 24/25
2024-12-05,17:15,Bournemouth,Tottenham Hotspur,13015216,Iskb,14,0.14285714285714285,0.14285714285714285,0.7142857142857143,0.7857142857142857,2.5,3.2857142857142856,0.42857142857142855,0.6428571428571429,0.5714285714285714,2.2857142857142856,10,0.2,0.1,0.7,1.0,2.3,3.3,0.5,0.6,0.7,2.2,5,0.2,0.2,0.6,1.2,2.0,3.2,0.6,0.6,0.8,2.0,61627,Premier League 24/25
2024-12-07,09:30,Everton,Liverpool FC,12436452,UsY,64,0.203125,0.375,0.421875,0.859375,1.328125,2.1875,0.421875,0.359375,0.984375,1.640625,10,0.2,0.3,0.5,0.9,1.7,2.6,0.3,0.3,0.9,1.8,5,0.2,0.2,0.6,0.4,1.2,1.6,0.0,0.0,0.8,2.0,61627,Premier League 24/25
2024-12-07,12:00,Crystal Palace,Manchester City,12436445,hr,28,0.14285714285714285,0.25,0.6071428571428571,0.75,2.0,2.75,0.39285714285714285,0.5357142857142857,0.6785714285714286,2.0714285714285716,10,0.1,0.3,0.6,1.0,2.1,3.1,0.4,0.5,0.6,2.1,5,0.0,0.4,0.6,1.2,2.2,3.4,0.6,0.6,0.4,2.2,61627,Premier League 24/25
2024-12-07,12:00,Brentford,Newcastle United,12436450,Osab,6,0.0,0.16666666666666666,0.8333333333333334,1.1666666666666667,2.8333333333333335,4.0,0.6666666666666666,0.6666666666666666,0.16666666666666666,2.6666666666666665,6,0.0,0.16666666666666666,0.8333333333333334,1.1666666666666667,2.8333333333333335,4.0,0.6666666666666666,0.6666666666666666,0.16666666666666666,2.6666666666666665,5,0.0,0.0,1.0,0.8,2.8,3.6,0.6,0.6,0.0,3.0,61627,Premier League 24/25
2024-12-07,12:00,Aston Villa,Southampton,12436990,PV,42,0.40476190476190477,0.23809523809523808,0.35714285714285715,1.2142857142857142,1.3095238095238095,2.5238095238095237,0.4523809523809524,0.40476190476190477,1.4523809523809523,1.3095238095238095,10,0.4,0.1,0.5,1.1,1.4,2.5,0.3,0.4,1.3,1.6,5,0.8,0.0,0.2,1.4,0.2,1.6,0.0,0.2,2.4,0.6,61627,Premier League 24/25
2024-12-07,14:30,Manchester Utd,Nottingham Forest,12436449,osK,14,0.7142857142857143,0.07142857142857142,0.21428571428571427,2.7142857142857144,0.7142857142857143,3.4285714285714284,0.42857142857142855,0.6428571428571429,2.2142857142857144,0.7142857142857143,10,0.8,0.0,0.2,3.2,0.7,3.9,0.4,0.8,2.4,0.6,5,0.8,0.0,0.2,3.4,1.0,4.4,0.6,0.8,2.4,0.6,61627,Premier League 24/25
2024-12-08,11:00,Fulham,Arsenal,12436459,RsT,34,0.11764705882352941,0.20588235294117646,0.6764705882352942,0.7941176470588235,2.1470588235294117,2.9411764705882355,0.5588235294117647,0.6764705882352942,0.5588235294117647,2.235294117647059,10,0.1,0.2,0.7,0.9,2.6,3.5,0.7,0.8,0.5,2.3,5,0.2,0.4,0.4,1.2,1.8,3.0,0.8,0.8,1.0,1.6,61627,Premier League 24/25
2024-12-08,11:00,Leicester City,Brighton,12436444,FsG,12,0.5,0.3333333333333333,0.16666666666666666,1.6666666666666667,1.0833333333333333,2.75,0.5833333333333334,0.5,1.8333333333333333,0.8333333333333334,10,0.4,0.4,0.2,1.6,1.3,2.9,0.7,0.6,1.6,1.0,5,0.2,0.4,0.4,1.6,2.2,3.8,1.0,0.8,1.0,1.6,61627,Premier League 24/25
2024-12-08,11:00,Ipswich Town,Bournemouth,12436462,Hskb,0,0.0,0.0,0.0,0.0,0.0,0.0,0.0,0.0,0.0,0.0,0,0.0,0.0,0.0,0.0,0.0,0.0,0.0,0.0,0.0,0.0,0,0.0,0.0,0.0,0.0,0.0,0.0,0.0,0.0,0.0,0.0,61627,Premier League 24/25
2024-12-08,13:30,Tottenham Hotspur,Chelsea,12436441,IN,64,0.125,0.3125,0.5625,0.90625,1.796875,2.703125,0.5,0.484375,0.6875,2.0,10,0.1,0.2,0.7,0.6,1.8,2.4,0.3,0.4,0.5,2.3,5,0.2,0.2,0.6,1.0,2.0,3.0,0.4,0.4,0.8,2.0,61627,Premier League 24/25
2024-12-09,17:00,West Ham United,Wolves,12436454,dsM,16,0.5,0.0,0.5,1.25,1.0625,2.3125,0.1875,0.375,1.5,1.5,10,0.6,0.0,0.4,1.5,0.9,2.4,0.2,0.4,1.8,1.2,5,0.8,0.0,0.2,1.6,0.4,2.0,0.2,0.4,2.4,0.6,61627,Premier League 24/25
2024-12-14,12:00,Liverpool,Fulham,12436446,TsU,0,0.0,0.0,0.0,0.0,0.0,0.0,0.0,0.0,0.0,0.0,0,0.0,0.0,0.0,0.0,0.0,0.0,0.0,0.0,0.0,0.0,0,0.0,0.0,0.0,0.0,0.0,0.0,0.0,0.0,0.0,0.0,61627,Premier League 24/25
2024-12-14,12:00,Arsenal,Everton,12436438,RY,64,0.59375,0.21875,0.1875,1.921875,0.890625,2.8125,0.546875,0.484375,2.0,0.78125,10,0.5,0.1,0.4,1.7,1.0,2.7,0.5,0.6,1.6,1.3,5,0.8,0.0,0.2,2.4,0.6,3.0,0.4,0.6,2.4,0.6,61627,Premier League 24/25
2024-12-14,12:00,Newcastle United,Leicester City,12436460,GO,32,0.4375,0.1875,0.375,1.21875,1.5,2.71875,0.40625,0.53125,1.5,1.3125,10,0.4,0.1,0.5,1.1,1.9,3.0,0.3,0.7,1.3,1.6,5,0.6,0.2,0.2,1.8,1.4,3.2,0.4,0.8,2.0,0.8,61627,Premier League 24/25
2024-12-14,12:00,Wolves,Ipswich Town,12436456,dsH,0,0.0,0.0,0.0,0.0,0.0,0.0,0.0,0.0,0.0,0.0,0,0.0,0.0,0.0,0.0,0.0,0.0,0.0,0.0,0.0,0.0,0,0.0,0.0,0.0,0.0,0.0,0.0,0.0,0.0,0.0,0.0,61627,Premier League 24/25
2024-12-14,14:30,Nottingham Forest,Aston Villa,12436447,osP,14,0.14285714285714285,0.35714285714285715,0.5,0.9285714285714286,1.4285714285714286,2.357142857142857,0.5,0.2857142857142857,0.7857142857142857,1.8571428571428572,10,0.1,0.5,0.4,0.9,1.5,2.4,0.5,0.2,0.8,1.7,5,0.2,0.2,0.6,1.0,1.8,2.8,0.4,0.2,0.8,2.0,61627,Premier League 24/25
2024-12-15,11:00,Brighton,Crystal Palace,12436457,hsF,14,0.2857142857142857,0.5,0.21428571428571427,1.3571428571428572,1.0714285714285714,2.4285714285714284,0.7857142857142857,0.35714285714285715,1.3571428571428572,1.1428571428571428,10,0.2,0.6,0.2,1.2,1.0,2.2,0.8,0.2,1.2,1.2,5,0.4,0.6,0.0,1.6,0.8,2.4,0.8,0.2,1.8,0.6,61627,Premier League 24/25
2024-12-15,13:30,Manchester City,Manchester Utd,12436451,rK,54,0.37037037037037035,0.18518518518518517,0.4444444444444444,1.4814814814814814,1.4074074074074074,2.888888888888889,0.5370370370370371,0.5370370370370371,1.2962962962962963,1.5185185185185186,10,0.5,0.1,0.4,2.0,1.3,3.3,0.5,0.6,1.6,1.3,5,0.8,0.0,0.2,3.4,1.4,4.8,0.8,1.0,2.4,0.6,61627,Premier League 24/25
2024-12-15,16:00,Chelsea,Brentford,12436461,Nsab,6,0.16666666666666666,0.3333333333333333,0.5,0.6666666666666666,1.6666666666666667,2.3333333333333335,0.3333333333333333,0.3333333333333333,0.8333333333333334,1.8333333333333333,6,0.16666666666666666,0.3333333333333333,0.5,0.6666666666666666,1.6666666666666667,2.3333333333333335,0.3333333333333333,0.3333333333333333,0.8333333333333334,1.8333333333333333,5,0.0,0.4,0.6,0.6,2.0,2.6,0.4,0.4,0.4,2.2,61627,Premier League 24/25
2024-12-15,16:00,Southampton,Tottenham Hotspur,12436458,IV,48,0.2916666666666667,0.22916666666666666,0.4791666666666667,1.2083333333333333,1.8541666666666667,3.0625,0.6041666666666666,0.5416666666666666,1.1041666666666667,1.6666666666666667,10,0.3,0.2,0.5,1.6,2.3,3.9,0.9,0.8,1.1,1.7,5,0.2,0.4,0.4,1.8,2.4,4.2,1.0,0.8,1.0,1.6,61627,Premier League 24/25
2024-12-16,17:00,Bournemouth,West Ham United,12436465,Mkb,14,0.2857142857142857,0.35714285714285715,0.35714285714285715,1.4285714285714286,2.0,3.4285714285714284,0.6428571428571429,0.5714285714285714,1.2142857142857142,1.4285714285714286,10,0.2,0.5,0.3,1.2,1.9,3.1,0.6,0.5,1.1,1.4,5,0.0,0.4,0.6,0.4,2.4,2.8,0.4,0.4,0.4,2.2,61627,Premier League 24/25
2024-12-21,09:30,Aston Villa,Manchester City,12436453,rP,48,0.16666666666666666,0.20833333333333334,0.625,0.9166666666666666,2.0208333333333335,2.9375,0.5416666666666666,0.5416666666666666,0.7083333333333334,2.0833333333333335,10,0.1,0.1,0.8,0.9,2.6,3.5,0.7,0.7,0.4,2.5,5,0.2,0.2,0.6,1.2,2.2,3.4,0.8,0.6,0.8,2.0,61627,Premier League 24/25
2024-12-21,12:00,Ipswich Town,Newcastle United,12436467,HsO,8,0.0,0.625,0.375,0.625,1.25,1.875,0.5,0.125,0.625,1.75,8,0.0,0.625,0.375,0.625,1.25,1.875,0.5,0.125,0.625,1.75,5,0.0,0.6,0.4,0.6,1.2,1.8,0.4,0.2,0.6,1.8,61627,Premier League 24/25
2024-12-21,12:00,West Ham United,Brighton,12436478,FsM,14,0.07142857142857142,0.5,0.42857142857142855,1.0714285714285714,1.9285714285714286,3.0,0.6428571428571429,0.5714285714285714,0.7142857142857143,1.7857142857142858,10,0.1,0.6,0.3,1.2,1.8,3.0,0.7,0.5,0.9,1.5,5,0.2,0.2,0.6,0.8,2.0,2.8,0.4,0.6,0.8,2.0,61627,Premier League 24/25
2024-12-21,12:00,Brentford,Nottingham Forest,12436463,osab,4,0.5,0.5,0.0,2.0,1.5,3.5,1.0,0.75,2.0,0.5,4,0.5,0.5,0.0,2.0,1.5,3.5,1.0,0.75,2.0,0.5,4,0.5,0.5,0.0,2.0,1.5,3.5,1.0,0.75,2.0,0.5,61627,Premier League 24/25
2024-12-21,14:30,Crystal Palace,Arsenal,12436464,hsR,30,0.13333333333333333,0.26666666666666666,0.6,1.0,2.0,3.0,0.5666666666666667,0.6333333333333333,0.6666666666666666,2.066666666666667,10,0.1,0.4,0.5,1.0,2.0,3.0,0.5,0.6,0.7,1.9,5,0.2,0.0,0.8,0.8,2.4,3.2,0.2,0.6,0.6,2.4,61627,Premier League 24/25
2024-12-22,11:00,Manchester Utd,Bournemouth,12436470,Kkb,14,0.6428571428571429,0.14285714285714285,0.21428571428571427,2.0,1.0714285714285714,3.0714285714285716,0.5714285714285714,0.6428571428571429,2.0714285714285716,0.7857142857142857,10,0.7,0.1,0.2,2.0,1.0,3.0,0.4,0.6,2.2,0.7,5,0.6,0.2,0.2,2.2,1.4,3.6,0.4,0.8,2.0,0.8,61627,Premier League 24/25
2024-12-22,11:00,Everton,Chelsea,12436466,BQy,64,0.21875,0.328125,0.453125,1.0,1.546875,2.546875,0.46875,0.453125,0.984375,1.6875,10,0.4,0.2,0.4,1.0,1.7,2.7,0.3,0.4,1.4,1.4,5,0.4,0.2,0.4,1.0,1.8,2.8,0.2,0.4,1.4,1.4,61627,Premier League 24/25
2024-12-22,11:00,Leicester City,Wolves,12436469,dsG,12,0.4166666666666667,0.3333333333333333,0.25,1.4166666666666667,0.9166666666666666,2.3333333333333335,0.3333333333333333,0.4166666666666667,1.5833333333333333,1.0833333333333333,10,0.5,0.3,0.2,1.4,0.7,2.1,0.3,0.4,1.8,0.9,5,0.6,0.2,0.2,1.6,0.6,2.2,0.4,0.6,2.0,0.8,61627,Premier League 24/25
2024-12-22,11:00,Fulham,Southampton,12436468,TsV,18,0.3333333333333333,0.3888888888888889,0.2777777777777778,1.2777777777777777,1.5,2.7777777777777777,0.5555555555555556,0.5,1.3888888888888888,1.2222222222222223,10,0.3,0.3,0.4,1.1,1.6,2.7,0.5,0.5,1.2,1.5,5,0.4,0.2,0.4,1.0,1.2,2.2,0.4,0.4,1.4,1.4,61627,Premier League 24/25
2024-12-22,13:30,Tottenham Hotspur,Liverpool,12436471,IsU,0,0.0,0.0,0.0,0.0,0.0,0.0,0.0,0.0,0.0,0.0,0,0.0,0.0,0.0,0.0,0.0,0.0,0.0,0.0,0.0,0.0,0,0.0,0.0,0.0,0.0,0.0,0.0,0.0,0.0,0.0,0.0,61627,Premier League 24/25
2024-12-26,09:30,Manchester City,Everton,12436481,rY,54,0.5,0.16666666666666666,0.3333333333333333,1.5925925925925926,1.037037037037037,2.6296296296296298,0.46296296296296297,0.46296296296296297,1.6666666666666667,1.1666666666666667,10,0.9,0.1,0.0,2.6,0.5,3.1,0.5,0.7,2.8,0.1,5,0.8,0.2,0.0,2.0,0.4,2.4,0.4,0.4,2.6,0.2,61627,Premier League 24/25
2024-12-26,12:00,Chelsea,Fulham,12436473,NsT,34,0.5882352941176471,0.35294117647058826,0.058823529411764705,1.588235294117647,0.6764705882352942,2.264705882352941,0.5,0.38235294117647056,2.1176470588235294,0.5294117647058824,10,0.8,0.1,0.1,1.6,0.4,2.0,0.3,0.3,2.5,0.4,5,0.6,0.2,0.2,1.2,0.4,1.6,0.2,0.2,2.0,0.8,61627,Premier League 24/25
2024-12-26,12:00,Nottingham Forest,Tottenham Hotspur,12436479,osI,14,0.42857142857142855,0.07142857142857142,0.5,1.2142857142857142,1.5,2.7142857142857144,0.5714285714285714,0.5714285714285714,1.3571428571428572,1.5714285714285714,10,0.4,0.0,0.6,0.8,1.5,2.3,0.4,0.4,1.2,1.8,5,0.0,0.0,1.0,0.4,2.2,2.6,0.4,0.4,0.0,3.0,61627,Premier League 24/25
2024-12-26,12:00,Newcastle United,Aston Villa,12436477,OP,54,0.48148148148148145,0.3148148148148148,0.2037037037037037,1.462962962962963,0.8888888888888888,2.3518518518518516,0.46296296296296297,0.35185185185185186,1.7592592592592593,0.9259259259259259,10,0.4,0.2,0.4,1.5,1.3,2.8,0.4,0.4,1.4,1.4,5,0.8,0.0,0.2,2.6,1.0,3.6,0.4,0.8,2.4,0.6,61627,Premier League 24/25
2024-12-26,12:00,Southampton,West Ham United,12436480,MV,42,0.2857142857142857,0.2619047619047619,0.4523809523809524,1.0714285714285714,1.4523809523809523,2.5238095238095237,0.4523809523809524,0.47619047619047616,1.119047619047619,1.619047619047619,10,0.1,0.3,0.6,0.6,1.6,2.2,0.4,0.5,0.6,2.1,5,0.2,0.4,0.4,0.8,1.4,2.2,0.4,0.4,1.0,1.6,61627,Premier League 24/25
2024-12-26,12:00,Bournemouth,Crystal Palace,12436476,hkb,14,0.2857142857142857,0.2857142857142857,0.42857142857142855,1.0714285714285714,1.5,2.5714285714285716,0.42857142857142855,0.35714285714285715,1.1428571428571428,1.5714285714285714,10,0.3,0.2,0.5,1.2,1.7,2.9,0.4,0.4,1.1,1.7,5,0.4,0.0,0.6,0.6,1.2,1.8,0.0,0.0,1.2,1.8,61627,Premier League 24/25
2024-12-26,14:30,Wolves,Manchester Utd,12436482,dsK,20,0.2,0.15,0.65,0.7,1.6,2.3,0.4,0.4,0.75,2.1,10,0.1,0.2,0.7,0.6,1.3,1.9,0.3,0.2,0.5,2.3,5,0.2,0.0,0.8,0.8,1.6,2.4,0.2,0.2,0.6,2.4,61627,Premier League 24/25
2024-12-26,17:00,Liverpool,Leicester City,12436474,GU,0,0.0,0.0,0.0,0.0,0.0,0.0,0.0,0.0,0.0,0.0,0,0.0,0.0,0.0,0.0,0.0,0.0,0.0,0.0,0.0,0.0,0,0.0,0.0,0.0,0.0,0.0,0.0,0.0,0.0,0.0,0.0,61627,Premier League 24/25
2024-12-27,16:30,Brighton,Brentford,12436475,Fsab,6,0.5,0.3333333333333333,0.16666666666666666,1.3333333333333333,1.0,2.3333333333333335,0.3333333333333333,0.3333333333333333,1.8333333333333333,0.8333333333333334,6,0.5,0.3333333333333333,0.16666666666666666,1.3333333333333333,1.0,2.3333333333333335,0.3333333333333333,0.3333333333333333,1.8333333333333333,0.8333333333333334,5,0.4,0.4,0.2,1.4,1.2,2.6,0.4,0.4,1.6,1.0,61627,Premier League 24/25
2024-12-27,17:15,Arsenal,Ipswich Town,12436472,HsR,10,0.8,0.2,0.0,2.2,0.4,2.6,0.4,0.4,2.6,0.2,10,0.8,0.2,0.0,2.2,0.4,2.6,0.4,0.4,2.6,0.2,5,0.8,0.2,0.0,1.8,0.4,2.2,0.4,0.2,2.6,0.2,61627,Premier League 24/25
2024-12-29,11:30,Leicester City,Manchester City,12436512,rG,24,0.2916666666666667,0.08333333333333333,0.625,1.1666666666666667,1.6666666666666667,2.8333333333333335,0.4583333333333333,0.4583333333333333,0.9583333333333334,1.9583333333333333,10,0.2,0.0,0.8,1.2,2.1,3.3,0.5,0.5,0.6,2.4,5,0.0,0.0,1.0,0.8,2.6,3.4,0.4,0.4,0.0,3.0,61627,Premier League 24/25
2024-12-29,12:00,Tottenham Hotspur,Wolves,12436521,dsI,20,0.45,0.15,0.4,1.55,1.3,2.85,0.55,0.45,1.5,1.35,10,0.4,0.1,0.5,1.1,1.2,2.3,0.5,0.4,1.3,1.6,5,0.2,0.0,0.8,0.6,1.4,2.0,0.4,0.4,0.6,2.4,61627,Premier League 24/25
2024-12-29,12:00,Everton,Nottingham Forest,12436517,osY,14,0.5714285714285714,0.14285714285714285,0.2857142857142857,1.5714285714285714,0.7857142857142857,2.357142857142857,0.35714285714285715,0.42857142857142855,1.8571428571428572,1.0,10,0.6,0.2,0.2,1.6,0.7,2.3,0.3,0.3,2.0,0.8,5,0.4,0.4,0.2,1.2,0.8,2.0,0.4,0.2,1.6,1.0,61627,Premier League 24/25
2024-12-29,12:00,Fulham,Bournemouth,12436515,Tskb,6,0.3333333333333333,0.16666666666666666,0.5,1.1666666666666667,1.8333333333333333,3.0,0.5,0.8333333333333334,1.1666666666666667,1.6666666666666667,6,0.3333333333333333,0.16666666666666666,0.5,1.1666666666666667,1.8333333333333333,3.0,0.5,0.8333333333333334,1.1666666666666667,1.6666666666666667,5,0.4,0.2,0.4,1.4,1.6,3.0,0.6,0.8,1.4,1.4,61627,Premier League 24/25
2024-12-29,12:00,Crystal Palace,Southampton,12436532,hV,28,0.25,0.25,0.5,0.9642857142857143,1.4285714285714286,2.392857142857143,0.5,0.42857142857142855,1.0,1.75,10,0.4,0.3,0.3,1.1,1.2,2.3,0.5,0.3,1.5,1.2,5,0.6,0.2,0.2,1.6,1.2,2.8,0.6,0.6,2.0,0.8,61627,Premier League 24/25
2024-12-29,14:15,West Ham United,Liverpool,12436513,MU,0,0.0,0.0,0.0,0.0,0.0,0.0,0.0,0.0,0.0,0.0,0,0.0,0.0,0.0,0.0,0.0,0.0,0.0,0.0,0.0,0.0,0,0.0,0.0,0.0,0.0,0.0,0.0,0.0,0.0,0.0,0.0,61627,Premier League 24/25
2024-12-30,16:45,Ipswich Town,Chelsea,12436510,HsN,10,0.1,0.5,0.4,1.0,1.5,2.5,0.7,0.5,0.8,1.7,10,0.1,0.5,0.4,1.0,1.5,2.5,0.7,0.5,0.8,1.7,5,0.0,0.6,0.4,1.2,1.8,3.0,0.8,0.8,0.6,1.8,61627,Premier League 24/25
2024-12-30,16:45,Aston Villa,Brighton,12436530,FP,10,0.6,0.2,0.2,1.8,0.8,2.6,0.6,0.5,2.0,0.8,10,0.6,0.2,0.2,1.8,0.8,2.6,0.6,0.5,2.0,0.8,5,0.8,0.0,0.2,2.4,0.8,3.2,0.6,0.6,2.4,0.6,61627,Premier League 24/25
2024-12-30,17:00,Manchester Utd,Newcastle United,12436522,DYBe,58,0.5862068965517241,0.25862068965517243,0.15517241379310345,2.0,1.0172413793103448,3.0172413793103448,0.5,0.5,2.0172413793103448,0.7241379310344828,10,0.5,0.2,0.3,1.9,1.1,3.0,0.6,0.5,1.7,1.1,5,0.2,0.4,0.4,0.8,1.2,2.0,0.4,0.2,1.0,1.6,61627,Premier League 24/25
2025-01-01,14:30,Brentford,Arsenal,12436410,Rsab,6,0.16666666666666666,0.16666666666666666,0.6666666666666666,0.8333333333333334,1.5,2.3333333333333335,0.5,0.5,0.6666666666666666,2.1666666666666665,6,0.16666666666666666,0.16666666666666666,0.6666666666666666,0.8333333333333334,1.5,2.3333333333333335,0.5,0.5,0.6666666666666666,2.1666666666666665,5,0.0,0.2,0.8,0.6,1.8,2.4,0.6,0.6,0.2,2.6,61627,Premier League 24/25
2025-01-04,09:30,Tottenham Hotspur,Newcastle United,12436519,IO,59,0.423728813559322,0.13559322033898305,0.4406779661016949,1.576271186440678,1.6101694915254237,3.1864406779661016,0.6271186440677966,0.6101694915254238,1.4067796610169492,1.4576271186440677,10,0.4,0.2,0.4,2.1,2.2,4.3,0.9,0.9,1.4,1.4,5,0.2,0.0,0.8,1.4,3.0,4.4,0.8,1.0,0.6,2.4,61627,Premier League 24/25
2025-01-04,12:00,Manchester City,West Ham United,12436508,rM,47,0.6382978723404256,0.1702127659574468,0.19148936170212766,1.872340425531915,0.8936170212765957,2.765957446808511,0.5106382978723404,0.6170212765957447,2.0851063829787235,0.7446808510638298,10,0.8,0.2,0.0,2.3,0.8,3.1,0.7,0.7,2.6,0.2,5,1.0,0.0,0.0,2.8,0.6,3.4,0.6,0.8,3.0,0.0,61627,Premier League 24/25
2025-01-04,12:00,Crystal Palace,Chelsea,12436419,hN,31,0.12903225806451613,0.0967741935483871,0.7741935483870968,0.7419354838709677,2.064516129032258,2.806451612903226,0.5483870967741935,0.6129032258064516,0.4838709677419355,2.4193548387096775,10,0.0,0.1,0.9,0.7,2.4,3.1,0.6,0.7,0.1,2.8,5,0.0,0.2,0.8,0.8,1.8,2.6,0.8,0.6,0.2,2.6,61627,Premier League 24/25
2025-01-04,12:00,Aston Villa,Leicester City,12436523,GP,29,0.27586206896551724,0.3448275862068966,0.3793103448275862,1.4137931034482758,1.6551724137931034,3.0689655172413794,0.6896551724137931,0.6206896551724138,1.1724137931034482,1.4827586206896552,10,0.4,0.2,0.4,1.2,1.8,3.0,0.7,0.7,1.4,1.4,5,0.6,0.2,0.2,1.6,1.4,3.0,0.8,0.8,2.0,0.8,61627,Premier League 24/25
2025-01-04,12:00,Bournemouth,Everton,12436518,Yskb,15,0.4666666666666667,0.13333333333333333,0.4,1.8,1.8,3.6,0.6666666666666666,0.8,1.5333333333333334,1.3333333333333333,10,0.6,0.1,0.3,1.8,1.4,3.2,0.6,0.8,1.9,1.0,5,0.6,0.0,0.4,1.6,1.4,3.0,0.4,0.8,1.8,1.2,61627,Premier League 24/25
2025-01-04,12:00,Southampton,Brentford,12436520,Vsab,5,0.2,0.0,0.8,1.0,2.4,3.4,0.4,0.8,0.6,2.4,5,0.2,0.0,0.8,1.0,2.4,3.4,0.4,0.8,0.6,2.4,5,0.2,0.0,0.8,1.0,2.4,3.4,0.4,0.8,0.6,2.4,61627,Premier League 24/25
2025-01-04,14:30,Brighton,Arsenal,12436528,FsR,15,0.3333333333333333,0.26666666666666666,0.4,1.0666666666666667,1.4,2.466666666666667,0.5333333333333333,0.4666666666666667,1.2666666666666666,1.4666666666666666,10,0.3,0.2,0.5,1.0,1.5,2.5,0.4,0.5,1.1,1.7,5,0.2,0.2,0.6,1.2,2.0,3.2,0.4,0.6,0.8,2.0,61627,Premier League 24/25
2025-01-05,11:00,Fulham,Ipswich Town,12436525,HsT,3,0.0,0.6666666666666666,0.3333333333333333,0.6666666666666666,1.0,1.6666666666666667,0.6666666666666666,0.0,0.6666666666666666,1.6666666666666667,3,0.0,0.6666666666666666,0.3333333333333333,0.6666666666666666,1.0,1.6666666666666667,0.6666666666666666,0.0,0.6666666666666666,1.6666666666666667,3,0.0,0.6666666666666666,0.3333333333333333,0.6666666666666666,1.0,1.6666666666666667,0.6666666666666666,0.0,0.6666666666666666,1.6666666666666667,61627,Premier League 24/25
2025-01-05,13:30,Liverpool,Manchester Utd,12436514,KU,0,0.0,0.0,0.0,0.0,0.0,0.0,0.0,0.0,0.0,0.0,0,0.0,0.0,0.0,0.0,0.0,0.0,0.0,0.0,0.0,0.0,0,0.0,0.0,0.0,0.0,0.0,0.0,0.0,0.0,0.0,0.0,61627,Premier League 24/25
2025-01-06,17:00,Wolves,Nottingham Forest,12436437,dso,5,0.2,0.8,0.0,1.2,1.0,2.2,0.8,0.2,1.4,0.8,5,0.2,0.8,0.0,1.2,1.0,2.2,0.8,0.2,1.4,0.8,5,0.2,0.8,0.0,1.2,1.0,2.2,0.8,0.2,1.4,0.8,61627,Premier League 24/25
2025-01-14,16:30,Brentford,Manchester City,12436436,rsab,7,0.2857142857142857,0.0,0.7142857142857143,0.7142857142857143,1.4285714285714286,2.142857142857143,0.42857142857142855,0.42857142857142855,0.8571428571428571,2.142857142857143,7,0.2857142857142857,0.0,0.7142857142857143,0.7142857142857143,1.4285714285714286,2.142857142857143,0.42857142857142855,0.42857142857142855,0.8571428571428571,2.142857142857143,5,0.4,0.0,0.6,1.0,1.4,2.4,0.6,0.6,1.2,1.8,61627,Premier League 24/25
2025-01-14,16:30,Chelsea,Bournemouth,12436531,Nskb,15,0.6,0.13333333333333333,0.26666666666666666,1.5333333333333334,1.0,2.533333333333333,0.3333333333333333,0.5333333333333333,1.9333333333333333,0.9333333333333333,10,0.5,0.2,0.3,1.2,1.2,2.4,0.3,0.5,1.7,1.1,5,0.8,0.2,0.0,1.6,0.4,2.0,0.4,0.4,2.6,0.2,61627,Premier League 24/25
2025-01-14,16:30,West Ham United,Fulham,12436509,MsT,29,0.5172413793103449,0.2413793103448276,0.2413793103448276,1.4827586206896552,1.103448275862069,2.586206896551724,0.4827586206896552,0.5172413793103449,1.793103448275862,0.9655172413793104,10,0.5,0.2,0.3,1.2,1.2,2.4,0.4,0.4,1.7,1.1,5,0.4,0.2,0.4,1.0,1.8,2.8,0.4,0.4,1.4,1.4,61627,Premier League 24/25
2025-01-14,17:00,Nottingham Forest,Liverpool,12436526,osU,0,0.0,0.0,0.0,0.0,0.0,0.0,0.0,0.0,0.0,0.0,0,0.0,0.0,0.0,0.0,0.0,0.0,0.0,0.0,0.0,0.0,0,0.0,0.0,0.0,0.0,0.0,0.0,0.0,0.0,0.0,0.0,61627,Premier League 24/25
2025-01-15,16:30,Newcastle United,Wolves,12436529,dsO,19,0.3157894736842105,0.5789473684210527,0.10526315789473684,1.5263157894736843,1.105263157894737,2.6315789473684212,0.8947368421052632,0.47368421052631576,1.5263157894736843,0.8947368421052632,10,0.4,0.5,0.1,1.5,1.0,2.5,0.8,0.5,1.7,0.8,5,0.6,0.4,0.0,2.0,1.0,3.0,0.8,0.8,2.2,0.4,61627,Premier League 24/25
2025-01-15,16:30,Everton,Aston Villa,12436434,PY,59,0.23728813559322035,0.3050847457627119,0.4576271186440678,1.1355932203389831,1.4745762711864407,2.610169491525424,0.4915254237288136,0.5254237288135594,1.0169491525423728,1.6779661016949152,10,0.0,0.3,0.7,0.5,1.8,2.3,0.4,0.5,0.3,2.4,5,0.0,0.2,0.8,0.6,2.2,2.8,0.4,0.6,0.2,2.6,61627,Premier League 24/25
2025-01-15,16:30,Leicester City,Crystal Palace,12436527,hsG,23,0.34782608695652173,0.2608695652173913,0.391304347826087,1.173913043478261,1.391304347826087,2.5652173913043477,0.43478260869565216,0.5217391304347826,1.3043478260869565,1.434782608695652,10,0.4,0.4,0.2,1.6,1.3,2.9,0.7,0.7,1.6,1.0,5,0.2,0.6,0.2,1.4,1.4,2.8,0.8,0.8,1.2,1.2,61627,Premier League 24/25
2025-01-15,17:00,Arsenal,Tottenham Hotspur,12436511,IsR,65,0.4153846153846154,0.3384615384615385,0.24615384615384617,1.5538461538461539,1.2,2.753846153846154,0.6307692307692307,0.49230769230769234,1.5846153846153845,1.0769230769230769,10,0.6,0.1,0.3,1.7,1.4,3.1,0.6,0.7,1.9,1.0,5,0.8,0.2,0.0,2.2,1.0,3.2,0.6,0.6,2.6,0.2,61627,Premier League 24/25
2025-01-16,16:30,Ipswich Town,Brighton,12436524,FsH,1,0.0,1.0,0.0,0.0,0.0,0.0,0.0,0.0,1.0,1.0,1,0.0,1.0,0.0,0.0,0.0,0.0,0.0,0.0,1.0,1.0,1,0.0,1.0,0.0,0.0,0.0,0.0,0.0,0.0,1.0,1.0,61627,Premier League 24/25
2025-01-16,17:00,Manchester Utd,Southampton,12436516,KV,49,0.5918367346938775,0.2653061224489796,0.14285714285714285,2.061224489795918,1.0612244897959184,3.122448979591837,0.6122448979591837,0.5918367346938775,2.0408163265306123,0.6938775510204082,10,0.5,0.5,0.0,2.4,0.9,3.3,0.6,0.5,2.0,0.5,5,0.4,0.6,0.0,1.2,0.4,1.6,0.4,0.2,1.8,0.6,61627,Premier League 24/25
2025-01-18,09:30,Newcastle United,Bournemouth,12436885,Okb,13,0.3076923076923077,0.46153846153846156,0.23076923076923078,1.4615384615384615,1.3846153846153846,2.8461538461538463,0.7692307692307693,0.5384615384615384,1.3846153846153846,1.1538461538461537,10,0.3,0.6,0.1,1.7,1.4,3.1,0.9,0.6,1.5,0.9,5,0.0,0.8,0.2,1.0,1.4,2.4,0.8,0.2,0.8,1.4,61627,Premier League 24/25
2025-01-18,12:00,Brentford,Liverpool,12436440,Usab,0,0.0,0.0,0.0,0.0,0.0,0.0,0.0,0.0,0.0,0.0,0,0.0,0.0,0.0,0.0,0.0,0.0,0.0,0.0,0.0,0.0,0,0.0,0.0,0.0,0.0,0.0,0.0,0.0,0.0,0.0,0.0,61627,Premier League 24/25
2025-01-18,12:00,West Ham United,Crystal Palace,12436889,hsM,27,0.37037037037037035,0.2962962962962963,0.3333333333333333,1.7777777777777777,1.5925925925925926,3.3703703703703702,0.7407407407407407,0.6296296296296297,1.4074074074074074,1.2962962962962963,10,0.3,0.3,0.4,1.9,2.1,4.0,0.9,0.7,1.2,1.5,5,0.2,0.2,0.6,1.8,2.4,4.2,0.8,0.6,0.8,2.0,61627,Premier League 24/25
2025-01-18,12:00,Leicester City,Fulham,12436442,GsT,11,0.18181818181818182,0.2727272727272727,0.5454545454545454,1.0,1.4545454545454546,2.4545454545454546,0.45454545454545453,0.36363636363636365,0.8181818181818182,1.9090909090909092,10,0.2,0.2,0.6,1.1,1.6,2.7,0.5,0.4,0.8,2.0,5,0.2,0.0,0.8,1.4,2.0,3.4,0.6,0.6,0.6,2.4,61627,Premier League 24/25
2025-01-18,14:30,Arsenal,Aston Villa,12436443,PR,59,0.5423728813559322,0.2711864406779661,0.1864406779661017,1.6610169491525424,0.8813559322033898,2.542372881355932,0.4745762711864407,0.5254237288135594,1.8983050847457628,0.8305084745762712,10,0.5,0.0,0.5,1.2,1.2,2.4,0.3,0.4,1.5,1.5,5,0.6,0.0,0.4,1.6,1.2,2.8,0.4,0.4,1.8,1.2,61627,Premier League 24/25
2025-01-19,11:00,Manchester Utd,Brighton,12436883,FsK,15,0.5333333333333333,0.0,0.4666666666666667,1.5333333333333334,1.4,2.933333333333333,0.5333333333333333,0.6666666666666666,1.6,1.4,10,0.5,0.0,0.5,1.5,1.5,3.0,0.5,0.7,1.5,1.5,5,0.2,0.0,0.8,1.0,1.6,2.6,0.6,0.6,0.6,2.4,61627,Premier League 24/25
2025-01-19,11:00,Everton,Tottenham Hotspur,12436448,UwXh,65,0.13846153846153847,0.38461538461538464,0.47692307692307695,0.9384615384615385,1.6153846153846154,2.5538461538461537,0.5230769230769231,0.47692307692307695,0.8,1.8153846153846154,10,0.1,0.4,0.5,0.7,1.9,2.6,0.4,0.5,0.7,1.9,5,0.0,0.4,0.6,0.8,2.2,3.0,0.6,0.6,0.4,2.2,61627,Premier League 24/25
2025-01-19,11:00,Nottingham Forest,Southampton,12436887,osV,13,0.6923076923076923,0.07692307692307693,0.23076923076923078,1.7692307692307692,1.1538461538461537,2.923076923076923,0.46153846153846156,0.5384615384615384,2.1538461538461537,0.7692307692307693,10,0.7,0.1,0.2,1.9,1.2,3.1,0.4,0.5,2.2,0.7,5,0.8,0.0,0.2,1.6,0.8,2.4,0.2,0.2,2.4,0.6,61627,Premier League 24/25
2025-01-19,13:30,Ipswich Town,Manchester City,12436439,rsH,9,0.3333333333333333,0.0,0.6666666666666666,1.4444444444444444,2.111111111111111,3.5555555555555554,0.8888888888888888,0.8888888888888888,1.0,2.0,9,0.3333333333333333,0.0,0.6666666666666666,1.4444444444444444,2.111111111111111,3.5555555555555554,0.8888888888888888,0.8888888888888888,1.0,2.0,5,0.4,0.0,0.6,1.4,2.2,3.6,0.8,0.8,1.2,1.8,61627,Premier League 24/25
2025-01-20,17:00,Chelsea,Wolves,12436455,dsN,21,0.5238095238095238,0.19047619047619047,0.2857142857142857,2.238095238095238,1.0476190476190477,3.2857142857142856,0.47619047619047616,0.6190476190476191,1.7619047619047619,1.0476190476190477,10,0.3,0.3,0.4,1.7,1.3,3.0,0.5,0.6,1.2,1.5,5,0.4,0.0,0.6,2.4,1.8,4.2,0.6,0.8,1.2,1.8,61627,Premier League 24/25
2025-01-25,12:00,Liverpool,Ipswich Town,12436901,HsU,0,0.0,0.0,0.0,0.0,0.0,0.0,0.0,0.0,0.0,0.0,0,0.0,0.0,0.0,0.0,0.0,0.0,0.0,0.0,0.0,0.0,0,0.0,0.0,0.0,0.0,0.0,0.0,0.0,0.0,0.0,0.0,61627,Premier League 24/25
2025-01-25,12:00,Wolves,Arsenal,12436909,dsR,21,0.14285714285714285,0.14285714285714285,0.7142857142857143,0.6666666666666666,2.0,2.6666666666666665,0.47619047619047616,0.47619047619047616,0.5714285714285714,2.2857142857142856,10,0.2,0.0,0.8,0.6,2.0,2.6,0.4,0.5,0.6,2.4,5,0.0,0.0,1.0,0.2,2.6,2.8,0.2,0.4,0.0,3.0,61627,Premier League 24/25
2025-01-25,12:00,Southampton,Newcastle United,12436905,OV,45,0.3333333333333333,0.2222222222222222,0.4444444444444444,1.488888888888889,1.6888888888888889,3.1777777777777776,0.6666666666666666,0.6888888888888889,1.2222222222222223,1.5555555555555556,10,0.1,0.1,0.8,1.1,2.1,3.2,0.7,0.7,0.4,2.5,5,0.0,0.2,0.8,1.0,2.4,3.4,0.8,0.8,0.2,2.6,61627,Premier League 24/25
2025-01-25,12:00,Brighton,Everton,12436895,FsY,15,0.3333333333333333,0.26666666666666666,0.4,1.4,1.6666666666666667,3.066666666666667,0.6,0.4666666666666667,1.2666666666666666,1.4666666666666666,10,0.3,0.3,0.4,1.5,1.7,3.2,0.6,0.5,1.2,1.5,5,0.4,0.4,0.2,2.0,1.6,3.6,0.8,0.6,1.6,1.0,61627,Premier League 24/25
2025-01-25,12:00,Bournemouth,Nottingham Forest,12436891,oskb,5,0.4,0.6,0.0,1.8,1.4,3.2,1.0,0.4,1.8,0.6,5,0.4,0.6,0.0,1.8,1.4,3.2,1.0,0.4,1.8,0.6,5,0.4,0.6,0.0,1.8,1.4,3.2,1.0,0.4,1.8,0.6,61627,Premier League 24/25
2025-01-25,14:30,Manchester City,Chelsea,12436903,rN,55,0.32727272727272727,0.21818181818181817,0.45454545454545453,1.0909090909090908,1.3272727272727274,2.418181818181818,0.4,0.45454545454545453,1.2,1.5818181818181818,10,0.6,0.2,0.2,1.6,1.0,2.6,0.5,0.4,2.0,0.8,5,0.6,0.4,0.0,1.8,1.0,2.8,0.4,0.2,2.2,0.4,61627,Premier League 24/25
2025-01-26,11:00,Tottenham Hotspur,Leicester City,12436907,MXpf,35,0.45714285714285713,0.17142857142857143,0.37142857142857144,2.0,1.6857142857142857,3.6857142857142855,0.7428571428571429,0.6857142857142857,1.542857142857143,1.2857142857142858,10,0.6,0.1,0.3,2.5,1.7,4.2,0.8,0.8,1.9,1.0,5,0.6,0.2,0.2,2.8,2.0,4.8,1.0,0.8,2.0,0.8,61627,Premier League 24/25
2025-01-26,11:00,Crystal Palace,Brentford,12436897,hsab,7,0.14285714285714285,0.7142857142857143,0.14285714285714285,1.0,0.8571428571428571,1.8571428571428572,0.7142857142857143,0.2857142857142857,1.1428571428571428,1.1428571428571428,7,0.14285714285714285,0.7142857142857143,0.14285714285714285,1.0,0.8571428571428571,1.8571428571428572,0.7142857142857143,0.2857142857142857,1.1428571428571428,1.1428571428571428,5,0.2,0.6,0.2,1.4,1.2,2.6,1.0,0.4,1.2,1.2,61627,Premier League 24/25
2025-01-26,13:30,Aston Villa,West Ham United,12436893,MP,51,0.29411764705882354,0.45098039215686275,0.2549019607843137,1.1568627450980393,1.0784313725490196,2.235294117647059,0.5686274509803921,0.39215686274509803,1.3333333333333333,1.2156862745098038,10,0.2,0.3,0.5,1.3,1.7,3.0,0.9,0.6,0.9,1.8,5,0.4,0.4,0.2,1.6,1.0,2.6,0.8,0.4,1.6,1.0,61627,Premier League 24/25
2025-01-26,16:00,Fulham,Manchester Utd,12436899,KsT,35,0.11428571428571428,0.17142857142857143,0.7142857142857143,1.0,2.142857142857143,3.142857142857143,0.5714285714285714,0.6571428571428571,0.5142857142857142,2.3142857142857145,10,0.1,0.2,0.7,0.9,1.9,2.8,0.7,0.7,0.5,2.3,5,0.2,0.0,0.8,0.8,1.4,2.2,0.6,0.6,0.6,2.4,61627,Premier League 24/25
2025-02-01,09:30,Nottingham Forest,Brighton,12436930,osF,5,0.2,0.4,0.4,1.4,1.4,2.8,0.6,0.6,1.0,1.6,5,0.2,0.4,0.4,1.4,1.4,2.8,0.6,0.6,1.0,1.6,5,0.2,0.4,0.4,1.4,1.4,2.8,0.6,0.6,1.0,1.6,61627,Premier League 24/25
2025-02-01,12:00,Bournemouth,Liverpool,12436911,Uskb,0,0.0,0.0,0.0,0.0,0.0,0.0,0.0,0.0,0.0,0.0,0,0.0,0.0,0.0,0.0,0.0,0.0,0.0,0.0,0.0,0.0,0,0.0,0.0,0.0,0.0,0.0,0.0,0.0,0.0,0.0,0.0,61627,Premier League 24/25
2025-02-01,12:00,Newcastle United,Fulham,12436928,OsT,33,0.42424242424242425,0.21212121212121213,0.36363636363636365,1.3636363636363635,1.121212121212121,2.484848484848485,0.5151515151515151,0.45454545454545453,1.4848484848484849,1.303030303030303,10,0.6,0.2,0.2,1.7,0.6,2.3,0.3,0.4,2.0,0.8,5,0.8,0.0,0.2,2.0,0.8,2.8,0.4,0.6,2.4,0.6,61627,Premier League 24/25
2025-02-01,12:00,Everton,Leicester City,12436921,GY,35,0.2857142857142857,0.4857142857142857,0.22857142857142856,1.3428571428571427,1.3142857142857143,2.657142857142857,0.7428571428571429,0.4857142857142857,1.3428571428571427,1.1714285714285715,10,0.3,0.4,0.3,1.2,1.2,2.4,0.7,0.4,1.3,1.3,5,0.2,0.6,0.2,1.2,1.4,2.6,0.8,0.4,1.2,1.2,61627,Premier League 24/25
2025-02-01,12:00,Ipswich Town,Southampton,12436924,HV,11,0.45454545454545453,0.2727272727272727,0.2727272727272727,1.5454545454545454,1.4545454545454546,3.0,0.6363636363636364,0.5454545454545454,1.6363636363636365,1.0909090909090908,10,0.5,0.2,0.3,1.7,1.6,3.3,0.7,0.6,1.7,1.1,5,0.4,0.4,0.2,1.8,1.6,3.4,0.8,0.6,1.6,1.0,61627,Premier League 24/25
2025-02-01,14:30,Wolves,Aston Villa,12436932,dsP,19,0.3157894736842105,0.2631578947368421,0.42105263157894735,1.0526315789473684,1.4210526315789473,2.473684210526316,0.5263157894736842,0.47368421052631576,1.2105263157894737,1.5263157894736843,10,0.4,0.3,0.3,1.0,1.1,2.1,0.5,0.3,1.5,1.2,5,0.2,0.4,0.4,0.8,1.4,2.2,0.6,0.2,1.0,1.6,61627,Premier League 24/25
2025-02-02,11:00,Manchester Utd,Crystal Palace,12436925,hK,31,0.6129032258064516,0.22580645161290322,0.16129032258064516,1.5483870967741935,0.6774193548387096,2.225806451612903,0.3225806451612903,0.3870967741935484,2.064516129032258,0.7096774193548387,10,0.3,0.3,0.4,0.7,1.1,1.8,0.3,0.3,1.2,1.5,5,0.2,0.4,0.4,0.6,1.4,2.0,0.4,0.4,1.0,1.6,61627,Premier League 24/25
2025-02-02,11:00,Brentford,Tottenham Hotspur,12436916,Isab,7,0.14285714285714285,0.42857142857142855,0.42857142857142855,1.4285714285714286,1.8571428571428572,3.2857142857142856,0.7142857142857143,0.7142857142857143,0.8571428571428571,1.7142857142857142,7,0.14285714285714285,0.42857142857142855,0.42857142857142855,1.4285714285714286,1.8571428571428572,3.2857142857142856,0.7142857142857143,0.7142857142857143,0.8571428571428571,1.7142857142857142,5,0.2,0.4,0.4,2.0,2.2,4.2,1.0,1.0,1.0,1.6,61627,Premier League 24/25
2025-02-02,13:30,Arsenal,Manchester City,12436913,rsR,55,0.41818181818181815,0.2545454545454545,0.32727272727272727,1.3636363636363635,1.290909090909091,2.6545454545454548,0.45454545454545453,0.5454545454545454,1.509090909090909,1.2363636363636363,10,0.1,0.2,0.7,0.6,2.1,2.7,0.4,0.6,0.5,2.3,5,0.2,0.4,0.4,1.0,1.8,2.8,0.6,0.6,1.0,1.6,61627,Premier League 24/25
2025-02-03,17:00,Chelsea,West Ham United,12436919,MsN,57,0.543859649122807,0.17543859649122806,0.2807017543859649,1.7719298245614035,0.9298245614035088,2.7017543859649122,0.5087719298245614,0.543859649122807,1.8070175438596492,1.0175438596491229,10,0.6,0.1,0.3,2.1,1.1,3.2,0.5,0.7,1.9,1.0,5,0.6,0.2,0.2,2.4,1.0,3.4,0.6,0.8,2.0,0.8,61627,Premier League 24/25
2025-02-12,16:30,Everton,Liverpool,13344418,UsY,0,0.0,0.0,0.0,0.0,0.0,0.0,0.0,0.0,0.0,0.0,0,0.0,0.0,0.0,0.0,0.0,0.0,0.0,0.0,0.0,0.0,0,0.0,0.0,0.0,0.0,0.0,0.0,0.0,0.0,0.0,0.0,61627,Premier League 24/25
2025-02-14,17:00,Brighton,Chelsea,12436937,FsN,15,0.13333333333333333,0.26666666666666666,0.6,1.0666666666666667,2.0,3.066666666666667,0.6666666666666666,0.6,0.6666666666666666,2.066666666666667,10,0.2,0.4,0.4,1.5,1.7,3.2,0.9,0.6,1.0,1.6,5,0.4,0.0,0.6,2.2,2.2,4.4,1.0,1.0,1.2,1.8,61627,Premier League 24/25
2025-02-15,09:30,Leicester City,Arsenal,12436943,GR,35,0.14285714285714285,0.22857142857142856,0.6285714285714286,1.0571428571428572,2.1142857142857143,3.1714285714285713,0.6,0.5714285714285714,0.6571428571428571,2.1142857142857143,10,0.3,0.1,0.6,1.2,1.7,2.9,0.4,0.4,1.0,1.9,5,0.0,0.0,1.0,0.8,2.6,3.4,0.4,0.4,0.0,3.0,61627,Premier League 24/25
2025-02-15,12:00,Manchester City,Newcastle United,12436948,rO,49,0.6326530612244898,0.1836734693877551,0.1836734693877551,2.061224489795918,0.9387755102040817,3.0,0.42857142857142855,0.5510204081632653,2.0816326530612246,0.7346938775510204,10,0.8,0.2,0.0,3.0,0.9,3.9,0.4,0.6,2.6,0.2,5,0.6,0.4,0.0,2.0,1.2,3.2,0.6,0.4,2.2,0.4,61627,Premier League 24/25
2025-02-15,12:00,Aston Villa,Ipswich Town,12436934,HsP,11,0.6363636363636364,0.2727272727272727,0.09090909090909091,1.4545454545454546,0.7272727272727273,2.1818181818181817,0.5454545454545454,0.45454545454545453,2.1818181818181817,0.5454545454545454,10,0.7,0.2,0.1,1.5,0.7,2.2,0.5,0.5,2.3,0.5,5,0.6,0.4,0.0,1.6,1.0,2.6,0.8,0.8,2.2,0.4,61627,Premier League 24/25
2025-02-15,12:00,West Ham United,Brentford,12436956,Msab,7,0.14285714285714285,0.14285714285714285,0.7142857142857143,1.1428571428571428,2.0,3.142857142857143,0.5714285714285714,0.42857142857142855,0.5714285714285714,2.2857142857142856,7,0.14285714285714285,0.14285714285714285,0.7142857142857143,1.1428571428571428,2.0,3.142857142857143,0.5714285714285714,0.42857142857142855,0.5714285714285714,2.2857142857142856,5,0.2,0.2,0.6,1.4,2.0,3.4,0.6,0.4,0.8,2.0,61627,Premier League 24/25
2025-02-15,12:00,Fulham,Nottingham Forest,12436940,osT,5,0.8,0.0,0.2,2.4,1.0,3.4,0.4,0.6,2.4,0.6,5,0.8,0.0,0.2,2.4,1.0,3.4,0.4,0.6,2.4,0.6,5,0.8,0.0,0.2,2.4,1.0,3.4,0.4,0.6,2.4,0.6,61627,Premier League 24/25
2025-02-15,12:00,Southampton,Bournemouth,12436950,Vkb,13,0.38461538461538464,0.3076923076923077,0.3076923076923077,1.2307692307692308,1.1538461538461537,2.3846153846153846,0.46153846153846156,0.38461538461538464,1.4615384615384615,1.2307692307692308,10,0.3,0.4,0.3,1.1,1.2,2.3,0.5,0.4,1.3,1.3,5,0.4,0.0,0.6,1.0,1.4,2.4,0.4,0.4,1.2,1.8,61627,Premier League 24/25
2025-02-15,14:30,Crystal Palace,Everton,12436939,hY,31,0.1935483870967742,0.3225806451612903,0.4838709677419355,1.0,1.6129032258064515,2.6129032258064515,0.5806451612903226,0.5161290322580645,0.9032258064516129,1.7741935483870968,10,0.1,0.3,0.6,1.2,1.9,3.1,0.8,0.7,0.6,2.1,5,0.0,0.4,0.6,0.8,1.8,2.6,0.6,0.6,0.4,2.2,61627,Premier League 24/25
2025-02-16,11:00,Liverpool,Wolves,12436945,dsU,0,0.0,0.0,0.0,0.0,0.0,0.0,0.0,0.0,0.0,0.0,0,0.0,0.0,0.0,0.0,0.0,0.0,0.0,0.0,0.0,0.0,0,0.0,0.0,0.0,0.0,0.0,0.0,0.0,0.0,0.0,0.0,61627,Premier League 24/25
2025-02-16,13:30,Tottenham Hotspur,Manchester Utd,12436952,IsK,65,0.18461538461538463,0.24615384615384617,0.5692307692307692,1.0461538461538462,1.646153846153846,2.6923076923076925,0.47692307692307695,0.5384615384615384,0.8,1.9538461538461538,10,0.3,0.3,0.4,1.9,1.7,3.6,0.6,0.7,1.2,1.5,5,0.4,0.4,0.2,1.8,1.2,3.0,0.4,0.6,1.6,1.0,61627,Premier League 24/25
2025-02-19,16:30,Aston Villa,Liverpool,12437019,PU,0,0.0,0.0,0.0,0.0,0.0,0.0,0.0,0.0,0.0,0.0,0,0.0,0.0,0.0,0.0,0.0,0.0,0.0,0.0,0.0,0.0,0,0.0,0.0,0.0,0.0,0.0,0.0,0.0,0.0,0.0,0.0,61627,Premier League 24/25
2025-02-21,17:00,Leicester City,Brentford,12436623,Gsab,5,0.4,0.4,0.2,1.6,1.8,3.4,1.0,0.8,1.6,1.0,5,0.4,0.4,0.2,1.6,1.8,3.4,1.0,0.8,1.6,1.0,5,0.4,0.4,0.2,1.6,1.8,3.4,1.0,0.8,1.6,1.0,61627,Premier League 24/25
2025-02-22,09:30,Everton,Manchester Utd,12436625,KsY,65,0.15384615384615385,0.24615384615384617,0.6,0.9230769230769231,1.8153846153846154,2.7384615384615385,0.4307692307692308,0.4307692307692308,0.7076923076923077,2.046153846153846,10,0.1,0.3,0.6,0.8,2.1,2.9,0.5,0.5,0.6,2.1,5,0.0,0.0,1.0,0.2,2.6,2.8,0.2,0.6,0.0,3.0,61627,Premier League 24/25
2025-02-22,12:00,Arsenal,West Ham United,12436960,MR,57,0.6491228070175439,0.19298245614035087,0.15789473684210525,1.9298245614035088,0.7894736842105263,2.719298245614035,0.43859649122807015,0.5263157894736842,2.1403508771929824,0.6666666666666666,10,0.7,0.2,0.1,2.6,1.2,3.8,0.6,0.7,2.3,0.5,5,0.6,0.2,0.2,3.2,1.4,4.6,0.6,0.8,2.0,0.8,61627,Premier League 24/25
2025-02-22,12:00,Ipswich Town,Tottenham Hotspur,12436629,HsI,11,0.45454545454545453,0.2727272727272727,0.2727272727272727,1.5454545454545454,1.4545454545454546,3.0,0.7272727272727273,0.7272727272727273,1.6363636363636365,1.0909090909090908,10,0.5,0.2,0.3,1.6,1.5,3.1,0.7,0.8,1.7,1.1,5,0.8,0.0,0.2,2.0,1.2,3.2,0.8,1.0,2.4,0.6,61627,Premier League 24/25
2025-02-22,12:00,Southampton,Brighton,12436965,FV,13,0.23076923076923078,0.5384615384615384,0.23076923076923078,1.3076923076923077,1.3846153846153846,2.6923076923076925,0.8461538461538461,0.46153846153846156,1.2307692307692308,1.2307692307692308,10,0.3,0.4,0.3,1.3,1.4,2.7,0.8,0.5,1.3,1.3,5,0.0,0.6,0.4,1.2,2.0,3.2,1.0,0.6,0.6,1.8,61627,Premier League 24/25
2025-02-22,12:00,Fulham,Crystal Palace,12436624,hsT,13,0.3076923076923077,0.38461538461538464,0.3076923076923077,1.3846153846153846,1.1538461538461537,2.5384615384615383,0.46153846153846156,0.46153846153846156,1.3076923076923077,1.3076923076923077,10,0.2,0.5,0.3,1.1,1.1,2.2,0.4,0.4,1.1,1.4,5,0.4,0.6,0.0,1.6,0.6,2.2,0.4,0.4,1.8,0.6,61627,Premier League 24/25
2025-02-22,12:00,Bournemouth,Wolves,12436958,dskb,9,0.3333333333333333,0.2222222222222222,0.4444444444444444,1.0,1.1111111111111112,2.111111111111111,0.4444444444444444,0.3333333333333333,1.2222222222222223,1.5555555555555556,9,0.3333333333333333,0.2222222222222222,0.4444444444444444,1.0,1.1111111111111112,2.111111111111111,0.4444444444444444,0.3333333333333333,1.2222222222222223,1.5555555555555556,5,0.6,0.2,0.2,1.4,0.8,2.2,0.4,0.4,2.0,0.8,61627,Premier League 24/25
2025-02-22,14:30,Aston Villa,Chelsea,12436621,NP,59,0.2542372881355932,0.23728813559322035,0.5084745762711864,0.9491525423728814,1.6440677966101696,2.593220338983051,0.4745762711864407,0.4576271186440678,1.0,1.7627118644067796,10,0.3,0.2,0.5,1.0,1.7,2.7,0.5,0.6,1.1,1.7,5,0.4,0.2,0.4,1.0,1.4,2.4,0.2,0.4,1.4,1.4,61627,Premier League 24/25
2025-02-23,11:00,Newcastle United,Nottingham Forest,12436963,osO,13,0.6923076923076923,0.23076923076923078,0.07692307692307693,1.9230769230769231,0.8461538461538461,2.769230769230769,0.6153846153846154,0.6153846153846154,2.3076923076923075,0.46153846153846156,10,0.7,0.2,0.1,2.0,0.9,2.9,0.6,0.6,2.3,0.5,5,0.8,0.0,0.2,2.2,1.4,3.6,0.8,0.8,2.4,0.6,61627,Premier League 24/25
2025-02-23,13:30,Manchester City,Liverpool FC,12436627,rU,55,0.21818181818181817,0.38181818181818183,0.4,1.309090909090909,1.5272727272727273,2.8363636363636364,0.6181818181818182,0.5454545454545454,1.0363636363636364,1.5818181818181818,10,0.3,0.5,0.2,1.9,1.2,3.1,0.7,0.5,1.4,1.1,5,0.2,0.4,0.4,1.2,1.2,2.4,0.6,0.2,1.0,1.6,61627,Premier League 24/25
2025-02-25,16:30,Crystal Palace,Aston Villa,12436983,hP,25,0.36,0.28,0.36,1.08,1.16,2.24,0.44,0.4,1.36,1.36,10,0.3,0.2,0.5,1.6,1.7,3.3,0.6,0.7,1.1,1.7,5,0.4,0.2,0.4,2.2,1.4,3.6,0.6,0.8,1.4,1.4,61627,Premier League 24/25
2025-02-25,16:30,Brighton,Bournemouth,12436970,Fskb,11,0.45454545454545453,0.09090909090909091,0.45454545454545453,1.2727272727272727,1.7272727272727273,3.0,0.45454545454545453,0.6363636363636364,1.4545454545454546,1.4545454545454546,10,0.5,0.1,0.4,1.3,1.7,3.0,0.4,0.6,1.6,1.3,5,0.8,0.0,0.2,1.6,1.0,2.6,0.4,0.6,2.4,0.6,61627,Premier League 24/25
2025-02-25,16:30,Wolves,Fulham,12436981,dsT,17,0.47058823529411764,0.35294117647058826,0.17647058823529413,1.2352941176470589,0.9411764705882353,2.176470588235294,0.47058823529411764,0.35294117647058826,1.7647058823529411,0.8823529411764706,10,0.5,0.3,0.2,1.3,1.2,2.5,0.5,0.4,1.8,0.9,5,0.4,0.4,0.2,1.8,1.2,3.0,0.8,0.6,1.6,1.0,61627,Premier League 24/25
2025-02-25,17:15,Chelsea,Southampton,12436986,NV,49,0.5306122448979592,0.24489795918367346,0.22448979591836735,1.816326530612245,1.0408163265306123,2.857142857142857,0.5306122448979592,0.4897959183673469,1.836734693877551,0.9183673469387755,10,0.4,0.3,0.3,2.3,1.2,3.5,0.6,0.6,1.5,1.2,5,0.6,0.0,0.4,3.0,1.0,4.0,0.6,0.8,1.8,1.2,61627,Premier League 24/25
2025-02-26,16:30,Tottenham Hotspur,Manchester City,12436975,rI,55,0.509090909090909,0.18181818181818182,0.3090909090909091,1.4545454545454546,1.4181818181818182,2.8727272727272726,0.5272727272727272,0.5454545454545454,1.709090909090909,1.1090909090909091,10,0.6,0.1,0.3,1.8,1.4,3.2,0.3,0.5,1.9,1.0,5,0.4,0.2,0.4,2.0,1.8,3.8,0.4,0.6,1.4,1.4,61627,Premier League 24/25
2025-02-26,16:30,Manchester Utd,Ipswich Town,12436991,HsK,11,0.36363636363636365,0.45454545454545453,0.18181818181818182,2.090909090909091,0.8181818181818182,2.909090909090909,0.5454545454545454,0.45454545454545453,1.5454545454545454,1.0,10,0.4,0.4,0.2,2.2,0.8,3.0,0.5,0.5,1.6,1.0,5,0.4,0.6,0.0,1.6,0.4,2.0,0.4,0.2,1.8,0.6,61627,Premier League 24/25
2025-02-26,16:30,Nottingham Forest,Arsenal,12436974,osR,15,0.13333333333333333,0.2,0.6666666666666666,0.6666666666666666,1.6,2.2666666666666666,0.4666666666666667,0.4666666666666667,0.6,2.2,10,0.2,0.0,0.8,0.6,1.8,2.4,0.4,0.6,0.6,2.4,5,0.2,0.0,0.8,0.6,2.4,3.0,0.4,0.8,0.6,2.4,61627,Premier League 24/25
2025-02-26,16:30,Brentford,Everton,12436968,Ysab,7,0.2857142857142857,0.2857142857142857,0.42857142857142855,0.8571428571428571,1.1428571428571428,2.0,0.42857142857142855,0.2857142857142857,1.1428571428571428,1.5714285714285714,7,0.2857142857142857,0.2857142857142857,0.42857142857142855,0.8571428571428571,1.1428571428571428,2.0,0.42857142857142855,0.2857142857142857,1.1428571428571428,1.5714285714285714,5,0.0,0.4,0.6,0.4,1.2,1.6,0.4,0.2,0.4,2.2,61627,Premier League 24/25
2025-02-26,17:15,Liverpool FC,Newcastle United,12436988,OU,59,0.6101694915254238,0.22033898305084745,0.1694915254237288,2.0338983050847457,1.0508474576271187,3.0847457627118646,0.559322033898305,0.5932203389830508,2.0508474576271185,0.7288135593220338,10,0.7,0.3,0.0,2.1,1.0,3.1,0.7,0.6,2.4,0.3,5,0.8,0.2,0.0,2.6,1.4,4.0,0.8,0.8,2.6,0.2,61627,Premier League 24/25
2025-02-27,17:00,West Ham United,Leicester City,13365051,GsM,33,0.3939393939393939,0.21212121212121213,0.3939393939393939,1.4848484848484849,1.393939393939394,2.878787878787879,0.6363636363636364,0.6060606060606061,1.393939393939394,1.393939393939394,10,0.3,0.2,0.5,1.8,2.0,3.8,0.8,0.9,1.1,1.7,5,0.2,0.2,0.6,1.6,2.0,3.6,0.8,0.8,0.8,2.0,61627,Premier League 24/25
2025-03-08,09:30,Nottingham Forest,Manchester City,12437007,osr,11,0.18181818181818182,0.36363636363636365,0.45454545454545453,1.0,2.0,3.0,0.36363636363636365,0.45454545454545453,0.9090909090909091,1.7272727272727273,10,0.2,0.3,0.5,0.9,2.0,2.9,0.3,0.4,0.9,1.8,5,0.0,0.2,0.8,0.2,2.8,3.0,0.2,0.4,0.2,2.6,61627,Premier League 24/25
2025-03-08,12:00,Liverpool FC,Southampton,12437003,UsV,49,0.5510204081632653,0.22448979591836735,0.22448979591836735,1.836734693877551,1.0816326530612246,2.9183673469387754,0.5510204081632653,0.5306122448979592,1.8775510204081634,0.8979591836734694,10,0.8,0.1,0.1,2.7,1.1,3.8,0.6,0.8,2.5,0.4,5,0.8,0.2,0.0,3.2,1.6,4.8,0.8,1.0,2.6,0.2,61627,Premier League 24/25
2025-03-08,12:00,Brighton,Fulham,12436996,FsT,9,0.0,0.4444444444444444,0.5555555555555556,0.7777777777777778,1.7777777777777777,2.5555555555555554,0.5555555555555556,0.5555555555555556,0.4444444444444444,2.111111111111111,9,0.0,0.4444444444444444,0.5555555555555556,0.7777777777777778,1.7777777777777777,2.5555555555555554,0.5555555555555556,0.5555555555555556,0.4444444444444444,2.111111111111111,5,0.0,0.2,0.8,0.6,2.0,2.6,0.6,0.6,0.2,2.6,61627,Premier League 24/25
2025-03-08,12:00,Crystal Palace,Ipswich Town,12437000,hsH,5,0.8,0.2,0.0,2.0,0.6,2.6,0.4,0.6,2.6,0.2,5,0.8,0.2,0.0,2.0,0.6,2.6,0.4,0.6,2.6,0.2,5,0.8,0.2,0.0,2.0,0.6,2.6,0.4,0.6,2.6,0.2,61627,Premier League 24/25
2025-03-08,14:30,Brentford,Aston Villa,12436994,Psab,7,0.14285714285714285,0.42857142857142855,0.42857142857142855,1.2857142857142858,2.142857142857143,3.4285714285714284,0.8571428571428571,0.7142857142857143,0.8571428571428571,1.7142857142857142,7,0.14285714285714285,0.42857142857142855,0.42857142857142855,1.2857142857142858,2.142857142857143,3.4285714285714284,0.8571428571428571,0.7142857142857143,0.8571428571428571,1.7142857142857142,5,0.0,0.4,0.6,1.2,2.6,3.8,0.8,0.8,0.4,2.2,61627,Premier League 24/25
2025-03-08,17:00,Wolves,Everton,12437012,dsY,21,0.38095238095238093,0.3333333333333333,0.2857142857142857,1.2380952380952381,1.1904761904761905,2.4285714285714284,0.5238095238095238,0.5238095238095238,1.4761904761904763,1.1904761904761905,10,0.6,0.1,0.3,1.4,1.0,2.4,0.4,0.6,1.9,1.0,5,0.6,0.2,0.2,1.4,1.2,2.6,0.4,0.6,2.0,0.8,61627,Premier League 24/25
2025-03-09,11:00,Chelsea,Leicester City,12436998,GsN,35,0.5428571428571428,0.2857142857142857,0.17142857142857143,1.8,1.0,2.8,0.6,0.6,1.9142857142857144,0.8,10,0.5,0.4,0.1,1.6,1.0,2.6,0.7,0.6,1.9,0.7,5,0.8,0.2,0.0,2.2,0.8,3.0,0.8,0.8,2.6,0.2,61627,Premier League 24/25
2025-03-09,11:00,Tottenham Hotspur,Bournemouth,12437009,Iskb,15,0.6666666666666666,0.13333333333333333,0.2,2.3333333333333335,0.8,3.1333333333333333,0.4,0.6,2.1333333333333333,0.7333333333333333,10,0.6,0.1,0.3,2.2,1.1,3.3,0.5,0.6,1.9,1.0,5,0.6,0.0,0.4,2.0,1.4,3.4,0.6,0.6,1.8,1.2,61627,Premier League 24/25
2025-03-09,13:30,Manchester Utd,Arsenal,12437005,KR,65,0.4,0.27692307692307694,0.3230769230769231,1.353846153846154,1.1692307692307693,2.523076923076923,0.5230769230769231,0.46153846153846156,1.476923076923077,1.2461538461538462,10,0.2,0.1,0.7,1.0,1.8,2.8,0.5,0.5,0.7,2.2,5,0.2,0.0,0.8,1.2,2.0,3.2,0.6,0.6,0.6,2.4,61627,Premier League 24/25
2025-03-10,17:00,West Ham United,Newcastle United,12437010,MO,53,0.3018867924528302,0.24528301886792453,0.4528301886792453,1.3018867924528301,1.679245283018868,2.981132075471698,0.49056603773584906,0.5660377358490566,1.150943396226415,1.6037735849056605,10,0.2,0.4,0.4,1.8,2.2,4.0,0.8,0.6,1.0,1.6,5,0.2,0.4,0.4,1.8,2.4,4.2,0.8,0.6,1.0,1.6,61627,Premier League 24/25
2025-03-15,12:00,Manchester City,Brighton,12437029,rsF,15,0.8,0.06666666666666667,0.13333333333333333,2.7333333333333334,0.7333333333333333,3.466666666666667,0.5333333333333333,0.7333333333333333,2.466666666666667,0.4666666666666667,10,0.7,0.1,0.2,2.6,0.9,3.5,0.6,0.8,2.2,0.7,5,0.6,0.2,0.2,2.2,1.0,3.2,0.8,0.8,2.0,0.8,61627,Premier League 24/25
2025-03-15,12:00,Everton,West Ham United,12437021,MY,57,0.5087719298245614,0.2631578947368421,0.22807017543859648,1.5964912280701755,0.9122807017543859,2.508771929824561,0.47368421052631576,0.45614035087719296,1.7894736842105263,0.9473684210526315,10,0.3,0.2,0.5,0.6,1.0,1.6,0.3,0.2,1.1,1.7,5,0.4,0.2,0.4,0.6,1.0,1.6,0.2,0.2,1.4,1.4,61627,Premier League 24/25
2025-03-15,12:00,Ipswich Town,Nottingham Forest,12437025,osH,5,0.4,0.0,0.6,0.6,1.2,1.8,0.2,0.2,1.2,1.8,5,0.4,0.0,0.6,0.6,1.2,1.8,0.2,0.2,1.2,1.8,5,0.4,0.0,0.6,0.6,1.2,1.8,0.2,0.2,1.2,1.8,61627,Premier League 24/25
2025-03-15,12:00,Southampton,Wolves,12436578,dsV,13,0.23076923076923078,0.15384615384615385,0.6153846153846154,1.2307692307692308,1.5384615384615385,2.769230769230769,0.6153846153846154,0.46153846153846156,0.8461538461538461,2.0,10,0.1,0.2,0.7,1.0,1.7,2.7,0.7,0.5,0.5,2.3,5,0.0,0.0,1.0,0.4,1.8,2.2,0.4,0.4,0.0,3.0,61627,Premier League 24/25
2025-03-15,14:30,Bournemouth,Brentford,12437014,abskb,5,0.0,0.4,0.6,1.0,1.8,2.8,0.6,0.6,0.4,2.2,5,0.0,0.4,0.6,1.0,1.8,2.8,0.6,0.6,0.4,2.2,5,0.0,0.4,0.6,1.0,1.8,2.8,0.6,0.6,0.4,2.2,61627,Premier League 24/25
2025-03-16,10:30,Arsenal,Chelsea,12437017,NR,65,0.4153846153846154,0.27692307692307694,0.3076923076923077,1.4153846153846155,1.3076923076923077,2.723076923076923,0.5384615384615384,0.5230769230769231,1.523076923076923,1.2,10,0.6,0.3,0.1,2.2,1.1,3.3,0.6,0.6,2.1,0.6,5,0.6,0.4,0.0,2.4,0.8,3.2,0.6,0.6,2.2,0.4,61627,Premier League 24/25
2025-03-16,10:30,Fulham,Tottenham Hotspur,12437023,IsT,35,0.2571428571428571,0.2,0.5428571428571428,0.9142857142857143,1.5142857142857142,2.4285714285714284,0.42857142857142855,0.45714285714285713,0.9714285714285714,1.8285714285714285,10,0.1,0.2,0.7,0.9,1.6,2.5,0.6,0.5,0.5,2.3,5,0.2,0.2,0.6,1.0,1.2,2.2,0.4,0.4,0.8,2.0,61627,Premier League 24/25
2025-03-16,16:00,Leicester City,Manchester Utd,12437027,GK,35,0.11428571428571428,0.2571428571428571,0.6285714285714286,0.8857142857142857,2.085714285714286,2.9714285714285715,0.4857142857142857,0.5142857142857142,0.6,2.142857142857143,10,0.2,0.2,0.6,0.9,1.7,2.6,0.4,0.5,0.8,2.0,5,0.2,0.2,0.6,1.0,2.0,3.0,0.4,0.6,0.8,2.0,61627,Premier League 24/25
2025-04-01,15:45,Arsenal,Fulham,12436580,RsT,35,0.6571428571428571,0.22857142857142856,0.11428571428571428,2.1142857142857143,0.8,2.914285714285714,0.5714285714285714,0.6571428571428571,2.2,0.5714285714285714,10,0.6,0.3,0.1,2.4,0.9,3.3,0.7,0.7,2.1,0.6,5,0.4,0.4,0.2,1.8,1.2,3.0,0.8,0.8,1.6,1.0,61627,Premier League 24/25
2025-04-01,15:45,Wolves,West Ham United,12436599,dsM,17,0.47058823529411764,0.0,0.5294117647058824,1.0588235294117647,1.2941176470588236,2.3529411764705883,0.23529411764705882,0.4117647058823529,1.411764705882353,1.588235294117647,10,0.3,0.0,0.7,0.8,1.7,2.5,0.3,0.5,0.9,2.1,5,0.2,0.0,0.8,0.6,1.8,2.4,0.4,0.6,0.6,2.4,61627,Premier League 24/25
2025-04-01,16:00,Nottingham Forest,Manchester Utd,12436591,osK,15,0.26666666666666666,0.06666666666666667,0.6666666666666666,0.8666666666666667,2.6666666666666665,3.533333333333333,0.4666666666666667,0.6666666666666666,0.8666666666666667,2.066666666666667,10,0.2,0.0,0.8,0.9,3.4,4.3,0.5,0.9,0.6,2.4,5,0.4,0.0,0.6,1.4,2.2,3.6,0.6,0.8,1.2,1.8,61627,Premier League 24/25
2025-04-02,15:45,Manchester City,Leicester City,12436594,rG,25,0.64,0.08,0.28,1.68,1.12,2.8,0.44,0.44,2.0,0.92,10,0.9,0.0,0.1,2.2,1.0,3.2,0.4,0.4,2.7,0.3,5,1.0,0.0,0.0,2.6,0.8,3.4,0.4,0.4,3.0,0.0,61627,Premier League 24/25
2025-04-02,15:45,Brighton,Aston Villa,12436584,FP,11,0.18181818181818182,0.2727272727272727,0.5454545454545454,0.9090909090909091,1.8181818181818181,2.727272727272727,0.6363636363636364,0.5454545454545454,0.8181818181818182,1.9090909090909092,10,0.2,0.3,0.5,0.9,1.8,2.7,0.6,0.5,0.9,1.8,5,0.2,0.2,0.6,1.2,2.4,3.6,0.8,0.8,0.8,2.0,61627,Premier League 24/25
2025-04-02,15:45,Newcastle United,Brentford,12436600,Osab,7,0.7142857142857143,0.14285714285714285,0.14285714285714285,2.7142857142857144,1.5714285714285714,4.285714285714286,0.7142857142857143,0.7142857142857143,2.2857142857142856,0.5714285714285714,7,0.7142857142857143,0.14285714285714285,0.14285714285714285,2.7142857142857144,1.5714285714285714,4.285714285714286,0.7142857142857143,0.7142857142857143,2.2857142857142856,0.5714285714285714,5,0.8,0.0,0.2,2.8,1.6,4.4,0.8,0.8,2.4,0.6,61627,Premier League 24/25
2025-04-02,15:45,Southampton,Crystal Palace,12436588,hV,29,0.4827586206896552,0.2413793103448276,0.27586206896551724,1.4137931034482758,1.0,2.413793103448276,0.5172413793103449,0.4482758620689655,1.6896551724137931,1.0689655172413792,10,0.2,0.3,0.5,1.1,1.3,2.4,0.6,0.4,0.9,1.8,5,0.0,0.2,0.8,0.8,1.8,2.6,0.6,0.6,0.2,2.6,61627,Premier League 24/25
2025-04-02,15:45,Bournemouth,Ipswich Town,12436576,Hskb,1,1.0,0.0,0.0,2.0,1.0,3.0,1.0,1.0,3.0,0.0,1,1.0,0.0,0.0,2.0,1.0,3.0,1.0,1.0,3.0,0.0,1,1.0,0.0,0.0,2.0,1.0,3.0,1.0,1.0,3.0,0.0,61627,Premier League 24/25
2025-04-02,16:00,Liverpool,Everton,12436593,UsY,0,0.0,0.0,0.0,0.0,0.0,0.0,0.0,0.0,0.0,0.0,0,0.0,0.0,0.0,0.0,0.0,0.0,0.0,0.0,0.0,0.0,0,0.0,0.0,0.0,0.0,0.0,0.0,0.0,0.0,0.0,0.0,61627,Premier League 24/25
2025-04-03,16:00,Chelsea,Tottenham Hotspur,12436587,IN,65,0.5692307692307692,0.3076923076923077,0.12307692307692308,1.8307692307692307,0.9384615384615385,2.769230769230769,0.5076923076923077,0.49230769230769234,2.0153846153846153,0.676923076923077,10,0.7,0.2,0.1,2.0,0.9,2.9,0.4,0.5,2.3,0.5,5,0.6,0.2,0.2,2.4,1.6,4.0,0.6,0.6,2.0,0.8,61627,Premier League 24/25
2025-04-05,08:30,Everton,Arsenal,12436596,RY,65,0.18461538461538463,0.23076923076923078,0.5846153846153846,0.8769230769230769,1.8923076923076922,2.769230769230769,0.5384615384615384,0.47692307692307695,0.7846153846153846,1.9846153846153847,10,0.4,0.1,0.5,1.0,1.7,2.7,0.5,0.6,1.3,1.6,5,0.2,0.2,0.6,0.4,1.4,1.8,0.2,0.4,0.8,2.0,61627,Premier League 24/25
2025-04-05,11:00,West Ham United,Bournemouth,12436604,Mkb,15,0.3333333333333333,0.4,0.26666666666666666,1.9333333333333333,1.4,3.3333333333333335,0.6666666666666666,0.5333333333333333,1.4,1.2,10,0.3,0.5,0.2,1.7,1.0,2.7,0.6,0.4,1.4,1.1,5,0.4,0.6,0.0,1.8,0.6,2.4,0.6,0.2,1.8,0.6,61627,Premier League 24/25
2025-04-05,11:00,Crystal Palace,Brighton,12436595,hsF,15,0.26666666666666666,0.4666666666666667,0.26666666666666666,1.2,1.3333333333333333,2.533333333333333,0.8,0.4,1.2666666666666666,1.2666666666666666,10,0.3,0.5,0.2,1.2,1.2,2.4,0.8,0.3,1.4,1.1,5,0.2,0.4,0.4,1.2,1.6,2.8,0.8,0.4,1.0,1.6,61627,Premier League 24/25
2025-04-05,11:00,Ipswich Town,Wolves,12436601,dsH,1,1.0,0.0,0.0,2.0,1.0,3.0,1.0,1.0,3.0,0.0,1,1.0,0.0,0.0,2.0,1.0,3.0,1.0,1.0,3.0,0.0,1,1.0,0.0,0.0,2.0,1.0,3.0,1.0,1.0,3.0,0.0,61627,Premier League 24/25
2025-04-05,13:30,Aston Villa,Nottingham Forest,12436597,osP,15,0.4666666666666667,0.3333333333333333,0.2,1.4,1.0,2.4,0.5333333333333333,0.3333333333333333,1.7333333333333334,0.9333333333333333,10,0.4,0.4,0.2,1.5,1.0,2.5,0.5,0.3,1.6,1.0,5,0.4,0.2,0.4,1.6,1.4,3.0,0.6,0.4,1.4,1.4,61627,Premier League 24/25
2025-04-06,10:00,Fulham,Liverpool,12436598,TsU,0,0.0,0.0,0.0,0.0,0.0,0.0,0.0,0.0,0.0,0.0,0,0.0,0.0,0.0,0.0,0.0,0.0,0.0,0.0,0.0,0.0,0,0.0,0.0,0.0,0.0,0.0,0.0,0.0,0.0,0.0,0.0,61627,Premier League 24/25
2025-04-06,10:00,Brentford,Chelsea,12436589,Nsab,7,0.42857142857142855,0.2857142857142857,0.2857142857142857,1.5714285714285714,0.8571428571428571,2.4285714285714284,0.42857142857142855,0.42857142857142855,1.5714285714285714,1.1428571428571428,7,0.42857142857142855,0.2857142857142857,0.2857142857142857,1.5714285714285714,0.8571428571428571,2.4285714285714284,0.42857142857142855,0.42857142857142855,1.5714285714285714,1.1428571428571428,5,0.4,0.4,0.2,1.4,0.8,2.2,0.4,0.4,1.6,1.0,61627,Premier League 24/25
2025-04-06,10:00,Tottenham Hotspur,Southampton,12436606,IV,49,0.4897959183673469,0.22448979591836735,0.2857142857142857,1.9183673469387754,1.183673469387755,3.1020408163265305,0.5918367346938775,0.5510204081632653,1.6938775510204083,1.0816326530612246,10,0.5,0.2,0.3,2.5,1.5,4.0,0.8,0.8,1.7,1.1,5,0.4,0.4,0.2,3.0,1.6,4.6,0.8,0.8,1.6,1.0,61627,Premier League 24/25
2025-04-06,12:30,Manchester Utd,Manchester City,12436602,rK,55,0.45454545454545453,0.18181818181818182,0.36363636363636365,1.4181818181818182,1.4727272727272727,2.890909090909091,0.5454545454545454,0.5454545454545454,1.5454545454545454,1.2727272727272727,10,0.4,0.1,0.5,1.3,2.0,3.3,0.5,0.6,1.3,1.6,5,0.4,0.0,0.6,1.6,2.8,4.4,0.8,1.0,1.2,1.8,61627,Premier League 24/25
2025-04-07,16:00,Leicester City,Newcastle United,13560219,GO,33,0.36363636363636365,0.18181818181818182,0.45454545454545453,1.4545454545454546,1.303030303030303,2.757575757575758,0.3939393939393939,0.5454545454545454,1.2727272727272727,1.5454545454545454,10,0.4,0.1,0.5,1.7,1.5,3.2,0.3,0.8,1.3,1.6,5,0.2,0.2,0.6,1.0,1.8,2.8,0.2,0.8,0.8,2.0,61627,Premier League 24/25
2025-04-12,08:30,Manchester City,Crystal Palace,12436610,hr,29,0.5862068965517241,0.27586206896551724,0.13793103448275862,2.0,0.7931034482758621,2.793103448275862,0.41379310344827586,0.5517241379310345,2.0344827586206895,0.6896551724137931,10,0.5,0.4,0.1,2.1,1.2,3.3,0.5,0.6,1.9,0.7,5,0.6,0.4,0.0,2.6,1.6,4.2,0.8,0.8,2.2,0.4,61627,Premier League 24/25
2025-04-12,11:00,Southampton,Aston Villa,12436614,PV,43,0.3488372093023256,0.23255813953488372,0.4186046511627907,1.2790697674418605,1.2093023255813953,2.488372093023256,0.4418604651162791,0.3953488372093023,1.2790697674418605,1.4883720930232558,10,0.5,0.0,0.5,1.3,1.1,2.4,0.2,0.4,1.5,1.5,5,0.2,0.0,0.8,0.2,1.4,1.6,0.0,0.2,0.6,2.4,61627,Premier League 24/25
2025-04-12,11:00,Brighton,Leicester City,12436607,FsG,13,0.15384615384615385,0.38461538461538464,0.46153846153846156,1.1538461538461537,1.6923076923076923,2.8461538461538463,0.6153846153846154,0.5384615384615384,0.8461538461538461,1.7692307692307692,10,0.2,0.4,0.4,1.4,1.7,3.1,0.7,0.7,1.0,1.6,5,0.4,0.6,0.0,2.4,1.6,4.0,1.0,0.8,1.8,0.6,61627,Premier League 24/25
2025-04-12,11:00,Nottingham Forest,Everton,12436613,osY,15,0.3333333333333333,0.13333333333333333,0.5333333333333333,0.8666666666666667,1.4666666666666666,2.3333333333333335,0.3333333333333333,0.4,1.1333333333333333,1.7333333333333334,10,0.2,0.2,0.6,0.6,1.4,2.0,0.2,0.2,0.8,2.0,5,0.2,0.4,0.4,1.0,1.2,2.2,0.4,0.2,1.0,1.6,61627,Premier League 24/25
2025-04-12,13:30,Arsenal,Brentford,12436608,Rsab,7,0.7142857142857143,0.14285714285714285,0.14285714285714285,1.7142857142857142,0.8571428571428571,2.5714285714285716,0.5714285714285714,0.5714285714285714,2.2857142857142856,0.5714285714285714,7,0.7142857142857143,0.14285714285714285,0.14285714285714285,1.7142857142857142,0.8571428571428571,2.5714285714285716,0.5714285714285714,0.5714285714285714,2.2857142857142856,0.5714285714285714,5,0.8,0.2,0.0,2.0,0.6,2.6,0.6,0.6,2.6,0.2,61627,Premier League 24/25
2025-04-13,10:00,Liverpool,West Ham United,12436612,MU,0,0.0,0.0,0.0,0.0,0.0,0.0,0.0,0.0,0.0,0.0,0,0.0,0.0,0.0,0.0,0.0,0.0,0.0,0.0,0.0,0.0,0,0.0,0.0,0.0,0.0,0.0,0.0,0.0,0.0,0.0,0.0,61627,Premier League 24/25
2025-04-13,10:00,Chelsea,Ipswich Town,12436609,HsN,11,0.36363636363636365,0.45454545454545453,0.18181818181818182,1.3636363636363635,1.0909090909090908,2.4545454545454546,0.6363636363636364,0.45454545454545453,1.5454545454545454,1.0,10,0.3,0.5,0.2,1.3,1.1,2.4,0.6,0.4,1.4,1.1,5,0.4,0.4,0.2,1.4,1.2,2.6,0.6,0.6,1.6,1.0,61627,Premier League 24/25
2025-04-13,10:00,Wolves,Tottenham Hotspur,12436617,dsI,21,0.38095238095238093,0.19047619047619047,0.42857142857142855,1.3333333333333333,1.5714285714285714,2.9047619047619047,0.5714285714285714,0.47619047619047616,1.3333333333333333,1.4761904761904763,10,0.5,0.2,0.3,1.3,1.1,2.4,0.5,0.4,1.7,1.1,5,0.6,0.2,0.2,1.4,1.0,2.4,0.6,0.6,2.0,0.8,61627,Premier League 24/25
2025-04-13,12:30,Newcastle United,Manchester Utd,12436611,DYBe,59,0.1694915254237288,0.2542372881355932,0.576271186440678,1.0338983050847457,1.9661016949152543,3.0,0.4915254237288136,0.4915254237288136,0.7627118644067796,1.9830508474576272,10,0.3,0.2,0.5,1.2,1.9,3.1,0.6,0.5,1.1,1.7,5,0.6,0.2,0.2,1.4,0.6,2.0,0.2,0.2,2.0,0.8,61627,Premier League 24/25
2025-04-14,16:00,Bournemouth,Fulham,13560222,Tskb,7,0.42857142857142855,0.2857142857142857,0.2857142857142857,1.8571428571428572,1.2857142857142858,3.142857142857143,0.5714285714285714,0.8571428571428571,1.5714285714285714,1.1428571428571428,7,0.42857142857142855,0.2857142857142857,0.2857142857142857,1.8571428571428572,1.2857142857142858,3.142857142857143,0.5714285714285714,0.8571428571428571,1.5714285714285714,1.1428571428571428,5,0.4,0.4,0.2,2.0,1.6,3.6,0.8,1.0,1.6,1.0,61627,Premier League 24/25
2025-04-16,15:30,Newcastle United,Crystal Palace,12437031,hO,27,0.4444444444444444,0.3333333333333333,0.2222222222222222,1.1851851851851851,0.8518518518518519,2.037037037037037,0.37037037037037035,0.2962962962962963,1.6666666666666667,1.0,10,0.3,0.4,0.3,1.0,0.7,1.7,0.3,0.2,1.3,1.3,5,0.2,0.6,0.2,1.0,0.6,1.6,0.2,0.2,1.2,1.2,61627,Premier League 24/25
2025-04-19,11:00,Everton,Manchester City,12436628,rY,55,0.32727272727272727,0.18181818181818182,0.4909090909090909,1.0363636363636364,1.5818181818181818,2.618181818181818,0.4727272727272727,0.45454545454545453,1.1636363636363636,1.6545454545454545,10,0.0,0.2,0.8,0.5,2.4,2.9,0.5,0.6,0.2,2.6,5,0.0,0.4,0.6,0.6,2.0,2.6,0.6,0.4,0.4,2.2,61627,Premier League 24/25
2025-04-19,11:00,Brentford,Brighton,12436619,Fsab,7,0.14285714285714285,0.42857142857142855,0.42857142857142855,0.8571428571428571,1.1428571428571428,2.0,0.2857142857142857,0.2857142857142857,0.8571428571428571,1.7142857142857142,7,0.14285714285714285,0.42857142857142855,0.42857142857142855,0.8571428571428571,1.1428571428571428,2.0,0.2857142857142857,0.2857142857142857,0.8571428571428571,1.7142857142857142,5,0.2,0.6,0.2,1.2,1.0,2.2,0.4,0.4,1.2,1.2,61627,Premier League 24/25
2025-04-19,11:00,West Ham United,Southampton,12436554,MV,43,0.46511627906976744,0.2558139534883721,0.27906976744186046,1.441860465116279,1.0465116279069768,2.488372093023256,0.4418604651162791,0.46511627906976744,1.6511627906976745,1.0930232558139534,10,0.6,0.3,0.1,1.5,0.5,2.0,0.3,0.4,2.1,0.6,5,0.4,0.4,0.2,1.0,0.8,1.8,0.4,0.2,1.6,1.0,61627,Premier League 24/25
2025-04-19,11:00,Crystal Palace,Bournemouth,12436616,hkb,15,0.4,0.3333333333333333,0.26666666666666666,1.4,1.0,2.4,0.4,0.3333333333333333,1.5333333333333334,1.1333333333333333,10,0.5,0.2,0.3,1.5,1.0,2.5,0.3,0.3,1.7,1.1,5,0.4,0.2,0.4,0.8,0.6,1.4,0.0,0.0,1.4,1.4,61627,Premier League 24/25
2025-04-19,13:30,Aston Villa,Newcastle United,12436615,OP,55,0.2,0.3090909090909091,0.4909090909090909,0.8727272727272727,1.490909090909091,2.3636363636363638,0.45454545454545453,0.36363636363636365,0.9090909090909091,1.7818181818181817,10,0.3,0.2,0.5,1.1,1.8,2.9,0.4,0.5,1.1,1.7,5,0.2,0.0,0.8,1.0,3.0,4.0,0.4,1.0,0.6,2.4,61627,Premier League 24/25
2025-04-20,10:00,Manchester Utd,Wolves,12436622,dsK,21,0.6190476190476191,0.14285714285714285,0.23809523809523808,1.5238095238095237,0.7619047619047619,2.2857142857142856,0.38095238095238093,0.38095238095238093,2.0,0.8571428571428571,10,0.7,0.1,0.2,1.2,0.7,1.9,0.2,0.2,2.2,0.7,5,0.8,0.0,0.2,1.6,1.0,2.6,0.2,0.2,2.4,0.6,61627,Premier League 24/25
2025-04-20,10:00,Ipswich Town,Arsenal,12436620,HsR,11,0.0,0.18181818181818182,0.8181818181818182,0.36363636363636365,2.090909090909091,2.4545454545454546,0.36363636363636365,0.36363636363636365,0.18181818181818182,2.6363636363636362,10,0.0,0.1,0.9,0.4,2.3,2.7,0.4,0.4,0.1,2.8,5,0.0,0.2,0.8,0.2,1.2,1.4,0.2,0.0,0.2,2.6,61627,Premier League 24/25
2025-04-20,10:00,Fulham,Chelsea,12436618,NsT,35,0.08571428571428572,0.34285714285714286,0.5714285714285714,0.7142857142857143,1.5714285714285714,2.2857142857142856,0.5142857142857142,0.4,0.6,2.057142857142857,10,0.2,0.1,0.7,0.6,1.5,2.1,0.4,0.4,0.7,2.2,5,0.4,0.2,0.4,0.8,1.0,1.8,0.4,0.4,1.4,1.4,61627,Premier League 24/25
2025-04-20,12:30,Leicester City,Liverpool,12436626,GU,0,0.0,0.0,0.0,0.0,0.0,0.0,0.0,0.0,0.0,0.0,0,0.0,0.0,0.0,0.0,0.0,0.0,0.0,0.0,0.0,0.0,0,0.0,0.0,0.0,0.0,0.0,0.0,0.0,0.0,0.0,0.0,61627,Premier League 24/25
2025-04-21,16:00,Tottenham Hotspur,Nottingham Forest,12436537,osI,15,0.4666666666666667,0.06666666666666667,0.4666666666666667,1.4,1.2,2.6,0.5333333333333333,0.5333333333333333,1.4666666666666666,1.4666666666666666,10,0.6,0.0,0.4,1.5,0.8,2.3,0.4,0.4,1.8,1.2,5,0.8,0.0,0.2,2.0,0.6,2.6,0.4,0.4,2.4,0.6,61627,Premier League 24/25
2025-04-22,16:00,Manchester City,Aston Villa,12436551,rP,49,0.6122448979591837,0.20408163265306123,0.1836734693877551,2.0,0.9387755102040817,2.938775510204082,0.5510204081632653,0.5510204081632653,2.0408163265306123,0.7551020408163265,10,0.7,0.1,0.2,2.4,1.1,3.5,0.8,0.7,2.2,0.7,5,0.4,0.2,0.4,1.8,1.2,3.0,0.8,0.6,1.4,1.4,61627,Premier League 24/25
2025-04-23,16:00,Arsenal,Crystal Palace,12436547,hsR,31,0.6129032258064516,0.25806451612903225,0.12903225806451613,2.096774193548387,1.0,3.096774193548387,0.5806451612903226,0.6451612903225806,2.096774193548387,0.6451612903225806,10,0.6,0.3,0.1,2.3,0.9,3.2,0.5,0.6,2.1,0.6,5,1.0,0.0,0.0,3.4,0.4,3.8,0.4,0.6,3.0,0.0,61627,Premier League 24/25
2025-04-26,08:30,Chelsea,Everton,12436550,BQy,65,0.4461538461538462,0.3384615384615385,0.2153846153846154,1.523076923076923,0.9846153846153847,2.5076923076923077,0.46153846153846156,0.4461538461538462,1.676923076923077,0.9846153846153847,10,0.4,0.3,0.3,1.6,0.7,2.3,0.2,0.3,1.5,1.2,5,0.4,0.4,0.2,1.8,0.8,2.6,0.2,0.4,1.6,1.0,61627,Premier League 24/25
2025-04-26,11:00,Newcastle United,Ipswich Town,12436545,HsO,9,0.4444444444444444,0.5555555555555556,0.0,1.5555555555555556,0.5555555555555556,2.111111111111111,0.4444444444444444,0.2222222222222222,1.8888888888888888,0.5555555555555556,9,0.4444444444444444,0.5555555555555556,0.0,1.5555555555555556,0.5555555555555556,2.111111111111111,0.4444444444444444,0.2222222222222222,1.8888888888888888,0.5555555555555556,5,0.4,0.6,0.0,1.6,0.6,2.2,0.4,0.4,1.8,0.6,61627,Premier League 24/25
2025-04-26,11:00,Brighton,West Ham United,12436546,FsM,15,0.4,0.5333333333333333,0.06666666666666667,1.8666666666666667,1.0666666666666667,2.933333333333333,0.6666666666666666,0.5333333333333333,1.7333333333333334,0.7333333333333333,10,0.3,0.6,0.1,1.8,1.2,3.0,0.7,0.5,1.5,0.9,5,0.4,0.4,0.2,1.6,0.8,2.4,0.4,0.4,1.6,1.0,61627,Premier League 24/25
2025-04-26,11:00,Wolves,Leicester City,12436558,dsG,13,0.3076923076923077,0.3076923076923077,0.38461538461538464,1.0769230769230769,1.3076923076923077,2.3846153846153846,0.3076923076923077,0.46153846153846156,1.2307692307692308,1.4615384615384615,10,0.3,0.3,0.4,1.0,1.2,2.2,0.3,0.5,1.2,1.5,5,0.4,0.0,0.6,1.2,1.6,2.8,0.4,0.8,1.2,1.8,61627,Premier League 24/25
2025-04-26,11:00,Southampton,Fulham,12436539,TsV,19,0.2631578947368421,0.42105263157894735,0.3157894736842105,1.4210526315789473,1.2105263157894737,2.6315789473684212,0.5263157894736842,0.47368421052631576,1.2105263157894737,1.368421052631579,10,0.4,0.3,0.3,1.4,0.9,2.3,0.4,0.4,1.5,1.2,5,0.2,0.4,0.4,0.8,1.0,1.8,0.4,0.4,1.0,1.6,61627,Premier League 24/25
2025-04-27,10:00,Bournemouth,Manchester Utd,12436535,Kkb,15,0.26666666666666666,0.13333333333333333,0.6,1.2,1.8666666666666667,3.066666666666667,0.5333333333333333,0.6666666666666666,0.9333333333333333,1.9333333333333333,10,0.3,0.1,0.6,1.3,1.9,3.2,0.4,0.7,1.0,1.9,5,0.4,0.2,0.4,1.6,1.2,2.8,0.2,0.8,1.4,1.4,61627,Premier League 24/25
2025-04-27,12:30,Liverpool,Tottenham Hotspur,12436544,IsU,0,0.0,0.0,0.0,0.0,0.0,0.0,0.0,0.0,0.0,0.0,0,0.0,0.0,0.0,0.0,0.0,0.0,0.0,0.0,0.0,0.0,0,0.0,0.0,0.0,0.0,0.0,0.0,0.0,0.0,0.0,0.0,61627,Premier League 24/25
2025-05-01,15:30,Nottingham Forest,Brentford,12436552,osab,5,0.2,0.4,0.4,1.6,1.6,3.2,0.8,0.6,1.0,1.6,5,0.2,0.4,0.4,1.6,1.6,3.2,0.8,0.6,1.0,1.6,5,0.2,0.4,0.4,1.6,1.6,3.2,0.8,0.6,1.0,1.6,61627,Premier League 24/25
2025-05-02,16:00,Manchester City,Wolves,12436562,dsr,21,0.6666666666666666,0.09523809523809523,0.23809523809523808,2.380952380952381,1.0952380952380953,3.4761904761904763,0.5714285714285714,0.7142857142857143,2.0952380952380953,0.8095238095238095,10,0.8,0.0,0.2,2.9,1.0,3.9,0.7,0.9,2.4,0.6,5,0.8,0.0,0.2,2.8,0.8,3.6,0.6,1.0,2.4,0.6,61627,Premier League 24/25
2025-05-03,08:30,Aston Villa,Fulham,12436553,PsT,33,0.45454545454545453,0.3333333333333333,0.21212121212121213,1.4545454545454546,0.9696969696969697,2.4242424242424243,0.5454545454545454,0.48484848484848486,1.696969696969697,0.9696969696969697,10,0.6,0.1,0.3,1.7,1.2,2.9,0.6,0.7,1.9,1.0,5,0.8,0.0,0.2,1.8,1.2,3.0,0.6,0.8,2.4,0.6,61627,Premier League 24/25
2025-05-03,11:00,Leicester City,Southampton,12436571,GsV,35,0.4,0.2571428571428571,0.34285714285714286,1.6857142857142857,1.3428571428571427,3.0285714285714285,0.5714285714285714,0.6285714285714286,1.457142857142857,1.2857142857142858,10,0.4,0.2,0.4,2.4,1.3,3.7,0.7,0.7,1.4,1.4,5,0.4,0.2,0.4,2.0,1.6,3.6,0.8,0.8,1.4,1.4,61627,Premier League 24/25
2025-05-03,11:00,Everton,Ipswich Town,12436572,HsY,11,0.45454545454545453,0.18181818181818182,0.36363636363636365,1.1818181818181819,0.8181818181818182,2.0,0.18181818181818182,0.36363636363636365,1.5454545454545454,1.2727272727272727,10,0.5,0.2,0.3,1.3,0.8,2.1,0.2,0.4,1.7,1.1,5,0.2,0.2,0.6,0.6,1.4,2.0,0.2,0.4,0.8,2.0,61627,Premier League 24/25
2025-05-03,13:30,Arsenal,Bournemouth,12436543,Rkb,15,0.7333333333333333,0.13333333333333333,0.13333333333333333,2.4,0.8666666666666667,3.2666666666666666,0.4666666666666667,0.6666666666666666,2.3333333333333335,0.5333333333333333,10,0.7,0.1,0.2,2.3,0.9,3.2,0.5,0.7,2.2,0.7,5,0.8,0.0,0.2,2.6,0.8,3.4,0.2,0.8,2.4,0.6,61627,Premier League 24/25
2025-05-04,10:00,Brentford,Manchester Utd,12436560,Ksab,7,0.14285714285714285,0.14285714285714285,0.7142857142857143,1.1428571428571428,1.7142857142857142,2.857142857142857,0.5714285714285714,0.7142857142857143,0.5714285714285714,2.2857142857142856,7,0.14285714285714285,0.14285714285714285,0.7142857142857143,1.1428571428571428,1.7142857142857142,2.857142857142857,0.5714285714285714,0.7142857142857143,0.5714285714285714,2.2857142857142856,5,0.2,0.2,0.6,1.4,1.2,2.6,0.6,0.6,0.8,2.0,61627,Premier League 24/25
2025-05-04,10:00,West Ham United,Tottenham Hotspur,12436565,IM,57,0.2982456140350877,0.22807017543859648,0.47368421052631576,1.1578947368421053,1.4912280701754386,2.6491228070175437,0.543859649122807,0.45614035087719296,1.1228070175438596,1.6491228070175439,10,0.3,0.3,0.4,1.2,1.8,3.0,0.7,0.5,1.2,1.5,5,0.2,0.4,0.4,1.0,1.8,2.8,0.8,0.4,1.0,1.6,61627,Premier League 24/25
2025-05-04,10:00,Brighton,Newcastle United,12436567,FsO,15,0.4,0.4666666666666667,0.13333333333333333,1.1333333333333333,0.6666666666666666,1.8,0.4,0.3333333333333333,1.6666666666666667,0.8666666666666667,10,0.4,0.4,0.2,1.4,0.9,2.3,0.5,0.5,1.6,1.0,5,0.4,0.4,0.2,1.2,1.2,2.4,0.6,0.4,1.6,1.0,61627,Premier League 24/25
2025-05-04,12:30,Chelsea,Liverpool,12436563,NsU,0,0.0,0.0,0.0,0.0,0.0,0.0,0.0,0.0,0.0,0.0,0,0.0,0.0,0.0,0.0,0.0,0.0,0.0,0.0,0.0,0.0,0,0.0,0.0,0.0,0.0,0.0,0.0,0.0,0.0,0.0,0.0,61627,Premier League 24/25
2025-05-05,16:00,Crystal Palace,Nottingham Forest,12436561,hso,9,0.0,0.5555555555555556,0.4444444444444444,0.5555555555555556,1.0,1.5555555555555556,0.5555555555555556,0.1111111111111111,0.5555555555555556,1.8888888888888888,9,0.0,0.5555555555555556,0.4444444444444444,0.5555555555555556,1.0,1.5555555555555556,0.5555555555555556,0.1111111111111111,0.5555555555555556,1.8888888888888888,5,0.0,0.6,0.4,0.4,0.8,1.2,0.4,0.0,0.6,1.8,61627,Premier League 24/25
2025-05-10,11:00,Southampton,Manchester City,12436575,rV,39,0.1794871794871795,0.23076923076923078,0.5897435897435898,0.9487179487179487,1.8461538461538463,2.7948717948717947,0.5128205128205128,0.46153846153846156,0.7692307692307693,2.0,10,0.1,0.2,0.7,0.7,2.1,2.8,0.5,0.5,0.5,2.3,5,0.0,0.4,0.6,0.4,2.0,2.4,0.4,0.4,0.4,2.2,61627,Premier League 24/25
2025-05-10,11:00,Wolves,Brighton,12436581,dsF,13,0.15384615384615385,0.46153846153846156,0.38461538461538464,1.0,1.9230769230769231,2.923076923076923,0.46153846153846156,0.6153846153846154,0.9230769230769231,1.6153846153846154,10,0.2,0.4,0.4,1.1,2.2,3.3,0.5,0.7,1.0,1.6,5,0.0,0.4,0.6,1.0,3.0,4.0,0.6,0.8,0.4,2.2,61627,Premier League 24/25
2025-05-10,11:00,Fulham,Everton,12436566,TsY,35,0.34285714285714286,0.17142857142857143,0.4857142857142857,0.9714285714285714,1.457142857142857,2.4285714285714284,0.4,0.45714285714285713,1.2,1.6285714285714286,10,0.4,0.3,0.3,1.2,1.1,2.3,0.4,0.4,1.5,1.2,5,0.4,0.6,0.0,1.0,0.4,1.4,0.4,0.2,1.8,0.6,61627,Premier League 24/25
2025-05-10,11:00,Ipswich Town,Brentford,12436564,Hsab,1,0.0,0.0,1.0,3.0,4.0,7.0,1.0,1.0,0.0,3.0,1,0.0,0.0,1.0,3.0,4.0,7.0,1.0,1.0,0.0,3.0,1,0.0,0.0,1.0,3.0,4.0,7.0,1.0,1.0,0.0,3.0,61627,Premier League 24/25
2025-05-10,13:30,Bournemouth,Aston Villa,12436570,Pkb,9,0.4444444444444444,0.2222222222222222,0.3333333333333333,1.3333333333333333,1.4444444444444444,2.7777777777777777,0.6666666666666666,0.6666666666666666,1.5555555555555556,1.2222222222222223,9,0.4444444444444444,0.2222222222222222,0.3333333333333333,1.3333333333333333,1.4444444444444444,2.7777777777777777,0.6666666666666666,0.6666666666666666,1.5555555555555556,1.2222222222222223,5,0.2,0.4,0.4,1.2,1.8,3.0,0.6,0.6,1.0,1.6,61627,Premier League 24/25
2025-05-11,08:00,Newcastle United,Chelsea,12436573,NO,59,0.2711864406779661,0.22033898305084745,0.5084745762711864,0.9491525423728814,1.4745762711864407,2.4237288135593222,0.423728813559322,0.4576271186440678,1.0338983050847457,1.7457627118644068,10,0.3,0.1,0.6,1.0,1.5,2.5,0.4,0.4,1.0,1.9,5,0.4,0.2,0.4,1.8,1.4,3.2,0.8,0.6,1.4,1.4,61627,Premier League 24/25
2025-05-11,10:15,Manchester Utd,West Ham United,12436569,KM,57,0.6140350877192983,0.21052631578947367,0.17543859649122806,1.8596491228070176,0.8771929824561403,2.736842105263158,0.5087719298245614,0.5263157894736842,2.0526315789473686,0.7368421052631579,10,0.6,0.1,0.3,1.3,0.8,2.1,0.4,0.4,1.9,1.0,5,0.4,0.0,0.6,1.0,1.0,2.0,0.2,0.4,1.2,1.8,61627,Premier League 24/25
2025-05-11,10:15,Tottenham Hotspur,Crystal Palace,12436583,hI,31,0.6129032258064516,0.22580645161290322,0.16129032258064516,1.5483870967741935,0.6774193548387096,2.225806451612903,0.3870967741935484,0.3870967741935484,2.064516129032258,0.7096774193548387,10,0.6,0.2,0.2,1.9,0.9,2.8,0.5,0.6,2.0,0.8,5,0.8,0.0,0.2,2.0,0.6,2.6,0.4,0.6,2.4,0.6,61627,Premier League 24/25
2025-05-11,10:15,Nottingham Forest,Leicester City,12436574,osG,9,0.5555555555555556,0.2222222222222222,0.2222222222222222,1.5555555555555556,1.3333333333333333,2.888888888888889,0.4444444444444444,0.5555555555555556,1.8888888888888888,0.8888888888888888,9,0.5555555555555556,0.2222222222222222,0.2222222222222222,1.5555555555555556,1.3333333333333333,2.888888888888889,0.4444444444444444,0.5555555555555556,1.8888888888888888,0.8888888888888888,5,0.6,0.0,0.4,1.4,1.6,3.0,0.4,0.6,1.8,1.2,61627,Premier League 24/25
2025-05-11,12:30,Liverpool,Arsenal,12436568,HQfh,0,0.0,0.0,0.0,0.0,0.0,0.0,0.0,0.0,0.0,0.0,0,0.0,0.0,0.0,0.0,0.0,0.0,0.0,0.0,0.0,0.0,0,0.0,0.0,0.0,0.0,0.0,0.0,0.0,0.0,0.0,0.0,61627,Premier League 24/25
2025-05-16,15:30,Aston Villa,Tottenham Hotspur,12436577,IP,59,0.3050847457627119,0.23728813559322035,0.4576271186440678,1.0508474576271187,1.5084745762711864,2.559322033898305,0.5084745762711864,0.4745762711864407,1.152542372881356,1.6101694915254237,10,0.4,0.0,0.6,1.2,2.2,3.4,0.6,0.8,1.2,1.8,5,0.6,0.0,0.4,1.4,2.0,3.4,0.6,0.8,1.8,1.2,61627,Premier League 24/25
2025-05-16,16:15,Chelsea,Manchester Utd,12436582,mcYb,65,0.24615384615384617,0.46153846153846156,0.2923076923076923,1.2,1.2923076923076924,2.4923076923076923,0.5692307692307692,0.4307692307692308,1.2,1.3384615384615384,10,0.1,0.6,0.3,1.0,1.5,2.5,0.7,0.3,0.9,1.5,5,0.2,0.4,0.4,1.6,2.2,3.8,1.0,0.6,1.0,1.6,61627,Premier League 24/25
2025-05-18,08:00,Everton,Southampton,12436579,VY,49,0.42857142857142855,0.24489795918367346,0.32653061224489793,1.2857142857142858,1.0816326530612246,2.36734693877551,0.42857142857142855,0.42857142857142855,1.530612244897959,1.2244897959183674,10,0.4,0.1,0.5,1.1,1.3,2.4,0.6,0.5,1.3,1.6,5,0.4,0.0,0.6,1.2,1.4,2.6,0.6,0.6,1.2,1.8,61627,Premier League 24/25
2025-05-18,10:15,West Ham United,Nottingham Forest,12436533,osM,13,0.5384615384615384,0.15384615384615385,0.3076923076923077,1.3076923076923077,0.9230769230769231,2.230769230769231,0.3076923076923077,0.38461538461538464,1.7692307692307692,1.0769230769230769,10,0.5,0.1,0.4,1.2,1.0,2.2,0.2,0.4,1.6,1.3,5,0.4,0.0,0.6,1.4,1.6,3.0,0.2,0.6,1.2,1.8,61627,Premier League 24/25
2025-05-18,11:00,Leicester City,Ipswich Town,12436534,GsH,7,0.2857142857142857,0.2857142857142857,0.42857142857142855,1.0,1.4285714285714286,2.4285714285714284,0.42857142857142855,0.14285714285714285,1.1428571428571428,1.5714285714285714,7,0.2857142857142857,0.2857142857142857,0.42857142857142855,1.0,1.4285714285714286,2.4285714285714284,0.42857142857142855,0.14285714285714285,1.1428571428571428,1.5714285714285714,5,0.2,0.4,0.4,0.8,1.2,2.0,0.4,0.0,1.0,1.6,61627,Premier League 24/25
2025-05-18,11:00,Brentford,Fulham,12436586,Tsab,5,0.4,0.2,0.4,1.8,1.4,3.2,0.6,0.8,1.4,1.4,5,0.4,0.2,0.4,1.8,1.4,3.2,0.6,0.8,1.4,1.4,5,0.4,0.2,0.4,1.8,1.4,3.2,0.6,0.8,1.4,1.4,61627,Premier League 24/25
2025-05-18,12:30,Arsenal,Newcastle United,12436585,Ardc,59,0.576271186440678,0.2033898305084746,0.22033898305084745,1.5932203389830508,0.7627118644067796,2.3559322033898304,0.3389830508474576,0.3728813559322034,1.9322033898305084,0.864406779661017,10,0.6,0.1,0.3,1.7,0.5,2.2,0.1,0.3,1.9,1.0,5,0.4,0.2,0.4,1.2,0.6,1.8,0.2,0.2,1.4,1.4,61627,Premier League 24/25
2025-05-19,16:00,Brighton,Liverpool,12436590,FsU,0,0.0,0.0,0.0,0.0,0.0,0.0,0.0,0.0,0.0,0.0,0,0.0,0.0,0.0,0.0,0.0,0.0,0.0,0.0,0.0,0.0,0,0.0,0.0,0.0,0.0,0.0,0.0,0.0,0.0,0.0,0.0,61627,Premier League 24/25
2025-05-20,16:00,Manchester City,Bournemouth,13854588,rkb,15,0.9333333333333333,0.0,0.06666666666666667,3.066666666666667,0.6,3.6666666666666665,0.5333333333333333,0.8,2.8,0.2,10,0.9,0.0,0.1,2.9,0.7,3.6,0.6,0.8,2.7,0.3,5,0.8,0.0,0.2,3.2,0.8,4.0,0.6,0.8,2.4,0.6,61627,Premier League 24/25
2025-05-20,16:00,Crystal Palace,Wolves,12436592,dsh,13,0.5384615384615384,0.15384615384615385,0.3076923076923077,1.3846153846153846,1.0769230769230769,2.4615384615384617,0.38461538461538464,0.3076923076923077,1.7692307692307692,1.0769230769230769,10,0.6,0.1,0.3,1.5,1.2,2.7,0.4,0.4,1.9,1.0,5,0.6,0.2,0.2,2.0,1.6,3.6,0.8,0.8,2.0,0.8,61627,Premier League 24/25
2025-05-25,12:00,Fulham,Manchester City,12436559,rsT,33,0.12121212121212122,0.2727272727272727,0.6060606060606061,1.0606060606060606,2.3333333333333335,3.393939393939394,0.6666666666666666,0.696969696969697,0.6363636363636364,2.090909090909091,10,0.0,0.0,1.0,0.5,3.1,3.6,0.4,0.8,0.0,3.0,5,0.0,0.0,1.0,1.0,3.2,4.2,0.8,1.0,0.0,3.0,61627,Premier League 24/25
2025-05-25,12:00,Manchester Utd,Aston Villa,12436540,KP,59,0.6779661016949152,0.23728813559322035,0.0847457627118644,1.7796610169491525,0.6779661016949152,2.457627118644068,0.4576271186440678,0.4915254237288136,2.2711864406779663,0.4915254237288136,10,0.6,0.2,0.2,1.7,1.1,2.8,0.6,0.7,2.0,0.8,5,0.6,0.2,0.2,1.4,1.2,2.6,0.6,0.6,2.0,0.8,61627,Premier League 24/25
2025-05-25,12:00,Liverpool,Crystal Palace,12436548,hsU,0,0.0,0.0,0.0,0.0,0.0,0.0,0.0,0.0,0.0,0.0,0,0.0,0.0,0.0,0.0,0.0,0.0,0.0,0.0,0.0,0.0,0,0.0,0.0,0.0,0.0,0.0,0.0,0.0,0.0,0.0,0.0,61627,Premier League 24/25
2025-05-25,12:00,Southampton,Arsenal,12436549,RV,49,0.16326530612244897,0.30612244897959184,0.5306122448979592,1.0408163265306123,1.8775510204081634,2.9183673469387754,0.5306122448979592,0.4489795918367347,0.7959183673469388,1.8979591836734695,10,0.1,0.4,0.5,1.0,2.0,3.0,0.6,0.5,0.7,1.9,5,0.2,0.4,0.4,1.2,2.0,3.2,0.6,0.6,1.0,1.6,61627,Premier League 24/25
2025-05-25,12:00,Nottingham Forest,Chelsea,12436556,osN,15,0.26666666666666666,0.4,0.3333333333333333,1.1333333333333333,1.0,2.1333333333333333,0.4666666666666667,0.3333333333333333,1.2,1.4,10,0.2,0.4,0.4,1.2,1.4,2.6,0.7,0.4,1.0,1.6,5,0.2,0.6,0.2,1.4,1.4,2.8,0.8,0.4,1.2,1.2,61627,Premier League 24/25
2025-05-25,12:00,Tottenham Hotspur,Brighton,12436557,FsI,15,0.6,0.06666666666666667,0.3333333333333333,1.4,1.2,2.6,0.5333333333333333,0.5333333333333333,1.8666666666666667,1.0666666666666667,10,0.6,0.0,0.4,1.5,1.3,2.8,0.6,0.6,1.8,1.2,5,0.6,0.0,0.4,1.8,1.8,3.6,0.8,0.8,1.8,1.2,61627,Premier League 24/25
2025-05-25,12:00,Newcastle United,Everton,12436541,OY,59,0.4067796610169492,0.23728813559322035,0.3559322033898305,1.3220338983050848,1.271186440677966,2.593220338983051,0.5084745762711864,0.4745762711864407,1.4576271186440677,1.305084745762712,10,0.5,0.3,0.2,1.5,1.0,2.5,0.5,0.5,1.8,0.9,5,0.4,0.4,0.2,1.2,1.0,2.2,0.4,0.4,1.6,1.0,61627,Premier League 24/25
2025-05-25,12:00,Ipswich Town,West Ham United,12436538,HsM,9,0.1111111111111111,0.4444444444444444,0.4444444444444444,1.1111111111111112,1.7777777777777777,2.888888888888889,0.8888888888888888,0.4444444444444444,0.7777777777777778,1.7777777777777777,9,0.1111111111111111,0.4444444444444444,0.4444444444444444,1.1111111111111112,1.7777777777777777,2.888888888888889,0.8888888888888888,0.4444444444444444,0.7777777777777778,1.7777777777777777,5,0.2,0.2,0.6,1.2,2.2,3.4,0.8,0.6,0.8,2.0,61627,Premier League 24/25
2025-05-25,12:00,Bournemouth,Leicester City,12436536,Gskb,13,0.38461538461538464,0.38461538461538464,0.23076923076923078,1.2307692307692308,1.0,2.230769230769231,0.5384615384615384,0.3076923076923077,1.5384615384615385,1.0769230769230769,10,0.4,0.3,0.3,1.4,1.2,2.6,0.6,0.4,1.5,1.2,5,0.6,0.0,0.4,1.6,1.2,2.8,0.6,0.6,1.8,1.2,61627,Premier League 24/25
2025-05-25,12:00,Wolves,Brentford,12436542,dsab,7,0.42857142857142855,0.14285714285714285,0.42857142857142855,1.7142857142857142,1.7142857142857142,3.4285714285714284,0.5714285714285714,0.42857142857142855,1.4285714285714286,1.4285714285714286,7,0.42857142857142855,0.14285714285714285,0.42857142857142855,1.7142857142857142,1.7142857142857142,3.4285714285714284,0.5714285714285714,0.42857142857142855,1.4285714285714286,1.4285714285714286,5,0.4,0.2,0.4,2.0,1.8,3.8,0.6,0.4,1.4,1.4,61627,Premier League 24/25
2023-08-11,16:00,Burnley,Manchester City,11352303,gsr,16,0.0625,0.1875,0.75,0.6875,2.8125,3.5,0.4375,0.625,0.375,2.4375,10,0.0,0.1,0.9,0.2,3.0,3.2,0.2,0.5,0.1,2.8,5,0.0,0.0,1.0,0.0,3.2,3.2,0.0,0.4,0.0,3.0,52186,Premier League 23/24
2023-08-12,09:00,Arsenal,Nottingham Forest,11352251,osR,12,0.5833333333333334,0.25,0.16666666666666666,1.4166666666666667,0.6666666666666666,2.0833333333333335,0.4166666666666667,0.3333333333333333,2.0,0.75,10,0.6,0.2,0.2,1.5,0.7,2.2,0.4,0.4,2.0,0.8,5,0.8,0.0,0.2,1.8,0.4,2.2,0.2,0.4,2.4,0.6,52186,Premier League 23/24
2023-08-12,11:00,Bournemouth,West Ham United,11352250,Mkb,12,0.3333333333333333,0.25,0.4166666666666667,1.5,2.1666666666666665,3.6666666666666665,0.5833333333333334,0.6666666666666666,1.25,1.5,10,0.3,0.3,0.4,1.3,2.0,3.3,0.5,0.6,1.2,1.5,5,0.2,0.2,0.6,0.8,2.4,3.2,0.2,0.6,0.8,2.0,52186,Premier League 23/24
2023-08-12,11:00,Everton,Fulham,11352253,TsY,32,0.53125,0.125,0.34375,1.5625,1.0,2.5625,0.40625,0.5,1.71875,1.15625,10,0.5,0.2,0.3,1.7,1.3,3.0,0.5,0.6,1.7,1.1,5,0.2,0.2,0.6,0.8,1.8,2.6,0.4,0.4,0.8,2.0,52186,Premier League 23/24
2023-08-12,11:00,Brighton,Luton Town,11352252,Fsxb,0,0.0,0.0,0.0,0.0,0.0,0.0,0.0,0.0,0.0,0.0,0,0.0,0.0,0.0,0.0,0.0,0.0,0.0,0.0,0.0,0.0,0,0.0,0.0,0.0,0.0,0.0,0.0,0.0,0.0,0.0,0.0,52186,Premier League 23/24
2023-08-12,11:00,Sheffield United,Crystal Palace,11352254,hsp,6,0.3333333333333333,0.0,0.6666666666666666,0.3333333333333333,1.1666666666666667,1.5,0.0,0.0,1.0,2.0,6,0.3333333333333333,0.0,0.6666666666666666,0.3333333333333333,1.1666666666666667,1.5,0.0,0.0,1.0,2.0,5,0.4,0.0,0.6,0.4,1.0,1.4,0.0,0.0,1.2,1.8,52186,Premier League 23/24
2023-08-12,13:30,Newcastle United,Aston Villa,11352255,OP,52,0.46153846153846156,0.3269230769230769,0.21153846153846154,1.3653846153846154,0.8846153846153846,2.25,0.4423076923076923,0.3269230769230769,1.7115384615384615,0.9615384615384616,10,0.2,0.4,0.4,0.8,1.2,2.0,0.3,0.2,1.0,1.6,5,0.4,0.2,0.4,1.2,1.2,2.4,0.2,0.4,1.4,1.4,52186,Premier League 23/24
2023-08-13,10:00,Brentford,Tottenham Hotspur,11352309,Isab,4,0.25,0.5,0.25,1.25,1.25,2.5,0.5,0.5,1.25,1.25,4,0.25,0.5,0.25,1.25,1.25,2.5,0.5,0.5,1.25,1.25,4,0.25,0.5,0.25,1.25,1.25,2.5,0.5,0.5,1.25,1.25,52186,Premier League 23/24
2023-08-13,12:30,Chelsea,Liverpool,11352316,NsU,0,0.0,0.0,0.0,0.0,0.0,0.0,0.0,0.0,0.0,0.0,0,0.0,0.0,0.0,0.0,0.0,0.0,0.0,0.0,0.0,0.0,0,0.0,0.0,0.0,0.0,0.0,0.0,0.0,0.0,0.0,0.0,52186,Premier League 23/24
2023-08-14,16:00,Manchester Utd,Wolves,11352327,dsK,18,0.6111111111111112,0.16666666666666666,0.2222222222222222,1.5,0.6111111111111112,2.111111111111111,0.3888888888888889,0.3888888888888889,2.0,0.8333333333333334,10,0.5,0.3,0.2,1.0,0.6,1.6,0.4,0.2,1.8,0.9,5,0.8,0.0,0.2,1.2,0.4,1.6,0.2,0.2,2.4,0.6,52186,Premier League 23/24
2023-08-18,15:45,Nottingham Forest,Sheffield United,11352399,osp,2,0.0,0.5,0.5,0.0,1.0,1.0,0.0,0.0,0.5,2.0,2,0.0,0.5,0.5,0.0,1.0,1.0,0.0,0.0,0.5,2.0,2,0.0,0.5,0.5,0.0,1.0,1.0,0.0,0.0,0.5,2.0,52186,Premier League 23/24
2023-08-19,11:00,Liverpool,Bournemouth,11352367,Uskb,0,0.0,0.0,0.0,0.0,0.0,0.0,0.0,0.0,0.0,0.0,0,0.0,0.0,0.0,0.0,0.0,0.0,0.0,0.0,0.0,0.0,0,0.0,0.0,0.0,0.0,0.0,0.0,0.0,0.0,0.0,0.0,52186,Premier League 23/24
2023-08-19,11:00,Wolves,Brighton,11352428,dsF,10,0.2,0.4,0.4,1.0,1.9,2.9,0.4,0.6,1.0,1.6,10,0.2,0.4,0.4,1.0,1.9,2.9,0.4,0.6,1.0,1.6,5,0.4,0.0,0.6,1.0,2.6,3.6,0.4,0.8,1.2,1.8,52186,Premier League 23/24
2023-08-19,11:00,Fulham,Brentford,11352358,Tsab,2,0.5,0.0,0.5,2.5,2.5,5.0,1.0,1.0,1.5,1.5,2,0.5,0.0,0.5,2.5,2.5,5.0,1.0,1.0,1.5,1.5,2,0.5,0.0,0.5,2.5,2.5,5.0,1.0,1.0,1.5,1.5,52186,Premier League 23/24
2023-08-19,13:30,Tottenham Hotspur,Manchester Utd,11352407,IsK,62,0.16129032258064516,0.24193548387096775,0.5967741935483871,0.9838709677419355,1.6935483870967742,2.6774193548387095,0.4838709677419355,0.532258064516129,0.7258064516129032,2.032258064516129,10,0.2,0.2,0.6,1.6,1.8,3.4,0.6,0.7,0.8,2.0,5,0.0,0.2,0.8,1.0,2.6,3.6,0.6,0.8,0.2,2.6,52186,Premier League 23/24
2023-08-19,16:00,Manchester City,Newcastle United,11352389,rO,46,0.6304347826086957,0.17391304347826086,0.1956521739130435,2.0869565217391304,0.9347826086956522,3.0217391304347827,0.41304347826086957,0.5652173913043478,2.0652173913043477,0.7608695652173914,10,0.7,0.2,0.1,3.0,1.1,4.1,0.5,0.8,2.3,0.5,5,0.8,0.2,0.0,3.6,1.2,4.8,0.4,0.8,2.6,0.2,52186,Premier League 23/24
2023-08-20,10:00,Aston Villa,Everton,11352337,PY,56,0.44642857142857145,0.30357142857142855,0.25,1.4285714285714286,1.1607142857142858,2.5892857142857144,0.5,0.5178571428571429,1.6428571428571428,1.0535714285714286,10,0.6,0.2,0.2,1.4,1.0,2.4,0.4,0.5,2.0,0.8,5,0.8,0.2,0.0,1.6,0.2,1.8,0.2,0.4,2.6,0.2,52186,Premier League 23/24
2023-08-20,12:30,West Ham United,Chelsea,11352418,MsN,54,0.2777777777777778,0.18518518518518517,0.5370370370370371,0.9259259259259259,1.7037037037037037,2.6296296296296298,0.5185185185185185,0.5185185185185185,1.0185185185185186,1.7962962962962963,10,0.3,0.2,0.5,0.9,1.4,2.3,0.4,0.4,1.1,1.7,5,0.2,0.2,0.6,1.0,1.4,2.4,0.6,0.4,0.8,2.0,52186,Premier League 23/24
2023-08-21,16:00,Crystal Palace,Arsenal,11352346,hsR,28,0.14285714285714285,0.2857142857142857,0.5714285714285714,1.0714285714285714,1.9285714285714286,3.0,0.6071428571428571,0.6428571428571429,0.7142857142857143,2.0,10,0.2,0.5,0.3,1.5,1.8,3.3,0.7,0.7,1.1,1.4,5,0.2,0.2,0.6,1.4,2.2,3.6,0.6,0.8,0.8,2.0,52186,Premier League 23/24
2023-08-25,16:00,Chelsea,Luton Town,11352484,Nsxb,0,0.0,0.0,0.0,0.0,0.0,0.0,0.0,0.0,0.0,0.0,0,0.0,0.0,0.0,0.0,0.0,0.0,0.0,0.0,0.0,0.0,0,0.0,0.0,0.0,0.0,0.0,0.0,0.0,0.0,0.0,0.0,52186,Premier League 23/24
2023-08-26,08:30,Bournemouth,Tottenham Hotspur,11352437,Iskb,12,0.16666666666666666,0.16666666666666666,0.6666666666666666,0.8333333333333334,2.5,3.3333333333333335,0.4166666666666667,0.6666666666666666,0.6666666666666666,2.1666666666666665,10,0.2,0.2,0.6,0.9,2.2,3.1,0.4,0.6,0.8,2.0,5,0.4,0.2,0.4,1.6,1.6,3.2,0.6,0.6,1.4,1.4,52186,Premier League 23/24
2023-08-26,11:00,Manchester Utd,Nottingham Forest,11352504,osK,12,0.75,0.08333333333333333,0.16666666666666666,2.8333333333333335,0.5,3.3333333333333335,0.3333333333333333,0.5833333333333334,2.3333333333333335,0.5833333333333334,10,0.7,0.1,0.2,3.0,0.6,3.6,0.4,0.7,2.2,0.7,5,1.0,0.0,0.0,4.0,0.2,4.2,0.2,0.8,3.0,0.0,52186,Premier League 23/24
2023-08-26,11:00,Arsenal,Fulham,11352447,RsT,32,0.71875,0.1875,0.09375,2.1875,0.71875,2.90625,0.53125,0.65625,2.34375,0.46875,10,0.8,0.2,0.0,2.7,0.8,3.5,0.6,0.7,2.6,0.2,5,0.8,0.2,0.0,2.6,0.6,3.2,0.6,0.8,2.6,0.2,52186,Premier League 23/24
2023-08-26,11:00,Everton,Wolves,11352495,dsY,18,0.2777777777777778,0.3888888888888889,0.3333333333333333,1.1666666666666667,1.2222222222222223,2.388888888888889,0.6111111111111112,0.5,1.2222222222222223,1.3888888888888888,10,0.3,0.2,0.5,1.2,1.7,2.9,0.7,0.7,1.1,1.7,5,0.2,0.2,0.6,0.8,1.2,2.0,0.6,0.4,0.8,2.0,52186,Premier League 23/24
2023-08-26,11:00,Brentford,Crystal Palace,11352456,hsab,4,0.0,1.0,0.0,0.5,0.5,1.0,0.5,0.0,1.0,1.0,4,0.0,1.0,0.0,0.5,0.5,1.0,0.5,0.0,1.0,1.0,4,0.0,1.0,0.0,0.5,0.5,1.0,0.5,0.0,1.0,1.0,52186,Premier League 23/24
2023-08-26,13:30,Brighton,West Ham United,11352466,FsM,12,0.5,0.5,0.0,2.1666666666666665,1.0,3.1666666666666665,0.6666666666666666,0.5833333333333334,2.0,0.5,10,0.4,0.6,0.0,2.0,1.1,3.1,0.7,0.5,1.8,0.6,5,0.6,0.4,0.0,2.2,0.6,2.8,0.6,0.4,2.2,0.4,52186,Premier League 23/24
2023-08-27,10:00,Sheffield United,Manchester City,11352524,psr,10,0.0,0.3,0.7,0.1,1.0,1.1,0.1,0.0,0.3,2.4,10,0.0,0.3,0.7,0.1,1.0,1.1,0.1,0.0,0.3,2.4,5,0.0,0.0,1.0,0.0,1.2,1.2,0.0,0.0,0.0,3.0,52186,Premier League 23/24
2023-08-27,10:00,Burnley,Aston Villa,11352475,gsP,10,0.2,0.5,0.3,1.3,1.7,3.0,0.8,0.5,1.1,1.4,10,0.2,0.5,0.3,1.3,1.7,3.0,0.8,0.5,1.1,1.4,5,0.2,0.4,0.4,1.2,1.6,2.8,0.8,0.6,1.0,1.6,52186,Premier League 23/24
2023-08-27,12:30,Newcastle United,Liverpool FC,11352515,OU,56,0.17857142857142858,0.21428571428571427,0.6071428571428571,1.0,1.9821428571428572,2.982142857142857,0.5357142857142857,0.5714285714285714,0.75,2.0357142857142856,10,0.0,0.2,0.8,0.7,2.2,2.9,0.6,0.6,0.2,2.6,5,0.0,0.2,0.8,0.6,1.8,2.4,0.6,0.4,0.2,2.6,52186,Premier League 23/24
2023-09-01,16:00,Luton Town,West Ham United,11352590,Msxb,0,0.0,0.0,0.0,0.0,0.0,0.0,0.0,0.0,0.0,0.0,0,0.0,0.0,0.0,0.0,0.0,0.0,0.0,0.0,0.0,0.0,0,0.0,0.0,0.0,0.0,0.0,0.0,0.0,0.0,0.0,0.0,52186,Premier League 23/24
2023-09-02,08:30,Sheffield United,Everton,11352597,psY,10,0.5,0.1,0.4,0.8,0.7,1.5,0.1,0.1,1.6,1.3,10,0.5,0.1,0.4,0.8,0.7,1.5,0.1,0.1,1.6,1.3,5,0.6,0.0,0.4,0.8,0.4,1.2,0.0,0.0,1.8,1.2,52186,Premier League 23/24
2023-09-02,11:00,Manchester City,Fulham,11352594,rsT,30,0.5666666666666667,0.3,0.13333333333333333,2.1666666666666665,1.0666666666666667,3.2333333333333334,0.6666666666666666,0.6666666666666666,2.0,0.7,10,1.0,0.0,0.0,2.7,0.5,3.2,0.4,0.7,3.0,0.0,5,1.0,0.0,0.0,2.2,0.4,2.6,0.4,0.6,3.0,0.0,52186,Premier League 23/24
2023-09-02,11:00,Chelsea,Nottingham Forest,11352570,osN,12,0.3333333333333333,0.4166666666666667,0.25,0.9166666666666666,1.0833333333333333,2.0,0.4166666666666667,0.3333333333333333,1.4166666666666667,1.1666666666666667,10,0.4,0.4,0.2,1.1,1.0,2.1,0.5,0.3,1.6,1.0,5,0.4,0.4,0.2,1.6,1.4,3.0,0.8,0.6,1.6,1.0,52186,Premier League 23/24
2023-09-02,11:00,Burnley,Tottenham Hotspur,11352561,gsI,16,0.1875,0.1875,0.625,0.6875,1.9375,2.625,0.375,0.5,0.75,2.0625,10,0.2,0.2,0.6,0.5,1.8,2.3,0.3,0.4,0.8,2.0,5,0.2,0.2,0.6,0.4,1.4,1.8,0.2,0.2,0.8,2.0,52186,Premier League 23/24
2023-09-02,11:00,Brentford,Bournemouth,11352543,abskb,2,0.5,0.5,0.0,1.0,0.0,1.0,0.0,0.0,2.0,0.5,2,0.5,0.5,0.0,1.0,0.0,1.0,0.0,0.0,2.0,0.5,2,0.5,0.5,0.0,1.0,0.0,1.0,0.0,0.0,2.0,0.5,52186,Premier League 23/24
2023-09-02,13:30,Brighton,Newcastle United,11352551,FsO,12,0.3333333333333333,0.5,0.16666666666666666,1.0,0.6666666666666666,1.6666666666666667,0.3333333333333333,0.3333333333333333,1.5,1.0,10,0.3,0.5,0.2,1.1,0.8,1.9,0.4,0.4,1.4,1.1,5,0.2,0.4,0.4,1.2,1.4,2.6,0.6,0.6,1.0,1.6,52186,Premier League 23/24
2023-09-03,10:00,Liverpool FC,Aston Villa,11352584,PU,56,0.5892857142857143,0.17857142857142858,0.23214285714285715,1.7142857142857142,1.0,2.7142857142857144,0.5,0.5714285714285714,1.9464285714285714,0.875,10,0.8,0.1,0.1,2.4,1.4,3.8,0.7,0.7,2.5,0.4,5,0.8,0.2,0.0,1.8,0.8,2.6,0.8,0.6,2.6,0.2,52186,Premier League 23/24
2023-09-03,10:00,Crystal Palace,Wolves,11352578,dsh,10,0.5,0.1,0.4,1.0,0.9,1.9,0.2,0.1,1.6,1.3,10,0.5,0.1,0.4,1.0,0.9,1.9,0.2,0.1,1.6,1.3,5,0.8,0.0,0.2,1.4,0.6,2.0,0.2,0.2,2.4,0.6,52186,Premier League 23/24
2023-09-03,12:30,Arsenal,Manchester Utd,11352534,KR,62,0.2903225806451613,0.2903225806451613,0.41935483870967744,1.1290322580645162,1.403225806451613,2.532258064516129,0.532258064516129,0.46774193548387094,1.1612903225806452,1.5483870967741935,10,0.5,0.3,0.2,1.7,1.2,2.9,0.6,0.5,1.8,0.9,5,0.4,0.2,0.4,1.8,1.8,3.6,0.8,0.8,1.4,1.4,52186,Premier League 23/24
2023-09-16,08:30,Wolves,Liverpool FC,11352626,dsU,18,0.1111111111111111,0.1111111111111111,0.7777777777777778,0.4444444444444444,1.6666666666666667,2.111111111111111,0.2222222222222222,0.3888888888888889,0.4444444444444444,2.4444444444444446,10,0.1,0.0,0.9,0.5,1.8,2.3,0.2,0.4,0.3,2.7,5,0.2,0.0,0.8,0.8,1.4,2.2,0.2,0.4,0.6,2.4,52186,Premier League 23/24
2023-09-16,11:00,West Ham United,Manchester City,11352625,rM,44,0.20454545454545456,0.18181818181818182,0.6136363636363636,0.8863636363636364,1.7954545454545454,2.6818181818181817,0.4772727272727273,0.5909090909090909,0.7954545454545454,2.022727272727273,10,0.0,0.2,0.8,0.5,2.4,2.9,0.4,0.6,0.2,2.6,5,0.0,0.2,0.8,0.8,2.2,3.0,0.6,0.8,0.2,2.6,52186,Premier League 23/24
2023-09-16,11:00,Manchester Utd,Brighton,11352611,FsK,12,0.5833333333333334,0.0,0.4166666666666667,1.5833333333333333,1.3333333333333333,2.9166666666666665,0.5,0.6666666666666666,1.75,1.25,10,0.6,0.0,0.4,1.8,1.5,3.3,0.6,0.8,1.8,1.2,5,0.4,0.0,0.6,1.0,1.6,2.6,0.4,0.6,1.2,1.8,52186,Premier League 23/24
2023-09-16,11:00,Tottenham Hotspur,Sheffield United,11352621,psI,10,0.4,0.4,0.2,1.8,1.6,3.4,0.6,0.6,1.6,1.0,10,0.4,0.4,0.2,1.8,1.6,3.4,0.6,0.6,1.6,1.0,5,0.4,0.4,0.2,2.0,1.2,3.2,0.8,0.6,1.6,1.0,52186,Premier League 23/24
2023-09-16,11:00,Aston Villa,Crystal Palace,11352602,hP,22,0.36363636363636365,0.2727272727272727,0.36363636363636365,1.0909090909090908,0.8636363636363636,1.9545454545454546,0.4090909090909091,0.3181818181818182,1.3636363636363635,1.3636363636363635,10,0.5,0.1,0.4,1.4,1.1,2.5,0.5,0.5,1.6,1.3,5,0.4,0.2,0.4,1.4,1.6,3.0,0.8,0.6,1.4,1.4,52186,Premier League 23/24
2023-09-16,11:00,Fulham,Luton Town,11352608,Tsxb,0,0.0,0.0,0.0,0.0,0.0,0.0,0.0,0.0,0.0,0.0,0,0.0,0.0,0.0,0.0,0.0,0.0,0.0,0.0,0.0,0.0,0,0.0,0.0,0.0,0.0,0.0,0.0,0.0,0.0,0.0,0.0,52186,Premier League 23/24
2023-09-16,13:30,Newcastle United,Brentford,11352615,Osab,4,0.75,0.25,0.0,3.0,1.25,4.25,0.75,0.75,2.5,0.25,4,0.75,0.25,0.0,3.0,1.25,4.25,0.75,0.75,2.5,0.25,4,0.75,0.25,0.0,3.0,1.25,4.25,0.75,0.75,2.5,0.25,52186,Premier League 23/24
2023-09-17,10:00,Bournemouth,Chelsea,11352600,Nskb,12,0.3333333333333333,0.08333333333333333,0.5833333333333334,1.1666666666666667,1.6666666666666667,2.8333333333333335,0.3333333333333333,0.5833333333333334,1.0833333333333333,1.8333333333333333,10,0.3,0.1,0.6,1.2,1.6,2.8,0.3,0.6,1.0,1.9,5,0.4,0.2,0.4,1.6,1.4,3.0,0.4,0.6,1.4,1.4,52186,Premier League 23/24
2023-09-17,12:30,Everton,Arsenal,11352605,RY,62,0.1935483870967742,0.22580645161290322,0.5806451612903226,0.9032258064516129,1.935483870967742,2.838709677419355,0.5483870967741935,0.4838709677419355,0.8064516129032258,1.967741935483871,10,0.5,0.1,0.4,1.0,1.6,2.6,0.4,0.5,1.6,1.3,5,0.6,0.0,0.4,1.0,2.0,3.0,0.4,0.6,1.8,1.2,52186,Premier League 23/24
2023-09-18,15:45,Nottingham Forest,Burnley,11352618,gso,0,0.0,0.0,0.0,0.0,0.0,0.0,0.0,0.0,0.0,0.0,0,0.0,0.0,0.0,0.0,0.0,0.0,0.0,0.0,0.0,0.0,0,0.0,0.0,0.0,0.0,0.0,0.0,0.0,0.0,0.0,0.0,52186,Premier League 23/24
2023-09-23,11:00,Manchester City,Nottingham Forest,11352635,osr,8,0.25,0.5,0.25,1.875,1.375,3.25,0.5,0.5,1.25,1.25,8,0.25,0.5,0.25,1.875,1.375,3.25,0.5,0.5,1.25,1.25,5,0.2,0.4,0.4,1.6,1.2,2.8,0.4,0.4,1.0,1.6,52186,Premier League 23/24
2023-09-23,11:00,Crystal Palace,Fulham,11352632,hsT,10,0.4,0.3,0.3,1.4,1.5,2.9,0.5,0.6,1.5,1.2,10,0.4,0.3,0.3,1.4,1.5,2.9,0.5,0.6,1.5,1.2,5,0.4,0.4,0.2,1.2,1.2,2.4,0.4,0.6,1.6,1.0,52186,Premier League 23/24
2023-09-23,11:00,Luton Town,Wolves,11352634,dsxb,0,0.0,0.0,0.0,0.0,0.0,0.0,0.0,0.0,0.0,0.0,0,0.0,0.0,0.0,0.0,0.0,0.0,0.0,0.0,0.0,0.0,0,0.0,0.0,0.0,0.0,0.0,0.0,0.0,0.0,0.0,0.0,52186,Premier League 23/24
2023-09-23,13:30,Brentford,Everton,11352628,Ysab,4,0.5,0.25,0.25,1.25,1.0,2.25,0.5,0.25,1.75,1.0,4,0.5,0.25,0.25,1.25,1.0,2.25,0.5,0.25,1.75,1.0,4,0.5,0.25,0.25,1.25,1.0,2.25,0.5,0.25,1.75,1.0,52186,Premier League 23/24
2023-09-23,16:00,Burnley,Manchester Utd,11352630,gK,16,0.125,0.3125,0.5625,0.6875,1.5625,2.25,0.375,0.375,0.6875,2.0,10,0.1,0.3,0.6,0.9,1.7,2.6,0.5,0.4,0.6,2.1,5,0.2,0.2,0.6,1.0,1.6,2.6,0.6,0.4,0.8,2.0,52186,Premier League 23/24
2023-09-24,10:00,Liverpool,West Ham United,11352633,MU,0,0.0,0.0,0.0,0.0,0.0,0.0,0.0,0.0,0.0,0.0,0,0.0,0.0,0.0,0.0,0.0,0.0,0.0,0.0,0.0,0.0,0,0.0,0.0,0.0,0.0,0.0,0.0,0.0,0.0,0.0,0.0,52186,Premier League 23/24
2023-09-24,10:00,Arsenal,Tottenham Hotspur,11352627,IsR,62,0.4032258064516129,0.3387096774193548,0.25806451612903225,1.532258064516129,1.1935483870967742,2.725806451612903,0.6290322580645161,0.4838709677419355,1.5483870967741935,1.1129032258064515,10,0.5,0.2,0.3,1.8,1.5,3.3,0.7,0.7,1.7,1.1,5,0.8,0.0,0.2,2.0,1.2,3.2,0.6,0.8,2.4,0.6,52186,Premier League 23/24
2023-09-24,10:00,Chelsea,Aston Villa,11352631,NP,56,0.5178571428571429,0.23214285714285715,0.25,1.6428571428571428,0.9464285714285714,2.5892857142857144,0.48214285714285715,0.44642857142857145,1.7857142857142858,0.9821428571428571,10,0.7,0.1,0.2,2.0,0.8,2.8,0.5,0.6,2.2,0.7,5,0.6,0.0,0.4,1.8,1.0,2.8,0.4,0.6,1.8,1.2,52186,Premier League 23/24
2023-09-24,10:00,Brighton,Bournemouth,11352629,Fskb,8,0.375,0.125,0.5,1.125,1.75,2.875,0.375,0.5,1.25,1.625,8,0.375,0.125,0.5,1.125,1.75,2.875,0.375,0.5,1.25,1.625,5,0.6,0.0,0.4,1.2,1.6,2.8,0.2,0.4,1.8,1.2,52186,Premier League 23/24
2023-09-24,12:30,Sheffield United,Newcastle United,11352636,psO,8,0.375,0.0,0.625,0.625,1.5,2.125,0.125,0.375,1.125,1.875,8,0.375,0.0,0.625,0.625,1.5,2.125,0.125,0.375,1.125,1.875,5,0.2,0.0,0.8,0.4,1.6,2.0,0.2,0.4,0.6,2.4,52186,Premier League 23/24
2023-09-30,08:30,Aston Villa,Brighton,11352638,FP,8,0.625,0.25,0.125,1.5,0.75,2.25,0.625,0.5,2.125,0.625,8,0.625,0.25,0.125,1.5,0.75,2.25,0.625,0.5,2.125,0.625,5,0.8,0.2,0.0,1.6,0.4,2.0,0.4,0.4,2.6,0.2,52186,Premier League 23/24
2023-09-30,11:00,Wolves,Manchester City,11352646,dsr,18,0.2222222222222222,0.1111111111111111,0.6666666666666666,1.0555555555555556,2.3333333333333335,3.388888888888889,0.5,0.6666666666666666,0.7777777777777778,2.111111111111111,10,0.2,0.1,0.7,0.9,2.5,3.4,0.5,0.7,0.7,2.2,5,0.0,0.0,1.0,0.4,3.2,3.6,0.4,0.8,0.0,3.0,52186,Premier League 23/24
2023-09-30,11:00,Manchester Utd,Crystal Palace,11352641,hK,28,0.6785714285714286,0.21428571428571427,0.10714285714285714,1.7142857142857142,0.5714285714285714,2.2857142857142856,0.35714285714285715,0.39285714285714285,2.25,0.5357142857142857,10,0.4,0.3,0.3,1.1,0.9,2.0,0.5,0.4,1.5,1.2,5,0.4,0.4,0.2,0.8,0.6,1.4,0.4,0.2,1.6,1.0,52186,Premier League 23/24
2023-09-30,11:00,Bournemouth,Arsenal,11352637,Rkb,12,0.08333333333333333,0.16666666666666666,0.75,0.9166666666666666,2.4166666666666665,3.3333333333333335,0.5833333333333334,0.6666666666666666,0.4166666666666667,2.4166666666666665,10,0.1,0.2,0.7,1.1,2.5,3.6,0.7,0.8,0.5,2.3,5,0.0,0.2,0.8,0.8,2.6,3.4,0.6,0.6,0.2,2.6,52186,Premier League 23/24
2023-09-30,11:00,Newcastle United,Burnley,11352642,gsO,12,0.5,0.3333333333333333,0.16666666666666666,1.4166666666666667,0.9166666666666666,2.3333333333333335,0.5833333333333334,0.4166666666666667,1.8333333333333333,0.8333333333333334,10,0.6,0.2,0.2,1.3,0.7,2.0,0.5,0.4,2.0,0.8,5,0.8,0.2,0.0,1.6,0.6,2.2,0.6,0.6,2.6,0.2,52186,Premier League 23/24
2023-09-30,11:00,West Ham United,Sheffield United,11352645,pM,8,0.375,0.25,0.375,1.0,1.0,2.0,0.25,0.375,1.375,1.375,8,0.375,0.25,0.375,1.0,1.0,2.0,0.25,0.375,1.375,1.375,5,0.4,0.2,0.4,1.0,1.0,2.0,0.2,0.4,1.4,1.4,52186,Premier League 23/24
2023-09-30,11:00,Everton,Luton Town,11352639,Ysxb,0,0.0,0.0,0.0,0.0,0.0,0.0,0.0,0.0,0.0,0.0,0,0.0,0.0,0.0,0.0,0.0,0.0,0.0,0.0,0.0,0.0,0,0.0,0.0,0.0,0.0,0.0,0.0,0.0,0.0,0.0,0.0,52186,Premier League 23/24
2023-09-30,13:30,Tottenham Hotspur,Liverpool,11352644,IsU,0,0.0,0.0,0.0,0.0,0.0,0.0,0.0,0.0,0.0,0.0,0,0.0,0.0,0.0,0.0,0.0,0.0,0.0,0.0,0.0,0.0,0,0.0,0.0,0.0,0.0,0.0,0.0,0.0,0.0,0.0,0.0,52186,Premier League 23/24
2023-10-01,10:00,Nottingham Forest,Brentford,11352643,osab,2,0.0,0.5,0.5,1.5,2.0,3.5,1.0,1.0,0.5,2.0,2,0.0,0.5,0.5,1.5,2.0,3.5,1.0,1.0,0.5,2.0,2,0.0,0.5,0.5,1.5,2.0,3.5,1.0,1.0,0.5,2.0,52186,Premier League 23/24
2023-10-02,16:00,Fulham,Chelsea,11352640,NsT,32,0.0625,0.375,0.5625,0.71875,1.59375,2.3125,0.53125,0.40625,0.5625,2.0625,10,0.1,0.2,0.7,0.4,1.6,2.0,0.3,0.4,0.5,2.3,5,0.2,0.2,0.6,0.6,1.2,1.8,0.4,0.4,0.8,2.0,52186,Premier League 23/24
2023-10-03,15:30,Luton Town,Burnley,11626262,gsxb,0,0.0,0.0,0.0,0.0,0.0,0.0,0.0,0.0,0.0,0.0,0,0.0,0.0,0.0,0.0,0.0,0.0,0.0,0.0,0.0,0.0,0,0.0,0.0,0.0,0.0,0.0,0.0,0.0,0.0,0.0,0.0,52186,Premier League 23/24
2023-10-07,08:30,Luton Town,Tottenham Hotspur,11352653,Isxb,0,0.0,0.0,0.0,0.0,0.0,0.0,0.0,0.0,0.0,0.0,0,0.0,0.0,0.0,0.0,0.0,0.0,0.0,0.0,0.0,0.0,0,0.0,0.0,0.0,0.0,0.0,0.0,0.0,0.0,0.0,0.0,52186,Premier League 23/24
2023-10-07,11:00,Manchester Utd,Brentford,11352654,Ksab,4,0.75,0.0,0.25,1.75,1.25,3.0,0.25,0.75,2.25,0.75,4,0.75,0.0,0.25,1.75,1.25,3.0,0.25,0.75,2.25,0.75,4,0.75,0.0,0.25,1.75,1.25,3.0,0.25,0.75,2.25,0.75,52186,Premier League 23/24
2023-10-07,11:00,Burnley,Chelsea,11352649,gsN,16,0.0625,0.25,0.6875,0.8125,2.5,3.3125,0.5625,0.75,0.4375,2.3125,10,0.1,0.2,0.7,0.9,2.7,3.6,0.5,0.8,0.5,2.3,5,0.0,0.2,0.8,0.2,2.6,2.8,0.2,0.6,0.2,2.6,52186,Premier League 23/24
2023-10-07,11:00,Everton,Bournemouth,11352651,Yskb,12,0.4166666666666667,0.16666666666666666,0.4166666666666667,1.75,1.8333333333333333,3.5833333333333335,0.6666666666666666,0.75,1.4166666666666667,1.4166666666666667,10,0.4,0.1,0.5,1.6,1.8,3.4,0.6,0.7,1.3,1.6,5,0.4,0.0,0.6,1.0,1.8,2.8,0.4,0.6,1.2,1.8,52186,Premier League 23/24
2023-10-07,11:00,Fulham,Sheffield United,11352652,psT,4,0.5,0.25,0.25,0.75,0.75,1.5,0.25,0.0,1.75,1.0,4,0.5,0.25,0.25,0.75,0.75,1.5,0.25,0.0,1.75,1.0,4,0.5,0.25,0.25,0.75,0.75,1.5,0.25,0.0,1.75,1.0,52186,Premier League 23/24
2023-10-07,13:30,Crystal Palace,Nottingham Forest,11352650,hso,6,0.0,0.5,0.5,0.6666666666666666,1.1666666666666667,1.8333333333333333,0.6666666666666666,0.16666666666666666,0.5,2.0,6,0.0,0.5,0.5,0.6666666666666666,1.1666666666666667,1.8333333333333333,0.6666666666666666,0.16666666666666666,0.5,2.0,5,0.0,0.4,0.6,0.6,1.2,1.8,0.6,0.2,0.4,2.2,52186,Premier League 23/24
2023-10-08,10:00,Brighton,Liverpool,11352648,FsU,0,0.0,0.0,0.0,0.0,0.0,0.0,0.0,0.0,0.0,0.0,0,0.0,0.0,0.0,0.0,0.0,0.0,0.0,0.0,0.0,0.0,0,0.0,0.0,0.0,0.0,0.0,0.0,0.0,0.0,0.0,0.0,52186,Premier League 23/24
2023-10-08,10:00,West Ham United,Newcastle United,11352655,MO,50,0.3,0.24,0.46,1.24,1.66,2.9,0.48,0.56,1.14,1.62,10,0.3,0.3,0.4,1.8,1.9,3.7,0.7,0.6,1.2,1.5,5,0.2,0.4,0.4,1.8,2.4,4.2,1.0,0.6,1.0,1.6,52186,Premier League 23/24
2023-10-08,10:00,Wolves,Aston Villa,11352656,dsP,16,0.375,0.25,0.375,1.125,1.3125,2.4375,0.5,0.5,1.375,1.375,10,0.5,0.3,0.2,1.2,0.9,2.1,0.5,0.4,1.8,0.9,5,0.6,0.4,0.0,1.4,0.8,2.2,0.6,0.4,2.2,0.4,52186,Premier League 23/24
2023-10-08,12:30,Arsenal,Manchester City,11352647,rsR,52,0.4230769230769231,0.23076923076923078,0.34615384615384615,1.3846153846153846,1.3269230769230769,2.7115384615384617,0.46153846153846156,0.5576923076923077,1.5,1.2692307692307692,10,0.0,0.0,1.0,0.4,2.7,3.1,0.4,0.7,0.0,3.0,5,0.0,0.0,1.0,0.6,3.0,3.6,0.6,0.8,0.0,3.0,52186,Premier League 23/24
2023-10-21,08:30,Liverpool,Everton,11352662,UsY,0,0.0,0.0,0.0,0.0,0.0,0.0,0.0,0.0,0.0,0.0,0,0.0,0.0,0.0,0.0,0.0,0.0,0.0,0.0,0.0,0.0,0,0.0,0.0,0.0,0.0,0.0,0.0,0.0,0.0,0.0,0.0,52186,Premier League 23/24
2023-10-21,11:00,Manchester City,Brighton,11352663,rsF,12,0.8333333333333334,0.08333333333333333,0.08333333333333333,2.8333333333333335,0.6666666666666666,3.5,0.5,0.6666666666666666,2.5833333333333335,0.3333333333333333,10,0.8,0.1,0.1,2.9,0.7,3.6,0.5,0.7,2.5,0.4,5,0.6,0.2,0.2,2.6,1.2,3.8,0.8,0.8,2.0,0.8,52186,Premier League 23/24
2023-10-21,11:00,Newcastle United,Crystal Palace,11352664,hO,24,0.4583333333333333,0.3333333333333333,0.20833333333333334,1.125,0.8333333333333334,1.9583333333333333,0.375,0.2916666666666667,1.7083333333333333,0.9583333333333334,10,0.3,0.4,0.3,0.6,0.5,1.1,0.2,0.1,1.3,1.3,5,0.2,0.6,0.2,0.6,0.6,1.2,0.4,0.2,1.2,1.2,52186,Premier League 23/24
2023-10-21,11:00,Brentford,Burnley,11352660,gsab,2,0.5,0.0,0.5,1.5,1.5,3.0,0.5,0.5,1.5,1.5,2,0.5,0.0,0.5,1.5,1.5,3.0,0.5,0.5,1.5,1.5,2,0.5,0.0,0.5,1.5,1.5,3.0,0.5,0.5,1.5,1.5,52186,Premier League 23/24
2023-10-21,11:00,Bournemouth,Wolves,11352657,dskb,6,0.16666666666666666,0.3333333333333333,0.5,0.5,1.0,1.5,0.3333333333333333,0.16666666666666666,0.8333333333333334,1.8333333333333333,6,0.16666666666666666,0.3333333333333333,0.5,0.5,1.0,1.5,0.3333333333333333,0.16666666666666666,0.8333333333333334,1.8333333333333333,5,0.2,0.4,0.4,0.6,0.8,1.4,0.4,0.2,1.0,1.6,52186,Premier League 23/24
2023-10-21,11:00,Nottingham Forest,Luton Town,11352665,osxb,0,0.0,0.0,0.0,0.0,0.0,0.0,0.0,0.0,0.0,0.0,0,0.0,0.0,0.0,0.0,0.0,0.0,0.0,0.0,0.0,0.0,0,0.0,0.0,0.0,0.0,0.0,0.0,0.0,0.0,0.0,0.0,52186,Premier League 23/24
2023-10-21,13:30,Chelsea,Arsenal,11352661,NR,62,0.3225806451612903,0.25806451612903225,0.41935483870967744,1.3225806451612903,1.3548387096774193,2.6774193548387095,0.532258064516129,0.5161290322580645,1.2258064516129032,1.5161290322580645,10,0.3,0.1,0.6,1.3,1.9,3.2,0.6,0.6,1.0,1.9,5,0.2,0.0,0.8,1.0,1.8,2.8,0.4,0.4,0.6,2.4,52186,Premier League 23/24
2023-10-21,16:00,Sheffield United,Manchester Utd,11352666,psK,10,0.2,0.1,0.7,1.1,2.3,3.4,0.6,0.9,0.7,2.2,10,0.2,0.1,0.7,1.1,2.3,3.4,0.6,0.9,0.7,2.2,5,0.2,0.2,0.6,1.4,2.4,3.8,0.6,0.8,0.8,2.0,52186,Premier League 23/24
2023-10-22,12:30,Aston Villa,West Ham United,11352658,MP,48,0.2708333333333333,0.4583333333333333,0.2708333333333333,1.0833333333333333,1.0833333333333333,2.1666666666666665,0.5416666666666666,0.375,1.2708333333333333,1.2708333333333333,10,0.0,0.4,0.6,0.7,1.7,2.4,0.7,0.4,0.4,2.2,5,0.0,0.2,0.8,0.8,2.2,3.0,0.8,0.6,0.2,2.6,52186,Premier League 23/24
2023-10-23,16:00,Tottenham Hotspur,Fulham,11352667,IsT,32,0.5625,0.1875,0.25,1.5625,0.875,2.4375,0.4375,0.46875,1.875,0.9375,10,0.8,0.1,0.1,1.8,0.7,2.5,0.6,0.6,2.5,0.4,5,0.8,0.2,0.0,1.4,0.6,2.0,0.6,0.4,2.6,0.2,52186,Premier League 23/24
2023-10-27,16:00,Crystal Palace,Tottenham Hotspur,11352673,hI,28,0.14285714285714285,0.25,0.6071428571428571,0.6428571428571429,1.5357142857142858,2.1785714285714284,0.35714285714285715,0.35714285714285715,0.6785714285714286,2.0714285714285716,10,0.1,0.2,0.7,0.6,2.1,2.7,0.3,0.5,0.5,2.3,5,0.2,0.0,0.8,0.8,2.4,3.2,0.2,0.8,0.6,2.4,52186,Premier League 23/24
2023-10-28,08:30,Chelsea,Brentford,11352672,Nsab,4,0.25,0.25,0.5,0.5,1.5,2.0,0.25,0.25,1.0,1.75,4,0.25,0.25,0.5,0.5,1.5,2.0,0.25,0.25,1.0,1.75,4,0.25,0.25,0.5,0.5,1.5,2.0,0.25,0.25,1.0,1.75,52186,Premier League 23/24
2023-10-28,11:00,Arsenal,Sheffield United,11352669,psR,10,0.4,0.4,0.2,1.5,0.7,2.2,0.5,0.4,1.6,1.0,10,0.4,0.4,0.2,1.5,0.7,2.2,0.5,0.4,1.6,1.0,5,0.4,0.2,0.4,1.2,0.8,2.0,0.4,0.4,1.4,1.4,52186,Premier League 23/24
2023-10-28,11:00,Bournemouth,Burnley,11352668,gskb,8,0.25,0.0,0.75,1.0,2.25,3.25,0.625,0.875,0.75,2.25,8,0.25,0.0,0.75,1.0,2.25,3.25,0.625,0.875,0.75,2.25,5,0.2,0.0,0.8,0.6,2.4,3.0,0.4,0.8,0.6,2.4,52186,Premier League 23/24
2023-10-28,13:30,Wolves,Newcastle United,11352677,dsO,16,0.125,0.625,0.25,1.125,1.375,2.5,0.9375,0.375,1.0,1.375,10,0.2,0.6,0.2,1.1,1.1,2.2,0.9,0.3,1.2,1.2,5,0.2,0.4,0.4,1.0,1.2,2.2,0.8,0.4,1.0,1.6,52186,Premier League 23/24
2023-10-29,10:00,West Ham United,Everton,11352676,MY,54,0.2222222222222222,0.25925925925925924,0.5185185185185185,0.9074074074074074,1.6481481481481481,2.5555555555555554,0.48148148148148145,0.46296296296296297,0.9259259259259259,1.8148148148148149,10,0.5,0.1,0.4,1.0,0.9,1.9,0.3,0.2,1.6,1.3,5,0.6,0.0,0.4,1.0,0.6,1.6,0.2,0.2,1.8,1.2,52186,Premier League 23/24
2023-10-29,11:00,Liverpool,Nottingham Forest,11352674,osU,0,0.0,0.0,0.0,0.0,0.0,0.0,0.0,0.0,0.0,0.0,0,0.0,0.0,0.0,0.0,0.0,0.0,0.0,0.0,0.0,0.0,0,0.0,0.0,0.0,0.0,0.0,0.0,0.0,0.0,0.0,0.0,52186,Premier League 23/24
2023-10-29,11:00,Brighton,Fulham,11352671,FsT,6,0.0,0.5,0.5,0.8333333333333334,1.5,2.3333333333333335,0.5,0.5,0.5,2.0,6,0.0,0.5,0.5,0.8333333333333334,1.5,2.3333333333333335,0.5,0.5,0.5,2.0,5,0.0,0.4,0.6,0.6,1.4,2.0,0.4,0.4,0.4,2.2,52186,Premier League 23/24
2023-10-29,11:00,Aston Villa,Luton Town,11352670,Psxb,0,0.0,0.0,0.0,0.0,0.0,0.0,0.0,0.0,0.0,0.0,0,0.0,0.0,0.0,0.0,0.0,0.0,0.0,0.0,0.0,0.0,0,0.0,0.0,0.0,0.0,0.0,0.0,0.0,0.0,0.0,0.0,52186,Premier League 23/24
2023-10-29,12:30,Manchester Utd,Manchester City,11352675,rK,52,0.46153846153846156,0.19230769230769232,0.34615384615384615,1.4423076923076923,1.4230769230769231,2.8653846153846154,0.5384615384615384,0.5192307692307693,1.5769230769230769,1.2307692307692308,10,0.4,0.1,0.5,1.3,1.9,3.2,0.5,0.5,1.3,1.6,5,0.4,0.0,0.6,1.6,2.6,4.2,0.6,0.6,1.2,1.8,52186,Premier League 23/24
2023-11-04,09:30,Fulham,Manchester Utd,11352307,KsT,32,0.09375,0.1875,0.71875,1.03125,2.25,3.28125,0.59375,0.6875,0.46875,2.34375,10,0.0,0.2,0.8,1.0,2.3,3.3,0.8,0.8,0.2,2.6,5,0.0,0.2,0.8,0.8,2.0,2.8,0.8,0.8,0.2,2.6,52186,Premier League 23/24
2023-11-04,12:00,Manchester City,Bournemouth,11352312,rkb,12,1.0,0.0,0.0,3.1666666666666665,0.5,3.6666666666666665,0.5,0.8333333333333334,3.0,0.0,10,1.0,0.0,0.0,2.9,0.5,3.4,0.5,0.8,3.0,0.0,5,1.0,0.0,0.0,2.8,0.6,3.4,0.6,0.8,3.0,0.0,52186,Premier League 23/24
2023-11-04,12:00,Everton,Brighton,11352306,FsY,12,0.5,0.16666666666666666,0.3333333333333333,1.9166666666666667,1.3333333333333333,3.25,0.5833333333333334,0.5,1.6666666666666667,1.1666666666666667,10,0.5,0.1,0.4,2.0,1.5,3.5,0.6,0.6,1.6,1.3,5,0.4,0.2,0.4,2.0,1.6,3.6,0.6,0.6,1.4,1.4,52186,Premier League 23/24
2023-11-04,12:00,Brentford,West Ham United,11352304,Msab,4,1.0,0.0,0.0,2.0,0.25,2.25,0.25,0.25,3.0,0.0,4,1.0,0.0,0.0,2.0,0.25,2.25,0.25,0.25,3.0,0.0,4,1.0,0.0,0.0,2.0,0.25,2.25,0.25,0.25,3.0,0.0,52186,Premier League 23/24
2023-11-04,12:00,Sheffield United,Wolves,11352320,dsp,4,0.25,0.25,0.5,0.5,1.0,1.5,0.25,0.0,1.0,1.75,4,0.25,0.25,0.5,0.5,1.0,1.5,0.25,0.0,1.0,1.75,4,0.25,0.25,0.5,0.5,1.0,1.5,0.25,0.0,1.0,1.75,52186,Premier League 23/24
2023-11-04,12:00,Burnley,Crystal Palace,11352305,gsh,14,0.42857142857142855,0.21428571428571427,0.35714285714285715,1.2857142857142858,1.2142857142857142,2.5,0.35714285714285715,0.35714285714285715,1.5,1.2857142857142858,10,0.4,0.2,0.4,1.1,1.2,2.3,0.3,0.3,1.4,1.4,5,0.6,0.4,0.0,1.8,0.8,2.6,0.4,0.4,2.2,0.4,52186,Premier League 23/24
2023-11-04,14:30,Newcastle United,Arsenal,11352314,Ardc,56,0.19642857142857142,0.21428571428571427,0.5892857142857143,0.75,1.6071428571428572,2.357142857142857,0.3392857142857143,0.375,0.8035714285714286,1.9821428571428572,10,0.1,0.1,0.8,0.3,1.8,2.1,0.1,0.3,0.4,2.5,5,0.2,0.2,0.6,0.4,1.2,1.6,0.0,0.0,0.8,2.0,52186,Premier League 23/24
2023-11-05,11:00,Nottingham Forest,Aston Villa,11352317,osP,12,0.08333333333333333,0.4166666666666667,0.5,0.75,1.3333333333333333,2.0833333333333335,0.5,0.25,0.6666666666666666,1.9166666666666667,10,0.1,0.5,0.4,0.8,1.3,2.1,0.5,0.2,0.8,1.7,5,0.0,0.6,0.4,0.6,1.4,2.0,0.4,0.2,0.6,1.8,52186,Premier League 23/24
2023-11-05,13:30,Luton Town,Liverpool,11352310,Usxb,0,0.0,0.0,0.0,0.0,0.0,0.0,0.0,0.0,0.0,0.0,0,0.0,0.0,0.0,0.0,0.0,0.0,0.0,0.0,0.0,0.0,0,0.0,0.0,0.0,0.0,0.0,0.0,0.0,0.0,0.0,0.0,52186,Premier League 23/24
2023-11-06,17:00,Tottenham Hotspur,Chelsea,11352323,IN,62,0.12903225806451613,0.3225806451612903,0.5483870967741935,0.9193548387096774,1.7580645161290323,2.6774193548387095,0.5,0.4838709677419355,0.7096774193548387,1.967741935483871,10,0.2,0.2,0.6,0.8,1.5,2.3,0.3,0.4,0.8,2.0,5,0.2,0.2,0.6,0.8,1.6,2.4,0.2,0.4,0.8,2.0,52186,Premier League 23/24
2023-11-11,09:30,Wolves,Tottenham Hotspur,11352349,dsI,18,0.3333333333333333,0.16666666666666666,0.5,1.2222222222222223,1.6111111111111112,2.8333333333333335,0.5,0.3888888888888889,1.1666666666666667,1.6666666666666667,10,0.4,0.1,0.5,1.3,1.3,2.6,0.5,0.4,1.3,1.6,5,0.4,0.0,0.6,0.6,0.8,1.4,0.0,0.0,1.2,1.8,52186,Premier League 23/24
2023-11-11,12:00,Manchester Utd,Luton Town,11352341,Ksxb,0,0.0,0.0,0.0,0.0,0.0,0.0,0.0,0.0,0.0,0.0,0,0.0,0.0,0.0,0.0,0.0,0.0,0.0,0.0,0.0,0.0,0,0.0,0.0,0.0,0.0,0.0,0.0,0.0,0.0,0.0,0.0,52186,Premier League 23/24
2023-11-11,12:00,Arsenal,Burnley,11352353,gsR,16,0.75,0.1875,0.0625,1.6875,0.4375,2.125,0.375,0.4375,2.4375,0.375,10,0.6,0.3,0.1,1.6,0.5,2.1,0.4,0.4,2.1,0.6,5,0.2,0.6,0.2,0.4,0.4,0.8,0.2,0.0,1.2,1.2,52186,Premier League 23/24
2023-11-11,12:00,Crystal Palace,Everton,11352335,hY,28,0.21428571428571427,0.32142857142857145,0.4642857142857143,0.9642857142857143,1.5714285714285714,2.5357142857142856,0.5357142857142857,0.5,0.9642857142857143,1.7142857142857142,10,0.1,0.4,0.5,0.8,1.5,2.3,0.5,0.5,0.7,1.9,5,0.2,0.4,0.4,1.2,1.6,2.8,0.6,0.6,1.0,1.6,52186,Premier League 23/24
2023-11-11,14:30,Bournemouth,Newcastle United,11352350,Okb,10,0.2,0.4,0.4,1.3,1.6,2.9,0.8,0.6,1.0,1.6,10,0.2,0.4,0.4,1.3,1.6,2.9,0.8,0.6,1.0,1.6,5,0.0,0.6,0.4,1.2,2.0,3.2,1.0,0.6,0.6,1.8,52186,Premier League 23/24
2023-11-12,11:00,Liverpool,Brentford,11352339,Usab,0,0.0,0.0,0.0,0.0,0.0,0.0,0.0,0.0,0.0,0.0,0,0.0,0.0,0.0,0.0,0.0,0.0,0.0,0.0,0.0,0.0,0,0.0,0.0,0.0,0.0,0.0,0.0,0.0,0.0,0.0,0.0,52186,Premier League 23/24
2023-11-12,11:00,Aston Villa,Fulham,11352326,PsT,30,0.4,0.36666666666666664,0.23333333333333334,1.3333333333333333,0.9666666666666667,2.3,0.5,0.43333333333333335,1.5666666666666667,1.0666666666666667,10,0.4,0.2,0.4,1.0,1.0,2.0,0.3,0.4,1.4,1.4,5,0.6,0.0,0.4,1.6,1.2,2.8,0.4,0.8,1.8,1.2,52186,Premier League 23/24
2023-11-12,11:00,West Ham United,Nottingham Forest,11352345,osM,10,0.6,0.2,0.2,1.4,0.5,1.9,0.3,0.3,2.0,0.8,10,0.6,0.2,0.2,1.4,0.5,1.9,0.3,0.3,2.0,0.8,5,0.4,0.2,0.4,1.2,0.6,1.8,0.2,0.4,1.4,1.4,52186,Premier League 23/24
2023-11-12,11:00,Brighton,Sheffield United,11352329,psF,4,0.0,0.5,0.5,0.5,1.0,1.5,0.5,0.0,0.5,2.0,4,0.0,0.5,0.5,0.5,1.0,1.5,0.5,0.0,0.5,2.0,4,0.0,0.5,0.5,0.5,1.0,1.5,0.5,0.0,0.5,2.0,52186,Premier League 23/24
2023-11-12,13:30,Chelsea,Manchester City,11352332,rN,52,0.4807692307692308,0.19230769230769232,0.3269230769230769,1.3076923076923077,1.0192307692307692,2.326923076923077,0.38461538461538464,0.46153846153846156,1.6346153846153846,1.1730769230769231,10,0.3,0.0,0.7,0.8,1.7,2.5,0.4,0.5,0.9,2.1,5,0.2,0.0,0.8,0.4,1.0,1.4,0.2,0.2,0.6,2.4,52186,Premier League 23/24
2023-11-25,09:30,Manchester City,Liverpool,11352373,rU,0,0.0,0.0,0.0,0.0,0.0,0.0,0.0,0.0,0.0,0.0,0,0.0,0.0,0.0,0.0,0.0,0.0,0.0,0.0,0.0,0.0,0,0.0,0.0,0.0,0.0,0.0,0.0,0.0,0.0,0.0,0.0,52186,Premier League 23/24
2023-11-25,12:00,Newcastle United,Chelsea,11352375,NO,56,0.26785714285714285,0.23214285714285715,0.5,0.875,1.4464285714285714,2.3214285714285716,0.39285714285714285,0.42857142857142855,1.0357142857142858,1.7321428571428572,10,0.2,0.1,0.7,0.5,1.4,1.9,0.3,0.3,0.7,2.2,5,0.2,0.2,0.6,0.4,1.4,1.8,0.2,0.2,0.8,2.0,52186,Premier League 23/24
2023-11-25,12:00,Burnley,West Ham United,11352360,gsM,16,0.3125,0.1875,0.5,1.3125,1.375,2.6875,0.5,0.5,1.125,1.6875,10,0.4,0.3,0.3,1.4,0.9,2.3,0.4,0.4,1.5,1.2,5,0.2,0.4,0.4,0.6,0.8,1.4,0.4,0.2,1.0,1.6,52186,Premier League 23/24
2023-11-25,12:00,Nottingham Forest,Brighton,11352379,osF,2,0.5,0.5,0.0,1.5,0.5,2.0,0.5,0.5,2.0,0.5,2,0.5,0.5,0.0,1.5,0.5,2.0,0.5,0.5,2.0,0.5,2,0.5,0.5,0.0,1.5,0.5,2.0,0.5,0.5,2.0,0.5,52186,Premier League 23/24
2023-11-25,12:00,Luton Town,Crystal Palace,11352370,hsxb,0,0.0,0.0,0.0,0.0,0.0,0.0,0.0,0.0,0.0,0.0,0,0.0,0.0,0.0,0.0,0.0,0.0,0.0,0.0,0.0,0.0,0,0.0,0.0,0.0,0.0,0.0,0.0,0.0,0.0,0.0,0.0,52186,Premier League 23/24
2023-11-25,12:00,Sheffield United,Bournemouth,11352382,pskb,2,0.5,0.5,0.0,1.5,1.0,2.5,1.0,0.5,2.0,0.5,2,0.5,0.5,0.0,1.5,1.0,2.5,1.0,0.5,2.0,0.5,2,0.5,0.5,0.0,1.5,1.0,2.5,1.0,0.5,2.0,0.5,52186,Premier League 23/24
2023-11-25,14:30,Brentford,Arsenal,11352356,Rsab,4,0.25,0.25,0.5,1.0,1.5,2.5,0.5,0.5,1.0,1.75,4,0.25,0.25,0.5,1.0,1.5,2.5,0.5,0.5,1.0,1.75,4,0.25,0.25,0.5,1.0,1.5,2.5,0.5,0.5,1.0,1.75,52186,Premier League 23/24
2023-11-26,11:00,Tottenham Hotspur,Aston Villa,11352385,IP,56,0.44642857142857145,0.25,0.30357142857142855,1.4285714285714286,1.0535714285714286,2.482142857142857,0.5,0.44642857142857145,1.5892857142857142,1.1607142857142858,10,0.7,0.0,0.3,2.1,1.1,3.2,0.6,0.7,2.1,0.9,5,0.4,0.0,0.6,1.6,1.4,3.0,0.6,0.8,1.2,1.8,52186,Premier League 23/24
2023-11-26,13:30,Everton,Manchester Utd,11352363,KsY,62,0.16129032258064516,0.25806451612903225,0.5806451612903226,0.967741935483871,1.7580645161290323,2.725806451612903,0.45161290322580644,0.41935483870967744,0.7419354838709677,2.0,10,0.2,0.4,0.4,1.4,1.5,2.9,0.7,0.5,1.0,1.6,5,0.2,0.4,0.4,1.2,1.6,2.8,0.6,0.4,1.0,1.6,52186,Premier League 23/24
2023-11-27,17:00,Fulham,Wolves,11352366,dsT,14,0.14285714285714285,0.42857142857142855,0.42857142857142855,0.7857142857142857,0.9285714285714286,1.7142857142857142,0.35714285714285715,0.21428571428571427,0.8571428571428571,1.7142857142857142,10,0.2,0.4,0.4,1.0,0.9,1.9,0.4,0.2,1.0,1.6,5,0.0,0.4,0.6,0.2,0.8,1.0,0.2,0.0,0.4,2.2,52186,Premier League 23/24
2023-12-02,12:00,Arsenal,Wolves,11352391,dsR,18,0.6666666666666666,0.16666666666666666,0.16666666666666666,2.0,0.7222222222222222,2.7222222222222223,0.5,0.5,2.1666666666666665,0.6666666666666666,10,0.5,0.2,0.3,1.7,1.0,2.7,0.6,0.5,1.7,1.1,5,0.8,0.0,0.2,2.2,0.6,2.8,0.4,0.6,2.4,0.6,52186,Premier League 23/24
2023-12-02,12:00,Brentford,Luton Town,11352393,absxb,0,0.0,0.0,0.0,0.0,0.0,0.0,0.0,0.0,0.0,0.0,0,0.0,0.0,0.0,0.0,0.0,0.0,0.0,0.0,0.0,0.0,0,0.0,0.0,0.0,0.0,0.0,0.0,0.0,0.0,0.0,0.0,52186,Premier League 23/24
2023-12-02,12:00,Burnley,Sheffield United,11352396,gsp,4,0.25,0.25,0.5,0.5,1.25,1.75,0.25,0.25,1.0,1.75,4,0.25,0.25,0.5,0.5,1.25,1.75,0.25,0.25,1.0,1.75,4,0.25,0.25,0.5,0.5,1.25,1.75,0.25,0.25,1.0,1.75,52186,Premier League 23/24
2023-12-02,14:30,Nottingham Forest,Everton,11352411,osY,12,0.3333333333333333,0.16666666666666666,0.5,0.9166666666666666,1.5833333333333333,2.5,0.4166666666666667,0.5,1.1666666666666667,1.6666666666666667,10,0.4,0.2,0.4,1.1,1.5,2.6,0.5,0.5,1.4,1.4,5,0.2,0.4,0.4,0.8,1.4,2.2,0.4,0.2,1.0,1.6,52186,Premier League 23/24
2023-12-02,17:00,Newcastle United,Manchester Utd,11352408,DYBe,56,0.14285714285714285,0.26785714285714285,0.5892857142857143,1.0,2.017857142857143,3.017857142857143,0.5,0.5,0.6964285714285714,2.0357142857142856,10,0.2,0.2,0.6,1.0,2.1,3.1,0.6,0.5,0.8,2.0,5,0.2,0.4,0.4,1.0,1.6,2.6,0.6,0.4,1.0,1.6,52186,Premier League 23/24
2023-12-03,11:00,Liverpool,Fulham,11352404,TsU,0,0.0,0.0,0.0,0.0,0.0,0.0,0.0,0.0,0.0,0.0,0,0.0,0.0,0.0,0.0,0.0,0.0,0.0,0.0,0.0,0.0,0,0.0,0.0,0.0,0.0,0.0,0.0,0.0,0.0,0.0,0.0,52186,Premier League 23/24
2023-12-03,11:00,Chelsea,Brighton,11352400,FsN,12,0.5,0.3333333333333333,0.16666666666666666,1.75,0.9166666666666666,2.6666666666666665,0.5833333333333334,0.5,1.8333333333333333,0.8333333333333334,10,0.4,0.4,0.2,1.5,1.1,2.6,0.7,0.5,1.6,1.0,5,0.0,0.6,0.4,0.8,1.6,2.4,0.8,0.4,0.6,1.8,52186,Premier League 23/24
2023-12-03,11:00,West Ham United,Crystal Palace,11352414,hsM,24,0.375,0.2916666666666667,0.3333333333333333,1.7916666666666667,1.5416666666666667,3.3333333333333335,0.75,0.6666666666666666,1.4166666666666667,1.2916666666666667,10,0.3,0.3,0.4,1.9,2.0,3.9,1.0,0.8,1.2,1.5,5,0.4,0.2,0.4,2.4,2.4,4.8,1.0,1.0,1.4,1.4,52186,Premier League 23/24
2023-12-03,11:00,Bournemouth,Aston Villa,11352388,Pkb,6,0.6666666666666666,0.0,0.3333333333333333,1.3333333333333333,1.1666666666666667,2.5,0.5,0.6666666666666666,2.0,1.0,6,0.6666666666666666,0.0,0.3333333333333333,1.3333333333333333,1.1666666666666667,2.5,0.5,0.6666666666666666,2.0,1.0,5,0.8,0.0,0.2,1.6,1.2,2.8,0.6,0.8,2.4,0.6,52186,Premier League 23/24
2023-12-03,13:30,Manchester City,Tottenham Hotspur,11352405,rI,52,0.3076923076923077,0.17307692307692307,0.5192307692307693,1.4038461538461537,1.4038461538461537,2.8076923076923075,0.5384615384615384,0.5384615384615384,1.0961538461538463,1.7307692307692308,10,0.4,0.1,0.5,1.3,1.3,2.6,0.3,0.4,1.3,1.6,5,0.4,0.0,0.6,1.8,1.4,3.2,0.4,0.6,1.2,1.8,52186,Premier League 23/24
2023-12-05,16:30,Wolves,Burnley,11352440,dsg,10,0.3,0.3,0.4,0.8,1.2,2.0,0.4,0.3,1.2,1.5,10,0.3,0.3,0.4,0.8,1.2,2.0,0.4,0.3,1.2,1.5,5,0.0,0.4,0.6,0.4,1.6,2.0,0.4,0.4,0.4,2.2,52186,Premier League 23/24
2023-12-05,17:15,Luton Town,Arsenal,11352430,Rsxb,0,0.0,0.0,0.0,0.0,0.0,0.0,0.0,0.0,0.0,0.0,0,0.0,0.0,0.0,0.0,0.0,0.0,0.0,0.0,0.0,0.0,0,0.0,0.0,0.0,0.0,0.0,0.0,0.0,0.0,0.0,0.0,52186,Premier League 23/24
2023-12-06,16:30,Sheffield United,Liverpool FC,11352433,psU,10,0.3,0.1,0.6,0.6,1.4,2.0,0.3,0.4,1.0,1.9,10,0.3,0.1,0.6,0.6,1.4,2.0,0.3,0.4,1.0,1.9,5,0.0,0.0,1.0,0.2,2.2,2.4,0.2,0.4,0.0,3.0,52186,Premier League 23/24
2023-12-06,16:30,Brighton,Brentford,11352421,Fsab,4,0.5,0.25,0.25,1.5,1.25,2.75,0.25,0.25,1.75,1.0,4,0.5,0.25,0.25,1.5,1.25,2.75,0.25,0.25,1.75,1.0,4,0.5,0.25,0.25,1.5,1.25,2.75,0.25,0.25,1.75,1.0,52186,Premier League 23/24
2023-12-06,16:30,Fulham,Nottingham Forest,11352426,osT,2,1.0,0.0,0.0,2.5,1.0,3.5,0.5,0.5,3.0,0.0,2,1.0,0.0,0.0,2.5,1.0,3.5,0.5,0.5,3.0,0.0,2,1.0,0.0,0.0,2.5,1.0,3.5,0.5,0.5,3.0,0.0,52186,Premier League 23/24
2023-12-06,16:30,Crystal Palace,Bournemouth,11352442,hkb,12,0.5,0.3333333333333333,0.16666666666666666,1.75,1.0,2.75,0.5,0.4166666666666667,1.8333333333333333,0.8333333333333334,10,0.6,0.3,0.1,2.0,1.0,3.0,0.5,0.4,2.1,0.6,5,1.0,0.0,0.0,2.4,0.6,3.0,0.2,0.2,3.0,0.0,52186,Premier League 23/24
2023-12-06,17:15,Manchester Utd,Chelsea,11352445,mcYb,62,0.2903225806451613,0.46774193548387094,0.24193548387096775,1.2580645161290323,1.1612903225806452,2.4193548387096775,0.5483870967741935,0.41935483870967744,1.3387096774193548,1.1935483870967742,10,0.3,0.7,0.0,1.6,0.7,2.3,0.6,0.3,1.6,0.7,5,0.2,0.8,0.0,1.4,0.8,2.2,0.8,0.2,1.4,0.8,52186,Premier League 23/24
2023-12-06,17:15,Aston Villa,Manchester City,11352417,rP,46,0.15217391304347827,0.21739130434782608,0.6304347826086957,0.9130434782608695,2.0217391304347827,2.9347826086956523,0.5434782608695652,0.5434782608695652,0.6739130434782609,2.108695652173913,10,0.0,0.2,0.8,0.7,2.6,3.3,0.6,0.7,0.2,2.6,5,0.0,0.2,0.8,1.2,2.2,3.4,1.0,0.8,0.2,2.6,52186,Premier League 23/24
2023-12-07,16:30,Everton,Newcastle United,11352424,OY,56,0.35714285714285715,0.21428571428571427,0.42857142857142855,1.2678571428571428,1.375,2.642857142857143,0.5178571428571429,0.48214285714285715,1.2857142857142858,1.5,10,0.2,0.2,0.6,1.1,1.9,3.0,0.7,0.6,0.8,2.0,5,0.2,0.0,0.8,0.6,2.0,2.6,0.4,0.4,0.6,2.4,52186,Premier League 23/24
2023-12-07,17:15,Tottenham Hotspur,West Ham United,11777279,IM,54,0.48148148148148145,0.2222222222222222,0.2962962962962963,1.462962962962963,1.1481481481481481,2.611111111111111,0.5185185185185185,0.4444444444444444,1.6666666666666667,1.1111111111111112,10,0.5,0.2,0.3,1.6,1.1,2.7,0.5,0.4,1.7,1.1,5,0.4,0.2,0.4,1.4,1.0,2.4,0.6,0.4,1.4,1.4,52186,Premier League 23/24
2023-12-09,09:30,Crystal Palace,Liverpool FC,11352455,hsU,28,0.17857142857142858,0.21428571428571427,0.6071428571428571,1.0714285714285714,2.357142857142857,3.4285714285714284,0.6071428571428571,0.7142857142857143,0.75,2.0357142857142856,10,0.0,0.2,0.8,0.6,2.8,3.4,0.4,0.6,0.2,2.6,5,0.0,0.4,0.6,0.4,1.8,2.2,0.4,0.4,0.4,2.2,52186,Premier League 23/24
2023-12-09,12:00,Manchester Utd,Bournemouth,11352468,Kkb,12,0.75,0.08333333333333333,0.16666666666666666,2.1666666666666665,0.8333333333333334,3.0,0.5833333333333334,0.5833333333333334,2.3333333333333335,0.5833333333333334,10,0.8,0.1,0.1,2.2,0.7,2.9,0.5,0.5,2.5,0.4,5,0.8,0.0,0.2,2.6,0.8,3.4,0.4,0.6,2.4,0.6,52186,Premier League 23/24
2023-12-09,12:00,Brighton,Burnley,11352452,gsF,10,0.2,0.5,0.3,0.7,1.1,1.8,0.5,0.4,1.1,1.4,10,0.2,0.5,0.3,0.7,1.1,1.8,0.5,0.4,1.1,1.4,5,0.4,0.4,0.2,1.0,1.2,2.2,0.6,0.6,1.6,1.0,52186,Premier League 23/24
2023-12-09,12:00,Wolves,Nottingham Forest,11352477,dso,2,0.5,0.5,0.0,1.0,0.5,1.5,0.5,0.0,2.0,0.5,2,0.5,0.5,0.0,1.0,0.5,1.5,0.5,0.0,2.0,0.5,2,0.5,0.5,0.0,1.0,0.5,1.5,0.5,0.0,2.0,0.5,52186,Premier League 23/24
2023-12-09,12:00,Sheffield United,Brentford,11352471,psab,0,0.0,0.0,0.0,0.0,0.0,0.0,0.0,0.0,0.0,0.0,0,0.0,0.0,0.0,0.0,0.0,0.0,0.0,0.0,0.0,0.0,0,0.0,0.0,0.0,0.0,0.0,0.0,0.0,0.0,0.0,0.0,52186,Premier League 23/24
2023-12-09,14:30,Aston Villa,Arsenal,11352449,PR,56,0.16071428571428573,0.2857142857142857,0.5535714285714286,0.875,1.7142857142857142,2.5892857142857144,0.5,0.5535714285714286,0.7678571428571429,1.9464285714285714,10,0.3,0.0,0.7,1.1,1.9,3.0,0.4,0.6,0.9,2.1,5,0.2,0.0,0.8,1.0,2.0,3.0,0.6,0.6,0.6,2.4,52186,Premier League 23/24
2023-12-10,11:00,Luton Town,Manchester City,11352464,rsxb,0,0.0,0.0,0.0,0.0,0.0,0.0,0.0,0.0,0.0,0.0,0,0.0,0.0,0.0,0.0,0.0,0.0,0.0,0.0,0.0,0.0,0,0.0,0.0,0.0,0.0,0.0,0.0,0.0,0.0,0.0,0.0,52186,Premier League 23/24
2023-12-10,11:00,Everton,Chelsea,11352459,BQy,62,0.20967741935483872,0.3387096774193548,0.45161290322580644,1.0,1.5,2.5,0.4838709677419355,0.45161290322580644,0.967741935483871,1.6935483870967742,10,0.4,0.3,0.3,1.0,1.1,2.1,0.3,0.3,1.5,1.2,5,0.2,0.4,0.4,0.8,1.2,2.0,0.4,0.2,1.0,1.6,52186,Premier League 23/24
2023-12-10,11:00,Fulham,West Ham United,11352461,MsT,26,0.19230769230769232,0.23076923076923078,0.5769230769230769,0.9230769230769231,1.6153846153846154,2.5384615384615383,0.5,0.5384615384615384,0.8076923076923077,1.9615384615384615,10,0.2,0.1,0.7,0.7,1.8,2.5,0.4,0.6,0.7,2.2,5,0.0,0.2,0.8,0.4,1.6,2.0,0.4,0.4,0.2,2.6,52186,Premier League 23/24
2023-12-10,13:30,Tottenham Hotspur,Newcastle United,11352473,IO,56,0.42857142857142855,0.14285714285714285,0.42857142857142855,1.5714285714285714,1.5714285714285714,3.142857142857143,0.625,0.5892857142857143,1.4285714285714286,1.4285714285714286,10,0.5,0.2,0.3,1.9,1.7,3.6,0.8,0.7,1.7,1.1,5,0.4,0.2,0.4,2.4,2.6,5.0,1.0,1.0,1.4,1.4,52186,Premier League 23/24
2023-12-15,17:00,Nottingham Forest,Tottenham Hotspur,11352505,osI,12,0.5,0.08333333333333333,0.4166666666666667,1.3333333333333333,1.3333333333333333,2.6666666666666665,0.5833333333333334,0.5833333333333334,1.5833333333333333,1.3333333333333333,10,0.5,0.1,0.4,1.3,1.3,2.6,0.5,0.5,1.6,1.3,5,0.2,0.0,0.8,0.4,1.6,2.0,0.2,0.2,0.6,2.4,52186,Premier League 23/24
2023-12-16,12:00,Manchester City,Crystal Palace,11352498,hr,26,0.6153846153846154,0.23076923076923078,0.15384615384615385,1.9230769230769231,0.6538461538461539,2.576923076923077,0.34615384615384615,0.5,2.076923076923077,0.6923076923076923,10,0.6,0.2,0.2,2.0,1.0,3.0,0.4,0.5,2.0,0.8,5,0.6,0.2,0.2,1.4,0.8,2.2,0.2,0.2,2.0,0.8,52186,Premier League 23/24
2023-12-16,12:00,Chelsea,Sheffield United,11352492,psN,10,0.5,0.1,0.4,1.9,1.6,3.5,0.6,0.8,1.6,1.3,10,0.5,0.1,0.4,1.9,1.6,3.5,0.6,0.8,1.6,1.3,5,0.6,0.2,0.2,2.2,1.4,3.6,0.6,1.0,2.0,0.8,52186,Premier League 23/24
2023-12-16,12:00,Newcastle United,Fulham,11352501,OsT,30,0.4,0.23333333333333334,0.36666666666666664,1.3333333333333333,1.1333333333333333,2.466666666666667,0.5333333333333333,0.43333333333333335,1.4333333333333333,1.3333333333333333,10,0.6,0.2,0.2,1.5,0.5,2.0,0.3,0.3,2.0,0.8,5,0.8,0.2,0.0,2.4,0.4,2.8,0.4,0.4,2.6,0.2,52186,Premier League 23/24
2023-12-16,14:30,Burnley,Everton,11352489,gsY,16,0.4375,0.0625,0.5,1.0625,1.625,2.6875,0.5625,0.5,1.375,1.5625,10,0.5,0.1,0.4,1.2,1.6,2.8,0.6,0.5,1.6,1.3,5,0.4,0.2,0.4,1.4,1.6,3.0,0.8,0.6,1.4,1.4,52186,Premier League 23/24
2023-12-17,11:00,Arsenal,Brighton,11352483,FsR,12,0.3333333333333333,0.25,0.4166666666666667,1.25,1.25,2.5,0.5833333333333334,0.5,1.25,1.5,10,0.3,0.3,0.4,1.2,1.3,2.5,0.6,0.5,1.2,1.5,5,0.4,0.2,0.4,1.4,1.4,2.8,0.4,0.6,1.4,1.4,52186,Premier League 23/24
2023-12-17,11:00,Brentford,Aston Villa,11352487,Psab,4,0.25,0.5,0.25,1.0,1.75,2.75,0.75,0.5,1.25,1.25,4,0.25,0.5,0.25,1.0,1.75,2.75,0.75,0.5,1.25,1.25,4,0.25,0.5,0.25,1.0,1.75,2.75,0.75,0.5,1.25,1.25,52186,Premier League 23/24
2023-12-17,11:00,West Ham United,Wolves,11352508,dsM,14,0.42857142857142855,0.0,0.5714285714285714,1.0714285714285714,1.1428571428571428,2.2142857142857144,0.14285714285714285,0.2857142857142857,1.2857142857142858,1.7142857142857142,10,0.4,0.0,0.6,1.0,1.2,2.2,0.1,0.3,1.2,1.8,5,0.6,0.0,0.4,1.2,0.8,2.0,0.2,0.2,1.8,1.2,52186,Premier League 23/24
2023-12-17,13:30,Liverpool FC,Manchester Utd,11352496,KU,62,0.3064516129032258,0.22580645161290322,0.46774193548387094,1.3387096774193548,1.2903225806451613,2.629032258064516,0.5,0.532258064516129,1.1451612903225807,1.6290322580645162,10,0.6,0.3,0.1,2.7,0.6,3.3,0.4,0.6,2.1,0.6,5,0.8,0.0,0.2,4.2,0.8,5.0,0.4,1.0,2.4,0.6,52186,Premier League 23/24
2023-12-21,17:00,Crystal Palace,Brighton,11352514,hsF,12,0.25,0.5,0.25,1.0833333333333333,1.1666666666666667,2.25,0.75,0.3333333333333333,1.25,1.25,10,0.2,0.5,0.3,1.0,1.2,2.2,0.8,0.3,1.1,1.4,5,0.2,0.6,0.2,1.0,1.0,2.0,0.8,0.2,1.2,1.2,52186,Premier League 23/24
2023-12-22,17:00,Aston Villa,Sheffield United,11352511,psP,10,0.6,0.2,0.2,1.4,0.7,2.1,0.3,0.4,2.0,0.8,10,0.6,0.2,0.2,1.4,0.7,2.1,0.3,0.4,2.0,0.8,5,0.4,0.2,0.4,0.8,0.6,1.4,0.0,0.2,1.4,1.4,52186,Premier League 23/24
2023-12-23,09:30,West Ham United,Manchester Utd,11352535,KM,54,0.14814814814814814,0.2222222222222222,0.6296296296296297,0.8518518518518519,1.8888888888888888,2.740740740740741,0.5185185185185185,0.5185185185185185,0.6666666666666666,2.111111111111111,10,0.3,0.1,0.6,1.0,1.2,2.2,0.5,0.4,1.0,1.9,5,0.2,0.0,0.8,0.4,1.0,1.4,0.2,0.2,0.6,2.4,52186,Premier League 23/24
2023-12-23,12:00,Tottenham Hotspur,Everton,11352531,UwXh,62,0.46774193548387094,0.3870967741935484,0.14516129032258066,1.564516129032258,0.9354838709677419,2.5,0.5161290322580645,0.45161290322580644,1.7903225806451613,0.8225806451612904,10,0.4,0.5,0.1,2.0,0.9,2.9,0.5,0.4,1.7,0.8,5,0.4,0.6,0.0,2.0,0.6,2.6,0.4,0.4,1.8,0.6,52186,Premier League 23/24
2023-12-23,12:00,Luton Town,Newcastle United,11352522,Osxb,0,0.0,0.0,0.0,0.0,0.0,0.0,0.0,0.0,0.0,0.0,0,0.0,0.0,0.0,0.0,0.0,0.0,0.0,0.0,0.0,0.0,0,0.0,0.0,0.0,0.0,0.0,0.0,0.0,0.0,0.0,0.0,52186,Premier League 23/24
2023-12-23,12:00,Fulham,Burnley,11352517,gsT,6,0.3333333333333333,0.3333333333333333,0.3333333333333333,1.6666666666666667,1.3333333333333333,3.0,0.6666666666666666,0.5,1.3333333333333333,1.3333333333333333,6,0.3333333333333333,0.3333333333333333,0.3333333333333333,1.6666666666666667,1.3333333333333333,3.0,0.6666666666666666,0.5,1.3333333333333333,1.3333333333333333,5,0.4,0.2,0.4,1.8,1.4,3.2,0.6,0.6,1.4,1.4,52186,Premier League 23/24
2023-12-23,12:00,Nottingham Forest,Bournemouth,11352528,oskb,2,0.0,0.5,0.5,1.5,2.0,3.5,1.0,0.5,0.5,2.0,2,0.0,0.5,0.5,1.5,2.0,3.5,1.0,0.5,0.5,2.0,2,0.0,0.5,0.5,1.5,2.0,3.5,1.0,0.5,0.5,2.0,52186,Premier League 23/24
2023-12-23,14:30,Liverpool FC,Arsenal,11352520,HQfh,62,0.3870967741935484,0.3387096774193548,0.27419354838709675,1.6774193548387097,1.2096774193548387,2.8870967741935485,0.532258064516129,0.5483870967741935,1.5,1.1612903225806452,10,0.6,0.2,0.2,2.6,1.1,3.7,0.7,0.8,2.0,0.8,5,0.6,0.2,0.2,2.6,1.0,3.6,0.4,0.8,2.0,0.8,52186,Premier League 23/24
2023-12-24,10:00,Wolves,Chelsea,11352538,dsN,18,0.2222222222222222,0.2222222222222222,0.5555555555555556,0.7777777777777778,2.111111111111111,2.888888888888889,0.3888888888888889,0.5555555555555556,0.8888888888888888,1.8888888888888888,10,0.3,0.4,0.3,1.0,1.5,2.5,0.5,0.5,1.3,1.3,5,0.2,0.6,0.2,0.6,1.0,1.6,0.2,0.4,1.2,1.2,52186,Premier League 23/24
2023-12-26,09:30,Newcastle United,Nottingham Forest,11352566,osO,10,0.7,0.3,0.0,1.8,0.5,2.3,0.5,0.5,2.4,0.3,10,0.7,0.3,0.0,1.8,0.5,2.3,0.5,0.5,2.4,0.3,5,1.0,0.0,0.0,2.4,0.4,2.8,0.4,0.6,3.0,0.0,52186,Premier League 23/24
2023-12-26,12:00,Bournemouth,Fulham,11352541,Tskb,4,0.5,0.25,0.25,1.75,1.0,2.75,0.5,0.75,1.75,1.0,4,0.5,0.25,0.25,1.75,1.0,2.75,0.5,0.75,1.75,1.0,4,0.5,0.25,0.25,1.75,1.0,2.75,0.5,0.75,1.75,1.0,52186,Premier League 23/24
2023-12-26,12:00,Sheffield United,Luton Town,11352569,psxb,0,0.0,0.0,0.0,0.0,0.0,0.0,0.0,0.0,0.0,0.0,0,0.0,0.0,0.0,0.0,0.0,0.0,0.0,0.0,0.0,0.0,0,0.0,0.0,0.0,0.0,0.0,0.0,0.0,0.0,0.0,0.0,52186,Premier League 23/24
2023-12-26,14:30,Burnley,Liverpool FC,11352554,gsU,16,0.125,0.125,0.75,0.625,2.0625,2.6875,0.375,0.5,0.5,2.375,10,0.1,0.2,0.7,0.7,2.0,2.7,0.5,0.5,0.5,2.3,5,0.2,0.2,0.6,0.4,1.4,1.8,0.2,0.2,0.8,2.0,52186,Premier League 23/24
2023-12-26,17:00,Manchester Utd,Aston Villa,11352563,KP,56,0.6785714285714286,0.23214285714285715,0.08928571428571429,1.7857142857142858,0.6607142857142857,2.4464285714285716,0.44642857142857145,0.48214285714285715,2.267857142857143,0.5,10,0.6,0.2,0.2,1.6,1.0,2.6,0.5,0.6,2.0,0.8,5,0.4,0.2,0.4,1.4,1.4,2.8,0.6,0.6,1.4,1.4,52186,Premier League 23/24
2023-12-27,16:30,Chelsea,Crystal Palace,11352557,hN,28,0.7857142857142857,0.07142857142857142,0.14285714285714285,2.0714285714285716,0.7142857142857143,2.7857142857142856,0.5,0.6071428571428571,2.4285714285714284,0.5,10,1.0,0.0,0.0,2.4,0.5,2.9,0.4,0.6,3.0,0.0,5,1.0,0.0,0.0,2.2,0.4,2.6,0.4,0.6,3.0,0.0,52186,Premier League 23/24
2023-12-27,16:30,Brentford,Wolves,11352547,dsab,4,0.25,0.25,0.5,1.0,1.25,2.25,0.5,0.25,1.0,1.75,4,0.25,0.25,0.5,1.0,1.25,2.25,0.5,0.25,1.0,1.75,4,0.25,0.25,0.5,1.0,1.25,2.25,0.5,0.25,1.0,1.75,52186,Premier League 23/24
2023-12-27,17:15,Everton,Manchester City,11352559,rY,52,0.34615384615384615,0.17307692307692307,0.4807692307692308,1.0576923076923077,1.5576923076923077,2.6153846153846154,0.46153846153846156,0.46153846153846156,1.2115384615384615,1.6153846153846154,10,0.0,0.1,0.9,0.5,2.6,3.1,0.5,0.7,0.1,2.8,5,0.0,0.2,0.8,0.2,2.6,2.8,0.2,0.6,0.2,2.6,52186,Premier League 23/24
2023-12-28,16:30,Brighton,Tottenham Hotspur,11777280,FsI,12,0.25,0.08333333333333333,0.6666666666666666,0.8333333333333334,1.25,2.0833333333333335,0.4166666666666667,0.4166666666666667,0.8333333333333334,2.0833333333333335,10,0.3,0.0,0.7,0.9,1.2,2.1,0.4,0.5,0.9,2.1,5,0.4,0.0,0.6,0.6,1.0,1.6,0.2,0.2,1.2,1.8,52186,Premier League 23/24
2023-12-28,17:15,Arsenal,West Ham United,11777281,MR,54,0.6481481481481481,0.2037037037037037,0.14814814814814814,1.8333333333333333,0.7592592592592593,2.5925925925925926,0.4444444444444444,0.5185185185185185,2.1481481481481484,0.6481481481481481,10,0.7,0.2,0.1,2.1,1.1,3.2,0.7,0.7,2.3,0.5,5,0.6,0.4,0.0,2.4,1.4,3.8,0.8,0.8,2.2,0.4,52186,Premier League 23/24
2023-12-30,09:30,Luton Town,Chelsea,11352582,Nsxb,1,0.0,0.0,1.0,0.0,3.0,3.0,0.0,1.0,0.0,3.0,1,0.0,0.0,1.0,0.0,3.0,3.0,0.0,1.0,0.0,3.0,1,0.0,0.0,1.0,0.0,3.0,3.0,0.0,1.0,0.0,3.0,52186,Premier League 23/24
2023-12-30,12:00,Manchester City,Sheffield United,11352583,psr,11,0.7272727272727273,0.2727272727272727,0.0,1.0909090909090908,0.18181818181818182,1.2727272727272727,0.18181818181818182,0.09090909090909091,2.4545454545454546,0.2727272727272727,10,0.7,0.3,0.0,1.0,0.2,1.2,0.2,0.1,2.4,0.3,5,1.0,0.0,0.0,1.4,0.2,1.6,0.2,0.2,3.0,0.0,52186,Premier League 23/24
2023-12-30,12:00,Aston Villa,Burnley,11352573,gsP,11,0.36363636363636365,0.45454545454545453,0.18181818181818182,1.8181818181818181,1.2727272727272727,3.090909090909091,0.8181818181818182,0.5454545454545454,1.5454545454545454,1.0,10,0.4,0.4,0.2,1.9,1.3,3.2,0.8,0.6,1.6,1.0,5,0.4,0.4,0.2,1.8,1.2,3.0,0.8,0.6,1.6,1.0,52186,Premier League 23/24
2023-12-30,12:00,Wolves,Everton,11352592,dsY,19,0.3684210526315789,0.3684210526315789,0.2631578947368421,1.2105263157894737,1.105263157894737,2.3157894736842106,0.5789473684210527,0.47368421052631576,1.4736842105263157,1.1578947368421053,10,0.6,0.1,0.3,1.6,1.0,2.6,0.6,0.6,1.9,1.0,5,0.8,0.2,0.0,1.4,0.6,2.0,0.6,0.4,2.6,0.2,52186,Premier League 23/24
2023-12-30,12:00,Crystal Palace,Brentford,11352576,hsab,5,0.0,1.0,0.0,0.6,0.6,1.2,0.6,0.0,1.0,1.0,5,0.0,1.0,0.0,0.6,0.6,1.2,0.6,0.0,1.0,1.0,5,0.0,1.0,0.0,0.6,0.6,1.2,0.6,0.0,1.0,1.0,52186,Premier League 23/24
2023-12-30,14:30,Nottingham Forest,Manchester Utd,11352586,osK,13,0.15384615384615385,0.07692307692307693,0.7692307692307693,0.6153846153846154,2.8461538461538463,3.4615384615384617,0.38461538461538464,0.6153846153846154,0.5384615384615384,2.3846153846153846,10,0.2,0.0,0.8,0.7,3.2,3.9,0.4,0.8,0.6,2.4,5,0.0,0.0,1.0,0.6,3.8,4.4,0.4,0.8,0.0,3.0,52186,Premier League 23/24
2023-12-31,11:00,Fulham,Arsenal,11352577,RsT,33,0.09090909090909091,0.21212121212121213,0.696969696969697,0.7575757575757576,2.1818181818181817,2.9393939393939394,0.5454545454545454,0.6666666666666666,0.48484848484848486,2.303030303030303,10,0.0,0.2,0.8,0.7,2.6,3.3,0.6,0.7,0.2,2.6,5,0.0,0.4,0.6,0.8,2.2,3.0,0.6,0.8,0.4,2.2,52186,Premier League 23/24
2023-12-31,11:00,Tottenham Hotspur,Bournemouth,11352587,Iskb,13,0.6923076923076923,0.15384615384615385,0.15384615384615385,2.4615384615384617,0.7692307692307693,3.230769230769231,0.38461538461538464,0.6153846153846154,2.230769230769231,0.6153846153846154,10,0.7,0.1,0.2,2.4,0.9,3.3,0.4,0.6,2.2,0.7,5,0.6,0.2,0.2,2.0,1.4,3.4,0.6,0.6,2.0,0.8,52186,Premier League 23/24
2024-01-01,17:00,Liverpool FC,Newcastle United,11352580,OU,57,0.6140350877192983,0.21052631578947367,0.17543859649122806,1.9824561403508771,1.0,2.982456140350877,0.543859649122807,0.5789473684210527,2.0526315789473686,0.7368421052631579,10,0.8,0.2,0.0,2.0,0.8,2.8,0.7,0.6,2.6,0.2,5,1.0,0.0,0.0,2.0,0.6,2.6,0.6,0.6,3.0,0.0,52186,Premier League 23/24
2024-01-02,16:30,West Ham United,Brighton,11352589,FsM,13,0.07692307692307693,0.46153846153846156,0.46153846153846156,1.1538461538461537,2.076923076923077,3.230769230769231,0.6923076923076923,0.6153846153846154,0.6923076923076923,1.8461538461538463,10,0.1,0.6,0.3,1.4,2.0,3.4,0.8,0.6,0.9,1.5,5,0.2,0.2,0.6,1.0,2.2,3.2,0.6,0.6,0.8,2.0,52186,Premier League 23/24
2024-01-12,16:45,Burnley,Luton Town,11352318,gsxb,1,1.0,0.0,0.0,2.0,1.0,3.0,1.0,1.0,3.0,0.0,1,1.0,0.0,0.0,2.0,1.0,3.0,1.0,1.0,3.0,0.0,1,1.0,0.0,0.0,2.0,1.0,3.0,1.0,1.0,3.0,0.0,52186,Premier League 23/24
2024-01-13,09:30,Chelsea,Fulham,11352321,NsT,33,0.5757575757575758,0.36363636363636365,0.06060606060606061,1.606060606060606,0.696969696969697,2.303030303030303,0.5151515151515151,0.3939393939393939,2.090909090909091,0.5454545454545454,10,0.8,0.1,0.1,1.8,0.4,2.2,0.3,0.4,2.5,0.4,5,0.6,0.2,0.2,1.2,0.4,1.6,0.2,0.2,2.0,0.8,52186,Premier League 23/24
2024-01-13,14:30,Newcastle United,Manchester City,11352331,rO,47,0.19148936170212766,0.1702127659574468,0.6382978723404256,0.9148936170212766,2.0638297872340425,2.978723404255319,0.40425531914893614,0.5531914893617021,0.7446808510638298,2.0851063829787235,10,0.1,0.2,0.7,1.0,2.9,3.9,0.4,0.7,0.5,2.3,5,0.0,0.2,0.8,0.6,3.0,3.6,0.2,0.6,0.2,2.6,52186,Premier League 23/24
2024-01-14,11:00,Everton,Aston Villa,11352324,PY,57,0.24561403508771928,0.2982456140350877,0.45614035087719296,1.1403508771929824,1.4736842105263157,2.6140350877192984,0.49122807017543857,0.5263157894736842,1.0350877192982457,1.6666666666666667,10,0.1,0.2,0.7,0.6,1.8,2.4,0.4,0.5,0.5,2.3,5,0.0,0.0,1.0,0.2,2.4,2.6,0.2,0.6,0.0,3.0,52186,Premier League 23/24
2024-01-14,13:30,Manchester Utd,Tottenham Hotspur,11352328,IsK,63,0.5873015873015873,0.23809523809523808,0.1746031746031746,1.6666666666666667,1.0,2.6666666666666665,0.47619047619047616,0.5238095238095238,2.0,0.7619047619047619,10,0.6,0.2,0.2,1.8,1.5,3.3,0.6,0.6,2.0,0.8,5,0.6,0.2,0.2,2.0,1.2,3.2,0.4,0.6,2.0,0.8,52186,Premier League 23/24
2024-01-20,09:30,Arsenal,Crystal Palace,11352311,hsR,29,0.5862068965517241,0.27586206896551724,0.13793103448275862,1.896551724137931,1.0344827586206897,2.9310344827586206,0.5862068965517241,0.6206896551724138,2.0344827586206895,0.6896551724137931,10,0.4,0.4,0.2,1.7,1.3,3.0,0.6,0.6,1.6,1.0,5,0.6,0.2,0.2,1.8,1.2,3.0,0.4,0.6,2.0,0.8,52186,Premier League 23/24
2024-01-20,14:30,Brentford,Nottingham Forest,11352313,osab,3,0.3333333333333333,0.6666666666666666,0.0,1.6666666666666667,1.3333333333333333,3.0,1.0,0.6666666666666666,1.6666666666666667,0.6666666666666666,3,0.3333333333333333,0.6666666666666666,0.0,1.6666666666666667,1.3333333333333333,3.0,1.0,0.6666666666666666,1.6666666666666667,0.6666666666666666,3,0.3333333333333333,0.6666666666666666,0.0,1.6666666666666667,1.3333333333333333,3.0,1.0,0.6666666666666666,1.6666666666666667,0.6666666666666666,52186,Premier League 23/24
2024-01-21,11:00,Sheffield United,West Ham United,11352334,pM,9,0.3333333333333333,0.2222222222222222,0.4444444444444444,0.8888888888888888,1.1111111111111112,2.0,0.2222222222222222,0.3333333333333333,1.2222222222222223,1.5555555555555556,9,0.3333333333333333,0.2222222222222222,0.4444444444444444,0.8888888888888888,1.1111111111111112,2.0,0.2222222222222222,0.3333333333333333,1.2222222222222223,1.5555555555555556,5,0.2,0.2,0.6,0.4,1.4,1.8,0.2,0.2,0.8,2.0,52186,Premier League 23/24
2024-01-21,13:30,Bournemouth,Liverpool,11352308,Uskb,0,0.0,0.0,0.0,0.0,0.0,0.0,0.0,0.0,0.0,0.0,0,0.0,0.0,0.0,0.0,0.0,0.0,0.0,0.0,0.0,0.0,0,0.0,0.0,0.0,0.0,0.0,0.0,0.0,0.0,0.0,0.0,52186,Premier League 23/24
2024-01-22,16:45,Brighton,Wolves,11352315,dsF,11,0.45454545454545453,0.36363636363636365,0.18181818181818182,2.090909090909091,1.0,3.090909090909091,0.45454545454545453,0.6363636363636364,1.7272727272727273,0.9090909090909091,10,0.4,0.4,0.2,2.2,1.1,3.3,0.5,0.7,1.6,1.0,5,0.8,0.0,0.2,3.2,0.8,4.0,0.4,0.8,2.4,0.6,52186,Premier League 23/24
2024-01-30,16:30,Nottingham Forest,Arsenal,11352348,osR,13,0.15384615384615385,0.23076923076923078,0.6153846153846154,0.6923076923076923,1.4615384615384615,2.1538461538461537,0.46153846153846156,0.38461538461538464,0.6923076923076923,2.076923076923077,10,0.2,0.1,0.7,0.6,1.5,2.1,0.4,0.4,0.7,2.2,5,0.2,0.0,0.8,0.6,2.0,2.6,0.4,0.6,0.6,2.4,52186,Premier League 23/24
2024-01-30,16:45,Luton Town,Brighton,11352344,Fsxb,1,0.0,0.0,1.0,1.0,4.0,5.0,1.0,1.0,0.0,3.0,1,0.0,0.0,1.0,1.0,4.0,5.0,1.0,1.0,0.0,3.0,1,0.0,0.0,1.0,1.0,4.0,5.0,1.0,1.0,0.0,3.0,52186,Premier League 23/24
2024-01-30,16:45,Fulham,Everton,11352342,TsY,33,0.36363636363636365,0.12121212121212122,0.5151515151515151,1.0,1.5151515151515151,2.515151515151515,0.3939393939393939,0.48484848484848486,1.2121212121212122,1.6666666666666667,10,0.4,0.1,0.5,1.2,1.5,2.7,0.4,0.5,1.3,1.6,5,0.6,0.2,0.2,1.6,0.8,2.4,0.4,0.4,2.0,0.8,52186,Premier League 23/24
2024-01-30,17:00,Crystal Palace,Sheffield United,11352361,hsp,7,0.7142857142857143,0.0,0.2857142857142857,1.1428571428571428,0.2857142857142857,1.4285714285714286,0.0,0.0,2.142857142857143,0.8571428571428571,7,0.7142857142857143,0.0,0.2857142857142857,1.1428571428571428,0.2857142857142857,1.4285714285714286,0.0,0.0,2.142857142857143,0.8571428571428571,5,0.6,0.0,0.4,1.0,0.4,1.4,0.0,0.0,1.8,1.2,52186,Premier League 23/24
2024-01-30,17:15,Aston Villa,Newcastle United,11352338,OP,53,0.20754716981132076,0.32075471698113206,0.4716981132075472,0.8867924528301887,1.4339622641509433,2.3207547169811322,0.4528301886792453,0.33962264150943394,0.9433962264150944,1.7358490566037736,10,0.4,0.3,0.3,1.2,1.2,2.4,0.3,0.3,1.5,1.2,5,0.4,0.0,0.6,1.2,2.0,3.2,0.2,0.6,1.2,1.8,52186,Premier League 23/24
2024-01-31,16:30,Manchester City,Burnley,11352369,gsr,17,0.7647058823529411,0.17647058823529413,0.058823529411764705,2.823529411764706,0.6470588235294118,3.4705882352941178,0.4117647058823529,0.6470588235294118,2.4705882352941178,0.35294117647058826,10,0.9,0.1,0.0,3.0,0.2,3.2,0.2,0.5,2.8,0.1,5,1.0,0.0,0.0,2.8,0.0,2.8,0.0,0.4,3.0,0.0,52186,Premier League 23/24
2024-01-31,16:30,Tottenham Hotspur,Brentford,11352351,Isab,5,0.2,0.6,0.2,1.4,1.4,2.8,0.6,0.6,1.2,1.2,5,0.2,0.6,0.2,1.4,1.4,2.8,0.6,0.6,1.2,1.2,5,0.2,0.6,0.2,1.4,1.4,2.8,0.6,0.6,1.2,1.2,52186,Premier League 23/24
2024-01-31,17:15,Liverpool,Chelsea,11352365,NsU,0,0.0,0.0,0.0,0.0,0.0,0.0,0.0,0.0,0.0,0.0,0,0.0,0.0,0.0,0.0,0.0,0.0,0.0,0.0,0.0,0.0,0,0.0,0.0,0.0,0.0,0.0,0.0,0.0,0.0,0.0,0.0,52186,Premier League 23/24
2024-02-01,16:30,West Ham United,Bournemouth,11352354,Mkb,13,0.38461538461538464,0.3076923076923077,0.3076923076923077,2.076923076923077,1.4615384615384615,3.5384615384615383,0.6153846153846154,0.6153846153846154,1.4615384615384615,1.2307692307692308,10,0.3,0.4,0.3,2.0,1.4,3.4,0.6,0.6,1.3,1.3,5,0.6,0.4,0.0,2.6,0.6,3.2,0.4,0.6,2.2,0.4,52186,Premier League 23/24
2024-02-01,17:15,Wolves,Manchester Utd,11896302,dsK,19,0.21052631578947367,0.15789473684210525,0.631578947368421,0.5789473684210527,1.4736842105263157,2.0526315789473686,0.3684210526315789,0.3684210526315789,0.7894736842105263,2.0526315789473686,10,0.2,0.2,0.6,0.5,1.0,1.5,0.3,0.2,0.8,2.0,5,0.2,0.0,0.8,0.2,1.0,1.2,0.0,0.0,0.6,2.4,52186,Premier League 23/24
2024-02-03,09:30,Everton,Tottenham Hotspur,11352395,UwXh,63,0.14285714285714285,0.38095238095238093,0.47619047619047616,0.9365079365079365,1.5714285714285714,2.507936507936508,0.5238095238095238,0.4603174603174603,0.8095238095238095,1.8095238095238095,10,0.1,0.5,0.4,0.8,1.6,2.4,0.5,0.4,0.8,1.7,5,0.0,0.4,0.6,0.4,2.0,2.4,0.4,0.4,0.4,2.2,52186,Premier League 23/24
2024-02-03,12:00,Newcastle United,Luton Town,11352402,Osxb,1,0.0,0.0,1.0,0.0,1.0,1.0,0.0,0.0,0.0,3.0,1,0.0,0.0,1.0,0.0,1.0,1.0,0.0,0.0,0.0,3.0,1,0.0,0.0,1.0,0.0,1.0,1.0,0.0,0.0,0.0,3.0,52186,Premier League 23/24
2024-02-03,12:00,Brighton,Crystal Palace,11352383,hsF,13,0.23076923076923078,0.5384615384615384,0.23076923076923078,1.1538461538461537,1.0769230769230769,2.230769230769231,0.7692307692307693,0.3076923076923077,1.2307692307692308,1.2307692307692308,10,0.2,0.6,0.2,1.0,1.0,2.0,0.8,0.2,1.2,1.2,5,0.2,0.8,0.0,1.0,0.8,1.8,0.8,0.0,1.4,0.8,52186,Premier League 23/24
2024-02-03,12:00,Burnley,Fulham,11352386,gsT,7,0.42857142857142855,0.2857142857142857,0.2857142857142857,1.4285714285714286,1.4285714285714286,2.857142857142857,0.5714285714285714,0.42857142857142855,1.5714285714285714,1.1428571428571428,7,0.42857142857142855,0.2857142857142857,0.2857142857142857,1.4285714285714286,1.4285714285714286,2.857142857142857,0.5714285714285714,0.42857142857142855,1.5714285714285714,1.1428571428571428,5,0.6,0.2,0.2,1.8,1.2,3.0,0.6,0.4,2.0,0.8,52186,Premier League 23/24
2024-02-03,14:30,Sheffield United,Aston Villa,11352409,psP,11,0.18181818181818182,0.2727272727272727,0.5454545454545454,0.7272727272727273,1.3636363636363635,2.090909090909091,0.36363636363636365,0.36363636363636365,0.8181818181818182,1.9090909090909092,10,0.2,0.3,0.5,0.8,1.3,2.1,0.4,0.4,0.9,1.8,5,0.4,0.4,0.2,0.8,0.4,1.2,0.2,0.0,1.6,1.0,52186,Premier League 23/24
2024-02-04,11:00,Manchester Utd,West Ham United,11352398,KM,55,0.6181818181818182,0.21818181818181817,0.16363636363636364,1.8545454545454545,0.8727272727272727,2.727272727272727,0.509090909090909,0.509090909090909,2.0727272727272728,0.7090909090909091,10,0.6,0.1,0.3,1.1,0.9,2.0,0.4,0.3,1.9,1.0,5,0.6,0.0,0.4,0.8,0.8,1.6,0.2,0.2,1.8,1.2,52186,Premier League 23/24
2024-02-04,11:00,Chelsea,Wolves,11352392,dsN,19,0.5263157894736842,0.21052631578947367,0.2631578947368421,2.0526315789473686,0.8421052631578947,2.8947368421052633,0.42105263157894735,0.5789473684210527,1.7894736842105263,1.0,10,0.3,0.4,0.3,1.5,1.0,2.5,0.5,0.5,1.3,1.3,5,0.2,0.4,0.4,1.2,1.0,2.2,0.4,0.6,1.0,1.6,52186,Premier League 23/24
2024-02-04,11:00,Bournemouth,Nottingham Forest,11352372,oskb,3,0.6666666666666666,0.3333333333333333,0.0,2.3333333333333335,1.6666666666666667,4.0,1.0,0.6666666666666666,2.3333333333333335,0.3333333333333333,3,0.6666666666666666,0.3333333333333333,0.0,2.3333333333333335,1.6666666666666667,4.0,1.0,0.6666666666666666,2.3333333333333335,0.3333333333333333,3,0.6666666666666666,0.3333333333333333,0.0,2.3333333333333335,1.6666666666666667,4.0,1.0,0.6666666666666666,2.3333333333333335,0.3333333333333333,52186,Premier League 23/24
2024-02-04,13:30,Arsenal,Liverpool,11352376,HQfh,0,0.0,0.0,0.0,0.0,0.0,0.0,0.0,0.0,0.0,0.0,0,0.0,0.0,0.0,0.0,0.0,0.0,0.0,0.0,0.0,0.0,0,0.0,0.0,0.0,0.0,0.0,0.0,0.0,0.0,0.0,0.0,52186,Premier League 23/24
2024-02-05,17:00,Brentford,Manchester City,11352380,rsab,4,0.5,0.0,0.5,0.75,1.0,1.75,0.25,0.25,1.5,1.5,4,0.5,0.0,0.5,0.75,1.0,1.75,0.25,0.25,1.5,1.5,4,0.5,0.0,0.5,0.75,1.0,1.75,0.25,0.25,1.5,1.5,52186,Premier League 23/24
2024-02-10,09:30,Manchester City,Everton,11352431,rY,53,0.49056603773584906,0.16981132075471697,0.33962264150943394,1.5849056603773586,1.0566037735849056,2.641509433962264,0.4716981132075472,0.4716981132075472,1.6415094339622642,1.1886792452830188,10,0.9,0.1,0.0,2.6,0.5,3.1,0.5,0.7,2.8,0.1,5,0.8,0.2,0.0,2.2,0.4,2.6,0.4,0.6,2.6,0.2,52186,Premier League 23/24
2024-02-10,12:00,Liverpool,Burnley,11352423,gsU,0,0.0,0.0,0.0,0.0,0.0,0.0,0.0,0.0,0.0,0.0,0,0.0,0.0,0.0,0.0,0.0,0.0,0.0,0.0,0.0,0.0,0,0.0,0.0,0.0,0.0,0.0,0.0,0.0,0.0,0.0,0.0,52186,Premier League 23/24
2024-02-10,12:00,Tottenham Hotspur,Brighton,11352439,FsI,13,0.6153846153846154,0.07692307692307693,0.3076923076923077,1.3076923076923077,1.0769230769230769,2.3846153846153846,0.46153846153846156,0.46153846153846156,1.9230769230769231,1.0,10,0.6,0.0,0.4,1.2,1.2,2.4,0.4,0.5,1.8,1.2,5,0.6,0.0,0.4,1.4,1.2,2.6,0.4,0.4,1.8,1.2,52186,Premier League 23/24
2024-02-10,12:00,Wolves,Brentford,11352446,dsab,5,0.6,0.2,0.2,1.8,1.0,2.8,0.6,0.4,2.0,0.8,5,0.6,0.2,0.2,1.8,1.0,2.8,0.6,0.4,2.0,0.8,5,0.6,0.2,0.2,1.8,1.0,2.8,0.6,0.4,2.0,0.8,52186,Premier League 23/24
2024-02-10,12:00,Fulham,Bournemouth,11352419,Tskb,5,0.2,0.2,0.6,0.8,2.0,2.8,0.4,0.8,0.8,2.0,5,0.2,0.2,0.6,0.8,2.0,2.8,0.4,0.8,0.8,2.0,5,0.2,0.2,0.6,0.8,2.0,2.8,0.4,0.8,0.8,2.0,52186,Premier League 23/24
2024-02-10,12:00,Luton Town,Sheffield United,11352427,psxb,1,1.0,0.0,0.0,3.0,2.0,5.0,1.0,1.0,3.0,0.0,1,1.0,0.0,0.0,3.0,2.0,5.0,1.0,1.0,3.0,0.0,1,1.0,0.0,0.0,3.0,2.0,5.0,1.0,1.0,3.0,0.0,52186,Premier League 23/24
2024-02-10,14:30,Nottingham Forest,Newcastle United,11352435,osO,11,0.09090909090909091,0.2727272727272727,0.6363636363636364,0.7272727272727273,1.7272727272727273,2.4545454545454546,0.5454545454545454,0.5454545454545454,0.5454545454545454,2.1818181818181817,10,0.1,0.2,0.7,0.8,1.9,2.7,0.6,0.6,0.5,2.3,5,0.2,0.0,0.8,1.0,1.6,2.6,0.6,0.6,0.6,2.4,52186,Premier League 23/24
2024-02-11,11:00,West Ham United,Arsenal,11352443,MR,55,0.16363636363636364,0.2,0.6363636363636364,0.7818181818181819,1.8,2.581818181818182,0.43636363636363634,0.509090909090909,0.6909090909090909,2.109090909090909,10,0.2,0.2,0.6,1.2,1.8,3.0,0.6,0.6,0.8,2.0,5,0.2,0.2,0.6,1.2,1.8,3.0,0.6,0.6,0.8,2.0,52186,Premier League 23/24
2024-02-11,13:30,Aston Villa,Manchester Utd,11352412,KP,57,0.08771929824561403,0.22807017543859648,0.6842105263157895,0.6842105263157895,1.8070175438596492,2.491228070175439,0.45614035087719296,0.49122807017543857,0.49122807017543857,2.280701754385965,10,0.2,0.2,0.6,1.2,1.8,3.0,0.6,0.7,0.8,2.0,5,0.4,0.2,0.4,1.6,1.4,3.0,0.6,0.6,1.4,1.4,52186,Premier League 23/24
2024-02-12,17:00,Crystal Palace,Chelsea,11352415,hN,29,0.13793103448275862,0.06896551724137931,0.7931034482758621,0.7241379310344828,2.0689655172413794,2.793103448275862,0.5172413793103449,0.6206896551724138,0.4827586206896552,2.4482758620689653,10,0.0,0.0,1.0,0.5,2.3,2.8,0.4,0.6,0.0,3.0,5,0.0,0.0,1.0,0.4,1.8,2.2,0.4,0.6,0.0,3.0,52186,Premier League 23/24
2024-02-17,09:30,Brentford,Liverpool,11352450,Usab,0,0.0,0.0,0.0,0.0,0.0,0.0,0.0,0.0,0.0,0.0,0,0.0,0.0,0.0,0.0,0.0,0.0,0.0,0.0,0.0,0.0,0,0.0,0.0,0.0,0.0,0.0,0.0,0.0,0.0,0.0,0.0,52186,Premier League 23/24
2024-02-17,12:00,Burnley,Arsenal,11352453,gsR,17,0.058823529411764705,0.17647058823529413,0.7647058823529411,0.47058823529411764,1.7647058823529411,2.235294117647059,0.4117647058823529,0.47058823529411764,0.35294117647058826,2.4705882352941178,10,0.1,0.3,0.6,0.6,1.8,2.4,0.5,0.5,0.6,2.1,5,0.2,0.4,0.4,0.6,1.0,1.6,0.4,0.2,1.0,1.6,52186,Premier League 23/24
2024-02-17,12:00,Tottenham Hotspur,Wolves,11352486,dsI,19,0.47368421052631576,0.15789473684210525,0.3684210526315789,1.5789473684210527,1.263157894736842,2.8421052631578947,0.5263157894736842,0.42105263157894735,1.5789473684210527,1.263157894736842,10,0.4,0.1,0.5,1.1,1.3,2.4,0.5,0.4,1.3,1.6,5,0.4,0.0,0.6,0.6,1.0,1.6,0.2,0.2,1.2,1.8,52186,Premier League 23/24
2024-02-17,12:00,Newcastle United,Bournemouth,11352474,Okb,11,0.36363636363636365,0.36363636363636365,0.2727272727272727,1.4545454545454546,1.3636363636363635,2.8181818181818183,0.7272727272727273,0.5454545454545454,1.4545454545454546,1.1818181818181819,10,0.3,0.4,0.3,1.5,1.5,3.0,0.8,0.6,1.3,1.3,5,0.4,0.4,0.2,1.6,1.2,2.8,0.8,0.4,1.6,1.0,52186,Premier League 23/24
2024-02-17,12:00,Fulham,Aston Villa,11352462,PsT,31,0.22580645161290322,0.3548387096774194,0.41935483870967744,0.967741935483871,1.3870967741935485,2.3548387096774195,0.5161290322580645,0.45161290322580644,1.032258064516129,1.6129032258064515,10,0.4,0.1,0.5,1.1,1.3,2.4,0.4,0.5,1.3,1.6,5,0.2,0.0,0.8,1.0,2.0,3.0,0.4,0.8,0.6,2.4,52186,Premier League 23/24
2024-02-17,12:00,Nottingham Forest,West Ham United,11352478,osM,11,0.18181818181818182,0.18181818181818182,0.6363636363636364,0.6363636363636364,1.5454545454545454,2.1818181818181817,0.36363636363636365,0.36363636363636365,0.7272727272727273,2.090909090909091,10,0.2,0.2,0.6,0.6,1.4,2.0,0.3,0.3,0.8,2.0,5,0.2,0.2,0.6,0.8,1.8,2.6,0.4,0.6,0.8,2.0,52186,Premier League 23/24
2024-02-17,14:30,Manchester City,Chelsea,11352469,rN,53,0.32075471698113206,0.20754716981132076,0.4716981132075472,1.0754716981132075,1.3584905660377358,2.4339622641509435,0.39622641509433965,0.4716981132075472,1.169811320754717,1.6226415094339623,10,0.7,0.1,0.2,2.1,1.0,3.1,0.5,0.6,2.2,0.7,5,0.8,0.2,0.0,1.6,0.8,2.4,0.2,0.2,2.6,0.2,52186,Premier League 23/24
2024-02-18,11:00,Sheffield United,Brighton,11352481,psF,5,0.4,0.6,0.0,1.0,0.6,1.6,0.6,0.0,1.8,0.6,5,0.4,0.6,0.0,1.0,0.6,1.6,0.6,0.0,1.8,0.6,5,0.4,0.6,0.0,1.0,0.6,1.6,0.6,0.0,1.8,0.6,52186,Premier League 23/24
2024-02-18,13:30,Luton Town,Manchester Utd,11352465,Ksxb,1,0.0,0.0,1.0,0.0,1.0,1.0,0.0,0.0,0.0,3.0,1,0.0,0.0,1.0,0.0,1.0,1.0,0.0,0.0,0.0,3.0,1,0.0,0.0,1.0,0.0,1.0,1.0,0.0,0.0,0.0,3.0,52186,Premier League 23/24
2024-02-19,17:00,Everton,Crystal Palace,11352458,hY,29,0.4827586206896552,0.3103448275862069,0.20689655172413793,1.6206896551724137,1.0,2.6206896551724137,0.5517241379310345,0.5172413793103449,1.7586206896551724,0.9310344827586207,10,0.5,0.4,0.1,1.6,1.0,2.6,0.6,0.6,1.9,0.7,5,0.6,0.2,0.2,2.0,1.4,3.4,0.6,0.8,2.0,0.8,52186,Premier League 23/24
2024-02-20,16:30,Manchester City,Brentford,11971437,rsab,5,0.6,0.0,0.4,1.4,0.8,2.2,0.4,0.4,1.8,1.2,5,0.6,0.0,0.4,1.4,0.8,2.2,0.4,0.4,1.8,1.2,5,0.6,0.0,0.4,1.4,0.8,2.2,0.4,0.4,1.8,1.2,52186,Premier League 23/24
2024-02-21,16:30,Liverpool,Luton Town,11352512,Usxb,0,0.0,0.0,0.0,0.0,0.0,0.0,0.0,0.0,0.0,0.0,0,0.0,0.0,0.0,0.0,0.0,0.0,0.0,0.0,0.0,0.0,0,0.0,0.0,0.0,0.0,0.0,0.0,0.0,0.0,0.0,0.0,52186,Premier League 23/24
2024-02-24,12:00,Manchester Utd,Fulham,11352518,KsT,33,0.7272727272727273,0.18181818181818182,0.09090909090909091,2.212121212121212,1.0,3.212121212121212,0.5757575757575758,0.6666666666666666,2.3636363636363638,0.45454545454545453,10,0.8,0.2,0.0,2.1,0.8,2.9,0.7,0.7,2.6,0.2,5,0.8,0.2,0.0,1.6,0.8,2.4,0.8,0.6,2.6,0.2,52186,Premier League 23/24
2024-02-24,12:00,Aston Villa,Nottingham Forest,11352499,osP,13,0.46153846153846156,0.38461538461538464,0.15384615384615385,1.2307692307692308,0.8461538461538461,2.076923076923077,0.46153846153846156,0.23076923076923078,1.7692307692307692,0.8461538461538461,10,0.4,0.5,0.1,1.3,0.8,2.1,0.5,0.2,1.7,0.8,5,0.4,0.4,0.2,1.4,1.0,2.4,0.4,0.2,1.6,1.0,52186,Premier League 23/24
2024-02-24,12:00,Brighton,Everton,11352502,FsY,13,0.3076923076923077,0.23076923076923078,0.46153846153846156,1.3076923076923077,1.8461538461538463,3.1538461538461537,0.6153846153846154,0.46153846153846156,1.1538461538461537,1.6153846153846154,10,0.4,0.2,0.4,1.5,1.8,3.3,0.6,0.5,1.4,1.4,5,0.4,0.2,0.4,1.8,2.2,4.0,0.8,0.6,1.4,1.4,52186,Premier League 23/24
2024-02-24,12:00,Crystal Palace,Burnley,11352509,gsh,15,0.4,0.2,0.4,1.2666666666666666,1.2,2.466666666666667,0.3333333333333333,0.3333333333333333,1.4,1.4,10,0.5,0.2,0.3,1.4,1.0,2.4,0.3,0.3,1.7,1.1,5,0.2,0.4,0.4,1.2,1.6,2.8,0.4,0.4,1.0,1.6,52186,Premier League 23/24
2024-02-24,14:30,Bournemouth,Manchester City,11352490,rkb,13,0.0,0.0,1.0,0.5384615384615384,3.3846153846153846,3.923076923076923,0.5384615384615384,0.8461538461538461,0.0,3.0,10,0.0,0.0,1.0,0.6,3.1,3.7,0.6,0.8,0.0,3.0,5,0.0,0.0,1.0,0.8,3.8,4.6,0.8,1.0,0.0,3.0,52186,Premier League 23/24
2024-02-24,17:00,Arsenal,Newcastle United,11352493,Ardc,57,0.5789473684210527,0.21052631578947367,0.21052631578947367,1.5789473684210527,0.7543859649122807,2.3333333333333335,0.3333333333333333,0.3684210526315789,1.9473684210526316,0.8421052631578947,10,0.7,0.1,0.2,1.6,0.3,1.9,0.0,0.2,2.2,0.7,5,0.4,0.2,0.4,0.8,0.6,1.4,0.0,0.0,1.4,1.4,52186,Premier League 23/24
2024-02-25,10:30,Wolves,Sheffield United,11352525,dsp,5,0.4,0.2,0.4,1.0,0.8,1.8,0.4,0.2,1.4,1.4,5,0.4,0.2,0.4,1.0,0.8,1.8,0.4,0.2,1.4,1.4,5,0.4,0.2,0.4,1.0,0.8,1.8,0.4,0.2,1.4,1.4,52186,Premier League 23/24
2024-02-26,17:00,West Ham United,Brentford,11352521,Msab,5,0.0,0.0,1.0,0.6,2.2,2.8,0.4,0.4,0.0,3.0,5,0.0,0.0,1.0,0.6,2.2,2.8,0.4,0.4,0.0,3.0,5,0.0,0.0,1.0,0.6,2.2,2.8,0.4,0.4,0.0,3.0,52186,Premier League 23/24
2024-03-02,12:00,Nottingham Forest,Liverpool,11352556,osU,0,0.0,0.0,0.0,0.0,0.0,0.0,0.0,0.0,0.0,0.0,0,0.0,0.0,0.0,0.0,0.0,0.0,0.0,0.0,0.0,0.0,0,0.0,0.0,0.0,0.0,0.0,0.0,0.0,0.0,0.0,0.0,52186,Premier League 23/24
2024-03-02,12:00,Brentford,Chelsea,11352530,Nsab,5,0.6,0.2,0.2,1.6,0.4,2.0,0.2,0.2,2.0,0.8,5,0.6,0.2,0.2,1.6,0.4,2.0,0.2,0.2,2.0,0.8,5,0.6,0.2,0.2,1.6,0.4,2.0,0.2,0.2,2.0,0.8,52186,Premier League 23/24
2024-03-02,12:00,Tottenham Hotspur,Crystal Palace,11352564,hI,29,0.6206896551724138,0.2413793103448276,0.13793103448275862,1.5517241379310345,0.6551724137931034,2.206896551724138,0.3793103448275862,0.3793103448275862,2.103448275862069,0.6551724137931034,10,0.7,0.2,0.1,2.2,0.7,2.9,0.4,0.6,2.3,0.5,5,0.8,0.0,0.2,2.0,0.8,2.8,0.2,0.8,2.4,0.6,52186,Premier League 23/24
2024-03-02,12:00,Newcastle United,Wolves,11352553,dsO,17,0.23529411764705882,0.6470588235294118,0.11764705882352941,1.411764705882353,1.1764705882352942,2.588235294117647,0.9411764705882353,0.4117647058823529,1.3529411764705883,1.0,10,0.2,0.7,0.1,1.2,1.1,2.3,0.9,0.3,1.3,1.0,5,0.4,0.4,0.2,1.4,1.2,2.6,0.8,0.6,1.6,1.0,52186,Premier League 23/24
2024-03-02,12:00,Everton,West Ham United,11352537,MY,55,0.5272727272727272,0.2545454545454545,0.21818181818181817,1.6363636363636365,0.8909090909090909,2.5272727272727273,0.4727272727272727,0.45454545454545453,1.8363636363636364,0.9090909090909091,10,0.5,0.1,0.4,0.9,0.7,1.6,0.2,0.1,1.6,1.3,5,0.4,0.0,0.6,0.6,1.0,1.6,0.2,0.2,1.2,1.8,52186,Premier League 23/24
2024-03-02,12:00,Fulham,Brighton,11352540,FsT,7,0.42857142857142855,0.5714285714285714,0.0,1.4285714285714286,0.8571428571428571,2.2857142857142856,0.5714285714285714,0.42857142857142855,1.8571428571428572,0.5714285714285714,7,0.42857142857142855,0.5714285714285714,0.0,1.4285714285714286,0.8571428571428571,2.2857142857142856,0.5714285714285714,0.42857142857142855,1.8571428571428572,0.5714285714285714,5,0.4,0.6,0.0,0.8,0.4,1.2,0.4,0.2,1.8,0.6,52186,Premier League 23/24
2024-03-02,14:30,Luton Town,Aston Villa,11352545,Psxb,1,0.0,0.0,1.0,1.0,3.0,4.0,1.0,1.0,0.0,3.0,1,0.0,0.0,1.0,1.0,3.0,4.0,1.0,1.0,0.0,3.0,1,0.0,0.0,1.0,1.0,3.0,4.0,1.0,1.0,0.0,3.0,52186,Premier League 23/24
2024-03-03,10:00,Burnley,Bournemouth,11352533,gskb,9,0.6666666666666666,0.0,0.3333333333333333,2.111111111111111,1.1111111111111112,3.2222222222222223,0.6666666666666666,0.8888888888888888,2.0,1.0,9,0.6666666666666666,0.0,0.3333333333333333,2.111111111111111,1.1111111111111112,3.2222222222222223,0.6666666666666666,0.8888888888888888,2.0,1.0,5,0.8,0.0,0.2,2.4,0.6,3.0,0.4,0.8,2.4,0.6,52186,Premier League 23/24
2024-03-03,12:30,Manchester City,Manchester Utd,11352548,rK,53,0.3584905660377358,0.18867924528301888,0.4528301886792453,1.4528301886792452,1.4150943396226414,2.8679245283018866,0.5283018867924528,0.5283018867924528,1.2641509433962264,1.5471698113207548,10,0.5,0.1,0.4,1.9,1.2,3.1,0.4,0.5,1.6,1.3,5,0.8,0.0,0.2,3.2,1.2,4.4,0.6,0.8,2.4,0.6,52186,Premier League 23/24
2024-03-04,17:00,Sheffield United,Arsenal,11352560,psR,11,0.18181818181818182,0.36363636363636365,0.45454545454545453,0.6363636363636364,1.8181818181818181,2.4545454545454546,0.45454545454545453,0.45454545454545453,0.9090909090909091,1.7272727272727273,10,0.2,0.3,0.5,0.6,1.9,2.5,0.4,0.5,0.9,1.8,5,0.2,0.2,0.6,0.6,2.2,2.8,0.4,0.6,0.8,2.0,52186,Premier League 23/24
2024-03-09,09:30,Manchester Utd,Everton,11352591,KsY,63,0.5873015873015873,0.25396825396825395,0.15873015873015872,1.7777777777777777,0.9523809523809523,2.7301587301587302,0.4444444444444444,0.42857142857142855,2.015873015873016,0.7301587301587301,10,0.4,0.4,0.2,1.6,1.3,2.9,0.6,0.5,1.6,1.0,5,0.6,0.2,0.2,1.6,0.6,2.2,0.4,0.4,2.0,0.8,52186,Premier League 23/24
2024-03-09,12:00,Wolves,Fulham,11352595,dsT,15,0.4,0.4,0.2,1.0,0.9333333333333333,1.9333333333333333,0.4,0.26666666666666666,1.6,1.0,10,0.4,0.4,0.2,1.0,1.1,2.1,0.4,0.2,1.6,1.0,5,0.4,0.4,0.2,1.0,0.8,1.8,0.4,0.2,1.6,1.0,52186,Premier League 23/24
2024-03-09,12:00,Crystal Palace,Luton Town,11352585,hsxb,1,0.0,0.0,1.0,1.0,2.0,3.0,1.0,1.0,0.0,3.0,1,0.0,0.0,1.0,1.0,2.0,3.0,1.0,1.0,0.0,3.0,1,0.0,0.0,1.0,1.0,2.0,3.0,1.0,1.0,0.0,3.0,52186,Premier League 23/24
2024-03-09,12:00,Bournemouth,Sheffield United,11352567,pskb,3,0.3333333333333333,0.3333333333333333,0.3333333333333333,1.6666666666666667,1.3333333333333333,3.0,1.0,0.6666666666666666,1.3333333333333333,1.3333333333333333,3,0.3333333333333333,0.3333333333333333,0.3333333333333333,1.6666666666666667,1.3333333333333333,3.0,1.0,0.6666666666666666,1.3333333333333333,1.3333333333333333,3,0.3333333333333333,0.3333333333333333,0.3333333333333333,1.6666666666666667,1.3333333333333333,3.0,1.0,0.6666666666666666,1.3333333333333333,1.3333333333333333,52186,Premier League 23/24
2024-03-09,14:30,Arsenal,Brentford,11352572,Rsab,5,0.6,0.2,0.2,1.4,0.8,2.2,0.4,0.4,2.0,0.8,5,0.6,0.2,0.2,1.4,0.8,2.2,0.4,0.4,2.0,0.8,5,0.6,0.2,0.2,1.4,0.8,2.2,0.4,0.4,2.0,0.8,52186,Premier League 23/24
2024-03-10,10:00,Aston Villa,Tottenham Hotspur,11352575,IP,57,0.3157894736842105,0.24561403508771928,0.43859649122807015,1.0701754385964912,1.4210526315789473,2.491228070175439,0.5087719298245614,0.45614035087719296,1.1929824561403508,1.5614035087719298,10,0.4,0.0,0.6,1.2,1.9,3.1,0.6,0.7,1.2,1.8,5,0.6,0.0,0.4,1.4,1.6,3.0,0.6,0.8,1.8,1.2,52186,Premier League 23/24
2024-03-10,11:00,West Ham United,Burnley,11352593,gsM,17,0.5294117647058824,0.17647058823529413,0.29411764705882354,1.411764705882353,1.2941176470588236,2.7058823529411766,0.5294117647058824,0.5294117647058824,1.7647058823529411,1.0588235294117647,10,0.4,0.2,0.4,1.0,1.4,2.4,0.4,0.5,1.4,1.4,5,0.6,0.4,0.0,1.2,0.6,1.8,0.6,0.4,2.2,0.4,52186,Premier League 23/24
2024-03-10,11:00,Brighton,Nottingham Forest,11352579,osF,3,0.3333333333333333,0.3333333333333333,0.3333333333333333,1.3333333333333333,1.6666666666666667,3.0,0.6666666666666666,0.6666666666666666,1.3333333333333333,1.3333333333333333,3,0.3333333333333333,0.3333333333333333,0.3333333333333333,1.3333333333333333,1.6666666666666667,3.0,0.6666666666666666,0.6666666666666666,1.3333333333333333,1.3333333333333333,3,0.3333333333333333,0.3333333333333333,0.3333333333333333,1.3333333333333333,1.6666666666666667,3.0,0.6666666666666666,0.6666666666666666,1.3333333333333333,1.3333333333333333,52186,Premier League 23/24
2024-03-10,12:45,Liverpool,Manchester City,11352588,rU,0,0.0,0.0,0.0,0.0,0.0,0.0,0.0,0.0,0.0,0.0,0,0.0,0.0,0.0,0.0,0.0,0.0,0.0,0.0,0.0,0.0,0,0.0,0.0,0.0,0.0,0.0,0.0,0.0,0.0,0.0,0.0,52186,Premier League 23/24
2024-03-11,17:00,Chelsea,Newcastle United,11352581,NO,57,0.49122807017543857,0.22807017543859648,0.2807017543859649,1.4385964912280702,0.9298245614035088,2.3684210526315788,0.40350877192982454,0.43859649122807015,1.7017543859649122,1.0701754385964912,10,0.6,0.1,0.3,1.3,0.8,2.1,0.3,0.3,1.9,1.0,5,0.4,0.2,0.4,1.2,1.2,2.4,0.4,0.4,1.4,1.4,52186,Premier League 23/24
2024-03-13,16:30,Bournemouth,Luton Town,11977248,kbsxb,0,0.0,0.0,0.0,0.0,0.0,0.0,0.0,0.0,0.0,0.0,0,0.0,0.0,0.0,0.0,0.0,0.0,0.0,0.0,0.0,0.0,0,0.0,0.0,0.0,0.0,0.0,0.0,0.0,0.0,0.0,0.0,52186,Premier League 23/24
2024-03-16,12:00,Burnley,Brentford,11352599,gsab,3,0.3333333333333333,0.0,0.6666666666666666,1.0,2.0,3.0,0.3333333333333333,0.6666666666666666,1.0,2.0,3,0.3333333333333333,0.0,0.6666666666666666,1.0,2.0,3.0,0.3333333333333333,0.6666666666666666,1.0,2.0,3,0.3333333333333333,0.0,0.6666666666666666,1.0,2.0,3.0,0.3333333333333333,0.6666666666666666,1.0,2.0,52186,Premier League 23/24
2024-03-16,12:00,Luton Town,Nottingham Forest,11352606,osxb,1,0.0,1.0,0.0,2.0,2.0,4.0,1.0,1.0,1.0,1.0,1,0.0,1.0,0.0,2.0,2.0,4.0,1.0,1.0,1.0,1.0,1,0.0,1.0,0.0,2.0,2.0,4.0,1.0,1.0,1.0,1.0,52186,Premier League 23/24
2024-03-16,14:30,Fulham,Tottenham Hotspur,11352604,IsT,33,0.24242424242424243,0.18181818181818182,0.5757575757575758,0.8484848484848485,1.5757575757575757,2.4242424242424243,0.42424242424242425,0.45454545454545453,0.9090909090909091,1.9090909090909092,10,0.1,0.1,0.8,0.7,1.7,2.4,0.6,0.5,0.4,2.5,5,0.0,0.2,0.8,0.4,1.4,1.8,0.4,0.2,0.2,2.6,52186,Premier League 23/24
2024-03-17,11:00,West Ham United,Aston Villa,11352609,MP,49,0.2653061224489796,0.4489795918367347,0.2857142857142857,1.0816326530612246,1.1428571428571428,2.2244897959183674,0.5510204081632653,0.3877551020408163,1.2448979591836735,1.3061224489795917,10,0.6,0.3,0.1,1.7,1.0,2.7,0.7,0.5,2.1,0.6,5,0.6,0.2,0.2,1.8,1.4,3.2,0.8,0.6,2.0,0.8,52186,Premier League 23/24
2024-03-30,09:30,Newcastle United,West Ham United,11352620,MO,51,0.45098039215686275,0.2549019607843137,0.29411764705882354,1.6666666666666667,1.2549019607843137,2.9215686274509802,0.49019607843137253,0.5686274509803921,1.607843137254902,1.1372549019607843,10,0.4,0.4,0.2,2.1,1.7,3.8,0.8,0.6,1.6,1.0,5,0.2,0.6,0.2,2.2,1.8,4.0,1.0,0.6,1.2,1.2,52186,Premier League 23/24
2024-03-30,12:00,Chelsea,Burnley,11352616,gsN,17,0.7058823529411765,0.23529411764705882,0.058823529411764705,2.588235294117647,0.8235294117647058,3.411764705882353,0.5882352941176471,0.7647058823529411,2.3529411764705883,0.4117647058823529,10,0.8,0.2,0.0,2.9,0.7,3.6,0.5,0.8,2.6,0.2,5,0.8,0.2,0.0,2.8,0.4,3.2,0.4,0.6,2.6,0.2,52186,Premier League 23/24
2024-03-30,12:00,Tottenham Hotspur,Luton Town,11352624,Isxb,1,1.0,0.0,0.0,1.0,0.0,1.0,0.0,0.0,3.0,0.0,1,1.0,0.0,0.0,1.0,0.0,1.0,0.0,0.0,3.0,0.0,1,1.0,0.0,0.0,1.0,0.0,1.0,0.0,0.0,3.0,0.0,52186,Premier League 23/24
2024-03-30,12:00,Bournemouth,Everton,11352612,Yskb,13,0.38461538461538464,0.15384615384615385,0.46153846153846156,1.6923076923076923,1.8461538461538463,3.5384615384615383,0.6153846153846154,0.7692307692307693,1.3076923076923077,1.5384615384615385,10,0.4,0.1,0.5,1.7,1.9,3.6,0.6,0.8,1.3,1.6,5,0.6,0.0,0.4,1.8,1.2,3.0,0.4,0.8,1.8,1.2,52186,Premier League 23/24
2024-03-30,12:00,Sheffield United,Fulham,11352623,psT,5,0.2,0.2,0.6,0.8,1.2,2.0,0.4,0.2,0.8,2.0,5,0.2,0.2,0.6,0.8,1.2,2.0,0.4,0.2,0.8,2.0,5,0.2,0.2,0.6,0.8,1.2,2.0,0.4,0.2,0.8,2.0,52186,Premier League 23/24
2024-03-30,12:00,Nottingham Forest,Crystal Palace,11352622,hso,7,0.42857142857142855,0.5714285714285714,0.0,1.0,0.5714285714285714,1.5714285714285714,0.5714285714285714,0.14285714285714285,1.8571428571428572,0.5714285714285714,7,0.42857142857142855,0.5714285714285714,0.0,1.0,0.5714285714285714,1.5714285714285714,0.5714285714285714,0.14285714285714285,1.8571428571428572,0.5714285714285714,5,0.6,0.4,0.0,1.0,0.4,1.4,0.4,0.2,2.2,0.4,52186,Premier League 23/24
2024-03-30,14:30,Aston Villa,Wolves,11352613,dsP,17,0.35294117647058826,0.29411764705882354,0.35294117647058826,1.2941176470588236,1.1176470588235294,2.411764705882353,0.5294117647058824,0.47058823529411764,1.3529411764705883,1.3529411764705883,10,0.2,0.3,0.5,1.0,1.3,2.3,0.6,0.4,0.9,1.8,5,0.0,0.4,0.6,1.0,1.6,2.6,0.8,0.4,0.4,2.2,52186,Premier League 23/24
2024-03-30,17:00,Brentford,Manchester Utd,11352614,Ksab,5,0.2,0.0,0.8,1.2,1.8,3.0,0.4,0.8,0.6,2.4,5,0.2,0.0,0.8,1.2,1.8,3.0,0.4,0.8,0.6,2.4,5,0.2,0.0,0.8,1.2,1.8,3.0,0.4,0.8,0.6,2.4,52186,Premier League 23/24
2024-03-31,10:00,Liverpool,Brighton,11352617,FsU,0,0.0,0.0,0.0,0.0,0.0,0.0,0.0,0.0,0.0,0.0,0,0.0,0.0,0.0,0.0,0.0,0.0,0.0,0.0,0.0,0.0,0,0.0,0.0,0.0,0.0,0.0,0.0,0.0,0.0,0.0,0.0,52186,Premier League 23/24
2024-03-31,12:30,Manchester City,Arsenal,11352619,rsR,53,0.33962264150943394,0.22641509433962265,0.4339622641509434,1.3018867924528301,1.3773584905660377,2.6792452830188678,0.4528301886792453,0.5471698113207547,1.2452830188679245,1.528301886792453,10,0.9,0.0,0.1,2.5,0.5,3.0,0.4,0.7,2.7,0.3,5,0.8,0.0,0.2,2.8,0.8,3.6,0.6,0.8,2.4,0.6,52186,Premier League 23/24
2024-04-02,15:30,Newcastle United,Everton,11352343,OY,57,0.42105263157894735,0.21052631578947367,0.3684210526315789,1.3508771929824561,1.2982456140350878,2.6491228070175437,0.5087719298245614,0.49122807017543857,1.4736842105263157,1.3157894736842106,10,0.6,0.1,0.3,1.8,1.3,3.1,0.6,0.7,1.9,1.0,5,0.6,0.0,0.4,1.6,1.2,2.8,0.4,0.6,1.8,1.2,52186,Premier League 23/24
2024-04-02,15:30,Nottingham Forest,Fulham,11352333,osT,3,0.0,0.0,1.0,0.6666666666666666,3.3333333333333335,4.0,0.3333333333333333,0.6666666666666666,0.0,3.0,3,0.0,0.0,1.0,0.6666666666666666,3.3333333333333335,4.0,0.3333333333333333,0.6666666666666666,0.0,3.0,3,0.0,0.0,1.0,0.6666666666666666,3.3333333333333335,4.0,0.3333333333333333,0.6666666666666666,0.0,3.0,52186,Premier League 23/24
2024-04-02,15:45,Burnley,Wolves,11352330,dsg,11,0.36363636363636365,0.2727272727272727,0.36363636363636365,1.0909090909090908,0.8181818181818182,1.9090909090909092,0.36363636363636365,0.2727272727272727,1.3636363636363635,1.3636363636363635,10,0.4,0.3,0.3,1.2,0.7,1.9,0.4,0.3,1.5,1.2,5,0.6,0.2,0.2,1.4,0.4,1.8,0.2,0.4,2.0,0.8,52186,Premier League 23/24
2024-04-02,15:45,Bournemouth,Crystal Palace,11352319,hkb,13,0.23076923076923078,0.3076923076923077,0.46153846153846156,1.0769230769230769,1.6153846153846154,2.6923076923076925,0.46153846153846156,0.38461538461538464,1.0,1.6923076923076923,10,0.2,0.2,0.6,1.1,1.9,3.0,0.4,0.4,0.8,2.0,5,0.2,0.0,0.8,0.4,1.4,1.8,0.0,0.0,0.6,2.4,52186,Premier League 23/24
2024-04-02,16:15,West Ham United,Tottenham Hotspur,11352336,IM,55,0.3090909090909091,0.21818181818181817,0.4727272727272727,1.1636363636363636,1.4545454545454546,2.618181818181818,0.5272727272727272,0.45454545454545453,1.1454545454545455,1.6363636363636365,10,0.4,0.2,0.4,1.3,1.6,2.9,0.6,0.5,1.4,1.4,5,0.4,0.2,0.4,1.0,1.4,2.4,0.6,0.4,1.4,1.4,52186,Premier League 23/24
2024-04-03,15:30,Arsenal,Luton Town,11352322,Rsxb,1,1.0,0.0,0.0,4.0,3.0,7.0,1.0,1.0,3.0,0.0,1,1.0,0.0,0.0,4.0,3.0,7.0,1.0,1.0,3.0,0.0,1,1.0,0.0,0.0,4.0,3.0,7.0,1.0,1.0,3.0,0.0,52186,Premier League 23/24
2024-04-03,15:30,Brentford,Brighton,11352325,Fsab,5,0.2,0.2,0.6,1.2,1.6,2.8,0.4,0.4,0.8,2.0,5,0.2,0.2,0.6,1.2,1.6,2.8,0.4,0.4,0.8,2.0,5,0.2,0.2,0.6,1.2,1.6,2.8,0.4,0.4,0.8,2.0,52186,Premier League 23/24
2024-04-03,16:15,Manchester City,Aston Villa,11352352,rP,47,0.6170212765957447,0.2127659574468085,0.1702127659574468,1.9787234042553192,0.9148936170212766,2.893617021276596,0.5319148936170213,0.5319148936170213,2.0638297872340425,0.723404255319149,10,0.8,0.1,0.1,2.6,0.8,3.4,0.6,0.7,2.5,0.4,5,0.6,0.2,0.2,1.8,1.2,3.0,0.8,0.6,2.0,0.8,52186,Premier League 23/24
2024-04-04,15:30,Liverpool,Sheffield United,11352347,psU,0,0.0,0.0,0.0,0.0,0.0,0.0,0.0,0.0,0.0,0.0,0,0.0,0.0,0.0,0.0,0.0,0.0,0.0,0.0,0.0,0.0,0,0.0,0.0,0.0,0.0,0.0,0.0,0.0,0.0,0.0,0.0,52186,Premier League 23/24
2024-04-04,16:15,Chelsea,Manchester Utd,11352340,mcYb,63,0.23809523809523808,0.4603174603174603,0.30158730158730157,1.1587301587301588,1.2698412698412698,2.4285714285714284,0.5555555555555556,0.42857142857142855,1.1746031746031746,1.3650793650793651,10,0.0,0.6,0.4,0.6,1.6,2.2,0.6,0.3,0.6,1.8,5,0.0,0.6,0.4,1.0,1.8,2.8,1.0,0.4,0.6,1.8,52186,Premier League 23/24
2024-04-06,08:30,Crystal Palace,Manchester City,11352362,hr,27,0.14814814814814814,0.25925925925925924,0.5925925925925926,0.7037037037037037,1.9259259259259258,2.6296296296296298,0.37037037037037035,0.5185185185185185,0.7037037037037037,2.037037037037037,10,0.1,0.3,0.6,0.9,2.0,2.9,0.4,0.5,0.6,2.1,5,0.2,0.4,0.4,1.2,1.4,2.6,0.4,0.4,1.0,1.6,52186,Premier League 23/24
2024-04-06,11:00,Fulham,Newcastle United,11352368,OsT,31,0.3548387096774194,0.22580645161290322,0.41935483870967744,1.096774193548387,1.3870967741935485,2.4838709677419355,0.5161290322580645,0.45161290322580644,1.2903225806451613,1.4838709677419355,10,0.1,0.2,0.7,0.3,1.7,2.0,0.2,0.3,0.5,2.3,5,0.0,0.2,0.8,0.4,2.2,2.6,0.4,0.4,0.2,2.6,52186,Premier League 23/24
2024-04-06,11:00,Aston Villa,Brentford,11352355,Psab,5,0.4,0.4,0.2,1.8,1.0,2.8,0.8,0.6,1.6,1.0,5,0.4,0.4,0.2,1.8,1.0,2.8,0.8,0.6,1.6,1.0,5,0.4,0.4,0.2,1.8,1.0,2.8,0.8,0.6,1.6,1.0,52186,Premier League 23/24
2024-04-06,11:00,Wolves,West Ham United,11352384,dsM,15,0.5333333333333333,0.0,0.4666666666666667,1.0666666666666667,1.2,2.2666666666666666,0.13333333333333333,0.3333333333333333,1.6,1.4,10,0.5,0.0,0.5,1.1,1.3,2.4,0.1,0.4,1.5,1.5,5,0.4,0.0,0.6,0.4,1.2,1.6,0.0,0.2,1.2,1.8,52186,Premier League 23/24
2024-04-06,11:00,Everton,Burnley,11352364,gsY,17,0.5294117647058824,0.058823529411764705,0.4117647058823529,1.6470588235294117,1.0,2.6470588235294117,0.5294117647058824,0.47058823529411764,1.6470588235294117,1.2941176470588236,10,0.5,0.1,0.4,1.8,1.1,2.9,0.6,0.5,1.6,1.3,5,0.4,0.2,0.4,1.8,1.4,3.2,0.8,0.6,1.4,1.4,52186,Premier League 23/24
2024-04-06,11:00,Luton Town,Bournemouth,11352371,kbsxb,1,0.0,0.0,1.0,3.0,4.0,7.0,1.0,1.0,0.0,3.0,1,0.0,0.0,1.0,3.0,4.0,7.0,1.0,1.0,0.0,3.0,1,0.0,0.0,1.0,3.0,4.0,7.0,1.0,1.0,0.0,3.0,52186,Premier League 23/24
2024-04-06,13:30,Brighton,Arsenal,11352359,FsR,13,0.38461538461538464,0.23076923076923078,0.38461538461538464,1.1538461538461537,1.3076923076923077,2.4615384615384617,0.5384615384615384,0.46153846153846156,1.3846153846153846,1.3846153846153846,10,0.4,0.2,0.4,1.2,1.3,2.5,0.5,0.5,1.4,1.4,5,0.4,0.2,0.4,1.4,1.4,2.8,0.4,0.6,1.4,1.4,52186,Premier League 23/24
2024-04-07,11:30,Manchester Utd,Liverpool,11352374,KU,0,0.0,0.0,0.0,0.0,0.0,0.0,0.0,0.0,0.0,0.0,0,0.0,0.0,0.0,0.0,0.0,0.0,0.0,0.0,0.0,0.0,0,0.0,0.0,0.0,0.0,0.0,0.0,0.0,0.0,0.0,0.0,52186,Premier League 23/24
2024-04-07,13:30,Sheffield United,Chelsea,11352378,psN,11,0.36363636363636365,0.09090909090909091,0.5454545454545454,1.4545454545454546,1.9090909090909092,3.3636363636363638,0.5454545454545454,0.7272727272727273,1.1818181818181819,1.7272727272727273,10,0.3,0.1,0.6,1.4,2.0,3.4,0.5,0.7,1.0,1.9,5,0.2,0.2,0.6,1.4,2.0,3.4,0.6,0.8,0.8,2.0,52186,Premier League 23/24
2024-04-07,14:00,Tottenham Hotspur,Nottingham Forest,11352381,osI,13,0.46153846153846156,0.07692307692307693,0.46153846153846156,1.3846153846153846,1.2307692307692308,2.6153846153846154,0.5384615384615384,0.5384615384615384,1.4615384615384615,1.4615384615384615,10,0.5,0.1,0.4,1.4,0.9,2.3,0.4,0.4,1.6,1.3,5,1.0,0.0,0.0,2.0,0.2,2.2,0.2,0.2,3.0,0.0,52186,Premier League 23/24
2024-04-13,08:30,Newcastle United,Tottenham Hotspur,11352410,IO,57,0.42105263157894735,0.14035087719298245,0.43859649122807015,1.5614035087719298,1.6140350877192982,3.175438596491228,0.631578947368421,0.5964912280701754,1.4035087719298245,1.456140350877193,10,0.3,0.2,0.5,1.7,2.1,3.8,0.8,0.7,1.1,1.7,5,0.4,0.0,0.6,2.4,2.8,5.2,1.0,1.0,1.2,1.8,52186,Premier League 23/24
2024-04-13,11:00,Manchester City,Luton Town,11352406,rsxb,1,1.0,0.0,0.0,2.0,1.0,3.0,1.0,1.0,3.0,0.0,1,1.0,0.0,0.0,2.0,1.0,3.0,1.0,1.0,3.0,0.0,1,1.0,0.0,0.0,2.0,1.0,3.0,1.0,1.0,3.0,0.0,52186,Premier League 23/24
2024-04-13,11:00,Burnley,Brighton,11352397,gsF,11,0.2727272727272727,0.5454545454545454,0.18181818181818182,1.0909090909090908,0.7272727272727273,1.8181818181818181,0.5454545454545454,0.36363636363636365,1.3636363636363635,1.0909090909090908,10,0.3,0.5,0.2,1.2,0.8,2.0,0.6,0.4,1.4,1.1,5,0.2,0.6,0.2,1.2,0.8,2.0,0.6,0.4,1.2,1.2,52186,Premier League 23/24
2024-04-13,11:00,Nottingham Forest,Wolves,11352413,dso,3,0.0,0.6666666666666666,0.3333333333333333,0.6666666666666666,1.0,1.6666666666666667,0.6666666666666666,0.0,0.6666666666666666,1.6666666666666667,3,0.0,0.6666666666666666,0.3333333333333333,0.6666666666666666,1.0,1.6666666666666667,0.6666666666666666,0.0,0.6666666666666666,1.6666666666666667,3,0.0,0.6666666666666666,0.3333333333333333,0.6666666666666666,1.0,1.6666666666666667,0.6666666666666666,0.0,0.6666666666666666,1.6666666666666667,52186,Premier League 23/24
2024-04-13,11:00,Brentford,Sheffield United,11352394,psab,1,0.0,0.0,1.0,0.0,1.0,1.0,0.0,0.0,0.0,3.0,1,0.0,0.0,1.0,0.0,1.0,1.0,0.0,0.0,0.0,3.0,1,0.0,0.0,1.0,0.0,1.0,1.0,0.0,0.0,0.0,3.0,52186,Premier League 23/24
2024-04-13,13:30,Bournemouth,Manchester Utd,11352387,Kkb,13,0.23076923076923078,0.07692307692307693,0.6923076923076923,1.0,2.0,3.0,0.5384615384615384,0.6153846153846154,0.7692307692307693,2.1538461538461537,10,0.2,0.1,0.7,0.9,1.9,2.8,0.4,0.5,0.7,2.2,5,0.4,0.0,0.6,1.2,1.8,3.0,0.2,0.6,1.2,1.8,52186,Premier League 23/24
2024-04-14,10:00,Liverpool,Crystal Palace,11352403,hsU,0,0.0,0.0,0.0,0.0,0.0,0.0,0.0,0.0,0.0,0.0,0,0.0,0.0,0.0,0.0,0.0,0.0,0.0,0.0,0.0,0.0,0,0.0,0.0,0.0,0.0,0.0,0.0,0.0,0.0,0.0,0.0,52186,Premier League 23/24
2024-04-14,10:00,West Ham United,Fulham,11352416,MsT,27,0.5555555555555556,0.2222222222222222,0.2222222222222222,1.5555555555555556,1.0740740740740742,2.6296296296296298,0.48148148148148145,0.5555555555555556,1.8888888888888888,0.8888888888888888,10,0.6,0.1,0.3,1.5,1.2,2.7,0.4,0.6,1.9,1.0,5,0.6,0.2,0.2,1.0,1.2,2.2,0.2,0.4,2.0,0.8,52186,Premier League 23/24
2024-04-14,12:30,Arsenal,Aston Villa,11352390,PR,57,0.543859649122807,0.2807017543859649,0.17543859649122806,1.6842105263157894,0.8771929824561403,2.56140350877193,0.49122807017543857,0.543859649122807,1.912280701754386,0.8070175438596491,10,0.6,0.0,0.4,1.7,1.2,2.9,0.4,0.6,1.8,1.2,5,0.8,0.0,0.2,2.0,1.0,3.0,0.6,0.6,2.4,0.6,52186,Premier League 23/24
2024-04-15,16:00,Chelsea,Everton,11352401,BQy,63,0.4444444444444444,0.3333333333333333,0.2222222222222222,1.4761904761904763,1.0158730158730158,2.492063492063492,0.47619047619047616,0.4444444444444444,1.6666666666666667,1.0,10,0.3,0.2,0.5,1.1,1.2,2.3,0.3,0.3,1.1,1.7,5,0.2,0.4,0.4,0.8,1.2,2.0,0.4,0.2,1.0,1.6,52186,Premier League 23/24
2024-04-20,11:00,Luton Town,Brentford,11352434,absxb,1,0.0,0.0,1.0,1.0,3.0,4.0,1.0,1.0,0.0,3.0,1,0.0,0.0,1.0,1.0,3.0,4.0,1.0,1.0,0.0,3.0,1,0.0,0.0,1.0,1.0,3.0,4.0,1.0,1.0,0.0,3.0,52186,Premier League 23/24
2024-04-20,11:00,Sheffield United,Burnley,11352441,gsp,5,0.4,0.2,0.4,1.0,1.4,2.4,0.2,0.4,1.4,1.4,5,0.4,0.2,0.4,1.0,1.4,2.4,0.2,0.4,1.4,1.4,5,0.4,0.2,0.4,1.0,1.4,2.4,0.2,0.4,1.4,1.4,52186,Premier League 23/24
2024-04-20,15:30,Wolves,Arsenal,11352448,dsR,19,0.15789473684210525,0.15789473684210525,0.6842105263157895,0.7368421052631579,2.0,2.736842105263158,0.5263157894736842,0.5263157894736842,0.631578947368421,2.210526315789474,10,0.3,0.1,0.6,1.0,1.8,2.8,0.6,0.6,1.0,1.9,5,0.0,0.0,1.0,0.4,2.4,2.8,0.4,0.6,0.0,3.0,52186,Premier League 23/24
2024-04-21,09:30,Everton,Nottingham Forest,11352429,osY,13,0.5384615384615384,0.15384615384615385,0.3076923076923077,1.5384615384615385,0.8461538461538461,2.3846153846153846,0.38461538461538464,0.46153846153846156,1.7692307692307692,1.0769230769230769,10,0.5,0.2,0.3,1.5,0.9,2.4,0.4,0.4,1.7,1.1,5,0.4,0.4,0.2,1.2,0.8,2.0,0.4,0.2,1.6,1.0,52186,Premier League 23/24
2024-04-21,11:00,Aston Villa,Bournemouth,11352420,Pkb,7,0.2857142857142857,0.14285714285714285,0.5714285714285714,1.2857142857142858,1.4285714285714286,2.7142857142857144,0.5714285714285714,0.7142857142857143,1.0,1.8571428571428572,7,0.2857142857142857,0.14285714285714285,0.5714285714285714,1.2857142857142858,1.4285714285714286,2.7142857142857144,0.5714285714285714,0.7142857142857143,1.0,1.8571428571428572,5,0.2,0.2,0.6,1.4,1.6,3.0,0.6,0.8,0.8,2.0,52186,Premier League 23/24
2024-04-21,11:00,Crystal Palace,West Ham United,11352425,hsM,25,0.32,0.32,0.36,1.52,1.76,3.28,0.76,0.64,1.28,1.4,10,0.4,0.4,0.2,1.9,1.7,3.6,1.0,0.7,1.6,1.0,5,0.4,0.4,0.2,2.2,2.0,4.2,1.0,0.8,1.6,1.0,52186,Premier League 23/24
2024-04-21,12:30,Fulham,Liverpool,11352432,TsU,0,0.0,0.0,0.0,0.0,0.0,0.0,0.0,0.0,0.0,0.0,0,0.0,0.0,0.0,0.0,0.0,0.0,0.0,0.0,0.0,0.0,0,0.0,0.0,0.0,0.0,0.0,0.0,0.0,0.0,0.0,0.0,52186,Premier League 23/24
2024-04-23,16:00,Arsenal,Chelsea,12190322,NR,63,0.4126984126984127,0.2698412698412698,0.31746031746031744,1.3650793650793651,1.3333333333333333,2.6984126984126986,0.5396825396825397,0.5238095238095238,1.507936507936508,1.2222222222222223,10,0.6,0.2,0.2,1.9,1.2,3.1,0.6,0.6,2.0,0.8,5,0.6,0.2,0.2,2.0,1.4,3.4,0.6,0.6,2.0,0.8,52186,Premier League 23/24
2024-04-24,15:45,Wolves,Bournemouth,12190332,dskb,7,0.5714285714285714,0.2857142857142857,0.14285714285714285,1.1428571428571428,0.5714285714285714,1.7142857142857142,0.42857142857142855,0.2857142857142857,2.0,0.7142857142857143,7,0.5714285714285714,0.2857142857142857,0.14285714285714285,1.1428571428571428,0.5714285714285714,1.7142857142857142,0.42857142857142855,0.2857142857142857,2.0,0.7142857142857143,5,0.6,0.2,0.2,1.0,0.6,1.6,0.4,0.4,2.0,0.8,52186,Premier League 23/24
2024-04-24,16:00,Everton,Liverpool,12190339,UsY,0,0.0,0.0,0.0,0.0,0.0,0.0,0.0,0.0,0.0,0.0,0,0.0,0.0,0.0,0.0,0.0,0.0,0.0,0.0,0.0,0.0,0,0.0,0.0,0.0,0.0,0.0,0.0,0.0,0.0,0.0,0.0,52186,Premier League 23/24
2024-04-24,16:00,Manchester Utd,Sheffield United,12190336,psK,11,0.7272727272727273,0.09090909090909091,0.18181818181818182,2.272727272727273,1.0909090909090908,3.3636363636363638,0.6363636363636364,0.9090909090909091,2.272727272727273,0.6363636363636364,10,0.8,0.1,0.1,2.4,1.0,3.4,0.6,0.9,2.5,0.4,5,0.6,0.2,0.2,2.4,1.6,4.0,0.8,1.0,2.0,0.8,52186,Premier League 23/24
2024-04-24,16:00,Crystal Palace,Newcastle United,12190340,hO,25,0.2,0.32,0.48,0.8,1.24,2.04,0.36,0.32,0.92,1.76,10,0.3,0.3,0.4,0.5,1.0,1.5,0.2,0.2,1.2,1.5,5,0.0,0.6,0.4,0.2,1.2,1.4,0.2,0.2,0.6,1.8,52186,Premier League 23/24
2024-04-25,16:00,Brighton,Manchester City,12190341,rsF,13,0.07692307692307693,0.07692307692307693,0.8461538461538461,0.6923076923076923,2.769230769230769,3.4615384615384617,0.5384615384615384,0.6923076923076923,0.3076923076923077,2.6153846153846154,10,0.1,0.1,0.8,0.8,2.9,3.7,0.6,0.8,0.4,2.5,5,0.0,0.2,0.8,0.8,2.6,3.4,0.8,0.8,0.2,2.6,52186,Premier League 23/24
2024-04-27,08:30,West Ham United,Liverpool,11352476,MU,0,0.0,0.0,0.0,0.0,0.0,0.0,0.0,0.0,0.0,0.0,0,0.0,0.0,0.0,0.0,0.0,0.0,0.0,0.0,0.0,0.0,0,0.0,0.0,0.0,0.0,0.0,0.0,0.0,0.0,0.0,0.0,52186,Premier League 23/24
2024-04-27,11:00,Manchester Utd,Burnley,11352463,gK,17,0.5882352941176471,0.29411764705882354,0.11764705882352941,1.5294117647058822,0.6470588235294118,2.176470588235294,0.35294117647058826,0.35294117647058826,2.0588235294117645,0.6470588235294118,10,0.7,0.2,0.1,1.6,0.7,2.3,0.4,0.3,2.3,0.5,5,0.8,0.2,0.0,1.8,0.6,2.4,0.6,0.4,2.6,0.2,52186,Premier League 23/24
2024-04-27,11:00,Newcastle United,Sheffield United,11352467,psO,9,0.6666666666666666,0.0,0.3333333333333333,2.2222222222222223,0.5555555555555556,2.7777777777777777,0.1111111111111111,0.4444444444444444,2.0,1.0,9,0.6666666666666666,0.0,0.3333333333333333,2.2222222222222223,0.5555555555555556,2.7777777777777777,0.1111111111111111,0.4444444444444444,2.0,1.0,5,0.8,0.0,0.2,2.8,0.2,3.0,0.0,0.4,2.4,0.6,52186,Premier League 23/24
2024-04-27,11:00,Fulham,Crystal Palace,11352460,hsT,11,0.2727272727272727,0.36363636363636365,0.36363636363636365,1.3636363636363635,1.2727272727272727,2.6363636363636362,0.45454545454545453,0.5454545454545454,1.1818181818181819,1.4545454545454546,10,0.3,0.4,0.3,1.5,1.2,2.7,0.5,0.6,1.3,1.3,5,0.2,0.6,0.2,1.2,0.8,2.0,0.4,0.6,1.2,1.2,52186,Premier League 23/24
2024-04-27,11:00,Wolves,Luton Town,11352479,dsxb,1,0.0,1.0,0.0,1.0,1.0,2.0,1.0,0.0,1.0,1.0,1,0.0,1.0,0.0,1.0,1.0,2.0,1.0,0.0,1.0,1.0,1,0.0,1.0,0.0,1.0,1.0,2.0,1.0,0.0,1.0,1.0,52186,Premier League 23/24
2024-04-27,13:30,Everton,Brentford,11352457,Ysab,5,0.4,0.2,0.4,1.4,1.2,2.6,0.6,0.4,1.4,1.4,5,0.4,0.2,0.4,1.4,1.2,2.6,0.6,0.4,1.4,1.4,5,0.4,0.2,0.4,1.4,1.2,2.6,0.6,0.4,1.4,1.4,52186,Premier League 23/24
2024-04-27,16:00,Aston Villa,Chelsea,11352454,NP,57,0.2631578947368421,0.22807017543859648,0.5087719298245614,0.9473684210526315,1.6140350877192982,2.56140350877193,0.47368421052631576,0.43859649122807015,1.0175438596491229,1.7543859649122806,10,0.3,0.1,0.6,0.9,1.8,2.7,0.5,0.6,1.0,1.9,5,0.4,0.0,0.6,0.8,1.6,2.4,0.2,0.4,1.2,1.8,52186,Premier League 23/24
2024-04-28,10:00,Tottenham Hotspur,Arsenal,11352472,IsR,63,0.25396825396825395,0.3492063492063492,0.3968253968253968,1.2063492063492063,1.5396825396825398,2.746031746031746,0.6349206349206349,0.49206349206349204,1.1111111111111112,1.5396825396825398,10,0.3,0.3,0.4,1.5,1.6,3.1,0.7,0.7,1.2,1.5,5,0.2,0.2,0.6,1.4,2.0,3.4,0.6,0.8,0.8,2.0,52186,Premier League 23/24
2024-04-28,10:00,Bournemouth,Brighton,11352451,Fskb,9,0.4444444444444444,0.1111111111111111,0.4444444444444444,1.6666666666666667,1.3333333333333333,3.0,0.4444444444444444,0.5555555555555556,1.4444444444444444,1.4444444444444444,9,0.4444444444444444,0.1111111111111111,0.4444444444444444,1.6666666666666667,1.3333333333333333,3.0,0.4444444444444444,0.5555555555555556,1.4444444444444444,1.4444444444444444,5,0.2,0.0,0.8,0.8,1.8,2.6,0.4,0.4,0.6,2.4,52186,Premier League 23/24
2024-04-28,12:30,Nottingham Forest,Manchester City,11352470,osr,9,0.2222222222222222,0.4444444444444444,0.3333333333333333,1.2222222222222223,1.8888888888888888,3.111111111111111,0.4444444444444444,0.4444444444444444,1.1111111111111112,1.4444444444444444,9,0.2222222222222222,0.4444444444444444,0.3333333333333333,1.2222222222222223,1.8888888888888888,3.111111111111111,0.4444444444444444,0.4444444444444444,1.1111111111111112,1.4444444444444444,5,0.2,0.4,0.4,1.0,2.0,3.0,0.4,0.4,1.0,1.6,52186,Premier League 23/24
2024-05-02,15:30,Chelsea,Tottenham Hotspur,12226774,IN,63,0.5555555555555556,0.31746031746031744,0.12698412698412698,1.7936507936507937,0.9206349206349206,2.7142857142857144,0.5079365079365079,0.49206349206349204,1.9841269841269842,0.6984126984126984,10,0.7,0.2,0.1,1.8,0.6,2.4,0.3,0.4,2.3,0.5,5,0.6,0.2,0.2,2.2,1.0,3.2,0.4,0.6,2.0,0.8,52186,Premier League 23/24
2024-05-03,16:00,Luton Town,Everton,11352503,Ysxb,1,1.0,0.0,0.0,2.0,1.0,3.0,1.0,1.0,3.0,0.0,1,1.0,0.0,0.0,2.0,1.0,3.0,1.0,1.0,3.0,0.0,1,1.0,0.0,0.0,2.0,1.0,3.0,1.0,1.0,3.0,0.0,52186,Premier League 23/24
2024-05-04,08:30,Arsenal,Bournemouth,11352482,Rkb,13,0.7692307692307693,0.15384615384615385,0.07692307692307693,2.5384615384615383,0.8461538461538461,3.3846153846153846,0.5384615384615384,0.6923076923076923,2.4615384615384617,0.38461538461538464,10,0.7,0.2,0.1,2.6,1.0,3.6,0.6,0.8,2.3,0.5,5,0.8,0.2,0.0,2.4,0.6,3.0,0.4,0.6,2.6,0.2,52186,Premier League 23/24
2024-05-04,11:00,Burnley,Newcastle United,11352491,gsO,13,0.15384615384615385,0.3076923076923077,0.5384615384615384,0.8461538461538461,1.4615384615384615,2.3076923076923075,0.5384615384615384,0.38461538461538464,0.7692307692307693,1.9230769230769231,10,0.1,0.2,0.7,0.6,1.5,2.1,0.5,0.4,0.5,2.3,5,0.0,0.0,1.0,0.6,2.0,2.6,0.6,0.6,0.0,3.0,52186,Premier League 23/24
2024-05-04,11:00,Brentford,Fulham,11352485,Tsab,3,0.6666666666666666,0.0,0.3333333333333333,2.6666666666666665,1.6666666666666667,4.333333333333333,0.6666666666666666,1.0,2.0,1.0,3,0.6666666666666666,0.0,0.3333333333333333,2.6666666666666665,1.6666666666666667,4.333333333333333,0.6666666666666666,1.0,2.0,1.0,3,0.6666666666666666,0.0,0.3333333333333333,2.6666666666666665,1.6666666666666667,4.333333333333333,0.6666666666666666,1.0,2.0,1.0,52186,Premier League 23/24
2024-05-04,11:00,Sheffield United,Nottingham Forest,11352510,osp,3,0.3333333333333333,0.3333333333333333,0.3333333333333333,1.0,0.6666666666666666,1.6666666666666667,0.3333333333333333,0.3333333333333333,1.3333333333333333,1.3333333333333333,3,0.3333333333333333,0.3333333333333333,0.3333333333333333,1.0,0.6666666666666666,1.6666666666666667,0.3333333333333333,0.3333333333333333,1.3333333333333333,1.3333333333333333,3,0.3333333333333333,0.3333333333333333,0.3333333333333333,1.0,0.6666666666666666,1.6666666666666667,0.3333333333333333,0.3333333333333333,1.3333333333333333,1.3333333333333333,52186,Premier League 23/24
2024-05-04,13:30,Manchester City,Wolves,11352507,dsr,19,0.631578947368421,0.10526315789473684,0.2631578947368421,2.263157894736842,1.105263157894737,3.3684210526315788,0.5263157894736842,0.6842105263157895,2.0,0.8947368421052632,10,0.7,0.0,0.3,2.5,1.0,3.5,0.5,0.8,2.1,0.9,5,0.8,0.0,0.2,2.6,0.6,3.2,0.4,0.8,2.4,0.6,52186,Premier League 23/24
2024-05-05,10:00,Chelsea,West Ham United,11352494,MsN,55,0.5272727272727272,0.18181818181818182,0.2909090909090909,1.690909090909091,0.9636363636363636,2.6545454545454548,0.5272727272727272,0.5272727272727272,1.7636363636363637,1.0545454545454545,10,0.5,0.1,0.4,1.5,1.2,2.7,0.5,0.5,1.6,1.3,5,0.4,0.2,0.4,1.4,1.6,3.0,0.8,0.6,1.4,1.4,52186,Premier League 23/24
2024-05-05,10:00,Brighton,Aston Villa,11352488,FP,9,0.1111111111111111,0.2222222222222222,0.6666666666666666,0.7777777777777778,2.0,2.7777777777777777,0.6666666666666666,0.5555555555555556,0.5555555555555556,2.2222222222222223,9,0.1111111111111111,0.2222222222222222,0.6666666666666666,0.7777777777777778,2.0,2.7777777777777777,0.6666666666666666,0.5555555555555556,0.5555555555555556,2.2222222222222223,5,0.0,0.0,1.0,0.6,2.8,3.4,0.6,0.6,0.0,3.0,52186,Premier League 23/24
2024-05-05,12:30,Liverpool,Tottenham Hotspur,11352500,IsU,0,0.0,0.0,0.0,0.0,0.0,0.0,0.0,0.0,0.0,0.0,0,0.0,0.0,0.0,0.0,0.0,0.0,0.0,0.0,0.0,0.0,0,0.0,0.0,0.0,0.0,0.0,0.0,0.0,0.0,0.0,0.0,52186,Premier League 23/24
2024-05-06,16:00,Crystal Palace,Manchester Utd,12226495,hK,29,0.13793103448275862,0.20689655172413793,0.6551724137931034,0.5862068965517241,1.6551724137931034,2.2413793103448274,0.3448275862068966,0.3793103448275862,0.6206896551724138,2.1724137931034484,10,0.4,0.2,0.4,1.0,1.1,2.1,0.5,0.4,1.4,1.4,5,0.4,0.2,0.4,0.8,0.8,1.6,0.4,0.2,1.4,1.4,52186,Premier League 23/24
2024-05-11,08:30,Fulham,Manchester City,11352529,rsT,31,0.12903225806451613,0.2903225806451613,0.5806451612903226,1.064516129032258,2.2580645161290325,3.3225806451612905,0.6774193548387096,0.6774193548387096,0.6774193548387096,2.032258064516129,10,0.0,0.0,1.0,0.5,3.0,3.5,0.4,0.7,0.0,3.0,5,0.0,0.0,1.0,0.6,2.8,3.4,0.6,0.8,0.0,3.0,52186,Premier League 23/24
2024-05-11,11:00,Tottenham Hotspur,Burnley,11352542,gsI,17,0.6470588235294118,0.17647058823529413,0.17647058823529413,2.1176470588235294,0.7647058823529411,2.8823529411764706,0.4117647058823529,0.5294117647058824,2.1176470588235294,0.7058823529411765,10,0.7,0.1,0.2,2.2,0.6,2.8,0.3,0.5,2.2,0.7,5,0.8,0.0,0.2,2.2,0.6,2.8,0.2,0.4,2.4,0.6,52186,Premier League 23/24
2024-05-11,11:00,Newcastle United,Brighton,11352536,FsO,13,0.15384615384615385,0.46153846153846156,0.38461538461538464,0.6923076923076923,1.1538461538461537,1.8461538461538463,0.38461538461538464,0.38461538461538464,0.9230769230769231,1.6153846153846154,10,0.2,0.5,0.3,0.9,1.3,2.2,0.5,0.5,1.1,1.4,5,0.4,0.4,0.2,1.6,1.2,2.8,0.8,0.6,1.6,1.0,52186,Premier League 23/24
2024-05-11,11:00,West Ham United,Luton Town,11352513,Msxb,1,1.0,0.0,0.0,2.0,1.0,3.0,1.0,1.0,3.0,0.0,1,1.0,0.0,0.0,2.0,1.0,3.0,1.0,1.0,3.0,0.0,1,1.0,0.0,0.0,2.0,1.0,3.0,1.0,1.0,3.0,0.0,52186,Premier League 23/24
2024-05-11,11:00,Wolves,Crystal Palace,11352516,dsh,11,0.36363636363636365,0.09090909090909091,0.5454545454545454,1.0,1.1818181818181819,2.1818181818181817,0.2727272727272727,0.18181818181818182,1.1818181818181819,1.7272727272727273,10,0.3,0.1,0.6,1.0,1.3,2.3,0.3,0.2,1.0,1.9,5,0.2,0.0,0.8,1.0,1.8,2.8,0.4,0.4,0.6,2.4,52186,Premier League 23/24
2024-05-11,11:00,Everton,Sheffield United,11352527,psY,11,0.36363636363636365,0.18181818181818182,0.45454545454545453,0.8181818181818182,0.9090909090909091,1.7272727272727273,0.18181818181818182,0.18181818181818182,1.2727272727272727,1.5454545454545454,10,0.4,0.2,0.4,0.9,0.9,1.8,0.2,0.2,1.4,1.4,5,0.4,0.2,0.4,0.8,1.0,1.8,0.2,0.2,1.4,1.4,52186,Premier League 23/24
2024-05-11,11:00,Bournemouth,Brentford,11352519,abskb,3,0.0,0.6666666666666666,0.3333333333333333,0.6666666666666666,1.3333333333333333,2.0,0.3333333333333333,0.3333333333333333,0.6666666666666666,1.6666666666666667,3,0.0,0.6666666666666666,0.3333333333333333,0.6666666666666666,1.3333333333333333,2.0,0.3333333333333333,0.3333333333333333,0.6666666666666666,1.6666666666666667,3,0.0,0.6666666666666666,0.3333333333333333,0.6666666666666666,1.3333333333333333,2.0,0.3333333333333333,0.3333333333333333,0.6666666666666666,1.6666666666666667,52186,Premier League 23/24
2024-05-11,13:30,Nottingham Forest,Chelsea,11352539,osN,13,0.3076923076923077,0.38461538461538464,0.3076923076923077,1.0769230769230769,0.8461538461538461,1.9230769230769231,0.38461538461538464,0.3076923076923077,1.3076923076923077,1.3076923076923077,10,0.3,0.4,0.3,1.1,1.0,2.1,0.5,0.3,1.3,1.3,5,0.2,0.4,0.4,1.2,1.6,2.8,0.8,0.6,1.0,1.6,52186,Premier League 23/24
2024-05-12,12:30,Manchester Utd,Arsenal,11352532,KR,63,0.4126984126984127,0.2857142857142857,0.30158730158730157,1.3968253968253967,1.1587301587301588,2.5555555555555554,0.5396825396825397,0.47619047619047616,1.5238095238095237,1.1904761904761905,10,0.2,0.2,0.6,1.1,1.8,2.9,0.6,0.5,0.8,2.0,5,0.4,0.0,0.6,2.0,2.4,4.4,1.0,1.0,1.2,1.8,52186,Premier League 23/24
2024-05-13,16:00,Aston Villa,Liverpool,11352523,PU,0,0.0,0.0,0.0,0.0,0.0,0.0,0.0,0.0,0.0,0.0,0,0.0,0.0,0.0,0.0,0.0,0.0,0.0,0.0,0.0,0.0,0,0.0,0.0,0.0,0.0,0.0,0.0,0.0,0.0,0.0,0.0,52186,Premier League 23/24
2024-05-14,16:00,Tottenham Hotspur,Manchester City,12240634,rI,53,0.5094339622641509,0.18867924528301888,0.3018867924528302,1.4339622641509433,1.4339622641509433,2.8679245283018866,0.5471698113207547,0.5471698113207547,1.7169811320754718,1.0943396226415094,10,0.5,0.2,0.3,1.6,1.5,3.1,0.4,0.5,1.7,1.1,5,0.6,0.2,0.2,2.0,1.8,3.8,0.6,0.6,2.0,0.8,52186,Premier League 23/24
2024-05-15,15:45,Brighton,Chelsea,12240570,FsN,13,0.15384615384615385,0.3076923076923077,0.5384615384615384,1.0,1.8461538461538463,2.8461538461538463,0.6153846153846154,0.5384615384615384,0.7692307692307693,1.9230769230769231,10,0.2,0.4,0.4,1.2,1.6,2.8,0.7,0.5,1.0,1.6,5,0.4,0.4,0.2,2.0,1.4,3.4,1.0,0.6,1.6,1.0,52186,Premier League 23/24
2024-05-15,16:00,Manchester Utd,Newcastle United,12240571,DYBe,57,0.5789473684210527,0.2631578947368421,0.15789473684210525,1.9824561403508771,1.0,2.982456140350877,0.49122807017543857,0.49122807017543857,2.0,0.7368421052631579,10,0.5,0.2,0.3,1.8,0.9,2.7,0.5,0.4,1.7,1.1,5,0.2,0.4,0.4,1.0,1.0,2.0,0.4,0.2,1.0,1.6,52186,Premier League 23/24
2024-05-19,12:00,Manchester City,West Ham United,11352571,rM,45,0.6222222222222222,0.17777777777777778,0.2,1.8222222222222222,0.8888888888888888,2.7111111111111112,0.4888888888888889,0.6,2.0444444444444443,0.7777777777777778,10,0.8,0.2,0.0,2.3,0.6,2.9,0.5,0.6,2.6,0.2,5,0.8,0.2,0.0,2.4,0.8,3.2,0.6,0.8,2.6,0.2,52186,Premier League 23/24
2024-05-19,12:00,Brighton,Manchester Utd,11352552,FsK,13,0.46153846153846156,0.0,0.5384615384615384,1.4615384615384615,1.5384615384615385,3.0,0.5384615384615384,0.6923076923076923,1.3846153846153846,1.6153846153846154,10,0.4,0.0,0.6,1.5,1.7,3.2,0.6,0.8,1.2,1.8,5,0.8,0.0,0.2,2.0,0.8,2.8,0.4,0.6,2.4,0.6,52186,Premier League 23/24
2024-05-19,12:00,Liverpool,Wolves,11352565,dsU,0,0.0,0.0,0.0,0.0,0.0,0.0,0.0,0.0,0.0,0.0,0,0.0,0.0,0.0,0.0,0.0,0.0,0.0,0.0,0.0,0.0,0,0.0,0.0,0.0,0.0,0.0,0.0,0.0,0.0,0.0,0.0,52186,Premier League 23/24
2024-05-19,12:00,Arsenal,Everton,11352546,RY,63,0.5873015873015873,0.2222222222222222,0.19047619047619047,1.9206349206349207,0.8888888888888888,2.8095238095238093,0.5396825396825397,0.47619047619047616,1.9841269841269842,0.7936507936507936,10,0.4,0.1,0.5,1.5,1.0,2.5,0.4,0.5,1.3,1.6,5,0.6,0.0,0.4,2.2,0.8,3.0,0.4,0.6,1.8,1.2,52186,Premier League 23/24
2024-05-19,12:00,Chelsea,Bournemouth,11352558,Nskb,13,0.5384615384615384,0.15384615384615385,0.3076923076923077,1.5384615384615385,1.0769230769230769,2.6153846153846154,0.3076923076923077,0.5384615384615384,1.7692307692307692,1.0769230769230769,10,0.5,0.2,0.3,1.3,1.2,2.5,0.3,0.5,1.7,1.1,5,0.4,0.4,0.2,1.4,0.8,2.2,0.4,0.4,1.6,1.0,52186,Premier League 23/24
2024-05-19,12:00,Sheffield United,Tottenham Hotspur,11352574,psI,11,0.18181818181818182,0.36363636363636365,0.45454545454545453,1.5454545454545454,1.8181818181818181,3.3636363636363638,0.6363636363636364,0.6363636363636364,0.9090909090909091,1.7272727272727273,10,0.2,0.4,0.4,1.7,1.8,3.5,0.7,0.7,1.0,1.6,5,0.2,0.2,0.6,1.2,2.2,3.4,0.8,0.8,0.8,2.0,52186,Premier League 23/24
2024-05-19,12:00,Brentford,Newcastle United,11352549,Osab,5,0.0,0.2,0.8,1.0,2.6,3.6,0.6,0.6,0.2,2.6,5,0.0,0.2,0.8,1.0,2.6,3.6,0.6,0.6,0.2,2.6,5,0.0,0.2,0.8,1.0,2.6,3.6,0.6,0.6,0.2,2.6,52186,Premier League 23/24
2024-05-19,12:00,Crystal Palace,Aston Villa,11352562,hP,23,0.34782608695652173,0.2608695652173913,0.391304347826087,0.8695652173913043,1.173913043478261,2.0434782608695654,0.43478260869565216,0.34782608695652173,1.3043478260869565,1.434782608695652,10,0.3,0.1,0.6,1.0,1.6,2.6,0.5,0.5,1.0,1.9,5,0.2,0.2,0.6,1.2,1.6,2.8,0.8,0.6,0.8,2.0,52186,Premier League 23/24
2024-05-19,12:00,Luton Town,Fulham,11352568,Tsxb,1,0.0,0.0,1.0,0.0,1.0,1.0,0.0,0.0,0.0,3.0,1,0.0,0.0,1.0,0.0,1.0,1.0,0.0,0.0,0.0,3.0,1,0.0,0.0,1.0,0.0,1.0,1.0,0.0,0.0,0.0,3.0,52186,Premier League 23/24
2024-05-19,12:00,Burnley,Nottingham Forest,11352555,gso,1,0.0,1.0,0.0,1.0,1.0,2.0,1.0,0.0,1.0,1.0,1,0.0,1.0,0.0,1.0,1.0,2.0,1.0,0.0,1.0,1.0,1,0.0,1.0,0.0,1.0,1.0,2.0,1.0,0.0,1.0,1.0,52186,Premier League 23/24
