date,time,local_team,away_team,event_id,custom_id,h2h_all_matches,h2h_all_local_win_pct,h2h_all_draw_pct,h2h_all_away_win_pct,h2h_all_local_goals_avg,h2h_all_away_goals_avg,h2h_all_total_goals_avg,h2h_all_btts_pct,h2h_all_over25_pct,h2h_all_local_points_avg,h2h_all_away_points_avg,h2h_last10_matches,h2h_last10_local_win_pct,h2h_last10_draw_pct,h2h_last10_away_win_pct,h2h_last10_local_goals_avg,h2h_last10_away_goals_avg,h2h_last10_total_goals_avg,h2h_last10_btts_pct,h2h_last10_over25_pct,h2h_last10_local_points_avg,h2h_last10_away_points_avg,h2h_last5_matches,h2h_last5_local_win_pct,h2h_last5_draw_pct,h2h_last5_away_win_pct,h2h_last5_local_goals_avg,h2h_last5_away_goals_avg,h2h_last5_total_goals_avg,h2h_last5_btts_pct,h2h_last5_over25_pct,h2h_last5_local_points_avg,h2h_last5_away_points_avg,season_id,season_name
2025-08-15,15:45,Stade Rennais,Olympique de Marseille,14061188,QHsiI,78,0.2692307692307692,0.23076923076923078,0.5,1.1538461538461537,1.6923076923076923,2.8461538461538463,0.5769230769230769,0.5,1.0384615384615385,1.7307692307692308,10,0.3,0.1,0.6,1.0,1.4,2.4,0.4,0.3,1.0,1.9,5,0.2,0.0,0.8,1.0,1.8,2.8,0.4,0.4,0.6,2.4,77356,Ligue 1 25/26
2025-08-16,12:00,RC Lens,Olympique Lyonnais,14061760,YHsZH,68,0.27941176470588236,0.2647058823529412,0.45588235294117646,1.2205882352941178,1.6470588235294117,2.8676470588235294,0.5147058823529411,0.5588235294117647,1.1029411764705883,1.6323529411764706,10,0.4,0.3,0.3,1.5,1.2,2.7,0.7,0.6,1.5,1.2,5,0.6,0.2,0.2,1.8,1.0,2.8,0.6,0.8,2.0,0.8,77356,Ligue 1 25/26
2025-08-16,14:00,AS Monaco,Le Havre,14061187,dIsmI,32,0.4375,0.375,0.1875,1.5,0.9375,2.4375,0.5625,0.40625,1.6875,0.9375,10,0.5,0.4,0.1,2.1,1.0,3.1,0.7,0.5,1.9,0.7,5,0.2,0.6,0.2,1.0,0.8,1.8,0.6,0.2,1.2,1.2,77356,Ligue 1 25/26
2025-08-16,16:05,Nice,Toulouse,14061183,lIsGI,52,0.40384615384615385,0.34615384615384615,0.25,1.1730769230769231,0.9423076923076923,2.1153846153846154,0.46153846153846156,0.2692307692307692,1.5576923076923077,1.0961538461538463,10,0.3,0.6,0.1,1.2,0.7,1.9,0.6,0.2,1.5,0.9,5,0.2,0.6,0.2,0.8,0.8,1.6,0.6,0.2,1.2,1.2,77356,Ligue 1 25/26
2025-08-17,10:00,Stade Brestois,Lille,14061179,THspJ,37,0.21621621621621623,0.32432432432432434,0.4594594594594595,0.8378378378378378,1.2432432432432432,2.081081081081081,0.4864864864864865,0.35135135135135137,0.972972972972973,1.7027027027027026,10,0.3,0.4,0.3,1.1,1.0,2.1,0.5,0.3,1.3,1.3,5,0.2,0.2,0.6,1.0,1.4,2.4,0.6,0.4,0.8,2.0,77356,Ligue 1 25/26
2025-08-17,12:15,Metz,RC Strasbourg,14061192,bIsjI,66,0.42424242424242425,0.2727272727272727,0.30303030303030304,1.1818181818181819,1.0909090909090908,2.272727272727273,0.45454545454545453,0.4696969696969697,1.5454545454545454,1.1818181818181819,10,0.2,0.3,0.5,1.1,1.5,2.6,0.5,0.6,0.9,1.8,5,0.0,0.0,1.0,0.4,2.0,2.4,0.4,0.6,0.0,3.0,77356,Ligue 1 25/26
2025-08-17,12:15,Auxerre,Lorient,14061182,WHsgI,18,0.4444444444444444,0.4444444444444444,0.1111111111111111,1.7222222222222223,1.0555555555555556,2.7777777777777777,0.6666666666666666,0.5,1.7777777777777777,0.7777777777777778,10,0.4,0.5,0.1,1.3,0.9,2.2,0.6,0.4,1.7,0.8,5,0.4,0.4,0.2,1.2,1.2,2.4,0.8,0.4,1.6,1.0,77356,Ligue 1 25/26
2025-08-17,12:15,Angers,Paris FC,14061180,JIsvwc,6,0.16666666666666666,0.6666666666666666,0.16666666666666666,1.0,1.3333333333333333,2.3333333333333335,0.6666666666666666,0.5,1.1666666666666667,1.1666666666666667,6,0.16666666666666666,0.6666666666666666,0.16666666666666666,1.0,1.3333333333333333,2.3333333333333335,0.6666666666666666,0.5,1.1666666666666667,1.1666666666666667,5,0.0,0.8,0.2,0.8,1.4,2.2,0.6,0.4,0.8,1.4,77356,Ligue 1 25/26
2025-08-17,15:45,Nantes,Paris Saint-Germain,14061185,UHsXH,94,0.2765957446808511,0.2872340425531915,0.43617021276595747,1.0212765957446808,1.351063829787234,2.372340425531915,0.4148936170212766,0.4148936170212766,1.1170212765957446,1.5957446808510638,10,0.2,0.2,0.6,1.1,2.1,3.2,0.7,0.7,0.8,2.0,5,0.0,0.4,0.6,1.0,2.0,3.0,0.8,0.4,0.4,2.2,77356,Ligue 1 25/26
2025-08-22,15:45,Paris Saint-Germain,Angers,14065702,UHsJI,31,0.6774193548387096,0.22580645161290322,0.0967741935483871,2.161290322580645,0.8387096774193549,3.0,0.5483870967741935,0.5483870967741935,2.2580645161290325,0.5161290322580645,10,1.0,0.0,0.0,2.7,0.6,3.3,0.5,0.7,3.0,0.0,5,1.0,0.0,0.0,2.4,0.6,3.0,0.4,0.6,3.0,0.0,77356,Ligue 1 25/26
2025-08-23,12:00,Olympique de Marseille,Paris FC,14065703,QHsvwc,6,0.5,0.3333333333333333,0.16666666666666666,1.5,0.6666666666666666,2.1666666666666665,0.5,0.5,1.8333333333333333,0.8333333333333334,6,0.5,0.3333333333333333,0.16666666666666666,1.5,0.6666666666666666,2.1666666666666665,0.5,0.5,1.8333333333333333,0.8333333333333334,5,0.4,0.4,0.2,1.2,0.6,1.8,0.4,0.4,1.6,1.0,77356,Ligue 1 25/26
2025-08-23,14:00,Nice,Auxerre,14065698,WHslI,46,0.30434782608695654,0.2391304347826087,0.45652173913043476,0.8913043478260869,1.1956521739130435,2.0869565217391304,0.391304347826087,0.30434782608695654,1.1521739130434783,1.608695652173913,10,0.1,0.4,0.5,0.6,1.2,1.8,0.5,0.2,0.7,1.9,5,0.0,0.8,0.2,0.8,1.0,1.8,0.8,0.2,0.8,1.4,77356,Ligue 1 25/26
2025-08-23,16:05,Olympique Lyonnais,Metz,14065707,ZHsbI,74,0.5135135135135135,0.22972972972972974,0.25675675675675674,1.6081081081081081,0.918918918918919,2.527027027027027,0.4189189189189189,0.4189189189189189,1.7702702702702702,1.0,10,0.6,0.2,0.2,2.0,0.8,2.8,0.5,0.4,2.0,0.8,5,0.2,0.4,0.4,1.2,1.4,2.6,0.8,0.4,1.0,1.6,77356,Ligue 1 25/26
2025-08-24,10:00,Lorient,Stade Rennais,14065700,gIsiI,34,0.29411764705882354,0.2647058823529412,0.4411764705882353,0.9411764705882353,1.411764705882353,2.3529411764705883,0.5,0.4117647058823529,1.1470588235294117,1.588235294117647,10,0.5,0.1,0.4,1.0,1.6,2.6,0.5,0.6,1.6,1.3,5,0.8,0.0,0.2,1.4,1.6,3.0,0.6,0.8,2.4,0.6,77356,Ligue 1 25/26
2025-08-24,12:15,Le Havre,RC Lens,14065699,YHsmI,30,0.2,0.43333333333333335,0.36666666666666664,0.8,1.2,2.0,0.4,0.3,1.0333333333333334,1.5333333333333334,10,0.3,0.3,0.4,1.2,1.6,2.8,0.6,0.5,1.2,1.5,5,0.2,0.4,0.4,1.4,1.8,3.2,0.8,0.6,1.0,1.6,77356,Ligue 1 25/26
2025-08-24,12:15,Toulouse,Stade Brestois,14065701,GIspJ,30,0.3333333333333333,0.4666666666666667,0.2,1.2333333333333334,1.1,2.3333333333333335,0.4666666666666667,0.43333333333333335,1.4666666666666666,1.0666666666666667,10,0.2,0.3,0.5,1.2,2.1,3.3,0.7,0.5,0.9,1.8,5,0.0,0.2,0.8,0.8,2.6,3.4,0.6,0.6,0.2,2.6,77356,Ligue 1 25/26
2025-08-24,12:15,RC Strasbourg,Nantes,14065710,XHsjI,71,0.28169014084507044,0.22535211267605634,0.49295774647887325,1.1971830985915493,1.6901408450704225,2.887323943661972,0.5492957746478874,0.5633802816901409,1.0704225352112675,1.704225352112676,10,0.6,0.2,0.2,1.9,0.9,2.8,0.6,0.6,2.0,0.8,5,0.8,0.0,0.2,2.0,0.8,2.8,0.6,0.6,2.4,0.6,77356,Ligue 1 25/26
2025-08-24,15:45,Lille,AS Monaco,14065697,THsdI,89,0.24719101123595505,0.4044943820224719,0.34831460674157305,1.0674157303370786,1.348314606741573,2.4157303370786516,0.550561797752809,0.38202247191011235,1.146067415730337,1.449438202247191,10,0.4,0.4,0.2,1.3,1.0,2.3,0.5,0.5,1.6,1.0,5,0.4,0.4,0.2,0.8,0.4,1.2,0.2,0.2,1.6,1.0,77356,Ligue 1 25/26
2025-08-30,12:00,Lorient,Lille,14065716,THsgI,32,0.3125,0.21875,0.46875,1.0625,1.78125,2.84375,0.53125,0.53125,1.15625,1.625,10,0.5,0.0,0.5,1.3,2.0,3.3,0.6,0.8,1.5,1.5,5,0.4,0.0,0.6,1.6,2.2,3.8,0.8,1.0,1.2,1.8,77356,Ligue 1 25/26
2025-08-30,14:00,Nantes,Auxerre,14065717,WHsXH,60,0.31666666666666665,0.31666666666666665,0.36666666666666664,1.0833333333333333,1.2,2.283333333333333,0.55,0.43333333333333335,1.2666666666666666,1.4166666666666667,10,0.4,0.2,0.4,1.2,1.4,2.6,0.6,0.5,1.4,1.4,5,0.6,0.2,0.2,1.4,0.8,2.2,0.6,0.4,2.0,0.8,77356,Ligue 1 25/26
2025-08-30,16:05,Toulouse,Paris Saint-Germain,14065705,YMTc,69,0.2318840579710145,0.2318840579710145,0.5362318840579711,0.8840579710144928,1.5797101449275361,2.463768115942029,0.4492753623188406,0.4927536231884058,0.927536231884058,1.8405797101449275,10,0.1,0.1,0.8,0.5,1.8,2.3,0.3,0.5,0.4,2.5,5,0.2,0.2,0.6,1.0,1.6,2.6,0.6,0.6,0.8,2.0,77356,Ligue 1 25/26
2025-08-31,10:00,Angers,Stade Rennais,14065714,iIsJI,29,0.20689655172413793,0.13793103448275862,0.6551724137931034,0.8620689655172413,1.6896551724137931,2.5517241379310347,0.4827586206896552,0.4827586206896552,0.7586206896551724,2.103448275862069,10,0.2,0.1,0.7,1.1,2.2,3.3,0.5,0.7,0.7,2.2,5,0.0,0.0,1.0,0.6,2.6,3.2,0.4,0.6,0.0,3.0,77356,Ligue 1 25/26
2025-08-31,12:15,AS Monaco,RC Strasbourg,14065706,dIsjI,70,0.5571428571428572,0.21428571428571427,0.22857142857142856,1.7,1.042857142857143,2.742857142857143,0.5142857142857142,0.5428571428571428,1.8857142857142857,0.9,10,0.6,0.2,0.2,1.7,1.0,2.7,0.5,0.5,2.0,0.8,5,0.8,0.2,0.0,2.2,0.8,3.0,0.4,0.6,2.6,0.2,77356,Ligue 1 25/26
2025-08-31,12:15,Le Havre,Nice,14065712,lIsmI,20,0.55,0.2,0.25,1.4,0.85,2.25,0.45,0.65,1.85,0.95,10,0.5,0.2,0.3,1.3,0.9,2.2,0.5,0.6,1.7,1.1,5,0.2,0.2,0.6,1.0,1.4,2.4,0.6,0.6,0.8,2.0,77356,Ligue 1 25/26
2025-08-31,12:15,Paris FC,Metz,14065708,bIsvwc,6,0.16666666666666666,0.16666666666666666,0.6666666666666666,1.0,2.3333333333333335,3.3333333333333335,0.6666666666666666,0.6666666666666666,0.6666666666666666,2.1666666666666665,6,0.16666666666666666,0.16666666666666666,0.6666666666666666,1.0,2.3333333333333335,3.3333333333333335,0.6666666666666666,0.6666666666666666,0.6666666666666666,2.1666666666666665,5,0.2,0.2,0.6,1.0,2.2,3.2,0.6,0.6,0.8,2.0,77356,Ligue 1 25/26
2025-08-31,15:45,Olympique Lyonnais,Olympique de Marseille,14065715,QHsZH,87,0.3563218390804598,0.3563218390804598,0.28735632183908044,1.5632183908045978,1.4482758620689655,3.0114942528735633,0.6206896551724138,0.5517241379310345,1.4252873563218391,1.2183908045977012,10,0.3,0.2,0.5,1.3,1.5,2.8,0.6,0.6,1.1,1.7,5,0.2,0.0,0.8,1.2,2.2,3.4,0.6,0.8,0.6,2.4,77356,Ligue 1 25/26
2025-09-12,15:45,Olympique de Marseille,Lorient,14065718,QHsgI,34,0.5882352941176471,0.23529411764705882,0.17647058823529413,1.911764705882353,1.1764705882352942,3.088235294117647,0.6470588235294118,0.5882352941176471,2.0,0.7647058823529411,10,0.9,0.1,0.0,2.7,0.8,3.5,0.6,0.7,2.8,0.1,5,0.8,0.2,0.0,2.6,0.8,3.4,0.6,0.8,2.6,0.2,77356,Ligue 1 25/26
2025-09-13,12:00,Nice,Nantes,14065721,XHslI,77,0.2857142857142857,0.36363636363636365,0.35064935064935066,1.0649350649350648,1.4415584415584415,2.5064935064935066,0.5844155844155844,0.4675324675324675,1.2207792207792207,1.4155844155844155,10,0.4,0.3,0.3,1.4,1.2,2.6,0.8,0.6,1.5,1.2,5,0.0,0.4,0.6,1.0,1.6,2.6,0.8,0.6,0.4,2.2,77356,Ligue 1 25/26
2025-09-13,16:05,Auxerre,AS Monaco,14065719,WHsdI,66,0.30303030303030304,0.36363636363636365,0.3333333333333333,1.0303030303030303,1.1818181818181819,2.212121212121212,0.4090909090909091,0.36363636363636365,1.2727272727272727,1.3636363636363635,10,0.2,0.2,0.6,1.0,1.7,2.7,0.4,0.4,0.8,2.0,5,0.0,0.2,0.8,1.4,2.8,4.2,0.8,0.8,0.2,2.6,77356,Ligue 1 25/26
2025-09-14,10:00,Lille,Toulouse,14065728,THsGI,66,0.4090909090909091,0.3181818181818182,0.2727272727272727,1.2575757575757576,0.8939393939393939,2.1515151515151514,0.42424242424242425,0.4090909090909091,1.5454545454545454,1.1363636363636365,10,0.5,0.2,0.3,1.5,1.1,2.6,0.7,0.7,1.7,1.1,5,0.6,0.2,0.2,1.6,1.2,2.8,0.8,0.6,2.0,0.8,77356,Ligue 1 25/26
2025-09-14,12:15,Paris Saint-Germain,RC Lens,14065720,UHsYH,78,0.5,0.21794871794871795,0.28205128205128205,1.705128205128205,1.2692307692307692,2.9743589743589745,0.6025641025641025,0.5897435897435898,1.7179487179487178,1.064102564102564,10,0.6,0.2,0.2,1.6,1.0,2.6,0.7,0.5,2.0,0.8,5,1.0,0.0,0.0,2.2,0.6,2.8,0.6,0.6,3.0,0.0,77356,Ligue 1 25/26
2025-09-14,12:15,Stade Brestois,Paris FC,14065722,pJsvwc,0,0.0,0.0,0.0,0.0,0.0,0.0,0.0,0.0,0.0,0.0,0,0.0,0.0,0.0,0.0,0.0,0.0,0.0,0.0,0.0,0.0,0,0.0,0.0,0.0,0.0,0.0,0.0,0.0,0.0,0.0,0.0,77356,Ligue 1 25/26
2025-09-14,12:15,RC Strasbourg,Le Havre,14065724,jIsmI,24,0.4583333333333333,0.08333333333333333,0.4583333333333333,1.0833333333333333,1.2083333333333333,2.2916666666666665,0.3333333333333333,0.4166666666666667,1.4583333333333333,1.4583333333333333,10,0.5,0.1,0.4,1.2,1.0,2.2,0.4,0.4,1.6,1.3,5,0.4,0.2,0.4,1.8,1.6,3.4,0.8,0.8,1.4,1.4,77356,Ligue 1 25/26
2025-09-14,12:15,Metz,Angers,14065723,bIsJI,29,0.41379310344827586,0.1724137931034483,0.41379310344827586,1.1724137931034482,1.2413793103448276,2.413793103448276,0.41379310344827586,0.41379310344827586,1.4137931034482758,1.4137931034482758,10,0.4,0.1,0.5,1.1,1.3,2.4,0.5,0.5,1.3,1.6,5,0.2,0.2,0.6,0.8,1.6,2.4,0.4,0.4,0.8,2.0,77356,Ligue 1 25/26
2025-09-14,15:45,Stade Rennais,Olympique Lyonnais,14065727,ZHsiI,77,0.2987012987012987,0.2857142857142857,0.4155844155844156,1.2597402597402598,1.5194805194805194,2.779220779220779,0.5714285714285714,0.5454545454545454,1.1818181818181819,1.5324675324675325,10,0.5,0.1,0.4,2.1,1.8,3.9,0.7,0.8,1.6,1.3,5,0.4,0.0,0.6,1.6,2.0,3.6,0.6,0.8,1.2,1.8,77356,Ligue 1 25/26
2025-09-19,15:45,Olympique Lyonnais,Angers,14065737,ZHsJI,37,0.5945945945945946,0.16216216216216217,0.24324324324324326,1.8918918918918919,0.9459459459459459,2.8378378378378377,0.4864864864864865,0.5675675675675675,1.945945945945946,0.8918918918918919,10,0.9,0.0,0.1,2.8,0.7,3.5,0.3,0.8,2.7,0.3,5,1.0,0.0,0.0,3.2,0.6,3.8,0.4,0.8,3.0,0.0,77356,Ligue 1 25/26
2025-09-20,12:00,Nantes,Stade Rennais,14065726,XHsiI,74,0.3918918918918919,0.2702702702702703,0.33783783783783783,1.0945945945945945,1.0810810810810811,2.175675675675676,0.3918918918918919,0.3918918918918919,1.445945945945946,1.2837837837837838,10,0.2,0.1,0.7,0.5,1.5,2.0,0.3,0.5,0.7,2.2,5,0.2,0.0,0.8,0.6,1.8,2.4,0.4,0.6,0.6,2.4,77356,Ligue 1 25/26
2025-09-20,14:00,Stade Brestois,Nice,14065730,lIspJ,32,0.3125,0.28125,0.40625,1.03125,1.28125,2.3125,0.25,0.40625,1.21875,1.5,10,0.2,0.2,0.6,0.6,1.6,2.2,0.2,0.4,0.8,2.0,5,0.2,0.4,0.4,0.2,1.4,1.6,0.0,0.2,1.0,1.6,77356,Ligue 1 25/26
2025-09-20,16:05,RC Lens,Lille,14065725,THsYH,70,0.2714285714285714,0.3142857142857143,0.4142857142857143,1.0142857142857142,1.2714285714285714,2.2857142857142856,0.5,0.37142857142857144,1.1285714285714286,1.5571428571428572,10,0.2,0.2,0.6,0.6,1.6,2.2,0.4,0.4,0.8,2.0,5,0.0,0.4,0.6,0.6,1.4,2.0,0.6,0.2,0.4,2.2,77356,Ligue 1 25/26
2025-09-21,10:00,Paris FC,RC Strasbourg,14065729,jIsvwc,6,0.16666666666666666,0.3333333333333333,0.5,0.8333333333333334,1.3333333333333333,2.1666666666666665,0.3333333333333333,0.3333333333333333,0.8333333333333334,1.8333333333333333,6,0.16666666666666666,0.3333333333333333,0.5,0.8333333333333334,1.3333333333333333,2.1666666666666665,0.3333333333333333,0.3333333333333333,0.8333333333333334,1.8333333333333333,5,0.2,0.2,0.6,0.8,1.4,2.2,0.2,0.4,0.8,2.0,77356,Ligue 1 25/26
2025-09-21,12:15,AS Monaco,Metz,14065733,bIsdI,79,0.4810126582278481,0.25316455696202533,0.26582278481012656,1.7468354430379747,1.0379746835443038,2.7848101265822787,0.4936708860759494,0.5316455696202531,1.6962025316455696,1.0506329113924051,10,0.9,0.0,0.1,2.7,0.8,3.5,0.4,0.8,2.7,0.3,5,1.0,0.0,0.0,3.4,0.8,4.2,0.6,1.0,3.0,0.0,77356,Ligue 1 25/26
2025-09-21,12:15,Auxerre,Toulouse,14065731,WHsGI,52,0.4230769230769231,0.28846153846153844,0.28846153846153844,1.3076923076923077,1.0,2.3076923076923075,0.40384615384615385,0.40384615384615385,1.5576923076923077,1.1538461538461537,10,0.3,0.3,0.4,1.1,1.4,2.5,0.4,0.4,1.2,1.5,5,0.0,0.4,0.6,0.6,2.2,2.8,0.4,0.4,0.4,2.2,77356,Ligue 1 25/26
2025-09-21,12:15,Le Havre,Lorient,14065732,gIsmI,6,0.16666666666666666,0.5,0.3333333333333333,1.3333333333333333,1.3333333333333333,2.6666666666666665,0.5,0.5,1.0,1.5,6,0.16666666666666666,0.5,0.3333333333333333,1.3333333333333333,1.3333333333333333,2.6666666666666665,0.5,0.5,1.0,1.5,5,0.2,0.4,0.4,1.6,1.6,3.2,0.6,0.6,1.0,1.6,77356,Ligue 1 25/26
2025-09-22,15:00,Olympique de Marseille,Paris Saint-Germain,14065734,QHsUH,91,0.32967032967032966,0.24175824175824176,0.42857142857142855,1.1318681318681318,1.4175824175824177,2.5494505494505493,0.5054945054945055,0.5274725274725275,1.2307692307692308,1.5274725274725274,10,0.1,0.1,0.8,0.3,2.0,2.3,0.2,0.5,0.4,2.5,5,0.0,0.0,1.0,0.2,3.0,3.2,0.2,0.8,0.0,3.0,77356,Ligue 1 25/26
2025-09-26,15:45,RC Strasbourg,Olympique de Marseille,14065740,QHsjI,61,0.22950819672131148,0.3442622950819672,0.4262295081967213,1.1311475409836065,1.6229508196721312,2.7540983606557377,0.5573770491803278,0.4426229508196721,1.0327868852459017,1.6229508196721312,10,0.1,0.6,0.3,0.9,1.5,2.4,0.6,0.3,0.9,1.5,5,0.2,0.8,0.0,1.2,1.0,2.2,0.8,0.2,1.4,0.8,77356,Ligue 1 25/26
2025-09-27,12:00,Lorient,AS Monaco,14167868,dIsgI,30,0.2,0.36666666666666664,0.43333333333333335,1.0666666666666667,1.6333333333333333,2.7,0.5333333333333333,0.5333333333333333,0.9666666666666667,1.6666666666666667,10,0.1,0.5,0.4,1.2,2.3,3.5,0.6,0.8,0.8,1.7,5,0.0,0.8,0.2,1.4,1.8,3.2,0.8,0.8,0.8,1.4,77356,Ligue 1 25/26
2025-09-27,14:00,Toulouse,Nantes,14065736,XHsGI,61,0.29508196721311475,0.26229508196721313,0.4426229508196721,0.9344262295081968,1.360655737704918,2.2950819672131146,0.4918032786885246,0.45901639344262296,1.1475409836065573,1.5901639344262295,10,0.3,0.3,0.4,0.8,1.0,1.8,0.5,0.5,1.2,1.5,5,0.2,0.6,0.2,0.6,0.6,1.2,0.4,0.4,1.2,1.2,77356,Ligue 1 25/26
2025-09-27,16:05,Paris Saint-Germain,Auxerre,14167872,UHsWH,68,0.4264705882352941,0.3235294117647059,0.25,1.2794117647058822,0.9117647058823529,2.1911764705882355,0.47058823529411764,0.38235294117647056,1.6029411764705883,1.0735294117647058,10,0.5,0.3,0.2,1.7,1.0,2.7,0.6,0.5,1.8,0.9,5,0.6,0.4,0.0,2.2,0.6,2.8,0.6,0.6,2.2,0.4,77356,Ligue 1 25/26
2025-09-28,10:00,Nice,Paris FC,14065741,lIsvwc,6,0.5,0.0,0.5,2.0,1.8333333333333333,3.8333333333333335,0.5,0.8333333333333334,1.5,1.5,6,0.5,0.0,0.5,2.0,1.8333333333333333,3.8333333333333335,0.5,0.8333333333333334,1.5,1.5,5,0.4,0.0,0.6,1.8,1.8,3.6,0.4,0.8,1.2,1.8,77356,Ligue 1 25/26
2025-09-28,12:15,Lille,Olympique Lyonnais,14167870,THsZH,84,0.34523809523809523,0.30952380952380953,0.34523809523809523,1.2261904761904763,1.3333333333333333,2.5595238095238093,0.5595238095238095,0.5,1.3452380952380953,1.3452380952380953,10,0.3,0.4,0.3,1.5,1.4,2.9,0.6,0.4,1.3,1.3,5,0.2,0.4,0.4,2.0,2.0,4.0,0.8,0.6,1.0,1.6,77356,Ligue 1 25/26
2025-09-28,12:15,Angers,Stade Brestois,14065738,JIspJ,12,0.5,0.16666666666666666,0.3333333333333333,1.0,1.0833333333333333,2.0833333333333335,0.25,0.25,1.6666666666666667,1.1666666666666667,10,0.4,0.2,0.4,0.9,1.3,2.2,0.3,0.3,1.4,1.4,5,0.4,0.0,0.6,0.8,1.8,2.6,0.2,0.4,1.2,1.8,77356,Ligue 1 25/26
2025-09-28,12:15,Metz,Le Havre,14065735,bIsmI,26,0.46153846153846156,0.3076923076923077,0.23076923076923078,1.1923076923076923,0.6153846153846154,1.8076923076923077,0.3076923076923077,0.38461538461538464,1.6923076923076923,1.0,10,0.4,0.3,0.3,0.9,0.5,1.4,0.2,0.3,1.5,1.2,5,0.6,0.2,0.2,1.0,0.2,1.2,0.0,0.2,2.0,0.8,77356,Ligue 1 25/26
2025-09-28,15:45,Stade Rennais,RC Lens,14065739,YHsiI,58,0.3103448275862069,0.29310344827586204,0.39655172413793105,1.0172413793103448,1.1724137931034482,2.189655172413793,0.4482758620689655,0.3793103448275862,1.2241379310344827,1.4827586206896552,10,0.0,0.5,0.5,0.5,1.1,1.6,0.5,0.1,0.5,2.0,5,0.0,0.6,0.4,0.6,1.0,1.6,0.6,0.0,0.6,1.8,77356,Ligue 1 25/26
2025-10-03,15:45,Paris FC,Lorient,14661320,gIsvwc,0,0.0,0.0,0.0,0.0,0.0,0.0,0.0,0.0,0.0,0.0,0,0.0,0.0,0.0,0.0,0.0,0.0,0.0,0.0,0.0,0.0,0,0.0,0.0,0.0,0.0,0.0,0.0,0.0,0.0,0.0,0.0,77356,Ligue 1 25/26
2025-10-04,12:00,Metz,Olympique de Marseille,14167876,QHsbI,73,0.3150684931506849,0.1917808219178082,0.4931506849315068,1.095890410958904,1.5205479452054795,2.6164383561643834,0.4794520547945205,0.5205479452054794,1.1369863013698631,1.6712328767123288,10,0.1,0.6,0.3,1.1,1.7,2.8,0.7,0.4,0.9,1.5,5,0.0,0.8,0.2,1.0,1.2,2.2,0.8,0.4,0.8,1.4,77356,Ligue 1 25/26
2025-10-04,14:00,Stade Brestois,Nantes,14167886,XHspJ,31,0.25806451612903225,0.22580645161290322,0.5161290322580645,1.032258064516129,1.6451612903225807,2.6774193548387095,0.4838709677419355,0.4838709677419355,1.0,1.7741935483870968,10,0.4,0.2,0.4,1.5,1.6,3.1,0.6,0.5,1.4,1.4,5,0.8,0.2,0.0,2.0,0.2,2.2,0.2,0.2,2.6,0.2,77356,Ligue 1 25/26
2025-10-04,16:05,Auxerre,RC Lens,14167888,WHsYH,60,0.31666666666666665,0.38333333333333336,0.3,1.1333333333333333,1.0833333333333333,2.216666666666667,0.45,0.38333333333333336,1.3333333333333333,1.2833333333333334,10,0.1,0.5,0.4,0.9,1.2,2.1,0.4,0.3,0.8,1.7,5,0.2,0.4,0.4,1.6,1.4,3.0,0.6,0.6,1.0,1.6,77356,Ligue 1 25/26
2025-10-05,10:00,Olympique Lyonnais,Toulouse,14167878,ZHsGI,58,0.5689655172413793,0.25862068965517243,0.1724137931034483,1.706896551724138,0.8448275862068966,2.5517241379310347,0.41379310344827586,0.5172413793103449,1.9655172413793103,0.7758620689655172,10,0.7,0.3,0.0,2.4,1.0,3.4,0.7,0.8,2.4,0.3,5,0.8,0.2,0.0,2.0,0.8,2.8,0.6,0.8,2.6,0.2,77356,Ligue 1 25/26
2025-10-05,12:15,AS Monaco,Nice,14167874,dIslI,78,0.5,0.16666666666666666,0.3333333333333333,1.3076923076923077,1.1153846153846154,2.423076923076923,0.44871794871794873,0.44871794871794873,1.6666666666666667,1.1666666666666667,10,0.6,0.1,0.3,1.4,1.3,2.7,0.6,0.7,1.9,1.0,5,0.4,0.0,0.6,1.2,1.8,3.0,0.6,0.8,1.2,1.8,77356,Ligue 1 25/26
2025-10-05,12:15,Le Havre,Stade Rennais,14167880,iIsmI,26,0.23076923076923078,0.46153846153846156,0.3076923076923077,0.9230769230769231,0.9230769230769231,1.8461538461538463,0.4230769230769231,0.2692307692307692,1.1538461538461537,1.3846153846153846,10,0.1,0.3,0.6,0.6,1.4,2.0,0.4,0.3,0.6,2.1,5,0.2,0.2,0.6,0.8,1.8,2.6,0.4,0.4,0.8,2.0,77356,Ligue 1 25/26
2025-10-05,12:15,RC Strasbourg,Angers,14167884,jIsJI,29,0.41379310344827586,0.3448275862068966,0.2413793103448276,1.7241379310344827,1.206896551724138,2.9310344827586206,0.5517241379310345,0.5517241379310345,1.5862068965517242,1.0689655172413792,10,0.4,0.2,0.4,1.1,1.1,2.2,0.5,0.4,1.4,1.4,5,0.6,0.2,0.2,1.6,1.2,2.8,0.8,0.6,2.0,0.8,77356,Ligue 1 25/26
2025-10-05,15:45,Lille,Paris Saint-Germain,14167890,THsUH,96,0.3125,0.2708333333333333,0.4166666666666667,1.09375,1.4583333333333333,2.5520833333333335,0.4791666666666667,0.4791666666666667,1.2083333333333333,1.5208333333333333,10,0.1,0.2,0.7,1.1,2.9,4.0,0.8,0.7,0.5,2.3,5,0.0,0.2,0.8,1.4,3.0,4.4,1.0,0.8,0.2,2.6,77356,Ligue 1 25/26
2025-10-17,15:45,Paris Saint-Germain,RC Strasbourg,14167897,UHsjI,67,0.5074626865671642,0.3283582089552239,0.16417910447761194,1.5671641791044777,0.9402985074626866,2.5074626865671643,0.5223880597014925,0.4626865671641791,1.8507462686567164,0.8208955223880597,10,0.7,0.2,0.1,2.8,1.3,4.1,0.8,0.9,2.3,0.5,5,0.6,0.2,0.2,2.2,1.2,3.4,0.8,0.8,2.0,0.8,77356,Ligue 1 25/26
2025-10-18,12:00,Nice,Olympique Lyonnais,14167895,ZHslI,80,0.275,0.275,0.45,1.15,1.6375,2.7875,0.5375,0.525,1.1,1.625,10,0.3,0.2,0.5,1.2,1.9,3.1,0.6,0.5,1.1,1.7,5,0.2,0.2,0.6,0.8,1.6,2.4,0.4,0.4,0.8,2.0,77356,Ligue 1 25/26
2025-10-18,14:00,Angers,AS Monaco,14167905,dIsJI,32,0.1875,0.1875,0.625,0.78125,1.71875,2.5,0.375,0.53125,0.75,2.0625,10,0.1,0.1,0.8,0.3,1.6,1.9,0.2,0.3,0.4,2.5,5,0.2,0.0,0.8,0.4,1.6,2.0,0.2,0.2,0.6,2.4,77356,Ligue 1 25/26
2025-10-18,16:05,Olympique de Marseille,Le Havre,14167893,QHsmI,28,0.6785714285714286,0.25,0.07142857142857142,1.7857142857142858,0.5357142857142857,2.3214285714285716,0.4642857142857143,0.35714285714285715,2.2857142857142856,0.4642857142857143,10,0.9,0.1,0.0,2.3,0.4,2.7,0.4,0.5,2.8,0.1,5,1.0,0.0,0.0,3.0,0.6,3.6,0.6,0.8,3.0,0.0,77356,Ligue 1 25/26
2025-10-19,10:00,RC Lens,Paris FC,14167901,YHsvwc,3,0.6666666666666666,0.3333333333333333,0.0,2.3333333333333335,1.3333333333333333,3.6666666666666665,1.0,0.6666666666666666,2.3333333333333335,0.3333333333333333,3,0.6666666666666666,0.3333333333333333,0.0,2.3333333333333335,1.3333333333333333,3.6666666666666665,1.0,0.6666666666666666,2.3333333333333335,0.3333333333333333,3,0.6666666666666666,0.3333333333333333,0.0,2.3333333333333335,1.3333333333333333,3.6666666666666665,1.0,0.6666666666666666,2.3333333333333335,0.3333333333333333,77356,Ligue 1 25/26
2025-10-19,12:15,Lorient,Stade Brestois,14167903,gIspJ,14,0.5,0.07142857142857142,0.42857142857142855,1.2857142857142858,1.2857142857142858,2.5714285714285716,0.42857142857142855,0.5714285714285714,1.5714285714285714,1.3571428571428572,10,0.5,0.0,0.5,1.3,1.4,2.7,0.4,0.6,1.5,1.5,5,0.6,0.0,0.4,1.0,1.4,2.4,0.4,0.6,1.8,1.2,77356,Ligue 1 25/26
2025-10-19,12:15,Stade Rennais,Auxerre,14167909,WHsiI,50,0.28,0.2,0.52,0.96,1.5,2.46,0.4,0.46,1.04,1.76,10,0.2,0.3,0.5,0.8,1.0,1.8,0.2,0.3,0.9,1.8,5,0.2,0.4,0.4,1.2,1.2,2.4,0.2,0.4,1.0,1.6,77356,Ligue 1 25/26
2025-10-19,12:15,Toulouse,Metz,14167899,bIsGI,47,0.40425531914893614,0.3617021276595745,0.23404255319148937,1.2765957446808511,1.0,2.276595744680851,0.5106382978723404,0.3829787234042553,1.574468085106383,1.0638297872340425,10,0.4,0.4,0.2,1.6,0.9,2.5,0.5,0.5,1.6,1.0,5,0.4,0.6,0.0,1.4,0.6,2.0,0.4,0.4,1.8,0.6,77356,Ligue 1 25/26
2025-10-19,15:45,Nantes,Lille,14167907,THsXH,86,0.313953488372093,0.29069767441860467,0.3953488372093023,0.9418604651162791,1.0232558139534884,1.9651162790697674,0.32558139534883723,0.3372093023255814,1.2325581395348837,1.4767441860465116,10,0.1,0.3,0.6,0.6,1.4,2.0,0.5,0.2,0.6,2.1,5,0.2,0.2,0.6,0.8,1.4,2.2,0.6,0.4,0.8,2.0,77356,Ligue 1 25/26
2025-10-24,15:45,Paris FC,Nantes,14167923,XHsvwc,6,0.0,0.16666666666666666,0.8333333333333334,0.6666666666666666,2.5,3.1666666666666665,0.5,0.5,0.16666666666666666,2.6666666666666665,6,0.0,0.16666666666666666,0.8333333333333334,0.6666666666666666,2.5,3.1666666666666665,0.5,0.5,0.16666666666666666,2.6666666666666665,5,0.0,0.2,0.8,0.8,2.6,3.4,0.6,0.6,0.2,2.6,77356,Ligue 1 25/26
2025-10-25,12:00,Stade Brestois,Paris Saint-Germain,14167927,UHspJ,37,0.08108108108108109,0.32432432432432434,0.5945945945945946,0.8108108108108109,1.7837837837837838,2.5945945945945947,0.5135135135135135,0.4864864864864865,0.5675675675675675,2.108108108108108,10,0.0,0.1,0.9,1.0,2.7,3.7,0.6,0.7,0.1,2.8,5,0.0,0.2,0.8,1.6,3.0,4.6,1.0,1.0,0.2,2.6,77356,Ligue 1 25/26
2025-10-25,14:00,AS Monaco,Toulouse,14167915,dIsGI,65,0.4461538461538462,0.3230769230769231,0.23076923076923078,1.4615384615384615,0.9384615384615385,2.4,0.5076923076923077,0.47692307692307695,1.6615384615384616,1.0153846153846153,10,0.5,0.3,0.2,1.7,1.2,2.9,0.8,0.6,1.8,0.9,5,0.4,0.2,0.4,1.4,1.2,2.6,0.8,0.6,1.4,1.4,77356,Ligue 1 25/26
2025-10-25,16:05,RC Lens,Olympique de Marseille,14167925,QHsYH,68,0.36764705882352944,0.22058823529411764,0.4117647058823529,1.3529411764705883,1.5,2.8529411764705883,0.5147058823529411,0.5588235294117647,1.3235294117647058,1.4558823529411764,10,0.6,0.1,0.3,1.3,1.2,2.5,0.5,0.5,1.9,1.0,5,0.6,0.0,0.4,1.2,1.2,2.4,0.6,0.6,1.8,1.2,77356,Ligue 1 25/26
2025-10-26,11:00,Lille,Metz,14167921,THsbI,71,0.4225352112676056,0.29577464788732394,0.28169014084507044,1.2816901408450705,1.1267605633802817,2.408450704225352,0.39436619718309857,0.39436619718309857,1.5633802816901408,1.1408450704225352,10,0.6,0.3,0.1,1.6,0.7,2.3,0.3,0.4,2.1,0.6,5,0.6,0.4,0.0,1.8,0.8,2.6,0.4,0.4,2.2,0.4,77356,Ligue 1 25/26
2025-10-26,13:15,Stade Rennais,Nice,14167917,iIslI,70,0.3,0.3,0.4,0.9857142857142858,1.2714285714285714,2.257142857142857,0.4857142857142857,0.45714285714285713,1.2,1.5,10,0.4,0.1,0.5,1.3,1.3,2.6,0.6,0.5,1.3,1.6,5,0.4,0.0,0.6,1.4,1.4,2.8,0.4,0.4,1.2,1.8,77356,Ligue 1 25/26
2025-10-26,13:15,Angers,Lorient,14167913,gIsJI,10,0.3,0.4,0.3,1.3,1.1,2.4,0.5,0.4,1.3,1.3,10,0.3,0.4,0.3,1.3,1.1,2.4,0.5,0.4,1.3,1.3,5,0.2,0.4,0.4,0.4,0.8,1.2,0.2,0.2,1.0,1.6,77356,Ligue 1 25/26
2025-10-26,13:15,Auxerre,Le Havre,14167919,WHsmI,30,0.5666666666666667,0.26666666666666666,0.16666666666666666,1.7,0.7,2.4,0.4,0.5,1.9666666666666666,0.7666666666666667,10,0.5,0.2,0.3,1.2,0.9,2.1,0.5,0.6,1.7,1.1,5,0.6,0.0,0.4,1.6,1.2,2.8,0.6,0.8,1.8,1.2,77356,Ligue 1 25/26
2025-10-26,16:45,Olympique Lyonnais,RC Strasbourg,14167911,ZHsjI,66,0.5303030303030303,0.19696969696969696,0.2727272727272727,1.7272727272727273,1.196969696969697,2.9242424242424243,0.5303030303030303,0.6060606060606061,1.7878787878787878,1.0151515151515151,10,0.6,0.1,0.3,2.2,1.7,3.9,0.9,0.9,1.9,1.0,5,0.6,0.0,0.4,2.2,2.2,4.4,1.0,1.0,1.8,1.2,77356,Ligue 1 25/26
2025-10-29,15:00,Lorient,Paris Saint-Germain,14064505,UHsgI,34,0.2647058823529412,0.20588235294117646,0.5294117647058824,1.1176470588235294,1.8529411764705883,2.9705882352941178,0.6176470588235294,0.6176470588235294,1.0,1.7941176470588236,10,0.2,0.2,0.6,1.1,2.4,3.5,0.7,0.7,0.8,2.0,5,0.2,0.2,0.6,1.2,2.4,3.6,0.8,0.8,0.8,2.0,77356,Ligue 1 25/26
2025-10-29,15:00,Nice,Lille,14064509,THslI,79,0.34177215189873417,0.35443037974683544,0.3037974683544304,1.2151898734177216,1.1898734177215189,2.4050632911392404,0.4936708860759494,0.379746835443038,1.379746835443038,1.2658227848101267,10,0.3,0.4,0.3,1.5,1.4,2.9,0.7,0.6,1.3,1.3,5,0.2,0.6,0.2,1.4,1.4,2.8,0.8,0.6,1.2,1.2,77356,Ligue 1 25/26
2025-10-29,15:00,Metz,RC Lens,14064507,YHsbI,68,0.35294117647058826,0.2647058823529412,0.38235294117647056,1.1764705882352942,1.2941176470588236,2.4705882352941178,0.5,0.47058823529411764,1.3235294117647058,1.411764705882353,10,0.4,0.3,0.3,1.3,1.3,2.6,0.6,0.5,1.5,1.2,5,0.4,0.4,0.2,1.2,1.4,2.6,0.6,0.6,1.6,1.0,77356,Ligue 1 25/26
2025-10-29,15:00,Le Havre,Stade Brestois,14064516,mIspJ,11,0.2727272727272727,0.09090909090909091,0.6363636363636364,0.8181818181818182,1.4545454545454546,2.272727272727273,0.2727272727272727,0.2727272727272727,0.9090909090909091,2.0,10,0.2,0.1,0.7,0.7,1.6,2.3,0.3,0.3,0.7,2.2,5,0.2,0.0,0.8,0.6,1.2,1.8,0.2,0.2,0.6,2.4,77356,Ligue 1 25/26
2025-10-29,17:05,Olympique de Marseille,Angers,14064511,QHsJI,36,0.5,0.3055555555555556,0.19444444444444445,1.7222222222222223,1.1111111111111112,2.8333333333333335,0.6388888888888888,0.5555555555555556,1.8055555555555556,0.8888888888888888,10,0.6,0.3,0.1,2.0,0.8,2.8,0.5,0.5,2.1,0.6,5,0.8,0.2,0.0,2.8,0.8,3.6,0.6,0.6,2.6,0.2,77356,Ligue 1 25/26
2025-10-29,17:05,Nantes,AS Monaco,14064508,XHsdI,93,0.22580645161290322,0.3225806451612903,0.45161290322580644,1.1290322580645162,1.5268817204301075,2.6559139784946235,0.5806451612903226,0.5268817204301075,1.0,1.6774193548387097,10,0.0,0.5,0.5,1.2,2.7,3.9,0.8,0.8,0.5,2.0,5,0.0,0.6,0.4,1.6,3.6,5.2,0.8,1.0,0.6,1.8,77356,Ligue 1 25/26
2025-10-29,17:05,Paris FC,Olympique Lyonnais,14064512,ZHsvwc,6,0.3333333333333333,0.16666666666666666,0.5,2.3333333333333335,2.1666666666666665,4.5,0.6666666666666666,0.6666666666666666,1.1666666666666667,1.6666666666666667,6,0.3333333333333333,0.16666666666666666,0.5,2.3333333333333335,2.1666666666666665,4.5,0.6666666666666666,0.6666666666666666,1.1666666666666667,1.6666666666666667,5,0.2,0.2,0.6,1.8,2.4,4.2,0.6,0.6,0.8,2.0,77356,Ligue 1 25/26
2025-10-29,17:05,Toulouse,Stade Rennais,14064520,iIsGI,56,0.35714285714285715,0.25,0.39285714285714285,1.2678571428571428,1.2857142857142858,2.5535714285714284,0.5178571428571429,0.4642857142857143,1.3214285714285714,1.4285714285714286,10,0.4,0.3,0.3,1.5,1.3,2.8,0.7,0.6,1.5,1.2,5,0.8,0.2,0.0,1.8,0.6,2.4,0.6,0.6,2.6,0.2,77356,Ligue 1 25/26
2025-10-29,17:05,RC Strasbourg,Auxerre,14064506,WHsjI,46,0.34782608695652173,0.2608695652173913,0.391304347826087,0.9782608695652174,1.2391304347826086,2.217391304347826,0.4782608695652174,0.41304347826086957,1.3043478260869565,1.434782608695652,10,0.5,0.3,0.2,1.3,0.8,2.1,0.3,0.4,1.8,0.9,5,0.6,0.2,0.2,1.4,0.6,2.0,0.4,0.2,2.0,0.8,77356,Ligue 1 25/26
2025-11-01,13:00,Paris Saint-Germain,Nice,14674515,UHslI,81,0.4444444444444444,0.25925925925925924,0.2962962962962963,1.5061728395061729,1.1481481481481481,2.654320987654321,0.5308641975308642,0.5802469135802469,1.5925925925925926,1.1481481481481481,10,0.5,0.2,0.3,1.5,1.1,2.6,0.6,0.6,1.7,1.1,5,0.4,0.2,0.4,1.6,1.6,3.2,0.8,0.6,1.4,1.4,77356,Ligue 1 25/26
2025-11-01,15:00,AS Monaco,Paris FC,14167945,dIsvwc,4,0.75,0.0,0.25,3.0,1.5,4.5,0.5,1.0,2.25,0.75,4,0.75,0.0,0.25,3.0,1.5,4.5,0.5,1.0,2.25,0.75,4,0.75,0.0,0.25,3.0,1.5,4.5,0.5,1.0,2.25,0.75,77356,Ligue 1 25/26
2025-11-01,17:05,Auxerre,Olympique de Marseille,14167947,QHsWH,56,0.32142857142857145,0.25,0.42857142857142855,0.9464285714285714,1.1785714285714286,2.125,0.30357142857142855,0.375,1.2142857142857142,1.5357142857142858,10,0.3,0.3,0.4,1.2,1.2,2.4,0.4,0.5,1.2,1.5,5,0.4,0.0,0.6,1.4,1.6,3.0,0.4,0.8,1.2,1.8,77356,Ligue 1 25/26
2025-11-02,11:00,Stade Rennais,RC Strasbourg,14167937,iIsjI,51,0.49019607843137253,0.23529411764705882,0.27450980392156865,1.5686274509803921,1.1372549019607843,2.7058823529411766,0.5686274509803921,0.5490196078431373,1.7058823529411764,1.0588235294117647,10,0.5,0.2,0.3,1.3,1.0,2.3,0.5,0.4,1.7,1.1,5,0.4,0.2,0.4,1.2,1.2,2.4,0.4,0.4,1.4,1.4,77356,Ligue 1 25/26
2025-11-02,13:15,Lille,Angers,14167935,THsJI,32,0.28125,0.28125,0.4375,1.09375,1.25,2.34375,0.46875,0.40625,1.125,1.59375,10,0.6,0.2,0.2,1.4,0.7,2.1,0.5,0.3,2.0,0.8,5,0.6,0.2,0.2,1.2,0.4,1.6,0.2,0.0,2.0,0.8,77356,Ligue 1 25/26
2025-11-02,13:15,RC Lens,Lorient,14167939,YHsgI,22,0.2727272727272727,0.45454545454545453,0.2727272727272727,1.3636363636363635,1.2272727272727273,2.590909090909091,0.5909090909090909,0.36363636363636365,1.2727272727272727,1.2727272727272727,10,0.5,0.3,0.2,1.9,1.1,3.0,0.5,0.5,1.8,0.9,5,0.6,0.2,0.2,2.0,1.0,3.0,0.4,0.4,2.0,0.8,77356,Ligue 1 25/26
2025-11-02,13:15,Nantes,Metz,14167943,XHsbI,84,0.35714285714285715,0.36904761904761907,0.27380952380952384,1.0833333333333333,0.9880952380952381,2.0714285714285716,0.38095238095238093,0.3333333333333333,1.4404761904761905,1.1904761904761905,10,0.2,0.4,0.4,0.6,1.0,1.6,0.3,0.1,1.0,1.6,5,0.2,0.2,0.6,0.6,1.4,2.0,0.2,0.2,0.8,2.0,77356,Ligue 1 25/26
2025-11-02,13:15,Toulouse,Le Havre,14167933,mIsGI,22,0.45454545454545453,0.36363636363636365,0.18181818181818182,1.1363636363636365,0.6363636363636364,1.7727272727272727,0.4090909090909091,0.2727272727272727,1.7272727272727273,0.9090909090909091,10,0.5,0.3,0.2,1.2,0.6,1.8,0.4,0.3,1.8,0.9,5,0.6,0.0,0.4,1.6,0.8,2.4,0.4,0.4,1.8,1.2,77356,Ligue 1 25/26
2025-11-02,16:45,Stade Brestois,Olympique Lyonnais,14167941,ZHspJ,27,0.25925925925925924,0.3333333333333333,0.4074074074074074,1.2222222222222223,1.4814814814814814,2.7037037037037037,0.5555555555555556,0.48148148148148145,1.1111111111111112,1.5555555555555556,10,0.3,0.3,0.4,1.6,1.8,3.4,0.8,0.7,1.2,1.5,5,0.4,0.2,0.4,1.4,1.4,2.8,0.6,0.6,1.4,1.4,77356,Ligue 1 25/26
2025-11-07,16:45,Paris FC,Stade Rennais,14064412,iIsvwc,4,0.0,0.5,0.5,0.75,1.25,2.0,0.5,0.5,0.5,2.0,4,0.0,0.5,0.5,0.75,1.25,2.0,0.5,0.5,0.5,2.0,4,0.0,0.5,0.5,0.75,1.25,2.0,0.5,0.5,0.5,2.0,77356,Ligue 1 25/26
2025-11-08,13:00,Olympique de Marseille,Stade Brestois,14064403,QHspJ,31,0.5161290322580645,0.22580645161290322,0.25806451612903225,1.7419354838709677,1.1935483870967742,2.935483870967742,0.6129032258064516,0.5806451612903226,1.7741935483870968,1.0,10,0.6,0.1,0.3,2.4,1.2,3.6,0.8,0.7,1.9,1.0,5,0.6,0.0,0.4,2.4,1.0,3.4,0.6,0.6,1.8,1.2,77356,Ligue 1 25/26
2025-11-08,15:00,Le Havre,Nantes,14064402,XHsmI,32,0.28125,0.3125,0.40625,0.875,1.0625,1.9375,0.40625,0.25,1.15625,1.53125,10,0.3,0.2,0.5,0.8,1.1,1.9,0.3,0.2,1.1,1.7,5,0.6,0.2,0.2,1.4,0.8,2.2,0.4,0.4,2.0,0.8,77356,Ligue 1 25/26
2025-11-08,17:05,AS Monaco,RC Lens,14064424,YHsdI,78,0.3974358974358974,0.358974358974359,0.24358974358974358,1.4102564102564104,1.0,2.41025641025641,0.38461538461538464,0.41025641025641024,1.5512820512820513,1.0897435897435896,10,0.2,0.3,0.5,1.0,2.1,3.1,0.4,0.7,0.9,1.8,5,0.4,0.2,0.4,1.4,2.0,3.4,0.4,0.8,1.4,1.4,77356,Ligue 1 25/26
2025-11-09,11:00,Lorient,Toulouse,14064423,gIsGI,28,0.2857142857142857,0.4642857142857143,0.25,0.9642857142857143,0.9642857142857143,1.9285714285714286,0.4642857142857143,0.2857142857142857,1.3214285714285714,1.2142857142857142,10,0.2,0.4,0.4,1.4,1.6,3.0,0.8,0.5,1.0,1.6,5,0.0,0.6,0.4,1.0,1.4,2.4,0.8,0.4,0.6,1.8,77356,Ligue 1 25/26
2025-11-09,13:15,RC Strasbourg,Lille,14064410,THsjI,60,0.3333333333333333,0.2833333333333333,0.38333333333333336,1.25,1.3666666666666667,2.6166666666666667,0.5,0.5166666666666667,1.2833333333333334,1.4333333333333333,10,0.2,0.2,0.6,0.9,1.8,2.7,0.5,0.6,0.8,2.0,5,0.4,0.2,0.4,1.4,1.6,3.0,0.6,0.6,1.4,1.4,77356,Ligue 1 25/26
2025-11-09,13:15,Metz,Nice,14064406,bIslI,63,0.31746031746031744,0.3333333333333333,0.3492063492063492,0.9682539682539683,1.2063492063492063,2.1746031746031744,0.36507936507936506,0.3333333333333333,1.2857142857142858,1.380952380952381,10,0.3,0.2,0.5,0.8,1.4,2.2,0.5,0.4,1.1,1.7,5,0.4,0.0,0.6,0.6,1.0,1.6,0.2,0.2,1.2,1.8,77356,Ligue 1 25/26
2025-11-09,13:15,Angers,Auxerre,14064413,WHsJI,8,0.25,0.625,0.125,1.625,1.125,2.75,0.625,0.5,1.375,1.0,8,0.25,0.625,0.125,1.625,1.125,2.75,0.625,0.5,1.375,1.0,5,0.2,0.6,0.2,1.4,1.2,2.6,0.6,0.4,1.2,1.2,77356,Ligue 1 25/26
2025-11-09,16:45,Olympique Lyonnais,Paris Saint-Germain,14064421,UHsZH,92,0.2717391304347826,0.29347826086956524,0.43478260869565216,1.1521739130434783,1.576086956521739,2.7282608695652173,0.5434782608695652,0.4673913043478261,1.108695652173913,1.5978260869565217,10,0.2,0.1,0.7,1.1,2.2,3.3,0.7,0.6,0.7,2.2,5,0.2,0.0,0.8,1.2,2.8,4.0,0.8,0.8,0.6,2.4,77356,Ligue 1 25/26
2025-11-21,16:45,Nice,Olympique de Marseille,14064405,QHslI,79,0.25316455696202533,0.189873417721519,0.5569620253164557,0.9873417721518988,1.5569620253164558,2.5443037974683542,0.46835443037974683,0.46835443037974683,0.9493670886075949,1.860759493670886,10,0.4,0.2,0.4,1.5,1.4,2.9,0.5,0.6,1.4,1.4,5,0.6,0.2,0.2,1.6,1.0,2.6,0.4,0.4,2.0,0.8,77356,Ligue 1 25/26
2025-11-22,13:00,RC Lens,RC Strasbourg,14064414,YHsjI,62,0.25806451612903225,0.3387096774193548,0.4032258064516129,1.0,1.2419354838709677,2.2419354838709675,0.532258064516129,0.46774193548387094,1.1129032258064515,1.5483870967741935,10,0.4,0.2,0.4,1.2,1.2,2.4,0.5,0.5,1.4,1.4,5,0.6,0.2,0.2,1.6,1.2,2.8,0.6,0.6,2.0,0.8,77356,Ligue 1 25/26
2025-11-22,15:00,Stade Rennais,AS Monaco,14064408,dIsiI,73,0.2328767123287671,0.2054794520547945,0.5616438356164384,1.0273972602739727,1.4931506849315068,2.5205479452054793,0.5753424657534246,0.4931506849315068,0.9041095890410958,1.8904109589041096,10,0.2,0.1,0.7,1.3,1.7,3.0,0.8,0.7,0.7,2.2,5,0.2,0.0,0.8,1.2,1.6,2.8,0.6,0.6,0.6,2.4,77356,Ligue 1 25/26
2025-11-22,17:05,Paris Saint-Germain,Le Havre,14064416,UHsmI,32,0.5625,0.3125,0.125,1.46875,0.6875,2.15625,0.375,0.34375,2.0,0.6875,10,0.8,0.1,0.1,2.1,1.0,3.1,0.6,0.7,2.5,0.4,5,0.8,0.2,0.0,2.8,1.0,3.8,0.6,0.8,2.6,0.2,77356,Ligue 1 25/26
2025-11-23,11:00,Auxerre,Olympique Lyonnais,14064415,WHsZH,56,0.26785714285714285,0.26785714285714285,0.4642857142857143,1.0535714285714286,1.3392857142857142,2.392857142857143,0.42857142857142855,0.4642857142857143,1.0714285714285714,1.6607142857142858,10,0.2,0.3,0.5,1.3,1.8,3.1,0.7,0.8,0.9,1.8,5,0.2,0.4,0.4,1.4,1.8,3.2,1.0,0.8,1.0,1.6,77356,Ligue 1 25/26
2025-11-23,13:15,Stade Brestois,Metz,14064411,bIspJ,27,0.2962962962962963,0.3333333333333333,0.37037037037037035,0.8888888888888888,1.1111111111111112,2.0,0.37037037037037035,0.2222222222222222,1.2222222222222223,1.4444444444444444,10,0.5,0.3,0.2,1.4,1.0,2.4,0.4,0.3,1.8,0.9,5,0.6,0.0,0.4,1.8,1.8,3.6,0.6,0.6,1.8,1.2,77356,Ligue 1 25/26
2025-11-23,13:15,Toulouse,Angers,14064409,GIsJI,15,0.5333333333333333,0.3333333333333333,0.13333333333333333,1.5333333333333334,0.6666666666666666,2.2,0.3333333333333333,0.4,1.9333333333333333,0.7333333333333333,10,0.6,0.3,0.1,1.7,0.5,2.2,0.2,0.3,2.1,0.6,5,0.6,0.2,0.2,2.0,1.0,3.0,0.4,0.4,2.0,0.8,77356,Ligue 1 25/26
2025-11-23,13:15,Nantes,Lorient,14064429,XHsgI,24,0.5416666666666666,0.20833333333333334,0.25,1.4166666666666667,1.125,2.5416666666666665,0.5416666666666666,0.4166666666666667,1.8333333333333333,0.9583333333333334,10,0.8,0.1,0.1,2.0,1.0,3.0,0.5,0.4,2.5,0.4,5,0.8,0.0,0.2,2.6,1.6,4.2,0.6,0.6,2.4,0.6,77356,Ligue 1 25/26
2025-11-23,16:45,Lille,Paris FC,14064407,THsvwc,2,0.5,0.5,0.0,2.5,1.5,4.0,1.0,0.5,2.0,0.5,2,0.5,0.5,0.0,2.5,1.5,4.0,1.0,0.5,2.0,0.5,2,0.5,0.5,0.0,2.5,1.5,4.0,1.0,0.5,2.0,0.5,77356,Ligue 1 25/26
2025-11-28,16:45,Metz,Stade Rennais,14064426,bIsiI,59,0.3559322033898305,0.3220338983050847,0.3220338983050847,1.1864406779661016,1.0677966101694916,2.2542372881355934,0.423728813559322,0.4067796610169492,1.3898305084745763,1.2881355932203389,10,0.1,0.2,0.7,0.9,2.5,3.4,0.7,0.6,0.5,2.3,5,0.0,0.0,1.0,1.0,4.0,5.0,0.8,1.0,0.0,3.0,77356,Ligue 1 25/26
2025-11-29,13:00,AS Monaco,Paris Saint-Germain,14064418,UHsdI,98,0.45918367346938777,0.3163265306122449,0.22448979591836735,1.3877551020408163,1.0714285714285714,2.4591836734693877,0.5102040816326531,0.42857142857142855,1.6938775510204083,0.9897959183673469,10,0.4,0.2,0.4,1.7,1.9,3.6,0.6,0.6,1.4,1.4,5,0.2,0.2,0.6,1.6,2.8,4.4,0.8,0.8,0.8,2.0,77356,Ligue 1 25/26
2025-11-29,15:00,Paris FC,Auxerre,14064425,WHsvwc,0,0.0,0.0,0.0,0.0,0.0,0.0,0.0,0.0,0.0,0.0,0,0.0,0.0,0.0,0.0,0.0,0.0,0.0,0.0,0.0,0.0,0,0.0,0.0,0.0,0.0,0.0,0.0,0.0,0.0,0.0,0.0,77356,Ligue 1 25/26
2025-11-29,17:05,Olympique de Marseille,Toulouse,14064433,QHsGI,66,0.4696969696969697,0.36363636363636365,0.16666666666666666,1.5757575757575757,0.803030303030303,2.378787878787879,0.45454545454545453,0.3939393939393939,1.7727272727272727,0.8636363636363636,10,0.8,0.2,0.0,2.9,1.0,3.9,0.6,0.7,2.6,0.2,5,0.6,0.4,0.0,2.2,1.4,3.6,0.8,0.8,2.2,0.4,77356,Ligue 1 25/26
2025-11-30,11:00,RC Strasbourg,Stade Brestois,14064420,jIspJ,23,0.30434782608695654,0.34782608695652173,0.34782608695652173,1.173913043478261,1.3043478260869565,2.4782608695652173,0.5217391304347826,0.4782608695652174,1.2608695652173914,1.391304347826087,10,0.3,0.4,0.3,1.2,1.2,2.4,0.5,0.5,1.3,1.3,5,0.0,0.4,0.6,0.4,1.6,2.0,0.4,0.4,0.4,2.2,77356,Ligue 1 25/26
2025-11-30,13:15,Le Havre,Lille,14064404,THsmI,26,0.15384615384615385,0.46153846153846156,0.38461538461538464,0.6923076923076923,1.1153846153846154,1.8076923076923077,0.34615384615384615,0.34615384615384615,0.9230769230769231,1.6153846153846154,10,0.1,0.3,0.6,0.5,1.6,2.1,0.3,0.5,0.6,2.1,5,0.2,0.0,0.8,0.4,2.0,2.4,0.2,0.6,0.6,2.4,77356,Ligue 1 25/26
2025-11-30,13:15,Lorient,Nice,14064419,gIslI,30,0.16666666666666666,0.4,0.43333333333333335,0.8333333333333334,1.2333333333333334,2.066666666666667,0.5,0.43333333333333335,0.9,1.7,10,0.1,0.4,0.5,0.9,1.5,2.4,0.7,0.5,0.7,1.9,5,0.0,0.4,0.6,0.8,1.8,2.6,0.8,0.6,0.4,2.2,77356,Ligue 1 25/26
2025-11-30,13:15,Angers,RC Lens,14064430,YHsJI,20,0.25,0.2,0.55,1.0,1.45,2.45,0.5,0.5,0.95,1.85,10,0.2,0.2,0.6,1.0,1.6,2.6,0.5,0.6,0.8,2.0,5,0.0,0.0,1.0,0.4,1.8,2.2,0.4,0.6,0.0,3.0,77356,Ligue 1 25/26
2025-11-30,16:45,Olympique Lyonnais,Nantes,14064428,XHsZH,87,0.41379310344827586,0.27586206896551724,0.3103448275862069,1.2758620689655173,1.1724137931034482,2.4482758620689653,0.45977011494252873,0.4367816091954023,1.5172413793103448,1.206896551724138,10,0.7,0.3,0.0,1.7,0.6,2.3,0.5,0.4,2.4,0.3,5,0.6,0.4,0.0,1.6,0.6,2.2,0.6,0.2,2.2,0.4,77356,Ligue 1 25/26
2025-12-05,15:00,Stade Brestois,AS Monaco,14064436,dIspJ,33,0.24242424242424243,0.15151515151515152,0.6060606060606061,0.696969696969697,1.6363636363636365,2.3333333333333335,0.36363636363636365,0.36363636363636365,0.8787878787878788,1.9696969696969697,10,0.3,0.0,0.7,1.0,1.7,2.7,0.4,0.4,0.9,2.1,5,0.2,0.0,0.8,1.0,2.0,3.0,0.6,0.6,0.6,2.4,77356,Ligue 1 25/26
2025-12-05,17:00,Lille,Olympique de Marseille,14064427,QHsTH,84,0.27380952380952384,0.2976190476190476,0.42857142857142855,0.9880952380952381,1.380952380952381,2.369047619047619,0.47619047619047616,0.36904761904761907,1.119047619047619,1.5833333333333333,10,0.4,0.5,0.1,1.4,0.8,2.2,0.7,0.3,1.7,0.8,5,0.4,0.6,0.0,1.4,0.8,2.2,0.8,0.4,1.8,0.6,77356,Ligue 1 25/26
2025-12-06,13:00,Nantes,RC Lens,14064431,XHsYH,74,0.4594594594594595,0.3108108108108108,0.22972972972972974,1.472972972972973,0.9459459459459459,2.418918918918919,0.43243243243243246,0.43243243243243246,1.6891891891891893,1.0,10,0.2,0.4,0.4,1.3,1.8,3.1,0.7,0.6,1.0,1.6,5,0.2,0.0,0.8,1.2,2.4,3.6,0.6,0.8,0.6,2.4,77356,Ligue 1 25/26
2025-12-06,15:00,Toulouse,RC Strasbourg,14064434,jIsGI,40,0.275,0.275,0.45,1.2,1.3,2.5,0.5,0.5,1.1,1.625,10,0.1,0.3,0.6,1.0,1.7,2.7,0.7,0.6,0.6,2.1,5,0.2,0.2,0.6,0.8,1.4,2.2,0.6,0.6,0.8,2.0,77356,Ligue 1 25/26
2025-12-06,17:05,Paris Saint-Germain,Stade Rennais,14064445,UHsiI,77,0.4805194805194805,0.23376623376623376,0.2857142857142857,1.3506493506493507,0.9090909090909091,2.25974025974026,0.4935064935064935,0.38961038961038963,1.6753246753246753,1.0909090909090908,10,0.5,0.2,0.3,1.6,1.0,2.6,0.5,0.4,1.7,1.1,5,0.6,0.2,0.2,2.2,1.2,3.4,0.8,0.6,2.0,0.8,77356,Ligue 1 25/26
2025-12-07,11:00,Nice,Angers,14064432,lIsJI,36,0.4722222222222222,0.3055555555555556,0.2222222222222222,1.6388888888888888,1.3333333333333333,2.9722222222222223,0.6111111111111112,0.6111111111111112,1.7222222222222223,0.9722222222222222,10,0.7,0.2,0.1,2.0,0.7,2.7,0.6,0.6,2.3,0.5,5,0.6,0.2,0.2,1.6,0.8,2.4,0.6,0.4,2.0,0.8,77356,Ligue 1 25/26
2025-12-07,13:15,Le Havre,Paris FC,14064417,mIsvwc,0,0.0,0.0,0.0,0.0,0.0,0.0,0.0,0.0,0.0,0.0,0,0.0,0.0,0.0,0.0,0.0,0.0,0.0,0.0,0.0,0.0,0,0.0,0.0,0.0,0.0,0.0,0.0,0.0,0.0,0.0,0.0,77356,Ligue 1 25/26
2025-12-07,13:15,Auxerre,Metz,14064422,WHsbI,52,0.38461538461538464,0.2692307692307692,0.34615384615384615,1.2307692307692308,1.0576923076923077,2.2884615384615383,0.4230769230769231,0.46153846153846156,1.4230769230769231,1.3076923076923077,10,0.5,0.2,0.3,1.3,1.0,2.3,0.3,0.5,1.7,1.1,5,0.4,0.2,0.4,0.6,1.0,1.6,0.2,0.4,1.4,1.4,77356,Ligue 1 25/26
2025-12-07,16:45,Lorient,Olympique Lyonnais,14064435,ZHsgI,34,0.17647058823529413,0.3235294117647059,0.5,0.9705882352941176,1.7058823529411764,2.676470588235294,0.5294117647058824,0.47058823529411764,0.8529411764705882,1.8235294117647058,10,0.3,0.4,0.3,1.5,1.7,3.2,0.7,0.5,1.3,1.3,5,0.2,0.4,0.4,1.4,2.0,3.4,0.6,0.6,1.0,1.6,77356,Ligue 1 25/26
2025-12-12,16:45,Angers,Nantes,14064439,XHsJI,38,0.18421052631578946,0.2631578947368421,0.5526315789473685,0.631578947368421,1.4210526315789473,2.0526315789473686,0.3684210526315789,0.34210526315789475,0.8157894736842105,1.9210526315789473,10,0.3,0.4,0.3,1.0,1.2,2.2,0.6,0.3,1.3,1.3,5,0.2,0.6,0.2,0.6,0.6,1.2,0.4,0.0,1.2,1.2,77356,Ligue 1 25/26
2025-12-13,13:00,Stade Rennais,Stade Brestois,14064440,iIspJ,26,0.34615384615384615,0.38461538461538464,0.2692307692307692,1.2307692307692308,1.1153846153846154,2.3461538461538463,0.5,0.4230769230769231,1.4230769230769231,1.1923076923076923,10,0.5,0.3,0.2,1.8,1.3,3.1,0.8,0.6,1.8,0.9,5,0.2,0.4,0.4,1.6,1.8,3.4,0.8,0.6,1.0,1.6,77356,Ligue 1 25/26
2025-12-13,15:00,Metz,Paris Saint-Germain,14064442,UHsbI,79,0.21518987341772153,0.189873417721519,0.5949367088607594,0.9113924050632911,1.7848101265822784,2.6962025316455698,0.5063291139240507,0.5316455696202531,0.8354430379746836,1.9746835443037976,10,0.0,0.0,1.0,0.6,3.1,3.7,0.5,0.7,0.0,3.0,5,0.0,0.0,1.0,0.6,3.0,3.6,0.6,0.8,0.0,3.0,77356,Ligue 1 25/26
2025-12-13,17:05,Paris FC,Toulouse,14064443,GIsvwc,0,0.0,0.0,0.0,0.0,0.0,0.0,0.0,0.0,0.0,0.0,0,0.0,0.0,0.0,0.0,0.0,0.0,0.0,0.0,0.0,0.0,0,0.0,0.0,0.0,0.0,0.0,0.0,0.0,0.0,0.0,0.0,77356,Ligue 1 25/26
2025-12-14,11:00,Olympique Lyonnais,Le Havre,14064441,ZHsmI,26,0.46153846153846156,0.19230769230769232,0.34615384615384615,1.3461538461538463,1.0769230769230769,2.423076923076923,0.46153846153846156,0.46153846153846156,1.5769230769230769,1.2307692307692308,10,0.7,0.2,0.1,2.0,0.8,2.8,0.5,0.7,2.3,0.5,5,0.6,0.2,0.2,2.4,1.2,3.6,0.6,0.8,2.0,0.8,77356,Ligue 1 25/26
2025-12-14,13:15,Auxerre,Lille,14064437,THsWH,62,0.4838709677419355,0.25806451612903225,0.25806451612903225,1.4516129032258065,0.9838709677419355,2.435483870967742,0.5,0.41935483870967744,1.7096774193548387,1.032258064516129,10,0.2,0.4,0.4,1.2,1.7,2.9,0.8,0.6,1.0,1.6,5,0.0,0.6,0.4,1.0,2.0,3.0,0.8,0.6,0.6,1.8,77356,Ligue 1 25/26
2025-12-14,13:15,RC Lens,Nice,14064446,YHslI,58,0.3275862068965517,0.3275862068965517,0.3448275862068966,1.0517241379310345,1.103448275862069,2.1551724137931036,0.39655172413793105,0.3793103448275862,1.3103448275862069,1.3620689655172413,10,0.1,0.2,0.7,0.6,1.3,1.9,0.3,0.4,0.5,2.3,5,0.0,0.2,0.8,0.2,1.6,1.8,0.2,0.2,0.2,2.6,77356,Ligue 1 25/26
2025-12-14,13:15,RC Strasbourg,Lorient,14064444,gIsjI,12,0.3333333333333333,0.3333333333333333,0.3333333333333333,1.1666666666666667,1.0,2.1666666666666665,0.5,0.4166666666666667,1.3333333333333333,1.3333333333333333,10,0.2,0.4,0.4,1.1,1.2,2.3,0.6,0.5,1.0,1.6,5,0.2,0.4,0.4,1.0,1.4,2.4,0.8,0.6,1.0,1.6,77356,Ligue 1 25/26
2025-12-14,16:45,Olympique de Marseille,AS Monaco,14064438,QHsdI,87,0.41379310344827586,0.28735632183908044,0.2988505747126437,1.4252873563218391,1.3793103448275863,2.8045977011494254,0.5977011494252874,0.5632183908045977,1.528735632183908,1.1839080459770115,10,0.4,0.2,0.4,1.5,1.7,3.2,0.7,0.7,1.4,1.4,5,0.2,0.4,0.4,1.4,2.0,3.4,0.8,0.8,1.0,1.6,77356,Ligue 1 25/26
2026-01-02,16:45,Toulouse,RC Lens,14064454,YHsGI,48,0.2916666666666667,0.2708333333333333,0.4375,0.75,1.1458333333333333,1.8958333333333333,0.375,0.22916666666666666,1.1458333333333333,1.5833333333333333,10,0.2,0.2,0.6,0.5,1.3,1.8,0.3,0.2,0.8,2.0,5,0.2,0.2,0.6,0.6,1.2,1.8,0.4,0.2,0.8,2.0,77356,Ligue 1 25/26
2026-01-03,13:00,AS Monaco,Olympique Lyonnais,14064448,ZHsdI,87,0.3793103448275862,0.2413793103448276,0.3793103448275862,1.2413793103448276,1.3103448275862069,2.5517241379310347,0.5057471264367817,0.4827586206896552,1.3793103448275863,1.3793103448275863,10,0.4,0.0,0.6,1.4,1.7,3.1,0.5,0.5,1.2,1.8,5,0.4,0.0,0.6,1.4,1.4,2.8,0.4,0.4,1.2,1.8,77356,Ligue 1 25/26
2026-01-03,15:00,Nice,RC Strasbourg,14064447,jIslI,55,0.36363636363636365,0.3090909090909091,0.32727272727272727,1.3636363636363635,1.1636363636363636,2.5272727272727273,0.4727272727272727,0.4727272727272727,1.4,1.290909090909091,10,0.4,0.3,0.3,1.2,1.2,2.4,0.4,0.4,1.5,1.2,5,0.6,0.2,0.2,1.8,1.2,3.0,0.6,0.6,2.0,0.8,77356,Ligue 1 25/26
2026-01-03,17:05,Lille,Stade Rennais,14064449,THsiI,72,0.3888888888888889,0.3611111111111111,0.25,1.2222222222222223,1.125,2.3472222222222223,0.4861111111111111,0.3611111111111111,1.5277777777777777,1.1111111111111112,10,0.5,0.5,0.0,1.7,1.0,2.7,0.7,0.5,2.0,0.5,5,0.6,0.4,0.0,2.0,1.0,3.0,0.6,0.6,2.2,0.4,77356,Ligue 1 25/26
2026-01-04,11:00,Olympique de Marseille,Nantes,14064458,QHsXH,88,0.4431818181818182,0.26136363636363635,0.29545454545454547,1.3068181818181819,1.0113636363636365,2.3181818181818183,0.45454545454545453,0.375,1.5909090909090908,1.1477272727272727,10,0.8,0.2,0.0,1.9,0.7,2.6,0.6,0.4,2.6,0.2,5,0.8,0.2,0.0,1.8,0.4,2.2,0.4,0.2,2.6,0.2,77356,Ligue 1 25/26
2026-01-04,13:15,Stade Brestois,Auxerre,14064450,WHspJ,26,0.23076923076923078,0.34615384615384615,0.4230769230769231,1.0384615384615385,1.8076923076923077,2.8461538461538463,0.5384615384615384,0.5769230769230769,1.0384615384615385,1.6153846153846154,10,0.2,0.5,0.3,0.9,1.6,2.5,0.5,0.5,1.1,1.4,5,0.2,0.4,0.4,0.8,2.0,2.8,0.4,0.6,1.0,1.6,77356,Ligue 1 25/26
2026-01-04,13:15,Le Havre,Angers,14064453,mIsJI,4,0.25,0.5,0.25,0.75,0.75,1.5,0.5,0.25,1.25,1.25,4,0.25,0.5,0.25,0.75,0.75,1.5,0.5,0.25,1.25,1.25,4,0.25,0.5,0.25,0.75,0.75,1.5,0.5,0.25,1.25,1.25,77356,Ligue 1 25/26
2026-01-04,13:15,Lorient,Metz,14064452,bIsgI,16,0.5625,0.1875,0.25,1.9375,1.4375,3.375,0.6875,0.6875,1.875,0.9375,10,0.6,0.1,0.3,2.4,1.7,4.1,0.8,0.9,1.9,1.0,5,0.6,0.0,0.4,1.6,1.8,3.4,0.8,0.8,1.8,1.2,77356,Ligue 1 25/26
2026-01-04,16:45,Paris Saint-Germain,Paris FC,14064451,UHsvwc,2,0.0,1.0,0.0,1.5,1.5,3.0,1.0,0.5,1.0,1.0,2,0.0,1.0,0.0,1.5,1.5,3.0,1.0,0.5,1.0,1.0,2,0.0,1.0,0.0,1.5,1.5,3.0,1.0,0.5,1.0,1.0,77356,Ligue 1 25/26
2026-01-16,15:00,AS Monaco,Lorient,14064463,dIsgI,31,0.41935483870967744,0.3548387096774194,0.22580645161290322,1.6129032258064515,1.1290322580645162,2.7419354838709675,0.5483870967741935,0.5483870967741935,1.6129032258064515,1.032258064516129,10,0.3,0.5,0.2,2.1,1.5,3.6,0.7,0.8,1.4,1.1,5,0.2,0.6,0.2,2.0,2.0,4.0,1.0,1.0,1.2,1.2,77356,Ligue 1 25/26
2026-01-16,17:00,Paris Saint-Germain,Lille,14064464,THsUH,97,0.41237113402061853,0.27835051546391754,0.30927835051546393,1.4536082474226804,1.092783505154639,2.5463917525773194,0.4845360824742268,0.4742268041237113,1.5154639175257731,1.2061855670103092,10,0.7,0.2,0.1,3.0,1.2,4.2,0.9,0.7,2.3,0.5,5,0.6,0.4,0.0,2.4,1.0,3.4,1.0,0.6,2.2,0.4,77356,Ligue 1 25/26
2026-01-17,13:00,RC Lens,Auxerre,14064461,WHsYH,61,0.3114754098360656,0.3770491803278688,0.3114754098360656,1.098360655737705,1.1311475409836065,2.2295081967213113,0.45901639344262296,0.39344262295081966,1.3114754098360655,1.3114754098360655,10,0.4,0.5,0.1,1.2,1.0,2.2,0.5,0.4,1.7,0.8,5,0.6,0.2,0.2,1.6,1.6,3.2,0.6,0.8,2.0,0.8,77356,Ligue 1 25/26
2026-01-17,15:00,Toulouse,Nice,14064457,lIsGI,53,0.2641509433962264,0.33962264150943394,0.39622641509433965,0.9433962264150944,1.150943396226415,2.0943396226415096,0.4528301886792453,0.2641509433962264,1.1320754716981132,1.528301886792453,10,0.2,0.5,0.3,0.7,1.1,1.8,0.5,0.2,1.1,1.4,5,0.4,0.4,0.2,1.0,0.8,1.8,0.6,0.2,1.6,1.0,77356,Ligue 1 25/26
2026-01-17,17:05,Angers,Olympique de Marseille,14064462,QHsJI,37,0.1891891891891892,0.32432432432432434,0.4864864864864865,1.135135135135135,1.7297297297297298,2.864864864864865,0.6486486486486487,0.5675675675675675,0.8918918918918919,1.7837837837837838,10,0.1,0.4,0.5,1.0,2.0,3.0,0.6,0.6,0.7,1.9,5,0.0,0.4,0.6,0.8,2.2,3.0,0.6,0.6,0.4,2.2,77356,Ligue 1 25/26
2026-01-18,11:00,RC Strasbourg,Metz,14064456,bIsjI,67,0.31343283582089554,0.26865671641791045,0.417910447761194,1.0895522388059702,1.164179104477612,2.253731343283582,0.44776119402985076,0.4626865671641791,1.208955223880597,1.5223880597014925,10,0.6,0.3,0.1,1.6,0.8,2.4,0.5,0.5,2.1,0.6,5,1.0,0.0,0.0,1.8,0.2,2.0,0.2,0.4,3.0,0.0,77356,Ligue 1 25/26
2026-01-18,13:15,Stade Rennais,Le Havre,14064460,iIsmI,27,0.2962962962962963,0.48148148148148145,0.2222222222222222,0.9629629629629629,0.9629629629629629,1.9259259259259258,0.4444444444444444,0.2962962962962963,1.3703703703703705,1.1481481481481481,10,0.5,0.4,0.1,1.5,0.8,2.3,0.5,0.4,1.9,0.7,5,0.6,0.4,0.0,2.2,1.0,3.2,0.6,0.6,2.2,0.4,77356,Ligue 1 25/26
2026-01-18,13:15,Nantes,Paris FC,14064459,XHsvwc,7,0.8571428571428571,0.14285714285714285,0.0,2.4285714285714284,0.7142857142857143,3.142857142857143,0.5714285714285714,0.5714285714285714,2.7142857142857144,0.14285714285714285,7,0.8571428571428571,0.14285714285714285,0.0,2.4285714285714284,0.7142857142857143,3.142857142857143,0.5714285714285714,0.5714285714285714,2.7142857142857144,0.14285714285714285,5,0.8,0.2,0.0,2.6,0.8,3.4,0.6,0.6,2.6,0.2,77356,Ligue 1 25/26
2026-01-18,16:45,Olympique Lyonnais,Stade Brestois,14064455,ZHspJ,28,0.39285714285714285,0.35714285714285715,0.25,1.4285714285714286,1.1785714285714286,2.607142857142857,0.5357142857142857,0.4642857142857143,1.5357142857142858,1.1071428571428572,10,0.4,0.3,0.3,1.6,1.4,3.0,0.7,0.6,1.5,1.2,5,0.4,0.2,0.4,1.4,1.4,2.8,0.6,0.6,1.4,1.4,77356,Ligue 1 25/26
2026-01-23,16:00,Auxerre,Paris Saint-Germain,14064470,UHsWH,69,0.2463768115942029,0.3188405797101449,0.43478260869565216,0.8985507246376812,1.289855072463768,2.1884057971014492,0.463768115942029,0.37681159420289856,1.0579710144927537,1.6231884057971016,10,0.2,0.3,0.5,1.0,1.8,2.8,0.6,0.5,0.9,1.8,5,0.0,0.2,0.8,0.4,2.4,2.8,0.4,0.6,0.2,2.6,77356,Ligue 1 25/26
2026-01-24,13:00,Stade Rennais,Lorient,14064471,gIsiI,35,0.42857142857142855,0.2571428571428571,0.3142857142857143,1.3714285714285714,1.0285714285714285,2.4,0.4857142857142857,0.42857142857142855,1.542857142857143,1.2,10,0.4,0.1,0.5,1.5,1.2,2.7,0.4,0.6,1.3,1.6,5,0.0,0.0,1.0,0.6,2.2,2.8,0.6,0.8,0.0,3.0,77356,Ligue 1 25/26
2026-01-24,15:00,Le Havre,AS Monaco,14064473,dIsmI,33,0.18181818181818182,0.36363636363636365,0.45454545454545453,0.9393939393939394,1.5454545454545454,2.484848484848485,0.5757575757575758,0.42424242424242425,0.9090909090909091,1.7272727272727273,10,0.1,0.4,0.5,1.0,2.0,3.0,0.7,0.5,0.7,1.9,5,0.0,0.6,0.4,0.8,1.6,2.4,0.8,0.4,0.6,1.8,77356,Ligue 1 25/26
2026-01-24,17:05,Olympique de Marseille,RC Lens,14064469,QHsYH,69,0.4057971014492754,0.21739130434782608,0.37681159420289856,1.4927536231884058,1.3623188405797102,2.8550724637681157,0.5217391304347826,0.5652173913043478,1.434782608695652,1.3478260869565217,10,0.3,0.1,0.6,1.3,1.4,2.7,0.6,0.6,1.0,1.9,5,0.4,0.0,0.6,1.2,1.2,2.4,0.6,0.6,1.2,1.8,77356,Ligue 1 25/26
2026-01-25,11:00,Nantes,Nice,14064474,XHslI,78,0.34615384615384615,0.358974358974359,0.2948717948717949,1.4230769230769231,1.064102564102564,2.4871794871794872,0.5769230769230769,0.46153846153846156,1.3974358974358974,1.2435897435897436,10,0.3,0.3,0.4,1.1,1.3,2.4,0.7,0.5,1.2,1.5,5,0.6,0.2,0.2,1.2,0.8,2.0,0.6,0.4,2.0,0.8,77356,Ligue 1 25/26
2026-01-25,13:15,Metz,Olympique Lyonnais,14064467,ZHsbI,75,0.25333333333333335,0.22666666666666666,0.52,0.9066666666666666,1.6266666666666667,2.533333333333333,0.41333333333333333,0.4266666666666667,0.9866666666666667,1.7866666666666666,10,0.2,0.2,0.6,0.8,2.1,2.9,0.5,0.5,0.8,2.0,5,0.2,0.4,0.4,1.2,1.8,3.0,0.8,0.6,1.0,1.6,77356,Ligue 1 25/26
2026-01-25,13:15,Paris FC,Angers,14064466,JIsvwc,7,0.14285714285714285,0.5714285714285714,0.2857142857142857,1.1428571428571428,1.0,2.142857142857143,0.5714285714285714,0.42857142857142855,1.0,1.4285714285714286,7,0.14285714285714285,0.5714285714285714,0.2857142857142857,1.1428571428571428,1.0,2.142857142857143,0.5714285714285714,0.42857142857142855,1.0,1.4285714285714286,5,0.2,0.6,0.2,1.2,0.8,2.0,0.4,0.4,1.2,1.2,77356,Ligue 1 25/26
2026-01-25,16:45,Lille,RC Strasbourg,14064465,THsjI,61,0.3770491803278688,0.2786885245901639,0.3442622950819672,1.3442622950819672,1.2622950819672132,2.6065573770491803,0.4918032786885246,0.5081967213114754,1.4098360655737705,1.3114754098360655,10,0.5,0.2,0.3,1.5,1.1,2.6,0.5,0.5,1.7,1.1,5,0.2,0.2,0.6,1.2,1.8,3.0,0.6,0.6,0.8,2.0,77356,Ligue 1 25/26
2026-01-30,16:45,RC Lens,Le Havre,14064480,YHsmI,31,0.3870967741935484,0.41935483870967744,0.1935483870967742,1.2258064516129032,0.8064516129032258,2.032258064516129,0.41935483870967744,0.3225806451612903,1.5806451612903225,1.0,10,0.5,0.3,0.2,1.7,1.0,2.7,0.6,0.5,1.8,0.9,5,0.4,0.4,0.2,1.6,1.4,3.0,0.8,0.6,1.6,1.0,77356,Ligue 1 25/26
2026-01-31,13:00,Paris FC,Olympique de Marseille,14064475,QHsvwc,7,0.14285714285714285,0.2857142857142857,0.5714285714285714,0.8571428571428571,2.0,2.857142857142857,0.5714285714285714,0.5714285714285714,0.7142857142857143,2.0,7,0.14285714285714285,0.2857142857142857,0.5714285714285714,0.8571428571428571,2.0,2.857142857142857,0.5714285714285714,0.5714285714285714,0.7142857142857143,2.0,5,0.2,0.2,0.6,1.0,2.2,3.2,0.6,0.6,0.8,2.0,77356,Ligue 1 25/26
2026-01-31,15:00,Lorient,Nantes,14064478,XHsgI,25,0.24,0.24,0.52,1.12,1.4,2.52,0.56,0.4,0.96,1.8,10,0.1,0.2,0.7,1.0,1.9,2.9,0.5,0.3,0.5,2.3,5,0.2,0.2,0.6,1.4,2.0,3.4,0.6,0.4,0.8,2.0,77356,Ligue 1 25/26
2026-01-31,17:05,AS Monaco,Stade Rennais,14064479,dIsiI,74,0.5540540540540541,0.20270270270270271,0.24324324324324326,1.4864864864864864,1.0675675675675675,2.554054054054054,0.581081081081081,0.5,1.864864864864865,0.9324324324324325,10,0.7,0.1,0.2,1.7,1.5,3.2,0.8,0.7,2.2,0.7,5,0.8,0.0,0.2,1.8,1.6,3.4,0.8,0.8,2.4,0.6,77356,Ligue 1 25/26
2026-02-01,11:00,Olympique Lyonnais,Lille,14064468,THsZH,85,0.35294117647058826,0.3058823529411765,0.3411764705882353,1.3294117647058823,1.2117647058823529,2.541176470588235,0.5529411764705883,0.49411764705882355,1.3647058823529412,1.3294117647058823,10,0.4,0.3,0.3,1.4,1.4,2.8,0.5,0.4,1.5,1.2,5,0.6,0.2,0.2,1.6,1.4,3.0,0.6,0.4,2.0,0.8,77356,Ligue 1 25/26
2026-02-01,13:15,Nice,Stade Brestois,14064481,lIspJ,33,0.3939393939393939,0.2727272727272727,0.3333333333333333,1.2727272727272727,1.121212121212121,2.393939393939394,0.2727272727272727,0.42424242424242425,1.4545454545454546,1.2727272727272727,10,0.6,0.2,0.2,1.7,0.8,2.5,0.3,0.5,2.0,0.8,5,0.4,0.4,0.2,1.6,0.8,2.4,0.2,0.4,1.6,1.0,77356,Ligue 1 25/26
2026-02-01,13:15,Toulouse,Auxerre,14064476,WHsGI,53,0.2830188679245283,0.2830188679245283,0.4339622641509434,0.9811320754716981,1.3018867924528301,2.2830188679245285,0.39622641509433965,0.39622641509433965,1.1320754716981132,1.5849056603773586,10,0.4,0.2,0.4,1.3,1.1,2.4,0.3,0.4,1.4,1.4,5,0.4,0.4,0.2,2.0,0.8,2.8,0.4,0.4,1.6,1.0,77356,Ligue 1 25/26
2026-02-01,13:15,Angers,Metz,14064482,bIsJI,30,0.4,0.2,0.4,1.2333333333333334,1.1666666666666667,2.4,0.43333333333333335,0.4,1.4,1.4,10,0.5,0.2,0.3,1.3,1.0,2.3,0.5,0.4,1.7,1.1,5,0.4,0.4,0.2,1.2,1.0,2.2,0.6,0.2,1.6,1.0,77356,Ligue 1 25/26
2026-02-01,16:45,RC Strasbourg,Paris Saint-Germain,14064477,UHsjI,68,0.16176470588235295,0.3382352941176471,0.5,0.9705882352941176,1.588235294117647,2.5588235294117645,0.5294117647058824,0.47058823529411764,0.8235294117647058,1.838235294117647,10,0.1,0.3,0.6,1.6,2.7,4.3,0.9,0.9,0.6,2.1,5,0.2,0.2,0.6,1.6,2.6,4.2,0.8,1.0,0.8,2.0,77356,Ligue 1 25/26
2026-02-06,16:45,Metz,Lille,14064496,THsbI,72,0.2777777777777778,0.2916666666666667,0.4305555555555556,1.125,1.3472222222222223,2.4722222222222223,0.4027777777777778,0.4027777777777778,1.125,1.5833333333333333,10,0.0,0.3,0.7,0.6,2.2,2.8,0.4,0.5,0.3,2.4,5,0.0,0.4,0.6,1.0,2.6,3.6,0.6,0.6,0.4,2.2,77356,Ligue 1 25/26
2026-02-07,13:00,RC Lens,Stade Rennais,14064487,YHsiI,59,0.3898305084745763,0.3050847457627119,0.3050847457627119,1.152542372881356,1.0,2.152542372881356,0.4406779661016949,0.3728813559322034,1.4745762711864407,1.2203389830508475,10,0.4,0.6,0.0,0.9,0.5,1.4,0.5,0.1,1.8,0.6,5,0.2,0.8,0.0,0.8,0.6,1.4,0.6,0.0,1.4,0.8,77356,Ligue 1 25/26
2026-02-07,15:00,Stade Brestois,Lorient,14064488,gIspJ,15,0.4,0.13333333333333333,0.4666666666666667,1.4,1.4,2.8,0.4666666666666667,0.6,1.3333333333333333,1.5333333333333334,10,0.4,0.1,0.5,1.5,1.6,3.1,0.5,0.7,1.3,1.6,5,0.4,0.2,0.4,2.0,1.4,3.4,0.6,0.8,1.4,1.4,77356,Ligue 1 25/26
2026-02-07,17:05,Nantes,Olympique Lyonnais,14064486,XHsZH,88,0.3068181818181818,0.2727272727272727,0.42045454545454547,1.1590909090909092,1.2954545454545454,2.4545454545454546,0.45454545454545453,0.4431818181818182,1.1931818181818181,1.5340909090909092,10,0.0,0.3,0.7,0.6,1.7,2.3,0.5,0.4,0.3,2.4,5,0.0,0.2,0.8,0.4,2.0,2.4,0.4,0.4,0.2,2.6,77356,Ligue 1 25/26
2026-02-08,11:00,Nice,AS Monaco,14064483,dIslI,79,0.3291139240506329,0.17721518987341772,0.4936708860759494,1.1265822784810127,1.3164556962025316,2.4430379746835444,0.45569620253164556,0.45569620253164556,1.1645569620253164,1.6582278481012658,10,0.3,0.2,0.5,1.4,1.4,2.8,0.6,0.7,1.1,1.7,5,0.4,0.2,0.4,1.6,1.6,3.2,0.8,0.8,1.4,1.4,77356,Ligue 1 25/26
2026-02-08,13:15,Le Havre,RC Strasbourg,14064490,jIsmI,25,0.44,0.08,0.48,1.16,1.08,2.24,0.32,0.4,1.4,1.52,10,0.4,0.1,0.5,1.0,1.2,2.2,0.4,0.4,1.3,1.6,5,0.4,0.0,0.6,1.4,1.8,3.2,0.6,0.8,1.2,1.8,77356,Ligue 1 25/26
2026-02-08,13:15,Angers,Toulouse,14064489,GIsJI,16,0.1875,0.3125,0.5,0.6875,1.4375,2.125,0.3125,0.375,0.875,1.8125,10,0.2,0.3,0.5,0.6,1.3,1.9,0.2,0.2,0.9,1.8,5,0.2,0.2,0.6,0.8,2.0,2.8,0.4,0.4,0.8,2.0,77356,Ligue 1 25/26
2026-02-08,13:15,Auxerre,Paris FC,14064484,WHsvwc,1,0.0,1.0,0.0,1.0,1.0,2.0,1.0,0.0,1.0,1.0,1,0.0,1.0,0.0,1.0,1.0,2.0,1.0,0.0,1.0,1.0,1,0.0,1.0,0.0,1.0,1.0,2.0,1.0,0.0,1.0,1.0,77356,Ligue 1 25/26
2026-02-08,16:45,Paris Saint-Germain,Olympique de Marseille,14064485,QHsUH,92,0.42391304347826086,0.2391304347826087,0.33695652173913043,1.4021739130434783,1.1304347826086956,2.532608695652174,0.5,0.5217391304347826,1.5108695652173914,1.25,10,0.8,0.1,0.1,2.0,0.3,2.3,0.2,0.5,2.5,0.4,5,0.8,0.0,0.2,2.4,0.4,2.8,0.2,0.6,2.4,0.6,77356,Ligue 1 25/26
2026-02-13,15:00,Stade Rennais,Paris Saint-Germain,14064499,UHsiI,78,0.28205128205128205,0.23076923076923078,0.48717948717948717,0.8974358974358975,1.3974358974358974,2.2948717948717947,0.48717948717948717,0.3974358974358974,1.0769230769230769,1.6923076923076923,10,0.3,0.2,0.5,1.0,1.8,2.8,0.5,0.4,1.1,1.7,5,0.0,0.2,0.8,0.8,3.2,4.0,0.8,0.8,0.2,2.6,77356,Ligue 1 25/26
2026-02-13,17:05,AS Monaco,Nantes,14064500,XHsdI,94,0.4574468085106383,0.3191489361702128,0.22340425531914893,1.5638297872340425,1.148936170212766,2.7127659574468086,0.5851063829787234,0.5319148936170213,1.6914893617021276,0.9893617021276596,10,0.5,0.5,0.0,3.0,1.4,4.4,0.8,0.8,2.0,0.5,5,0.6,0.4,0.0,4.2,1.8,6.0,0.8,1.0,2.2,0.4,77356,Ligue 1 25/26
2026-02-14,13:00,Olympique de Marseille,RC Strasbourg,14064494,QHsjI,62,0.43548387096774194,0.3387096774193548,0.22580645161290322,1.6290322580645162,1.1290322580645162,2.7580645161290325,0.5645161290322581,0.45161290322580644,1.6451612903225807,1.0161290322580645,10,0.3,0.6,0.1,1.6,1.0,2.6,0.7,0.4,1.5,0.9,5,0.2,0.6,0.2,1.0,1.0,2.0,0.8,0.2,1.2,1.2,77356,Ligue 1 25/26
2026-02-14,15:00,Lille,Stade Brestois,14064498,THspJ,38,0.4473684210526316,0.34210526315789475,0.21052631578947367,1.2894736842105263,0.8947368421052632,2.1842105263157894,0.5,0.3684210526315789,1.6842105263157894,0.9736842105263158,10,0.3,0.5,0.2,1.1,1.1,2.2,0.5,0.3,1.4,1.1,5,0.4,0.4,0.2,1.6,1.4,3.0,0.6,0.4,1.6,1.0,77356,Ligue 1 25/26
2026-02-14,17:05,Paris FC,RC Lens,14064492,YHsvwc,4,0.0,0.25,0.75,1.25,2.25,3.5,1.0,0.75,0.25,2.5,4,0.0,0.25,0.75,1.25,2.25,3.5,1.0,0.75,0.25,2.5,4,0.0,0.25,0.75,1.25,2.25,3.5,1.0,0.75,0.25,2.5,77356,Ligue 1 25/26
2026-02-15,11:00,Le Havre,Toulouse,14064491,mIsGI,23,0.17391304347826086,0.391304347826087,0.43478260869565216,0.6086956521739131,1.0869565217391304,1.6956521739130435,0.391304347826087,0.2608695652173913,0.9130434782608695,1.6956521739130435,10,0.2,0.3,0.5,0.5,1.1,1.6,0.3,0.3,0.9,1.8,5,0.4,0.2,0.4,0.8,1.4,2.2,0.4,0.4,1.4,1.4,77356,Ligue 1 25/26
2026-02-15,13:15,Lorient,Angers,14064497,gIsJI,11,0.2727272727272727,0.36363636363636365,0.36363636363636365,1.0,1.3636363636363635,2.3636363636363638,0.45454545454545453,0.36363636363636365,1.1818181818181819,1.4545454545454546,10,0.2,0.4,0.4,0.8,1.4,2.2,0.4,0.3,1.0,1.6,5,0.2,0.4,0.4,0.4,0.8,1.2,0.2,0.2,1.0,1.6,77356,Ligue 1 25/26
2026-02-15,13:15,Metz,Auxerre,14064493,WHsbI,53,0.33962264150943394,0.2641509433962264,0.39622641509433965,1.0566037735849056,1.2641509433962264,2.3207547169811322,0.4339622641509434,0.4716981132075472,1.2830188679245282,1.4528301886792452,10,0.2,0.2,0.6,0.9,1.6,2.5,0.4,0.6,0.8,2.0,5,0.2,0.2,0.6,0.6,1.2,1.8,0.4,0.4,0.8,2.0,77356,Ligue 1 25/26
2026-02-15,16:45,Olympique Lyonnais,Nice,14064495,ZHslI,81,0.4444444444444444,0.2716049382716049,0.2839506172839506,1.6419753086419753,1.1728395061728396,2.814814814814815,0.5432098765432098,0.5308641975308642,1.6049382716049383,1.123456790123457,10,0.4,0.2,0.4,1.7,1.4,3.1,0.6,0.5,1.4,1.4,5,0.6,0.2,0.2,1.8,0.8,2.6,0.4,0.4,2.0,0.8,77356,Ligue 1 25/26
2026-02-20,16:45,Stade Brestois,Olympique de Marseille,14167866,QHspJ,32,0.25,0.21875,0.53125,1.15625,1.78125,2.9375,0.59375,0.59375,0.96875,1.8125,10,0.3,0.1,0.6,1.0,2.4,3.4,0.7,0.7,1.0,1.9,5,0.2,0.0,0.8,0.6,2.8,3.4,0.4,0.6,0.6,2.4,77356,Ligue 1 25/26
2026-02-21,13:00,RC Lens,AS Monaco,14167892,YHsdI,79,0.25316455696202533,0.35443037974683544,0.3924050632911392,1.0379746835443038,1.4050632911392404,2.4430379746835444,0.3924050632911392,0.4177215189873418,1.1139240506329113,1.5316455696202531,10,0.5,0.3,0.2,2.2,1.1,3.3,0.5,0.7,1.8,0.9,5,0.4,0.2,0.4,2.2,1.6,3.8,0.6,0.8,1.4,1.4,77356,Ligue 1 25/26
2026-02-21,15:00,Toulouse,Paris FC,14167871,GIsvwc,1,1.0,0.0,0.0,3.0,0.0,3.0,0.0,1.0,3.0,0.0,1,1.0,0.0,0.0,3.0,0.0,3.0,0.0,1.0,3.0,0.0,1,1.0,0.0,0.0,3.0,0.0,3.0,0.0,1.0,3.0,0.0,77356,Ligue 1 25/26
2026-02-21,17:05,Paris Saint-Germain,Metz,14167865,UHsbI,80,0.6,0.1875,0.2125,1.8,0.925,2.725,0.5125,0.5375,1.9875,0.825,10,1.0,0.0,0.0,3.1,0.6,3.7,0.5,0.7,3.0,0.0,5,1.0,0.0,0.0,3.0,0.8,3.8,0.6,0.8,3.0,0.0,77356,Ligue 1 25/26
2026-02-22,11:00,Auxerre,Stade Rennais,14167875,WHsiI,51,0.5098039215686274,0.21568627450980393,0.27450980392156865,1.5098039215686274,0.9803921568627451,2.4901960784313726,0.4117647058823529,0.47058823529411764,1.7450980392156863,1.0392156862745099,10,0.4,0.4,0.2,1.1,1.0,2.1,0.3,0.4,1.6,1.0,5,0.4,0.4,0.2,1.4,1.4,2.8,0.2,0.6,1.6,1.0,77356,Ligue 1 25/26
2026-02-22,13:15,Angers,Lille,14167873,THsJI,33,0.42424242424242425,0.2727272727272727,0.30303030303030304,1.2121212121212122,1.0909090909090908,2.303030303030303,0.45454545454545453,0.3939393939393939,1.5454545454545454,1.1818181818181819,10,0.2,0.2,0.6,0.6,1.3,1.9,0.4,0.2,0.8,2.0,5,0.2,0.0,0.8,0.2,1.2,1.4,0.0,0.0,0.6,2.4,77356,Ligue 1 25/26
2026-02-22,13:15,Nice,Lorient,14167867,gIslI,31,0.41935483870967744,0.3870967741935484,0.1935483870967742,1.2258064516129032,0.9032258064516129,2.129032258064516,0.5161290322580645,0.45161290322580644,1.6451612903225807,0.967741935483871,10,0.4,0.4,0.2,1.4,1.1,2.5,0.7,0.5,1.6,1.0,5,0.4,0.4,0.2,1.6,1.2,2.8,0.8,0.6,1.6,1.0,77356,Ligue 1 25/26
2026-02-22,13:15,Nantes,Le Havre,14167869,XHsmI,33,0.3939393939393939,0.3333333333333333,0.2727272727272727,1.0606060606060606,0.8787878787878788,1.9393939393939394,0.42424242424242425,0.24242424242424243,1.5151515151515151,1.1515151515151516,10,0.4,0.3,0.3,1.1,0.9,2.0,0.4,0.2,1.5,1.2,5,0.2,0.4,0.4,0.8,1.2,2.0,0.4,0.2,1.0,1.6,77356,Ligue 1 25/26
2026-02-22,16:45,RC Strasbourg,Olympique Lyonnais,14064501,ZHsjI,67,0.26865671641791045,0.19402985074626866,0.5373134328358209,1.1940298507462686,1.7313432835820894,2.925373134328358,0.5373134328358209,0.6119402985074627,1.0,1.8059701492537314,10,0.3,0.1,0.6,1.6,2.1,3.7,0.9,0.9,1.0,1.9,5,0.4,0.0,0.6,2.2,2.2,4.4,1.0,1.0,1.2,1.8,77356,Ligue 1 25/26
2026-02-27,16:45,RC Strasbourg,RC Lens,14167891,YHsjI,63,0.3968253968253968,0.3333333333333333,0.2698412698412698,1.2222222222222223,1.0,2.2222222222222223,0.5238095238095238,0.4603174603174603,1.5238095238095237,1.1428571428571428,10,0.3,0.2,0.5,1.1,1.3,2.4,0.5,0.5,1.1,1.7,5,0.2,0.2,0.6,1.0,1.4,2.4,0.4,0.4,0.8,2.0,77356,Ligue 1 25/26
2026-02-28,13:00,Stade Rennais,Toulouse,14167879,iIsGI,57,0.38596491228070173,0.2631578947368421,0.3508771929824561,1.2982456140350878,1.280701754385965,2.5789473684210527,0.5263157894736842,0.47368421052631576,1.4210526315789473,1.3157894736842106,10,0.3,0.3,0.4,1.4,1.6,3.0,0.7,0.7,1.2,1.5,5,0.0,0.4,0.6,0.8,1.6,2.4,0.6,0.6,0.4,2.2,77356,Ligue 1 25/26
2026-02-28,15:00,AS Monaco,Angers,14167881,dIsJI,33,0.6060606060606061,0.21212121212121213,0.18181818181818182,1.696969696969697,0.7878787878787878,2.484848484848485,0.3939393939393939,0.5151515151515151,2.0303030303030303,0.7575757575757576,10,0.8,0.1,0.1,1.7,0.4,2.1,0.3,0.3,2.5,0.4,5,0.6,0.2,0.2,1.4,0.6,2.0,0.4,0.2,2.0,0.8,77356,Ligue 1 25/26
2026-02-28,17:05,Le Havre,Paris Saint-Germain,14167877,UHsmI,33,0.12121212121212122,0.30303030303030304,0.5757575757575758,0.6666666666666666,1.5151515151515151,2.1818181818181817,0.36363636363636365,0.36363636363636365,0.6666666666666666,2.0303030303030303,10,0.0,0.1,0.9,0.7,2.3,3.0,0.5,0.7,0.1,2.8,5,0.0,0.2,0.8,1.0,2.8,3.8,0.6,0.8,0.2,2.6,77356,Ligue 1 25/26
2026-03-01,11:00,Paris FC,Nice,14167889,lIsvwc,7,0.42857142857142855,0.14285714285714285,0.42857142857142855,1.7142857142857142,1.8571428571428572,3.5714285714285716,0.5714285714285714,0.7142857142857143,1.4285714285714286,1.4285714285714286,7,0.42857142857142855,0.14285714285714285,0.42857142857142855,1.7142857142857142,1.8571428571428572,3.5714285714285716,0.5714285714285714,0.7142857142857143,1.4285714285714286,1.4285714285714286,5,0.4,0.2,0.4,1.6,2.0,3.6,0.6,0.8,1.4,1.4,77356,Ligue 1 25/26
2026-03-01,13:15,Lille,Nantes,14167887,THsXH,87,0.40229885057471265,0.28735632183908044,0.3103448275862069,1.0344827586206897,0.9310344827586207,1.9655172413793103,0.3218390804597701,0.3333333333333333,1.4942528735632183,1.2183908045977012,10,0.6,0.3,0.1,1.4,0.6,2.0,0.5,0.2,2.1,0.6,5,0.6,0.2,0.2,1.4,0.6,2.0,0.4,0.2,2.0,0.8,77356,Ligue 1 25/26
2026-03-01,13:15,Metz,Stade Brestois,14167885,bIspJ,28,0.35714285714285715,0.32142857142857145,0.32142857142857145,1.1428571428571428,0.9642857142857143,2.107142857142857,0.39285714285714285,0.25,1.3928571428571428,1.2857142857142858,10,0.2,0.2,0.6,1.1,1.6,2.7,0.4,0.4,0.8,2.0,5,0.2,0.0,0.8,1.4,2.0,3.4,0.6,0.6,0.6,2.4,77356,Ligue 1 25/26
2026-03-01,13:15,Lorient,Auxerre,14167883,WHsgI,19,0.10526315789473684,0.42105263157894735,0.47368421052631576,1.0,1.6842105263157894,2.6842105263157894,0.631578947368421,0.47368421052631576,0.7368421052631579,1.8421052631578947,10,0.1,0.5,0.4,0.9,1.2,2.1,0.6,0.4,0.8,1.7,5,0.2,0.4,0.4,1.0,1.0,2.0,0.6,0.2,1.0,1.6,77356,Ligue 1 25/26
2026-03-01,16:45,Olympique de Marseille,Olympique Lyonnais,14167894,QHsZH,88,0.2840909090909091,0.3522727272727273,0.36363636363636365,1.4318181818181819,1.5568181818181819,2.9886363636363638,0.6136363636363636,0.5454545454545454,1.2045454545454546,1.4431818181818181,10,0.5,0.1,0.4,1.4,1.3,2.7,0.5,0.6,1.6,1.3,5,0.6,0.0,0.4,1.8,1.2,3.0,0.4,0.6,1.8,1.2,77356,Ligue 1 25/26
2026-03-06,16:45,Paris Saint-Germain,AS Monaco,14167912,UHsdI,99,0.2222222222222222,0.31313131313131315,0.46464646464646464,1.0606060606060606,1.3838383838383839,2.4444444444444446,0.5050505050505051,0.42424242424242425,0.9797979797979798,1.707070707070707,10,0.4,0.2,0.4,1.7,1.5,3.2,0.5,0.5,1.4,1.4,5,0.6,0.2,0.2,2.6,1.2,3.8,0.6,0.6,2.0,0.8,77356,Ligue 1 25/26
2026-03-07,13:00,Nantes,Angers,14167910,XHsJI,39,0.5384615384615384,0.2564102564102564,0.20512820512820512,1.4102564102564104,0.717948717948718,2.128205128205128,0.38461538461538464,0.358974358974359,1.8717948717948718,0.8717948717948718,10,0.3,0.4,0.3,1.2,1.2,2.4,0.6,0.3,1.3,1.3,5,0.2,0.4,0.4,0.6,1.2,1.8,0.4,0.2,1.0,1.6,77356,Ligue 1 25/26
2026-03-07,15:00,Auxerre,RC Strasbourg,14167908,WHsjI,47,0.3829787234042553,0.2553191489361702,0.3617021276595745,1.2127659574468086,1.0212765957446808,2.234042553191489,0.46808510638297873,0.425531914893617,1.4042553191489362,1.3404255319148937,10,0.2,0.3,0.5,0.7,1.3,2.0,0.2,0.4,0.9,1.8,5,0.2,0.0,0.8,0.4,1.8,2.2,0.2,0.4,0.6,2.4,77356,Ligue 1 25/26
2026-03-07,17:05,Toulouse,Olympique de Marseille,14167896,QHsGI,67,0.16417910447761194,0.373134328358209,0.4626865671641791,0.8208955223880597,1.5820895522388059,2.4029850746268657,0.4626865671641791,0.40298507462686567,0.8656716417910447,1.7611940298507462,10,0.0,0.3,0.7,1.2,2.7,3.9,0.7,0.7,0.3,2.4,5,0.0,0.6,0.4,1.4,2.0,3.4,0.8,0.8,0.6,1.8,77356,Ligue 1 25/26
2026-03-08,11:00,RC Lens,Metz,14167904,YHsbI,69,0.37681159420289856,0.2608695652173913,0.36231884057971014,1.2753623188405796,1.1884057971014492,2.463768115942029,0.4927536231884058,0.463768115942029,1.391304347826087,1.3478260869565217,10,0.2,0.3,0.5,1.1,1.4,2.5,0.5,0.4,0.9,1.8,5,0.2,0.2,0.6,1.0,1.2,2.2,0.4,0.4,0.8,2.0,77356,Ligue 1 25/26
2026-03-08,13:15,Lille,Lorient,14167906,THsgI,33,0.48484848484848486,0.21212121212121213,0.30303030303030304,1.9393939393939394,1.0606060606060606,3.0,0.5454545454545454,0.5454545454545454,1.6666666666666667,1.121212121212121,10,0.6,0.0,0.4,2.7,1.3,4.0,0.7,0.9,1.8,1.2,5,0.6,0.0,0.4,3.0,1.6,4.6,0.8,1.0,1.8,1.2,77356,Ligue 1 25/26
2026-03-08,13:15,Nice,Stade Rennais,14167900,iIslI,71,0.4084507042253521,0.29577464788732394,0.29577464788732394,1.2816901408450705,0.9859154929577465,2.267605633802817,0.49295774647887325,0.4647887323943662,1.5211267605633803,1.1830985915492958,10,0.6,0.1,0.3,1.5,1.3,2.8,0.7,0.6,1.9,1.0,5,0.6,0.0,0.4,1.4,1.4,2.8,0.4,0.4,1.8,1.2,77356,Ligue 1 25/26
2026-03-08,13:15,Stade Brestois,Le Havre,14167898,mIspJ,12,0.5833333333333334,0.08333333333333333,0.3333333333333333,1.3333333333333333,0.8333333333333334,2.1666666666666665,0.25,0.25,1.8333333333333333,1.0833333333333333,10,0.7,0.0,0.3,1.5,0.7,2.2,0.2,0.3,2.1,0.9,5,0.8,0.0,0.2,1.2,0.4,1.6,0.2,0.2,2.4,0.6,77356,Ligue 1 25/26
2026-03-08,16:45,Olympique Lyonnais,Paris FC,14167902,ZHsvwc,7,0.42857142857142855,0.2857142857142857,0.2857142857142857,2.2857142857142856,2.4285714285714284,4.714285714285714,0.7142857142857143,0.7142857142857143,1.5714285714285714,1.1428571428571428,7,0.42857142857142855,0.2857142857142857,0.2857142857142857,2.2857142857142856,2.4285714285714284,4.714285714285714,0.7142857142857143,0.7142857142857143,1.5714285714285714,1.1428571428571428,5,0.4,0.4,0.2,2.0,2.0,4.0,0.6,0.6,1.6,1.0,77356,Ligue 1 25/26
2026-03-13,16:45,Olympique de Marseille,Auxerre,14167929,QHsWH,57,0.43859649122807015,0.24561403508771928,0.3157894736842105,1.1754385964912282,0.9298245614035088,2.1052631578947367,0.2982456140350877,0.3684210526315789,1.5614035087719298,1.1929824561403508,10,0.5,0.3,0.2,1.3,1.0,2.3,0.4,0.5,1.8,0.9,5,0.6,0.0,0.4,1.2,1.4,2.6,0.4,0.6,1.8,1.2,77356,Ligue 1 25/26
2026-03-14,13:00,Lorient,RC Lens,14167916,YHsgI,23,0.2608695652173913,0.43478260869565216,0.30434782608695654,1.173913043478261,1.434782608695652,2.608695652173913,0.5652173913043478,0.391304347826087,1.2173913043478262,1.3478260869565217,10,0.1,0.3,0.6,1.0,2.2,3.2,0.5,0.6,0.6,2.1,5,0.0,0.2,0.8,0.6,2.6,3.2,0.4,0.6,0.2,2.6,77356,Ligue 1 25/26
2026-03-14,15:00,Angers,Nice,14167926,lIsJI,37,0.24324324324324326,0.2972972972972973,0.4594594594594595,1.3243243243243243,1.5945945945945945,2.918918918918919,0.5945945945945946,0.5945945945945946,1.027027027027027,1.6756756756756757,10,0.2,0.2,0.6,0.7,1.7,2.4,0.5,0.5,0.8,2.0,5,0.4,0.2,0.4,1.0,1.4,2.4,0.6,0.4,1.4,1.4,77356,Ligue 1 25/26
2026-03-15,11:00,RC Strasbourg,Paris FC,14167920,jIsvwc,7,0.5714285714285714,0.2857142857142857,0.14285714285714285,1.5714285714285714,1.0,2.5714285714285716,0.42857142857142855,0.42857142857142855,2.0,0.7142857142857143,7,0.5714285714285714,0.2857142857142857,0.14285714285714285,1.5714285714285714,1.0,2.5714285714285716,0.42857142857142855,0.42857142857142855,2.0,0.7142857142857143,5,0.6,0.2,0.2,1.6,1.2,2.8,0.4,0.6,2.0,0.8,77356,Ligue 1 25/26
2026-03-15,13:15,Le Havre,Olympique Lyonnais,14167918,ZHsmI,27,0.3333333333333333,0.18518518518518517,0.48148148148148145,1.037037037037037,1.3333333333333333,2.3703703703703702,0.4444444444444444,0.4444444444444444,1.1851851851851851,1.6296296296296295,10,0.1,0.2,0.7,0.8,1.8,2.6,0.5,0.6,0.5,2.3,5,0.2,0.2,0.6,1.0,2.0,3.0,0.4,0.6,0.8,2.0,77356,Ligue 1 25/26
2026-03-15,13:15,Metz,Toulouse,14167922,bIsGI,48,0.22916666666666666,0.3541666666666667,0.4166666666666667,0.9791666666666666,1.3333333333333333,2.3125,0.5,0.3958333333333333,1.0416666666666667,1.6041666666666667,10,0.2,0.4,0.4,0.9,1.8,2.7,0.5,0.6,1.0,1.6,5,0.0,0.4,0.6,0.6,2.2,2.8,0.4,0.6,0.4,2.2,77356,Ligue 1 25/26
2026-03-15,16:45,Stade Rennais,Lille,14167924,THsiI,73,0.2602739726027397,0.3561643835616438,0.3835616438356164,1.1369863013698631,1.2054794520547945,2.3424657534246576,0.4794520547945205,0.3561643835616438,1.1369863013698631,1.5068493150684932,10,0.1,0.4,0.5,1.1,1.6,2.7,0.6,0.5,0.7,1.9,5,0.2,0.4,0.4,1.2,1.4,2.6,0.4,0.4,1.0,1.6,77356,Ligue 1 25/26
2026-03-20,16:45,RC Lens,Angers,14167938,YHsJI,21,0.5714285714285714,0.19047619047619047,0.23809523809523808,1.4761904761904763,1.0,2.4761904761904763,0.5238095238095238,0.5238095238095238,1.9047619047619047,0.9047619047619048,10,0.7,0.2,0.1,1.8,1.0,2.8,0.6,0.7,2.3,0.5,5,1.0,0.0,0.0,1.8,0.4,2.2,0.4,0.6,3.0,0.0,77356,Ligue 1 25/26
2026-03-21,13:00,Toulouse,Lorient,14167942,gIsGI,29,0.2413793103448276,0.4827586206896552,0.27586206896551724,0.9655172413793104,0.9655172413793104,1.9310344827586208,0.4827586206896552,0.27586206896551724,1.206896551724138,1.3103448275862069,10,0.4,0.5,0.1,1.5,1.2,2.7,0.8,0.4,1.7,0.8,5,0.4,0.6,0.0,1.4,1.0,2.4,0.8,0.4,1.8,0.6,77356,Ligue 1 25/26
2026-03-21,15:00,Auxerre,Stade Brestois,14167932,WHspJ,27,0.4074074074074074,0.3333333333333333,0.25925925925925924,1.7407407407407407,1.0740740740740742,2.814814814814815,0.5185185185185185,0.5555555555555556,1.5555555555555556,1.1111111111111112,10,0.3,0.4,0.3,1.4,0.9,2.3,0.4,0.4,1.3,1.3,5,0.2,0.4,0.4,1.2,1.2,2.4,0.4,0.4,1.0,1.6,77356,Ligue 1 25/26
2026-03-21,17:05,Nice,Paris Saint-Germain,14167944,UHslI,82,0.2926829268292683,0.25609756097560976,0.45121951219512196,1.1341463414634145,1.5,2.6341463414634148,0.524390243902439,0.573170731707317,1.1341463414634145,1.6097560975609757,10,0.3,0.2,0.5,1.1,1.3,2.4,0.6,0.5,1.1,1.7,5,0.4,0.2,0.4,1.6,1.4,3.0,0.8,0.6,1.4,1.4,77356,Ligue 1 25/26
2026-03-22,11:00,Olympique Lyonnais,AS Monaco,14167930,ZHsdI,88,0.38636363636363635,0.23863636363636365,0.375,1.3295454545454546,1.2386363636363635,2.5681818181818183,0.5113636363636364,0.48863636363636365,1.3977272727272727,1.3636363636363635,10,0.6,0.0,0.4,1.6,1.4,3.0,0.5,0.5,1.8,1.2,5,0.6,0.0,0.4,1.4,1.4,2.8,0.4,0.4,1.8,1.2,77356,Ligue 1 25/26
2026-03-22,13:15,Olympique de Marseille,Lille,14167946,QHsTH,85,0.4235294117647059,0.29411764705882354,0.2823529411764706,1.3647058823529412,0.9882352941176471,2.3529411764705883,0.47058823529411764,0.36470588235294116,1.5647058823529412,1.1411764705882352,10,0.1,0.4,0.5,0.7,1.4,2.1,0.6,0.3,0.7,1.9,5,0.0,0.6,0.4,0.6,1.2,1.8,0.6,0.2,0.6,1.8,77356,Ligue 1 25/26
2026-03-22,13:15,Stade Rennais,Metz,14167934,bIsiI,60,0.3333333333333333,0.31666666666666665,0.35,1.0666666666666667,1.1666666666666667,2.2333333333333334,0.4166666666666667,0.4,1.3166666666666667,1.3666666666666667,10,0.8,0.1,0.1,2.5,0.8,3.3,0.6,0.6,2.5,0.4,5,1.0,0.0,0.0,3.6,0.8,4.4,0.6,0.8,3.0,0.0,77356,Ligue 1 25/26
2026-03-22,13:15,Paris FC,Le Havre,14167940,mIsvwc,1,0.0,1.0,0.0,0.0,0.0,0.0,0.0,0.0,1.0,1.0,1,0.0,1.0,0.0,0.0,0.0,0.0,0.0,0.0,1.0,1.0,1,0.0,1.0,0.0,0.0,0.0,0.0,0.0,0.0,1.0,1.0,77356,Ligue 1 25/26
2026-03-22,16:45,Nantes,RC Strasbourg,14167936,XHsjI,72,0.4861111111111111,0.2222222222222222,0.2916666666666667,1.6666666666666667,1.1944444444444444,2.861111111111111,0.5416666666666666,0.5555555555555556,1.6805555555555556,1.0972222222222223,10,0.2,0.2,0.6,0.9,1.6,2.5,0.6,0.5,0.8,2.0,5,0.2,0.0,0.8,0.8,1.8,2.6,0.6,0.6,0.6,2.4,77356,Ligue 1 25/26
2026-04-03,15:45,Paris Saint-Germain,Toulouse,14167955,YMTc,70,0.5428571428571428,0.22857142857142856,0.22857142857142856,1.6428571428571428,0.9142857142857143,2.557142857142857,0.45714285714285713,0.5,1.8571428571428572,0.9142857142857143,10,0.8,0.1,0.1,2.3,0.8,3.1,0.4,0.6,2.5,0.4,5,0.6,0.2,0.2,2.4,1.4,3.8,0.6,0.6,2.0,0.8,77356,Ligue 1 25/26
2026-04-04,12:00,RC Strasbourg,Nice,14167956,jIslI,56,0.32142857142857145,0.32142857142857145,0.35714285714285715,1.1607142857142858,1.3571428571428572,2.517857142857143,0.48214285714285715,0.4642857142857143,1.2857142857142858,1.3928571428571428,10,0.3,0.4,0.3,1.3,1.1,2.4,0.5,0.4,1.3,1.3,5,0.0,0.4,0.6,1.0,2.0,3.0,0.8,0.6,0.4,2.2,77356,Ligue 1 25/26
2026-04-04,14:00,Stade Brestois,Stade Rennais,14167949,iIspJ,27,0.25925925925925924,0.37037037037037035,0.37037037037037035,1.1111111111111112,1.2962962962962963,2.4074074074074074,0.5185185185185185,0.4444444444444444,1.1481481481481481,1.4814814814814814,10,0.2,0.3,0.5,1.3,1.9,3.2,0.8,0.6,0.9,1.8,5,0.4,0.4,0.2,1.8,1.8,3.6,0.8,0.6,1.6,1.0,77356,Ligue 1 25/26
2026-04-04,16:05,Lille,RC Lens,14167954,THsYH,71,0.4084507042253521,0.30985915492957744,0.28169014084507044,1.2535211267605635,1.0422535211267605,2.295774647887324,0.49295774647887325,0.38028169014084506,1.5352112676056338,1.1549295774647887,10,0.5,0.2,0.3,1.2,0.9,2.1,0.4,0.4,1.7,1.1,5,0.6,0.2,0.2,1.2,1.0,2.2,0.4,0.4,2.0,0.8,77356,Ligue 1 25/26
2026-04-05,10:00,Angers,Olympique Lyonnais,14167950,ZHsJI,38,0.23684210526315788,0.15789473684210525,0.6052631578947368,0.9210526315789473,1.868421052631579,2.789473684210526,0.47368421052631576,0.5526315789473685,0.868421052631579,1.9736842105263157,10,0.1,0.0,0.9,0.6,2.7,3.3,0.2,0.7,0.3,2.7,5,0.0,0.0,1.0,0.2,2.8,3.0,0.2,0.6,0.0,3.0,77356,Ligue 1 25/26
2026-04-05,12:15,Metz,Nantes,14689441,XHsbI,85,0.2823529411764706,0.36470588235294116,0.35294117647058826,1.0,1.0705882352941176,2.070588235294118,0.3764705882352941,0.32941176470588235,1.2117647058823529,1.423529411764706,10,0.5,0.4,0.1,1.2,0.5,1.7,0.3,0.1,1.9,0.7,5,0.6,0.2,0.2,1.4,0.6,2.0,0.2,0.2,2.0,0.8,77356,Ligue 1 25/26
2026-04-05,12:15,Lorient,Paris FC,14167953,gIsvwc,1,0.0,0.0,1.0,0.0,2.0,2.0,0.0,0.0,0.0,3.0,1,0.0,0.0,1.0,0.0,2.0,2.0,0.0,0.0,0.0,3.0,1,0.0,0.0,1.0,0.0,2.0,2.0,0.0,0.0,0.0,3.0,77356,Ligue 1 25/26
2026-04-05,12:15,Le Havre,Auxerre,14167952,WHsmI,31,0.1935483870967742,0.25806451612903225,0.5483870967741935,0.7096774193548387,1.6451612903225807,2.3548387096774195,0.3870967741935484,0.4838709677419355,0.8387096774193549,1.903225806451613,10,0.3,0.2,0.5,0.8,1.1,1.9,0.4,0.5,1.1,1.7,5,0.6,0.0,0.4,1.4,1.4,2.8,0.6,0.8,1.8,1.2,77356,Ligue 1 25/26
2026-04-05,15:45,AS Monaco,Olympique de Marseille,14167948,QHsdI,88,0.29545454545454547,0.2840909090909091,0.42045454545454547,1.3636363636363635,1.4204545454545454,2.784090909090909,0.5909090909090909,0.5568181818181818,1.1704545454545454,1.5454545454545454,10,0.4,0.2,0.4,1.6,1.4,3.0,0.6,0.6,1.4,1.4,5,0.4,0.2,0.4,1.8,1.4,3.2,0.6,0.8,1.4,1.4,77356,Ligue 1 25/26
2026-04-10,14:00,Paris FC,AS Monaco,14167962,dIsvwc,5,0.4,0.0,0.6,1.4,2.4,3.8,0.4,0.8,1.2,1.8,5,0.4,0.0,0.6,1.4,2.4,3.8,0.4,0.8,1.2,1.8,5,0.4,0.0,0.6,1.4,2.4,3.8,0.4,0.8,1.2,1.8,77356,Ligue 1 25/26
2026-04-10,16:05,Olympique de Marseille,Metz,14167957,QHsbI,74,0.5,0.1891891891891892,0.3108108108108108,1.5405405405405406,1.0810810810810811,2.6216216216216215,0.47297297297297297,0.527027027027027,1.6891891891891893,1.1216216216216217,10,0.4,0.6,0.0,2.0,1.0,3.0,0.7,0.5,1.8,0.6,5,0.4,0.6,0.0,1.6,0.8,2.4,0.6,0.6,1.8,0.6,77356,Ligue 1 25/26
2026-04-11,12:00,RC Lens,Paris Saint-Germain,14167965,UHsYH,79,0.27848101265822783,0.21518987341772153,0.5063291139240507,1.2531645569620253,1.7088607594936709,2.962025316455696,0.5949367088607594,0.5822784810126582,1.0506329113924051,1.7341772151898733,10,0.1,0.2,0.7,0.9,1.8,2.7,0.7,0.5,0.5,2.3,5,0.0,0.0,1.0,0.4,2.0,2.4,0.4,0.4,0.0,3.0,77356,Ligue 1 25/26
2026-04-11,14:00,Auxerre,Nantes,14167964,WHsXH,61,0.36065573770491804,0.3114754098360656,0.32786885245901637,1.180327868852459,1.0819672131147542,2.262295081967213,0.5409836065573771,0.4262295081967213,1.3934426229508197,1.2950819672131149,10,0.3,0.2,0.5,1.0,1.3,2.3,0.6,0.4,1.1,1.7,5,0.2,0.2,0.6,0.6,1.2,1.8,0.4,0.2,0.8,2.0,77356,Ligue 1 25/26
2026-04-11,16:05,Stade Rennais,Angers,14167959,iIsJI,30,0.6333333333333333,0.16666666666666666,0.2,1.6666666666666667,0.8666666666666667,2.533333333333333,0.5,0.4666666666666667,2.066666666666667,0.7666666666666667,10,0.7,0.1,0.2,2.0,0.9,2.9,0.5,0.6,2.2,0.7,5,0.8,0.2,0.0,2.4,0.8,3.2,0.6,0.6,2.6,0.2,77356,Ligue 1 25/26
2026-04-12,12:15,Toulouse,Lille,14167963,THsGI,67,0.26865671641791045,0.31343283582089554,0.417910447761194,0.8955223880597015,1.2686567164179106,2.1641791044776117,0.43283582089552236,0.417910447761194,1.1194029850746268,1.5671641791044777,10,0.2,0.2,0.6,1.0,1.6,2.6,0.7,0.7,0.8,2.0,5,0.2,0.2,0.6,1.4,1.6,3.0,1.0,0.8,0.8,2.0,77356,Ligue 1 25/26
2026-04-12,12:15,Stade Brestois,RC Strasbourg,14167961,jIspJ,24,0.375,0.3333333333333333,0.2916666666666667,1.3333333333333333,1.1666666666666667,2.5,0.5416666666666666,0.5,1.4583333333333333,1.2083333333333333,10,0.4,0.4,0.2,1.4,1.0,2.4,0.6,0.5,1.6,1.0,5,0.6,0.4,0.0,1.8,0.6,2.4,0.6,0.6,2.2,0.4,77356,Ligue 1 25/26
2026-04-12,12:15,Nice,Le Havre,14167960,lIsmI,21,0.23809523809523808,0.19047619047619047,0.5714285714285714,0.8571428571428571,1.4761904761904763,2.3333333333333335,0.47619047619047616,0.6666666666666666,0.9047619047619048,1.9047619047619047,10,0.3,0.2,0.5,1.0,1.3,2.3,0.6,0.6,1.1,1.7,5,0.6,0.0,0.4,1.6,1.6,3.2,0.8,0.8,1.8,1.2,77356,Ligue 1 25/26
2026-04-12,15:45,Olympique Lyonnais,Lorient,14167958,ZHsgI,35,0.4857142857142857,0.3142857142857143,0.2,1.6571428571428573,0.9714285714285714,2.6285714285714286,0.5142857142857142,0.45714285714285713,1.7714285714285714,0.9142857142857143,10,0.3,0.4,0.3,1.7,1.5,3.2,0.7,0.5,1.3,1.3,5,0.2,0.4,0.4,1.2,1.4,2.6,0.4,0.4,1.0,1.6,77356,Ligue 1 25/26
2026-04-17,15:45,RC Lens,Toulouse,14167969,YHsGI,49,0.4489795918367347,0.2653061224489796,0.2857142857142857,1.183673469387755,0.7346938775510204,1.9183673469387754,0.3673469387755102,0.24489795918367346,1.6122448979591837,1.1224489795918366,10,0.7,0.1,0.2,1.5,0.4,1.9,0.2,0.3,2.2,0.7,5,0.6,0.2,0.2,1.6,0.6,2.2,0.4,0.4,2.0,0.8,77356,Ligue 1 25/26
2026-04-18,12:00,Lorient,Olympique de Marseille,14167966,QHsgI,35,0.17142857142857143,0.22857142857142856,0.6,1.1428571428571428,1.9714285714285715,3.1142857142857143,0.6285714285714286,0.6,0.7428571428571429,2.0285714285714285,10,0.0,0.1,0.9,0.8,2.9,3.7,0.6,0.8,0.1,2.8,5,0.0,0.2,0.8,0.8,2.8,3.6,0.6,0.8,0.2,2.6,77356,Ligue 1 25/26
2026-04-18,14:00,Angers,Le Havre,14167970,mIsJI,5,0.2,0.4,0.4,0.8,1.0,1.8,0.6,0.4,1.0,1.6,5,0.2,0.4,0.4,0.8,1.0,1.8,0.6,0.4,1.0,1.6,5,0.2,0.4,0.4,0.8,1.0,1.8,0.6,0.4,1.0,1.6,77356,Ligue 1 25/26
2026-04-18,16:05,Lille,Nice,14167973,THslI,80,0.3,0.35,0.35,1.175,1.225,2.4,0.4875,0.375,1.25,1.4,10,0.3,0.3,0.4,1.3,1.6,2.9,0.6,0.6,1.2,1.5,5,0.2,0.6,0.2,1.4,1.6,3.0,0.8,0.6,1.2,1.2,77356,Ligue 1 25/26
2026-04-19,10:00,AS Monaco,Auxerre,14167971,WHsdI,67,0.34328358208955223,0.3582089552238806,0.29850746268656714,1.1940298507462686,1.0298507462686568,2.2238805970149254,0.417910447761194,0.373134328358209,1.3880597014925373,1.2537313432835822,10,0.6,0.2,0.2,1.8,1.1,2.9,0.5,0.5,2.0,0.8,5,1.0,0.0,0.0,3.0,1.4,4.4,0.8,1.0,3.0,0.0,77356,Ligue 1 25/26
2026-04-19,12:15,RC Strasbourg,Stade Rennais,14167967,iIsjI,52,0.2692307692307692,0.23076923076923078,0.5,1.1346153846153846,1.6153846153846154,2.75,0.5769230769230769,0.5576923076923077,1.0384615384615385,1.7307692307692308,10,0.3,0.1,0.6,1.0,1.6,2.6,0.5,0.5,1.0,1.9,5,0.4,0.2,0.4,1.4,1.4,2.8,0.6,0.4,1.4,1.4,77356,Ligue 1 25/26
2026-04-19,12:15,Nantes,Stade Brestois,14167972,XHspJ,32,0.5,0.25,0.25,1.59375,1.0,2.59375,0.46875,0.46875,1.75,1.0,10,0.3,0.3,0.4,1.3,1.4,2.7,0.5,0.4,1.2,1.5,5,0.0,0.4,0.6,0.2,1.6,1.8,0.2,0.2,0.4,2.2,77356,Ligue 1 25/26
2026-04-19,12:15,Metz,Paris FC,14167968,bIsvwc,7,0.5714285714285714,0.14285714285714285,0.2857142857142857,2.2857142857142856,1.2857142857142858,3.5714285714285716,0.7142857142857143,0.7142857142857143,1.8571428571428572,1.0,7,0.5714285714285714,0.14285714285714285,0.2857142857142857,2.2857142857142856,1.2857142857142858,3.5714285714285716,0.7142857142857143,0.7142857142857143,1.8571428571428572,1.0,5,0.6,0.0,0.4,2.6,1.6,4.2,0.8,0.8,1.8,1.2,77356,Ligue 1 25/26
2026-04-19,15:45,Paris Saint-Germain,Olympique Lyonnais,14167974,UHsZH,93,0.44086021505376344,0.2903225806451613,0.26881720430107525,1.5913978494623655,1.1612903225806452,2.752688172043011,0.5483870967741935,0.4731182795698925,1.6129032258064515,1.096774193548387,10,0.8,0.1,0.1,2.5,1.2,3.7,0.8,0.7,2.5,0.4,5,1.0,0.0,0.0,3.4,1.4,4.8,1.0,1.0,3.0,0.0,77356,Ligue 1 25/26
2026-04-22,14:00,Paris Saint-Germain,Nantes,14167914,UHsXH,95,0.4421052631578947,0.28421052631578947,0.2736842105263158,1.3473684210526315,1.0105263157894737,2.357894736842105,0.4105263157894737,0.4105263157894737,1.6105263157894736,1.105263157894737,10,0.6,0.2,0.2,1.9,1.1,3.0,0.7,0.6,2.0,0.8,5,0.6,0.4,0.0,1.4,0.6,2.0,0.6,0.2,2.2,0.4,77356,Ligue 1 25/26
2026-04-24,15:45,Stade Brestois,RC Lens,14167982,YHspJ,29,0.3793103448275862,0.1724137931034483,0.4482758620689655,1.4827586206896552,1.5862068965517242,3.0689655172413794,0.6206896551724138,0.6206896551724138,1.3103448275862069,1.5172413793103448,10,0.3,0.2,0.5,1.4,1.6,3.0,0.6,0.5,1.1,1.7,5,0.2,0.0,0.8,1.0,2.2,3.2,0.6,0.6,0.6,2.4,77356,Ligue 1 25/26
2026-04-25,10:00,Olympique Lyonnais,Auxerre,14167980,WHsZH,57,0.45614035087719296,0.2807017543859649,0.2631578947368421,1.3157894736842106,1.0350877192982457,2.3508771929824563,0.42105263157894735,0.45614035087719296,1.6491228070175439,1.0701754385964912,10,0.4,0.4,0.2,1.5,1.3,2.8,0.7,0.7,1.6,1.0,5,0.4,0.4,0.2,1.6,1.2,2.8,0.8,0.8,1.6,1.0,77356,Ligue 1 25/26
2026-04-25,14:00,Angers,Paris Saint-Germain,14167976,UHsJI,32,0.09375,0.21875,0.6875,0.8125,2.125,2.9375,0.53125,0.53125,0.5,2.28125,10,0.0,0.0,1.0,0.5,2.6,3.1,0.4,0.6,0.0,3.0,5,0.0,0.0,1.0,0.6,2.0,2.6,0.4,0.4,0.0,3.0,77356,Ligue 1 25/26
2026-04-25,16:05,Toulouse,AS Monaco,14167981,dIsGI,66,0.22727272727272727,0.3181818181818182,0.45454545454545453,0.9242424242424242,1.4545454545454546,2.378787878787879,0.5,0.4696969696969697,1.0,1.6818181818181819,10,0.2,0.2,0.6,0.9,1.5,2.4,0.7,0.5,0.8,2.0,5,0.2,0.2,0.6,0.8,1.4,2.2,0.6,0.4,0.8,2.0,77356,Ligue 1 25/26
2026-04-26,10:00,Lorient,RC Strasbourg,14167979,gIsjI,13,0.3076923076923077,0.38461538461538464,0.3076923076923077,0.9230769230769231,1.0769230769230769,2.0,0.46153846153846156,0.38461538461538464,1.3076923076923077,1.3076923076923077,10,0.4,0.4,0.2,1.2,1.1,2.3,0.6,0.5,1.6,1.0,5,0.4,0.4,0.2,1.4,1.0,2.4,0.8,0.6,1.6,1.0,77356,Ligue 1 25/26
2026-04-26,12:15,Paris FC,Lille,14167978,THsvwc,3,0.0,0.3333333333333333,0.6666666666666666,1.6666666666666667,3.0,4.666666666666667,1.0,0.6666666666666666,0.3333333333333333,2.3333333333333335,3,0.0,0.3333333333333333,0.6666666666666666,1.6666666666666667,3.0,4.666666666666667,1.0,0.6666666666666666,0.3333333333333333,2.3333333333333335,3,0.0,0.3333333333333333,0.6666666666666666,1.6666666666666667,3.0,4.666666666666667,1.0,0.6666666666666666,0.3333333333333333,2.3333333333333335,77356,Ligue 1 25/26
2026-04-26,12:15,Stade Rennais,Nantes,14167975,XHsiI,75,0.3333333333333333,0.28,0.38666666666666666,1.0933333333333333,1.1066666666666667,2.2,0.4,0.4,1.28,1.44,10,0.7,0.1,0.2,1.7,0.7,2.4,0.4,0.6,2.2,0.7,5,0.6,0.2,0.2,2.0,1.0,3.0,0.6,0.8,2.0,0.8,77356,Ligue 1 25/26
2026-04-26,12:15,Le Havre,Metz,14167977,bIsmI,27,0.2222222222222222,0.3333333333333333,0.4444444444444444,0.5925925925925926,1.1481481481481481,1.7407407407407407,0.2962962962962963,0.37037037037037035,1.0,1.6666666666666667,10,0.2,0.4,0.4,0.3,0.8,1.1,0.1,0.2,1.0,1.6,5,0.2,0.4,0.4,0.2,0.8,1.0,0.0,0.2,1.0,1.6,77356,Ligue 1 25/26
2026-04-26,15:45,Olympique de Marseille,Nice,14167983,QHslI,80,0.5625,0.1875,0.25,1.6,0.9875,2.5875,0.475,0.475,1.875,0.9375,10,0.4,0.2,0.4,1.6,1.4,3.0,0.5,0.6,1.4,1.4,5,0.4,0.2,0.4,1.8,1.2,3.0,0.4,0.4,1.4,1.4,77356,Ligue 1 25/26
2026-05-02,10:00,Nantes,Olympique de Marseille,14167985,QHsXH,89,0.30337078651685395,0.25842696629213485,0.43820224719101125,1.0224719101123596,1.2921348314606742,2.3146067415730336,0.449438202247191,0.3707865168539326,1.1685393258426966,1.5730337078651686,10,0.1,0.2,0.7,0.8,1.6,2.4,0.5,0.3,0.5,2.3,5,0.2,0.2,0.6,0.8,1.4,2.2,0.4,0.2,0.8,2.0,77356,Ligue 1 25/26
2026-05-02,12:00,Paris Saint-Germain,Lorient,14167984,UHsgI,35,0.5142857142857142,0.22857142857142856,0.2571428571428571,1.8285714285714285,1.1142857142857143,2.942857142857143,0.6285714285714286,0.6,1.7714285714285714,1.0,10,0.5,0.3,0.2,2.0,1.2,3.2,0.8,0.6,1.8,0.9,5,0.4,0.4,0.2,1.6,1.2,2.8,0.8,0.6,1.6,1.0,77356,Ligue 1 25/26
2026-05-02,14:00,Metz,AS Monaco,14167986,bIsdI,80,0.2625,0.25,0.4875,1.05,1.7875,2.8375,0.5,0.5375,1.0375,1.7125,10,0.1,0.0,0.9,1.0,2.7,3.7,0.5,0.8,0.3,2.7,5,0.0,0.0,1.0,1.2,3.6,4.8,0.8,1.0,0.0,3.0,77356,Ligue 1 25/26
2026-05-02,16:05,Nice,RC Lens,14167992,YHslI,59,0.3389830508474576,0.3220338983050847,0.3389830508474576,1.0847457627118644,1.0677966101694916,2.152542372881356,0.3898305084745763,0.3728813559322034,1.3389830508474576,1.3389830508474576,10,0.6,0.2,0.2,1.1,0.7,1.8,0.2,0.3,2.0,0.8,5,0.6,0.2,0.2,1.4,0.6,2.0,0.2,0.2,2.0,0.8,77356,Ligue 1 25/26
2026-05-03,10:00,Lille,Le Havre,14167987,THsmI,27,0.4074074074074074,0.4444444444444444,0.14814814814814814,1.1111111111111112,0.6666666666666666,1.7777777777777777,0.3333333333333333,0.3333333333333333,1.6666666666666667,0.8888888888888888,10,0.7,0.2,0.1,1.7,0.5,2.2,0.3,0.5,2.3,0.5,5,0.8,0.0,0.2,2.0,0.4,2.4,0.2,0.6,2.4,0.6,77356,Ligue 1 25/26
2026-05-03,12:15,RC Strasbourg,Toulouse,14167988,jIsGI,41,0.43902439024390244,0.2682926829268293,0.2926829268292683,1.2682926829268293,1.1951219512195121,2.4634146341463414,0.4878048780487805,0.4878048780487805,1.5853658536585367,1.146341463414634,10,0.6,0.2,0.2,1.6,1.0,2.6,0.6,0.6,2.0,0.8,5,0.6,0.2,0.2,1.2,0.6,1.8,0.4,0.4,2.0,0.8,77356,Ligue 1 25/26
2026-05-03,12:15,Paris FC,Stade Brestois,14167990,pJsvwc,1,1.0,0.0,0.0,2.0,1.0,3.0,1.0,1.0,3.0,0.0,1,1.0,0.0,0.0,2.0,1.0,3.0,1.0,1.0,3.0,0.0,1,1.0,0.0,0.0,2.0,1.0,3.0,1.0,1.0,3.0,0.0,77356,Ligue 1 25/26
2026-05-03,12:15,Auxerre,Angers,14167991,WHsJI,9,0.1111111111111111,0.5555555555555556,0.3333333333333333,1.0,1.6666666666666667,2.6666666666666665,0.5555555555555556,0.4444444444444444,0.8888888888888888,1.5555555555555556,9,0.1111111111111111,0.5555555555555556,0.3333333333333333,1.0,1.6666666666666667,2.6666666666666665,0.5555555555555556,0.4444444444444444,0.8888888888888888,1.5555555555555556,5,0.2,0.4,0.4,0.8,1.4,2.2,0.4,0.2,1.0,1.6,77356,Ligue 1 25/26
2026-05-03,15:45,Olympique Lyonnais,Stade Rennais,14167989,ZHsiI,78,0.41025641025641024,0.28205128205128205,0.3076923076923077,1.5128205128205128,1.2820512820512822,2.7948717948717947,0.5769230769230769,0.5512820512820513,1.5128205128205128,1.205128205128205,10,0.4,0.0,0.6,1.7,2.2,3.9,0.7,0.8,1.2,1.8,5,0.4,0.0,0.6,1.6,2.0,3.6,0.6,0.8,1.2,1.8,77356,Ligue 1 25/26
2026-05-08,15:45,RC Lens,Nantes,14064514,XHsYH,75,0.24,0.30666666666666664,0.4533333333333333,0.96,1.4666666666666666,2.4266666666666667,0.44,0.44,1.0266666666666666,1.6666666666666667,10,0.5,0.3,0.2,1.9,1.3,3.2,0.7,0.7,1.8,0.9,5,0.8,0.0,0.2,2.2,1.2,3.4,0.6,0.8,2.4,0.6,77356,Ligue 1 25/26
2026-05-10,16:00,Paris Saint-Germain,Stade Brestois,14064510,UHspJ,38,0.6052631578947368,0.3157894736842105,0.07894736842105263,1.8157894736842106,0.7894736842105263,2.6052631578947367,0.5,0.5,2.1315789473684212,0.5526315789473685,10,0.9,0.1,0.0,2.7,1.0,3.7,0.6,0.7,2.8,0.1,5,0.8,0.2,0.0,3.2,1.4,4.6,0.8,1.0,2.6,0.2,77356,Ligue 1 25/26
2026-05-10,16:00,Le Havre,Olympique de Marseille,14064504,QHsmI,29,0.06896551724137931,0.2413793103448276,0.6896551724137931,0.5862068965517241,1.9310344827586208,2.5172413793103448,0.4827586206896552,0.3793103448275862,0.4482758620689655,2.310344827586207,10,0.0,0.0,1.0,0.6,2.9,3.5,0.5,0.6,0.0,3.0,5,0.0,0.0,1.0,1.0,3.8,4.8,0.8,1.0,0.0,3.0,77356,Ligue 1 25/26
2026-05-10,16:00,AS Monaco,Lille,14064521,THsdI,90,0.34444444444444444,0.4,0.25555555555555554,1.3333333333333333,1.0666666666666667,2.4,0.5444444444444444,0.37777777777777777,1.4333333333333333,1.1666666666666667,10,0.2,0.4,0.4,0.9,1.2,2.1,0.4,0.4,1.0,1.6,5,0.2,0.2,0.6,0.4,1.0,1.4,0.2,0.2,0.8,2.0,77356,Ligue 1 25/26
2026-05-10,16:00,Toulouse,Olympique Lyonnais,14064515,ZHsGI,59,0.1864406779661017,0.2542372881355932,0.559322033898305,0.864406779661017,1.694915254237288,2.559322033898305,0.423728813559322,0.5254237288135594,0.8135593220338984,1.9322033898305084,10,0.1,0.2,0.7,1.0,2.3,3.3,0.7,0.8,0.5,2.3,5,0.2,0.2,0.6,1.0,1.8,2.8,0.6,0.8,0.8,2.0,77356,Ligue 1 25/26
2026-05-10,16:00,Angers,RC Strasbourg,14064518,jIsJI,30,0.23333333333333334,0.3333333333333333,0.43333333333333335,1.1666666666666667,1.8333333333333333,3.0,0.5333333333333333,0.5666666666666667,1.0333333333333334,1.6333333333333333,10,0.3,0.2,0.5,0.9,1.5,2.4,0.4,0.4,1.1,1.7,5,0.2,0.2,0.6,1.2,2.4,3.6,0.8,0.8,0.8,2.0,77356,Ligue 1 25/26
2026-05-10,16:00,Auxerre,Nice,14064519,WHslI,47,0.44680851063829785,0.23404255319148937,0.3191489361702128,1.1914893617021276,0.9361702127659575,2.127659574468085,0.40425531914893614,0.3191489361702128,1.574468085106383,1.1914893617021276,10,0.4,0.4,0.2,1.1,0.9,2.0,0.6,0.3,1.6,1.0,5,0.2,0.6,0.2,1.2,1.4,2.6,1.0,0.4,1.2,1.2,77356,Ligue 1 25/26
2026-05-10,16:00,Stade Rennais,Paris FC,14064513,iIsvwc,5,0.6,0.4,0.0,1.2,0.6,1.8,0.4,0.4,2.2,0.4,5,0.6,0.4,0.0,1.2,0.6,1.8,0.4,0.4,2.2,0.4,5,0.6,0.4,0.0,1.2,0.6,1.8,0.4,0.4,2.2,0.4,77356,Ligue 1 25/26
2026-05-10,16:00,Metz,Lorient,14064517,bIsgI,17,0.23529411764705882,0.23529411764705882,0.5294117647058824,1.411764705882353,1.8823529411764706,3.2941176470588234,0.7058823529411765,0.6470588235294118,0.9411764705882353,1.8235294117647058,10,0.3,0.2,0.5,1.7,2.2,3.9,0.8,0.8,1.1,1.7,5,0.4,0.2,0.4,1.8,1.4,3.2,0.8,0.6,1.4,1.4,77356,Ligue 1 25/26
2026-05-13,14:00,Stade Brestois,RC Strasbourg,15889322,jIspJ,24,0.375,0.3333333333333333,0.2916666666666667,1.3333333333333333,1.1666666666666667,2.5,0.5416666666666666,0.5,1.4583333333333333,1.2083333333333333,10,0.4,0.4,0.2,1.4,1.0,2.4,0.6,0.5,1.6,1.0,5,0.6,0.4,0.0,1.8,0.6,2.4,0.6,0.6,2.2,0.4,77356,Ligue 1 25/26
2026-05-13,16:00,RC Lens,Paris Saint-Germain,15889331,UHsYH,79,0.27848101265822783,0.21518987341772153,0.5063291139240507,1.2531645569620253,1.7088607594936709,2.962025316455696,0.5949367088607594,0.5822784810126582,1.0506329113924051,1.7341772151898733,10,0.1,0.2,0.7,0.9,1.8,2.7,0.7,0.5,0.5,2.3,5,0.0,0.0,1.0,0.4,2.0,2.4,0.4,0.4,0.0,3.0,77356,Ligue 1 25/26
2026-05-17,16:00,Paris FC,Paris Saint-Germain,14061910,UHsvwc,3,0.0,0.6666666666666666,0.3333333333333333,1.3333333333333333,1.6666666666666667,3.0,1.0,0.6666666666666666,0.6666666666666666,1.6666666666666667,3,0.0,0.6666666666666666,0.3333333333333333,1.3333333333333333,1.6666666666666667,3.0,1.0,0.6666666666666666,0.6666666666666666,1.6666666666666667,3,0.0,0.6666666666666666,0.3333333333333333,1.3333333333333333,1.6666666666666667,3.0,1.0,0.6666666666666666,0.6666666666666666,1.6666666666666667,77356,Ligue 1 25/26
2026-05-17,16:00,Olympique de Marseille,Stade Rennais,14061907,QHsiI,79,0.4936708860759494,0.22784810126582278,0.27848101265822783,1.6708860759493671,1.1518987341772151,2.8227848101265822,0.569620253164557,0.4936708860759494,1.7088607594936709,1.0632911392405062,10,0.6,0.1,0.3,1.3,0.9,2.2,0.3,0.2,1.9,1.0,5,0.6,0.0,0.4,1.6,1.2,2.8,0.4,0.4,1.8,1.2,77356,Ligue 1 25/26
2026-05-17,16:00,Olympique Lyonnais,RC Lens,14061911,YHsZH,69,0.463768115942029,0.2608695652173913,0.2753623188405797,1.6376811594202898,1.2028985507246377,2.8405797101449277,0.5072463768115942,0.5507246376811594,1.6521739130434783,1.0869565217391304,10,0.3,0.3,0.4,1.0,1.3,2.3,0.6,0.5,1.2,1.5,5,0.2,0.2,0.6,0.8,1.6,2.4,0.4,0.6,0.8,2.0,77356,Ligue 1 25/26
2026-05-17,16:00,RC Strasbourg,AS Monaco,14061905,dIsjI,71,0.22535211267605634,0.2112676056338028,0.5633802816901409,1.056338028169014,1.7183098591549295,2.7746478873239435,0.5211267605633803,0.5492957746478874,0.8873239436619719,1.9014084507042253,10,0.2,0.2,0.6,1.0,1.7,2.7,0.5,0.5,0.8,2.0,5,0.0,0.2,0.8,0.6,2.0,2.6,0.4,0.6,0.2,2.6,77356,Ligue 1 25/26
2026-05-17,16:00,Lille,Auxerre,14061906,THsWH,63,0.2698412698412698,0.25396825396825395,0.47619047619047616,1.0317460317460319,1.4761904761904763,2.507936507936508,0.5079365079365079,0.42857142857142855,1.0634920634920635,1.6825396825396826,10,0.5,0.4,0.1,1.9,1.2,3.1,0.8,0.6,1.9,0.7,5,0.6,0.4,0.0,2.4,1.2,3.6,0.8,0.6,2.2,0.4,77356,Ligue 1 25/26
2026-05-17,16:00,Nice,Metz,14061909,bIslI,64,0.34375,0.328125,0.328125,1.203125,0.984375,2.1875,0.375,0.34375,1.359375,1.3125,10,0.5,0.1,0.4,1.5,1.0,2.5,0.6,0.5,1.6,1.3,5,0.6,0.0,0.4,1.0,0.6,1.6,0.2,0.2,1.8,1.2,77356,Ligue 1 25/26
2026-05-17,16:00,Nantes,Toulouse,14061912,XHsGI,62,0.43548387096774194,0.27419354838709675,0.2903225806451613,1.3709677419354838,0.9516129032258065,2.3225806451612905,0.5,0.46774193548387094,1.5806451612903225,1.1451612903225807,10,0.4,0.4,0.2,1.2,0.9,2.1,0.6,0.6,1.6,1.0,5,0.2,0.6,0.2,1.0,1.0,2.0,0.6,0.6,1.2,1.2,77356,Ligue 1 25/26
2026-05-17,16:00,Stade Brestois,Angers,14061908,JIspJ,13,0.38461538461538464,0.15384615384615385,0.46153846153846156,1.1538461538461537,0.9230769230769231,2.076923076923077,0.23076923076923078,0.23076923076923078,1.3076923076923077,1.5384615384615385,10,0.4,0.2,0.4,1.4,0.9,2.3,0.3,0.3,1.4,1.4,5,0.8,0.0,0.2,2.2,0.6,2.8,0.2,0.4,2.4,0.6,77356,Ligue 1 25/26
2026-05-17,16:00,Lorient,Le Havre,14061904,gIsmI,7,0.2857142857142857,0.5714285714285714,0.14285714285714285,1.2857142857142858,1.2857142857142858,2.5714285714285716,0.5714285714285714,0.42857142857142855,1.4285714285714286,1.0,7,0.2857142857142857,0.5714285714285714,0.14285714285714285,1.2857142857142858,1.2857142857142858,2.5714285714285716,0.5714285714285714,0.42857142857142855,1.4285714285714286,1.0,5,0.2,0.6,0.2,1.6,1.8,3.4,0.8,0.6,1.2,1.2,77356,Ligue 1 25/26
