date,round_num,local_team,away_team,Target,gf_local,ga_local,gf_away,ga_away,result_local,table_mp_prev_local,table_pts_prev_local,table_ppg_prev_local,table_gf_prev_local,table_ga_prev_local,table_gd_prev_local,table_rank_prev_local,_gf_rolling5_local,_ga_rolling5_local,_poss_rolling5_local,_sh_rolling5_local,_sot_rolling5_local,_sot_pct_rolling5_local,_sh_allowed_rolling5_local,_sot_allowed_rolling5_local,_sot_allowed_pct_rolling5_local,_winrate_rolling5_local,_gf_rolling3_local,_ga_rolling3_local,_poss_rolling3_local,_sh_rolling3_local,_sot_rolling3_local,_sot_pct_rolling3_local,_sh_allowed_rolling3_local,_sot_allowed_rolling3_local,_sot_allowed_pct_rolling3_local,_winrate_rolling3_local,_gf_season_avg_local,_ga_season_avg_local,_poss_season_avg_local,_sh_season_avg_local,_sot_season_avg_local,_sot_pct_season_avg_local,_sh_allowed_season_avg_local,_sot_allowed_season_avg_local,_sot_allowed_pct_season_avg_local,_winrate_season_avg_local,home_gf_rolling5_local,home_ga_rolling5_local,home_poss_rolling5_local,home_sh_rolling5_local,home_sot_rolling5_local,home_sot_pct_rolling5_local,home_sh_allowed_rolling5_local,home_sot_allowed_rolling5_local,home_sot_allowed_pct_rolling5_local,home_winrate_rolling5_local,home_gf_rolling3_local,home_ga_rolling3_local,home_poss_rolling3_local,home_sh_rolling3_local,home_sot_rolling3_local,home_sot_pct_rolling3_local,home_sh_allowed_rolling3_local,home_sot_allowed_rolling3_local,home_sot_allowed_pct_rolling3_local,home_winrate_rolling3_local,home_gf_season_avg_local,home_ga_season_avg_local,home_poss_season_avg_local,home_sh_season_avg_local,home_sot_season_avg_local,home_sot_pct_season_avg_local,home_sh_allowed_season_avg_local,home_sot_allowed_season_avg_local,home_sot_allowed_pct_season_avg_local,home_winrate_season_avg_local,away_gf_rolling5_local,away_ga_rolling5_local,away_poss_rolling5_local,away_sh_rolling5_local,away_sot_rolling5_local,away_sot_pct_rolling5_local,away_sh_allowed_rolling5_local,away_sot_allowed_rolling5_local,away_sot_allowed_pct_rolling5_local,away_winrate_rolling5_local,away_gf_rolling3_local,away_ga_rolling3_local,away_poss_rolling3_local,away_sh_rolling3_local,away_sot_rolling3_local,away_sot_pct_rolling3_local,away_sh_allowed_rolling3_local,away_sot_allowed_rolling3_local,away_sot_allowed_pct_rolling3_local,away_winrate_rolling3_local,away_gf_season_avg_local,away_ga_season_avg_local,away_poss_season_avg_local,away_sh_season_avg_local,away_sot_season_avg_local,away_sot_pct_season_avg_local,away_sh_allowed_season_avg_local,away_sot_allowed_season_avg_local,away_sot_allowed_pct_season_avg_local,away_winrate_season_avg_local,table_mp_prev_away,table_pts_prev_away,table_ppg_prev_away,table_gf_prev_away,table_ga_prev_away,table_gd_prev_away,table_rank_prev_away,_gf_rolling5_away,_ga_rolling5_away,_poss_rolling5_away,_sh_rolling5_away,_sot_rolling5_away,_sot_pct_rolling5_away,_sh_allowed_rolling5_away,_sot_allowed_rolling5_away,_sot_allowed_pct_rolling5_away,_winrate_rolling5_away,_gf_rolling3_away,_ga_rolling3_away,_poss_rolling3_away,_sh_rolling3_away,_sot_rolling3_away,_sot_pct_rolling3_away,_sh_allowed_rolling3_away,_sot_allowed_rolling3_away,_sot_allowed_pct_rolling3_away,_winrate_rolling3_away,_gf_season_avg_away,_ga_season_avg_away,_poss_season_avg_away,_sh_season_avg_away,_sot_season_avg_away,_sot_pct_season_avg_away,_sh_allowed_season_avg_away,_sot_allowed_season_avg_away,_sot_allowed_pct_season_avg_away,_winrate_season_avg_away,home_gf_rolling5_away,home_ga_rolling5_away,home_poss_rolling5_away,home_sh_rolling5_away,home_sot_rolling5_away,home_sot_pct_rolling5_away,home_sh_allowed_rolling5_away,home_sot_allowed_rolling5_away,home_sot_allowed_pct_rolling5_away,home_winrate_rolling5_away,home_gf_rolling3_away,home_ga_rolling3_away,home_poss_rolling3_away,home_sh_rolling3_away,home_sot_rolling3_away,home_sot_pct_rolling3_away,home_sh_allowed_rolling3_away,home_sot_allowed_rolling3_away,home_sot_allowed_pct_rolling3_away,home_winrate_rolling3_away,home_gf_season_avg_away,home_ga_season_avg_away,home_poss_season_avg_away,home_sh_season_avg_away,home_sot_season_avg_away,home_sot_pct_season_avg_away,home_sh_allowed_season_avg_away,home_sot_allowed_season_avg_away,home_sot_allowed_pct_season_avg_away,home_winrate_season_avg_away,away_gf_rolling5_away,away_ga_rolling5_away,away_poss_rolling5_away,away_sh_rolling5_away,away_sot_rolling5_away,away_sot_pct_rolling5_away,away_sh_allowed_rolling5_away,away_sot_allowed_rolling5_away,away_sot_allowed_pct_rolling5_away,away_winrate_rolling5_away,away_gf_rolling3_away,away_ga_rolling3_away,away_poss_rolling3_away,away_sh_rolling3_away,away_sot_rolling3_away,away_sot_pct_rolling3_away,away_sh_allowed_rolling3_away,away_sot_allowed_rolling3_away,away_sot_allowed_pct_rolling3_away,away_winrate_rolling3_away,away_gf_season_avg_away,away_ga_season_avg_away,away_poss_season_avg_away,away_sh_season_avg_away,away_sot_season_avg_away,away_sot_pct_season_avg_away,away_sh_allowed_season_avg_away,away_sot_allowed_season_avg_away,away_sot_allowed_pct_season_avg_away,away_winrate_season_avg_away,diff_gf_rolling5,diff_ga_rolling5,diff_poss_rolling5,diff_sh_rolling5,diff_sot_rolling5,diff_sot_pct_rolling5,diff_sh_allowed_rolling5,diff_sot_allowed_rolling5,diff_sot_allowed_pct_rolling5,diff_winrate_rolling5,diff_gf_rolling3,diff_ga_rolling3,diff_poss_rolling3,diff_sh_rolling3,diff_sot_rolling3,diff_sot_pct_rolling3,diff_sh_allowed_rolling3,diff_sot_allowed_rolling3,diff_sot_allowed_pct_rolling3,diff_winrate_rolling3,diff_gf_season_avg,diff_ga_season_avg,diff_poss_season_avg,diff_sh_season_avg,diff_sot_season_avg,diff_sot_pct_season_avg,diff_sh_allowed_season_avg,diff_sot_allowed_season_avg,diff_sot_allowed_pct_season_avg,diff_winrate_season_avg,diff_home_gf_rolling5,diff_home_ga_rolling5,diff_home_poss_rolling5,diff_home_sh_rolling5,diff_home_sot_rolling5,diff_home_sot_pct_rolling5,diff_home_sh_allowed_rolling5,diff_home_sot_allowed_rolling5,diff_home_sot_allowed_pct_rolling5,diff_home_winrate_rolling5,diff_home_gf_rolling3,diff_home_ga_rolling3,diff_home_poss_rolling3,diff_home_sh_rolling3,diff_home_sot_rolling3,diff_home_sot_pct_rolling3,diff_home_sh_allowed_rolling3,diff_home_sot_allowed_rolling3,diff_home_sot_allowed_pct_rolling3,diff_home_winrate_rolling3,diff_home_gf_season_avg,diff_home_ga_season_avg,diff_home_poss_season_avg,diff_home_sh_season_avg,diff_home_sot_season_avg,diff_home_sot_pct_season_avg,diff_home_sh_allowed_season_avg,diff_home_sot_allowed_season_avg,diff_home_sot_allowed_pct_season_avg,diff_home_winrate_season_avg,diff_away_gf_rolling5,diff_away_ga_rolling5,diff_away_poss_rolling5,diff_away_sh_rolling5,diff_away_sot_rolling5,diff_away_sot_pct_rolling5,diff_away_sh_allowed_rolling5,diff_away_sot_allowed_rolling5,diff_away_sot_allowed_pct_rolling5,diff_away_winrate_rolling5,diff_away_gf_rolling3,diff_away_ga_rolling3,diff_away_poss_rolling3,diff_away_sh_rolling3,diff_away_sot_rolling3,diff_away_sot_pct_rolling3,diff_away_sh_allowed_rolling3,diff_away_sot_allowed_rolling3,diff_away_sot_allowed_pct_rolling3,diff_away_winrate_rolling3,diff_away_gf_season_avg,diff_away_ga_season_avg,diff_away_poss_season_avg,diff_away_sh_season_avg,diff_away_sot_season_avg,diff_away_sot_pct_season_avg,diff_away_sh_allowed_season_avg,diff_away_sot_allowed_season_avg,diff_away_sot_allowed_pct_season_avg,diff_away_winrate_season_avg,diff_table_mp_prev,diff_table_pts_prev,diff_table_ppg_prev,diff_table_gf_prev,diff_table_ga_prev,diff_table_gd_prev,diff_table_rank_prev
2026-04-25,34,Arsenal,Newcastle United,1.0,1.0,0.0,0.0,1.0,W,36,88,2.4444444444444446,66,29,37,9,1.4,1.0,48.0,,,,,,,0.6,1.3333333333333333,1.3333333333333333,53.0,,,,,,,0.3333333333333333,1.9090909090909092,0.7878787878787878,56.36363636363637,,,,,,,0.6176470588235294,2.0,1.2,53.2,,,,,,,0.6,1.6666666666666667,1.0,53.0,,,,,,,0.6666666666666666,2.25,0.6875,57.4375,,,,,,,0.7058823529411765,2.0,1.2,53.2,,,,,,,0.6,1.6666666666666667,1.0,53.0,,,,,,,0.6666666666666666,2.25,0.6875,57.4375,,,,,,,0.7058823529411765,36,90,2.5,49,52,-3,4,1.2,1.4,50.2,10.8,4.0,41.2,15.2,4.6,32.2,0.4,1.0,2.0,57.666666666666664,11.666666666666666,3.3333333333333335,30.96666666666667,13.333333333333334,5.0,37.23333333333334,0.0,1.393939393939394,1.4848484848484849,52.78787878787879,12.969696969696969,4.606060606060606,35.78484848484849,11.878787878787879,4.212121212121212,38.336363636363636,0.35294117647058826,1.2,1.8,46.0,11.2,4.4,43.38,16.2,4.8,31.9,0.4,1.0,1.3333333333333333,45.666666666666664,9.0,5.0,56.03333333333333,16.0,5.0,35.26666666666667,0.3333333333333333,1.0,1.3125,52.875,11.5,3.75,33.31875,12.0625,3.9375,35.3875,0.23529411764705882,1.2,1.8,46.0,11.2,4.4,43.38,16.2,4.8,31.9,0.4,1.0,1.3333333333333333,45.666666666666664,9.0,5.0,56.03333333333333,16.0,5.0,35.26666666666667,0.3333333333333333,1.0,1.3125,52.875,11.5,3.75,33.31875,12.0625,3.9375,35.3875,0.23529411764705882,0.19999999999999996,-0.3999999999999999,-2.200000000000003,,,,,,,0.19999999999999996,0.33333333333333326,-0.6666666666666667,-4.666666666666664,,,,,,,0.3333333333333333,0.5151515151515151,-0.696969696969697,3.575757575757578,,,,,,,0.2647058823529412,0.8,-0.6000000000000001,7.200000000000003,,,,,,,0.19999999999999996,0.6666666666666667,-0.33333333333333326,7.333333333333336,,,,,,,0.3333333333333333,1.25,-0.625,4.5625,,,,,,,0.4705882352941177,0.8,-0.6000000000000001,7.200000000000003,,,,,,,0.19999999999999996,0.6666666666666667,-0.33333333333333326,7.333333333333336,,,,,,,0.3333333333333333,1.25,-0.625,4.5625,,,,,,,0.4705882352941177,0,-2,-0.05555555555555536,17,-23,40,5
2026-05-02,35,Arsenal,Fulham,,,,,,,37,91,2.4594594594594597,67,29,38,3,1.2,0.8,48.8,,,,,,,0.6,1.0,1.3333333333333333,46.333333333333336,,,,,,,0.3333333333333333,1.8823529411764706,0.7647058823529411,56.029411764705884,,,,,,,0.6285714285714286,1.8,0.6,50.8,,,,,,,0.8,1.3333333333333333,0.6666666666666666,54.333333333333336,,,,,,,0.6666666666666666,2.176470588235294,0.6470588235294118,56.705882352941174,,,,,,,0.7222222222222222,1.8,0.6,50.8,,,,,,,0.8,1.3333333333333333,0.6666666666666666,54.333333333333336,,,,,,,0.6666666666666666,2.176470588235294,0.6470588235294118,56.705882352941174,,,,,,,0.7222222222222222,37,93,2.5135135135135136,47,49,-2,1,0.8,0.6,49.4,14.0,3.2,18.92,12.2,3.4,28.48,0.4,0.3333333333333333,0.6666666666666666,46.0,14.333333333333334,3.3333333333333335,22.433333333333337,13.666666666666666,3.3333333333333335,22.866666666666674,0.3333333333333333,1.2941176470588236,1.3529411764705883,51.3235294117647,12.441176470588236,3.6470588235294117,30.06764705882353,11.823529411764707,3.823529411764706,32.89705882352941,0.4,0.6,1.2,48.8,12.2,2.2,15.16,13.4,3.6,26.4,0.2,0.0,0.6666666666666666,51.0,11.666666666666666,1.3333333333333333,7.033333333333334,14.0,3.6666666666666665,25.599999999999998,0.0,0.9411764705882353,1.588235294117647,49.88235294117647,11.117647058823529,3.2941176470588234,30.247058823529414,13.0,4.411764705882353,33.78235294117647,0.2222222222222222,0.6,1.2,48.8,12.2,2.2,15.16,13.4,3.6,26.4,0.2,0.0,0.6666666666666666,51.0,11.666666666666666,1.3333333333333333,7.033333333333334,14.0,3.6666666666666665,25.599999999999998,0.0,0.9411764705882353,1.588235294117647,49.88235294117647,11.117647058823529,3.2941176470588234,30.247058823529414,13.0,4.411764705882353,33.78235294117647,0.2222222222222222,0.3999999999999999,0.20000000000000007,-0.6000000000000014,,,,,,,0.19999999999999996,0.6666666666666667,0.6666666666666666,0.3333333333333357,,,,,,,0.0,0.588235294117647,-0.5882352941176472,4.705882352941181,,,,,,,0.22857142857142854,1.2000000000000002,-0.6,2.0,,,,,,,0.6000000000000001,1.3333333333333333,0.0,3.3333333333333357,,,,,,,0.6666666666666666,1.2352941176470587,-0.9411764705882352,6.823529411764703,,,,,,,0.5,1.2000000000000002,-0.6,2.0,,,,,,,0.6000000000000001,1.3333333333333333,0.0,3.3333333333333357,,,,,,,0.6666666666666666,1.2352941176470587,-0.9411764705882352,6.823529411764703,,,,,,,0.5,0,-2,-0.054054054054053946,20,-20,40,2
2026-05-17,37,Arsenal,Burnley,,,,,,,37,91,2.4594594594594597,67,29,38,3,,,,,,,,,,0.2,,,,,,,,,,0.3333333333333333,1.8823529411764706,0.7647058823529411,56.029411764705884,,,,,,,0.5945945945945946,,,,,,,,,,0.6,,,,,,,,,,0.3333333333333333,2.176470588235294,0.6470588235294118,56.705882352941174,,,,,,,0.6842105263157895,,,,,,,,,,0.6,,,,,,,,,,0.3333333333333333,2.176470588235294,0.6470588235294118,56.705882352941174,,,,,,,0.6842105263157895,37,89,2.4054054054054053,37,71,-34,7,,,,,,,,,,0.0,,,,,,,,,,0.0,1.0,2.0,41.76470588235294,9.117647058823529,2.9705882352941178,33.08235294117647,16.794117647058822,5.705882352941177,37.69411764705882,0.10810810810810811,,,,,,,,,,0.0,,,,,,,,,,0.0,1.1176470588235294,2.4705882352941178,40.8235294117647,7.9411764705882355,3.0588235294117645,38.55882352941177,17.352941176470587,5.411764705882353,31.705882352941178,0.10526315789473684,,,,,,,,,,0.0,,,,,,,,,,0.0,1.1176470588235294,2.4705882352941178,40.8235294117647,7.9411764705882355,3.0588235294117645,38.55882352941177,17.352941176470587,5.411764705882353,31.705882352941178,0.10526315789473684,,,,,,,,,,0.2,,,,,,,,,,0.3333333333333333,0.8823529411764706,-1.2352941176470589,14.264705882352942,,,,,,,0.4864864864864865,,,,,,,,,,0.6,,,,,,,,,,0.3333333333333333,1.0588235294117645,-1.823529411764706,15.882352941176471,,,,,,,0.5789473684210527,,,,,,,,,,0.6,,,,,,,,,,0.3333333333333333,1.0588235294117645,-1.823529411764706,15.882352941176471,,,,,,,0.5789473684210527,0,2,0.05405405405405439,30,-42,72,-4
2026-05-03,35,Aston Villa,Tottenham Hotspur,,,,,,,37,91,2.4594594594594597,50,45,5,5,1.6,1.6,55.2,13.8,4.4,30.2,12.6,4.8,38.3,0.4,1.6666666666666667,1.6666666666666667,56.666666666666664,12.333333333333334,4.333333333333333,32.800000000000004,12.666666666666666,5.666666666666667,47.63333333333333,0.3333333333333333,1.3823529411764706,1.2352941176470589,53.94117647058823,12.764705882352942,4.352941176470588,36.57058823529412,12.735294117647058,4.382352941176471,35.40588235294118,0.4857142857142857,1.8,1.6,53.8,15.6,4.6,30.639999999999997,11.4,4.6,39.260000000000005,0.6,2.3333333333333335,2.3333333333333335,50.666666666666664,15.666666666666666,6.0,40.5,11.333333333333334,5.333333333333333,44.800000000000004,0.6666666666666666,1.588235294117647,1.0588235294117647,54.23529411764706,14.235294117647058,4.823529411764706,38.34705882352941,11.176470588235293,4.294117647058823,39.54117647058824,0.6111111111111112,1.8,1.6,53.8,15.6,4.6,30.639999999999997,11.4,4.6,39.260000000000005,0.6,2.3333333333333335,2.3333333333333335,50.666666666666664,15.666666666666666,6.0,40.5,11.333333333333334,5.333333333333333,44.800000000000004,0.6666666666666666,1.588235294117647,1.0588235294117647,54.23529411764706,14.235294117647058,4.823529411764706,38.34705882352941,11.176470588235293,4.294117647058823,39.54117647058824,0.6111111111111112,37,85,2.2972972972972974,46,56,-10,14,0.8,1.4,48.8,12.4,5.0,40.64,11.8,3.6,34.92,0.2,1.0,1.0,49.666666666666664,11.666666666666666,5.0,42.666666666666664,11.333333333333334,2.3333333333333335,21.2,0.3333333333333333,1.2647058823529411,1.5588235294117647,49.94117647058823,11.176470588235293,3.911764705882353,36.061764705882354,12.705882352941176,4.176470588235294,34.15882352941177,0.22857142857142856,0.6,1.2,45.0,11.0,3.6,31.52,16.4,4.4,24.560000000000002,0.2,0.6666666666666666,0.6666666666666666,48.0,11.666666666666666,5.333333333333333,45.199999999999996,13.666666666666666,2.6666666666666665,19.033333333333335,0.3333333333333333,1.3529411764705883,1.3529411764705883,48.705882352941174,10.352941176470589,3.823529411764706,37.088235294117645,13.647058823529411,4.235294117647059,31.31764705882353,0.3333333333333333,0.6,1.2,45.0,11.0,3.6,31.52,16.4,4.4,24.560000000000002,0.2,0.6666666666666666,0.6666666666666666,48.0,11.666666666666666,5.333333333333333,45.199999999999996,13.666666666666666,2.6666666666666665,19.033333333333335,0.3333333333333333,1.3529411764705883,1.3529411764705883,48.705882352941174,10.352941176470589,3.823529411764706,37.088235294117645,13.647058823529411,4.235294117647059,31.31764705882353,0.3333333333333333,0.8,0.20000000000000018,6.400000000000006,1.4000000000000004,-0.5999999999999996,-10.440000000000001,0.7999999999999989,1.1999999999999997,3.3799999999999955,0.2,0.6666666666666667,0.6666666666666667,7.0,0.6666666666666679,-0.666666666666667,-9.86666666666666,1.3333333333333321,3.3333333333333335,26.433333333333334,0.0,0.11764705882352944,-0.32352941176470584,4.0,1.5882352941176485,0.44117647058823506,0.5088235294117638,0.02941176470588225,0.20588235294117663,1.2470588235294073,0.2571428571428571,1.2000000000000002,0.40000000000000013,8.799999999999997,4.6,0.9999999999999996,-0.8800000000000026,-4.999999999999998,0.1999999999999993,14.700000000000003,0.39999999999999997,1.666666666666667,1.666666666666667,2.6666666666666643,4.0,0.666666666666667,-4.699999999999996,-2.333333333333332,2.6666666666666665,25.76666666666667,0.3333333333333333,0.23529411764705865,-0.2941176470588236,5.529411764705884,3.8823529411764692,0.9999999999999996,1.2588235294117638,-2.4705882352941178,0.0588235294117645,8.223529411764712,0.27777777777777785,1.2000000000000002,0.40000000000000013,8.799999999999997,4.6,0.9999999999999996,-0.8800000000000026,-4.999999999999998,0.1999999999999993,14.700000000000003,0.39999999999999997,1.666666666666667,1.666666666666667,2.6666666666666643,4.0,0.666666666666667,-4.699999999999996,-2.333333333333332,2.6666666666666665,25.76666666666667,0.3333333333333333,0.23529411764705865,-0.2941176470588236,5.529411764705884,3.8823529411764692,0.9999999999999996,1.2588235294117638,-2.4705882352941178,0.0588235294117645,8.223529411764712,0.27777777777777785,0,6,0.16216216216216228,4,-11,15,-9
2026-05-17,37,Aston Villa,Liverpool,,,,,,,37,91,2.4594594594594597,50,45,5,5,,,,,,,,,,0.2,,,,,,,,,,0.0,1.3823529411764706,1.2352941176470589,53.94117647058823,12.764705882352942,4.352941176470588,36.57058823529412,12.735294117647058,4.382352941176471,35.40588235294118,0.4594594594594595,,,,,,,,,,0.4,,,,,,,,,,0.6666666666666666,1.588235294117647,1.0588235294117647,54.23529411764706,14.235294117647058,4.823529411764706,38.34705882352941,11.176470588235293,4.294117647058823,39.54117647058824,0.5789473684210527,,,,,,,,,,0.4,,,,,,,,,,0.6666666666666666,1.588235294117647,1.0588235294117647,54.23529411764706,14.235294117647058,4.823529411764706,38.34705882352941,11.176470588235293,4.294117647058823,39.54117647058824,0.5789473684210527,37,91,2.4594594594594597,60,47,13,4,,,,,,,,,,0.6,,,,,,,,,,0.3333333333333333,1.6764705882352942,1.2941176470588236,59.64705882352941,15.5,4.529411764705882,30.879411764705885,11.352941176470589,3.911764705882353,34.19705882352941,0.4594594594594595,,,,,,,,,,0.4,,,,,,,,,,0.3333333333333333,1.4705882352941178,1.5294117647058822,59.94117647058823,13.647058823529411,3.9411764705882355,32.11764705882353,11.411764705882353,4.0,34.199999999999996,0.3684210526315789,,,,,,,,,,0.4,,,,,,,,,,0.3333333333333333,1.4705882352941178,1.5294117647058822,59.94117647058823,13.647058823529411,3.9411764705882355,32.11764705882353,11.411764705882353,4.0,34.199999999999996,0.3684210526315789,,,,,,,,,,-0.39999999999999997,,,,,,,,,,-0.3333333333333333,-0.2941176470588236,-0.05882352941176472,-5.705882352941181,-2.735294117647058,-0.17647058823529438,5.691176470588232,1.3823529411764692,0.4705882352941182,1.2088235294117666,0.0,,,,,,,,,,0.0,,,,,,,,,,0.3333333333333333,0.11764705882352922,-0.47058823529411753,-5.705882352941174,0.5882352941176467,0.8823529411764701,6.22941176470588,-0.23529411764705976,0.2941176470588234,5.341176470588245,0.21052631578947373,,,,,,,,,,0.0,,,,,,,,,,0.3333333333333333,0.11764705882352922,-0.47058823529411753,-5.705882352941174,0.5882352941176467,0.8823529411764701,6.22941176470588,-0.23529411764705976,0.2941176470588234,5.341176470588245,0.21052631578947373,0,0,0.0,-10,-2,-8,1
2026-04-22,34,Bournemouth,Leeds United,0.0,2.0,2.0,2.0,2.0,D,36,72,2.0,53,53,0,20,1.2,0.8,51.6,14.2,3.2,24.560000000000002,12.2,3.0,26.8,0.4,2.0,1.3333333333333333,49.333333333333336,12.0,3.6666666666666665,31.26666666666667,13.666666666666666,3.6666666666666665,26.900000000000002,0.6666666666666666,1.5151515151515151,1.5151515151515151,50.121212121212125,13.818181818181818,4.696969696969697,35.372727272727275,12.727272727272727,4.424242424242424,34.71515151515151,0.3235294117647059,1.4,1.2,50.2,16.4,5.2,31.440000000000005,9.6,3.8,42.279999999999994,0.2,1.0,1.0,55.0,16.666666666666668,4.0,23.5,9.0,3.6666666666666665,41.9,0.0,1.4375,1.0625,52.6875,14.5,4.5,31.45625,9.0625,3.125,35.05625,0.35294117647058826,1.4,1.2,50.2,16.4,5.2,31.440000000000005,9.6,3.8,42.279999999999994,0.2,1.0,1.0,55.0,16.666666666666668,4.0,23.5,9.0,3.6666666666666665,41.9,0.0,1.4375,1.0625,52.6875,14.5,4.5,31.45625,9.0625,3.125,35.05625,0.35294117647058826,36,78,2.1666666666666665,45,52,-7,19,1.0,0.4,53.0,14.8,4.6,31.22,9.6,2.8,28.04,0.4,1.6666666666666667,0.3333333333333333,53.666666666666664,15.333333333333334,5.333333333333333,34.63333333333333,11.0,4.333333333333333,35.63333333333333,0.6666666666666666,1.2727272727272727,1.4848484848484849,45.90909090909091,12.666666666666666,4.0,33.481818181818184,12.090909090909092,4.0,33.56363636363636,0.2647058823529412,1.2,1.0,38.2,11.4,3.8,35.44,15.4,4.0,24.22,0.2,1.0,0.6666666666666666,38.333333333333336,13.0,4.333333333333333,32.86666666666667,16.0,4.333333333333333,23.333333333333332,0.3333333333333333,1.0625,1.8125,43.25,10.75,3.625,37.06875,13.625,4.75,37.24375,0.11764705882352941,1.2,1.0,38.2,11.4,3.8,35.44,15.4,4.0,24.22,0.2,1.0,0.6666666666666666,38.333333333333336,13.0,4.333333333333333,32.86666666666667,16.0,4.333333333333333,23.333333333333332,0.3333333333333333,1.0625,1.8125,43.25,10.75,3.625,37.06875,13.625,4.75,37.24375,0.11764705882352941,0.19999999999999996,0.4,-1.3999999999999986,-0.6000000000000014,-1.3999999999999995,-6.659999999999997,2.5999999999999996,0.20000000000000018,-1.2399999999999984,0.0,0.33333333333333326,1.0,-4.333333333333329,-3.333333333333334,-1.6666666666666665,-3.3666666666666636,2.666666666666666,-0.6666666666666665,-8.73333333333333,0.0,0.24242424242424243,0.030303030303030276,4.212121212121218,1.1515151515151523,0.6969696969696972,1.8909090909090907,0.6363636363636349,0.42424242424242387,1.1515151515151487,0.05882352941176472,0.19999999999999996,0.19999999999999996,12.0,4.999999999999998,1.4000000000000004,-3.999999999999993,-5.800000000000001,-0.20000000000000018,18.059999999999995,0.0,0.0,0.33333333333333337,16.666666666666664,3.666666666666668,-0.33333333333333304,-9.366666666666667,-7.0,-0.6666666666666665,18.566666666666666,-0.3333333333333333,0.375,-0.75,9.4375,3.75,0.875,-5.612500000000001,-4.5625,-1.625,-2.1875,0.23529411764705885,0.19999999999999996,0.19999999999999996,12.0,4.999999999999998,1.4000000000000004,-3.999999999999993,-5.800000000000001,-0.20000000000000018,18.059999999999995,0.0,0.0,0.33333333333333337,16.666666666666664,3.666666666666668,-0.33333333333333304,-9.366666666666667,-7.0,-0.6666666666666665,18.566666666666666,-0.3333333333333333,0.375,-0.75,9.4375,3.75,0.875,-5.612500000000001,-4.5625,-1.625,-2.1875,0.23529411764705885,0,-6,-0.16666666666666652,8,1,7,1
2026-05-03,35,Bournemouth,Crystal Palace,,,,,,,37,73,1.972972972972973,55,55,0,20,1.6,1.2,54.0,15.0,4.2,29.72,13.2,3.2,24.8,0.4,2.0,1.3333333333333333,51.0,12.333333333333334,4.333333333333333,34.56666666666666,12.333333333333334,3.0,25.0,0.6666666666666666,1.5294117647058822,1.5294117647058822,50.411764705882355,13.911764705882353,4.764705882352941,35.544117647058826,12.647058823529411,4.382352941176471,34.57647058823529,0.3142857142857143,1.2,1.2,55.6,17.4,5.6,31.339999999999996,8.8,3.6,42.56,0.0,1.3333333333333333,1.3333333333333333,54.333333333333336,15.333333333333334,4.666666666666667,29.3,9.666666666666666,3.3333333333333335,35.233333333333334,0.0,1.4705882352941178,1.1176470588235294,53.11764705882353,14.647058823529411,4.647058823529412,32.029411764705884,9.117647058823529,3.1176470588235294,34.758823529411764,0.3333333333333333,1.2,1.2,55.6,17.4,5.6,31.339999999999996,8.8,3.6,42.56,0.0,1.3333333333333333,1.3333333333333333,54.333333333333336,15.333333333333334,4.666666666666667,29.3,9.666666666666666,3.3333333333333335,35.233333333333334,0.0,1.4705882352941178,1.1176470588235294,53.11764705882353,14.647058823529411,4.647058823529412,32.029411764705884,9.117647058823529,3.1176470588235294,34.758823529411764,0.3333333333333333,36,82,2.2777777777777777,39,42,-3,18,1.2,1.0,53.8,11.0,3.4,30.2,9.4,3.4,36.779999999999994,0.4,1.0,1.3333333333333333,47.333333333333336,11.333333333333334,4.333333333333333,35.53333333333333,8.333333333333334,3.3333333333333335,40.199999999999996,0.3333333333333333,1.0909090909090908,1.1818181818181819,46.21212121212121,11.636363636363637,3.696969696969697,34.52424242424242,11.212121212121213,4.151515151515151,37.29090909090909,0.3235294117647059,1.4,1.4,50.0,10.4,4.2,42.08,11.4,4.2,32.26,0.4,1.6666666666666667,2.0,48.666666666666664,10.333333333333334,4.666666666666667,43.96666666666667,13.666666666666666,6.0,40.53333333333333,0.3333333333333333,1.25,1.25,44.625,10.0,3.6875,40.99375,12.3125,4.5,34.98125,0.4117647058823529,1.4,1.4,50.0,10.4,4.2,42.08,11.4,4.2,32.26,0.4,1.6666666666666667,2.0,48.666666666666664,10.333333333333334,4.666666666666667,43.96666666666667,13.666666666666666,6.0,40.53333333333333,0.3333333333333333,1.25,1.25,44.625,10.0,3.6875,40.99375,12.3125,4.5,34.98125,0.4117647058823529,0.40000000000000013,0.19999999999999996,0.20000000000000284,4.0,0.8000000000000003,-0.4800000000000004,3.799999999999999,-0.19999999999999973,-11.979999999999993,0.0,1.0,0.0,3.6666666666666643,1.0,0.0,-0.9666666666666686,4.0,-0.3333333333333335,-15.199999999999996,0.3333333333333333,0.4385026737967914,0.34759358288770037,4.199643493761144,2.2754010695187166,1.0677361853832443,1.0198752228164025,1.4349376114081984,0.23083778966131963,-2.7144385026738007,-0.00924369747899162,-0.19999999999999996,-0.19999999999999996,5.600000000000001,6.999999999999998,1.3999999999999995,-10.740000000000002,-2.5999999999999996,-0.6000000000000001,10.300000000000004,-0.4,-0.3333333333333335,-0.6666666666666667,5.666666666666671,5.0,0.0,-14.666666666666668,-4.0,-2.6666666666666665,-5.299999999999997,-0.3333333333333333,0.22058823529411775,-0.13235294117647056,8.492647058823529,4.647058823529411,0.9595588235294121,-8.964338235294115,-3.194852941176471,-1.3823529411764706,-0.22242647058823906,-0.0784313725490196,-0.19999999999999996,-0.19999999999999996,5.600000000000001,6.999999999999998,1.3999999999999995,-10.740000000000002,-2.5999999999999996,-0.6000000000000001,10.300000000000004,-0.4,-0.3333333333333335,-0.6666666666666667,5.666666666666671,5.0,0.0,-14.666666666666668,-4.0,-2.6666666666666665,-5.299999999999997,-0.3333333333333333,0.22058823529411775,-0.13235294117647056,8.492647058823529,4.647058823529411,0.9595588235294121,-8.964338235294115,-3.194852941176471,-1.3823529411764706,-0.22242647058823906,-0.0784313725490196,1,-9,-0.30480480480480465,16,13,3,2
2026-05-17,37,Bournemouth,Manchester City,,,,,,,37,73,1.972972972972973,55,55,0,20,,,,,,,,,,0.4,,,,,,,,,,0.0,1.5294117647058822,1.5294117647058822,50.411764705882355,13.911764705882353,4.764705882352941,35.544117647058826,12.647058823529411,4.382352941176471,34.57647058823529,0.2972972972972973,,,,,,,,,,0.0,,,,,,,,,,0.0,1.4705882352941178,1.1176470588235294,53.11764705882353,14.647058823529411,4.647058823529412,32.029411764705884,9.117647058823529,3.1176470588235294,34.758823529411764,0.3157894736842105,,,,,,,,,,0.0,,,,,,,,,,0.0,1.4705882352941178,1.1176470588235294,53.11764705882353,14.647058823529411,4.647058823529412,32.029411764705884,9.117647058823529,3.1176470588235294,34.758823529411764,0.3157894736842105,36,88,2.4444444444444446,69,32,37,9,,,,,,,,,,0.6,,,,,,,,,,0.3333333333333333,2.0,0.8787878787878788,60.36363636363637,15.272727272727273,5.424242424242424,36.869696969696975,9.787878787878787,3.3333333333333335,35.85454545454546,0.5833333333333334,,,,,,,,,,0.6,,,,,,,,,,0.6666666666666666,1.6470588235294117,1.0,60.94117647058823,14.588235294117647,4.705882352941177,34.82941176470588,10.352941176470589,3.6470588235294117,38.61764705882353,0.47368421052631576,,,,,,,,,,0.6,,,,,,,,,,0.6666666666666666,1.6470588235294117,1.0,60.94117647058823,14.588235294117647,4.705882352941177,34.82941176470588,10.352941176470589,3.6470588235294117,38.61764705882353,0.47368421052631576,,,,,,,,,,-0.19999999999999996,,,,,,,,,,-0.3333333333333333,-0.47058823529411775,0.6506238859180035,-9.951871657754012,-1.3609625668449201,-0.6595365418894827,-1.3255793226381485,2.859180035650624,1.0490196078431375,-1.2780748663101704,-0.28603603603603606,,,,,,,,,,-0.6,,,,,,,,,,-0.6666666666666666,-0.17647058823529393,0.11764705882352944,-7.823529411764703,0.0588235294117645,-0.0588235294117645,-2.799999999999997,-1.2352941176470598,-0.5294117647058822,-3.858823529411765,-0.15789473684210525,,,,,,,,,,-0.6,,,,,,,,,,-0.6666666666666666,-0.17647058823529393,0.11764705882352944,-7.823529411764703,0.0588235294117645,-0.0588235294117645,-2.799999999999997,-1.2352941176470598,-0.5294117647058822,-3.858823529411765,-0.15789473684210525,1,-15,-0.4714714714714716,-14,23,-37,11
2026-05-02,35,Brentford,West Ham United,,,,,,,36,84,2.3333333333333335,51,47,4,15,,,,,,,,,,0.0,,,,,,,,,,0.0,1.4545454545454546,1.3333333333333333,47.36363636363637,10.606060606060606,3.9393939393939394,37.20909090909091,12.575757575757576,3.909090909090909,30.790909090909093,0.37142857142857144,1.0,1.4,48.8,13.0,3.4,26.48,11.2,4.0,34.6,0.0,1.3333333333333333,1.3333333333333333,50.666666666666664,13.333333333333334,3.6666666666666665,28.099999999999998,12.666666666666666,3.6666666666666665,26.933333333333334,0.0,1.6470588235294117,1.1176470588235294,46.470588235294116,11.764705882352942,4.0588235294117645,34.0,12.176470588235293,4.0,32.21764705882353,0.3888888888888889,1.0,1.4,48.8,13.0,3.4,26.48,11.2,4.0,34.6,0.0,1.3333333333333333,1.3333333333333333,50.666666666666664,13.333333333333334,3.6666666666666665,28.099999999999998,12.666666666666666,3.6666666666666665,26.933333333333334,0.0,1.6470588235294117,1.1176470588235294,46.470588235294116,11.764705882352942,4.0588235294117645,34.0,12.176470588235293,4.0,32.21764705882353,0.3888888888888889,37,87,2.3513513513513513,45,61,-16,12,1.4,0.8,40.8,9.4,3.2,44.88,16.2,4.0,23.04,0.4,2.0,0.3333333333333333,44.666666666666664,12.333333333333334,4.666666666666667,37.76666666666668,11.333333333333334,2.3333333333333335,19.933333333333334,0.6666666666666666,1.2352941176470589,1.7058823529411764,42.470588235294116,10.323529411764707,3.4705882352941178,34.92941176470588,14.911764705882353,5.117647058823529,36.04705882352941,0.2571428571428571,1.0,1.4,45.0,8.8,3.2,38.38,16.2,5.0,29.340000000000003,0.4,0.3333333333333333,0.6666666666666666,42.333333333333336,9.0,2.6666666666666665,29.599999999999998,15.0,4.333333333333333,26.666666666666668,0.3333333333333333,1.0588235294117647,1.7058823529411764,43.0,9.764705882352942,3.3529411764705883,33.55882352941177,16.352941176470587,5.588235294117647,35.588235294117645,0.2222222222222222,1.0,1.4,45.0,8.8,3.2,38.38,16.2,5.0,29.340000000000003,0.4,0.3333333333333333,0.6666666666666666,42.333333333333336,9.0,2.6666666666666665,29.599999999999998,15.0,4.333333333333333,26.666666666666668,0.3333333333333333,1.0588235294117647,1.7058823529411764,43.0,9.764705882352942,3.3529411764705883,33.55882352941177,16.352941176470587,5.588235294117647,35.588235294117645,0.2222222222222222,,,,,,,,,,-0.4,,,,,,,,,,-0.6666666666666666,0.2192513368983957,-0.37254901960784315,4.893048128342251,0.282531194295899,0.4688057040998217,2.279679144385028,-2.336007130124777,-1.2085561497326198,-5.256149732620319,0.11428571428571432,0.0,0.0,3.799999999999997,4.199999999999999,0.19999999999999973,-11.900000000000002,-5.0,-1.0,5.259999999999998,-0.4,1.0,0.6666666666666666,8.333333333333329,4.333333333333334,1.0,-1.5,-2.333333333333334,-0.6666666666666665,0.2666666666666657,-0.3333333333333333,0.588235294117647,-0.588235294117647,3.470588235294116,2.0,0.7058823529411762,0.44117647058823195,-4.1764705882352935,-1.5882352941176467,-3.3705882352941146,0.16666666666666669,0.0,0.0,3.799999999999997,4.199999999999999,0.19999999999999973,-11.900000000000002,-5.0,-1.0,5.259999999999998,-0.4,1.0,0.6666666666666666,8.333333333333329,4.333333333333334,1.0,-1.5,-2.333333333333334,-0.6666666666666665,0.2666666666666657,-0.3333333333333333,0.588235294117647,-0.588235294117647,3.470588235294116,2.0,0.7058823529411762,0.44117647058823195,-4.1764705882352935,-1.5882352941176467,-3.3705882352941146,0.16666666666666669,-1,-3,-0.018018018018017834,6,-14,20,3
2026-05-17,37,Brentford,Crystal Palace,,,,,,,36,84,2.3333333333333335,51,47,4,15,,,,,,,,,,0.0,,,,,,,,,,0.0,1.4545454545454546,1.3333333333333333,47.36363636363637,10.606060606060606,3.9393939393939394,37.20909090909091,12.575757575757576,3.909090909090909,30.790909090909093,0.35135135135135137,,,,,,,,,,0.0,,,,,,,,,,0.0,1.6470588235294117,1.1176470588235294,46.470588235294116,11.764705882352942,4.0588235294117645,34.0,12.176470588235293,4.0,32.21764705882353,0.3684210526315789,,,,,,,,,,0.0,,,,,,,,,,0.0,1.6470588235294117,1.1176470588235294,46.470588235294116,11.764705882352942,4.0588235294117645,34.0,12.176470588235293,4.0,32.21764705882353,0.3684210526315789,36,82,2.2777777777777777,39,42,-3,18,,,,,,,,,,0.2,,,,,,,,,,0.0,1.0909090909090908,1.1818181818181819,46.21212121212121,11.636363636363637,3.696969696969697,34.52424242424242,11.212121212121213,4.151515151515151,37.29090909090909,0.3055555555555556,,,,,,,,,,0.4,,,,,,,,,,0.3333333333333333,1.25,1.25,44.625,10.0,3.6875,40.99375,12.3125,4.5,34.98125,0.3888888888888889,,,,,,,,,,0.4,,,,,,,,,,0.3333333333333333,1.25,1.25,44.625,10.0,3.6875,40.99375,12.3125,4.5,34.98125,0.3888888888888889,,,,,,,,,,-0.2,,,,,,,,,,0.0,0.36363636363636376,0.15151515151515138,1.1515151515151558,-1.0303030303030312,0.24242424242424265,2.6848484848484873,1.3636363636363633,-0.2424242424242422,-6.4999999999999964,0.04579579579579579,,,,,,,,,,-0.4,,,,,,,,,,-0.3333333333333333,0.3970588235294117,-0.13235294117647056,1.845588235294116,1.764705882352942,0.3713235294117645,-6.993749999999999,-0.1360294117647065,-0.5,-2.7636029411764724,-0.020467836257309968,,,,,,,,,,-0.4,,,,,,,,,,-0.3333333333333333,0.3970588235294117,-0.13235294117647056,1.845588235294116,1.764705882352942,0.3713235294117645,-6.993749999999999,-0.1360294117647065,-0.5,-2.7636029411764724,-0.020467836257309968,0,2,0.0555555555555558,12,5,7,-3
2026-04-21,34,Brighton,Chelsea,1.0,3.0,0.0,0.0,3.0,W,36,80,2.2222222222222223,48,42,6,17,1.4,0.8,53.6,12.4,4.6,36.120000000000005,11.2,4.4,39.019999999999996,0.6,2.0,1.0,51.666666666666664,13.0,5.333333333333333,40.0,11.666666666666666,5.333333333333333,45.96666666666667,0.6666666666666666,1.3636363636363635,1.1818181818181819,52.72727272727273,12.757575757575758,4.454545454545454,35.630303030303025,12.181818181818182,4.03030303030303,35.39393939393939,0.35294117647058826,1.0,1.0,55.4,11.8,4.2,33.58,9.2,3.8,43.06,0.4,1.3333333333333333,1.0,53.333333333333336,13.666666666666666,5.666666666666667,40.36666666666667,10.666666666666666,3.6666666666666665,33.699999999999996,0.6666666666666666,1.5,1.0625,54.125,13.75,4.8125,35.425,10.375,3.875,38.85625,0.4117647058823529,1.0,1.0,55.4,11.8,4.2,33.58,9.2,3.8,43.06,0.4,1.3333333333333333,1.0,53.333333333333336,13.666666666666666,5.666666666666667,40.36666666666667,10.666666666666666,3.6666666666666665,33.699999999999996,0.6666666666666666,1.5,1.0625,54.125,13.75,4.8125,35.425,10.375,3.875,38.85625,0.4117647058823529,36,84,2.3333333333333335,56,45,11,10,0.8,1.8,56.8,16.4,4.2,27.9,9.6,5.4,55.04,0.2,0.0,2.3333333333333335,53.333333333333336,15.0,3.3333333333333335,24.2,10.666666666666666,6.0,53.13333333333333,0.0,1.606060606060606,1.2727272727272727,58.484848484848484,13.909090909090908,4.575757575757576,33.842424242424244,10.818181818181818,4.090909090909091,38.04545454545455,0.38235294117647056,2.2,1.6,60.8,12.2,5.4,43.98,11.0,5.6,51.44,0.6,1.6666666666666667,2.0,60.0,12.0,5.0,39.96666666666666,10.333333333333334,6.0,58.70000000000001,0.3333333333333333,1.875,1.3125,57.5,12.5625,5.0,39.137499999999996,11.1875,4.25,39.06875,0.4117647058823529,2.2,1.6,60.8,12.2,5.4,43.98,11.0,5.6,51.44,0.6,1.6666666666666667,2.0,60.0,12.0,5.0,39.96666666666666,10.333333333333334,6.0,58.70000000000001,0.3333333333333333,1.875,1.3125,57.5,12.5625,5.0,39.137499999999996,11.1875,4.25,39.06875,0.4117647058823529,0.5999999999999999,-1.0,-3.1999999999999957,-3.9999999999999982,0.39999999999999947,8.220000000000006,1.5999999999999996,-1.0,-16.020000000000003,0.39999999999999997,2.0,-1.3333333333333335,-1.6666666666666714,-2.0,1.9999999999999996,15.8,1.0,-0.666666666666667,-7.166666666666664,0.6666666666666666,-0.24242424242424243,-0.09090909090909083,-5.757575757575758,-1.1515151515151505,-0.12121212121212199,1.7878787878787818,1.3636363636363633,-0.06060606060606055,-2.651515151515156,-0.029411764705882304,-1.2000000000000002,-0.6000000000000001,-5.399999999999999,-0.3999999999999986,-1.2000000000000002,-10.399999999999999,-1.8000000000000007,-1.7999999999999998,-8.379999999999995,-0.19999999999999996,-0.3333333333333335,-1.0,-6.666666666666664,1.666666666666666,0.666666666666667,0.4000000000000057,0.33333333333333215,-2.3333333333333335,-25.000000000000014,0.3333333333333333,-0.375,-0.25,-3.375,1.1875,-0.1875,-3.7124999999999986,-0.8125,-0.375,-0.21249999999999858,0.0,-1.2000000000000002,-0.6000000000000001,-5.399999999999999,-0.3999999999999986,-1.2000000000000002,-10.399999999999999,-1.8000000000000007,-1.7999999999999998,-8.379999999999995,-0.19999999999999996,-0.3333333333333335,-1.0,-6.666666666666664,1.666666666666666,0.666666666666667,0.4000000000000057,0.33333333333333215,-2.3333333333333335,-25.000000000000014,0.3333333333333333,-0.375,-0.25,-3.375,1.1875,-0.1875,-3.7124999999999986,-0.8125,-0.375,-0.21249999999999858,0.0,0,-4,-0.11111111111111116,-8,-3,-5,7
2026-05-09,36,Brighton,Wolves,,,,,,,37,83,2.2432432432432434,51,42,9,16,,,,,,,,,,0.6,,,,,,,,,,0.3333333333333333,1.411764705882353,1.1470588235294117,52.76470588235294,12.823529411764707,4.588235294117647,36.34705882352941,12.0,3.911764705882353,34.35294117647059,0.3611111111111111,1.4,0.8,55.4,12.6,5.6,41.94,9.0,3.0,31.639999999999997,0.6,1.6666666666666667,0.6666666666666666,53.666666666666664,14.0,6.333333333333333,43.70000000000001,8.333333333333334,2.3333333333333335,23.433333333333337,0.6666666666666666,1.588235294117647,1.0,54.11764705882353,13.823529411764707,5.0588235294117645,36.870588235294115,10.117647058823529,3.6470588235294117,36.57058823529412,0.4444444444444444,1.4,0.8,55.4,12.6,5.6,41.94,9.0,3.0,31.639999999999997,0.6,1.6666666666666667,0.6666666666666666,53.666666666666664,14.0,6.333333333333333,43.70000000000001,8.333333333333334,2.3333333333333335,23.433333333333337,0.6666666666666666,1.588235294117647,1.0,54.11764705882353,13.823529411764707,5.0588235294117645,36.870588235294115,10.117647058823529,3.6470588235294117,36.57058823529412,0.4444444444444444,37,89,2.4054054054054053,27,65,-38,8,,,,,,,,,,0.0,,,,,,,,,,0.0,0.7058823529411765,1.8235294117647058,43.529411764705884,9.323529411764707,3.176470588235294,34.5,13.970588235294118,4.647058823529412,34.16470588235294,0.08333333333333333,0.4,2.0,45.4,10.6,3.8,36.4,18.8,5.8,30.839999999999996,0.0,0.6666666666666666,3.0,50.333333333333336,11.333333333333334,3.0,26.933333333333334,15.0,5.333333333333333,34.733333333333334,0.0,0.4117647058823529,1.7647058823529411,43.411764705882355,9.117647058823529,2.9411764705882355,33.09411764705882,15.647058823529411,4.705882352941177,29.694117647058825,0.0,0.4,2.0,45.4,10.6,3.8,36.4,18.8,5.8,30.839999999999996,0.0,0.6666666666666666,3.0,50.333333333333336,11.333333333333334,3.0,26.933333333333334,15.0,5.333333333333333,34.733333333333334,0.0,0.4117647058823529,1.7647058823529411,43.411764705882355,9.117647058823529,2.9411764705882355,33.09411764705882,15.647058823529411,4.705882352941177,29.694117647058825,0.0,,,,,,,,,,0.6,,,,,,,,,,0.3333333333333333,0.7058823529411765,-0.6764705882352942,9.235294117647058,3.5,1.4117647058823528,1.8470588235294088,-1.9705882352941178,-0.7352941176470593,0.1882352941176464,0.2777777777777778,0.9999999999999999,-1.2,10.0,2.0,1.7999999999999998,5.539999999999999,-9.8,-2.8,0.8000000000000007,0.6,1.0,-2.3333333333333335,3.3333333333333286,2.666666666666666,3.333333333333333,16.766666666666676,-6.666666666666666,-2.9999999999999996,-11.299999999999997,0.6666666666666666,1.176470588235294,-0.7647058823529411,10.705882352941174,4.7058823529411775,2.117647058823529,3.7764705882352914,-5.529411764705882,-1.058823529411765,6.876470588235293,0.4444444444444444,0.9999999999999999,-1.2,10.0,2.0,1.7999999999999998,5.539999999999999,-9.8,-2.8,0.8000000000000007,0.6,1.0,-2.3333333333333335,3.3333333333333286,2.666666666666666,3.333333333333333,16.766666666666676,-6.666666666666666,-2.9999999999999996,-11.299999999999997,0.6666666666666666,1.176470588235294,-0.7647058823529411,10.705882352941174,4.7058823529411775,2.117647058823529,3.7764705882352914,-5.529411764705882,-1.058823529411765,6.876470588235293,0.4444444444444444,0,-6,-0.16216216216216184,24,-23,47,8
2026-05-24,38,Brighton,Manchester Utd,,,,,,,37,83,2.2432432432432434,51,42,9,16,,,,,,,,,,0.2,,,,,,,,,,0.0,1.411764705882353,1.1470588235294117,52.76470588235294,12.823529411764707,4.588235294117647,36.34705882352941,12.0,3.911764705882353,34.35294117647059,0.34210526315789475,,,,,,,,,,0.6,,,,,,,,,,0.6666666666666666,1.588235294117647,1.0,54.11764705882353,13.823529411764707,5.0588235294117645,36.870588235294115,10.117647058823529,3.6470588235294117,36.57058823529412,0.42105263157894735,,,,,,,,,,0.6,,,,,,,,,,0.6666666666666666,1.588235294117647,1.0,54.11764705882353,13.823529411764707,5.0588235294117645,36.870588235294115,10.117647058823529,3.6470588235294117,36.57058823529412,0.42105263157894735,36,82,2.2777777777777777,61,48,13,17,,,,,,,,,,0.2,,,,,,,,,,0.0,1.7575757575757576,1.3636363636363635,52.81818181818182,15.606060606060606,5.666666666666667,36.46666666666667,11.393939393939394,3.696969696969697,32.78484848484849,0.42105263157894735,,,,,,,,,,0.4,,,,,,,,,,0.3333333333333333,1.588235294117647,1.5294117647058822,52.88235294117647,13.764705882352942,4.588235294117647,32.66470588235294,12.705882352941176,4.0,32.96470588235294,0.3157894736842105,,,,,,,,,,0.4,,,,,,,,,,0.3333333333333333,1.588235294117647,1.5294117647058822,52.88235294117647,13.764705882352942,4.588235294117647,32.66470588235294,12.705882352941176,4.0,32.96470588235294,0.3157894736842105,,,,,,,,,,0.0,,,,,,,,,,0.0,-0.34581105169340454,-0.21657754010695185,-0.05347593582887811,-2.782531194295899,-1.0784313725490202,-0.1196078431372598,0.6060606060606055,0.21479500891265602,1.5680926916220983,-0.0789473684210526,,,,,,,,,,0.19999999999999996,,,,,,,,,,0.3333333333333333,0.0,-0.5294117647058822,1.235294117647058,0.0588235294117645,0.47058823529411775,4.205882352941174,-2.5882352941176467,-0.3529411764705883,3.6058823529411796,0.10526315789473684,,,,,,,,,,0.19999999999999996,,,,,,,,,,0.3333333333333333,0.0,-0.5294117647058822,1.235294117647058,0.0588235294117645,0.47058823529411775,4.205882352941174,-2.5882352941176467,-0.3529411764705883,3.6058823529411796,0.10526315789473684,1,1,-0.034534534534534256,-10,-6,-4,-1
2026-04-22,34,Burnley,Manchester City,-1.0,0.0,1.0,1.0,0.0,L,36,86,2.388888888888889,37,70,-33,8,0.4,2.2,45.4,8.6,3.4,46.779999999999994,16.2,4.8,32.56,0.0,0.6666666666666666,3.0,48.0,7.666666666666667,4.333333333333333,60.20000000000001,15.0,5.333333333333333,37.833333333333336,0.0,1.0303030303030303,2.0303030303030303,41.96969696969697,9.121212121212121,3.0303030303030303,33.74848484848485,16.454545454545453,5.606060606060606,37.86363636363637,0.11764705882352941,1.0,2.0,44.0,12.8,3.8,32.1,15.0,6.2,46.279999999999994,0.0,1.0,2.0,43.333333333333336,12.333333333333334,3.3333333333333335,29.433333333333337,17.0,5.333333333333333,34.53333333333333,0.0,0.9375,1.5625,43.1875,10.375,3.0,28.6375,15.5,5.8125,44.40625,0.11764705882352941,1.0,2.0,44.0,12.8,3.8,32.1,15.0,6.2,46.279999999999994,0.0,1.0,2.0,43.333333333333336,12.333333333333334,3.3333333333333335,29.433333333333337,17.0,5.333333333333333,34.53333333333333,0.0,0.9375,1.5625,43.1875,10.375,3.0,28.6375,15.5,5.8125,44.40625,0.11764705882352941,35,85,2.4285714285714284,68,32,36,10,1.8,0.8,66.2,18.4,6.2,34.339999999999996,9.0,2.6,43.4,0.6,2.0,0.6666666666666666,64.66666666666667,19.0,6.333333333333333,34.23333333333333,7.333333333333333,2.3333333333333335,52.76666666666667,0.6666666666666666,2.03125,0.90625,60.21875,14.875,5.3125,37.01875,9.8125,3.40625,36.628125,0.6060606060606061,1.8,0.8,63.4,17.6,5.8,33.260000000000005,10.8,3.2,43.2,0.6,1.6666666666666667,0.3333333333333333,67.33333333333333,18.666666666666668,6.333333333333333,35.03333333333333,9.0,2.0,46.43333333333334,0.6666666666666666,1.6875,1.0625,60.6875,13.75,4.4375,35.0,10.4375,3.8125,40.3375,0.47058823529411764,1.8,0.8,63.4,17.6,5.8,33.260000000000005,10.8,3.2,43.2,0.6,1.6666666666666667,0.3333333333333333,67.33333333333333,18.666666666666668,6.333333333333333,35.03333333333333,9.0,2.0,46.43333333333334,0.6666666666666666,1.6875,1.0625,60.6875,13.75,4.4375,35.0,10.4375,3.8125,40.3375,0.47058823529411764,-1.4,1.4000000000000001,-20.800000000000004,-9.799999999999999,-2.8000000000000003,12.439999999999998,7.199999999999999,2.1999999999999997,-10.839999999999996,-0.6,-1.3333333333333335,2.3333333333333335,-16.66666666666667,-11.333333333333332,-2.0,25.966666666666683,7.666666666666667,2.9999999999999996,-14.933333333333337,-0.6666666666666666,-1.0009469696969697,1.1240530303030303,-18.24905303030303,-5.753787878787879,-2.2821969696969697,-3.2702651515151473,6.642045454545453,2.1998106060606064,1.2355113636363697,-0.48841354723707664,-0.8,1.2,-19.4,-4.800000000000001,-2.0,-1.1600000000000037,4.199999999999999,3.0,3.079999999999991,-0.6,-0.6666666666666667,1.6666666666666667,-23.999999999999993,-6.333333333333334,-2.9999999999999996,-5.599999999999994,8.0,3.333333333333333,-11.900000000000006,-0.6666666666666666,-0.75,0.5,-17.5,-3.375,-1.4375,-6.362500000000001,5.0625,2.0,4.068750000000001,-0.3529411764705882,-0.8,1.2,-19.4,-4.800000000000001,-2.0,-1.1600000000000037,4.199999999999999,3.0,3.079999999999991,-0.6,-0.6666666666666667,1.6666666666666667,-23.999999999999993,-6.333333333333334,-2.9999999999999996,-5.599999999999994,8.0,3.333333333333333,-11.900000000000006,-0.6666666666666666,-0.75,0.5,-17.5,-3.375,-1.4375,-6.362500000000001,5.0625,2.0,4.068750000000001,-0.3529411764705882,1,1,-0.03968253968253954,-31,38,-69,-2
2026-05-10,36,Burnley,Aston Villa,,,,,,,37,89,2.4054054054054053,37,71,-34,7,,,,,,,,,,0.0,,,,,,,,,,0.0,1.0,2.0,41.76470588235294,9.117647058823529,2.9705882352941178,33.08235294117647,16.794117647058822,5.705882352941177,37.69411764705882,0.1111111111111111,0.6,1.8,43.6,12.8,3.2,25.44,17.0,5.8,40.48,0.0,0.0,1.0,41.0,11.333333333333334,2.6666666666666665,24.800000000000008,21.0,6.0,30.63333333333333,0.0,0.8823529411764706,1.5294117647058822,42.705882352941174,10.294117647058824,2.8823529411764706,27.605882352941176,16.235294117647058,6.0,43.682352941176475,0.1111111111111111,0.6,1.8,43.6,12.8,3.2,25.44,17.0,5.8,40.48,0.0,0.0,1.0,41.0,11.333333333333334,2.6666666666666665,24.800000000000008,21.0,6.0,30.63333333333333,0.0,0.8823529411764706,1.5294117647058822,42.705882352941174,10.294117647058824,2.8823529411764706,27.605882352941176,16.235294117647058,6.0,43.682352941176475,0.1111111111111111,37,91,2.4594594594594597,50,45,5,5,,,,,,,,,,0.4,,,,,,,,,,0.3333333333333333,1.3823529411764706,1.2352941176470589,53.94117647058823,12.764705882352942,4.352941176470588,36.57058823529412,12.735294117647058,4.382352941176471,35.40588235294118,0.4722222222222222,0.6,1.6,55.0,10.4,3.4,33.339999999999996,14.6,5.4,35.52,0.0,0.6666666666666666,1.6666666666666667,55.666666666666664,10.333333333333334,2.6666666666666665,24.633333333333336,14.666666666666666,5.333333333333333,36.800000000000004,0.0,1.1764705882352942,1.411764705882353,53.64705882352941,11.294117647058824,3.8823529411764706,34.794117647058826,14.294117647058824,4.470588235294118,31.27058823529412,0.3333333333333333,0.6,1.6,55.0,10.4,3.4,33.339999999999996,14.6,5.4,35.52,0.0,0.6666666666666666,1.6666666666666667,55.666666666666664,10.333333333333334,2.6666666666666665,24.633333333333336,14.666666666666666,5.333333333333333,36.800000000000004,0.0,1.1764705882352942,1.411764705882353,53.64705882352941,11.294117647058824,3.8823529411764706,34.794117647058826,14.294117647058824,4.470588235294118,31.27058823529412,0.3333333333333333,,,,,,,,,,-0.4,,,,,,,,,,-0.3333333333333333,-0.38235294117647056,0.7647058823529411,-12.17647058823529,-3.647058823529413,-1.3823529411764701,-3.4882352941176507,4.0588235294117645,1.3235294117647056,2.2882352941176407,-0.3611111111111111,0.0,0.19999999999999996,-11.399999999999999,2.4000000000000004,-0.19999999999999973,-7.899999999999995,2.4000000000000004,0.39999999999999947,4.959999999999994,0.0,-0.6666666666666666,-0.6666666666666667,-14.666666666666664,1.0,0.0,0.1666666666666714,6.333333333333334,0.666666666666667,-6.166666666666675,0.0,-0.2941176470588236,0.11764705882352922,-10.941176470588239,-1.0,-1.0,-7.18823529411765,1.9411764705882337,1.5294117647058822,12.411764705882355,-0.2222222222222222,0.0,0.19999999999999996,-11.399999999999999,2.4000000000000004,-0.19999999999999973,-7.899999999999995,2.4000000000000004,0.39999999999999947,4.959999999999994,0.0,-0.6666666666666666,-0.6666666666666667,-14.666666666666664,1.0,0.0,0.1666666666666714,6.333333333333334,0.666666666666667,-6.166666666666675,0.0,-0.2941176470588236,0.11764705882352922,-10.941176470588239,-1.0,-1.0,-7.18823529411765,1.9411764705882337,1.5294117647058822,12.411764705882355,-0.2222222222222222,0,-2,-0.05405405405405439,-13,26,-39,2
2026-05-24,38,Burnley,Wolves,,,,,,,37,89,2.4054054054054053,37,71,-34,7,,,,,,,,,,0.0,,,,,,,,,,0.0,1.0,2.0,41.76470588235294,9.117647058823529,2.9705882352941178,33.08235294117647,16.794117647058822,5.705882352941177,37.69411764705882,0.10526315789473684,,,,,,,,,,0.0,,,,,,,,,,0.0,0.8823529411764706,1.5294117647058822,42.705882352941174,10.294117647058824,2.8823529411764706,27.605882352941176,16.235294117647058,6.0,43.682352941176475,0.10526315789473684,,,,,,,,,,0.0,,,,,,,,,,0.0,0.8823529411764706,1.5294117647058822,42.705882352941174,10.294117647058824,2.8823529411764706,27.605882352941176,16.235294117647058,6.0,43.682352941176475,0.10526315789473684,37,89,2.4054054054054053,27,65,-38,8,,,,,,,,,,0.0,,,,,,,,,,0.0,0.7058823529411765,1.8235294117647058,43.529411764705884,9.323529411764707,3.176470588235294,34.5,13.970588235294118,4.647058823529412,34.16470588235294,0.07894736842105263,,,,,,,,,,0.0,,,,,,,,,,0.0,0.4117647058823529,1.7647058823529411,43.411764705882355,9.117647058823529,2.9411764705882355,33.09411764705882,15.647058823529411,4.705882352941177,29.694117647058825,0.0,,,,,,,,,,0.0,,,,,,,,,,0.0,0.4117647058823529,1.7647058823529411,43.411764705882355,9.117647058823529,2.9411764705882355,33.09411764705882,15.647058823529411,4.705882352941177,29.694117647058825,0.0,,,,,,,,,,0.0,,,,,,,,,,0.0,0.2941176470588235,0.17647058823529416,-1.764705882352942,-0.20588235294117752,-0.20588235294117618,-1.4176470588235333,2.8235294117647047,1.0588235294117645,3.529411764705877,0.02631578947368421,,,,,,,,,,0.0,,,,,,,,,,0.0,0.47058823529411764,-0.23529411764705888,-0.7058823529411811,1.1764705882352953,-0.05882352941176494,-5.488235294117647,0.5882352941176467,1.2941176470588234,13.98823529411765,0.10526315789473684,,,,,,,,,,0.0,,,,,,,,,,0.0,0.47058823529411764,-0.23529411764705888,-0.7058823529411811,1.1764705882352953,-0.05882352941176494,-5.488235294117647,0.5882352941176467,1.2941176470588234,13.98823529411765,0.10526315789473684,0,0,0.0,10,6,4,-1
2026-05-04,35,Chelsea,Nottingham Forest,,,,,,,37,87,2.3513513513513513,56,48,8,10,0.0,2.2,54.6,14.6,2.6,17.240000000000002,10.8,6.4,58.160000000000004,0.0,0.0,2.3333333333333335,47.333333333333336,13.0,2.0,13.1,12.333333333333334,6.0,43.13333333333333,0.0,1.5588235294117647,1.3235294117647058,58.11764705882353,13.676470588235293,4.4411764705882355,32.84705882352941,10.941176470588236,4.235294117647059,38.69117647058823,0.37142857142857144,0.6,1.6,59.2,17.2,3.0,18.14,9.0,4.0,44.82,0.0,0.0,1.6666666666666667,54.333333333333336,18.333333333333332,3.0,17.63333333333333,9.666666666666666,4.666666666666667,46.93333333333334,0.0,1.3529411764705883,1.2352941176470589,59.411764705882355,15.176470588235293,4.176470588235294,28.85882352941176,10.470588235294118,3.9411764705882355,37.08235294117647,0.3333333333333333,0.6,1.6,59.2,17.2,3.0,18.14,9.0,4.0,44.82,0.0,0.0,1.6666666666666667,54.333333333333336,18.333333333333332,3.0,17.63333333333333,9.666666666666666,4.666666666666667,46.93333333333334,0.0,1.3529411764705883,1.2352941176470589,59.411764705882355,15.176470588235293,4.176470588235294,28.85882352941176,10.470588235294118,3.9411764705882355,37.08235294117647,0.3333333333333333,37,87,2.3513513513513513,44,48,-4,11,2.6,0.4,43.8,10.8,4.6,46.48,9.8,3.0,33.34,0.6,3.3333333333333335,0.6666666666666666,43.666666666666664,11.666666666666666,4.666666666666667,42.233333333333334,10.0,4.0,48.43333333333333,0.6666666666666666,1.2058823529411764,1.3235294117647058,47.205882352941174,12.558823529411764,4.029411764705882,33.758823529411764,12.411764705882353,4.088235294117647,32.991176470588236,0.2857142857142857,2.4,1.4,40.4,11.2,5.4,52.04,15.4,5.2,33.8,0.4,3.3333333333333335,0.6666666666666666,37.0,9.0,5.666666666666667,63.96666666666667,16.333333333333332,4.666666666666667,27.766666666666666,0.6666666666666666,1.3529411764705883,1.411764705882353,45.05882352941177,10.235294117647058,4.235294117647059,42.45882352941176,13.352941176470589,4.294117647058823,31.876470588235293,0.3333333333333333,2.4,1.4,40.4,11.2,5.4,52.04,15.4,5.2,33.8,0.4,3.3333333333333335,0.6666666666666666,37.0,9.0,5.666666666666667,63.96666666666667,16.333333333333332,4.666666666666667,27.766666666666666,0.6666666666666666,1.3529411764705883,1.411764705882353,45.05882352941177,10.235294117647058,4.235294117647059,42.45882352941176,13.352941176470589,4.294117647058823,31.876470588235293,0.3333333333333333,-2.6,1.8000000000000003,10.800000000000004,3.799999999999999,-1.9999999999999996,-29.239999999999995,1.0,3.4000000000000004,24.82,-0.6,-3.3333333333333335,1.666666666666667,3.6666666666666714,1.333333333333334,-2.666666666666667,-29.133333333333333,2.333333333333334,2.0,-5.299999999999997,-0.6666666666666666,0.3529411764705883,0.0,10.911764705882355,1.117647058823529,0.41176470588235325,-0.911764705882355,-1.4705882352941178,0.14705882352941213,5.699999999999996,0.08571428571428574,-1.7999999999999998,0.20000000000000018,18.800000000000004,6.0,-2.4000000000000004,-33.9,-6.4,-1.2000000000000002,11.020000000000003,-0.4,-3.3333333333333335,1.0,17.333333333333336,9.333333333333332,-2.666666666666667,-46.33333333333334,-6.666666666666666,0.0,19.16666666666667,-0.6666666666666666,0.0,-0.17647058823529416,14.352941176470587,4.9411764705882355,-0.0588235294117645,-13.599999999999998,-2.882352941176471,-0.35294117647058787,5.205882352941174,0.0,-1.7999999999999998,0.20000000000000018,18.800000000000004,6.0,-2.4000000000000004,-33.9,-6.4,-1.2000000000000002,11.020000000000003,-0.4,-3.3333333333333335,1.0,17.333333333333336,9.333333333333332,-2.666666666666667,-46.33333333333334,-6.666666666666666,0.0,19.16666666666667,-0.6666666666666666,0.0,-0.17647058823529416,14.352941176470587,4.9411764705882355,-0.0588235294117645,-13.599999999999998,-2.882352941176471,-0.35294117647058787,5.205882352941174,0.0,0,0,0.0,12,0,12,-1
2026-05-17,37,Chelsea,Tottenham Hotspur,,,,,,,37,87,2.3513513513513513,56,48,8,10,,,,,,,,,,0.0,,,,,,,,,,0.0,1.5588235294117647,1.3235294117647058,58.11764705882353,13.676470588235293,4.4411764705882355,32.84705882352941,10.941176470588236,4.235294117647059,38.69117647058823,0.35135135135135137,,,,,,,,,,0.0,,,,,,,,,,0.0,1.3529411764705883,1.2352941176470589,59.411764705882355,15.176470588235293,4.176470588235294,28.85882352941176,10.470588235294118,3.9411764705882355,37.08235294117647,0.3157894736842105,,,,,,,,,,0.0,,,,,,,,,,0.0,1.3529411764705883,1.2352941176470589,59.411764705882355,15.176470588235293,4.176470588235294,28.85882352941176,10.470588235294118,3.9411764705882355,37.08235294117647,0.3157894736842105,37,85,2.2972972972972974,46,56,-10,14,,,,,,,,,,0.2,,,,,,,,,,0.3333333333333333,1.2647058823529411,1.5588235294117647,49.94117647058823,11.176470588235293,3.911764705882353,36.061764705882354,12.705882352941176,4.176470588235294,34.15882352941177,0.21621621621621623,,,,,,,,,,0.2,,,,,,,,,,0.3333333333333333,1.3529411764705883,1.3529411764705883,48.705882352941174,10.352941176470589,3.823529411764706,37.088235294117645,13.647058823529411,4.235294117647059,31.31764705882353,0.3157894736842105,,,,,,,,,,0.2,,,,,,,,,,0.3333333333333333,1.3529411764705883,1.3529411764705883,48.705882352941174,10.352941176470589,3.823529411764706,37.088235294117645,13.647058823529411,4.235294117647059,31.31764705882353,0.3157894736842105,,,,,,,,,,-0.2,,,,,,,,,,-0.3333333333333333,0.2941176470588236,-0.23529411764705888,8.176470588235297,2.5,0.5294117647058827,-3.214705882352945,-1.7647058823529402,0.0588235294117645,4.5323529411764625,0.13513513513513514,,,,,,,,,,-0.2,,,,,,,,,,-0.3333333333333333,0.0,-0.11764705882352944,10.705882352941181,4.823529411764705,0.3529411764705883,-8.229411764705883,-3.1764705882352935,-0.2941176470588234,5.7647058823529385,0.0,,,,,,,,,,-0.2,,,,,,,,,,-0.3333333333333333,0.0,-0.11764705882352944,10.705882352941181,4.823529411764705,0.3529411764705883,-8.229411764705883,-3.1764705882352935,-0.2941176470588234,5.7647058823529385,0.0,0,2,0.054054054054053946,10,-8,18,-4
2026-05-10,36,Crystal Palace,Everton,,,,,,,36,82,2.2777777777777777,39,42,-3,18,,,,,,,,,,0.2,,,,,,,,,,0.0,1.0909090909090908,1.1818181818181819,46.21212121212121,11.636363636363637,3.696969696969697,34.52424242424242,11.212121212121213,4.151515151515151,37.29090909090909,0.3142857142857143,1.0,0.8,57.6,13.4,2.4,18.46,9.2,4.0,42.62,0.4,0.6666666666666666,0.3333333333333333,54.0,10.666666666666666,2.0,18.86666666666667,8.666666666666666,3.3333333333333335,39.1,0.3333333333333333,0.9411764705882353,1.1176470588235294,47.705882352941174,13.176470588235293,3.7058823529411766,28.435294117647057,10.176470588235293,3.823529411764706,39.46470588235294,0.2222222222222222,1.0,0.8,57.6,13.4,2.4,18.46,9.2,4.0,42.62,0.4,0.6666666666666666,0.3333333333333333,54.0,10.666666666666666,2.0,18.86666666666667,8.666666666666666,3.3333333333333335,39.1,0.3333333333333333,0.9411764705882353,1.1176470588235294,47.705882352941174,13.176470588235293,3.7058823529411766,28.435294117647057,10.176470588235293,3.823529411764706,39.46470588235294,0.2222222222222222,37,89,2.4054054054054053,44,44,0,6,,,,,,,,,,0.2,,,,,,,,,,0.0,1.2058823529411764,1.2058823529411764,44.05882352941177,11.029411764705882,3.676470588235294,33.49411764705882,13.588235294117647,4.147058823529412,32.21176470588235,0.3611111111111111,1.6,1.8,43.0,11.8,4.2,37.0,16.4,4.8,29.160000000000004,0.4,1.0,2.0,45.333333333333336,11.333333333333334,4.333333333333333,36.86666666666667,17.333333333333332,4.666666666666667,27.166666666666668,0.0,1.1176470588235294,1.1764705882352942,40.588235294117645,9.823529411764707,3.1176470588235294,31.69411764705882,16.176470588235293,4.117647058823529,26.064705882352943,0.3888888888888889,1.6,1.8,43.0,11.8,4.2,37.0,16.4,4.8,29.160000000000004,0.4,1.0,2.0,45.333333333333336,11.333333333333334,4.333333333333333,36.86666666666667,17.333333333333332,4.666666666666667,27.166666666666668,0.0,1.1176470588235294,1.1764705882352942,40.588235294117645,9.823529411764707,3.1176470588235294,31.69411764705882,16.176470588235293,4.117647058823529,26.064705882352943,0.3888888888888889,,,,,,,,,,0.0,,,,,,,,,,0.0,-0.11497326203208558,-0.024064171122994527,2.153297682709443,0.6069518716577544,0.02049910873440286,1.0301247771836017,-2.376114081996434,0.00445632798573925,5.079144385026737,-0.046825396825396826,-0.6000000000000001,-1.0,14.600000000000001,1.5999999999999996,-1.8000000000000003,-18.54,-7.199999999999999,-0.7999999999999998,13.459999999999994,0.0,-0.33333333333333337,-1.6666666666666667,8.666666666666664,-0.6666666666666679,-2.333333333333333,-17.999999999999996,-8.666666666666666,-1.3333333333333335,11.933333333333334,0.3333333333333333,-0.17647058823529416,-0.05882352941176472,7.117647058823529,3.352941176470587,0.5882352941176472,-3.258823529411764,-6.0,-0.29411764705882293,13.399999999999995,-0.16666666666666669,-0.6000000000000001,-1.0,14.600000000000001,1.5999999999999996,-1.8000000000000003,-18.54,-7.199999999999999,-0.7999999999999998,13.459999999999994,0.0,-0.33333333333333337,-1.6666666666666667,8.666666666666664,-0.6666666666666679,-2.333333333333333,-17.999999999999996,-8.666666666666666,-1.3333333333333335,11.933333333333334,0.3333333333333333,-0.17647058823529416,-0.05882352941176472,7.117647058823529,3.352941176470587,0.5882352941176472,-3.258823529411764,-6.0,-0.29411764705882293,13.399999999999995,-0.16666666666666669,-1,-7,-0.12762762762762758,-5,-2,-3,12
2026-05-24,38,Crystal Palace,Arsenal,,,,,,,36,82,2.2777777777777777,39,42,-3,18,,,,,,,,,,0.0,,,,,,,,,,0.0,1.0909090909090908,1.1818181818181819,46.21212121212121,11.636363636363637,3.696969696969697,34.52424242424242,11.212121212121213,4.151515151515151,37.29090909090909,0.2894736842105263,,,,,,,,,,0.4,,,,,,,,,,0.3333333333333333,0.9411764705882353,1.1176470588235294,47.705882352941174,13.176470588235293,3.7058823529411766,28.435294117647057,10.176470588235293,3.823529411764706,39.46470588235294,0.21052631578947367,,,,,,,,,,0.4,,,,,,,,,,0.3333333333333333,0.9411764705882353,1.1176470588235294,47.705882352941174,13.176470588235293,3.7058823529411766,28.435294117647057,10.176470588235293,3.823529411764706,39.46470588235294,0.21052631578947367,37,91,2.4594594594594597,67,29,38,3,,,,,,,,,,0.2,,,,,,,,,,0.0,1.8823529411764706,0.7647058823529411,56.029411764705884,,,,,,,0.5789473684210527,,,,,,,,,,0.4,,,,,,,,,,0.3333333333333333,1.588235294117647,0.8823529411764706,55.35294117647059,,,,,,,0.47368421052631576,,,,,,,,,,0.4,,,,,,,,,,0.3333333333333333,1.588235294117647,0.8823529411764706,55.35294117647059,,,,,,,0.47368421052631576,,,,,,,,,,-0.2,,,,,,,,,,0.0,-0.7914438502673797,0.41711229946524075,-9.817290552584673,,,,,,,-0.2894736842105263,,,,,,,,,,0.0,,,,,,,,,,0.0,-0.6470588235294117,0.23529411764705888,-7.647058823529413,,,,,,,-0.2631578947368421,,,,,,,,,,0.0,,,,,,,,,,0.0,-0.6470588235294117,0.23529411764705888,-7.647058823529413,,,,,,,-0.2631578947368421,-1,-9,-0.18168168168168197,-28,13,-41,15
2026-05-04,35,Everton,Manchester City,,,,,,,37,89,2.4054054054054053,44,44,0,6,1.4,1.6,43.2,10.8,5.2,48.120000000000005,15.6,4.8,31.54,0.2,1.3333333333333333,2.0,48.333333333333336,11.666666666666666,4.666666666666667,39.1,13.666666666666666,4.333333333333333,32.13333333333333,0.0,1.2058823529411764,1.2058823529411764,44.05882352941177,11.029411764705882,3.676470588235294,33.49411764705882,13.588235294117647,4.147058823529412,32.21176470588235,0.37142857142857144,1.4,1.0,47.4,12.4,5.6,47.3,10.6,3.8,35.98,0.4,2.0,0.6666666666666666,45.333333333333336,11.333333333333334,6.0,55.23333333333334,10.333333333333334,4.0,38.73333333333333,0.6666666666666666,1.2941176470588236,1.2352941176470589,47.529411764705884,12.235294117647058,4.235294117647059,35.294117647058826,11.0,4.176470588235294,38.358823529411765,0.3333333333333333,1.4,1.0,47.4,12.4,5.6,47.3,10.6,3.8,35.98,0.4,2.0,0.6666666666666666,45.333333333333336,11.333333333333334,6.0,55.23333333333334,10.333333333333334,4.0,38.73333333333333,0.6666666666666666,1.2941176470588236,1.2352941176470589,47.529411764705884,12.235294117647058,4.235294117647059,35.294117647058826,11.0,4.176470588235294,38.358823529411765,0.3333333333333333,36,88,2.4444444444444446,69,32,37,9,1.8,0.8,65.8,21.2,7.0,33.62,8.0,2.4,42.76,0.6,2.0,0.3333333333333333,62.666666666666664,20.333333333333332,7.333333333333333,36.599999999999994,10.0,2.3333333333333335,23.13333333333333,1.0,2.0,0.8787878787878788,60.36363636363637,15.272727272727273,5.424242424242424,36.869696969696975,9.787878787878787,3.3333333333333335,35.85454545454546,0.6176470588235294,1.6,0.4,64.2,20.2,7.0,35.68,10.2,2.2,35.42,0.8,1.6666666666666667,0.3333333333333333,66.66666666666667,23.333333333333332,7.666666666666667,33.833333333333336,7.333333333333333,1.6666666666666667,45.36666666666667,0.6666666666666666,1.6470588235294117,1.0,60.94117647058823,14.588235294117647,4.705882352941177,34.82941176470588,10.352941176470589,3.6470588235294117,38.61764705882353,0.5,1.6,0.4,64.2,20.2,7.0,35.68,10.2,2.2,35.42,0.8,1.6666666666666667,0.3333333333333333,66.66666666666667,23.333333333333332,7.666666666666667,33.833333333333336,7.333333333333333,1.6666666666666667,45.36666666666667,0.6666666666666666,1.6470588235294117,1.0,60.94117647058823,14.588235294117647,4.705882352941177,34.82941176470588,10.352941176470589,3.6470588235294117,38.61764705882353,0.5,-0.40000000000000013,0.8,-22.599999999999994,-10.399999999999999,-1.7999999999999998,14.500000000000007,7.6,2.4,-11.219999999999999,-0.39999999999999997,-0.6666666666666667,1.6666666666666667,-14.333333333333329,-8.666666666666666,-2.666666666666666,2.500000000000007,3.666666666666666,1.9999999999999996,9.000000000000004,-1.0,-0.7941176470588236,0.3270944741532976,-16.3048128342246,-4.243315508021391,-1.74777183600713,-3.3755793226381527,3.8003565062388596,0.8137254901960786,-3.6427807486631067,-0.246218487394958,-0.20000000000000018,0.6,-16.800000000000004,-7.799999999999999,-1.4000000000000004,11.619999999999997,0.40000000000000036,1.5999999999999996,0.5599999999999952,-0.4,0.33333333333333326,0.3333333333333333,-21.333333333333336,-11.999999999999998,-1.666666666666667,21.400000000000006,3.000000000000001,2.333333333333333,-6.63333333333334,0.0,-0.3529411764705881,0.23529411764705888,-13.411764705882348,-2.3529411764705888,-0.47058823529411775,0.46470588235294485,0.6470588235294112,0.5294117647058827,-0.2588235294117638,-0.16666666666666669,-0.20000000000000018,0.6,-16.800000000000004,-7.799999999999999,-1.4000000000000004,11.619999999999997,0.40000000000000036,1.5999999999999996,0.5599999999999952,-0.4,0.33333333333333326,0.3333333333333333,-21.333333333333336,-11.999999999999998,-1.666666666666667,21.400000000000006,3.000000000000001,2.333333333333333,-6.63333333333334,0.0,-0.3529411764705881,0.23529411764705888,-13.411764705882348,-2.3529411764705888,-0.47058823529411775,0.46470588235294485,0.6470588235294112,0.5294117647058827,-0.2588235294117638,-0.16666666666666669,1,1,-0.03903903903903938,-25,12,-37,-3
2026-05-17,37,Everton,Sunderland,,,,,,,37,89,2.4054054054054053,44,44,0,6,,,,,,,,,,0.0,,,,,,,,,,0.0,1.2058823529411764,1.2058823529411764,44.05882352941177,11.029411764705882,3.676470588235294,33.49411764705882,13.588235294117647,4.147058823529412,32.21176470588235,0.35135135135135137,,,,,,,,,,0.4,,,,,,,,,,0.3333333333333333,1.2941176470588236,1.2352941176470589,47.529411764705884,12.235294117647058,4.235294117647059,35.294117647058826,11.0,4.176470588235294,38.358823529411765,0.3157894736842105,,,,,,,,,,0.4,,,,,,,,,,0.3333333333333333,1.2941176470588236,1.2352941176470589,47.529411764705884,12.235294117647058,4.235294117647059,35.294117647058826,11.0,4.176470588235294,38.358823529411765,0.3157894736842105,37,85,2.2972972972972974,39,48,-9,13,,,,,,,,,,0.2,,,,,,,,,,0.0,1.0588235294117647,1.3235294117647058,44.588235294117645,10.088235294117647,3.3823529411764706,33.89411764705883,14.441176470588236,4.529411764705882,32.40294117647059,0.32432432432432434,,,,,,,,,,0.4,,,,,,,,,,0.3333333333333333,0.7647058823529411,1.5294117647058822,43.1764705882353,8.823529411764707,3.2941176470588234,36.96470588235294,16.764705882352942,5.176470588235294,31.91764705882353,0.21052631578947367,,,,,,,,,,0.4,,,,,,,,,,0.3333333333333333,0.7647058823529411,1.5294117647058822,43.1764705882353,8.823529411764707,3.2941176470588234,36.96470588235294,16.764705882352942,5.176470588235294,31.91764705882353,0.21052631578947367,,,,,,,,,,-0.2,,,,,,,,,,0.0,0.1470588235294117,-0.11764705882352944,-0.5294117647058769,0.9411764705882355,0.2941176470588234,-0.4000000000000057,-0.8529411764705888,-0.3823529411764701,-0.19117647058823906,0.02702702702702703,,,,,,,,,,0.0,,,,,,,,,,0.0,0.5294117647058825,-0.2941176470588234,4.352941176470587,3.4117647058823515,0.9411764705882355,-1.6705882352941117,-5.764705882352942,-1.0,6.4411764705882355,0.10526315789473684,,,,,,,,,,0.0,,,,,,,,,,0.0,0.5294117647058825,-0.2941176470588234,4.352941176470587,3.4117647058823515,0.9411764705882355,-1.6705882352941117,-5.764705882352942,-1.0,6.4411764705882355,0.10526315789473684,0,4,0.10810810810810789,5,-4,9,-7
2026-04-25,34,Fulham,Aston Villa,1.0,1.0,0.0,0.0,1.0,W,36,90,2.5,46,49,-3,2,0.6,0.8,53.6,14.0,3.0,17.380000000000003,12.0,3.8,33.14,0.2,1.0,1.0,51.333333333333336,17.333333333333332,3.3333333333333335,16.133333333333336,13.333333333333334,4.666666666666667,38.06666666666667,0.3333333333333333,1.303030303030303,1.393939393939394,51.696969696969695,12.424242424242424,3.5757575757575757,29.578787878787878,11.878787878787879,3.909090909090909,33.59090909090909,0.38235294117647056,1.6,1.2,54.8,15.6,4.4,28.880000000000003,12.0,3.4,30.78,0.6,1.6666666666666667,1.0,56.333333333333336,17.666666666666668,5.0,29.33333333333334,10.333333333333334,3.0,32.199999999999996,0.6666666666666666,1.6875,1.1875,53.625,13.8125,3.875,28.86875,10.6875,3.375,33.3875,0.5294117647058824,1.6,1.2,54.8,15.6,4.4,28.880000000000003,12.0,3.4,30.78,0.6,1.6666666666666667,1.0,56.333333333333336,17.666666666666668,5.0,29.33333333333334,10.333333333333334,3.0,32.199999999999996,0.6666666666666666,1.6875,1.1875,53.625,13.8125,3.875,28.86875,10.6875,3.375,33.3875,0.5294117647058824,36,88,2.4444444444444446,50,44,6,7,1.8,2.2,51.6,13.6,5.0,37.08,13.0,5.2,39.71999999999999,0.4,2.3333333333333335,1.3333333333333333,56.0,16.666666666666668,6.333333333333333,39.599999999999994,11.333333333333334,4.0,35.93333333333333,0.6666666666666666,1.4242424242424243,1.2424242424242424,53.72727272727273,12.848484848484848,4.454545454545454,37.375757575757575,12.727272727272727,4.333333333333333,35.07878787878788,0.5,1.0,1.4,50.8,11.2,4.8,42.760000000000005,15.0,5.0,31.620000000000005,0.2,0.6666666666666666,2.0,55.666666666666664,11.666666666666666,4.0,33.199999999999996,13.333333333333334,4.0,28.8,0.0,1.25,1.4375,53.1875,11.375,4.0625,36.34375,14.375,4.375,30.3375,0.35294117647058826,1.0,1.4,50.8,11.2,4.8,42.760000000000005,15.0,5.0,31.620000000000005,0.2,0.6666666666666666,2.0,55.666666666666664,11.666666666666666,4.0,33.199999999999996,13.333333333333334,4.0,28.8,0.0,1.25,1.4375,53.1875,11.375,4.0625,36.34375,14.375,4.375,30.3375,0.35294117647058826,-1.2000000000000002,-1.4000000000000001,2.0,0.40000000000000036,-2.0,-19.699999999999996,-1.0,-1.4000000000000004,-6.579999999999991,-0.2,-1.3333333333333335,-0.33333333333333326,-4.666666666666664,0.6666666666666643,-2.9999999999999996,-23.466666666666658,2.0,0.666666666666667,2.13333333333334,-0.3333333333333333,-0.12121212121212133,0.1515151515151516,-2.030303030303031,-0.42424242424242387,-0.8787878787878785,-7.796969696969697,-0.8484848484848477,-0.42424242424242387,-1.4878787878787847,-0.11764705882352944,0.6000000000000001,-0.19999999999999996,4.0,4.4,-0.39999999999999947,-13.880000000000003,-3.0,-1.6,-0.8400000000000034,0.39999999999999997,1.0,-1.0,0.6666666666666714,6.000000000000002,1.0,-3.8666666666666565,-3.0,-1.0,3.399999999999995,0.6666666666666666,0.4375,-0.25,0.4375,2.4375,-0.1875,-7.475000000000001,-3.6875,-1.0,3.0500000000000043,0.1764705882352941,0.6000000000000001,-0.19999999999999996,4.0,4.4,-0.39999999999999947,-13.880000000000003,-3.0,-1.6,-0.8400000000000034,0.39999999999999997,1.0,-1.0,0.6666666666666714,6.000000000000002,1.0,-3.8666666666666565,-3.0,-1.0,3.399999999999995,0.6666666666666666,0.4375,-0.25,0.4375,2.4375,-0.1875,-7.475000000000001,-3.6875,-1.0,3.0500000000000043,0.1764705882352941,0,2,0.05555555555555536,-4,5,-9,-5
2026-05-09,36,Fulham,Bournemouth,,,,,,,37,93,2.5135135135135136,47,49,-2,1,,,,,,,,,,0.4,,,,,,,,,,0.3333333333333333,1.2941176470588236,1.3529411764705883,51.3235294117647,12.441176470588236,3.6470588235294117,30.06764705882353,11.823529411764707,3.823529411764706,32.89705882352941,0.3888888888888889,1.4,1.0,52.6,15.8,4.8,31.46,11.4,2.6,25.080000000000002,0.6,1.3333333333333333,0.6666666666666666,51.333333333333336,16.0,5.666666666666667,37.333333333333336,9.333333333333334,3.0,32.96666666666667,0.6666666666666666,1.6470588235294117,1.1176470588235294,52.76470588235294,13.764705882352942,4.0,29.88823529411765,10.647058823529411,3.235294117647059,32.01176470588236,0.5555555555555556,1.4,1.0,52.6,15.8,4.8,31.46,11.4,2.6,25.080000000000002,0.6,1.3333333333333333,0.6666666666666666,51.333333333333336,16.0,5.666666666666667,37.333333333333336,9.333333333333334,3.0,32.96666666666667,0.6666666666666666,1.6470588235294117,1.1176470588235294,52.76470588235294,13.764705882352942,4.0,29.88823529411765,10.647058823529411,3.235294117647059,32.01176470588236,0.5555555555555556,37,73,1.972972972972973,55,55,0,20,,,,,,,,,,0.4,,,,,,,,,,0.3333333333333333,1.5294117647058822,1.5294117647058822,50.411764705882355,13.911764705882353,4.764705882352941,35.544117647058826,12.647058823529411,4.382352941176471,34.57647058823529,0.3055555555555556,1.2,0.6,52.0,12.6,3.6,32.5,15.6,3.4,22.16,0.6,1.3333333333333333,0.6666666666666666,51.666666666666664,14.0,3.0,25.366666666666664,14.0,2.6666666666666665,19.433333333333334,0.6666666666666666,1.588235294117647,1.9411764705882353,47.705882352941174,13.176470588235293,4.882352941176471,39.05882352941177,16.176470588235293,5.647058823529412,34.39411764705883,0.2777777777777778,1.2,0.6,52.0,12.6,3.6,32.5,15.6,3.4,22.16,0.6,1.3333333333333333,0.6666666666666666,51.666666666666664,14.0,3.0,25.366666666666664,14.0,2.6666666666666665,19.433333333333334,0.6666666666666666,1.588235294117647,1.9411764705882353,47.705882352941174,13.176470588235293,4.882352941176471,39.05882352941177,16.176470588235293,5.647058823529412,34.39411764705883,0.2777777777777778,,,,,,,,,,0.0,,,,,,,,,,0.0,-0.23529411764705865,-0.17647058823529393,0.9117647058823479,-1.4705882352941178,-1.1176470588235294,-5.476470588235298,-0.8235294117647047,-0.5588235294117649,-1.6794117647058755,0.08333333333333331,0.19999999999999996,0.4,0.6000000000000014,3.200000000000001,1.1999999999999997,-1.0399999999999991,-4.199999999999999,-0.7999999999999998,2.9200000000000017,0.0,0.0,0.0,-0.3333333333333286,2.0,2.666666666666667,11.966666666666672,-4.666666666666666,0.3333333333333335,13.533333333333335,0.0,0.05882352941176472,-0.8235294117647058,5.058823529411768,0.5882352941176485,-0.882352941176471,-9.170588235294119,-5.529411764705882,-2.4117647058823533,-2.382352941176471,0.2777777777777778,0.19999999999999996,0.4,0.6000000000000014,3.200000000000001,1.1999999999999997,-1.0399999999999991,-4.199999999999999,-0.7999999999999998,2.9200000000000017,0.0,0.0,0.0,-0.3333333333333286,2.0,2.666666666666667,11.966666666666672,-4.666666666666666,0.3333333333333335,13.533333333333335,0.0,0.05882352941176472,-0.8235294117647058,5.058823529411768,0.5882352941176485,-0.882352941176471,-9.170588235294119,-5.529411764705882,-2.4117647058823533,-2.382352941176471,0.2777777777777778,0,20,0.5405405405405406,-8,-6,-2,-19
2026-05-24,38,Fulham,Newcastle United,,,,,,,37,93,2.5135135135135136,47,49,-2,1,,,,,,,,,,0.2,,,,,,,,,,0.0,1.2941176470588236,1.3529411764705883,51.3235294117647,12.441176470588236,3.6470588235294117,30.06764705882353,11.823529411764707,3.823529411764706,32.89705882352941,0.3684210526315789,,,,,,,,,,0.6,,,,,,,,,,0.6666666666666666,1.6470588235294117,1.1176470588235294,52.76470588235294,13.764705882352942,4.0,29.88823529411765,10.647058823529411,3.235294117647059,32.01176470588236,0.5263157894736842,,,,,,,,,,0.6,,,,,,,,,,0.6666666666666666,1.6470588235294117,1.1176470588235294,52.76470588235294,13.764705882352942,4.0,29.88823529411765,10.647058823529411,3.235294117647059,32.01176470588236,0.5263157894736842,37,93,2.5135135135135136,49,53,-4,2,,,,,,,,,,0.0,,,,,,,,,,0.0,1.3529411764705883,1.4705882352941178,52.85294117647059,12.970588235294118,4.5588235294117645,35.411764705882355,11.852941176470589,4.205882352941177,38.279411764705884,0.3157894736842105,,,,,,,,,,0.2,,,,,,,,,,0.0,0.9411764705882353,1.2941176470588236,53.0,11.588235294117647,3.7058823529411766,32.71764705882353,12.0,3.9411764705882355,35.44705882352941,0.21052631578947367,,,,,,,,,,0.2,,,,,,,,,,0.0,0.9411764705882353,1.2941176470588236,53.0,11.588235294117647,3.7058823529411766,32.71764705882353,12.0,3.9411764705882355,35.44705882352941,0.21052631578947367,,,,,,,,,,0.2,,,,,,,,,,0.0,-0.05882352941176472,-0.11764705882352944,-1.529411764705884,-0.5294117647058822,-0.9117647058823528,-5.344117647058827,-0.02941176470588225,-0.38235294117647056,-5.382352941176471,0.05263157894736842,,,,,,,,,,0.39999999999999997,,,,,,,,,,0.6666666666666666,0.7058823529411764,-0.17647058823529416,-0.235294117647058,2.1764705882352953,0.2941176470588234,-2.829411764705881,-1.3529411764705888,-0.7058823529411766,-3.4352941176470537,0.3157894736842105,,,,,,,,,,0.39999999999999997,,,,,,,,,,0.6666666666666666,0.7058823529411764,-0.17647058823529416,-0.235294117647058,2.1764705882352953,0.2941176470588234,-2.829411764705881,-1.3529411764705888,-0.7058823529411766,-3.4352941176470537,0.3157894736842105,0,0,0.0,-2,-4,2,-1
2026-05-01,35,Leeds United,Burnley,,,,,,,37,79,2.135135135135135,47,54,-7,19,1.4,0.6,47.0,13.2,4.4,32.78,12.4,4.0,29.619999999999997,0.4,2.3333333333333335,1.0,48.0,14.0,5.0,35.099999999999994,14.666666666666666,6.0,38.266666666666666,0.6666666666666666,1.2941176470588236,1.5,45.73529411764706,12.588235294117647,3.9705882352941178,33.379411764705885,12.235294117647058,4.088235294117647,33.78823529411765,0.2571428571428571,1.2,0.6,54.4,15.4,4.2,27.22,9.2,3.2,33.68,0.4,1.0,0.3333333333333333,61.0,16.333333333333332,4.666666666666667,28.7,5.333333333333333,1.6666666666666667,31.73333333333333,0.3333333333333333,1.4705882352941178,1.1764705882352942,48.411764705882355,14.470588235294118,4.352941176470588,30.105882352941176,10.647058823529411,3.2941176470588234,30.099999999999998,0.3888888888888889,1.2,0.6,54.4,15.4,4.2,27.22,9.2,3.2,33.68,0.4,1.0,0.3333333333333333,61.0,16.333333333333332,4.666666666666667,28.7,5.333333333333333,1.6666666666666667,31.73333333333333,0.3333333333333333,1.4705882352941178,1.1764705882352942,48.411764705882355,14.470588235294118,4.352941176470588,30.105882352941176,10.647058823529411,3.2941176470588234,30.099999999999998,0.3888888888888889,37,89,2.4054054054054053,37,71,-34,7,0.4,2.0,43.4,9.4,3.2,41.0,19.0,5.6,31.839999999999996,0.0,0.3333333333333333,2.3333333333333335,44.666666666666664,7.666666666666667,3.0,45.36666666666667,17.0,6.333333333333333,39.43333333333333,0.0,1.0,2.0,41.76470588235294,9.117647058823529,2.9705882352941178,33.08235294117647,16.794117647058822,5.705882352941177,37.69411764705882,0.11428571428571428,1.2,2.4,41.8,7.6,3.4,48.28,15.8,4.0,26.8,0.2,0.6666666666666666,3.0,46.333333333333336,6.0,3.3333333333333335,56.866666666666674,15.333333333333334,5.0,34.333333333333336,0.0,1.1176470588235294,2.4705882352941178,40.8235294117647,7.9411764705882355,3.0588235294117645,38.55882352941177,17.352941176470587,5.411764705882353,31.705882352941178,0.1111111111111111,1.2,2.4,41.8,7.6,3.4,48.28,15.8,4.0,26.8,0.2,0.6666666666666666,3.0,46.333333333333336,6.0,3.3333333333333335,56.866666666666674,15.333333333333334,5.0,34.333333333333336,0.0,1.1176470588235294,2.4705882352941178,40.8235294117647,7.9411764705882355,3.0588235294117645,38.55882352941177,17.352941176470587,5.411764705882353,31.705882352941178,0.1111111111111111,0.9999999999999999,-1.4,3.6000000000000014,3.799999999999999,1.2000000000000002,-8.219999999999999,-6.6,-1.5999999999999996,-2.219999999999999,0.4,2.0,-1.3333333333333335,3.3333333333333357,6.333333333333333,2.0,-10.266666666666673,-2.333333333333334,-0.33333333333333304,-1.1666666666666643,0.6666666666666666,0.2941176470588236,-0.5,3.970588235294116,3.4705882352941178,1.0,0.2970588235294187,-4.5588235294117645,-1.6176470588235299,-3.9058823529411697,0.14285714285714285,0.0,-1.7999999999999998,12.600000000000001,7.800000000000001,0.8000000000000003,-21.060000000000002,-6.600000000000001,-0.7999999999999998,6.879999999999999,0.2,0.33333333333333337,-2.6666666666666665,14.666666666666664,10.333333333333332,1.3333333333333335,-28.166666666666675,-10.0,-3.333333333333333,-2.600000000000005,0.3333333333333333,0.3529411764705883,-1.2941176470588236,7.588235294117652,6.529411764705882,1.2941176470588234,-8.452941176470592,-6.705882352941176,-2.11764705882353,-1.6058823529411796,0.2777777777777778,0.0,-1.7999999999999998,12.600000000000001,7.800000000000001,0.8000000000000003,-21.060000000000002,-6.600000000000001,-0.7999999999999998,6.879999999999999,0.2,0.33333333333333337,-2.6666666666666665,14.666666666666664,10.333333333333332,1.3333333333333335,-28.166666666666675,-10.0,-3.333333333333333,-2.600000000000005,0.3333333333333333,0.3529411764705883,-1.2941176470588236,7.588235294117652,6.529411764705882,1.2941176470588234,-8.452941176470592,-6.705882352941176,-2.11764705882353,-1.6058823529411796,0.2777777777777778,0,-10,-0.2702702702702702,10,-17,27,12
2026-05-17,37,Leeds United,Brighton,,,,,,,37,79,2.135135135135135,47,54,-7,19,,,,,,,,,,0.4,,,,,,,,,,0.0,1.2941176470588236,1.5,45.73529411764706,12.588235294117647,3.9705882352941178,33.379411764705885,12.235294117647058,4.088235294117647,33.78823529411765,0.24324324324324326,,,,,,,,,,0.2,,,,,,,,,,0.3333333333333333,1.4705882352941178,1.1764705882352942,48.411764705882355,14.470588235294118,4.352941176470588,30.105882352941176,10.647058823529411,3.2941176470588234,30.099999999999998,0.3684210526315789,,,,,,,,,,0.2,,,,,,,,,,0.3333333333333333,1.4705882352941178,1.1764705882352942,48.411764705882355,14.470588235294118,4.352941176470588,30.105882352941176,10.647058823529411,3.2941176470588234,30.099999999999998,0.3684210526315789,37,83,2.2432432432432434,51,42,9,16,,,,,,,,,,0.4,,,,,,,,,,0.3333333333333333,1.411764705882353,1.1470588235294117,52.76470588235294,12.823529411764707,4.588235294117647,36.34705882352941,12.0,3.911764705882353,34.35294117647059,0.35135135135135137,,,,,,,,,,0.6,,,,,,,,,,0.3333333333333333,1.2352941176470589,1.2941176470588236,51.411764705882355,11.823529411764707,4.117647058823529,35.8235294117647,13.882352941176471,4.176470588235294,32.13529411764706,0.2631578947368421,,,,,,,,,,0.6,,,,,,,,,,0.3333333333333333,1.2352941176470589,1.2941176470588236,51.411764705882355,11.823529411764707,4.117647058823529,35.8235294117647,13.882352941176471,4.176470588235294,32.13529411764706,0.2631578947368421,,,,,,,,,,0.0,,,,,,,,,,-0.3333333333333333,-0.11764705882352944,0.3529411764705883,-7.029411764705884,-0.23529411764705976,-0.617647058823529,-2.9676470588235233,0.235294117647058,0.17647058823529393,-0.5647058823529392,-0.10810810810810811,,,,,,,,,,-0.39999999999999997,,,,,,,,,,0.0,0.23529411764705888,-0.11764705882352944,-3.0,2.6470588235294112,0.23529411764705888,-5.717647058823527,-3.2352941176470598,-0.882352941176471,-2.0352941176470587,0.10526315789473684,,,,,,,,,,-0.39999999999999997,,,,,,,,,,0.0,0.23529411764705888,-0.11764705882352944,-3.0,2.6470588235294112,0.23529411764705888,-5.717647058823527,-3.2352941176470598,-0.882352941176471,-2.0352941176470587,0.10526315789473684,0,-4,-0.10810810810810834,-4,12,-16,3
2026-04-25,34,Liverpool,Crystal Palace,1.0,3.0,1.0,1.0,3.0,W,36,88,2.4444444444444446,57,46,11,7,1.4,1.2,58.4,16.0,5.4,34.54,12.4,5.0,46.739999999999995,0.4,1.6666666666666667,1.0,54.333333333333336,14.666666666666666,5.333333333333333,37.46666666666667,15.0,5.0,34.96666666666666,0.6666666666666666,1.6363636363636365,1.303030303030303,59.84848484848485,15.696969696969697,4.575757575757576,30.80606060606061,11.272727272727273,3.8181818181818183,33.71818181818182,0.47058823529411764,2.6,1.2,53.2,17.0,5.4,31.619999999999997,13.6,4.8,35.5,0.6,2.6666666666666665,1.0,55.0,17.666666666666668,5.333333333333333,30.066666666666663,14.333333333333334,5.0,37.1,0.6666666666666666,1.8125,1.0625,59.75,17.875,5.25,29.4125,11.125,3.625,33.20625,0.5294117647058824,2.6,1.2,53.2,17.0,5.4,31.619999999999997,13.6,4.8,35.5,0.6,2.6666666666666665,1.0,55.0,17.666666666666668,5.333333333333333,30.066666666666663,14.333333333333334,5.0,37.1,0.6666666666666666,1.8125,1.0625,59.75,17.875,5.25,29.4125,11.125,3.625,33.20625,0.5294117647058824,35,79,2.257142857142857,38,39,-1,18,1.2,0.8,52.2,9.8,2.6,27.7,11.6,5.0,41.12,0.4,0.6666666666666666,0.3333333333333333,54.0,10.666666666666666,2.0,18.866666666666664,8.666666666666666,3.3333333333333335,39.1,0.3333333333333333,1.09375,1.125,46.1875,11.5625,3.59375,34.040625,11.28125,4.1875,37.415625,0.3333333333333333,1.4,1.2,48.8,8.8,3.2,38.739999999999995,12.2,5.0,36.36,0.4,1.6666666666666667,1.0,45.333333333333336,8.0,3.6666666666666665,46.333333333333336,13.0,5.666666666666667,38.96666666666667,0.6666666666666666,1.2666666666666666,1.1333333333333333,44.46666666666667,9.733333333333333,3.466666666666667,40.39333333333333,12.533333333333333,4.6,35.093333333333334,0.4375,1.4,1.2,48.8,8.8,3.2,38.739999999999995,12.2,5.0,36.36,0.4,1.6666666666666667,1.0,45.333333333333336,8.0,3.6666666666666665,46.333333333333336,13.0,5.666666666666667,38.96666666666667,0.6666666666666666,1.2666666666666666,1.1333333333333333,44.46666666666667,9.733333333333333,3.466666666666667,40.39333333333333,12.533333333333333,4.6,35.093333333333334,0.4375,0.19999999999999996,0.3999999999999999,6.199999999999996,6.199999999999999,2.8000000000000003,6.84,0.8000000000000007,0.0,5.619999999999997,0.0,1.0,0.6666666666666667,0.3333333333333357,4.0,3.333333333333333,18.600000000000005,6.333333333333334,1.6666666666666665,-4.13333333333334,0.3333333333333333,0.5426136363636365,0.17803030303030298,13.660984848484851,4.134469696969697,0.9820075757575761,-3.23456439393939,-0.008522727272726627,-0.36931818181818166,-3.69744318181818,0.13725490196078433,1.2000000000000002,0.0,4.400000000000006,8.2,2.2,-7.119999999999997,1.4000000000000004,-0.20000000000000018,-0.8599999999999994,0.19999999999999996,0.9999999999999998,0.0,9.666666666666664,9.666666666666668,1.6666666666666665,-16.266666666666673,1.333333333333334,-0.666666666666667,-1.8666666666666671,0.0,0.5458333333333334,-0.0708333333333333,15.283333333333331,8.141666666666667,1.7833333333333332,-10.98083333333333,-1.4083333333333332,-0.9749999999999996,-1.8870833333333366,0.09191176470588236,1.2000000000000002,0.0,4.400000000000006,8.2,2.2,-7.119999999999997,1.4000000000000004,-0.20000000000000018,-0.8599999999999994,0.19999999999999996,0.9999999999999998,0.0,9.666666666666664,9.666666666666668,1.6666666666666665,-16.266666666666673,1.333333333333334,-0.666666666666667,-1.8666666666666671,0.0,0.5458333333333334,-0.0708333333333333,15.283333333333331,8.141666666666667,1.7833333333333332,-10.98083333333333,-1.4083333333333332,-0.9749999999999996,-1.8870833333333366,0.09191176470588236,1,9,0.18730158730158752,19,7,12,-11
2026-05-09,36,Liverpool,Chelsea,,,,,,,37,91,2.4594594594594597,60,47,13,4,,,,,,,,,,0.6,,,,,,,,,,0.6666666666666666,1.6764705882352942,1.2941176470588236,59.64705882352941,15.5,4.529411764705882,30.879411764705885,11.352941176470589,3.911764705882353,34.19705882352941,0.4722222222222222,2.4,1.2,53.0,15.4,4.6,30.04,14.8,5.8,40.5,0.6,2.0,0.6666666666666666,56.333333333333336,14.666666666666666,4.0,28.2,15.333333333333334,6.0,41.63333333333333,0.6666666666666666,1.8823529411764706,1.0588235294117647,59.35294117647059,17.352941176470587,5.117647058823529,29.641176470588235,11.294117647058824,3.823529411764706,34.19411764705882,0.5555555555555556,2.4,1.2,53.0,15.4,4.6,30.04,14.8,5.8,40.5,0.6,2.0,0.6666666666666666,56.333333333333336,14.666666666666666,4.0,28.2,15.333333333333334,6.0,41.63333333333333,0.6666666666666666,1.8823529411764706,1.0588235294117647,59.35294117647059,17.352941176470587,5.117647058823529,29.641176470588235,11.294117647058824,3.823529411764706,34.19411764705882,0.5555555555555556,37,87,2.3513513513513513,56,48,8,10,,,,,,,,,,0.0,,,,,,,,,,0.0,1.5588235294117647,1.3235294117647058,58.11764705882353,13.676470588235293,4.4411764705882355,32.84705882352941,10.941176470588236,4.235294117647059,38.69117647058823,0.3611111111111111,1.6,2.0,58.6,11.4,4.2,31.979999999999997,11.4,6.0,52.67999999999999,0.4,1.3333333333333333,2.3333333333333335,55.666666666666664,11.0,4.0,28.866666666666664,11.333333333333334,7.333333333333333,64.80000000000001,0.3333333333333333,1.7647058823529411,1.411764705882353,56.8235294117647,12.176470588235293,4.705882352941177,36.83529411764705,11.411764705882353,4.529411764705882,40.300000000000004,0.3888888888888889,1.6,2.0,58.6,11.4,4.2,31.979999999999997,11.4,6.0,52.67999999999999,0.4,1.3333333333333333,2.3333333333333335,55.666666666666664,11.0,4.0,28.866666666666664,11.333333333333334,7.333333333333333,64.80000000000001,0.3333333333333333,1.7647058823529411,1.411764705882353,56.8235294117647,12.176470588235293,4.705882352941177,36.83529411764705,11.411764705882353,4.529411764705882,40.300000000000004,0.3888888888888889,,,,,,,,,,0.6,,,,,,,,,,0.6666666666666666,0.11764705882352944,-0.02941176470588225,1.529411764705884,1.8235294117647065,0.08823529411764675,-1.9676470588235233,0.41176470588235325,-0.32352941176470607,-4.494117647058822,0.1111111111111111,0.7999999999999998,-0.8,-5.600000000000001,4.0,0.39999999999999947,-1.9399999999999977,3.4000000000000004,-0.20000000000000018,-12.179999999999993,0.19999999999999996,0.6666666666666667,-1.666666666666667,0.6666666666666714,3.666666666666666,0.0,-0.6666666666666643,4.0,-1.333333333333333,-23.16666666666668,0.3333333333333333,0.11764705882352944,-0.3529411764705883,2.529411764705884,5.1764705882352935,0.41176470588235237,-7.1941176470588175,-0.117647058823529,-0.7058823529411762,-6.105882352941187,0.16666666666666669,0.7999999999999998,-0.8,-5.600000000000001,4.0,0.39999999999999947,-1.9399999999999977,3.4000000000000004,-0.20000000000000018,-12.179999999999993,0.19999999999999996,0.6666666666666667,-1.666666666666667,0.6666666666666714,3.666666666666666,0.0,-0.6666666666666643,4.0,-1.333333333333333,-23.16666666666668,0.3333333333333333,0.11764705882352944,-0.3529411764705883,2.529411764705884,5.1764705882352935,0.41176470588235237,-7.1941176470588175,-0.117647058823529,-0.7058823529411762,-6.105882352941187,0.16666666666666669,0,4,0.10810810810810834,4,-1,5,-6
2026-05-24,38,Liverpool,Brentford,,,,,,,37,91,2.4594594594594597,60,47,13,4,,,,,,,,,,0.4,,,,,,,,,,0.0,1.6764705882352942,1.2941176470588236,59.64705882352941,15.5,4.529411764705882,30.879411764705885,11.352941176470589,3.911764705882353,34.19705882352941,0.4473684210526316,,,,,,,,,,0.6,,,,,,,,,,0.6666666666666666,1.8823529411764706,1.0588235294117647,59.35294117647059,17.352941176470587,5.117647058823529,29.641176470588235,11.294117647058824,3.823529411764706,34.19411764705882,0.5263157894736842,,,,,,,,,,0.6,,,,,,,,,,0.6666666666666666,1.8823529411764706,1.0588235294117647,59.35294117647059,17.352941176470587,5.117647058823529,29.641176470588235,11.294117647058824,3.823529411764706,34.19411764705882,0.5263157894736842,36,84,2.3333333333333335,51,47,4,15,,,,,,,,,,0.0,,,,,,,,,,0.0,1.4545454545454546,1.3333333333333333,47.36363636363637,10.606060606060606,3.9393939393939394,37.20909090909091,12.575757575757576,3.909090909090909,30.790909090909093,0.34210526315789475,,,,,,,,,,0.2,,,,,,,,,,0.0,1.25,1.5625,48.3125,9.375,3.8125,40.61875,13.0,3.8125,29.275,0.3157894736842105,,,,,,,,,,0.2,,,,,,,,,,0.0,1.25,1.5625,48.3125,9.375,3.8125,40.61875,13.0,3.8125,29.275,0.3157894736842105,,,,,,,,,,0.4,,,,,,,,,,0.0,0.22192513368983957,-0.039215686274509665,12.283422459893046,4.8939393939393945,0.5900178253119428,-6.329679144385025,-1.2228163992869874,0.002673796791443639,3.4061497326203174,0.10526315789473684,,,,,,,,,,0.39999999999999997,,,,,,,,,,0.6666666666666666,0.6323529411764706,-0.5036764705882353,11.040441176470587,7.977941176470587,1.305147058823529,-10.977573529411764,-1.7058823529411757,0.011029411764706065,4.919117647058819,0.21052631578947367,,,,,,,,,,0.39999999999999997,,,,,,,,,,0.6666666666666666,0.6323529411764706,-0.5036764705882353,11.040441176470587,7.977941176470587,1.305147058823529,-10.977573529411764,-1.7058823529411757,0.011029411764706065,4.919117647058819,0.21052631578947367,1,7,0.12612612612612617,9,0,9,-11
2026-05-09,36,Manchester City,Brentford,,,,,,,36,88,2.4444444444444446,69,32,37,9,,,,,,,,,,0.6,,,,,,,,,,0.6666666666666666,2.0,0.8787878787878788,60.36363636363637,15.272727272727273,5.424242424242424,36.869696969696975,9.787878787878787,3.3333333333333335,35.85454545454546,0.6,2.2,0.8,60.8,15.0,5.6,37.64,11.2,3.6,32.4,0.8,2.0,1.3333333333333333,61.333333333333336,17.0,6.333333333333333,37.766666666666666,10.333333333333334,4.666666666666667,43.833333333333336,0.6666666666666666,2.375,0.75,59.75,16.0,6.1875,39.0375,9.1875,3.0,32.91875,0.7058823529411765,2.2,0.8,60.8,15.0,5.6,37.64,11.2,3.6,32.4,0.8,2.0,1.3333333333333333,61.333333333333336,17.0,6.333333333333333,37.766666666666666,10.333333333333334,4.666666666666667,43.833333333333336,0.6666666666666666,2.375,0.75,59.75,16.0,6.1875,39.0375,9.1875,3.0,32.91875,0.7058823529411765,36,84,2.3333333333333335,51,47,4,15,,,,,,,,,,0.0,,,,,,,,,,0.0,1.4545454545454546,1.3333333333333333,47.36363636363637,10.606060606060606,3.9393939393939394,37.20909090909091,12.575757575757576,3.909090909090909,30.790909090909093,0.3611111111111111,,,,,,,,,,0.4,,,,,,,,,,0.0,1.25,1.5625,48.3125,9.375,3.8125,40.61875,13.0,3.8125,29.275,0.3333333333333333,,,,,,,,,,0.4,,,,,,,,,,0.0,1.25,1.5625,48.3125,9.375,3.8125,40.61875,13.0,3.8125,29.275,0.3333333333333333,,,,,,,,,,0.6,,,,,,,,,,0.6666666666666666,0.5454545454545454,-0.4545454545454545,13.0,4.666666666666668,1.4848484848484844,-0.33939393939393625,-2.787878787878789,-0.5757575757575757,5.063636363636366,0.23888888888888887,,,,,,,,,,0.4,,,,,,,,,,0.6666666666666666,1.125,-0.8125,11.4375,6.625,2.375,-1.5812499999999972,-3.8125,-0.8125,3.6437500000000043,0.3725490196078432,,,,,,,,,,0.4,,,,,,,,,,0.6666666666666666,1.125,-0.8125,11.4375,6.625,2.375,-1.5812499999999972,-3.8125,-0.8125,3.6437500000000043,0.3725490196078432,0,4,0.11111111111111116,18,-15,33,-6
2026-05-22,31,Manchester City,Crystal Palace,,,,,,,36,88,2.4444444444444446,69,32,37,9,,,,,,,,,,0.4,,,,,,,,,,0.0,2.0,0.8787878787878788,60.36363636363637,15.272727272727273,5.424242424242424,36.869696969696975,9.787878787878787,3.3333333333333335,35.85454545454546,0.5675675675675675,,,,,,,,,,0.6,,,,,,,,,,0.3333333333333333,2.375,0.75,59.75,16.0,6.1875,39.0375,9.1875,3.0,32.91875,0.6666666666666666,,,,,,,,,,0.6,,,,,,,,,,0.3333333333333333,2.375,0.75,59.75,16.0,6.1875,39.0375,9.1875,3.0,32.91875,0.6666666666666666,36,82,2.2777777777777777,39,42,-3,18,,,,,,,,,,0.0,,,,,,,,,,0.0,1.0909090909090908,1.1818181818181819,46.21212121212121,11.636363636363637,3.696969696969697,34.52424242424242,11.212121212121213,4.151515151515151,37.29090909090909,0.2972972972972973,,,,,,,,,,0.2,,,,,,,,,,0.0,1.25,1.25,44.625,10.0,3.6875,40.99375,12.3125,4.5,34.98125,0.3684210526315789,,,,,,,,,,0.2,,,,,,,,,,0.0,1.25,1.25,44.625,10.0,3.6875,40.99375,12.3125,4.5,34.98125,0.3684210526315789,,,,,,,,,,0.4,,,,,,,,,,0.0,0.9090909090909092,-0.3030303030303031,14.151515151515156,3.6363636363636367,1.727272727272727,2.345454545454551,-1.4242424242424256,-0.8181818181818179,-1.4363636363636303,0.27027027027027023,,,,,,,,,,0.39999999999999997,,,,,,,,,,0.3333333333333333,1.125,-0.5,15.125,6.0,2.5,-1.9562499999999972,-3.125,-1.5,-2.0625,0.2982456140350877,,,,,,,,,,0.39999999999999997,,,,,,,,,,0.3333333333333333,1.125,-0.5,15.125,6.0,2.5,-1.9562499999999972,-3.125,-1.5,-2.0625,0.2982456140350877,0,6,0.16666666666666696,30,-10,40,-9
2026-05-24,38,Manchester City,Aston Villa,,,,,,,36,88,2.4444444444444446,69,32,37,9,,,,,,,,,,0.2,,,,,,,,,,0.0,2.0,0.8787878787878788,60.36363636363637,15.272727272727273,5.424242424242424,36.869696969696975,9.787878787878787,3.3333333333333335,35.85454545454546,0.5526315789473685,,,,,,,,,,0.4,,,,,,,,,,0.3333333333333333,2.375,0.75,59.75,16.0,6.1875,39.0375,9.1875,3.0,32.91875,0.631578947368421,,,,,,,,,,0.4,,,,,,,,,,0.3333333333333333,2.375,0.75,59.75,16.0,6.1875,39.0375,9.1875,3.0,32.91875,0.631578947368421,37,91,2.4594594594594597,50,45,5,5,,,,,,,,,,0.2,,,,,,,,,,0.0,1.3823529411764706,1.2352941176470589,53.94117647058823,12.764705882352942,4.352941176470588,36.57058823529412,12.735294117647058,4.382352941176471,35.40588235294118,0.4473684210526316,,,,,,,,,,0.0,,,,,,,,,,0.0,1.1764705882352942,1.411764705882353,53.64705882352941,11.294117647058824,3.8823529411764706,34.794117647058826,14.294117647058824,4.470588235294118,31.27058823529412,0.3157894736842105,,,,,,,,,,0.0,,,,,,,,,,0.0,1.1764705882352942,1.411764705882353,53.64705882352941,11.294117647058824,3.8823529411764706,34.794117647058826,14.294117647058824,4.470588235294118,31.27058823529412,0.3157894736842105,,,,,,,,,,0.0,,,,,,,,,,0.0,0.6176470588235294,-0.3565062388591801,6.422459893048135,2.5080213903743314,1.071301247771836,0.2991087344028571,-2.947415329768271,-1.0490196078431375,0.44866310160428213,0.10526315789473689,,,,,,,,,,0.4,,,,,,,,,,0.3333333333333333,1.1985294117647058,-0.661764705882353,6.102941176470587,4.705882352941176,2.3051470588235294,4.243382352941175,-5.106617647058824,-1.4705882352941178,1.6481617647058826,0.3157894736842105,,,,,,,,,,0.4,,,,,,,,,,0.3333333333333333,1.1985294117647058,-0.661764705882353,6.102941176470587,4.705882352941176,2.3051470588235294,4.243382352941175,-5.106617647058824,-1.4705882352941178,1.6481617647058826,0.3157894736842105,-1,-3,-0.01501501501501501,19,-13,32,4
2026-04-27,34,Manchester Utd,Brentford,,,,,,,36,82,2.2777777777777777,61,48,13,17,1.6,1.4,49.0,13.6,5.2,35.78000000000001,14.6,4.2,29.9,0.4,1.3333333333333333,1.3333333333333333,45.666666666666664,12.666666666666666,5.0,35.23333333333334,17.333333333333332,4.666666666666667,28.533333333333335,0.3333333333333333,1.7575757575757576,1.3636363636363635,52.81818181818182,15.606060606060606,5.666666666666667,36.46666666666667,11.393939393939394,3.696969696969697,32.78484848484849,0.47058823529411764,2.2,1.2,54.6,18.4,8.4,45.44,10.6,3.6,31.380000000000003,0.8,2.0,1.3333333333333333,55.333333333333336,18.666666666666668,8.666666666666666,45.833333333333336,10.666666666666666,3.6666666666666665,33.233333333333334,0.6666666666666666,1.9375,1.1875,52.75,17.5625,6.8125,40.50625,10.0,3.375,32.59375,0.5882352941176471,2.2,1.2,54.6,18.4,8.4,45.44,10.6,3.6,31.380000000000003,0.8,2.0,1.3333333333333333,55.333333333333336,18.666666666666668,8.666666666666666,45.833333333333336,10.666666666666666,3.6666666666666665,33.233333333333334,0.6666666666666666,1.9375,1.1875,52.75,17.5625,6.8125,40.50625,10.0,3.375,32.59375,0.5882352941176471,36,84,2.3333333333333335,51,47,4,15,0.8,0.8,49.4,10.2,3.0,31.52,13.0,3.4,24.96,0.0,0.6666666666666666,0.6666666666666666,48.666666666666664,12.0,3.3333333333333335,29.2,13.0,3.6666666666666665,26.2,0.0,1.4545454545454546,1.3333333333333333,47.36363636363637,10.606060606060606,3.9393939393939394,37.20909090909091,12.575757575757576,3.909090909090909,30.790909090909093,0.38235294117647056,1.6,1.0,45.4,8.8,3.6,39.18,16.4,3.6,22.5,0.6,1.3333333333333333,1.0,51.0,9.0,3.6666666666666665,39.03333333333333,13.0,3.0,23.0,0.3333333333333333,1.25,1.5625,48.3125,9.375,3.8125,40.61875,13.0,3.8125,29.275,0.35294117647058826,1.6,1.0,45.4,8.8,3.6,39.18,16.4,3.6,22.5,0.6,1.3333333333333333,1.0,51.0,9.0,3.6666666666666665,39.03333333333333,13.0,3.0,23.0,0.3333333333333333,1.25,1.5625,48.3125,9.375,3.8125,40.61875,13.0,3.8125,29.275,0.35294117647058826,0.8,0.5999999999999999,-0.3999999999999986,3.4000000000000004,2.2,4.260000000000009,1.5999999999999996,0.8000000000000003,4.939999999999998,0.4,0.6666666666666666,0.6666666666666666,-3.0,0.6666666666666661,1.6666666666666665,6.033333333333342,4.333333333333332,1.0000000000000004,2.3333333333333357,0.3333333333333333,0.303030303030303,0.030303030303030276,5.454545454545453,5.0,1.7272727272727275,-0.7424242424242422,-1.1818181818181817,-0.21212121212121238,1.993939393939396,0.08823529411764708,0.6000000000000001,0.19999999999999996,9.200000000000003,9.599999999999998,4.800000000000001,6.259999999999998,-5.799999999999999,0.0,8.880000000000003,0.20000000000000007,0.6666666666666667,0.33333333333333326,4.333333333333336,9.666666666666668,5.0,6.800000000000004,-2.333333333333334,0.6666666666666665,10.233333333333334,0.3333333333333333,0.6875,-0.375,4.4375,8.1875,3.0,-0.11249999999999716,-3.0,-0.4375,3.3187500000000014,0.23529411764705882,0.6000000000000001,0.19999999999999996,9.200000000000003,9.599999999999998,4.800000000000001,6.259999999999998,-5.799999999999999,0.0,8.880000000000003,0.20000000000000007,0.6666666666666667,0.33333333333333326,4.333333333333336,9.666666666666668,5.0,6.800000000000004,-2.333333333333334,0.6666666666666665,10.233333333333334,0.3333333333333333,0.6875,-0.375,4.4375,8.1875,3.0,-0.11249999999999716,-3.0,-0.4375,3.3187500000000014,0.23529411764705882,0,-2,-0.0555555555555558,10,1,9,2
2026-05-03,35,Manchester Utd,Liverpool,,,,,,,36,82,2.2777777777777777,61,48,13,17,,,,,,,,,,0.4,,,,,,,,,,0.3333333333333333,1.7575757575757576,1.3636363636363635,52.81818181818182,15.606060606060606,5.666666666666667,36.46666666666667,11.393939393939394,3.696969696969697,32.78484848484849,0.45714285714285713,,,,,,,,,,0.6,,,,,,,,,,0.3333333333333333,1.9375,1.1875,52.75,17.5625,6.8125,40.50625,10.0,3.375,32.59375,0.5555555555555556,,,,,,,,,,0.6,,,,,,,,,,0.3333333333333333,1.9375,1.1875,52.75,17.5625,6.8125,40.50625,10.0,3.375,32.59375,0.5555555555555556,37,91,2.4594594594594597,60,47,13,4,1.8,1.0,55.8,14.0,4.6,33.839999999999996,14.4,5.8,41.739999999999995,0.6,2.3333333333333335,0.6666666666666666,54.0,13.666666666666666,4.666666666666667,34.666666666666664,14.333333333333334,5.0,37.03333333333333,1.0,1.6764705882352942,1.2941176470588236,59.64705882352941,15.5,4.529411764705882,30.879411764705885,11.352941176470589,3.911764705882353,34.19705882352941,0.4857142857142857,1.2,1.0,57.0,15.6,5.0,34.88,11.8,3.6,37.62,0.6,1.3333333333333333,1.6666666666666667,58.666666666666664,15.0,6.0,40.46666666666667,10.0,4.666666666666667,52.93333333333334,0.3333333333333333,1.4705882352941178,1.5294117647058822,59.94117647058823,13.647058823529411,3.9411764705882355,32.11764705882353,11.411764705882353,4.0,34.199999999999996,0.3888888888888889,1.2,1.0,57.0,15.6,5.0,34.88,11.8,3.6,37.62,0.6,1.3333333333333333,1.6666666666666667,58.666666666666664,15.0,6.0,40.46666666666667,10.0,4.666666666666667,52.93333333333334,0.3333333333333333,1.4705882352941178,1.5294117647058822,59.94117647058823,13.647058823529411,3.9411764705882355,32.11764705882353,11.411764705882353,4.0,34.199999999999996,0.3888888888888889,,,,,,,,,,-0.19999999999999996,,,,,,,,,,-0.6666666666666667,0.08110516934046341,0.06951871657753994,-6.828877005347593,0.10606060606060552,1.1372549019607847,5.587254901960783,0.04099821746880572,-0.21479500891265602,-1.4122103386809215,-0.02857142857142858,,,,,,,,,,0.0,,,,,,,,,,0.0,0.46691176470588225,-0.34191176470588225,-7.191176470588232,3.9154411764705888,2.8713235294117645,8.388602941176472,-1.4117647058823533,-0.625,-1.6062499999999957,0.16666666666666669,,,,,,,,,,0.0,,,,,,,,,,0.0,0.46691176470588225,-0.34191176470588225,-7.191176470588232,3.9154411764705888,2.8713235294117645,8.388602941176472,-1.4117647058823533,-0.625,-1.6062499999999957,0.16666666666666669,-1,-9,-0.18168168168168197,1,1,0,13
2026-05-17,37,Manchester Utd,Nottingham Forest,,,,,,,36,82,2.2777777777777777,61,48,13,17,,,,,,,,,,0.2,,,,,,,,,,0.0,1.7575757575757576,1.3636363636363635,52.81818181818182,15.606060606060606,5.666666666666667,36.46666666666667,11.393939393939394,3.696969696969697,32.78484848484849,0.43243243243243246,,,,,,,,,,0.4,,,,,,,,,,0.0,1.9375,1.1875,52.75,17.5625,6.8125,40.50625,10.0,3.375,32.59375,0.5263157894736842,,,,,,,,,,0.4,,,,,,,,,,0.0,1.9375,1.1875,52.75,17.5625,6.8125,40.50625,10.0,3.375,32.59375,0.5263157894736842,37,87,2.3513513513513513,44,48,-4,11,,,,,,,,,,0.4,,,,,,,,,,0.3333333333333333,1.2058823529411764,1.3235294117647058,47.205882352941174,12.558823529411764,4.029411764705882,33.758823529411764,12.411764705882353,4.088235294117647,32.991176470588236,0.2702702702702703,,,,,,,,,,0.4,,,,,,,,,,0.6666666666666666,1.3529411764705883,1.411764705882353,45.05882352941177,10.235294117647058,4.235294117647059,42.45882352941176,13.352941176470589,4.294117647058823,31.876470588235293,0.3157894736842105,,,,,,,,,,0.4,,,,,,,,,,0.6666666666666666,1.3529411764705883,1.411764705882353,45.05882352941177,10.235294117647058,4.235294117647059,42.45882352941176,13.352941176470589,4.294117647058823,31.876470588235293,0.3157894736842105,,,,,,,,,,-0.2,,,,,,,,,,-0.3333333333333333,0.5516934046345812,0.04010695187165769,5.612299465240646,3.047237076648841,1.6372549019607847,2.7078431372549048,-1.0178253119429588,-0.39126559714794995,-0.20632798573974753,0.16216216216216217,,,,,,,,,,0.0,,,,,,,,,,-0.6666666666666666,0.5845588235294117,-0.22426470588235303,7.691176470588232,7.327205882352942,2.577205882352941,-1.952573529411758,-3.3529411764705888,-0.9191176470588234,0.7172794117647072,0.21052631578947367,,,,,,,,,,0.0,,,,,,,,,,-0.6666666666666666,0.5845588235294117,-0.22426470588235303,7.691176470588232,7.327205882352942,2.577205882352941,-1.952573529411758,-3.3529411764705888,-0.9191176470588234,0.7172794117647072,0.21052631578947367,-1,-5,-0.07357357357357364,17,0,17,6
2026-05-02,35,Newcastle United,Brighton,,,,,,,37,93,2.5135135135135136,49,53,-4,2,0.8,1.4,52.2,11.0,3.6,37.480000000000004,14.6,4.4,32.339999999999996,0.2,0.6666666666666666,1.6666666666666667,56.0,10.666666666666666,3.0,30.33333333333334,11.333333333333334,4.0,35.63333333333333,0.0,1.3529411764705883,1.4705882352941178,52.85294117647059,12.970588235294118,4.5588235294117645,35.411764705882355,11.852941176470589,4.205882352941177,38.279411764705884,0.34285714285714286,1.6,2.2,55.8,14.6,4.6,31.579999999999995,12.6,5.0,40.6,0.2,1.3333333333333333,1.6666666666666667,53.0,13.333333333333334,4.0,30.566666666666663,14.333333333333334,5.0,33.96666666666667,0.3333333333333333,1.7647058823529411,1.6470588235294117,52.705882352941174,14.352941176470589,5.411764705882353,38.10588235294117,11.705882352941176,4.470588235294118,41.11176470588235,0.4444444444444444,1.6,2.2,55.8,14.6,4.6,31.579999999999995,12.6,5.0,40.6,0.2,1.3333333333333333,1.6666666666666667,53.0,13.333333333333334,4.0,30.566666666666663,14.333333333333334,5.0,33.96666666666667,0.3333333333333333,1.7647058823529411,1.6470588235294117,52.705882352941174,14.352941176470589,5.411764705882353,38.10588235294117,11.705882352941176,4.470588235294118,41.11176470588235,0.4444444444444444,37,83,2.2432432432432434,51,42,9,16,2.0,0.6,52.4,13.2,5.8,42.660000000000004,11.0,4.0,33.3,0.8,2.3333333333333335,0.6666666666666666,54.0,12.666666666666666,6.0,45.400000000000006,9.666666666666666,3.6666666666666665,32.06666666666667,0.6666666666666666,1.411764705882353,1.1470588235294117,52.76470588235294,12.823529411764707,4.588235294117647,36.34705882352941,12.0,3.911764705882353,34.35294117647059,0.37142857142857144,1.4,0.6,51.8,11.0,4.6,41.279999999999994,13.0,3.8,30.920000000000005,0.6,1.6666666666666667,0.6666666666666666,53.666666666666664,11.666666666666666,4.333333333333333,36.5,12.333333333333334,5.0,41.6,0.6666666666666666,1.2352941176470589,1.2941176470588236,51.411764705882355,11.823529411764707,4.117647058823529,35.8235294117647,13.882352941176471,4.176470588235294,32.13529411764706,0.2777777777777778,1.4,0.6,51.8,11.0,4.6,41.279999999999994,13.0,3.8,30.920000000000005,0.6,1.6666666666666667,0.6666666666666666,53.666666666666664,11.666666666666666,4.333333333333333,36.5,12.333333333333334,5.0,41.6,0.6666666666666666,1.2352941176470589,1.2941176470588236,51.411764705882355,11.823529411764707,4.117647058823529,35.8235294117647,13.882352941176471,4.176470588235294,32.13529411764706,0.2777777777777778,-1.2,0.7999999999999999,-0.19999999999999574,-2.1999999999999993,-2.1999999999999997,-5.18,3.5999999999999996,0.40000000000000036,-0.9600000000000009,-0.6000000000000001,-1.666666666666667,1.0,2.0,-2.0,-3.0,-15.066666666666666,1.6666666666666679,0.3333333333333335,3.566666666666663,-0.6666666666666666,-0.05882352941176472,0.32352941176470607,0.08823529411764497,0.14705882352941124,-0.02941176470588225,-0.9352941176470537,-0.14705882352941124,0.2941176470588238,3.926470588235297,-0.02857142857142858,0.20000000000000018,1.6,4.0,3.5999999999999996,0.0,-9.7,-0.40000000000000036,1.2000000000000002,9.679999999999996,-0.39999999999999997,-0.3333333333333335,1.0,-0.6666666666666643,1.6666666666666679,-0.33333333333333304,-5.933333333333337,2.0,0.0,-7.633333333333333,-0.3333333333333333,0.5294117647058822,0.3529411764705881,1.294117647058819,2.5294117647058822,1.2941176470588243,2.2823529411764696,-2.1764705882352953,0.2941176470588234,8.976470588235294,0.16666666666666663,0.20000000000000018,1.6,4.0,3.5999999999999996,0.0,-9.7,-0.40000000000000036,1.2000000000000002,9.679999999999996,-0.39999999999999997,-0.3333333333333335,1.0,-0.6666666666666643,1.6666666666666679,-0.33333333333333304,-5.933333333333337,2.0,0.0,-7.633333333333333,-0.3333333333333333,0.5294117647058822,0.3529411764705881,1.294117647058819,2.5294117647058822,1.2941176470588243,2.2823529411764696,-2.1764705882352953,0.2941176470588234,8.976470588235294,0.16666666666666663,0,10,0.2702702702702702,-2,11,-13,-14
2026-05-17,37,Newcastle United,West Ham United,,,,,,,37,93,2.5135135135135136,49,53,-4,2,,,,,,,,,,0.0,,,,,,,,,,0.0,1.3529411764705883,1.4705882352941178,52.85294117647059,12.970588235294118,4.5588235294117645,35.411764705882355,11.852941176470589,4.205882352941177,38.279411764705884,0.32432432432432434,,,,,,,,,,0.2,,,,,,,,,,0.0,1.7647058823529411,1.6470588235294117,52.705882352941174,14.352941176470589,5.411764705882353,38.10588235294117,11.705882352941176,4.470588235294118,41.11176470588235,0.42105263157894735,,,,,,,,,,0.2,,,,,,,,,,0.0,1.7647058823529411,1.6470588235294117,52.705882352941174,14.352941176470589,5.411764705882353,38.10588235294117,11.705882352941176,4.470588235294118,41.11176470588235,0.42105263157894735,37,87,2.3513513513513513,45,61,-16,12,,,,,,,,,,0.4,,,,,,,,,,0.3333333333333333,1.2352941176470589,1.7058823529411764,42.470588235294116,10.323529411764707,3.4705882352941178,34.92941176470588,14.911764705882353,5.117647058823529,36.04705882352941,0.24324324324324326,,,,,,,,,,0.2,,,,,,,,,,0.0,1.0588235294117647,1.7058823529411764,43.0,9.764705882352942,3.3529411764705883,33.55882352941177,16.352941176470587,5.588235294117647,35.588235294117645,0.21052631578947367,,,,,,,,,,0.2,,,,,,,,,,0.0,1.0588235294117647,1.7058823529411764,43.0,9.764705882352942,3.3529411764705883,33.55882352941177,16.352941176470587,5.588235294117647,35.588235294117645,0.21052631578947367,,,,,,,,,,-0.4,,,,,,,,,,-0.3333333333333333,0.11764705882352944,-0.23529411764705865,10.382352941176471,2.6470588235294112,1.0882352941176467,0.4823529411764724,-3.0588235294117645,-0.9117647058823524,2.2323529411764724,0.08108108108108109,,,,,,,,,,0.0,,,,,,,,,,0.0,0.7058823529411764,-0.05882352941176472,9.705882352941174,4.588235294117647,2.058823529411765,4.5470588235294045,-4.647058823529411,-1.117647058823529,5.523529411764706,0.21052631578947367,,,,,,,,,,0.0,,,,,,,,,,0.0,0.7058823529411764,-0.05882352941176472,9.705882352941174,4.588235294117647,2.058823529411765,4.5470588235294045,-4.647058823529411,-1.117647058823529,5.523529411764706,0.21052631578947367,0,6,0.16216216216216228,4,-8,12,-10
2026-05-10,36,Nottingham Forest,Newcastle United,,,,,,,37,87,2.3513513513513513,44,48,-4,11,,,,,,,,,,0.6,,,,,,,,,,0.6666666666666666,1.2058823529411764,1.3235294117647058,47.205882352941174,12.558823529411764,4.029411764705882,33.758823529411764,12.411764705882353,4.088235294117647,32.991176470588236,0.2777777777777778,1.0,0.6,49.6,17.8,4.4,24.92,7.6,3.0,39.92,0.2,1.6666666666666667,0.6666666666666666,46.0,12.0,3.3333333333333335,28.3,7.0,2.6666666666666665,38.9,0.3333333333333333,1.0588235294117647,1.2352941176470589,49.35294117647059,14.882352941176471,3.823529411764706,25.058823529411764,11.470588235294118,3.8823529411764706,34.10588235294117,0.2222222222222222,1.0,0.6,49.6,17.8,4.4,24.92,7.6,3.0,39.92,0.2,1.6666666666666667,0.6666666666666666,46.0,12.0,3.3333333333333335,28.3,7.0,2.6666666666666665,38.9,0.3333333333333333,1.0588235294117647,1.2352941176470589,49.35294117647059,14.882352941176471,3.823529411764706,25.058823529411764,11.470588235294118,3.8823529411764706,34.10588235294117,0.2222222222222222,37,93,2.5135135135135136,49,53,-4,2,,,,,,,,,,0.0,,,,,,,,,,0.0,1.3529411764705883,1.4705882352941178,52.85294117647059,12.970588235294118,4.5588235294117645,35.411764705882355,11.852941176470589,4.205882352941177,38.279411764705884,0.3333333333333333,1.0,1.2,47.8,12.2,4.6,43.0,15.0,4.2,30.939999999999998,0.4,0.6666666666666666,1.0,49.0,9.0,3.6666666666666665,45.800000000000004,14.666666666666666,4.0,31.833333333333332,0.3333333333333333,0.9411764705882353,1.2941176470588236,53.0,11.588235294117647,3.7058823529411766,32.71764705882353,12.0,3.9411764705882355,35.44705882352941,0.2222222222222222,1.0,1.2,47.8,12.2,4.6,43.0,15.0,4.2,30.939999999999998,0.4,0.6666666666666666,1.0,49.0,9.0,3.6666666666666665,45.800000000000004,14.666666666666666,4.0,31.833333333333332,0.3333333333333333,0.9411764705882353,1.2941176470588236,53.0,11.588235294117647,3.7058823529411766,32.71764705882353,12.0,3.9411764705882355,35.44705882352941,0.2222222222222222,,,,,,,,,,0.6,,,,,,,,,,0.6666666666666666,-0.1470588235294119,-0.1470588235294119,-5.647058823529413,-0.41176470588235325,-0.5294117647058822,-1.6529411764705912,0.5588235294117645,-0.11764705882352988,-5.288235294117648,-0.055555555555555525,0.0,-0.6,1.8000000000000043,5.600000000000001,-0.1999999999999993,-18.08,-7.4,-1.2000000000000002,8.980000000000004,-0.2,1.0,-0.33333333333333337,-3.0,3.0,-0.33333333333333304,-17.500000000000004,-7.666666666666666,-1.3333333333333335,7.066666666666666,0.0,0.11764705882352944,-0.05882352941176472,-3.647058823529413,3.2941176470588243,0.11764705882352944,-7.658823529411766,-0.5294117647058822,-0.05882352941176494,-1.3411764705882376,0.0,0.0,-0.6,1.8000000000000043,5.600000000000001,-0.1999999999999993,-18.08,-7.4,-1.2000000000000002,8.980000000000004,-0.2,1.0,-0.33333333333333337,-3.0,3.0,-0.33333333333333304,-17.500000000000004,-7.666666666666666,-1.3333333333333335,7.066666666666666,0.0,0.11764705882352944,-0.05882352941176472,-3.647058823529413,3.2941176470588243,0.11764705882352944,-7.658823529411766,-0.5294117647058822,-0.05882352941176494,-1.3411764705882376,0.0,0,-6,-0.16216216216216228,-5,-5,0,9
2026-05-24,38,Nottingham Forest,Bournemouth,,,,,,,37,87,2.3513513513513513,44,48,-4,11,,,,,,,,,,0.4,,,,,,,,,,0.0,1.2058823529411764,1.3235294117647058,47.205882352941174,12.558823529411764,4.029411764705882,33.758823529411764,12.411764705882353,4.088235294117647,32.991176470588236,0.2631578947368421,,,,,,,,,,0.2,,,,,,,,,,0.3333333333333333,1.0588235294117647,1.2352941176470589,49.35294117647059,14.882352941176471,3.823529411764706,25.058823529411764,11.470588235294118,3.8823529411764706,34.10588235294117,0.21052631578947367,,,,,,,,,,0.2,,,,,,,,,,0.3333333333333333,1.0588235294117647,1.2352941176470589,49.35294117647059,14.882352941176471,3.823529411764706,25.058823529411764,11.470588235294118,3.8823529411764706,34.10588235294117,0.21052631578947367,37,73,1.972972972972973,55,55,0,20,,,,,,,,,,0.2,,,,,,,,,,0.0,1.5294117647058822,1.5294117647058822,50.411764705882355,13.911764705882353,4.764705882352941,35.544117647058826,12.647058823529411,4.382352941176471,34.57647058823529,0.2894736842105263,,,,,,,,,,0.4,,,,,,,,,,0.6666666666666666,1.588235294117647,1.9411764705882353,47.705882352941174,13.176470588235293,4.882352941176471,39.05882352941177,16.176470588235293,5.647058823529412,34.39411764705883,0.2631578947368421,,,,,,,,,,0.4,,,,,,,,,,0.6666666666666666,1.588235294117647,1.9411764705882353,47.705882352941174,13.176470588235293,4.882352941176471,39.05882352941177,16.176470588235293,5.647058823529412,34.39411764705883,0.2631578947368421,,,,,,,,,,0.2,,,,,,,,,,0.0,-0.32352941176470584,-0.2058823529411764,-3.205882352941181,-1.3529411764705888,-0.7352941176470589,-1.7852941176470623,-0.235294117647058,-0.29411764705882426,-1.5852941176470523,-0.026315789473684237,,,,,,,,,,-0.2,,,,,,,,,,-0.3333333333333333,-0.5294117647058822,-0.7058823529411764,1.647058823529413,1.7058823529411775,-1.058823529411765,-14.000000000000004,-4.705882352941176,-1.7647058823529416,-0.2882352941176549,-0.05263157894736842,,,,,,,,,,-0.2,,,,,,,,,,-0.3333333333333333,-0.5294117647058822,-0.7058823529411764,1.647058823529413,1.7058823529411775,-1.058823529411765,-14.000000000000004,-4.705882352941176,-1.7647058823529416,-0.2882352941176549,-0.05263157894736842,0,14,0.3783783783783783,-11,-7,-4,-9
2026-04-24,34,Sunderland,Nottingham Forest,-1.0,0.0,5.0,5.0,0.0,L,36,82,2.2777777777777777,39,43,-4,16,1.4,1.2,44.0,11.4,4.2,37.7,14.4,5.2,38.16,0.6,2.0,1.6666666666666667,47.666666666666664,13.333333333333334,5.333333333333333,42.20000000000001,14.0,6.0,45.1,0.6666666666666666,1.0909090909090908,1.2121212121212122,44.09090909090909,9.969696969696969,3.3636363636363638,34.054545454545455,14.575757575757576,4.484848484848484,31.566666666666666,0.35294117647058826,1.0,1.0,48.2,12.8,3.0,22.92,12.6,3.6,28.639999999999997,0.4,0.6666666666666666,1.3333333333333333,51.0,13.0,2.6666666666666665,20.23333333333333,11.666666666666666,5.0,43.4,0.3333333333333333,1.4375,0.875,45.0625,11.1875,3.4375,30.9625,12.25,3.75,31.193749999999998,0.47058823529411764,1.0,1.0,48.2,12.8,3.0,22.92,12.6,3.6,28.639999999999997,0.4,0.6666666666666666,1.3333333333333333,51.0,13.0,2.6666666666666665,20.23333333333333,11.666666666666666,5.0,43.4,0.3333333333333333,1.4375,0.875,45.0625,11.1875,3.4375,30.9625,12.25,3.75,31.193749999999998,0.47058823529411764,36,84,2.3333333333333335,39,48,-9,12,2.0,0.8,42.0,10.6,4.2,43.36,11.2,3.6,34.279999999999994,0.4,2.6666666666666665,0.6666666666666666,44.666666666666664,11.0,5.0,51.4,10.0,3.6666666666666665,46.03333333333333,0.6666666666666666,1.0909090909090908,1.3636363636363635,47.45454545454545,12.636363636363637,3.9696969696969697,32.96363636363636,12.363636363636363,4.090909090909091,33.124242424242425,0.2647058823529412,1.8,1.4,39.4,10.6,4.6,45.760000000000005,14.6,4.6,30.079999999999995,0.4,2.0,1.3333333333333333,39.666666666666664,10.0,5.0,54.23333333333333,16.333333333333332,5.666666666666667,34.9,0.3333333333333333,1.125,1.5,45.4375,10.25,4.125,41.3625,13.3125,4.3125,32.08125,0.29411764705882354,1.8,1.4,39.4,10.6,4.6,45.760000000000005,14.6,4.6,30.079999999999995,0.4,2.0,1.3333333333333333,39.666666666666664,10.0,5.0,54.23333333333333,16.333333333333332,5.666666666666667,34.9,0.3333333333333333,1.125,1.5,45.4375,10.25,4.125,41.3625,13.3125,4.3125,32.08125,0.29411764705882354,-0.6000000000000001,0.3999999999999999,2.0,0.8000000000000007,0.0,-5.659999999999997,3.200000000000001,1.6,3.8800000000000026,0.19999999999999996,-0.6666666666666665,1.0,3.0,2.333333333333334,0.33333333333333304,-9.199999999999989,4.0,2.3333333333333335,-0.93333333333333,0.0,0.0,-0.15151515151515138,-3.3636363636363598,-2.666666666666668,-0.606060606060606,1.0909090909090935,2.212121212121213,0.3939393939393936,-1.5575757575757585,0.08823529411764708,-0.8,-0.3999999999999999,8.800000000000004,2.200000000000001,-1.5999999999999996,-22.840000000000003,-2.0,-0.9999999999999996,-1.4399999999999977,0.0,-1.3333333333333335,0.0,11.333333333333336,3.0,-2.3333333333333335,-34.0,-4.666666666666666,-0.666666666666667,8.5,0.0,0.3125,-0.625,-0.375,0.9375,-0.6875,-10.399999999999999,-1.0625,-0.5625,-0.8874999999999993,0.1764705882352941,-0.8,-0.3999999999999999,8.800000000000004,2.200000000000001,-1.5999999999999996,-22.840000000000003,-2.0,-0.9999999999999996,-1.4399999999999977,0.0,-1.3333333333333335,0.0,11.333333333333336,3.0,-2.3333333333333335,-34.0,-4.666666666666666,-0.666666666666667,8.5,0.0,0.3125,-0.625,-0.375,0.9375,-0.6875,-10.399999999999999,-1.0625,-0.5625,-0.8874999999999993,0.1764705882352941,0,-2,-0.0555555555555558,0,-5,5,4
2026-05-09,36,Sunderland,Manchester Utd,,,,,,,37,85,2.2972972972972974,39,48,-9,13,,,,,,,,,,0.4,,,,,,,,,,0.0,1.0588235294117647,1.3235294117647058,44.588235294117645,10.088235294117647,3.3823529411764706,33.89411764705883,14.441176470588236,4.529411764705882,32.40294117647059,0.3333333333333333,0.4,2.0,51.6,12.8,2.8,21.5,13.6,4.8,40.64,0.2,0.3333333333333333,2.0,53.666666666666664,13.666666666666666,3.3333333333333335,24.2,11.0,5.666666666666667,52.300000000000004,0.3333333333333333,1.3529411764705883,1.1176470588235294,46.0,11.352941176470589,3.4705882352941178,30.823529411764707,12.117647058823529,3.8823529411764706,32.88823529411765,0.4444444444444444,0.4,2.0,51.6,12.8,2.8,21.5,13.6,4.8,40.64,0.2,0.3333333333333333,2.0,53.666666666666664,13.666666666666666,3.3333333333333335,24.2,11.0,5.666666666666667,52.300000000000004,0.3333333333333333,1.3529411764705883,1.1176470588235294,46.0,11.352941176470589,3.4705882352941178,30.823529411764707,12.117647058823529,3.8823529411764706,32.88823529411765,0.4444444444444444,36,82,2.2777777777777777,61,48,13,17,,,,,,,,,,0.2,,,,,,,,,,0.3333333333333333,1.7575757575757576,1.3636363636363635,52.81818181818182,15.606060606060606,5.666666666666667,36.46666666666667,11.393939393939394,3.696969696969697,32.78484848484849,0.4444444444444444,1.2,1.0,51.4,10.4,3.4,31.4,13.6,4.0,32.7,0.4,1.3333333333333333,1.3333333333333333,46.666666666666664,10.666666666666666,3.6666666666666665,32.13333333333333,16.333333333333332,4.333333333333333,29.099999999999998,0.3333333333333333,1.588235294117647,1.5294117647058822,52.88235294117647,13.764705882352942,4.588235294117647,32.66470588235294,12.705882352941176,4.0,32.96470588235294,0.3333333333333333,1.2,1.0,51.4,10.4,3.4,31.4,13.6,4.0,32.7,0.4,1.3333333333333333,1.3333333333333333,46.666666666666664,10.666666666666666,3.6666666666666665,32.13333333333333,16.333333333333332,4.333333333333333,29.099999999999998,0.3333333333333333,1.588235294117647,1.5294117647058822,52.88235294117647,13.764705882352942,4.588235294117647,32.66470588235294,12.705882352941176,4.0,32.96470588235294,0.3333333333333333,,,,,,,,,,0.2,,,,,,,,,,-0.3333333333333333,-0.6987522281639929,-0.04010695187165769,-8.229946524064175,-5.517825311942959,-2.2843137254901964,-2.572549019607841,3.047237076648841,0.8324420677361855,-0.38190730837789744,-0.1111111111111111,-0.7999999999999999,1.0,0.20000000000000284,2.4000000000000004,-0.6000000000000001,-9.899999999999999,0.0,0.7999999999999998,7.939999999999998,-0.2,-1.0,0.6666666666666667,7.0,3.0,-0.33333333333333304,-7.933333333333334,-5.333333333333332,1.333333333333334,23.200000000000006,0.0,-0.23529411764705865,-0.4117647058823528,-6.882352941176471,-2.4117647058823533,-1.117647058823529,-1.841176470588234,-0.5882352941176467,-0.11764705882352944,-0.07647058823528852,0.1111111111111111,-0.7999999999999999,1.0,0.20000000000000284,2.4000000000000004,-0.6000000000000001,-9.899999999999999,0.0,0.7999999999999998,7.939999999999998,-0.2,-1.0,0.6666666666666667,7.0,3.0,-0.33333333333333304,-7.933333333333334,-5.333333333333332,1.333333333333334,23.200000000000006,0.0,-0.23529411764705865,-0.4117647058823528,-6.882352941176471,-2.4117647058823533,-1.117647058823529,-1.841176470588234,-0.5882352941176467,-0.11764705882352944,-0.07647058823528852,0.1111111111111111,1,3,0.01951951951951969,-22,0,-22,-4
2026-05-24,38,Sunderland,Chelsea,,,,,,,37,85,2.2972972972972974,39,48,-9,13,,,,,,,,,,0.0,,,,,,,,,,0.0,1.0588235294117647,1.3235294117647058,44.588235294117645,10.088235294117647,3.3823529411764706,33.89411764705883,14.441176470588236,4.529411764705882,32.40294117647059,0.3157894736842105,,,,,,,,,,0.2,,,,,,,,,,0.3333333333333333,1.3529411764705883,1.1176470588235294,46.0,11.352941176470589,3.4705882352941178,30.823529411764707,12.117647058823529,3.8823529411764706,32.88823529411765,0.42105263157894735,,,,,,,,,,0.2,,,,,,,,,,0.3333333333333333,1.3529411764705883,1.1176470588235294,46.0,11.352941176470589,3.4705882352941178,30.823529411764707,12.117647058823529,3.8823529411764706,32.88823529411765,0.42105263157894735,37,87,2.3513513513513513,56,48,8,10,,,,,,,,,,0.0,,,,,,,,,,0.0,1.5588235294117647,1.3235294117647058,58.11764705882353,13.676470588235293,4.4411764705882355,32.84705882352941,10.941176470588236,4.235294117647059,38.69117647058823,0.34210526315789475,,,,,,,,,,0.2,,,,,,,,,,0.0,1.7647058823529411,1.411764705882353,56.8235294117647,12.176470588235293,4.705882352941177,36.83529411764705,11.411764705882353,4.529411764705882,40.300000000000004,0.3684210526315789,,,,,,,,,,0.2,,,,,,,,,,0.0,1.7647058823529411,1.411764705882353,56.8235294117647,12.176470588235293,4.705882352941177,36.83529411764705,11.411764705882353,4.529411764705882,40.300000000000004,0.3684210526315789,,,,,,,,,,0.0,,,,,,,,,,0.0,-0.5,0.0,-13.529411764705884,-3.5882352941176467,-1.058823529411765,1.0470588235294187,3.5,0.2941176470588234,-6.288235294117641,-0.026315789473684237,,,,,,,,,,0.0,,,,,,,,,,0.3333333333333333,-0.4117647058823528,-0.2941176470588236,-10.823529411764703,-0.8235294117647047,-1.2352941176470589,-6.011764705882346,0.7058823529411757,-0.6470588235294117,-7.411764705882355,0.05263157894736842,,,,,,,,,,0.0,,,,,,,,,,0.3333333333333333,-0.4117647058823528,-0.2941176470588236,-10.823529411764703,-0.8235294117647047,-1.2352941176470589,-6.011764705882346,0.7058823529411757,-0.6470588235294117,-7.411764705882355,0.05263157894736842,0,-2,-0.054054054054053946,-17,0,-17,3
2026-05-11,36,Tottenham Hotspur,Leeds United,,,,,,,37,85,2.2972972972972974,46,56,-10,14,,,,,,,,,,0.2,,,,,,,,,,0.3333333333333333,1.2647058823529411,1.5588235294117647,49.94117647058823,11.176470588235293,3.911764705882353,36.061764705882354,12.705882352941176,4.176470588235294,34.15882352941177,0.2222222222222222,1.0,2.8,46.4,12.2,4.0,39.339999999999996,13.6,5.2,44.14,0.0,1.0,2.6666666666666665,46.666666666666664,13.0,4.333333333333333,33.63333333333333,9.0,4.666666666666667,53.96666666666666,0.0,1.1764705882352942,1.7647058823529411,51.1764705882353,12.0,4.0,35.03529411764706,11.764705882352942,4.117647058823529,37.0,0.1111111111111111,1.0,2.8,46.4,12.2,4.0,39.339999999999996,13.6,5.2,44.14,0.0,1.0,2.6666666666666665,46.666666666666664,13.0,4.333333333333333,33.63333333333333,9.0,4.666666666666667,53.96666666666666,0.0,1.1764705882352942,1.7647058823529411,51.1764705882353,12.0,4.0,35.03529411764706,11.764705882352942,4.117647058823529,37.0,0.1111111111111111,37,79,2.135135135135135,47,54,-7,19,,,,,,,,,,0.4,,,,,,,,,,0.3333333333333333,1.2941176470588236,1.5,45.73529411764706,12.588235294117647,3.9705882352941178,33.379411764705885,12.235294117647058,4.088235294117647,33.78823529411765,0.25,1.4,1.2,37.8,10.6,3.6,35.72,16.8,4.8,26.46,0.2,1.3333333333333333,1.0,40.666666666666664,11.666666666666666,4.0,33.333333333333336,16.333333333333332,5.333333333333333,28.733333333333334,0.3333333333333333,1.1176470588235294,1.8235294117647058,43.05882352941177,10.705882352941176,3.588235294117647,36.65294117647059,13.823529411764707,4.882352941176471,37.476470588235294,0.1111111111111111,1.4,1.2,37.8,10.6,3.6,35.72,16.8,4.8,26.46,0.2,1.3333333333333333,1.0,40.666666666666664,11.666666666666666,4.0,33.333333333333336,16.333333333333332,5.333333333333333,28.733333333333334,0.3333333333333333,1.1176470588235294,1.8235294117647058,43.05882352941177,10.705882352941176,3.588235294117647,36.65294117647059,13.823529411764707,4.882352941176471,37.476470588235294,0.1111111111111111,,,,,,,,,,-0.2,,,,,,,,,,0.0,-0.02941176470588247,0.05882352941176472,4.205882352941174,-1.4117647058823533,-0.05882352941176494,2.682352941176468,0.47058823529411775,0.08823529411764763,0.37058823529412166,-0.02777777777777779,-0.3999999999999999,1.5999999999999999,8.600000000000001,1.5999999999999996,0.3999999999999999,3.6199999999999974,-3.200000000000001,0.40000000000000036,17.68,-0.2,-0.33333333333333326,1.6666666666666665,6.0,1.333333333333334,0.33333333333333304,0.29999999999999716,-7.333333333333332,-0.6666666666666661,25.233333333333327,-0.3333333333333333,0.05882352941176472,-0.05882352941176472,8.117647058823529,1.2941176470588243,0.4117647058823528,-1.617647058823529,-2.0588235294117645,-0.764705882352942,-0.4764705882352942,0.0,-0.3999999999999999,1.5999999999999999,8.600000000000001,1.5999999999999996,0.3999999999999999,3.6199999999999974,-3.200000000000001,0.40000000000000036,17.68,-0.2,-0.33333333333333326,1.6666666666666665,6.0,1.333333333333334,0.33333333333333304,0.29999999999999716,-7.333333333333332,-0.6666666666666661,25.233333333333327,-0.3333333333333333,0.05882352941176472,-0.05882352941176472,8.117647058823529,1.2941176470588243,0.4117647058823528,-1.617647058823529,-2.0588235294117645,-0.764705882352942,-0.4764705882352942,0.0,0,6,0.16216216216216228,-1,2,-3,-5
2026-05-24,38,Tottenham Hotspur,Everton,,,,,,,37,85,2.2972972972972974,46,56,-10,14,,,,,,,,,,0.2,,,,,,,,,,0.0,1.2647058823529411,1.5588235294117647,49.94117647058823,11.176470588235293,3.911764705882353,36.061764705882354,12.705882352941176,4.176470588235294,34.15882352941177,0.21052631578947367,,,,,,,,,,0.0,,,,,,,,,,0.0,1.1764705882352942,1.7647058823529411,51.1764705882353,12.0,4.0,35.03529411764706,11.764705882352942,4.117647058823529,37.0,0.10526315789473684,,,,,,,,,,0.0,,,,,,,,,,0.0,1.1764705882352942,1.7647058823529411,51.1764705882353,12.0,4.0,35.03529411764706,11.764705882352942,4.117647058823529,37.0,0.10526315789473684,37,89,2.4054054054054053,44,44,0,6,,,,,,,,,,0.0,,,,,,,,,,0.0,1.2058823529411764,1.2058823529411764,44.05882352941177,11.029411764705882,3.676470588235294,33.49411764705882,13.588235294117647,4.147058823529412,32.21176470588235,0.34210526315789475,,,,,,,,,,0.2,,,,,,,,,,0.0,1.1176470588235294,1.1764705882352942,40.588235294117645,9.823529411764707,3.1176470588235294,31.69411764705882,16.176470588235293,4.117647058823529,26.064705882352943,0.3684210526315789,,,,,,,,,,0.2,,,,,,,,,,0.0,1.1176470588235294,1.1764705882352942,40.588235294117645,9.823529411764707,3.1176470588235294,31.69411764705882,16.176470588235293,4.117647058823529,26.064705882352943,0.3684210526315789,,,,,,,,,,0.2,,,,,,,,,,0.0,0.05882352941176472,0.3529411764705883,5.882352941176464,0.14705882352941124,0.23529411764705888,2.567647058823532,-0.882352941176471,0.02941176470588225,1.9470588235294173,-0.13157894736842107,,,,,,,,,,-0.2,,,,,,,,,,0.0,0.05882352941176472,0.588235294117647,10.588235294117652,2.1764705882352935,0.8823529411764706,3.341176470588241,-4.4117647058823515,0.0,10.935294117647057,-0.2631578947368421,,,,,,,,,,-0.2,,,,,,,,,,0.0,0.05882352941176472,0.588235294117647,10.588235294117652,2.1764705882352935,0.8823529411764706,3.341176470588241,-4.4117647058823515,0.0,10.935294117647057,-0.2631578947368421,0,-4,-0.10810810810810789,2,12,-10,8
2026-04-25,34,West Ham United,Everton,1.0,2.0,1.0,1.0,2.0,W,36,84,2.3333333333333335,43,60,-17,14,1.2,0.6,40.0,9.2,3.2,45.540000000000006,16.6,4.4,25.28,0.4,1.3333333333333333,0.6666666666666666,43.666666666666664,12.0,4.0,31.46666666666668,15.333333333333334,3.6666666666666665,20.96666666666667,0.3333333333333333,1.2121212121212122,1.7272727272727273,42.42424242424242,10.333333333333334,3.484848484848485,35.07878787878788,15.030303030303031,5.181818181818182,36.31212121212121,0.23529411764705882,1.8,0.6,39.4,11.8,3.8,47.059999999999995,12.8,3.8,31.660000000000004,0.4,1.6666666666666667,0.3333333333333333,38.333333333333336,13.0,3.6666666666666665,51.300000000000004,16.0,4.666666666666667,32.13333333333333,0.3333333333333333,1.375,1.75,41.8125,10.9375,3.625,36.69375,13.625,4.75,37.08125,0.23529411764705882,1.8,0.6,39.4,11.8,3.8,47.059999999999995,12.8,3.8,31.660000000000004,0.4,1.6666666666666667,0.3333333333333333,38.333333333333336,13.0,3.6666666666666665,51.300000000000004,16.0,4.666666666666667,32.13333333333333,0.3333333333333333,1.375,1.75,41.8125,10.9375,3.625,36.69375,13.625,4.75,37.08125,0.23529411764705882,36,86,2.388888888888889,43,42,1,10,1.6,1.2,43.2,11.4,5.6,49.8,14.6,4.6,33.54,0.4,2.0,1.3333333333333333,41.666666666666664,11.333333333333334,6.666666666666667,60.0,14.333333333333334,4.666666666666667,33.23333333333333,0.3333333333333333,1.2121212121212122,1.1818181818181819,43.696969696969695,11.030303030303031,3.696969696969697,33.68181818181818,13.696969696969697,4.181818181818182,32.27878787878788,0.38235294117647056,1.6,1.6,41.2,11.0,4.4,42.96,16.6,4.6,26.8,0.4,1.6666666666666667,2.0,38.0,10.666666666666666,5.0,46.29999999999999,19.666666666666668,6.0,30.900000000000006,0.3333333333333333,1.125,1.125,39.625,9.75,3.125,31.96875,16.5625,4.1875,25.81875,0.4117647058823529,1.6,1.6,41.2,11.0,4.4,42.96,16.6,4.6,26.8,0.4,1.6666666666666667,2.0,38.0,10.666666666666666,5.0,46.29999999999999,19.666666666666668,6.0,30.900000000000006,0.3333333333333333,1.125,1.125,39.625,9.75,3.125,31.96875,16.5625,4.1875,25.81875,0.4117647058823529,-0.40000000000000013,-0.6,-3.200000000000003,-2.200000000000001,-2.3999999999999995,-4.259999999999991,2.0000000000000018,-0.1999999999999993,-8.259999999999998,0.0,-0.6666666666666667,-0.6666666666666666,2.0,0.6666666666666661,-2.666666666666667,-28.53333333333332,1.0,-1.0000000000000004,-12.266666666666659,0.0,0.0,0.5454545454545454,-1.2727272727272734,-0.6969696969696972,-0.21212121212121193,1.3969696969696983,1.333333333333334,1.0,4.033333333333331,-0.14705882352941174,0.19999999999999996,-1.0,-1.8000000000000043,0.8000000000000007,-0.6000000000000005,4.099999999999994,-3.8000000000000007,-0.7999999999999998,4.860000000000003,0.0,0.0,-1.6666666666666667,0.3333333333333357,2.333333333333334,-1.3333333333333335,5.000000000000014,-3.666666666666668,-1.333333333333333,1.2333333333333272,0.0,0.25,0.625,2.1875,1.1875,0.5,4.725000000000001,-2.9375,0.5625,11.262499999999996,-0.1764705882352941,0.19999999999999996,-1.0,-1.8000000000000043,0.8000000000000007,-0.6000000000000005,4.099999999999994,-3.8000000000000007,-0.7999999999999998,4.860000000000003,0.0,0.0,-1.6666666666666667,0.3333333333333357,2.333333333333334,-1.3333333333333335,5.000000000000014,-3.666666666666668,-1.333333333333333,1.2333333333333272,0.0,0.25,0.625,2.1875,1.1875,0.5,4.725000000000001,-2.9375,0.5625,11.262499999999996,-0.1764705882352941,0,-2,-0.05555555555555536,0,18,-18,4
2026-05-10,36,West Ham United,Arsenal,,,,,,,37,87,2.3513513513513513,45,61,-16,12,,,,,,,,,,0.4,,,,,,,,,,0.3333333333333333,1.2352941176470589,1.7058823529411764,42.470588235294116,10.323529411764707,3.4705882352941178,34.92941176470588,14.911764705882353,5.117647058823529,36.04705882352941,0.25,1.6,0.6,38.8,11.2,3.4,45.36,13.6,4.0,31.4,0.4,2.3333333333333335,0.6666666666666666,39.0,9.666666666666666,3.6666666666666665,56.300000000000004,16.333333333333332,4.0,24.566666666666666,0.6666666666666666,1.411764705882353,1.7058823529411764,41.94117647058823,10.882352941176471,3.588235294117647,36.300000000000004,13.470588235294118,4.647058823529412,36.50588235294118,0.2777777777777778,1.6,0.6,38.8,11.2,3.4,45.36,13.6,4.0,31.4,0.4,2.3333333333333335,0.6666666666666666,39.0,9.666666666666666,3.6666666666666665,56.300000000000004,16.333333333333332,4.0,24.566666666666666,0.6666666666666666,1.411764705882353,1.7058823529411764,41.94117647058823,10.882352941176471,3.588235294117647,36.300000000000004,13.470588235294118,4.647058823529412,36.50588235294118,0.2777777777777778,37,91,2.4594594594594597,67,29,38,3,,,,,,,,,,0.4,,,,,,,,,,0.3333333333333333,1.8823529411764706,0.7647058823529411,56.029411764705884,,,,,,,0.6111111111111112,1.8,1.2,52.0,,,,,,,0.4,2.0,1.0,47.333333333333336,,,,,,,0.6666666666666666,1.588235294117647,0.8823529411764706,55.35294117647059,,,,,,,0.5,1.8,1.2,52.0,,,,,,,0.4,2.0,1.0,47.333333333333336,,,,,,,0.6666666666666666,1.588235294117647,0.8823529411764706,55.35294117647059,,,,,,,0.5,,,,,,,,,,0.0,,,,,,,,,,0.0,-0.6470588235294117,0.9411764705882353,-13.558823529411768,,,,,,,-0.36111111111111116,-0.19999999999999996,-0.6,-13.200000000000003,,,,,,,0.0,0.3333333333333335,-0.33333333333333337,-8.333333333333336,,,,,,,0.0,-0.17647058823529393,0.8235294117647058,-13.411764705882355,,,,,,,-0.2222222222222222,-0.19999999999999996,-0.6,-13.200000000000003,,,,,,,0.0,0.3333333333333335,-0.33333333333333337,-8.333333333333336,,,,,,,0.0,-0.17647058823529393,0.8235294117647058,-13.411764705882355,,,,,,,-0.2222222222222222,0,-4,-0.10810810810810834,-22,32,-54,9
2026-05-24,38,West Ham United,Leeds United,,,,,,,37,87,2.3513513513513513,45,61,-16,12,,,,,,,,,,0.2,,,,,,,,,,0.0,1.2352941176470589,1.7058823529411764,42.470588235294116,10.323529411764707,3.4705882352941178,34.92941176470588,14.911764705882353,5.117647058823529,36.04705882352941,0.23684210526315788,,,,,,,,,,0.4,,,,,,,,,,0.6666666666666666,1.411764705882353,1.7058823529411764,41.94117647058823,10.882352941176471,3.588235294117647,36.300000000000004,13.470588235294118,4.647058823529412,36.50588235294118,0.2631578947368421,,,,,,,,,,0.4,,,,,,,,,,0.6666666666666666,1.411764705882353,1.7058823529411764,41.94117647058823,10.882352941176471,3.588235294117647,36.300000000000004,13.470588235294118,4.647058823529412,36.50588235294118,0.2631578947368421,37,79,2.135135135135135,47,54,-7,19,,,,,,,,,,0.2,,,,,,,,,,0.0,1.2941176470588236,1.5,45.73529411764706,12.588235294117647,3.9705882352941178,33.379411764705885,12.235294117647058,4.088235294117647,33.78823529411765,0.23684210526315788,,,,,,,,,,0.2,,,,,,,,,,0.3333333333333333,1.1176470588235294,1.8235294117647058,43.05882352941177,10.705882352941176,3.588235294117647,36.65294117647059,13.823529411764707,4.882352941176471,37.476470588235294,0.10526315789473684,,,,,,,,,,0.2,,,,,,,,,,0.3333333333333333,1.1176470588235294,1.8235294117647058,43.05882352941177,10.705882352941176,3.588235294117647,36.65294117647059,13.823529411764707,4.882352941176471,37.476470588235294,0.10526315789473684,,,,,,,,,,0.0,,,,,,,,,,0.0,-0.05882352941176472,0.2058823529411764,-3.264705882352942,-2.2647058823529402,-0.5,1.5499999999999972,2.6764705882352953,1.0294117647058822,2.258823529411764,0.0,,,,,,,,,,0.2,,,,,,,,,,0.3333333333333333,0.2941176470588236,-0.11764705882352944,-1.117647058823536,0.17647058823529527,0.0,-0.352941176470587,-0.35294117647058876,-0.23529411764705888,-0.970588235294116,0.15789473684210525,,,,,,,,,,0.2,,,,,,,,,,0.3333333333333333,0.2941176470588236,-0.11764705882352944,-1.117647058823536,0.17647058823529527,0.0,-0.352941176470587,-0.35294117647058876,-0.23529411764705888,-0.970588235294116,0.15789473684210525,0,8,0.21621621621621623,-2,7,-9,-7
2026-04-25,34,Wolves,Tottenham Hotspur,-1.0,0.0,1.0,1.0,0.0,L,36,86,2.388888888888889,27,64,-37,11,1.2,2.0,44.8,9.4,2.8,35.6,15.6,5.6,35.339999999999996,0.4,0.6666666666666666,3.0,50.333333333333336,11.333333333333334,3.0,26.933333333333334,15.0,5.333333333333333,34.733333333333334,0.0,0.7272727272727273,1.8484848484848484,43.60606060606061,9.272727272727273,3.212121212121212,34.99393939393939,14.06060606060606,4.7272727272727275,34.64848484848485,0.08823529411764706,1.4,1.6,40.0,9.2,3.4,41.14,13.4,5.2,39.38,0.4,2.0,1.0,38.333333333333336,6.0,2.3333333333333335,45.73333333333333,14.333333333333334,5.333333333333333,37.5,0.6666666666666666,1.0625,1.9375,43.8125,9.4375,3.5,37.0125,12.375,4.75,39.9125,0.17647058823529413,1.4,1.6,40.0,9.2,3.4,41.14,13.4,5.2,39.38,0.4,2.0,1.0,38.333333333333336,6.0,2.3333333333333335,45.73333333333333,14.333333333333334,5.333333333333333,37.5,0.6666666666666666,1.0625,1.9375,43.8125,9.4375,3.5,37.0125,12.375,4.75,39.9125,0.17647058823529413,36,82,2.2777777777777777,45,56,-11,17,0.8,2.0,45.0,12.6,5.4,43.660000000000004,11.4,4.0,40.160000000000004,0.0,0.6666666666666666,2.0,49.333333333333336,12.666666666666666,5.333333333333333,43.73333333333333,10.333333333333334,4.0,44.300000000000004,0.0,1.2727272727272727,1.606060606060606,49.666666666666664,11.181818181818182,3.9696969696969697,36.60303030303031,12.757575757575758,4.242424242424242,34.64242424242424,0.20588235294117646,0.8,1.6,45.8,12.4,5.4,40.1,16.0,4.8,29.8,0.0,0.6666666666666666,1.3333333333333333,43.666666666666664,12.333333333333334,5.0,41.699999999999996,16.0,3.3333333333333335,20.366666666666667,0.0,1.375,1.4375,48.0625,10.3125,3.9375,38.26875,13.8125,4.375,32.1375,0.29411764705882354,0.8,1.6,45.8,12.4,5.4,40.1,16.0,4.8,29.8,0.0,0.6666666666666666,1.3333333333333333,43.666666666666664,12.333333333333334,5.0,41.699999999999996,16.0,3.3333333333333335,20.366666666666667,0.0,1.375,1.4375,48.0625,10.3125,3.9375,38.26875,13.8125,4.375,32.1375,0.29411764705882354,0.3999999999999999,0.0,-0.20000000000000284,-3.1999999999999993,-2.6000000000000005,-8.060000000000002,4.199999999999999,1.5999999999999996,-4.820000000000007,0.4,0.0,1.0,1.0,-1.3333333333333321,-2.333333333333333,-16.799999999999994,4.666666666666666,1.333333333333333,-9.56666666666667,0.0,-0.5454545454545454,0.24242424242424243,-6.060606060606055,-1.9090909090909083,-0.7575757575757578,-1.6090909090909165,1.3030303030303028,0.4848484848484853,0.006060606060607654,-0.1176470588235294,0.5999999999999999,0.0,-5.799999999999997,-3.200000000000001,-2.0000000000000004,1.0399999999999991,-2.5999999999999996,0.40000000000000036,9.580000000000002,0.4,1.3333333333333335,-0.33333333333333326,-5.333333333333329,-6.333333333333334,-2.6666666666666665,4.033333333333331,-1.666666666666666,1.9999999999999996,17.133333333333333,0.6666666666666666,-0.3125,0.5,-4.25,-0.875,-0.4375,-1.2562499999999943,-1.4375,0.375,7.774999999999999,-0.11764705882352941,0.5999999999999999,0.0,-5.799999999999997,-3.200000000000001,-2.0000000000000004,1.0399999999999991,-2.5999999999999996,0.40000000000000036,9.580000000000002,0.4,1.3333333333333335,-0.33333333333333326,-5.333333333333329,-6.333333333333334,-2.6666666666666665,4.033333333333331,-1.666666666666666,1.9999999999999996,17.133333333333333,0.6666666666666666,-0.3125,0.5,-4.25,-0.875,-0.4375,-1.2562499999999943,-1.4375,0.375,7.774999999999999,-0.11764705882352941,0,4,0.11111111111111116,-18,8,-26,-6
2026-05-02,35,Wolves,Sunderland,,,,,,,37,89,2.4054054054054053,27,65,-38,8,0.8,2.2,45.2,9.8,2.8,34.8,15.0,5.0,31.840000000000003,0.2,0.0,2.6666666666666665,47.0,10.666666666666666,2.3333333333333335,22.733333333333334,15.333333333333334,5.0,30.799999999999997,0.0,0.7058823529411765,1.8235294117647058,43.529411764705884,9.323529411764707,3.176470588235294,34.5,13.970588235294118,4.647058823529412,34.16470588235294,0.08571428571428572,1.4,1.4,37.8,8.0,2.4,36.54,13.8,4.8,34.14,0.4,1.3333333333333333,0.6666666666666666,38.0,8.0,2.3333333333333335,38.46666666666667,14.666666666666666,4.666666666666667,30.233333333333334,0.6666666666666666,1.0,1.8823529411764706,43.64705882352941,9.529411764705882,3.411764705882353,35.90588235294118,12.294117647058824,4.588235294117647,38.63529411764706,0.16666666666666666,1.4,1.4,37.8,8.0,2.4,36.54,13.8,4.8,34.14,0.4,1.3333333333333333,0.6666666666666666,38.0,8.0,2.3333333333333335,38.46666666666667,14.666666666666666,4.666666666666667,30.233333333333334,0.6666666666666666,1.0,1.8823529411764706,43.64705882352941,9.529411764705882,3.411764705882353,35.90588235294118,12.294117647058824,4.588235294117647,38.63529411764706,0.16666666666666666,37,85,2.2972972972972974,39,48,-9,13,1.2,2.2,50.2,13.6,4.8,36.76,12.8,5.6,45.72,0.4,1.3333333333333333,3.0,54.666666666666664,12.333333333333334,4.333333333333333,38.00000000000001,12.0,6.666666666666667,56.76666666666667,0.3333333333333333,1.0588235294117647,1.3235294117647058,44.588235294117645,10.088235294117647,3.3823529411764706,33.89411764705883,14.441176470588236,4.529411764705882,32.40294117647059,0.34285714285714286,1.4,1.8,41.8,8.6,4.4,50.9,17.2,5.0,29.8,0.4,2.0,1.6666666666666667,40.0,10.0,5.0,48.166666666666664,16.333333333333332,5.0,31.3,0.6666666666666666,0.7647058823529411,1.5294117647058822,43.1764705882353,8.823529411764707,3.2941176470588234,36.96470588235294,16.764705882352942,5.176470588235294,31.91764705882353,0.2222222222222222,1.4,1.8,41.8,8.6,4.4,50.9,17.2,5.0,29.8,0.4,2.0,1.6666666666666667,40.0,10.0,5.0,48.166666666666664,16.333333333333332,5.0,31.3,0.6666666666666666,0.7647058823529411,1.5294117647058822,43.1764705882353,8.823529411764707,3.2941176470588234,36.96470588235294,16.764705882352942,5.176470588235294,31.91764705882353,0.2222222222222222,-0.3999999999999999,0.0,-5.0,-3.799999999999999,-2.0,-1.9600000000000009,2.1999999999999993,-0.5999999999999996,-13.879999999999995,-0.2,-1.3333333333333333,-0.3333333333333335,-7.666666666666664,-1.6666666666666679,-1.9999999999999996,-15.266666666666673,3.333333333333334,-1.666666666666667,-25.966666666666676,-0.3333333333333333,-0.3529411764705882,0.5,-1.058823529411761,-0.7647058823529402,-0.20588235294117663,0.6058823529411725,-0.47058823529411775,0.11764705882352988,1.7617647058823493,-0.2571428571428571,0.0,-0.40000000000000013,-4.0,-0.5999999999999996,-2.0000000000000004,-14.36,-3.3999999999999986,-0.20000000000000018,4.34,0.0,-0.6666666666666667,-1.0,-2.0,-2.0,-2.6666666666666665,-9.699999999999996,-1.666666666666666,-0.33333333333333304,-1.0666666666666664,0.0,0.23529411764705888,0.3529411764705883,0.470588235294116,0.7058823529411757,0.11764705882352944,-1.058823529411761,-4.470588235294118,-0.5882352941176476,6.717647058823527,-0.05555555555555555,0.0,-0.40000000000000013,-4.0,-0.5999999999999996,-2.0000000000000004,-14.36,-3.3999999999999986,-0.20000000000000018,4.34,0.0,-0.6666666666666667,-1.0,-2.0,-2.0,-2.6666666666666665,-9.699999999999996,-1.666666666666666,-0.33333333333333304,-1.0666666666666664,0.0,0.23529411764705888,0.3529411764705883,0.470588235294116,0.7058823529411757,0.11764705882352944,-1.058823529411761,-4.470588235294118,-0.5882352941176476,6.717647058823527,-0.05555555555555555,0,4,0.10810810810810789,-12,17,-29,-5
2026-05-17,37,Wolves,Fulham,,,,,,,37,89,2.4054054054054053,27,65,-38,8,,,,,,,,,,0.0,,,,,,,,,,0.0,0.7058823529411765,1.8235294117647058,43.529411764705884,9.323529411764707,3.176470588235294,34.5,13.970588235294118,4.647058823529412,34.16470588235294,0.08108108108108109,,,,,,,,,,0.4,,,,,,,,,,0.3333333333333333,1.0,1.8823529411764706,43.64705882352941,9.529411764705882,3.411764705882353,35.90588235294118,12.294117647058824,4.588235294117647,38.63529411764706,0.15789473684210525,,,,,,,,,,0.4,,,,,,,,,,0.3333333333333333,1.0,1.8823529411764706,43.64705882352941,9.529411764705882,3.411764705882353,35.90588235294118,12.294117647058824,4.588235294117647,38.63529411764706,0.15789473684210525,37,93,2.5135135135135136,47,49,-2,1,,,,,,,,,,0.2,,,,,,,,,,0.3333333333333333,1.2941176470588236,1.3529411764705883,51.3235294117647,12.441176470588236,3.6470588235294117,30.06764705882353,11.823529411764707,3.823529411764706,32.89705882352941,0.3783783783783784,,,,,,,,,,0.2,,,,,,,,,,0.0,0.9411764705882353,1.588235294117647,49.88235294117647,11.117647058823529,3.2941176470588234,30.247058823529414,13.0,4.411764705882353,33.78235294117647,0.21052631578947367,,,,,,,,,,0.2,,,,,,,,,,0.0,0.9411764705882353,1.588235294117647,49.88235294117647,11.117647058823529,3.2941176470588234,30.247058823529414,13.0,4.411764705882353,33.78235294117647,0.21052631578947367,,,,,,,,,,-0.2,,,,,,,,,,-0.3333333333333333,-0.5882352941176471,0.47058823529411753,-7.794117647058819,-3.117647058823529,-0.47058823529411775,4.432352941176472,2.1470588235294112,0.8235294117647061,1.2676470588235276,-0.2972972972972973,,,,,,,,,,0.2,,,,,,,,,,0.3333333333333333,0.05882352941176472,0.2941176470588236,-6.235294117647058,-1.5882352941176467,0.11764705882352944,5.658823529411762,-0.7058823529411757,0.1764705882352935,4.852941176470587,-0.05263157894736842,,,,,,,,,,0.2,,,,,,,,,,0.3333333333333333,0.05882352941176472,0.2941176470588236,-6.235294117647058,-1.5882352941176467,0.11764705882352944,5.658823529411762,-0.7058823529411757,0.1764705882352935,4.852941176470587,-0.05263157894736842,0,-4,-0.10810810810810834,-20,16,-36,7
