date,time,season_id,season_name,season_year,round,day,venue,result,gf,ga,opponent,gls,sh,sot,sotpct,g_per_sh,g_per_sot,pk,pkatt,team,table_side
2025-08-15,16:00,76986,Premier League 25/26,25/26,Matchweek 1,Fri,Home,W,4.0,2.0,Bournemouth,4.0,10.0,3.0,30.0,0.4,1.333,,,Liverpool,against
2025-08-15,16:00,76986,Premier League 25/26,25/26,Matchweek 1,Fri,Away,L,2.0,4.0,Liverpool,2.0,19.0,10.0,52.6,0.105,0.2,,,Bournemouth,against
2025-08-16,08:30,76986,Premier League 25/26,25/26,Matchweek 1,Sat,Home,D,0.0,0.0,Newcastle United,0.0,16.0,3.0,18.8,0.0,0.0,,,Aston Villa,against
2025-08-16,08:30,76986,Premier League 25/26,25/26,Matchweek 1,Sat,Away,D,0.0,0.0,Aston Villa,0.0,3.0,3.0,100.0,0.0,0.0,,,Newcastle United,against
2025-08-16,11:00,76986,Premier League 25/26,25/26,Matchweek 1,Sat,Home,W,3.0,0.0,Burnley,3.0,14.0,4.0,28.6,0.214,0.75,,,Tottenham Hotspur,against
2025-08-16,11:00,76986,Premier League 25/26,25/26,Matchweek 1,Sat,Away,L,0.0,3.0,Tottenham Hotspur,0.0,16.0,6.0,37.5,0.0,0.0,,,Burnley,against
2025-08-16,11:00,76986,Premier League 25/26,25/26,Matchweek 1,Sat,Home,D,1.0,1.0,Fulham,1.0,7.0,2.0,28.6,0.143,0.5,,,Brighton,against
2025-08-16,11:00,76986,Premier League 25/26,25/26,Matchweek 1,Sat,Away,D,1.0,1.0,Brighton,1.0,10.0,4.0,40.0,0.1,0.25,,,Fulham,against
2025-08-16,11:00,76986,Premier League 25/26,25/26,Matchweek 1,Sat,Home,W,3.0,0.0,West Ham United,3.0,12.0,4.0,33.3,0.25,0.75,,,Sunderland,against
2025-08-16,11:00,76986,Premier League 25/26,25/26,Matchweek 1,Sat,Away,L,0.0,3.0,Sunderland,0.0,10.0,5.0,50.0,0.0,0.0,,,West Ham United,against
2025-08-16,13:30,76986,Premier League 25/26,25/26,Matchweek 1,Sat,Home,L,0.0,4.0,Manchester City,0.0,15.0,4.0,26.7,0.0,0.0,,,Wolves,against
2025-08-16,13:30,76986,Premier League 25/26,25/26,Matchweek 1,Sat,Away,W,4.0,0.0,Wolves,4.0,9.0,3.0,33.3,0.444,1.333,,,Manchester City,against
2025-08-17,10:00,76986,Premier League 25/26,25/26,Matchweek 1,Sun,Home,D,0.0,0.0,Crystal Palace,0.0,11.0,4.0,36.4,0.0,0.0,,,Chelsea,against
2025-08-17,10:00,76986,Premier League 25/26,25/26,Matchweek 1,Sun,Away,D,0.0,0.0,Chelsea,0.0,19.0,3.0,15.8,0.0,0.0,,,Crystal Palace,against
2025-08-17,10:00,76986,Premier League 25/26,25/26,Matchweek 1,Sun,Home,W,3.0,1.0,Brentford,3.0,10.0,3.0,30.0,0.3,1.0,,,Nottingham Forest,against
2025-08-17,10:00,76986,Premier League 25/26,25/26,Matchweek 1,Sun,Away,L,1.0,3.0,Nottingham Forest,1.0,11.0,5.0,45.5,0.091,0.2,,,Brentford,against
2025-08-17,12:30,76986,Premier League 25/26,25/26,Matchweek 1,Sun,Home,L,0.0,1.0,Arsenal,0.0,9.0,3.0,33.3,0.0,0.0,,,Manchester Utd,against
2025-08-17,12:30,76986,Premier League 25/26,25/26,Matchweek 1,Sun,Away,W,1.0,0.0,Manchester Utd,1.0,22.0,7.0,31.8,0.045,0.143,,,Arsenal,against
2025-08-18,16:00,76986,Premier League 25/26,25/26,Matchweek 1,Mon,Home,W,1.0,0.0,Everton,1.0,7.0,1.0,14.3,0.143,1.0,,,Leeds United,against
2025-08-18,16:00,76986,Premier League 25/26,25/26,Matchweek 1,Mon,Away,L,0.0,1.0,Leeds United,0.0,21.0,3.0,14.3,0.0,0.0,,,Everton,against
2025-08-22,16:00,76986,Premier League 25/26,25/26,Matchweek 2,Fri,Home,L,1.0,5.0,Chelsea,1.0,12.0,7.0,58.3,0.083,0.143,,,West Ham United,against
2025-08-22,16:00,76986,Premier League 25/26,25/26,Matchweek 2,Fri,Away,W,5.0,1.0,West Ham United,5.0,12.0,4.0,33.3,0.417,1.25,,,Chelsea,against
2025-08-23,08:30,76986,Premier League 25/26,25/26,Matchweek 2,Sat,Home,L,0.0,2.0,Tottenham Hotspur,0.0,12.0,5.0,41.7,0.0,0.0,,,Manchester City,against
2025-08-23,08:30,76986,Premier League 25/26,25/26,Matchweek 2,Sat,Away,W,2.0,0.0,Manchester City,2.0,10.0,4.0,40.0,0.2,0.5,,,Tottenham Hotspur,against
2025-08-23,11:00,76986,Premier League 25/26,25/26,Matchweek 2,Sat,Home,W,1.0,0.0,Aston Villa,1.0,17.0,2.0,11.8,0.059,0.5,,,Brentford,against
2025-08-23,11:00,76986,Premier League 25/26,25/26,Matchweek 2,Sat,Away,L,0.0,1.0,Brentford,0.0,9.0,2.0,22.2,0.0,0.0,,,Aston Villa,against
2025-08-23,11:00,76986,Premier League 25/26,25/26,Matchweek 2,Sat,Home,W,1.0,0.0,Wolves,1.0,6.0,1.0,16.7,0.167,1.0,,,Bournemouth,against
2025-08-23,11:00,76986,Premier League 25/26,25/26,Matchweek 2,Sat,Away,L,0.0,1.0,Bournemouth,0.0,14.0,4.0,28.6,0.0,0.0,,,Wolves,against
2025-08-23,11:00,76986,Premier League 25/26,25/26,Matchweek 2,Sat,Home,W,2.0,0.0,Sunderland,2.0,9.0,1.0,11.1,0.222,2.0,,,Burnley,against
2025-08-23,11:00,76986,Premier League 25/26,25/26,Matchweek 2,Sat,Away,L,0.0,2.0,Burnley,0.0,7.0,2.0,28.6,0.0,0.0,,,Sunderland,against
2025-08-23,13:30,76986,Premier League 25/26,25/26,Matchweek 2,Sat,Home,W,5.0,0.0,Leeds United,5.0,3.0,1.0,33.3,1.667,5.0,,,Arsenal,against
2025-08-23,13:30,76986,Premier League 25/26,25/26,Matchweek 2,Sat,Away,L,0.0,5.0,Arsenal,0.0,18.0,5.0,27.8,0.0,0.0,,,Leeds United,against
2025-08-24,10:00,76986,Premier League 25/26,25/26,Matchweek 2,Sun,Home,W,2.0,0.0,Brighton,2.0,13.0,4.0,30.8,0.154,0.5,,,Everton,against
2025-08-24,10:00,76986,Premier League 25/26,25/26,Matchweek 2,Sun,Away,L,0.0,2.0,Everton,0.0,11.0,3.0,27.3,0.0,0.0,,,Brighton,against
2025-08-24,10:00,76986,Premier League 25/26,25/26,Matchweek 2,Sun,Home,D,1.0,1.0,Nottingham Forest,1.0,9.0,1.0,11.1,0.111,1.0,,,Crystal Palace,against
2025-08-24,10:00,76986,Premier League 25/26,25/26,Matchweek 2,Sun,Away,D,1.0,1.0,Crystal Palace,1.0,8.0,4.0,50.0,0.125,0.25,,,Nottingham Forest,against
2025-08-24,12:30,76986,Premier League 25/26,25/26,Matchweek 2,Sun,Home,D,1.0,1.0,Manchester Utd,1.0,10.0,3.0,30.0,0.1,0.333,,,Fulham,against
2025-08-24,12:30,76986,Premier League 25/26,25/26,Matchweek 2,Sun,Away,D,1.0,1.0,Fulham,1.0,13.0,4.0,30.8,0.077,0.25,,,Manchester Utd,against
2025-08-25,16:00,76986,Premier League 25/26,25/26,Matchweek 2,Mon,Home,L,2.0,3.0,Liverpool,2.0,5.0,4.0,80.0,0.4,0.5,,,Newcastle United,against
2025-08-25,16:00,76986,Premier League 25/26,25/26,Matchweek 2,Mon,Away,W,3.0,2.0,Newcastle United,3.0,10.0,3.0,30.0,0.3,1.0,,,Liverpool,against
2025-08-30,08:30,76986,Premier League 25/26,25/26,Matchweek 3,Sat,Home,W,2.0,0.0,Fulham,2.0,11.0,3.0,27.3,0.182,0.667,,,Chelsea,against
2025-08-30,08:30,76986,Premier League 25/26,25/26,Matchweek 3,Sat,Away,L,0.0,2.0,Chelsea,0.0,13.0,6.0,46.2,0.0,0.0,,,Fulham,against
2025-08-30,11:00,76986,Premier League 25/26,25/26,Matchweek 3,Sat,Home,W,3.0,2.0,Burnley,3.0,6.0,3.0,50.0,0.5,1.0,,,Manchester Utd,against
2025-08-30,11:00,76986,Premier League 25/26,25/26,Matchweek 3,Sat,Away,L,2.0,3.0,Manchester Utd,2.0,26.0,6.0,23.1,0.077,0.333,,,Burnley,against
2025-08-30,11:00,76986,Premier League 25/26,25/26,Matchweek 3,Sat,Home,L,0.0,1.0,Bournemouth,0.0,20.0,6.0,30.0,0.0,0.0,,,Tottenham Hotspur,against
2025-08-30,11:00,76986,Premier League 25/26,25/26,Matchweek 3,Sat,Away,W,1.0,0.0,Tottenham Hotspur,1.0,5.0,1.0,20.0,0.2,1.0,,,Bournemouth,against
2025-08-30,11:00,76986,Premier League 25/26,25/26,Matchweek 3,Sat,Home,L,2.0,3.0,Everton,2.0,10.0,4.0,40.0,0.2,0.5,,,Wolves,against
2025-08-30,11:00,76986,Premier League 25/26,25/26,Matchweek 3,Sat,Away,W,3.0,2.0,Wolves,3.0,12.0,4.0,33.3,0.25,0.75,,,Everton,against
2025-08-30,11:00,76986,Premier League 25/26,25/26,Matchweek 3,Sat,Home,W,2.0,1.0,Brentford,2.0,7.0,4.0,57.1,0.286,0.5,,,Sunderland,against
2025-08-30,11:00,76986,Premier League 25/26,25/26,Matchweek 3,Sat,Away,L,1.0,2.0,Sunderland,1.0,12.0,3.0,25.0,0.083,0.333,,,Brentford,against
2025-08-30,13:30,76986,Premier League 25/26,25/26,Matchweek 3,Sat,Home,D,0.0,0.0,Newcastle United,0.0,8.0,2.0,25.0,0.0,0.0,,,Leeds United,against
2025-08-30,13:30,76986,Premier League 25/26,25/26,Matchweek 3,Sat,Away,D,0.0,0.0,Leeds United,0.0,10.0,1.0,10.0,0.0,0.0,,,Newcastle United,against
2025-08-31,10:00,76986,Premier League 25/26,25/26,Matchweek 3,Sun,Home,W,2.0,1.0,Manchester City,2.0,12.0,3.0,25.0,0.167,0.667,,,Brighton,against
2025-08-31,10:00,76986,Premier League 25/26,25/26,Matchweek 3,Sun,Away,L,1.0,2.0,Brighton,1.0,12.0,7.0,58.3,0.083,0.143,,,Manchester City,against
2025-08-31,10:00,76986,Premier League 25/26,25/26,Matchweek 3,Sun,Home,L,0.0,3.0,West Ham United,0.0,12.0,8.0,66.7,0.0,0.0,,,Nottingham Forest,against
2025-08-31,10:00,76986,Premier League 25/26,25/26,Matchweek 3,Sun,Away,W,3.0,0.0,Nottingham Forest,3.0,11.0,3.0,27.3,0.273,1.0,,,West Ham United,against
2025-08-31,12:30,76986,Premier League 25/26,25/26,Matchweek 3,Sun,Home,W,1.0,0.0,Arsenal,1.0,11.0,1.0,9.1,0.091,1.0,,,Liverpool,against
2025-08-31,12:30,76986,Premier League 25/26,25/26,Matchweek 3,Sun,Away,L,0.0,1.0,Liverpool,0.0,9.0,3.0,33.3,0.0,0.0,,,Arsenal,against
2025-08-31,15:00,76986,Premier League 25/26,25/26,Matchweek 3,Sun,Home,L,0.0,3.0,Crystal Palace,0.0,6.0,4.0,66.7,0.0,0.0,,,Aston Villa,against
2025-08-31,15:00,76986,Premier League 25/26,25/26,Matchweek 3,Sun,Away,W,3.0,0.0,Aston Villa,3.0,13.0,4.0,30.8,0.231,0.75,,,Crystal Palace,against
2025-09-13,08:30,76986,Premier League 25/26,25/26,Matchweek 4,Sat,Home,W,3.0,0.0,Nottingham Forest,3.0,5.0,1.0,20.0,0.6,3.0,,,Arsenal,against
2025-09-13,08:30,76986,Premier League 25/26,25/26,Matchweek 4,Sat,Away,L,0.0,3.0,Arsenal,0.0,16.0,5.0,31.2,0.0,0.0,,,Nottingham Forest,against
2025-09-13,11:00,76986,Premier League 25/26,25/26,Matchweek 4,Sat,Home,D,0.0,0.0,Aston Villa,0.0,7.0,1.0,14.3,0.0,0.0,,,Everton,against
2025-09-13,11:00,76986,Premier League 25/26,25/26,Matchweek 4,Sat,Away,D,0.0,0.0,Everton,0.0,20.0,2.0,10.0,0.0,0.0,,,Aston Villa,against
2025-09-13,11:00,76986,Premier League 25/26,25/26,Matchweek 4,Sat,Home,W,1.0,0.0,Wolves,1.0,8.0,3.0,37.5,0.125,0.333,,,Newcastle United,against
2025-09-13,11:00,76986,Premier League 25/26,25/26,Matchweek 4,Sat,Away,L,0.0,1.0,Newcastle United,0.0,16.0,4.0,25.0,0.0,0.0,,,Wolves,against
2025-09-13,11:00,76986,Premier League 25/26,25/26,Matchweek 4,Sat,Home,W,2.0,1.0,Brighton,2.0,6.0,2.0,33.3,0.333,1.0,,,Bournemouth,against
2025-09-13,11:00,76986,Premier League 25/26,25/26,Matchweek 4,Sat,Away,L,1.0,2.0,Bournemouth,1.0,13.0,5.0,38.5,0.077,0.2,,,Brighton,against
2025-09-13,11:00,76986,Premier League 25/26,25/26,Matchweek 4,Sat,Home,D,0.0,0.0,Sunderland,0.0,6.0,0.0,0.0,0.0,,,,Crystal Palace,against
2025-09-13,11:00,76986,Premier League 25/26,25/26,Matchweek 4,Sat,Away,D,0.0,0.0,Crystal Palace,0.0,14.0,6.0,42.9,0.0,0.0,,,Sunderland,against
2025-09-13,11:00,76986,Premier League 25/26,25/26,Matchweek 4,Sat,Home,W,1.0,0.0,Leeds United,1.0,10.0,3.0,30.0,0.1,0.333,,,Fulham,against
2025-09-13,11:00,76986,Premier League 25/26,25/26,Matchweek 4,Sat,Away,L,0.0,1.0,Fulham,0.0,5.0,3.0,60.0,0.0,0.0,,,Leeds United,against
2025-09-13,13:30,76986,Premier League 25/26,25/26,Matchweek 4,Sat,Home,L,0.0,3.0,Tottenham Hotspur,0.0,14.0,5.0,35.7,0.0,0.0,,,West Ham United,against
2025-09-13,13:30,76986,Premier League 25/26,25/26,Matchweek 4,Sat,Away,W,3.0,0.0,West Ham United,3.0,7.0,4.0,57.1,0.429,0.75,,,Tottenham Hotspur,against
2025-09-13,16:00,76986,Premier League 25/26,25/26,Matchweek 4,Sat,Home,D,2.0,2.0,Chelsea,2.0,16.0,6.0,37.5,0.125,0.333,,,Brentford,against
2025-09-13,16:00,76986,Premier League 25/26,25/26,Matchweek 4,Sat,Away,D,2.0,2.0,Brentford,2.0,7.0,4.0,57.1,0.286,0.5,,,Chelsea,against
2025-09-14,10:00,76986,Premier League 25/26,25/26,Matchweek 4,Sun,Home,L,0.0,1.0,Liverpool,0.0,27.0,4.0,14.8,0.0,0.0,,,Burnley,against
2025-09-14,10:00,76986,Premier League 25/26,25/26,Matchweek 4,Sun,Away,W,1.0,0.0,Burnley,1.0,3.0,0.0,0.0,0.333,,,,Liverpool,against
2025-09-14,12:30,76986,Premier League 25/26,25/26,Matchweek 4,Sun,Home,W,3.0,0.0,Manchester Utd,3.0,12.0,2.0,16.7,0.25,1.5,,,Manchester City,against
2025-09-14,12:30,76986,Premier League 25/26,25/26,Matchweek 4,Sun,Away,L,0.0,3.0,Manchester City,0.0,13.0,6.0,46.2,0.0,0.0,,,Manchester Utd,against
2025-09-20,08:30,76986,Premier League 25/26,25/26,Matchweek 5,Sat,Home,W,2.0,1.0,Everton,2.0,9.0,2.0,22.2,0.222,1.0,,,Liverpool,against
2025-09-20,08:30,76986,Premier League 25/26,25/26,Matchweek 5,Sat,Away,L,1.0,2.0,Liverpool,1.0,11.0,3.0,27.3,0.091,0.333,,,Everton,against
2025-09-20,11:00,76986,Premier League 25/26,25/26,Matchweek 5,Sat,Home,D,2.0,2.0,Tottenham Hotspur,2.0,11.0,3.0,27.3,0.182,0.667,,,Brighton,against
2025-09-20,11:00,76986,Premier League 25/26,25/26,Matchweek 5,Sat,Away,D,2.0,2.0,Brighton,2.0,12.0,4.0,33.3,0.167,0.5,,,Tottenham Hotspur,against
2025-09-20,11:00,76986,Premier League 25/26,25/26,Matchweek 5,Sat,Home,L,1.0,2.0,Crystal Palace,1.0,18.0,3.0,16.7,0.056,0.333,,,West Ham United,against
2025-09-20,11:00,76986,Premier League 25/26,25/26,Matchweek 5,Sat,Away,W,2.0,1.0,West Ham United,2.0,8.0,3.0,37.5,0.25,0.667,,,Crystal Palace,against
2025-09-20,11:00,76986,Premier League 25/26,25/26,Matchweek 5,Sat,Home,D,1.0,1.0,Nottingham Forest,1.0,17.0,8.0,47.1,0.059,0.125,,,Burnley,against
2025-09-20,11:00,76986,Premier League 25/26,25/26,Matchweek 5,Sat,Away,D,1.0,1.0,Burnley,1.0,12.0,5.0,41.7,0.083,0.2,,,Nottingham Forest,against
2025-09-20,11:00,76986,Premier League 25/26,25/26,Matchweek 5,Sat,Home,L,1.0,3.0,Leeds United,1.0,6.0,4.0,66.7,0.167,0.25,,,Wolves,against
2025-09-20,11:00,76986,Premier League 25/26,25/26,Matchweek 5,Sat,Away,W,3.0,1.0,Wolves,3.0,16.0,6.0,37.5,0.188,0.5,,,Leeds United,against
2025-09-20,13:30,76986,Premier League 25/26,25/26,Matchweek 5,Sat,Home,W,2.0,1.0,Chelsea,2.0,5.0,1.0,20.0,0.4,2.0,,,Manchester Utd,against
2025-09-20,13:30,76986,Premier League 25/26,25/26,Matchweek 5,Sat,Away,L,1.0,2.0,Manchester Utd,1.0,11.0,4.0,36.4,0.091,0.25,,,Chelsea,against
2025-09-20,16:00,76986,Premier League 25/26,25/26,Matchweek 5,Sat,Home,W,3.0,1.0,Brentford,3.0,8.0,3.0,37.5,0.375,1.0,,,Fulham,against
2025-09-20,16:00,76986,Premier League 25/26,25/26,Matchweek 5,Sat,Away,L,1.0,3.0,Fulham,1.0,14.0,3.0,21.4,0.071,0.333,,,Brentford,against
2025-09-21,10:00,76986,Premier League 25/26,25/26,Matchweek 5,Sun,Home,D,0.0,0.0,Newcastle United,0.0,4.0,1.0,25.0,0.0,0.0,,,Bournemouth,against
2025-09-21,10:00,76986,Premier League 25/26,25/26,Matchweek 5,Sun,Away,D,0.0,0.0,Bournemouth,0.0,11.0,2.0,18.2,0.0,0.0,,,Newcastle United,against
2025-09-21,10:00,76986,Premier League 25/26,25/26,Matchweek 5,Sun,Home,D,1.0,1.0,Aston Villa,1.0,12.0,2.0,16.7,0.083,0.5,,,Sunderland,against
2025-09-21,10:00,76986,Premier League 25/26,25/26,Matchweek 5,Sun,Away,D,1.0,1.0,Sunderland,1.0,14.0,4.0,28.6,0.071,0.25,,,Aston Villa,against
2025-09-21,12:30,76986,Premier League 25/26,25/26,Matchweek 5,Sun,Home,D,1.0,1.0,Manchester City,1.0,5.0,3.0,60.0,0.2,0.333,,,Arsenal,against
2025-09-21,12:30,76986,Premier League 25/26,25/26,Matchweek 5,Sun,Away,D,1.0,1.0,Arsenal,1.0,12.0,3.0,25.0,0.083,0.333,,,Manchester City,against
2025-09-27,08:30,76986,Premier League 25/26,25/26,Matchweek 6,Sat,Home,W,3.0,1.0,Manchester Utd,3.0,14.0,6.0,42.9,0.214,0.5,,,Brentford,against
2025-09-27,08:30,76986,Premier League 25/26,25/26,Matchweek 6,Sat,Away,L,1.0,3.0,Brentford,1.0,10.0,8.0,80.0,0.1,0.125,,,Manchester Utd,against
2025-09-27,11:00,76986,Premier League 25/26,25/26,Matchweek 6,Sat,Home,W,5.0,1.0,Burnley,5.0,9.0,2.0,22.2,0.556,2.5,,,Manchester City,against
2025-09-27,11:00,76986,Premier League 25/26,25/26,Matchweek 6,Sat,Away,L,1.0,5.0,Manchester City,1.0,21.0,8.0,38.1,0.048,0.125,,,Burnley,against
2025-09-27,11:00,76986,Premier League 25/26,25/26,Matchweek 6,Sat,Home,W,2.0,1.0,Liverpool,2.0,20.0,4.0,20.0,0.1,0.5,,,Crystal Palace,against
2025-09-27,11:00,76986,Premier League 25/26,25/26,Matchweek 6,Sat,Away,L,1.0,2.0,Crystal Palace,1.0,16.0,7.0,43.8,0.062,0.143,,,Liverpool,against
2025-09-27,11:00,76986,Premier League 25/26,25/26,Matchweek 6,Sat,Home,L,1.0,3.0,Brighton,1.0,12.0,3.0,25.0,0.083,0.333,,,Chelsea,against
2025-09-27,11:00,76986,Premier League 25/26,25/26,Matchweek 6,Sat,Away,W,3.0,1.0,Chelsea,3.0,13.0,3.0,23.1,0.231,1.0,,,Brighton,against
2025-09-27,11:00,76986,Premier League 25/26,25/26,Matchweek 6,Sat,Home,D,2.0,2.0,Bournemouth,2.0,12.0,5.0,41.7,0.167,0.4,,,Leeds United,against
2025-09-27,11:00,76986,Premier League 25/26,25/26,Matchweek 6,Sat,Away,D,2.0,2.0,Leeds United,2.0,19.0,8.0,42.1,0.105,0.25,,,Bournemouth,against
2025-09-27,13:30,76986,Premier League 25/26,25/26,Matchweek 6,Sat,Home,L,0.0,1.0,Sunderland,0.0,11.0,3.0,27.3,0.0,0.0,,,Nottingham Forest,against
2025-09-27,13:30,76986,Premier League 25/26,25/26,Matchweek 6,Sat,Away,W,1.0,0.0,Nottingham Forest,1.0,22.0,6.0,27.3,0.045,0.167,,,Sunderland,against
2025-09-27,16:00,76986,Premier League 25/26,25/26,Matchweek 6,Sat,Home,D,1.0,1.0,Wolves,1.0,9.0,3.0,33.3,0.111,0.333,,,Tottenham Hotspur,against
2025-09-27,16:00,76986,Premier League 25/26,25/26,Matchweek 6,Sat,Away,D,1.0,1.0,Tottenham Hotspur,1.0,10.0,3.0,30.0,0.1,0.333,,,Wolves,against
2025-09-28,10:00,76986,Premier League 25/26,25/26,Matchweek 6,Sun,Home,W,3.0,1.0,Fulham,3.0,11.0,4.0,36.4,0.273,0.75,,,Aston Villa,against
2025-09-28,10:00,76986,Premier League 25/26,25/26,Matchweek 6,Sun,Away,L,1.0,3.0,Aston Villa,1.0,9.0,4.0,44.4,0.111,0.25,,,Fulham,against
2025-09-28,12:30,76986,Premier League 25/26,25/26,Matchweek 6,Sun,Home,L,1.0,2.0,Arsenal,1.0,20.0,7.0,35.0,0.05,0.143,,,Newcastle United,against
2025-09-28,12:30,76986,Premier League 25/26,25/26,Matchweek 6,Sun,Away,W,2.0,1.0,Newcastle United,2.0,8.0,3.0,37.5,0.25,0.667,,,Arsenal,against
2025-09-29,16:00,76986,Premier League 25/26,25/26,Matchweek 6,Mon,Home,D,1.0,1.0,West Ham United,1.0,14.0,3.0,21.4,0.071,0.333,,,Everton,against
2025-09-29,16:00,76986,Premier League 25/26,25/26,Matchweek 6,Mon,Away,D,1.0,1.0,Everton,1.0,12.0,6.0,50.0,0.083,0.167,,,West Ham United,against
2025-10-03,16:00,76986,Premier League 25/26,25/26,Matchweek 7,Fri,Home,W,3.0,1.0,Fulham,3.0,12.0,4.0,33.3,0.25,0.75,,,Bournemouth,against
2025-10-03,16:00,76986,Premier League 25/26,25/26,Matchweek 7,Fri,Away,L,1.0,3.0,Bournemouth,1.0,11.0,6.0,54.5,0.091,0.167,,,Fulham,against
2025-10-04,08:30,76986,Premier League 25/26,25/26,Matchweek 7,Sat,Home,L,1.0,2.0,Tottenham Hotspur,1.0,9.0,3.0,33.3,0.111,0.333,,,Leeds United,against
2025-10-04,08:30,76986,Premier League 25/26,25/26,Matchweek 7,Sat,Away,W,2.0,1.0,Leeds United,2.0,16.0,4.0,25.0,0.125,0.5,,,Tottenham Hotspur,against
2025-10-04,11:00,76986,Premier League 25/26,25/26,Matchweek 7,Sat,Home,W,2.0,0.0,Sunderland,2.0,8.0,3.0,37.5,0.25,0.667,,,Manchester Utd,against
2025-10-04,11:00,76986,Premier League 25/26,25/26,Matchweek 7,Sat,Away,L,0.0,2.0,Manchester Utd,0.0,15.0,6.0,40.0,0.0,0.0,,,Sunderland,against
2025-10-04,11:00,76986,Premier League 25/26,25/26,Matchweek 7,Sat,Home,W,2.0,0.0,West Ham United,2.0,4.0,0.0,0.0,0.5,,,,Arsenal,against
2025-10-04,11:00,76986,Premier League 25/26,25/26,Matchweek 7,Sat,Away,L,0.0,2.0,Arsenal,0.0,21.0,5.0,23.8,0.0,0.0,,,West Ham United,against
2025-10-04,13:30,76986,Premier League 25/26,25/26,Matchweek 7,Sat,Home,W,2.0,1.0,Liverpool,2.0,12.0,2.0,16.7,0.167,1.0,,,Chelsea,against
2025-10-04,13:30,76986,Premier League 25/26,25/26,Matchweek 7,Sat,Away,L,1.0,2.0,Chelsea,1.0,12.0,6.0,50.0,0.083,0.167,,,Liverpool,against
2025-10-05,10:00,76986,Premier League 25/26,25/26,Matchweek 7,Sun,Home,W,2.0,0.0,Nottingham Forest,2.0,5.0,4.0,80.0,0.4,0.5,,,Newcastle United,against
2025-10-05,10:00,76986,Premier League 25/26,25/26,Matchweek 7,Sun,Away,L,0.0,2.0,Newcastle United,0.0,18.0,9.0,50.0,0.0,0.0,,,Nottingham Forest,against
2025-10-05,10:00,76986,Premier League 25/26,25/26,Matchweek 7,Sun,Home,W,2.0,1.0,Burnley,2.0,5.0,2.0,40.0,0.4,1.0,,,Aston Villa,against
2025-10-05,10:00,76986,Premier League 25/26,25/26,Matchweek 7,Sun,Away,L,1.0,2.0,Aston Villa,1.0,15.0,7.0,46.7,0.067,0.143,,,Burnley,against
2025-10-05,10:00,76986,Premier League 25/26,25/26,Matchweek 7,Sun,Home,D,1.0,1.0,Brighton,1.0,17.0,6.0,35.3,0.059,0.167,,,Wolves,against
2025-10-05,10:00,76986,Premier League 25/26,25/26,Matchweek 7,Sun,Away,D,1.0,1.0,Wolves,1.0,6.0,3.0,50.0,0.167,0.333,,,Brighton,against
2025-10-05,10:00,76986,Premier League 25/26,25/26,Matchweek 7,Sun,Home,W,2.0,1.0,Crystal Palace,2.0,15.0,8.0,53.3,0.133,0.25,,,Everton,against
2025-10-05,10:00,76986,Premier League 25/26,25/26,Matchweek 7,Sun,Away,L,1.0,2.0,Everton,1.0,14.0,7.0,50.0,0.071,0.143,,,Crystal Palace,against
2025-10-05,12:30,76986,Premier League 25/26,25/26,Matchweek 7,Sun,Home,L,0.0,1.0,Manchester City,0.0,10.0,4.0,40.0,0.0,0.0,,,Brentford,against
2025-10-05,12:30,76986,Premier League 25/26,25/26,Matchweek 7,Sun,Away,W,1.0,0.0,Brentford,1.0,6.0,1.0,16.7,0.167,1.0,,,Manchester City,against
2025-10-18,08:30,76986,Premier League 25/26,25/26,Matchweek 8,Sat,Home,L,0.0,3.0,Chelsea,0.0,17.0,6.0,35.3,0.0,0.0,,,Nottingham Forest,against
2025-10-18,08:30,76986,Premier League 25/26,25/26,Matchweek 8,Sat,Away,W,3.0,0.0,Nottingham Forest,3.0,12.0,2.0,16.7,0.25,1.5,,,Chelsea,against
2025-10-18,11:00,76986,Premier League 25/26,25/26,Matchweek 8,Sat,Home,W,2.0,0.0,Everton,2.0,5.0,1.0,20.0,0.4,2.0,,,Manchester City,against
2025-10-18,11:00,76986,Premier League 25/26,25/26,Matchweek 8,Sat,Away,L,0.0,2.0,Manchester City,0.0,19.0,7.0,36.8,0.0,0.0,,,Everton,against
2025-10-18,11:00,76986,Premier League 25/26,25/26,Matchweek 8,Sat,Home,W,2.0,1.0,Newcastle United,2.0,16.0,3.0,18.8,0.125,0.667,,,Brighton,against
2025-10-18,11:00,76986,Premier League 25/26,25/26,Matchweek 8,Sat,Away,L,1.0,2.0,Brighton,1.0,13.0,5.0,38.5,0.077,0.2,,,Newcastle United,against
2025-10-18,11:00,76986,Premier League 25/26,25/26,Matchweek 8,Sat,Home,D,3.0,3.0,Bournemouth,3.0,8.0,5.0,62.5,0.375,0.6,,,Crystal Palace,against
2025-10-18,11:00,76986,Premier League 25/26,25/26,Matchweek 8,Sat,Away,D,3.0,3.0,Crystal Palace,3.0,20.0,7.0,35.0,0.15,0.429,,,Bournemouth,against
2025-10-18,11:00,76986,Premier League 25/26,25/26,Matchweek 8,Sat,Home,W,2.0,0.0,Wolves,2.0,16.0,3.0,18.8,0.125,0.667,,,Sunderland,against
2025-10-18,11:00,76986,Premier League 25/26,25/26,Matchweek 8,Sat,Away,L,0.0,2.0,Sunderland,0.0,8.0,2.0,25.0,0.0,0.0,,,Wolves,against
2025-10-18,11:00,76986,Premier League 25/26,25/26,Matchweek 8,Sat,Home,W,2.0,0.0,Leeds United,2.0,19.0,4.0,21.1,0.105,0.5,,,Burnley,against
2025-10-18,11:00,76986,Premier League 25/26,25/26,Matchweek 8,Sat,Away,L,0.0,2.0,Burnley,0.0,4.0,3.0,75.0,0.0,0.0,,,Leeds United,against
2025-10-18,13:30,76986,Premier League 25/26,25/26,Matchweek 8,Sat,Home,L,0.0,1.0,Arsenal,0.0,16.0,5.0,31.2,0.0,0.0,,,Fulham,against
2025-10-18,13:30,76986,Premier League 25/26,25/26,Matchweek 8,Sat,Away,W,1.0,0.0,Fulham,1.0,9.0,0.0,0.0,0.111,,,,Arsenal,against
2025-10-19,10:00,76986,Premier League 25/26,25/26,Matchweek 8,Sun,Home,L,1.0,2.0,Aston Villa,1.0,8.0,2.0,25.0,0.125,0.5,,,Tottenham Hotspur,against
2025-10-19,10:00,76986,Premier League 25/26,25/26,Matchweek 8,Sun,Away,W,2.0,1.0,Tottenham Hotspur,2.0,10.0,3.0,30.0,0.2,0.667,,,Aston Villa,against
2025-10-19,12:30,76986,Premier League 25/26,25/26,Matchweek 8,Sun,Home,L,1.0,2.0,Manchester Utd,1.0,12.0,4.0,33.3,0.083,0.25,,,Liverpool,against
2025-10-19,12:30,76986,Premier League 25/26,25/26,Matchweek 8,Sun,Away,W,2.0,1.0,Liverpool,2.0,19.0,6.0,31.6,0.105,0.333,,,Manchester Utd,against
2025-10-20,16:00,76986,Premier League 25/26,25/26,Matchweek 8,Mon,Home,L,0.0,2.0,Brentford,0.0,22.0,7.0,31.8,0.0,0.0,,,West Ham United,against
2025-10-20,16:00,76986,Premier League 25/26,25/26,Matchweek 8,Mon,Away,W,2.0,0.0,West Ham United,2.0,7.0,1.0,14.3,0.286,2.0,,,Brentford,against
2025-10-24,16:00,76986,Premier League 25/26,25/26,Matchweek 9,Fri,Home,W,2.0,1.0,West Ham United,2.0,9.0,3.0,33.3,0.222,0.667,,,Leeds United,against
2025-10-24,16:00,76986,Premier League 25/26,25/26,Matchweek 9,Fri,Away,L,1.0,2.0,Leeds United,1.0,13.0,5.0,38.5,0.077,0.2,,,West Ham United,against
2025-10-25,11:00,76986,Premier League 25/26,25/26,Matchweek 9,Sat,Home,L,1.0,2.0,Sunderland,1.0,10.0,4.0,40.0,0.1,0.25,,,Chelsea,against
2025-10-25,11:00,76986,Premier League 25/26,25/26,Matchweek 9,Sat,Away,W,2.0,1.0,Chelsea,2.0,16.0,7.0,43.8,0.125,0.286,,,Sunderland,against
2025-10-25,11:00,76986,Premier League 25/26,25/26,Matchweek 9,Sat,Home,W,2.0,1.0,Fulham,2.0,12.0,5.0,41.7,0.167,0.4,,,Newcastle United,against
2025-10-25,11:00,76986,Premier League 25/26,25/26,Matchweek 9,Sat,Away,L,1.0,2.0,Newcastle United,1.0,18.0,7.0,38.9,0.056,0.143,,,Fulham,against
2025-10-25,13:30,76986,Premier League 25/26,25/26,Matchweek 9,Sat,Home,W,4.0,2.0,Brighton,4.0,17.0,5.0,29.4,0.235,0.8,,,Manchester Utd,against
2025-10-25,13:30,76986,Premier League 25/26,25/26,Matchweek 9,Sat,Away,L,2.0,4.0,Manchester Utd,2.0,13.0,9.0,69.2,0.154,0.222,,,Brighton,against
2025-10-25,16:00,76986,Premier League 25/26,25/26,Matchweek 9,Sat,Home,W,3.0,2.0,Liverpool,3.0,18.0,5.0,27.8,0.167,0.6,,,Brentford,against
2025-10-25,16:00,76986,Premier League 25/26,25/26,Matchweek 9,Sat,Away,L,2.0,3.0,Brentford,2.0,17.0,8.0,47.1,0.118,0.25,,,Liverpool,against
2025-10-26,11:00,76986,Premier League 25/26,25/26,Matchweek 9,Sun,Home,W,1.0,0.0,Manchester City,1.0,18.0,4.0,22.2,0.056,0.25,,,Aston Villa,against
2025-10-26,11:00,76986,Premier League 25/26,25/26,Matchweek 9,Sun,Away,L,0.0,1.0,Aston Villa,0.0,9.0,3.0,33.3,0.0,0.0,,,Manchester City,against
2025-10-26,11:00,76986,Premier League 25/26,25/26,Matchweek 9,Sun,Home,W,1.0,0.0,Crystal Palace,1.0,7.0,1.0,14.3,0.143,1.0,,,Arsenal,against
2025-10-26,11:00,76986,Premier League 25/26,25/26,Matchweek 9,Sun,Away,L,0.0,1.0,Arsenal,0.0,10.0,3.0,30.0,0.0,0.0,,,Crystal Palace,against
2025-10-26,11:00,76986,Premier League 25/26,25/26,Matchweek 9,Sun,Home,W,2.0,0.0,Nottingham Forest,2.0,8.0,4.0,50.0,0.25,0.5,,,Bournemouth,against
2025-10-26,11:00,76986,Premier League 25/26,25/26,Matchweek 9,Sun,Away,L,0.0,2.0,Bournemouth,0.0,13.0,5.0,38.5,0.0,0.0,,,Nottingham Forest,against
2025-10-26,11:00,76986,Premier League 25/26,25/26,Matchweek 9,Sun,Home,L,2.0,3.0,Burnley,2.0,11.0,7.0,63.6,0.182,0.286,,,Wolves,against
2025-10-26,11:00,76986,Premier League 25/26,25/26,Matchweek 9,Sun,Away,W,3.0,2.0,Wolves,3.0,15.0,7.0,46.7,0.2,0.429,,,Burnley,against
2025-10-26,13:30,76986,Premier League 25/26,25/26,Matchweek 9,Sun,Home,L,0.0,3.0,Tottenham Hotspur,0.0,7.0,4.0,57.1,0.0,0.0,,,Everton,against
2025-10-26,13:30,76986,Premier League 25/26,25/26,Matchweek 9,Sun,Away,W,3.0,0.0,Everton,3.0,12.0,2.0,16.7,0.25,1.5,,,Tottenham Hotspur,against
2025-11-01,12:00,76986,Premier League 25/26,25/26,Matchweek 10,Sat,Home,D,2.0,2.0,Manchester Utd,2.0,18.0,7.0,38.9,0.111,0.286,,,Nottingham Forest,against
2025-11-01,12:00,76986,Premier League 25/26,25/26,Matchweek 10,Sat,Away,D,2.0,2.0,Nottingham Forest,2.0,17.0,3.0,17.6,0.118,0.667,,,Manchester Utd,against
2025-11-01,12:00,76986,Premier League 25/26,25/26,Matchweek 10,Sat,Home,L,0.0,2.0,Arsenal,0.0,12.0,8.0,66.7,0.0,0.0,,,Burnley,against
2025-11-01,12:00,76986,Premier League 25/26,25/26,Matchweek 10,Sat,Away,W,2.0,0.0,Burnley,2.0,3.0,0.0,0.0,0.667,,,,Arsenal,against
2025-11-01,12:00,76986,Premier League 25/26,25/26,Matchweek 10,Sat,Home,W,3.0,0.0,Leeds United,3.0,5.0,2.0,40.0,0.6,1.5,,,Brighton,against
2025-11-01,12:00,76986,Premier League 25/26,25/26,Matchweek 10,Sat,Away,L,0.0,3.0,Brighton,0.0,14.0,7.0,50.0,0.0,0.0,,,Leeds United,against
2025-11-01,12:00,76986,Premier League 25/26,25/26,Matchweek 10,Sat,Home,W,2.0,0.0,Brentford,2.0,6.0,2.0,33.3,0.333,1.0,,,Crystal Palace,against
2025-11-01,12:00,76986,Premier League 25/26,25/26,Matchweek 10,Sat,Away,L,0.0,2.0,Crystal Palace,0.0,10.0,3.0,30.0,0.0,0.0,,,Brentford,against
2025-11-01,12:00,76986,Premier League 25/26,25/26,Matchweek 10,Sat,Home,W,3.0,0.0,Wolves,3.0,5.0,2.0,40.0,0.6,1.5,,,Fulham,against
2025-11-01,12:00,76986,Premier League 25/26,25/26,Matchweek 10,Sat,Away,L,0.0,3.0,Fulham,0.0,19.0,6.0,31.6,0.0,0.0,,,Wolves,against
2025-11-01,14:30,76986,Premier League 25/26,25/26,Matchweek 10,Sat,Home,L,0.0,1.0,Chelsea,0.0,15.0,9.0,60.0,0.0,0.0,,,Tottenham Hotspur,against
2025-11-01,14:30,76986,Premier League 25/26,25/26,Matchweek 10,Sat,Away,W,1.0,0.0,Tottenham Hotspur,1.0,3.0,1.0,33.3,0.333,1.0,,,Chelsea,against
2025-11-01,17:00,76986,Premier League 25/26,25/26,Matchweek 10,Sat,Home,W,2.0,0.0,Aston Villa,2.0,10.0,3.0,30.0,0.2,0.667,,,Liverpool,against
2025-11-01,17:00,76986,Premier League 25/26,25/26,Matchweek 10,Sat,Away,L,0.0,2.0,Liverpool,0.0,16.0,4.0,25.0,0.0,0.0,,,Aston Villa,against
2025-11-02,11:00,76986,Premier League 25/26,25/26,Matchweek 10,Sun,Home,W,3.0,1.0,Newcastle United,3.0,12.0,4.0,33.3,0.25,0.75,,,West Ham United,against
2025-11-02,11:00,76986,Premier League 25/26,25/26,Matchweek 10,Sun,Away,L,1.0,3.0,West Ham United,1.0,15.0,9.0,60.0,0.067,0.111,,,Newcastle United,against
2025-11-02,13:30,76986,Premier League 25/26,25/26,Matchweek 10,Sun,Home,W,3.0,1.0,Bournemouth,3.0,8.0,5.0,62.5,0.375,0.6,,,Manchester City,against
2025-11-02,13:30,76986,Premier League 25/26,25/26,Matchweek 10,Sun,Away,L,1.0,3.0,Manchester City,1.0,15.0,8.0,53.3,0.067,0.125,,,Bournemouth,against
2025-11-03,17:00,76986,Premier League 25/26,25/26,Matchweek 10,Mon,Home,D,1.0,1.0,Everton,1.0,8.0,2.0,25.0,0.125,0.5,,,Sunderland,against
2025-11-03,17:00,76986,Premier League 25/26,25/26,Matchweek 10,Mon,Away,D,1.0,1.0,Sunderland,1.0,17.0,3.0,17.6,0.059,0.333,,,Everton,against
2025-11-08,09:30,76986,Premier League 25/26,25/26,Matchweek 11,Sat,Home,D,2.0,2.0,Manchester Utd,2.0,5.0,2.0,40.0,0.4,1.0,,,Tottenham Hotspur,against
2025-11-08,09:30,76986,Premier League 25/26,25/26,Matchweek 11,Sat,Away,D,2.0,2.0,Tottenham Hotspur,2.0,10.0,4.0,40.0,0.2,0.5,,,Manchester Utd,against
2025-11-08,12:00,76986,Premier League 25/26,25/26,Matchweek 11,Sat,Home,W,3.0,2.0,Burnley,3.0,16.0,7.0,43.8,0.188,0.429,,,West Ham United,against
2025-11-08,12:00,76986,Premier League 25/26,25/26,Matchweek 11,Sat,Away,L,2.0,3.0,West Ham United,2.0,15.0,6.0,40.0,0.133,0.333,,,Burnley,against
2025-11-08,12:00,76986,Premier League 25/26,25/26,Matchweek 11,Sat,Home,W,2.0,0.0,Fulham,2.0,8.0,4.0,50.0,0.25,0.5,,,Everton,against
2025-11-08,12:00,76986,Premier League 25/26,25/26,Matchweek 11,Sat,Away,L,0.0,2.0,Everton,0.0,14.0,5.0,35.7,0.0,0.0,,,Fulham,against
2025-11-08,14:30,76986,Premier League 25/26,25/26,Matchweek 11,Sat,Home,D,2.0,2.0,Arsenal,2.0,17.0,7.0,41.2,0.118,0.286,,,Sunderland,against
2025-11-08,14:30,76986,Premier League 25/26,25/26,Matchweek 11,Sat,Away,D,2.0,2.0,Sunderland,2.0,6.0,2.0,33.3,0.333,1.0,,,Arsenal,against
2025-11-08,17:00,76986,Premier League 25/26,25/26,Matchweek 11,Sat,Home,W,3.0,0.0,Wolves,3.0,3.0,0.0,0.0,1.0,,,,Chelsea,against
2025-11-08,17:00,76986,Premier League 25/26,25/26,Matchweek 11,Sat,Away,L,0.0,3.0,Chelsea,0.0,20.0,8.0,40.0,0.0,0.0,,,Wolves,against
2025-11-09,11:00,76986,Premier League 25/26,25/26,Matchweek 11,Sun,Home,W,3.0,1.0,Newcastle United,3.0,5.0,1.0,20.0,0.6,3.0,,,Brentford,against
2025-11-09,11:00,76986,Premier League 25/26,25/26,Matchweek 11,Sun,Away,L,1.0,3.0,Brentford,1.0,15.0,7.0,46.7,0.067,0.143,,,Newcastle United,against
2025-11-09,11:00,76986,Premier League 25/26,25/26,Matchweek 11,Sun,Home,W,4.0,0.0,Bournemouth,4.0,12.0,3.0,25.0,0.333,1.333,,,Aston Villa,against
2025-11-09,11:00,76986,Premier League 25/26,25/26,Matchweek 11,Sun,Away,L,0.0,4.0,Aston Villa,0.0,16.0,8.0,50.0,0.0,0.0,,,Bournemouth,against
2025-11-09,11:00,76986,Premier League 25/26,25/26,Matchweek 11,Sun,Home,D,0.0,0.0,Brighton,0.0,7.0,3.0,42.9,0.0,0.0,,,Crystal Palace,against
2025-11-09,11:00,76986,Premier League 25/26,25/26,Matchweek 11,Sun,Away,D,0.0,0.0,Crystal Palace,0.0,10.0,2.0,20.0,0.0,0.0,,,Brighton,against
2025-11-09,11:00,76986,Premier League 25/26,25/26,Matchweek 11,Sun,Home,W,3.0,1.0,Leeds United,3.0,10.0,3.0,30.0,0.3,1.0,,,Nottingham Forest,against
2025-11-09,11:00,76986,Premier League 25/26,25/26,Matchweek 11,Sun,Away,L,1.0,3.0,Nottingham Forest,1.0,14.0,6.0,42.9,0.071,0.167,,,Leeds United,against
2025-11-09,13:30,76986,Premier League 25/26,25/26,Matchweek 11,Sun,Home,W,3.0,0.0,Liverpool,3.0,7.0,1.0,14.3,0.429,3.0,,,Manchester City,against
2025-11-09,13:30,76986,Premier League 25/26,25/26,Matchweek 11,Sun,Away,L,0.0,3.0,Manchester City,0.0,14.0,6.0,42.9,0.0,0.0,,,Liverpool,against
2025-11-22,09:30,76986,Premier League 25/26,25/26,Matchweek 12,Sat,Home,L,0.0,2.0,Chelsea,0.0,15.0,5.0,33.3,0.0,0.0,,,Burnley,against
2025-11-22,09:30,76986,Premier League 25/26,25/26,Matchweek 12,Sat,Away,W,2.0,0.0,Burnley,2.0,8.0,2.0,25.0,0.25,1.0,,,Chelsea,against
2025-11-22,12:00,76986,Premier League 25/26,25/26,Matchweek 12,Sat,Home,L,0.0,3.0,Nottingham Forest,0.0,15.0,7.0,46.7,0.0,0.0,,,Liverpool,against
2025-11-22,12:00,76986,Premier League 25/26,25/26,Matchweek 12,Sat,Away,W,3.0,0.0,Liverpool,3.0,21.0,4.0,19.0,0.143,0.75,,,Nottingham Forest,against
2025-11-22,12:00,76986,Premier League 25/26,25/26,Matchweek 12,Sat,Home,D,2.0,2.0,West Ham United,2.0,5.0,2.0,40.0,0.4,1.0,,,Bournemouth,against
2025-11-22,12:00,76986,Premier League 25/26,25/26,Matchweek 12,Sat,Away,D,2.0,2.0,Bournemouth,2.0,28.0,10.0,35.7,0.071,0.2,,,West Ham United,against
2025-11-22,12:00,76986,Premier League 25/26,25/26,Matchweek 12,Sat,Home,W,2.0,1.0,Brentford,2.0,10.0,4.0,40.0,0.2,0.5,,,Brighton,against
2025-11-22,12:00,76986,Premier League 25/26,25/26,Matchweek 12,Sat,Away,L,1.0,2.0,Brighton,1.0,14.0,5.0,35.7,0.071,0.2,,,Brentford,against
2025-11-22,12:00,76986,Premier League 25/26,25/26,Matchweek 12,Sat,Home,L,0.0,2.0,Crystal Palace,0.0,10.0,4.0,40.0,0.0,0.0,,,Wolves,against
2025-11-22,12:00,76986,Premier League 25/26,25/26,Matchweek 12,Sat,Away,W,2.0,0.0,Wolves,2.0,8.0,1.0,12.5,0.25,2.0,,,Crystal Palace,against
2025-11-22,12:00,76986,Premier League 25/26,25/26,Matchweek 12,Sat,Home,W,1.0,0.0,Sunderland,1.0,4.0,2.0,50.0,0.25,0.5,,,Fulham,against
2025-11-22,12:00,76986,Premier League 25/26,25/26,Matchweek 12,Sat,Away,L,0.0,1.0,Fulham,0.0,24.0,6.0,25.0,0.0,0.0,,,Sunderland,against
2025-11-22,14:30,76986,Premier League 25/26,25/26,Matchweek 12,Sat,Home,W,2.0,1.0,Manchester City,2.0,17.0,4.0,23.5,0.118,0.5,,,Newcastle United,against
2025-11-22,14:30,76986,Premier League 25/26,25/26,Matchweek 12,Sat,Away,L,1.0,2.0,Newcastle United,1.0,9.0,5.0,55.6,0.111,0.2,,,Manchester City,against
2025-11-23,11:00,76986,Premier League 25/26,25/26,Matchweek 12,Sun,Home,L,1.0,2.0,Aston Villa,1.0,14.0,3.0,21.4,0.071,0.333,,,Leeds United,against
2025-11-23,11:00,76986,Premier League 25/26,25/26,Matchweek 12,Sun,Away,W,2.0,1.0,Leeds United,2.0,14.0,5.0,35.7,0.143,0.4,,,Aston Villa,against
2025-11-23,13:30,76986,Premier League 25/26,25/26,Matchweek 12,Sun,Home,W,4.0,1.0,Tottenham Hotspur,4.0,3.0,2.0,66.7,1.333,2.0,,,Arsenal,against
2025-11-23,13:30,76986,Premier League 25/26,25/26,Matchweek 12,Sun,Away,L,1.0,4.0,Arsenal,1.0,17.0,8.0,47.1,0.059,0.125,,,Tottenham Hotspur,against
2025-11-24,17:00,76986,Premier League 25/26,25/26,Matchweek 12,Mon,Home,L,0.0,1.0,Everton,0.0,3.0,1.0,33.3,0.0,0.0,,,Manchester Utd,against
2025-11-24,17:00,76986,Premier League 25/26,25/26,Matchweek 12,Mon,Away,W,1.0,0.0,Manchester Utd,1.0,25.0,6.0,24.0,0.04,0.167,,,Everton,against
2025-11-29,12:00,76986,Premier League 25/26,25/26,Matchweek 13,Sat,Home,W,3.0,2.0,Leeds United,3.0,9.0,4.0,44.4,0.333,0.75,,,Manchester City,against
2025-11-29,12:00,76986,Premier League 25/26,25/26,Matchweek 13,Sat,Away,L,2.0,3.0,Manchester City,2.0,18.0,9.0,50.0,0.111,0.222,,,Leeds United,against
2025-11-29,12:00,76986,Premier League 25/26,25/26,Matchweek 13,Sat,Home,W,3.0,2.0,Bournemouth,3.0,18.0,6.0,33.3,0.167,0.5,,,Sunderland,against
2025-11-29,12:00,76986,Premier League 25/26,25/26,Matchweek 13,Sat,Away,L,2.0,3.0,Sunderland,2.0,12.0,6.0,50.0,0.167,0.333,,,Bournemouth,against
2025-11-29,12:00,76986,Premier League 25/26,25/26,Matchweek 13,Sat,Home,W,3.0,1.0,Burnley,3.0,6.0,2.0,33.3,0.5,1.5,,,Brentford,against
2025-11-29,12:00,76986,Premier League 25/26,25/26,Matchweek 13,Sat,Away,L,1.0,3.0,Brentford,1.0,14.0,4.0,28.6,0.071,0.25,,,Burnley,against
2025-11-29,14:30,76986,Premier League 25/26,25/26,Matchweek 13,Sat,Home,L,1.0,4.0,Newcastle United,1.0,13.0,8.0,61.5,0.077,0.125,,,Everton,against
2025-11-29,14:30,76986,Premier League 25/26,25/26,Matchweek 13,Sat,Away,W,4.0,1.0,Everton,4.0,10.0,2.0,20.0,0.4,2.0,,,Newcastle United,against
2025-11-29,17:00,76986,Premier League 25/26,25/26,Matchweek 13,Sat,Home,L,1.0,2.0,Fulham,1.0,7.0,3.0,42.9,0.143,0.333,,,Tottenham Hotspur,against
2025-11-29,17:00,76986,Premier League 25/26,25/26,Matchweek 13,Sat,Away,W,2.0,1.0,Tottenham Hotspur,2.0,14.0,2.0,14.3,0.143,1.0,,,Fulham,against
2025-11-30,09:00,76986,Premier League 25/26,25/26,Matchweek 13,Sun,Home,L,1.0,2.0,Manchester Utd,1.0,14.0,6.0,42.9,0.071,0.167,,,Crystal Palace,against
2025-11-30,09:00,76986,Premier League 25/26,25/26,Matchweek 13,Sun,Away,W,2.0,1.0,Crystal Palace,2.0,14.0,3.0,21.4,0.143,0.667,,,Manchester Utd,against
2025-11-30,11:05,76986,Premier League 25/26,25/26,Matchweek 13,Sun,Home,L,0.0,2.0,Liverpool,0.0,9.0,5.0,55.6,0.0,0.0,,,West Ham United,against
2025-11-30,11:05,76986,Premier League 25/26,25/26,Matchweek 13,Sun,Away,W,2.0,0.0,West Ham United,2.0,7.0,0.0,0.0,0.286,,,,Liverpool,against
2025-11-30,11:05,76986,Premier League 25/26,25/26,Matchweek 13,Sun,Home,W,1.0,0.0,Wolves,1.0,9.0,4.0,44.4,0.111,0.25,,,Aston Villa,against
2025-11-30,11:05,76986,Premier League 25/26,25/26,Matchweek 13,Sun,Away,L,0.0,1.0,Aston Villa,0.0,16.0,6.0,37.5,0.0,0.0,,,Wolves,against
2025-11-30,11:05,76986,Premier League 25/26,25/26,Matchweek 13,Sun,Home,L,0.0,2.0,Brighton,0.0,17.0,6.0,35.3,0.0,0.0,,,Nottingham Forest,against
2025-11-30,11:05,76986,Premier League 25/26,25/26,Matchweek 13,Sun,Away,W,2.0,0.0,Nottingham Forest,2.0,19.0,3.0,15.8,0.105,0.667,,,Brighton,against
2025-11-30,13:30,76986,Premier League 25/26,25/26,Matchweek 13,Sun,Home,D,1.0,1.0,Arsenal,1.0,8.0,4.0,50.0,0.125,0.25,,,Chelsea,against
2025-11-30,13:30,76986,Premier League 25/26,25/26,Matchweek 13,Sun,Away,D,1.0,1.0,Chelsea,1.0,11.0,4.0,36.4,0.091,0.25,,,Arsenal,against
2025-12-02,16:30,76986,Premier League 25/26,25/26,Matchweek 14,Tue,Home,L,4.0,5.0,Manchester City,4.0,11.0,4.0,36.4,0.364,1.0,,,Fulham,against
2025-12-02,16:30,76986,Premier League 25/26,25/26,Matchweek 14,Tue,Away,W,5.0,4.0,Fulham,5.0,12.0,6.0,50.0,0.417,0.833,,,Manchester City,against
2025-12-02,16:30,76986,Premier League 25/26,25/26,Matchweek 14,Tue,Home,L,0.0,1.0,Everton,0.0,13.0,3.0,23.1,0.0,0.0,,,Bournemouth,against
2025-12-02,16:30,76986,Premier League 25/26,25/26,Matchweek 14,Tue,Away,W,1.0,0.0,Bournemouth,1.0,5.0,2.0,40.0,0.2,0.5,,,Everton,against
2025-12-02,17:15,76986,Premier League 25/26,25/26,Matchweek 14,Tue,Home,D,2.0,2.0,Tottenham Hotspur,2.0,8.0,2.0,25.0,0.25,1.0,,,Newcastle United,against
2025-12-02,17:15,76986,Premier League 25/26,25/26,Matchweek 14,Tue,Away,D,2.0,2.0,Newcastle United,2.0,19.0,7.0,36.8,0.105,0.286,,,Tottenham Hotspur,against
2025-12-03,16:30,76986,Premier League 25/26,25/26,Matchweek 14,Wed,Home,W,2.0,0.0,Brentford,2.0,6.0,1.0,16.7,0.333,2.0,,,Arsenal,against
2025-12-03,16:30,76986,Premier League 25/26,25/26,Matchweek 14,Wed,Away,L,0.0,2.0,Arsenal,0.0,15.0,7.0,46.7,0.0,0.0,,,Brentford,against
2025-12-03,16:30,76986,Premier League 25/26,25/26,Matchweek 14,Wed,Home,L,3.0,4.0,Aston Villa,3.0,14.0,10.0,71.4,0.214,0.3,,,Brighton,against
2025-12-03,16:30,76986,Premier League 25/26,25/26,Matchweek 14,Wed,Away,W,4.0,3.0,Brighton,4.0,16.0,7.0,43.8,0.25,0.571,,,Aston Villa,against
2025-12-03,16:30,76986,Premier League 25/26,25/26,Matchweek 14,Wed,Home,L,0.0,1.0,Nottingham Forest,0.0,10.0,3.0,30.0,0.0,0.0,,,Wolves,against
2025-12-03,16:30,76986,Premier League 25/26,25/26,Matchweek 14,Wed,Away,W,1.0,0.0,Wolves,1.0,5.0,1.0,20.0,0.2,1.0,,,Nottingham Forest,against
2025-12-03,16:30,76986,Premier League 25/26,25/26,Matchweek 14,Wed,Home,L,0.0,1.0,Crystal Palace,0.0,3.0,3.0,100.0,0.0,0.0,,,Burnley,against
2025-12-03,16:30,76986,Premier League 25/26,25/26,Matchweek 14,Wed,Away,W,1.0,0.0,Burnley,1.0,11.0,4.0,36.4,0.091,0.25,,,Crystal Palace,against
2025-12-03,17:15,76986,Premier League 25/26,25/26,Matchweek 14,Wed,Home,D,1.0,1.0,Sunderland,1.0,9.0,6.0,66.7,0.111,0.167,,,Liverpool,against
2025-12-03,17:15,76986,Premier League 25/26,25/26,Matchweek 14,Wed,Away,D,1.0,1.0,Liverpool,1.0,23.0,4.0,17.4,0.043,0.25,,,Sunderland,against
2025-12-03,17:15,76986,Premier League 25/26,25/26,Matchweek 14,Wed,Home,W,3.0,1.0,Chelsea,3.0,14.0,2.0,14.3,0.214,1.5,,,Leeds United,against
2025-12-03,17:15,76986,Premier League 25/26,25/26,Matchweek 14,Wed,Away,L,1.0,3.0,Leeds United,1.0,17.0,5.0,29.4,0.059,0.2,,,Chelsea,against
2025-12-04,17:00,76986,Premier League 25/26,25/26,Matchweek 14,Thu,Home,D,1.0,1.0,West Ham United,1.0,11.0,3.0,27.3,0.091,0.333,,,Manchester Utd,against
2025-12-04,17:00,76986,Premier League 25/26,25/26,Matchweek 14,Thu,Away,D,1.0,1.0,Manchester Utd,1.0,17.0,4.0,23.5,0.059,0.25,,,West Ham United,against
2025-12-06,09:30,76986,Premier League 25/26,25/26,Matchweek 15,Sat,Home,W,2.0,1.0,Arsenal,2.0,15.0,9.0,60.0,0.133,0.222,,,Aston Villa,against
2025-12-06,09:30,76986,Premier League 25/26,25/26,Matchweek 15,Sat,Away,L,1.0,2.0,Aston Villa,1.0,15.0,6.0,40.0,0.067,0.167,,,Arsenal,against
2025-12-06,12:00,76986,Premier League 25/26,25/26,Matchweek 15,Sat,Home,W,3.0,0.0,Sunderland,3.0,8.0,1.0,12.5,0.375,3.0,,,Manchester City,against
2025-12-06,12:00,76986,Premier League 25/26,25/26,Matchweek 15,Sat,Away,L,0.0,3.0,Manchester City,0.0,18.0,6.0,33.3,0.0,0.0,,,Sunderland,against
2025-12-06,12:00,76986,Premier League 25/26,25/26,Matchweek 15,Sat,Home,D,0.0,0.0,Chelsea,0.0,11.0,4.0,36.4,0.0,0.0,,,Bournemouth,against
2025-12-06,12:00,76986,Premier League 25/26,25/26,Matchweek 15,Sat,Away,D,0.0,0.0,Bournemouth,0.0,13.0,5.0,38.5,0.0,0.0,,,Chelsea,against
2025-12-06,12:00,76986,Premier League 25/26,25/26,Matchweek 15,Sat,Home,W,2.0,0.0,Brentford,2.0,4.0,1.0,25.0,0.5,2.0,,,Tottenham Hotspur,against
2025-12-06,12:00,76986,Premier League 25/26,25/26,Matchweek 15,Sat,Away,L,0.0,2.0,Tottenham Hotspur,0.0,15.0,7.0,46.7,0.0,0.0,,,Brentford,against
2025-12-06,12:00,76986,Premier League 25/26,25/26,Matchweek 15,Sat,Home,W,2.0,1.0,Burnley,2.0,9.0,3.0,33.3,0.222,0.667,,,Newcastle United,against
2025-12-06,12:00,76986,Premier League 25/26,25/26,Matchweek 15,Sat,Away,L,1.0,2.0,Newcastle United,1.0,17.0,7.0,41.2,0.059,0.143,,,Burnley,against
2025-12-06,12:00,76986,Premier League 25/26,25/26,Matchweek 15,Sat,Home,W,3.0,0.0,Nottingham Forest,3.0,7.0,3.0,42.9,0.429,1.0,,,Everton,against
2025-12-06,12:00,76986,Premier League 25/26,25/26,Matchweek 15,Sat,Away,L,0.0,3.0,Everton,0.0,11.0,5.0,45.5,0.0,0.0,,,Nottingham Forest,against
2025-12-06,14:30,76986,Premier League 25/26,25/26,Matchweek 15,Sat,Home,D,3.0,3.0,Liverpool,3.0,16.0,7.0,43.8,0.188,0.429,,,Leeds United,against
2025-12-06,14:30,76986,Premier League 25/26,25/26,Matchweek 15,Sat,Away,D,3.0,3.0,Leeds United,3.0,12.0,5.0,41.7,0.25,0.6,,,Liverpool,against
2025-12-07,11:00,76986,Premier League 25/26,25/26,Matchweek 15,Sun,Home,D,1.0,1.0,West Ham United,1.0,14.0,5.0,35.7,0.071,0.2,,,Brighton,against
2025-12-07,11:00,76986,Premier League 25/26,25/26,Matchweek 15,Sun,Away,D,1.0,1.0,Brighton,1.0,22.0,4.0,18.2,0.045,0.25,,,West Ham United,against
2025-12-07,13:30,76986,Premier League 25/26,25/26,Matchweek 15,Sun,Home,L,1.0,2.0,Crystal Palace,1.0,11.0,5.0,45.5,0.091,0.2,,,Fulham,against
2025-12-07,13:30,76986,Premier League 25/26,25/26,Matchweek 15,Sun,Away,W,2.0,1.0,Fulham,2.0,12.0,4.0,33.3,0.167,0.5,,,Crystal Palace,against
2025-12-08,17:00,76986,Premier League 25/26,25/26,Matchweek 15,Mon,Home,L,1.0,4.0,Manchester Utd,1.0,27.0,10.0,37.0,0.037,0.1,,,Wolves,against
2025-12-08,17:00,76986,Premier League 25/26,25/26,Matchweek 15,Mon,Away,W,4.0,1.0,Wolves,4.0,8.0,2.0,25.0,0.5,2.0,,,Manchester Utd,against
2025-12-13,12:00,76986,Premier League 25/26,25/26,Matchweek 16,Sat,Home,W,2.0,0.0,Brighton,2.0,14.0,1.0,7.1,0.143,2.0,,,Liverpool,against
2025-12-13,12:00,76986,Premier League 25/26,25/26,Matchweek 16,Sat,Away,L,0.0,2.0,Liverpool,0.0,18.0,4.0,22.2,0.0,0.0,,,Brighton,against
2025-12-13,12:00,76986,Premier League 25/26,25/26,Matchweek 16,Sat,Home,W,2.0,0.0,Everton,2.0,11.0,2.0,18.2,0.182,1.0,,,Chelsea,against
2025-12-13,12:00,76986,Premier League 25/26,25/26,Matchweek 16,Sat,Away,L,0.0,2.0,Chelsea,0.0,17.0,5.0,29.4,0.0,0.0,,,Everton,against
2025-12-13,14:30,76986,Premier League 25/26,25/26,Matchweek 16,Sat,Home,L,2.0,3.0,Fulham,2.0,6.0,4.0,66.7,0.333,0.5,,,Burnley,against
2025-12-13,14:30,76986,Premier League 25/26,25/26,Matchweek 16,Sat,Away,W,3.0,2.0,Burnley,3.0,16.0,8.0,50.0,0.188,0.375,,,Fulham,against
2025-12-13,17:00,76986,Premier League 25/26,25/26,Matchweek 16,Sat,Home,W,2.0,1.0,Wolves,2.0,3.0,2.0,66.7,0.667,1.0,,,Arsenal,against
2025-12-13,17:00,76986,Premier League 25/26,25/26,Matchweek 16,Sat,Away,L,1.0,2.0,Arsenal,1.0,16.0,2.0,12.5,0.062,0.5,,,Wolves,against
2025-12-14,11:00,76986,Premier League 25/26,25/26,Matchweek 16,Sun,Home,L,0.0,3.0,Manchester City,0.0,7.0,6.0,85.7,0.0,0.0,,,Crystal Palace,against
2025-12-14,11:00,76986,Premier League 25/26,25/26,Matchweek 16,Sun,Away,W,3.0,0.0,Crystal Palace,3.0,16.0,4.0,25.0,0.188,0.75,,,Manchester City,against
2025-12-14,11:00,76986,Premier League 25/26,25/26,Matchweek 16,Sun,Home,W,3.0,0.0,Tottenham Hotspur,3.0,6.0,1.0,16.7,0.5,3.0,,,Nottingham Forest,against
2025-12-14,11:00,76986,Premier League 25/26,25/26,Matchweek 16,Sun,Away,L,0.0,3.0,Nottingham Forest,0.0,15.0,6.0,40.0,0.0,0.0,,,Tottenham Hotspur,against
2025-12-14,11:00,76986,Premier League 25/26,25/26,Matchweek 16,Sun,Home,L,2.0,3.0,Aston Villa,2.0,7.0,4.0,57.1,0.286,0.5,,,West Ham United,against
2025-12-14,11:00,76986,Premier League 25/26,25/26,Matchweek 16,Sun,Away,W,3.0,2.0,West Ham United,3.0,10.0,3.0,30.0,0.3,1.0,,,Aston Villa,against
2025-12-14,11:00,76986,Premier League 25/26,25/26,Matchweek 16,Sun,Home,W,1.0,0.0,Newcastle United,1.0,6.0,2.0,33.3,0.167,0.5,,,Sunderland,against
2025-12-14,11:00,76986,Premier League 25/26,25/26,Matchweek 16,Sun,Away,L,0.0,1.0,Sunderland,0.0,5.0,1.0,20.0,0.0,0.0,,,Newcastle United,against
2025-12-14,13:30,76986,Premier League 25/26,25/26,Matchweek 16,Sun,Home,D,1.0,1.0,Leeds United,1.0,18.0,4.0,22.2,0.056,0.25,,,Brentford,against
2025-12-14,13:30,76986,Premier League 25/26,25/26,Matchweek 16,Sun,Away,D,1.0,1.0,Brentford,1.0,7.0,2.0,28.6,0.143,0.5,,,Leeds United,against
2025-12-15,17:00,76986,Premier League 25/26,25/26,Matchweek 16,Mon,Home,D,4.0,4.0,Bournemouth,4.0,14.0,9.0,64.3,0.286,0.444,,,Manchester Utd,against
2025-12-15,17:00,76986,Premier League 25/26,25/26,Matchweek 16,Mon,Away,D,4.0,4.0,Manchester Utd,4.0,25.0,9.0,36.0,0.16,0.444,,,Bournemouth,against
2025-12-20,09:30,76986,Premier League 25/26,25/26,Matchweek 17,Sat,Home,D,2.0,2.0,Chelsea,2.0,13.0,4.0,30.8,0.154,0.5,,,Newcastle United,against
2025-12-20,09:30,76986,Premier League 25/26,25/26,Matchweek 17,Sat,Away,D,2.0,2.0,Newcastle United,2.0,11.0,5.0,45.5,0.182,0.4,,,Chelsea,against
2025-12-20,12:00,76986,Premier League 25/26,25/26,Matchweek 17,Sat,Home,W,3.0,0.0,West Ham United,3.0,7.0,3.0,42.9,0.429,1.0,,,Manchester City,against
2025-12-20,12:00,76986,Premier League 25/26,25/26,Matchweek 17,Sat,Away,L,0.0,3.0,Manchester City,0.0,17.0,8.0,47.1,0.0,0.0,,,West Ham United,against
2025-12-20,12:00,76986,Premier League 25/26,25/26,Matchweek 17,Sat,Home,D,0.0,0.0,Sunderland,0.0,14.0,6.0,42.9,0.0,0.0,,,Brighton,against
2025-12-20,12:00,76986,Premier League 25/26,25/26,Matchweek 17,Sat,Away,D,0.0,0.0,Brighton,0.0,16.0,4.0,25.0,0.0,0.0,,,Sunderland,against
2025-12-20,12:00,76986,Premier League 25/26,25/26,Matchweek 17,Sat,Home,L,0.0,2.0,Brentford,0.0,7.0,6.0,85.7,0.0,0.0,,,Wolves,against
2025-12-20,12:00,76986,Premier League 25/26,25/26,Matchweek 17,Sat,Away,W,2.0,0.0,Wolves,2.0,9.0,2.0,22.2,0.222,1.0,,,Brentford,against
2025-12-20,12:00,76986,Premier League 25/26,25/26,Matchweek 17,Sat,Home,D,1.0,1.0,Burnley,1.0,4.0,1.0,25.0,0.25,1.0,,,Bournemouth,against
2025-12-20,12:00,76986,Premier League 25/26,25/26,Matchweek 17,Sat,Away,D,1.0,1.0,Bournemouth,1.0,16.0,1.0,6.2,0.062,1.0,,,Burnley,against
2025-12-20,14:30,76986,Premier League 25/26,25/26,Matchweek 17,Sat,Home,L,1.0,2.0,Liverpool,1.0,8.0,4.0,50.0,0.125,0.25,,,Tottenham Hotspur,against
2025-12-20,14:30,76986,Premier League 25/26,25/26,Matchweek 17,Sat,Away,W,2.0,1.0,Tottenham Hotspur,2.0,15.0,4.0,26.7,0.133,0.5,,,Liverpool,against
2025-12-20,17:00,76986,Premier League 25/26,25/26,Matchweek 17,Sat,Home,L,0.0,1.0,Arsenal,0.0,13.0,2.0,15.4,0.0,0.0,,,Everton,against
2025-12-20,17:00,76986,Premier League 25/26,25/26,Matchweek 17,Sat,Away,W,1.0,0.0,Everton,1.0,5.0,1.0,20.0,0.2,1.0,,,Arsenal,against
2025-12-20,17:00,76986,Premier League 25/26,25/26,Matchweek 17,Sat,Home,W,4.0,1.0,Crystal Palace,4.0,9.0,3.0,33.3,0.444,1.333,,,Leeds United,against
2025-12-20,17:00,76986,Premier League 25/26,25/26,Matchweek 17,Sat,Away,L,1.0,4.0,Leeds United,1.0,20.0,8.0,40.0,0.05,0.125,,,Crystal Palace,against
2025-12-21,13:30,76986,Premier League 25/26,25/26,Matchweek 17,Sun,Home,W,2.0,1.0,Manchester Utd,2.0,15.0,6.0,40.0,0.133,0.333,,,Aston Villa,against
2025-12-21,13:30,76986,Premier League 25/26,25/26,Matchweek 17,Sun,Away,L,1.0,2.0,Aston Villa,1.0,12.0,4.0,33.3,0.083,0.25,,,Manchester Utd,against
2025-12-22,17:00,76986,Premier League 25/26,25/26,Matchweek 17,Mon,Home,W,1.0,0.0,Nottingham Forest,1.0,12.0,2.0,16.7,0.083,0.5,,,Fulham,against
2025-12-22,17:00,76986,Premier League 25/26,25/26,Matchweek 17,Mon,Away,L,0.0,1.0,Fulham,0.0,11.0,1.0,9.1,0.0,0.0,,,Nottingham Forest,against
2025-12-26,17:00,76986,Premier League 25/26,25/26,Matchweek 18,Fri,Home,W,1.0,0.0,Newcastle United,1.0,16.0,3.0,18.8,0.062,0.333,,,Manchester Utd,against
2025-12-26,17:00,76986,Premier League 25/26,25/26,Matchweek 18,Fri,Away,L,0.0,1.0,Manchester Utd,0.0,10.0,4.0,40.0,0.0,0.0,,,Newcastle United,against
2025-12-27,09:30,76986,Premier League 25/26,25/26,Matchweek 18,Sat,Home,L,1.0,2.0,Manchester City,1.0,16.0,5.0,31.2,0.062,0.2,,,Nottingham Forest,against
2025-12-27,09:30,76986,Premier League 25/26,25/26,Matchweek 18,Sat,Away,W,2.0,1.0,Nottingham Forest,2.0,7.0,2.0,28.6,0.286,1.0,,,Manchester City,against
2025-12-27,12:00,76986,Premier League 25/26,25/26,Matchweek 18,Sat,Home,W,2.0,1.0,Wolves,2.0,9.0,4.0,44.4,0.222,0.5,,,Liverpool,against
2025-12-27,12:00,76986,Premier League 25/26,25/26,Matchweek 18,Sat,Away,L,1.0,2.0,Liverpool,1.0,14.0,4.0,28.6,0.071,0.25,,,Wolves,against
2025-12-27,12:00,76986,Premier League 25/26,25/26,Matchweek 18,Sat,Home,W,2.0,1.0,Brighton,2.0,8.0,3.0,37.5,0.25,0.667,,,Arsenal,against
2025-12-27,12:00,76986,Premier League 25/26,25/26,Matchweek 18,Sat,Away,L,1.0,2.0,Arsenal,1.0,24.0,6.0,25.0,0.042,0.167,,,Brighton,against
2025-12-27,12:00,76986,Premier League 25/26,25/26,Matchweek 18,Sat,Home,L,0.0,1.0,Fulham,0.0,17.0,5.0,29.4,0.0,0.0,,,West Ham United,against
2025-12-27,12:00,76986,Premier League 25/26,25/26,Matchweek 18,Sat,Away,W,1.0,0.0,West Ham United,1.0,11.0,2.0,18.2,0.091,0.5,,,Fulham,against
2025-12-27,12:00,76986,Premier League 25/26,25/26,Matchweek 18,Sat,Home,W,4.0,1.0,Bournemouth,4.0,20.0,10.0,50.0,0.2,0.4,,,Brentford,against
2025-12-27,12:00,76986,Premier League 25/26,25/26,Matchweek 18,Sat,Away,L,1.0,4.0,Brentford,1.0,15.0,7.0,46.7,0.067,0.143,,,Bournemouth,against
2025-12-27,12:00,76986,Premier League 25/26,25/26,Matchweek 18,Sat,Home,D,0.0,0.0,Everton,0.0,15.0,6.0,40.0,0.0,0.0,,,Burnley,against
2025-12-27,12:00,76986,Premier League 25/26,25/26,Matchweek 18,Sat,Away,D,0.0,0.0,Burnley,0.0,16.0,0.0,0.0,0.0,,,,Everton,against
2025-12-27,14:30,76986,Premier League 25/26,25/26,Matchweek 18,Sat,Home,L,1.0,2.0,Aston Villa,1.0,11.0,8.0,72.7,0.091,0.125,,,Chelsea,against
2025-12-27,14:30,76986,Premier League 25/26,25/26,Matchweek 18,Sat,Away,W,2.0,1.0,Chelsea,2.0,14.0,3.0,21.4,0.143,0.667,,,Aston Villa,against
2025-12-28,11:00,76986,Premier League 25/26,25/26,Matchweek 18,Sun,Home,D,1.0,1.0,Leeds United,1.0,17.0,6.0,35.3,0.059,0.167,,,Sunderland,against
2025-12-28,11:00,76986,Premier League 25/26,25/26,Matchweek 18,Sun,Away,D,1.0,1.0,Sunderland,1.0,8.0,3.0,37.5,0.125,0.333,,,Leeds United,against
2025-12-28,13:30,76986,Premier League 25/26,25/26,Matchweek 18,Sun,Home,L,0.0,1.0,Tottenham Hotspur,0.0,8.0,4.0,50.0,0.0,0.0,,,Crystal Palace,against
2025-12-28,13:30,76986,Premier League 25/26,25/26,Matchweek 18,Sun,Away,W,1.0,0.0,Crystal Palace,1.0,15.0,2.0,13.3,0.067,0.5,,,Tottenham Hotspur,against
2025-12-30,16:30,76986,Premier League 25/26,25/26,Matchweek 19,Tue,Home,D,2.0,2.0,Bournemouth,2.0,17.0,6.0,35.3,0.118,0.333,,,Chelsea,against
2025-12-30,16:30,76986,Premier League 25/26,25/26,Matchweek 19,Tue,Away,D,2.0,2.0,Chelsea,2.0,17.0,3.0,17.6,0.118,0.667,,,Bournemouth,against
2025-12-30,16:30,76986,Premier League 25/26,25/26,Matchweek 19,Tue,Home,L,1.0,3.0,Newcastle United,1.0,20.0,9.0,45.0,0.05,0.111,,,Burnley,against
2025-12-30,16:30,76986,Premier League 25/26,25/26,Matchweek 19,Tue,Away,W,3.0,1.0,Burnley,3.0,15.0,4.0,26.7,0.2,0.75,,,Newcastle United,against
2025-12-30,16:30,76986,Premier League 25/26,25/26,Matchweek 19,Tue,Home,D,2.0,2.0,Brighton,2.0,16.0,6.0,37.5,0.125,0.333,,,West Ham United,against
2025-12-30,16:30,76986,Premier League 25/26,25/26,Matchweek 19,Tue,Away,D,2.0,2.0,West Ham United,2.0,10.0,4.0,40.0,0.2,0.5,,,Brighton,against
2025-12-30,16:30,76986,Premier League 25/26,25/26,Matchweek 19,Tue,Home,L,0.0,2.0,Everton,0.0,11.0,3.0,27.3,0.0,0.0,,,Nottingham Forest,against
2025-12-30,16:30,76986,Premier League 25/26,25/26,Matchweek 19,Tue,Away,W,2.0,0.0,Nottingham Forest,2.0,21.0,6.0,28.6,0.095,0.333,,,Everton,against
2025-12-30,17:15,76986,Premier League 25/26,25/26,Matchweek 19,Tue,Home,W,4.0,1.0,Aston Villa,4.0,11.0,3.0,27.3,0.364,1.333,,,Arsenal,against
2025-12-30,17:15,76986,Premier League 25/26,25/26,Matchweek 19,Tue,Away,L,1.0,4.0,Arsenal,1.0,22.0,7.0,31.8,0.045,0.143,,,Aston Villa,against
2025-12-30,17:15,76986,Premier League 25/26,25/26,Matchweek 19,Tue,Home,D,1.0,1.0,Wolves,1.0,11.0,4.0,36.4,0.091,0.25,,,Manchester Utd,against
2025-12-30,17:15,76986,Premier League 25/26,25/26,Matchweek 19,Tue,Away,D,1.0,1.0,Manchester Utd,1.0,15.0,6.0,40.0,0.067,0.167,,,Wolves,against
2026-01-01,14:30,76986,Premier League 25/26,25/26,Matchweek 19,Thu,Home,D,0.0,0.0,Leeds United,0.0,4.0,2.0,50.0,0.0,0.0,,,Liverpool,against
2026-01-01,14:30,76986,Premier League 25/26,25/26,Matchweek 19,Thu,Away,D,0.0,0.0,Liverpool,0.0,19.0,4.0,21.1,0.0,0.0,,,Leeds United,against
2026-01-01,14:30,76986,Premier League 25/26,25/26,Matchweek 19,Thu,Home,D,1.0,1.0,Fulham,1.0,17.0,5.0,29.4,0.059,0.2,,,Crystal Palace,against
2026-01-01,14:30,76986,Premier League 25/26,25/26,Matchweek 19,Thu,Away,D,1.0,1.0,Crystal Palace,1.0,11.0,2.0,18.2,0.091,0.5,,,Fulham,against
2026-01-01,17:00,76986,Premier League 25/26,25/26,Matchweek 19,Thu,Home,D,0.0,0.0,Manchester City,0.0,14.0,4.0,28.6,0.0,0.0,,,Sunderland,against
2026-01-01,17:00,76986,Premier League 25/26,25/26,Matchweek 19,Thu,Away,D,0.0,0.0,Sunderland,0.0,10.0,4.0,40.0,0.0,0.0,,,Manchester City,against
2026-01-01,17:00,76986,Premier League 25/26,25/26,Matchweek 19,Thu,Home,D,0.0,0.0,Tottenham Hotspur,0.0,9.0,3.0,33.3,0.0,0.0,,,Brentford,against
2026-01-01,17:00,76986,Premier League 25/26,25/26,Matchweek 19,Thu,Away,D,0.0,0.0,Brentford,0.0,7.0,2.0,28.6,0.0,0.0,,,Tottenham Hotspur,against
2026-01-03,09:30,76986,Premier League 25/26,25/26,Matchweek 20,Sat,Home,W,3.0,1.0,Nottingham Forest,3.0,10.0,5.0,50.0,0.3,0.6,,,Aston Villa,against
2026-01-03,09:30,76986,Premier League 25/26,25/26,Matchweek 20,Sat,Away,L,1.0,3.0,Aston Villa,1.0,11.0,4.0,36.4,0.091,0.25,,,Nottingham Forest,against
2026-01-03,12:00,76986,Premier League 25/26,25/26,Matchweek 20,Sat,Home,W,3.0,0.0,West Ham United,3.0,6.0,0.0,0.0,0.5,,,,Wolves,against
2026-01-03,12:00,76986,Premier League 25/26,25/26,Matchweek 20,Sat,Away,L,0.0,3.0,Wolves,0.0,11.0,8.0,72.7,0.0,0.0,,,West Ham United,against
2026-01-03,12:00,76986,Premier League 25/26,25/26,Matchweek 20,Sat,Home,W,2.0,0.0,Burnley,2.0,5.0,3.0,60.0,0.4,0.667,,,Brighton,against
2026-01-03,12:00,76986,Premier League 25/26,25/26,Matchweek 20,Sat,Away,L,0.0,2.0,Brighton,0.0,15.0,4.0,26.7,0.0,0.0,,,Burnley,against
2026-01-03,14:30,76986,Premier League 25/26,25/26,Matchweek 20,Sat,Home,L,2.0,3.0,Arsenal,2.0,12.0,5.0,41.7,0.167,0.4,,,Bournemouth,against
2026-01-03,14:30,76986,Premier League 25/26,25/26,Matchweek 20,Sat,Away,W,3.0,2.0,Bournemouth,3.0,15.0,3.0,20.0,0.2,1.0,,,Arsenal,against
2026-01-04,09:30,76986,Premier League 25/26,25/26,Matchweek 20,Sun,Home,D,1.0,1.0,Manchester Utd,1.0,15.0,2.0,13.3,0.067,0.5,,,Leeds United,against
2026-01-04,09:30,76986,Premier League 25/26,25/26,Matchweek 20,Sun,Away,D,1.0,1.0,Leeds United,1.0,11.0,3.0,27.3,0.091,0.333,,,Manchester Utd,against
2026-01-04,12:00,76986,Premier League 25/26,25/26,Matchweek 20,Sun,Home,D,1.0,1.0,Sunderland,1.0,10.0,3.0,30.0,0.1,0.333,,,Tottenham Hotspur,against
2026-01-04,12:00,76986,Premier League 25/26,25/26,Matchweek 20,Sun,Away,D,1.0,1.0,Tottenham Hotspur,1.0,13.0,5.0,38.5,0.077,0.2,,,Sunderland,against
2026-01-04,12:00,76986,Premier League 25/26,25/26,Matchweek 20,Sun,Home,W,2.0,0.0,Crystal Palace,2.0,11.0,1.0,9.1,0.182,2.0,,,Newcastle United,against
2026-01-04,12:00,76986,Premier League 25/26,25/26,Matchweek 20,Sun,Away,L,0.0,2.0,Newcastle United,0.0,12.0,7.0,58.3,0.0,0.0,,,Crystal Palace,against
2026-01-04,12:00,76986,Premier League 25/26,25/26,Matchweek 20,Sun,Home,L,2.0,4.0,Brentford,2.0,11.0,7.0,63.6,0.182,0.286,,,Everton,against
2026-01-04,12:00,76986,Premier League 25/26,25/26,Matchweek 20,Sun,Away,W,4.0,2.0,Everton,4.0,14.0,6.0,42.9,0.286,0.667,,,Brentford,against
2026-01-04,12:15,76986,Premier League 25/26,25/26,Matchweek 20,Sun,Home,D,2.0,2.0,Liverpool,2.0,10.0,2.0,20.0,0.2,1.0,,,Fulham,against
2026-01-04,12:15,76986,Premier League 25/26,25/26,Matchweek 20,Sun,Away,D,2.0,2.0,Fulham,2.0,8.0,2.0,25.0,0.25,1.0,,,Liverpool,against
2026-01-04,14:30,76986,Premier League 25/26,25/26,Matchweek 20,Sun,Home,D,1.0,1.0,Chelsea,1.0,8.0,3.0,37.5,0.125,0.333,,,Manchester City,against
2026-01-04,14:30,76986,Premier League 25/26,25/26,Matchweek 20,Sun,Away,D,1.0,1.0,Manchester City,1.0,14.0,3.0,21.4,0.071,0.333,,,Chelsea,against
2026-01-06,17:00,76986,Premier League 25/26,25/26,Matchweek 21,Tue,Home,L,1.0,2.0,Nottingham Forest,1.0,13.0,5.0,38.5,0.077,0.2,,,West Ham United,against
2026-01-06,17:00,76986,Premier League 25/26,25/26,Matchweek 21,Tue,Away,W,2.0,1.0,West Ham United,2.0,14.0,3.0,21.4,0.143,0.667,,,Nottingham Forest,against
2026-01-07,16:30,76986,Premier League 25/26,25/26,Matchweek 21,Wed,Home,D,1.0,1.0,Brighton,1.0,6.0,3.0,50.0,0.167,0.333,,,Manchester City,against
2026-01-07,16:30,76986,Premier League 25/26,25/26,Matchweek 21,Wed,Away,D,1.0,1.0,Manchester City,1.0,21.0,6.0,28.6,0.048,0.167,,,Brighton,against
2026-01-07,16:30,76986,Premier League 25/26,25/26,Matchweek 21,Wed,Home,W,2.0,1.0,Chelsea,2.0,14.0,6.0,42.9,0.143,0.333,,,Fulham,against
2026-01-07,16:30,76986,Premier League 25/26,25/26,Matchweek 21,Wed,Away,L,1.0,2.0,Fulham,1.0,16.0,5.0,31.2,0.062,0.2,,,Chelsea,against
2026-01-07,16:30,76986,Premier League 25/26,25/26,Matchweek 21,Wed,Home,W,3.0,2.0,Tottenham Hotspur,3.0,16.0,4.0,25.0,0.188,0.75,,,Bournemouth,against
2026-01-07,16:30,76986,Premier League 25/26,25/26,Matchweek 21,Wed,Away,L,2.0,3.0,Bournemouth,2.0,11.0,3.0,27.3,0.182,0.667,,,Tottenham Hotspur,against
2026-01-07,16:30,76986,Premier League 25/26,25/26,Matchweek 21,Wed,Home,D,0.0,0.0,Aston Villa,0.0,15.0,3.0,20.0,0.0,0.0,,,Crystal Palace,against
2026-01-07,16:30,76986,Premier League 25/26,25/26,Matchweek 21,Wed,Away,D,0.0,0.0,Crystal Palace,0.0,11.0,5.0,45.5,0.0,0.0,,,Aston Villa,against
2026-01-07,16:30,76986,Premier League 25/26,25/26,Matchweek 21,Wed,Home,D,1.0,1.0,Wolves,1.0,13.0,4.0,30.8,0.077,0.25,,,Everton,against
2026-01-07,16:30,76986,Premier League 25/26,25/26,Matchweek 21,Wed,Away,D,1.0,1.0,Everton,1.0,13.0,2.0,15.4,0.077,0.5,,,Wolves,against
2026-01-07,16:30,76986,Premier League 25/26,25/26,Matchweek 21,Wed,Home,W,3.0,0.0,Sunderland,3.0,11.0,3.0,27.3,0.273,1.0,,,Brentford,against
2026-01-07,16:30,76986,Premier League 25/26,25/26,Matchweek 21,Wed,Away,L,0.0,3.0,Brentford,0.0,18.0,6.0,33.3,0.0,0.0,,,Sunderland,against
2026-01-07,17:15,76986,Premier League 25/26,25/26,Matchweek 21,Wed,Home,D,2.0,2.0,Manchester Utd,2.0,30.0,10.0,33.3,0.067,0.2,,,Burnley,against
2026-01-07,17:15,76986,Premier League 25/26,25/26,Matchweek 21,Wed,Away,D,2.0,2.0,Burnley,2.0,7.0,1.0,14.3,0.286,2.0,,,Manchester Utd,against
2026-01-07,17:15,76986,Premier League 25/26,25/26,Matchweek 21,Wed,Home,W,4.0,3.0,Leeds United,4.0,14.0,6.0,42.9,0.286,0.667,,,Newcastle United,against
2026-01-07,17:15,76986,Premier League 25/26,25/26,Matchweek 21,Wed,Away,L,3.0,4.0,Newcastle United,3.0,18.0,8.0,44.4,0.167,0.375,,,Leeds United,against
2026-01-08,17:00,76986,Premier League 25/26,25/26,Matchweek 21,Thu,Home,D,0.0,0.0,Liverpool,0.0,8.0,0.0,0.0,0.0,,,,Arsenal,against
2026-01-08,17:00,76986,Premier League 25/26,25/26,Matchweek 21,Thu,Away,D,0.0,0.0,Arsenal,0.0,9.0,4.0,44.4,0.0,0.0,,,Liverpool,against
2026-01-17,09:30,76986,Premier League 25/26,25/26,Matchweek 22,Sat,Home,W,2.0,0.0,Manchester City,2.0,7.0,1.0,14.3,0.286,2.0,,,Manchester Utd,against
2026-01-17,09:30,76986,Premier League 25/26,25/26,Matchweek 22,Sat,Away,L,0.0,2.0,Manchester Utd,0.0,11.0,7.0,63.6,0.0,0.0,,,Manchester City,against
2026-01-17,12:00,76986,Premier League 25/26,25/26,Matchweek 22,Sat,Home,D,1.0,1.0,Burnley,1.0,7.0,1.0,14.3,0.143,1.0,,,Liverpool,against
2026-01-17,12:00,76986,Premier League 25/26,25/26,Matchweek 22,Sat,Away,D,1.0,1.0,Liverpool,1.0,32.0,11.0,34.4,0.031,0.091,,,Burnley,against
2026-01-17,12:00,76986,Premier League 25/26,25/26,Matchweek 22,Sat,Home,W,2.0,0.0,Brentford,2.0,15.0,5.0,33.3,0.133,0.4,,,Chelsea,against
2026-01-17,12:00,76986,Premier League 25/26,25/26,Matchweek 22,Sat,Away,L,0.0,2.0,Chelsea,0.0,6.0,2.0,33.3,0.0,0.0,,,Brentford,against
2026-01-17,12:00,76986,Premier League 25/26,25/26,Matchweek 22,Sat,Home,L,1.0,2.0,West Ham United,1.0,17.0,4.0,23.5,0.059,0.25,,,Tottenham Hotspur,against
2026-01-17,12:00,76986,Premier League 25/26,25/26,Matchweek 22,Sat,Away,W,2.0,1.0,Tottenham Hotspur,2.0,21.0,6.0,28.6,0.095,0.333,,,West Ham United,against
2026-01-17,12:00,76986,Premier League 25/26,25/26,Matchweek 22,Sat,Home,W,2.0,1.0,Crystal Palace,2.0,6.0,2.0,33.3,0.333,1.0,,,Sunderland,against
2026-01-17,12:00,76986,Premier League 25/26,25/26,Matchweek 22,Sat,Away,L,1.0,2.0,Sunderland,1.0,13.0,7.0,53.8,0.077,0.143,,,Crystal Palace,against
2026-01-17,12:00,76986,Premier League 25/26,25/26,Matchweek 22,Sat,Home,W,1.0,0.0,Fulham,1.0,8.0,1.0,12.5,0.125,1.0,,,Leeds United,against
2026-01-17,12:00,76986,Premier League 25/26,25/26,Matchweek 22,Sat,Away,L,0.0,1.0,Leeds United,0.0,14.0,5.0,35.7,0.0,0.0,,,Fulham,against
2026-01-17,14:30,76986,Premier League 25/26,25/26,Matchweek 22,Sat,Home,D,0.0,0.0,Arsenal,0.0,15.0,3.0,20.0,0.0,0.0,,,Nottingham Forest,against
2026-01-17,14:30,76986,Premier League 25/26,25/26,Matchweek 22,Sat,Away,D,0.0,0.0,Nottingham Forest,0.0,6.0,0.0,0.0,0.0,,,,Arsenal,against
2026-01-18,11:00,76986,Premier League 25/26,25/26,Matchweek 22,Sun,Home,D,0.0,0.0,Newcastle United,0.0,12.0,2.0,16.7,0.0,0.0,,,Wolves,against
2026-01-18,11:00,76986,Premier League 25/26,25/26,Matchweek 22,Sun,Away,D,0.0,0.0,Wolves,0.0,6.0,2.0,33.3,0.0,0.0,,,Newcastle United,against
2026-01-18,13:30,76986,Premier League 25/26,25/26,Matchweek 22,Sun,Home,L,0.0,1.0,Everton,0.0,9.0,3.0,33.3,0.0,0.0,,,Aston Villa,against
2026-01-18,13:30,76986,Premier League 25/26,25/26,Matchweek 22,Sun,Away,W,1.0,0.0,Aston Villa,1.0,18.0,5.0,27.8,0.056,0.2,,,Everton,against
2026-01-19,17:00,76986,Premier League 25/26,25/26,Matchweek 22,Mon,Home,D,1.0,1.0,Bournemouth,1.0,11.0,2.0,18.2,0.091,0.5,,,Brighton,against
2026-01-19,17:00,76986,Premier League 25/26,25/26,Matchweek 22,Mon,Away,D,1.0,1.0,Brighton,1.0,17.0,5.0,29.4,0.059,0.2,,,Bournemouth,against
2026-01-24,09:30,76986,Premier League 25/26,25/26,Matchweek 23,Sat,Home,W,3.0,1.0,Sunderland,3.0,7.0,2.0,28.6,0.429,1.5,,,West Ham United,against
2026-01-24,09:30,76986,Premier League 25/26,25/26,Matchweek 23,Sat,Away,L,1.0,3.0,West Ham United,1.0,13.0,5.0,38.5,0.077,0.2,,,Sunderland,against
2026-01-24,12:00,76986,Premier League 25/26,25/26,Matchweek 23,Sat,Home,W,2.0,0.0,Wolves,2.0,11.0,1.0,9.1,0.182,2.0,,,Manchester City,against
2026-01-24,12:00,76986,Premier League 25/26,25/26,Matchweek 23,Sat,Away,L,0.0,2.0,Manchester City,0.0,11.0,4.0,36.4,0.0,0.0,,,Wolves,against
2026-01-24,12:00,76986,Premier League 25/26,25/26,Matchweek 23,Sat,Home,D,2.0,2.0,Tottenham Hotspur,2.0,18.0,11.0,61.1,0.111,0.182,,,Burnley,against
2026-01-24,12:00,76986,Premier League 25/26,25/26,Matchweek 23,Sat,Away,D,2.0,2.0,Burnley,2.0,9.0,4.0,44.4,0.222,0.5,,,Tottenham Hotspur,against
2026-01-24,12:00,76986,Premier League 25/26,25/26,Matchweek 23,Sat,Home,W,2.0,1.0,Brighton,2.0,13.0,5.0,38.5,0.154,0.4,,,Fulham,against
2026-01-24,12:00,76986,Premier League 25/26,25/26,Matchweek 23,Sat,Away,L,1.0,2.0,Fulham,1.0,12.0,4.0,33.3,0.083,0.25,,,Brighton,against
2026-01-24,14:30,76986,Premier League 25/26,25/26,Matchweek 23,Sat,Home,W,3.0,2.0,Liverpool,3.0,14.0,4.0,28.6,0.214,0.75,,,Bournemouth,against
2026-01-24,14:30,76986,Premier League 25/26,25/26,Matchweek 23,Sat,Away,L,2.0,3.0,Bournemouth,2.0,12.0,5.0,41.7,0.167,0.4,,,Liverpool,against
2026-01-25,11:00,76986,Premier League 25/26,25/26,Matchweek 23,Sun,Home,L,1.0,3.0,Chelsea,1.0,10.0,6.0,60.0,0.1,0.167,,,Crystal Palace,against
2026-01-25,11:00,76986,Premier League 25/26,25/26,Matchweek 23,Sun,Away,W,3.0,1.0,Crystal Palace,3.0,13.0,7.0,53.8,0.231,0.429,,,Chelsea,against
2026-01-25,11:00,76986,Premier League 25/26,25/26,Matchweek 23,Sun,Home,L,0.0,2.0,Aston Villa,0.0,14.0,8.0,57.1,0.0,0.0,,,Newcastle United,against
2026-01-25,11:00,76986,Premier League 25/26,25/26,Matchweek 23,Sun,Away,W,2.0,0.0,Newcastle United,2.0,15.0,4.0,26.7,0.133,0.5,,,Aston Villa,against
2026-01-25,11:00,76986,Premier League 25/26,25/26,Matchweek 23,Sun,Home,L,0.0,2.0,Nottingham Forest,0.0,7.0,2.0,28.6,0.0,0.0,,,Brentford,against
2026-01-25,11:00,76986,Premier League 25/26,25/26,Matchweek 23,Sun,Away,W,2.0,0.0,Brentford,2.0,10.0,1.0,10.0,0.2,2.0,,,Nottingham Forest,against
2026-01-25,13:30,76986,Premier League 25/26,25/26,Matchweek 23,Sun,Home,L,2.0,3.0,Manchester Utd,2.0,10.0,3.0,30.0,0.2,0.667,,,Arsenal,against
2026-01-25,13:30,76986,Premier League 25/26,25/26,Matchweek 23,Sun,Away,W,3.0,2.0,Arsenal,3.0,15.0,4.0,26.7,0.2,0.75,,,Manchester Utd,against
2026-01-26,17:00,76986,Premier League 25/26,25/26,Matchweek 23,Mon,Home,D,1.0,1.0,Leeds United,1.0,14.0,4.0,28.6,0.071,0.25,,,Everton,against
2026-01-26,17:00,76986,Premier League 25/26,25/26,Matchweek 23,Mon,Away,D,1.0,1.0,Everton,1.0,10.0,3.0,30.0,0.1,0.333,,,Leeds United,against
2026-01-31,12:00,76986,Premier League 25/26,25/26,Matchweek 24,Sat,Home,L,0.0,4.0,Arsenal,0.0,15.0,9.0,60.0,0.0,0.0,,,Leeds United,against
2026-01-31,12:00,76986,Premier League 25/26,25/26,Matchweek 24,Sat,Away,W,4.0,0.0,Leeds United,4.0,3.0,1.0,33.3,1.333,4.0,,,Arsenal,against
2026-01-31,12:00,76986,Premier League 25/26,25/26,Matchweek 24,Sat,Home,D,1.0,1.0,Everton,1.0,7.0,4.0,57.1,0.143,0.25,,,Brighton,against
2026-01-31,12:00,76986,Premier League 25/26,25/26,Matchweek 24,Sat,Away,D,1.0,1.0,Brighton,1.0,11.0,2.0,18.2,0.091,0.5,,,Everton,against
2026-01-31,12:00,76986,Premier League 25/26,25/26,Matchweek 24,Sat,Home,L,0.0,2.0,Bournemouth,0.0,9.0,4.0,44.4,0.0,0.0,,,Wolves,against
2026-01-31,12:00,76986,Premier League 25/26,25/26,Matchweek 24,Sat,Away,W,2.0,0.0,Wolves,2.0,17.0,7.0,41.2,0.118,0.286,,,Bournemouth,against
2026-01-31,14:30,76986,Premier League 25/26,25/26,Matchweek 24,Sat,Home,W,3.0,2.0,West Ham United,3.0,11.0,6.0,54.5,0.273,0.5,,,Chelsea,against
2026-01-31,14:30,76986,Premier League 25/26,25/26,Matchweek 24,Sat,Away,L,2.0,3.0,Chelsea,2.0,14.0,6.0,42.9,0.143,0.333,,,West Ham United,against
2026-01-31,17:00,76986,Premier League 25/26,25/26,Matchweek 24,Sat,Home,W,4.0,1.0,Newcastle United,4.0,8.0,2.0,25.0,0.5,2.0,,,Liverpool,against
2026-01-31,17:00,76986,Premier League 25/26,25/26,Matchweek 24,Sat,Away,L,1.0,4.0,Liverpool,1.0,17.0,7.0,41.2,0.059,0.143,,,Newcastle United,against
2026-02-01,11:00,76986,Premier League 25/26,25/26,Matchweek 24,Sun,Home,W,3.0,2.0,Fulham,3.0,14.0,6.0,42.9,0.214,0.5,,,Manchester Utd,against
2026-02-01,11:00,76986,Premier League 25/26,25/26,Matchweek 24,Sun,Away,L,2.0,3.0,Manchester Utd,2.0,13.0,6.0,46.2,0.154,0.333,,,Fulham,against
2026-02-01,11:00,76986,Premier League 25/26,25/26,Matchweek 24,Sun,Home,L,0.0,1.0,Brentford,0.0,6.0,2.0,33.3,0.0,0.0,,,Aston Villa,against
2026-02-01,11:00,76986,Premier League 25/26,25/26,Matchweek 24,Sun,Away,W,1.0,0.0,Aston Villa,1.0,27.0,5.0,18.5,0.037,0.2,,,Brentford,against
2026-02-01,11:00,76986,Premier League 25/26,25/26,Matchweek 24,Sun,Home,D,1.0,1.0,Crystal Palace,1.0,14.0,3.0,21.4,0.071,0.333,,,Nottingham Forest,against
2026-02-01,11:00,76986,Premier League 25/26,25/26,Matchweek 24,Sun,Away,D,1.0,1.0,Nottingham Forest,1.0,9.0,1.0,11.1,0.111,1.0,,,Crystal Palace,against
2026-02-01,13:30,76986,Premier League 25/26,25/26,Matchweek 24,Sun,Home,D,2.0,2.0,Manchester City,2.0,15.0,3.0,20.0,0.133,0.667,,,Tottenham Hotspur,against
2026-02-01,13:30,76986,Premier League 25/26,25/26,Matchweek 24,Sun,Away,D,2.0,2.0,Tottenham Hotspur,2.0,12.0,6.0,50.0,0.167,0.333,,,Manchester City,against
2026-02-02,17:00,76986,Premier League 25/26,25/26,Matchweek 24,Mon,Home,W,3.0,0.0,Burnley,3.0,5.0,0.0,0.0,0.6,,,,Sunderland,against
2026-02-02,17:00,76986,Premier League 25/26,25/26,Matchweek 24,Mon,Away,L,0.0,3.0,Sunderland,0.0,14.0,5.0,35.7,0.0,0.0,,,Burnley,against
2026-02-06,17:00,76986,Premier League 25/26,25/26,Matchweek 25,Fri,Home,W,3.0,1.0,Nottingham Forest,3.0,16.0,6.0,37.5,0.188,0.5,,,Leeds United,against
2026-02-06,17:00,76986,Premier League 25/26,25/26,Matchweek 25,Fri,Away,L,1.0,3.0,Leeds United,1.0,14.0,5.0,35.7,0.071,0.2,,,Nottingham Forest,against
2026-02-07,09:30,76986,Premier League 25/26,25/26,Matchweek 25,Sat,Home,W,2.0,0.0,Tottenham Hotspur,2.0,7.0,1.0,14.3,0.286,2.0,,,Manchester Utd,against
2026-02-07,09:30,76986,Premier League 25/26,25/26,Matchweek 25,Sat,Away,L,0.0,2.0,Manchester Utd,0.0,23.0,10.0,43.5,0.0,0.0,,,Tottenham Hotspur,against
2026-02-07,12:00,76986,Premier League 25/26,25/26,Matchweek 25,Sat,Home,W,3.0,0.0,Sunderland,3.0,5.0,3.0,60.0,0.6,1.0,,,Arsenal,against
2026-02-07,12:00,76986,Premier League 25/26,25/26,Matchweek 25,Sat,Away,L,0.0,3.0,Arsenal,0.0,16.0,5.0,31.2,0.0,0.0,,,Sunderland,against
2026-02-07,12:00,76986,Premier League 25/26,25/26,Matchweek 25,Sat,Home,L,1.0,3.0,Chelsea,1.0,15.0,6.0,40.0,0.067,0.167,,,Wolves,against
2026-02-07,12:00,76986,Premier League 25/26,25/26,Matchweek 25,Sat,Away,W,3.0,1.0,Wolves,3.0,11.0,3.0,27.3,0.273,1.0,,,Chelsea,against
2026-02-07,12:00,76986,Premier League 25/26,25/26,Matchweek 25,Sat,Home,D,1.0,1.0,Aston Villa,1.0,7.0,4.0,57.1,0.143,0.25,,,Bournemouth,against
2026-02-07,12:00,76986,Premier League 25/26,25/26,Matchweek 25,Sat,Away,D,1.0,1.0,Bournemouth,1.0,20.0,9.0,45.0,0.05,0.111,,,Aston Villa,against
2026-02-07,12:00,76986,Premier League 25/26,25/26,Matchweek 25,Sat,Home,L,1.0,2.0,Everton,1.0,16.0,3.0,18.8,0.062,0.333,,,Fulham,against
2026-02-07,12:00,76986,Premier League 25/26,25/26,Matchweek 25,Sat,Away,W,2.0,1.0,Fulham,2.0,13.0,3.0,23.1,0.154,0.667,,,Everton,against
2026-02-07,12:00,76986,Premier League 25/26,25/26,Matchweek 25,Sat,Home,L,0.0,2.0,West Ham United,0.0,6.0,4.0,66.7,0.0,0.0,,,Burnley,against
2026-02-07,12:00,76986,Premier League 25/26,25/26,Matchweek 25,Sat,Away,W,2.0,0.0,Burnley,2.0,18.0,5.0,27.8,0.111,0.4,,,West Ham United,against
2026-02-07,14:30,76986,Premier League 25/26,25/26,Matchweek 25,Sat,Home,L,2.0,3.0,Brentford,2.0,11.0,5.0,45.5,0.182,0.4,,,Newcastle United,against
2026-02-07,14:30,76986,Premier League 25/26,25/26,Matchweek 25,Sat,Away,W,3.0,2.0,Newcastle United,3.0,16.0,4.0,25.0,0.188,0.75,,,Brentford,against
2026-02-08,11:00,76986,Premier League 25/26,25/26,Matchweek 25,Sun,Home,L,0.0,1.0,Crystal Palace,0.0,7.0,4.0,57.1,0.0,0.0,,,Brighton,against
2026-02-08,11:00,76986,Premier League 25/26,25/26,Matchweek 25,Sun,Away,W,1.0,0.0,Brighton,1.0,7.0,2.0,28.6,0.143,0.5,,,Crystal Palace,against
2026-02-08,13:30,76986,Premier League 25/26,25/26,Matchweek 25,Sun,Home,L,1.0,2.0,Manchester City,1.0,17.0,7.0,41.2,0.059,0.143,,,Liverpool,against
2026-02-08,13:30,76986,Premier League 25/26,25/26,Matchweek 25,Sun,Away,W,2.0,1.0,Liverpool,2.0,15.0,4.0,26.7,0.133,0.5,,,Manchester City,against
2026-02-10,16:30,76986,Premier League 25/26,25/26,Matchweek 26,Tue,Home,D,2.0,2.0,Leeds United,2.0,4.0,2.0,50.0,0.5,1.0,,,Chelsea,against
2026-02-10,16:30,76986,Premier League 25/26,25/26,Matchweek 26,Tue,Away,D,2.0,2.0,Chelsea,2.0,19.0,4.0,21.1,0.105,0.5,,,Leeds United,against
2026-02-10,16:30,76986,Premier League 25/26,25/26,Matchweek 26,Tue,Home,L,1.0,2.0,Newcastle United,1.0,21.0,5.0,23.8,0.048,0.2,,,Tottenham Hotspur,against
2026-02-10,16:30,76986,Premier League 25/26,25/26,Matchweek 26,Tue,Away,W,2.0,1.0,Tottenham Hotspur,2.0,16.0,2.0,12.5,0.125,1.0,,,Newcastle United,against
2026-02-10,16:30,76986,Premier League 25/26,25/26,Matchweek 26,Tue,Home,L,1.0,2.0,Bournemouth,1.0,11.0,4.0,36.4,0.091,0.25,,,Everton,against
2026-02-10,16:30,76986,Premier League 25/26,25/26,Matchweek 26,Tue,Away,W,2.0,1.0,Everton,2.0,16.0,6.0,37.5,0.125,0.333,,,Bournemouth,against
2026-02-10,17:15,76986,Premier League 25/26,25/26,Matchweek 26,Tue,Home,D,1.0,1.0,Manchester Utd,1.0,9.0,3.0,33.3,0.111,0.333,,,West Ham United,against
2026-02-10,17:15,76986,Premier League 25/26,25/26,Matchweek 26,Tue,Away,D,1.0,1.0,West Ham United,1.0,7.0,3.0,42.9,0.143,0.333,,,Manchester Utd,against
2026-02-11,16:30,76986,Premier League 25/26,25/26,Matchweek 26,Wed,Home,W,3.0,0.0,Fulham,3.0,14.0,3.0,21.4,0.214,1.0,,,Manchester City,against
2026-02-11,16:30,76986,Premier League 25/26,25/26,Matchweek 26,Wed,Away,L,0.0,3.0,Manchester City,0.0,13.0,5.0,38.5,0.0,0.0,,,Fulham,against
2026-02-11,16:30,76986,Premier League 25/26,25/26,Matchweek 26,Wed,Home,W,1.0,0.0,Brighton,1.0,9.0,3.0,33.3,0.111,0.333,,,Aston Villa,against
2026-02-11,16:30,76986,Premier League 25/26,25/26,Matchweek 26,Wed,Away,L,0.0,1.0,Aston Villa,0.0,15.0,1.0,6.7,0.0,0.0,,,Brighton,against
2026-02-11,16:30,76986,Premier League 25/26,25/26,Matchweek 26,Wed,Home,D,0.0,0.0,Wolves,0.0,7.0,3.0,42.9,0.0,0.0,,,Nottingham Forest,against
2026-02-11,16:30,76986,Premier League 25/26,25/26,Matchweek 26,Wed,Away,D,0.0,0.0,Nottingham Forest,0.0,35.0,10.0,28.6,0.0,0.0,,,Wolves,against
2026-02-11,16:30,76986,Premier League 25/26,25/26,Matchweek 26,Wed,Home,L,2.0,3.0,Burnley,2.0,8.0,3.0,37.5,0.25,0.667,,,Crystal Palace,against
2026-02-11,16:30,76986,Premier League 25/26,25/26,Matchweek 26,Wed,Away,W,3.0,2.0,Crystal Palace,3.0,21.0,3.0,14.3,0.143,1.0,,,Burnley,against
2026-02-11,17:15,76986,Premier League 25/26,25/26,Matchweek 26,Wed,Home,L,0.0,1.0,Liverpool,0.0,23.0,3.0,13.0,0.0,0.0,,,Sunderland,against
2026-02-11,17:15,76986,Premier League 25/26,25/26,Matchweek 26,Wed,Away,W,1.0,0.0,Sunderland,1.0,11.0,2.0,18.2,0.091,0.5,,,Liverpool,against
2026-02-12,17:00,76986,Premier League 25/26,25/26,Matchweek 26,Thu,Home,D,1.0,1.0,Arsenal,1.0,7.0,2.0,28.6,0.143,0.5,,,Brentford,against
2026-02-12,17:00,76986,Premier League 25/26,25/26,Matchweek 26,Thu,Away,D,1.0,1.0,Brentford,1.0,12.0,3.0,25.0,0.083,0.333,,,Arsenal,against
2026-02-18,17:00,76986,Premier League 25/26,25/26,Matchweek 31,Wed,Home,D,2.0,2.0,Arsenal,2.0,10.0,4.0,40.0,0.2,0.5,,,Wolves,against
2026-02-18,17:00,76986,Premier League 25/26,25/26,Matchweek 31,Wed,Away,D,2.0,2.0,Wolves,2.0,5.0,2.0,40.0,0.4,1.0,,,Arsenal,against
2026-02-21,12:00,76986,Premier League 25/26,25/26,Matchweek 27,Sat,Home,D,1.0,1.0,Burnley,1.0,12.0,4.0,33.3,0.083,0.25,,,Chelsea,against
2026-02-21,12:00,76986,Premier League 25/26,25/26,Matchweek 27,Sat,Away,D,1.0,1.0,Chelsea,1.0,12.0,2.0,16.7,0.083,0.5,,,Burnley,against
2026-02-21,12:00,76986,Premier League 25/26,25/26,Matchweek 27,Sat,Home,D,1.0,1.0,Leeds United,1.0,14.0,4.0,28.6,0.071,0.25,,,Aston Villa,against
2026-02-21,12:00,76986,Premier League 25/26,25/26,Matchweek 27,Sat,Away,D,1.0,1.0,Aston Villa,1.0,16.0,4.0,25.0,0.062,0.25,,,Leeds United,against
2026-02-21,12:00,76986,Premier League 25/26,25/26,Matchweek 27,Sat,Home,L,0.0,2.0,Brighton,0.0,11.0,7.0,63.6,0.0,0.0,,,Brentford,against
2026-02-21,12:00,76986,Premier League 25/26,25/26,Matchweek 27,Sat,Away,W,2.0,0.0,Brentford,2.0,13.0,3.0,23.1,0.154,0.667,,,Brighton,against
2026-02-21,14:30,76986,Premier League 25/26,25/26,Matchweek 27,Sat,Home,D,0.0,0.0,Bournemouth,0.0,10.0,5.0,50.0,0.0,0.0,,,West Ham United,against
2026-02-21,14:30,76986,Premier League 25/26,25/26,Matchweek 27,Sat,Away,D,0.0,0.0,West Ham United,0.0,20.0,3.0,15.0,0.0,0.0,,,Bournemouth,against
2026-02-21,17:00,76986,Premier League 25/26,25/26,Matchweek 27,Sat,Home,W,2.0,1.0,Newcastle United,2.0,13.0,7.0,53.8,0.154,0.286,,,Manchester City,against
2026-02-21,17:00,76986,Premier League 25/26,25/26,Matchweek 27,Sat,Away,L,1.0,2.0,Manchester City,1.0,15.0,7.0,46.7,0.067,0.143,,,Newcastle United,against
2026-02-22,11:00,76986,Premier League 25/26,25/26,Matchweek 27,Sun,Home,L,0.0,1.0,Liverpool,0.0,10.0,4.0,40.0,0.0,0.0,,,Nottingham Forest,against
2026-02-22,11:00,76986,Premier League 25/26,25/26,Matchweek 27,Sun,Away,W,1.0,0.0,Nottingham Forest,1.0,18.0,2.0,11.1,0.056,0.5,,,Liverpool,against
2026-02-22,11:00,76986,Premier League 25/26,25/26,Matchweek 27,Sun,Home,W,1.0,0.0,Wolves,1.0,12.0,7.0,58.3,0.083,0.143,,,Crystal Palace,against
2026-02-22,11:00,76986,Premier League 25/26,25/26,Matchweek 27,Sun,Away,L,0.0,1.0,Crystal Palace,0.0,14.0,3.0,21.4,0.0,0.0,,,Wolves,against
2026-02-22,11:00,76986,Premier League 25/26,25/26,Matchweek 27,Sun,Home,L,1.0,3.0,Fulham,1.0,12.0,4.0,33.3,0.083,0.25,,,Sunderland,against
2026-02-22,11:00,76986,Premier League 25/26,25/26,Matchweek 27,Sun,Away,W,3.0,1.0,Sunderland,3.0,12.0,2.0,16.7,0.25,1.5,,,Fulham,against
2026-02-22,13:30,76986,Premier League 25/26,25/26,Matchweek 27,Sun,Home,L,1.0,4.0,Arsenal,1.0,20.0,7.0,35.0,0.05,0.143,,,Tottenham Hotspur,against
2026-02-22,13:30,76986,Premier League 25/26,25/26,Matchweek 27,Sun,Away,W,4.0,1.0,Tottenham Hotspur,4.0,6.0,5.0,83.3,0.667,0.8,,,Arsenal,against
2026-02-23,17:00,76986,Premier League 25/26,25/26,Matchweek 27,Mon,Home,L,0.0,1.0,Manchester Utd,0.0,11.0,3.0,27.3,0.0,0.0,,,Everton,against
2026-02-23,17:00,76986,Premier League 25/26,25/26,Matchweek 27,Mon,Away,W,1.0,0.0,Everton,1.0,12.0,4.0,33.3,0.083,0.25,,,Manchester Utd,against
2026-02-27,17:00,76986,Premier League 25/26,25/26,Matchweek 28,Fri,Home,W,2.0,0.0,Aston Villa,2.0,14.0,5.0,35.7,0.143,0.4,,,Wolves,against
2026-02-27,17:00,76986,Premier League 25/26,25/26,Matchweek 28,Fri,Away,L,0.0,2.0,Wolves,0.0,9.0,2.0,22.2,0.0,0.0,,,Aston Villa,against
2026-02-28,09:30,76986,Premier League 25/26,25/26,Matchweek 28,Sat,Home,D,1.0,1.0,Sunderland,1.0,8.0,4.0,50.0,0.125,0.25,,,Bournemouth,against
2026-02-28,09:30,76986,Premier League 25/26,25/26,Matchweek 28,Sat,Away,D,1.0,1.0,Bournemouth,1.0,21.0,5.0,23.8,0.048,0.2,,,Sunderland,against
2026-02-28,12:00,76986,Premier League 25/26,25/26,Matchweek 28,Sat,Home,W,5.0,2.0,West Ham United,5.0,11.0,4.0,36.4,0.455,1.25,,,Liverpool,against
2026-02-28,12:00,76986,Premier League 25/26,25/26,Matchweek 28,Sat,Away,L,2.0,5.0,Liverpool,2.0,18.0,7.0,38.9,0.111,0.286,,,West Ham United,against
2026-02-28,12:00,76986,Premier League 25/26,25/26,Matchweek 28,Sat,Home,L,2.0,3.0,Everton,2.0,9.0,5.0,55.6,0.222,0.4,,,Newcastle United,against
2026-02-28,12:00,76986,Premier League 25/26,25/26,Matchweek 28,Sat,Away,W,3.0,2.0,Newcastle United,3.0,17.0,7.0,41.2,0.176,0.429,,,Everton,against
2026-02-28,12:00,76986,Premier League 25/26,25/26,Matchweek 28,Sat,Home,L,3.0,4.0,Brentford,3.0,16.0,7.0,43.8,0.188,0.429,,,Burnley,against
2026-02-28,12:00,76986,Premier League 25/26,25/26,Matchweek 28,Sat,Away,W,4.0,3.0,Burnley,4.0,12.0,3.0,25.0,0.333,1.333,,,Brentford,against
2026-02-28,14:30,76986,Premier League 25/26,25/26,Matchweek 28,Sat,Home,L,0.0,1.0,Manchester City,0.0,14.0,5.0,35.7,0.0,0.0,,,Leeds United,against
2026-02-28,14:30,76986,Premier League 25/26,25/26,Matchweek 28,Sat,Away,W,1.0,0.0,Leeds United,1.0,14.0,2.0,14.3,0.071,0.5,,,Manchester City,against
2026-03-01,11:00,76986,Premier League 25/26,25/26,Matchweek 28,Sun,Home,W,2.0,1.0,Crystal Palace,2.0,8.0,3.0,37.5,0.25,0.667,,,Manchester Utd,against
2026-03-01,11:00,76986,Premier League 25/26,25/26,Matchweek 28,Sun,Away,L,1.0,2.0,Manchester Utd,1.0,20.0,11.0,55.0,0.05,0.091,,,Crystal Palace,against
2026-03-01,11:00,76986,Premier League 25/26,25/26,Matchweek 28,Sun,Home,W,2.0,1.0,Tottenham Hotspur,2.0,13.0,1.0,7.7,0.154,2.0,,,Fulham,against
2026-03-01,11:00,76986,Premier League 25/26,25/26,Matchweek 28,Sun,Away,L,1.0,2.0,Fulham,1.0,18.0,4.0,22.2,0.056,0.25,,,Tottenham Hotspur,against
2026-03-01,11:00,76986,Premier League 25/26,25/26,Matchweek 28,Sun,Home,W,2.0,1.0,Nottingham Forest,2.0,13.0,4.0,30.8,0.154,0.5,,,Brighton,against
2026-03-01,11:00,76986,Premier League 25/26,25/26,Matchweek 28,Sun,Away,L,1.0,2.0,Brighton,1.0,14.0,7.0,50.0,0.071,0.143,,,Nottingham Forest,against
2026-03-01,13:30,76986,Premier League 25/26,25/26,Matchweek 28,Sun,Home,W,2.0,1.0,Chelsea,2.0,9.0,3.0,33.3,0.222,0.667,,,Arsenal,against
2026-03-01,13:30,76986,Premier League 25/26,25/26,Matchweek 28,Sun,Away,L,1.0,2.0,Arsenal,1.0,12.0,5.0,41.7,0.083,0.2,,,Chelsea,against
2026-03-04,16:30,76986,Premier League 25/26,25/26,Matchweek 29,Wed,Home,D,2.0,2.0,Nottingham Forest,2.0,9.0,4.0,44.4,0.222,0.5,,,Manchester City,against
2026-03-04,16:30,76986,Premier League 25/26,25/26,Matchweek 29,Wed,Away,D,2.0,2.0,Manchester City,2.0,21.0,7.0,33.3,0.095,0.286,,,Nottingham Forest,against
2026-03-04,16:30,76986,Premier League 25/26,25/26,Matchweek 29,Wed,Home,L,0.0,1.0,Arsenal,0.0,7.0,2.0,28.6,0.0,0.0,,,Brighton,against
2026-03-04,16:30,76986,Premier League 25/26,25/26,Matchweek 29,Wed,Away,W,1.0,0.0,Brighton,1.0,11.0,3.0,27.3,0.091,0.333,,,Arsenal,against
2026-03-04,16:30,76986,Premier League 25/26,25/26,Matchweek 29,Wed,Home,L,1.0,4.0,Chelsea,1.0,15.0,8.0,53.3,0.067,0.125,,,Aston Villa,against
2026-03-04,16:30,76986,Premier League 25/26,25/26,Matchweek 29,Wed,Away,W,4.0,1.0,Aston Villa,4.0,9.0,4.0,44.4,0.444,1.0,,,Chelsea,against
2026-03-04,16:30,76986,Premier League 25/26,25/26,Matchweek 29,Wed,Home,L,0.0,1.0,West Ham United,0.0,9.0,3.0,33.3,0.0,0.0,,,Fulham,against
2026-03-04,16:30,76986,Premier League 25/26,25/26,Matchweek 29,Wed,Away,W,1.0,0.0,Fulham,1.0,13.0,5.0,38.5,0.077,0.2,,,West Ham United,against
2026-03-04,17:15,76986,Premier League 25/26,25/26,Matchweek 29,Wed,Home,W,2.0,1.0,Manchester Utd,2.0,14.0,5.0,35.7,0.143,0.4,,,Newcastle United,against
2026-03-04,17:15,76986,Premier League 25/26,25/26,Matchweek 29,Wed,Away,L,1.0,2.0,Newcastle United,1.0,12.0,5.0,41.7,0.083,0.2,,,Manchester Utd,against
2026-03-05,17:00,76986,Premier League 25/26,25/26,Matchweek 29,Thu,Home,L,1.0,3.0,Crystal Palace,1.0,9.0,4.0,44.4,0.111,0.25,,,Tottenham Hotspur,against
2026-03-05,17:00,76986,Premier League 25/26,25/26,Matchweek 29,Thu,Away,W,3.0,1.0,Tottenham Hotspur,3.0,12.0,4.0,33.3,0.25,0.75,,,Crystal Palace,against
2026-03-14,12:00,76986,Premier League 25/26,25/26,Matchweek 30,Sat,Home,L,0.0,1.0,Brighton,0.0,12.0,4.0,33.3,0.0,0.0,,,Sunderland,against
2026-03-14,12:00,76986,Premier League 25/26,25/26,Matchweek 30,Sat,Away,W,1.0,0.0,Sunderland,1.0,14.0,4.0,28.6,0.071,0.25,,,Brighton,against
2026-03-14,12:00,76986,Premier League 25/26,25/26,Matchweek 30,Sat,Home,D,0.0,0.0,Bournemouth,0.0,22.0,3.0,13.6,0.0,0.0,,,Burnley,against
2026-03-14,12:00,76986,Premier League 25/26,25/26,Matchweek 30,Sat,Away,D,0.0,0.0,Burnley,0.0,15.0,2.0,13.3,0.0,0.0,,,Bournemouth,against
2026-03-14,14:30,76986,Premier League 25/26,25/26,Matchweek 30,Sat,Home,W,2.0,0.0,Everton,2.0,9.0,3.0,33.3,0.222,0.667,,,Arsenal,against
2026-03-14,14:30,76986,Premier League 25/26,25/26,Matchweek 30,Sat,Away,L,0.0,2.0,Arsenal,0.0,25.0,7.0,28.0,0.0,0.0,,,Everton,against
2026-03-14,14:30,76986,Premier League 25/26,25/26,Matchweek 30,Sat,Home,L,0.0,1.0,Newcastle United,0.0,7.0,5.0,71.4,0.0,0.0,,,Chelsea,against
2026-03-14,14:30,76986,Premier League 25/26,25/26,Matchweek 30,Sat,Away,W,1.0,0.0,Chelsea,1.0,22.0,3.0,13.6,0.045,0.333,,,Newcastle United,against
2026-03-14,17:00,76986,Premier League 25/26,25/26,Matchweek 30,Sat,Home,D,1.0,1.0,Manchester City,1.0,24.0,6.0,25.0,0.042,0.167,,,West Ham United,against
2026-03-14,17:00,76986,Premier League 25/26,25/26,Matchweek 30,Sat,Away,D,1.0,1.0,West Ham United,1.0,1.0,1.0,100.0,1.0,1.0,,,Manchester City,against
2026-03-15,11:00,76986,Premier League 25/26,25/26,Matchweek 30,Sun,Home,W,3.0,1.0,Aston Villa,3.0,9.0,2.0,22.2,0.333,1.5,,,Manchester Utd,against
2026-03-15,11:00,76986,Premier League 25/26,25/26,Matchweek 30,Sun,Away,L,1.0,3.0,Manchester Utd,1.0,16.0,6.0,37.5,0.062,0.167,,,Aston Villa,against
2026-03-15,11:00,76986,Premier League 25/26,25/26,Matchweek 30,Sun,Home,D,0.0,0.0,Fulham,0.0,6.0,1.0,16.7,0.0,0.0,,,Nottingham Forest,against
2026-03-15,11:00,76986,Premier League 25/26,25/26,Matchweek 30,Sun,Away,D,0.0,0.0,Nottingham Forest,0.0,11.0,2.0,18.2,0.0,0.0,,,Fulham,against
2026-03-15,11:00,76986,Premier League 25/26,25/26,Matchweek 30,Sun,Home,D,0.0,0.0,Leeds United,0.0,10.0,3.0,30.0,0.0,0.0,,,Crystal Palace,against
2026-03-15,11:00,76986,Premier League 25/26,25/26,Matchweek 30,Sun,Away,D,0.0,0.0,Crystal Palace,0.0,12.0,0.0,0.0,0.0,,,,Leeds United,against
2026-03-15,13:30,76986,Premier League 25/26,25/26,Matchweek 30,Sun,Home,D,1.0,1.0,Tottenham Hotspur,1.0,13.0,7.0,53.8,0.077,0.143,,,Liverpool FC,against
2026-03-15,13:30,76986,Premier League 25/26,25/26,Matchweek 30,Sun,Away,D,1.0,1.0,Liverpool FC,1.0,17.0,4.0,23.5,0.059,0.25,,,Tottenham Hotspur,against
2026-03-16,17:00,76986,Premier League 25/26,25/26,Matchweek 30,Mon,Home,D,2.0,2.0,Wolves,2.0,13.0,4.0,30.8,0.154,0.5,,,Brentford,against
2026-03-16,17:00,76986,Premier League 25/26,25/26,Matchweek 30,Mon,Away,D,2.0,2.0,Brentford,2.0,10.0,3.0,30.0,0.2,0.667,,,Wolves,against
2026-03-20,17:00,76986,Premier League 25/26,25/26,Matchweek 31,Fri,Home,D,2.0,2.0,Manchester Utd,2.0,14.0,5.0,35.7,0.143,0.4,,,Bournemouth,against
2026-03-20,17:00,76986,Premier League 25/26,25/26,Matchweek 31,Fri,Away,D,2.0,2.0,Bournemouth,2.0,16.0,5.0,31.2,0.125,0.4,,,Manchester Utd,against
2026-03-21,09:45,76986,Premier League 25/26,25/26,Matchweek 31,Sat,Home,W,2.0,1.0,Liverpool FC,2.0,12.0,5.0,41.7,0.167,0.4,,,Brighton,against
2026-03-21,09:45,76986,Premier League 25/26,25/26,Matchweek 31,Sat,Away,L,1.0,2.0,Brighton,1.0,16.0,7.0,43.8,0.062,0.143,,,Liverpool FC,against
2026-03-21,12:00,76986,Premier League 25/26,25/26,Matchweek 31,Sat,Home,,,,Crystal Palace,,,,,,,,,Manchester City,against
2026-03-21,12:00,76986,Premier League 25/26,25/26,Matchweek 31,Sat,Away,,,,Manchester City,,,,,,,,,Crystal Palace,against
2026-03-21,12:00,76986,Premier League 25/26,25/26,Matchweek 31,Sat,Home,W,3.0,1.0,Burnley,3.0,9.0,5.0,55.6,0.333,0.6,,,Fulham,against
2026-03-21,12:00,76986,Premier League 25/26,25/26,Matchweek 31,Sat,Away,L,1.0,3.0,Fulham,1.0,22.0,6.0,27.3,0.045,0.167,,,Burnley,against
2026-03-21,14:30,76986,Premier League 25/26,25/26,Matchweek 31,Sat,Home,W,3.0,0.0,Chelsea,3.0,12.0,4.0,33.3,0.25,0.75,,,Everton,against
2026-03-21,14:30,76986,Premier League 25/26,25/26,Matchweek 31,Sat,Away,L,0.0,3.0,Everton,0.0,10.0,9.0,90.0,0.0,0.0,,,Chelsea,against
2026-03-21,17:00,76986,Premier League 25/26,25/26,Matchweek 31,Sat,Home,D,0.0,0.0,Brentford,0.0,6.0,2.0,33.3,0.0,0.0,,,Leeds United,against
2026-03-21,17:00,76986,Premier League 25/26,25/26,Matchweek 31,Sat,Away,D,0.0,0.0,Leeds United,0.0,14.0,4.0,28.6,0.0,0.0,,,Brentford,against
2026-03-22,09:00,76986,Premier League 25/26,25/26,Matchweek 31,Sun,Home,L,1.0,2.0,Sunderland,1.0,17.0,7.0,41.2,0.059,0.143,,,Newcastle United,against
2026-03-22,09:00,76986,Premier League 25/26,25/26,Matchweek 31,Sun,Away,W,2.0,1.0,Newcastle United,2.0,16.0,4.0,25.0,0.125,0.5,,,Sunderland,against
2026-03-22,11:15,76986,Premier League 25/26,25/26,Matchweek 31,Sun,Home,L,0.0,3.0,Nottingham Forest,0.0,8.0,7.0,87.5,0.0,0.0,,,Tottenham Hotspur,against
2026-03-22,11:15,76986,Premier League 25/26,25/26,Matchweek 31,Sun,Away,W,3.0,0.0,Tottenham Hotspur,3.0,14.0,3.0,21.4,0.214,1.0,,,Nottingham Forest,against
2026-03-22,11:15,76986,Premier League 25/26,25/26,Matchweek 31,Sun,Home,W,2.0,0.0,West Ham United,2.0,9.0,1.0,11.1,0.222,2.0,,,Aston Villa,against
2026-03-22,11:15,76986,Premier League 25/26,25/26,Matchweek 31,Sun,Away,L,0.0,2.0,Aston Villa,0.0,23.0,7.0,30.4,0.0,0.0,,,West Ham United,against
2026-04-10,16:00,76986,Premier League 25/26,25/26,Matchweek 32,Fri,Home,W,4.0,0.0,Wolves,4.0,14.0,3.0,21.4,0.286,1.333,,,West Ham United,against
2026-04-10,16:00,76986,Premier League 25/26,25/26,Matchweek 32,Fri,Away,L,0.0,4.0,West Ham United,0.0,18.0,7.0,38.9,0.0,0.0,,,Wolves,against
2026-04-11,08:30,76986,Premier League 25/26,25/26,Matchweek 32,Sat,Home,L,1.0,2.0,Bournemouth,1.0,8.0,3.0,37.5,0.125,0.333,,,Arsenal,against
2026-04-11,08:30,76986,Premier League 25/26,25/26,Matchweek 32,Sat,Away,W,2.0,1.0,Arsenal,2.0,15.0,3.0,20.0,0.133,0.667,,,Bournemouth,against
2026-04-11,11:00,76986,Premier League 25/26,25/26,Matchweek 32,Sat,Home,D,2.0,2.0,Everton,2.0,14.0,7.0,50.0,0.143,0.286,,,Brentford,against
2026-04-11,11:00,76986,Premier League 25/26,25/26,Matchweek 32,Sat,Away,D,2.0,2.0,Brentford,2.0,17.0,4.0,23.5,0.118,0.5,,,Everton,against
2026-04-11,11:00,76986,Premier League 25/26,25/26,Matchweek 32,Sat,Home,L,0.0,2.0,Brighton,0.0,13.0,6.0,46.2,0.0,0.0,,,Burnley,against
2026-04-11,11:00,76986,Premier League 25/26,25/26,Matchweek 32,Sat,Away,W,2.0,0.0,Burnley,2.0,10.0,5.0,50.0,0.2,0.4,,,Brighton,against
2026-04-11,13:30,76986,Premier League 25/26,25/26,Matchweek 32,Sat,Home,W,2.0,0.0,Fulham,2.0,19.0,4.0,21.1,0.105,0.5,,,Liverpool FC,against
2026-04-11,13:30,76986,Premier League 25/26,25/26,Matchweek 32,Sat,Away,L,0.0,2.0,Liverpool FC,0.0,18.0,5.0,27.8,0.0,0.0,,,Fulham,against
2026-04-12,10:00,76986,Premier League 25/26,25/26,Matchweek 32,Sun,Home,W,1.0,0.0,Tottenham Hotspur,1.0,11.0,7.0,63.6,0.091,0.143,,,Sunderland,against
2026-04-12,10:00,76986,Premier League 25/26,25/26,Matchweek 32,Sun,Away,L,0.0,1.0,Sunderland,0.0,13.0,2.0,15.4,0.0,0.0,,,Tottenham Hotspur,against
2026-04-12,10:00,76986,Premier League 25/26,25/26,Matchweek 32,Sun,Home,D,1.0,1.0,Aston Villa,1.0,12.0,5.0,41.7,0.083,0.2,,,Nottingham Forest,against
2026-04-12,10:00,76986,Premier League 25/26,25/26,Matchweek 32,Sun,Away,D,1.0,1.0,Nottingham Forest,1.0,15.0,4.0,26.7,0.067,0.25,,,Aston Villa,against
2026-04-12,10:00,76986,Premier League 25/26,25/26,Matchweek 32,Sun,Home,W,2.0,1.0,Newcastle United,2.0,7.0,3.0,42.9,0.286,0.667,,,Crystal Palace,against
2026-04-12,10:00,76986,Premier League 25/26,25/26,Matchweek 32,Sun,Away,L,1.0,2.0,Crystal Palace,1.0,11.0,5.0,45.5,0.091,0.2,,,Newcastle United,against
2026-04-12,12:30,76986,Premier League 25/26,25/26,Matchweek 32,Sun,Home,L,0.0,3.0,Manchester City,0.0,18.0,8.0,44.4,0.0,0.0,,,Chelsea,against
2026-04-12,12:30,76986,Premier League 25/26,25/26,Matchweek 32,Sun,Away,W,3.0,0.0,Chelsea,3.0,12.0,3.0,25.0,0.25,1.0,,,Manchester City,against
2026-04-13,16:00,76986,Premier League 25/26,25/26,Matchweek 32,Mon,Home,L,1.0,2.0,Leeds United,1.0,15.0,6.0,40.0,0.067,0.167,,,Manchester Utd,against
2026-04-13,16:00,76986,Premier League 25/26,25/26,Matchweek 32,Mon,Away,W,2.0,1.0,Manchester Utd,2.0,20.0,9.0,45.0,0.1,0.222,,,Leeds United,against
2026-04-18,08:30,76986,Premier League 25/26,25/26,Matchweek 33,Sat,Home,D,0.0,0.0,Fulham,0.0,11.0,0.0,0.0,0.0,,,,Brentford,against
2026-04-18,08:30,76986,Premier League 25/26,25/26,Matchweek 33,Sat,Away,D,0.0,0.0,Brentford,0.0,13.0,4.0,30.8,0.0,0.0,,,Fulham,against
2026-04-18,11:00,76986,Premier League 25/26,25/26,Matchweek 33,Sat,Home,L,1.0,2.0,Bournemouth,1.0,12.0,3.0,25.0,0.083,0.333,,,Newcastle United,against
2026-04-18,11:00,76986,Premier League 25/26,25/26,Matchweek 33,Sat,Away,W,2.0,1.0,Newcastle United,2.0,12.0,3.0,25.0,0.167,0.667,,,Bournemouth,against
2026-04-18,11:00,76986,Premier League 25/26,25/26,Matchweek 33,Sat,Home,W,3.0,0.0,Wolves,3.0,7.0,2.0,28.6,0.429,1.5,,,Leeds United,against
2026-04-18,11:00,76986,Premier League 25/26,25/26,Matchweek 33,Sat,Away,L,0.0,3.0,Leeds United,0.0,17.0,6.0,35.3,0.0,0.0,,,Wolves,against
2026-04-18,13:30,76986,Premier League 25/26,25/26,Matchweek 33,Sat,Home,D,2.0,2.0,Brighton,2.0,10.0,3.0,30.0,0.2,0.667,,,Tottenham Hotspur,against
2026-04-18,13:30,76986,Premier League 25/26,25/26,Matchweek 33,Sat,Away,D,2.0,2.0,Tottenham Hotspur,2.0,13.0,6.0,46.2,0.154,0.333,,,Brighton,against
2026-04-18,16:00,76986,Premier League 25/26,25/26,Matchweek 33,Sat,Home,L,0.0,1.0,Manchester Utd,0.0,4.0,1.0,25.0,0.0,0.0,,,Chelsea,against
2026-04-18,16:00,76986,Premier League 25/26,25/26,Matchweek 33,Sat,Away,W,1.0,0.0,Chelsea,1.0,21.0,3.0,14.3,0.048,0.333,,,Manchester Utd,against
2026-04-19,10:00,76986,Premier League 25/26,25/26,Matchweek 33,Sun,Home,L,1.0,2.0,Liverpool FC,1.0,14.0,6.0,42.9,0.071,0.167,,,Everton,against
2026-04-19,10:00,76986,Premier League 25/26,25/26,Matchweek 33,Sun,Away,W,2.0,1.0,Everton,2.0,10.0,4.0,40.0,0.2,0.5,,,Liverpool FC,against
2026-04-19,10:00,76986,Premier League 25/26,25/26,Matchweek 33,Sun,Home,W,4.0,3.0,Sunderland,4.0,10.0,7.0,70.0,0.4,0.571,,,Aston Villa,against
2026-04-19,10:00,76986,Premier League 25/26,25/26,Matchweek 33,Sun,Away,L,3.0,4.0,Aston Villa,3.0,15.0,7.0,46.7,0.2,0.429,,,Sunderland,against
2026-04-19,10:00,76986,Premier League 25/26,25/26,Matchweek 33,Sun,Home,W,4.0,1.0,Burnley,4.0,4.0,3.0,75.0,1.0,1.333,,,Nottingham Forest,against
2026-04-19,10:00,76986,Premier League 25/26,25/26,Matchweek 33,Sun,Away,L,1.0,4.0,Nottingham Forest,1.0,10.0,4.0,40.0,0.1,0.25,,,Burnley,against
2026-04-19,12:30,76986,Premier League 25/26,25/26,Matchweek 33,Sun,Home,W,2.0,1.0,Arsenal,2.0,9.0,3.0,33.3,0.222,0.667,,,Manchester City,against
2026-04-19,12:30,76986,Premier League 25/26,25/26,Matchweek 33,Sun,Away,L,1.0,2.0,Manchester City,1.0,15.0,5.0,33.3,0.067,0.2,,,Arsenal,against
2026-04-20,16:00,76986,Premier League 25/26,25/26,Matchweek 33,Mon,Home,D,0.0,0.0,West Ham United,0.0,9.0,4.0,44.4,0.0,0.0,,,Crystal Palace,against
2026-04-20,16:00,76986,Premier League 25/26,25/26,Matchweek 33,Mon,Away,D,0.0,0.0,Crystal Palace,0.0,9.0,1.0,11.1,0.0,0.0,,,West Ham United,against
2026-04-21,16:00,76986,Premier League 25/26,25/26,Matchweek 34,Tue,Home,W,3.0,0.0,Chelsea,3.0,6.0,0.0,0.0,0.5,,,,Brighton,against
2026-04-21,16:00,76986,Premier League 25/26,25/26,Matchweek 34,Tue,Away,L,0.0,3.0,Brighton,0.0,15.0,9.0,60.0,0.0,0.0,,,Chelsea,against
2026-04-22,16:00,76986,Premier League 25/26,25/26,Matchweek 34,Wed,Home,L,0.0,1.0,Manchester City,0.0,28.0,9.0,32.1,0.0,0.0,,,Burnley,against
2026-04-22,16:00,76986,Premier League 25/26,25/26,Matchweek 34,Wed,Away,W,1.0,0.0,Burnley,1.0,9.0,1.0,11.1,0.111,1.0,,,Manchester City,against
2026-04-22,16:00,76986,Premier League 25/26,25/26,Matchweek 34,Wed,Home,D,2.0,2.0,Leeds United,2.0,10.0,3.0,30.0,0.2,0.667,,,Bournemouth,against
2026-04-22,16:00,76986,Premier League 25/26,25/26,Matchweek 34,Wed,Away,D,2.0,2.0,Bournemouth,2.0,17.0,7.0,41.2,0.118,0.286,,,Leeds United,against
2026-04-24,16:00,76986,Premier League 25/26,25/26,Matchweek 34,Fri,Home,L,0.0,5.0,Nottingham Forest,0.0,10.0,6.0,60.0,0.0,0.0,,,Sunderland,against
2026-04-24,16:00,76986,Premier League 25/26,25/26,Matchweek 34,Fri,Away,W,5.0,0.0,Sunderland,5.0,14.0,4.0,28.6,0.357,1.25,,,Nottingham Forest,against
2026-04-25,08:30,76986,Premier League 25/26,25/26,Matchweek 34,Sat,Home,W,1.0,0.0,Aston Villa,1.0,10.0,1.0,10.0,0.1,1.0,,,Fulham,against
2026-04-25,08:30,76986,Premier League 25/26,25/26,Matchweek 34,Sat,Away,L,0.0,1.0,Fulham,0.0,13.0,6.0,46.2,0.0,0.0,,,Aston Villa,against
2026-04-25,11:00,76986,Premier League 25/26,25/26,Matchweek 34,Sat,Home,W,3.0,1.0,Crystal Palace,3.0,14.0,7.0,50.0,0.214,0.429,,,Liverpool FC,against
2026-04-25,11:00,76986,Premier League 25/26,25/26,Matchweek 34,Sat,Away,L,1.0,3.0,Liverpool FC,1.0,9.0,3.0,33.3,0.111,0.333,,,Crystal Palace,against
2026-04-25,11:00,76986,Premier League 25/26,25/26,Matchweek 34,Sat,Home,L,0.0,1.0,Tottenham Hotspur,0.0,11.0,2.0,18.2,0.0,0.0,,,Wolves,against
2026-04-25,11:00,76986,Premier League 25/26,25/26,Matchweek 34,Sat,Away,W,1.0,0.0,Wolves,1.0,11.0,2.0,18.2,0.091,0.5,,,Tottenham Hotspur,against
2026-04-25,11:00,76986,Premier League 25/26,25/26,Matchweek 34,Sat,Home,W,2.0,1.0,Everton,2.0,11.0,3.0,27.3,0.182,0.667,,,West Ham United,against
2026-04-25,11:00,76986,Premier League 25/26,25/26,Matchweek 34,Sat,Away,L,1.0,2.0,West Ham United,1.0,10.0,3.0,30.0,0.1,0.333,,,Everton,against
2026-04-25,13:30,76986,Premier League 25/26,25/26,Matchweek 34,Sat,Home,W,1.0,0.0,Newcastle United,1.0,13.0,3.0,23.1,0.077,0.333,,,Arsenal,against
2026-04-25,13:30,76986,Premier League 25/26,25/26,Matchweek 34,Sat,Away,L,0.0,1.0,Arsenal,0.0,11.0,4.0,36.4,0.0,0.0,,,Newcastle United,against
2026-04-27,16:00,76986,Premier League 25/26,25/26,Matchweek 34,Mon,Home,W,2.0,1.0,Brentford,2.0,12.0,4.0,33.3,0.167,0.5,,,Manchester Utd,against
2026-04-27,16:00,76986,Premier League 25/26,25/26,Matchweek 34,Mon,Away,L,1.0,2.0,Manchester Utd,1.0,11.0,6.0,54.5,0.091,0.167,,,Brentford,against
2026-05-01,16:00,76986,Premier League 25/26,25/26,Matchweek 35,Fri,Home,W,3.0,1.0,Burnley,3.0,9.0,3.0,33.3,0.333,1.0,,,Leeds United,against
2026-05-01,16:00,76986,Premier League 25/26,25/26,Matchweek 35,Fri,Away,L,1.0,3.0,Leeds United,1.0,18.0,8.0,44.4,0.056,0.125,,,Burnley,against
2026-05-02,11:00,76986,Premier League 25/26,25/26,Matchweek 35,Sat,Home,W,3.0,1.0,Brighton,3.0,13.0,4.0,30.8,0.231,0.75,,,Newcastle United,against
2026-05-02,11:00,76986,Premier League 25/26,25/26,Matchweek 35,Sat,Away,L,1.0,3.0,Newcastle United,1.0,13.0,6.0,46.2,0.077,0.167,,,Brighton,against
2026-05-02,11:00,76986,Premier League 25/26,25/26,Matchweek 35,Sat,Home,W,3.0,0.0,West Ham United,3.0,13.0,4.0,30.8,0.231,0.75,,,Brentford,against
2026-05-02,11:00,76986,Premier League 25/26,25/26,Matchweek 35,Sat,Away,L,0.0,3.0,Brentford,0.0,14.0,6.0,42.9,0.0,0.0,,,West Ham United,against
2026-05-02,11:00,76986,Premier League 25/26,25/26,Matchweek 35,Sat,Home,D,1.0,1.0,Sunderland,1.0,10.0,2.0,20.0,0.1,0.5,,,Wolves,against
2026-05-02,11:00,76986,Premier League 25/26,25/26,Matchweek 35,Sat,Away,D,1.0,1.0,Wolves,1.0,20.0,7.0,35.0,0.05,0.143,,,Sunderland,against
2026-05-02,13:30,76986,Premier League 25/26,25/26,Matchweek 35,Sat,Home,W,3.0,0.0,Fulham,3.0,10.0,1.0,10.0,0.3,3.0,,,Arsenal,against
2026-05-02,13:30,76986,Premier League 25/26,25/26,Matchweek 35,Sat,Away,L,0.0,3.0,Arsenal,0.0,18.0,9.0,50.0,0.0,0.0,,,Fulham,against
2026-05-03,10:00,76986,Premier League 25/26,25/26,Matchweek 35,Sun,Home,,,,Crystal Palace,,,,,,,,,Bournemouth,against
2026-05-03,10:00,76986,Premier League 25/26,25/26,Matchweek 35,Sun,Away,,,,Bournemouth,,,,,,,,,Crystal Palace,against
2026-05-03,11:30,76986,Premier League 25/26,25/26,Matchweek 35,Sun,Home,,,,Liverpool FC,,,,,,,,,Manchester Utd,against
2026-05-03,11:30,76986,Premier League 25/26,25/26,Matchweek 35,Sun,Away,,,,Manchester Utd,,,,,,,,,Liverpool FC,against
2026-05-03,15:00,76986,Premier League 25/26,25/26,Matchweek 35,Sun,Home,,,,Tottenham Hotspur,,,,,,,,,Aston Villa,against
2026-05-03,15:00,76986,Premier League 25/26,25/26,Matchweek 35,Sun,Away,,,,Aston Villa,,,,,,,,,Tottenham Hotspur,against
2026-05-04,11:00,76986,Premier League 25/26,25/26,Matchweek 35,Mon,Home,,,,Nottingham Forest,,,,,,,,,Chelsea,against
2026-05-04,11:00,76986,Premier League 25/26,25/26,Matchweek 35,Mon,Away,,,,Chelsea,,,,,,,,,Nottingham Forest,against
2026-05-04,16:00,76986,Premier League 25/26,25/26,Matchweek 35,Mon,Home,,,,Manchester City,,,,,,,,,Everton,against
2026-05-04,16:00,76986,Premier League 25/26,25/26,Matchweek 35,Mon,Away,,,,Everton,,,,,,,,,Manchester City,against
2026-05-09,08:30,76986,Premier League 25/26,25/26,Matchweek 36,Sat,Home,,,,Chelsea,,,,,,,,,Liverpool FC,against
2026-05-09,08:30,76986,Premier League 25/26,25/26,Matchweek 36,Sat,Away,,,,Liverpool FC,,,,,,,,,Chelsea,against
2026-05-09,11:00,76986,Premier League 25/26,25/26,Matchweek 36,Sat,Home,,,,Manchester Utd,,,,,,,,,Sunderland,against
2026-05-09,11:00,76986,Premier League 25/26,25/26,Matchweek 36,Sat,Away,,,,Sunderland,,,,,,,,,Manchester Utd,against
2026-05-09,11:00,76986,Premier League 25/26,25/26,Matchweek 36,Sat,Home,,,,Wolves,,,,,,,,,Brighton,against
2026-05-09,11:00,76986,Premier League 25/26,25/26,Matchweek 36,Sat,Away,,,,Brighton,,,,,,,,,Wolves,against
2026-05-09,11:00,76986,Premier League 25/26,25/26,Matchweek 36,Sat,Home,,,,Bournemouth,,,,,,,,,Fulham,against
2026-05-09,11:00,76986,Premier League 25/26,25/26,Matchweek 36,Sat,Away,,,,Fulham,,,,,,,,,Bournemouth,against
2026-05-09,13:30,76986,Premier League 25/26,25/26,Matchweek 36,Sat,Home,,,,Brentford,,,,,,,,,Manchester City,against
2026-05-09,13:30,76986,Premier League 25/26,25/26,Matchweek 36,Sat,Away,,,,Manchester City,,,,,,,,,Brentford,against
2026-05-10,10:00,76986,Premier League 25/26,25/26,Matchweek 36,Sun,Home,,,,Newcastle United,,,,,,,,,Nottingham Forest,against
2026-05-10,10:00,76986,Premier League 25/26,25/26,Matchweek 36,Sun,Away,,,,Nottingham Forest,,,,,,,,,Newcastle United,against
2026-05-10,10:00,76986,Premier League 25/26,25/26,Matchweek 36,Sun,Home,,,,Aston Villa,,,,,,,,,Burnley,against
2026-05-10,10:00,76986,Premier League 25/26,25/26,Matchweek 36,Sun,Away,,,,Burnley,,,,,,,,,Aston Villa,against
2026-05-10,10:00,76986,Premier League 25/26,25/26,Matchweek 36,Sun,Home,,,,Everton,,,,,,,,,Crystal Palace,against
2026-05-10,10:00,76986,Premier League 25/26,25/26,Matchweek 36,Sun,Away,,,,Crystal Palace,,,,,,,,,Everton,against
2026-05-10,12:30,76986,Premier League 25/26,25/26,Matchweek 36,Sun,Home,,,,Arsenal,,,,,,,,,West Ham United,against
2026-05-10,12:30,76986,Premier League 25/26,25/26,Matchweek 36,Sun,Away,,,,West Ham United,,,,,,,,,Arsenal,against
2026-05-11,16:00,76986,Premier League 25/26,25/26,Matchweek 36,Mon,Home,,,,Leeds United,,,,,,,,,Tottenham Hotspur,against
2026-05-11,16:00,76986,Premier League 25/26,25/26,Matchweek 36,Mon,Away,,,,Tottenham Hotspur,,,,,,,,,Leeds United,against
2026-05-13,16:00,76986,Premier League 25/26,25/26,Matchweek 31,Wed,Home,,,,Crystal Palace,,,,,,,,,Manchester City,against
2026-05-13,16:00,76986,Premier League 25/26,25/26,Matchweek 31,Wed,Away,,,,Manchester City,,,,,,,,,Crystal Palace,against
2026-05-17,08:30,76986,Premier League 25/26,25/26,Matchweek 37,Sun,Home,,,,Liverpool FC,,,,,,,,,Aston Villa,against
2026-05-17,08:30,76986,Premier League 25/26,25/26,Matchweek 37,Sun,Away,,,,Aston Villa,,,,,,,,,Liverpool FC,against
2026-05-17,08:30,76986,Premier League 25/26,25/26,Matchweek 37,Sun,Home,,,,Nottingham Forest,,,,,,,,,Manchester Utd,against
2026-05-17,08:30,76986,Premier League 25/26,25/26,Matchweek 37,Sun,Away,,,,Manchester Utd,,,,,,,,,Nottingham Forest,against
2026-05-17,11:00,76986,Premier League 25/26,25/26,Matchweek 37,Sun,Home,,,,Tottenham Hotspur,,,,,,,,,Chelsea,against
2026-05-17,11:00,76986,Premier League 25/26,25/26,Matchweek 37,Sun,Away,,,,Chelsea,,,,,,,,,Tottenham Hotspur,against
2026-05-17,11:00,76986,Premier League 25/26,25/26,Matchweek 37,Sun,Home,,,,Crystal Palace,,,,,,,,,Brentford,against
2026-05-17,11:00,76986,Premier League 25/26,25/26,Matchweek 37,Sun,Away,,,,Brentford,,,,,,,,,Crystal Palace,against
2026-05-17,11:00,76986,Premier League 25/26,25/26,Matchweek 37,Sun,Home,,,,Brighton,,,,,,,,,Leeds United,against
2026-05-17,11:00,76986,Premier League 25/26,25/26,Matchweek 37,Sun,Away,,,,Leeds United,,,,,,,,,Brighton,against
2026-05-17,11:00,76986,Premier League 25/26,25/26,Matchweek 37,Sun,Home,,,,Sunderland,,,,,,,,,Everton,against
2026-05-17,11:00,76986,Premier League 25/26,25/26,Matchweek 37,Sun,Away,,,,Everton,,,,,,,,,Sunderland,against
2026-05-17,11:00,76986,Premier League 25/26,25/26,Matchweek 37,Sun,Home,,,,Fulham,,,,,,,,,Wolves,against
2026-05-17,11:00,76986,Premier League 25/26,25/26,Matchweek 37,Sun,Away,,,,Wolves,,,,,,,,,Fulham,against
2026-05-17,13:30,76986,Premier League 25/26,25/26,Matchweek 37,Sun,Home,,,,West Ham United,,,,,,,,,Newcastle United,against
2026-05-17,13:30,76986,Premier League 25/26,25/26,Matchweek 37,Sun,Away,,,,Newcastle United,,,,,,,,,West Ham United,against
2026-05-18,16:00,76986,Premier League 25/26,25/26,Matchweek 37,Mon,Home,,,,Burnley,,,,,,,,,Arsenal,against
2026-05-18,16:00,76986,Premier League 25/26,25/26,Matchweek 37,Mon,Away,,,,Arsenal,,,,,,,,,Burnley,against
2026-05-19,15:30,76986,Premier League 25/26,25/26,Matchweek 37,Tue,Home,,,,Manchester City,,,,,,,,,Bournemouth,against
2026-05-19,15:30,76986,Premier League 25/26,25/26,Matchweek 37,Tue,Away,,,,Bournemouth,,,,,,,,,Manchester City,against
2026-05-19,16:15,76986,Premier League 25/26,25/26,Matchweek 37,Tue,Home,,,,Tottenham Hotspur,,,,,,,,,Chelsea,against
2026-05-19,16:15,76986,Premier League 25/26,25/26,Matchweek 37,Tue,Away,,,,Chelsea,,,,,,,,,Tottenham Hotspur,against
2026-05-24,12:00,76986,Premier League 25/26,25/26,Matchweek 38,Sun,Home,,,,Aston Villa,,,,,,,,,Manchester City,against
2026-05-24,12:00,76986,Premier League 25/26,25/26,Matchweek 38,Sun,Away,,,,Manchester City,,,,,,,,,Aston Villa,against
2026-05-24,12:00,76986,Premier League 25/26,25/26,Matchweek 38,Sun,Home,,,,Brentford,,,,,,,,,Liverpool FC,against
2026-05-24,12:00,76986,Premier League 25/26,25/26,Matchweek 38,Sun,Away,,,,Liverpool FC,,,,,,,,,Brentford,against
2026-05-24,12:00,76986,Premier League 25/26,25/26,Matchweek 38,Sun,Home,,,,Manchester Utd,,,,,,,,,Brighton,against
2026-05-24,12:00,76986,Premier League 25/26,25/26,Matchweek 38,Sun,Away,,,,Brighton,,,,,,,,,Manchester Utd,against
2026-05-24,12:00,76986,Premier League 25/26,25/26,Matchweek 38,Sun,Home,,,,Arsenal,,,,,,,,,Crystal Palace,against
2026-05-24,12:00,76986,Premier League 25/26,25/26,Matchweek 38,Sun,Away,,,,Crystal Palace,,,,,,,,,Arsenal,against
2026-05-24,12:00,76986,Premier League 25/26,25/26,Matchweek 38,Sun,Home,,,,Chelsea,,,,,,,,,Sunderland,against
2026-05-24,12:00,76986,Premier League 25/26,25/26,Matchweek 38,Sun,Away,,,,Sunderland,,,,,,,,,Chelsea,against
2026-05-24,12:00,76986,Premier League 25/26,25/26,Matchweek 38,Sun,Home,,,,Everton,,,,,,,,,Tottenham Hotspur,against
2026-05-24,12:00,76986,Premier League 25/26,25/26,Matchweek 38,Sun,Away,,,,Tottenham Hotspur,,,,,,,,,Everton,against
2026-05-24,12:00,76986,Premier League 25/26,25/26,Matchweek 38,Sun,Home,,,,Newcastle United,,,,,,,,,Fulham,against
2026-05-24,12:00,76986,Premier League 25/26,25/26,Matchweek 38,Sun,Away,,,,Fulham,,,,,,,,,Newcastle United,against
2026-05-24,12:00,76986,Premier League 25/26,25/26,Matchweek 38,Sun,Home,,,,Bournemouth,,,,,,,,,Nottingham Forest,against
2026-05-24,12:00,76986,Premier League 25/26,25/26,Matchweek 38,Sun,Away,,,,Nottingham Forest,,,,,,,,,Bournemouth,against
2026-05-24,12:00,76986,Premier League 25/26,25/26,Matchweek 38,Sun,Home,,,,Leeds United,,,,,,,,,West Ham United,against
2026-05-24,12:00,76986,Premier League 25/26,25/26,Matchweek 38,Sun,Away,,,,West Ham United,,,,,,,,,Leeds United,against
2026-05-24,12:00,76986,Premier League 25/26,25/26,Matchweek 38,Sun,Home,,,,Wolves,,,,,,,,,Burnley,against
2026-05-24,12:00,76986,Premier League 25/26,25/26,Matchweek 38,Sun,Away,,,,Burnley,,,,,,,,,Wolves,against
2024-08-16,16:00,61627,Premier League 24/25,24/25,Matchweek 1,Fri,Home,W,1.0,0.0,Fulham,1.0,10.0,2.0,20.0,0.1,0.5,,,Manchester Utd,against
2024-08-16,16:00,61627,Premier League 24/25,24/25,Matchweek 1,Fri,Away,L,0.0,1.0,Manchester Utd,0.0,14.0,5.0,35.7,0.0,0.0,,,Fulham,against
2024-08-17,08:30,61627,Premier League 24/25,24/25,Matchweek 1,Sat,Home,L,0.0,2.0,Liverpool,0.0,18.0,5.0,27.8,0.0,0.0,,,Ipswich Town,against
2024-08-17,08:30,61627,Premier League 24/25,24/25,Matchweek 1,Sat,Away,W,2.0,0.0,Ipswich Town,2.0,7.0,2.0,28.6,0.286,1.0,,,Liverpool,against
2024-08-17,11:00,61627,Premier League 24/25,24/25,Matchweek 1,Sat,Home,W,2.0,0.0,Wolves,2.0,9.0,3.0,33.3,0.222,0.667,,,Arsenal,against
2024-08-17,11:00,61627,Premier League 24/25,24/25,Matchweek 1,Sat,Away,L,0.0,2.0,Arsenal,0.0,18.0,6.0,33.3,0.0,0.0,,,Wolves,against
2024-08-17,11:00,61627,Premier League 24/25,24/25,Matchweek 1,Sat,Home,W,1.0,0.0,Southampton,1.0,19.0,4.0,21.1,0.053,0.25,,,Newcastle United,against
2024-08-17,11:00,61627,Premier League 24/25,24/25,Matchweek 1,Sat,Away,L,0.0,1.0,Newcastle United,0.0,3.0,1.0,33.3,0.0,0.0,,,Southampton,against
2024-08-17,11:00,61627,Premier League 24/25,24/25,Matchweek 1,Sat,Home,L,0.0,3.0,Brighton,0.0,10.0,5.0,50.0,0.0,0.0,,,Everton,against
2024-08-17,11:00,61627,Premier League 24/25,24/25,Matchweek 1,Sat,Away,W,3.0,0.0,Everton,3.0,9.0,1.0,11.1,0.333,3.0,,,Brighton,against
2024-08-17,11:00,61627,Premier League 24/25,24/25,Matchweek 1,Sat,Home,D,1.0,1.0,Bournemouth,1.0,13.0,4.0,30.8,0.077,0.25,,,Nottingham Forest,against
2024-08-17,11:00,61627,Premier League 24/25,24/25,Matchweek 1,Sat,Away,D,1.0,1.0,Nottingham Forest,1.0,14.0,8.0,57.1,0.071,0.125,,,Bournemouth,against
2024-08-17,13:30,61627,Premier League 24/25,24/25,Matchweek 1,Sat,Home,L,1.0,2.0,Aston Villa,1.0,15.0,3.0,20.0,0.067,0.333,,,West Ham United,against
2024-08-17,13:30,61627,Premier League 24/25,24/25,Matchweek 1,Sat,Away,W,2.0,1.0,West Ham United,2.0,14.0,3.0,21.4,0.143,0.667,,,Aston Villa,against
2024-08-18,10:00,61627,Premier League 24/25,24/25,Matchweek 1,Sun,Home,W,2.0,1.0,Crystal Palace,2.0,14.0,6.0,42.9,0.143,0.333,,,Brentford,against
2024-08-18,10:00,61627,Premier League 24/25,24/25,Matchweek 1,Sun,Away,L,1.0,2.0,Brentford,1.0,9.0,5.0,55.6,0.111,0.2,,,Crystal Palace,against
2024-08-18,12:30,61627,Premier League 24/25,24/25,Matchweek 1,Sun,Home,L,0.0,2.0,Manchester City,0.0,11.0,5.0,45.5,0.0,0.0,,,Chelsea,against
2024-08-18,12:30,61627,Premier League 24/25,24/25,Matchweek 1,Sun,Away,W,2.0,0.0,Chelsea,2.0,10.0,3.0,30.0,0.2,0.667,,,Manchester City,against
2024-08-19,16:00,61627,Premier League 24/25,24/25,Matchweek 1,Mon,Home,D,1.0,1.0,Tottenham Hotspur,1.0,15.0,7.0,46.7,0.067,0.143,,,Leicester City,against
2024-08-19,16:00,61627,Premier League 24/25,24/25,Matchweek 1,Mon,Away,D,1.0,1.0,Leicester City,1.0,7.0,3.0,42.9,0.143,0.333,,,Tottenham Hotspur,against
2024-08-24,08:30,61627,Premier League 24/25,24/25,Matchweek 2,Sat,Home,W,2.0,1.0,Manchester Utd,2.0,11.0,4.0,36.4,0.182,0.5,,,Brighton,against
2024-08-24,08:30,61627,Premier League 24/25,24/25,Matchweek 2,Sat,Away,L,1.0,2.0,Brighton,1.0,14.0,5.0,35.7,0.071,0.2,,,Manchester Utd,against
2024-08-24,11:00,61627,Premier League 24/25,24/25,Matchweek 2,Sat,Home,W,4.0,1.0,Ipswich Town,4.0,1.0,1.0,100.0,4.0,4.0,,,Manchester City,against
2024-08-24,11:00,61627,Premier League 24/25,24/25,Matchweek 2,Sat,Away,L,1.0,4.0,Manchester City,1.0,14.0,5.0,35.7,0.071,0.2,,,Ipswich Town,against
2024-08-24,11:00,61627,Premier League 24/25,24/25,Matchweek 2,Sat,Home,W,4.0,0.0,Everton,4.0,10.0,1.0,10.0,0.4,4.0,,,Tottenham Hotspur,against
2024-08-24,11:00,61627,Premier League 24/25,24/25,Matchweek 2,Sat,Away,L,0.0,4.0,Tottenham Hotspur,0.0,13.0,7.0,53.8,0.0,0.0,,,Everton,against
2024-08-24,11:00,61627,Premier League 24/25,24/25,Matchweek 2,Sat,Home,L,0.0,2.0,West Ham United,0.0,18.0,3.0,16.7,0.0,0.0,,,Crystal Palace,against
2024-08-24,11:00,61627,Premier League 24/25,24/25,Matchweek 2,Sat,Away,W,2.0,0.0,Crystal Palace,2.0,14.0,2.0,14.3,0.143,1.0,,,West Ham United,against
2024-08-24,11:00,61627,Premier League 24/25,24/25,Matchweek 2,Sat,Home,W,2.0,1.0,Leicester City,2.0,10.0,4.0,40.0,0.2,0.5,,,Fulham,against
2024-08-24,11:00,61627,Premier League 24/25,24/25,Matchweek 2,Sat,Away,L,1.0,2.0,Fulham,1.0,18.0,6.0,33.3,0.056,0.167,,,Leicester City,against
2024-08-24,11:00,61627,Premier League 24/25,24/25,Matchweek 2,Sat,Home,L,0.0,1.0,Nottingham Forest,0.0,23.0,8.0,34.8,0.0,0.0,,,Southampton,against
2024-08-24,11:00,61627,Premier League 24/25,24/25,Matchweek 2,Sat,Away,W,1.0,0.0,Southampton,1.0,5.0,1.0,20.0,0.2,1.0,,,Nottingham Forest,against
2024-08-24,13:30,61627,Premier League 24/25,24/25,Matchweek 2,Sat,Home,L,0.0,2.0,Arsenal,0.0,9.0,4.0,44.4,0.0,0.0,,,Aston Villa,against
2024-08-24,13:30,61627,Premier League 24/25,24/25,Matchweek 2,Sat,Away,W,2.0,0.0,Aston Villa,2.0,11.0,3.0,27.3,0.182,0.667,,,Arsenal,against
2024-08-25,10:00,61627,Premier League 24/25,24/25,Matchweek 2,Sun,Home,L,2.0,6.0,Chelsea,2.0,14.0,8.0,57.1,0.143,0.25,,,Wolves,against
2024-08-25,10:00,61627,Premier League 24/25,24/25,Matchweek 2,Sun,Away,W,6.0,2.0,Wolves,6.0,12.0,4.0,33.3,0.5,1.5,,,Chelsea,against
2024-08-25,10:00,61627,Premier League 24/25,24/25,Matchweek 2,Sun,Home,D,1.0,1.0,Newcastle United,1.0,14.0,5.0,35.7,0.071,0.2,,,Bournemouth,against
2024-08-25,10:00,61627,Premier League 24/25,24/25,Matchweek 2,Sun,Away,D,1.0,1.0,Bournemouth,1.0,16.0,4.0,25.0,0.062,0.25,,,Newcastle United,against
2024-08-25,12:30,61627,Premier League 24/25,24/25,Matchweek 2,Sun,Home,W,2.0,0.0,Brentford,2.0,8.0,2.0,25.0,0.25,1.0,,,Liverpool,against
2024-08-25,12:30,61627,Premier League 24/25,24/25,Matchweek 2,Sun,Away,L,0.0,2.0,Liverpool,0.0,19.0,8.0,42.1,0.0,0.0,,,Brentford,against
2024-08-31,08:30,61627,Premier League 24/25,24/25,Matchweek 3,Sat,Home,D,1.0,1.0,Brighton,1.0,22.0,4.0,18.2,0.045,0.25,,,Arsenal,against
2024-08-31,08:30,61627,Premier League 24/25,24/25,Matchweek 3,Sat,Away,D,1.0,1.0,Arsenal,1.0,11.0,7.0,63.6,0.091,0.143,,,Brighton,against
2024-08-31,11:00,61627,Premier League 24/25,24/25,Matchweek 3,Sat,Home,L,1.0,2.0,Aston Villa,1.0,10.0,5.0,50.0,0.1,0.2,,,Leicester City,against
2024-08-31,11:00,61627,Premier League 24/25,24/25,Matchweek 3,Sat,Away,W,2.0,1.0,Leicester City,2.0,9.0,3.0,33.3,0.222,0.667,,,Aston Villa,against
2024-08-31,11:00,61627,Premier League 24/25,24/25,Matchweek 3,Sat,Home,L,2.0,3.0,Bournemouth,2.0,17.0,7.0,41.2,0.118,0.286,,,Everton,against
2024-08-31,11:00,61627,Premier League 24/25,24/25,Matchweek 3,Sat,Away,W,3.0,2.0,Everton,3.0,18.0,8.0,44.4,0.167,0.375,,,Bournemouth,against
2024-08-31,11:00,61627,Premier League 24/25,24/25,Matchweek 3,Sat,Home,D,1.0,1.0,Wolves,1.0,11.0,3.0,27.3,0.091,0.333,,,Nottingham Forest,against
2024-08-31,11:00,61627,Premier League 24/25,24/25,Matchweek 3,Sat,Away,D,1.0,1.0,Nottingham Forest,1.0,16.0,5.0,31.2,0.062,0.2,,,Wolves,against
2024-08-31,11:00,61627,Premier League 24/25,24/25,Matchweek 3,Sat,Home,D,1.0,1.0,Fulham,1.0,9.0,4.0,44.4,0.111,0.25,,,Ipswich Town,against
2024-08-31,11:00,61627,Premier League 24/25,24/25,Matchweek 3,Sat,Away,D,1.0,1.0,Ipswich Town,1.0,11.0,4.0,36.4,0.091,0.25,,,Fulham,against
2024-08-31,11:00,61627,Premier League 24/25,24/25,Matchweek 3,Sat,Home,W,3.0,1.0,Southampton,3.0,18.0,6.0,33.3,0.167,0.5,,,Brentford,against
2024-08-31,11:00,61627,Premier League 24/25,24/25,Matchweek 3,Sat,Away,L,1.0,3.0,Brentford,1.0,20.0,7.0,35.0,0.05,0.143,,,Southampton,against
2024-08-31,13:30,61627,Premier League 24/25,24/25,Matchweek 3,Sat,Home,L,1.0,3.0,Manchester City,1.0,23.0,8.0,34.8,0.043,0.125,,,West Ham United,against
2024-08-31,13:30,61627,Premier League 24/25,24/25,Matchweek 3,Sat,Away,W,3.0,1.0,West Ham United,3.0,10.0,2.0,20.0,0.3,1.5,,,Manchester City,against
2024-09-01,09:30,61627,Premier League 24/25,24/25,Matchweek 3,Sun,Home,D,1.0,1.0,Crystal Palace,1.0,9.0,3.0,33.3,0.111,0.333,,,Chelsea,against
2024-09-01,09:30,61627,Premier League 24/25,24/25,Matchweek 3,Sun,Away,D,1.0,1.0,Chelsea,1.0,13.0,7.0,53.8,0.077,0.143,,,Crystal Palace,against
2024-09-01,09:30,61627,Premier League 24/25,24/25,Matchweek 3,Sun,Home,W,2.0,1.0,Tottenham Hotspur,2.0,20.0,6.0,30.0,0.1,0.333,,,Newcastle United,against
2024-09-01,09:30,61627,Premier League 24/25,24/25,Matchweek 3,Sun,Away,L,1.0,2.0,Newcastle United,1.0,9.0,3.0,33.3,0.111,0.333,,,Tottenham Hotspur,against
2024-09-01,12:00,61627,Premier League 24/25,24/25,Matchweek 3,Sun,Home,L,0.0,3.0,Liverpool,0.0,11.0,3.0,27.3,0.0,0.0,,,Manchester Utd,against
2024-09-01,12:00,61627,Premier League 24/25,24/25,Matchweek 3,Sun,Away,W,3.0,0.0,Manchester Utd,3.0,8.0,3.0,37.5,0.375,1.0,,,Liverpool,against
2024-09-14,08:30,61627,Premier League 24/25,24/25,Matchweek 4,Sat,Home,L,0.0,3.0,Manchester Utd,0.0,20.0,10.0,50.0,0.0,0.0,,,Southampton,against
2024-09-14,08:30,61627,Premier League 24/25,24/25,Matchweek 4,Sat,Away,W,3.0,0.0,Southampton,3.0,6.0,4.0,66.7,0.5,0.75,,,Manchester Utd,against
2024-09-14,11:00,61627,Premier League 24/25,24/25,Matchweek 4,Sat,Home,W,2.0,1.0,Brentford,2.0,8.0,5.0,62.5,0.25,0.4,,,Manchester City,against
2024-09-14,11:00,61627,Premier League 24/25,24/25,Matchweek 4,Sat,Away,L,1.0,2.0,Manchester City,1.0,18.0,7.0,38.9,0.056,0.143,,,Brentford,against
2024-09-14,11:00,61627,Premier League 24/25,24/25,Matchweek 4,Sat,Home,L,0.0,1.0,Nottingham Forest,0.0,5.0,3.0,60.0,0.0,0.0,,,Liverpool,against
2024-09-14,11:00,61627,Premier League 24/25,24/25,Matchweek 4,Sat,Away,W,1.0,0.0,Liverpool,1.0,14.0,5.0,35.7,0.071,0.2,,,Nottingham Forest,against
2024-09-14,11:00,61627,Premier League 24/25,24/25,Matchweek 4,Sat,Home,D,1.0,1.0,West Ham United,1.0,11.0,3.0,27.3,0.091,0.333,,,Fulham,against
2024-09-14,11:00,61627,Premier League 24/25,24/25,Matchweek 4,Sat,Away,D,1.0,1.0,Fulham,1.0,21.0,5.0,23.8,0.048,0.2,,,West Ham United,against
2024-09-14,11:00,61627,Premier League 24/25,24/25,Matchweek 4,Sat,Home,D,0.0,0.0,Ipswich Town,0.0,6.0,1.0,16.7,0.0,0.0,,,Brighton,against
2024-09-14,11:00,61627,Premier League 24/25,24/25,Matchweek 4,Sat,Away,D,0.0,0.0,Brighton,0.0,21.0,6.0,28.6,0.0,0.0,,,Ipswich Town,against
2024-09-14,11:00,61627,Premier League 24/25,24/25,Matchweek 4,Sat,Home,D,2.0,2.0,Leicester City,2.0,9.0,4.0,44.4,0.222,0.5,,,Crystal Palace,against
2024-09-14,11:00,61627,Premier League 24/25,24/25,Matchweek 4,Sat,Away,D,2.0,2.0,Crystal Palace,2.0,20.0,4.0,20.0,0.1,0.5,,,Leicester City,against
2024-09-14,13:30,61627,Premier League 24/25,24/25,Matchweek 4,Sat,Home,W,3.0,2.0,Everton,3.0,6.0,2.0,33.3,0.5,1.5,,,Aston Villa,against
2024-09-14,13:30,61627,Premier League 24/25,24/25,Matchweek 4,Sat,Away,L,2.0,3.0,Aston Villa,2.0,17.0,8.0,47.1,0.118,0.25,,,Everton,against
2024-09-14,16:00,61627,Premier League 24/25,24/25,Matchweek 4,Sat,Home,L,0.0,1.0,Chelsea,0.0,10.0,3.0,30.0,0.0,0.0,,,Bournemouth,against
2024-09-14,16:00,61627,Premier League 24/25,24/25,Matchweek 4,Sat,Away,W,1.0,0.0,Bournemouth,1.0,19.0,7.0,36.8,0.053,0.143,,,Chelsea,against
2024-09-15,10:00,61627,Premier League 24/25,24/25,Matchweek 4,Sun,Home,L,0.0,1.0,Arsenal,0.0,7.0,4.0,57.1,0.0,0.0,,,Tottenham Hotspur,against
2024-09-15,10:00,61627,Premier League 24/25,24/25,Matchweek 4,Sun,Away,W,1.0,0.0,Tottenham Hotspur,1.0,15.0,5.0,33.3,0.067,0.2,,,Arsenal,against
2024-09-15,12:30,61627,Premier League 24/25,24/25,Matchweek 4,Sun,Home,L,1.0,2.0,Newcastle United,1.0,14.0,6.0,42.9,0.071,0.167,,,Wolves,against
2024-09-15,12:30,61627,Premier League 24/25,24/25,Matchweek 4,Sun,Away,W,2.0,1.0,Wolves,2.0,12.0,5.0,41.7,0.167,0.4,,,Newcastle United,against
2024-09-21,08:30,61627,Premier League 24/25,24/25,Matchweek 5,Sat,Home,L,0.0,3.0,Chelsea,0.0,12.0,5.0,41.7,0.0,0.0,,,West Ham United,against
2024-09-21,08:30,61627,Premier League 24/25,24/25,Matchweek 5,Sat,Away,W,3.0,0.0,West Ham United,3.0,15.0,7.0,46.7,0.2,0.429,,,Chelsea,against
2024-09-21,11:00,61627,Premier League 24/25,24/25,Matchweek 5,Sat,Home,W,3.0,0.0,Bournemouth,3.0,19.0,6.0,31.6,0.158,0.5,,,Liverpool,against
2024-09-21,11:00,61627,Premier League 24/25,24/25,Matchweek 5,Sat,Away,L,0.0,3.0,Liverpool,0.0,19.0,13.0,68.4,0.0,0.0,,,Bournemouth,against
2024-09-21,11:00,61627,Premier League 24/25,24/25,Matchweek 5,Sat,Home,W,3.0,1.0,Brentford,3.0,6.0,6.0,100.0,0.5,0.5,,,Tottenham Hotspur,against
2024-09-21,11:00,61627,Premier League 24/25,24/25,Matchweek 5,Sat,Away,L,1.0,3.0,Tottenham Hotspur,1.0,23.0,10.0,43.5,0.043,0.1,,,Brentford,against
2024-09-21,11:00,61627,Premier League 24/25,24/25,Matchweek 5,Sat,Home,W,3.0,1.0,Newcastle United,3.0,16.0,5.0,31.2,0.188,0.6,,,Fulham,against
2024-09-21,11:00,61627,Premier League 24/25,24/25,Matchweek 5,Sat,Away,L,1.0,3.0,Fulham,1.0,22.0,11.0,50.0,0.045,0.091,,,Newcastle United,against
2024-09-21,11:00,61627,Premier League 24/25,24/25,Matchweek 5,Sat,Home,W,3.0,1.0,Wolves,3.0,10.0,4.0,40.0,0.3,0.75,,,Aston Villa,against
2024-09-21,11:00,61627,Premier League 24/25,24/25,Matchweek 5,Sat,Away,L,1.0,3.0,Aston Villa,1.0,9.0,4.0,44.4,0.111,0.25,,,Wolves,against
2024-09-21,11:00,61627,Premier League 24/25,24/25,Matchweek 5,Sat,Home,D,1.0,1.0,Everton,1.0,17.0,5.0,29.4,0.059,0.2,,,Leicester City,against
2024-09-21,11:00,61627,Premier League 24/25,24/25,Matchweek 5,Sat,Away,D,1.0,1.0,Leicester City,1.0,12.0,2.0,16.7,0.083,0.5,,,Everton,against
2024-09-21,11:00,61627,Premier League 24/25,24/25,Matchweek 5,Sat,Home,D,1.0,1.0,Ipswich Town,1.0,13.0,6.0,46.2,0.077,0.167,,,Southampton,against
2024-09-21,11:00,61627,Premier League 24/25,24/25,Matchweek 5,Sat,Away,D,1.0,1.0,Southampton,1.0,11.0,3.0,27.3,0.091,0.333,,,Ipswich Town,against
2024-09-21,13:30,61627,Premier League 24/25,24/25,Matchweek 5,Sat,Home,D,0.0,0.0,Manchester Utd,0.0,15.0,6.0,40.0,0.0,0.0,,,Crystal Palace,against
2024-09-21,13:30,61627,Premier League 24/25,24/25,Matchweek 5,Sat,Away,D,0.0,0.0,Crystal Palace,0.0,9.0,4.0,44.4,0.0,0.0,,,Manchester Utd,against
2024-09-22,10:00,61627,Premier League 24/25,24/25,Matchweek 5,Sun,Home,D,2.0,2.0,Nottingham Forest,2.0,4.0,3.0,75.0,0.5,0.667,,,Brighton,against
2024-09-22,10:00,61627,Premier League 24/25,24/25,Matchweek 5,Sun,Away,D,2.0,2.0,Brighton,2.0,14.0,3.0,21.4,0.143,0.667,,,Nottingham Forest,against
2024-09-22,12:30,61627,Premier League 24/25,24/25,Matchweek 5,Sun,Home,D,2.0,2.0,Arsenal,2.0,5.0,3.0,60.0,0.4,0.667,,,Manchester City,against
2024-09-22,12:30,61627,Premier League 24/25,24/25,Matchweek 5,Sun,Away,D,2.0,2.0,Manchester City,2.0,33.0,11.0,33.3,0.061,0.182,,,Arsenal,against
2024-09-28,08:30,61627,Premier League 24/25,24/25,Matchweek 6,Sat,Home,D,1.0,1.0,Manchester City,1.0,16.0,6.0,37.5,0.062,0.167,,,Newcastle United,against
2024-09-28,08:30,61627,Premier League 24/25,24/25,Matchweek 6,Sat,Away,D,1.0,1.0,Newcastle United,1.0,11.0,4.0,36.4,0.091,0.25,,,Manchester City,against
2024-09-28,11:00,61627,Premier League 24/25,24/25,Matchweek 6,Sat,Home,W,4.0,2.0,Leicester City,4.0,5.0,3.0,60.0,0.8,1.333,,,Arsenal,against
2024-09-28,11:00,61627,Premier League 24/25,24/25,Matchweek 6,Sat,Away,L,2.0,4.0,Arsenal,2.0,35.0,16.0,45.7,0.057,0.125,,,Leicester City,against
2024-09-28,11:00,61627,Premier League 24/25,24/25,Matchweek 6,Sat,Home,W,4.0,2.0,Brighton,4.0,15.0,5.0,33.3,0.267,0.8,,,Chelsea,against
2024-09-28,11:00,61627,Premier League 24/25,24/25,Matchweek 6,Sat,Away,L,2.0,4.0,Chelsea,2.0,15.0,7.0,46.7,0.133,0.286,,,Brighton,against
2024-09-28,11:00,61627,Premier League 24/25,24/25,Matchweek 6,Sat,Home,D,1.0,1.0,West Ham United,1.0,19.0,3.0,15.8,0.053,0.333,,,Brentford,against
2024-09-28,11:00,61627,Premier League 24/25,24/25,Matchweek 6,Sat,Away,D,1.0,1.0,Brentford,1.0,8.0,3.0,37.5,0.125,0.333,,,West Ham United,against
2024-09-28,11:00,61627,Premier League 24/25,24/25,Matchweek 6,Sat,Home,W,2.0,1.0,Crystal Palace,2.0,17.0,5.0,29.4,0.118,0.4,,,Everton,against
2024-09-28,11:00,61627,Premier League 24/25,24/25,Matchweek 6,Sat,Away,L,1.0,2.0,Everton,1.0,8.0,2.0,25.0,0.125,0.5,,,Crystal Palace,against
2024-09-28,11:00,61627,Premier League 24/25,24/25,Matchweek 6,Sat,Home,L,0.0,1.0,Fulham,0.0,14.0,2.0,14.3,0.0,0.0,,,Nottingham Forest,against
2024-09-28,11:00,61627,Premier League 24/25,24/25,Matchweek 6,Sat,Away,W,1.0,0.0,Nottingham Forest,1.0,11.0,1.0,9.1,0.091,1.0,,,Fulham,against
2024-09-28,13:30,61627,Premier League 24/25,24/25,Matchweek 6,Sat,Home,L,1.0,2.0,Liverpool,1.0,10.0,6.0,60.0,0.1,0.167,,,Wolves,against
2024-09-28,13:30,61627,Premier League 24/25,24/25,Matchweek 6,Sat,Away,W,2.0,1.0,Wolves,2.0,8.0,3.0,37.5,0.25,0.667,,,Liverpool,against
2024-09-29,10:00,61627,Premier League 24/25,24/25,Matchweek 6,Sun,Home,D,2.0,2.0,Aston Villa,2.0,7.0,3.0,42.9,0.286,0.667,,,Ipswich Town,against
2024-09-29,10:00,61627,Premier League 24/25,24/25,Matchweek 6,Sun,Away,D,2.0,2.0,Ipswich Town,2.0,15.0,5.0,33.3,0.133,0.4,,,Aston Villa,against
2024-09-29,12:30,61627,Premier League 24/25,24/25,Matchweek 6,Sun,Home,L,0.0,3.0,Tottenham Hotspur,0.0,24.0,10.0,41.7,0.0,0.0,,,Manchester Utd,against
2024-09-29,12:30,61627,Premier League 24/25,24/25,Matchweek 6,Sun,Away,W,3.0,0.0,Manchester Utd,3.0,11.0,2.0,18.2,0.273,1.5,,,Tottenham Hotspur,against
2024-09-30,16:00,61627,Premier League 24/25,24/25,Matchweek 6,Mon,Home,W,3.0,1.0,Southampton,3.0,9.0,3.0,33.3,0.333,1.0,,,Bournemouth,against
2024-09-30,16:00,61627,Premier League 24/25,24/25,Matchweek 6,Mon,Away,L,1.0,3.0,Bournemouth,1.0,14.0,6.0,42.9,0.071,0.167,,,Southampton,against
2024-10-05,08:30,61627,Premier League 24/25,24/25,Matchweek 7,Sat,Home,L,0.0,1.0,Liverpool,0.0,16.0,4.0,25.0,0.0,0.0,,,Crystal Palace,against
2024-10-05,08:30,61627,Premier League 24/25,24/25,Matchweek 7,Sat,Away,W,1.0,0.0,Crystal Palace,1.0,9.0,5.0,55.6,0.111,0.2,,,Liverpool,against
2024-10-05,11:00,61627,Premier League 24/25,24/25,Matchweek 7,Sat,Home,W,3.0,2.0,Fulham,3.0,11.0,4.0,36.4,0.273,0.75,,,Manchester City,against
2024-10-05,11:00,61627,Premier League 24/25,24/25,Matchweek 7,Sat,Away,L,2.0,3.0,Manchester City,2.0,20.0,7.0,35.0,0.1,0.286,,,Fulham,against
2024-10-05,11:00,61627,Premier League 24/25,24/25,Matchweek 7,Sat,Home,W,3.0,1.0,Southampton,3.0,8.0,2.0,25.0,0.375,1.5,,,Arsenal,against
2024-10-05,11:00,61627,Premier League 24/25,24/25,Matchweek 7,Sat,Away,L,1.0,3.0,Arsenal,1.0,29.0,6.0,20.7,0.034,0.167,,,Southampton,against
2024-10-05,11:00,61627,Premier League 24/25,24/25,Matchweek 7,Sat,Home,W,4.0,1.0,Ipswich Town,4.0,9.0,2.0,22.2,0.444,2.0,,,West Ham United,against
2024-10-05,11:00,61627,Premier League 24/25,24/25,Matchweek 7,Sat,Away,L,1.0,4.0,West Ham United,1.0,23.0,13.0,56.5,0.043,0.077,,,Ipswich Town,against
2024-10-05,11:00,61627,Premier League 24/25,24/25,Matchweek 7,Sat,Home,W,1.0,0.0,Bournemouth,1.0,19.0,2.0,10.5,0.053,0.5,,,Leicester City,against
2024-10-05,11:00,61627,Premier League 24/25,24/25,Matchweek 7,Sat,Away,L,0.0,1.0,Leicester City,0.0,6.0,2.0,33.3,0.0,0.0,,,Bournemouth,against
2024-10-05,11:00,61627,Premier League 24/25,24/25,Matchweek 7,Sat,Home,W,5.0,3.0,Wolves,5.0,17.0,6.0,35.3,0.294,0.833,,,Brentford,against
2024-10-05,11:00,61627,Premier League 24/25,24/25,Matchweek 7,Sat,Away,L,3.0,5.0,Brentford,3.0,19.0,12.0,63.2,0.158,0.25,,,Wolves,against
2024-10-05,13:30,61627,Premier League 24/25,24/25,Matchweek 7,Sat,Home,D,0.0,0.0,Newcastle United,0.0,14.0,3.0,21.4,0.0,0.0,,,Everton,against
2024-10-05,13:30,61627,Premier League 24/25,24/25,Matchweek 7,Sat,Away,D,0.0,0.0,Everton,0.0,8.0,2.0,25.0,0.0,0.0,,,Newcastle United,against
2024-10-06,10:00,61627,Premier League 24/25,24/25,Matchweek 7,Sun,Home,D,0.0,0.0,Manchester Utd,0.0,10.0,4.0,40.0,0.0,0.0,,,Aston Villa,against
2024-10-06,10:00,61627,Premier League 24/25,24/25,Matchweek 7,Sun,Away,D,0.0,0.0,Aston Villa,0.0,11.0,1.0,9.1,0.0,0.0,,,Manchester Utd,against
2024-10-06,10:00,61627,Premier League 24/25,24/25,Matchweek 7,Sun,Home,D,1.0,1.0,Nottingham Forest,1.0,16.0,9.0,56.2,0.062,0.111,,,Chelsea,against
2024-10-06,10:00,61627,Premier League 24/25,24/25,Matchweek 7,Sun,Away,D,1.0,1.0,Chelsea,1.0,22.0,8.0,36.4,0.045,0.125,,,Nottingham Forest,against
2024-10-06,12:30,61627,Premier League 24/25,24/25,Matchweek 7,Sun,Home,W,3.0,2.0,Tottenham Hotspur,3.0,13.0,3.0,23.1,0.231,1.0,,,Brighton,against
2024-10-06,12:30,61627,Premier League 24/25,24/25,Matchweek 7,Sun,Away,L,2.0,3.0,Brighton,2.0,11.0,4.0,36.4,0.182,0.5,,,Tottenham Hotspur,against
2024-10-19,08:30,61627,Premier League 24/25,24/25,Matchweek 8,Sat,Home,W,4.0,1.0,West Ham United,4.0,11.0,4.0,36.4,0.364,1.0,,,Tottenham Hotspur,against
2024-10-19,08:30,61627,Premier League 24/25,24/25,Matchweek 8,Sat,Away,L,1.0,4.0,Tottenham Hotspur,1.0,22.0,7.0,31.8,0.045,0.143,,,West Ham United,against
2024-10-19,11:00,61627,Premier League 24/25,24/25,Matchweek 8,Sat,Home,W,2.0,1.0,Brentford,2.0,8.0,2.0,25.0,0.25,1.0,,,Manchester Utd,against
2024-10-19,11:00,61627,Premier League 24/25,24/25,Matchweek 8,Sat,Away,L,1.0,2.0,Manchester Utd,1.0,23.0,11.0,47.8,0.043,0.091,,,Brentford,against
2024-10-19,11:00,61627,Premier League 24/25,24/25,Matchweek 8,Sat,Home,L,0.0,1.0,Brighton,0.0,10.0,5.0,50.0,0.0,0.0,,,Newcastle United,against
2024-10-19,11:00,61627,Premier League 24/25,24/25,Matchweek 8,Sat,Away,W,1.0,0.0,Newcastle United,1.0,21.0,6.0,28.6,0.048,0.167,,,Brighton,against
2024-10-19,11:00,61627,Premier League 24/25,24/25,Matchweek 8,Sat,Home,L,1.0,3.0,Aston Villa,1.0,14.0,5.0,35.7,0.071,0.2,,,Fulham,against
2024-10-19,11:00,61627,Premier League 24/25,24/25,Matchweek 8,Sat,Away,W,3.0,1.0,Fulham,3.0,10.0,4.0,40.0,0.3,0.75,,,Aston Villa,against
2024-10-19,11:00,61627,Premier League 24/25,24/25,Matchweek 8,Sat,Home,L,2.0,3.0,Leicester City,2.0,18.0,4.0,22.2,0.111,0.5,,,Southampton,against
2024-10-19,11:00,61627,Premier League 24/25,24/25,Matchweek 8,Sat,Away,W,3.0,2.0,Southampton,3.0,14.0,7.0,50.0,0.214,0.429,,,Leicester City,against
2024-10-19,11:15,61627,Premier League 24/25,24/25,Matchweek 8,Sat,Home,L,0.0,2.0,Everton,0.0,11.0,8.0,72.7,0.0,0.0,,,Ipswich Town,against
2024-10-19,11:15,61627,Premier League 24/25,24/25,Matchweek 8,Sat,Away,W,2.0,0.0,Ipswich Town,2.0,13.0,2.0,15.4,0.154,1.0,,,Everton,against
2024-10-19,13:30,61627,Premier League 24/25,24/25,Matchweek 8,Sat,Home,W,2.0,0.0,Arsenal,2.0,6.0,1.0,16.7,0.333,2.0,,,Bournemouth,against
2024-10-19,13:30,61627,Premier League 24/25,24/25,Matchweek 8,Sat,Away,L,0.0,2.0,Bournemouth,0.0,13.0,4.0,30.8,0.0,0.0,,,Arsenal,against
2024-10-20,10:00,61627,Premier League 24/25,24/25,Matchweek 8,Sun,Home,L,1.0,2.0,Manchester City,1.0,22.0,7.0,31.8,0.045,0.143,,,Wolves,against
2024-10-20,10:00,61627,Premier League 24/25,24/25,Matchweek 8,Sun,Away,W,2.0,1.0,Wolves,2.0,3.0,2.0,66.7,0.667,1.0,,,Manchester City,against
2024-10-20,12:30,61627,Premier League 24/25,24/25,Matchweek 8,Sun,Home,W,2.0,1.0,Chelsea,2.0,12.0,2.0,16.7,0.167,1.0,,,Liverpool,against
2024-10-20,12:30,61627,Premier League 24/25,24/25,Matchweek 8,Sun,Away,L,1.0,2.0,Liverpool,1.0,9.0,5.0,55.6,0.111,0.2,,,Chelsea,against
2024-10-21,16:00,61627,Premier League 24/25,24/25,Matchweek 8,Mon,Home,W,1.0,0.0,Crystal Palace,1.0,20.0,7.0,35.0,0.05,0.143,,,Nottingham Forest,against
2024-10-21,16:00,61627,Premier League 24/25,24/25,Matchweek 8,Mon,Away,L,0.0,1.0,Nottingham Forest,0.0,20.0,6.0,30.0,0.0,0.0,,,Crystal Palace,against
2024-10-25,16:00,61627,Premier League 24/25,24/25,Matchweek 9,Fri,Home,L,1.0,3.0,Nottingham Forest,1.0,20.0,5.0,25.0,0.05,0.2,,,Leicester City,against
2024-10-25,16:00,61627,Premier League 24/25,24/25,Matchweek 9,Fri,Away,W,3.0,1.0,Leicester City,3.0,11.0,1.0,9.1,0.273,3.0,,,Nottingham Forest,against
2024-10-26,11:00,61627,Premier League 24/25,24/25,Matchweek 9,Sat,Home,W,1.0,0.0,Southampton,1.0,5.0,2.0,40.0,0.2,0.5,,,Manchester City,against
2024-10-26,11:00,61627,Premier League 24/25,24/25,Matchweek 9,Sat,Away,L,0.0,1.0,Manchester City,0.0,22.0,8.0,36.4,0.0,0.0,,,Southampton,against
2024-10-26,11:00,61627,Premier League 24/25,24/25,Matchweek 9,Sat,Home,D,1.0,1.0,Bournemouth,1.0,10.0,3.0,30.0,0.1,0.333,,,Aston Villa,against
2024-10-26,11:00,61627,Premier League 24/25,24/25,Matchweek 9,Sat,Away,D,1.0,1.0,Aston Villa,1.0,18.0,8.0,44.4,0.056,0.125,,,Bournemouth,against
2024-10-26,11:00,61627,Premier League 24/25,24/25,Matchweek 9,Sat,Home,D,2.0,2.0,Wolves,2.0,14.0,7.0,50.0,0.143,0.286,,,Brighton,against
2024-10-26,11:00,61627,Premier League 24/25,24/25,Matchweek 9,Sat,Away,D,2.0,2.0,Brighton,2.0,19.0,6.0,31.6,0.105,0.333,,,Wolves,against
2024-10-26,11:00,61627,Premier League 24/25,24/25,Matchweek 9,Sat,Home,W,4.0,3.0,Ipswich Town,4.0,11.0,5.0,45.5,0.364,0.8,,,Brentford,against
2024-10-26,11:00,61627,Premier League 24/25,24/25,Matchweek 9,Sat,Away,L,3.0,4.0,Brentford,3.0,20.0,9.0,45.0,0.15,0.333,,,Ipswich Town,against
2024-10-26,13:30,61627,Premier League 24/25,24/25,Matchweek 9,Sat,Home,D,1.0,1.0,Fulham,1.0,14.0,3.0,21.4,0.071,0.333,,,Everton,against
2024-10-26,13:30,61627,Premier League 24/25,24/25,Matchweek 9,Sat,Away,D,1.0,1.0,Everton,1.0,10.0,5.0,50.0,0.1,0.2,,,Fulham,against
2024-10-27,11:00,61627,Premier League 24/25,24/25,Matchweek 9,Sun,Home,W,2.0,1.0,Manchester Utd,2.0,18.0,5.0,27.8,0.111,0.4,,,West Ham United,against
2024-10-27,11:00,61627,Premier League 24/25,24/25,Matchweek 9,Sun,Away,L,1.0,2.0,West Ham United,1.0,12.0,3.0,25.0,0.083,0.333,,,Manchester Utd,against
2024-10-27,11:00,61627,Premier League 24/25,24/25,Matchweek 9,Sun,Home,W,2.0,1.0,Newcastle United,2.0,11.0,3.0,27.3,0.182,0.667,,,Chelsea,against
2024-10-27,11:00,61627,Premier League 24/25,24/25,Matchweek 9,Sun,Away,L,1.0,2.0,Chelsea,1.0,17.0,7.0,41.2,0.059,0.143,,,Newcastle United,against
2024-10-27,11:00,61627,Premier League 24/25,24/25,Matchweek 9,Sun,Home,W,1.0,0.0,Tottenham Hotspur,1.0,11.0,3.0,27.3,0.091,0.333,,,Crystal Palace,against
2024-10-27,11:00,61627,Premier League 24/25,24/25,Matchweek 9,Sun,Away,L,0.0,1.0,Crystal Palace,0.0,14.0,6.0,42.9,0.0,0.0,,,Tottenham Hotspur,against
2024-10-27,13:30,61627,Premier League 24/25,24/25,Matchweek 9,Sun,Home,D,2.0,2.0,Liverpool,2.0,9.0,4.0,44.4,0.222,0.5,,,Arsenal,against
2024-10-27,13:30,61627,Premier League 24/25,24/25,Matchweek 9,Sun,Away,D,2.0,2.0,Arsenal,2.0,9.0,3.0,33.3,0.222,0.667,,,Liverpool,against
2024-11-02,09:30,61627,Premier League 24/25,24/25,Matchweek 10,Sat,Home,W,1.0,0.0,Arsenal,1.0,10.0,1.0,10.0,0.1,1.0,,,Newcastle United,against
2024-11-02,09:30,61627,Premier League 24/25,24/25,Matchweek 10,Sat,Away,L,0.0,1.0,Newcastle United,0.0,9.0,4.0,44.4,0.0,0.0,,,Arsenal,against
2024-11-02,12:00,61627,Premier League 24/25,24/25,Matchweek 10,Sat,Home,W,2.0,1.0,Manchester City,2.0,18.0,4.0,22.2,0.111,0.5,,,Bournemouth,against
2024-11-02,12:00,61627,Premier League 24/25,24/25,Matchweek 10,Sat,Away,L,1.0,2.0,Bournemouth,1.0,12.0,6.0,50.0,0.083,0.167,,,Manchester City,against
2024-11-02,12:00,61627,Premier League 24/25,24/25,Matchweek 10,Sat,Home,W,2.0,1.0,Brighton,2.0,13.0,5.0,38.5,0.154,0.4,,,Liverpool,against
2024-11-02,12:00,61627,Premier League 24/25,24/25,Matchweek 10,Sat,Away,L,1.0,2.0,Liverpool,1.0,16.0,8.0,50.0,0.062,0.125,,,Brighton,against
2024-11-02,12:00,61627,Premier League 24/25,24/25,Matchweek 10,Sat,Home,W,3.0,0.0,West Ham United,3.0,4.0,2.0,50.0,0.75,1.5,,,Nottingham Forest,against
2024-11-02,12:00,61627,Premier League 24/25,24/25,Matchweek 10,Sat,Away,L,0.0,3.0,Nottingham Forest,0.0,19.0,6.0,31.6,0.0,0.0,,,West Ham United,against
2024-11-02,12:00,61627,Premier League 24/25,24/25,Matchweek 10,Sat,Home,D,1.0,1.0,Leicester City,1.0,20.0,6.0,30.0,0.05,0.167,,,Ipswich Town,against
2024-11-02,12:00,61627,Premier League 24/25,24/25,Matchweek 10,Sat,Away,D,1.0,1.0,Ipswich Town,1.0,14.0,2.0,14.3,0.071,0.5,,,Leicester City,against
2024-11-02,12:00,61627,Premier League 24/25,24/25,Matchweek 10,Sat,Home,W,1.0,0.0,Everton,1.0,16.0,5.0,31.2,0.062,0.2,,,Southampton,against
2024-11-02,12:00,61627,Premier League 24/25,24/25,Matchweek 10,Sat,Away,L,0.0,1.0,Southampton,0.0,9.0,2.0,22.2,0.0,0.0,,,Everton,against
2024-11-02,14:30,61627,Premier League 24/25,24/25,Matchweek 10,Sat,Home,D,2.0,2.0,Crystal Palace,2.0,19.0,7.0,36.8,0.105,0.286,,,Wolves,against
2024-11-02,14:30,61627,Premier League 24/25,24/25,Matchweek 10,Sat,Away,D,2.0,2.0,Wolves,2.0,11.0,6.0,54.5,0.182,0.333,,,Crystal Palace,against
2024-11-03,11:00,61627,Premier League 24/25,24/25,Matchweek 10,Sun,Home,W,4.0,1.0,Aston Villa,4.0,12.0,1.0,8.3,0.333,4.0,,,Tottenham Hotspur,against
2024-11-03,11:00,61627,Premier League 24/25,24/25,Matchweek 10,Sun,Away,L,1.0,4.0,Tottenham Hotspur,1.0,16.0,6.0,37.5,0.062,0.167,,,Aston Villa,against
2024-11-03,13:30,61627,Premier League 24/25,24/25,Matchweek 10,Sun,Home,D,1.0,1.0,Chelsea,1.0,12.0,3.0,25.0,0.083,0.333,,,Manchester Utd,against
2024-11-03,13:30,61627,Premier League 24/25,24/25,Matchweek 10,Sun,Away,D,1.0,1.0,Manchester Utd,1.0,11.0,4.0,36.4,0.091,0.25,,,Chelsea,against
2024-11-04,17:00,61627,Premier League 24/25,24/25,Matchweek 10,Mon,Home,W,2.0,1.0,Brentford,2.0,5.0,2.0,40.0,0.4,1.0,,,Fulham,against
2024-11-04,17:00,61627,Premier League 24/25,24/25,Matchweek 10,Mon,Away,L,1.0,2.0,Fulham,1.0,26.0,12.0,46.2,0.038,0.083,,,Brentford,against
2024-11-09,12:00,61627,Premier League 24/25,24/25,Matchweek 11,Sat,Home,D,0.0,0.0,Everton,0.0,18.0,4.0,22.2,0.0,0.0,,,West Ham United,against
2024-11-09,12:00,61627,Premier League 24/25,24/25,Matchweek 11,Sat,Away,D,0.0,0.0,West Ham United,0.0,11.0,6.0,54.5,0.0,0.0,,,Everton,against
2024-11-09,12:00,61627,Premier League 24/25,24/25,Matchweek 11,Sat,Home,L,0.0,2.0,Fulham,0.0,17.0,7.0,41.2,0.0,0.0,,,Crystal Palace,against
2024-11-09,12:00,61627,Premier League 24/25,24/25,Matchweek 11,Sat,Away,W,2.0,0.0,Crystal Palace,2.0,13.0,5.0,38.5,0.154,0.4,,,Fulham,against
2024-11-09,12:00,61627,Premier League 24/25,24/25,Matchweek 11,Sat,Home,W,2.0,0.0,Southampton,2.0,9.0,0.0,0.0,0.222,,,,Wolves,against
2024-11-09,12:00,61627,Premier League 24/25,24/25,Matchweek 11,Sat,Away,L,0.0,2.0,Wolves,0.0,8.0,4.0,50.0,0.0,0.0,,,Southampton,against
2024-11-09,12:00,61627,Premier League 24/25,24/25,Matchweek 11,Sat,Home,W,3.0,2.0,Bournemouth,3.0,15.0,3.0,20.0,0.2,1.0,,,Brentford,against
2024-11-09,12:00,61627,Premier League 24/25,24/25,Matchweek 11,Sat,Away,L,2.0,3.0,Brentford,2.0,12.0,6.0,50.0,0.167,0.333,,,Bournemouth,against
2024-11-09,14:30,61627,Premier League 24/25,24/25,Matchweek 11,Sat,Home,W,2.0,1.0,Manchester City,2.0,15.0,6.0,40.0,0.133,0.333,,,Brighton,against
2024-11-09,14:30,61627,Premier League 24/25,24/25,Matchweek 11,Sat,Away,L,1.0,2.0,Brighton,1.0,10.0,4.0,40.0,0.1,0.25,,,Manchester City,against
2024-11-09,17:00,61627,Premier League 24/25,24/25,Matchweek 11,Sat,Home,W,2.0,0.0,Aston Villa,2.0,12.0,2.0,16.7,0.167,1.0,,,Liverpool,against
2024-11-09,17:00,61627,Premier League 24/25,24/25,Matchweek 11,Sat,Away,L,0.0,2.0,Liverpool,0.0,14.0,5.0,35.7,0.0,0.0,,,Aston Villa,against
2024-11-10,11:00,61627,Premier League 24/25,24/25,Matchweek 11,Sun,Home,W,3.0,0.0,Leicester City,3.0,6.0,5.0,83.3,0.5,0.6,,,Manchester Utd,against
2024-11-10,11:00,61627,Premier League 24/25,24/25,Matchweek 11,Sun,Away,L,0.0,3.0,Manchester Utd,0.0,13.0,3.0,23.1,0.0,0.0,,,Leicester City,against
2024-11-10,11:00,61627,Premier League 24/25,24/25,Matchweek 11,Sun,Home,L,1.0,2.0,Ipswich Town,1.0,8.0,3.0,37.5,0.125,0.333,,,Tottenham Hotspur,against
2024-11-10,11:00,61627,Premier League 24/25,24/25,Matchweek 11,Sun,Away,W,2.0,1.0,Tottenham Hotspur,2.0,17.0,5.0,29.4,0.118,0.4,,,Ipswich Town,against
2024-11-10,11:00,61627,Premier League 24/25,24/25,Matchweek 11,Sun,Home,L,1.0,3.0,Newcastle United,1.0,17.0,6.0,35.3,0.059,0.167,,,Nottingham Forest,against
2024-11-10,11:00,61627,Premier League 24/25,24/25,Matchweek 11,Sun,Away,W,3.0,1.0,Nottingham Forest,3.0,9.0,3.0,33.3,0.333,1.0,,,Newcastle United,against
2024-11-10,13:30,61627,Premier League 24/25,24/25,Matchweek 11,Sun,Home,D,1.0,1.0,Arsenal,1.0,13.0,3.0,23.1,0.077,0.333,,,Chelsea,against
2024-11-10,13:30,61627,Premier League 24/25,24/25,Matchweek 11,Sun,Away,D,1.0,1.0,Chelsea,1.0,17.0,3.0,17.6,0.059,0.333,,,Arsenal,against
2024-11-23,09:30,61627,Premier League 24/25,24/25,Matchweek 12,Sat,Home,L,1.0,2.0,Chelsea,1.0,16.0,7.0,43.8,0.062,0.143,,,Leicester City,against
2024-11-23,09:30,61627,Premier League 24/25,24/25,Matchweek 12,Sat,Away,W,2.0,1.0,Leicester City,2.0,4.0,1.0,25.0,0.5,2.0,,,Chelsea,against
2024-11-23,12:00,61627,Premier League 24/25,24/25,Matchweek 12,Sat,Home,W,3.0,0.0,Nottingham Forest,3.0,7.0,0.0,0.0,0.429,,,,Arsenal,against
2024-11-23,12:00,61627,Premier League 24/25,24/25,Matchweek 12,Sat,Away,L,0.0,3.0,Arsenal,0.0,19.0,7.0,36.8,0.0,0.0,,,Nottingham Forest,against
2024-11-23,12:00,61627,Premier League 24/25,24/25,Matchweek 12,Sat,Home,D,2.0,2.0,Crystal Palace,2.0,13.0,6.0,46.2,0.154,0.333,,,Aston Villa,against
2024-11-23,12:00,61627,Premier League 24/25,24/25,Matchweek 12,Sat,Away,D,2.0,2.0,Aston Villa,2.0,17.0,5.0,29.4,0.118,0.4,,,Crystal Palace,against
2024-11-23,12:00,61627,Premier League 24/25,24/25,Matchweek 12,Sat,Home,L,1.0,2.0,Brighton,1.0,6.0,4.0,66.7,0.167,0.25,,,Bournemouth,against
2024-11-23,12:00,61627,Premier League 24/25,24/25,Matchweek 12,Sat,Away,W,2.0,1.0,Bournemouth,2.0,19.0,5.0,26.3,0.105,0.4,,,Brighton,against
2024-11-23,12:00,61627,Premier League 24/25,24/25,Matchweek 12,Sat,Home,D,0.0,0.0,Brentford,0.0,9.0,2.0,22.2,0.0,0.0,,,Everton,against
2024-11-23,12:00,61627,Premier League 24/25,24/25,Matchweek 12,Sat,Away,D,0.0,0.0,Everton,0.0,27.0,5.0,18.5,0.0,0.0,,,Brentford,against
2024-11-23,12:00,61627,Premier League 24/25,24/25,Matchweek 12,Sat,Home,L,1.0,4.0,Wolves,1.0,10.0,5.0,50.0,0.1,0.2,,,Fulham,against
2024-11-23,12:00,61627,Premier League 24/25,24/25,Matchweek 12,Sat,Away,W,4.0,1.0,Fulham,4.0,10.0,3.0,30.0,0.4,1.333,,,Wolves,against
2024-11-23,14:30,61627,Premier League 24/25,24/25,Matchweek 12,Sat,Home,L,0.0,4.0,Tottenham Hotspur,0.0,9.0,7.0,77.8,0.0,0.0,,,Manchester City,against
2024-11-23,14:30,61627,Premier League 24/25,24/25,Matchweek 12,Sat,Away,W,4.0,0.0,Manchester City,4.0,23.0,5.0,21.7,0.174,0.8,,,Tottenham Hotspur,against
2024-11-24,11:00,61627,Premier League 24/25,24/25,Matchweek 12,Sun,Home,L,2.0,3.0,Liverpool FC,2.0,27.0,11.0,40.7,0.074,0.182,,,Southampton,against
2024-11-24,11:00,61627,Premier League 24/25,24/25,Matchweek 12,Sun,Away,W,3.0,2.0,Southampton,3.0,7.0,5.0,71.4,0.429,0.6,,,Liverpool FC,against
2024-11-24,13:30,61627,Premier League 24/25,24/25,Matchweek 12,Sun,Home,D,1.0,1.0,Manchester Utd,1.0,11.0,4.0,36.4,0.091,0.25,,,Ipswich Town,against
2024-11-24,13:30,61627,Premier League 24/25,24/25,Matchweek 12,Sun,Away,D,1.0,1.0,Ipswich Town,1.0,11.0,6.0,54.5,0.091,0.167,,,Manchester Utd,against
2024-11-25,17:00,61627,Premier League 24/25,24/25,Matchweek 12,Mon,Home,L,0.0,2.0,West Ham United,0.0,15.0,6.0,40.0,0.0,0.0,,,Newcastle United,against
2024-11-25,17:00,61627,Premier League 24/25,24/25,Matchweek 12,Mon,Away,W,2.0,0.0,Newcastle United,2.0,18.0,2.0,11.1,0.111,1.0,,,West Ham United,against
2024-11-29,17:00,61627,Premier League 24/25,24/25,Matchweek 13,Fri,Home,D,1.0,1.0,Southampton,1.0,10.0,2.0,20.0,0.1,0.5,,,Brighton,against
2024-11-29,17:00,61627,Premier League 24/25,24/25,Matchweek 13,Fri,Away,D,1.0,1.0,Brighton,1.0,22.0,5.0,22.7,0.045,0.2,,,Southampton,against
2024-11-30,12:00,61627,Premier League 24/25,24/25,Matchweek 13,Sat,Home,D,1.0,1.0,Newcastle United,1.0,1.0,0.0,0.0,1.0,,,,Crystal Palace,against
2024-11-30,12:00,61627,Premier League 24/25,24/25,Matchweek 13,Sat,Away,D,1.0,1.0,Crystal Palace,1.0,16.0,4.0,25.0,0.062,0.25,,,Newcastle United,against
2024-11-30,12:00,61627,Premier League 24/25,24/25,Matchweek 13,Sat,Home,W,4.0,1.0,Leicester City,4.0,7.0,3.0,42.9,0.571,1.333,,,Brentford,against
2024-11-30,12:00,61627,Premier League 24/25,24/25,Matchweek 13,Sat,Away,L,1.0,4.0,Brentford,1.0,13.0,6.0,46.2,0.077,0.167,,,Leicester City,against
2024-11-30,12:00,61627,Premier League 24/25,24/25,Matchweek 13,Sat,Home,L,2.0,4.0,Bournemouth,2.0,12.0,8.0,66.7,0.167,0.25,,,Wolves,against
2024-11-30,12:00,61627,Premier League 24/25,24/25,Matchweek 13,Sat,Away,W,4.0,2.0,Wolves,4.0,10.0,3.0,30.0,0.4,1.333,,,Bournemouth,against
2024-11-30,12:00,61627,Premier League 24/25,24/25,Matchweek 13,Sat,Home,W,1.0,0.0,Ipswich Town,1.0,7.0,3.0,42.9,0.143,0.333,,,Nottingham Forest,against
2024-11-30,12:00,61627,Premier League 24/25,24/25,Matchweek 13,Sat,Away,L,0.0,1.0,Nottingham Forest,0.0,12.0,5.0,41.7,0.0,0.0,,,Ipswich Town,against
2024-11-30,14:30,61627,Premier League 24/25,24/25,Matchweek 13,Sat,Home,L,2.0,5.0,Arsenal,2.0,16.0,7.0,43.8,0.125,0.286,,,West Ham United,against
2024-11-30,14:30,61627,Premier League 24/25,24/25,Matchweek 13,Sat,Away,W,5.0,2.0,West Ham United,5.0,12.0,5.0,41.7,0.417,1.0,,,Arsenal,against
2024-12-01,10:30,61627,Premier League 24/25,24/25,Matchweek 13,Sun,Home,W,4.0,0.0,Everton,4.0,8.0,2.0,25.0,0.5,2.0,,,Manchester Utd,against
2024-12-01,10:30,61627,Premier League 24/25,24/25,Matchweek 13,Sun,Away,L,0.0,4.0,Manchester Utd,0.0,11.0,5.0,45.5,0.0,0.0,,,Everton,against
2024-12-01,10:30,61627,Premier League 24/25,24/25,Matchweek 13,Sun,Home,W,3.0,0.0,Aston Villa,3.0,10.0,4.0,40.0,0.3,0.75,,,Chelsea,against
2024-12-01,10:30,61627,Premier League 24/25,24/25,Matchweek 13,Sun,Away,L,0.0,3.0,Chelsea,0.0,17.0,8.0,47.1,0.0,0.0,,,Aston Villa,against
2024-12-01,10:30,61627,Premier League 24/25,24/25,Matchweek 13,Sun,Home,D,1.0,1.0,Fulham,1.0,14.0,6.0,42.9,0.071,0.167,,,Tottenham Hotspur,against
2024-12-01,10:30,61627,Premier League 24/25,24/25,Matchweek 13,Sun,Away,D,1.0,1.0,Tottenham Hotspur,1.0,8.0,3.0,37.5,0.125,0.333,,,Fulham,against
2024-12-01,13:00,61627,Premier League 24/25,24/25,Matchweek 13,Sun,Home,W,2.0,0.0,Manchester City,2.0,8.0,2.0,25.0,0.25,1.0,,,Liverpool FC,against
2024-12-01,13:00,61627,Premier League 24/25,24/25,Matchweek 13,Sun,Away,L,0.0,2.0,Liverpool FC,0.0,18.0,7.0,38.9,0.0,0.0,,,Manchester City,against
2024-12-03,16:30,61627,Premier League 24/25,24/25,Matchweek 14,Tue,Home,L,0.0,1.0,Crystal Palace,0.0,13.0,3.0,23.1,0.0,0.0,,,Ipswich Town,against
2024-12-03,16:30,61627,Premier League 24/25,24/25,Matchweek 14,Tue,Away,W,1.0,0.0,Ipswich Town,1.0,9.0,2.0,22.2,0.111,0.5,,,Crystal Palace,against
2024-12-03,17:15,61627,Premier League 24/25,24/25,Matchweek 14,Tue,Home,W,3.0,1.0,West Ham United,3.0,31.0,10.0,32.3,0.097,0.3,,,Leicester City,against
2024-12-03,17:15,61627,Premier League 24/25,24/25,Matchweek 14,Tue,Away,L,1.0,3.0,Leicester City,1.0,8.0,6.0,75.0,0.125,0.167,,,West Ham United,against
2024-12-04,16:30,61627,Premier League 24/25,24/25,Matchweek 14,Wed,Home,W,3.0,0.0,Nottingham Forest,3.0,12.0,3.0,25.0,0.25,1.0,,,Manchester City,against
2024-12-04,16:30,61627,Premier League 24/25,24/25,Matchweek 14,Wed,Away,L,0.0,3.0,Manchester City,0.0,17.0,7.0,41.2,0.0,0.0,,,Nottingham Forest,against
2024-12-04,16:30,61627,Premier League 24/25,24/25,Matchweek 14,Wed,Home,D,3.0,3.0,Liverpool FC,3.0,16.0,5.0,31.2,0.188,0.6,,,Newcastle United,against
2024-12-04,16:30,61627,Premier League 24/25,24/25,Matchweek 14,Wed,Away,D,3.0,3.0,Newcastle United,3.0,17.0,6.0,35.3,0.176,0.5,,,Liverpool FC,against
2024-12-04,16:30,61627,Premier League 24/25,24/25,Matchweek 14,Wed,Home,L,1.0,5.0,Chelsea,1.0,26.0,13.0,50.0,0.038,0.077,,,Southampton,against
2024-12-04,16:30,61627,Premier League 24/25,24/25,Matchweek 14,Wed,Away,W,5.0,1.0,Southampton,5.0,6.0,4.0,66.7,0.833,1.25,,,Chelsea,against
2024-12-04,16:30,61627,Premier League 24/25,24/25,Matchweek 14,Wed,Home,W,4.0,0.0,Wolves,4.0,6.0,2.0,33.3,0.667,2.0,,,Everton,against
2024-12-04,16:30,61627,Premier League 24/25,24/25,Matchweek 14,Wed,Away,L,0.0,4.0,Everton,0.0,13.0,4.0,30.8,0.0,0.0,,,Wolves,against
2024-12-04,17:15,61627,Premier League 24/25,24/25,Matchweek 14,Wed,Home,W,2.0,0.0,Manchester Utd,2.0,5.0,2.0,40.0,0.4,1.0,,,Arsenal,against
2024-12-04,17:15,61627,Premier League 24/25,24/25,Matchweek 14,Wed,Away,L,0.0,2.0,Arsenal,0.0,14.0,6.0,42.9,0.0,0.0,,,Manchester Utd,against
2024-12-04,17:15,61627,Premier League 24/25,24/25,Matchweek 14,Wed,Home,W,3.0,1.0,Brentford,3.0,9.0,1.0,11.1,0.333,3.0,,,Aston Villa,against
2024-12-04,17:15,61627,Premier League 24/25,24/25,Matchweek 14,Wed,Away,L,1.0,3.0,Aston Villa,1.0,20.0,10.0,50.0,0.05,0.1,,,Brentford,against
2024-12-05,16:30,61627,Premier League 24/25,24/25,Matchweek 14,Thu,Home,W,3.0,1.0,Brighton,3.0,13.0,3.0,23.1,0.231,1.0,,,Fulham,against
2024-12-05,16:30,61627,Premier League 24/25,24/25,Matchweek 14,Thu,Away,L,1.0,3.0,Fulham,1.0,6.0,2.0,33.3,0.167,0.5,,,Brighton,against
2024-12-05,17:15,61627,Premier League 24/25,24/25,Matchweek 14,Thu,Home,W,1.0,0.0,Tottenham Hotspur,1.0,12.0,4.0,33.3,0.083,0.25,,,Bournemouth,against
2024-12-05,17:15,61627,Premier League 24/25,24/25,Matchweek 14,Thu,Away,L,0.0,1.0,Bournemouth,0.0,21.0,8.0,38.1,0.0,0.0,,,Tottenham Hotspur,against
2024-12-07,09:30,61627,Premier League 24/25,24/25,Matchweek 15,Sat,Home,,,,Liverpool FC,,,,,,,,,Everton,against
2024-12-07,09:30,61627,Premier League 24/25,24/25,Matchweek 15,Sat,Away,,,,Everton,,,,,,,,,Liverpool FC,against
2024-12-07,12:00,61627,Premier League 24/25,24/25,Matchweek 15,Sat,Home,D,2.0,2.0,Manchester City,2.0,12.0,4.0,33.3,0.167,0.5,,,Crystal Palace,against
2024-12-07,12:00,61627,Premier League 24/25,24/25,Matchweek 15,Sat,Away,D,2.0,2.0,Crystal Palace,2.0,12.0,3.0,25.0,0.167,0.667,,,Manchester City,against
2024-12-07,12:00,61627,Premier League 24/25,24/25,Matchweek 15,Sat,Home,W,4.0,2.0,Newcastle United,4.0,16.0,3.0,18.8,0.25,1.333,,,Brentford,against
2024-12-07,12:00,61627,Premier League 24/25,24/25,Matchweek 15,Sat,Away,L,2.0,4.0,Brentford,2.0,11.0,8.0,72.7,0.182,0.25,,,Newcastle United,against
2024-12-07,12:00,61627,Premier League 24/25,24/25,Matchweek 15,Sat,Home,W,1.0,0.0,Southampton,1.0,4.0,0.0,0.0,0.25,,,,Aston Villa,against
2024-12-07,12:00,61627,Premier League 24/25,24/25,Matchweek 15,Sat,Away,L,0.0,1.0,Aston Villa,0.0,18.0,5.0,27.8,0.0,0.0,,,Southampton,against
2024-12-07,14:30,61627,Premier League 24/25,24/25,Matchweek 15,Sat,Home,L,2.0,3.0,Nottingham Forest,2.0,11.0,3.0,27.3,0.182,0.667,,,Manchester Utd,against
2024-12-07,14:30,61627,Premier League 24/25,24/25,Matchweek 15,Sat,Away,W,3.0,2.0,Manchester Utd,3.0,17.0,7.0,41.2,0.176,0.429,,,Nottingham Forest,against
2024-12-08,11:00,61627,Premier League 24/25,24/25,Matchweek 15,Sun,Home,D,1.0,1.0,Arsenal,1.0,12.0,4.0,33.3,0.083,0.25,,,Fulham,against
2024-12-08,11:00,61627,Premier League 24/25,24/25,Matchweek 15,Sun,Away,D,1.0,1.0,Fulham,1.0,2.0,2.0,100.0,0.5,0.5,,,Arsenal,against
2024-12-08,11:00,61627,Premier League 24/25,24/25,Matchweek 15,Sun,Home,D,2.0,2.0,Brighton,2.0,16.0,7.0,43.8,0.125,0.286,,,Leicester City,against
2024-12-08,11:00,61627,Premier League 24/25,24/25,Matchweek 15,Sun,Away,D,2.0,2.0,Leicester City,2.0,10.0,3.0,30.0,0.2,0.667,,,Brighton,against
2024-12-08,11:00,61627,Premier League 24/25,24/25,Matchweek 15,Sun,Home,L,1.0,2.0,Bournemouth,1.0,22.0,6.0,27.3,0.045,0.167,,,Ipswich Town,against
2024-12-08,11:00,61627,Premier League 24/25,24/25,Matchweek 15,Sun,Away,W,2.0,1.0,Ipswich Town,2.0,18.0,5.0,27.8,0.111,0.4,,,Bournemouth,against
2024-12-08,13:30,61627,Premier League 24/25,24/25,Matchweek 15,Sun,Home,L,3.0,4.0,Chelsea,3.0,17.0,8.0,47.1,0.176,0.375,,,Tottenham Hotspur,against
2024-12-08,13:30,61627,Premier League 24/25,24/25,Matchweek 15,Sun,Away,W,4.0,3.0,Tottenham Hotspur,4.0,13.0,5.0,38.5,0.308,0.8,,,Chelsea,against
2024-12-09,17:00,61627,Premier League 24/25,24/25,Matchweek 15,Mon,Home,W,2.0,1.0,Wolves,2.0,19.0,5.0,26.3,0.105,0.4,,,West Ham United,against
2024-12-09,17:00,61627,Premier League 24/25,24/25,Matchweek 15,Mon,Away,L,1.0,2.0,West Ham United,1.0,19.0,4.0,21.1,0.053,0.25,,,Wolves,against
2024-12-14,12:00,61627,Premier League 24/25,24/25,Matchweek 16,Sat,Home,D,2.0,2.0,Fulham,2.0,12.0,3.0,25.0,0.167,0.667,,,Liverpool,against
2024-12-14,12:00,61627,Premier League 24/25,24/25,Matchweek 16,Sat,Away,D,2.0,2.0,Liverpool,2.0,16.0,4.0,25.0,0.125,0.5,,,Fulham,against
2024-12-14,12:00,61627,Premier League 24/25,24/25,Matchweek 16,Sat,Home,D,0.0,0.0,Everton,0.0,2.0,0.0,0.0,0.0,,,,Arsenal,against
2024-12-14,12:00,61627,Premier League 24/25,24/25,Matchweek 16,Sat,Away,D,0.0,0.0,Arsenal,0.0,13.0,5.0,38.5,0.0,0.0,,,Everton,against
2024-12-14,12:00,61627,Premier League 24/25,24/25,Matchweek 16,Sat,Home,W,4.0,0.0,Leicester City,4.0,4.0,1.0,25.0,1.0,4.0,,,Newcastle United,against
2024-12-14,12:00,61627,Premier League 24/25,24/25,Matchweek 16,Sat,Away,L,0.0,4.0,Newcastle United,0.0,27.0,11.0,40.7,0.0,0.0,,,Leicester City,against
2024-12-14,12:00,61627,Premier League 24/25,24/25,Matchweek 16,Sat,Home,L,1.0,2.0,Ipswich Town,1.0,10.0,5.0,50.0,0.1,0.2,,,Wolves,against
2024-12-14,12:00,61627,Premier League 24/25,24/25,Matchweek 16,Sat,Away,W,2.0,1.0,Wolves,2.0,16.0,6.0,37.5,0.125,0.333,,,Ipswich Town,against
2024-12-14,14:30,61627,Premier League 24/25,24/25,Matchweek 16,Sat,Home,W,2.0,1.0,Aston Villa,2.0,8.0,2.0,25.0,0.25,1.0,,,Nottingham Forest,against
2024-12-14,14:30,61627,Premier League 24/25,24/25,Matchweek 16,Sat,Away,L,1.0,2.0,Nottingham Forest,1.0,17.0,6.0,35.3,0.059,0.167,,,Aston Villa,against
2024-12-15,11:00,61627,Premier League 24/25,24/25,Matchweek 16,Sun,Home,L,1.0,3.0,Crystal Palace,1.0,13.0,5.0,38.5,0.077,0.2,,,Brighton,against
2024-12-15,11:00,61627,Premier League 24/25,24/25,Matchweek 16,Sun,Away,W,3.0,1.0,Brighton,3.0,17.0,5.0,29.4,0.176,0.6,,,Crystal Palace,against
2024-12-15,13:30,61627,Premier League 24/25,24/25,Matchweek 16,Sun,Home,L,1.0,2.0,Manchester Utd,1.0,10.0,3.0,30.0,0.1,0.333,,,Manchester City,against
2024-12-15,13:30,61627,Premier League 24/25,24/25,Matchweek 16,Sun,Away,W,2.0,1.0,Manchester City,2.0,10.0,3.0,30.0,0.2,0.667,,,Manchester Utd,against
2024-12-15,16:00,61627,Premier League 24/25,24/25,Matchweek 16,Sun,Home,W,2.0,1.0,Brentford,2.0,9.0,4.0,44.4,0.222,0.5,,,Chelsea,against
2024-12-15,16:00,61627,Premier League 24/25,24/25,Matchweek 16,Sun,Away,L,1.0,2.0,Chelsea,1.0,26.0,8.0,30.8,0.038,0.125,,,Brentford,against
2024-12-15,16:00,61627,Premier League 24/25,24/25,Matchweek 16,Sun,Home,L,0.0,5.0,Tottenham Hotspur,0.0,18.0,9.0,50.0,0.0,0.0,,,Southampton,against
2024-12-15,16:00,61627,Premier League 24/25,24/25,Matchweek 16,Sun,Away,W,5.0,0.0,Southampton,5.0,9.0,3.0,33.3,0.556,1.667,,,Tottenham Hotspur,against
2024-12-16,17:00,61627,Premier League 24/25,24/25,Matchweek 16,Mon,Home,D,1.0,1.0,West Ham United,1.0,16.0,3.0,18.8,0.062,0.333,,,Bournemouth,against
2024-12-16,17:00,61627,Premier League 24/25,24/25,Matchweek 16,Mon,Away,D,1.0,1.0,Bournemouth,1.0,29.0,9.0,31.0,0.034,0.111,,,West Ham United,against
2024-12-21,09:30,61627,Premier League 24/25,24/25,Matchweek 17,Sat,Home,W,2.0,1.0,Manchester City,2.0,12.0,6.0,50.0,0.167,0.333,,,Aston Villa,against
2024-12-21,09:30,61627,Premier League 24/25,24/25,Matchweek 17,Sat,Away,L,1.0,2.0,Aston Villa,1.0,11.0,6.0,54.5,0.091,0.167,,,Manchester City,against
2024-12-21,12:00,61627,Premier League 24/25,24/25,Matchweek 17,Sat,Home,L,0.0,4.0,Newcastle United,0.0,15.0,7.0,46.7,0.0,0.0,,,Ipswich Town,against
2024-12-21,12:00,61627,Premier League 24/25,24/25,Matchweek 17,Sat,Away,W,4.0,0.0,Ipswich Town,4.0,10.0,2.0,20.0,0.4,2.0,,,Newcastle United,against
2024-12-21,12:00,61627,Premier League 24/25,24/25,Matchweek 17,Sat,Home,D,1.0,1.0,Brighton,1.0,12.0,6.0,50.0,0.083,0.167,,,West Ham United,against
2024-12-21,12:00,61627,Premier League 24/25,24/25,Matchweek 17,Sat,Away,D,1.0,1.0,West Ham United,1.0,11.0,4.0,36.4,0.091,0.25,,,Brighton,against
2024-12-21,12:00,61627,Premier League 24/25,24/25,Matchweek 17,Sat,Home,L,0.0,2.0,Nottingham Forest,0.0,10.0,6.0,60.0,0.0,0.0,,,Brentford,against
2024-12-21,12:00,61627,Premier League 24/25,24/25,Matchweek 17,Sat,Away,W,2.0,0.0,Brentford,2.0,7.0,3.0,42.9,0.286,0.667,,,Nottingham Forest,against
2024-12-21,14:30,61627,Premier League 24/25,24/25,Matchweek 17,Sat,Home,L,1.0,5.0,Arsenal,1.0,14.0,6.0,42.9,0.071,0.167,,,Crystal Palace,against
2024-12-21,14:30,61627,Premier League 24/25,24/25,Matchweek 17,Sat,Away,W,5.0,1.0,Crystal Palace,5.0,15.0,6.0,40.0,0.333,0.833,,,Arsenal,against
2024-12-22,11:00,61627,Premier League 24/25,24/25,Matchweek 17,Sun,Home,L,0.0,3.0,Bournemouth,0.0,10.0,5.0,50.0,0.0,0.0,,,Manchester Utd,against
2024-12-22,11:00,61627,Premier League 24/25,24/25,Matchweek 17,Sun,Away,W,3.0,0.0,Manchester Utd,3.0,23.0,7.0,30.4,0.13,0.429,,,Bournemouth,against
2024-12-22,11:00,61627,Premier League 24/25,24/25,Matchweek 17,Sun,Home,D,0.0,0.0,Chelsea,0.0,12.0,5.0,41.7,0.0,0.0,,,Everton,against
2024-12-22,11:00,61627,Premier League 24/25,24/25,Matchweek 17,Sun,Away,D,0.0,0.0,Everton,0.0,5.0,4.0,80.0,0.0,0.0,,,Chelsea,against
2024-12-22,11:00,61627,Premier League 24/25,24/25,Matchweek 17,Sun,Home,L,0.0,3.0,Wolves,0.0,8.0,4.0,50.0,0.0,0.0,,,Leicester City,against
2024-12-22,11:00,61627,Premier League 24/25,24/25,Matchweek 17,Sun,Away,W,3.0,0.0,Leicester City,3.0,9.0,5.0,55.6,0.333,0.6,,,Wolves,against
2024-12-22,11:00,61627,Premier League 24/25,24/25,Matchweek 17,Sun,Home,D,0.0,0.0,Southampton,0.0,5.0,1.0,20.0,0.0,0.0,,,Fulham,against
2024-12-22,11:00,61627,Premier League 24/25,24/25,Matchweek 17,Sun,Away,D,0.0,0.0,Fulham,0.0,15.0,5.0,33.3,0.0,0.0,,,Southampton,against
2024-12-22,13:30,61627,Premier League 24/25,24/25,Matchweek 17,Sun,Home,L,3.0,6.0,Liverpool,3.0,24.0,12.0,50.0,0.125,0.25,,,Tottenham Hotspur,against
2024-12-22,13:30,61627,Premier League 24/25,24/25,Matchweek 17,Sun,Away,W,6.0,3.0,Tottenham Hotspur,6.0,9.0,5.0,55.6,0.667,1.2,,,Liverpool,against
2024-12-26,09:30,61627,Premier League 24/25,24/25,Matchweek 18,Thu,Home,D,1.0,1.0,Everton,1.0,8.0,3.0,37.5,0.125,0.333,,,Manchester City,against
2024-12-26,09:30,61627,Premier League 24/25,24/25,Matchweek 18,Thu,Away,D,1.0,1.0,Manchester City,1.0,24.0,5.0,20.8,0.042,0.2,,,Everton,against
2024-12-26,12:00,61627,Premier League 24/25,24/25,Matchweek 18,Thu,Home,L,1.0,2.0,Fulham,1.0,14.0,7.0,50.0,0.071,0.143,,,Chelsea,against
2024-12-26,12:00,61627,Premier League 24/25,24/25,Matchweek 18,Thu,Away,W,2.0,1.0,Chelsea,2.0,12.0,8.0,66.7,0.167,0.25,,,Fulham,against
2024-12-26,12:00,61627,Premier League 24/25,24/25,Matchweek 18,Thu,Home,W,1.0,0.0,Tottenham Hotspur,1.0,13.0,4.0,30.8,0.077,0.25,,,Nottingham Forest,against
2024-12-26,12:00,61627,Premier League 24/25,24/25,Matchweek 18,Thu,Away,L,0.0,1.0,Nottingham Forest,0.0,10.0,3.0,30.0,0.0,0.0,,,Tottenham Hotspur,against
2024-12-26,12:00,61627,Premier League 24/25,24/25,Matchweek 18,Thu,Home,W,3.0,0.0,Aston Villa,3.0,4.0,1.0,25.0,0.75,3.0,,,Newcastle United,against
2024-12-26,12:00,61627,Premier League 24/25,24/25,Matchweek 18,Thu,Away,L,0.0,3.0,Newcastle United,0.0,22.0,8.0,36.4,0.0,0.0,,,Aston Villa,against
2024-12-26,12:00,61627,Premier League 24/25,24/25,Matchweek 18,Thu,Home,L,0.0,1.0,West Ham United,0.0,16.0,2.0,12.5,0.0,0.0,,,Southampton,against
2024-12-26,12:00,61627,Premier League 24/25,24/25,Matchweek 18,Thu,Away,W,1.0,0.0,Southampton,1.0,18.0,5.0,27.8,0.056,0.2,,,West Ham United,against
2024-12-26,12:00,61627,Premier League 24/25,24/25,Matchweek 18,Thu,Home,D,0.0,0.0,Crystal Palace,0.0,10.0,4.0,40.0,0.0,0.0,,,Bournemouth,against
2024-12-26,12:00,61627,Premier League 24/25,24/25,Matchweek 18,Thu,Away,D,0.0,0.0,Bournemouth,0.0,18.0,4.0,22.2,0.0,0.0,,,Crystal Palace,against
2024-12-26,14:30,61627,Premier League 24/25,24/25,Matchweek 18,Thu,Home,W,2.0,0.0,Manchester Utd,2.0,11.0,4.0,36.4,0.182,0.5,,,Wolves,against
2024-12-26,14:30,61627,Premier League 24/25,24/25,Matchweek 18,Thu,Away,L,0.0,2.0,Wolves,0.0,7.0,4.0,57.1,0.0,0.0,,,Manchester Utd,against
2024-12-26,17:00,61627,Premier League 24/25,24/25,Matchweek 18,Thu,Home,W,3.0,1.0,Leicester City,3.0,4.0,1.0,25.0,0.75,3.0,,,Liverpool,against
2024-12-26,17:00,61627,Premier League 24/25,24/25,Matchweek 18,Thu,Away,L,1.0,3.0,Liverpool,1.0,19.0,7.0,36.8,0.053,0.143,,,Leicester City,against
2024-12-27,16:30,61627,Premier League 24/25,24/25,Matchweek 18,Fri,Home,D,0.0,0.0,Brentford,0.0,8.0,3.0,37.5,0.0,0.0,,,Brighton,against
2024-12-27,16:30,61627,Premier League 24/25,24/25,Matchweek 18,Fri,Away,D,0.0,0.0,Brighton,0.0,24.0,7.0,29.2,0.0,0.0,,,Brentford,against
2024-12-27,17:15,61627,Premier League 24/25,24/25,Matchweek 18,Fri,Home,W,1.0,0.0,Ipswich Town,1.0,3.0,0.0,0.0,0.333,,,,Arsenal,against
2024-12-27,17:15,61627,Premier League 24/25,24/25,Matchweek 18,Fri,Away,L,0.0,1.0,Arsenal,0.0,13.0,5.0,38.5,0.0,0.0,,,Ipswich Town,against
2024-12-29,11:30,61627,Premier League 24/25,24/25,Matchweek 19,Sun,Home,L,0.0,2.0,Manchester City,0.0,14.0,5.0,35.7,0.0,0.0,,,Leicester City,against
2024-12-29,11:30,61627,Premier League 24/25,24/25,Matchweek 19,Sun,Away,W,2.0,0.0,Leicester City,2.0,11.0,4.0,36.4,0.182,0.5,,,Manchester City,against
2024-12-29,12:00,61627,Premier League 24/25,24/25,Matchweek 19,Sun,Home,D,2.0,2.0,Wolves,2.0,11.0,3.0,27.3,0.182,0.667,,,Tottenham Hotspur,against
2024-12-29,12:00,61627,Premier League 24/25,24/25,Matchweek 19,Sun,Away,D,2.0,2.0,Tottenham Hotspur,2.0,13.0,3.0,23.1,0.154,0.667,,,Wolves,against
2024-12-29,12:00,61627,Premier League 24/25,24/25,Matchweek 19,Sun,Home,L,0.0,2.0,Nottingham Forest,0.0,11.0,7.0,63.6,0.0,0.0,,,Everton,against
2024-12-29,12:00,61627,Premier League 24/25,24/25,Matchweek 19,Sun,Away,W,2.0,0.0,Everton,2.0,13.0,2.0,15.4,0.154,1.0,,,Nottingham Forest,against
2024-12-29,12:00,61627,Premier League 24/25,24/25,Matchweek 19,Sun,Home,D,2.0,2.0,Bournemouth,2.0,16.0,9.0,56.2,0.125,0.222,,,Fulham,against
2024-12-29,12:00,61627,Premier League 24/25,24/25,Matchweek 19,Sun,Away,D,2.0,2.0,Fulham,2.0,11.0,6.0,54.5,0.182,0.333,,,Bournemouth,against
2024-12-29,12:00,61627,Premier League 24/25,24/25,Matchweek 19,Sun,Home,W,2.0,1.0,Southampton,2.0,7.0,3.0,42.9,0.286,0.667,,,Crystal Palace,against
2024-12-29,12:00,61627,Premier League 24/25,24/25,Matchweek 19,Sun,Away,L,1.0,2.0,Crystal Palace,1.0,19.0,10.0,52.6,0.053,0.1,,,Southampton,against
2024-12-29,14:15,61627,Premier League 24/25,24/25,Matchweek 19,Sun,Home,L,0.0,5.0,Liverpool,0.0,22.0,13.0,59.1,0.0,0.0,,,West Ham United,against
2024-12-29,14:15,61627,Premier League 24/25,24/25,Matchweek 19,Sun,Away,W,5.0,0.0,West Ham United,5.0,7.0,0.0,0.0,0.714,,,,Liverpool,against
2024-12-30,16:45,61627,Premier League 24/25,24/25,Matchweek 19,Mon,Home,W,2.0,0.0,Chelsea,2.0,20.0,5.0,25.0,0.1,0.4,,,Ipswich Town,against
2024-12-30,16:45,61627,Premier League 24/25,24/25,Matchweek 19,Mon,Away,L,0.0,2.0,Ipswich Town,0.0,9.0,6.0,66.7,0.0,0.0,,,Chelsea,against
2024-12-30,16:45,61627,Premier League 24/25,24/25,Matchweek 19,Mon,Home,D,2.0,2.0,Brighton,2.0,13.0,4.0,30.8,0.154,0.5,,,Aston Villa,against
2024-12-30,16:45,61627,Premier League 24/25,24/25,Matchweek 19,Mon,Away,D,2.0,2.0,Aston Villa,2.0,20.0,4.0,20.0,0.1,0.5,,,Brighton,against
2024-12-30,17:00,61627,Premier League 24/25,24/25,Matchweek 19,Mon,Home,L,0.0,2.0,Newcastle United,0.0,12.0,4.0,33.3,0.0,0.0,,,Manchester Utd,against
2024-12-30,17:00,61627,Premier League 24/25,24/25,Matchweek 19,Mon,Away,W,2.0,0.0,Manchester Utd,2.0,10.0,1.0,10.0,0.2,2.0,,,Newcastle United,against
2025-01-01,14:30,61627,Premier League 24/25,24/25,Matchweek 19,Wed,Home,L,1.0,3.0,Arsenal,1.0,14.0,5.0,35.7,0.071,0.2,,,Brentford,against
2025-01-01,14:30,61627,Premier League 24/25,24/25,Matchweek 19,Wed,Away,W,3.0,1.0,Brentford,3.0,5.0,2.0,40.0,0.6,1.5,,,Arsenal,against
2025-01-04,09:30,61627,Premier League 24/25,24/25,Matchweek 20,Sat,Home,L,1.0,2.0,Newcastle United,1.0,14.0,4.0,28.6,0.071,0.25,,,Tottenham Hotspur,against
2025-01-04,09:30,61627,Premier League 24/25,24/25,Matchweek 20,Sat,Away,W,2.0,1.0,Tottenham Hotspur,2.0,13.0,4.0,30.8,0.154,0.5,,,Newcastle United,against
2025-01-04,12:00,61627,Premier League 24/25,24/25,Matchweek 20,Sat,Home,W,4.0,1.0,West Ham United,4.0,17.0,4.0,23.5,0.235,1.0,,,Manchester City,against
2025-01-04,12:00,61627,Premier League 24/25,24/25,Matchweek 20,Sat,Away,L,1.0,4.0,Manchester City,1.0,10.0,7.0,70.0,0.1,0.143,,,West Ham United,against
2025-01-04,12:00,61627,Premier League 24/25,24/25,Matchweek 20,Sat,Home,D,1.0,1.0,Chelsea,1.0,15.0,1.0,6.7,0.067,1.0,,,Crystal Palace,against
2025-01-04,12:00,61627,Premier League 24/25,24/25,Matchweek 20,Sat,Away,D,1.0,1.0,Crystal Palace,1.0,13.0,6.0,46.2,0.077,0.167,,,Chelsea,against
2025-01-04,12:00,61627,Premier League 24/25,24/25,Matchweek 20,Sat,Home,W,2.0,1.0,Leicester City,2.0,4.0,2.0,50.0,0.5,1.0,,,Aston Villa,against
2025-01-04,12:00,61627,Premier League 24/25,24/25,Matchweek 20,Sat,Away,L,1.0,2.0,Aston Villa,1.0,13.0,5.0,38.5,0.077,0.2,,,Leicester City,against
2025-01-04,12:00,61627,Premier League 24/25,24/25,Matchweek 20,Sat,Home,W,1.0,0.0,Everton,1.0,9.0,0.0,0.0,0.111,,,,Bournemouth,against
2025-01-04,12:00,61627,Premier League 24/25,24/25,Matchweek 20,Sat,Away,L,0.0,1.0,Bournemouth,0.0,19.0,8.0,42.1,0.0,0.0,,,Everton,against
2025-01-04,12:00,61627,Premier League 24/25,24/25,Matchweek 20,Sat,Home,L,0.0,5.0,Brentford,0.0,20.0,11.0,55.0,0.0,0.0,,,Southampton,against
2025-01-04,12:00,61627,Premier League 24/25,24/25,Matchweek 20,Sat,Away,W,5.0,0.0,Southampton,5.0,8.0,1.0,12.5,0.625,5.0,,,Brentford,against
2025-01-04,14:30,61627,Premier League 24/25,24/25,Matchweek 20,Sat,Home,D,1.0,1.0,Arsenal,1.0,9.0,3.0,33.3,0.111,0.333,,,Brighton,against
2025-01-04,14:30,61627,Premier League 24/25,24/25,Matchweek 20,Sat,Away,D,1.0,1.0,Brighton,1.0,11.0,4.0,36.4,0.091,0.25,,,Arsenal,against
2025-01-05,11:00,61627,Premier League 24/25,24/25,Matchweek 20,Sun,Home,D,2.0,2.0,Ipswich Town,2.0,7.0,3.0,42.9,0.286,0.667,,,Fulham,against
2025-01-05,11:00,61627,Premier League 24/25,24/25,Matchweek 20,Sun,Away,D,2.0,2.0,Fulham,2.0,15.0,4.0,26.7,0.133,0.5,,,Ipswich Town,against
2025-01-05,13:30,61627,Premier League 24/25,24/25,Matchweek 20,Sun,Home,D,2.0,2.0,Manchester Utd,2.0,13.0,4.0,30.8,0.154,0.5,,,Liverpool,against
2025-01-05,13:30,61627,Premier League 24/25,24/25,Matchweek 20,Sun,Away,D,2.0,2.0,Liverpool,2.0,19.0,6.0,31.6,0.105,0.333,,,Manchester Utd,against
2025-01-06,17:00,61627,Premier League 24/25,24/25,Matchweek 20,Mon,Home,L,0.0,3.0,Nottingham Forest,0.0,11.0,3.0,27.3,0.0,0.0,,,Wolves,against
2025-01-06,17:00,61627,Premier League 24/25,24/25,Matchweek 20,Mon,Away,W,3.0,0.0,Wolves,3.0,13.0,6.0,46.2,0.231,0.5,,,Nottingham Forest,against
2025-01-14,16:30,61627,Premier League 24/25,24/25,Matchweek 21,Tue,Home,D,2.0,2.0,Manchester City,2.0,21.0,8.0,38.1,0.095,0.25,,,Brentford,against
2025-01-14,16:30,61627,Premier League 24/25,24/25,Matchweek 21,Tue,Away,D,2.0,2.0,Brentford,2.0,18.0,6.0,33.3,0.111,0.333,,,Manchester City,against
2025-01-14,16:30,61627,Premier League 24/25,24/25,Matchweek 21,Tue,Home,D,2.0,2.0,Bournemouth,2.0,7.0,3.0,42.9,0.286,0.667,,,Chelsea,against
2025-01-14,16:30,61627,Premier League 24/25,24/25,Matchweek 21,Tue,Away,D,2.0,2.0,Chelsea,2.0,26.0,10.0,38.5,0.077,0.2,,,Bournemouth,against
2025-01-14,16:30,61627,Premier League 24/25,24/25,Matchweek 21,Tue,Home,W,3.0,2.0,Fulham,3.0,21.0,5.0,23.8,0.143,0.6,,,West Ham United,against
2025-01-14,16:30,61627,Premier League 24/25,24/25,Matchweek 21,Tue,Away,L,2.0,3.0,West Ham United,2.0,4.0,3.0,75.0,0.5,0.667,,,Fulham,against
2025-01-14,17:00,61627,Premier League 24/25,24/25,Matchweek 21,Tue,Home,D,1.0,1.0,Liverpool,1.0,23.0,7.0,30.4,0.043,0.143,,,Nottingham Forest,against
2025-01-14,17:00,61627,Premier League 24/25,24/25,Matchweek 21,Tue,Away,D,1.0,1.0,Nottingham Forest,1.0,6.0,3.0,50.0,0.167,0.333,,,Liverpool,against
2025-01-15,16:30,61627,Premier League 24/25,24/25,Matchweek 21,Wed,Home,W,3.0,0.0,Wolves,3.0,13.0,7.0,53.8,0.231,0.429,,,Newcastle United,against
2025-01-15,16:30,61627,Premier League 24/25,24/25,Matchweek 21,Wed,Away,L,0.0,3.0,Newcastle United,0.0,17.0,5.0,29.4,0.0,0.0,,,Wolves,against
2025-01-15,16:30,61627,Premier League 24/25,24/25,Matchweek 21,Wed,Home,L,0.0,1.0,Aston Villa,0.0,11.0,3.0,27.3,0.0,0.0,,,Everton,against
2025-01-15,16:30,61627,Premier League 24/25,24/25,Matchweek 21,Wed,Away,W,1.0,0.0,Everton,1.0,10.0,3.0,30.0,0.1,0.333,,,Aston Villa,against
2025-01-15,16:30,61627,Premier League 24/25,24/25,Matchweek 21,Wed,Home,L,0.0,2.0,Crystal Palace,0.0,9.0,4.0,44.4,0.0,0.0,,,Leicester City,against
2025-01-15,16:30,61627,Premier League 24/25,24/25,Matchweek 21,Wed,Away,W,2.0,0.0,Leicester City,2.0,21.0,4.0,19.0,0.095,0.5,,,Crystal Palace,against
2025-01-15,17:00,61627,Premier League 24/25,24/25,Matchweek 21,Wed,Home,W,2.0,1.0,Tottenham Hotspur,2.0,10.0,2.0,20.0,0.2,1.0,,,Arsenal,against
2025-01-15,17:00,61627,Premier League 24/25,24/25,Matchweek 21,Wed,Away,L,1.0,2.0,Arsenal,1.0,14.0,4.0,28.6,0.071,0.25,,,Tottenham Hotspur,against
2025-01-16,16:30,61627,Premier League 24/25,24/25,Matchweek 21,Thu,Home,L,0.0,2.0,Brighton,0.0,11.0,5.0,45.5,0.0,0.0,,,Ipswich Town,against
2025-01-16,16:30,61627,Premier League 24/25,24/25,Matchweek 21,Thu,Away,W,2.0,0.0,Ipswich Town,2.0,5.0,3.0,60.0,0.4,0.667,,,Brighton,against
2025-01-16,17:00,61627,Premier League 24/25,24/25,Matchweek 21,Thu,Home,W,3.0,1.0,Southampton,3.0,13.0,5.0,38.5,0.231,0.6,,,Manchester Utd,against
2025-01-16,17:00,61627,Premier League 24/25,24/25,Matchweek 21,Thu,Away,L,1.0,3.0,Manchester Utd,1.0,23.0,9.0,39.1,0.043,0.111,,,Southampton,against
2025-01-18,09:30,61627,Premier League 24/25,24/25,Matchweek 22,Sat,Home,L,1.0,4.0,Bournemouth,1.0,19.0,10.0,52.6,0.053,0.1,,,Newcastle United,against
2025-01-18,09:30,61627,Premier League 24/25,24/25,Matchweek 22,Sat,Away,W,4.0,1.0,Newcastle United,4.0,13.0,5.0,38.5,0.308,0.8,,,Bournemouth,against
2025-01-18,12:00,61627,Premier League 24/25,24/25,Matchweek 22,Sat,Home,L,0.0,2.0,Liverpool,0.0,37.0,8.0,21.6,0.0,0.0,,,Brentford,against
2025-01-18,12:00,61627,Premier League 24/25,24/25,Matchweek 22,Sat,Away,W,2.0,0.0,Brentford,2.0,11.0,6.0,54.5,0.182,0.333,,,Liverpool,against
2025-01-18,12:00,61627,Premier League 24/25,24/25,Matchweek 22,Sat,Home,L,0.0,2.0,Crystal Palace,0.0,12.0,7.0,58.3,0.0,0.0,,,West Ham United,against
2025-01-18,12:00,61627,Premier League 24/25,24/25,Matchweek 22,Sat,Away,W,2.0,0.0,West Ham United,2.0,7.0,0.0,0.0,0.286,,,,Crystal Palace,against
2025-01-18,12:00,61627,Premier League 24/25,24/25,Matchweek 22,Sat,Home,L,0.0,2.0,Fulham,0.0,17.0,2.0,11.8,0.0,0.0,,,Leicester City,against
2025-01-18,12:00,61627,Premier League 24/25,24/25,Matchweek 22,Sat,Away,W,2.0,0.0,Leicester City,2.0,8.0,4.0,50.0,0.25,0.5,,,Fulham,against
2025-01-18,14:30,61627,Premier League 24/25,24/25,Matchweek 22,Sat,Home,D,2.0,2.0,Aston Villa,2.0,8.0,4.0,50.0,0.25,0.5,,,Arsenal,against
2025-01-18,14:30,61627,Premier League 24/25,24/25,Matchweek 22,Sat,Away,D,2.0,2.0,Arsenal,2.0,18.0,6.0,33.3,0.111,0.333,,,Aston Villa,against
2025-01-19,11:00,61627,Premier League 24/25,24/25,Matchweek 22,Sun,Home,L,1.0,3.0,Brighton,1.0,6.0,3.0,50.0,0.167,0.333,,,Manchester Utd,against
2025-01-19,11:00,61627,Premier League 24/25,24/25,Matchweek 22,Sun,Away,W,3.0,1.0,Manchester Utd,3.0,10.0,1.0,10.0,0.3,3.0,,,Brighton,against
2025-01-19,11:00,61627,Premier League 24/25,24/25,Matchweek 22,Sun,Home,W,3.0,2.0,Tottenham Hotspur,3.0,11.0,6.0,54.5,0.273,0.5,,,Everton,against
2025-01-19,11:00,61627,Premier League 24/25,24/25,Matchweek 22,Sun,Away,L,2.0,3.0,Everton,2.0,12.0,6.0,50.0,0.167,0.333,,,Tottenham Hotspur,against
2025-01-19,11:00,61627,Premier League 24/25,24/25,Matchweek 22,Sun,Home,W,3.0,2.0,Southampton,3.0,10.0,4.0,40.0,0.3,0.75,,,Nottingham Forest,against
2025-01-19,11:00,61627,Premier League 24/25,24/25,Matchweek 22,Sun,Away,L,2.0,3.0,Nottingham Forest,2.0,14.0,5.0,35.7,0.143,0.4,,,Southampton,against
2025-01-19,13:30,61627,Premier League 24/25,24/25,Matchweek 22,Sun,Home,L,0.0,6.0,Manchester City,0.0,17.0,9.0,52.9,0.0,0.0,,,Ipswich Town,against
2025-01-19,13:30,61627,Premier League 24/25,24/25,Matchweek 22,Sun,Away,W,6.0,0.0,Ipswich Town,6.0,8.0,4.0,50.0,0.75,1.5,,,Manchester City,against
2025-01-20,17:00,61627,Premier League 24/25,24/25,Matchweek 22,Mon,Home,W,3.0,1.0,Wolves,3.0,9.0,4.0,44.4,0.333,0.75,,,Chelsea,against
2025-01-20,17:00,61627,Premier League 24/25,24/25,Matchweek 22,Mon,Away,L,1.0,3.0,Chelsea,1.0,19.0,7.0,36.8,0.053,0.143,,,Wolves,against
2025-01-25,12:00,61627,Premier League 24/25,24/25,Matchweek 23,Sat,Home,W,4.0,1.0,Ipswich Town,4.0,3.0,3.0,100.0,1.333,1.333,,,Liverpool,against
2025-01-25,12:00,61627,Premier League 24/25,24/25,Matchweek 23,Sat,Away,L,1.0,4.0,Liverpool,1.0,16.0,6.0,37.5,0.062,0.167,,,Ipswich Town,against
2025-01-25,12:00,61627,Premier League 24/25,24/25,Matchweek 23,Sat,Home,L,0.0,1.0,Arsenal,0.0,9.0,3.0,33.3,0.0,0.0,,,Wolves,against
2025-01-25,12:00,61627,Premier League 24/25,24/25,Matchweek 23,Sat,Away,W,1.0,0.0,Wolves,1.0,9.0,4.0,44.4,0.111,0.25,,,Arsenal,against
2025-01-25,12:00,61627,Premier League 24/25,24/25,Matchweek 23,Sat,Home,L,1.0,3.0,Newcastle United,1.0,17.0,9.0,52.9,0.059,0.111,,,Southampton,against
2025-01-25,12:00,61627,Premier League 24/25,24/25,Matchweek 23,Sat,Away,W,3.0,1.0,Southampton,3.0,12.0,5.0,41.7,0.25,0.6,,,Newcastle United,against
2025-01-25,12:00,61627,Premier League 24/25,24/25,Matchweek 23,Sat,Home,L,0.0,1.0,Everton,0.0,3.0,1.0,33.3,0.0,0.0,,,Brighton,against
2025-01-25,12:00,61627,Premier League 24/25,24/25,Matchweek 23,Sat,Away,W,1.0,0.0,Brighton,1.0,16.0,1.0,6.2,0.062,1.0,,,Everton,against
2025-01-25,12:00,61627,Premier League 24/25,24/25,Matchweek 23,Sat,Home,W,5.0,0.0,Nottingham Forest,5.0,18.0,4.0,22.2,0.278,1.25,,,Bournemouth,against
2025-01-25,12:00,61627,Premier League 24/25,24/25,Matchweek 23,Sat,Away,L,0.0,5.0,Bournemouth,0.0,16.0,10.0,62.5,0.0,0.0,,,Nottingham Forest,against
2025-01-25,14:30,61627,Premier League 24/25,24/25,Matchweek 23,Sat,Home,W,3.0,1.0,Chelsea,3.0,10.0,4.0,40.0,0.3,0.75,,,Manchester City,against
2025-01-25,14:30,61627,Premier League 24/25,24/25,Matchweek 23,Sat,Away,L,1.0,3.0,Manchester City,1.0,15.0,6.0,40.0,0.067,0.167,,,Chelsea,against
2025-01-26,11:00,61627,Premier League 24/25,24/25,Matchweek 23,Sun,Home,L,1.0,2.0,Leicester City,1.0,12.0,3.0,25.0,0.083,0.333,,,Tottenham Hotspur,against
2025-01-26,11:00,61627,Premier League 24/25,24/25,Matchweek 23,Sun,Away,W,2.0,1.0,Tottenham Hotspur,2.0,15.0,6.0,40.0,0.133,0.333,,,Leicester City,against
2025-01-26,11:00,61627,Premier League 24/25,24/25,Matchweek 23,Sun,Home,L,1.0,2.0,Brentford,1.0,12.0,6.0,50.0,0.083,0.167,,,Crystal Palace,against
2025-01-26,11:00,61627,Premier League 24/25,24/25,Matchweek 23,Sun,Away,W,2.0,1.0,Crystal Palace,2.0,16.0,5.0,31.2,0.125,0.4,,,Brentford,against
2025-01-26,13:30,61627,Premier League 24/25,24/25,Matchweek 23,Sun,Home,D,1.0,1.0,West Ham United,1.0,14.0,4.0,28.6,0.071,0.25,,,Aston Villa,against
2025-01-26,13:30,61627,Premier League 24/25,24/25,Matchweek 23,Sun,Away,D,1.0,1.0,Aston Villa,1.0,14.0,4.0,28.6,0.071,0.25,,,West Ham United,against
2025-01-26,16:00,61627,Premier League 24/25,24/25,Matchweek 23,Sun,Home,L,0.0,1.0,Manchester Utd,0.0,4.0,1.0,25.0,0.0,0.0,,,Fulham,against
2025-01-26,16:00,61627,Premier League 24/25,24/25,Matchweek 23,Sun,Away,W,1.0,0.0,Fulham,1.0,9.0,3.0,33.3,0.111,0.333,,,Manchester Utd,against
2025-02-01,09:30,61627,Premier League 24/25,24/25,Matchweek 24,Sat,Home,W,7.0,0.0,Brighton,7.0,10.0,5.0,50.0,0.7,1.4,,,Nottingham Forest,against
2025-02-01,09:30,61627,Premier League 24/25,24/25,Matchweek 24,Sat,Away,L,0.0,7.0,Nottingham Forest,0.0,14.0,9.0,64.3,0.0,0.0,,,Brighton,against
2025-02-01,12:00,61627,Premier League 24/25,24/25,Matchweek 24,Sat,Home,L,0.0,2.0,Liverpool,0.0,19.0,7.0,36.8,0.0,0.0,,,Bournemouth,against
2025-02-01,12:00,61627,Premier League 24/25,24/25,Matchweek 24,Sat,Away,W,2.0,0.0,Bournemouth,2.0,14.0,3.0,21.4,0.143,0.667,,,Liverpool,against
2025-02-01,12:00,61627,Premier League 24/25,24/25,Matchweek 24,Sat,Home,L,1.0,2.0,Fulham,1.0,15.0,4.0,26.7,0.067,0.25,,,Newcastle United,against
2025-02-01,12:00,61627,Premier League 24/25,24/25,Matchweek 24,Sat,Away,W,2.0,1.0,Newcastle United,2.0,11.0,4.0,36.4,0.182,0.5,,,Fulham,against
2025-02-01,12:00,61627,Premier League 24/25,24/25,Matchweek 24,Sat,Home,W,4.0,0.0,Leicester City,4.0,9.0,1.0,11.1,0.444,4.0,,,Everton,against
2025-02-01,12:00,61627,Premier League 24/25,24/25,Matchweek 24,Sat,Away,L,0.0,4.0,Everton,0.0,13.0,7.0,53.8,0.0,0.0,,,Leicester City,against
2025-02-01,12:00,61627,Premier League 24/25,24/25,Matchweek 24,Sat,Home,L,1.0,2.0,Southampton,1.0,9.0,4.0,44.4,0.111,0.25,,,Ipswich Town,against
2025-02-01,12:00,61627,Premier League 24/25,24/25,Matchweek 24,Sat,Away,W,2.0,1.0,Ipswich Town,2.0,15.0,6.0,40.0,0.133,0.333,,,Southampton,against
2025-02-01,14:30,61627,Premier League 24/25,24/25,Matchweek 24,Sat,Home,W,2.0,0.0,Aston Villa,2.0,10.0,3.0,30.0,0.2,0.667,,,Wolves,against
2025-02-01,14:30,61627,Premier League 24/25,24/25,Matchweek 24,Sat,Away,L,0.0,2.0,Wolves,0.0,8.0,5.0,62.5,0.0,0.0,,,Aston Villa,against
2025-02-02,11:00,61627,Premier League 24/25,24/25,Matchweek 24,Sun,Home,L,0.0,2.0,Crystal Palace,0.0,11.0,3.0,27.3,0.0,0.0,,,Manchester Utd,against
2025-02-02,11:00,61627,Premier League 24/25,24/25,Matchweek 24,Sun,Away,W,2.0,0.0,Manchester Utd,2.0,17.0,2.0,11.8,0.118,1.0,,,Crystal Palace,against
2025-02-02,11:00,61627,Premier League 24/25,24/25,Matchweek 24,Sun,Home,L,0.0,2.0,Tottenham Hotspur,0.0,13.0,2.0,15.4,0.0,0.0,,,Brentford,against
2025-02-02,11:00,61627,Premier League 24/25,24/25,Matchweek 24,Sun,Away,W,2.0,0.0,Brentford,2.0,20.0,4.0,20.0,0.1,0.5,,,Tottenham Hotspur,against
2025-02-02,13:30,61627,Premier League 24/25,24/25,Matchweek 24,Sun,Home,W,5.0,1.0,Manchester City,5.0,7.0,4.0,57.1,0.714,1.25,,,Arsenal,against
2025-02-02,13:30,61627,Premier League 24/25,24/25,Matchweek 24,Sun,Away,L,1.0,5.0,Arsenal,1.0,12.0,7.0,58.3,0.083,0.143,,,Manchester City,against
2025-02-03,17:00,61627,Premier League 24/25,24/25,Matchweek 24,Mon,Home,W,2.0,1.0,West Ham United,2.0,14.0,5.0,35.7,0.143,0.4,,,Chelsea,against
2025-02-03,17:00,61627,Premier League 24/25,24/25,Matchweek 24,Mon,Away,L,1.0,2.0,Chelsea,1.0,22.0,3.0,13.6,0.045,0.333,,,West Ham United,against
2025-02-12,16:30,61627,Premier League 24/25,24/25,Matchweek 15,Wed,Home,D,2.0,2.0,Liverpool,2.0,6.0,4.0,66.7,0.333,0.5,,,Everton,against
2025-02-12,16:30,61627,Premier League 24/25,24/25,Matchweek 15,Wed,Away,D,2.0,2.0,Everton,2.0,10.0,3.0,30.0,0.2,0.667,,,Liverpool,against
2025-02-14,17:00,61627,Premier League 24/25,24/25,Matchweek 25,Fri,Home,W,3.0,0.0,Chelsea,3.0,8.0,0.0,0.0,0.375,,,,Brighton,against
2025-02-14,17:00,61627,Premier League 24/25,24/25,Matchweek 25,Fri,Away,L,0.0,3.0,Brighton,0.0,13.0,5.0,38.5,0.0,0.0,,,Chelsea,against
2025-02-15,09:30,61627,Premier League 24/25,24/25,Matchweek 25,Sat,Home,L,0.0,2.0,Arsenal,0.0,11.0,5.0,45.5,0.0,0.0,,,Leicester City,against
2025-02-15,09:30,61627,Premier League 24/25,24/25,Matchweek 25,Sat,Away,W,2.0,0.0,Leicester City,2.0,6.0,2.0,33.3,0.333,1.0,,,Arsenal,against
2025-02-15,12:00,61627,Premier League 24/25,24/25,Matchweek 25,Sat,Home,W,4.0,0.0,Newcastle United,4.0,3.0,1.0,33.3,1.333,4.0,,,Manchester City,against
2025-02-15,12:00,61627,Premier League 24/25,24/25,Matchweek 25,Sat,Away,L,0.0,4.0,Manchester City,0.0,11.0,7.0,63.6,0.0,0.0,,,Newcastle United,against
2025-02-15,12:00,61627,Premier League 24/25,24/25,Matchweek 25,Sat,Home,D,1.0,1.0,Ipswich Town,1.0,4.0,3.0,75.0,0.25,0.333,,,Aston Villa,against
2025-02-15,12:00,61627,Premier League 24/25,24/25,Matchweek 25,Sat,Away,D,1.0,1.0,Aston Villa,1.0,25.0,6.0,24.0,0.04,0.167,,,Ipswich Town,against
2025-02-15,12:00,61627,Premier League 24/25,24/25,Matchweek 25,Sat,Home,L,0.0,1.0,Brentford,0.0,14.0,5.0,35.7,0.0,0.0,,,West Ham United,against
2025-02-15,12:00,61627,Premier League 24/25,24/25,Matchweek 25,Sat,Away,W,1.0,0.0,West Ham United,1.0,13.0,3.0,23.1,0.077,0.333,,,Brentford,against
2025-02-15,12:00,61627,Premier League 24/25,24/25,Matchweek 25,Sat,Home,W,2.0,1.0,Nottingham Forest,2.0,8.0,2.0,25.0,0.25,1.0,,,Fulham,against
2025-02-15,12:00,61627,Premier League 24/25,24/25,Matchweek 25,Sat,Away,L,1.0,2.0,Fulham,1.0,24.0,10.0,41.7,0.042,0.1,,,Nottingham Forest,against
2025-02-15,12:00,61627,Premier League 24/25,24/25,Matchweek 25,Sat,Home,L,1.0,3.0,Bournemouth,1.0,14.0,7.0,50.0,0.071,0.143,,,Southampton,against
2025-02-15,12:00,61627,Premier League 24/25,24/25,Matchweek 25,Sat,Away,W,3.0,1.0,Southampton,3.0,11.0,4.0,36.4,0.273,0.75,,,Bournemouth,against
2025-02-15,14:30,61627,Premier League 24/25,24/25,Matchweek 25,Sat,Home,L,1.0,2.0,Everton,1.0,11.0,6.0,54.5,0.091,0.167,,,Crystal Palace,against
2025-02-15,14:30,61627,Premier League 24/25,24/25,Matchweek 25,Sat,Away,W,2.0,1.0,Crystal Palace,2.0,17.0,6.0,35.3,0.118,0.333,,,Everton,against
2025-02-16,11:00,61627,Premier League 24/25,24/25,Matchweek 25,Sun,Home,W,2.0,1.0,Wolves,2.0,16.0,4.0,25.0,0.125,0.5,,,Liverpool,against
2025-02-16,11:00,61627,Premier League 24/25,24/25,Matchweek 25,Sun,Away,L,1.0,2.0,Liverpool,1.0,10.0,3.0,30.0,0.1,0.333,,,Wolves,against
2025-02-16,13:30,61627,Premier League 24/25,24/25,Matchweek 25,Sun,Home,W,1.0,0.0,Manchester Utd,1.0,16.0,6.0,37.5,0.062,0.167,,,Tottenham Hotspur,against
2025-02-16,13:30,61627,Premier League 24/25,24/25,Matchweek 25,Sun,Away,L,0.0,1.0,Tottenham Hotspur,0.0,22.0,7.0,31.8,0.0,0.0,,,Manchester Utd,against
2025-02-19,16:30,61627,Premier League 24/25,24/25,Matchweek 29,Wed,Home,D,2.0,2.0,Liverpool,2.0,17.0,3.0,17.6,0.118,0.667,,,Aston Villa,against
2025-02-19,16:30,61627,Premier League 24/25,24/25,Matchweek 29,Wed,Away,D,2.0,2.0,Aston Villa,2.0,9.0,4.0,44.4,0.222,0.5,,,Liverpool,against
2025-02-21,17:00,61627,Premier League 24/25,24/25,Matchweek 26,Fri,Home,L,0.0,4.0,Brentford,0.0,14.0,6.0,42.9,0.0,0.0,,,Leicester City,against
2025-02-21,17:00,61627,Premier League 24/25,24/25,Matchweek 26,Fri,Away,W,4.0,0.0,Leicester City,4.0,8.0,3.0,37.5,0.5,1.333,,,Brentford,against
2025-02-22,09:30,61627,Premier League 24/25,24/25,Matchweek 26,Sat,Home,D,2.0,2.0,Manchester Utd,2.0,9.0,3.0,33.3,0.222,0.667,,,Everton,against
2025-02-22,09:30,61627,Premier League 24/25,24/25,Matchweek 26,Sat,Away,D,2.0,2.0,Everton,2.0,9.0,8.0,88.9,0.222,0.25,,,Manchester Utd,against
2025-02-22,12:00,61627,Premier League 24/25,24/25,Matchweek 26,Sat,Home,L,0.0,1.0,West Ham United,0.0,5.0,2.0,40.0,0.0,0.0,,,Arsenal,against
2025-02-22,12:00,61627,Premier League 24/25,24/25,Matchweek 26,Sat,Away,W,1.0,0.0,Arsenal,1.0,20.0,2.0,10.0,0.05,0.5,,,West Ham United,against
2025-02-22,12:00,61627,Premier League 24/25,24/25,Matchweek 26,Sat,Home,L,1.0,4.0,Tottenham Hotspur,1.0,10.0,6.0,60.0,0.1,0.167,,,Ipswich Town,against
2025-02-22,12:00,61627,Premier League 24/25,24/25,Matchweek 26,Sat,Away,W,4.0,1.0,Ipswich Town,4.0,17.0,5.0,29.4,0.235,0.8,,,Tottenham Hotspur,against
2025-02-22,12:00,61627,Premier League 24/25,24/25,Matchweek 26,Sat,Home,L,0.0,4.0,Brighton,0.0,18.0,12.0,66.7,0.0,0.0,,,Southampton,against
2025-02-22,12:00,61627,Premier League 24/25,24/25,Matchweek 26,Sat,Away,W,4.0,0.0,Southampton,4.0,6.0,1.0,16.7,0.667,4.0,,,Brighton,against
2025-02-22,12:00,61627,Premier League 24/25,24/25,Matchweek 26,Sat,Home,L,0.0,2.0,Crystal Palace,0.0,10.0,5.0,50.0,0.0,0.0,,,Fulham,against
2025-02-22,12:00,61627,Premier League 24/25,24/25,Matchweek 26,Sat,Away,W,2.0,0.0,Fulham,2.0,10.0,0.0,0.0,0.2,,,,Crystal Palace,against
2025-02-22,12:00,61627,Premier League 24/25,24/25,Matchweek 26,Sat,Home,L,0.0,1.0,Wolves,0.0,13.0,5.0,38.5,0.0,0.0,,,Bournemouth,against
2025-02-22,12:00,61627,Premier League 24/25,24/25,Matchweek 26,Sat,Away,W,1.0,0.0,Bournemouth,1.0,8.0,3.0,37.5,0.125,0.333,,,Wolves,against
2025-02-22,14:30,61627,Premier League 24/25,24/25,Matchweek 26,Sat,Home,W,2.0,1.0,Chelsea,2.0,15.0,7.0,46.7,0.133,0.286,,,Aston Villa,against
2025-02-22,14:30,61627,Premier League 24/25,24/25,Matchweek 26,Sat,Away,L,1.0,2.0,Aston Villa,1.0,12.0,6.0,50.0,0.083,0.167,,,Chelsea,against
2025-02-23,11:00,61627,Premier League 24/25,24/25,Matchweek 26,Sun,Home,W,4.0,3.0,Nottingham Forest,4.0,17.0,5.0,29.4,0.235,0.8,,,Newcastle United,against
2025-02-23,11:00,61627,Premier League 24/25,24/25,Matchweek 26,Sun,Away,L,3.0,4.0,Newcastle United,3.0,13.0,5.0,38.5,0.231,0.6,,,Nottingham Forest,against
2025-02-23,13:30,61627,Premier League 24/25,24/25,Matchweek 26,Sun,Home,L,0.0,2.0,Liverpool FC,0.0,8.0,4.0,50.0,0.0,0.0,,,Manchester City,against
2025-02-23,13:30,61627,Premier League 24/25,24/25,Matchweek 26,Sun,Away,W,2.0,0.0,Manchester City,2.0,16.0,5.0,31.2,0.125,0.4,,,Liverpool FC,against
2025-02-25,16:30,61627,Premier League 24/25,24/25,Matchweek 27,Tue,Home,W,4.0,1.0,Aston Villa,4.0,6.0,2.0,33.3,0.667,2.0,,,Crystal Palace,against
2025-02-25,16:30,61627,Premier League 24/25,24/25,Matchweek 27,Tue,Away,L,1.0,4.0,Crystal Palace,1.0,19.0,6.0,31.6,0.053,0.167,,,Aston Villa,against
2025-02-25,16:30,61627,Premier League 24/25,24/25,Matchweek 27,Tue,Home,W,2.0,1.0,Bournemouth,2.0,19.0,5.0,26.3,0.105,0.4,,,Brighton,against
2025-02-25,16:30,61627,Premier League 24/25,24/25,Matchweek 27,Tue,Away,L,1.0,2.0,Brighton,1.0,11.0,4.0,36.4,0.091,0.25,,,Bournemouth,against
2025-02-25,16:30,61627,Premier League 24/25,24/25,Matchweek 27,Tue,Home,L,1.0,2.0,Fulham,1.0,11.0,5.0,45.5,0.091,0.2,,,Wolves,against
2025-02-25,16:30,61627,Premier League 24/25,24/25,Matchweek 27,Tue,Away,W,2.0,1.0,Wolves,2.0,18.0,5.0,27.8,0.111,0.4,,,Fulham,against
2025-02-25,17:15,61627,Premier League 24/25,24/25,Matchweek 27,Tue,Home,W,4.0,0.0,Southampton,4.0,7.0,2.0,28.6,0.571,2.0,,,Chelsea,against
2025-02-25,17:15,61627,Premier League 24/25,24/25,Matchweek 27,Tue,Away,L,0.0,4.0,Chelsea,0.0,19.0,10.0,52.6,0.0,0.0,,,Southampton,against
2025-02-26,16:30,61627,Premier League 24/25,24/25,Matchweek 27,Wed,Home,L,0.0,1.0,Manchester City,0.0,12.0,5.0,41.7,0.0,0.0,,,Tottenham Hotspur,against
2025-02-26,16:30,61627,Premier League 24/25,24/25,Matchweek 27,Wed,Away,W,1.0,0.0,Tottenham Hotspur,1.0,11.0,6.0,54.5,0.091,0.167,,,Manchester City,against
2025-02-26,16:30,61627,Premier League 24/25,24/25,Matchweek 27,Wed,Home,W,3.0,2.0,Ipswich Town,3.0,12.0,3.0,25.0,0.25,1.0,,,Manchester Utd,against
2025-02-26,16:30,61627,Premier League 24/25,24/25,Matchweek 27,Wed,Away,L,2.0,3.0,Manchester Utd,2.0,10.0,6.0,60.0,0.2,0.333,,,Ipswich Town,against
2025-02-26,16:30,61627,Premier League 24/25,24/25,Matchweek 27,Wed,Home,D,0.0,0.0,Arsenal,0.0,13.0,1.0,7.7,0.0,0.0,,,Nottingham Forest,against
2025-02-26,16:30,61627,Premier League 24/25,24/25,Matchweek 27,Wed,Away,D,0.0,0.0,Nottingham Forest,0.0,6.0,2.0,33.3,0.0,0.0,,,Arsenal,against
2025-02-26,16:30,61627,Premier League 24/25,24/25,Matchweek 27,Wed,Home,D,1.0,1.0,Everton,1.0,14.0,4.0,28.6,0.071,0.25,,,Brentford,against
2025-02-26,16:30,61627,Premier League 24/25,24/25,Matchweek 27,Wed,Away,D,1.0,1.0,Brentford,1.0,12.0,3.0,25.0,0.083,0.333,,,Everton,against
2025-02-26,17:15,61627,Premier League 24/25,24/25,Matchweek 27,Wed,Home,W,2.0,0.0,Newcastle United,2.0,3.0,0.0,0.0,0.667,,,,Liverpool FC,against
2025-02-26,17:15,61627,Premier League 24/25,24/25,Matchweek 27,Wed,Away,L,0.0,2.0,Liverpool FC,0.0,12.0,3.0,25.0,0.0,0.0,,,Newcastle United,against
2025-02-27,17:00,61627,Premier League 24/25,24/25,Matchweek 27,Thu,Home,W,2.0,0.0,Leicester City,2.0,10.0,2.0,20.0,0.2,1.0,,,West Ham United,against
2025-02-27,17:00,61627,Premier League 24/25,24/25,Matchweek 27,Thu,Away,L,0.0,2.0,West Ham United,0.0,8.0,2.0,25.0,0.0,0.0,,,Leicester City,against
2025-03-08,09:30,61627,Premier League 24/25,24/25,Matchweek 28,Sat,Home,W,1.0,0.0,Manchester City,1.0,14.0,3.0,21.4,0.071,0.333,,,Nottingham Forest,against
2025-03-08,09:30,61627,Premier League 24/25,24/25,Matchweek 28,Sat,Away,L,0.0,1.0,Nottingham Forest,0.0,9.0,4.0,44.4,0.0,0.0,,,Manchester City,against
2025-03-08,12:00,61627,Premier League 24/25,24/25,Matchweek 28,Sat,Home,W,3.0,1.0,Southampton,3.0,6.0,4.0,66.7,0.5,0.75,,,Liverpool FC,against
2025-03-08,12:00,61627,Premier League 24/25,24/25,Matchweek 28,Sat,Away,L,1.0,3.0,Liverpool FC,1.0,28.0,7.0,25.0,0.036,0.143,,,Southampton,against
2025-03-08,12:00,61627,Premier League 24/25,24/25,Matchweek 28,Sat,Home,W,2.0,1.0,Fulham,2.0,6.0,1.0,16.7,0.333,2.0,,,Brighton,against
2025-03-08,12:00,61627,Premier League 24/25,24/25,Matchweek 28,Sat,Away,L,1.0,2.0,Brighton,1.0,9.0,4.0,44.4,0.111,0.25,,,Fulham,against
2025-03-08,12:00,61627,Premier League 24/25,24/25,Matchweek 28,Sat,Home,W,1.0,0.0,Ipswich Town,1.0,15.0,8.0,53.3,0.067,0.125,,,Crystal Palace,against
2025-03-08,12:00,61627,Premier League 24/25,24/25,Matchweek 28,Sat,Away,L,0.0,1.0,Crystal Palace,0.0,19.0,4.0,21.1,0.0,0.0,,,Ipswich Town,against
2025-03-08,14:30,61627,Premier League 24/25,24/25,Matchweek 28,Sat,Home,L,0.0,1.0,Aston Villa,0.0,12.0,4.0,33.3,0.0,0.0,,,Brentford,against
2025-03-08,14:30,61627,Premier League 24/25,24/25,Matchweek 28,Sat,Away,W,1.0,0.0,Brentford,1.0,13.0,3.0,23.1,0.077,0.333,,,Aston Villa,against
2025-03-08,17:00,61627,Premier League 24/25,24/25,Matchweek 28,Sat,Home,D,1.0,1.0,Everton,1.0,12.0,4.0,33.3,0.083,0.25,,,Wolves,against
2025-03-08,17:00,61627,Premier League 24/25,24/25,Matchweek 28,Sat,Away,D,1.0,1.0,Wolves,1.0,11.0,3.0,27.3,0.091,0.333,,,Everton,against
2025-03-09,11:00,61627,Premier League 24/25,24/25,Matchweek 28,Sun,Home,W,1.0,0.0,Leicester City,1.0,3.0,3.0,100.0,0.333,0.333,,,Chelsea,against
2025-03-09,11:00,61627,Premier League 24/25,24/25,Matchweek 28,Sun,Away,L,0.0,1.0,Chelsea,0.0,20.0,7.0,35.0,0.0,0.0,,,Leicester City,against
2025-03-09,11:00,61627,Premier League 24/25,24/25,Matchweek 28,Sun,Home,D,2.0,2.0,Bournemouth,2.0,17.0,8.0,47.1,0.118,0.25,,,Tottenham Hotspur,against
2025-03-09,11:00,61627,Premier League 24/25,24/25,Matchweek 28,Sun,Away,D,2.0,2.0,Tottenham Hotspur,2.0,12.0,4.0,33.3,0.167,0.5,,,Bournemouth,against
2025-03-09,13:30,61627,Premier League 24/25,24/25,Matchweek 28,Sun,Home,D,1.0,1.0,Arsenal,1.0,17.0,6.0,35.3,0.059,0.167,,,Manchester Utd,against
2025-03-09,13:30,61627,Premier League 24/25,24/25,Matchweek 28,Sun,Away,D,1.0,1.0,Manchester Utd,1.0,10.0,6.0,60.0,0.1,0.167,,,Arsenal,against
2025-03-10,17:00,61627,Premier League 24/25,24/25,Matchweek 28,Mon,Home,L,0.0,1.0,Newcastle United,0.0,9.0,3.0,33.3,0.0,0.0,,,West Ham United,against
2025-03-10,17:00,61627,Premier League 24/25,24/25,Matchweek 28,Mon,Away,W,1.0,0.0,West Ham United,1.0,9.0,2.0,22.2,0.111,0.5,,,Newcastle United,against
2025-03-15,12:00,61627,Premier League 24/25,24/25,Matchweek 29,Sat,Home,D,2.0,2.0,Brighton,2.0,15.0,3.0,20.0,0.133,0.667,,,Manchester City,against
2025-03-15,12:00,61627,Premier League 24/25,24/25,Matchweek 29,Sat,Away,D,2.0,2.0,Manchester City,2.0,11.0,3.0,27.3,0.182,0.667,,,Brighton,against
2025-03-15,12:00,61627,Premier League 24/25,24/25,Matchweek 29,Sat,Home,D,1.0,1.0,West Ham United,1.0,10.0,5.0,50.0,0.1,0.2,,,Everton,against
2025-03-15,12:00,61627,Premier League 24/25,24/25,Matchweek 29,Sat,Away,D,1.0,1.0,Everton,1.0,13.0,5.0,38.5,0.077,0.2,,,West Ham United,against
2025-03-15,12:00,61627,Premier League 24/25,24/25,Matchweek 29,Sat,Home,L,2.0,4.0,Nottingham Forest,2.0,11.0,6.0,54.5,0.182,0.333,,,Ipswich Town,against
2025-03-15,12:00,61627,Premier League 24/25,24/25,Matchweek 29,Sat,Away,W,4.0,2.0,Ipswich Town,4.0,11.0,4.0,36.4,0.364,1.0,,,Nottingham Forest,against
2025-03-15,12:00,61627,Premier League 24/25,24/25,Matchweek 29,Sat,Home,L,1.0,2.0,Wolves,1.0,5.0,3.0,60.0,0.2,0.333,,,Southampton,against
2025-03-15,12:00,61627,Premier League 24/25,24/25,Matchweek 29,Sat,Away,W,2.0,1.0,Southampton,2.0,10.0,3.0,30.0,0.2,0.667,,,Wolves,against
2025-03-15,14:30,61627,Premier League 24/25,24/25,Matchweek 29,Sat,Home,L,1.0,2.0,Brentford,1.0,10.0,4.0,40.0,0.1,0.25,,,Bournemouth,against
2025-03-15,14:30,61627,Premier League 24/25,24/25,Matchweek 29,Sat,Away,W,2.0,1.0,Bournemouth,2.0,17.0,5.0,29.4,0.118,0.4,,,Brentford,against
2025-03-16,10:30,61627,Premier League 24/25,24/25,Matchweek 29,Sun,Home,W,1.0,0.0,Chelsea,1.0,8.0,2.0,25.0,0.125,0.5,,,Arsenal,against
2025-03-16,10:30,61627,Premier League 24/25,24/25,Matchweek 29,Sun,Away,L,0.0,1.0,Arsenal,0.0,12.0,4.0,33.3,0.0,0.0,,,Chelsea,against
2025-03-16,10:30,61627,Premier League 24/25,24/25,Matchweek 29,Sun,Home,W,2.0,0.0,Tottenham Hotspur,2.0,12.0,4.0,33.3,0.167,0.5,,,Fulham,against
2025-03-16,10:30,61627,Premier League 24/25,24/25,Matchweek 29,Sun,Away,L,0.0,2.0,Fulham,0.0,13.0,4.0,30.8,0.0,0.0,,,Tottenham Hotspur,against
2025-03-16,16:00,61627,Premier League 24/25,24/25,Matchweek 29,Sun,Home,L,0.0,3.0,Manchester Utd,0.0,18.0,5.0,27.8,0.0,0.0,,,Leicester City,against
2025-03-16,16:00,61627,Premier League 24/25,24/25,Matchweek 29,Sun,Away,W,3.0,0.0,Leicester City,3.0,11.0,3.0,27.3,0.273,1.0,,,Manchester Utd,against
2025-04-01,15:45,61627,Premier League 24/25,24/25,Matchweek 30,Tue,Home,W,2.0,1.0,Fulham,2.0,9.0,3.0,33.3,0.222,0.667,,,Arsenal,against
2025-04-01,15:45,61627,Premier League 24/25,24/25,Matchweek 30,Tue,Away,L,1.0,2.0,Arsenal,1.0,17.0,4.0,23.5,0.059,0.25,,,Fulham,against
2025-04-01,15:45,61627,Premier League 24/25,24/25,Matchweek 30,Tue,Home,W,1.0,0.0,West Ham United,1.0,10.0,1.0,10.0,0.1,1.0,,,Wolves,against
2025-04-01,15:45,61627,Premier League 24/25,24/25,Matchweek 30,Tue,Away,L,0.0,1.0,Wolves,0.0,9.0,2.0,22.2,0.0,0.0,,,West Ham United,against
2025-04-01,16:00,61627,Premier League 24/25,24/25,Matchweek 30,Tue,Home,W,1.0,0.0,Manchester Utd,1.0,23.0,6.0,26.1,0.043,0.167,,,Nottingham Forest,against
2025-04-01,16:00,61627,Premier League 24/25,24/25,Matchweek 30,Tue,Away,L,0.0,1.0,Nottingham Forest,0.0,8.0,2.0,25.0,0.0,0.0,,,Manchester Utd,against
2025-04-02,15:45,61627,Premier League 24/25,24/25,Matchweek 30,Wed,Home,W,2.0,0.0,Leicester City,2.0,2.0,0.0,0.0,1.0,,,,Manchester City,against
2025-04-02,15:45,61627,Premier League 24/25,24/25,Matchweek 30,Wed,Away,L,0.0,2.0,Manchester City,0.0,18.0,5.0,27.8,0.0,0.0,,,Leicester City,against
2025-04-02,15:45,61627,Premier League 24/25,24/25,Matchweek 30,Wed,Home,L,0.0,3.0,Aston Villa,0.0,8.0,5.0,62.5,0.0,0.0,,,Brighton,against
2025-04-02,15:45,61627,Premier League 24/25,24/25,Matchweek 30,Wed,Away,W,3.0,0.0,Brighton,3.0,11.0,4.0,36.4,0.273,0.75,,,Aston Villa,against
2025-04-02,15:45,61627,Premier League 24/25,24/25,Matchweek 30,Wed,Home,W,2.0,1.0,Brentford,2.0,12.0,3.0,25.0,0.167,0.667,,,Newcastle United,against
2025-04-02,15:45,61627,Premier League 24/25,24/25,Matchweek 30,Wed,Away,L,1.0,2.0,Newcastle United,1.0,21.0,4.0,19.0,0.048,0.25,,,Brentford,against
2025-04-02,15:45,61627,Premier League 24/25,24/25,Matchweek 30,Wed,Home,D,1.0,1.0,Crystal Palace,1.0,9.0,3.0,33.3,0.111,0.333,,,Southampton,against
2025-04-02,15:45,61627,Premier League 24/25,24/25,Matchweek 30,Wed,Away,D,1.0,1.0,Southampton,1.0,8.0,2.0,25.0,0.125,0.5,,,Crystal Palace,against
2025-04-02,15:45,61627,Premier League 24/25,24/25,Matchweek 30,Wed,Home,L,1.0,2.0,Ipswich Town,1.0,10.0,2.0,20.0,0.1,0.5,,,Bournemouth,against
2025-04-02,15:45,61627,Premier League 24/25,24/25,Matchweek 30,Wed,Away,W,2.0,1.0,Bournemouth,2.0,24.0,7.0,29.2,0.083,0.286,,,Ipswich Town,against
2025-04-02,16:00,61627,Premier League 24/25,24/25,Matchweek 30,Wed,Home,W,1.0,0.0,Everton,1.0,5.0,0.0,0.0,0.2,,,,Liverpool,against
2025-04-02,16:00,61627,Premier League 24/25,24/25,Matchweek 30,Wed,Away,L,0.0,1.0,Liverpool,0.0,17.0,3.0,17.6,0.0,0.0,,,Everton,against
2025-04-03,16:00,61627,Premier League 24/25,24/25,Matchweek 30,Thu,Home,W,1.0,0.0,Tottenham Hotspur,1.0,8.0,2.0,25.0,0.125,0.5,,,Chelsea,against
2025-04-03,16:00,61627,Premier League 24/25,24/25,Matchweek 30,Thu,Away,L,0.0,1.0,Chelsea,0.0,11.0,5.0,45.5,0.0,0.0,,,Tottenham Hotspur,against
2025-04-05,08:30,61627,Premier League 24/25,24/25,Matchweek 31,Sat,Home,D,1.0,1.0,Arsenal,1.0,14.0,5.0,35.7,0.071,0.2,,,Everton,against
2025-04-05,08:30,61627,Premier League 24/25,24/25,Matchweek 31,Sat,Away,D,1.0,1.0,Everton,1.0,5.0,2.0,40.0,0.2,0.5,,,Arsenal,against
2025-04-05,11:00,61627,Premier League 24/25,24/25,Matchweek 31,Sat,Home,D,2.0,2.0,Bournemouth,2.0,11.0,4.0,36.4,0.182,0.5,,,West Ham United,against
2025-04-05,11:00,61627,Premier League 24/25,24/25,Matchweek 31,Sat,Away,D,2.0,2.0,West Ham United,2.0,9.0,3.0,33.3,0.222,0.667,,,Bournemouth,against
2025-04-05,11:00,61627,Premier League 24/25,24/25,Matchweek 31,Sat,Home,W,2.0,1.0,Brighton,2.0,11.0,5.0,45.5,0.182,0.4,,,Crystal Palace,against
2025-04-05,11:00,61627,Premier League 24/25,24/25,Matchweek 31,Sat,Away,L,1.0,2.0,Crystal Palace,1.0,8.0,3.0,37.5,0.125,0.333,,,Brighton,against
2025-04-05,11:00,61627,Premier League 24/25,24/25,Matchweek 31,Sat,Home,L,1.0,2.0,Wolves,1.0,22.0,7.0,31.8,0.045,0.143,,,Ipswich Town,against
2025-04-05,11:00,61627,Premier League 24/25,24/25,Matchweek 31,Sat,Away,W,2.0,1.0,Ipswich Town,2.0,6.0,2.0,33.3,0.333,1.0,,,Wolves,against
2025-04-05,13:30,61627,Premier League 24/25,24/25,Matchweek 31,Sat,Home,W,2.0,1.0,Nottingham Forest,2.0,19.0,3.0,15.8,0.105,0.667,,,Aston Villa,against
2025-04-05,13:30,61627,Premier League 24/25,24/25,Matchweek 31,Sat,Away,L,1.0,2.0,Aston Villa,1.0,17.0,8.0,47.1,0.059,0.125,,,Nottingham Forest,against
2025-04-06,10:00,61627,Premier League 24/25,24/25,Matchweek 31,Sun,Home,W,3.0,2.0,Liverpool,3.0,14.0,6.0,42.9,0.214,0.5,,,Fulham,against
2025-04-06,10:00,61627,Premier League 24/25,24/25,Matchweek 31,Sun,Away,L,2.0,3.0,Fulham,2.0,12.0,6.0,50.0,0.167,0.333,,,Liverpool,against
2025-04-06,10:00,61627,Premier League 24/25,24/25,Matchweek 31,Sun,Home,D,0.0,0.0,Chelsea,0.0,21.0,5.0,23.8,0.0,0.0,,,Brentford,against
2025-04-06,10:00,61627,Premier League 24/25,24/25,Matchweek 31,Sun,Away,D,0.0,0.0,Brentford,0.0,9.0,2.0,22.2,0.0,0.0,,,Chelsea,against
2025-04-06,10:00,61627,Premier League 24/25,24/25,Matchweek 31,Sun,Home,W,3.0,1.0,Southampton,3.0,12.0,4.0,33.3,0.25,0.75,,,Tottenham Hotspur,against
2025-04-06,10:00,61627,Premier League 24/25,24/25,Matchweek 31,Sun,Away,L,1.0,3.0,Tottenham Hotspur,1.0,13.0,8.0,61.5,0.077,0.125,,,Southampton,against
2025-04-06,12:30,61627,Premier League 24/25,24/25,Matchweek 31,Sun,Home,D,0.0,0.0,Manchester City,0.0,9.0,5.0,55.6,0.0,0.0,,,Manchester Utd,against
2025-04-06,12:30,61627,Premier League 24/25,24/25,Matchweek 31,Sun,Away,D,0.0,0.0,Manchester Utd,0.0,13.0,2.0,15.4,0.0,0.0,,,Manchester City,against
2025-04-07,16:00,61627,Premier League 24/25,24/25,Matchweek 31,Mon,Home,L,0.0,3.0,Newcastle United,0.0,16.0,5.0,31.2,0.0,0.0,,,Leicester City,against
2025-04-07,16:00,61627,Premier League 24/25,24/25,Matchweek 31,Mon,Away,W,3.0,0.0,Leicester City,3.0,7.0,2.0,28.6,0.429,1.5,,,Newcastle United,against
2025-04-12,08:30,61627,Premier League 24/25,24/25,Matchweek 32,Sat,Home,W,5.0,2.0,Crystal Palace,5.0,8.0,3.0,37.5,0.625,1.667,,,Manchester City,against
2025-04-12,08:30,61627,Premier League 24/25,24/25,Matchweek 32,Sat,Away,L,2.0,5.0,Manchester City,2.0,21.0,9.0,42.9,0.095,0.222,,,Crystal Palace,against
2025-04-12,11:00,61627,Premier League 24/25,24/25,Matchweek 32,Sat,Home,L,0.0,3.0,Aston Villa,0.0,25.0,10.0,40.0,0.0,0.0,,,Southampton,against
2025-04-12,11:00,61627,Premier League 24/25,24/25,Matchweek 32,Sat,Away,W,3.0,0.0,Southampton,3.0,7.0,2.0,28.6,0.429,1.5,,,Aston Villa,against
2025-04-12,11:00,61627,Premier League 24/25,24/25,Matchweek 32,Sat,Home,D,2.0,2.0,Leicester City,2.0,15.0,6.0,40.0,0.133,0.333,,,Brighton,against
2025-04-12,11:00,61627,Premier League 24/25,24/25,Matchweek 32,Sat,Away,D,2.0,2.0,Brighton,2.0,21.0,7.0,33.3,0.095,0.286,,,Leicester City,against
2025-04-12,11:00,61627,Premier League 24/25,24/25,Matchweek 32,Sat,Home,L,0.0,1.0,Everton,0.0,13.0,5.0,38.5,0.0,0.0,,,Nottingham Forest,against
2025-04-12,11:00,61627,Premier League 24/25,24/25,Matchweek 32,Sat,Away,W,1.0,0.0,Nottingham Forest,1.0,10.0,5.0,50.0,0.1,0.2,,,Everton,against
2025-04-12,13:30,61627,Premier League 24/25,24/25,Matchweek 32,Sat,Home,D,1.0,1.0,Brentford,1.0,3.0,2.0,66.7,0.333,0.5,,,Arsenal,against
2025-04-12,13:30,61627,Premier League 24/25,24/25,Matchweek 32,Sat,Away,D,1.0,1.0,Arsenal,1.0,14.0,3.0,21.4,0.071,0.333,,,Brentford,against
2025-04-13,10:00,61627,Premier League 24/25,24/25,Matchweek 32,Sun,Home,W,2.0,1.0,West Ham United,2.0,11.0,4.0,36.4,0.182,0.5,,,Liverpool,against
2025-04-13,10:00,61627,Premier League 24/25,24/25,Matchweek 32,Sun,Away,L,1.0,2.0,Liverpool,1.0,15.0,6.0,40.0,0.067,0.167,,,West Ham United,against
2025-04-13,10:00,61627,Premier League 24/25,24/25,Matchweek 32,Sun,Home,D,2.0,2.0,Ipswich Town,2.0,13.0,4.0,30.8,0.154,0.5,,,Chelsea,against
2025-04-13,10:00,61627,Premier League 24/25,24/25,Matchweek 32,Sun,Away,D,2.0,2.0,Chelsea,2.0,34.0,9.0,26.5,0.059,0.222,,,Ipswich Town,against
2025-04-13,10:00,61627,Premier League 24/25,24/25,Matchweek 32,Sun,Home,W,4.0,2.0,Tottenham Hotspur,4.0,11.0,4.0,36.4,0.364,1.0,,,Wolves,against
2025-04-13,10:00,61627,Premier League 24/25,24/25,Matchweek 32,Sun,Away,L,2.0,4.0,Wolves,2.0,13.0,5.0,38.5,0.154,0.4,,,Tottenham Hotspur,against
2025-04-13,12:30,61627,Premier League 24/25,24/25,Matchweek 32,Sun,Home,W,4.0,1.0,Manchester Utd,4.0,9.0,5.0,55.6,0.444,0.8,,,Newcastle United,against
2025-04-13,12:30,61627,Premier League 24/25,24/25,Matchweek 32,Sun,Away,L,1.0,4.0,Newcastle United,1.0,13.0,6.0,46.2,0.077,0.167,,,Manchester Utd,against
2025-04-14,16:00,61627,Premier League 24/25,24/25,Matchweek 32,Mon,Home,W,1.0,0.0,Fulham,1.0,12.0,7.0,58.3,0.083,0.143,,,Bournemouth,against
2025-04-14,16:00,61627,Premier League 24/25,24/25,Matchweek 32,Mon,Away,L,0.0,1.0,Bournemouth,0.0,12.0,3.0,25.0,0.0,0.0,,,Fulham,against
2025-04-16,15:30,61627,Premier League 24/25,24/25,Matchweek 29,Wed,Home,W,5.0,0.0,Crystal Palace,5.0,11.0,4.0,36.4,0.455,1.25,,,Newcastle United,against
2025-04-16,15:30,61627,Premier League 24/25,24/25,Matchweek 29,Wed,Away,L,0.0,5.0,Newcastle United,0.0,14.0,7.0,50.0,0.0,0.0,,,Crystal Palace,against
2025-04-19,11:00,61627,Premier League 24/25,24/25,Matchweek 33,Sat,Home,L,0.0,2.0,Manchester City,0.0,12.0,7.0,58.3,0.0,0.0,,,Everton,against
2025-04-19,11:00,61627,Premier League 24/25,24/25,Matchweek 33,Sat,Away,W,2.0,0.0,Everton,2.0,8.0,3.0,37.5,0.25,0.667,,,Manchester City,against
2025-04-19,11:00,61627,Premier League 24/25,24/25,Matchweek 33,Sat,Home,W,4.0,2.0,Brighton,4.0,12.0,3.0,25.0,0.333,1.333,,,Brentford,against
2025-04-19,11:00,61627,Premier League 24/25,24/25,Matchweek 33,Sat,Away,L,2.0,4.0,Brentford,2.0,16.0,8.0,50.0,0.125,0.25,,,Brighton,against
2025-04-19,11:00,61627,Premier League 24/25,24/25,Matchweek 33,Sat,Home,D,1.0,1.0,Southampton,1.0,15.0,4.0,26.7,0.067,0.25,,,West Ham United,against
2025-04-19,11:00,61627,Premier League 24/25,24/25,Matchweek 33,Sat,Away,D,1.0,1.0,West Ham United,1.0,12.0,4.0,33.3,0.083,0.25,,,Southampton,against
2025-04-19,11:00,61627,Premier League 24/25,24/25,Matchweek 33,Sat,Home,D,0.0,0.0,Bournemouth,0.0,15.0,4.0,26.7,0.0,0.0,,,Crystal Palace,against
2025-04-19,11:00,61627,Premier League 24/25,24/25,Matchweek 33,Sat,Away,D,0.0,0.0,Crystal Palace,0.0,5.0,0.0,0.0,0.0,,,,Bournemouth,against
2025-04-19,13:30,61627,Premier League 24/25,24/25,Matchweek 33,Sat,Home,W,4.0,1.0,Newcastle United,4.0,10.0,3.0,30.0,0.4,1.333,,,Aston Villa,against
2025-04-19,13:30,61627,Premier League 24/25,24/25,Matchweek 33,Sat,Away,L,1.0,4.0,Aston Villa,1.0,23.0,9.0,39.1,0.043,0.111,,,Newcastle United,against
2025-04-20,10:00,61627,Premier League 24/25,24/25,Matchweek 33,Sun,Home,L,0.0,1.0,Wolves,0.0,4.0,2.0,50.0,0.0,0.0,,,Manchester Utd,against
2025-04-20,10:00,61627,Premier League 24/25,24/25,Matchweek 33,Sun,Away,W,1.0,0.0,Manchester Utd,1.0,12.0,2.0,16.7,0.083,0.5,,,Wolves,against
2025-04-20,10:00,61627,Premier League 24/25,24/25,Matchweek 33,Sun,Home,L,0.0,4.0,Arsenal,0.0,24.0,7.0,29.2,0.0,0.0,,,Ipswich Town,against
2025-04-20,10:00,61627,Premier League 24/25,24/25,Matchweek 33,Sun,Away,W,4.0,0.0,Ipswich Town,4.0,4.0,0.0,0.0,1.0,,,,Arsenal,against
2025-04-20,10:00,61627,Premier League 24/25,24/25,Matchweek 33,Sun,Home,L,1.0,2.0,Chelsea,1.0,13.0,8.0,61.5,0.077,0.125,,,Fulham,against
2025-04-20,10:00,61627,Premier League 24/25,24/25,Matchweek 33,Sun,Away,W,2.0,1.0,Fulham,2.0,6.0,1.0,16.7,0.333,2.0,,,Chelsea,against
2025-04-20,12:30,61627,Premier League 24/25,24/25,Matchweek 33,Sun,Home,L,0.0,1.0,Liverpool,0.0,28.0,10.0,35.7,0.0,0.0,,,Leicester City,against
2025-04-20,12:30,61627,Premier League 24/25,24/25,Matchweek 33,Sun,Away,W,1.0,0.0,Leicester City,1.0,5.0,0.0,0.0,0.2,,,,Liverpool,against
2025-04-21,16:00,61627,Premier League 24/25,24/25,Matchweek 33,Mon,Home,L,1.0,2.0,Nottingham Forest,1.0,4.0,3.0,75.0,0.25,0.333,,,Tottenham Hotspur,against
2025-04-21,16:00,61627,Premier League 24/25,24/25,Matchweek 33,Mon,Away,W,2.0,1.0,Tottenham Hotspur,2.0,22.0,6.0,27.3,0.091,0.333,,,Nottingham Forest,against
2025-04-22,16:00,61627,Premier League 24/25,24/25,Matchweek 34,Tue,Home,W,2.0,1.0,Aston Villa,2.0,7.0,3.0,42.9,0.286,0.667,,,Manchester City,against
2025-04-22,16:00,61627,Premier League 24/25,24/25,Matchweek 34,Tue,Away,L,1.0,2.0,Manchester City,1.0,14.0,6.0,42.9,0.071,0.167,,,Aston Villa,against
2025-04-23,16:00,61627,Premier League 24/25,24/25,Matchweek 34,Wed,Home,D,2.0,2.0,Crystal Palace,2.0,15.0,4.0,26.7,0.133,0.5,,,Arsenal,against
2025-04-23,16:00,61627,Premier League 24/25,24/25,Matchweek 34,Wed,Away,D,2.0,2.0,Arsenal,2.0,12.0,6.0,50.0,0.167,0.333,,,Crystal Palace,against
2025-04-26,08:30,61627,Premier League 24/25,24/25,Matchweek 34,Sat,Home,W,1.0,0.0,Everton,1.0,6.0,3.0,50.0,0.167,0.333,,,Chelsea,against
2025-04-26,08:30,61627,Premier League 24/25,24/25,Matchweek 34,Sat,Away,L,0.0,1.0,Chelsea,0.0,10.0,7.0,70.0,0.0,0.0,,,Everton,against
2025-04-26,11:00,61627,Premier League 24/25,24/25,Matchweek 34,Sat,Home,W,3.0,0.0,Ipswich Town,3.0,4.0,0.0,0.0,0.75,,,,Newcastle United,against
2025-04-26,11:00,61627,Premier League 24/25,24/25,Matchweek 34,Sat,Away,L,0.0,3.0,Newcastle United,0.0,25.0,5.0,20.0,0.0,0.0,,,Ipswich Town,against
2025-04-26,11:00,61627,Premier League 24/25,24/25,Matchweek 34,Sat,Home,W,3.0,2.0,West Ham United,3.0,12.0,4.0,33.3,0.25,0.75,,,Brighton,against
2025-04-26,11:00,61627,Premier League 24/25,24/25,Matchweek 34,Sat,Away,L,2.0,3.0,Brighton,2.0,16.0,9.0,56.2,0.125,0.222,,,West Ham United,against
2025-04-26,11:00,61627,Premier League 24/25,24/25,Matchweek 34,Sat,Home,W,3.0,0.0,Leicester City,3.0,8.0,2.0,25.0,0.375,1.5,,,Wolves,against
2025-04-26,11:00,61627,Premier League 24/25,24/25,Matchweek 34,Sat,Away,L,0.0,3.0,Wolves,0.0,20.0,6.0,30.0,0.0,0.0,,,Leicester City,against
2025-04-26,11:00,61627,Premier League 24/25,24/25,Matchweek 34,Sat,Home,L,1.0,2.0,Fulham,1.0,26.0,5.0,19.2,0.038,0.2,,,Southampton,against
2025-04-26,11:00,61627,Premier League 24/25,24/25,Matchweek 34,Sat,Away,W,2.0,1.0,Southampton,2.0,7.0,3.0,42.9,0.286,0.667,,,Fulham,against
2025-04-27,10:00,61627,Premier League 24/25,24/25,Matchweek 34,Sun,Home,D,1.0,1.0,Manchester Utd,1.0,25.0,6.0,24.0,0.04,0.167,,,Bournemouth,against
2025-04-27,10:00,61627,Premier League 24/25,24/25,Matchweek 34,Sun,Away,D,1.0,1.0,Bournemouth,1.0,8.0,1.0,12.5,0.125,1.0,,,Manchester Utd,against
2025-04-27,12:30,61627,Premier League 24/25,24/25,Matchweek 34,Sun,Home,W,5.0,1.0,Tottenham Hotspur,5.0,8.0,3.0,37.5,0.625,1.667,,,Liverpool,against
2025-04-27,12:30,61627,Premier League 24/25,24/25,Matchweek 34,Sun,Away,L,1.0,5.0,Liverpool,1.0,25.0,8.0,32.0,0.04,0.125,,,Tottenham Hotspur,against
2025-05-01,15:30,61627,Premier League 24/25,24/25,Matchweek 34,Thu,Home,L,0.0,2.0,Brentford,0.0,11.0,3.0,27.3,0.0,0.0,,,Nottingham Forest,against
2025-05-01,15:30,61627,Premier League 24/25,24/25,Matchweek 34,Thu,Away,W,2.0,0.0,Nottingham Forest,2.0,14.0,5.0,35.7,0.143,0.4,,,Brentford,against
2025-05-02,16:00,61627,Premier League 24/25,24/25,Matchweek 35,Fri,Home,W,1.0,0.0,Wolves,1.0,6.0,1.0,16.7,0.167,1.0,,,Manchester City,against
2025-05-02,16:00,61627,Premier League 24/25,24/25,Matchweek 35,Fri,Away,L,0.0,1.0,Manchester City,0.0,9.0,2.0,22.2,0.0,0.0,,,Wolves,against
2025-05-03,08:30,61627,Premier League 24/25,24/25,Matchweek 35,Sat,Home,W,1.0,0.0,Fulham,1.0,11.0,3.0,27.3,0.091,0.333,,,Aston Villa,against
2025-05-03,08:30,61627,Premier League 24/25,24/25,Matchweek 35,Sat,Away,L,0.0,1.0,Aston Villa,0.0,10.0,3.0,30.0,0.0,0.0,,,Fulham,against
2025-05-03,11:00,61627,Premier League 24/25,24/25,Matchweek 35,Sat,Home,W,2.0,0.0,Southampton,2.0,8.0,2.0,25.0,0.25,1.0,,,Leicester City,against
2025-05-03,11:00,61627,Premier League 24/25,24/25,Matchweek 35,Sat,Away,L,0.0,2.0,Leicester City,0.0,14.0,4.0,28.6,0.0,0.0,,,Southampton,against
2025-05-03,11:00,61627,Premier League 24/25,24/25,Matchweek 35,Sat,Home,D,2.0,2.0,Ipswich Town,2.0,12.0,5.0,41.7,0.167,0.4,,,Everton,against
2025-05-03,11:00,61627,Premier League 24/25,24/25,Matchweek 35,Sat,Away,D,2.0,2.0,Everton,2.0,8.0,3.0,37.5,0.25,0.667,,,Ipswich Town,against
2025-05-03,13:30,61627,Premier League 24/25,24/25,Matchweek 35,Sat,Home,L,1.0,2.0,Bournemouth,1.0,9.0,2.0,22.2,0.111,0.5,,,Arsenal,against
2025-05-03,13:30,61627,Premier League 24/25,24/25,Matchweek 35,Sat,Away,W,2.0,1.0,Arsenal,2.0,13.0,4.0,30.8,0.154,0.5,,,Bournemouth,against
2025-05-04,10:00,61627,Premier League 24/25,24/25,Matchweek 35,Sun,Home,W,4.0,3.0,Manchester Utd,4.0,14.0,5.0,35.7,0.286,0.8,,,Brentford,against
2025-05-04,10:00,61627,Premier League 24/25,24/25,Matchweek 35,Sun,Away,L,3.0,4.0,Brentford,3.0,12.0,6.0,50.0,0.25,0.5,,,Manchester Utd,against
2025-05-04,10:00,61627,Premier League 24/25,24/25,Matchweek 35,Sun,Home,D,1.0,1.0,Tottenham Hotspur,1.0,7.0,2.0,28.6,0.143,0.5,,,West Ham United,against
2025-05-04,10:00,61627,Premier League 24/25,24/25,Matchweek 35,Sun,Away,D,1.0,1.0,West Ham United,1.0,11.0,2.0,18.2,0.091,0.5,,,Tottenham Hotspur,against
2025-05-04,10:00,61627,Premier League 24/25,24/25,Matchweek 35,Sun,Home,D,1.0,1.0,Newcastle United,1.0,13.0,5.0,38.5,0.077,0.2,,,Brighton,against
2025-05-04,10:00,61627,Premier League 24/25,24/25,Matchweek 35,Sun,Away,D,1.0,1.0,Brighton,1.0,5.0,2.0,40.0,0.2,0.5,,,Newcastle United,against
2025-05-04,12:30,61627,Premier League 24/25,24/25,Matchweek 35,Sun,Home,W,3.0,1.0,Liverpool,3.0,11.0,2.0,18.2,0.273,1.5,,,Chelsea,against
2025-05-04,12:30,61627,Premier League 24/25,24/25,Matchweek 35,Sun,Away,L,1.0,3.0,Chelsea,1.0,17.0,7.0,41.2,0.059,0.143,,,Liverpool,against
2025-05-05,16:00,61627,Premier League 24/25,24/25,Matchweek 35,Mon,Home,D,1.0,1.0,Nottingham Forest,1.0,12.0,4.0,33.3,0.083,0.25,,,Crystal Palace,against
2025-05-05,16:00,61627,Premier League 24/25,24/25,Matchweek 35,Mon,Away,D,1.0,1.0,Crystal Palace,1.0,20.0,3.0,15.0,0.05,0.333,,,Nottingham Forest,against
2025-05-10,11:00,61627,Premier League 24/25,24/25,Matchweek 36,Sat,Home,D,0.0,0.0,Manchester City,0.0,26.0,5.0,19.2,0.0,0.0,,,Southampton,against
2025-05-10,11:00,61627,Premier League 24/25,24/25,Matchweek 36,Sat,Away,D,0.0,0.0,Southampton,0.0,2.0,0.0,0.0,0.0,,,,Manchester City,against
2025-05-10,11:00,61627,Premier League 24/25,24/25,Matchweek 36,Sat,Home,L,0.0,2.0,Brighton,0.0,7.0,2.0,28.6,0.0,0.0,,,Wolves,against
2025-05-10,11:00,61627,Premier League 24/25,24/25,Matchweek 36,Sat,Away,W,2.0,0.0,Wolves,2.0,10.0,3.0,30.0,0.2,0.667,,,Brighton,against
2025-05-10,11:00,61627,Premier League 24/25,24/25,Matchweek 36,Sat,Home,L,1.0,3.0,Everton,1.0,11.0,7.0,63.6,0.091,0.143,,,Fulham,against
2025-05-10,11:00,61627,Premier League 24/25,24/25,Matchweek 36,Sat,Away,W,3.0,1.0,Fulham,3.0,18.0,6.0,33.3,0.167,0.5,,,Everton,against
2025-05-10,11:00,61627,Premier League 24/25,24/25,Matchweek 36,Sat,Home,L,0.0,1.0,Brentford,0.0,15.0,5.0,33.3,0.0,0.0,,,Ipswich Town,against
2025-05-10,11:00,61627,Premier League 24/25,24/25,Matchweek 36,Sat,Away,W,1.0,0.0,Ipswich Town,1.0,11.0,4.0,36.4,0.091,0.25,,,Brentford,against
2025-05-10,13:30,61627,Premier League 24/25,24/25,Matchweek 36,Sat,Home,L,0.0,1.0,Aston Villa,0.0,6.0,3.0,50.0,0.0,0.0,,,Bournemouth,against
2025-05-10,13:30,61627,Premier League 24/25,24/25,Matchweek 36,Sat,Away,W,1.0,0.0,Bournemouth,1.0,10.0,4.0,40.0,0.1,0.25,,,Aston Villa,against
2025-05-11,08:00,61627,Premier League 24/25,24/25,Matchweek 36,Sun,Home,W,2.0,0.0,Chelsea,2.0,10.0,3.0,30.0,0.2,0.667,,,Newcastle United,against
2025-05-11,08:00,61627,Premier League 24/25,24/25,Matchweek 36,Sun,Away,L,0.0,2.0,Newcastle United,0.0,15.0,6.0,40.0,0.0,0.0,,,Chelsea,against
2025-05-11,10:15,61627,Premier League 24/25,24/25,Matchweek 36,Sun,Home,L,0.0,2.0,West Ham United,0.0,9.0,4.0,44.4,0.0,0.0,,,Manchester Utd,against
2025-05-11,10:15,61627,Premier League 24/25,24/25,Matchweek 36,Sun,Away,W,2.0,0.0,Manchester Utd,2.0,20.0,5.0,25.0,0.1,0.4,,,West Ham United,against
2025-05-11,10:15,61627,Premier League 24/25,24/25,Matchweek 36,Sun,Home,L,0.0,2.0,Crystal Palace,0.0,23.0,10.0,43.5,0.0,0.0,,,Tottenham Hotspur,against
2025-05-11,10:15,61627,Premier League 24/25,24/25,Matchweek 36,Sun,Away,W,2.0,0.0,Tottenham Hotspur,2.0,8.0,1.0,12.5,0.25,2.0,,,Crystal Palace,against
2025-05-11,10:15,61627,Premier League 24/25,24/25,Matchweek 36,Sun,Home,D,2.0,2.0,Leicester City,2.0,10.0,6.0,60.0,0.2,0.333,,,Nottingham Forest,against
2025-05-11,10:15,61627,Premier League 24/25,24/25,Matchweek 36,Sun,Away,D,2.0,2.0,Nottingham Forest,2.0,15.0,4.0,26.7,0.133,0.5,,,Leicester City,against
2025-05-11,12:30,61627,Premier League 24/25,24/25,Matchweek 36,Sun,Home,D,2.0,2.0,Arsenal,2.0,15.0,7.0,46.7,0.133,0.286,,,Liverpool,against
2025-05-11,12:30,61627,Premier League 24/25,24/25,Matchweek 36,Sun,Away,D,2.0,2.0,Liverpool,2.0,14.0,5.0,35.7,0.143,0.4,,,Arsenal,against
2025-05-16,15:30,61627,Premier League 24/25,24/25,Matchweek 37,Fri,Home,W,2.0,0.0,Tottenham Hotspur,2.0,3.0,1.0,33.3,0.667,2.0,,,Aston Villa,against
2025-05-16,15:30,61627,Premier League 24/25,24/25,Matchweek 37,Fri,Away,L,0.0,2.0,Aston Villa,0.0,18.0,7.0,38.9,0.0,0.0,,,Tottenham Hotspur,against
2025-05-16,16:15,61627,Premier League 24/25,24/25,Matchweek 37,Fri,Home,W,1.0,0.0,Manchester Utd,1.0,4.0,1.0,25.0,0.25,1.0,,,Chelsea,against
2025-05-16,16:15,61627,Premier League 24/25,24/25,Matchweek 37,Fri,Away,L,0.0,1.0,Chelsea,0.0,11.0,3.0,27.3,0.0,0.0,,,Manchester Utd,against
2025-05-18,08:00,61627,Premier League 24/25,24/25,Matchweek 37,Sun,Home,W,2.0,0.0,Southampton,2.0,6.0,2.0,33.3,0.333,1.0,,,Everton,against
2025-05-18,08:00,61627,Premier League 24/25,24/25,Matchweek 37,Sun,Away,L,0.0,2.0,Everton,0.0,13.0,5.0,38.5,0.0,0.0,,,Southampton,against
2025-05-18,10:15,61627,Premier League 24/25,24/25,Matchweek 37,Sun,Home,L,1.0,2.0,Nottingham Forest,1.0,10.0,5.0,50.0,0.1,0.2,,,West Ham United,against
2025-05-18,10:15,61627,Premier League 24/25,24/25,Matchweek 37,Sun,Away,W,2.0,1.0,West Ham United,2.0,16.0,5.0,31.2,0.125,0.4,,,Nottingham Forest,against
2025-05-18,11:00,61627,Premier League 24/25,24/25,Matchweek 37,Sun,Home,W,2.0,0.0,Ipswich Town,2.0,20.0,2.0,10.0,0.1,1.0,,,Leicester City,against
2025-05-18,11:00,61627,Premier League 24/25,24/25,Matchweek 37,Sun,Away,L,0.0,2.0,Leicester City,0.0,9.0,3.0,33.3,0.0,0.0,,,Ipswich Town,against
2025-05-18,11:00,61627,Premier League 24/25,24/25,Matchweek 37,Sun,Home,L,2.0,3.0,Fulham,2.0,16.0,7.0,43.8,0.125,0.286,,,Brentford,against
2025-05-18,11:00,61627,Premier League 24/25,24/25,Matchweek 37,Sun,Away,W,3.0,2.0,Brentford,3.0,11.0,6.0,54.5,0.273,0.5,,,Fulham,against
2025-05-18,12:30,61627,Premier League 24/25,24/25,Matchweek 37,Sun,Home,W,1.0,0.0,Newcastle United,1.0,14.0,5.0,35.7,0.071,0.2,,,Arsenal,against
2025-05-18,12:30,61627,Premier League 24/25,24/25,Matchweek 37,Sun,Away,L,0.0,1.0,Arsenal,0.0,12.0,4.0,33.3,0.0,0.0,,,Newcastle United,against
2025-05-19,16:00,61627,Premier League 24/25,24/25,Matchweek 37,Mon,Home,W,3.0,2.0,Liverpool,3.0,18.0,5.0,27.8,0.167,0.6,,,Brighton,against
2025-05-19,16:00,61627,Premier League 24/25,24/25,Matchweek 37,Mon,Away,L,2.0,3.0,Brighton,2.0,25.0,12.0,48.0,0.08,0.167,,,Liverpool,against
2025-05-20,16:00,61627,Premier League 24/25,24/25,Matchweek 37,Tue,Home,W,3.0,1.0,Bournemouth,3.0,8.0,2.0,25.0,0.375,1.5,,,Manchester City,against
2025-05-20,16:00,61627,Premier League 24/25,24/25,Matchweek 37,Tue,Away,L,1.0,3.0,Manchester City,1.0,12.0,5.0,41.7,0.083,0.2,,,Bournemouth,against
2025-05-20,16:00,61627,Premier League 24/25,24/25,Matchweek 37,Tue,Home,W,4.0,2.0,Wolves,4.0,12.0,3.0,25.0,0.333,1.333,,,Crystal Palace,against
2025-05-20,16:00,61627,Premier League 24/25,24/25,Matchweek 37,Tue,Away,L,2.0,4.0,Crystal Palace,2.0,14.0,10.0,71.4,0.143,0.2,,,Wolves,against
2025-05-25,12:00,61627,Premier League 24/25,24/25,Matchweek 38,Sun,Home,L,0.0,2.0,Manchester City,0.0,20.0,5.0,25.0,0.0,0.0,,,Fulham,against
2025-05-25,12:00,61627,Premier League 24/25,24/25,Matchweek 38,Sun,Away,W,2.0,0.0,Fulham,2.0,13.0,3.0,23.1,0.154,0.667,,,Manchester City,against
2025-05-25,12:00,61627,Premier League 24/25,24/25,Matchweek 38,Sun,Home,W,2.0,0.0,Aston Villa,2.0,6.0,1.0,16.7,0.333,2.0,,,Manchester Utd,against
2025-05-25,12:00,61627,Premier League 24/25,24/25,Matchweek 38,Sun,Away,L,0.0,2.0,Manchester Utd,0.0,26.0,10.0,38.5,0.0,0.0,,,Aston Villa,against
2025-05-25,12:00,61627,Premier League 24/25,24/25,Matchweek 38,Sun,Home,D,1.0,1.0,Crystal Palace,1.0,8.0,5.0,62.5,0.125,0.2,,,Liverpool,against
2025-05-25,12:00,61627,Premier League 24/25,24/25,Matchweek 38,Sun,Away,D,1.0,1.0,Liverpool,1.0,14.0,3.0,21.4,0.071,0.333,,,Crystal Palace,against
2025-05-25,12:00,61627,Premier League 24/25,24/25,Matchweek 38,Sun,Home,L,1.0,2.0,Arsenal,1.0,23.0,8.0,34.8,0.043,0.125,,,Southampton,against
2025-05-25,12:00,61627,Premier League 24/25,24/25,Matchweek 38,Sun,Away,W,2.0,1.0,Southampton,2.0,7.0,2.0,28.6,0.286,1.0,,,Arsenal,against
2025-05-25,12:00,61627,Premier League 24/25,24/25,Matchweek 38,Sun,Home,L,0.0,1.0,Chelsea,0.0,6.0,2.0,33.3,0.0,0.0,,,Nottingham Forest,against
2025-05-25,12:00,61627,Premier League 24/25,24/25,Matchweek 38,Sun,Away,W,1.0,0.0,Nottingham Forest,1.0,10.0,2.0,20.0,0.1,0.5,,,Chelsea,against
2025-05-25,12:00,61627,Premier League 24/25,24/25,Matchweek 38,Sun,Home,L,1.0,4.0,Brighton,1.0,23.0,8.0,34.8,0.043,0.125,,,Tottenham Hotspur,against
2025-05-25,12:00,61627,Premier League 24/25,24/25,Matchweek 38,Sun,Away,W,4.0,1.0,Tottenham Hotspur,4.0,4.0,2.0,50.0,1.0,2.0,,,Brighton,against
2025-05-25,12:00,61627,Premier League 24/25,24/25,Matchweek 38,Sun,Home,L,0.0,1.0,Everton,0.0,14.0,6.0,42.9,0.0,0.0,,,Newcastle United,against
2025-05-25,12:00,61627,Premier League 24/25,24/25,Matchweek 38,Sun,Away,W,1.0,0.0,Newcastle United,1.0,17.0,6.0,35.3,0.059,0.167,,,Everton,against
2025-05-25,12:00,61627,Premier League 24/25,24/25,Matchweek 38,Sun,Home,L,1.0,3.0,West Ham United,1.0,10.0,6.0,60.0,0.1,0.167,,,Ipswich Town,against
2025-05-25,12:00,61627,Premier League 24/25,24/25,Matchweek 38,Sun,Away,W,3.0,1.0,Ipswich Town,3.0,14.0,4.0,28.6,0.214,0.75,,,West Ham United,against
2025-05-25,12:00,61627,Premier League 24/25,24/25,Matchweek 38,Sun,Home,W,2.0,0.0,Leicester City,2.0,3.0,0.0,0.0,0.667,,,,Bournemouth,against
2025-05-25,12:00,61627,Premier League 24/25,24/25,Matchweek 38,Sun,Away,L,0.0,2.0,Bournemouth,0.0,20.0,7.0,35.0,0.0,0.0,,,Leicester City,against
2025-05-25,12:00,61627,Premier League 24/25,24/25,Matchweek 38,Sun,Home,D,1.0,1.0,Brentford,1.0,13.0,7.0,53.8,0.077,0.143,,,Wolves,against
2025-05-25,12:00,61627,Premier League 24/25,24/25,Matchweek 38,Sun,Away,D,1.0,1.0,Wolves,1.0,18.0,6.0,33.3,0.056,0.167,,,Brentford,against
2023-08-11,16:00,52186,Premier League 23/24,23/24,Matchweek 1,Fri,Home,L,0.0,3.0,Manchester City,0.0,17.0,8.0,47.1,0.0,0.0,,,Burnley,against
2023-08-11,16:00,52186,Premier League 23/24,23/24,Matchweek 1,Fri,Away,W,3.0,0.0,Burnley,3.0,6.0,1.0,16.7,0.5,3.0,,,Manchester City,against
2023-08-12,09:00,52186,Premier League 23/24,23/24,Matchweek 1,Sat,Home,W,2.0,1.0,Nottingham Forest,2.0,6.0,2.0,33.3,0.333,1.0,,,Arsenal,against
2023-08-12,09:00,52186,Premier League 23/24,23/24,Matchweek 1,Sat,Away,L,1.0,2.0,Arsenal,1.0,15.0,7.0,46.7,0.067,0.143,,,Nottingham Forest,against
2023-08-12,11:00,52186,Premier League 23/24,23/24,Matchweek 1,Sat,Home,D,1.0,1.0,West Ham United,1.0,16.0,3.0,18.8,0.062,0.333,,,Bournemouth,against
2023-08-12,11:00,52186,Premier League 23/24,23/24,Matchweek 1,Sat,Away,D,1.0,1.0,Bournemouth,1.0,14.0,5.0,35.7,0.071,0.2,,,West Ham United,against
2023-08-12,11:00,52186,Premier League 23/24,23/24,Matchweek 1,Sat,Home,L,0.0,1.0,Fulham,0.0,9.0,2.0,22.2,0.0,0.0,,,Everton,against
2023-08-12,11:00,52186,Premier League 23/24,23/24,Matchweek 1,Sat,Away,W,1.0,0.0,Everton,1.0,19.0,9.0,47.4,0.053,0.111,,,Fulham,against
2023-08-12,11:00,52186,Premier League 23/24,23/24,Matchweek 1,Sat,Home,W,4.0,1.0,Luton Town,4.0,9.0,3.0,33.3,0.444,1.333,,,Brighton,against
2023-08-12,11:00,52186,Premier League 23/24,23/24,Matchweek 1,Sat,Away,L,1.0,4.0,Brighton,1.0,27.0,12.0,44.4,0.037,0.083,,,Luton Town,against
2023-08-12,11:00,52186,Premier League 23/24,23/24,Matchweek 1,Sat,Home,L,0.0,1.0,Crystal Palace,0.0,24.0,8.0,33.3,0.0,0.0,,,Sheffield United,against
2023-08-12,11:00,52186,Premier League 23/24,23/24,Matchweek 1,Sat,Away,W,1.0,0.0,Sheffield United,1.0,8.0,1.0,12.5,0.125,1.0,,,Crystal Palace,against
2023-08-12,13:30,52186,Premier League 23/24,23/24,Matchweek 1,Sat,Home,W,5.0,1.0,Aston Villa,5.0,16.0,6.0,37.5,0.312,0.833,,,Newcastle United,against
2023-08-12,13:30,52186,Premier League 23/24,23/24,Matchweek 1,Sat,Away,L,1.0,5.0,Newcastle United,1.0,17.0,13.0,76.5,0.059,0.077,,,Aston Villa,against
2023-08-13,10:00,52186,Premier League 23/24,23/24,Matchweek 1,Sun,Home,D,2.0,2.0,Tottenham Hotspur,2.0,18.0,6.0,33.3,0.111,0.333,,,Brentford,against
2023-08-13,10:00,52186,Premier League 23/24,23/24,Matchweek 1,Sun,Away,D,2.0,2.0,Brentford,2.0,11.0,6.0,54.5,0.182,0.333,,,Tottenham Hotspur,against
2023-08-13,12:30,52186,Premier League 23/24,23/24,Matchweek 1,Sun,Home,D,1.0,1.0,Liverpool,1.0,13.0,1.0,7.7,0.077,1.0,,,Chelsea,against
2023-08-13,12:30,52186,Premier League 23/24,23/24,Matchweek 1,Sun,Away,D,1.0,1.0,Chelsea,1.0,10.0,4.0,40.0,0.1,0.25,,,Liverpool,against
2023-08-14,16:00,52186,Premier League 23/24,23/24,Matchweek 1,Mon,Home,W,1.0,0.0,Wolves,1.0,23.0,6.0,26.1,0.043,0.167,,,Manchester Utd,against
2023-08-14,16:00,52186,Premier League 23/24,23/24,Matchweek 1,Mon,Away,L,0.0,1.0,Manchester Utd,0.0,15.0,3.0,20.0,0.0,0.0,,,Wolves,against
2023-08-18,15:45,52186,Premier League 23/24,23/24,Matchweek 2,Fri,Home,W,2.0,1.0,Sheffield United,2.0,7.0,3.0,42.9,0.286,0.667,,,Nottingham Forest,against
2023-08-18,15:45,52186,Premier League 23/24,23/24,Matchweek 2,Fri,Away,L,1.0,2.0,Nottingham Forest,1.0,16.0,4.0,25.0,0.062,0.25,,,Sheffield United,against
2023-08-19,11:00,52186,Premier League 23/24,23/24,Matchweek 2,Sat,Home,W,3.0,1.0,Bournemouth,3.0,13.0,5.0,38.5,0.231,0.6,,,Liverpool,against
2023-08-19,11:00,52186,Premier League 23/24,23/24,Matchweek 2,Sat,Away,L,1.0,3.0,Liverpool,1.0,26.0,10.0,38.5,0.038,0.1,,,Bournemouth,against
2023-08-19,11:00,52186,Premier League 23/24,23/24,Matchweek 2,Sat,Home,L,1.0,4.0,Brighton,1.0,16.0,8.0,50.0,0.062,0.125,,,Wolves,against
2023-08-19,11:00,52186,Premier League 23/24,23/24,Matchweek 2,Sat,Away,W,4.0,1.0,Wolves,4.0,16.0,5.0,31.2,0.25,0.8,,,Brighton,against
2023-08-19,11:00,52186,Premier League 23/24,23/24,Matchweek 2,Sat,Home,L,0.0,3.0,Brentford,0.0,17.0,8.0,47.1,0.0,0.0,,,Fulham,against
2023-08-19,11:00,52186,Premier League 23/24,23/24,Matchweek 2,Sat,Away,W,3.0,0.0,Fulham,3.0,10.0,2.0,20.0,0.3,1.5,,,Brentford,against
2023-08-19,13:30,52186,Premier League 23/24,23/24,Matchweek 2,Sat,Home,W,2.0,0.0,Manchester Utd,2.0,22.0,6.0,27.3,0.091,0.333,,,Tottenham Hotspur,against
2023-08-19,13:30,52186,Premier League 23/24,23/24,Matchweek 2,Sat,Away,L,0.0,2.0,Tottenham Hotspur,0.0,17.0,6.0,35.3,0.0,0.0,,,Manchester Utd,against
2023-08-19,16:00,52186,Premier League 23/24,23/24,Matchweek 2,Sat,Home,W,1.0,0.0,Newcastle United,1.0,7.0,1.0,14.3,0.143,1.0,,,Manchester City,against
2023-08-19,16:00,52186,Premier League 23/24,23/24,Matchweek 2,Sat,Away,L,0.0,1.0,Manchester City,0.0,14.0,4.0,28.6,0.0,0.0,,,Newcastle United,against
2023-08-20,10:00,52186,Premier League 23/24,23/24,Matchweek 2,Sun,Home,W,4.0,0.0,Everton,4.0,9.0,2.0,22.2,0.444,2.0,,,Aston Villa,against
2023-08-20,10:00,52186,Premier League 23/24,23/24,Matchweek 2,Sun,Away,L,0.0,4.0,Aston Villa,0.0,13.0,7.0,53.8,0.0,0.0,,,Everton,against
2023-08-20,12:30,52186,Premier League 23/24,23/24,Matchweek 2,Sun,Home,W,3.0,1.0,Chelsea,3.0,17.0,4.0,23.5,0.176,0.75,,,West Ham United,against
2023-08-20,12:30,52186,Premier League 23/24,23/24,Matchweek 2,Sun,Away,L,1.0,3.0,West Ham United,1.0,12.0,6.0,50.0,0.083,0.167,,,Chelsea,against
2023-08-21,16:00,52186,Premier League 23/24,23/24,Matchweek 2,Mon,Home,L,0.0,1.0,Arsenal,0.0,14.0,3.0,21.4,0.0,0.0,,,Crystal Palace,against
2023-08-21,16:00,52186,Premier League 23/24,23/24,Matchweek 2,Mon,Away,W,1.0,0.0,Crystal Palace,1.0,14.0,2.0,14.3,0.071,0.5,,,Arsenal,against
2023-08-25,16:00,52186,Premier League 23/24,23/24,Matchweek 3,Fri,Home,W,3.0,0.0,Luton Town,3.0,11.0,1.0,9.1,0.273,3.0,,,Chelsea,against
2023-08-25,16:00,52186,Premier League 23/24,23/24,Matchweek 3,Fri,Away,L,0.0,3.0,Chelsea,0.0,19.0,8.0,42.1,0.0,0.0,,,Luton Town,against
2023-08-26,08:30,52186,Premier League 23/24,23/24,Matchweek 3,Sat,Home,L,0.0,2.0,Tottenham Hotspur,0.0,17.0,6.0,35.3,0.0,0.0,,,Bournemouth,against
2023-08-26,08:30,52186,Premier League 23/24,23/24,Matchweek 3,Sat,Away,W,2.0,0.0,Bournemouth,2.0,11.0,3.0,27.3,0.182,0.667,,,Tottenham Hotspur,against
2023-08-26,11:00,52186,Premier League 23/24,23/24,Matchweek 3,Sat,Home,W,3.0,2.0,Nottingham Forest,3.0,9.0,4.0,44.4,0.333,0.75,,,Manchester Utd,against
2023-08-26,11:00,52186,Premier League 23/24,23/24,Matchweek 3,Sat,Away,L,2.0,3.0,Manchester Utd,2.0,18.0,9.0,50.0,0.111,0.222,,,Nottingham Forest,against
2023-08-26,11:00,52186,Premier League 23/24,23/24,Matchweek 3,Sat,Home,D,2.0,2.0,Fulham,2.0,8.0,3.0,37.5,0.25,0.667,,,Arsenal,against
2023-08-26,11:00,52186,Premier League 23/24,23/24,Matchweek 3,Sat,Away,D,2.0,2.0,Arsenal,2.0,19.0,11.0,57.9,0.105,0.182,,,Fulham,against
2023-08-26,11:00,52186,Premier League 23/24,23/24,Matchweek 3,Sat,Home,L,0.0,1.0,Wolves,0.0,11.0,2.0,18.2,0.0,0.0,,,Everton,against
2023-08-26,11:00,52186,Premier League 23/24,23/24,Matchweek 3,Sat,Away,W,1.0,0.0,Everton,1.0,15.0,7.0,46.7,0.067,0.143,,,Wolves,against
2023-08-26,11:00,52186,Premier League 23/24,23/24,Matchweek 3,Sat,Home,D,1.0,1.0,Crystal Palace,1.0,15.0,5.0,33.3,0.067,0.2,,,Brentford,against
2023-08-26,11:00,52186,Premier League 23/24,23/24,Matchweek 3,Sat,Away,D,1.0,1.0,Brentford,1.0,12.0,1.0,8.3,0.083,1.0,,,Crystal Palace,against
2023-08-26,13:30,52186,Premier League 23/24,23/24,Matchweek 3,Sat,Home,L,1.0,3.0,West Ham United,1.0,12.0,7.0,58.3,0.083,0.143,,,Brighton,against
2023-08-26,13:30,52186,Premier League 23/24,23/24,Matchweek 3,Sat,Away,W,3.0,1.0,Brighton,3.0,25.0,10.0,40.0,0.12,0.3,,,West Ham United,against
2023-08-27,10:00,52186,Premier League 23/24,23/24,Matchweek 3,Sun,Home,L,1.0,2.0,Manchester City,1.0,30.0,9.0,30.0,0.033,0.111,,,Sheffield United,against
2023-08-27,10:00,52186,Premier League 23/24,23/24,Matchweek 3,Sun,Away,W,2.0,1.0,Sheffield United,2.0,6.0,2.0,33.3,0.333,1.0,,,Manchester City,against
2023-08-27,10:00,52186,Premier League 23/24,23/24,Matchweek 3,Sun,Home,L,1.0,3.0,Aston Villa,1.0,16.0,6.0,37.5,0.062,0.167,,,Burnley,against
2023-08-27,10:00,52186,Premier League 23/24,23/24,Matchweek 3,Sun,Away,W,3.0,1.0,Burnley,3.0,9.0,2.0,22.2,0.333,1.5,,,Aston Villa,against
2023-08-27,12:30,52186,Premier League 23/24,23/24,Matchweek 3,Sun,Home,L,1.0,2.0,Liverpool FC,1.0,9.0,4.0,44.4,0.111,0.25,,,Newcastle United,against
2023-08-27,12:30,52186,Premier League 23/24,23/24,Matchweek 3,Sun,Away,W,2.0,1.0,Newcastle United,2.0,23.0,8.0,34.8,0.087,0.25,,,Liverpool FC,against
2023-09-01,16:00,52186,Premier League 23/24,23/24,Matchweek 4,Fri,Home,L,1.0,2.0,West Ham United,1.0,9.0,3.0,33.3,0.111,0.333,,,Luton Town,against
2023-09-01,16:00,52186,Premier League 23/24,23/24,Matchweek 4,Fri,Away,W,2.0,1.0,Luton Town,2.0,16.0,1.0,6.2,0.125,2.0,,,West Ham United,against
2023-09-02,08:30,52186,Premier League 23/24,23/24,Matchweek 4,Sat,Home,D,2.0,2.0,Everton,2.0,16.0,6.0,37.5,0.125,0.333,,,Sheffield United,against
2023-09-02,08:30,52186,Premier League 23/24,23/24,Matchweek 4,Sat,Away,D,2.0,2.0,Sheffield United,2.0,13.0,8.0,61.5,0.154,0.25,,,Everton,against
2023-09-02,11:00,52186,Premier League 23/24,23/24,Matchweek 4,Sat,Home,W,5.0,1.0,Fulham,5.0,6.0,4.0,66.7,0.833,1.25,,,Manchester City,against
2023-09-02,11:00,52186,Premier League 23/24,23/24,Matchweek 4,Sat,Away,L,1.0,5.0,Manchester City,1.0,7.0,5.0,71.4,0.143,0.2,,,Fulham,against
2023-09-02,11:00,52186,Premier League 23/24,23/24,Matchweek 4,Sat,Home,L,0.0,1.0,Nottingham Forest,0.0,7.0,3.0,42.9,0.0,0.0,,,Chelsea,against
2023-09-02,11:00,52186,Premier League 23/24,23/24,Matchweek 4,Sat,Away,W,1.0,0.0,Chelsea,1.0,21.0,2.0,9.5,0.048,0.5,,,Nottingham Forest,against
2023-09-02,11:00,52186,Premier League 23/24,23/24,Matchweek 4,Sat,Home,L,2.0,5.0,Tottenham Hotspur,2.0,21.0,11.0,52.4,0.095,0.182,,,Burnley,against
2023-09-02,11:00,52186,Premier League 23/24,23/24,Matchweek 4,Sat,Away,W,5.0,2.0,Burnley,5.0,16.0,4.0,25.0,0.312,1.25,,,Tottenham Hotspur,against
2023-09-02,11:00,52186,Premier League 23/24,23/24,Matchweek 4,Sat,Home,D,2.0,2.0,Bournemouth,2.0,12.0,5.0,41.7,0.167,0.4,,,Brentford,against
2023-09-02,11:00,52186,Premier League 23/24,23/24,Matchweek 4,Sat,Away,D,2.0,2.0,Brentford,2.0,21.0,7.0,33.3,0.095,0.286,,,Bournemouth,against
2023-09-02,13:30,52186,Premier League 23/24,23/24,Matchweek 4,Sat,Home,W,3.0,1.0,Newcastle United,3.0,9.0,2.0,22.2,0.333,1.5,,,Brighton,against
2023-09-02,13:30,52186,Premier League 23/24,23/24,Matchweek 4,Sat,Away,L,1.0,3.0,Brighton,1.0,15.0,6.0,40.0,0.067,0.167,,,Newcastle United,against
2023-09-03,10:00,52186,Premier League 23/24,23/24,Matchweek 4,Sun,Home,W,3.0,0.0,Aston Villa,3.0,9.0,3.0,33.3,0.333,1.0,,,Liverpool FC,against
2023-09-03,10:00,52186,Premier League 23/24,23/24,Matchweek 4,Sun,Away,L,0.0,3.0,Liverpool FC,0.0,17.0,4.0,23.5,0.0,0.0,,,Aston Villa,against
2023-09-03,10:00,52186,Premier League 23/24,23/24,Matchweek 4,Sun,Home,W,3.0,2.0,Wolves,3.0,12.0,4.0,33.3,0.25,0.75,,,Crystal Palace,against
2023-09-03,10:00,52186,Premier League 23/24,23/24,Matchweek 4,Sun,Away,L,2.0,3.0,Crystal Palace,2.0,16.0,11.0,68.8,0.125,0.182,,,Wolves,against
2023-09-03,12:30,52186,Premier League 23/24,23/24,Matchweek 4,Sun,Home,W,3.0,1.0,Manchester Utd,3.0,10.0,2.0,20.0,0.3,1.5,,,Arsenal,against
2023-09-03,12:30,52186,Premier League 23/24,23/24,Matchweek 4,Sun,Away,L,1.0,3.0,Arsenal,1.0,17.0,5.0,29.4,0.059,0.2,,,Manchester Utd,against
2023-09-16,08:30,52186,Premier League 23/24,23/24,Matchweek 5,Sat,Home,L,1.0,3.0,Liverpool FC,1.0,16.0,6.0,37.5,0.062,0.167,,,Wolves,against
2023-09-16,08:30,52186,Premier League 23/24,23/24,Matchweek 5,Sat,Away,W,3.0,1.0,Wolves,3.0,11.0,2.0,18.2,0.273,1.5,,,Liverpool FC,against
2023-09-16,11:00,52186,Premier League 23/24,23/24,Matchweek 5,Sat,Home,L,1.0,3.0,Manchester City,1.0,29.0,15.0,51.7,0.034,0.067,,,West Ham United,against
2023-09-16,11:00,52186,Premier League 23/24,23/24,Matchweek 5,Sat,Away,W,3.0,1.0,West Ham United,3.0,6.0,3.0,50.0,0.5,1.0,,,Manchester City,against
2023-09-16,11:00,52186,Premier League 23/24,23/24,Matchweek 5,Sat,Home,L,1.0,3.0,Brighton,1.0,10.0,8.0,80.0,0.1,0.125,,,Manchester Utd,against
2023-09-16,11:00,52186,Premier League 23/24,23/24,Matchweek 5,Sat,Away,W,3.0,1.0,Manchester Utd,3.0,14.0,4.0,28.6,0.214,0.75,,,Brighton,against
2023-09-16,11:00,52186,Premier League 23/24,23/24,Matchweek 5,Sat,Home,W,2.0,1.0,Sheffield United,2.0,7.0,5.0,71.4,0.286,0.4,,,Tottenham Hotspur,against
2023-09-16,11:00,52186,Premier League 23/24,23/24,Matchweek 5,Sat,Away,L,1.0,2.0,Tottenham Hotspur,1.0,28.0,10.0,35.7,0.036,0.1,,,Sheffield United,against
2023-09-16,11:00,52186,Premier League 23/24,23/24,Matchweek 5,Sat,Home,W,3.0,1.0,Crystal Palace,3.0,6.0,3.0,50.0,0.5,1.0,,,Aston Villa,against
2023-09-16,11:00,52186,Premier League 23/24,23/24,Matchweek 5,Sat,Away,L,1.0,3.0,Aston Villa,1.0,16.0,5.0,31.2,0.062,0.2,,,Crystal Palace,against
2023-09-16,11:00,52186,Premier League 23/24,23/24,Matchweek 5,Sat,Home,W,1.0,0.0,Luton Town,1.0,7.0,2.0,28.6,0.143,0.5,,,Fulham,against
2023-09-16,11:00,52186,Premier League 23/24,23/24,Matchweek 5,Sat,Away,L,0.0,1.0,Fulham,0.0,13.0,2.0,15.4,0.0,0.0,,,Luton Town,against
2023-09-16,13:30,52186,Premier League 23/24,23/24,Matchweek 5,Sat,Home,W,1.0,0.0,Brentford,1.0,11.0,2.0,18.2,0.091,0.5,,,Newcastle United,against
2023-09-16,13:30,52186,Premier League 23/24,23/24,Matchweek 5,Sat,Away,L,0.0,1.0,Newcastle United,0.0,9.0,2.0,22.2,0.0,0.0,,,Brentford,against
2023-09-17,10:00,52186,Premier League 23/24,23/24,Matchweek 5,Sun,Home,D,0.0,0.0,Chelsea,0.0,14.0,6.0,42.9,0.0,0.0,,,Bournemouth,against
2023-09-17,10:00,52186,Premier League 23/24,23/24,Matchweek 5,Sun,Away,D,0.0,0.0,Bournemouth,0.0,13.0,4.0,30.8,0.0,0.0,,,Chelsea,against
2023-09-17,12:30,52186,Premier League 23/24,23/24,Matchweek 5,Sun,Home,L,0.0,1.0,Arsenal,0.0,13.0,4.0,30.8,0.0,0.0,,,Everton,against
2023-09-17,12:30,52186,Premier League 23/24,23/24,Matchweek 5,Sun,Away,W,1.0,0.0,Everton,1.0,8.0,1.0,12.5,0.125,1.0,,,Arsenal,against
2023-09-18,15:45,52186,Premier League 23/24,23/24,Matchweek 5,Mon,Home,D,1.0,1.0,Burnley,1.0,10.0,3.0,30.0,0.1,0.333,,,Nottingham Forest,against
2023-09-18,15:45,52186,Premier League 23/24,23/24,Matchweek 5,Mon,Away,D,1.0,1.0,Nottingham Forest,1.0,14.0,4.0,28.6,0.071,0.25,,,Burnley,against
2023-09-23,11:00,52186,Premier League 23/24,23/24,Matchweek 6,Sat,Home,W,2.0,0.0,Nottingham Forest,2.0,10.0,3.0,30.0,0.2,0.667,,,Manchester City,against
2023-09-23,11:00,52186,Premier League 23/24,23/24,Matchweek 6,Sat,Away,L,0.0,2.0,Manchester City,0.0,7.0,4.0,57.1,0.0,0.0,,,Nottingham Forest,against
2023-09-23,11:00,52186,Premier League 23/24,23/24,Matchweek 6,Sat,Home,D,0.0,0.0,Fulham,0.0,10.0,5.0,50.0,0.0,0.0,,,Crystal Palace,against
2023-09-23,11:00,52186,Premier League 23/24,23/24,Matchweek 6,Sat,Away,D,0.0,0.0,Crystal Palace,0.0,7.0,3.0,42.9,0.0,0.0,,,Fulham,against
2023-09-23,11:00,52186,Premier League 23/24,23/24,Matchweek 6,Sat,Home,D,1.0,1.0,Wolves,1.0,3.0,3.0,100.0,0.333,0.333,,,Luton Town,against
2023-09-23,11:00,52186,Premier League 23/24,23/24,Matchweek 6,Sat,Away,D,1.0,1.0,Luton Town,1.0,20.0,4.0,20.0,0.05,0.25,,,Wolves,against
2023-09-23,13:30,52186,Premier League 23/24,23/24,Matchweek 6,Sat,Home,L,1.0,3.0,Everton,1.0,18.0,6.0,33.3,0.056,0.167,,,Brentford,against
2023-09-23,13:30,52186,Premier League 23/24,23/24,Matchweek 6,Sat,Away,W,3.0,1.0,Brentford,3.0,12.0,2.0,16.7,0.25,1.5,,,Everton,against
2023-09-23,16:00,52186,Premier League 23/24,23/24,Matchweek 6,Sat,Home,L,0.0,1.0,Manchester Utd,0.0,11.0,4.0,36.4,0.0,0.0,,,Burnley,against
2023-09-23,16:00,52186,Premier League 23/24,23/24,Matchweek 6,Sat,Away,W,1.0,0.0,Burnley,1.0,12.0,4.0,33.3,0.083,0.25,,,Manchester Utd,against
2023-09-24,10:00,52186,Premier League 23/24,23/24,Matchweek 6,Sun,Home,W,3.0,1.0,West Ham United,3.0,11.0,4.0,36.4,0.273,0.75,,,Liverpool,against
2023-09-24,10:00,52186,Premier League 23/24,23/24,Matchweek 6,Sun,Away,L,1.0,3.0,Liverpool,1.0,22.0,7.0,31.8,0.045,0.143,,,West Ham United,against
2023-09-24,10:00,52186,Premier League 23/24,23/24,Matchweek 6,Sun,Home,D,2.0,2.0,Tottenham Hotspur,2.0,13.0,5.0,38.5,0.154,0.4,,,Arsenal,against
2023-09-24,10:00,52186,Premier League 23/24,23/24,Matchweek 6,Sun,Away,D,2.0,2.0,Arsenal,2.0,13.0,6.0,46.2,0.154,0.333,,,Tottenham Hotspur,against
2023-09-24,10:00,52186,Premier League 23/24,23/24,Matchweek 6,Sun,Home,L,0.0,1.0,Aston Villa,0.0,15.0,7.0,46.7,0.0,0.0,,,Chelsea,against
2023-09-24,10:00,52186,Premier League 23/24,23/24,Matchweek 6,Sun,Away,W,1.0,0.0,Chelsea,1.0,10.0,4.0,40.0,0.1,0.25,,,Aston Villa,against
2023-09-24,10:00,52186,Premier League 23/24,23/24,Matchweek 6,Sun,Home,W,3.0,1.0,Bournemouth,3.0,12.0,4.0,33.3,0.25,0.75,,,Brighton,against
2023-09-24,10:00,52186,Premier League 23/24,23/24,Matchweek 6,Sun,Away,L,1.0,3.0,Brighton,1.0,13.0,4.0,30.8,0.077,0.25,,,Bournemouth,against
2023-09-24,12:30,52186,Premier League 23/24,23/24,Matchweek 6,Sun,Home,L,0.0,8.0,Newcastle United,0.0,22.0,15.0,68.2,0.0,0.0,,,Sheffield United,against
2023-09-24,12:30,52186,Premier League 23/24,23/24,Matchweek 6,Sun,Away,W,8.0,0.0,Sheffield United,8.0,9.0,1.0,11.1,0.889,8.0,,,Newcastle United,against
2023-09-30,08:30,52186,Premier League 23/24,23/24,Matchweek 7,Sat,Home,W,6.0,1.0,Brighton,6.0,11.0,3.0,27.3,0.545,2.0,,,Aston Villa,against
2023-09-30,08:30,52186,Premier League 23/24,23/24,Matchweek 7,Sat,Away,L,1.0,6.0,Aston Villa,1.0,19.0,9.0,47.4,0.053,0.111,,,Brighton,against
2023-09-30,11:00,52186,Premier League 23/24,23/24,Matchweek 7,Sat,Home,W,2.0,1.0,Manchester City,2.0,23.0,8.0,34.8,0.087,0.25,,,Wolves,against
2023-09-30,11:00,52186,Premier League 23/24,23/24,Matchweek 7,Sat,Away,L,1.0,2.0,Wolves,1.0,3.0,1.0,33.3,0.333,1.0,,,Manchester City,against
2023-09-30,11:00,52186,Premier League 23/24,23/24,Matchweek 7,Sat,Home,L,0.0,1.0,Crystal Palace,0.0,8.0,2.0,25.0,0.0,0.0,,,Manchester Utd,against
2023-09-30,11:00,52186,Premier League 23/24,23/24,Matchweek 7,Sat,Away,W,1.0,0.0,Manchester Utd,1.0,19.0,4.0,21.1,0.053,0.25,,,Crystal Palace,against
2023-09-30,11:00,52186,Premier League 23/24,23/24,Matchweek 7,Sat,Home,L,0.0,4.0,Arsenal,0.0,15.0,8.0,53.3,0.0,0.0,,,Bournemouth,against
2023-09-30,11:00,52186,Premier League 23/24,23/24,Matchweek 7,Sat,Away,W,4.0,0.0,Bournemouth,4.0,8.0,1.0,12.5,0.5,4.0,,,Arsenal,against
2023-09-30,11:00,52186,Premier League 23/24,23/24,Matchweek 7,Sat,Home,W,2.0,0.0,Burnley,2.0,8.0,2.0,25.0,0.25,1.0,,,Newcastle United,against
2023-09-30,11:00,52186,Premier League 23/24,23/24,Matchweek 7,Sat,Away,L,0.0,2.0,Newcastle United,0.0,20.0,8.0,40.0,0.0,0.0,,,Burnley,against
2023-09-30,11:00,52186,Premier League 23/24,23/24,Matchweek 7,Sat,Home,W,2.0,0.0,Sheffield United,2.0,16.0,2.0,12.5,0.125,1.0,,,West Ham United,against
2023-09-30,11:00,52186,Premier League 23/24,23/24,Matchweek 7,Sat,Away,L,0.0,2.0,West Ham United,0.0,20.0,9.0,45.0,0.0,0.0,,,Sheffield United,against
2023-09-30,11:00,52186,Premier League 23/24,23/24,Matchweek 7,Sat,Home,L,1.0,2.0,Luton Town,1.0,9.0,2.0,22.2,0.111,0.5,,,Everton,against
2023-09-30,11:00,52186,Premier League 23/24,23/24,Matchweek 7,Sat,Away,W,2.0,1.0,Everton,2.0,23.0,5.0,21.7,0.087,0.4,,,Luton Town,against
2023-09-30,13:30,52186,Premier League 23/24,23/24,Matchweek 7,Sat,Home,W,2.0,1.0,Liverpool,2.0,12.0,4.0,33.3,0.167,0.5,,,Tottenham Hotspur,against
2023-09-30,13:30,52186,Premier League 23/24,23/24,Matchweek 7,Sat,Away,L,1.0,2.0,Tottenham Hotspur,1.0,24.0,8.0,33.3,0.042,0.125,,,Liverpool,against
2023-10-01,10:00,52186,Premier League 23/24,23/24,Matchweek 7,Sun,Home,D,1.0,1.0,Brentford,1.0,18.0,5.0,27.8,0.056,0.2,,,Nottingham Forest,against
2023-10-01,10:00,52186,Premier League 23/24,23/24,Matchweek 7,Sun,Away,D,1.0,1.0,Nottingham Forest,1.0,6.0,1.0,16.7,0.167,1.0,,,Brentford,against
2023-10-02,16:00,52186,Premier League 23/24,23/24,Matchweek 7,Mon,Home,L,0.0,2.0,Chelsea,0.0,11.0,4.0,36.4,0.0,0.0,,,Fulham,against
2023-10-02,16:00,52186,Premier League 23/24,23/24,Matchweek 7,Mon,Away,W,2.0,0.0,Fulham,2.0,10.0,3.0,30.0,0.2,0.667,,,Chelsea,against
2023-10-03,15:30,52186,Premier League 23/24,23/24,Matchweek 2,Tue,Home,L,1.0,2.0,Burnley,1.0,14.0,4.0,28.6,0.071,0.25,,,Luton Town,against
2023-10-03,15:30,52186,Premier League 23/24,23/24,Matchweek 2,Tue,Away,W,2.0,1.0,Luton Town,2.0,18.0,3.0,16.7,0.111,0.667,,,Burnley,against
2023-10-07,08:30,52186,Premier League 23/24,23/24,Matchweek 8,Sat,Home,L,0.0,1.0,Tottenham Hotspur,0.0,15.0,4.0,26.7,0.0,0.0,,,Luton Town,against
2023-10-07,08:30,52186,Premier League 23/24,23/24,Matchweek 8,Sat,Away,W,1.0,0.0,Luton Town,1.0,12.0,2.0,16.7,0.083,0.5,,,Tottenham Hotspur,against
2023-10-07,11:00,52186,Premier League 23/24,23/24,Matchweek 8,Sat,Home,W,2.0,1.0,Brentford,2.0,11.0,3.0,27.3,0.182,0.667,,,Manchester Utd,against
2023-10-07,11:00,52186,Premier League 23/24,23/24,Matchweek 8,Sat,Away,L,1.0,2.0,Manchester Utd,1.0,21.0,8.0,38.1,0.048,0.125,,,Brentford,against
2023-10-07,11:00,52186,Premier League 23/24,23/24,Matchweek 8,Sat,Home,L,1.0,4.0,Chelsea,1.0,9.0,5.0,55.6,0.111,0.2,,,Burnley,against
2023-10-07,11:00,52186,Premier League 23/24,23/24,Matchweek 8,Sat,Away,W,4.0,1.0,Burnley,4.0,10.0,3.0,30.0,0.4,1.333,,,Chelsea,against
2023-10-07,11:00,52186,Premier League 23/24,23/24,Matchweek 8,Sat,Home,W,3.0,0.0,Bournemouth,3.0,11.0,4.0,36.4,0.273,0.75,,,Everton,against
2023-10-07,11:00,52186,Premier League 23/24,23/24,Matchweek 8,Sat,Away,L,0.0,3.0,Everton,0.0,25.0,8.0,32.0,0.0,0.0,,,Bournemouth,against
2023-10-07,11:00,52186,Premier League 23/24,23/24,Matchweek 8,Sat,Home,W,3.0,1.0,Sheffield United,3.0,5.0,2.0,40.0,0.6,1.5,,,Fulham,against
2023-10-07,11:00,52186,Premier League 23/24,23/24,Matchweek 8,Sat,Away,L,1.0,3.0,Fulham,1.0,20.0,6.0,30.0,0.05,0.167,,,Sheffield United,against
2023-10-07,13:30,52186,Premier League 23/24,23/24,Matchweek 8,Sat,Home,D,0.0,0.0,Nottingham Forest,0.0,16.0,5.0,31.2,0.0,0.0,,,Crystal Palace,against
2023-10-07,13:30,52186,Premier League 23/24,23/24,Matchweek 8,Sat,Away,D,0.0,0.0,Crystal Palace,0.0,8.0,2.0,25.0,0.0,0.0,,,Nottingham Forest,against
2023-10-08,10:00,52186,Premier League 23/24,23/24,Matchweek 8,Sun,Home,D,2.0,2.0,Liverpool,2.0,14.0,4.0,28.6,0.143,0.5,,,Brighton,against
2023-10-08,10:00,52186,Premier League 23/24,23/24,Matchweek 8,Sun,Away,D,2.0,2.0,Brighton,2.0,14.0,3.0,21.4,0.143,0.667,,,Liverpool,against
2023-10-08,10:00,52186,Premier League 23/24,23/24,Matchweek 8,Sun,Home,D,2.0,2.0,Newcastle United,2.0,10.0,3.0,30.0,0.2,0.667,,,West Ham United,against
2023-10-08,10:00,52186,Premier League 23/24,23/24,Matchweek 8,Sun,Away,D,2.0,2.0,West Ham United,2.0,5.0,3.0,60.0,0.4,0.667,,,Newcastle United,against
2023-10-08,10:00,52186,Premier League 23/24,23/24,Matchweek 8,Sun,Home,D,1.0,1.0,Aston Villa,1.0,18.0,4.0,22.2,0.056,0.25,,,Wolves,against
2023-10-08,10:00,52186,Premier League 23/24,23/24,Matchweek 8,Sun,Away,D,1.0,1.0,Wolves,1.0,8.0,3.0,37.5,0.125,0.333,,,Aston Villa,against
2023-10-08,12:30,52186,Premier League 23/24,23/24,Matchweek 8,Sun,Home,W,1.0,0.0,Manchester City,1.0,4.0,1.0,25.0,0.25,1.0,,,Arsenal,against
2023-10-08,12:30,52186,Premier League 23/24,23/24,Matchweek 8,Sun,Away,L,0.0,1.0,Arsenal,0.0,12.0,2.0,16.7,0.0,0.0,,,Manchester City,against
2023-10-21,08:30,52186,Premier League 23/24,23/24,Matchweek 9,Sat,Home,W,2.0,0.0,Everton,2.0,6.0,1.0,16.7,0.333,2.0,,,Liverpool,against
2023-10-21,08:30,52186,Premier League 23/24,23/24,Matchweek 9,Sat,Away,L,0.0,2.0,Liverpool,0.0,26.0,6.0,23.1,0.0,0.0,,,Everton,against
2023-10-21,11:00,52186,Premier League 23/24,23/24,Matchweek 9,Sat,Home,W,2.0,1.0,Brighton,2.0,5.0,3.0,60.0,0.4,0.667,,,Manchester City,against
2023-10-21,11:00,52186,Premier League 23/24,23/24,Matchweek 9,Sat,Away,L,1.0,2.0,Manchester City,1.0,10.0,6.0,60.0,0.1,0.167,,,Brighton,against
2023-10-21,11:00,52186,Premier League 23/24,23/24,Matchweek 9,Sat,Home,W,4.0,0.0,Crystal Palace,4.0,17.0,3.0,17.6,0.235,1.333,,,Newcastle United,against
2023-10-21,11:00,52186,Premier League 23/24,23/24,Matchweek 9,Sat,Away,L,0.0,4.0,Newcastle United,0.0,10.0,7.0,70.0,0.0,0.0,,,Crystal Palace,against
2023-10-21,11:00,52186,Premier League 23/24,23/24,Matchweek 9,Sat,Home,W,3.0,0.0,Burnley,3.0,6.0,1.0,16.7,0.5,3.0,,,Brentford,against
2023-10-21,11:00,52186,Premier League 23/24,23/24,Matchweek 9,Sat,Away,L,0.0,3.0,Brentford,0.0,23.0,10.0,43.5,0.0,0.0,,,Burnley,against
2023-10-21,11:00,52186,Premier League 23/24,23/24,Matchweek 9,Sat,Home,L,1.0,2.0,Wolves,1.0,21.0,7.0,33.3,0.048,0.143,,,Bournemouth,against
2023-10-21,11:00,52186,Premier League 23/24,23/24,Matchweek 9,Sat,Away,W,2.0,1.0,Bournemouth,2.0,7.0,4.0,57.1,0.286,0.5,,,Wolves,against
2023-10-21,11:00,52186,Premier League 23/24,23/24,Matchweek 9,Sat,Home,D,2.0,2.0,Luton Town,2.0,13.0,4.0,30.8,0.154,0.5,,,Nottingham Forest,against
2023-10-21,11:00,52186,Premier League 23/24,23/24,Matchweek 9,Sat,Away,D,2.0,2.0,Nottingham Forest,2.0,19.0,8.0,42.1,0.105,0.25,,,Luton Town,against
2023-10-21,13:30,52186,Premier League 23/24,23/24,Matchweek 9,Sat,Home,D,2.0,2.0,Arsenal,2.0,13.0,3.0,23.1,0.154,0.667,,,Chelsea,against
2023-10-21,13:30,52186,Premier League 23/24,23/24,Matchweek 9,Sat,Away,D,2.0,2.0,Chelsea,2.0,11.0,5.0,45.5,0.182,0.4,,,Arsenal,against
2023-10-21,16:00,52186,Premier League 23/24,23/24,Matchweek 9,Sat,Home,L,1.0,2.0,Manchester Utd,1.0,14.0,5.0,35.7,0.071,0.2,,,Sheffield United,against
2023-10-21,16:00,52186,Premier League 23/24,23/24,Matchweek 9,Sat,Away,W,2.0,1.0,Sheffield United,2.0,12.0,6.0,50.0,0.167,0.333,,,Manchester Utd,against
2023-10-22,12:30,52186,Premier League 23/24,23/24,Matchweek 9,Sun,Home,W,4.0,1.0,West Ham United,4.0,14.0,4.0,28.6,0.286,1.0,,,Aston Villa,against
2023-10-22,12:30,52186,Premier League 23/24,23/24,Matchweek 9,Sun,Away,L,1.0,4.0,Aston Villa,1.0,15.0,7.0,46.7,0.067,0.143,,,West Ham United,against
2023-10-23,16:00,52186,Premier League 23/24,23/24,Matchweek 9,Mon,Home,W,2.0,0.0,Fulham,2.0,10.0,3.0,30.0,0.2,0.667,,,Tottenham Hotspur,against
2023-10-23,16:00,52186,Premier League 23/24,23/24,Matchweek 9,Mon,Away,L,0.0,2.0,Tottenham Hotspur,0.0,15.0,5.0,33.3,0.0,0.0,,,Fulham,against
2023-10-27,16:00,52186,Premier League 23/24,23/24,Matchweek 10,Fri,Home,L,1.0,2.0,Tottenham Hotspur,1.0,10.0,1.0,10.0,0.1,1.0,,,Crystal Palace,against
2023-10-27,16:00,52186,Premier League 23/24,23/24,Matchweek 10,Fri,Away,W,2.0,1.0,Crystal Palace,2.0,13.0,3.0,23.1,0.154,0.667,,,Tottenham Hotspur,against
2023-10-28,08:30,52186,Premier League 23/24,23/24,Matchweek 10,Sat,Home,L,0.0,2.0,Brentford,0.0,7.0,5.0,71.4,0.0,0.0,,,Chelsea,against
2023-10-28,08:30,52186,Premier League 23/24,23/24,Matchweek 10,Sat,Away,W,2.0,0.0,Chelsea,2.0,17.0,2.0,11.8,0.118,1.0,,,Brentford,against
2023-10-28,11:00,52186,Premier League 23/24,23/24,Matchweek 10,Sat,Home,W,5.0,0.0,Sheffield United,5.0,2.0,0.0,0.0,2.5,,,,Arsenal,against
2023-10-28,11:00,52186,Premier League 23/24,23/24,Matchweek 10,Sat,Away,L,0.0,5.0,Arsenal,0.0,13.0,8.0,61.5,0.0,0.0,,,Sheffield United,against
2023-10-28,11:00,52186,Premier League 23/24,23/24,Matchweek 10,Sat,Home,W,2.0,1.0,Burnley,2.0,6.0,3.0,50.0,0.333,0.667,,,Bournemouth,against
2023-10-28,11:00,52186,Premier League 23/24,23/24,Matchweek 10,Sat,Away,L,1.0,2.0,Bournemouth,1.0,13.0,6.0,46.2,0.077,0.167,,,Burnley,against
2023-10-28,13:30,52186,Premier League 23/24,23/24,Matchweek 10,Sat,Home,D,2.0,2.0,Newcastle United,2.0,13.0,5.0,38.5,0.154,0.4,,,Wolves,against
2023-10-28,13:30,52186,Premier League 23/24,23/24,Matchweek 10,Sat,Away,D,2.0,2.0,Wolves,2.0,11.0,6.0,54.5,0.182,0.333,,,Newcastle United,against
2023-10-29,10:00,52186,Premier League 23/24,23/24,Matchweek 10,Sun,Home,L,0.0,1.0,Everton,0.0,10.0,4.0,40.0,0.0,0.0,,,West Ham United,against
2023-10-29,10:00,52186,Premier League 23/24,23/24,Matchweek 10,Sun,Away,W,1.0,0.0,West Ham United,1.0,12.0,2.0,16.7,0.083,0.5,,,Everton,against
2023-10-29,11:00,52186,Premier League 23/24,23/24,Matchweek 10,Sun,Home,W,3.0,0.0,Nottingham Forest,3.0,9.0,1.0,11.1,0.333,3.0,,,Liverpool,against
2023-10-29,11:00,52186,Premier League 23/24,23/24,Matchweek 10,Sun,Away,L,0.0,3.0,Liverpool,0.0,21.0,8.0,38.1,0.0,0.0,,,Nottingham Forest,against
2023-10-29,11:00,52186,Premier League 23/24,23/24,Matchweek 10,Sun,Home,D,1.0,1.0,Fulham,1.0,10.0,5.0,50.0,0.1,0.2,,,Brighton,against
2023-10-29,11:00,52186,Premier League 23/24,23/24,Matchweek 10,Sun,Away,D,1.0,1.0,Brighton,1.0,18.0,7.0,38.9,0.056,0.143,,,Fulham,against
2023-10-29,11:00,52186,Premier League 23/24,23/24,Matchweek 10,Sun,Home,W,3.0,1.0,Luton Town,3.0,7.0,1.0,14.3,0.429,3.0,,,Aston Villa,against
2023-10-29,11:00,52186,Premier League 23/24,23/24,Matchweek 10,Sun,Away,L,1.0,3.0,Aston Villa,1.0,17.0,6.0,35.3,0.059,0.167,,,Luton Town,against
2023-10-29,12:30,52186,Premier League 23/24,23/24,Matchweek 10,Sun,Home,L,0.0,3.0,Manchester City,0.0,21.0,10.0,47.6,0.0,0.0,,,Manchester Utd,against
2023-10-29,12:30,52186,Premier League 23/24,23/24,Matchweek 10,Sun,Away,W,3.0,0.0,Manchester Utd,3.0,7.0,3.0,42.9,0.429,1.0,,,Manchester City,against
2023-11-04,09:30,52186,Premier League 23/24,23/24,Matchweek 11,Sat,Home,L,0.0,1.0,Manchester Utd,0.0,12.0,5.0,41.7,0.0,0.0,,,Fulham,against
2023-11-04,09:30,52186,Premier League 23/24,23/24,Matchweek 11,Sat,Away,W,1.0,0.0,Fulham,1.0,18.0,3.0,16.7,0.056,0.333,,,Manchester Utd,against
2023-11-04,12:00,52186,Premier League 23/24,23/24,Matchweek 11,Sat,Home,W,6.0,1.0,Bournemouth,6.0,5.0,1.0,20.0,1.2,6.0,,,Manchester City,against
2023-11-04,12:00,52186,Premier League 23/24,23/24,Matchweek 11,Sat,Away,L,1.0,6.0,Manchester City,1.0,21.0,8.0,38.1,0.048,0.125,,,Bournemouth,against
2023-11-04,12:00,52186,Premier League 23/24,23/24,Matchweek 11,Sat,Home,D,1.0,1.0,Brighton,1.0,7.0,2.0,28.6,0.143,0.5,,,Everton,against
2023-11-04,12:00,52186,Premier League 23/24,23/24,Matchweek 11,Sat,Away,D,1.0,1.0,Everton,1.0,10.0,4.0,40.0,0.1,0.25,,,Brighton,against
2023-11-04,12:00,52186,Premier League 23/24,23/24,Matchweek 11,Sat,Home,W,3.0,2.0,West Ham United,3.0,12.0,2.0,16.7,0.25,1.5,,,Brentford,against
2023-11-04,12:00,52186,Premier League 23/24,23/24,Matchweek 11,Sat,Away,L,2.0,3.0,Brentford,2.0,16.0,4.0,25.0,0.125,0.5,,,West Ham United,against
2023-11-04,12:00,52186,Premier League 23/24,23/24,Matchweek 11,Sat,Home,W,2.0,1.0,Wolves,2.0,10.0,3.0,30.0,0.2,0.667,,,Sheffield United,against
2023-11-04,12:00,52186,Premier League 23/24,23/24,Matchweek 11,Sat,Away,L,1.0,2.0,Sheffield United,1.0,11.0,2.0,18.2,0.091,0.5,,,Wolves,against
2023-11-04,12:00,52186,Premier League 23/24,23/24,Matchweek 11,Sat,Home,L,0.0,2.0,Crystal Palace,0.0,4.0,3.0,75.0,0.0,0.0,,,Burnley,against
2023-11-04,12:00,52186,Premier League 23/24,23/24,Matchweek 11,Sat,Away,W,2.0,0.0,Burnley,2.0,17.0,5.0,29.4,0.118,0.4,,,Crystal Palace,against
2023-11-04,14:30,52186,Premier League 23/24,23/24,Matchweek 11,Sat,Home,W,1.0,0.0,Arsenal,1.0,14.0,1.0,7.1,0.071,1.0,,,Newcastle United,against
2023-11-04,14:30,52186,Premier League 23/24,23/24,Matchweek 11,Sat,Away,L,0.0,1.0,Newcastle United,0.0,9.0,2.0,22.2,0.0,0.0,,,Arsenal,against
2023-11-05,11:00,52186,Premier League 23/24,23/24,Matchweek 11,Sun,Home,W,2.0,0.0,Aston Villa,2.0,13.0,3.0,23.1,0.154,0.667,,,Nottingham Forest,against
2023-11-05,11:00,52186,Premier League 23/24,23/24,Matchweek 11,Sun,Away,L,0.0,2.0,Nottingham Forest,0.0,5.0,3.0,60.0,0.0,0.0,,,Aston Villa,against
2023-11-05,13:30,52186,Premier League 23/24,23/24,Matchweek 11,Sun,Home,D,1.0,1.0,Liverpool,1.0,24.0,6.0,25.0,0.042,0.167,,,Luton Town,against
2023-11-05,13:30,52186,Premier League 23/24,23/24,Matchweek 11,Sun,Away,D,1.0,1.0,Luton Town,1.0,8.0,5.0,62.5,0.125,0.2,,,Liverpool,against
2023-11-06,17:00,52186,Premier League 23/24,23/24,Matchweek 11,Mon,Home,L,1.0,4.0,Chelsea,1.0,17.0,8.0,47.1,0.059,0.125,,,Tottenham Hotspur,against
2023-11-06,17:00,52186,Premier League 23/24,23/24,Matchweek 11,Mon,Away,W,4.0,1.0,Tottenham Hotspur,4.0,8.0,5.0,62.5,0.5,0.8,,,Chelsea,against
2023-11-11,09:30,52186,Premier League 23/24,23/24,Matchweek 12,Sat,Home,W,2.0,1.0,Tottenham Hotspur,2.0,6.0,2.0,33.3,0.333,1.0,,,Wolves,against
2023-11-11,09:30,52186,Premier League 23/24,23/24,Matchweek 12,Sat,Away,L,1.0,2.0,Wolves,1.0,17.0,4.0,23.5,0.059,0.25,,,Tottenham Hotspur,against
2023-11-11,12:00,52186,Premier League 23/24,23/24,Matchweek 12,Sat,Home,W,1.0,0.0,Luton Town,1.0,10.0,4.0,40.0,0.1,0.25,,,Manchester Utd,against
2023-11-11,12:00,52186,Premier League 23/24,23/24,Matchweek 12,Sat,Away,L,0.0,1.0,Manchester Utd,0.0,15.0,4.0,26.7,0.0,0.0,,,Luton Town,against
2023-11-11,12:00,52186,Premier League 23/24,23/24,Matchweek 12,Sat,Home,W,3.0,1.0,Burnley,3.0,8.0,5.0,62.5,0.375,0.6,,,Arsenal,against
2023-11-11,12:00,52186,Premier League 23/24,23/24,Matchweek 12,Sat,Away,L,1.0,3.0,Arsenal,1.0,16.0,6.0,37.5,0.062,0.167,,,Burnley,against
2023-11-11,12:00,52186,Premier League 23/24,23/24,Matchweek 12,Sat,Home,L,2.0,3.0,Everton,2.0,8.0,4.0,50.0,0.25,0.5,,,Crystal Palace,against
2023-11-11,12:00,52186,Premier League 23/24,23/24,Matchweek 12,Sat,Away,W,3.0,2.0,Crystal Palace,3.0,13.0,4.0,30.8,0.231,0.75,,,Everton,against
2023-11-11,14:30,52186,Premier League 23/24,23/24,Matchweek 12,Sat,Home,W,2.0,0.0,Newcastle United,2.0,8.0,5.0,62.5,0.25,0.4,,,Bournemouth,against
2023-11-11,14:30,52186,Premier League 23/24,23/24,Matchweek 12,Sat,Away,L,0.0,2.0,Bournemouth,0.0,19.0,10.0,52.6,0.0,0.0,,,Newcastle United,against
2023-11-12,11:00,52186,Premier League 23/24,23/24,Matchweek 12,Sun,Home,W,3.0,0.0,Brentford,3.0,16.0,3.0,18.8,0.188,1.0,,,Liverpool,against
2023-11-12,11:00,52186,Premier League 23/24,23/24,Matchweek 12,Sun,Away,L,0.0,3.0,Liverpool,0.0,17.0,10.0,58.8,0.0,0.0,,,Brentford,against
2023-11-12,11:00,52186,Premier League 23/24,23/24,Matchweek 12,Sun,Home,W,3.0,1.0,Fulham,3.0,9.0,5.0,55.6,0.333,0.6,,,Aston Villa,against
2023-11-12,11:00,52186,Premier League 23/24,23/24,Matchweek 12,Sun,Away,L,1.0,3.0,Aston Villa,1.0,12.0,6.0,50.0,0.083,0.167,,,Fulham,against
2023-11-12,11:00,52186,Premier League 23/24,23/24,Matchweek 12,Sun,Home,W,3.0,2.0,Nottingham Forest,3.0,10.0,5.0,50.0,0.3,0.6,,,West Ham United,against
2023-11-12,11:00,52186,Premier League 23/24,23/24,Matchweek 12,Sun,Away,L,2.0,3.0,West Ham United,2.0,16.0,6.0,37.5,0.125,0.333,,,Nottingham Forest,against
2023-11-12,11:00,52186,Premier League 23/24,23/24,Matchweek 12,Sun,Home,D,1.0,1.0,Sheffield United,1.0,9.0,1.0,11.1,0.111,1.0,,,Brighton,against
2023-11-12,11:00,52186,Premier League 23/24,23/24,Matchweek 12,Sun,Away,D,1.0,1.0,Brighton,1.0,11.0,6.0,54.5,0.091,0.167,,,Sheffield United,against
2023-11-12,13:30,52186,Premier League 23/24,23/24,Matchweek 12,Sun,Home,D,4.0,4.0,Manchester City,4.0,15.0,10.0,66.7,0.267,0.4,,,Chelsea,against
2023-11-12,13:30,52186,Premier League 23/24,23/24,Matchweek 12,Sun,Away,D,4.0,4.0,Chelsea,4.0,17.0,9.0,52.9,0.235,0.444,,,Manchester City,against
2023-11-25,09:30,52186,Premier League 23/24,23/24,Matchweek 13,Sat,Home,D,1.0,1.0,Liverpool,1.0,8.0,3.0,37.5,0.125,0.333,,,Manchester City,against
2023-11-25,09:30,52186,Premier League 23/24,23/24,Matchweek 13,Sat,Away,D,1.0,1.0,Manchester City,1.0,16.0,5.0,31.2,0.062,0.2,,,Liverpool,against
2023-11-25,12:00,52186,Premier League 23/24,23/24,Matchweek 13,Sat,Home,W,4.0,1.0,Chelsea,4.0,7.0,4.0,57.1,0.571,1.0,,,Newcastle United,against
2023-11-25,12:00,52186,Premier League 23/24,23/24,Matchweek 13,Sat,Away,L,1.0,4.0,Newcastle United,1.0,14.0,5.0,35.7,0.071,0.2,,,Chelsea,against
2023-11-25,12:00,52186,Premier League 23/24,23/24,Matchweek 13,Sat,Home,L,1.0,2.0,West Ham United,1.0,11.0,3.0,27.3,0.091,0.333,,,Burnley,against
2023-11-25,12:00,52186,Premier League 23/24,23/24,Matchweek 13,Sat,Away,W,2.0,1.0,Burnley,2.0,11.0,5.0,45.5,0.182,0.4,,,West Ham United,against
2023-11-25,12:00,52186,Premier League 23/24,23/24,Matchweek 13,Sat,Home,L,2.0,3.0,Brighton,2.0,10.0,5.0,50.0,0.2,0.4,,,Nottingham Forest,against
2023-11-25,12:00,52186,Premier League 23/24,23/24,Matchweek 13,Sat,Away,W,3.0,2.0,Nottingham Forest,3.0,18.0,5.0,27.8,0.167,0.6,,,Brighton,against
2023-11-25,12:00,52186,Premier League 23/24,23/24,Matchweek 13,Sat,Home,W,2.0,1.0,Crystal Palace,2.0,16.0,8.0,50.0,0.125,0.25,,,Luton Town,against
2023-11-25,12:00,52186,Premier League 23/24,23/24,Matchweek 13,Sat,Away,L,1.0,2.0,Luton Town,1.0,8.0,3.0,37.5,0.125,0.333,,,Crystal Palace,against
2023-11-25,12:00,52186,Premier League 23/24,23/24,Matchweek 13,Sat,Home,L,1.0,3.0,Bournemouth,1.0,23.0,11.0,47.8,0.043,0.091,,,Sheffield United,against
2023-11-25,12:00,52186,Premier League 23/24,23/24,Matchweek 13,Sat,Away,W,3.0,1.0,Sheffield United,3.0,10.0,2.0,20.0,0.3,1.5,,,Bournemouth,against
2023-11-25,14:30,52186,Premier League 23/24,23/24,Matchweek 13,Sat,Home,L,0.0,1.0,Arsenal,0.0,15.0,4.0,26.7,0.0,0.0,,,Brentford,against
2023-11-25,14:30,52186,Premier League 23/24,23/24,Matchweek 13,Sat,Away,W,1.0,0.0,Brentford,1.0,9.0,3.0,33.3,0.111,0.333,,,Arsenal,against
2023-11-26,11:00,52186,Premier League 23/24,23/24,Matchweek 13,Sun,Home,L,1.0,2.0,Aston Villa,1.0,15.0,5.0,33.3,0.067,0.2,,,Tottenham Hotspur,against
2023-11-26,11:00,52186,Premier League 23/24,23/24,Matchweek 13,Sun,Away,W,2.0,1.0,Tottenham Hotspur,2.0,18.0,8.0,44.4,0.111,0.25,,,Aston Villa,against
2023-11-26,13:30,52186,Premier League 23/24,23/24,Matchweek 13,Sun,Home,L,0.0,3.0,Manchester Utd,0.0,9.0,4.0,44.4,0.0,0.0,,,Everton,against
2023-11-26,13:30,52186,Premier League 23/24,23/24,Matchweek 13,Sun,Away,W,3.0,0.0,Everton,3.0,24.0,6.0,25.0,0.125,0.5,,,Manchester Utd,against
2023-11-27,17:00,52186,Premier League 23/24,23/24,Matchweek 13,Mon,Home,W,3.0,2.0,Wolves,3.0,10.0,6.0,60.0,0.3,0.5,,,Fulham,against
2023-11-27,17:00,52186,Premier League 23/24,23/24,Matchweek 13,Mon,Away,L,2.0,3.0,Fulham,2.0,12.0,6.0,50.0,0.167,0.333,,,Wolves,against
2023-12-02,12:00,52186,Premier League 23/24,23/24,Matchweek 14,Sat,Home,W,2.0,1.0,Wolves,2.0,6.0,3.0,50.0,0.333,0.667,,,Arsenal,against
2023-12-02,12:00,52186,Premier League 23/24,23/24,Matchweek 14,Sat,Away,L,1.0,2.0,Arsenal,1.0,19.0,6.0,31.6,0.053,0.167,,,Wolves,against
2023-12-02,12:00,52186,Premier League 23/24,23/24,Matchweek 14,Sat,Home,W,3.0,1.0,Luton Town,3.0,7.0,1.0,14.3,0.429,3.0,,,Brentford,against
2023-12-02,12:00,52186,Premier League 23/24,23/24,Matchweek 14,Sat,Away,L,1.0,3.0,Brentford,1.0,27.0,6.0,22.2,0.037,0.167,,,Luton Town,against
2023-12-02,12:00,52186,Premier League 23/24,23/24,Matchweek 14,Sat,Home,W,5.0,0.0,Sheffield United,5.0,6.0,3.0,50.0,0.833,1.667,,,Burnley,against
2023-12-02,12:00,52186,Premier League 23/24,23/24,Matchweek 14,Sat,Away,L,0.0,5.0,Burnley,0.0,19.0,7.0,36.8,0.0,0.0,,,Sheffield United,against
2023-12-02,14:30,52186,Premier League 23/24,23/24,Matchweek 14,Sat,Home,L,0.0,1.0,Everton,0.0,12.0,3.0,25.0,0.0,0.0,,,Nottingham Forest,against
2023-12-02,14:30,52186,Premier League 23/24,23/24,Matchweek 14,Sat,Away,W,1.0,0.0,Nottingham Forest,1.0,13.0,2.0,15.4,0.077,0.5,,,Everton,against
2023-12-02,17:00,52186,Premier League 23/24,23/24,Matchweek 14,Sat,Home,W,1.0,0.0,Manchester Utd,1.0,8.0,1.0,12.5,0.125,1.0,,,Newcastle United,against
2023-12-02,17:00,52186,Premier League 23/24,23/24,Matchweek 14,Sat,Away,L,0.0,1.0,Newcastle United,0.0,22.0,4.0,18.2,0.0,0.0,,,Manchester Utd,against
2023-12-03,11:00,52186,Premier League 23/24,23/24,Matchweek 14,Sun,Home,W,4.0,3.0,Fulham,4.0,9.0,5.0,55.6,0.444,0.8,,,Liverpool,against
2023-12-03,11:00,52186,Premier League 23/24,23/24,Matchweek 14,Sun,Away,L,3.0,4.0,Liverpool,3.0,26.0,12.0,46.2,0.115,0.25,,,Fulham,against
2023-12-03,11:00,52186,Premier League 23/24,23/24,Matchweek 14,Sun,Home,W,3.0,2.0,Brighton,3.0,18.0,9.0,50.0,0.167,0.333,,,Chelsea,against
2023-12-03,11:00,52186,Premier League 23/24,23/24,Matchweek 14,Sun,Away,L,2.0,3.0,Chelsea,2.0,8.0,5.0,62.5,0.25,0.4,,,Brighton,against
2023-12-03,11:00,52186,Premier League 23/24,23/24,Matchweek 14,Sun,Home,D,1.0,1.0,Crystal Palace,1.0,9.0,2.0,22.2,0.111,0.5,,,West Ham United,against
2023-12-03,11:00,52186,Premier League 23/24,23/24,Matchweek 14,Sun,Away,D,1.0,1.0,West Ham United,1.0,9.0,3.0,33.3,0.111,0.333,,,Crystal Palace,against
2023-12-03,11:00,52186,Premier League 23/24,23/24,Matchweek 14,Sun,Home,D,2.0,2.0,Aston Villa,2.0,11.0,3.0,27.3,0.182,0.667,,,Bournemouth,against
2023-12-03,11:00,52186,Premier League 23/24,23/24,Matchweek 14,Sun,Away,D,2.0,2.0,Bournemouth,2.0,15.0,7.0,46.7,0.133,0.286,,,Aston Villa,against
2023-12-03,13:30,52186,Premier League 23/24,23/24,Matchweek 14,Sun,Home,D,3.0,3.0,Tottenham Hotspur,3.0,8.0,4.0,50.0,0.375,0.75,,,Manchester City,against
2023-12-03,13:30,52186,Premier League 23/24,23/24,Matchweek 14,Sun,Away,D,3.0,3.0,Manchester City,3.0,17.0,4.0,23.5,0.176,0.75,,,Tottenham Hotspur,against
2023-12-05,16:30,52186,Premier League 23/24,23/24,Matchweek 15,Tue,Home,W,1.0,0.0,Burnley,1.0,12.0,3.0,25.0,0.083,0.333,,,Wolves,against
2023-12-05,16:30,52186,Premier League 23/24,23/24,Matchweek 15,Tue,Away,L,0.0,1.0,Wolves,0.0,7.0,4.0,57.1,0.0,0.0,,,Burnley,against
2023-12-05,17:15,52186,Premier League 23/24,23/24,Matchweek 15,Tue,Home,L,3.0,4.0,Arsenal,3.0,23.0,9.0,39.1,0.13,0.333,,,Luton Town,against
2023-12-05,17:15,52186,Premier League 23/24,23/24,Matchweek 15,Tue,Away,W,4.0,3.0,Luton Town,4.0,6.0,4.0,66.7,0.667,1.0,,,Arsenal,against
2023-12-06,16:30,52186,Premier League 23/24,23/24,Matchweek 15,Wed,Home,L,0.0,2.0,Liverpool FC,0.0,15.0,8.0,53.3,0.0,0.0,,,Sheffield United,against
2023-12-06,16:30,52186,Premier League 23/24,23/24,Matchweek 15,Wed,Away,W,2.0,0.0,Sheffield United,2.0,6.0,1.0,16.7,0.333,2.0,,,Liverpool FC,against
2023-12-06,16:30,52186,Premier League 23/24,23/24,Matchweek 15,Wed,Home,W,2.0,1.0,Brentford,2.0,8.0,2.0,25.0,0.25,1.0,,,Brighton,against
2023-12-06,16:30,52186,Premier League 23/24,23/24,Matchweek 15,Wed,Away,L,1.0,2.0,Brighton,1.0,18.0,7.0,38.9,0.056,0.143,,,Brentford,against
2023-12-06,16:30,52186,Premier League 23/24,23/24,Matchweek 15,Wed,Home,W,5.0,0.0,Nottingham Forest,5.0,4.0,1.0,25.0,1.25,5.0,,,Fulham,against
2023-12-06,16:30,52186,Premier League 23/24,23/24,Matchweek 15,Wed,Away,L,0.0,5.0,Fulham,0.0,14.0,6.0,42.9,0.0,0.0,,,Nottingham Forest,against
2023-12-06,16:30,52186,Premier League 23/24,23/24,Matchweek 15,Wed,Home,L,0.0,2.0,Bournemouth,0.0,11.0,4.0,36.4,0.0,0.0,,,Crystal Palace,against
2023-12-06,16:30,52186,Premier League 23/24,23/24,Matchweek 15,Wed,Away,W,2.0,0.0,Crystal Palace,2.0,16.0,3.0,18.8,0.125,0.667,,,Bournemouth,against
2023-12-06,17:15,52186,Premier League 23/24,23/24,Matchweek 15,Wed,Home,W,2.0,1.0,Chelsea,2.0,13.0,3.0,23.1,0.154,0.667,,,Manchester Utd,against
2023-12-06,17:15,52186,Premier League 23/24,23/24,Matchweek 15,Wed,Away,L,1.0,2.0,Manchester Utd,1.0,28.0,9.0,32.1,0.036,0.111,,,Chelsea,against
2023-12-06,17:15,52186,Premier League 23/24,23/24,Matchweek 15,Wed,Home,W,1.0,0.0,Manchester City,1.0,2.0,2.0,100.0,0.5,0.5,,,Aston Villa,against
2023-12-06,17:15,52186,Premier League 23/24,23/24,Matchweek 15,Wed,Away,L,0.0,1.0,Aston Villa,0.0,22.0,7.0,31.8,0.0,0.0,,,Manchester City,against
2023-12-07,16:30,52186,Premier League 23/24,23/24,Matchweek 15,Thu,Home,W,3.0,0.0,Newcastle United,3.0,13.0,3.0,23.1,0.231,1.0,,,Everton,against
2023-12-07,16:30,52186,Premier League 23/24,23/24,Matchweek 15,Thu,Away,L,0.0,3.0,Everton,0.0,21.0,6.0,28.6,0.0,0.0,,,Newcastle United,against
2023-12-07,17:15,52186,Premier League 23/24,23/24,Matchweek 15,Thu,Home,L,1.0,2.0,West Ham United,1.0,11.0,5.0,45.5,0.091,0.2,,,Tottenham Hotspur,against
2023-12-07,17:15,52186,Premier League 23/24,23/24,Matchweek 15,Thu,Away,W,2.0,1.0,Tottenham Hotspur,2.0,23.0,7.0,30.4,0.087,0.286,,,West Ham United,against
2023-12-09,09:30,52186,Premier League 23/24,23/24,Matchweek 16,Sat,Home,L,1.0,2.0,Liverpool FC,1.0,14.0,2.0,14.3,0.071,0.5,,,Crystal Palace,against
2023-12-09,09:30,52186,Premier League 23/24,23/24,Matchweek 16,Sat,Away,W,2.0,1.0,Crystal Palace,2.0,8.0,4.0,50.0,0.25,0.5,,,Liverpool FC,against
2023-12-09,12:00,52186,Premier League 23/24,23/24,Matchweek 16,Sat,Home,L,0.0,3.0,Bournemouth,0.0,10.0,4.0,40.0,0.0,0.0,,,Manchester Utd,against
2023-12-09,12:00,52186,Premier League 23/24,23/24,Matchweek 16,Sat,Away,W,3.0,0.0,Manchester Utd,3.0,20.0,3.0,15.0,0.15,1.0,,,Bournemouth,against
2023-12-09,12:00,52186,Premier League 23/24,23/24,Matchweek 16,Sat,Home,D,1.0,1.0,Burnley,1.0,6.0,3.0,50.0,0.167,0.333,,,Brighton,against
2023-12-09,12:00,52186,Premier League 23/24,23/24,Matchweek 16,Sat,Away,D,1.0,1.0,Brighton,1.0,29.0,11.0,37.9,0.034,0.091,,,Burnley,against
2023-12-09,12:00,52186,Premier League 23/24,23/24,Matchweek 16,Sat,Home,D,1.0,1.0,Nottingham Forest,1.0,8.0,2.0,25.0,0.125,0.5,,,Wolves,against
2023-12-09,12:00,52186,Premier League 23/24,23/24,Matchweek 16,Sat,Away,D,1.0,1.0,Wolves,1.0,10.0,4.0,40.0,0.1,0.25,,,Nottingham Forest,against
2023-12-09,12:00,52186,Premier League 23/24,23/24,Matchweek 16,Sat,Home,W,1.0,0.0,Brentford,1.0,10.0,4.0,40.0,0.1,0.25,,,Sheffield United,against
2023-12-09,12:00,52186,Premier League 23/24,23/24,Matchweek 16,Sat,Away,L,0.0,1.0,Sheffield United,0.0,9.0,4.0,44.4,0.0,0.0,,,Brentford,against
2023-12-09,14:30,52186,Premier League 23/24,23/24,Matchweek 16,Sat,Home,W,1.0,0.0,Arsenal,1.0,12.0,5.0,41.7,0.083,0.2,,,Aston Villa,against
2023-12-09,14:30,52186,Premier League 23/24,23/24,Matchweek 16,Sat,Away,L,0.0,1.0,Aston Villa,0.0,10.0,3.0,30.0,0.0,0.0,,,Arsenal,against
2023-12-10,11:00,52186,Premier League 23/24,23/24,Matchweek 16,Sun,Home,L,1.0,2.0,Manchester City,1.0,18.0,6.0,33.3,0.056,0.167,,,Luton Town,against
2023-12-10,11:00,52186,Premier League 23/24,23/24,Matchweek 16,Sun,Away,W,2.0,1.0,Luton Town,2.0,4.0,2.0,50.0,0.5,1.0,,,Manchester City,against
2023-12-10,11:00,52186,Premier League 23/24,23/24,Matchweek 16,Sun,Home,W,2.0,0.0,Chelsea,2.0,16.0,4.0,25.0,0.125,0.5,,,Everton,against
2023-12-10,11:00,52186,Premier League 23/24,23/24,Matchweek 16,Sun,Away,L,0.0,2.0,Everton,0.0,9.0,5.0,55.6,0.0,0.0,,,Chelsea,against
2023-12-10,11:00,52186,Premier League 23/24,23/24,Matchweek 16,Sun,Home,W,5.0,0.0,West Ham United,5.0,9.0,5.0,55.6,0.556,1.0,,,Fulham,against
2023-12-10,11:00,52186,Premier League 23/24,23/24,Matchweek 16,Sun,Away,L,0.0,5.0,Fulham,0.0,14.0,8.0,57.1,0.0,0.0,,,West Ham United,against
2023-12-10,13:30,52186,Premier League 23/24,23/24,Matchweek 16,Sun,Home,W,4.0,1.0,Newcastle United,4.0,9.0,3.0,33.3,0.444,1.333,,,Tottenham Hotspur,against
2023-12-10,13:30,52186,Premier League 23/24,23/24,Matchweek 16,Sun,Away,L,1.0,4.0,Tottenham Hotspur,1.0,23.0,12.0,52.2,0.043,0.083,,,Newcastle United,against
2023-12-15,17:00,52186,Premier League 23/24,23/24,Matchweek 17,Fri,Home,L,0.0,2.0,Tottenham Hotspur,0.0,12.0,6.0,50.0,0.0,0.0,,,Nottingham Forest,against
2023-12-15,17:00,52186,Premier League 23/24,23/24,Matchweek 17,Fri,Away,W,2.0,0.0,Nottingham Forest,2.0,15.0,1.0,6.7,0.133,2.0,,,Tottenham Hotspur,against
2023-12-16,12:00,52186,Premier League 23/24,23/24,Matchweek 17,Sat,Home,D,2.0,2.0,Crystal Palace,2.0,5.0,2.0,40.0,0.4,1.0,,,Manchester City,against
2023-12-16,12:00,52186,Premier League 23/24,23/24,Matchweek 17,Sat,Away,D,2.0,2.0,Manchester City,2.0,19.0,9.0,47.4,0.105,0.222,,,Crystal Palace,against
2023-12-16,12:00,52186,Premier League 23/24,23/24,Matchweek 17,Sat,Home,W,2.0,0.0,Sheffield United,2.0,6.0,1.0,16.7,0.333,2.0,,,Chelsea,against
2023-12-16,12:00,52186,Premier League 23/24,23/24,Matchweek 17,Sat,Away,L,0.0,2.0,Chelsea,0.0,15.0,6.0,40.0,0.0,0.0,,,Sheffield United,against
2023-12-16,12:00,52186,Premier League 23/24,23/24,Matchweek 17,Sat,Home,W,3.0,0.0,Fulham,3.0,6.0,4.0,66.7,0.5,0.75,,,Newcastle United,against
2023-12-16,12:00,52186,Premier League 23/24,23/24,Matchweek 17,Sat,Away,L,0.0,3.0,Newcastle United,0.0,27.0,10.0,37.0,0.0,0.0,,,Fulham,against
2023-12-16,14:30,52186,Premier League 23/24,23/24,Matchweek 17,Sat,Home,L,0.0,2.0,Everton,0.0,9.0,6.0,66.7,0.0,0.0,,,Burnley,against
2023-12-16,14:30,52186,Premier League 23/24,23/24,Matchweek 17,Sat,Away,W,2.0,0.0,Burnley,2.0,14.0,2.0,14.3,0.143,1.0,,,Everton,against
2023-12-17,11:00,52186,Premier League 23/24,23/24,Matchweek 17,Sun,Home,W,2.0,0.0,Brighton,2.0,6.0,1.0,16.7,0.333,2.0,,,Arsenal,against
2023-12-17,11:00,52186,Premier League 23/24,23/24,Matchweek 17,Sun,Away,L,0.0,2.0,Arsenal,0.0,26.0,9.0,34.6,0.0,0.0,,,Brighton,against
2023-12-17,11:00,52186,Premier League 23/24,23/24,Matchweek 17,Sun,Home,L,1.0,2.0,Aston Villa,1.0,15.0,5.0,33.3,0.067,0.2,,,Brentford,against
2023-12-17,11:00,52186,Premier League 23/24,23/24,Matchweek 17,Sun,Away,W,2.0,1.0,Brentford,2.0,4.0,3.0,75.0,0.5,0.667,,,Aston Villa,against
2023-12-17,11:00,52186,Premier League 23/24,23/24,Matchweek 17,Sun,Home,W,3.0,0.0,Wolves,3.0,14.0,3.0,21.4,0.214,1.0,,,West Ham United,against
2023-12-17,11:00,52186,Premier League 23/24,23/24,Matchweek 17,Sun,Away,L,0.0,3.0,West Ham United,0.0,13.0,4.0,30.8,0.0,0.0,,,Wolves,against
2023-12-17,13:30,52186,Premier League 23/24,23/24,Matchweek 17,Sun,Home,D,0.0,0.0,Manchester Utd,0.0,6.0,1.0,16.7,0.0,0.0,,,Liverpool FC,against
2023-12-17,13:30,52186,Premier League 23/24,23/24,Matchweek 17,Sun,Away,D,0.0,0.0,Liverpool FC,0.0,34.0,8.0,23.5,0.0,0.0,,,Manchester Utd,against
2023-12-21,17:00,52186,Premier League 23/24,23/24,Matchweek 18,Thu,Home,D,1.0,1.0,Brighton,1.0,18.0,6.0,33.3,0.056,0.167,,,Crystal Palace,against
2023-12-21,17:00,52186,Premier League 23/24,23/24,Matchweek 18,Thu,Away,D,1.0,1.0,Crystal Palace,1.0,11.0,3.0,27.3,0.091,0.333,,,Brighton,against
2023-12-22,17:00,52186,Premier League 23/24,23/24,Matchweek 18,Fri,Home,D,1.0,1.0,Sheffield United,1.0,5.0,2.0,40.0,0.2,0.5,,,Aston Villa,against
2023-12-22,17:00,52186,Premier League 23/24,23/24,Matchweek 18,Fri,Away,D,1.0,1.0,Aston Villa,1.0,12.0,4.0,33.3,0.083,0.25,,,Sheffield United,against
2023-12-23,09:30,52186,Premier League 23/24,23/24,Matchweek 18,Sat,Home,W,2.0,0.0,Manchester Utd,2.0,11.0,3.0,27.3,0.182,0.667,,,West Ham United,against
2023-12-23,09:30,52186,Premier League 23/24,23/24,Matchweek 18,Sat,Away,L,0.0,2.0,West Ham United,0.0,12.0,5.0,41.7,0.0,0.0,,,Manchester Utd,against
2023-12-23,12:00,52186,Premier League 23/24,23/24,Matchweek 18,Sat,Home,W,2.0,1.0,Everton,2.0,18.0,8.0,44.4,0.111,0.25,,,Tottenham Hotspur,against
2023-12-23,12:00,52186,Premier League 23/24,23/24,Matchweek 18,Sat,Away,L,1.0,2.0,Tottenham Hotspur,1.0,13.0,6.0,46.2,0.077,0.167,,,Everton,against
2023-12-23,12:00,52186,Premier League 23/24,23/24,Matchweek 18,Sat,Home,W,1.0,0.0,Newcastle United,1.0,15.0,2.0,13.3,0.067,0.5,,,Luton Town,against
2023-12-23,12:00,52186,Premier League 23/24,23/24,Matchweek 18,Sat,Away,L,0.0,1.0,Luton Town,0.0,16.0,5.0,31.2,0.0,0.0,,,Newcastle United,against
2023-12-23,12:00,52186,Premier League 23/24,23/24,Matchweek 18,Sat,Home,L,0.0,2.0,Burnley,0.0,7.0,2.0,28.6,0.0,0.0,,,Fulham,against
2023-12-23,12:00,52186,Premier League 23/24,23/24,Matchweek 18,Sat,Away,W,2.0,0.0,Fulham,2.0,19.0,5.0,26.3,0.105,0.4,,,Burnley,against
2023-12-23,12:00,52186,Premier League 23/24,23/24,Matchweek 18,Sat,Home,L,2.0,3.0,Bournemouth,2.0,18.0,7.0,38.9,0.111,0.286,,,Nottingham Forest,against
2023-12-23,12:00,52186,Premier League 23/24,23/24,Matchweek 18,Sat,Away,W,3.0,2.0,Nottingham Forest,3.0,11.0,5.0,45.5,0.273,0.6,,,Bournemouth,against
2023-12-23,14:30,52186,Premier League 23/24,23/24,Matchweek 18,Sat,Home,D,1.0,1.0,Arsenal,1.0,13.0,2.0,15.4,0.077,0.5,,,Liverpool FC,against
2023-12-23,14:30,52186,Premier League 23/24,23/24,Matchweek 18,Sat,Away,D,1.0,1.0,Liverpool FC,1.0,13.0,3.0,23.1,0.077,0.333,,,Arsenal,against
2023-12-24,10:00,52186,Premier League 23/24,23/24,Matchweek 18,Sun,Home,W,2.0,1.0,Chelsea,2.0,16.0,5.0,31.2,0.125,0.4,,,Wolves,against
2023-12-24,10:00,52186,Premier League 23/24,23/24,Matchweek 18,Sun,Away,L,1.0,2.0,Wolves,1.0,14.0,6.0,42.9,0.071,0.167,,,Chelsea,against
2023-12-26,09:30,52186,Premier League 23/24,23/24,Matchweek 19,Tue,Home,L,1.0,3.0,Nottingham Forest,1.0,15.0,6.0,40.0,0.067,0.167,,,Newcastle United,against
2023-12-26,09:30,52186,Premier League 23/24,23/24,Matchweek 19,Tue,Away,W,3.0,1.0,Newcastle United,3.0,19.0,7.0,36.8,0.158,0.429,,,Nottingham Forest,against
2023-12-26,12:00,52186,Premier League 23/24,23/24,Matchweek 19,Tue,Home,W,3.0,0.0,Fulham,3.0,8.0,3.0,37.5,0.375,1.0,,,Bournemouth,against
2023-12-26,12:00,52186,Premier League 23/24,23/24,Matchweek 19,Tue,Away,L,0.0,3.0,Bournemouth,0.0,16.0,4.0,25.0,0.0,0.0,,,Fulham,against
2023-12-26,12:00,52186,Premier League 23/24,23/24,Matchweek 19,Tue,Home,L,2.0,3.0,Luton Town,2.0,12.0,4.0,33.3,0.167,0.5,,,Sheffield United,against
2023-12-26,12:00,52186,Premier League 23/24,23/24,Matchweek 19,Tue,Away,W,3.0,2.0,Sheffield United,3.0,21.0,6.0,28.6,0.143,0.5,,,Luton Town,against
2023-12-26,14:30,52186,Premier League 23/24,23/24,Matchweek 19,Tue,Home,L,0.0,2.0,Liverpool FC,0.0,19.0,10.0,52.6,0.0,0.0,,,Burnley,against
2023-12-26,14:30,52186,Premier League 23/24,23/24,Matchweek 19,Tue,Away,W,2.0,0.0,Burnley,2.0,9.0,0.0,0.0,0.222,,,,Liverpool FC,against
2023-12-26,17:00,52186,Premier League 23/24,23/24,Matchweek 19,Tue,Home,W,3.0,2.0,Aston Villa,3.0,10.0,4.0,40.0,0.3,0.75,,,Manchester Utd,against
2023-12-26,17:00,52186,Premier League 23/24,23/24,Matchweek 19,Tue,Away,L,2.0,3.0,Manchester Utd,2.0,13.0,7.0,53.8,0.154,0.286,,,Aston Villa,against
2023-12-27,16:30,52186,Premier League 23/24,23/24,Matchweek 19,Wed,Home,W,2.0,1.0,Crystal Palace,2.0,13.0,5.0,38.5,0.154,0.4,,,Chelsea,against
2023-12-27,16:30,52186,Premier League 23/24,23/24,Matchweek 19,Wed,Away,L,1.0,2.0,Chelsea,1.0,9.0,4.0,44.4,0.111,0.25,,,Crystal Palace,against
2023-12-27,16:30,52186,Premier League 23/24,23/24,Matchweek 19,Wed,Home,L,1.0,4.0,Wolves,1.0,11.0,5.0,45.5,0.091,0.2,,,Brentford,against
2023-12-27,16:30,52186,Premier League 23/24,23/24,Matchweek 19,Wed,Away,W,4.0,1.0,Brentford,4.0,14.0,4.0,28.6,0.286,1.0,,,Wolves,against
2023-12-27,17:15,52186,Premier League 23/24,23/24,Matchweek 19,Wed,Home,L,1.0,3.0,Manchester City,1.0,23.0,9.0,39.1,0.043,0.111,,,Everton,against
2023-12-27,17:15,52186,Premier League 23/24,23/24,Matchweek 19,Wed,Away,W,3.0,1.0,Everton,3.0,7.0,2.0,28.6,0.429,1.5,,,Manchester City,against
2023-12-28,16:30,52186,Premier League 23/24,23/24,Matchweek 19,Thu,Home,W,4.0,2.0,Tottenham Hotspur,4.0,19.0,3.0,15.8,0.211,1.333,,,Brighton,against
2023-12-28,16:30,52186,Premier League 23/24,23/24,Matchweek 19,Thu,Away,L,2.0,4.0,Brighton,2.0,15.0,9.0,60.0,0.133,0.222,,,Tottenham Hotspur,against
2023-12-28,17:15,52186,Premier League 23/24,23/24,Matchweek 19,Thu,Home,L,0.0,2.0,West Ham United,0.0,6.0,3.0,50.0,0.0,0.0,,,Arsenal,against
2023-12-28,17:15,52186,Premier League 23/24,23/24,Matchweek 19,Thu,Away,W,2.0,0.0,Arsenal,2.0,30.0,8.0,26.7,0.067,0.25,,,West Ham United,against
2023-12-30,09:30,52186,Premier League 23/24,23/24,Matchweek 20,Sat,Home,L,2.0,3.0,Chelsea,2.0,12.0,8.0,66.7,0.167,0.25,,,Luton Town,against
2023-12-30,09:30,52186,Premier League 23/24,23/24,Matchweek 20,Sat,Away,W,3.0,2.0,Luton Town,3.0,15.0,6.0,40.0,0.2,0.5,,,Chelsea,against
2023-12-30,12:00,52186,Premier League 23/24,23/24,Matchweek 20,Sat,Home,W,2.0,0.0,Sheffield United,2.0,4.0,2.0,50.0,0.5,1.0,,,Manchester City,against
2023-12-30,12:00,52186,Premier League 23/24,23/24,Matchweek 20,Sat,Away,L,0.0,2.0,Manchester City,0.0,18.0,4.0,22.2,0.0,0.0,,,Sheffield United,against
2023-12-30,12:00,52186,Premier League 23/24,23/24,Matchweek 20,Sat,Home,W,3.0,2.0,Burnley,3.0,9.0,5.0,55.6,0.333,0.6,,,Aston Villa,against
2023-12-30,12:00,52186,Premier League 23/24,23/24,Matchweek 20,Sat,Away,L,2.0,3.0,Aston Villa,2.0,19.0,7.0,36.8,0.105,0.286,,,Burnley,against
2023-12-30,12:00,52186,Premier League 23/24,23/24,Matchweek 20,Sat,Home,W,3.0,0.0,Everton,3.0,10.0,0.0,0.0,0.3,,,,Wolves,against
2023-12-30,12:00,52186,Premier League 23/24,23/24,Matchweek 20,Sat,Away,L,0.0,3.0,Wolves,0.0,12.0,6.0,50.0,0.0,0.0,,,Everton,against
2023-12-30,12:00,52186,Premier League 23/24,23/24,Matchweek 20,Sat,Home,W,3.0,1.0,Brentford,3.0,9.0,4.0,44.4,0.333,0.75,,,Crystal Palace,against
2023-12-30,12:00,52186,Premier League 23/24,23/24,Matchweek 20,Sat,Away,L,1.0,3.0,Crystal Palace,1.0,13.0,6.0,46.2,0.077,0.167,,,Brentford,against
2023-12-30,14:30,52186,Premier League 23/24,23/24,Matchweek 20,Sat,Home,W,2.0,1.0,Manchester Utd,2.0,10.0,5.0,50.0,0.2,0.4,,,Nottingham Forest,against
2023-12-30,14:30,52186,Premier League 23/24,23/24,Matchweek 20,Sat,Away,L,1.0,2.0,Nottingham Forest,1.0,8.0,2.0,25.0,0.125,0.5,,,Manchester Utd,against
2023-12-31,11:00,52186,Premier League 23/24,23/24,Matchweek 20,Sun,Home,W,2.0,1.0,Arsenal,2.0,13.0,3.0,23.1,0.154,0.667,,,Fulham,against
2023-12-31,11:00,52186,Premier League 23/24,23/24,Matchweek 20,Sun,Away,L,1.0,2.0,Fulham,1.0,15.0,4.0,26.7,0.067,0.25,,,Arsenal,against
2023-12-31,11:00,52186,Premier League 23/24,23/24,Matchweek 20,Sun,Home,W,3.0,1.0,Bournemouth,3.0,24.0,4.0,16.7,0.125,0.75,,,Tottenham Hotspur,against
2023-12-31,11:00,52186,Premier League 23/24,23/24,Matchweek 20,Sun,Away,L,1.0,3.0,Tottenham Hotspur,1.0,12.0,6.0,50.0,0.083,0.167,,,Bournemouth,against
2024-01-01,17:00,52186,Premier League 23/24,23/24,Matchweek 20,Mon,Home,W,4.0,2.0,Newcastle United,4.0,5.0,3.0,60.0,0.8,1.333,,,Liverpool FC,against
2024-01-01,17:00,52186,Premier League 23/24,23/24,Matchweek 20,Mon,Away,L,2.0,4.0,Liverpool FC,2.0,34.0,15.0,44.1,0.059,0.133,,,Newcastle United,against
2024-01-02,16:30,52186,Premier League 23/24,23/24,Matchweek 20,Tue,Home,D,0.0,0.0,Brighton,0.0,22.0,8.0,36.4,0.0,0.0,,,West Ham United,against
2024-01-02,16:30,52186,Premier League 23/24,23/24,Matchweek 20,Tue,Away,D,0.0,0.0,West Ham United,0.0,6.0,2.0,33.3,0.0,0.0,,,Brighton,against
2024-01-12,16:45,52186,Premier League 23/24,23/24,Matchweek 21,Fri,Home,D,1.0,1.0,Luton Town,1.0,14.0,5.0,35.7,0.071,0.2,,,Burnley,against
2024-01-12,16:45,52186,Premier League 23/24,23/24,Matchweek 21,Fri,Away,D,1.0,1.0,Burnley,1.0,13.0,7.0,53.8,0.077,0.143,,,Luton Town,against
2024-01-13,09:30,52186,Premier League 23/24,23/24,Matchweek 21,Sat,Home,W,1.0,0.0,Fulham,1.0,14.0,4.0,28.6,0.071,0.25,,,Chelsea,against
2024-01-13,09:30,52186,Premier League 23/24,23/24,Matchweek 21,Sat,Away,L,0.0,1.0,Chelsea,0.0,17.0,3.0,17.6,0.0,0.0,,,Fulham,against
2024-01-13,14:30,52186,Premier League 23/24,23/24,Matchweek 21,Sat,Home,L,2.0,3.0,Manchester City,2.0,27.0,11.0,40.7,0.074,0.182,,,Newcastle United,against
2024-01-13,14:30,52186,Premier League 23/24,23/24,Matchweek 21,Sat,Away,W,3.0,2.0,Newcastle United,3.0,12.0,5.0,41.7,0.25,0.6,,,Manchester City,against
2024-01-14,11:00,52186,Premier League 23/24,23/24,Matchweek 21,Sun,Home,D,0.0,0.0,Aston Villa,0.0,16.0,5.0,31.2,0.0,0.0,,,Everton,against
2024-01-14,11:00,52186,Premier League 23/24,23/24,Matchweek 21,Sun,Away,D,0.0,0.0,Everton,0.0,10.0,2.0,20.0,0.0,0.0,,,Aston Villa,against
2024-01-14,13:30,52186,Premier League 23/24,23/24,Matchweek 21,Sun,Home,D,2.0,2.0,Tottenham Hotspur,2.0,16.0,6.0,37.5,0.125,0.333,,,Manchester Utd,against
2024-01-14,13:30,52186,Premier League 23/24,23/24,Matchweek 21,Sun,Away,D,2.0,2.0,Manchester Utd,2.0,9.0,2.0,22.2,0.222,1.0,,,Tottenham Hotspur,against
2024-01-20,09:30,52186,Premier League 23/24,23/24,Matchweek 21,Sat,Home,W,5.0,0.0,Crystal Palace,5.0,12.0,5.0,41.7,0.417,1.0,,,Arsenal,against
2024-01-20,09:30,52186,Premier League 23/24,23/24,Matchweek 21,Sat,Away,L,0.0,5.0,Arsenal,0.0,21.0,7.0,33.3,0.0,0.0,,,Crystal Palace,against
2024-01-20,14:30,52186,Premier League 23/24,23/24,Matchweek 21,Sat,Home,W,3.0,2.0,Nottingham Forest,3.0,12.0,3.0,25.0,0.25,1.0,,,Brentford,against
2024-01-20,14:30,52186,Premier League 23/24,23/24,Matchweek 21,Sat,Away,L,2.0,3.0,Brentford,2.0,11.0,5.0,45.5,0.182,0.4,,,Nottingham Forest,against
2024-01-21,11:00,52186,Premier League 23/24,23/24,Matchweek 21,Sun,Home,D,2.0,2.0,West Ham United,2.0,16.0,5.0,31.2,0.125,0.4,,,Sheffield United,against
2024-01-21,11:00,52186,Premier League 23/24,23/24,Matchweek 21,Sun,Away,D,2.0,2.0,Sheffield United,2.0,21.0,6.0,28.6,0.095,0.333,,,West Ham United,against
2024-01-21,13:30,52186,Premier League 23/24,23/24,Matchweek 21,Sun,Home,L,0.0,4.0,Liverpool,0.0,14.0,7.0,50.0,0.0,0.0,,,Bournemouth,against
2024-01-21,13:30,52186,Premier League 23/24,23/24,Matchweek 21,Sun,Away,W,4.0,0.0,Bournemouth,4.0,11.0,1.0,9.1,0.364,4.0,,,Liverpool,against
2024-01-22,16:45,52186,Premier League 23/24,23/24,Matchweek 21,Mon,Home,D,0.0,0.0,Wolves,0.0,8.0,3.0,37.5,0.0,0.0,,,Brighton,against
2024-01-22,16:45,52186,Premier League 23/24,23/24,Matchweek 21,Mon,Away,D,0.0,0.0,Brighton,0.0,11.0,4.0,36.4,0.0,0.0,,,Wolves,against
2024-01-30,16:30,52186,Premier League 23/24,23/24,Matchweek 22,Tue,Home,L,1.0,2.0,Arsenal,1.0,19.0,3.0,15.8,0.053,0.333,,,Nottingham Forest,against
2024-01-30,16:30,52186,Premier League 23/24,23/24,Matchweek 22,Tue,Away,W,2.0,1.0,Nottingham Forest,2.0,9.0,3.0,33.3,0.222,0.667,,,Arsenal,against
2024-01-30,16:45,52186,Premier League 23/24,23/24,Matchweek 22,Tue,Home,W,4.0,0.0,Brighton,4.0,9.0,2.0,22.2,0.444,2.0,,,Luton Town,against
2024-01-30,16:45,52186,Premier League 23/24,23/24,Matchweek 22,Tue,Away,L,0.0,4.0,Luton Town,0.0,18.0,8.0,44.4,0.0,0.0,,,Brighton,against
2024-01-30,16:45,52186,Premier League 23/24,23/24,Matchweek 22,Tue,Home,D,0.0,0.0,Everton,0.0,21.0,4.0,19.0,0.0,0.0,,,Fulham,against
2024-01-30,16:45,52186,Premier League 23/24,23/24,Matchweek 22,Tue,Away,D,0.0,0.0,Fulham,0.0,25.0,6.0,24.0,0.0,0.0,,,Everton,against
2024-01-30,17:00,52186,Premier League 23/24,23/24,Matchweek 22,Tue,Home,W,3.0,2.0,Sheffield United,3.0,9.0,5.0,55.6,0.333,0.6,,,Crystal Palace,against
2024-01-30,17:00,52186,Premier League 23/24,23/24,Matchweek 22,Tue,Away,L,2.0,3.0,Crystal Palace,2.0,12.0,4.0,33.3,0.167,0.5,,,Sheffield United,against
2024-01-30,17:15,52186,Premier League 23/24,23/24,Matchweek 22,Tue,Home,L,1.0,3.0,Newcastle United,1.0,14.0,5.0,35.7,0.071,0.2,,,Aston Villa,against
2024-01-30,17:15,52186,Premier League 23/24,23/24,Matchweek 22,Tue,Away,W,3.0,1.0,Aston Villa,3.0,12.0,6.0,50.0,0.25,0.5,,,Newcastle United,against
2024-01-31,16:30,52186,Premier League 23/24,23/24,Matchweek 22,Wed,Home,W,3.0,1.0,Burnley,3.0,8.0,3.0,37.5,0.375,1.0,,,Manchester City,against
2024-01-31,16:30,52186,Premier League 23/24,23/24,Matchweek 22,Wed,Away,L,1.0,3.0,Manchester City,1.0,14.0,4.0,28.6,0.071,0.25,,,Burnley,against
2024-01-31,16:30,52186,Premier League 23/24,23/24,Matchweek 22,Wed,Home,W,3.0,2.0,Brentford,3.0,9.0,5.0,55.6,0.333,0.6,,,Tottenham Hotspur,against
2024-01-31,16:30,52186,Premier League 23/24,23/24,Matchweek 22,Wed,Away,L,2.0,3.0,Tottenham Hotspur,2.0,19.0,5.0,26.3,0.105,0.4,,,Brentford,against
2024-01-31,17:15,52186,Premier League 23/24,23/24,Matchweek 22,Wed,Home,W,4.0,1.0,Chelsea,4.0,4.0,3.0,75.0,1.0,1.333,,,Liverpool,against
2024-01-31,17:15,52186,Premier League 23/24,23/24,Matchweek 22,Wed,Away,L,1.0,4.0,Liverpool,1.0,28.0,13.0,46.4,0.036,0.077,,,Chelsea,against
2024-02-01,16:30,52186,Premier League 23/24,23/24,Matchweek 22,Thu,Home,D,1.0,1.0,Bournemouth,1.0,9.0,4.0,44.4,0.111,0.25,,,West Ham United,against
2024-02-01,16:30,52186,Premier League 23/24,23/24,Matchweek 22,Thu,Away,D,1.0,1.0,West Ham United,1.0,9.0,3.0,33.3,0.111,0.333,,,Bournemouth,against
2024-02-01,17:15,52186,Premier League 23/24,23/24,Matchweek 22,Thu,Home,L,3.0,4.0,Manchester Utd,3.0,21.0,8.0,38.1,0.143,0.375,,,Wolves,against
2024-02-01,17:15,52186,Premier League 23/24,23/24,Matchweek 22,Thu,Away,W,4.0,3.0,Wolves,4.0,16.0,7.0,43.8,0.25,0.571,,,Manchester Utd,against
2024-02-03,09:30,52186,Premier League 23/24,23/24,Matchweek 23,Sat,Home,D,2.0,2.0,Tottenham Hotspur,2.0,9.0,6.0,66.7,0.222,0.333,,,Everton,against
2024-02-03,09:30,52186,Premier League 23/24,23/24,Matchweek 23,Sat,Away,D,2.0,2.0,Everton,2.0,14.0,5.0,35.7,0.143,0.4,,,Tottenham Hotspur,against
2024-02-03,12:00,52186,Premier League 23/24,23/24,Matchweek 23,Sat,Home,D,4.0,4.0,Luton Town,4.0,11.0,8.0,72.7,0.364,0.5,,,Newcastle United,against
2024-02-03,12:00,52186,Premier League 23/24,23/24,Matchweek 23,Sat,Away,D,4.0,4.0,Newcastle United,4.0,19.0,6.0,31.6,0.211,0.667,,,Luton Town,against
2024-02-03,12:00,52186,Premier League 23/24,23/24,Matchweek 23,Sat,Home,W,4.0,1.0,Crystal Palace,4.0,7.0,5.0,71.4,0.571,0.8,,,Brighton,against
2024-02-03,12:00,52186,Premier League 23/24,23/24,Matchweek 23,Sat,Away,L,1.0,4.0,Brighton,1.0,13.0,6.0,46.2,0.077,0.167,,,Crystal Palace,against
2024-02-03,12:00,52186,Premier League 23/24,23/24,Matchweek 23,Sat,Home,D,2.0,2.0,Fulham,2.0,15.0,7.0,46.7,0.133,0.286,,,Burnley,against
2024-02-03,12:00,52186,Premier League 23/24,23/24,Matchweek 23,Sat,Away,D,2.0,2.0,Burnley,2.0,12.0,4.0,33.3,0.167,0.5,,,Fulham,against
2024-02-03,14:30,52186,Premier League 23/24,23/24,Matchweek 23,Sat,Home,L,0.0,5.0,Aston Villa,0.0,14.0,10.0,71.4,0.0,0.0,,,Sheffield United,against
2024-02-03,14:30,52186,Premier League 23/24,23/24,Matchweek 23,Sat,Away,W,5.0,0.0,Sheffield United,5.0,10.0,5.0,50.0,0.5,1.0,,,Aston Villa,against
2024-02-04,11:00,52186,Premier League 23/24,23/24,Matchweek 23,Sun,Home,W,3.0,0.0,West Ham United,3.0,22.0,3.0,13.6,0.136,1.0,,,Manchester Utd,against
2024-02-04,11:00,52186,Premier League 23/24,23/24,Matchweek 23,Sun,Away,L,0.0,3.0,Manchester Utd,0.0,12.0,5.0,41.7,0.0,0.0,,,West Ham United,against
2024-02-04,11:00,52186,Premier League 23/24,23/24,Matchweek 23,Sun,Home,L,2.0,4.0,Wolves,2.0,14.0,7.0,50.0,0.143,0.286,,,Chelsea,against
2024-02-04,11:00,52186,Premier League 23/24,23/24,Matchweek 23,Sun,Away,W,4.0,2.0,Chelsea,4.0,15.0,6.0,40.0,0.267,0.667,,,Wolves,against
2024-02-04,11:00,52186,Premier League 23/24,23/24,Matchweek 23,Sun,Home,D,1.0,1.0,Nottingham Forest,1.0,8.0,6.0,75.0,0.125,0.167,,,Bournemouth,against
2024-02-04,11:00,52186,Premier League 23/24,23/24,Matchweek 23,Sun,Away,D,1.0,1.0,Bournemouth,1.0,9.0,2.0,22.2,0.111,0.5,,,Nottingham Forest,against
2024-02-04,13:30,52186,Premier League 23/24,23/24,Matchweek 23,Sun,Home,W,3.0,1.0,Liverpool,3.0,10.0,1.0,10.0,0.3,3.0,,,Arsenal,against
2024-02-04,13:30,52186,Premier League 23/24,23/24,Matchweek 23,Sun,Away,L,1.0,3.0,Arsenal,1.0,15.0,7.0,46.7,0.067,0.143,,,Liverpool,against
2024-02-05,17:00,52186,Premier League 23/24,23/24,Matchweek 23,Mon,Home,L,1.0,3.0,Manchester City,1.0,25.0,15.0,60.0,0.04,0.067,,,Brentford,against
2024-02-05,17:00,52186,Premier League 23/24,23/24,Matchweek 23,Mon,Away,W,3.0,1.0,Brentford,3.0,9.0,3.0,33.3,0.333,1.0,,,Manchester City,against
2024-02-10,09:30,52186,Premier League 23/24,23/24,Matchweek 24,Sat,Home,W,2.0,0.0,Everton,2.0,5.0,1.0,20.0,0.4,2.0,,,Manchester City,against
2024-02-10,09:30,52186,Premier League 23/24,23/24,Matchweek 24,Sat,Away,L,0.0,2.0,Manchester City,0.0,19.0,3.0,15.8,0.0,0.0,,,Everton,against
2024-02-10,12:00,52186,Premier League 23/24,23/24,Matchweek 24,Sat,Home,W,3.0,1.0,Burnley,3.0,9.0,4.0,44.4,0.333,0.75,,,Liverpool,against
2024-02-10,12:00,52186,Premier League 23/24,23/24,Matchweek 24,Sat,Away,L,1.0,3.0,Liverpool,1.0,25.0,10.0,40.0,0.04,0.1,,,Burnley,against
2024-02-10,12:00,52186,Premier League 23/24,23/24,Matchweek 24,Sat,Home,W,2.0,1.0,Brighton,2.0,6.0,3.0,50.0,0.333,0.667,,,Tottenham Hotspur,against
2024-02-10,12:00,52186,Premier League 23/24,23/24,Matchweek 24,Sat,Away,L,1.0,2.0,Tottenham Hotspur,1.0,16.0,6.0,37.5,0.062,0.167,,,Brighton,against
2024-02-10,12:00,52186,Premier League 23/24,23/24,Matchweek 24,Sat,Home,L,0.0,2.0,Brentford,0.0,9.0,6.0,66.7,0.0,0.0,,,Wolves,against
2024-02-10,12:00,52186,Premier League 23/24,23/24,Matchweek 24,Sat,Away,W,2.0,0.0,Wolves,2.0,17.0,5.0,29.4,0.118,0.4,,,Brentford,against
2024-02-10,12:00,52186,Premier League 23/24,23/24,Matchweek 24,Sat,Home,W,3.0,1.0,Bournemouth,3.0,25.0,4.0,16.0,0.12,0.75,,,Fulham,against
2024-02-10,12:00,52186,Premier League 23/24,23/24,Matchweek 24,Sat,Away,L,1.0,3.0,Fulham,1.0,7.0,6.0,85.7,0.143,0.167,,,Bournemouth,against
2024-02-10,12:00,52186,Premier League 23/24,23/24,Matchweek 24,Sat,Home,L,1.0,3.0,Sheffield United,1.0,7.0,3.0,42.9,0.143,0.333,,,Luton Town,against
2024-02-10,12:00,52186,Premier League 23/24,23/24,Matchweek 24,Sat,Away,W,3.0,1.0,Luton Town,3.0,20.0,5.0,25.0,0.15,0.6,,,Sheffield United,against
2024-02-10,14:30,52186,Premier League 23/24,23/24,Matchweek 24,Sat,Home,L,2.0,3.0,Newcastle United,2.0,7.0,5.0,71.4,0.286,0.4,,,Nottingham Forest,against
2024-02-10,14:30,52186,Premier League 23/24,23/24,Matchweek 24,Sat,Away,W,3.0,2.0,Nottingham Forest,3.0,13.0,3.0,23.1,0.231,1.0,,,Newcastle United,against
2024-02-11,11:00,52186,Premier League 23/24,23/24,Matchweek 24,Sun,Home,L,0.0,6.0,Arsenal,0.0,25.0,12.0,48.0,0.0,0.0,,,West Ham United,against
2024-02-11,11:00,52186,Premier League 23/24,23/24,Matchweek 24,Sun,Away,W,6.0,0.0,West Ham United,6.0,5.0,1.0,20.0,1.2,6.0,,,Arsenal,against
2024-02-11,13:30,52186,Premier League 23/24,23/24,Matchweek 24,Sun,Home,L,1.0,2.0,Manchester Utd,1.0,17.0,5.0,29.4,0.059,0.2,,,Aston Villa,against
2024-02-11,13:30,52186,Premier League 23/24,23/24,Matchweek 24,Sun,Away,W,2.0,1.0,Aston Villa,2.0,23.0,10.0,43.5,0.087,0.2,,,Manchester Utd,against
2024-02-12,17:00,52186,Premier League 23/24,23/24,Matchweek 24,Mon,Home,L,1.0,3.0,Chelsea,1.0,14.0,5.0,35.7,0.071,0.2,,,Crystal Palace,against
2024-02-12,17:00,52186,Premier League 23/24,23/24,Matchweek 24,Mon,Away,W,3.0,1.0,Crystal Palace,3.0,13.0,4.0,30.8,0.231,0.75,,,Chelsea,against
2024-02-17,09:30,52186,Premier League 23/24,23/24,Matchweek 25,Sat,Home,L,1.0,4.0,Liverpool,1.0,15.0,8.0,53.3,0.067,0.125,,,Brentford,against
2024-02-17,09:30,52186,Premier League 23/24,23/24,Matchweek 25,Sat,Away,W,4.0,1.0,Brentford,4.0,15.0,6.0,40.0,0.267,0.667,,,Liverpool,against
2024-02-17,12:00,52186,Premier League 23/24,23/24,Matchweek 25,Sat,Home,L,0.0,5.0,Arsenal,0.0,16.0,7.0,43.8,0.0,0.0,,,Burnley,against
2024-02-17,12:00,52186,Premier League 23/24,23/24,Matchweek 25,Sat,Away,W,5.0,0.0,Burnley,5.0,8.0,0.0,0.0,0.625,,,,Arsenal,against
2024-02-17,12:00,52186,Premier League 23/24,23/24,Matchweek 25,Sat,Home,L,1.0,2.0,Wolves,1.0,12.0,7.0,58.3,0.083,0.143,,,Tottenham Hotspur,against
2024-02-17,12:00,52186,Premier League 23/24,23/24,Matchweek 25,Sat,Away,W,2.0,1.0,Tottenham Hotspur,2.0,15.0,4.0,26.7,0.133,0.5,,,Wolves,against
2024-02-17,12:00,52186,Premier League 23/24,23/24,Matchweek 25,Sat,Home,D,2.0,2.0,Bournemouth,2.0,12.0,7.0,58.3,0.167,0.286,,,Newcastle United,against
2024-02-17,12:00,52186,Premier League 23/24,23/24,Matchweek 25,Sat,Away,D,2.0,2.0,Newcastle United,2.0,17.0,5.0,29.4,0.118,0.4,,,Bournemouth,against
2024-02-17,12:00,52186,Premier League 23/24,23/24,Matchweek 25,Sat,Home,L,1.0,2.0,Aston Villa,1.0,12.0,3.0,25.0,0.083,0.333,,,Fulham,against
2024-02-17,12:00,52186,Premier League 23/24,23/24,Matchweek 25,Sat,Away,W,2.0,1.0,Fulham,2.0,15.0,4.0,26.7,0.133,0.5,,,Aston Villa,against
2024-02-17,12:00,52186,Premier League 23/24,23/24,Matchweek 25,Sat,Home,W,2.0,0.0,West Ham United,2.0,10.0,3.0,30.0,0.2,0.667,,,Nottingham Forest,against
2024-02-17,12:00,52186,Premier League 23/24,23/24,Matchweek 25,Sat,Away,L,0.0,2.0,Nottingham Forest,0.0,19.0,8.0,42.1,0.0,0.0,,,West Ham United,against
2024-02-17,14:30,52186,Premier League 23/24,23/24,Matchweek 25,Sat,Home,D,1.0,1.0,Chelsea,1.0,9.0,6.0,66.7,0.111,0.167,,,Manchester City,against
2024-02-17,14:30,52186,Premier League 23/24,23/24,Matchweek 25,Sat,Away,D,1.0,1.0,Manchester City,1.0,31.0,5.0,16.1,0.032,0.2,,,Chelsea,against
2024-02-18,11:00,52186,Premier League 23/24,23/24,Matchweek 25,Sun,Home,L,0.0,5.0,Brighton,0.0,24.0,10.0,41.7,0.0,0.0,,,Sheffield United,against
2024-02-18,11:00,52186,Premier League 23/24,23/24,Matchweek 25,Sun,Away,W,5.0,0.0,Sheffield United,5.0,6.0,1.0,16.7,0.833,5.0,,,Brighton,against
2024-02-18,13:30,52186,Premier League 23/24,23/24,Matchweek 25,Sun,Home,L,1.0,2.0,Manchester Utd,1.0,21.0,9.0,42.9,0.048,0.111,,,Luton Town,against
2024-02-18,13:30,52186,Premier League 23/24,23/24,Matchweek 25,Sun,Away,W,2.0,1.0,Luton Town,2.0,22.0,4.0,18.2,0.091,0.5,,,Manchester Utd,against
2024-02-19,17:00,52186,Premier League 23/24,23/24,Matchweek 25,Mon,Home,D,1.0,1.0,Crystal Palace,1.0,10.0,4.0,40.0,0.1,0.25,,,Everton,against
2024-02-19,17:00,52186,Premier League 23/24,23/24,Matchweek 25,Mon,Away,D,1.0,1.0,Everton,1.0,19.0,4.0,21.1,0.053,0.25,,,Crystal Palace,against
2024-02-20,16:30,52186,Premier League 23/24,23/24,Matchweek 18,Tue,Home,W,1.0,0.0,Brentford,1.0,6.0,2.0,33.3,0.167,0.5,,,Manchester City,against
2024-02-20,16:30,52186,Premier League 23/24,23/24,Matchweek 18,Tue,Away,L,0.0,1.0,Manchester City,0.0,25.0,11.0,44.0,0.0,0.0,,,Brentford,against
2024-02-21,16:30,52186,Premier League 23/24,23/24,Matchweek 26,Wed,Home,W,4.0,1.0,Luton Town,4.0,12.0,3.0,25.0,0.333,1.333,,,Liverpool,against
2024-02-21,16:30,52186,Premier League 23/24,23/24,Matchweek 26,Wed,Away,L,1.0,4.0,Liverpool,1.0,29.0,13.0,44.8,0.034,0.077,,,Luton Town,against
2024-02-24,12:00,52186,Premier League 23/24,23/24,Matchweek 26,Sat,Home,L,1.0,2.0,Fulham,1.0,17.0,5.0,29.4,0.059,0.2,,,Manchester Utd,against
2024-02-24,12:00,52186,Premier League 23/24,23/24,Matchweek 26,Sat,Away,W,2.0,1.0,Manchester Utd,2.0,21.0,9.0,42.9,0.095,0.222,,,Fulham,against
2024-02-24,12:00,52186,Premier League 23/24,23/24,Matchweek 26,Sat,Home,W,4.0,2.0,Nottingham Forest,4.0,10.0,3.0,30.0,0.4,1.333,,,Aston Villa,against
2024-02-24,12:00,52186,Premier League 23/24,23/24,Matchweek 26,Sat,Away,L,2.0,4.0,Aston Villa,2.0,16.0,6.0,37.5,0.125,0.333,,,Nottingham Forest,against
2024-02-24,12:00,52186,Premier League 23/24,23/24,Matchweek 26,Sat,Home,D,1.0,1.0,Everton,1.0,6.0,3.0,50.0,0.167,0.333,,,Brighton,against
2024-02-24,12:00,52186,Premier League 23/24,23/24,Matchweek 26,Sat,Away,D,1.0,1.0,Brighton,1.0,23.0,7.0,30.4,0.043,0.143,,,Everton,against
2024-02-24,12:00,52186,Premier League 23/24,23/24,Matchweek 26,Sat,Home,W,3.0,0.0,Burnley,3.0,2.0,0.0,0.0,1.5,,,,Crystal Palace,against
2024-02-24,12:00,52186,Premier League 23/24,23/24,Matchweek 26,Sat,Away,L,0.0,3.0,Crystal Palace,0.0,15.0,6.0,40.0,0.0,0.0,,,Burnley,against
2024-02-24,14:30,52186,Premier League 23/24,23/24,Matchweek 26,Sat,Home,L,0.0,1.0,Manchester City,0.0,15.0,6.0,40.0,0.0,0.0,,,Bournemouth,against
2024-02-24,14:30,52186,Premier League 23/24,23/24,Matchweek 26,Sat,Away,W,1.0,0.0,Bournemouth,1.0,13.0,4.0,30.8,0.077,0.25,,,Manchester City,against
2024-02-24,17:00,52186,Premier League 23/24,23/24,Matchweek 26,Sat,Home,W,4.0,1.0,Newcastle United,4.0,3.0,2.0,66.7,1.333,2.0,,,Arsenal,against
2024-02-24,17:00,52186,Premier League 23/24,23/24,Matchweek 26,Sat,Away,L,1.0,4.0,Arsenal,1.0,18.0,8.0,44.4,0.056,0.125,,,Newcastle United,against
2024-02-25,10:30,52186,Premier League 23/24,23/24,Matchweek 26,Sun,Home,W,1.0,0.0,Sheffield United,1.0,12.0,4.0,33.3,0.083,0.25,,,Wolves,against
2024-02-25,10:30,52186,Premier League 23/24,23/24,Matchweek 26,Sun,Away,L,0.0,1.0,Wolves,0.0,13.0,2.0,15.4,0.0,0.0,,,Sheffield United,against
2024-02-26,17:00,52186,Premier League 23/24,23/24,Matchweek 26,Mon,Home,W,4.0,2.0,Brentford,4.0,14.0,8.0,57.1,0.286,0.5,,,West Ham United,against
2024-02-26,17:00,52186,Premier League 23/24,23/24,Matchweek 26,Mon,Away,L,2.0,4.0,West Ham United,2.0,17.0,6.0,35.3,0.118,0.333,,,Brentford,against
2024-03-02,12:00,52186,Premier League 23/24,23/24,Matchweek 27,Sat,Home,L,0.0,1.0,Liverpool,0.0,22.0,2.0,9.1,0.0,0.0,,,Nottingham Forest,against
2024-03-02,12:00,52186,Premier League 23/24,23/24,Matchweek 27,Sat,Away,W,1.0,0.0,Nottingham Forest,1.0,8.0,2.0,25.0,0.125,0.5,,,Liverpool,against
2024-03-02,12:00,52186,Premier League 23/24,23/24,Matchweek 27,Sat,Home,D,2.0,2.0,Chelsea,2.0,17.0,6.0,35.3,0.118,0.333,,,Brentford,against
2024-03-02,12:00,52186,Premier League 23/24,23/24,Matchweek 27,Sat,Away,D,2.0,2.0,Brentford,2.0,14.0,5.0,35.7,0.143,0.4,,,Chelsea,against
2024-03-02,12:00,52186,Premier League 23/24,23/24,Matchweek 27,Sat,Home,W,3.0,1.0,Crystal Palace,3.0,4.0,1.0,25.0,0.75,3.0,,,Tottenham Hotspur,against
2024-03-02,12:00,52186,Premier League 23/24,23/24,Matchweek 27,Sat,Away,L,1.0,3.0,Tottenham Hotspur,1.0,14.0,6.0,42.9,0.071,0.167,,,Crystal Palace,against
2024-03-02,12:00,52186,Premier League 23/24,23/24,Matchweek 27,Sat,Home,W,3.0,0.0,Wolves,3.0,12.0,3.0,25.0,0.25,1.0,,,Newcastle United,against
2024-03-02,12:00,52186,Premier League 23/24,23/24,Matchweek 27,Sat,Away,L,0.0,3.0,Newcastle United,0.0,14.0,7.0,50.0,0.0,0.0,,,Wolves,against
2024-03-02,12:00,52186,Premier League 23/24,23/24,Matchweek 27,Sat,Home,L,1.0,3.0,West Ham United,1.0,12.0,5.0,41.7,0.083,0.2,,,Everton,against
2024-03-02,12:00,52186,Premier League 23/24,23/24,Matchweek 27,Sat,Away,W,3.0,1.0,Everton,3.0,22.0,11.0,50.0,0.136,0.273,,,West Ham United,against
2024-03-02,12:00,52186,Premier League 23/24,23/24,Matchweek 27,Sat,Home,W,3.0,0.0,Brighton,3.0,15.0,5.0,33.3,0.2,0.6,,,Fulham,against
2024-03-02,12:00,52186,Premier League 23/24,23/24,Matchweek 27,Sat,Away,L,0.0,3.0,Fulham,0.0,12.0,5.0,41.7,0.0,0.0,,,Brighton,against
2024-03-02,14:30,52186,Premier League 23/24,23/24,Matchweek 27,Sat,Home,L,2.0,3.0,Aston Villa,2.0,12.0,8.0,66.7,0.167,0.25,,,Luton Town,against
2024-03-02,14:30,52186,Premier League 23/24,23/24,Matchweek 27,Sat,Away,W,3.0,2.0,Luton Town,3.0,14.0,5.0,35.7,0.214,0.6,,,Aston Villa,against
2024-03-03,10:00,52186,Premier League 23/24,23/24,Matchweek 27,Sun,Home,L,0.0,2.0,Bournemouth,0.0,10.0,3.0,30.0,0.0,0.0,,,Burnley,against
2024-03-03,10:00,52186,Premier League 23/24,23/24,Matchweek 27,Sun,Away,W,2.0,0.0,Burnley,2.0,20.0,6.0,30.0,0.1,0.333,,,Bournemouth,against
2024-03-03,12:30,52186,Premier League 23/24,23/24,Matchweek 27,Sun,Home,W,3.0,1.0,Manchester Utd,3.0,3.0,1.0,33.3,1.0,3.0,,,Manchester City,against
2024-03-03,12:30,52186,Premier League 23/24,23/24,Matchweek 27,Sun,Away,L,1.0,3.0,Manchester City,1.0,27.0,8.0,29.6,0.037,0.125,,,Manchester Utd,against
2024-03-04,17:00,52186,Premier League 23/24,23/24,Matchweek 27,Mon,Home,L,0.0,6.0,Arsenal,0.0,22.0,10.0,45.5,0.0,0.0,,,Sheffield United,against
2024-03-04,17:00,52186,Premier League 23/24,23/24,Matchweek 27,Mon,Away,W,6.0,0.0,Sheffield United,6.0,4.0,0.0,0.0,1.5,,,,Arsenal,against
2024-03-09,09:30,52186,Premier League 23/24,23/24,Matchweek 28,Sat,Home,W,2.0,0.0,Everton,2.0,23.0,6.0,26.1,0.087,0.333,,,Manchester Utd,against
2024-03-09,09:30,52186,Premier League 23/24,23/24,Matchweek 28,Sat,Away,L,0.0,2.0,Manchester Utd,0.0,15.0,8.0,53.3,0.0,0.0,,,Everton,against
2024-03-09,12:00,52186,Premier League 23/24,23/24,Matchweek 28,Sat,Home,W,2.0,1.0,Fulham,2.0,23.0,7.0,30.4,0.087,0.286,,,Wolves,against
2024-03-09,12:00,52186,Premier League 23/24,23/24,Matchweek 28,Sat,Away,L,1.0,2.0,Wolves,1.0,8.0,3.0,37.5,0.125,0.333,,,Fulham,against
2024-03-09,12:00,52186,Premier League 23/24,23/24,Matchweek 28,Sat,Home,D,1.0,1.0,Luton Town,1.0,8.0,2.0,25.0,0.125,0.5,,,Crystal Palace,against
2024-03-09,12:00,52186,Premier League 23/24,23/24,Matchweek 28,Sat,Away,D,1.0,1.0,Crystal Palace,1.0,21.0,4.0,19.0,0.048,0.25,,,Luton Town,against
2024-03-09,12:00,52186,Premier League 23/24,23/24,Matchweek 28,Sat,Home,D,2.0,2.0,Sheffield United,2.0,13.0,9.0,69.2,0.154,0.222,,,Bournemouth,against
2024-03-09,12:00,52186,Premier League 23/24,23/24,Matchweek 28,Sat,Away,D,2.0,2.0,Bournemouth,2.0,32.0,12.0,37.5,0.062,0.167,,,Sheffield United,against
2024-03-09,14:30,52186,Premier League 23/24,23/24,Matchweek 28,Sat,Home,W,2.0,1.0,Brentford,2.0,9.0,4.0,44.4,0.222,0.5,,,Arsenal,against
2024-03-09,14:30,52186,Premier League 23/24,23/24,Matchweek 28,Sat,Away,L,1.0,2.0,Arsenal,1.0,17.0,6.0,35.3,0.059,0.167,,,Brentford,against
2024-03-10,10:00,52186,Premier League 23/24,23/24,Matchweek 28,Sun,Home,L,0.0,4.0,Tottenham Hotspur,0.0,9.0,5.0,55.6,0.0,0.0,,,Aston Villa,against
2024-03-10,10:00,52186,Premier League 23/24,23/24,Matchweek 28,Sun,Away,W,4.0,0.0,Aston Villa,4.0,10.0,1.0,10.0,0.4,4.0,,,Tottenham Hotspur,against
2024-03-10,11:00,52186,Premier League 23/24,23/24,Matchweek 28,Sun,Home,D,2.0,2.0,Burnley,2.0,11.0,4.0,36.4,0.182,0.5,,,West Ham United,against
2024-03-10,11:00,52186,Premier League 23/24,23/24,Matchweek 28,Sun,Away,D,2.0,2.0,West Ham United,2.0,22.0,4.0,18.2,0.091,0.5,,,Burnley,against
2024-03-10,11:00,52186,Premier League 23/24,23/24,Matchweek 28,Sun,Home,W,1.0,0.0,Nottingham Forest,1.0,9.0,4.0,44.4,0.111,0.25,,,Brighton,against
2024-03-10,11:00,52186,Premier League 23/24,23/24,Matchweek 28,Sun,Away,L,0.0,1.0,Brighton,0.0,10.0,3.0,30.0,0.0,0.0,,,Nottingham Forest,against
2024-03-10,12:45,52186,Premier League 23/24,23/24,Matchweek 28,Sun,Home,D,1.0,1.0,Manchester City,1.0,10.0,6.0,60.0,0.1,0.167,,,Liverpool,against
2024-03-10,12:45,52186,Premier League 23/24,23/24,Matchweek 28,Sun,Away,D,1.0,1.0,Liverpool,1.0,19.0,6.0,31.6,0.053,0.167,,,Manchester City,against
2024-03-11,17:00,52186,Premier League 23/24,23/24,Matchweek 28,Mon,Home,W,3.0,2.0,Newcastle United,3.0,11.0,3.0,27.3,0.273,1.0,,,Chelsea,against
2024-03-11,17:00,52186,Premier League 23/24,23/24,Matchweek 28,Mon,Away,L,2.0,3.0,Chelsea,2.0,12.0,8.0,66.7,0.167,0.25,,,Newcastle United,against
2024-03-13,16:30,52186,Premier League 23/24,23/24,Matchweek 17,Wed,Home,W,4.0,3.0,Luton Town,4.0,8.0,4.0,50.0,0.5,1.0,,,Bournemouth,against
2024-03-13,16:30,52186,Premier League 23/24,23/24,Matchweek 17,Wed,Away,L,3.0,4.0,Bournemouth,3.0,24.0,10.0,41.7,0.125,0.3,,,Luton Town,against
2024-03-16,12:00,52186,Premier League 23/24,23/24,Matchweek 29,Sat,Home,W,2.0,1.0,Brentford,2.0,9.0,5.0,55.6,0.222,0.4,,,Burnley,against
2024-03-16,12:00,52186,Premier League 23/24,23/24,Matchweek 29,Sat,Away,L,1.0,2.0,Burnley,1.0,17.0,6.0,35.3,0.059,0.167,,,Brentford,against
2024-03-16,12:00,52186,Premier League 23/24,23/24,Matchweek 29,Sat,Home,D,1.0,1.0,Nottingham Forest,1.0,16.0,6.0,37.5,0.062,0.167,,,Luton Town,against
2024-03-16,12:00,52186,Premier League 23/24,23/24,Matchweek 29,Sat,Away,D,1.0,1.0,Luton Town,1.0,10.0,4.0,40.0,0.1,0.25,,,Nottingham Forest,against
2024-03-16,14:30,52186,Premier League 23/24,23/24,Matchweek 29,Sat,Home,W,3.0,0.0,Tottenham Hotspur,3.0,14.0,5.0,35.7,0.214,0.6,,,Fulham,against
2024-03-16,14:30,52186,Premier League 23/24,23/24,Matchweek 29,Sat,Away,L,0.0,3.0,Fulham,0.0,16.0,7.0,43.8,0.0,0.0,,,Tottenham Hotspur,against
2024-03-17,11:00,52186,Premier League 23/24,23/24,Matchweek 29,Sun,Home,D,1.0,1.0,Aston Villa,1.0,13.0,5.0,38.5,0.077,0.2,,,West Ham United,against
2024-03-17,11:00,52186,Premier League 23/24,23/24,Matchweek 29,Sun,Away,D,1.0,1.0,West Ham United,1.0,13.0,5.0,38.5,0.077,0.2,,,Aston Villa,against
2024-03-30,09:30,52186,Premier League 23/24,23/24,Matchweek 30,Sat,Home,W,4.0,3.0,West Ham United,4.0,10.0,4.0,40.0,0.4,1.0,,,Newcastle United,against
2024-03-30,09:30,52186,Premier League 23/24,23/24,Matchweek 30,Sat,Away,L,3.0,4.0,Newcastle United,3.0,24.0,9.0,37.5,0.125,0.333,,,West Ham United,against
2024-03-30,12:00,52186,Premier League 23/24,23/24,Matchweek 30,Sat,Home,D,2.0,2.0,Burnley,2.0,18.0,7.0,38.9,0.111,0.286,,,Chelsea,against
2024-03-30,12:00,52186,Premier League 23/24,23/24,Matchweek 30,Sat,Away,D,2.0,2.0,Chelsea,2.0,33.0,13.0,39.4,0.061,0.154,,,Burnley,against
2024-03-30,12:00,52186,Premier League 23/24,23/24,Matchweek 30,Sat,Home,W,2.0,1.0,Luton Town,2.0,7.0,3.0,42.9,0.286,0.667,,,Tottenham Hotspur,against
2024-03-30,12:00,52186,Premier League 23/24,23/24,Matchweek 30,Sat,Away,L,1.0,2.0,Tottenham Hotspur,1.0,17.0,4.0,23.5,0.059,0.25,,,Luton Town,against
2024-03-30,12:00,52186,Premier League 23/24,23/24,Matchweek 30,Sat,Home,W,2.0,1.0,Everton,2.0,7.0,3.0,42.9,0.286,0.667,,,Bournemouth,against
2024-03-30,12:00,52186,Premier League 23/24,23/24,Matchweek 30,Sat,Away,L,1.0,2.0,Bournemouth,1.0,11.0,4.0,36.4,0.091,0.25,,,Everton,against
2024-03-30,12:00,52186,Premier League 23/24,23/24,Matchweek 30,Sat,Home,D,3.0,3.0,Fulham,3.0,24.0,9.0,37.5,0.125,0.333,,,Sheffield United,against
2024-03-30,12:00,52186,Premier League 23/24,23/24,Matchweek 30,Sat,Away,D,3.0,3.0,Sheffield United,3.0,8.0,4.0,50.0,0.375,0.75,,,Fulham,against
2024-03-30,12:00,52186,Premier League 23/24,23/24,Matchweek 30,Sat,Home,D,1.0,1.0,Crystal Palace,1.0,10.0,3.0,30.0,0.1,0.333,,,Nottingham Forest,against
2024-03-30,12:00,52186,Premier League 23/24,23/24,Matchweek 30,Sat,Away,D,1.0,1.0,Nottingham Forest,1.0,12.0,5.0,41.7,0.083,0.2,,,Crystal Palace,against
2024-03-30,14:30,52186,Premier League 23/24,23/24,Matchweek 30,Sat,Home,W,2.0,0.0,Wolves,2.0,13.0,3.0,23.1,0.154,0.667,,,Aston Villa,against
2024-03-30,14:30,52186,Premier League 23/24,23/24,Matchweek 30,Sat,Away,L,0.0,2.0,Aston Villa,0.0,11.0,5.0,45.5,0.0,0.0,,,Wolves,against
2024-03-30,17:00,52186,Premier League 23/24,23/24,Matchweek 30,Sat,Home,D,1.0,1.0,Manchester Utd,1.0,11.0,5.0,45.5,0.091,0.2,,,Brentford,against
2024-03-30,17:00,52186,Premier League 23/24,23/24,Matchweek 30,Sat,Away,D,1.0,1.0,Brentford,1.0,31.0,5.0,16.1,0.032,0.2,,,Manchester Utd,against
2024-03-31,10:00,52186,Premier League 23/24,23/24,Matchweek 30,Sun,Home,W,2.0,1.0,Brighton,2.0,9.0,3.0,33.3,0.222,0.667,,,Liverpool,against
2024-03-31,10:00,52186,Premier League 23/24,23/24,Matchweek 30,Sun,Away,L,1.0,2.0,Liverpool,1.0,30.0,8.0,26.7,0.033,0.125,,,Brighton,against
2024-03-31,12:30,52186,Premier League 23/24,23/24,Matchweek 30,Sun,Home,D,0.0,0.0,Arsenal,0.0,6.0,2.0,33.3,0.0,0.0,,,Manchester City,against
2024-03-31,12:30,52186,Premier League 23/24,23/24,Matchweek 30,Sun,Away,D,0.0,0.0,Manchester City,0.0,12.0,1.0,8.3,0.0,0.0,,,Arsenal,against
2024-04-02,15:30,52186,Premier League 23/24,23/24,Matchweek 31,Tue,Home,D,1.0,1.0,Everton,1.0,10.0,3.0,30.0,0.1,0.333,,,Newcastle United,against
2024-04-02,15:30,52186,Premier League 23/24,23/24,Matchweek 31,Tue,Away,D,1.0,1.0,Newcastle United,1.0,18.0,6.0,33.3,0.056,0.167,,,Everton,against
2024-04-02,15:30,52186,Premier League 23/24,23/24,Matchweek 31,Tue,Home,W,3.0,1.0,Fulham,3.0,18.0,3.0,16.7,0.167,1.0,,,Nottingham Forest,against
2024-04-02,15:30,52186,Premier League 23/24,23/24,Matchweek 31,Tue,Away,L,1.0,3.0,Nottingham Forest,1.0,16.0,4.0,25.0,0.062,0.25,,,Fulham,against
2024-04-02,15:45,52186,Premier League 23/24,23/24,Matchweek 31,Tue,Home,D,1.0,1.0,Wolves,1.0,8.0,2.0,25.0,0.125,0.5,,,Burnley,against
2024-04-02,15:45,52186,Premier League 23/24,23/24,Matchweek 31,Tue,Away,D,1.0,1.0,Burnley,1.0,13.0,6.0,46.2,0.077,0.167,,,Wolves,against
2024-04-02,15:45,52186,Premier League 23/24,23/24,Matchweek 31,Tue,Home,W,1.0,0.0,Crystal Palace,1.0,3.0,2.0,66.7,0.333,0.5,,,Bournemouth,against
2024-04-02,15:45,52186,Premier League 23/24,23/24,Matchweek 31,Tue,Away,L,0.0,1.0,Bournemouth,0.0,11.0,6.0,54.5,0.0,0.0,,,Crystal Palace,against
2024-04-02,16:15,52186,Premier League 23/24,23/24,Matchweek 31,Tue,Home,D,1.0,1.0,Tottenham Hotspur,1.0,13.0,4.0,30.8,0.077,0.25,,,West Ham United,against
2024-04-02,16:15,52186,Premier League 23/24,23/24,Matchweek 31,Tue,Away,D,1.0,1.0,West Ham United,1.0,11.0,4.0,36.4,0.091,0.25,,,Tottenham Hotspur,against
2024-04-03,15:30,52186,Premier League 23/24,23/24,Matchweek 31,Wed,Home,W,2.0,0.0,Luton Town,2.0,5.0,1.0,20.0,0.4,2.0,,,Arsenal,against
2024-04-03,15:30,52186,Premier League 23/24,23/24,Matchweek 31,Wed,Away,L,0.0,2.0,Arsenal,0.0,13.0,4.0,30.8,0.0,0.0,,,Luton Town,against
2024-04-03,15:30,52186,Premier League 23/24,23/24,Matchweek 31,Wed,Home,D,0.0,0.0,Brighton,0.0,24.0,6.0,25.0,0.0,0.0,,,Brentford,against
2024-04-03,15:30,52186,Premier League 23/24,23/24,Matchweek 31,Wed,Away,D,0.0,0.0,Brentford,0.0,5.0,2.0,40.0,0.0,0.0,,,Brighton,against
2024-04-03,16:15,52186,Premier League 23/24,23/24,Matchweek 31,Wed,Home,W,4.0,1.0,Aston Villa,4.0,8.0,3.0,37.5,0.5,1.333,,,Manchester City,against
2024-04-03,16:15,52186,Premier League 23/24,23/24,Matchweek 31,Wed,Away,L,1.0,4.0,Manchester City,1.0,25.0,11.0,44.0,0.04,0.091,,,Aston Villa,against
2024-04-04,15:30,52186,Premier League 23/24,23/24,Matchweek 31,Thu,Home,W,3.0,1.0,Sheffield United,3.0,5.0,3.0,60.0,0.6,1.0,,,Liverpool,against
2024-04-04,15:30,52186,Premier League 23/24,23/24,Matchweek 31,Thu,Away,L,1.0,3.0,Liverpool,1.0,29.0,9.0,31.0,0.034,0.111,,,Sheffield United,against
2024-04-04,16:15,52186,Premier League 23/24,23/24,Matchweek 31,Thu,Home,W,4.0,3.0,Manchester Utd,4.0,19.0,5.0,26.3,0.211,0.8,,,Chelsea,against
2024-04-04,16:15,52186,Premier League 23/24,23/24,Matchweek 31,Thu,Away,L,3.0,4.0,Chelsea,3.0,28.0,10.0,35.7,0.107,0.3,,,Manchester Utd,against
2024-04-06,08:30,52186,Premier League 23/24,23/24,Matchweek 32,Sat,Home,L,2.0,4.0,Manchester City,2.0,18.0,8.0,44.4,0.111,0.25,,,Crystal Palace,against
2024-04-06,08:30,52186,Premier League 23/24,23/24,Matchweek 32,Sat,Away,W,4.0,2.0,Crystal Palace,4.0,7.0,4.0,57.1,0.571,1.0,,,Manchester City,against
2024-04-06,11:00,52186,Premier League 23/24,23/24,Matchweek 32,Sat,Home,L,0.0,1.0,Newcastle United,0.0,12.0,5.0,41.7,0.0,0.0,,,Fulham,against
2024-04-06,11:00,52186,Premier League 23/24,23/24,Matchweek 32,Sat,Away,W,1.0,0.0,Fulham,1.0,14.0,4.0,28.6,0.071,0.25,,,Newcastle United,against
2024-04-06,11:00,52186,Premier League 23/24,23/24,Matchweek 32,Sat,Home,D,3.0,3.0,Brentford,3.0,8.0,3.0,37.5,0.375,1.0,,,Aston Villa,against
2024-04-06,11:00,52186,Premier League 23/24,23/24,Matchweek 32,Sat,Away,D,3.0,3.0,Aston Villa,3.0,11.0,3.0,27.3,0.273,1.0,,,Brentford,against
2024-04-06,11:00,52186,Premier League 23/24,23/24,Matchweek 32,Sat,Home,L,1.0,2.0,West Ham United,1.0,11.0,4.0,36.4,0.091,0.25,,,Wolves,against
2024-04-06,11:00,52186,Premier League 23/24,23/24,Matchweek 32,Sat,Away,W,2.0,1.0,Wolves,2.0,14.0,7.0,50.0,0.143,0.286,,,West Ham United,against
2024-04-06,11:00,52186,Premier League 23/24,23/24,Matchweek 32,Sat,Home,W,1.0,0.0,Burnley,1.0,6.0,1.0,16.7,0.167,1.0,,,Everton,against
2024-04-06,11:00,52186,Premier League 23/24,23/24,Matchweek 32,Sat,Away,L,0.0,1.0,Everton,0.0,12.0,3.0,25.0,0.0,0.0,,,Burnley,against
2024-04-06,11:00,52186,Premier League 23/24,23/24,Matchweek 32,Sat,Home,W,2.0,1.0,Bournemouth,2.0,8.0,1.0,12.5,0.25,2.0,,,Luton Town,against
2024-04-06,11:00,52186,Premier League 23/24,23/24,Matchweek 32,Sat,Away,L,1.0,2.0,Luton Town,1.0,19.0,9.0,47.4,0.053,0.111,,,Bournemouth,against
2024-04-06,13:30,52186,Premier League 23/24,23/24,Matchweek 32,Sat,Home,L,0.0,3.0,Arsenal,0.0,20.0,7.0,35.0,0.0,0.0,,,Brighton,against
2024-04-06,13:30,52186,Premier League 23/24,23/24,Matchweek 32,Sat,Away,W,3.0,0.0,Brighton,3.0,10.0,2.0,20.0,0.3,1.5,,,Arsenal,against
2024-04-07,11:30,52186,Premier League 23/24,23/24,Matchweek 32,Sun,Home,D,2.0,2.0,Liverpool,2.0,28.0,7.0,25.0,0.071,0.286,,,Manchester Utd,against
2024-04-07,11:30,52186,Premier League 23/24,23/24,Matchweek 32,Sun,Away,D,2.0,2.0,Manchester Utd,2.0,9.0,5.0,55.6,0.222,0.4,,,Liverpool,against
2024-04-07,13:30,52186,Premier League 23/24,23/24,Matchweek 32,Sun,Home,D,2.0,2.0,Chelsea,2.0,6.0,3.0,50.0,0.333,0.667,,,Sheffield United,against
2024-04-07,13:30,52186,Premier League 23/24,23/24,Matchweek 32,Sun,Away,D,2.0,2.0,Sheffield United,2.0,11.0,6.0,54.5,0.182,0.333,,,Chelsea,against
2024-04-07,14:00,52186,Premier League 23/24,23/24,Matchweek 32,Sun,Home,W,3.0,1.0,Nottingham Forest,3.0,13.0,6.0,46.2,0.231,0.5,,,Tottenham Hotspur,against
2024-04-07,14:00,52186,Premier League 23/24,23/24,Matchweek 32,Sun,Away,L,1.0,3.0,Tottenham Hotspur,1.0,17.0,7.0,41.2,0.059,0.143,,,Nottingham Forest,against
2024-04-13,08:30,52186,Premier League 23/24,23/24,Matchweek 33,Sat,Home,W,4.0,0.0,Tottenham Hotspur,4.0,11.0,2.0,18.2,0.364,2.0,,,Newcastle United,against
2024-04-13,08:30,52186,Premier League 23/24,23/24,Matchweek 33,Sat,Away,L,0.0,4.0,Newcastle United,0.0,18.0,5.0,27.8,0.0,0.0,,,Tottenham Hotspur,against
2024-04-13,11:00,52186,Premier League 23/24,23/24,Matchweek 33,Sat,Home,W,5.0,1.0,Luton Town,5.0,4.0,2.0,50.0,1.25,2.5,,,Manchester City,against
2024-04-13,11:00,52186,Premier League 23/24,23/24,Matchweek 33,Sat,Away,L,1.0,5.0,Manchester City,1.0,37.0,13.0,35.1,0.027,0.077,,,Luton Town,against
2024-04-13,11:00,52186,Premier League 23/24,23/24,Matchweek 33,Sat,Home,D,1.0,1.0,Brighton,1.0,20.0,8.0,40.0,0.05,0.125,,,Burnley,against
2024-04-13,11:00,52186,Premier League 23/24,23/24,Matchweek 33,Sat,Away,D,1.0,1.0,Burnley,1.0,11.0,3.0,27.3,0.091,0.333,,,Brighton,against
2024-04-13,11:00,52186,Premier League 23/24,23/24,Matchweek 33,Sat,Home,D,2.0,2.0,Wolves,2.0,11.0,4.0,36.4,0.182,0.5,,,Nottingham Forest,against
2024-04-13,11:00,52186,Premier League 23/24,23/24,Matchweek 33,Sat,Away,D,2.0,2.0,Nottingham Forest,2.0,18.0,9.0,50.0,0.111,0.222,,,Wolves,against
2024-04-13,11:00,52186,Premier League 23/24,23/24,Matchweek 33,Sat,Home,W,2.0,0.0,Sheffield United,2.0,8.0,2.0,25.0,0.25,1.0,,,Brentford,against
2024-04-13,11:00,52186,Premier League 23/24,23/24,Matchweek 33,Sat,Away,L,0.0,2.0,Brentford,0.0,9.0,5.0,55.6,0.0,0.0,,,Sheffield United,against
2024-04-13,13:30,52186,Premier League 23/24,23/24,Matchweek 33,Sat,Home,D,2.0,2.0,Manchester Utd,2.0,8.0,2.0,25.0,0.25,1.0,,,Bournemouth,against
2024-04-13,13:30,52186,Premier League 23/24,23/24,Matchweek 33,Sat,Away,D,2.0,2.0,Bournemouth,2.0,20.0,5.0,25.0,0.1,0.4,,,Manchester Utd,against
2024-04-14,10:00,52186,Premier League 23/24,23/24,Matchweek 33,Sun,Home,L,0.0,1.0,Crystal Palace,0.0,8.0,5.0,62.5,0.0,0.0,,,Liverpool,against
2024-04-14,10:00,52186,Premier League 23/24,23/24,Matchweek 33,Sun,Away,W,1.0,0.0,Liverpool,1.0,21.0,6.0,28.6,0.048,0.167,,,Crystal Palace,against
2024-04-14,10:00,52186,Premier League 23/24,23/24,Matchweek 33,Sun,Home,L,0.0,2.0,Fulham,0.0,18.0,10.0,55.6,0.0,0.0,,,West Ham United,against
2024-04-14,10:00,52186,Premier League 23/24,23/24,Matchweek 33,Sun,Away,W,2.0,0.0,West Ham United,2.0,15.0,4.0,26.7,0.133,0.5,,,Fulham,against
2024-04-14,12:30,52186,Premier League 23/24,23/24,Matchweek 33,Sun,Home,L,0.0,2.0,Aston Villa,0.0,11.0,2.0,18.2,0.0,0.0,,,Arsenal,against
2024-04-14,12:30,52186,Premier League 23/24,23/24,Matchweek 33,Sun,Away,W,2.0,0.0,Arsenal,2.0,18.0,4.0,22.2,0.111,0.5,,,Aston Villa,against
2024-04-15,16:00,52186,Premier League 23/24,23/24,Matchweek 33,Mon,Home,W,6.0,0.0,Everton,6.0,10.0,2.0,20.0,0.6,3.0,,,Chelsea,against
2024-04-15,16:00,52186,Premier League 23/24,23/24,Matchweek 33,Mon,Away,L,0.0,6.0,Chelsea,0.0,14.0,10.0,71.4,0.0,0.0,,,Everton,against
2024-04-20,11:00,52186,Premier League 23/24,23/24,Matchweek 34,Sat,Home,L,1.0,5.0,Brentford,1.0,21.0,9.0,42.9,0.048,0.111,,,Luton Town,against
2024-04-20,11:00,52186,Premier League 23/24,23/24,Matchweek 34,Sat,Away,W,5.0,1.0,Luton Town,5.0,6.0,3.0,50.0,0.833,1.667,,,Brentford,against
2024-04-20,11:00,52186,Premier League 23/24,23/24,Matchweek 34,Sat,Home,L,1.0,4.0,Burnley,1.0,16.0,9.0,56.2,0.062,0.111,,,Sheffield United,against
2024-04-20,11:00,52186,Premier League 23/24,23/24,Matchweek 34,Sat,Away,W,4.0,1.0,Sheffield United,4.0,18.0,11.0,61.1,0.222,0.364,,,Burnley,against
2024-04-20,15:30,52186,Premier League 23/24,23/24,Matchweek 34,Sat,Home,L,0.0,2.0,Arsenal,0.0,24.0,9.0,37.5,0.0,0.0,,,Wolves,against
2024-04-20,15:30,52186,Premier League 23/24,23/24,Matchweek 34,Sat,Away,W,2.0,0.0,Wolves,2.0,5.0,3.0,60.0,0.4,0.667,,,Arsenal,against
2024-04-21,09:30,52186,Premier League 23/24,23/24,Matchweek 34,Sun,Home,W,2.0,0.0,Nottingham Forest,2.0,8.0,3.0,37.5,0.25,0.667,,,Everton,against
2024-04-21,09:30,52186,Premier League 23/24,23/24,Matchweek 34,Sun,Away,L,0.0,2.0,Everton,0.0,7.0,4.0,57.1,0.0,0.0,,,Nottingham Forest,against
2024-04-21,11:00,52186,Premier League 23/24,23/24,Matchweek 34,Sun,Home,W,3.0,1.0,Bournemouth,3.0,14.0,6.0,42.9,0.214,0.5,,,Aston Villa,against
2024-04-21,11:00,52186,Premier League 23/24,23/24,Matchweek 34,Sun,Away,L,1.0,3.0,Aston Villa,1.0,15.0,5.0,33.3,0.067,0.2,,,Bournemouth,against
2024-04-21,11:00,52186,Premier League 23/24,23/24,Matchweek 34,Sun,Home,W,5.0,2.0,West Ham United,5.0,4.0,1.0,25.0,1.25,5.0,,,Crystal Palace,against
2024-04-21,11:00,52186,Premier League 23/24,23/24,Matchweek 34,Sun,Away,L,2.0,5.0,Crystal Palace,2.0,18.0,7.0,38.9,0.111,0.286,,,West Ham United,against
2024-04-21,12:30,52186,Premier League 23/24,23/24,Matchweek 34,Sun,Home,L,1.0,3.0,Liverpool,1.0,14.0,7.0,50.0,0.071,0.143,,,Fulham,against
2024-04-21,12:30,52186,Premier League 23/24,23/24,Matchweek 34,Sun,Away,W,3.0,1.0,Fulham,3.0,12.0,5.0,41.7,0.25,0.6,,,Liverpool,against
2024-04-23,16:00,52186,Premier League 23/24,23/24,Matchweek 29,Tue,Home,W,5.0,0.0,Chelsea,5.0,7.0,1.0,14.3,0.714,5.0,,,Arsenal,against
2024-04-23,16:00,52186,Premier League 23/24,23/24,Matchweek 29,Tue,Away,L,0.0,5.0,Arsenal,0.0,27.0,10.0,37.0,0.0,0.0,,,Chelsea,against
2024-04-24,15:45,52186,Premier League 23/24,23/24,Matchweek 29,Wed,Home,L,0.0,1.0,Bournemouth,0.0,21.0,6.0,28.6,0.0,0.0,,,Wolves,against
2024-04-24,15:45,52186,Premier League 23/24,23/24,Matchweek 29,Wed,Away,W,1.0,0.0,Wolves,1.0,15.0,4.0,26.7,0.067,0.25,,,Bournemouth,against
2024-04-24,16:00,52186,Premier League 23/24,23/24,Matchweek 29,Wed,Home,W,2.0,0.0,Liverpool,2.0,23.0,7.0,30.4,0.087,0.286,,,Everton,against
2024-04-24,16:00,52186,Premier League 23/24,23/24,Matchweek 29,Wed,Away,L,0.0,2.0,Everton,0.0,16.0,6.0,37.5,0.0,0.0,,,Liverpool,against
2024-04-24,16:00,52186,Premier League 23/24,23/24,Matchweek 29,Wed,Home,W,4.0,2.0,Sheffield United,4.0,10.0,4.0,40.0,0.4,1.0,,,Manchester Utd,against
2024-04-24,16:00,52186,Premier League 23/24,23/24,Matchweek 29,Wed,Away,L,2.0,4.0,Manchester Utd,2.0,25.0,13.0,52.0,0.08,0.154,,,Sheffield United,against
2024-04-24,16:00,52186,Premier League 23/24,23/24,Matchweek 29,Wed,Home,W,2.0,0.0,Newcastle United,2.0,7.0,2.0,28.6,0.286,1.0,,,Crystal Palace,against
2024-04-24,16:00,52186,Premier League 23/24,23/24,Matchweek 29,Wed,Away,L,0.0,2.0,Crystal Palace,0.0,20.0,7.0,35.0,0.0,0.0,,,Newcastle United,against
2024-04-25,16:00,52186,Premier League 23/24,23/24,Matchweek 29,Thu,Home,L,0.0,4.0,Manchester City,0.0,14.0,6.0,42.9,0.0,0.0,,,Brighton,against
2024-04-25,16:00,52186,Premier League 23/24,23/24,Matchweek 29,Thu,Away,W,4.0,0.0,Brighton,4.0,7.0,3.0,42.9,0.571,1.333,,,Manchester City,against
2024-04-27,08:30,52186,Premier League 23/24,23/24,Matchweek 35,Sat,Home,D,2.0,2.0,Liverpool,2.0,28.0,8.0,28.6,0.071,0.25,,,West Ham United,against
2024-04-27,08:30,52186,Premier League 23/24,23/24,Matchweek 35,Sat,Away,D,2.0,2.0,West Ham United,2.0,11.0,8.0,72.7,0.182,0.25,,,Liverpool,against
2024-04-27,11:00,52186,Premier League 23/24,23/24,Matchweek 35,Sat,Home,D,1.0,1.0,Burnley,1.0,16.0,7.0,43.8,0.062,0.143,,,Manchester Utd,against
2024-04-27,11:00,52186,Premier League 23/24,23/24,Matchweek 35,Sat,Away,D,1.0,1.0,Manchester Utd,1.0,27.0,10.0,37.0,0.037,0.1,,,Burnley,against
2024-04-27,11:00,52186,Premier League 23/24,23/24,Matchweek 35,Sat,Home,W,5.0,1.0,Sheffield United,5.0,15.0,5.0,33.3,0.333,1.0,,,Newcastle United,against
2024-04-27,11:00,52186,Premier League 23/24,23/24,Matchweek 35,Sat,Away,L,1.0,5.0,Newcastle United,1.0,20.0,7.0,35.0,0.05,0.143,,,Sheffield United,against
2024-04-27,11:00,52186,Premier League 23/24,23/24,Matchweek 35,Sat,Home,D,1.0,1.0,Crystal Palace,1.0,14.0,4.0,28.6,0.071,0.25,,,Fulham,against
2024-04-27,11:00,52186,Premier League 23/24,23/24,Matchweek 35,Sat,Away,D,1.0,1.0,Fulham,1.0,9.0,2.0,22.2,0.111,0.5,,,Crystal Palace,against
2024-04-27,11:00,52186,Premier League 23/24,23/24,Matchweek 35,Sat,Home,W,2.0,1.0,Luton Town,2.0,9.0,6.0,66.7,0.222,0.333,,,Wolves,against
2024-04-27,11:00,52186,Premier League 23/24,23/24,Matchweek 35,Sat,Away,L,1.0,2.0,Wolves,1.0,13.0,5.0,38.5,0.077,0.2,,,Luton Town,against
2024-04-27,13:30,52186,Premier League 23/24,23/24,Matchweek 35,Sat,Home,W,1.0,0.0,Brentford,1.0,10.0,4.0,40.0,0.1,0.25,,,Everton,against
2024-04-27,13:30,52186,Premier League 23/24,23/24,Matchweek 35,Sat,Away,L,0.0,1.0,Everton,0.0,18.0,1.0,5.6,0.0,0.0,,,Brentford,against
2024-04-27,16:00,52186,Premier League 23/24,23/24,Matchweek 35,Sat,Home,D,2.0,2.0,Chelsea,2.0,21.0,5.0,23.8,0.095,0.4,,,Aston Villa,against
2024-04-27,16:00,52186,Premier League 23/24,23/24,Matchweek 35,Sat,Away,D,2.0,2.0,Aston Villa,2.0,9.0,4.0,44.4,0.222,0.5,,,Chelsea,against
2024-04-28,10:00,52186,Premier League 23/24,23/24,Matchweek 35,Sun,Home,L,2.0,3.0,Arsenal,2.0,9.0,3.0,33.3,0.222,0.667,,,Tottenham Hotspur,against
2024-04-28,10:00,52186,Premier League 23/24,23/24,Matchweek 35,Sun,Away,W,3.0,2.0,Tottenham Hotspur,3.0,15.0,2.0,13.3,0.2,1.5,,,Arsenal,against
2024-04-28,10:00,52186,Premier League 23/24,23/24,Matchweek 35,Sun,Home,W,3.0,0.0,Brighton,3.0,13.0,1.0,7.7,0.231,3.0,,,Bournemouth,against
2024-04-28,10:00,52186,Premier League 23/24,23/24,Matchweek 35,Sun,Away,L,0.0,3.0,Bournemouth,0.0,15.0,6.0,40.0,0.0,0.0,,,Brighton,against
2024-04-28,12:30,52186,Premier League 23/24,23/24,Matchweek 35,Sun,Home,L,0.0,2.0,Manchester City,0.0,11.0,5.0,45.5,0.0,0.0,,,Nottingham Forest,against
2024-04-28,12:30,52186,Premier League 23/24,23/24,Matchweek 35,Sun,Away,W,2.0,0.0,Nottingham Forest,2.0,14.0,2.0,14.3,0.143,1.0,,,Manchester City,against
2024-05-02,15:30,52186,Premier League 23/24,23/24,Matchweek 26,Thu,Home,W,2.0,0.0,Tottenham Hotspur,2.0,19.0,3.0,15.8,0.105,0.667,,,Chelsea,against
2024-05-02,15:30,52186,Premier League 23/24,23/24,Matchweek 26,Thu,Away,L,0.0,2.0,Chelsea,0.0,16.0,5.0,31.2,0.0,0.0,,,Tottenham Hotspur,against
2024-05-03,16:00,52186,Premier League 23/24,23/24,Matchweek 36,Fri,Home,D,1.0,1.0,Everton,1.0,10.0,3.0,30.0,0.1,0.333,,,Luton Town,against
2024-05-03,16:00,52186,Premier League 23/24,23/24,Matchweek 36,Fri,Away,D,1.0,1.0,Luton Town,1.0,18.0,5.0,27.8,0.056,0.2,,,Everton,against
2024-05-04,08:30,52186,Premier League 23/24,23/24,Matchweek 36,Sat,Home,W,3.0,0.0,Bournemouth,3.0,7.0,2.0,28.6,0.429,1.5,,,Arsenal,against
2024-05-04,08:30,52186,Premier League 23/24,23/24,Matchweek 36,Sat,Away,L,0.0,3.0,Arsenal,0.0,25.0,9.0,36.0,0.0,0.0,,,Bournemouth,against
2024-05-04,11:00,52186,Premier League 23/24,23/24,Matchweek 36,Sat,Home,L,1.0,4.0,Newcastle United,1.0,23.0,11.0,47.8,0.043,0.091,,,Burnley,against
2024-05-04,11:00,52186,Premier League 23/24,23/24,Matchweek 36,Sat,Away,W,4.0,1.0,Burnley,4.0,17.0,5.0,29.4,0.235,0.8,,,Newcastle United,against
2024-05-04,11:00,52186,Premier League 23/24,23/24,Matchweek 36,Sat,Home,D,0.0,0.0,Fulham,0.0,15.0,3.0,20.0,0.0,0.0,,,Brentford,against
2024-05-04,11:00,52186,Premier League 23/24,23/24,Matchweek 36,Sat,Away,D,0.0,0.0,Brentford,0.0,7.0,3.0,42.9,0.0,0.0,,,Fulham,against
2024-05-04,11:00,52186,Premier League 23/24,23/24,Matchweek 36,Sat,Home,L,1.0,3.0,Nottingham Forest,1.0,15.0,4.0,26.7,0.067,0.25,,,Sheffield United,against
2024-05-04,11:00,52186,Premier League 23/24,23/24,Matchweek 36,Sat,Away,W,3.0,1.0,Sheffield United,3.0,17.0,5.0,29.4,0.176,0.6,,,Nottingham Forest,against
2024-05-04,13:30,52186,Premier League 23/24,23/24,Matchweek 36,Sat,Home,W,5.0,1.0,Wolves,5.0,2.0,1.0,50.0,2.5,5.0,,,Manchester City,against
2024-05-04,13:30,52186,Premier League 23/24,23/24,Matchweek 36,Sat,Away,L,1.0,5.0,Manchester City,1.0,20.0,12.0,60.0,0.05,0.083,,,Wolves,against
2024-05-05,10:00,52186,Premier League 23/24,23/24,Matchweek 36,Sun,Home,W,5.0,0.0,West Ham United,5.0,13.0,2.0,15.4,0.385,2.5,,,Chelsea,against
2024-05-05,10:00,52186,Premier League 23/24,23/24,Matchweek 36,Sun,Away,L,0.0,5.0,Chelsea,0.0,25.0,14.0,56.0,0.0,0.0,,,West Ham United,against
2024-05-05,10:00,52186,Premier League 23/24,23/24,Matchweek 36,Sun,Home,W,1.0,0.0,Aston Villa,1.0,2.0,1.0,50.0,0.5,1.0,,,Brighton,against
2024-05-05,10:00,52186,Premier League 23/24,23/24,Matchweek 36,Sun,Away,L,0.0,1.0,Brighton,0.0,15.0,8.0,53.3,0.0,0.0,,,Aston Villa,against
2024-05-05,12:30,52186,Premier League 23/24,23/24,Matchweek 36,Sun,Home,W,4.0,2.0,Tottenham Hotspur,4.0,11.0,6.0,54.5,0.364,0.667,,,Liverpool,against
2024-05-05,12:30,52186,Premier League 23/24,23/24,Matchweek 36,Sun,Away,L,2.0,4.0,Liverpool,2.0,25.0,13.0,52.0,0.08,0.154,,,Tottenham Hotspur,against
2024-05-06,16:00,52186,Premier League 23/24,23/24,Matchweek 36,Mon,Home,W,4.0,0.0,Manchester Utd,4.0,7.0,2.0,28.6,0.571,2.0,,,Crystal Palace,against
2024-05-06,16:00,52186,Premier League 23/24,23/24,Matchweek 36,Mon,Away,L,0.0,4.0,Crystal Palace,0.0,18.0,10.0,55.6,0.0,0.0,,,Manchester Utd,against
2024-05-11,08:30,52186,Premier League 23/24,23/24,Matchweek 37,Sat,Home,L,0.0,4.0,Manchester City,0.0,16.0,9.0,56.2,0.0,0.0,,,Fulham,against
2024-05-11,08:30,52186,Premier League 23/24,23/24,Matchweek 37,Sat,Away,W,4.0,0.0,Fulham,4.0,1.0,1.0,100.0,4.0,4.0,,,Manchester City,against
2024-05-11,11:00,52186,Premier League 23/24,23/24,Matchweek 37,Sat,Home,W,2.0,1.0,Burnley,2.0,7.0,3.0,42.9,0.286,0.667,,,Tottenham Hotspur,against
2024-05-11,11:00,52186,Premier League 23/24,23/24,Matchweek 37,Sat,Away,L,1.0,2.0,Tottenham Hotspur,1.0,21.0,9.0,42.9,0.048,0.111,,,Burnley,against
2024-05-11,11:00,52186,Premier League 23/24,23/24,Matchweek 37,Sat,Home,D,1.0,1.0,Brighton,1.0,15.0,4.0,26.7,0.067,0.25,,,Newcastle United,against
2024-05-11,11:00,52186,Premier League 23/24,23/24,Matchweek 37,Sat,Away,D,1.0,1.0,Newcastle United,1.0,18.0,7.0,38.9,0.056,0.143,,,Brighton,against
2024-05-11,11:00,52186,Premier League 23/24,23/24,Matchweek 37,Sat,Home,W,3.0,1.0,Luton Town,3.0,4.0,1.0,25.0,0.75,3.0,,,West Ham United,against
2024-05-11,11:00,52186,Premier League 23/24,23/24,Matchweek 37,Sat,Away,L,1.0,3.0,West Ham United,1.0,24.0,8.0,33.3,0.042,0.125,,,Luton Town,against
2024-05-11,11:00,52186,Premier League 23/24,23/24,Matchweek 37,Sat,Home,L,1.0,3.0,Crystal Palace,1.0,13.0,3.0,23.1,0.077,0.333,,,Wolves,against
2024-05-11,11:00,52186,Premier League 23/24,23/24,Matchweek 37,Sat,Away,W,3.0,1.0,Wolves,3.0,14.0,8.0,57.1,0.214,0.375,,,Crystal Palace,against
2024-05-11,11:00,52186,Premier League 23/24,23/24,Matchweek 37,Sat,Home,W,1.0,0.0,Sheffield United,1.0,13.0,1.0,7.7,0.077,1.0,,,Everton,against
2024-05-11,11:00,52186,Premier League 23/24,23/24,Matchweek 37,Sat,Away,L,0.0,1.0,Everton,0.0,15.0,6.0,40.0,0.0,0.0,,,Sheffield United,against
2024-05-11,11:00,52186,Premier League 23/24,23/24,Matchweek 37,Sat,Home,L,1.0,2.0,Brentford,1.0,11.0,5.0,45.5,0.091,0.2,,,Bournemouth,against
2024-05-11,11:00,52186,Premier League 23/24,23/24,Matchweek 37,Sat,Away,W,2.0,1.0,Bournemouth,2.0,13.0,4.0,30.8,0.154,0.5,,,Brentford,against
2024-05-11,13:30,52186,Premier League 23/24,23/24,Matchweek 37,Sat,Home,L,2.0,3.0,Chelsea,2.0,12.0,5.0,41.7,0.167,0.4,,,Nottingham Forest,against
2024-05-11,13:30,52186,Premier League 23/24,23/24,Matchweek 37,Sat,Away,W,3.0,2.0,Nottingham Forest,3.0,20.0,4.0,20.0,0.15,0.75,,,Chelsea,against
2024-05-12,12:30,52186,Premier League 23/24,23/24,Matchweek 37,Sun,Home,L,0.0,1.0,Arsenal,0.0,11.0,5.0,45.5,0.0,0.0,,,Manchester Utd,against
2024-05-12,12:30,52186,Premier League 23/24,23/24,Matchweek 37,Sun,Away,W,1.0,0.0,Manchester Utd,1.0,14.0,2.0,14.3,0.071,0.5,,,Arsenal,against
2024-05-13,16:00,52186,Premier League 23/24,23/24,Matchweek 37,Mon,Home,D,3.0,3.0,Liverpool,3.0,14.0,7.0,50.0,0.214,0.429,,,Aston Villa,against
2024-05-13,16:00,52186,Premier League 23/24,23/24,Matchweek 37,Mon,Away,D,3.0,3.0,Aston Villa,3.0,19.0,5.0,26.3,0.158,0.6,,,Liverpool,against
2024-05-14,16:00,52186,Premier League 23/24,23/24,Matchweek 34,Tue,Home,L,0.0,2.0,Manchester City,0.0,8.0,5.0,62.5,0.0,0.0,,,Tottenham Hotspur,against
2024-05-14,16:00,52186,Premier League 23/24,23/24,Matchweek 34,Tue,Away,W,2.0,0.0,Tottenham Hotspur,2.0,10.0,5.0,50.0,0.2,0.4,,,Manchester City,against
2024-05-15,15:45,52186,Premier League 23/24,23/24,Matchweek 34,Wed,Home,L,1.0,2.0,Chelsea,1.0,14.0,6.0,42.9,0.071,0.167,,,Brighton,against
2024-05-15,15:45,52186,Premier League 23/24,23/24,Matchweek 34,Wed,Away,W,2.0,1.0,Brighton,2.0,12.0,2.0,16.7,0.167,1.0,,,Chelsea,against
2024-05-15,16:00,52186,Premier League 23/24,23/24,Matchweek 34,Wed,Home,W,3.0,2.0,Newcastle United,3.0,21.0,8.0,38.1,0.143,0.375,,,Manchester Utd,against
2024-05-15,16:00,52186,Premier League 23/24,23/24,Matchweek 34,Wed,Away,L,2.0,3.0,Manchester Utd,2.0,17.0,8.0,47.1,0.118,0.25,,,Newcastle United,against
2024-05-19,12:00,52186,Premier League 23/24,23/24,Matchweek 38,Sun,Home,W,3.0,1.0,West Ham United,3.0,3.0,2.0,66.7,1.0,1.5,,,Manchester City,against
2024-05-19,12:00,52186,Premier League 23/24,23/24,Matchweek 38,Sun,Away,L,1.0,3.0,Manchester City,1.0,28.0,12.0,42.9,0.036,0.083,,,West Ham United,against
2024-05-19,12:00,52186,Premier League 23/24,23/24,Matchweek 38,Sun,Home,L,0.0,2.0,Manchester Utd,0.0,11.0,4.0,36.4,0.0,0.0,,,Brighton,against
2024-05-19,12:00,52186,Premier League 23/24,23/24,Matchweek 38,Sun,Away,W,2.0,0.0,Brighton,2.0,17.0,3.0,17.6,0.118,0.667,,,Manchester Utd,against
2024-05-19,12:00,52186,Premier League 23/24,23/24,Matchweek 38,Sun,Home,W,2.0,0.0,Wolves,2.0,4.0,3.0,75.0,0.5,0.667,,,Liverpool,against
2024-05-19,12:00,52186,Premier League 23/24,23/24,Matchweek 38,Sun,Away,L,0.0,2.0,Liverpool,0.0,36.0,14.0,38.9,0.0,0.0,,,Wolves,against
2024-05-19,12:00,52186,Premier League 23/24,23/24,Matchweek 38,Sun,Home,W,2.0,1.0,Everton,2.0,5.0,2.0,40.0,0.4,1.0,,,Arsenal,against
2024-05-19,12:00,52186,Premier League 23/24,23/24,Matchweek 38,Sun,Away,L,1.0,2.0,Arsenal,1.0,26.0,5.0,19.2,0.038,0.2,,,Everton,against
2024-05-19,12:00,52186,Premier League 23/24,23/24,Matchweek 38,Sun,Home,W,2.0,1.0,Bournemouth,2.0,22.0,5.0,22.7,0.091,0.4,,,Chelsea,against
2024-05-19,12:00,52186,Premier League 23/24,23/24,Matchweek 38,Sun,Away,L,1.0,2.0,Chelsea,1.0,16.0,6.0,37.5,0.062,0.167,,,Bournemouth,against
2024-05-19,12:00,52186,Premier League 23/24,23/24,Matchweek 38,Sun,Home,L,0.0,3.0,Tottenham Hotspur,0.0,18.0,9.0,50.0,0.0,0.0,,,Sheffield United,against
2024-05-19,12:00,52186,Premier League 23/24,23/24,Matchweek 38,Sun,Away,W,3.0,0.0,Sheffield United,3.0,6.0,1.0,16.7,0.5,3.0,,,Tottenham Hotspur,against
2024-05-19,12:00,52186,Premier League 23/24,23/24,Matchweek 38,Sun,Home,L,2.0,4.0,Newcastle United,2.0,12.0,7.0,58.3,0.167,0.286,,,Brentford,against
2024-05-19,12:00,52186,Premier League 23/24,23/24,Matchweek 38,Sun,Away,W,4.0,2.0,Brentford,4.0,10.0,5.0,50.0,0.4,0.8,,,Newcastle United,against
2024-05-19,12:00,52186,Premier League 23/24,23/24,Matchweek 38,Sun,Home,W,5.0,0.0,Aston Villa,5.0,8.0,2.0,25.0,0.625,2.5,,,Crystal Palace,against
2024-05-19,12:00,52186,Premier League 23/24,23/24,Matchweek 38,Sun,Away,L,0.0,5.0,Crystal Palace,0.0,15.0,9.0,60.0,0.0,0.0,,,Aston Villa,against
2024-05-19,12:00,52186,Premier League 23/24,23/24,Matchweek 38,Sun,Home,L,2.0,4.0,Fulham,2.0,16.0,8.0,50.0,0.125,0.25,,,Luton Town,against
2024-05-19,12:00,52186,Premier League 23/24,23/24,Matchweek 38,Sun,Away,W,4.0,2.0,Luton Town,4.0,15.0,6.0,40.0,0.267,0.667,,,Fulham,against
2024-05-19,12:00,52186,Premier League 23/24,23/24,Matchweek 38,Sun,Home,L,1.0,2.0,Nottingham Forest,1.0,12.0,6.0,50.0,0.083,0.167,,,Burnley,against
2024-05-19,12:00,52186,Premier League 23/24,23/24,Matchweek 38,Sun,Away,W,2.0,1.0,Burnley,2.0,20.0,3.0,15.0,0.1,0.667,,,Nottingham Forest,against
